ISO-10303-21;
HEADER;
FILE_DESCRIPTION (( 'STEP AP214' ),
    '1' );
FILE_NAME ('Fork Tip.STEP',
    '2026-08-05T05:33:16',
    ( '' ),
    ( '' ),
    'SwSTEP 2.0',
    'SolidWorks 2026',
    '' );
FILE_SCHEMA (( 'AUTOMOTIVE_DESIGN' ));
ENDSEC;

DATA;
#1 = EDGE_CURVE ( 'NONE', #1906, #1723, #1782, .T. ) ;
#2 = CARTESIAN_POINT ( 'NONE',  ( -218.8014365775958368, 80.44707277952254287, -6.999999999999999112 ) ) ;
#3 = DIRECTION ( 'NONE',  ( -0.000000000000000000, -0.000000000000000000, -1.000000000000000000 ) ) ;
#4 = ADVANCED_FACE ( 'NONE', ( #1321 ), #685, .F. ) ;
#5 = FACE_BOUND ( 'NONE', #1026, .T. ) ;
#6 = DIRECTION ( 'NONE',  ( -1.000000000000000000, 0.000000000000000000, 0.000000000000000000 ) ) ;
#7 = CIRCLE ( 'NONE', #1390, 6.000000000000005329 ) ;
#8 = CARTESIAN_POINT ( 'NONE',  ( -256.6652237577657161, 66.76218641072877347, 16.44264068711929738 ) ) ;
#9 = ORIENTED_EDGE ( 'NONE', *, *, #119, .T. ) ;
#10 = ORIENTED_EDGE ( 'NONE', *, *, #1461, .F. ) ;
#11 = LINE ( 'NONE', #135, #1910 ) ;
#12 = DIRECTION ( 'NONE',  ( 0.000000000000000000, 0.000000000000000000, -1.000000000000000000 ) ) ;
#13 = LINE ( 'NONE', #567, #752 ) ;
#14 = DIRECTION ( 'NONE',  ( 0.8191520442889920206, 0.5735764363510459374, 0.000000000000000000 ) ) ;
#15 = EDGE_CURVE ( 'NONE', #340, #1381, #210, .T. ) ;
#16 = CARTESIAN_POINT ( 'NONE',  ( -204.2172758322269033, 90.46135583687762960, -5.421264733120767509 ) ) ;
#17 = ORIENTED_EDGE ( 'NONE', *, *, #606, .F. ) ;
#18 = AXIS2_PLACEMENT_3D ( 'NONE', #120, #1349, #1198 ) ;
#19 = ORIENTED_EDGE ( 'NONE', *, *, #681, .F. ) ;
#20 = DIRECTION ( 'NONE',  ( 0.000000000000000000, 0.000000000000000000, 1.000000000000000000 ) ) ;
#21 = CARTESIAN_POINT ( 'NONE',  ( -250.2260125394631416, 66.76218641072877347, -5.484910120552789259 ) ) ;
#22 = CARTESIAN_POINT ( 'NONE',  ( -215.6979243689439727, 85.97781113781914542, 18.19999999999999574 ) ) ;
#23 = CARTESIAN_POINT ( 'NONE',  ( -239.6591127997854187, 70.18457277952254003, 93.63381329295297917 ) ) ;
#24 = EDGE_CURVE ( 'NONE', #764, #839, #1094, .T. ) ;
#25 = DIRECTION ( 'NONE',  ( 0.9396926207859082059, 0.3420201433256691570, 0.000000000000000000 ) ) ;
#26 = ORIENTED_EDGE ( 'NONE', *, *, #1091, .T. ) ;
#27 = EDGE_CURVE ( 'NONE', #1586, #37, #1938, .T. ) ;
#28 = EDGE_LOOP ( 'NONE', ( #70, #1633, #73, #179 ) ) ;
#29 = CARTESIAN_POINT ( 'NONE',  ( -253.4430377372078453, 66.76218641072877347, 12.20000000000000284 ) ) ;
#30 = ORIENTED_EDGE ( 'NONE', *, *, #1846, .T. ) ;
#31 = AXIS2_PLACEMENT_3D ( 'NONE', #1935, #1585, #978 ) ;
#32 = DIRECTION ( 'NONE',  ( -1.000000000000000000, 0.000000000000000000, 0.000000000000000000 ) ) ;
#33 = ORIENTED_EDGE ( 'NONE', *, *, #633, .T. ) ;
#34 = DIRECTION ( 'NONE',  ( 1.000000000000000000, 0.000000000000000000, 0.000000000000000000 ) ) ;
#35 = DIRECTION ( 'NONE',  ( -0.9396926207859082059, -0.3420201433256691570, 0.000000000000000000 ) ) ;
#36 = UNCERTAINTY_MEASURE_WITH_UNIT (LENGTH_MEASURE( 1.000000000000000082E-05 ), #1809, 'distance_accuracy_value', 'NONE');
#37 = VERTEX_POINT ( 'NONE', #571 ) ;
#38 = AXIS2_PLACEMENT_3D ( 'NONE', #1762, #656, #1752 ) ;
#39 = ORIENTED_EDGE ( 'NONE', *, *, #1073, .T. ) ;
#40 = CARTESIAN_POINT ( 'NONE',  ( -211.8014365775958368, 80.44707277952254287, -6.999999999999999112 ) ) ;
#41 = VERTEX_POINT ( 'NONE', #1815 ) ;
#42 = ADVANCED_FACE ( 'NONE', ( #431 ), #1201, .F. ) ;
#43 = AXIS2_PLACEMENT_3D ( 'NONE', #1776, #1483, #1034 ) ;
#44 = DIRECTION ( 'NONE',  ( 0.000000000000000000, 0.000000000000000000, -1.000000000000000000 ) ) ;
#45 = ORIENTED_EDGE ( 'NONE', *, *, #1550, .T. ) ;
#46 = CARTESIAN_POINT ( 'NONE',  ( -206.9989365775958277, 80.44707277952254287, -1.000000000000000888 ) ) ;
#47 = LINE ( 'NONE', #1626, #523 ) ;
#48 = DIRECTION ( 'NONE',  ( 1.000000000000000000, 0.000000000000000000, 0.000000000000000000 ) ) ;
#49 = ORIENTED_EDGE ( 'NONE', *, *, #202, .T. ) ;
#50 = ORIENTED_EDGE ( 'NONE', *, *, #1160, .F. ) ;
#51 = DIRECTION ( 'NONE',  ( 0.000000000000000000, 0.000000000000000000, -1.000000000000000000 ) ) ;
#52 = ORIENTED_EDGE ( 'NONE', *, *, #655, .T. ) ;
#53 = CIRCLE ( 'NONE', #82, 10.00000000000000888 ) ;
#54 = VECTOR ( 'NONE', #99, 1000.000000000000000 ) ;
#55 = EDGE_CURVE ( 'NONE', #739, #289, #314, .T. ) ;
#56 = VECTOR ( 'NONE', #1668, 1000.000000000000000 ) ;
#57 = LINE ( 'NONE', #1939, #878 ) ;
#58 = VERTEX_POINT ( 'NONE', #583 ) ;
#59 = CYLINDRICAL_SURFACE ( 'NONE', #826, 1.500000000000004663 ) ;
#60 = DIRECTION ( 'NONE',  ( 0.000000000000000000, 0.000000000000000000, -1.000000000000000000 ) ) ;
#61 = CYLINDRICAL_SURFACE ( 'NONE', #31, 6.000000000000005329 ) ;
#62 = ORIENTED_EDGE ( 'NONE', *, *, #633, .F. ) ;
#63 = DIRECTION ( 'NONE',  ( 0.000000000000000000, 0.000000000000000000, -1.000000000000000000 ) ) ;
#64 = AXIS2_PLACEMENT_3D ( 'NONE', #1607, #660, #1452 ) ;
#65 = CARTESIAN_POINT ( 'NONE',  ( -200.4585053490832820, 89.09327526357493809, 93.63381329295297917 ) ) ;
#66 = EDGE_CURVE ( 'NONE', #1757, #1982, #1211, .T. ) ;
#67 = ORIENTED_EDGE ( 'NONE', *, *, #1298, .F. ) ;
#68 = ADVANCED_FACE ( 'NONE', ( #288 ), #1842, .F. ) ;
#69 = PLANE ( 'NONE',  #512 ) ;
#70 = ORIENTED_EDGE ( 'NONE', *, *, #1151, .F. ) ;
#71 = ORIENTED_EDGE ( 'NONE', *, *, #1669, .T. ) ;
#72 = LINE ( 'NONE', #975, #1217 ) ;
#73 = ORIENTED_EDGE ( 'NONE', *, *, #1836, .T. ) ;
#74 = DIRECTION ( 'NONE',  ( 0.8191520442889911324, 0.5735764363510470476, 0.000000000000000000 ) ) ;
#75 = CARTESIAN_POINT ( 'NONE',  ( -204.2172758322269033, 90.46135583687762960, -1.000000000000000888 ) ) ;
#76 = ADVANCED_FACE ( 'NONE', ( #1852, #755 ), #1978, .F. ) ;
#77 = ORIENTED_EDGE ( 'NONE', *, *, #1888, .F. ) ;
#78 = ORIENTED_EDGE ( 'NONE', *, *, #894, .T. ) ;
#79 = ORIENTED_EDGE ( 'NONE', *, *, #880, .F. ) ;
#80 = DIRECTION ( 'NONE',  ( 0.008726535498382287370, -0.9999619230641711987, 0.000000000000000000 ) ) ;
#81 = VECTOR ( 'NONE', #1902, 1000.000000000000114 ) ;
#82 = AXIS2_PLACEMENT_3D ( 'NONE', #1569, #797, #1750 ) ;
#83 = VERTEX_POINT ( 'NONE', #1833 ) ;
#84 = CARTESIAN_POINT ( 'NONE',  ( -219.1393829870502259, 90.89272340355309154, 9.714718625761411985 ) ) ;
#85 = CYLINDRICAL_SURFACE ( 'NONE', #1864, 10.00000000000000888 ) ;
#86 = AXIS2_PLACEMENT_3D ( 'NONE', #524, #820, #1571 ) ;
#87 = FACE_OUTER_BOUND ( 'NONE', #1112, .T. ) ;
#88 = DIRECTION ( 'NONE',  ( -0.000000000000000000, 0.000000000000000000, 1.000000000000000000 ) ) ;
#89 = ORIENTED_EDGE ( 'NONE', *, *, #1584, .T. ) ;
#90 = EDGE_CURVE ( 'NONE', #1703, #1130, #1368, .T. ) ;
#91 = ORIENTED_EDGE ( 'NONE', *, *, #421, .T. ) ;
#92 = ORIENTED_EDGE ( 'NONE', *, *, #421, .F. ) ;
#93 = AXIS2_PLACEMENT_3D ( 'NONE', #610, #1893, #176 ) ;
#94 = DIRECTION ( 'NONE',  ( 0.3420201433256738199, 0.9396926207859064295, 0.000000000000000000 ) ) ;
#95 = ORIENTED_EDGE ( 'NONE', *, *, #434, .F. ) ;
#96 = FACE_BOUND ( 'NONE', #1493, .T. ) ;
#97 = VECTOR ( 'NONE', #287, 1000.000000000000000 ) ;
#98 = SHAPE_DEFINITION_REPRESENTATION ( #812, #735 ) ;
#99 = DIRECTION ( 'NONE',  ( 0.000000000000000000, 0.000000000000000000, -1.000000000000000000 ) ) ;
#100 = CARTESIAN_POINT ( 'NONE',  ( -249.0620420686955754, 66.76218641072877347, 93.63381329295297917 ) ) ;
#101 = VERTEX_POINT ( 'NONE', #906 ) ;
#102 = LINE ( 'NONE', #726, #1950 ) ;
#103 = ORIENTED_EDGE ( 'NONE', *, *, #1871, .F. ) ;
#104 = FACE_OUTER_BOUND ( 'NONE', #170, .T. ) ;
#105 = EDGE_CURVE ( 'NONE', #1291, #1310, #1885, .T. ) ;
#106 = CONICAL_SURFACE ( 'NONE', #780, 7.000000000000006217, 0.7853981633974520538 ) ;
#107 = EDGE_LOOP ( 'NONE', ( #2000, #1733, #366, #756, #1466, #712, #219, #1774, #496, #1292 ) ) ;
#108 = CARTESIAN_POINT ( 'NONE',  ( -215.6979243689439727, 85.97781113781914542, 2.985281374238577090 ) ) ;
#109 = CARTESIAN_POINT ( 'NONE',  ( -250.8278675437762217, 66.76218641072877347, 13.70000000000000462 ) ) ;
#110 = DIRECTION ( 'NONE',  ( 0.000000000000000000, 0.000000000000000000, -1.000000000000000000 ) ) ;
#111 = VERTEX_POINT ( 'NONE', #440 ) ;
#112 = DIRECTION ( 'NONE',  ( -1.000000000000000000, 0.000000000000000000, 0.000000000000000000 ) ) ;
#113 = EDGE_CURVE ( 'NONE', #235, #1156, #284, .T. ) ;
#114 = EDGE_LOOP ( 'NONE', ( #1132, #1742 ) ) ;
#115 = CARTESIAN_POINT ( 'NONE',  ( -249.0620420686955754, 66.76218641072877347, 93.63381329295297917 ) ) ;
#116 = DIRECTION ( 'NONE',  ( 1.000000000000000000, -0.000000000000000000, 0.000000000000000000 ) ) ;
#117 = AXIS2_PLACEMENT_3D ( 'NONE', #100, #330, #1113 ) ;
#118 = VECTOR ( 'NONE', #627, 1000.000000000000000 ) ;
#119 = EDGE_CURVE ( 'NONE', #188, #679, #1580, .T. ) ;
#120 = CARTESIAN_POINT ( 'NONE',  ( -215.6979243689439727, 85.97781113781914542, 2.985281374238577090 ) ) ;
#121 = DIRECTION ( 'NONE',  ( -0.000000000000000000, 0.000000000000000000, 1.000000000000000000 ) ) ;
#122 = AXIS2_PLACEMENT_3D ( 'NONE', #257, #887, #112 ) ;
#123 = DIRECTION ( 'NONE',  ( -1.000000000000000000, 0.000000000000000000, -0.000000000000000000 ) ) ;
#124 = VERTEX_POINT ( 'NONE', #738 ) ;
#125 = LINE ( 'NONE', #741, #56 ) ;
#126 = AXIS2_PLACEMENT_3D ( 'NONE', #1178, #133, #746 ) ;
#127 = CARTESIAN_POINT ( 'NONE',  ( -204.4385299525530968, 89.49252976358052081, 18.19999999999999574 ) ) ;
#128 = CARTESIAN_POINT ( 'NONE',  ( -217.8014365775958368, 80.44707277952254287, 17.19999999999999929 ) ) ;
#129 = EDGE_CURVE ( 'NONE', #670, #282, #297, .T. ) ;
#130 = FACE_OUTER_BOUND ( 'NONE', #1948, .T. ) ;
#131 = CARTESIAN_POINT ( 'NONE',  ( -204.2172758322269033, 90.46135583687762960, -5.421264733120767509 ) ) ;
#132 = EDGE_CURVE ( 'NONE', #1139, #869, #1189, .T. ) ;
#133 = DIRECTION ( 'NONE',  ( -0.000000000000000000, -0.000000000000000000, 1.000000000000000000 ) ) ;
#134 = ORIENTED_EDGE ( 'NONE', *, *, #129, .T. ) ;
#135 = CARTESIAN_POINT ( 'NONE',  ( -205.8014365775958368, 80.44707277952254287, 15.97056274847716928 ) ) ;
#136 = CARTESIAN_POINT ( 'NONE',  ( -211.8014365775958368, 80.44707277952254287, 19.70000000000003837 ) ) ;
#137 = CARTESIAN_POINT ( 'NONE',  ( -211.8014365775958368, 80.44707277952254287, -6.999999999999995559 ) ) ;
#138 = LINE ( 'NONE', #419, #1060 ) ;
#139 = CIRCLE ( 'NONE', #1265, 6.000000000000005329 ) ;
#140 = EDGE_CURVE ( 'NONE', #1287, #962, #102, .T. ) ;
#141 = PLANE ( 'NONE',  #955 ) ;
#142 = ORIENTED_EDGE ( 'NONE', *, *, #113, .T. ) ;
#143 = CARTESIAN_POINT ( 'NONE',  ( -264.0620420686955754, 66.76218641072877347, 2.985281374238590857 ) ) ;
#144 = LINE ( 'NONE', #477, #166 ) ;
#145 = DIRECTION ( 'NONE',  ( 0.000000000000000000, 0.000000000000000000, -1.000000000000000000 ) ) ;
#146 = CARTESIAN_POINT ( 'NONE',  ( -194.1442940256639247, 89.49252976358052081, 18.19999999999999929 ) ) ;
#147 = VECTOR ( 'NONE', #1261, 1000.000000000000000 ) ;
#148 = DIRECTION ( 'NONE',  ( 1.000000000000000000, -0.000000000000000000, -0.000000000000000000 ) ) ;
#149 = EDGE_LOOP ( 'NONE', ( #1568, #342, #1608, #551 ) ) ;
#150 = AXIS2_PLACEMENT_3D ( 'NONE', #65, #44, #32 ) ;
#151 = ORIENTED_EDGE ( 'NONE', *, *, #1574, .T. ) ;
#152 = DIRECTION ( 'NONE',  ( 1.000000000000000000, 0.000000000000000000, 0.000000000000000000 ) ) ;
#153 = CARTESIAN_POINT ( 'NONE',  ( -204.2172758322269033, 90.46135583687762960, -5.421264733120767509 ) ) ;
#154 = CYLINDRICAL_SURFACE ( 'NONE', #328, 6.000000000000005329 ) ;
#155 = VECTOR ( 'NONE', #1089, 1000.000000000000000 ) ;
#156 = CARTESIAN_POINT ( 'NONE',  ( -211.8014365775958368, 70.18457277952252582, 13.70000000000000462 ) ) ;
#157 = VERTEX_POINT ( 'NONE', #1352 ) ;
#158 = VECTOR ( 'NONE', #1746, 1000.000000000000000 ) ;
#159 = VERTEX_POINT ( 'NONE', #1360 ) ;
#160 = CARTESIAN_POINT ( 'NONE',  ( -0.8316451877049055863, 95.29709944564571344, 0.5000000000000004441 ) ) ;
#161 = ADVANCED_FACE ( 'NONE', ( #1525, #1999 ), #141, .T. ) ;
#162 = DIRECTION ( 'NONE',  ( 0.000000000000000000, 0.000000000000000000, -1.000000000000000000 ) ) ;
#163 = CARTESIAN_POINT ( 'NONE',  ( -114.7481737815654128, 163.8773756634399774, 12.20000000000000284 ) ) ;
#164 = CARTESIAN_POINT ( 'NONE',  ( -203.0996771163694632, 93.53193307270736057, -0.3786796564403515641 ) ) ;
#165 = DIRECTION ( 'NONE',  ( 0.000000000000000000, 0.000000000000000000, -1.000000000000000000 ) ) ;
#166 = VECTOR ( 'NONE', #1255, 1000.000000000000000 ) ;
#167 = CARTESIAN_POINT ( 'NONE',  ( -211.8014365775958368, 70.18457277952252582, -1.000000000000000888 ) ) ;
#168 = ORIENTED_EDGE ( 'NONE', *, *, #1324, .F. ) ;
#169 = AXIS2_PLACEMENT_3D ( 'NONE', #1377, #1706, #600 ) ;
#170 = EDGE_LOOP ( 'NONE', ( #1913, #1342, #1303, #182 ) ) ;
#171 = CARTESIAN_POINT ( 'NONE',  ( -200.4585053490832820, 89.09327526357493809, -1.000000000000000888 ) ) ;
#172 = CARTESIAN_POINT ( 'NONE',  ( -211.8014365775958368, 70.18457277952252582, 93.63381329295297917 ) ) ;
#173 = CARTESIAN_POINT ( 'NONE',  ( -217.7138841530848481, 88.85690008521220307, 0.5000000000000004441 ) ) ;
#174 = DIRECTION ( 'NONE',  ( -4.981674600970605889E-16, -1.000000000000000000, 0.000000000000000000 ) ) ;
#175 = EDGE_CURVE ( 'NONE', #265, #1313, #1154, .T. ) ;
#176 = DIRECTION ( 'NONE',  ( 1.000000000000000000, 0.000000000000000000, 0.000000000000000000 ) ) ;
#177 = ORIENTED_EDGE ( 'NONE', *, *, #1697, .T. ) ;
#178 = CIRCLE ( 'NONE', #2007, 6.000000000000005329 ) ;
#179 = ORIENTED_EDGE ( 'NONE', *, *, #905, .F. ) ;
#180 = CYLINDRICAL_SURFACE ( 'NONE', #630, 6.000000000000000000 ) ;
#181 = CARTESIAN_POINT ( 'NONE',  ( -249.6301596879649765, 66.81567475729784178, 18.19999999999999929 ) ) ;
#182 = ORIENTED_EDGE ( 'NONE', *, *, #458, .F. ) ;
#183 = DIRECTION ( 'NONE',  ( 1.000000000000000000, -0.000000000000000000, 0.000000000000000000 ) ) ;
#184 = AXIS2_PLACEMENT_3D ( 'NONE', #1666, #270, #885 ) ;
#185 = CARTESIAN_POINT ( 'NONE',  ( -211.8014365775958368, 70.18457277952252582, -5.500000000000000000 ) ) ;
#186 = EDGE_CURVE ( 'NONE', #1090, #727, #1301, .T. ) ;
#187 = ORIENTED_EDGE ( 'NONE', *, *, #1375, .F. ) ;
#188 = VERTEX_POINT ( 'NONE', #167 ) ;
#189 = FACE_OUTER_BOUND ( 'NONE', #1957, .T. ) ;
#190 = EDGE_LOOP ( 'NONE', ( #349, #1576, #708, #1423 ) ) ;
#191 = AXIS2_PLACEMENT_3D ( 'NONE', #1822, #1035, #1023 ) ;
#192 =( BOUNDED_CURVE ( )  B_SPLINE_CURVE ( 3, ( #2002, #1214, #1079, #1225 ),
 .UNSPECIFIED., .F., .F. ) 
 B_SPLINE_CURVE_WITH_KNOTS ( ( 4, 4 ),
 ( 1.570796326794896558, 3.141592653589793116 ),
 .UNSPECIFIED. ) 
 CURVE ( )  GEOMETRIC_REPRESENTATION_ITEM ( )  RATIONAL_B_SPLINE_CURVE ( ( 1.000000000000000000, 0.8047378541243649375, 0.8047378541243649375, 1.000000000000000000 ) ) 
 REPRESENTATION_ITEM ( '' )  );
#193 = DIRECTION ( 'NONE',  ( -0.8191520442889910214, -0.5735764363510472696, -1.962615573354716493E-17 ) ) ;
#194 = ORIENTED_EDGE ( 'NONE', *, *, #1115, .T. ) ;
#195 = CARTESIAN_POINT ( 'NONE',  ( -215.6979243689439727, 85.97781113781914542, 0.5000000000000004441 ) ) ;
#196 = EDGE_LOOP ( 'NONE', ( #1802, #651, #1967, #961, #576 ) ) ;
#197 = AXIS2_PLACEMENT_3D ( 'NONE', #1891, #1364, #1081 ) ;
#198 = EDGE_CURVE ( 'NONE', #528, #159, #316, .T. ) ;
#199 = ORIENTED_EDGE ( 'NONE', *, *, #1949, .T. ) ;
#200 = FACE_OUTER_BOUND ( 'NONE', #1299, .T. ) ;
#201 = VERTEX_POINT ( 'NONE', #185 ) ;
#202 = EDGE_CURVE ( 'NONE', #101, #881, #348, .T. ) ;
#203 = AXIS2_PLACEMENT_3D ( 'NONE', #743, #116, #436 ) ;
#204 = CARTESIAN_POINT ( 'NONE',  ( -205.8014365775958368, 80.44707277952254287, 19.70000000000000284 ) ) ;
#205 = VERTEX_POINT ( 'NONE', #336 ) ;
#206 = FACE_OUTER_BOUND ( 'NONE', #1015, .T. ) ;
#207 = DIRECTION ( 'NONE',  ( 0.7071067811865465735, 0.000000000000000000, 0.7071067811865484609 ) ) ;
#208 = DIRECTION ( 'NONE',  ( -4.981674600970605889E-16, -1.000000000000000000, 0.000000000000000000 ) ) ;
#209 = EDGE_LOOP ( 'NONE', ( #243, #562 ) ) ;
#210 = LINE ( 'NONE', #829, #377 ) ;
#211 = EDGE_CURVE ( 'NONE', #869, #1167, #1446, .T. ) ;
#212 = COLOUR_RGB ( '',0.7921568627450980005, 0.8196078431372548767, 0.9333333333333333481 ) ;
#213 = AXIS2_PLACEMENT_3D ( 'NONE', #22, #1729, #771 ) ;
#214 = VECTOR ( 'NONE', #699, 1000.000000000000000 ) ;
#215 = CARTESIAN_POINT ( 'NONE',  ( -204.8014365775958368, 80.44707277952254287, -6.999999999999999112 ) ) ;
#216 = ORIENTED_EDGE ( 'NONE', *, *, #434, .T. ) ;
#217 = FACE_OUTER_BOUND ( 'NONE', #1445, .T. ) ;
#218 = CARTESIAN_POINT ( 'NONE',  ( -212.1725103974271747, 83.45237487231858609, -1.000000000000000000 ) ) ;
#219 = ORIENTED_EDGE ( 'NONE', *, *, #996, .T. ) ;
#220 = ORIENTED_EDGE ( 'NONE', *, *, #27, .T. ) ;
#221 = ORIENTED_EDGE ( 'NONE', *, *, #254, .F. ) ;
#222 = AXIS2_PLACEMENT_3D ( 'NONE', #925, #1886, #1944 ) ;
#223 = FACE_OUTER_BOUND ( 'NONE', #1162, .T. ) ;
#224 = AXIS2_PLACEMENT_3D ( 'NONE', #1379, #1721, #1862 ) ;
#225 = EDGE_CURVE ( 'NONE', #962, #344, #1709, .T. ) ;
#226 = ORIENTED_EDGE ( 'NONE', *, *, #24, .T. ) ;
#227 = CARTESIAN_POINT ( 'NONE',  ( -218.8014365775958368, 80.44707277952254287, 19.70000000000000284 ) ) ;
#228 = DIRECTION ( 'NONE',  ( 1.000000000000000000, 0.000000000000000000, 0.000000000000000000 ) ) ;
#229 = DIRECTION ( 'NONE',  ( 0.8674394215525472740, -0.000000000000000000, -0.4975428121645233404 ) ) ;
#230 = EDGE_LOOP ( 'NONE', ( #255, #1901, #256, #17 ) ) ;
#231 = VERTEX_POINT ( 'NONE', #650 ) ;
#232 = ORIENTED_EDGE ( 'NONE', *, *, #949, .T. ) ;
#233 = AXIS2_PLACEMENT_3D ( 'NONE', #1911, #1263, #646 ) ;
#234 = CARTESIAN_POINT ( 'NONE',  ( -211.8014365775958368, 80.44707277952254287, 17.19999999999999218 ) ) ;
#235 = VERTEX_POINT ( 'NONE', #621 ) ;
#236 = CARTESIAN_POINT ( 'NONE',  ( -249.0385998318577663, 66.92309803465944640, 18.19999999999999574 ) ) ;
#237 = DIRECTION ( 'NONE',  ( -1.000000000000000000, 0.000000000000000000, 0.000000000000000000 ) ) ;
#238 = DIRECTION ( 'NONE',  ( 1.000000000000000000, 0.000000000000000000, 0.000000000000000000 ) ) ;
#239 = DIRECTION ( 'NONE',  ( -0.000000000000000000, -0.000000000000000000, 1.000000000000000000 ) ) ;
#240 = CARTESIAN_POINT ( 'NONE',  ( -211.8014365775958368, 89.49252976358057765, 0.5000000000000004441 ) ) ;
#241 = EDGE_CURVE ( 'NONE', #1982, #1381, #1240, .T. ) ;
#242 = ORIENTED_EDGE ( 'NONE', *, *, #1461, .T. ) ;
#243 = ORIENTED_EDGE ( 'NONE', *, *, #1512, .T. ) ;
#244 = ORIENTED_EDGE ( 'NONE', *, *, #55, .F. ) ;
#245 = DIRECTION ( 'NONE',  ( 0.000000000000000000, 0.000000000000000000, -1.000000000000000000 ) ) ;
#246 = CIRCLE ( 'NONE', #1216, 8.500000000000007105 ) ;
#247 = AXIS2_PLACEMENT_3D ( 'NONE', #1468, #544, #899 ) ;
#248 = ORIENTED_EDGE ( 'NONE', *, *, #582, .T. ) ;
#249 = CARTESIAN_POINT ( 'NONE',  ( -212.2466859491633500, 91.95205121836406192, -1.000000000000000000 ) ) ;
#250 = CARTESIAN_POINT ( 'NONE',  ( 0.000000000000000000, 0.000000000000000000, 0.000000000000000000 ) ) ;
#251 = LINE ( 'NONE', #1484, #1877 ) ;
#252 = PLANE ( 'NONE',  #1274 ) ;
#253 = ORIENTED_EDGE ( 'NONE', *, *, #555, .F. ) ;
#254 = EDGE_CURVE ( 'NONE', #83, #382, #1017, .T. ) ;
#255 = ORIENTED_EDGE ( 'NONE', *, *, #1780, .T. ) ;
#256 = ORIENTED_EDGE ( 'NONE', *, *, #1215, .F. ) ;
#257 = CARTESIAN_POINT ( 'NONE',  ( -211.8014365775958368, 80.44707277952254287, 93.63381329295297917 ) ) ;
#258 = ORIENTED_EDGE ( 'NONE', *, *, #1990, .T. ) ;
#259 = CARTESIAN_POINT ( 'NONE',  ( -203.0257047602899263, 93.73517045069978337, 16.44264068711930804 ) ) ;
#260 = DIRECTION ( 'NONE',  ( 1.000000000000000000, 0.000000000000000000, 0.000000000000000000 ) ) ;
#261 = DIRECTION ( 'NONE',  ( -1.000000000000000000, 0.000000000000000000, 0.000000000000000000 ) ) ;
#262 = ORIENTED_EDGE ( 'NONE', *, *, #424, .T. ) ;
#263 = EDGE_CURVE ( 'NONE', #1469, #1586, #1793, .T. ) ;
#264 = LINE ( 'NONE', #879, #1681 ) ;
#265 = VERTEX_POINT ( 'NONE', #935 ) ;
#266 = DIRECTION ( 'NONE',  ( 0.4055797876726394136, -0.5792279653395685513, 0.7071067811865479058 ) ) ;
#267 = AXIS2_PLACEMENT_3D ( 'NONE', #1942, #60, #1786 ) ;
#268 = CARTESIAN_POINT ( 'NONE',  ( -204.4385299525530968, 89.49252976358057765, -5.500000000000000000 ) ) ;
#269 = DIRECTION ( 'NONE',  ( -0.000000000000000000, -0.000000000000000000, 1.000000000000000000 ) ) ;
#270 = DIRECTION ( 'NONE',  ( 0.000000000000000000, 0.000000000000000000, 1.000000000000000000 ) ) ;
#271 = ORIENTED_EDGE ( 'NONE', *, *, #868, .T. ) ;
#272 = ADVANCED_FACE ( 'NONE', ( #1110 ), #1418, .F. ) ;
#273 = FACE_OUTER_BOUND ( 'NONE', #873, .T. ) ;
#274 = EDGE_CURVE ( 'NONE', #1728, #515, #1575, .T. ) ;
#275 = CARTESIAN_POINT ( 'NONE',  ( -211.8014365775958368, 80.44707277952254287, -4.500000000000003553 ) ) ;
#276 = CARTESIAN_POINT ( 'NONE',  ( -203.0996771163694632, 93.53193307270734635, 12.20000000000000284 ) ) ;
#277 = CIRCLE ( 'NONE', #1973, 7.000000000000006217 ) ;
#278 = AXIS2_PLACEMENT_3D ( 'NONE', #1583, #1033, #1172 ) ;
#279 = CARTESIAN_POINT ( 'NONE',  ( -264.0620420686955754, 66.76218641072877347, 9.714718625761411985 ) ) ;
#280 = DIRECTION ( 'NONE',  ( 0.3420201433256738199, 0.9396926207859064295, 0.000000000000000000 ) ) ;
#281 = CARTESIAN_POINT ( 'NONE',  ( -212.1725103974271747, 83.45237487231858609, -64.67245072062286226 ) ) ;
#282 = VERTEX_POINT ( 'NONE', #1100 ) ;
#283 = DIRECTION ( 'NONE',  ( 1.000000000000000000, 0.000000000000000000, 0.000000000000000000 ) ) ;
#284 = CIRCLE ( 'NONE', #1447, 1.499999999999998224 ) ;
#285 = CARTESIAN_POINT ( 'NONE',  ( -203.0257047602899263, 93.73517045069978337, 16.44264068711930804 ) ) ;
#286 = EDGE_CURVE ( 'NONE', #1732, #863, #1545, .T. ) ;
#287 = DIRECTION ( 'NONE',  ( -1.000000000000000000, 4.981674600970605889E-16, 0.000000000000000000 ) ) ;
#288 = FACE_OUTER_BOUND ( 'NONE', #300, .T. ) ;
#289 = VERTEX_POINT ( 'NONE', #2020 ) ;
#290 = CARTESIAN_POINT ( 'NONE',  ( -237.8958429927007501, 60.18457277952254003, -1.000000000000000888 ) ) ;
#291 = FACE_OUTER_BOUND ( 'NONE', #1778, .T. ) ;
#292 = CARTESIAN_POINT ( 'NONE',  ( -253.0560977616896423, 66.76218641072877347, -5.240590911662855511 ) ) ;
#293 = DIRECTION ( 'NONE',  ( -1.000000000000000000, 0.000000000000000000, -0.000000000000000000 ) ) ;
#294 = EDGE_CURVE ( 'NONE', #1779, #309, #804, .T. ) ;
#295 = FACE_OUTER_BOUND ( 'NONE', #1212, .T. ) ;
#296 = VECTOR ( 'NONE', #1531, 999.9999999999998863 ) ;
#297 = LINE ( 'NONE', #876, #1851 ) ;
#298 = EDGE_CURVE ( 'NONE', #1648, #157, #385, .T. ) ;
#299 = VERTEX_POINT ( 'NONE', #326 ) ;
#300 = EDGE_LOOP ( 'NONE', ( #1895, #814, #540, #1430 ) ) ;
#301 = CYLINDRICAL_SURFACE ( 'NONE', #1601, 6.000000000000000000 ) ;
#302 = DIRECTION ( 'NONE',  ( -0.8191520442889911324, -0.5735764363510470476, -0.000000000000000000 ) ) ;
#303 = DIRECTION ( 'NONE',  ( 0.8191520442889910214, 0.5735764363510472696, 1.962615573354716493E-17 ) ) ;
#304 = PLANE ( 'NONE',  #1072 ) ;
#305 = CIRCLE ( 'NONE', #1841, 10.00000000000000888 ) ;
#306 = AXIS2_PLACEMENT_3D ( 'NONE', #1993, #1637, #1828 ) ;
#307 = CIRCLE ( 'NONE', #1812, 4.000000000000003553 ) ;
#308 = ORIENTED_EDGE ( 'NONE', *, *, #1191, .F. ) ;
#309 = VERTEX_POINT ( 'NONE', #156 ) ;
#310 = DIRECTION ( 'NONE',  ( 1.000000000000000000, 0.000000000000000000, 0.000000000000000000 ) ) ;
#311 = LINE ( 'NONE', #487, #1136 ) ;
#312 = DIRECTION ( 'NONE',  ( -0.5735764363510459374, 0.8191520442889920206, 0.000000000000000000 ) ) ;
#313 = B_SPLINE_CURVE_WITH_KNOTS ( 'NONE', 3,
 ( #516, #181, #1592, #1286 ),
 .UNSPECIFIED., .F., .F.,
 ( 4, 4 ),
 ( 0.000000000000000000, 0.001795187544756260455 ),
 .UNSPECIFIED. ) ;
#314 = CIRCLE ( 'NONE', #1611, 7.000000000000006217 ) ;
#315 = DIRECTION ( 'NONE',  ( -0.3420201433256738199, -0.9396926207859064295, 0.000000000000000000 ) ) ;
#316 = LINE ( 'NONE', #1386, #1058 ) ;
#317 = EDGE_LOOP ( 'NONE', ( #1380, #1345, #62, #1020 ) ) ;
#318 = ORIENTED_EDGE ( 'NONE', *, *, #66, .F. ) ;
#319 = CARTESIAN_POINT ( 'NONE',  ( -211.8014365775958368, 80.44707277952254287, 18.19999999999999574 ) ) ;
#320 = ADVANCED_FACE ( 'NONE', ( #1566 ), #1232, .F. ) ;
#321 = DIRECTION ( 'NONE',  ( 1.000000000000000000, 0.000000000000000000, 0.000000000000000000 ) ) ;
#322 = EDGE_CURVE ( 'NONE', #528, #473, #1987, .T. ) ;
#323 = CARTESIAN_POINT ( 'NONE',  ( -264.0620420686955754, 66.76218641072877347, 9.714718625761411985 ) ) ;
#324 = CARTESIAN_POINT ( 'NONE',  ( -211.8014365775958368, 80.44707277952254287, -5.500000000000000000 ) ) ;
#325 = AXIS2_PLACEMENT_3D ( 'NONE', #445, #1717, #321 ) ;
#326 = CARTESIAN_POINT ( 'NONE',  ( -217.0479101064110807, 90.41516724877502043, -1.000000000000000000 ) ) ;
#327 = ORIENTED_EDGE ( 'NONE', *, *, #1348, .F. ) ;
#328 = AXIS2_PLACEMENT_3D ( 'NONE', #770, #3, #615 ) ;
#329 = ORIENTED_EDGE ( 'NONE', *, *, #66, .T. ) ;
#330 = DIRECTION ( 'NONE',  ( 0.3420201433256691570, -0.9396926207859082059, 0.000000000000000000 ) ) ;
#331 = EDGE_CURVE ( 'NONE', #970, #1012, #1281, .T. ) ;
#332 = LINE ( 'NONE', #778, #1203 ) ;
#333 = EDGE_CURVE ( 'NONE', #1722, #1469, #1297, .T. ) ;
#334 = ORIENTED_EDGE ( 'NONE', *, *, #225, .F. ) ;
#335 = CARTESIAN_POINT ( 'NONE',  ( -222.5808416051565075, 95.80763566928703767, 9.714718625761411985 ) ) ;
#336 = CARTESIAN_POINT ( 'NONE',  ( -205.8014365775958368, 80.44707277952254287, -4.500000000000000888 ) ) ;
#337 = TOROIDAL_SURFACE ( 'NONE', #18, 5.999999999999998224, 6.000000000000000000 ) ;
#338 = ORIENTED_EDGE ( 'NONE', *, *, #1490, .T. ) ;
#339 = CIRCLE ( 'NONE', #1013, 4.000000000000003553 ) ;
#340 = VERTEX_POINT ( 'NONE', #1925 ) ;
#341 = CARTESIAN_POINT ( 'NONE',  ( -200.4585053490832820, 89.09327526357493809, 93.63381329295297917 ) ) ;
#342 = ORIENTED_EDGE ( 'NONE', *, *, #1298, .T. ) ;
#343 = CARTESIAN_POINT ( 'NONE',  ( -212.2597757524109170, 93.45199410296031317, -64.67245072062286226 ) ) ;
#344 = VERTEX_POINT ( 'NONE', #539 ) ;
#345 = CARTESIAN_POINT ( 'NONE',  ( -203.6396955271060563, 86.66839814271887121, -1.000000000000000888 ) ) ;
#346 = CARTESIAN_POINT ( 'NONE',  ( -216.6039365775958458, 80.44707277952254287, -4.500000000000003553 ) ) ;
#347 = ADVANCED_FACE ( 'NONE', ( #1290 ), #69, .T. ) ;
#348 = CIRCLE ( 'NONE', #93, 4.000000000000003553 ) ;
#349 = ORIENTED_EDGE ( 'NONE', *, *, #1262, .F. ) ;
#350 = CIRCLE ( 'NONE', #1193, 4.802500000000015312 ) ;
#351 = EDGE_LOOP ( 'NONE', ( #1952, #810, #92, #1699 ) ) ;
#352 = DIRECTION ( 'NONE',  ( 1.000000000000000000, 0.000000000000000000, 0.000000000000000000 ) ) ;
#353 = CIRCLE ( 'NONE', #1226, 7.000000000000006217 ) ;
#354 = CARTESIAN_POINT ( 'NONE',  ( -215.6979243689439727, 93.73517045069985443, -3.742640687119282550 ) ) ;
#355 = ORIENTED_EDGE ( 'NONE', *, *, #1627, .F. ) ;
#356 = DIRECTION ( 'NONE',  ( -0.000000000000000000, -0.000000000000000000, 1.000000000000000000 ) ) ;
#357 = DIRECTION ( 'NONE',  ( 1.000000000000000000, 0.000000000000000000, 0.000000000000000000 ) ) ;
#358 = VERTEX_POINT ( 'NONE', #1463 ) ;
#359 = VECTOR ( 'NONE', #302, 1000.000000000000114 ) ;
#360 = EDGE_CURVE ( 'NONE', #684, #1887, #1126, .T. ) ;
#361 = CARTESIAN_POINT ( 'NONE',  ( -200.4585053490832820, 89.09327526357493809, 93.63381329295297917 ) ) ;
#362 = CYLINDRICAL_SURFACE ( 'NONE', #38, 4.802500000000015312 ) ;
#363 = ORIENTED_EDGE ( 'NONE', *, *, #880, .T. ) ;
#364 = DIRECTION ( 'NONE',  ( 0.8191520442889910214, 0.5735764363510471586, 9.476346269835217537E-17 ) ) ;
#365 = CYLINDRICAL_SURFACE ( 'NONE', #64, 4.802500000000015312 ) ;
#366 = ORIENTED_EDGE ( 'NONE', *, *, #792, .T. ) ;
#367 = DIRECTION ( 'NONE',  ( 0.000000000000000000, -0.000000000000000000, -1.000000000000000000 ) ) ;
#368 = ADVANCED_FACE ( 'NONE', ( #1127 ), #837, .T. ) ;
#369 = AXIS2_PLACEMENT_3D ( 'NONE', #842, #1458, #74 ) ;
#370 = VECTOR ( 'NONE', #1685, 1000.000000000000000 ) ;
#371 = FACE_OUTER_BOUND ( 'NONE', #1202, .T. ) ;
#372 = ORIENTED_EDGE ( 'NONE', *, *, #424, .F. ) ;
#373 = DIRECTION ( 'NONE',  ( -0.5735764363510484909, 0.8191520442889901332, 0.000000000000000000 ) ) ;
#374 = LINE ( 'NONE', #1317, #380 ) ;
#375 = ORIENTED_EDGE ( 'NONE', *, *, #447, .F. ) ;
#376 = B_SPLINE_CURVE_WITH_KNOTS ( 'NONE', 3,
 ( #588, #1208, #1838, #1829 ),
 .UNSPECIFIED., .F., .F.,
 ( 4, 4 ),
 ( 0.000000000000000000, 0.0009968834376757205930 ),
 .UNSPECIFIED. ) ;
#377 = VECTOR ( 'NONE', #63, 1000.000000000000000 ) ;
#378 = EDGE_LOOP ( 'NONE', ( #917, #452, #1308, #1400 ) ) ;
#379 = ADVANCED_FACE ( 'NONE', ( #87 ), #969, .F. ) ;
#380 = VECTOR ( 'NONE', #229, 1000.000000000000000 ) ;
#381 = CARTESIAN_POINT ( 'NONE',  ( -217.9082747609376725, 91.64389531520848209, 12.20000000000000284 ) ) ;
#382 = VERTEX_POINT ( 'NONE', #703 ) ;
#383 = ADVANCED_FACE ( 'NONE', ( #1444 ), #61, .F. ) ;
#384 = CARTESIAN_POINT ( 'NONE',  ( -250.8253118757802156, 76.76218641072877347, 18.19999999999999574 ) ) ;
#385 =( BOUNDED_CURVE ( )  B_SPLINE_CURVE ( 3, ( #16, #1119, #460, #916 ),
 .UNSPECIFIED., .F., .F. ) 
 B_SPLINE_CURVE_WITH_KNOTS ( ( 4, 4 ),
 ( 1.732977370896674474, 2.356194490192346613 ),
 .UNSPECIFIED. ) 
 CURVE ( )  GEOMETRIC_REPRESENTATION_ITEM ( )  RATIONAL_B_SPLINE_CURVE ( ( 1.000000000000000000, 0.9678944220135364818, 0.9678944220135364818, 1.000000000000000000 ) ) 
 REPRESENTATION_ITEM ( '' )  );
#386 = DIRECTION ( 'NONE',  ( 0.000000000000000000, -0.000000000000000000, -1.000000000000000000 ) ) ;
#387 = FACE_OUTER_BOUND ( 'NONE', #196, .T. ) ;
#388 = EDGE_LOOP ( 'NONE', ( #1634, #697, #1078, #1465, #1032 ) ) ;
#389 = EDGE_LOOP ( 'NONE', ( #611, #634, #716, #26 ) ) ;
#390 = ORIENTED_EDGE ( 'NONE', *, *, #1063, .T. ) ;
#391 = DIRECTION ( 'NONE',  ( 1.000000000000000000, 0.000000000000000000, 0.000000000000000000 ) ) ;
#392 = EDGE_LOOP ( 'NONE', ( #1646, #1789 ) ) ;
#393 = FACE_OUTER_BOUND ( 'NONE', #667, .T. ) ;
#394 = ADVANCED_FACE ( 'NONE', ( #991 ), #365, .F. ) ;
#395 = CARTESIAN_POINT ( 'NONE',  ( -211.8014365775958368, 80.44707277952254287, -4.500000000000000888 ) ) ;
#396 = CARTESIAN_POINT ( 'NONE',  ( -262.9861566469166405, 66.76218641072877347, -0.1171025261460072048 ) ) ;
#397 =( BOUNDED_CURVE ( )  B_SPLINE_CURVE ( 3, ( #285, #893, #1071, #1219 ),
 .UNSPECIFIED., .F., .F. ) 
 B_SPLINE_CURVE_WITH_KNOTS ( ( 4, 4 ),
 ( 0.7853981633974523868, 1.408615282693108872 ),
 .UNSPECIFIED. ) 
 CURVE ( )  GEOMETRIC_REPRESENTATION_ITEM ( )  RATIONAL_B_SPLINE_CURVE ( ( 1.000000000000000000, 0.9678944220135381471, 0.9678944220135381471, 1.000000000000000000 ) ) 
 REPRESENTATION_ITEM ( '' )  );
#398 = LINE ( 'NONE', #754, #1472 ) ;
#399 = ORIENTED_EDGE ( 'NONE', *, *, #1780, .F. ) ;
#400 = ORIENTED_EDGE ( 'NONE', *, *, #119, .F. ) ;
#401 = ORIENTED_EDGE ( 'NONE', *, *, #2014, .F. ) ;
#402 = CARTESIAN_POINT ( 'NONE',  ( -204.2172758322269033, 90.46135583687762960, 93.63381329295297917 ) ) ;
#403 = CIRCLE ( 'NONE', #979, 6.000000000000005329 ) ;
#404 = AXIS2_PLACEMENT_3D ( 'NONE', #1170, #1635, #1333 ) ;
#405 = EDGE_LOOP ( 'NONE', ( #1785, #2011, #859, #1735 ) ) ;
#406 = CARTESIAN_POINT ( 'NONE',  ( -250.8253118757802156, 66.76218641072877347, 93.63381329295297917 ) ) ;
#407 = DIRECTION ( 'NONE',  ( 1.000000000000000000, -0.000000000000000000, -0.000000000000000000 ) ) ;
#408 = EDGE_CURVE ( 'NONE', #867, #299, #1256, .T. ) ;
#409 = PLANE ( 'NONE',  #1051 ) ;
#410 = VERTEX_POINT ( 'NONE', #75 ) ;
#411 = CARTESIAN_POINT ( 'NONE',  ( -220.1313773384092656, 92.34346107335809961, -3.742640687119282106 ) ) ;
#412 = EDGE_CURVE ( 'NONE', #1800, #1130, #374, .T. ) ;
#413 = ORIENTED_EDGE ( 'NONE', *, *, #186, .F. ) ;
#414 = AXIS2_PLACEMENT_3D ( 'NONE', #1731, #950, #1546 ) ;
#415 = CARTESIAN_POINT ( 'NONE',  ( -204.4585053490832820, 89.09327526357493809, 93.63381329295297917 ) ) ;
#416 = CIRCLE ( 'NONE', #1551, 6.000000000000000000 ) ;
#417 = ORIENTED_EDGE ( 'NONE', *, *, #1334, .T. ) ;
#418 = DIRECTION ( 'NONE',  ( 1.000000000000000000, 0.000000000000000000, 0.000000000000000000 ) ) ;
#419 = CARTESIAN_POINT ( 'NONE',  ( -218.8014365775958368, 80.44707277952254287, -6.999999999999995559 ) ) ;
#420 = LINE ( 'NONE', #1350, #437 ) ;
#421 = EDGE_CURVE ( 'NONE', #1572, #1795, #416, .T. ) ;
#422 = DIRECTION ( 'NONE',  ( 0.000000000000000000, 0.000000000000000000, 1.000000000000000000 ) ) ;
#423 = ORIENTED_EDGE ( 'NONE', *, *, #930, .T. ) ;
#424 = EDGE_CURVE ( 'NONE', #382, #848, #845, .T. ) ;
#425 = CYLINDRICAL_SURFACE ( 'NONE', #404, 1.499999999999998224 ) ;
#426 = VECTOR ( 'NONE', #464, 1000.000000000000000 ) ;
#427 = CARTESIAN_POINT ( 'NONE',  ( -237.8958429927007501, 70.18457277952254003, -1.000000000000000888 ) ) ;
#428 = CARTESIAN_POINT ( 'NONE',  ( -221.5728617130860698, 94.36809119559050885, -1.257359312880707902 ) ) ;
#429 = DIRECTION ( 'NONE',  ( 0.000000000000000000, 0.000000000000000000, -1.000000000000000000 ) ) ;
#430 = DIRECTION ( 'NONE',  ( 1.000000000000000000, 0.000000000000000000, 0.000000000000000000 ) ) ;
#431 = FACE_OUTER_BOUND ( 'NONE', #805, .T. ) ;
#432 = ORIENTED_EDGE ( 'NONE', *, *, #655, .F. ) ;
#433 = CARTESIAN_POINT ( 'NONE',  ( -212.2466859491633500, 91.95205121836406192, 13.70000000000000107 ) ) ;
#434 = EDGE_CURVE ( 'NONE', #839, #764, #1518, .T. ) ;
#435 = DIRECTION ( 'NONE',  ( 0.3420201433256691570, -0.9396926207859082059, 0.000000000000000000 ) ) ;
#436 = DIRECTION ( 'NONE',  ( 0.000000000000000000, 0.000000000000000000, -1.000000000000000000 ) ) ;
#437 = VECTOR ( 'NONE', #1976, 1000.000000000000000 ) ;
#438 = CARTESIAN_POINT ( 'NONE',  ( -264.0620420686955754, 66.76218641072877347, 1.372714761850454934 ) ) ;
#439 = CARTESIAN_POINT ( 'NONE',  ( -201.4815098354917211, 91.97781113781913120, 9.714718625761397774 ) ) ;
#440 = CARTESIAN_POINT ( 'NONE',  ( -204.2172758322269033, 90.46135583687762960, 18.12126473312075703 ) ) ;
#441 = ORIENTED_EDGE ( 'NONE', *, *, #529, .F. ) ;
#442 = CARTESIAN_POINT ( 'NONE',  ( -237.8958429927007501, 70.18457277952254003, 18.19999999999999574 ) ) ;
#443 = EDGE_CURVE ( 'NONE', #670, #919, #1751, .T. ) ;
#444 = VECTOR ( 'NONE', #1330, 1000.000000000000114 ) ;
#445 = CARTESIAN_POINT ( 'NONE',  ( -237.8958429927007501, 60.18457277952254003, 18.19999999999999574 ) ) ;
#446 = CARTESIAN_POINT ( 'NONE',  ( -256.6652237577657729, 66.76218641072877347, -3.742640687119304310 ) ) ;
#447 = EDGE_CURVE ( 'NONE', #289, #739, #1415, .T. ) ;
#448 = CARTESIAN_POINT ( 'NONE',  ( -203.6473929777747003, 92.02709611121936462, -1.000000000000000888 ) ) ;
#449 = FILL_AREA_STYLE ('',( #1024 ) ) ;
#450 = DIRECTION ( 'NONE',  ( -1.000000000000000000, 0.000000000000000000, 0.000000000000000000 ) ) ;
#451 = ORIENTED_EDGE ( 'NONE', *, *, #1289, .T. ) ;
#452 = ORIENTED_EDGE ( 'NONE', *, *, #1334, .F. ) ;
#453 = FACE_OUTER_BOUND ( 'NONE', #1322, .T. ) ;
#454 = DIRECTION ( 'NONE',  ( -1.000000000000000000, 0.000000000000000000, 0.000000000000000000 ) ) ;
#455 = CARTESIAN_POINT ( 'NONE',  ( -261.6285633426597883, 63.28681861869134195, 16.44264068711928672 ) ) ;
#456 = CIRCLE ( 'NONE', #909, 12.00000000000001066 ) ;
#457 = CARTESIAN_POINT ( 'NONE',  ( -114.7481737815654128, 163.8773756634399774, 0.5000000000000004441 ) ) ;
#458 = EDGE_CURVE ( 'NONE', #282, #1767, #350, .T. ) ;
#459 = AXIS2_PLACEMENT_3D ( 'NONE', #137, #751, #1503 ) ;
#460 = CARTESIAN_POINT ( 'NONE',  ( -203.3517974321911765, 92.83923819800158128, -4.638572939817594332 ) ) ;
#461 = ORIENTED_EDGE ( 'NONE', *, *, #1052, .F. ) ;
#462 = VERTEX_POINT ( 'NONE', #1357 ) ;
#463 = DIRECTION ( 'NONE',  ( -1.000000000000000000, 0.000000000000000000, 0.000000000000000000 ) ) ;
#464 = DIRECTION ( 'NONE',  ( -1.000000000000000000, -0.000000000000000000, -0.000000000000000000 ) ) ;
#465 = FACE_OUTER_BOUND ( 'NONE', #701, .T. ) ;
#466 = CARTESIAN_POINT ( 'NONE',  ( -203.3265484544904211, 92.90860919409871599, -0.9999999999999924505 ) ) ;
#467 = DIRECTION ( 'NONE',  ( 0.000000000000000000, 0.000000000000000000, -1.000000000000000000 ) ) ;
#468 = CIRCLE ( 'NONE', #1570, 6.000000000000005329 ) ;
#469 = VECTOR ( 'NONE', #790, 1000.000000000000000 ) ;
#470 = EDGE_CURVE ( 'NONE', #1450, #340, #1708, .T. ) ;
#471 = AXIS2_PLACEMENT_3D ( 'NONE', #1401, #929, #310 ) ;
#472 = DIRECTION ( 'NONE',  ( 1.000000000000000000, 0.000000000000000000, 0.000000000000000000 ) ) ;
#473 = VERTEX_POINT ( 'NONE', #1045 ) ;
#474 = EDGE_CURVE ( 'NONE', #231, #1432, #543, .T. ) ;
#475 = ORIENTED_EDGE ( 'NONE', *, *, #1702, .T. ) ;
#476 = FACE_BOUND ( 'NONE', #114, .T. ) ;
#477 = CARTESIAN_POINT ( 'NONE',  ( -217.8014365775958368, 80.44707277952254287, 15.97056274847716928 ) ) ;
#478 = DIRECTION ( 'NONE',  ( -0.008726535498373544364, 0.9999619230641713097, 0.000000000000000000 ) ) ;
#479 = FACE_OUTER_BOUND ( 'NONE', #945, .T. ) ;
#480 = VECTOR ( 'NONE', #682, 1000.000000000000000 ) ;
#481 = CARTESIAN_POINT ( 'NONE',  ( -201.4815098354917495, 97.97781113781917384, 11.32728523814955324 ) ) ;
#482 = ORIENTED_EDGE ( 'NONE', *, *, #474, .T. ) ;
#483 = EDGE_CURVE ( 'NONE', #462, #410, #803, .T. ) ;
#484 = ORIENTED_EDGE ( 'NONE', *, *, #767, .F. ) ;
#485 = DIRECTION ( 'NONE',  ( 0.8191520442889910214, 0.5735764363510472696, 1.062601985498177088E-16 ) ) ;
#486 = EDGE_CURVE ( 'NONE', #994, #265, #138, .T. ) ;
#487 = CARTESIAN_POINT ( 'NONE',  ( -216.6039365775958458, 80.44707277952254287, 93.63381329295297917 ) ) ;
#488 = CARTESIAN_POINT ( 'NONE',  ( -215.6979243689439727, 85.97781113781914542, 16.44264068711930094 ) ) ;
#489 = CARTESIAN_POINT ( 'NONE',  ( -255.0700531979580035, 66.76218641072877347, 17.35759293218593058 ) ) ;
#490 = VERTEX_POINT ( 'NONE', #1975 ) ;
#491 = CIRCLE ( 'NONE', #1725, 8.500000000000007105 ) ;
#492 = ORIENTED_EDGE ( 'NONE', *, *, #1523, .T. ) ;
#493 = DIRECTION ( 'NONE',  ( 0.000000000000000000, 0.000000000000000000, 1.000000000000000000 ) ) ;
#494 = EDGE_CURVE ( 'NONE', #1432, #572, #575, .T. ) ;
#495 = LINE ( 'NONE', #343, #700 ) ;
#496 = ORIENTED_EDGE ( 'NONE', *, *, #1394, .F. ) ;
#497 = LINE ( 'NONE', #1743, #890 ) ;
#498 = CARTESIAN_POINT ( 'NONE',  ( -211.8014365775958368, 70.18457277952252582, 93.63381329295297917 ) ) ;
#499 = VECTOR ( 'NONE', #467, 1000.000000000000000 ) ;
#500 = AXIS2_PLACEMENT_3D ( 'NONE', #1933, #690, #1470 ) ;
#501 = ORIENTED_EDGE ( 'NONE', *, *, #1187, .F. ) ;
#502 = AXIS2_PLACEMENT_3D ( 'NONE', #995, #1323, #1509 ) ;
#503 = ORIENTED_EDGE ( 'NONE', *, *, #1106, .T. ) ;
#504 = AXIS2_PLACEMENT_3D ( 'NONE', #1414, #809, #688 ) ;
#505 = LINE ( 'NONE', #866, #1506 ) ;
#506 = CARTESIAN_POINT ( 'NONE',  ( -263.0540621766251093, 65.32264193703223043, 13.95735931288069764 ) ) ;
#507 = VERTEX_POINT ( 'NONE', #1839 ) ;
#508 = PLANE ( 'NONE',  #564 ) ;
#509 = EDGE_CURVE ( 'NONE', #1728, #1134, #1320, .T. ) ;
#510 = CARTESIAN_POINT ( 'NONE',  ( -211.8014365775958368, 80.44707277952254287, 19.70000000000000284 ) ) ;
#511 = EDGE_LOOP ( 'NONE', ( #1991, #1454, #1264, #1319 ) ) ;
#512 = AXIS2_PLACEMENT_3D ( 'NONE', #1145, #208, #673 ) ;
#513 = ORIENTED_EDGE ( 'NONE', *, *, #2001, .T. ) ;
#514 = DIRECTION ( 'NONE',  ( -1.000000000000000000, 0.000000000000000000, 0.000000000000000000 ) ) ;
#515 = VERTEX_POINT ( 'NONE', #268 ) ;
#516 = CARTESIAN_POINT ( 'NONE',  ( -249.0385998318577663, 66.92309803465944640, 18.19999999999999574 ) ) ;
#517 = ORIENTED_EDGE ( 'NONE', *, *, #918, .T. ) ;
#518 = LINE ( 'NONE', #1765, #730 ) ;
#519 = DIRECTION ( 'NONE',  ( 0.000000000000000000, 0.000000000000000000, 1.000000000000000000 ) ) ;
#520 = EDGE_CURVE ( 'NONE', #309, #473, #1662, .T. ) ;
#521 = ORIENTED_EDGE ( 'NONE', *, *, #1860, .T. ) ;
#522 = ORIENTED_EDGE ( 'NONE', *, *, #1091, .F. ) ;
#523 = VECTOR ( 'NONE', #1595, 1000.000000000000000 ) ;
#524 = CARTESIAN_POINT ( 'NONE',  ( -211.8014365775958368, 80.44707277952254287, 13.70000000000000462 ) ) ;
#525 = VERTEX_POINT ( 'NONE', #744 ) ;
#526 = PLANE ( 'NONE',  #1773 ) ;
#527 = DIRECTION ( 'NONE',  ( -1.000000000000000000, 0.000000000000000000, 0.000000000000000000 ) ) ;
#528 = VERTEX_POINT ( 'NONE', #1810 ) ;
#529 = EDGE_CURVE ( 'NONE', #1381, #1800, #1084, .T. ) ;
#530 = DIRECTION ( 'NONE',  ( 1.000000000000000000, 0.000000000000000000, 0.000000000000000000 ) ) ;
#531 = ORIENTED_EDGE ( 'NONE', *, *, #140, .F. ) ;
#532 = PRESENTATION_LAYER_ASSIGNMENT (  '', '', ( #1536 ) ) ;
#533 = EDGE_CURVE ( 'NONE', #898, #1139, #1054, .T. ) ;
#534 = DIRECTION ( 'NONE',  ( 0.000000000000000000, 0.000000000000000000, 1.000000000000000000 ) ) ;
#535 = ORIENTED_EDGE ( 'NONE', *, *, #331, .T. ) ;
#536 = DIRECTION ( 'NONE',  ( -0.008726535498382287370, 0.9999619230641711987, 0.000000000000000000 ) ) ;
#537 = CARTESIAN_POINT ( 'NONE',  ( -215.6979243689439727, 89.49252976358052081, 18.19999999999999929 ) ) ;
#538 = APPLICATION_PROTOCOL_DEFINITION ( 'draft international standard', 'automotive_design', 1998, #2017 ) ;
#539 = CARTESIAN_POINT ( 'NONE',  ( -216.6039365775958458, 80.44707277952254287, 13.70000000000000462 ) ) ;
#540 = ORIENTED_EDGE ( 'NONE', *, *, #1564, .F. ) ;
#541 = DIRECTION ( 'NONE',  ( -1.000000000000000000, 0.000000000000000000, 0.000000000000000000 ) ) ;
#542 = ORIENTED_EDGE ( 'NONE', *, *, #486, .T. ) ;
#543 = CIRCLE ( 'NONE', #1854, 4.000000000000003553 ) ;
#544 = DIRECTION ( 'NONE',  ( -0.5735764363510471586, 0.8191520442889911324, 0.000000000000000000 ) ) ;
#545 = EDGE_CURVE ( 'NONE', #994, #1038, #353, .T. ) ;
#546 = ORIENTED_EDGE ( 'NONE', *, *, #1768, .F. ) ;
#547 = DIRECTION ( 'NONE',  ( -0.000000000000000000, 0.000000000000000000, 1.000000000000000000 ) ) ;
#548 = DIRECTION ( 'NONE',  ( 0.000000000000000000, 0.000000000000000000, -1.000000000000000000 ) ) ;
#549 = DIRECTION ( 'NONE',  ( 0.000000000000000000, 0.000000000000000000, 1.000000000000000000 ) ) ;
#550 = ORIENTED_EDGE ( 'NONE', *, *, #830, .F. ) ;
#551 = ORIENTED_EDGE ( 'NONE', *, *, #927, .F. ) ;
#552 = ORIENTED_EDGE ( 'NONE', *, *, #225, .T. ) ;
#553 = PLANE ( 'NONE',  #247 ) ;
#554 = CONICAL_SURFACE ( 'NONE', #1462, 7.000000000000006217, 0.7853981633974469467 ) ;
#555 = EDGE_CURVE ( 'NONE', #410, #1648, #2005, .T. ) ;
#556 = ORIENTED_EDGE ( 'NONE', *, *, #211, .F. ) ;
#557 = PLANE ( 'NONE',  #1831 ) ;
#558 = DIRECTION ( 'NONE',  ( -0.7071067811865465735, 8.659560562354920532E-17, 0.7071067811865484609 ) ) ;
#559 = CARTESIAN_POINT ( 'NONE',  ( -211.8014365775958368, 80.44707277952254287, -6.999999999999999112 ) ) ;
#560 = ORIENTED_EDGE ( 'NONE', *, *, #263, .T. ) ;
#561 = CARTESIAN_POINT ( 'NONE',  ( -217.0479101064110807, 90.41516724877503464, 12.20000000000000107 ) ) ;
#562 = ORIENTED_EDGE ( 'NONE', *, *, #1562, .T. ) ;
#563 = CYLINDRICAL_SURFACE ( 'NONE', #122, 4.802500000000015312 ) ;
#564 = AXIS2_PLACEMENT_3D ( 'NONE', #1754, #998, #1615 ) ;
#565 = ORIENTED_EDGE ( 'NONE', *, *, #211, .T. ) ;
#566 = FACE_OUTER_BOUND ( 'NONE', #351, .T. ) ;
#567 = CARTESIAN_POINT ( 'NONE',  ( -211.8014365775958368, 93.73517045069985443, -3.742640687119281218 ) ) ;
#568 = CARTESIAN_POINT ( 'NONE',  ( -215.6979243689439727, 89.49252976358057765, 0.5000000000000004441 ) ) ;
#569 = DIRECTION ( 'NONE',  ( -0.000000000000000000, 0.000000000000000000, 1.000000000000000000 ) ) ;
#570 = ADVANCED_FACE ( 'NONE', ( #130 ), #337, .T. ) ;
#571 = CARTESIAN_POINT ( 'NONE',  ( -250.8253118757802156, 66.76218641072877347, 13.70000000000000462 ) ) ;
#572 = VERTEX_POINT ( 'NONE', #1009 ) ;
#573 = AXIS2_PLACEMENT_3D ( 'NONE', #592, #1056, #450 ) ;
#574 = CARTESIAN_POINT ( 'NONE',  ( -204.2172758322269033, 90.46135583687762960, 93.63381329295297917 ) ) ;
#575 = CIRCLE ( 'NONE', #191, 4.000000000000003553 ) ;
#576 = ORIENTED_EDGE ( 'NONE', *, *, #274, .F. ) ;
#577 = B_SPLINE_CURVE_WITH_KNOTS ( 'NONE', 3,
 ( #750, #2003, #1392, #153 ),
 .UNSPECIFIED., .F., .F.,
 ( 4, 4 ),
 ( 0.000000000000000000, 0.0009968834376756659493 ),
 .UNSPECIFIED. ) ;
#578 = LINE ( 'NONE', #1326, #1236 ) ;
#579 = CARTESIAN_POINT ( 'NONE',  ( -217.7138841530848197, 88.85690008521218886, 12.20000000000000284 ) ) ;
#580 = CARTESIAN_POINT ( 'NONE',  ( -200.4585053490832820, 89.09327526357493809, -1.000000000000000888 ) ) ;
#581 = CYLINDRICAL_SURFACE ( 'NONE', #1402, 6.000000000000004441 ) ;
#582 = EDGE_CURVE ( 'NONE', #1325, #473, #1641, .T. ) ;
#583 = CARTESIAN_POINT ( 'NONE',  ( -217.9082747609376725, 91.64389531520848209, 0.5000000000000004441 ) ) ;
#584 = ORIENTED_EDGE ( 'NONE', *, *, #555, .T. ) ;
#585 = DIRECTION ( 'NONE',  ( -1.000000000000000000, 0.000000000000000000, 0.000000000000000000 ) ) ;
#586 = CIRCLE ( 'NONE', #1069, 10.26250000000000817 ) ;
#587 = FACE_OUTER_BOUND ( 'NONE', #405, .T. ) ;
#588 = CARTESIAN_POINT ( 'NONE',  ( -204.2172758322269033, 90.46135583687762960, 18.12126473312075703 ) ) ;
#589 = CIRCLE ( 'NONE', #1898, 6.000000000000000000 ) ;
#590 = DIRECTION ( 'NONE',  ( 1.000000000000000000, 0.000000000000000000, 0.000000000000000000 ) ) ;
#591 = LINE ( 'NONE', #1505, #1807 ) ;
#592 = CARTESIAN_POINT ( 'NONE',  ( -211.8014365775958368, 80.44707277952254287, -1.000000000000000888 ) ) ;
#593 = ORIENTED_EDGE ( 'NONE', *, *, #1049, .T. ) ;
#594 = EDGE_CURVE ( 'NONE', #1534, #83, #251, .T. ) ;
#595 = CARTESIAN_POINT ( 'NONE',  ( -211.8014365775958368, 80.44707277952254287, -4.500000000000000888 ) ) ;
#596 = EDGE_CURVE ( 'NONE', #881, #572, #1186, .T. ) ;
#597 = AXIS2_PLACEMENT_3D ( 'NONE', #341, #1474, #808 ) ;
#599 = CONICAL_SURFACE ( 'NONE', #213, 5.999999999999950262, 0.7853981633974509435 ) ;
#598 = DIRECTION ( 'NONE',  ( 0.000000000000000000, 0.000000000000000000, -1.000000000000000000 ) ) ;
#600 = DIRECTION ( 'NONE',  ( 0.000000000000000000, 0.000000000000000000, -1.000000000000000000 ) ) ;
#601 = CARTESIAN_POINT ( 'NONE',  ( -260.9981796058988266, 66.76218641072877347, 13.95735931288069231 ) ) ;
#602 = DIRECTION ( 'NONE',  ( 0.000000000000000000, 0.000000000000000000, -1.000000000000000000 ) ) ;
#603 = ORIENTED_EDGE ( 'NONE', *, *, #1627, .T. ) ;
#604 = CARTESIAN_POINT ( 'NONE',  ( -247.4051104425235224, 67.36526020286969185, 93.63381329295297917 ) ) ;
#605 =( BOUNDED_CURVE ( )  B_SPLINE_CURVE ( 3, ( #446, #1511, #292, #902 ),
 .UNSPECIFIED., .F., .F. ) 
 B_SPLINE_CURVE_WITH_KNOTS ( ( 4, 4 ),
 ( 0.7853981633974517207, 1.421407150107719453 ),
 .UNSPECIFIED. ) 
 CURVE ( )  GEOMETRIC_REPRESENTATION_ITEM ( )  RATIONAL_B_SPLINE_CURVE ( ( 1.000000000000000000, 0.9665741649190089380, 0.9665741649190089380, 1.000000000000000000 ) ) 
 REPRESENTATION_ITEM ( '' )  );
#606 = EDGE_CURVE ( 'NONE', #58, #124, #1439, .T. ) ;
#607 = CARTESIAN_POINT ( 'NONE',  ( -250.8278675437761649, 66.76218641072877347, -1.000000000000000888 ) ) ;
#608 = CARTESIAN_POINT ( 'NONE',  ( -203.6473929777747003, 92.02709611121936462, 13.70000000000000462 ) ) ;
#609 = CARTESIAN_POINT ( 'NONE',  ( -204.8014365775958368, 80.44707277952254287, -6.999999999999995559 ) ) ;
#610 = CARTESIAN_POINT ( 'NONE',  ( -200.4585053490832820, 89.09327526357493809, 18.19999999999999574 ) ) ;
#611 = ORIENTED_EDGE ( 'NONE', *, *, #1311, .F. ) ;
#612 = ORIENTED_EDGE ( 'NONE', *, *, #1716, .T. ) ;
#613 = DIRECTION ( 'NONE',  ( -0.000000000000000000, -0.000000000000000000, -1.000000000000000000 ) ) ;
#614 = CARTESIAN_POINT ( 'NONE',  ( -215.6979243689439727, 97.97781113781914542, 2.985281374238577090 ) ) ;
#615 = DIRECTION ( 'NONE',  ( -1.000000000000000000, 0.000000000000000000, 0.000000000000000000 ) ) ;
#616 = VECTOR ( 'NONE', #162, 1000.000000000000000 ) ;
#617 = EDGE_CURVE ( 'NONE', #919, #1767, #1327, .T. ) ;
#618 = PLANE ( 'NONE',  #1737 ) ;
#619 = LINE ( 'NONE', #1720, #1371 ) ;
#620 = ADVANCED_FACE ( 'NONE', ( #1220 ), #599, .T. ) ;
#621 = CARTESIAN_POINT ( 'NONE',  ( -217.0479101064110807, 90.41516724877503464, 13.70000000000000107 ) ) ;
#622 = ORIENTED_EDGE ( 'NONE', *, *, #617, .F. ) ;
#623 = ORIENTED_EDGE ( 'NONE', *, *, #972, .T. ) ;
#624 = DIRECTION ( 'NONE',  ( -0.000000000000000000, -0.000000000000000000, 1.000000000000000000 ) ) ;
#625 = DIRECTION ( 'NONE',  ( -0.5735764363510490460, 0.8191520442889898002, 0.000000000000000000 ) ) ;
#626 = CARTESIAN_POINT ( 'NONE',  ( -219.1393829870502543, 90.89272340355307733, -5.500000000000000000 ) ) ;
#627 = DIRECTION ( 'NONE',  ( 0.000000000000000000, 0.000000000000000000, -1.000000000000000000 ) ) ;
#628 = EDGE_CURVE ( 'NONE', #515, #1453, #631, .T. ) ;
#629 = DIRECTION ( 'NONE',  ( 0.8191520442889911324, 0.5735764363510470476, 0.000000000000000000 ) ) ;
#630 = AXIS2_PLACEMENT_3D ( 'NONE', #240, #1411, #549 ) ;
#631 = CIRCLE ( 'NONE', #857, 4.000000000000003553 ) ;
#632 = DIRECTION ( 'NONE',  ( 1.000000000000000000, -0.000000000000000000, 0.000000000000000000 ) ) ;
#633 = EDGE_CURVE ( 'NONE', #1826, #774, #888, .T. ) ;
#634 = ORIENTED_EDGE ( 'NONE', *, *, #1924, .T. ) ;
#635 = ORIENTED_EDGE ( 'NONE', *, *, #1008, .F. ) ;
#636 = LINE ( 'NONE', #604, #1279 ) ;
#637 = CARTESIAN_POINT ( 'NONE',  ( -249.6301596879650049, 66.81567475729784178, -5.500000000000000000 ) ) ;
#638 = DIRECTION ( 'NONE',  ( -1.000000000000000000, 0.000000000000000000, 0.000000000000000000 ) ) ;
#639 = DIRECTION ( 'NONE',  ( -0.000000000000000000, 0.000000000000000000, 1.000000000000000000 ) ) ;
#640 = AXIS2_PLACEMENT_3D ( 'NONE', #1306, #386, #48 ) ;
#641 = CARTESIAN_POINT ( 'NONE',  ( -201.7061167864994218, 97.36070861167308976, 12.81710252614602830 ) ) ;
#642 = EDGE_LOOP ( 'NONE', ( #984, #1753, #1961, #1455, #1435, #1489, #705, #1192, #1481, #1361, #1332, #1409, #560, #220 ) ) ;
#643 = ADVANCED_FACE ( 'NONE', ( #5, #1870 ), #618, .T. ) ;
#644 = VERTEX_POINT ( 'NONE', #913 ) ;
#645 = DIRECTION ( 'NONE',  ( 0.000000000000000000, 0.000000000000000000, -1.000000000000000000 ) ) ;
#646 = DIRECTION ( 'NONE',  ( -1.000000000000000000, 0.000000000000000000, 0.000000000000000000 ) ) ;
#647 = ORIENTED_EDGE ( 'NONE', *, *, #1824, .F. ) ;
#648 = LINE ( 'NONE', #1266, #81 ) ;
#649 = DIRECTION ( 'NONE',  ( -1.000000000000000000, 0.000000000000000000, 0.000000000000000000 ) ) ;
#650 = CARTESIAN_POINT ( 'NONE',  ( -204.2172758322269033, 90.46135583687762960, 13.70000000000000462 ) ) ;
#651 = ORIENTED_EDGE ( 'NONE', *, *, #1986, .F. ) ;
#652 = VECTOR ( 'NONE', #1247, 1000.000000000000000 ) ;
#653 = ORIENTED_EDGE ( 'NONE', *, *, #1897, .T. ) ;
#654 = DIRECTION ( 'NONE',  ( -0.000000000000000000, -0.000000000000000000, 1.000000000000000000 ) ) ;
#655 = EDGE_CURVE ( 'NONE', #919, #670, #1340, .T. ) ;
#656 = DIRECTION ( 'NONE',  ( 0.000000000000000000, 0.000000000000000000, -1.000000000000000000 ) ) ;
#657 = EDGE_CURVE ( 'NONE', #1650, #1703, #1602, .T. ) ;
#658 = ORIENTED_EDGE ( 'NONE', *, *, #483, .F. ) ;
#659 = CARTESIAN_POINT ( 'NONE',  ( -205.8014365775958368, 80.44707277952254287, 17.19999999999999929 ) ) ;
#660 = DIRECTION ( 'NONE',  ( 0.000000000000000000, 0.000000000000000000, -1.000000000000000000 ) ) ;
#661 = AXIS2_PLACEMENT_3D ( 'NONE', #439, #1832, #1046 ) ;
#662 = AXIS2_PLACEMENT_3D ( 'NONE', #1043, #547, #892 ) ;
#663 = ORIENTED_EDGE ( 'NONE', *, *, #322, .T. ) ;
#664 = AXIS2_PLACEMENT_3D ( 'NONE', #319, #1675, #283 ) ;
#665 = ORIENTED_EDGE ( 'NONE', *, *, #1250, .T. ) ;
#666 = FACE_OUTER_BOUND ( 'NONE', #992, .T. ) ;
#667 = EDGE_LOOP ( 'NONE', ( #1478, #663, #1557, #1927 ) ) ;
#668 = CARTESIAN_POINT ( 'NONE',  ( -219.1393829870502543, 90.89272340355309154, 2.985281374238577090 ) ) ;
#669 = EDGE_CURVE ( 'NONE', #340, #1757, #1719, .T. ) ;
#670 = VERTEX_POINT ( 'NONE', #46 ) ;
#671 = DIRECTION ( 'NONE',  ( 0.000000000000000000, 0.000000000000000000, -1.000000000000000000 ) ) ;
#672 = AXIS2_PLACEMENT_3D ( 'NONE', #1141, #367, #530 ) ;
#673 = DIRECTION ( 'NONE',  ( 1.000000000000000000, -4.981674600970605889E-16, 0.000000000000000000 ) ) ;
#674 = EDGE_LOOP ( 'NONE', ( #623, #765, #1916, #1621 ) ) ;
#675 = VECTOR ( 'NONE', #693, 1000.000000000000114 ) ;
#676 = ORIENTED_EDGE ( 'NONE', *, *, #241, .F. ) ;
#677 = VERTEX_POINT ( 'NONE', #236 ) ;
#678 = CARTESIAN_POINT ( 'NONE',  ( -250.8253118757802156, 66.76218641072877347, -1.000000000000000888 ) ) ;
#679 = VERTEX_POINT ( 'NONE', #345 ) ;
#680 = DIRECTION ( 'NONE',  ( -0.9999619230641713097, -0.008726535498373544364, -0.000000000000000000 ) ) ;
#681 = EDGE_CURVE ( 'NONE', #1598, #1287, #1246, .T. ) ;
#682 = DIRECTION ( 'NONE',  ( 0.000000000000000000, 0.000000000000000000, 1.000000000000000000 ) ) ;
#683 = EDGE_CURVE ( 'NONE', #774, #867, #518, .T. ) ;
#684 = VERTEX_POINT ( 'NONE', #659 ) ;
#685 = CYLINDRICAL_SURFACE ( 'NONE', #1316, 4.000000000000003553 ) ;
#686 = CIRCLE ( 'NONE', #941, 1.499999999999998224 ) ;
#687 = ORIENTED_EDGE ( 'NONE', *, *, #628, .T. ) ;
#688 = DIRECTION ( 'NONE',  ( -1.000000000000000000, 0.000000000000000000, 0.000000000000000000 ) ) ;
#689 = ORIENTED_EDGE ( 'NONE', *, *, #494, .T. ) ;
#690 = DIRECTION ( 'NONE',  ( -0.000000000000000000, -0.000000000000000000, -1.000000000000000000 ) ) ;
#691 = CARTESIAN_POINT ( 'NONE',  ( -200.4585053490832820, 89.09327526357493809, -5.500000000000000000 ) ) ;
#692 = ADVANCED_FACE ( 'NONE', ( #1594 ), #1639, .T. ) ;
#693 = DIRECTION ( 'NONE',  ( -0.2492435693639588334, -0.6847910787717370606, 0.6847910787717330638 ) ) ;
#694 = ORIENTED_EDGE ( 'NONE', *, *, #1924, .F. ) ;
#695 = ADVANCED_FACE ( 'NONE', ( #1295 ), #526, .T. ) ;
#696 = CARTESIAN_POINT ( 'NONE',  ( -215.6979243689439727, 85.97781113781914542, -1.257359312880713897 ) ) ;
#697 = ORIENTED_EDGE ( 'NONE', *, *, #1011, .T. ) ;
#698 = CIRCLE ( 'NONE', #1244, 6.000000000000005329 ) ;
#699 = DIRECTION ( 'NONE',  ( 0.000000000000000000, 0.000000000000000000, -1.000000000000000000 ) ) ;
#700 = VECTOR ( 'NONE', #534, 1000.000000000000000 ) ;
#701 = EDGE_LOOP ( 'NONE', ( #603, #542, #1176, #928 ) ) ;
#702 = DIRECTION ( 'NONE',  ( -1.000000000000000000, 0.000000000000000000, 0.000000000000000000 ) ) ;
#703 = CARTESIAN_POINT ( 'NONE',  ( -202.1211363162908583, 96.22045182493840798, 13.95735931288070297 ) ) ;
#704 = DIRECTION ( 'NONE',  ( 1.000000000000000000, 0.000000000000000000, 0.000000000000000000 ) ) ;
#705 = ORIENTED_EDGE ( 'NONE', *, *, #412, .T. ) ;
#706 = CLOSED_SHELL ( 'NONE', ( #960, #1937, #379, #1272, #4, #1128, #1027, #939, #1740, #394, #1200, #871, #1726, #1813, #1437, #68, #1039, #695, #1492, #347, #1397, #1498, #1252, #736, #1277, #643, #844, #1784, #840, #747, #42, #76, #802, #1163, #1140, #757, #272, #1900, #1962, #777, #1477, #620, #1658, #853, #1370, #320, #1501, #891, #1420, #1642, #368, #1535, #915, #692, #1647, #709, #570, #1926, #1204, #1934, #161, #383, #1359, #1434, #1912, #983 ) ) ;
#707 = DIRECTION ( 'NONE',  ( 0.000000000000000000, 0.000000000000000000, -1.000000000000000000 ) ) ;
#708 = ORIENTED_EDGE ( 'NONE', *, *, #1587, .F. ) ;
#709 = ADVANCED_FACE ( 'NONE', ( #1775 ), #1914, .T. ) ;
#710 = AXIS2_PLACEMENT_3D ( 'NONE', #195, #1138, #824 ) ;
#711 = DIRECTION ( 'NONE',  ( -0.9999619230641713097, -0.008726535498382287370, -8.073667196260649341E-17 ) ) ;
#712 = ORIENTED_EDGE ( 'NONE', *, *, #331, .F. ) ;
#713 = DIRECTION ( 'NONE',  ( -0.000000000000000000, -0.000000000000000000, 1.000000000000000000 ) ) ;
#714 = DIRECTION ( 'NONE',  ( -1.000000000000000000, 0.000000000000000000, 0.000000000000000000 ) ) ;
#715 = CARTESIAN_POINT ( 'NONE',  ( -239.6591127997854187, 70.18457277952254003, -1.000000000000000888 ) ) ;
#716 = ORIENTED_EDGE ( 'NONE', *, *, #972, .F. ) ;
#717 = DIRECTION ( 'NONE',  ( 0.000000000000000000, 0.000000000000000000, -1.000000000000000000 ) ) ;
#718 = ORIENTED_EDGE ( 'NONE', *, *, #27, .F. ) ;
#719 = EDGE_CURVE ( 'NONE', #1134, #1703, #1213, .T. ) ;
#720 = DIRECTION ( 'NONE',  ( -0.000000000000000000, -0.000000000000000000, -1.000000000000000000 ) ) ;
#721 = AXIS2_PLACEMENT_3D ( 'NONE', #1393, #779, #478 ) ;
#722 = ORIENTED_EDGE ( 'NONE', *, *, #90, .T. ) ;
#723 = DIRECTION ( 'NONE',  ( -0.000000000000000000, -0.000000000000000000, 1.000000000000000000 ) ) ;
#724 =( NAMED_UNIT ( * ) SI_UNIT ( $, .STERADIAN. ) SOLID_ANGLE_UNIT ( ) );
#725 = CARTESIAN_POINT ( 'NONE',  ( -262.9861566469165837, 66.76218641072877347, 12.81710252614601764 ) ) ;
#726 = CARTESIAN_POINT ( 'NONE',  ( -206.9989365775958277, 80.44707277952254287, 93.63381329295297917 ) ) ;
#727 = VERTEX_POINT ( 'NONE', #833 ) ;
#728 = DIRECTION ( 'NONE',  ( -1.000000000000000000, -0.000000000000000000, -0.000000000000000000 ) ) ;
#729 = CIRCLE ( 'NONE', #856, 4.802500000000015312 ) ;
#730 = VECTOR ( 'NONE', #680, 1000.000000000000114 ) ;
#731 = AXIS2_PLACEMENT_3D ( 'NONE', #595, #1529, #1714 ) ;
#732 = ORIENTED_EDGE ( 'NONE', *, *, #806, .T. ) ;
#733 = DIRECTION ( 'NONE',  ( -0.000000000000000000, 0.000000000000000000, 1.000000000000000000 ) ) ;
#734 = CARTESIAN_POINT ( 'NONE',  ( -211.8014365775958368, 80.44707277952254287, -6.999999999999995559 ) ) ;
#735 = ADVANCED_BREP_SHAPE_REPRESENTATION ( 'Fork Tip', ( #1654, #815 ), #1865 ) ;
#736 = ADVANCED_FACE ( 'NONE', ( #217 ), #508, .T. ) ;
#737 = DIRECTION ( 'NONE',  ( 0.000000000000000000, 0.000000000000000000, -1.000000000000000000 ) ) ;
#738 = CARTESIAN_POINT ( 'NONE',  ( -212.2597757524109170, 93.45199410296031317, 0.5000000000000004441 ) ) ;
#739 = VERTEX_POINT ( 'NONE', #227 ) ;
#740 = VECTOR ( 'NONE', #110, 1000.000000000000000 ) ;
#741 = CARTESIAN_POINT ( 'NONE',  ( -217.8014365775958368, 80.44707277952254287, -3.270562748477168658 ) ) ;
#742 = DIRECTION ( 'NONE',  ( -0.000000000000000000, 0.000000000000000000, 1.000000000000000000 ) ) ;
#743 = CARTESIAN_POINT ( 'NONE',  ( -215.6979243689439727, 91.97781113781914542, 2.985281374238574426 ) ) ;
#744 = CARTESIAN_POINT ( 'NONE',  ( -203.0996771163694632, 93.53193307270734635, 12.20000000000000284 ) ) ;
#745 = SURFACE_STYLE_FILL_AREA ( #449 ) ;
#746 = DIRECTION ( 'NONE',  ( -1.000000000000000000, -1.387778780781444492E-15, 0.000000000000000000 ) ) ;
#747 = ADVANCED_FACE ( 'NONE', ( #206 ), #811, .T. ) ;
#748 = ORIENTED_EDGE ( 'NONE', *, *, #1250, .F. ) ;
#749 = DIRECTION ( 'NONE',  ( -1.000000000000000000, 0.000000000000000000, 0.000000000000000000 ) ) ;
#750 = CARTESIAN_POINT ( 'NONE',  ( -204.4385299525530968, 89.49252976358057765, -5.500000000000000000 ) ) ;
#751 = DIRECTION ( 'NONE',  ( 0.000000000000000000, 0.000000000000000000, 1.000000000000000000 ) ) ;
#752 = VECTOR ( 'NONE', #1618, 1000.000000000000000 ) ;
#753 = CARTESIAN_POINT ( 'NONE',  ( -239.6591127997854187, 70.18457277952254003, 13.70000000000000462 ) ) ;
#754 = CARTESIAN_POINT ( 'NONE',  ( -217.6978986123734217, 88.86809328132068231, -5.500000000000000000 ) ) ;
#755 = FACE_BOUND ( 'NONE', #1609, .T. ) ;
#756 = ORIENTED_EDGE ( 'NONE', *, *, #1689, .T. ) ;
#757 = ADVANCED_FACE ( 'NONE', ( #822 ), #59, .F. ) ;
#758 = LINE ( 'NONE', #1879, #370 ) ;
#759 = VECTOR ( 'NONE', #165, 1000.000000000000000 ) ;
#760 = DIRECTION ( 'NONE',  ( 0.000000000000000000, 0.000000000000000000, -1.000000000000000000 ) ) ;
#761 = FACE_OUTER_BOUND ( 'NONE', #870, .T. ) ;
#762 = AXIS2_PLACEMENT_3D ( 'NONE', #1182, #711, #80 ) ;
#763 = DIRECTION ( 'NONE',  ( 1.000000000000000000, -6.530723674265620862E-15, 0.000000000000000000 ) ) ;
#764 = VERTEX_POINT ( 'NONE', #851 ) ;
#765 = ORIENTED_EDGE ( 'NONE', *, *, #1745, .T. ) ;
#766 = DIRECTION ( 'NONE',  ( 0.000000000000000000, 0.000000000000000000, -1.000000000000000000 ) ) ;
#767 = EDGE_CURVE ( 'NONE', #1291, #507, #648, .T. ) ;
#768 = CARTESIAN_POINT ( 'NONE',  ( -211.8014365775958368, 80.44707277952254287, 93.63381329295297917 ) ) ;
#769 = EDGE_CURVE ( 'NONE', #847, #944, #497, .T. ) ;
#770 = CARTESIAN_POINT ( 'NONE',  ( -211.8014365775958368, 80.44707277952254287, 15.97056274847716928 ) ) ;
#771 = DIRECTION ( 'NONE',  ( -1.000000000000000000, 0.000000000000000000, 0.000000000000000000 ) ) ;
#772 = CARTESIAN_POINT ( 'NONE',  ( -204.4585053490832820, 89.09327526357493809, 93.63381329295297917 ) ) ;
#773 = CARTESIAN_POINT ( 'NONE',  ( -249.0620420686955754, 66.76218641072877347, -1.000000000000000888 ) ) ;
#774 = VERTEX_POINT ( 'NONE', #957 ) ;
#775 = ORIENTED_EDGE ( 'NONE', *, *, #1526, .F. ) ;
#776 = FACE_OUTER_BOUND ( 'NONE', #511, .T. ) ;
#777 = ADVANCED_FACE ( 'NONE', ( #1288 ), #1922, .T. ) ;
#778 = CARTESIAN_POINT ( 'NONE',  ( -222.5808416051565075, 95.80763566928703767, 12.19999999999997442 ) ) ;
#779 = DIRECTION ( 'NONE',  ( 0.9999619230641714207, 0.008726535498373546099, 0.000000000000000000 ) ) ;
#780 = AXIS2_PLACEMENT_3D ( 'NONE', #1727, #931, #1095 ) ;
#781 = EDGE_CURVE ( 'NONE', #525, #1310, #1007, .T. ) ;
#782 = VECTOR ( 'NONE', #1356, 1000.000000000000000 ) ;
#783 = DIRECTION ( 'NONE',  ( -0.000000000000000000, -0.000000000000000000, 1.000000000000000000 ) ) ;
#784 = CARTESIAN_POINT ( 'NONE',  ( -253.4430377372078453, 66.76218641072877347, 0.5000000000000004441 ) ) ;
#785 = CARTESIAN_POINT ( 'NONE',  ( -202.1211363162908583, 96.22045182493840798, 13.95735931288070297 ) ) ;
#786 = ORIENTED_EDGE ( 'NONE', *, *, #1959, .T. ) ;
#787 = VERTEX_POINT ( 'NONE', #127 ) ;
#788 = LINE ( 'NONE', #1068, #981 ) ;
#789 = DIRECTION ( 'NONE',  ( -1.000000000000000000, 0.000000000000000000, 0.000000000000000000 ) ) ;
#790 = DIRECTION ( 'NONE',  ( 0.8191520442889911324, 0.5735764363510471586, -0.000000000000000000 ) ) ;
#791 = CARTESIAN_POINT ( 'NONE',  ( -194.1442940256639247, 72.58085664290631200, 18.19999999999999929 ) ) ;
#792 = EDGE_CURVE ( 'NONE', #1795, #1029, #1147, .T. ) ;
#793 =( GEOMETRIC_REPRESENTATION_CONTEXT ( 3 ) GLOBAL_UNCERTAINTY_ASSIGNED_CONTEXT ( ( #1788 ) ) GLOBAL_UNIT_ASSIGNED_CONTEXT ( ( #1524, #2006, #1099 ) ) REPRESENTATION_CONTEXT ( 'NONE', 'WORKASPACE' ) );
#794 = CARTESIAN_POINT ( 'NONE',  ( -253.4430377372078453, 66.76218641072877347, 12.20000000000000284 ) ) ;
#795 = ORIENTED_EDGE ( 'NONE', *, *, #1584, .F. ) ;
#796 = ORIENTED_EDGE ( 'NONE', *, *, #1008, .T. ) ;
#797 = DIRECTION ( 'NONE',  ( 0.000000000000000000, -0.000000000000000000, -1.000000000000000000 ) ) ;
#798 = ORIENTED_EDGE ( 'NONE', *, *, #1464, .T. ) ;
#799 = CARTESIAN_POINT ( 'NONE',  ( -187.0383108622336863, 137.6601741815351829, 40.18236304371596646 ) ) ;
#800 = EDGE_LOOP ( 'NONE', ( #1692, #1092 ) ) ;
#801 = CARTESIAN_POINT ( 'NONE',  ( -237.8958429927007501, 60.18457277952254003, -5.500000000000005329 ) ) ;
#802 = ADVANCED_FACE ( 'NONE', ( #1355, #96 ), #1670, .F. ) ;
#803 = CIRCLE ( 'NONE', #1617, 4.000000000000003553 ) ;
#804 = LINE ( 'NONE', #498, #158 ) ;
#805 = EDGE_LOOP ( 'NONE', ( #390, #45, #10, #1945 ) ) ;
#806 = EDGE_CURVE ( 'NONE', #1650, #1728, #1177, .T. ) ;
#807 = ORIENTED_EDGE ( 'NONE', *, *, #1836, .F. ) ;
#808 = DIRECTION ( 'NONE',  ( -1.000000000000000000, 0.000000000000000000, 0.000000000000000000 ) ) ;
#809 = DIRECTION ( 'NONE',  ( 0.000000000000000000, 0.000000000000000000, -1.000000000000000000 ) ) ;
#810 = ORIENTED_EDGE ( 'NONE', *, *, #792, .F. ) ;
#811 = PLANE ( 'NONE',  #369 ) ;
#812 = PRODUCT_DEFINITION_SHAPE ( 'NONE', 'NONE',  #1884 ) ;
#813 = CARTESIAN_POINT ( 'NONE',  ( -216.8334736959675695, 55.79863708687913970, 54.37917405093973144 ) ) ;
#814 = ORIENTED_EDGE ( 'NONE', *, *, #1348, .T. ) ;
#815 = AXIS2_PLACEMENT_3D ( 'NONE', #250, #1943, #228 ) ;
#816 = ORIENTED_EDGE ( 'NONE', *, *, #486, .F. ) ;
#817 = FACE_OUTER_BOUND ( 'NONE', #832, .T. ) ;
#818 = ORIENTED_EDGE ( 'NONE', *, *, #1959, .F. ) ;
#819 = EDGE_CURVE ( 'NONE', #1889, #1139, #1336, .T. ) ;
#820 = DIRECTION ( 'NONE',  ( 0.000000000000000000, -0.000000000000000000, -1.000000000000000000 ) ) ;
#821 = ORIENTED_EDGE ( 'NONE', *, *, #594, .F. ) ;
#822 = FACE_OUTER_BOUND ( 'NONE', #1693, .T. ) ;
#823 = FACE_OUTER_BOUND ( 'NONE', #1969, .T. ) ;
#824 = DIRECTION ( 'NONE',  ( -1.000000000000000000, 0.000000000000000000, 0.000000000000000000 ) ) ;
#825 = MECHANICAL_DESIGN_GEOMETRIC_PRESENTATION_REPRESENTATION (  '', ( #1536 ), #793 ) ;
#826 = AXIS2_PLACEMENT_3D ( 'NONE', #1625, #1941, #536 ) ;
#827 = ORIENTED_EDGE ( 'NONE', *, *, #1404, .T. ) ;
#828 = CONICAL_SURFACE ( 'NONE', #471, 5.999999999999977796, 0.7853981633974488341 ) ;
#829 = CARTESIAN_POINT ( 'NONE',  ( -264.0620420686955754, 66.76218641072877347, 93.63381329295297917 ) ) ;
#830 = EDGE_CURVE ( 'NONE', #1767, #282, #1974, .T. ) ;
#831 = CYLINDRICAL_SURFACE ( 'NONE', #150, 4.000000000000003553 ) ;
#832 = EDGE_LOOP ( 'NONE', ( #355, #1241 ) ) ;
#833 = CARTESIAN_POINT ( 'NONE',  ( -256.6652237577657161, 66.76218641072877347, 16.44264068711929738 ) ) ;
#834 = DIRECTION ( 'NONE',  ( 0.5735764363510501562, -0.8191520442889890230, 0.000000000000000000 ) ) ;
#835 = CARTESIAN_POINT ( 'NONE',  ( -253.4430377372078453, 66.76218641072877347, -64.67245072062286226 ) ) ;
#836 = ORIENTED_EDGE ( 'NONE', *, *, #1375, .T. ) ;
#837 = TOROIDAL_SURFACE ( 'NONE', #710, 3.514718625761424686, 6.000000000000000000 ) ;
#838 = ORIENTED_EDGE ( 'NONE', *, *, #1712, .T. ) ;
#839 = VERTEX_POINT ( 'NONE', #1502 ) ;
#840 = ADVANCED_FACE ( 'NONE', ( #587 ), #1953, .T. ) ;
#841 = ORIENTED_EDGE ( 'NONE', *, *, #1860, .F. ) ;
#842 = CARTESIAN_POINT ( 'NONE',  ( -114.7481737815654128, 163.8773756634399774, -64.67245072062286226 ) ) ;
#843 = CARTESIAN_POINT ( 'NONE',  ( -260.9981796058988834, 66.76218641072877347, -1.257359312880707014 ) ) ;
#844 = ADVANCED_FACE ( 'NONE', ( #393 ), #1651, .F. ) ;
#845 = LINE ( 'NONE', #813, #675 ) ;
#846 = ORIENTED_EDGE ( 'NONE', *, *, #1151, .T. ) ;
#847 = VERTEX_POINT ( 'NONE', #427 ) ;
#848 = VERTEX_POINT ( 'NONE', #259 ) ;
#849 = FACE_OUTER_BOUND ( 'NONE', #1538, .T. ) ;
#850 = ORIENTED_EDGE ( 'NONE', *, *, #1587, .T. ) ;
#851 = CARTESIAN_POINT ( 'NONE',  ( -203.3014365775957799, 80.44707277952254287, 18.19999999999999929 ) ) ;
#852 = DIRECTION ( 'NONE',  ( -1.000000000000000000, 0.000000000000000000, 0.000000000000000000 ) ) ;
#853 = ADVANCED_FACE ( 'NONE', ( #1314 ), #1207, .F. ) ;
#854 = CARTESIAN_POINT ( 'NONE',  ( -212.1725103974271747, 83.45237487231858609, 12.20000000000000284 ) ) ;
#855 = EDGE_LOOP ( 'NONE', ( #1001, #976 ) ) ;
#856 = AXIS2_PLACEMENT_3D ( 'NONE', #1367, #569, #1188 ) ;
#857 = AXIS2_PLACEMENT_3D ( 'NONE', #1098, #1687, #638 ) ;
#858 = VERTEX_POINT ( 'NONE', #1482 ) ;
#859 = ORIENTED_EDGE ( 'NONE', *, *, #1063, .F. ) ;
#860 = AXIS2_PLACEMENT_3D ( 'NONE', #290, #624, #1373 ) ;
#861 = LINE ( 'NONE', #1827, #1880 ) ;
#862 = VECTOR ( 'NONE', #193, 999.9999999999998863 ) ;
#863 = VERTEX_POINT ( 'NONE', #1676 ) ;
#864 = FACE_OUTER_BOUND ( 'NONE', #1121, .T. ) ;
#865 = CARTESIAN_POINT ( 'NONE',  ( -203.6396955271060563, 86.66839814271887121, 93.63381329295297917 ) ) ;
#866 = CARTESIAN_POINT ( 'NONE',  ( -201.4815098354917211, 97.97781113781914542, 93.63381329295297917 ) ) ;
#867 = VERTEX_POINT ( 'NONE', #249 ) ;
#868 = EDGE_CURVE ( 'NONE', #1779, #1325, #578, .T. ) ;
#869 = VERTEX_POINT ( 'NONE', #874 ) ;
#870 = EDGE_LOOP ( 'NONE', ( #816, #1253, #1567, #1590 ) ) ;
#871 = ADVANCED_FACE ( 'NONE', ( #864 ), #557, .T. ) ;
#872 = LINE ( 'NONE', #1354, #1443 ) ;
#873 = EDGE_LOOP ( 'NONE', ( #262, #30, #1956, #1577, #521, #1388, #33, #1855, #584, #1547, #1168, #846, #1129, #980 ) ) ;
#874 = CARTESIAN_POINT ( 'NONE',  ( -247.4051104425235224, 67.36526020286969185, -1.000000000000000888 ) ) ;
#875 = CARTESIAN_POINT ( 'NONE',  ( -260.9981796058988834, 66.76218641072877347, -1.257359312880707014 ) ) ;
#876 = CARTESIAN_POINT ( 'NONE',  ( -206.9989365775958277, 80.44707277952254287, 93.63381329295297917 ) ) ;
#877 = ORIENTED_EDGE ( 'NONE', *, *, #719, .T. ) ;
#878 = VECTOR ( 'NONE', #1739, 1000.000000000000000 ) ;
#879 = CARTESIAN_POINT ( 'NONE',  ( -215.6979243689439727, 91.97781113781913120, -5.500000000000000000 ) ) ;
#880 = EDGE_CURVE ( 'NONE', #937, #1982, #456, .T. ) ;
#881 = VERTEX_POINT ( 'NONE', #1972 ) ;
#882 = DIRECTION ( 'NONE',  ( 0.8191520442889911324, 0.5735764363510471586, 0.000000000000000000 ) ) ;
#883 = DIRECTION ( 'NONE',  ( -0.000000000000000000, 0.000000000000000000, 1.000000000000000000 ) ) ;
#884 = CARTESIAN_POINT ( 'NONE',  ( -218.8014365775958368, 80.44707277952254287, 19.70000000000003837 ) ) ;
#885 = DIRECTION ( 'NONE',  ( 1.000000000000000000, 0.000000000000000000, 0.000000000000000000 ) ) ;
#886 = ORIENTED_EDGE ( 'NONE', *, *, #1553, .T. ) ;
#887 = DIRECTION ( 'NONE',  ( 0.000000000000000000, 0.000000000000000000, -1.000000000000000000 ) ) ;
#888 =( BOUNDED_CURVE ( )  B_SPLINE_CURVE ( 3, ( #1384, #164, #466, #448 ),
 .UNSPECIFIED., .F., .F. ) 
 B_SPLINE_CURVE_WITH_KNOTS ( ( 4, 4 ),
 ( 0.000000000000000000, 1.570796326794888564 ),
 .UNSPECIFIED. ) 
 CURVE ( )  GEOMETRIC_REPRESENTATION_ITEM ( )  RATIONAL_B_SPLINE_CURVE ( ( 1.000000000000000000, 0.8047378541243668248, 0.8047378541243668248, 1.000000000000000000 ) ) 
 REPRESENTATION_ITEM ( '' )  );
#889 = AXIS2_PLACEMENT_3D ( 'NONE', #854, #88, #704 ) ;
#890 = VECTOR ( 'NONE', #671, 1000.000000000000000 ) ;
#891 = ADVANCED_FACE ( 'NONE', ( #566 ), #1560, .T. ) ;
#892 = DIRECTION ( 'NONE',  ( 1.000000000000000000, 0.000000000000000000, 0.000000000000000000 ) ) ;
#893 = CARTESIAN_POINT ( 'NONE',  ( -203.3517974321912050, 92.83923819800151023, 17.33857293981759184 ) ) ;
#894 = EDGE_CURVE ( 'NONE', #1757, #863, #1591, .T. ) ;
#895 = DIRECTION ( 'NONE',  ( -1.000000000000000000, 0.000000000000000000, 0.000000000000000000 ) ) ;
#896 = CARTESIAN_POINT ( 'NONE',  ( -200.4585053490832820, 89.09327526357493809, 18.19999999999999574 ) ) ;
#897 = DIRECTION ( 'NONE',  ( 1.000000000000000000, 0.000000000000000000, 0.000000000000000000 ) ) ;
#898 = VERTEX_POINT ( 'NONE', #607 ) ;
#899 = DIRECTION ( 'NONE',  ( -0.8191520442889911324, -0.5735764363510471586, 0.000000000000000000 ) ) ;
#900 = AXIS2_PLACEMENT_3D ( 'NONE', #1075, #1698, #632 ) ;
#901 = DIRECTION ( 'NONE',  ( 1.000000000000000000, 0.000000000000000000, 0.000000000000000000 ) ) ;
#902 = CARTESIAN_POINT ( 'NONE',  ( -250.8253118757802156, 66.76218641072877347, -5.433173042606403769 ) ) ;
#903 = CARTESIAN_POINT ( 'NONE',  ( 1.585438958861282608E-14, 66.76218641072871662, -1.000000000000000888 ) ) ;
#904 = SURFACE_STYLE_USAGE ( .BOTH. , #1055 ) ;
#905 = EDGE_CURVE ( 'NONE', #41, #937, #1530, .T. ) ;
#906 = CARTESIAN_POINT ( 'NONE',  ( -204.4585053490832820, 89.09327526357493809, 18.19999999999999574 ) ) ;
#907 = EDGE_LOOP ( 'NONE', ( #216, #226 ) ) ;
#908 = CARTESIAN_POINT ( 'NONE',  ( -211.8014365775958368, 80.44707277952254287, 19.70000000000000284 ) ) ;
#909 = AXIS2_PLACEMENT_3D ( 'NONE', #108, #723, #1983 ) ;
#910 = CYLINDRICAL_SURFACE ( 'NONE', #197, 6.000000000000009770 ) ;
#911 = LINE ( 'NONE', #1083, #782 ) ;
#912 = AXIS2_PLACEMENT_3D ( 'NONE', #1677, #145, #1869 ) ;
#913 = CARTESIAN_POINT ( 'NONE',  ( -249.0385998318577663, 66.92309803465944640, -5.500000000000005329 ) ) ;
#914 = PRESENTATION_STYLE_ASSIGNMENT (( #904 ) ) ;
#915 = ADVANCED_FACE ( 'NONE', ( #1857 ), #910, .T. ) ;
#916 = CARTESIAN_POINT ( 'NONE',  ( -203.0257047602898979, 93.73517045069986864, -3.742640687119283438 ) ) ;
#917 = ORIENTED_EDGE ( 'NONE', *, *, #1697, .F. ) ;
#918 = EDGE_CURVE ( 'NONE', #299, #898, #1376, .T. ) ;
#919 = VERTEX_POINT ( 'NONE', #1382 ) ;
#920 = DIRECTION ( 'NONE',  ( 0.000000000000000000, 0.000000000000000000, 1.000000000000000000 ) ) ;
#922 = AXIS2_PLACEMENT_3D ( 'NONE', #1346, #742, #901 ) ;
#921 = CARTESIAN_POINT ( 'NONE',  ( -203.6396955271060563, 86.66839814271887121, 93.63381329295297917 ) ) ;
#923 = FACE_OUTER_BOUND ( 'NONE', #1843, .T. ) ;
#924 = CARTESIAN_POINT ( 'NONE',  ( -201.4815098354917211, 97.97781113781914542, 12.19999999999997442 ) ) ;
#925 = CARTESIAN_POINT ( 'NONE',  ( -237.8958429927007501, 60.18457277952254003, 13.70000000000000462 ) ) ;
#926 = ORIENTED_EDGE ( 'NONE', *, *, #918, .F. ) ;
#927 = EDGE_CURVE ( 'NONE', #358, #1919, #144, .T. ) ;
#928 = ORIENTED_EDGE ( 'NONE', *, *, #1770, .F. ) ;
#929 = DIRECTION ( 'NONE',  ( 0.000000000000000000, 0.000000000000000000, 1.000000000000000000 ) ) ;
#930 = EDGE_CURVE ( 'NONE', #1598, #344, #311, .T. ) ;
#931 = DIRECTION ( 'NONE',  ( 0.000000000000000000, 0.000000000000000000, -1.000000000000000000 ) ) ;
#932 = CARTESIAN_POINT ( 'NONE',  ( -222.5808416051565075, 95.80763566928703767, 2.985281374238590857 ) ) ;
#933 = AXIS2_PLACEMENT_3D ( 'NONE', #1787, #1766, #527 ) ;
#934 = CARTESIAN_POINT ( 'NONE',  ( -211.8014365775958368, 80.44707277952254287, -1.000000000000000888 ) ) ;
#935 = CARTESIAN_POINT ( 'NONE',  ( -220.3014365775958368, 80.44707277952254287, -5.500000000000000000 ) ) ;
#936 = ORIENTED_EDGE ( 'NONE', *, *, #286, .F. ) ;
#937 = VERTEX_POINT ( 'NONE', #614 ) ;
#938 = CARTESIAN_POINT ( 'NONE',  ( -211.8014365775958368, 80.44707277952254287, 93.63381329295297917 ) ) ;
#939 = ADVANCED_FACE ( 'NONE', ( #1868 ), #1705, .F. ) ;
#940 = DIRECTION ( 'NONE',  ( 0.000000000000000000, 0.000000000000000000, -1.000000000000000000 ) ) ;
#941 = AXIS2_PLACEMENT_3D ( 'NONE', #1135, #1605, #834 ) ;
#942 = LINE ( 'NONE', #1267, #759 ) ;
#943 = CARTESIAN_POINT ( 'NONE',  ( -253.0560977616896423, 66.76218641072877347, 17.94059091166284503 ) ) ;
#944 = VERTEX_POINT ( 'NONE', #2015 ) ;
#945 = EDGE_LOOP ( 'NONE', ( #795, #1294, #1057, #1270 ) ) ;
#946 = CARTESIAN_POINT ( 'NONE',  ( -200.4585053490832820, 89.09327526357493809, 93.63381329295297917 ) ) ;
#947 = ORIENTED_EDGE ( 'NONE', *, *, #1794, .T. ) ;
#948 = DIRECTION ( 'NONE',  ( 0.000000000000000000, -0.000000000000000000, -1.000000000000000000 ) ) ;
#949 = EDGE_CURVE ( 'NONE', #188, #201, #1520, .T. ) ;
#950 = DIRECTION ( 'NONE',  ( 0.8191520442889912434, 0.5735764363510471586, 0.000000000000000000 ) ) ;
#951 = ORIENTED_EDGE ( 'NONE', *, *, #767, .T. ) ;
#952 = ORIENTED_EDGE ( 'NONE', *, *, #1523, .F. ) ;
#953 = FACE_OUTER_BOUND ( 'NONE', #378, .T. ) ;
#954 = DIRECTION ( 'NONE',  ( -0.5735764363510448272, 0.8191520442889926867, 0.000000000000000000 ) ) ;
#955 = AXIS2_PLACEMENT_3D ( 'NONE', #2010, #1065, #1691 ) ;
#956 = ORIENTED_EDGE ( 'NONE', *, *, #2001, .F. ) ;
#957 = CARTESIAN_POINT ( 'NONE',  ( -203.6473929777747003, 92.02709611121936462, -1.000000000000000888 ) ) ;
#958 = FACE_BOUND ( 'NONE', #907, .T. ) ;
#959 = CARTESIAN_POINT ( 'NONE',  ( -211.8014365775958368, 80.44707277952254287, 17.19999999999999929 ) ) ;
#960 = ADVANCED_FACE ( 'NONE', ( #1229 ), #106, .T. ) ;
#961 = ORIENTED_EDGE ( 'NONE', *, *, #986, .F. ) ;
#962 = VERTEX_POINT ( 'NONE', #1552 ) ;
#963 = LINE ( 'NONE', #1284, #1908 ) ;
#964 = CARTESIAN_POINT ( 'NONE',  ( -215.6979243689439727, 97.97781113781914542, 93.63381329295297917 ) ) ;
#965 = ORIENTED_EDGE ( 'NONE', *, *, #1076, .F. ) ;
#966 = DIRECTION ( 'NONE',  ( 0.000000000000000000, -1.000000000000000000, 0.000000000000000000 ) ) ;
#967 = VECTOR ( 'NONE', #760, 1000.000000000000000 ) ;
#968 = PRODUCT_DEFINITION_FORMATION_WITH_SPECIFIED_SOURCE ( 'ANY', '', #1406, .NOT_KNOWN. ) ;
#969 = CYLINDRICAL_SURFACE ( 'NONE', #933, 6.000000000000005329 ) ;
#970 = VERTEX_POINT ( 'NONE', #1881 ) ;
#971 = TOROIDAL_SURFACE ( 'NONE', #912, 8.500000000000005329, 1.500000000000000000 ) ;
#972 = EDGE_CURVE ( 'NONE', #863, #1878, #332, .T. ) ;
#973 = ORIENTED_EDGE ( 'NONE', *, *, #1239, .F. ) ;
#974 = EDGE_CURVE ( 'NONE', #679, #490, #1695, .T. ) ;
#975 = CARTESIAN_POINT ( 'NONE',  ( -203.0996771163694632, 93.53193307270734635, 93.63381329295297917 ) ) ;
#976 = ORIENTED_EDGE ( 'NONE', *, *, #447, .T. ) ;
#977 = CARTESIAN_POINT ( 'NONE',  ( -215.6979243689439727, 85.97781113781914542, -3.742640687119286991 ) ) ;
#978 = DIRECTION ( 'NONE',  ( -1.000000000000000000, 0.000000000000000000, 0.000000000000000000 ) ) ;
#979 = AXIS2_PLACEMENT_3D ( 'NONE', #1338, #1064, #1840 ) ;
#980 = ORIENTED_EDGE ( 'NONE', *, *, #254, .T. ) ;
#981 = VECTOR ( 'NONE', #1059, 1000.000000000000000 ) ;
#982 = ORIENTED_EDGE ( 'NONE', *, *, #294, .F. ) ;
#983 = ADVANCED_FACE ( 'NONE', ( #291 ), #1996, .T. ) ;
#984 = ORIENTED_EDGE ( 'NONE', *, *, #1526, .T. ) ;
#985 = CARTESIAN_POINT ( 'NONE',  ( -217.7138841530848197, 88.85690008521220307, 18.19999999999999929 ) ) ;
#986 = EDGE_CURVE ( 'NONE', #515, #1648, #577, .T. ) ;
#987 = ORIENTED_EDGE ( 'NONE', *, *, #1986, .T. ) ;
#988 = DIRECTION ( 'NONE',  ( -1.000000000000000000, 8.944917495810123731E-15, 0.000000000000000000 ) ) ;
#989 = CARTESIAN_POINT ( 'NONE',  ( -250.8253118757802156, 76.76218641072877347, 93.63381329295297917 ) ) ;
#990 = AXIS2_PLACEMENT_3D ( 'NONE', #1507, #1028, #1516 ) ;
#991 = FACE_OUTER_BOUND ( 'NONE', #1259, .T. ) ;
#992 = EDGE_LOOP ( 'NONE', ( #1269, #1713, #1399, #694, #413 ) ) ;
#993 = ORIENTED_EDGE ( 'NONE', *, *, #1756, .F. ) ;
#994 = VERTEX_POINT ( 'NONE', #2 ) ;
#995 = CARTESIAN_POINT ( 'NONE',  ( -9.747546566491926967, 97.21936770984915199, -4.500000000000000888 ) ) ;
#996 = EDGE_CURVE ( 'NONE', #970, #1325, #1460, .T. ) ;
#997 = ORIENTED_EDGE ( 'NONE', *, *, #1449, .T. ) ;
#998 = DIRECTION ( 'NONE',  ( 0.000000000000000000, 1.000000000000000000, 0.000000000000000000 ) ) ;
#999 = CARTESIAN_POINT ( 'NONE',  ( -211.8014365775958368, 80.44707277952254287, -1.000000000000000888 ) ) ;
#1000 = CARTESIAN_POINT ( 'NONE',  ( -264.0620420686955754, 66.76218641072877347, 12.19999999999997442 ) ) ;
#1001 = ORIENTED_EDGE ( 'NONE', *, *, #55, .T. ) ;
#1002 = EDGE_LOOP ( 'NONE', ( #1940, #522, #1150, #1101 ) ) ;
#1003 = CIRCLE ( 'NONE', #43, 12.00000000000001066 ) ;
#1004 = ORIENTED_EDGE ( 'NONE', *, *, #657, .T. ) ;
#1005 = CARTESIAN_POINT ( 'NONE',  ( -205.8014365775958368, 80.44707277952254287, -6.999999999999999112 ) ) ;
#1006 = ORIENTED_EDGE ( 'NONE', *, *, #90, .F. ) ;
#1007 = LINE ( 'NONE', #1196, #1082 ) ;
#1008 = EDGE_CURVE ( 'NONE', #490, #201, #586, .T. ) ;
#1009 = CARTESIAN_POINT ( 'NONE',  ( -203.6396955271060563, 86.66839814271887121, 13.70000000000000462 ) ) ;
#1010 = PLANE ( 'NONE',  #117 ) ;
#1011 = EDGE_CURVE ( 'NONE', #1889, #644, #1874, .T. ) ;
#1012 = VERTEX_POINT ( 'NONE', #1847 ) ;
#1013 = AXIS2_PLACEMENT_3D ( 'NONE', #896, #121, #1988 ) ;
#1014 = AXIS2_PLACEMENT_3D ( 'NONE', #1495, #1337, #714 ) ;
#1015 = EDGE_LOOP ( 'NONE', ( #242, #786, #1283, #475 ) ) ;
#1016 = ORIENTED_EDGE ( 'NONE', *, *, #594, .T. ) ;
#1017 =( BOUNDED_CURVE ( )  B_SPLINE_CURVE ( 3, ( #1710, #481, #641, #785 ),
 .UNSPECIFIED., .F., .F. ) 
 B_SPLINE_CURVE_WITH_KNOTS ( ( 4, 4 ),
 ( 3.141592653589793116, 3.926990816987246280 ),
 .UNSPECIFIED. ) 
 CURVE ( )  GEOMETRIC_REPRESENTATION_ITEM ( )  RATIONAL_B_SPLINE_CURVE ( ( 1.000000000000000000, 0.9492530216741905669, 0.9492530216741905669, 1.000000000000000000 ) ) 
 REPRESENTATION_ITEM ( '' )  );
#1018 = VECTOR ( 'NONE', #245, 1000.000000000000000 ) ;
#1019 = CARTESIAN_POINT ( 'NONE',  ( -202.1211363162908299, 96.22045182493845061, -1.257359312880713897 ) ) ;
#1020 = ORIENTED_EDGE ( 'NONE', *, *, #1351, .F. ) ;
#1021 = DIRECTION ( 'NONE',  ( 0.008726535498373544364, -0.9999619230641713097, 0.000000000000000000 ) ) ;
#1022 = DIRECTION ( 'NONE',  ( 0.000000000000000000, 0.000000000000000000, -1.000000000000000000 ) ) ;
#1023 = DIRECTION ( 'NONE',  ( 1.000000000000000000, 0.000000000000000000, 0.000000000000000000 ) ) ;
#1024 = FILL_AREA_STYLE_COLOUR ( '', #212 ) ;
#1025 = AXIS2_PLACEMENT_3D ( 'NONE', #1533, #1872, #472 ) ;
#1026 = EDGE_LOOP ( 'NONE', ( #71, #1958 ) ) ;
#1027 = ADVANCED_FACE ( 'NONE', ( #1686 ), #362, .F. ) ;
#1028 = DIRECTION ( 'NONE',  ( -0.9999619230641714207, -0.008726535498382372372, 0.000000000000000000 ) ) ;
#1029 = VERTEX_POINT ( 'NONE', #985 ) ;
#1030 = AXIS2_PLACEMENT_3D ( 'NONE', #999, #1915, #1596 ) ;
#1031 = CYLINDRICAL_SURFACE ( 'NONE', #1343, 6.000000000000005329 ) ;
#1032 = ORIENTED_EDGE ( 'NONE', *, *, #132, .F. ) ;
#1033 = DIRECTION ( 'NONE',  ( 0.000000000000000000, 0.000000000000000000, -1.000000000000000000 ) ) ;
#1034 = DIRECTION ( 'NONE',  ( 1.000000000000000000, 1.040834085586083310E-14, 0.000000000000000000 ) ) ;
#1035 = DIRECTION ( 'NONE',  ( -0.000000000000000000, 0.000000000000000000, 1.000000000000000000 ) ) ;
#1036 = DIRECTION ( 'NONE',  ( -0.7071067811865502373, 0.000000000000000000, -0.7071067811865447972 ) ) ;
#1037 = CARTESIAN_POINT ( 'NONE',  ( -222.5808416051565075, 95.80763566928703767, 93.63381329295297917 ) ) ;
#1038 = VERTEX_POINT ( 'NONE', #215 ) ;
#1039 = ADVANCED_FACE ( 'NONE', ( #1600 ), #1273, .T. ) ;
#1040 = VECTOR ( 'NONE', #1718, 1000.000000000000114 ) ;
#1041 = CARTESIAN_POINT ( 'NONE',  ( -201.7061167864993934, 97.36070861167310397, -0.1171025261460169331 ) ) ;
#1042 = EDGE_CURVE ( 'NONE', #1723, #1801, #1152, .T. ) ;
#1043 = CARTESIAN_POINT ( 'NONE',  ( -215.6979243689439727, 85.97781113781914542, 18.19999999999999929 ) ) ;
#1044 = DIRECTION ( 'NONE',  ( 1.000000000000000000, 0.000000000000000000, 0.000000000000000000 ) ) ;
#1045 = CARTESIAN_POINT ( 'NONE',  ( -237.8958429927007501, 70.18457277952254003, 13.70000000000000462 ) ) ;
#1046 = DIRECTION ( 'NONE',  ( 0.000000000000000000, 0.000000000000000000, 1.000000000000000000 ) ) ;
#1047 = CARTESIAN_POINT ( 'NONE',  ( -9.747546566491926967, 97.21936770984915199, -1.000000000000000000 ) ) ;
#1048 = ORIENTED_EDGE ( 'NONE', *, *, #1324, .T. ) ;
#1049 = EDGE_CURVE ( 'NONE', #528, #970, #57, .T. ) ;
#1050 = CARTESIAN_POINT ( 'NONE',  ( -203.3014365775958368, 80.44707277952254287, -5.500000000000000000 ) ) ;
#1051 = AXIS2_PLACEMENT_3D ( 'NONE', #924, #1257, #183 ) ;
#1052 = EDGE_CURVE ( 'NONE', #1887, #684, #7, .T. ) ;
#1053 = CARTESIAN_POINT ( 'NONE',  ( -237.8958429927007501, 60.18457277952254003, 93.63381329295297917 ) ) ;
#1054 = LINE ( 'NONE', #903, #1228 ) ;
#1055 = SURFACE_SIDE_STYLE ('',( #745 ) ) ;
#1056 = DIRECTION ( 'NONE',  ( -0.000000000000000000, -0.000000000000000000, 1.000000000000000000 ) ) ;
#1057 = ORIENTED_EDGE ( 'NONE', *, *, #1464, .F. ) ;
#1058 = VECTOR ( 'NONE', #35, 1000.000000000000114 ) ;
#1059 = DIRECTION ( 'NONE',  ( -0.8674394215525469409, -0.000000000000000000, -0.4975428121645238955 ) ) ;
#1060 = VECTOR ( 'NONE', #558, 1000.000000000000000 ) ;
#1061 = CARTESIAN_POINT ( 'NONE',  ( -211.8014365775958368, 80.44707277952254287, -5.500000000000000000 ) ) ;
#1062 = CARTESIAN_POINT ( 'NONE',  ( -203.0996771163694632, 93.53193307270734635, 0.5000000000000004441 ) ) ;
#1063 = EDGE_CURVE ( 'NONE', #124, #1310, #495, .T. ) ;
#1064 = DIRECTION ( 'NONE',  ( 0.000000000000000000, 0.000000000000000000, 1.000000000000000000 ) ) ;
#1065 = DIRECTION ( 'NONE',  ( 0.000000000000000000, 0.000000000000000000, 1.000000000000000000 ) ) ;
#1066 = ORIENTED_EDGE ( 'NONE', *, *, #974, .F. ) ;
#1067 = ORIENTED_EDGE ( 'NONE', *, *, #905, .T. ) ;
#1068 = CARTESIAN_POINT ( 'NONE',  ( -228.9161651654069090, 66.76218641072877347, 32.35884682662088352 ) ) ;
#1069 = AXIS2_PLACEMENT_3D ( 'NONE', #1061, #940, #789 ) ;
#1070 = DIRECTION ( 'NONE',  ( 0.4055797876726394136, -0.5792279653395688843, 0.7071067811865474617 ) ) ;
#1071 = CARTESIAN_POINT ( 'NONE',  ( -203.7621628070489521, 91.71176859685375859, 17.91667457563767130 ) ) ;
#1072 = AXIS2_PLACEMENT_3D ( 'NONE', #791, #639, #34 ) ;
#1073 = EDGE_CURVE ( 'NONE', #572, #309, #1476, .T. ) ;
#1074 = DIRECTION ( 'NONE',  ( 1.000000000000000000, -4.981674600970605889E-16, 0.000000000000000000 ) ) ;
#1075 = CARTESIAN_POINT ( 'NONE',  ( -211.8014365775958368, 91.97781113781913120, -5.500000000000000000 ) ) ;
#1076 = EDGE_CURVE ( 'NONE', #1906, #1982, #1741, .T. ) ;
#1077 = EDGE_LOOP ( 'NONE', ( #52, #134, #550, #622 ) ) ;
#1078 = ORIENTED_EDGE ( 'NONE', *, *, #1115, .F. ) ;
#1079 = CARTESIAN_POINT ( 'NONE',  ( -253.4430377372078453, 66.76218641072877347, -0.3786796564403571708 ) ) ;
#1080 = VECTOR ( 'NONE', #629, 1000.000000000000114 ) ;
#1082 = VECTOR ( 'NONE', #1963, 1000.000000000000114 ) ;
#1081 = DIRECTION ( 'NONE',  ( 0.5735764363510484909, -0.8191520442889901332, 0.000000000000000000 ) ) ;
#1083 = CARTESIAN_POINT ( 'NONE',  ( -201.4815098354917211, 93.73517045069978337, 16.44264068711930094 ) ) ;
#1084 =( BOUNDED_CURVE ( )  B_SPLINE_CURVE ( 3, ( #1504, #438, #396, #875 ),
 .UNSPECIFIED., .F., .F. ) 
 B_SPLINE_CURVE_WITH_KNOTS ( ( 4, 4 ),
 ( 3.141592653589793116, 3.926990816987238286 ),
 .UNSPECIFIED. ) 
 CURVE ( )  GEOMETRIC_REPRESENTATION_ITEM ( )  RATIONAL_B_SPLINE_CURVE ( ( 1.000000000000000000, 0.9492530216741915661, 0.9492530216741915661, 1.000000000000000000 ) ) 
 REPRESENTATION_ITEM ( '' )  );
#1085 = CIRCLE ( 'NONE', #1180, 4.802500000000015312 ) ;
#1086 = CARTESIAN_POINT ( 'NONE',  ( -211.8014365775958368, 80.44707277952254287, -5.500000000000000000 ) ) ;
#1087 = CARTESIAN_POINT ( 'NONE',  ( -220.1473628791206920, 92.33226787724962037, -3.742640687119283438 ) ) ;
#1088 = PRODUCT_RELATED_PRODUCT_CATEGORY ( 'part', '', ( #1406 ) ) ;
#1089 = DIRECTION ( 'NONE',  ( -0.8191520442889911324, -0.5735764363510471586, -9.476346269835218770E-17 ) ) ;
#1090 = VERTEX_POINT ( 'NONE', #1581 ) ;
#1091 = EDGE_CURVE ( 'NONE', #863, #1450, #1920, .T. ) ;
#1092 = ORIENTED_EDGE ( 'NONE', *, *, #360, .T. ) ;
#1093 = DIRECTION ( 'NONE',  ( 1.000000000000000000, 0.000000000000000000, -0.000000000000000000 ) ) ;
#1094 = CIRCLE ( 'NONE', #672, 8.500000000000063949 ) ;
#1095 = DIRECTION ( 'NONE',  ( -1.000000000000000000, 0.000000000000000000, 0.000000000000000000 ) ) ;
#1096 = CYLINDRICAL_SURFACE ( 'NONE', #721, 1.500000000000004441 ) ;
#1097 = AXIS2_PLACEMENT_3D ( 'NONE', #568, #260, #737 ) ;
#1098 = CARTESIAN_POINT ( 'NONE',  ( -200.4585053490832820, 89.09327526357493809, -5.500000000000000000 ) ) ;
#1099 =( NAMED_UNIT ( * ) SI_UNIT ( $, .STERADIAN. ) SOLID_ANGLE_UNIT ( ) );
#1100 = CARTESIAN_POINT ( 'NONE',  ( -206.9989365775958277, 80.44707277952254287, -4.500000000000003553 ) ) ;
#1101 = ORIENTED_EDGE ( 'NONE', *, *, #669, .F. ) ;
#1102 = ORIENTED_EDGE ( 'NONE', *, *, #986, .T. ) ;
#1103 = DIRECTION ( 'NONE',  ( -0.000000000000000000, -0.000000000000000000, 1.000000000000000000 ) ) ;
#1104 = EDGE_CURVE ( 'NONE', #525, #1826, #72, .T. ) ;
#1105 = DIRECTION ( 'NONE',  ( 0.000000000000000000, 0.000000000000000000, -1.000000000000000000 ) ) ;
#1106 = EDGE_CURVE ( 'NONE', #677, #1090, #313, .T. ) ;
#1107 = AXIS2_PLACEMENT_3D ( 'NONE', #768, #12, #454 ) ;
#1108 = AXIS2_PLACEMENT_3D ( 'NONE', #579, #2016, #312 ) ;
#1109 = DIRECTION ( 'NONE',  ( 1.000000000000000000, -1.073390099497222515E-14, 0.000000000000000000 ) ) ;
#1110 = FACE_OUTER_BOUND ( 'NONE', #1620, .T. ) ;
#1111 = ORIENTED_EDGE ( 'NONE', *, *, #241, .T. ) ;
#1112 = EDGE_LOOP ( 'NONE', ( #1179, #1790, #151, #501 ) ) ;
#1113 = DIRECTION ( 'NONE',  ( 0.9396926207859082059, 0.3420201433256691570, 0.000000000000000000 ) ) ;
#1114 = LINE ( 'NONE', #964, #1280 ) ;
#1115 = EDGE_CURVE ( 'NONE', #858, #644, #2012, .T. ) ;
#1116 = AXIS2_PLACEMENT_3D ( 'NONE', #938, #1694, #749 ) ;
#1117 = ORIENTED_EDGE ( 'NONE', *, *, #1846, .F. ) ;
#1118 = VECTOR ( 'NONE', #1194, 1000.000000000000114 ) ;
#1119 = CARTESIAN_POINT ( 'NONE',  ( -203.7621628070489521, 91.71176859685378702, -5.216674575637683553 ) ) ;
#1120 = ORIENTED_EDGE ( 'NONE', *, *, #1137, .T. ) ;
#1121 = EDGE_LOOP ( 'NONE', ( #556, #451, #2021, #1419 ) ) ;
#1122 = DIRECTION ( 'NONE',  ( 1.000000000000000000, 0.000000000000000000, 0.000000000000000000 ) ) ;
#1123 = CARTESIAN_POINT ( 'NONE',  ( -256.6652237577657729, 66.76218641072877347, -3.742640687119304310 ) ) ;
#1124 = ORIENTED_EDGE ( 'NONE', *, *, #474, .F. ) ;
#1125 = EDGE_CURVE ( 'NONE', #157, #1801, #1425, .T. ) ;
#1126 = CIRCLE ( 'NONE', #1655, 6.000000000000005329 ) ;
#1127 = FACE_OUTER_BOUND ( 'NONE', #1300, .T. ) ;
#1128 = ADVANCED_FACE ( 'NONE', ( #223 ), #831, .F. ) ;
#1129 = ORIENTED_EDGE ( 'NONE', *, *, #1490, .F. ) ;
#1130 = VERTEX_POINT ( 'NONE', #1123 ) ;
#1131 = CARTESIAN_POINT ( 'NONE',  ( -250.8253118757802156, 66.76218641072877347, 93.63381329295297917 ) ) ;
#1132 = ORIENTED_EDGE ( 'NONE', *, *, #1404, .F. ) ;
#1133 = DIRECTION ( 'NONE',  ( -1.000000000000000000, 0.000000000000000000, 0.000000000000000000 ) ) ;
#1134 = VERTEX_POINT ( 'NONE', #354 ) ;
#1135 = CARTESIAN_POINT ( 'NONE',  ( -217.0479101064110807, 90.41516724877502043, 0.5000000000000004441 ) ) ;
#1136 = VECTOR ( 'NONE', #1105, 1000.000000000000000 ) ;
#1137 = EDGE_CURVE ( 'NONE', #937, #1534, #1114, .T. ) ;
#1138 = DIRECTION ( 'NONE',  ( 0.000000000000000000, 0.000000000000000000, -1.000000000000000000 ) ) ;
#1139 = VERTEX_POINT ( 'NONE', #678 ) ;
#1140 = ADVANCED_FACE ( 'NONE', ( #371 ), #1541, .F. ) ;
#1141 = CARTESIAN_POINT ( 'NONE',  ( -211.8014365775958368, 80.44707277952254287, 18.19999999999999929 ) ) ;
#1142 = DIRECTION ( 'NONE',  ( 0.000000000000000000, 0.000000000000000000, -1.000000000000000000 ) ) ;
#1143 = ORIENTED_EDGE ( 'NONE', *, *, #1806, .T. ) ;
#1144 = CARTESIAN_POINT ( 'NONE',  ( -260.6205834505893222, 61.84727414499483444, 2.985281374238590857 ) ) ;
#1145 = CARTESIAN_POINT ( 'NONE',  ( -239.6591127997854187, 70.18457277952254003, 93.63381329295297917 ) ) ;
#1146 = VECTOR ( 'NONE', #1036, 1000.000000000000000 ) ;
#1147 = CIRCLE ( 'NONE', #662, 3.514718625761386939 ) ;
#1148 = ORIENTED_EDGE ( 'NONE', *, *, #408, .T. ) ;
#1149 = ORIENTED_EDGE ( 'NONE', *, *, #830, .T. ) ;
#1150 = ORIENTED_EDGE ( 'NONE', *, *, #894, .F. ) ;
#1151 = EDGE_CURVE ( 'NONE', #1801, #41, #1231, .T. ) ;
#1152 = LINE ( 'NONE', #1456, #1761 ) ;
#1153 = VERTEX_POINT ( 'NONE', #204 ) ;
#1154 = CIRCLE ( 'NONE', #1680, 8.500000000000007105 ) ;
#1155 = CARTESIAN_POINT ( 'NONE',  ( -249.0620420686955754, 66.76218641072877347, 18.19999999999999574 ) ) ;
#1156 = VERTEX_POINT ( 'NONE', #381 ) ;
#1157 = AXIS2_PLACEMENT_3D ( 'NONE', #218, #1777, #1619 ) ;
#1158 = EDGE_LOOP ( 'NONE', ( #318, #513, #1223, #363 ) ) ;
#1159 = ORIENTED_EDGE ( 'NONE', *, *, #669, .T. ) ;
#1160 = EDGE_CURVE ( 'NONE', #1134, #1723, #264, .T. ) ;
#1161 = LINE ( 'NONE', #574, #1018 ) ;
#1162 = EDGE_LOOP ( 'NONE', ( #658, #177, #1660, #1102, #253 ) ) ;
#1163 = ADVANCED_FACE ( 'NONE', ( #849 ), #425, .F. ) ;
#1164 = DIRECTION ( 'NONE',  ( -0.000000000000000000, -0.000000000000000000, 1.000000000000000000 ) ) ;
#1165 = DIRECTION ( 'NONE',  ( -0.9396926207859082059, -0.3420201433256691570, 0.000000000000000000 ) ) ;
#1166 = CARTESIAN_POINT ( 'NONE',  ( -211.8014365775958368, 80.44707277952254287, -6.999999999999999112 ) ) ;
#1167 = VERTEX_POINT ( 'NONE', #1344 ) ;
#1168 = ORIENTED_EDGE ( 'NONE', *, *, #1125, .T. ) ;
#1169 = EDGE_LOOP ( 'NONE', ( #78, #936, #1527, #956 ) ) ;
#1170 = CARTESIAN_POINT ( 'NONE',  ( -210.0587380753002833, 95.30903819080330663, 12.20000000000000107 ) ) ;
#1171 = VERTEX_POINT ( 'NONE', #1005 ) ;
#1172 = DIRECTION ( 'NONE',  ( -1.000000000000000000, 0.000000000000000000, 0.000000000000000000 ) ) ;
#1173 = EDGE_CURVE ( 'NONE', #101, #1432, #1980, .T. ) ;
#1174 = CARTESIAN_POINT ( 'NONE',  ( -204.2172758322269033, 90.46135583687762960, 93.63381329295297917 ) ) ;
#1175 = FACE_OUTER_BOUND ( 'NONE', #1816, .T. ) ;
#1176 = ORIENTED_EDGE ( 'NONE', *, *, #1669, .F. ) ;
#1177 = CIRCLE ( 'NONE', #306, 3.514718625761414916 ) ;
#1178 = CARTESIAN_POINT ( 'NONE',  ( -250.8253118757802156, 76.76218641072877347, -1.000000000000000888 ) ) ;
#1179 = ORIENTED_EDGE ( 'NONE', *, *, #360, .F. ) ;
#1180 = AXIS2_PLACEMENT_3D ( 'NONE', #234, #720, #391 ) ;
#1181 = VECTOR ( 'NONE', #1771, 1000.000000000000227 ) ;
#1182 = CARTESIAN_POINT ( 'NONE',  ( -212.2466859491633500, 91.95205121836404771, 0.5000000000000004441 ) ) ;
#1183 = ORIENTED_EDGE ( 'NONE', *, *, #1042, .T. ) ;
#1184 = DIRECTION ( 'NONE',  ( 0.000000000000000000, 0.000000000000000000, 1.000000000000000000 ) ) ;
#1185 = DIRECTION ( 'NONE',  ( -0.000000000000000000, -0.000000000000000000, 1.000000000000000000 ) ) ;
#1186 = LINE ( 'NONE', #865, #54 ) ;
#1187 = EDGE_CURVE ( 'NONE', #1887, #1674, #125, .T. ) ;
#1188 = DIRECTION ( 'NONE',  ( 1.000000000000000000, 0.000000000000000000, 0.000000000000000000 ) ) ;
#1189 = CIRCLE ( 'NONE', #126, 10.00000000000000888 ) ;
#1190 = DIRECTION ( 'NONE',  ( 1.000000000000000000, -2.374755897159326381E-16, 0.000000000000000000 ) ) ;
#1191 = EDGE_CURVE ( 'NONE', #111, #231, #1161, .T. ) ;
#1192 = ORIENTED_EDGE ( 'NONE', *, *, #1871, .T. ) ;
#1193 = AXIS2_PLACEMENT_3D ( 'NONE', #1630, #239, #852 ) ;
#1194 = DIRECTION ( 'NONE',  ( 0.8191520442889911324, 0.5735764363510470476, 0.000000000000000000 ) ) ;
#1195 = ORIENTED_EDGE ( 'NONE', *, *, #1173, .T. ) ;
#1196 = CARTESIAN_POINT ( 'NONE',  ( -0.8316451877049055863, 95.29709944564571344, 12.20000000000000284 ) ) ;
#1197 = DIRECTION ( 'NONE',  ( 0.000000000000000000, 0.000000000000000000, 1.000000000000000000 ) ) ;
#1198 = DIRECTION ( 'NONE',  ( -1.000000000000000000, 0.000000000000000000, 0.000000000000000000 ) ) ;
#1199 = DIRECTION ( 'NONE',  ( -0.8191520442889911324, -0.5735764363510471586, 0.000000000000000000 ) ) ;
#1200 = ADVANCED_FACE ( 'NONE', ( #104 ), #563, .F. ) ;
#1201 = CYLINDRICAL_SURFACE ( 'NONE', #1818, 10.00000000000000888 ) ;
#1202 = EDGE_LOOP ( 'NONE', ( #142, #1579, #1558, #993 ) ) ;
#1203 = VECTOR ( 'NONE', #1070, 1000.000000000000000 ) ;
#1204 = ADVANCED_FACE ( 'NONE', ( #1312, #1970 ), #1951, .T. ) ;
#1205 = AXIS2_PLACEMENT_3D ( 'NONE', #384, #1471, #1797 ) ;
#1206 = FACE_OUTER_BOUND ( 'NONE', #1582, .T. ) ;
#1207 = PLANE ( 'NONE',  #1496 ) ;
#1208 = CARTESIAN_POINT ( 'NONE',  ( -204.3307798764391521, 90.14950603838764209, 18.17228900400660763 ) ) ;
#1209 = DIRECTION ( 'NONE',  ( 0.000000000000000000, 0.000000000000000000, -1.000000000000000000 ) ) ;
#1210 = LINE ( 'NONE', #715, #1736 ) ;
#1211 = LINE ( 'NONE', #1037, #740 ) ;
#1212 = EDGE_LOOP ( 'NONE', ( #103, #1006, #1819, #1500, #1769 ) ) ;
#1213 = CIRCLE ( 'NONE', #1537, 7.757359312880712565 ) ;
#1214 = CARTESIAN_POINT ( 'NONE',  ( -252.3597987751745677, 66.76218641072877347, -0.9999999999999995559 ) ) ;
#1215 = EDGE_CURVE ( 'NONE', #124, #867, #2009, .T. ) ;
#1216 = AXIS2_PLACEMENT_3D ( 'NONE', #324, #1396, #649 ) ;
#1217 = VECTOR ( 'NONE', #1142, 1000.000000000000000 ) ;
#1218 = CARTESIAN_POINT ( 'NONE',  ( -249.0385998318577663, 66.92309803465944640, -5.500000000000005329 ) ) ;
#1219 = CARTESIAN_POINT ( 'NONE',  ( -204.2172758322269033, 90.46135583687762960, 18.12126473312075703 ) ) ;
#1220 = FACE_OUTER_BOUND ( 'NONE', #674, .T. ) ;
#1221 = DIRECTION ( 'NONE',  ( 0.8191520442889911324, 0.5735764363510471586, -0.000000000000000000 ) ) ;
#1222 = DIRECTION ( 'NONE',  ( 0.000000000000000000, 0.000000000000000000, -1.000000000000000000 ) ) ;
#1223 = ORIENTED_EDGE ( 'NONE', *, *, #1137, .F. ) ;
#1224 = VECTOR ( 'NONE', #25, 1000.000000000000114 ) ;
#1225 = CARTESIAN_POINT ( 'NONE',  ( -253.4430377372078453, 66.76218641072877347, 0.5000000000000004441 ) ) ;
#1226 = AXIS2_PLACEMENT_3D ( 'NONE', #1522, #1366, #1985 ) ;
#1227 = EDGE_CURVE ( 'NONE', #1586, #235, #1792, .T. ) ;
#1228 = VECTOR ( 'NONE', #1513, 1000.000000000000000 ) ;
#1229 = FACE_OUTER_BOUND ( 'NONE', #1624, .T. ) ;
#1230 = LINE ( 'NONE', #1984, #296 ) ;
#1231 =( BOUNDED_CURVE ( )  B_SPLINE_CURVE ( 3, ( #1019, #1041, #1649, #1659 ),
 .UNSPECIFIED., .F., .F. ) 
 B_SPLINE_CURVE_WITH_KNOTS ( ( 4, 4 ),
 ( 5.497787143782138841, 6.283185307179586232 ),
 .UNSPECIFIED. ) 
 CURVE ( )  GEOMETRIC_REPRESENTATION_ITEM ( )  RATIONAL_B_SPLINE_CURVE ( ( 1.000000000000000000, 0.9492530216741912330, 0.9492530216741912330, 1.000000000000000000 ) ) 
 REPRESENTATION_ITEM ( '' )  );
#1232 = PLANE ( 'NONE',  #900 ) ;
#1233 = ORIENTED_EDGE ( 'NONE', *, *, #1408, .F. ) ;
#1234 = EDGE_LOOP ( 'NONE', ( #1645, #951, #838, #482, #689, #39, #1917, #1866, #1479, #997, #718, #1894 ) ) ;
#1235 = CARTESIAN_POINT ( 'NONE',  ( -212.2597757524109170, 93.45199410296031317, 12.20000000000000284 ) ) ;
#1236 = VECTOR ( 'NONE', #1837, 1000.000000000000000 ) ;
#1237 = DIRECTION ( 'NONE',  ( 0.8191520442889898002, 0.5735764363510490460, -1.996475802973141434E-15 ) ) ;
#1238 = LINE ( 'NONE', #457, #1080 ) ;
#1239 = EDGE_CURVE ( 'NONE', #684, #1153, #872, .T. ) ;
#1240 = LINE ( 'NONE', #1556, #155 ) ;
#1241 = ORIENTED_EDGE ( 'NONE', *, *, #545, .F. ) ;
#1242 = EDGE_LOOP ( 'NONE', ( #1440, #987, #1353, #1183 ) ) ;
#1243 = LINE ( 'NONE', #160, #1738 ) ;
#1244 = AXIS2_PLACEMENT_3D ( 'NONE', #1559, #20, #2013 ) ;
#1246 = CIRCLE ( 'NONE', #500, 4.802500000000015312 ) ;
#1245 = CARTESIAN_POINT ( 'NONE',  ( -74.75034982994884558, 190.0529916232047185, -1.000000000000000000 ) ) ;
#1247 = DIRECTION ( 'NONE',  ( -0.4055797876726380813, 0.5792279653395699945, 0.7071067811865473507 ) ) ;
#1248 = DIRECTION ( 'NONE',  ( -0.5735764363510448272, 0.8191520442889926867, 0.000000000000000000 ) ) ;
#1249 = CARTESIAN_POINT ( 'NONE',  ( -215.6979243689439727, 96.22045182493843640, -1.257359312880708790 ) ) ;
#1250 = EDGE_CURVE ( 'NONE', #382, #1732, #861, .T. ) ;
#1251 = EDGE_LOOP ( 'NONE', ( #1853, #722, #1369, #492 ) ) ;
#1252 = ADVANCED_FACE ( 'NONE', ( #273 ), #1480, .T. ) ;
#1253 = ORIENTED_EDGE ( 'NONE', *, *, #545, .T. ) ;
#1254 = LINE ( 'NONE', #1318, #147 ) ;
#1255 = DIRECTION ( 'NONE',  ( -0.000000000000000000, -0.000000000000000000, -1.000000000000000000 ) ) ;
#1256 = CIRCLE ( 'NONE', #1157, 8.500000000000007105 ) ;
#1257 = DIRECTION ( 'NONE',  ( 0.000000000000000000, -0.7071067811865454633, -0.7071067811865495711 ) ) ;
#1258 = CARTESIAN_POINT ( 'NONE',  ( -250.8278675437762217, 66.76218641072877347, 13.70000000000000462 ) ) ;
#1259 = EDGE_LOOP ( 'NONE', ( #531, #19, #423, #334 ) ) ;
#1260 = ORIENTED_EDGE ( 'NONE', *, *, #1888, .T. ) ;
#1261 = DIRECTION ( 'NONE',  ( -1.000000000000000000, 4.981674600970605889E-16, -0.000000000000000000 ) ) ;
#1262 = EDGE_CURVE ( 'NONE', #1287, #1598, #1085, .T. ) ;
#1263 = DIRECTION ( 'NONE',  ( 0.000000000000000000, 0.000000000000000000, -1.000000000000000000 ) ) ;
#1264 = ORIENTED_EDGE ( 'NONE', *, *, #1394, .T. ) ;
#1265 = AXIS2_PLACEMENT_3D ( 'NONE', #395, #1185, #1964 ) ;
#1266 = CARTESIAN_POINT ( 'NONE',  ( -194.3147095471026375, 92.10854120565184644, 13.70000000000000107 ) ) ;
#1267 = CARTESIAN_POINT ( 'NONE',  ( -247.4051104425235224, 67.36526020286969185, 93.63381329295297917 ) ) ;
#1268 = CARTESIAN_POINT ( 'NONE',  ( -252.3597987751746246, 66.76218641072877347, 13.70000000000000107 ) ) ;
#1269 = ORIENTED_EDGE ( 'NONE', *, *, #1106, .F. ) ;
#1270 = ORIENTED_EDGE ( 'NONE', *, *, #949, .F. ) ;
#1271 = DIRECTION ( 'NONE',  ( 0.8191520442889911324, 0.5735764363510471586, 0.000000000000000000 ) ) ;
#1272 = ADVANCED_FACE ( 'NONE', ( #1817 ), #1031, .F. ) ;
#1273 = CYLINDRICAL_SURFACE ( 'NONE', #233, 10.00000000000000888 ) ;
#1274 = AXIS2_PLACEMENT_3D ( 'NONE', #1000, #1631, #1271 ) ;
#1275 = AXIS2_PLACEMENT_3D ( 'NONE', #173, #14, #1248 ) ;
#1276 = ORIENTED_EDGE ( 'NONE', *, *, #274, .T. ) ;
#1277 = ADVANCED_FACE ( 'NONE', ( #1206 ), #553, .T. ) ;
#1278 = CYLINDRICAL_SURFACE ( 'NONE', #267, 10.26250000000000817 ) ;
#1279 = VECTOR ( 'NONE', #1389, 1000.000000000000000 ) ;
#1280 = VECTOR ( 'NONE', #1302, 1000.000000000000000 ) ;
#1281 = LINE ( 'NONE', #1155, #1715 ) ;
#1282 = ORIENTED_EDGE ( 'NONE', *, *, #683, .T. ) ;
#1283 = ORIENTED_EDGE ( 'NONE', *, *, #333, .F. ) ;
#1284 = CARTESIAN_POINT ( 'NONE',  ( -221.5568761723746434, 94.37928439169897388, -1.257359312880710567 ) ) ;
#1285 = VECTOR ( 'NONE', #148, 1000.000000000000000 ) ;
#1286 = CARTESIAN_POINT ( 'NONE',  ( -250.8253118757802156, 66.76218641072877347, 18.13317304260642260 ) ) ;
#1287 = VERTEX_POINT ( 'NONE', #1704 ) ;
#1288 = FACE_OUTER_BOUND ( 'NONE', #1158, .T. ) ;
#1289 = EDGE_CURVE ( 'NONE', #869, #858, #636, .T. ) ;
#1290 = FACE_OUTER_BOUND ( 'NONE', #1593, .T. ) ;
#1291 = VERTEX_POINT ( 'NONE', #433 ) ;
#1292 = ORIENTED_EDGE ( 'NONE', *, *, #202, .F. ) ;
#1293 = DIRECTION ( 'NONE',  ( 1.000000000000000000, 0.000000000000000000, 0.000000000000000000 ) ) ;
#1294 = ORIENTED_EDGE ( 'NONE', *, *, #769, .T. ) ;
#1295 = FACE_OUTER_BOUND ( 'NONE', #642, .T. ) ;
#1296 = AXIS2_PLACEMENT_3D ( 'NONE', #488, #1903, #1109 ) ;
#1297 = LINE ( 'NONE', #835, #480 ) ;
#1298 = EDGE_CURVE ( 'NONE', #205, #1171, #11, .T. ) ;
#1299 = EDGE_LOOP ( 'NONE', ( #1804, #593, #535, #612 ) ) ;
#1300 = EDGE_LOOP ( 'NONE', ( #1004, #1548, #1657, #1814 ) ) ;
#1301 =( BOUNDED_CURVE ( )  B_SPLINE_CURVE ( 3, ( #1904, #943, #489, #8 ),
 .UNSPECIFIED., .F., .F. ) 
 B_SPLINE_CURVE_WITH_KNOTS ( ( 4, 4 ),
 ( 1.720185503482078770, 2.356194490192342617 ),
 .UNSPECIFIED. ) 
 CURVE ( )  GEOMETRIC_REPRESENTATION_ITEM ( )  RATIONAL_B_SPLINE_CURVE ( ( 1.000000000000000000, 0.9665741649190093820, 0.9665741649190093820, 1.000000000000000000 ) ) 
 REPRESENTATION_ITEM ( '' )  );
#1302 = DIRECTION ( 'NONE',  ( -0.000000000000000000, -0.000000000000000000, 1.000000000000000000 ) ) ;
#1303 = ORIENTED_EDGE ( 'NONE', *, *, #617, .T. ) ;
#1304 = DIRECTION ( 'NONE',  ( -0.000000000000000000, -0.000000000000000000, 1.000000000000000000 ) ) ;
#1305 = DIRECTION ( 'NONE',  ( -1.000000000000000000, 0.000000000000000000, 0.000000000000000000 ) ) ;
#1306 = CARTESIAN_POINT ( 'NONE',  ( -211.8014365775958368, 80.44707277952254287, 18.19999999999999929 ) ) ;
#1307 = VECTOR ( 'NONE', #493, 1000.000000000000000 ) ;
#1308 = ORIENTED_EDGE ( 'NONE', *, *, #974, .T. ) ;
#1309 = DIRECTION ( 'NONE',  ( -1.000000000000000000, 0.000000000000000000, 0.000000000000000000 ) ) ;
#1310 = VERTEX_POINT ( 'NONE', #1235 ) ;
#1311 = EDGE_CURVE ( 'NONE', #727, #1450, #788, .T. ) ;
#1312 = FACE_OUTER_BOUND ( 'NONE', #1497, .T. ) ;
#1313 = VERTEX_POINT ( 'NONE', #1050 ) ;
#1314 = FACE_OUTER_BOUND ( 'NONE', #1251, .T. ) ;
#1315 = CARTESIAN_POINT ( 'NONE',  ( -202.1211363162908299, 96.22045182493845061, -1.257359312880713897 ) ) ;
#1316 = AXIS2_PLACEMENT_3D ( 'NONE', #361, #1928, #1309 ) ;
#1317 = CARTESIAN_POINT ( 'NONE',  ( -304.2575014874092858, 66.76218641072877347, 23.55516837087887083 ) ) ;
#1318 = CARTESIAN_POINT ( 'NONE',  ( -239.6591127997854187, 70.18457277952254003, -5.500000000000000000 ) ) ;
#1319 = ORIENTED_EDGE ( 'NONE', *, *, #294, .T. ) ;
#1320 = CIRCLE ( 'NONE', #1097, 6.000000000000000000 ) ;
#1321 = FACE_OUTER_BOUND ( 'NONE', #1467, .T. ) ;
#1322 = EDGE_LOOP ( 'NONE', ( #50, #877, #199, #1875 ) ) ;
#1323 = DIRECTION ( 'NONE',  ( 0.000000000000000000, 0.000000000000000000, -1.000000000000000000 ) ) ;
#1324 = EDGE_CURVE ( 'NONE', #289, #764, #758, .T. ) ;
#1325 = VERTEX_POINT ( 'NONE', #442 ) ;
#1326 = CARTESIAN_POINT ( 'NONE',  ( -239.6591127997854187, 70.18457277952254003, 18.19999999999999574 ) ) ;
#1327 = LINE ( 'NONE', #1965, #118 ) ;
#1328 = AXIS2_PLACEMENT_3D ( 'NONE', #1661, #1021, #1796 ) ;
#1329 = ORIENTED_EDGE ( 'NONE', *, *, #263, .F. ) ;
#1330 = DIRECTION ( 'NONE',  ( -0.8191520442889911324, -0.5735764363510470476, -3.925231146709442231E-17 ) ) ;
#1331 = VECTOR ( 'NONE', #1378, 1000.000000000000000 ) ;
#1332 = ORIENTED_EDGE ( 'NONE', *, *, #1408, .T. ) ;
#1333 = DIRECTION ( 'NONE',  ( -0.5735764363510501562, 0.8191520442889890230, 0.000000000000000000 ) ) ;
#1334 = EDGE_CURVE ( 'NONE', #679, #462, #307, .T. ) ;
#1335 = EDGE_LOOP ( 'NONE', ( #947, #1260, #372, #665 ) ) ;
#1336 = LINE ( 'NONE', #406, #1701 ) ;
#1337 = DIRECTION ( 'NONE',  ( 0.000000000000000000, 0.000000000000000000, -1.000000000000000000 ) ) ;
#1338 = CARTESIAN_POINT ( 'NONE',  ( -211.8014365775958368, 80.44707277952254287, 19.70000000000000284 ) ) ;
#1339 = AXIS2_PLACEMENT_3D ( 'NONE', #1166, #51, #1122 ) ;
#1340 = CIRCLE ( 'NONE', #1372, 4.802500000000015312 ) ;
#1341 = DIRECTION ( 'NONE',  ( 0.000000000000000000, 0.000000000000000000, 1.000000000000000000 ) ) ;
#1342 = ORIENTED_EDGE ( 'NONE', *, *, #443, .T. ) ;
#1343 = AXIS2_PLACEMENT_3D ( 'NONE', #1960, #1803, #585 ) ;
#1344 = CARTESIAN_POINT ( 'NONE',  ( -241.3160444259574433, 69.58149898738162165, -1.000000000000000888 ) ) ;
#1345 = ORIENTED_EDGE ( 'NONE', *, *, #683, .F. ) ;
#1346 = CARTESIAN_POINT ( 'NONE',  ( -194.1442940256639247, 72.58085664290631200, 13.70000000000000107 ) ) ;
#1347 = CARTESIAN_POINT ( 'NONE',  ( -203.3265484544903927, 92.90860919409871599, 13.70000000000000284 ) ) ;
#1348 = EDGE_CURVE ( 'NONE', #847, #1167, #1644, .T. ) ;
#1349 = DIRECTION ( 'NONE',  ( 0.000000000000000000, 0.000000000000000000, -1.000000000000000000 ) ) ;
#1350 = CARTESIAN_POINT ( 'NONE',  ( -241.3160444259574433, 69.58149898738162165, 18.20000000000002061 ) ) ;
#1351 = EDGE_CURVE ( 'NONE', #124, #1826, #1243, .T. ) ;
#1352 = CARTESIAN_POINT ( 'NONE',  ( -203.0257047602898979, 93.73517045069986864, -3.742640687119283438 ) ) ;
#1353 = ORIENTED_EDGE ( 'NONE', *, *, #1160, .T. ) ;
#1354 = CARTESIAN_POINT ( 'NONE',  ( -205.8014365775958368, 80.44707277952254287, -3.270562748477168658 ) ) ;
#1355 = FACE_OUTER_BOUND ( 'NONE', #1234, .T. ) ;
#1356 = DIRECTION ( 'NONE',  ( 1.000000000000000000, -0.000000000000000000, -0.000000000000000000 ) ) ;
#1357 = CARTESIAN_POINT ( 'NONE',  ( -204.4585053490832820, 89.09327526357493809, -1.000000000000000888 ) ) ;
#1358 = CARTESIAN_POINT ( 'NONE',  ( -216.6039365775958458, 80.44707277952254287, 17.19999999999999218 ) ) ;
#1359 = ADVANCED_FACE ( 'NONE', ( #1835, #476 ), #1519, .T. ) ;
#1360 = CARTESIAN_POINT ( 'NONE',  ( -247.4051104425235224, 67.36526020286969185, 13.70000000000000462 ) ) ;
#1361 = ORIENTED_EDGE ( 'NONE', *, *, #533, .F. ) ;
#1362 = VECTOR ( 'NONE', #207, 1000.000000000000000 ) ;
#1363 = FACE_BOUND ( 'NONE', #209, .T. ) ;
#1364 = DIRECTION ( 'NONE',  ( -0.8191520442889910214, -0.5735764363510471586, 0.000000000000000000 ) ) ;
#1365 = FACE_OUTER_BOUND ( 'NONE', #28, .T. ) ;
#1366 = DIRECTION ( 'NONE',  ( -0.000000000000000000, -0.000000000000000000, 1.000000000000000000 ) ) ;
#1367 = CARTESIAN_POINT ( 'NONE',  ( -211.8014365775958368, 80.44707277952254287, 13.70000000000000462 ) ) ;
#1368 = LINE ( 'NONE', #411, #444 ) ;
#1369 = ORIENTED_EDGE ( 'NONE', *, *, #412, .F. ) ;
#1370 = ADVANCED_FACE ( 'NONE', ( #453 ), #828, .T. ) ;
#1371 = VECTOR ( 'NONE', #1544, 999.9999999999998863 ) ;
#1372 = AXIS2_PLACEMENT_3D ( 'NONE', #934, #783, #1395 ) ;
#1373 = DIRECTION ( 'NONE',  ( -1.000000000000000000, 0.000000000000000000, 0.000000000000000000 ) ) ;
#1374 = AXIS2_PLACEMENT_3D ( 'NONE', #908, #920, #1093 ) ;
#1375 = EDGE_CURVE ( 'NONE', #205, #358, #1606, .T. ) ;
#1376 = LINE ( 'NONE', #1245, #359 ) ;
#1377 = CARTESIAN_POINT ( 'NONE',  ( -201.4815098354917211, 91.97781113781913120, 2.985281374238590857 ) ) ;
#1378 = DIRECTION ( 'NONE',  ( -1.000000000000000000, -0.000000000000000000, -0.000000000000000000 ) ) ;
#1379 = CARTESIAN_POINT ( 'NONE',  ( -215.6979243689439727, 85.97781113781914542, 13.95735931288068166 ) ) ;
#1380 = ORIENTED_EDGE ( 'NONE', *, *, #1215, .T. ) ;
#1381 = VERTEX_POINT ( 'NONE', #143 ) ;
#1382 = CARTESIAN_POINT ( 'NONE',  ( -216.6039365775958458, 80.44707277952254287, -1.000000000000000888 ) ) ;
#1383 = FACE_OUTER_BOUND ( 'NONE', #230, .T. ) ;
#1384 = CARTESIAN_POINT ( 'NONE',  ( -203.0996771163694632, 93.53193307270734635, 0.5000000000000004441 ) ) ;
#1385 = CARTESIAN_POINT ( 'NONE',  ( -217.8014365775958368, 80.44707277952254287, 19.70000000000000284 ) ) ;
#1386 = CARTESIAN_POINT ( 'NONE',  ( -249.0620420686955754, 66.76218641072877347, 13.70000000000000462 ) ) ;
#1387 = ORIENTED_EDGE ( 'NONE', *, *, #1599, .F. ) ;
#1388 = ORIENTED_EDGE ( 'NONE', *, *, #1104, .T. ) ;
#1389 = DIRECTION ( 'NONE',  ( 0.000000000000000000, 0.000000000000000000, -1.000000000000000000 ) ) ;
#1390 = AXIS2_PLACEMENT_3D ( 'NONE', #1448, #1899, #1133 ) ;
#1391 = CIRCLE ( 'NONE', #203, 6.000000000000000000 ) ;
#1392 = CARTESIAN_POINT ( 'NONE',  ( -204.3307798764391521, 90.14950603838765630, -5.472289004006611002 ) ) ;
#1393 = CARTESIAN_POINT ( 'NONE',  ( -0.8185553844573452142, 93.79715656104944799, 0.5000000000000004441 ) ) ;
#1394 = EDGE_CURVE ( 'NONE', #881, #1779, #1540, .T. ) ;
#1395 = DIRECTION ( 'NONE',  ( -1.000000000000000000, 0.000000000000000000, 0.000000000000000000 ) ) ;
#1396 = DIRECTION ( 'NONE',  ( -0.000000000000000000, -0.000000000000000000, 1.000000000000000000 ) ) ;
#1397 = ADVANCED_FACE ( 'NONE', ( #776 ), #1845, .T. ) ;
#1398 = CARTESIAN_POINT ( 'NONE',  ( -211.8014365775958368, 89.49252976358057765, -5.500000000000000000 ) ) ;
#1399 = ORIENTED_EDGE ( 'NONE', *, *, #1873, .F. ) ;
#1400 = ORIENTED_EDGE ( 'NONE', *, *, #1806, .F. ) ;
#1401 = CARTESIAN_POINT ( 'NONE',  ( -215.6979243689439727, 85.97781113781914542, -5.500000000000005329 ) ) ;
#1402 = AXIS2_PLACEMENT_3D ( 'NONE', #1997, #1199, #1514 ) ;
#1403 = CARTESIAN_POINT ( 'NONE',  ( -250.8253118757802156, 66.76218641072877347, -5.433173042606403769 ) ) ;
#1404 = EDGE_CURVE ( 'NONE', #1674, #1153, #698, .T. ) ;
#1405 = LINE ( 'NONE', #1707, #1638 ) ;
#1406 = PRODUCT ( 'Fork Tip', 'Fork Tip', '', ( #1652 ) ) ;
#1407 = CARTESIAN_POINT ( 'NONE',  ( -253.4430377372078738, 66.76218641072877347, 13.07867965644035912 ) ) ;
#1408 = EDGE_CURVE ( 'NONE', #898, #1722, #192, .T. ) ;
#1409 = ORIENTED_EDGE ( 'NONE', *, *, #333, .T. ) ;
#1410 = EDGE_LOOP ( 'NONE', ( #647, #503, #775, #1457, #1711 ) ) ;
#1411 = DIRECTION ( 'NONE',  ( -1.000000000000000000, 0.000000000000000000, 0.000000000000000000 ) ) ;
#1412 = ORIENTED_EDGE ( 'NONE', *, *, #483, .T. ) ;
#1413 = AXIS2_PLACEMENT_3D ( 'NONE', #1047, #717, #123 ) ;
#1414 = CARTESIAN_POINT ( 'NONE',  ( -250.8253118757802156, 76.76218641072877347, -5.500000000000005329 ) ) ;
#1415 = CIRCLE ( 'NONE', #1684, 7.000000000000006217 ) ;
#1416 = ORIENTED_EDGE ( 'NONE', *, *, #24, .F. ) ;
#1417 = FACE_OUTER_BOUND ( 'NONE', #107, .T. ) ;
#1418 = CYLINDRICAL_SURFACE ( 'NONE', #414, 1.499999999999998224 ) ;
#1419 = ORIENTED_EDGE ( 'NONE', *, *, #1564, .T. ) ;
#1420 = ADVANCED_FACE ( 'NONE', ( #1856 ), #301, .T. ) ;
#1421 = ORIENTED_EDGE ( 'NONE', *, *, #132, .T. ) ;
#1422 = DIRECTION ( 'NONE',  ( 0.8191520442889910214, 0.5735764363510471586, 0.000000000000000000 ) ) ;
#1423 = ORIENTED_EDGE ( 'NONE', *, *, #930, .F. ) ;
#1424 = AXIS2_PLACEMENT_3D ( 'NONE', #84, #1237, #625 ) ;
#1425 = LINE ( 'NONE', #799, #1181 ) ;
#1426 = ORIENTED_EDGE ( 'NONE', *, *, #1859, .F. ) ;
#1427 = CIRCLE ( 'NONE', #1296, 7.757359312880657498 ) ;
#1428 = DIRECTION ( 'NONE',  ( 1.000000000000000000, 0.000000000000000000, 0.000000000000000000 ) ) ;
#1429 = DIRECTION ( 'NONE',  ( 1.000000000000000000, 0.000000000000000000, -0.000000000000000000 ) ) ;
#1430 = ORIENTED_EDGE ( 'NONE', *, *, #1678, .F. ) ;
#1431 =( BOUNDED_CURVE ( )  B_SPLINE_CURVE ( 3, ( #608, #1347, #1848, #276 ),
 .UNSPECIFIED., .F., .F. ) 
 B_SPLINE_CURVE_WITH_KNOTS ( ( 4, 4 ),
 ( 4.712388980384689674, 6.283185307179586232 ),
 .UNSPECIFIED. ) 
 CURVE ( )  GEOMETRIC_REPRESENTATION_ITEM ( )  RATIONAL_B_SPLINE_CURVE ( ( 1.000000000000000000, 0.8047378541243649375, 0.8047378541243649375, 1.000000000000000000 ) ) 
 REPRESENTATION_ITEM ( '' )  );
#1432 = VERTEX_POINT ( 'NONE', #2023 ) ;
#1433 = PLANE ( 'NONE',  #1339 ) ;
#1434 = ADVANCED_FACE ( 'NONE', ( #1363, #817 ), #1433, .T. ) ;
#1435 = ORIENTED_EDGE ( 'NONE', *, *, #15, .T. ) ;
#1436 = CARTESIAN_POINT ( 'NONE',  ( -212.1725103974271747, 83.45237487231858609, 12.20000000000000284 ) ) ;
#1437 = ADVANCED_FACE ( 'NONE', ( #953 ), #1955, .F. ) ;
#1438 = VECTOR ( 'NONE', #1103, 1000.000000000000000 ) ;
#1439 = CIRCLE ( 'NONE', #1014, 10.00000000000000888 ) ;
#1440 = ORIENTED_EDGE ( 'NONE', *, *, #1125, .F. ) ;
#1441 = DIRECTION ( 'NONE',  ( 0.000000000000000000, -0.000000000000000000, -1.000000000000000000 ) ) ;
#1442 = FACE_OUTER_BOUND ( 'NONE', #1410, .T. ) ;
#1443 = VECTOR ( 'NONE', #1992, 1000.000000000000000 ) ;
#1444 = FACE_OUTER_BOUND ( 'NONE', #1613, .T. ) ;
#1445 = EDGE_LOOP ( 'NONE', ( #1120, #1016, #338, #1067 ) ) ;
#1446 = LINE ( 'NONE', #773, #1224 ) ;
#1447 = AXIS2_PLACEMENT_3D ( 'NONE', #561, #1656, #1989 ) ;
#1448 = CARTESIAN_POINT ( 'NONE',  ( -211.8014365775958368, 80.44707277952254287, 17.19999999999999929 ) ) ;
#1449 = EDGE_CURVE ( 'NONE', #159, #37, #53, .T. ) ;
#1450 = VERTEX_POINT ( 'NONE', #1486 ) ;
#1451 = CARTESIAN_POINT ( 'NONE',  ( -264.0620420686955754, 66.76218641072877347, 93.63381329295297917 ) ) ;
#1452 = DIRECTION ( 'NONE',  ( -1.000000000000000000, 0.000000000000000000, 0.000000000000000000 ) ) ;
#1453 = VERTEX_POINT ( 'NONE', #1643 ) ;
#1454 = ORIENTED_EDGE ( 'NONE', *, *, #596, .F. ) ;
#1455 = ORIENTED_EDGE ( 'NONE', *, *, #470, .T. ) ;
#1456 = CARTESIAN_POINT ( 'NONE',  ( -211.8014365775958368, 96.22045182493843640, -1.257359312880707014 ) ) ;
#1457 = ORIENTED_EDGE ( 'NONE', *, *, #1449, .F. ) ;
#1458 = DIRECTION ( 'NONE',  ( 0.5735764363510470476, -0.8191520442889911324, 0.000000000000000000 ) ) ;
#1459 = DIRECTION ( 'NONE',  ( -0.000000000000000000, -0.000000000000000000, 1.000000000000000000 ) ) ;
#1460 = CIRCLE ( 'NONE', #325, 10.00000000000000888 ) ;
#1461 = EDGE_CURVE ( 'NONE', #58, #1156, #1578, .T. ) ;
#1462 = AXIS2_PLACEMENT_3D ( 'NONE', #734, #1197, #1044 ) ;
#1463 = CARTESIAN_POINT ( 'NONE',  ( -217.8014365775958368, 80.44707277952254287, -4.500000000000000888 ) ) ;
#1464 = EDGE_CURVE ( 'NONE', #201, #944, #1254, .T. ) ;
#1465 = ORIENTED_EDGE ( 'NONE', *, *, #1289, .F. ) ;
#1466 = ORIENTED_EDGE ( 'NONE', *, *, #1824, .T. ) ;
#1467 = EDGE_LOOP ( 'NONE', ( #1905, #1195, #1124, #308, #1683 ) ) ;
#1468 = CARTESIAN_POINT ( 'NONE',  ( -264.0620420686955754, 66.76218641072877347, 93.63381329295297917 ) ) ;
#1469 = VERTEX_POINT ( 'NONE', #29 ) ;
#1470 = DIRECTION ( 'NONE',  ( 1.000000000000000000, 0.000000000000000000, 0.000000000000000000 ) ) ;
#1471 = DIRECTION ( 'NONE',  ( -0.000000000000000000, 0.000000000000000000, 1.000000000000000000 ) ) ;
#1472 = VECTOR ( 'NONE', #1221, 1000.000000000000000 ) ;
#1473 = DIRECTION ( 'NONE',  ( -1.000000000000000000, 0.000000000000000000, 0.000000000000000000 ) ) ;
#1474 = DIRECTION ( 'NONE',  ( 0.000000000000000000, 0.000000000000000000, -1.000000000000000000 ) ) ;
#1475 = EDGE_LOOP ( 'NONE', ( #1667, #1282, #1148, #517, #1749, #1421, #565, #327, #89, #9, #417, #1412 ) ) ;
#1476 = CIRCLE ( 'NONE', #86, 10.26250000000000817 ) ;
#1477 = ADVANCED_FACE ( 'NONE', ( #1896 ), #252, .F. ) ;
#1478 = ORIENTED_EDGE ( 'NONE', *, *, #1049, .F. ) ;
#1479 = ORIENTED_EDGE ( 'NONE', *, *, #198, .T. ) ;
#1480 = PLANE ( 'NONE',  #1977 ) ;
#1481 = ORIENTED_EDGE ( 'NONE', *, *, #819, .T. ) ;
#1482 = CARTESIAN_POINT ( 'NONE',  ( -247.4051104425235224, 67.36526020286969185, -5.500000000000000000 ) ) ;
#1483 = DIRECTION ( 'NONE',  ( 0.000000000000000000, 0.000000000000000000, -1.000000000000000000 ) ) ;
#1484 = CARTESIAN_POINT ( 'NONE',  ( -201.4815098354917211, 97.97781113781914542, 9.714718625761397774 ) ) ;
#1485 = VECTOR ( 'NONE', #1798, 1000.000000000000000 ) ;
#1486 = CARTESIAN_POINT ( 'NONE',  ( -260.9981796058988266, 66.76218641072877347, 13.95735931288069231 ) ) ;
#1487 = ORIENTED_EDGE ( 'NONE', *, *, #1562, .F. ) ;
#1488 = CARTESIAN_POINT ( 'NONE',  ( -211.8014365775958368, 80.44707277952254287, -5.500000000000000000 ) ) ;
#1489 = ORIENTED_EDGE ( 'NONE', *, *, #529, .T. ) ;
#1490 = EDGE_CURVE ( 'NONE', #83, #41, #505, .T. ) ;
#1491 = DIRECTION ( 'NONE',  ( 0.9396926207859065405, -0.3420201433256738754, 0.000000000000000000 ) ) ;
#1492 = ADVANCED_FACE ( 'NONE', ( #200 ), #1010, .T. ) ;
#1493 = EDGE_LOOP ( 'NONE', ( #850, #552 ) ) ;
#1494 = DIRECTION ( 'NONE',  ( 0.9396926207859082059, 0.3420201433256691570, 0.000000000000000000 ) ) ;
#1495 = CARTESIAN_POINT ( 'NONE',  ( -212.1725103974271747, 83.45237487231858609, 0.5000000000000004441 ) ) ;
#1496 = AXIS2_PLACEMENT_3D ( 'NONE', #1805, #266, #882 ) ;
#1497 = EDGE_LOOP ( 'NONE', ( #401, #187 ) ) ;
#1498 = ADVANCED_FACE ( 'NONE', ( #189 ), #1734, .F. ) ;
#1499 = CARTESIAN_POINT ( 'NONE',  ( -210.0587380753002833, 95.30903819080330663, 13.70000000000000107 ) ) ;
#1500 = ORIENTED_EDGE ( 'NONE', *, *, #1553, .F. ) ;
#1501 = ADVANCED_FACE ( 'NONE', ( #666 ), #1890, .T. ) ;
#1502 = CARTESIAN_POINT ( 'NONE',  ( -220.3014365775958936, 80.44707277952254287, 18.19999999999999929 ) ) ;
#1503 = DIRECTION ( 'NONE',  ( 1.000000000000000000, 0.000000000000000000, 0.000000000000000000 ) ) ;
#1504 = CARTESIAN_POINT ( 'NONE',  ( -264.0620420686955754, 66.76218641072877347, 2.985281374238590857 ) ) ;
#1505 = CARTESIAN_POINT ( 'NONE',  ( -204.2172758322269033, 90.46135583687762960, -1.000000000000000888 ) ) ;
#1506 = VECTOR ( 'NONE', #1799, 1000.000000000000000 ) ;
#1507 = CARTESIAN_POINT ( 'NONE',  ( -212.2466859491633500, 91.95205121836406192, 12.20000000000000107 ) ) ;
#1508 = ORIENTED_EDGE ( 'NONE', *, *, #113, .F. ) ;
#1509 = DIRECTION ( 'NONE',  ( -1.000000000000000000, 0.000000000000000000, -0.000000000000000000 ) ) ;
#1510 = DIRECTION ( 'NONE',  ( 1.000000000000000000, 0.000000000000000000, 0.000000000000000000 ) ) ;
#1511 = CARTESIAN_POINT ( 'NONE',  ( -255.0700531979580035, 66.76218641072877347, -4.657592932185938395 ) ) ;
#1512 = EDGE_CURVE ( 'NONE', #1919, #1171, #178, .T. ) ;
#1513 = DIRECTION ( 'NONE',  ( 1.000000000000000000, -2.374755897159325888E-16, 0.000000000000000000 ) ) ;
#1514 = DIRECTION ( 'NONE',  ( 0.5735764363510490460, -0.8191520442889898002, 0.000000000000000000 ) ) ;
#1515 = VECTOR ( 'NONE', #1190, 1000.000000000000000 ) ;
#1516 = DIRECTION ( 'NONE',  ( 0.008726535498382287370, -0.9999619230641711987, 0.000000000000000000 ) ) ;
#1517 = ORIENTED_EDGE ( 'NONE', *, *, #443, .F. ) ;
#1518 = CIRCLE ( 'NONE', #640, 8.500000000000063949 ) ;
#1519 = PLANE ( 'NONE',  #1374 ) ;
#1520 = LINE ( 'NONE', #172, #967 ) ;
#1521 = CARTESIAN_POINT ( 'NONE',  ( -220.1473628791206636, 92.33226787724960616, 16.44264068711928672 ) ) ;
#1522 = CARTESIAN_POINT ( 'NONE',  ( -211.8014365775958368, 80.44707277952254287, -6.999999999999999112 ) ) ;
#1523 = EDGE_CURVE ( 'NONE', #1800, #1906, #963, .T. ) ;
#1524 =( LENGTH_UNIT ( ) NAMED_UNIT ( * ) SI_UNIT ( .MILLI., .METRE. ) );
#1525 = FACE_OUTER_BOUND ( 'NONE', #800, .T. ) ;
#1526 = EDGE_CURVE ( 'NONE', #37, #1090, #1918, .T. ) ;
#1527 = ORIENTED_EDGE ( 'NONE', *, *, #1990, .F. ) ;
#1528 = AXIS2_PLACEMENT_3D ( 'NONE', #691, #1459, #1305 ) ;
#1529 = DIRECTION ( 'NONE',  ( -0.000000000000000000, -0.000000000000000000, 1.000000000000000000 ) ) ;
#1530 = LINE ( 'NONE', #1563, #426 ) ;
#1531 = DIRECTION ( 'NONE',  ( -0.9396926207859083169, -0.3420201433256692125, -0.000000000000000000 ) ) ;
#1532 = DIRECTION ( 'NONE',  ( 1.000000000000000000, 0.000000000000000000, 0.000000000000000000 ) ) ;
#1533 = CARTESIAN_POINT ( 'NONE',  ( -211.8014365775958368, 80.44707277952254287, 13.70000000000000462 ) ) ;
#1534 = VERTEX_POINT ( 'NONE', #1724 ) ;
#1535 = ADVANCED_FACE ( 'NONE', ( #387 ), #180, .T. ) ;
#1536 = STYLED_ITEM ( 'NONE', ( #914 ), #1654 ) ;
#1537 = AXIS2_PLACEMENT_3D ( 'NONE', #977, #1304, #988 ) ;
#1538 = EDGE_LOOP ( 'NONE', ( #1329, #818, #1508, #1760 ) ) ;
#1539 = CARTESIAN_POINT ( 'NONE',  ( -194.1442940256639247, 89.49252976358052081, 12.20000000000000107 ) ) ;
#1540 = CIRCLE ( 'NONE', #664, 10.26250000000000817 ) ;
#1541 = TOROIDAL_SURFACE ( 'NONE', #2019, 8.500000000000005329, 1.500000000000000000 ) ;
#1542 = DIRECTION ( 'NONE',  ( -1.000000000000000000, 0.000000000000000000, 0.000000000000000000 ) ) ;
#1543 = CARTESIAN_POINT ( 'NONE',  ( -250.8253118757802156, 66.76218641072877347, -5.433173042606403769 ) ) ;
#1544 = DIRECTION ( 'NONE',  ( -0.8191520442889910214, -0.5735764363510472696, -0.000000000000000000 ) ) ;
#1545 = CIRCLE ( 'NONE', #224, 10.24264068711927500 ) ;
#1546 = DIRECTION ( 'NONE',  ( -0.5735764363510501562, 0.8191520442889890230, 0.000000000000000000 ) ) ;
#1547 = ORIENTED_EDGE ( 'NONE', *, *, #298, .T. ) ;
#1548 = ORIENTED_EDGE ( 'NONE', *, *, #719, .F. ) ;
#1549 = DIRECTION ( 'NONE',  ( 0.9999619230641713097, 0.008726535498373544364, 0.000000000000000000 ) ) ;
#1550 = EDGE_CURVE ( 'NONE', #1310, #1156, #1700, .T. ) ;
#1551 = AXIS2_PLACEMENT_3D ( 'NONE', #1954, #1429, #548 ) ;
#1552 = CARTESIAN_POINT ( 'NONE',  ( -206.9989365775958277, 80.44707277952254287, 13.70000000000000462 ) ) ;
#1553 = EDGE_CURVE ( 'NONE', #644, #1650, #398, .T. ) ;
#1554 = LINE ( 'NONE', #163, #1040 ) ;
#1555 = DIRECTION ( 'NONE',  ( -0.000000000000000000, -0.000000000000000000, 1.000000000000000000 ) ) ;
#1556 = CARTESIAN_POINT ( 'NONE',  ( -264.0620420686955754, 66.76218641072877347, 2.985281374238590857 ) ) ;
#1557 = ORIENTED_EDGE ( 'NONE', *, *, #582, .F. ) ;
#1558 = ORIENTED_EDGE ( 'NONE', *, *, #105, .F. ) ;
#1559 = CARTESIAN_POINT ( 'NONE',  ( -211.8014365775958368, 80.44707277952254287, 19.70000000000000284 ) ) ;
#1560 = TOROIDAL_SURFACE ( 'NONE', #1690, 3.514718625761379833, 6.000000000000000000 ) ;
#1561 = VECTOR ( 'NONE', #303, 999.9999999999998863 ) ;
#1562 = EDGE_CURVE ( 'NONE', #1171, #1919, #468, .T. ) ;
#1563 = CARTESIAN_POINT ( 'NONE',  ( -201.4815098354917211, 97.97781113781914542, 2.985281374238590857 ) ) ;
#1564 = EDGE_CURVE ( 'NONE', #1632, #1167, #420, .T. ) ;
#1565 = PLANE ( 'NONE',  #1763 ) ;
#1566 = FACE_OUTER_BOUND ( 'NONE', #1242, .T. ) ;
#1567 = ORIENTED_EDGE ( 'NONE', *, *, #1770, .T. ) ;
#1568 = ORIENTED_EDGE ( 'NONE', *, *, #2014, .T. ) ;
#1569 = CARTESIAN_POINT ( 'NONE',  ( -250.8253118757802156, 76.76218641072877347, 13.70000000000000462 ) ) ;
#1570 = AXIS2_PLACEMENT_3D ( 'NONE', #1664, #269, #1532 ) ;
#1571 = DIRECTION ( 'NONE',  ( 1.000000000000000000, 0.000000000000000000, 0.000000000000000000 ) ) ;
#1572 = VERTEX_POINT ( 'NONE', #1966 ) ;
#1573 = LINE ( 'NONE', #146, #1331 ) ;
#1574 = EDGE_CURVE ( 'NONE', #1153, #1674, #403, .T. ) ;
#1575 = LINE ( 'NONE', #1398, #1285 ) ;
#1576 = ORIENTED_EDGE ( 'NONE', *, *, #140, .T. ) ;
#1577 = ORIENTED_EDGE ( 'NONE', *, *, #1712, .F. ) ;
#1578 = LINE ( 'NONE', #1907, #1307 ) ;
#1579 = ORIENTED_EDGE ( 'NONE', *, *, #1550, .F. ) ;
#1580 = CIRCLE ( 'NONE', #573, 10.26250000000000817 ) ;
#1581 = CARTESIAN_POINT ( 'NONE',  ( -250.8253118757802156, 66.76218641072877347, 18.13317304260642260 ) ) ;
#1582 = EDGE_LOOP ( 'NONE', ( #1781, #1159, #329, #1111 ) ) ;
#1583 = CARTESIAN_POINT ( 'NONE',  ( -215.6979243689439727, 85.97781113781914542, 93.63381329295297917 ) ) ;
#1584 = EDGE_CURVE ( 'NONE', #847, #188, #1210, .T. ) ;
#1585 = DIRECTION ( 'NONE',  ( -0.000000000000000000, -0.000000000000000000, 1.000000000000000000 ) ) ;
#1586 = VERTEX_POINT ( 'NONE', #109 ) ;
#1587 = EDGE_CURVE ( 'NONE', #344, #962, #729, .T. ) ;
#1588 = ORIENTED_EDGE ( 'NONE', *, *, #1678, .T. ) ;
#1589 = CARTESIAN_POINT ( 'NONE',  ( -209.5456907517833827, 94.57633067835827489, 12.20000000000000107 ) ) ;
#1590 = ORIENTED_EDGE ( 'NONE', *, *, #175, .F. ) ;
#1591 = CIRCLE ( 'NONE', #1424, 6.000000000000004441 ) ;
#1592 = CARTESIAN_POINT ( 'NONE',  ( -250.2260125394631416, 66.76218641072877347, 18.18491012055280365 ) ) ;
#1593 = EDGE_LOOP ( 'NONE', ( #1921, #982, #271, #248 ) ) ;
#1594 = FACE_OUTER_BOUND ( 'NONE', #1169, .T. ) ;
#1595 = DIRECTION ( 'NONE',  ( 0.000000000000000000, -0.7071067811865487940, 0.7071067811865463515 ) ) ;
#1596 = DIRECTION ( 'NONE',  ( -1.000000000000000000, 0.000000000000000000, 0.000000000000000000 ) ) ;
#1597 = ORIENTED_EDGE ( 'NONE', *, *, #1, .F. ) ;
#1598 = VERTEX_POINT ( 'NONE', #1358 ) ;
#1599 = EDGE_CURVE ( 'NONE', #739, #839, #1850, .T. ) ;
#1600 = FACE_OUTER_BOUND ( 'NONE', #388, .T. ) ;
#1601 = AXIS2_PLACEMENT_3D ( 'NONE', #1539, #152, #766 ) ;
#1602 = CIRCLE ( 'NONE', #1275, 6.000000000000000000 ) ;
#1603 = ORIENTED_EDGE ( 'NONE', *, *, #1173, .F. ) ;
#1604 = CARTESIAN_POINT ( 'NONE',  ( -215.6979243689439727, 85.97781113781914542, 9.714718625761383564 ) ) ;
#1605 = DIRECTION ( 'NONE',  ( -0.8191520442889890230, -0.5735764363510500452, -0.000000000000000000 ) ) ;
#1606 = CIRCLE ( 'NONE', #731, 6.000000000000005329 ) ;
#1607 = CARTESIAN_POINT ( 'NONE',  ( -211.8014365775958368, 80.44707277952254287, 93.63381329295297917 ) ) ;
#1608 = ORIENTED_EDGE ( 'NONE', *, *, #1512, .F. ) ;
#1609 = EDGE_LOOP ( 'NONE', ( #432, #1517 ) ) ;
#1610 = EDGE_CURVE ( 'NONE', #410, #774, #591, .T. ) ;
#1611 = AXIS2_PLACEMENT_3D ( 'NONE', #1682, #422, #897 ) ;
#1612 = DIRECTION ( 'NONE',  ( 0.8191520442889919096, 0.5735764363510459374, 6.654919343243799191E-17 ) ) ;
#1613 = EDGE_LOOP ( 'NONE', ( #973, #461, #1791, #827 ) ) ;
#1614 = EDGE_CURVE ( 'NONE', #787, #101, #339, .T. ) ;
#1615 = DIRECTION ( 'NONE',  ( 0.000000000000000000, -0.000000000000000000, 1.000000000000000000 ) ) ;
#1616 = DIRECTION ( 'NONE',  ( 0.000000000000000000, 0.000000000000000000, -1.000000000000000000 ) ) ;
#1617 = AXIS2_PLACEMENT_3D ( 'NONE', #580, #1209, #895 ) ;
#1618 = DIRECTION ( 'NONE',  ( -1.000000000000000000, -0.000000000000000000, -0.000000000000000000 ) ) ;
#1619 = DIRECTION ( 'NONE',  ( -1.000000000000000000, -1.632680918566405215E-15, 0.000000000000000000 ) ) ;
#1620 = EDGE_LOOP ( 'NONE', ( #1233, #926, #399, #1636 ) ) ;
#1621 = ORIENTED_EDGE ( 'NONE', *, *, #286, .T. ) ;
#1622 = EDGE_LOOP ( 'NONE', ( #1149, #1764 ) ) ;
#1623 = DIRECTION ( 'NONE',  ( 0.000000000000000000, 0.7071067811865479058, 0.7071067811865472397 ) ) ;
#1624 = EDGE_LOOP ( 'NONE', ( #375, #1048, #95, #1387 ) ) ;
#1625 = CARTESIAN_POINT ( 'NONE',  ( -194.3147095471026375, 92.10854120565184644, 12.20000000000000107 ) ) ;
#1626 = CARTESIAN_POINT ( 'NONE',  ( -215.6979243689439727, 97.97781113781914542, 12.19999999999997442 ) ) ;
#1627 = EDGE_CURVE ( 'NONE', #1038, #994, #277, .T. ) ;
#1628 = CIRCLE ( 'NONE', #1205, 10.00000000000000888 ) ;
#1629 = APPLICATION_PROTOCOL_DEFINITION ( 'draft international standard', 'automotive_design', 1998, #1947 ) ;
#1630 = CARTESIAN_POINT ( 'NONE',  ( -211.8014365775958368, 80.44707277952254287, -4.500000000000003553 ) ) ;
#1631 = DIRECTION ( 'NONE',  ( 0.4055797876726396356, -0.5792279653395688843, -0.7071067811865473507 ) ) ;
#1632 = VERTEX_POINT ( 'NONE', #1823 ) ;
#1633 = ORIENTED_EDGE ( 'NONE', *, *, #1042, .F. ) ;
#1634 = ORIENTED_EDGE ( 'NONE', *, *, #819, .F. ) ;
#1635 = DIRECTION ( 'NONE',  ( 0.8191520442889912434, 0.5735764363510471586, 0.000000000000000000 ) ) ;
#1636 = ORIENTED_EDGE ( 'NONE', *, *, #1702, .F. ) ;
#1637 = DIRECTION ( 'NONE',  ( 0.000000000000000000, 0.000000000000000000, -1.000000000000000000 ) ) ;
#1638 = VECTOR ( 'NONE', #315, 1000.000000000000114 ) ;
#1639 = TOROIDAL_SURFACE ( 'NONE', #1909, 6.000000000000012434, 6.000000000000000000 ) ;
#1640 = CARTESIAN_POINT ( 'NONE',  ( -215.6979243689439727, 91.97781113781913120, 9.714718625761383564 ) ) ;
#1641 = LINE ( 'NONE', #1830, #1808 ) ;
#1642 = ADVANCED_FACE ( 'NONE', ( #295 ), #581, .T. ) ;
#1643 = CARTESIAN_POINT ( 'NONE',  ( -204.4585053490832820, 89.09327526357493809, -5.500000000000000000 ) ) ;
#1644 = CIRCLE ( 'NONE', #860, 10.00000000000000888 ) ;
#1645 = ORIENTED_EDGE ( 'NONE', *, *, #1756, .T. ) ;
#1646 = ORIENTED_EDGE ( 'NONE', *, *, #681, .T. ) ;
#1647 = ADVANCED_FACE ( 'NONE', ( #1175 ), #1811, .T. ) ;
#1648 = VERTEX_POINT ( 'NONE', #131 ) ;
#1649 = CARTESIAN_POINT ( 'NONE',  ( -201.4815098354917211, 97.97781113781913120, 1.372714761850449383 ) ) ;
#1650 = VERTEX_POINT ( 'NONE', #1679 ) ;
#1651 = CYLINDRICAL_SURFACE ( 'NONE', #1663, 10.00000000000000888 ) ;
#1652 = PRODUCT_CONTEXT ( 'NONE', #2017, 'mechanical' ) ;
#1653 = CARTESIAN_POINT ( 'NONE',  ( -264.0620420686955185, 66.76218641072877347, 11.32728523814955324 ) ) ;
#1654 = MANIFOLD_SOLID_BREP ( 'Stock-Hinged fork tip-1', #706 ) ;
#1655 = AXIS2_PLACEMENT_3D ( 'NONE', #959, #519, #1473 ) ;
#1656 = DIRECTION ( 'NONE',  ( -0.8191520442889859144, -0.5735764363510544861, 0.000000000000000000 ) ) ;
#1657 = ORIENTED_EDGE ( 'NONE', *, *, #509, .F. ) ;
#1658 = ADVANCED_FACE ( 'NONE', ( #1883 ), #409, .F. ) ;
#1659 = CARTESIAN_POINT ( 'NONE',  ( -201.4815098354917211, 97.97781113781914542, 2.985281374238590857 ) ) ;
#1660 = ORIENTED_EDGE ( 'NONE', *, *, #628, .F. ) ;
#1661 = CARTESIAN_POINT ( 'NONE',  ( -0.8316451877049055863, 95.29709944564571344, -64.67245072062286226 ) ) ;
#1662 = LINE ( 'NONE', #753, #97 ) ;
#1663 = AXIS2_PLACEMENT_3D ( 'NONE', #1053, #1184, #1510 ) ;
#1664 = CARTESIAN_POINT ( 'NONE',  ( -211.8014365775958368, 80.44707277952254287, -6.999999999999999112 ) ) ;
#1665 = CIRCLE ( 'NONE', #1108, 5.999999999999988454 ) ;
#1666 = CARTESIAN_POINT ( 'NONE',  ( -237.8958429927007501, 60.18457277952254003, 93.63381329295297917 ) ) ;
#1667 = ORIENTED_EDGE ( 'NONE', *, *, #1610, .T. ) ;
#1668 = DIRECTION ( 'NONE',  ( -0.000000000000000000, -0.000000000000000000, 1.000000000000000000 ) ) ;
#1669 = EDGE_CURVE ( 'NONE', #1313, #265, #246, .T. ) ;
#1670 = PLANE ( 'NONE',  #922 ) ;
#1671 = LINE ( 'NONE', #626, #652 ) ;
#1672 = DIRECTION ( 'NONE',  ( 1.000000000000000000, -4.981674600970605889E-16, 0.000000000000000000 ) ) ;
#1673 = CARTESIAN_POINT ( 'NONE',  ( 1.585438958861282608E-14, 66.76218641072871662, 13.70000000000000462 ) ) ;
#1674 = VERTEX_POINT ( 'NONE', #1385 ) ;
#1675 = DIRECTION ( 'NONE',  ( 0.000000000000000000, -0.000000000000000000, -1.000000000000000000 ) ) ;
#1676 = CARTESIAN_POINT ( 'NONE',  ( -221.5728617130860414, 94.36809119559049464, 13.95735931288070297 ) ) ;
#1677 = CARTESIAN_POINT ( 'NONE',  ( -212.1725103974271747, 83.45237487231858609, 0.5000000000000004441 ) ) ;
#1678 = EDGE_CURVE ( 'NONE', #944, #1632, #305, .T. ) ;
#1679 = CARTESIAN_POINT ( 'NONE',  ( -217.7138841530848481, 88.85690008521220307, -5.500000000000000000 ) ) ;
#1680 = AXIS2_PLACEMENT_3D ( 'NONE', #1488, #1968, #261 ) ;
#1681 = VECTOR ( 'NONE', #1623, 1000.000000000000000 ) ;
#1682 = CARTESIAN_POINT ( 'NONE',  ( -211.8014365775958368, 80.44707277952254287, 19.70000000000000284 ) ) ;
#1683 = ORIENTED_EDGE ( 'NONE', *, *, #1859, .T. ) ;
#1684 = AXIS2_PLACEMENT_3D ( 'NONE', #510, #1755, #357 ) ;
#1685 = DIRECTION ( 'NONE',  ( 0.7071067811865502373, 8.659560562354964906E-17, -0.7071067811865447972 ) ) ;
#1686 = FACE_OUTER_BOUND ( 'NONE', #1077, .T. ) ;
#1687 = DIRECTION ( 'NONE',  ( -0.000000000000000000, -0.000000000000000000, 1.000000000000000000 ) ) ;
#1688 = DIRECTION ( 'NONE',  ( -0.000000000000000000, -0.000000000000000000, 1.000000000000000000 ) ) ;
#1689 = EDGE_CURVE ( 'NONE', #1029, #677, #619, .T. ) ;
#1690 = AXIS2_PLACEMENT_3D ( 'NONE', #1820, #733, #418 ) ;
#1691 = DIRECTION ( 'NONE',  ( -1.000000000000000000, 0.000000000000000000, 0.000000000000000000 ) ) ;
#1692 = ORIENTED_EDGE ( 'NONE', *, *, #1052, .T. ) ;
#1693 = EDGE_LOOP ( 'NONE', ( #1748, #2022, #841, #484 ) ) ;
#1694 = DIRECTION ( 'NONE',  ( 0.000000000000000000, 0.000000000000000000, -1.000000000000000000 ) ) ;
#1695 = LINE ( 'NONE', #921, #616 ) ;
#1696 = LINE ( 'NONE', #772, #499 ) ;
#1697 = EDGE_CURVE ( 'NONE', #462, #1453, #1696, .T. ) ;
#1698 = DIRECTION ( 'NONE',  ( -0.000000000000000000, -0.7071067811865471286, 0.7071067811865479058 ) ) ;
#1699 = ORIENTED_EDGE ( 'NONE', *, *, #1745, .F. ) ;
#1700 = CIRCLE ( 'NONE', #889, 10.00000000000000888 ) ;
#1701 = VECTOR ( 'NONE', #1164, 1000.000000000000000 ) ;
#1702 = EDGE_CURVE ( 'NONE', #1722, #58, #1238, .T. ) ;
#1703 = VERTEX_POINT ( 'NONE', #1087 ) ;
#1704 = CARTESIAN_POINT ( 'NONE',  ( -206.9989365775958277, 80.44707277952254287, 17.19999999999999218 ) ) ;
#1705 = CYLINDRICAL_SURFACE ( 'NONE', #1107, 4.802500000000015312 ) ;
#1706 = DIRECTION ( 'NONE',  ( 1.000000000000000000, 0.000000000000000000, 0.000000000000000000 ) ) ;
#1707 = CARTESIAN_POINT ( 'NONE',  ( -204.2172758322269033, 90.46135583687762960, 13.70000000000000462 ) ) ;
#1708 =( BOUNDED_CURVE ( )  B_SPLINE_CURVE ( 3, ( #601, #725, #1653, #279 ),
 .UNSPECIFIED., .F., .F. ) 
 B_SPLINE_CURVE_WITH_KNOTS ( ( 4, 4 ),
 ( 5.497787143782138841, 6.283185307179586232 ),
 .UNSPECIFIED. ) 
 CURVE ( )  GEOMETRIC_REPRESENTATION_ITEM ( )  RATIONAL_B_SPLINE_CURVE ( ( 1.000000000000000000, 0.9492530216741912330, 0.9492530216741912330, 1.000000000000000000 ) ) 
 REPRESENTATION_ITEM ( '' )  );
#1709 = CIRCLE ( 'NONE', #1025, 4.802500000000015312 ) ;
#1710 = CARTESIAN_POINT ( 'NONE',  ( -201.4815098354917211, 97.97781113781914542, 9.714718625761397774 ) ) ;
#1711 = ORIENTED_EDGE ( 'NONE', *, *, #1716, .F. ) ;
#1712 = EDGE_CURVE ( 'NONE', #507, #231, #1405, .T. ) ;
#1713 = ORIENTED_EDGE ( 'NONE', *, *, #1689, .F. ) ;
#1714 = DIRECTION ( 'NONE',  ( -1.000000000000000000, 0.000000000000000000, 0.000000000000000000 ) ) ;
#1715 = VECTOR ( 'NONE', #1165, 1000.000000000000114 ) ;
#1716 = EDGE_CURVE ( 'NONE', #1012, #159, #942, .T. ) ;
#1717 = DIRECTION ( 'NONE',  ( 0.000000000000000000, -0.000000000000000000, -1.000000000000000000 ) ) ;
#1718 = DIRECTION ( 'NONE',  ( -0.8191520442889911324, -0.5735764363510470476, -0.000000000000000000 ) ) ;
#1719 = LINE ( 'NONE', #323, #469 ) ;
#1720 = CARTESIAN_POINT ( 'NONE',  ( -209.5456907517833827, 94.57633067835827489, 18.19999999999999929 ) ) ;
#1721 = DIRECTION ( 'NONE',  ( -0.000000000000000000, -0.000000000000000000, 1.000000000000000000 ) ) ;
#1722 = VERTEX_POINT ( 'NONE', #784 ) ;
#1723 = VERTEX_POINT ( 'NONE', #1249 ) ;
#1724 = CARTESIAN_POINT ( 'NONE',  ( -215.6979243689439727, 97.97781113781914542, 9.714718625761383564 ) ) ;
#1725 = AXIS2_PLACEMENT_3D ( 'NONE', #1744, #948, #763 ) ;
#1726 = ADVANCED_FACE ( 'NONE', ( #479 ), #1565, .T. ) ;
#1727 = CARTESIAN_POINT ( 'NONE',  ( -211.8014365775958368, 80.44707277952254287, 19.70000000000003837 ) ) ;
#1728 = VERTEX_POINT ( 'NONE', #1730 ) ;
#1729 = DIRECTION ( 'NONE',  ( 0.000000000000000000, 0.000000000000000000, -1.000000000000000000 ) ) ;
#1730 = CARTESIAN_POINT ( 'NONE',  ( -215.6979243689439727, 89.49252976358057765, -5.500000000000000000 ) ) ;
#1731 = CARTESIAN_POINT ( 'NONE',  ( -113.8878091270388495, 162.6486475970065158, 0.5000000000000004441 ) ) ;
#1732 = VERTEX_POINT ( 'NONE', #1892 ) ;
#1733 = ORIENTED_EDGE ( 'NONE', *, *, #1768, .T. ) ;
#1734 = CYLINDRICAL_SURFACE ( 'NONE', #597, 4.000000000000003553 ) ;
#1735 = ORIENTED_EDGE ( 'NONE', *, *, #1351, .T. ) ;
#1736 = VECTOR ( 'NONE', #1672, 1000.000000000000000 ) ;
#1737 = AXIS2_PLACEMENT_3D ( 'NONE', #1086, #1849, #293 ) ;
#1738 = VECTOR ( 'NONE', #1549, 1000.000000000000114 ) ;
#1739 = DIRECTION ( 'NONE',  ( -0.000000000000000000, -0.000000000000000000, 1.000000000000000000 ) ) ;
#1740 = ADVANCED_FACE ( 'NONE', ( #958, #1417 ), #304, .T. ) ;
#1741 = CIRCLE ( 'NONE', #1844, 6.000000000000000000 ) ;
#1742 = ORIENTED_EDGE ( 'NONE', *, *, #1574, .F. ) ;
#1743 = CARTESIAN_POINT ( 'NONE',  ( -237.8958429927007501, 70.18457277952254003, -5.499999999999976907 ) ) ;
#1744 = CARTESIAN_POINT ( 'NONE',  ( -212.1725103974271747, 83.45237487231858609, 13.70000000000000107 ) ) ;
#1745 = EDGE_CURVE ( 'NONE', #1878, #1572, #1427, .T. ) ;
#1746 = DIRECTION ( 'NONE',  ( 0.000000000000000000, 0.000000000000000000, -1.000000000000000000 ) ) ;
#1747 = PRODUCT_DEFINITION_CONTEXT ( 'detailed design', #1947, 'design' ) ;
#1748 = ORIENTED_EDGE ( 'NONE', *, *, #105, .T. ) ;
#1749 = ORIENTED_EDGE ( 'NONE', *, *, #533, .T. ) ;
#1750 = DIRECTION ( 'NONE',  ( 1.000000000000000000, -1.387778780781444492E-15, 0.000000000000000000 ) ) ;
#1751 = CIRCLE ( 'NONE', #1030, 4.802500000000015312 ) ;
#1752 = DIRECTION ( 'NONE',  ( -1.000000000000000000, 0.000000000000000000, 0.000000000000000000 ) ) ;
#1753 = ORIENTED_EDGE ( 'NONE', *, *, #186, .T. ) ;
#1754 = CARTESIAN_POINT ( 'NONE',  ( -201.4815098354917211, 97.97781113781914542, 93.63381329295297917 ) ) ;
#1755 = DIRECTION ( 'NONE',  ( 0.000000000000000000, 0.000000000000000000, 1.000000000000000000 ) ) ;
#1756 = EDGE_CURVE ( 'NONE', #235, #1291, #491, .T. ) ;
#1757 = VERTEX_POINT ( 'NONE', #335 ) ;
#1758 = EDGE_LOOP ( 'NONE', ( #1117, #77, #91, #546, #1426 ) ) ;
#1759 = DIRECTION ( 'NONE',  ( -0.5735764363510459374, 0.8191520442889920206, 0.000000000000000000 ) ) ;
#1760 = ORIENTED_EDGE ( 'NONE', *, *, #1227, .F. ) ;
#1761 = VECTOR ( 'NONE', #1930, 1000.000000000000000 ) ;
#1762 = CARTESIAN_POINT ( 'NONE',  ( -211.8014365775958368, 80.44707277952254287, 93.63381329295297917 ) ) ;
#1763 = AXIS2_PLACEMENT_3D ( 'NONE', #23, #174, #1074 ) ;
#1764 = ORIENTED_EDGE ( 'NONE', *, *, #458, .T. ) ;
#1765 = CARTESIAN_POINT ( 'NONE',  ( -9.717003692247619284, 93.71950097912447575, -1.000000000000000000 ) ) ;
#1766 = DIRECTION ( 'NONE',  ( -0.000000000000000000, -0.000000000000000000, 1.000000000000000000 ) ) ;
#1767 = VERTEX_POINT ( 'NONE', #346 ) ;
#1768 = EDGE_CURVE ( 'NONE', #787, #1795, #1573, .T. ) ;
#1769 = ORIENTED_EDGE ( 'NONE', *, *, #1011, .F. ) ;
#1770 = EDGE_CURVE ( 'NONE', #1038, #1313, #2018, .T. ) ;
#1771 = DIRECTION ( 'NONE',  ( 0.2492435693639582228, 0.6847910787717355063, 0.6847910787717348402 ) ) ;
#1772 = AXIS2_PLACEMENT_3D ( 'NONE', #1589, #1422, #1759 ) ;
#1773 = AXIS2_PLACEMENT_3D ( 'NONE', #1451, #966, #1441 ) ;
#1774 = ORIENTED_EDGE ( 'NONE', *, *, #868, .F. ) ;
#1775 = FACE_OUTER_BOUND ( 'NONE', #1946, .T. ) ;
#1776 = CARTESIAN_POINT ( 'NONE',  ( -215.6979243689439727, 85.97781113781914542, 9.714718625761383564 ) ) ;
#1777 = DIRECTION ( 'NONE',  ( -0.000000000000000000, -0.000000000000000000, 1.000000000000000000 ) ) ;
#1778 = EDGE_LOOP ( 'NONE', ( #168, #244, #1979, #1416 ) ) ;
#1779 = VERTEX_POINT ( 'NONE', #1923 ) ;
#1780 = EDGE_CURVE ( 'NONE', #58, #299, #686, .T. ) ;
#1781 = ORIENTED_EDGE ( 'NONE', *, *, #15, .F. ) ;
#1782 = CIRCLE ( 'NONE', #1981, 10.24264068711927500 ) ;
#1783 = DIRECTION ( 'NONE',  ( -0.000000000000000000, 0.000000000000000000, 1.000000000000000000 ) ) ;
#1784 = ADVANCED_FACE ( 'NONE', ( #1442 ), #85, .T. ) ;
#1785 = ORIENTED_EDGE ( 'NONE', *, *, #1104, .F. ) ;
#1786 = DIRECTION ( 'NONE',  ( -1.000000000000000000, 0.000000000000000000, 0.000000000000000000 ) ) ;
#1787 = CARTESIAN_POINT ( 'NONE',  ( -211.8014365775958368, 80.44707277952254287, -3.270562748477168658 ) ) ;
#1788 = UNCERTAINTY_MEASURE_WITH_UNIT (LENGTH_MEASURE( 1.000000000000000082E-05 ), #1524, 'distance_accuracy_value', 'NONE');
#1789 = ORIENTED_EDGE ( 'NONE', *, *, #1262, .T. ) ;
#1790 = ORIENTED_EDGE ( 'NONE', *, *, #1239, .T. ) ;
#1791 = ORIENTED_EDGE ( 'NONE', *, *, #1187, .T. ) ;
#1792 = LINE ( 'NONE', #1499, #1118 ) ;
#1793 =( BOUNDED_CURVE ( )  B_SPLINE_CURVE ( 3, ( #794, #1407, #1268, #1258 ),
 .UNSPECIFIED., .F., .F. ) 
 B_SPLINE_CURVE_WITH_KNOTS ( ( 4, 4 ),
 ( 3.141592653589794004, 4.712388980384689674 ),
 .UNSPECIFIED. ) 
 CURVE ( )  GEOMETRIC_REPRESENTATION_ITEM ( )  RATIONAL_B_SPLINE_CURVE ( ( 1.000000000000000000, 0.8047378541243652705, 0.8047378541243652705, 1.000000000000000000 ) ) 
 REPRESENTATION_ITEM ( '' )  );
#1794 = EDGE_CURVE ( 'NONE', #1732, #1572, #47, .T. ) ;
#1795 = VERTEX_POINT ( 'NONE', #537 ) ;
#1796 = DIRECTION ( 'NONE',  ( 0.9999619230641713097, 0.008726535498373544364, 0.000000000000000000 ) ) ;
#1797 = DIRECTION ( 'NONE',  ( 1.000000000000000000, 0.000000000000000000, 0.000000000000000000 ) ) ;
#1798 = DIRECTION ( 'NONE',  ( 0.000000000000000000, 0.000000000000000000, -1.000000000000000000 ) ) ;
#1799 = DIRECTION ( 'NONE',  ( 0.000000000000000000, 0.000000000000000000, -1.000000000000000000 ) ) ;
#1800 = VERTEX_POINT ( 'NONE', #843 ) ;
#1801 = VERTEX_POINT ( 'NONE', #1315 ) ;
#1802 = ORIENTED_EDGE ( 'NONE', *, *, #509, .T. ) ;
#1803 = DIRECTION ( 'NONE',  ( -0.000000000000000000, -0.000000000000000000, -1.000000000000000000 ) ) ;
#1804 = ORIENTED_EDGE ( 'NONE', *, *, #198, .F. ) ;
#1805 = CARTESIAN_POINT ( 'NONE',  ( -219.1233974463388279, 90.90391659966155657, -5.500000000000000000 ) ) ;
#1806 = EDGE_CURVE ( 'NONE', #1453, #490, #1931, .T. ) ;
#1807 = VECTOR ( 'NONE', #280, 1000.000000000000114 ) ;
#1808 = VECTOR ( 'NONE', #429, 1000.000000000000000 ) ;
#1809 =( LENGTH_UNIT ( ) NAMED_UNIT ( * ) SI_UNIT ( .MILLI., .METRE. ) );
#1810 = CARTESIAN_POINT ( 'NONE',  ( -241.3160444259574433, 69.58149898738162165, 13.70000000000000462 ) ) ;
#1811 = CYLINDRICAL_SURFACE ( 'NONE', #661, 5.999999999999998224 ) ;
#1812 = AXIS2_PLACEMENT_3D ( 'NONE', #171, #1867, #463 ) ;
#1813 = ADVANCED_FACE ( 'NONE', ( #823 ), #1278, .T. ) ;
#1814 = ORIENTED_EDGE ( 'NONE', *, *, #806, .F. ) ;
#1815 = CARTESIAN_POINT ( 'NONE',  ( -201.4815098354917211, 97.97781113781914542, 2.985281374238590857 ) ) ;
#1816 = EDGE_LOOP ( 'NONE', ( #258, #748, #221, #821 ) ) ;
#1817 = FACE_OUTER_BOUND ( 'NONE', #149, .T. ) ;
#1818 = AXIS2_PLACEMENT_3D ( 'NONE', #281, #1341, #1825 ) ;
#1819 = ORIENTED_EDGE ( 'NONE', *, *, #657, .F. ) ;
#1820 = CARTESIAN_POINT ( 'NONE',  ( -215.6979243689439727, 85.97781113781914542, 12.20000000000000107 ) ) ;
#1821 =( NAMED_UNIT ( * ) PLANE_ANGLE_UNIT ( ) SI_UNIT ( $, .RADIAN. ) );
#1822 = CARTESIAN_POINT ( 'NONE',  ( -200.4585053490832820, 89.09327526357493809, 13.70000000000000462 ) ) ;
#1823 = CARTESIAN_POINT ( 'NONE',  ( -241.3160444259574433, 69.58149898738162165, -5.500000000000000000 ) ) ;
#1824 = EDGE_CURVE ( 'NONE', #677, #1012, #1628, .T. ) ;
#1825 = DIRECTION ( 'NONE',  ( 1.000000000000000000, 0.000000000000000000, 0.000000000000000000 ) ) ;
#1826 = VERTEX_POINT ( 'NONE', #1062 ) ;
#1827 = CARTESIAN_POINT ( 'NONE',  ( -201.4815098354917211, 96.22045182493840798, 13.95735931288069764 ) ) ;
#1828 = DIRECTION ( 'NONE',  ( -1.000000000000000000, 0.000000000000000000, 0.000000000000000000 ) ) ;
#1829 = CARTESIAN_POINT ( 'NONE',  ( -204.4385299525530968, 89.49252976358052081, 18.19999999999999574 ) ) ;
#1830 = CARTESIAN_POINT ( 'NONE',  ( -237.8958429927007501, 70.18457277952254003, -5.499999999999976907 ) ) ;
#1831 = AXIS2_PLACEMENT_3D ( 'NONE', #115, #435, #1494 ) ;
#1832 = DIRECTION ( 'NONE',  ( -1.000000000000000000, 0.000000000000000000, 0.000000000000000000 ) ) ;
#1833 = CARTESIAN_POINT ( 'NONE',  ( -201.4815098354917211, 97.97781113781914542, 9.714718625761397774 ) ) ;
#1834 = EDGE_LOOP ( 'NONE', ( #732, #1276, #687, #1143, #796, #798, #1588, #653, #194, #886 ) ) ;
#1835 = FACE_OUTER_BOUND ( 'NONE', #855, .T. ) ;
#1836 = EDGE_CURVE ( 'NONE', #1723, #937, #1391, .T. ) ;
#1837 = DIRECTION ( 'NONE',  ( -1.000000000000000000, 4.981674600970605889E-16, 0.000000000000000000 ) ) ;
#1838 = CARTESIAN_POINT ( 'NONE',  ( -204.4049987851569483, 89.82678991898993104, 18.19999999999999929 ) ) ;
#1839 = CARTESIAN_POINT ( 'NONE',  ( -203.6473929777747003, 92.02709611121936462, 13.70000000000000462 ) ) ;
#1840 = DIRECTION ( 'NONE',  ( 1.000000000000000000, 0.000000000000000000, 0.000000000000000000 ) ) ;
#1841 = AXIS2_PLACEMENT_3D ( 'NONE', #801, #1555, #6 ) ;
#1842 = CYLINDRICAL_SURFACE ( 'NONE', #184, 10.00000000000000888 ) ;
#1843 = EDGE_LOOP ( 'NONE', ( #67, #836, #1932, #1487 ) ) ;
#1844 = AXIS2_PLACEMENT_3D ( 'NONE', #668, #1612, #954 ) ;
#1845 = CYLINDRICAL_SURFACE ( 'NONE', #1116, 10.26250000000000817 ) ;
#1846 = EDGE_CURVE ( 'NONE', #848, #111, #397, .T. ) ;
#1847 = CARTESIAN_POINT ( 'NONE',  ( -247.4051104425235224, 67.36526020286969185, 18.19999999999999574 ) ) ;
#1848 = CARTESIAN_POINT ( 'NONE',  ( -203.0996771163694632, 93.53193307270737478, 13.07867965644035557 ) ) ;
#1849 = DIRECTION ( 'NONE',  ( 0.000000000000000000, 0.000000000000000000, -1.000000000000000000 ) ) ;
#1850 = LINE ( 'NONE', #884, #1146 ) ;
#1851 = VECTOR ( 'NONE', #1222, 1000.000000000000000 ) ;
#1852 = FACE_OUTER_BOUND ( 'NONE', #1475, .T. ) ;
#1853 = ORIENTED_EDGE ( 'NONE', *, *, #1949, .F. ) ;
#1854 = AXIS2_PLACEMENT_3D ( 'NONE', #1995, #883, #590 ) ;
#1855 = ORIENTED_EDGE ( 'NONE', *, *, #1610, .F. ) ;
#1856 = FACE_OUTER_BOUND ( 'NONE', #1758, .T. ) ;
#1857 = FACE_OUTER_BOUND ( 'NONE', #1002, .T. ) ;
#1858 = LINE ( 'NONE', #455, #1561 ) ;
#1859 = EDGE_CURVE ( 'NONE', #111, #787, #376, .T. ) ;
#1860 = EDGE_CURVE ( 'NONE', #507, #525, #1431, .T. ) ;
#1861 = AXIS2_PLACEMENT_3D ( 'NONE', #275, #713, #702 ) ;
#1862 = DIRECTION ( 'NONE',  ( 1.000000000000000000, 0.000000000000000000, 0.000000000000000000 ) ) ;
#1863 = ORIENTED_EDGE ( 'NONE', *, *, #596, .T. ) ;
#1864 = AXIS2_PLACEMENT_3D ( 'NONE', #989, #1616, #237 ) ;
#1865 =( GEOMETRIC_REPRESENTATION_CONTEXT ( 3 ) GLOBAL_UNCERTAINTY_ASSIGNED_CONTEXT ( ( #36 ) ) GLOBAL_UNIT_ASSIGNED_CONTEXT ( ( #1809, #1821, #724 ) ) REPRESENTATION_CONTEXT ( 'NONE', 'WORKASPACE' ) );
#1866 = ORIENTED_EDGE ( 'NONE', *, *, #322, .F. ) ;
#1867 = DIRECTION ( 'NONE',  ( 0.000000000000000000, 0.000000000000000000, -1.000000000000000000 ) ) ;
#1868 = FACE_OUTER_BOUND ( 'NONE', #190, .T. ) ;
#1869 = DIRECTION ( 'NONE',  ( -1.000000000000000000, 0.000000000000000000, 0.000000000000000000 ) ) ;
#1870 = FACE_OUTER_BOUND ( 'NONE', #1834, .T. ) ;
#1871 = EDGE_CURVE ( 'NONE', #1130, #1889, #605, .T. ) ;
#1872 = DIRECTION ( 'NONE',  ( -0.000000000000000000, 0.000000000000000000, 1.000000000000000000 ) ) ;
#1873 = EDGE_CURVE ( 'NONE', #1878, #1029, #1665, .T. ) ;
#1874 = B_SPLINE_CURVE_WITH_KNOTS ( 'NONE', 3,
 ( #1403, #21, #637, #1218 ),
 .UNSPECIFIED., .F., .F.,
 ( 4, 4 ),
 ( 0.000000000000000000, 0.001795187544756260889 ),
 .UNSPECIFIED. ) ;
#1875 = ORIENTED_EDGE ( 'NONE', *, *, #1, .T. ) ;
#1876 = AXIS2_PLACEMENT_3D ( 'NONE', #946, #645, #514 ) ;
#1877 = VECTOR ( 'NONE', #407, 1000.000000000000000 ) ;
#1878 = VERTEX_POINT ( 'NONE', #1521 ) ;
#1879 = CARTESIAN_POINT ( 'NONE',  ( -204.8014365775958368, 80.44707277952254287, 19.70000000000003837 ) ) ;
#1880 = VECTOR ( 'NONE', #728, 1000.000000000000000 ) ;
#1881 = CARTESIAN_POINT ( 'NONE',  ( -241.3160444259574433, 69.58149898738162165, 18.19999999999999574 ) ) ;
#1882 = FACE_OUTER_BOUND ( 'NONE', #317, .T. ) ;
#1883 = FACE_OUTER_BOUND ( 'NONE', #1335, .T. ) ;
#1884 = PRODUCT_DEFINITION ( 'UNKNOWN', '', #968, #1747 ) ;
#1885 = CIRCLE ( 'NONE', #990, 1.500000000000004663 ) ;
#1886 = DIRECTION ( 'NONE',  ( 0.000000000000000000, -0.000000000000000000, -1.000000000000000000 ) ) ;
#1887 = VERTEX_POINT ( 'NONE', #128 ) ;
#1888 = EDGE_CURVE ( 'NONE', #1572, #848, #911, .T. ) ;
#1889 = VERTEX_POINT ( 'NONE', #1543 ) ;
#1890 = CYLINDRICAL_SURFACE ( 'NONE', #1772, 5.999999999999988454 ) ;
#1891 = CARTESIAN_POINT ( 'NONE',  ( -260.6205834505893222, 61.84727414499482734, 9.714718625761411985 ) ) ;
#1892 = CARTESIAN_POINT ( 'NONE',  ( -215.6979243689439727, 96.22045182493843640, 13.95735931288067810 ) ) ;
#1893 = DIRECTION ( 'NONE',  ( -0.000000000000000000, 0.000000000000000000, 1.000000000000000000 ) ) ;
#1894 = ORIENTED_EDGE ( 'NONE', *, *, #1227, .T. ) ;
#1895 = ORIENTED_EDGE ( 'NONE', *, *, #769, .F. ) ;
#1896 = FACE_OUTER_BOUND ( 'NONE', #389, .T. ) ;
#1897 = EDGE_CURVE ( 'NONE', #1632, #858, #1230, .T. ) ;
#1898 = AXIS2_PLACEMENT_3D ( 'NONE', #1640, #238, #1022 ) ;
#1899 = DIRECTION ( 'NONE',  ( 0.000000000000000000, 0.000000000000000000, 1.000000000000000000 ) ) ;
#1900 = ADVANCED_FACE ( 'NONE', ( #1383 ), #971, .F. ) ;
#1901 = ORIENTED_EDGE ( 'NONE', *, *, #408, .F. ) ;
#1902 = DIRECTION ( 'NONE',  ( 0.9999619230641713097, 0.008726535498373544364, 0.000000000000000000 ) ) ;
#1903 = DIRECTION ( 'NONE',  ( 0.000000000000000000, -0.000000000000000000, -1.000000000000000000 ) ) ;
#1904 = CARTESIAN_POINT ( 'NONE',  ( -250.8253118757802156, 66.76218641072877347, 18.13317304260642260 ) ) ;
#1905 = ORIENTED_EDGE ( 'NONE', *, *, #1614, .T. ) ;
#1906 = VERTEX_POINT ( 'NONE', #428 ) ;
#1907 = CARTESIAN_POINT ( 'NONE',  ( -217.9082747609376725, 91.64389531520848209, -64.67245072062286226 ) ) ;
#1908 = VECTOR ( 'NONE', #485, 999.9999999999998863 ) ;
#1909 = AXIS2_PLACEMENT_3D ( 'NONE', #1604, #356, #1428 ) ;
#1910 = VECTOR ( 'NONE', #613, 1000.000000000000000 ) ;
#1911 = CARTESIAN_POINT ( 'NONE',  ( -250.8253118757802156, 76.76218641072877347, 93.63381329295297917 ) ) ;
#1912 = ADVANCED_FACE ( 'NONE', ( #761 ), #1998, .T. ) ;
#1913 = ORIENTED_EDGE ( 'NONE', *, *, #129, .F. ) ;
#1914 = CYLINDRICAL_SURFACE ( 'NONE', #2008, 6.000000000000009770 ) ;
#1915 = DIRECTION ( 'NONE',  ( -0.000000000000000000, -0.000000000000000000, 1.000000000000000000 ) ) ;
#1916 = ORIENTED_EDGE ( 'NONE', *, *, #1794, .F. ) ;
#1917 = ORIENTED_EDGE ( 'NONE', *, *, #520, .T. ) ;
#1918 = LINE ( 'NONE', #1131, #1438 ) ;
#1919 = VERTEX_POINT ( 'NONE', #1994 ) ;
#1920 = LINE ( 'NONE', #506, #862 ) ;
#1921 = ORIENTED_EDGE ( 'NONE', *, *, #520, .F. ) ;
#1922 = CYLINDRICAL_SURFACE ( 'NONE', #278, 12.00000000000001066 ) ;
#1923 = CARTESIAN_POINT ( 'NONE',  ( -211.8014365775958368, 70.18457277952252582, 18.19999999999999574 ) ) ;
#1924 = EDGE_CURVE ( 'NONE', #727, #1878, #1858, .T. ) ;
#1925 = CARTESIAN_POINT ( 'NONE',  ( -264.0620420686955754, 66.76218641072877347, 9.714718625761411985 ) ) ;
#1926 = ADVANCED_FACE ( 'NONE', ( #1365 ), #2004, .T. ) ;
#1927 = ORIENTED_EDGE ( 'NONE', *, *, #996, .F. ) ;
#1928 = DIRECTION ( 'NONE',  ( 0.000000000000000000, 0.000000000000000000, -1.000000000000000000 ) ) ;
#1929 = AXIS2_PLACEMENT_3D ( 'NONE', #136, #598, #1542 ) ;
#1930 = DIRECTION ( 'NONE',  ( 1.000000000000000000, -0.000000000000000000, 0.000000000000000000 ) ) ;
#1931 = CIRCLE ( 'NONE', #1528, 4.000000000000003553 ) ;
#1932 = ORIENTED_EDGE ( 'NONE', *, *, #927, .T. ) ;
#1933 = CARTESIAN_POINT ( 'NONE',  ( -211.8014365775958368, 80.44707277952254287, 17.19999999999999218 ) ) ;
#1934 = ADVANCED_FACE ( 'NONE', ( #923 ), #154, .F. ) ;
#1935 = CARTESIAN_POINT ( 'NONE',  ( -211.8014365775958368, 80.44707277952254287, -3.270562748477168658 ) ) ;
#1936 = ORIENTED_EDGE ( 'NONE', *, *, #1076, .T. ) ;
#1937 = ADVANCED_FACE ( 'NONE', ( #465 ), #554, .T. ) ;
#1938 = LINE ( 'NONE', #1673, #1515 ) ;
#1939 = CARTESIAN_POINT ( 'NONE',  ( -241.3160444259574433, 69.58149898738162165, 18.20000000000002061 ) ) ;
#1940 = ORIENTED_EDGE ( 'NONE', *, *, #470, .F. ) ;
#1941 = DIRECTION ( 'NONE',  ( 0.9999619230641714207, 0.008726535498373546099, 0.000000000000000000 ) ) ;
#1942 = CARTESIAN_POINT ( 'NONE',  ( -211.8014365775958368, 80.44707277952254287, 93.63381329295297917 ) ) ;
#1943 = DIRECTION ( 'NONE',  ( 0.000000000000000000, 0.000000000000000000, 1.000000000000000000 ) ) ;
#1944 = DIRECTION ( 'NONE',  ( 1.000000000000000000, 0.000000000000000000, 0.000000000000000000 ) ) ;
#1945 = ORIENTED_EDGE ( 'NONE', *, *, #606, .T. ) ;
#1946 = EDGE_LOOP ( 'NONE', ( #441, #676, #965, #952 ) ) ;
#1947 = APPLICATION_CONTEXT ( 'automotive_design' ) ;
#1948 = EDGE_LOOP ( 'NONE', ( #1936, #79, #807, #1597 ) ) ;
#1949 = EDGE_CURVE ( 'NONE', #1703, #1906, #1671, .T. ) ;
#1950 = VECTOR ( 'NONE', #602, 1000.000000000000000 ) ;
#1951 = PLANE ( 'NONE',  #502 ) ;
#1952 = ORIENTED_EDGE ( 'NONE', *, *, #1873, .T. ) ;
#1953 = PLANE ( 'NONE',  #1328 ) ;
#1954 = CARTESIAN_POINT ( 'NONE',  ( -215.6979243689439727, 89.49252976358053502, 12.20000000000000107 ) ) ;
#1955 = CYLINDRICAL_SURFACE ( 'NONE', #1876, 4.000000000000003553 ) ;
#1956 = ORIENTED_EDGE ( 'NONE', *, *, #1191, .T. ) ;
#1957 = EDGE_LOOP ( 'NONE', ( #1603, #49, #1863, #1971 ) ) ;
#1958 = ORIENTED_EDGE ( 'NONE', *, *, #175, .T. ) ;
#1959 = EDGE_CURVE ( 'NONE', #1156, #1469, #1554, .T. ) ;
#1960 = CARTESIAN_POINT ( 'NONE',  ( -211.8014365775958368, 80.44707277952254287, 15.97056274847716928 ) ) ;
#1961 = ORIENTED_EDGE ( 'NONE', *, *, #1311, .T. ) ;
#1962 = ADVANCED_FACE ( 'NONE', ( #1882 ), #1096, .F. ) ;
#1963 = DIRECTION ( 'NONE',  ( -0.9999619230641713097, -0.008726535498373544364, -0.000000000000000000 ) ) ;
#1964 = DIRECTION ( 'NONE',  ( -1.000000000000000000, 0.000000000000000000, 0.000000000000000000 ) ) ;
#1965 = CARTESIAN_POINT ( 'NONE',  ( -216.6039365775958458, 80.44707277952254287, 93.63381329295297917 ) ) ;
#1966 = CARTESIAN_POINT ( 'NONE',  ( -215.6979243689439727, 93.73517045069979758, 16.44264068711929738 ) ) ;
#1967 = ORIENTED_EDGE ( 'NONE', *, *, #298, .F. ) ;
#1968 = DIRECTION ( 'NONE',  ( -0.000000000000000000, -0.000000000000000000, 1.000000000000000000 ) ) ;
#1969 = EDGE_LOOP ( 'NONE', ( #400, #232, #635, #1066 ) ) ;
#1970 = FACE_BOUND ( 'NONE', #1622, .T. ) ;
#1971 = ORIENTED_EDGE ( 'NONE', *, *, #494, .F. ) ;
#1972 = CARTESIAN_POINT ( 'NONE',  ( -203.6396955271060563, 86.66839814271887121, 18.19999999999999574 ) ) ;
#1973 = AXIS2_PLACEMENT_3D ( 'NONE', #559, #1688, #430 ) ;
#1974 = CIRCLE ( 'NONE', #1861, 4.802500000000015312 ) ;
#1975 = CARTESIAN_POINT ( 'NONE',  ( -203.6396955271060563, 86.66839814271887121, -5.500000000000000000 ) ) ;
#1976 = DIRECTION ( 'NONE',  ( -0.000000000000000000, -0.000000000000000000, 1.000000000000000000 ) ) ;
#1977 = AXIS2_PLACEMENT_3D ( 'NONE', #402, #1491, #94 ) ;
#1978 = PLANE ( 'NONE',  #1413 ) ;
#1979 = ORIENTED_EDGE ( 'NONE', *, *, #1599, .T. ) ;
#1980 = LINE ( 'NONE', #415, #214 ) ;
#1981 = AXIS2_PLACEMENT_3D ( 'NONE', #696, #707, #541 ) ;
#1982 = VERTEX_POINT ( 'NONE', #932 ) ;
#1983 = DIRECTION ( 'NONE',  ( -1.000000000000000000, 9.251858538542962756E-15, 0.000000000000000000 ) ) ;
#1984 = CARTESIAN_POINT ( 'NONE',  ( -249.0620420686955754, 66.76218641072877347, -5.500000000000000000 ) ) ;
#1985 = DIRECTION ( 'NONE',  ( 1.000000000000000000, 0.000000000000000000, 0.000000000000000000 ) ) ;
#1986 = EDGE_CURVE ( 'NONE', #157, #1134, #13, .T. ) ;
#1987 = CIRCLE ( 'NONE', #222, 10.00000000000000888 ) ;
#1988 = DIRECTION ( 'NONE',  ( 1.000000000000000000, 0.000000000000000000, 0.000000000000000000 ) ) ;
#1989 = DIRECTION ( 'NONE',  ( 0.5735764363510501562, -0.8191520442889890230, 0.000000000000000000 ) ) ;
#1990 = EDGE_CURVE ( 'NONE', #1534, #1732, #589, .T. ) ;
#1991 = ORIENTED_EDGE ( 'NONE', *, *, #1073, .F. ) ;
#1992 = DIRECTION ( 'NONE',  ( -0.000000000000000000, -0.000000000000000000, 1.000000000000000000 ) ) ;
#1993 = CARTESIAN_POINT ( 'NONE',  ( -215.6979243689439727, 85.97781113781914542, -5.500000000000000000 ) ) ;
#1994 = CARTESIAN_POINT ( 'NONE',  ( -217.8014365775958368, 80.44707277952254287, -6.999999999999999112 ) ) ;
#1995 = CARTESIAN_POINT ( 'NONE',  ( -200.4585053490832820, 89.09327526357493809, 13.70000000000000462 ) ) ;
#1996 = CONICAL_SURFACE ( 'NONE', #1929, 7.000000000000006217, 0.7853981633974520538 ) ;
#1997 = CARTESIAN_POINT ( 'NONE',  ( -217.6978986123734217, 88.86809328132068231, 0.5000000000000004441 ) ) ;
#1998 = CONICAL_SURFACE ( 'NONE', #459, 7.000000000000006217, 0.7853981633974469467 ) ;
#1999 = FACE_BOUND ( 'NONE', #392, .T. ) ;
#2000 = ORIENTED_EDGE ( 'NONE', *, *, #1614, .F. ) ;
#2001 = EDGE_CURVE ( 'NONE', #1757, #1534, #1003, .T. ) ;
#2002 = CARTESIAN_POINT ( 'NONE',  ( -250.8278675437761649, 66.76218641072877347, -1.000000000000000888 ) ) ;
#2003 = CARTESIAN_POINT ( 'NONE',  ( -204.4049987851569483, 89.82678991898995946, -5.500000000000000000 ) ) ;
#2004 = CYLINDRICAL_SURFACE ( 'NONE', #169, 6.000000000000000000 ) ;
#2005 = LINE ( 'NONE', #1174, #1485 ) ;
#2006 =( NAMED_UNIT ( * ) PLANE_ANGLE_UNIT ( ) SI_UNIT ( $, .RADIAN. ) );
#2007 = AXIS2_PLACEMENT_3D ( 'NONE', #40, #654, #352 ) ;
#2008 = AXIS2_PLACEMENT_3D ( 'NONE', #1144, #364, #373 ) ;
#2009 = CIRCLE ( 'NONE', #762, 1.500000000000004663 ) ;
#2010 = CARTESIAN_POINT ( 'NONE',  ( -9.747546566491926967, 97.21936770984915199, 17.19999999999999929 ) ) ;
#2011 = ORIENTED_EDGE ( 'NONE', *, *, #781, .T. ) ;
#2012 = CIRCLE ( 'NONE', #504, 10.00000000000000888 ) ;
#2013 = DIRECTION ( 'NONE',  ( 1.000000000000000000, 0.000000000000000000, 0.000000000000000000 ) ) ;
#2014 = EDGE_CURVE ( 'NONE', #358, #205, #139, .T. ) ;
#2015 = CARTESIAN_POINT ( 'NONE',  ( -237.8958429927007501, 70.18457277952254003, -5.500000000000000000 ) ) ;
#2016 = DIRECTION ( 'NONE',  ( 0.8191520442889911324, 0.5735764363510469366, -1.326662012540370922E-15 ) ) ;
#2017 = APPLICATION_CONTEXT ( 'automotive_design' ) ;
#2018 = LINE ( 'NONE', #609, #1362 ) ;
#2019 = AXIS2_PLACEMENT_3D ( 'NONE', #1436, #1783, #1293 ) ;
#2020 = CARTESIAN_POINT ( 'NONE',  ( -204.8014365775958368, 80.44707277952254287, 19.70000000000000284 ) ) ;
#2021 = ORIENTED_EDGE ( 'NONE', *, *, #1897, .F. ) ;
#2022 = ORIENTED_EDGE ( 'NONE', *, *, #781, .F. ) ;
#2023 = CARTESIAN_POINT ( 'NONE',  ( -204.4585053490832820, 89.09327526357493809, 13.70000000000000462 ) ) ;
ENDSEC;
END-ISO-10303-21;
