ISO-10303-21;
HEADER;
FILE_DESCRIPTION (( 'STEP AP214' ),
    '1' );
FILE_NAME ('Fork Tip 8-11.STEP',
    '2026-08-12T06:54:02',
    ( '' ),
    ( '' ),
    'SwSTEP 2.0',
    'SolidWorks 2026',
    '' );
FILE_SCHEMA (( 'AUTOMOTIVE_DESIGN' ));
ENDSEC;

DATA;
#1 = DIRECTION ( 'NONE',  ( 1.000000000000000000, -4.981674600970605889E-16, 0.000000000000000000 ) ) ;
#2 = ORIENTED_EDGE ( 'NONE', *, *, #1835, .T. ) ;
#3 = EDGE_CURVE ( 'NONE', #621, #1246, #1950, .T. ) ;
#4 = CARTESIAN_POINT ( 'NONE',  ( -253.4430377372078453, 66.76218641072877347, -64.67245072062286226 ) ) ;
#5 = ORIENTED_EDGE ( 'NONE', *, *, #178, .F. ) ;
#6 = AXIS2_PLACEMENT_3D ( 'NONE', #1945, #665, #998 ) ;
#7 = DIRECTION ( 'NONE',  ( -1.000000000000000000, 0.000000000000000000, 0.000000000000000000 ) ) ;
#8 = LINE ( 'NONE', #2002, #934 ) ;
#9 = CYLINDRICAL_SURFACE ( 'NONE', #1495, 4.812499999999997335 ) ;
#10 = CARTESIAN_POINT ( 'NONE',  ( -217.8014365775958368, 80.44707277952254287, -6.999999999999999112 ) ) ;
#11 = CARTESIAN_POINT ( 'NONE',  ( -260.9981796058988266, 66.76218641072877347, 13.95735931288069231 ) ) ;
#12 = ORIENTED_EDGE ( 'NONE', *, *, #1819, .F. ) ;
#13 = CARTESIAN_POINT ( 'NONE',  ( -215.6979243689439727, 85.97781113781914542, -5.500000000000000000 ) ) ;
#14 = EDGE_CURVE ( 'NONE', #248, #1398, #1795, .T. ) ;
#15 = PRODUCT_DEFINITION_SHAPE ( 'NONE', 'NONE',  #1543 ) ;
#16 = EDGE_LOOP ( 'NONE', ( #1485, #1729, #511, #1244 ) ) ;
#17 = DIRECTION ( 'NONE',  ( -0.000000000000000000, -0.000000000000000000, 1.000000000000000000 ) ) ;
#18 = ADVANCED_FACE ( 'NONE', ( #285 ), #2022, .T. ) ;
#19 = ORIENTED_EDGE ( 'NONE', *, *, #559, .T. ) ;
#20 = DIRECTION ( 'NONE',  ( 1.000000000000000000, 0.000000000000000000, 0.000000000000000000 ) ) ;
#21 = CARTESIAN_POINT ( 'NONE',  ( -250.8253118757802156, 66.76218641072877347, -5.433173042606403769 ) ) ;
#22 = VERTEX_POINT ( 'NONE', #436 ) ;
#23 = DIRECTION ( 'NONE',  ( 0.5735764363510470476, -0.8191520442889911324, 0.000000000000000000 ) ) ;
#24 = CARTESIAN_POINT ( 'NONE',  ( -253.4430377372078453, 66.76218641072877347, -0.3786796564403571708 ) ) ;
#25 = ORIENTED_EDGE ( 'NONE', *, *, #1896, .T. ) ;
#26 = EDGE_CURVE ( 'NONE', #606, #950, #457, .T. ) ;
#27 = CARTESIAN_POINT ( 'NONE',  ( -250.8253118757802156, 76.76218641072877347, 18.19999999999999574 ) ) ;
#28 = ORIENTED_EDGE ( 'NONE', *, *, #1859, .T. ) ;
#29 = EDGE_CURVE ( 'NONE', #421, #1384, #1067, .T. ) ;
#30 =( NAMED_UNIT ( * ) PLANE_ANGLE_UNIT ( ) SI_UNIT ( $, .RADIAN. ) );
#31 = VECTOR ( 'NONE', #867, 1000.000000000000000 ) ;
#32 = VECTOR ( 'NONE', #362, 999.9999999999998863 ) ;
#33 = CYLINDRICAL_SURFACE ( 'NONE', #1325, 6.000000000000000000 ) ;
#34 = APPLICATION_CONTEXT ( 'automotive_design' ) ;
#35 = CARTESIAN_POINT ( 'NONE',  ( -255.0700531979580035, 66.76218641072877347, 17.35759293218593058 ) ) ;
#36 = VERTEX_POINT ( 'NONE', #927 ) ;
#37 = DIRECTION ( 'NONE',  ( 0.9999619230641714207, 0.008726535498373546099, 0.000000000000000000 ) ) ;
#38 = DIRECTION ( 'NONE',  ( 0.9396926207859082059, 0.3420201433256691570, 0.000000000000000000 ) ) ;
#39 = CIRCLE ( 'NONE', #1995, 10.00000000000000888 ) ;
#40 = DIRECTION ( 'NONE',  ( 1.000000000000000000, 0.000000000000000000, 0.000000000000000000 ) ) ;
#41 = DIRECTION ( 'NONE',  ( 1.000000000000000000, -0.000000000000000000, 0.000000000000000000 ) ) ;
#42 = EDGE_CURVE ( 'NONE', #183, #621, #364, .T. ) ;
#43 = CARTESIAN_POINT ( 'NONE',  ( -211.8014365775958368, 93.73517045069985443, -3.742640687119281218 ) ) ;
#44 = CARTESIAN_POINT ( 'NONE',  ( -215.6979243689439727, 85.97781113781914542, 13.95735931288068166 ) ) ;
#45 = AXIS2_PLACEMENT_3D ( 'NONE', #1154, #47, #1749 ) ;
#46 = ORIENTED_EDGE ( 'NONE', *, *, #734, .F. ) ;
#47 = DIRECTION ( 'NONE',  ( 0.000000000000000000, 0.000000000000000000, -1.000000000000000000 ) ) ;
#48 = CARTESIAN_POINT ( 'NONE',  ( -212.1725103974271747, 83.45237487231858609, -64.67245072062286226 ) ) ;
#49 = EDGE_LOOP ( 'NONE', ( #1473, #537, #855, #1921, #1649, #187, #112, #1829, #1655, #1136 ) ) ;
#50 = DIRECTION ( 'NONE',  ( -0.5735764363510448272, 0.8191520442889926867, 0.000000000000000000 ) ) ;
#51 = VERTEX_POINT ( 'NONE', #1049 ) ;
#52 = FACE_OUTER_BOUND ( 'NONE', #1565, .T. ) ;
#53 = LINE ( 'NONE', #43, #1466 ) ;
#54 = EDGE_CURVE ( 'NONE', #1300, #183, #1009, .T. ) ;
#55 = DIRECTION ( 'NONE',  ( -0.000000000000000000, -0.000000000000000000, 1.000000000000000000 ) ) ;
#56 = EDGE_LOOP ( 'NONE', ( #843, #282 ) ) ;
#57 = CARTESIAN_POINT ( 'NONE',  ( -250.8253118757802156, 76.76218641072877347, -5.500000000000005329 ) ) ;
#58 = ADVANCED_FACE ( 'NONE', ( #1231 ), #1852, .F. ) ;
#59 = FACE_OUTER_BOUND ( 'NONE', #1352, .T. ) ;
#60 = VERTEX_POINT ( 'NONE', #1560 ) ;
#61 = CARTESIAN_POINT ( 'NONE',  ( -264.0620420686955754, 66.76218641072877347, 1.372714761850454934 ) ) ;
#62 =( BOUNDED_CURVE ( )  B_SPLINE_CURVE ( 3, ( #1834, #132, #1391, #615 ),
 .UNSPECIFIED., .F., .T. ) 
 B_SPLINE_CURVE_WITH_KNOTS ( ( 4, 4 ),
 ( 1.732977370896674474, 2.356194490192346613 ),
 .UNSPECIFIED. ) 
 CURVE ( )  GEOMETRIC_REPRESENTATION_ITEM ( )  RATIONAL_B_SPLINE_CURVE ( ( 1.000000000000000000, 0.9678944220135364818, 0.9678944220135364818, 1.000000000000000000 ) ) 
 REPRESENTATION_ITEM ( '' )  );
#63 = DIRECTION ( 'NONE',  ( -1.000000000000000000, 0.000000000000000000, 0.000000000000000000 ) ) ;
#64 = DIRECTION ( 'NONE',  ( 1.000000000000000000, 0.000000000000000000, 0.000000000000000000 ) ) ;
#65 = DIRECTION ( 'NONE',  ( -1.000000000000000000, 0.000000000000000000, 0.000000000000000000 ) ) ;
#66 = VECTOR ( 'NONE', #614, 1000.000000000000114 ) ;
#67 = EDGE_CURVE ( 'NONE', #183, #863, #1242, .T. ) ;
#68 = EDGE_LOOP ( 'NONE', ( #168, #1502, #947, #541, #785 ) ) ;
#69 = AXIS2_PLACEMENT_3D ( 'NONE', #1540, #286, #1842 ) ;
#70 = DIRECTION ( 'NONE',  ( -1.000000000000000000, 0.000000000000000000, 0.000000000000000000 ) ) ;
#71 = CARTESIAN_POINT ( 'NONE',  ( -239.6591127997854187, 70.18457277952254003, 93.63381329295297917 ) ) ;
#72 = VERTEX_POINT ( 'NONE', #449 ) ;
#73 = DIRECTION ( 'NONE',  ( -1.000000000000000000, 0.000000000000000000, 0.000000000000000000 ) ) ;
#74 = VERTEX_POINT ( 'NONE', #586 ) ;
#75 = CARTESIAN_POINT ( 'NONE',  ( -211.8014365775958368, 80.44707277952254287, -6.999999999999999112 ) ) ;
#76 = AXIS2_PLACEMENT_3D ( 'NONE', #1792, #1140, #1127 ) ;
#77 = CARTESIAN_POINT ( 'NONE',  ( -215.6979243689439727, 85.97781113781914542, 9.714718625761383564 ) ) ;
#78 = EDGE_LOOP ( 'NONE', ( #1377, #5, #46, #967 ) ) ;
#79 = AXIS2_PLACEMENT_3D ( 'NONE', #1674, #141, #758 ) ;
#80 = AXIS2_PLACEMENT_3D ( 'NONE', #533, #694, #81 ) ;
#81 = DIRECTION ( 'NONE',  ( 1.000000000000000000, 0.000000000000000000, 0.000000000000000000 ) ) ;
#82 = FACE_OUTER_BOUND ( 'NONE', #1866, .T. ) ;
#83 = ORIENTED_EDGE ( 'NONE', *, *, #980, .F. ) ;
#84 = DIRECTION ( 'NONE',  ( 1.000000000000000000, -0.000000000000000000, 0.000000000000000000 ) ) ;
#85 = ADVANCED_FACE ( 'NONE', ( #1538 ), #594, .T. ) ;
#86 = CARTESIAN_POINT ( 'NONE',  ( -113.8878091270388495, 162.6486475970065158, 0.5000000000000004441 ) ) ;
#87 = ORIENTED_EDGE ( 'NONE', *, *, #138, .T. ) ;
#88 = CARTESIAN_POINT ( 'NONE',  ( -203.3265484544903927, 92.90860919409871599, 13.70000000000000284 ) ) ;
#89 = CARTESIAN_POINT ( 'NONE',  ( -212.1725103974271747, 83.45237487231858609, 0.5000000000000004441 ) ) ;
#90 = ORIENTED_EDGE ( 'NONE', *, *, #1027, .T. ) ;
#91 = DIRECTION ( 'NONE',  ( -1.000000000000000000, 0.000000000000000000, 0.000000000000000000 ) ) ;
#92 = ORIENTED_EDGE ( 'NONE', *, *, #527, .F. ) ;
#93 = EDGE_CURVE ( 'NONE', #407, #74, #1999, .T. ) ;
#94 = EDGE_CURVE ( 'NONE', #611, #1577, #889, .T. ) ;
#95 = CARTESIAN_POINT ( 'NONE',  ( -211.8014365775958368, 80.44707277952254287, 18.19999999999999929 ) ) ;
#96 = ORIENTED_EDGE ( 'NONE', *, *, #1381, .F. ) ;
#97 = CARTESIAN_POINT ( 'NONE',  ( -211.8014365775958368, 80.44707277952254287, -4.500000000000003553 ) ) ;
#98 = CIRCLE ( 'NONE', #1657, 10.00000000000000888 ) ;
#99 = DIRECTION ( 'NONE',  ( 0.9999619230641714207, 0.008726535498373546099, 0.000000000000000000 ) ) ;
#100 = CIRCLE ( 'NONE', #1000, 6.000000000000000000 ) ;
#101 = ORIENTED_EDGE ( 'NONE', *, *, #42, .T. ) ;
#102 = DIRECTION ( 'NONE',  ( -0.000000000000000000, -0.000000000000000000, 1.000000000000000000 ) ) ;
#103 = VECTOR ( 'NONE', #247, 1000.000000000000000 ) ;
#104 = ORIENTED_EDGE ( 'NONE', *, *, #1319, .F. ) ;
#105 = LINE ( 'NONE', #1001, #159 ) ;
#106 = ADVANCED_FACE ( 'NONE', ( #1380 ), #2010, .T. ) ;
#107 = AXIS2_PLACEMENT_3D ( 'NONE', #744, #582, #128 ) ;
#108 = ORIENTED_EDGE ( 'NONE', *, *, #1371, .T. ) ;
#109 = CARTESIAN_POINT ( 'NONE',  ( -216.8334736959675695, 55.79863708687913970, 54.37917405093973144 ) ) ;
#110 = VERTEX_POINT ( 'NONE', #10 ) ;
#111 = DIRECTION ( 'NONE',  ( 0.5735764363510490460, -0.8191520442889898002, 0.000000000000000000 ) ) ;
#112 = ORIENTED_EDGE ( 'NONE', *, *, #93, .T. ) ;
#113 = DIRECTION ( 'NONE',  ( 1.000000000000000000, 0.000000000000000000, 0.000000000000000000 ) ) ;
#114 = ORIENTED_EDGE ( 'NONE', *, *, #1659, .F. ) ;
#115 = EDGE_CURVE ( 'NONE', #36, #264, #1883, .T. ) ;
#116 = CARTESIAN_POINT ( 'NONE',  ( -264.0620420686955754, 66.76218641072877347, 12.19999999999997442 ) ) ;
#117 = CARTESIAN_POINT ( 'NONE',  ( -217.8014365775958368, 80.44707277952254287, 19.70000000000000284 ) ) ;
#118 = ORIENTED_EDGE ( 'NONE', *, *, #1503, .T. ) ;
#119 = CARTESIAN_POINT ( 'NONE',  ( -217.9082747609376725, 91.64389531520848209, 12.20000000000000284 ) ) ;
#120 = EDGE_CURVE ( 'NONE', #1246, #1531, #62, .T. ) ;
#121 = ORIENTED_EDGE ( 'NONE', *, *, #1420, .F. ) ;
#122 = FACE_BOUND ( 'NONE', #911, .T. ) ;
#123 = DIRECTION ( 'NONE',  ( 0.000000000000000000, 0.000000000000000000, 1.000000000000000000 ) ) ;
#124 = AXIS2_PLACEMENT_3D ( 'NONE', #790, #1416, #1426 ) ;
#125 = DIRECTION ( 'NONE',  ( -0.000000000000000000, 0.000000000000000000, 1.000000000000000000 ) ) ;
#126 = EDGE_CURVE ( 'NONE', #1998, #1879, #767, .T. ) ;
#127 = VERTEX_POINT ( 'NONE', #1373 ) ;
#128 = DIRECTION ( 'NONE',  ( -1.000000000000000000, 0.000000000000000000, 0.000000000000000000 ) ) ;
#129 = AXIS2_PLACEMENT_3D ( 'NONE', #779, #1884, #149 ) ;
#130 = ORIENTED_EDGE ( 'NONE', *, *, #1209, .F. ) ;
#131 = CARTESIAN_POINT ( 'NONE',  ( -250.8253118757802156, 66.76218641072877347, -5.433173042606403769 ) ) ;
#132 = CARTESIAN_POINT ( 'NONE',  ( -203.7621628070489521, 91.71176859685378702, -5.216674575637683553 ) ) ;
#133 = CARTESIAN_POINT ( 'NONE',  ( -212.2466859491633500, 91.95205121836404771, 0.5000000000000004441 ) ) ;
#134 = VECTOR ( 'NONE', #995, 1000.000000000000000 ) ;
#135 = ORIENTED_EDGE ( 'NONE', *, *, #1659, .T. ) ;
#136 = DIRECTION ( 'NONE',  ( -1.000000000000000000, 0.000000000000000000, 0.000000000000000000 ) ) ;
#137 = VERTEX_POINT ( 'NONE', #1519 ) ;
#138 = EDGE_CURVE ( 'NONE', #236, #193, #315, .T. ) ;
#139 = AXIS2_PLACEMENT_3D ( 'NONE', #433, #1052, #1684 ) ;
#140 = CARTESIAN_POINT ( 'NONE',  ( -253.4430377372078738, 66.76218641072877347, 13.07867965644035912 ) ) ;
#141 = DIRECTION ( 'NONE',  ( 0.3420201433256691570, -0.9396926207859082059, 0.000000000000000000 ) ) ;
#142 = DIRECTION ( 'NONE',  ( -0.000000000000000000, -0.000000000000000000, 1.000000000000000000 ) ) ;
#143 = EDGE_LOOP ( 'NONE', ( #447, #1626, #328, #1215 ) ) ;
#144 = FACE_OUTER_BOUND ( 'NONE', #338, .T. ) ;
#145 = VERTEX_POINT ( 'NONE', #1886 ) ;
#146 = DIRECTION ( 'NONE',  ( 1.000000000000000000, 0.000000000000000000, 0.000000000000000000 ) ) ;
#147 = EDGE_CURVE ( 'NONE', #1531, #60, #53, .T. ) ;
#148 = CARTESIAN_POINT ( 'NONE',  ( -250.8253118757802156, 76.76218641072877347, -1.000000000000000888 ) ) ;
#149 = DIRECTION ( 'NONE',  ( -1.000000000000000000, 0.000000000000000000, 0.000000000000000000 ) ) ;
#150 = EDGE_CURVE ( 'NONE', #621, #51, #1581, .T. ) ;
#151 = DIRECTION ( 'NONE',  ( 0.000000000000000000, -0.000000000000000000, -1.000000000000000000 ) ) ;
#152 = CARTESIAN_POINT ( 'NONE',  ( -204.4049987851569483, 89.82678991898995946, -5.500000000000000000 ) ) ;
#153 = VERTEX_POINT ( 'NONE', #1266 ) ;
#154 = DIRECTION ( 'NONE',  ( 0.000000000000000000, 0.000000000000000000, -1.000000000000000000 ) ) ;
#155 = ORIENTED_EDGE ( 'NONE', *, *, #1503, .F. ) ;
#156 = CARTESIAN_POINT ( 'NONE',  ( -264.0620420686955754, 66.76218641072877347, 93.63381329295297917 ) ) ;
#157 = AXIS2_PLACEMENT_3D ( 'NONE', #1286, #1265, #1897 ) ;
#158 = EDGE_LOOP ( 'NONE', ( #876, #326 ) ) ;
#159 = VECTOR ( 'NONE', #1793, 1000.000000000000114 ) ;
#160 = VECTOR ( 'NONE', #1966, 1000.000000000000000 ) ;
#161 = DIRECTION ( 'NONE',  ( -1.000000000000000000, 0.000000000000000000, 0.000000000000000000 ) ) ;
#162 = CARTESIAN_POINT ( 'NONE',  ( -204.2172758322269033, 90.46135583687762960, 93.63381329295297917 ) ) ;
#163 = EDGE_CURVE ( 'NONE', #1384, #1876, #577, .T. ) ;
#164 = CARTESIAN_POINT ( 'NONE',  ( -255.0700531979580035, 66.76218641072877347, -4.657592932185938395 ) ) ;
#165 = ORIENTED_EDGE ( 'NONE', *, *, #14, .F. ) ;
#166 = CARTESIAN_POINT ( 'NONE',  ( -217.8014365775958368, 80.44707277952254287, -4.500000000000000888 ) ) ;
#167 = VERTEX_POINT ( 'NONE', #1111 ) ;
#168 = ORIENTED_EDGE ( 'NONE', *, *, #806, .F. ) ;
#169 = AXIS2_PLACEMENT_3D ( 'NONE', #310, #23, #1061 ) ;
#170 = CARTESIAN_POINT ( 'NONE',  ( -249.6301596879650049, 66.81567475729784178, -5.500000000000000000 ) ) ;
#171 = CARTESIAN_POINT ( 'NONE',  ( -304.2575014874092858, 66.76218641072877347, 23.55516837087887083 ) ) ;
#172 = CARTESIAN_POINT ( 'NONE',  ( -241.3160444259574433, 69.58149898738162165, 18.20000000000002061 ) ) ;
#173 = EDGE_CURVE ( 'NONE', #1289, #1279, #1088, .T. ) ;
#174 = ORIENTED_EDGE ( 'NONE', *, *, #959, .F. ) ;
#175 = CARTESIAN_POINT ( 'NONE',  ( -203.6473929777747003, 92.02709611121936462, -1.000000000000000888 ) ) ;
#176 = LINE ( 'NONE', #1271, #1979 ) ;
#177 = VERTEX_POINT ( 'NONE', #1733 ) ;
#178 = EDGE_CURVE ( 'NONE', #1082, #988, #773, .T. ) ;
#179 = DIRECTION ( 'NONE',  ( -0.000000000000000000, -0.000000000000000000, -1.000000000000000000 ) ) ;
#180 = ORIENTED_EDGE ( 'NONE', *, *, #720, .F. ) ;
#181 = FACE_OUTER_BOUND ( 'NONE', #1525, .T. ) ;
#182 = DIRECTION ( 'NONE',  ( 0.8191520442889910214, 0.5735764363510472696, 1.962615573354716493E-17 ) ) ;
#183 = VERTEX_POINT ( 'NONE', #1722 ) ;
#184 = EDGE_CURVE ( 'NONE', #1630, #942, #1318, .T. ) ;
#185 = DIRECTION ( 'NONE',  ( -0.008726535498373544364, 0.9999619230641713097, 0.000000000000000000 ) ) ;
#186 = CARTESIAN_POINT ( 'NONE',  ( -205.8014365775958368, 80.44707277952254287, -3.270562748477168658 ) ) ;
#187 = ORIENTED_EDGE ( 'NONE', *, *, #294, .F. ) ;
#188 = DIRECTION ( 'NONE',  ( 0.3420201433256691570, -0.9396926207859082059, 0.000000000000000000 ) ) ;
#189 = DIRECTION ( 'NONE',  ( -0.8191520442889911324, -0.5735764363510470476, -0.000000000000000000 ) ) ;
#190 = AXIS2_PLACEMENT_3D ( 'NONE', #658, #202, #669 ) ;
#191 = CYLINDRICAL_SURFACE ( 'NONE', #546, 10.00000000000000888 ) ;
#192 = DIRECTION ( 'NONE',  ( 1.000000000000000000, -0.000000000000000000, -0.000000000000000000 ) ) ;
#193 = VERTEX_POINT ( 'NONE', #821 ) ;
#194 = DIRECTION ( 'NONE',  ( -1.000000000000000000, 0.000000000000000000, 0.000000000000000000 ) ) ;
#195 = ORIENTED_EDGE ( 'NONE', *, *, #1264, .T. ) ;
#196 = CARTESIAN_POINT ( 'NONE',  ( -211.8014365775958368, 80.44707277952254287, 19.70000000000003837 ) ) ;
#197 = VECTOR ( 'NONE', #255, 1000.000000000000000 ) ;
#198 = ADVANCED_FACE ( 'NONE', ( #181 ), #363, .T. ) ;
#199 = CARTESIAN_POINT ( 'NONE',  ( -215.6979243689439727, 93.73517045069979758, 16.44264068711929738 ) ) ;
#200 = DIRECTION ( 'NONE',  ( -0.000000000000000000, 0.000000000000000000, 1.000000000000000000 ) ) ;
#201 = EDGE_CURVE ( 'NONE', #1967, #1082, #321, .T. ) ;
#202 = DIRECTION ( 'NONE',  ( -0.000000000000000000, -0.000000000000000000, 1.000000000000000000 ) ) ;
#203 = ORIENTED_EDGE ( 'NONE', *, *, #67, .F. ) ;
#204 = DIRECTION ( 'NONE',  ( 0.000000000000000000, 0.000000000000000000, -1.000000000000000000 ) ) ;
#205 = ORIENTED_EDGE ( 'NONE', *, *, #660, .T. ) ;
#206 = CARTESIAN_POINT ( 'NONE',  ( -209.5456907517833827, 94.57633067835827489, 18.19999999999999929 ) ) ;
#207 = ORIENTED_EDGE ( 'NONE', *, *, #1991, .T. ) ;
#208 = CARTESIAN_POINT ( 'NONE',  ( -215.6979243689439727, 85.97781113781914542, 16.44264068711930094 ) ) ;
#209 = CARTESIAN_POINT ( 'NONE',  ( -211.8014365775958368, 80.44707277952254287, 19.70000000000000284 ) ) ;
#210 = DIRECTION ( 'NONE',  ( -0.8191520442889910214, -0.5735764363510472696, -1.962615573354716493E-17 ) ) ;
#211 = ORIENTED_EDGE ( 'NONE', *, *, #372, .F. ) ;
#212 = CARTESIAN_POINT ( 'NONE',  ( -220.1473628791206920, 92.33226787724962037, -3.742640687119283438 ) ) ;
#213 = DIRECTION ( 'NONE',  ( -1.000000000000000000, 0.000000000000000000, 0.000000000000000000 ) ) ;
#214 = EDGE_LOOP ( 'NONE', ( #796, #716, #597, #1617 ) ) ;
#215 = CARTESIAN_POINT ( 'NONE',  ( -211.8014365775958368, 70.18457277952252582, 93.63381329295297917 ) ) ;
#216 = CARTESIAN_POINT ( 'NONE',  ( -215.6979243689439727, 85.97781113781914542, 2.985281374238577090 ) ) ;
#217 = CARTESIAN_POINT ( 'NONE',  ( -187.0383108622336863, 137.6601741815351829, 40.18236304371596646 ) ) ;
#218 = AXIS2_PLACEMENT_3D ( 'NONE', #828, #515, #1457 ) ;
#219 = ORIENTED_EDGE ( 'NONE', *, *, #1281, .F. ) ;
#220 = EDGE_CURVE ( 'NONE', #1910, #74, #518, .T. ) ;
#221 = AXIS2_PLACEMENT_3D ( 'NONE', #44, #505, #1121 ) ;
#222 = CARTESIAN_POINT ( 'NONE',  ( -205.8014365775958368, 80.44707277952254287, 19.70000000000000284 ) ) ;
#223 = CARTESIAN_POINT ( 'NONE',  ( -241.3160444259574433, 69.58149898738162165, 18.20000000000002061 ) ) ;
#224 = ADVANCED_FACE ( 'NONE', ( #982, #635 ), #1614, .T. ) ;
#225 = VERTEX_POINT ( 'NONE', #799 ) ;
#226 = DIRECTION ( 'NONE',  ( 1.000000000000000000, 0.000000000000000000, 0.000000000000000000 ) ) ;
#227 = VECTOR ( 'NONE', #343, 1000.000000000000000 ) ;
#228 = DIRECTION ( 'NONE',  ( 1.000000000000000000, 0.000000000000000000, 0.000000000000000000 ) ) ;
#229 = ORIENTED_EDGE ( 'NONE', *, *, #1662, .F. ) ;
#230 = VECTOR ( 'NONE', #1443, 1000.000000000000000 ) ;
#231 = DIRECTION ( 'NONE',  ( 0.8191520442889912434, 0.5735764363510471586, 0.000000000000000000 ) ) ;
#232 = EDGE_CURVE ( 'NONE', #1737, #452, #1386, .T. ) ;
#233 = FACE_OUTER_BOUND ( 'NONE', #1553, .T. ) ;
#234 = EDGE_LOOP ( 'NONE', ( #558, #1609, #1773, #1047 ) ) ;
#235 = DIRECTION ( 'NONE',  ( 0.000000000000000000, 0.000000000000000000, 1.000000000000000000 ) ) ;
#236 = VERTEX_POINT ( 'NONE', #1754 ) ;
#237 = EDGE_CURVE ( 'NONE', #481, #1762, #1931, .T. ) ;
#238 = PLANE ( 'NONE',  #1393 ) ;
#239 = VERTEX_POINT ( 'NONE', #972 ) ;
#240 = FACE_OUTER_BOUND ( 'NONE', #762, .T. ) ;
#241 = CARTESIAN_POINT ( 'NONE',  ( -201.4815098354917211, 91.97781113781913120, 9.714718625761397774 ) ) ;
#242 = ORIENTED_EDGE ( 'NONE', *, *, #820, .F. ) ;
#243 = LINE ( 'NONE', #1185, #420 ) ;
#244 = ORIENTED_EDGE ( 'NONE', *, *, #983, .F. ) ;
#245 = EDGE_CURVE ( 'NONE', #1279, #903, #928, .T. ) ;
#246 = ADVANCED_FACE ( 'NONE', ( #657 ), #33, .T. ) ;
#247 = DIRECTION ( 'NONE',  ( 0.000000000000000000, 0.000000000000000000, -1.000000000000000000 ) ) ;
#248 = VERTEX_POINT ( 'NONE', #495 ) ;
#249 = DIRECTION ( 'NONE',  ( 0.8191520442889911324, 0.5735764363510471586, 0.000000000000000000 ) ) ;
#250 = VECTOR ( 'NONE', #1621, 1000.000000000000000 ) ;
#251 = CARTESIAN_POINT ( 'NONE',  ( -241.3160444259574433, 69.58149898738162165, 18.19999999999999574 ) ) ;
#252 = AXIS2_PLACEMENT_3D ( 'NONE', #814, #1933, #1278 ) ;
#253 = AXIS2_PLACEMENT_3D ( 'NONE', #241, #570, #1005 ) ;
#254 = ORIENTED_EDGE ( 'NONE', *, *, #115, .F. ) ;
#255 = DIRECTION ( 'NONE',  ( 0.000000000000000000, 0.000000000000000000, -1.000000000000000000 ) ) ;
#256 = ORIENTED_EDGE ( 'NONE', *, *, #618, .F. ) ;
#257 = ADVANCED_FACE ( 'NONE', ( #1592 ), #191, .T. ) ;
#258 = CARTESIAN_POINT ( 'NONE',  ( -204.8014365775958368, 80.44707277952254287, 19.70000000000003837 ) ) ;
#259 = AXIS2_PLACEMENT_3D ( 'NONE', #196, #1763, #73 ) ;
#260 = ORIENTED_EDGE ( 'NONE', *, *, #1896, .F. ) ;
#261 = EDGE_CURVE ( 'NONE', #1207, #693, #1425, .T. ) ;
#262 = FACE_OUTER_BOUND ( 'NONE', #833, .T. ) ;
#263 = LINE ( 'NONE', #1548, #1222 ) ;
#264 = VERTEX_POINT ( 'NONE', #509 ) ;
#265 = VECTOR ( 'NONE', #816, 1000.000000000000114 ) ;
#266 = CARTESIAN_POINT ( 'NONE',  ( -212.2597757524109170, 93.45199410296031317, 12.20000000000000284 ) ) ;
#267 = ORIENTED_EDGE ( 'NONE', *, *, #1901, .T. ) ;
#268 = LINE ( 'NONE', #859, #1758 ) ;
#269 = CARTESIAN_POINT ( 'NONE',  ( -211.8014365775958368, 80.44707277952254287, -3.270562748477168658 ) ) ;
#270 = DIRECTION ( 'NONE',  ( -0.000000000000000000, -0.000000000000000000, 1.000000000000000000 ) ) ;
#271 = ORIENTED_EDGE ( 'NONE', *, *, #811, .T. ) ;
#272 = CARTESIAN_POINT ( 'NONE',  ( -260.6205834505893222, 61.84727414499482734, 9.714718625761411985 ) ) ;
#273 = EDGE_LOOP ( 'NONE', ( #390, #1905, #312, #295 ) ) ;
#274 = CARTESIAN_POINT ( 'NONE',  ( -237.8958429927007501, 60.18457277952254003, 18.19999999999999574 ) ) ;
#275 = DIRECTION ( 'NONE',  ( -1.000000000000000000, 0.000000000000000000, 0.000000000000000000 ) ) ;
#276 = ADVANCED_FACE ( 'NONE', ( #1750 ), #1192, .F. ) ;
#277 = EDGE_LOOP ( 'NONE', ( #631, #1941, #1522, #920 ) ) ;
#278 = CARTESIAN_POINT ( 'NONE',  ( -204.4585053490832820, 89.09327526357493809, 13.70000000000000462 ) ) ;
#279 = VECTOR ( 'NONE', #1873, 1000.000000000000000 ) ;
#280 = EDGE_CURVE ( 'NONE', #606, #1150, #176, .T. ) ;
#281 = AXIS2_PLACEMENT_3D ( 'NONE', #1261, #179, #146 ) ;
#282 = ORIENTED_EDGE ( 'NONE', *, *, #765, .T. ) ;
#283 = CIRCLE ( 'NONE', #1889, 6.000000000000005329 ) ;
#284 = DIRECTION ( 'NONE',  ( 0.9999619230641713097, 0.008726535498373544364, 0.000000000000000000 ) ) ;
#285 = FACE_OUTER_BOUND ( 'NONE', #1703, .T. ) ;
#286 = DIRECTION ( 'NONE',  ( 0.000000000000000000, 0.000000000000000000, 1.000000000000000000 ) ) ;
#287 = VECTOR ( 'NONE', #1653, 1000.000000000000000 ) ;
#288 = ORIENTED_EDGE ( 'NONE', *, *, #940, .T. ) ;
#289 = CARTESIAN_POINT ( 'NONE',  ( -216.6139365775958368, 80.44707277952254287, -1.000000000000000888 ) ) ;
#290 = EDGE_CURVE ( 'NONE', #1012, #1293, #1259, .T. ) ;
#291 = EDGE_LOOP ( 'NONE', ( #599, #135, #568, #1422 ) ) ;
#292 = DIRECTION ( 'NONE',  ( -0.000000000000000000, 0.000000000000000000, 1.000000000000000000 ) ) ;
#293 = CIRCLE ( 'NONE', #1445, 6.000000000000005329 ) ;
#294 = EDGE_CURVE ( 'NONE', #407, #153, #1409, .T. ) ;
#295 = ORIENTED_EDGE ( 'NONE', *, *, #1392, .T. ) ;
#296 = CARTESIAN_POINT ( 'NONE',  ( -262.9861566469165837, 66.76218641072877347, 12.81710252614601764 ) ) ;
#297 = CARTESIAN_POINT ( 'NONE',  ( -211.8014365775958368, 80.44707277952254287, 18.19999999999999929 ) ) ;
#298 = CARTESIAN_POINT ( 'NONE',  ( -250.8253118757802156, 76.76218641072877347, 13.70000000000000462 ) ) ;
#299 = ORIENTED_EDGE ( 'NONE', *, *, #1381, .T. ) ;
#300 = CARTESIAN_POINT ( 'NONE',  ( -217.7138841530848197, 88.85690008521218886, 12.20000000000000284 ) ) ;
#301 = ORIENTED_EDGE ( 'NONE', *, *, #1247, .F. ) ;
#302 = DIRECTION ( 'NONE',  ( 0.000000000000000000, -1.000000000000000000, 0.000000000000000000 ) ) ;
#303 = VERTEX_POINT ( 'NONE', #1904 ) ;
#304 = EDGE_CURVE ( 'NONE', #1060, #1207, #1125, .T. ) ;
#305 = CARTESIAN_POINT ( 'NONE',  ( -250.2260125394631416, 66.76218641072877347, -5.484910120552789259 ) ) ;
#306 = FACE_OUTER_BOUND ( 'NONE', #522, .T. ) ;
#307 = CARTESIAN_POINT ( 'NONE',  ( -211.8014365775958368, 80.44707277952254287, 19.70000000000000284 ) ) ;
#308 = LINE ( 'NONE', #1562, #808 ) ;
#309 = ORIENTED_EDGE ( 'NONE', *, *, #1331, .T. ) ;
#310 = CARTESIAN_POINT ( 'NONE',  ( -114.7481737815654128, 163.8773756634399774, -64.67245072062286226 ) ) ;
#311 = DIRECTION ( 'NONE',  ( 0.8191520442889911324, 0.5735764363510471586, -0.000000000000000000 ) ) ;
#312 = ORIENTED_EDGE ( 'NONE', *, *, #408, .F. ) ;
#313 = PLANE ( 'NONE',  #1217 ) ;
#314 = CIRCLE ( 'NONE', #1756, 1.499999999999998224 ) ;
#315 = CIRCLE ( 'NONE', #1361, 7.000000000000006217 ) ;
#316 = ORIENTED_EDGE ( 'NONE', *, *, #983, .T. ) ;
#317 = VECTOR ( 'NONE', #1089, 1000.000000000000114 ) ;
#318 = AXIS2_PLACEMENT_3D ( 'NONE', #1155, #562, #1953 ) ;
#319 = EDGE_CURVE ( 'NONE', #167, #1311, #810, .T. ) ;
#320 = CARTESIAN_POINT ( 'NONE',  ( -201.4815098354917211, 97.97781113781914542, 2.985281374238590857 ) ) ;
#321 = LINE ( 'NONE', #340, #1845 ) ;
#322 = DIRECTION ( 'NONE',  ( -0.9999619230641713097, -0.008726535498382287370, -8.073667196260649341E-17 ) ) ;
#323 = ADVANCED_FACE ( 'NONE', ( #957 ), #500, .F. ) ;
#324 = ORIENTED_EDGE ( 'NONE', *, *, #381, .F. ) ;
#325 = CARTESIAN_POINT ( 'NONE',  ( -203.0996771163694632, 93.53193307270736057, -0.3786796564403515641 ) ) ;
#326 = ORIENTED_EDGE ( 'NONE', *, *, #1063, .T. ) ;
#327 = FACE_OUTER_BOUND ( 'NONE', #777, .T. ) ;
#328 = ORIENTED_EDGE ( 'NONE', *, *, #926, .F. ) ;
#329 = VECTOR ( 'NONE', #1146, 1000.000000000000000 ) ;
#330 = SURFACE_STYLE_USAGE ( .BOTH. , #634 ) ;
#331 = ADVANCED_FACE ( 'NONE', ( #59 ), #357, .F. ) ;
#332 = CARTESIAN_POINT ( 'NONE',  ( -211.8014365775958368, 80.44707277952254287, -5.500000000000000000 ) ) ;
#333 = CARTESIAN_POINT ( 'NONE',  ( -250.8253118757802156, 66.76218641072877347, 93.63381329295297917 ) ) ;
#334 = ORIENTED_EDGE ( 'NONE', *, *, #173, .T. ) ;
#335 = PLANE ( 'NONE',  #946 ) ;
#336 = VERTEX_POINT ( 'NONE', #524 ) ;
#337 = PLANE ( 'NONE',  #349 ) ;
#338 = EDGE_LOOP ( 'NONE', ( #385, #1769, #1455, #1697 ) ) ;
#339 = LINE ( 'NONE', #1591, #550 ) ;
#340 = CARTESIAN_POINT ( 'NONE',  ( -212.2597757524109170, 93.45199410296031317, -64.67245072062286226 ) ) ;
#341 = CARTESIAN_POINT ( 'NONE',  ( -256.6652237577657161, 66.76218641072877347, 16.44264068711929738 ) ) ;
#342 = EDGE_LOOP ( 'NONE', ( #650, #1868 ) ) ;
#343 = DIRECTION ( 'NONE',  ( 1.000000000000000000, -2.374755897159326381E-16, 0.000000000000000000 ) ) ;
#344 = EDGE_CURVE ( 'NONE', #1016, #1976, #1491, .T. ) ;
#345 = DIRECTION ( 'NONE',  ( -0.000000000000000000, 0.000000000000000000, 1.000000000000000000 ) ) ;
#346 = VERTEX_POINT ( 'NONE', #1304 ) ;
#347 = CARTESIAN_POINT ( 'NONE',  ( -217.0479101064110807, 90.41516724877503464, 13.70000000000000107 ) ) ;
#348 = EDGE_CURVE ( 'NONE', #1207, #1871, #1411, .T. ) ;
#349 = AXIS2_PLACEMENT_3D ( 'NONE', #2016, #848, #1478 ) ;
#350 = LINE ( 'NONE', #1765, #32 ) ;
#351 = AXIS2_PLACEMENT_3D ( 'NONE', #298, #941, #898 ) ;
#352 = CONICAL_SURFACE ( 'NONE', #318, 5.999999999999977796, 0.7853981633974488341 ) ;
#353 = CARTESIAN_POINT ( 'NONE',  ( -250.8253118757802156, 76.76218641072877347, 93.63381329295297917 ) ) ;
#354 = CARTESIAN_POINT ( 'NONE',  ( -206.9889365775958368, 80.44707277952254287, 17.19999999999999218 ) ) ;
#355 = EDGE_LOOP ( 'NONE', ( #1812, #923, #792, #583 ) ) ;
#356 = FACE_OUTER_BOUND ( 'NONE', #1914, .T. ) ;
#357 = CYLINDRICAL_SURFACE ( 'NONE', #1664, 4.000000000000003553 ) ;
#358 = ORIENTED_EDGE ( 'NONE', *, *, #1003, .T. ) ;
#359 = EDGE_CURVE ( 'NONE', #1069, #950, #377, .T. ) ;
#360 = FACE_OUTER_BOUND ( 'NONE', #1309, .T. ) ;
#361 = AXIS2_PLACEMENT_3D ( 'NONE', #1656, #864, #1523 ) ;
#362 = DIRECTION ( 'NONE',  ( 0.8191520442889910214, 0.5735764363510472696, 1.062601985498177088E-16 ) ) ;
#363 = CYLINDRICAL_SURFACE ( 'NONE', #801, 10.26250000000000817 ) ;
#364 = CIRCLE ( 'NONE', #881, 4.000000000000003553 ) ;
#365 = CARTESIAN_POINT ( 'NONE',  ( -204.4049987851569483, 89.82678991898993104, 18.19999999999999929 ) ) ;
#366 = ORIENTED_EDGE ( 'NONE', *, *, #2023, .T. ) ;
#367 = LINE ( 'NONE', #1123, #265 ) ;
#368 = DIRECTION ( 'NONE',  ( 0.000000000000000000, 0.000000000000000000, -1.000000000000000000 ) ) ;
#369 = ORIENTED_EDGE ( 'NONE', *, *, #1071, .F. ) ;
#370 = CARTESIAN_POINT ( 'NONE',  ( -215.6979243689439727, 91.97781113781913120, -5.500000000000000000 ) ) ;
#371 = CARTESIAN_POINT ( 'NONE',  ( -203.6396955271060563, 86.66839814271887121, 93.63381329295297917 ) ) ;
#372 = EDGE_CURVE ( 'NONE', #1939, #1387, #1645, .T. ) ;
#373 = CARTESIAN_POINT ( 'NONE',  ( -212.2466859491633500, 91.95205121836406192, 13.70000000000000107 ) ) ;
#374 = ADVANCED_FACE ( 'NONE', ( #845 ), #1772, .F. ) ;
#375 = ORIENTED_EDGE ( 'NONE', *, *, #811, .F. ) ;
#376 = DIRECTION ( 'NONE',  ( -0.5735764363510471586, 0.8191520442889911324, 0.000000000000000000 ) ) ;
#377 = LINE ( 'NONE', #1798, #444 ) ;
#378 = VERTEX_POINT ( 'NONE', #996 ) ;
#379 = CARTESIAN_POINT ( 'NONE',  ( -204.4585053490832820, 89.09327526357493809, -5.500000000000000000 ) ) ;
#380 = ORIENTED_EDGE ( 'NONE', *, *, #1734, .F. ) ;
#381 = EDGE_CURVE ( 'NONE', #1178, #1967, #1030, .T. ) ;
#382 = DIRECTION ( 'NONE',  ( 1.000000000000000000, 0.000000000000000000, 0.000000000000000000 ) ) ;
#383 = VECTOR ( 'NONE', #953, 1000.000000000000000 ) ;
#384 = CIRCLE ( 'NONE', #157, 7.000000000000006217 ) ;
#385 = ORIENTED_EDGE ( 'NONE', *, *, #1101, .T. ) ;
#386 = AXIS2_PLACEMENT_3D ( 'NONE', #133, #322, #1050 ) ;
#387 = CARTESIAN_POINT ( 'NONE',  ( -221.5728617130860698, 94.36809119559050885, -1.257359312880707902 ) ) ;
#388 = ADVANCED_FACE ( 'NONE', ( #233 ), #352, .T. ) ;
#389 = CARTESIAN_POINT ( 'NONE',  ( -220.3014365775958368, 80.44707277952254287, -5.500000000000000000 ) ) ;
#390 = ORIENTED_EDGE ( 'NONE', *, *, #1124, .T. ) ;
#391 = DIRECTION ( 'NONE',  ( 0.000000000000000000, 0.000000000000000000, -1.000000000000000000 ) ) ;
#392 = EDGE_LOOP ( 'NONE', ( #1957, #1569, #1895, #1477 ) ) ;
#393 = CARTESIAN_POINT ( 'NONE',  ( -211.8014365775958368, 70.18457277952252582, 18.19999999999999574 ) ) ;
#394 = EDGE_LOOP ( 'NONE', ( #1031, #1748, #244, #299 ) ) ;
#395 = DIRECTION ( 'NONE',  ( -1.000000000000000000, 0.000000000000000000, 0.000000000000000000 ) ) ;
#396 = CARTESIAN_POINT ( 'NONE',  ( -216.6139365775958368, 80.44707277952254287, 17.19999999999999218 ) ) ;
#397 = ORIENTED_EDGE ( 'NONE', *, *, #1186, .T. ) ;
#398 = DIRECTION ( 'NONE',  ( -1.000000000000000000, 0.000000000000000000, 0.000000000000000000 ) ) ;
#399 = ORIENTED_EDGE ( 'NONE', *, *, #954, .F. ) ;
#400 = CARTESIAN_POINT ( 'NONE',  ( -9.747546566491926967, 97.21936770984915199, 17.19999999999999929 ) ) ;
#401 = ORIENTED_EDGE ( 'NONE', *, *, #1601, .F. ) ;
#402 = CARTESIAN_POINT ( 'NONE',  ( -201.4815098354917211, 96.22045182493840798, 13.95735931288069764 ) ) ;
#403 = DIRECTION ( 'NONE',  ( 0.5735764363510501562, -0.8191520442889890230, 0.000000000000000000 ) ) ;
#404 = ORIENTED_EDGE ( 'NONE', *, *, #1601, .T. ) ;
#405 = DIRECTION ( 'NONE',  ( 0.000000000000000000, -0.000000000000000000, -1.000000000000000000 ) ) ;
#406 = ADVANCED_FACE ( 'NONE', ( #1023 ), #1759, .T. ) ;
#407 = VERTEX_POINT ( 'NONE', #251 ) ;
#408 = EDGE_CURVE ( 'NONE', #613, #1150, #1654, .T. ) ;
#409 = VECTOR ( 'NONE', #1766, 1000.000000000000000 ) ;
#410 = DIRECTION ( 'NONE',  ( -1.000000000000000000, 0.000000000000000000, 0.000000000000000000 ) ) ;
#411 = ORIENTED_EDGE ( 'NONE', *, *, #794, .T. ) ;
#412 = DIRECTION ( 'NONE',  ( -1.000000000000000000, 0.000000000000000000, -0.000000000000000000 ) ) ;
#413 = AXIS2_PLACEMENT_3D ( 'NONE', #1711, #1720, #161 ) ;
#414 = LINE ( 'NONE', #1197, #1987 ) ;
#415 = CONICAL_SURFACE ( 'NONE', #1295, 5.999999999999950262, 0.7853981633974509435 ) ;
#416 = VERTEX_POINT ( 'NONE', #1167 ) ;
#417 = DIRECTION ( 'NONE',  ( -0.9999619230641713097, -0.008726535498373544364, -0.000000000000000000 ) ) ;
#418 = ORIENTED_EDGE ( 'NONE', *, *, #1124, .F. ) ;
#419 = DIRECTION ( 'NONE',  ( 1.000000000000000000, 0.000000000000000000, 0.000000000000000000 ) ) ;
#420 = VECTOR ( 'NONE', #417, 1000.000000000000114 ) ;
#421 = VERTEX_POINT ( 'NONE', #396 ) ;
#422 = DIRECTION ( 'NONE',  ( 0.000000000000000000, 0.000000000000000000, -1.000000000000000000 ) ) ;
#423 = ORIENTED_EDGE ( 'NONE', *, *, #547, .T. ) ;
#424 = CIRCLE ( 'NONE', #80, 4.000000000000003553 ) ;
#425 = CARTESIAN_POINT ( 'NONE',  ( -215.6979243689439727, 97.97781113781914542, 93.63381329295297917 ) ) ;
#426 = CARTESIAN_POINT ( 'NONE',  ( -219.1393829870502259, 90.89272340355309154, 9.714718625761411985 ) ) ;
#427 = ORIENTED_EDGE ( 'NONE', *, *, #1063, .F. ) ;
#428 = LINE ( 'NONE', #1556, #1500 ) ;
#429 = ADVANCED_FACE ( 'NONE', ( #1176 ), #415, .T. ) ;
#430 = CARTESIAN_POINT ( 'NONE',  ( -200.4585053490832820, 89.09327526357493809, -1.000000000000000888 ) ) ;
#431 = DIRECTION ( 'NONE',  ( -1.000000000000000000, 9.251858538542962756E-15, 0.000000000000000000 ) ) ;
#432 = ORIENTED_EDGE ( 'NONE', *, *, #1734, .T. ) ;
#433 = CARTESIAN_POINT ( 'NONE',  ( -215.6979243689439727, 85.97781113781914542, 93.63381329295297917 ) ) ;
#434 = ORIENTED_EDGE ( 'NONE', *, *, #1074, .F. ) ;
#435 = CARTESIAN_POINT ( 'NONE',  ( -203.7621628070489521, 91.71176859685375859, 17.91667457563767130 ) ) ;
#436 = CARTESIAN_POINT ( 'NONE',  ( -201.4815098354917211, 97.97781113781914542, 9.714718625761397774 ) ) ;
#437 = EDGE_CURVE ( 'NONE', #1300, #1042, #873, .T. ) ;
#438 = DIRECTION ( 'NONE',  ( -1.000000000000000000, 0.000000000000000000, 0.000000000000000000 ) ) ;
#439 = VERTEX_POINT ( 'NONE', #1505 ) ;
#440 = AXIS2_PLACEMENT_3D ( 'NONE', #1893, #17, #632 ) ;
#441 = CARTESIAN_POINT ( 'NONE',  ( -237.8958429927007501, 70.18457277952254003, 13.70000000000000462 ) ) ;
#442 = ADVANCED_FACE ( 'NONE', ( #862 ), #725, .T. ) ;
#443 = VECTOR ( 'NONE', #142, 1000.000000000000000 ) ;
#444 = VECTOR ( 'NONE', #1637, 1000.000000000000000 ) ;
#445 = ORIENTED_EDGE ( 'NONE', *, *, #713, .F. ) ;
#446 = LINE ( 'NONE', #1730, #1817 ) ;
#447 = ORIENTED_EDGE ( 'NONE', *, *, #1331, .F. ) ;
#448 = DIRECTION ( 'NONE',  ( 0.8191520442889910214, 0.5735764363510471586, 0.000000000000000000 ) ) ;
#449 = CARTESIAN_POINT ( 'NONE',  ( -215.6979243689439727, 96.22045182493843640, 13.95735931288067810 ) ) ;
#450 = DIRECTION ( 'NONE',  ( -1.000000000000000000, 0.000000000000000000, 0.000000000000000000 ) ) ;
#451 = CIRCLE ( 'NONE', #877, 10.26250000000000817 ) ;
#452 = VERTEX_POINT ( 'NONE', #389 ) ;
#453 = CARTESIAN_POINT ( 'NONE',  ( -237.8958429927007501, 60.18457277952254003, 13.70000000000000462 ) ) ;
#454 = EDGE_CURVE ( 'NONE', #887, #988, #1563, .T. ) ;
#455 = DIRECTION ( 'NONE',  ( -1.000000000000000000, 0.000000000000000000, 0.000000000000000000 ) ) ;
#456 = ORIENTED_EDGE ( 'NONE', *, *, #1557, .T. ) ;
#457 = CIRCLE ( 'NONE', #1234, 6.000000000000000000 ) ;
#458 = DIRECTION ( 'NONE',  ( -0.9999619230641714207, -0.008726535498382372372, 0.000000000000000000 ) ) ;
#459 = ORIENTED_EDGE ( 'NONE', *, *, #42, .F. ) ;
#460 = FACE_OUTER_BOUND ( 'NONE', #760, .T. ) ;
#461 = CARTESIAN_POINT ( 'NONE',  ( -201.4815098354917211, 97.97781113781914542, 2.985281374238590857 ) ) ;
#462 = DIRECTION ( 'NONE',  ( 0.000000000000000000, 0.000000000000000000, -1.000000000000000000 ) ) ;
#463 = CARTESIAN_POINT ( 'NONE',  ( -203.6396955271060563, 86.66839814271887121, 13.70000000000000462 ) ) ;
#464 = ORIENTED_EDGE ( 'NONE', *, *, #686, .T. ) ;
#465 = CARTESIAN_POINT ( 'NONE',  ( -203.3265484544904211, 92.90860919409871599, -0.9999999999999924505 ) ) ;
#466 = EDGE_LOOP ( 'NONE', ( #1062, #219, #1515, #207 ) ) ;
#467 = EDGE_CURVE ( 'NONE', #1429, #1737, #1476, .T. ) ;
#468 = FACE_OUTER_BOUND ( 'NONE', #1260, .T. ) ;
#469 = CARTESIAN_POINT ( 'NONE',  ( -203.3517974321912050, 92.83923819800151023, 17.33857293981759184 ) ) ;
#470 = ADVANCED_FACE ( 'NONE', ( #1463 ), #534, .T. ) ;
#471 = DIRECTION ( 'NONE',  ( -0.8191520442889911324, -0.5735764363510471586, -9.476346269835218770E-17 ) ) ;
#472 = UNCERTAINTY_MEASURE_WITH_UNIT (LENGTH_MEASURE( 1.000000000000000082E-05 ), #1077, 'distance_accuracy_value', 'NONE');
#473 = DIRECTION ( 'NONE',  ( 0.000000000000000000, 0.000000000000000000, -1.000000000000000000 ) ) ;
#474 = PLANE ( 'NONE',  #1029 ) ;
#475 = ORIENTED_EDGE ( 'NONE', *, *, #245, .T. ) ;
#476 = CARTESIAN_POINT ( 'NONE',  ( -203.0996771163694632, 93.53193307270734635, 0.5000000000000004441 ) ) ;
#477 = ORIENTED_EDGE ( 'NONE', *, *, #1752, .F. ) ;
#478 = DIRECTION ( 'NONE',  ( 0.008726535498382287370, -0.9999619230641711987, 0.000000000000000000 ) ) ;
#479 = CIRCLE ( 'NONE', #1885, 6.000000000000005329 ) ;
#480 = AXIS2_PLACEMENT_3D ( 'NONE', #1746, #939, #64 ) ;
#481 = VERTEX_POINT ( 'NONE', #1781 ) ;
#482 = CONICAL_SURFACE ( 'NONE', #1191, 7.000000000000006217, 0.7853981633974520538 ) ;
#483 = CARTESIAN_POINT ( 'NONE',  ( -202.1211363162908299, 96.22045182493845061, -1.257359312880713897 ) ) ;
#484 = DIRECTION ( 'NONE',  ( 0.3420201433256738199, 0.9396926207859064295, 0.000000000000000000 ) ) ;
#485 = DIRECTION ( 'NONE',  ( 1.000000000000000000, 0.000000000000000000, 0.000000000000000000 ) ) ;
#486 = ORIENTED_EDGE ( 'NONE', *, *, #184, .F. ) ;
#487 = DIRECTION ( 'NONE',  ( 1.000000000000000000, 0.000000000000000000, 0.000000000000000000 ) ) ;
#488 = AXIS2_PLACEMENT_3D ( 'NONE', #116, #1513, #249 ) ;
#489 = EDGE_LOOP ( 'NONE', ( #775, #1969, #1212, #1382, #1153, #964, #1240, #434, #704, #1972, #718, #101 ) ) ;
#490 = CARTESIAN_POINT ( 'NONE',  ( -74.75034982994884558, 190.0529916232047185, -1.000000000000000000 ) ) ;
#491 = ORIENTED_EDGE ( 'NONE', *, *, #344, .F. ) ;
#492 = AXIS2_PLACEMENT_3D ( 'NONE', #872, #125, #1483 ) ;
#493 = PRODUCT_CONTEXT ( 'NONE', #34, 'mechanical' ) ;
#494 = DIRECTION ( 'NONE',  ( 0.000000000000000000, -0.000000000000000000, -1.000000000000000000 ) ) ;
#495 = CARTESIAN_POINT ( 'NONE',  ( -237.8958429927007501, 70.18457277952254003, -1.000000000000000888 ) ) ;
#496 = ADVANCED_FACE ( 'NONE', ( #82 ), #1484, .T. ) ;
#497 = CYLINDRICAL_SURFACE ( 'NONE', #840, 6.000000000000005329 ) ;
#498 = ORIENTED_EDGE ( 'NONE', *, *, #655, .T. ) ;
#499 = LINE ( 'NONE', #834, #227 ) ;
#500 = CYLINDRICAL_SURFACE ( 'NONE', #756, 10.00000000000000888 ) ;
#501 = ORIENTED_EDGE ( 'NONE', *, *, #1291, .T. ) ;
#502 = DIRECTION ( 'NONE',  ( 0.5735764363510501562, -0.8191520442889890230, 0.000000000000000000 ) ) ;
#503 = DIRECTION ( 'NONE',  ( 0.000000000000000000, 0.000000000000000000, -1.000000000000000000 ) ) ;
#504 = DIRECTION ( 'NONE',  ( -1.000000000000000000, 0.000000000000000000, 0.000000000000000000 ) ) ;
#505 = DIRECTION ( 'NONE',  ( -0.000000000000000000, -0.000000000000000000, 1.000000000000000000 ) ) ;
#506 = EDGE_CURVE ( 'NONE', #1487, #1060, #832, .T. ) ;
#507 = ORIENTED_EDGE ( 'NONE', *, *, #1291, .F. ) ;
#508 = FACE_OUTER_BOUND ( 'NONE', #489, .T. ) ;
#509 = CARTESIAN_POINT ( 'NONE',  ( -203.3014365775957799, 80.44707277952254287, 18.19999999999999929 ) ) ;
#510 = EDGE_CURVE ( 'NONE', #1482, #1035, #1863, .T. ) ;
#511 = ORIENTED_EDGE ( 'NONE', *, *, #842, .F. ) ;
#512 = CARTESIAN_POINT ( 'NONE',  ( -222.5808416051565075, 95.80763566928703767, 2.985281374238590857 ) ) ;
#513 = CONICAL_SURFACE ( 'NONE', #259, 7.000000000000006217, 0.7853981633974520538 ) ;
#514 = VECTOR ( 'NONE', #668, 1000.000000000000000 ) ;
#515 = DIRECTION ( 'NONE',  ( 0.000000000000000000, 0.000000000000000000, -1.000000000000000000 ) ) ;
#516 = CIRCLE ( 'NONE', #1660, 7.000000000000006217 ) ;
#517 = STYLED_ITEM ( 'NONE', ( #1402 ), #521 ) ;
#518 = LINE ( 'NONE', #1298, #409 ) ;
#519 = VECTOR ( 'NONE', #311, 1000.000000000000000 ) ;
#520 = DIRECTION ( 'NONE',  ( 0.000000000000000000, 0.000000000000000000, -1.000000000000000000 ) ) ;
#521 = MANIFOLD_SOLID_BREP ( 'Stock-Hinged fork tip-1', #1104 ) ;
#522 = EDGE_LOOP ( 'NONE', ( #2015, #591, #661, #575 ) ) ;
#523 = DIRECTION ( 'NONE',  ( 0.000000000000000000, 0.000000000000000000, 1.000000000000000000 ) ) ;
#524 = CARTESIAN_POINT ( 'NONE',  ( -203.0996771163694632, 93.53193307270734635, 0.5000000000000004441 ) ) ;
#525 = ORIENTED_EDGE ( 'NONE', *, *, #1349, .T. ) ;
#526 = DIRECTION ( 'NONE',  ( 0.4055797876726394136, -0.5792279653395688843, 0.7071067811865474617 ) ) ;
#527 = EDGE_CURVE ( 'NONE', #1635, #1876, #1415, .T. ) ;
#528 = TOROIDAL_SURFACE ( 'NONE', #1065, 8.500000000000005329, 1.500000000000000000 ) ;
#529 = DIRECTION ( 'NONE',  ( -1.000000000000000000, 0.000000000000000000, 0.000000000000000000 ) ) ;
#530 = CIRCLE ( 'NONE', #753, 4.000000000000003553 ) ;
#531 = DIRECTION ( 'NONE',  ( -0.7071067811865502373, 0.000000000000000000, -0.7071067811865447972 ) ) ;
#532 = ORIENTED_EDGE ( 'NONE', *, *, #527, .T. ) ;
#533 = CARTESIAN_POINT ( 'NONE',  ( -200.4585053490832820, 89.09327526357493809, 13.70000000000000462 ) ) ;
#534 = PLANE ( 'NONE',  #610 ) ;
#535 = ORIENTED_EDGE ( 'NONE', *, *, #713, .T. ) ;
#536 = CARTESIAN_POINT ( 'NONE',  ( -211.8014365775958368, 80.44707277952254287, 18.19999999999999574 ) ) ;
#537 = ORIENTED_EDGE ( 'NONE', *, *, #359, .T. ) ;
#538 = EDGE_CURVE ( 'NONE', #22, #1482, #263, .T. ) ;
#539 = EDGE_CURVE ( 'NONE', #1398, #1016, #1498, .T. ) ;
#540 = DIRECTION ( 'NONE',  ( 0.000000000000000000, 0.000000000000000000, -1.000000000000000000 ) ) ;
#541 = ORIENTED_EDGE ( 'NONE', *, *, #1480, .F. ) ;
#542 = FACE_BOUND ( 'NONE', #1410, .T. ) ;
#543 = DIRECTION ( 'NONE',  ( -0.008726535498382287370, 0.9999619230641711987, 0.000000000000000000 ) ) ;
#544 = ORIENTED_EDGE ( 'NONE', *, *, #120, .T. ) ;
#545 = CARTESIAN_POINT ( 'NONE',  ( -212.1725103974271747, 83.45237487231858609, 0.5000000000000004441 ) ) ;
#546 = AXIS2_PLACEMENT_3D ( 'NONE', #353, #1604, #455 ) ;
#547 = EDGE_CURVE ( 'NONE', #903, #416, #1066, .T. ) ;
#548 = DIRECTION ( 'NONE',  ( -0.000000000000000000, -0.000000000000000000, 1.000000000000000000 ) ) ;
#549 = AXIS2_PLACEMENT_3D ( 'NONE', #1633, #1190, #113 ) ;
#550 = VECTOR ( 'NONE', #189, 1000.000000000000114 ) ;
#551 = CARTESIAN_POINT ( 'NONE',  ( -204.2172758322269033, 90.46135583687762960, 93.63381329295297917 ) ) ;
#552 = CARTESIAN_POINT ( 'NONE',  ( -249.0620420686955754, 66.76218641072877347, 13.70000000000000462 ) ) ;
#553 = CARTESIAN_POINT ( 'NONE',  ( -215.6979243689439727, 85.97781113781914542, 9.714718625761383564 ) ) ;
#554 = ORIENTED_EDGE ( 'NONE', *, *, #237, .T. ) ;
#555 = CYLINDRICAL_SURFACE ( 'NONE', #719, 6.000000000000009770 ) ;
#556 = EDGE_LOOP ( 'NONE', ( #1667, #918, #1273, #401, #1678 ) ) ;
#557 = DIRECTION ( 'NONE',  ( -0.000000000000000000, -0.000000000000000000, 1.000000000000000000 ) ) ;
#558 = ORIENTED_EDGE ( 'NONE', *, *, #765, .F. ) ;
#559 = EDGE_CURVE ( 'NONE', #74, #1145, #414, .T. ) ;
#560 = CIRCLE ( 'NONE', #1700, 6.000000000000005329 ) ;
#561 = CARTESIAN_POINT ( 'NONE',  ( -217.8014365775958368, 80.44707277952254287, -3.270562748477168658 ) ) ;
#562 = DIRECTION ( 'NONE',  ( 0.000000000000000000, 0.000000000000000000, 1.000000000000000000 ) ) ;
#563 = VERTEX_POINT ( 'NONE', #117 ) ;
#564 = CARTESIAN_POINT ( 'NONE',  ( -241.3160444259574433, 69.58149898738162165, -5.500000000000000000 ) ) ;
#565 = EDGE_CURVE ( 'NONE', #1181, #1482, #949, .T. ) ;
#566 = ORIENTED_EDGE ( 'NONE', *, *, #1775, .F. ) ;
#567 = LINE ( 'NONE', #878, #868 ) ;
#568 = ORIENTED_EDGE ( 'NONE', *, *, #1264, .F. ) ;
#569 = PLANE ( 'NONE',  #1736 ) ;
#570 = DIRECTION ( 'NONE',  ( -1.000000000000000000, 0.000000000000000000, 0.000000000000000000 ) ) ;
#571 = EDGE_LOOP ( 'NONE', ( #271, #726 ) ) ;
#572 = CARTESIAN_POINT ( 'NONE',  ( -211.8014365775958368, 80.44707277952254287, 93.63381329295297917 ) ) ;
#573 = ORIENTED_EDGE ( 'NONE', *, *, #1237, .T. ) ;
#574 = CARTESIAN_POINT ( 'NONE',  ( -211.8014365775958368, 80.44707277952254287, -6.999999999999995559 ) ) ;
#575 = ORIENTED_EDGE ( 'NONE', *, *, #655, .F. ) ;
#576 = CARTESIAN_POINT ( 'NONE',  ( -203.0996771163694632, 93.53193307270734635, 12.20000000000000284 ) ) ;
#577 = CIRCLE ( 'NONE', #480, 4.812499999999997335 ) ;
#578 = CARTESIAN_POINT ( 'NONE',  ( -260.9981796058988266, 66.76218641072877347, 13.95735931288069231 ) ) ;
#579 = AXIS2_PLACEMENT_3D ( 'NONE', #77, #1918, #1909 ) ;
#580 = PRESENTATION_LAYER_ASSIGNMENT (  '', '', ( #517 ) ) ;
#581 = VERTEX_POINT ( 'NONE', #733 ) ;
#582 = DIRECTION ( 'NONE',  ( -0.000000000000000000, -0.000000000000000000, 1.000000000000000000 ) ) ;
#583 = ORIENTED_EDGE ( 'NONE', *, *, #671, .F. ) ;
#584 = EDGE_CURVE ( 'NONE', #1198, #1090, #1629, .T. ) ;
#585 = CARTESIAN_POINT ( 'NONE',  ( 1.585438958861282608E-14, 66.76218641072871662, -1.000000000000000888 ) ) ;
#586 = CARTESIAN_POINT ( 'NONE',  ( -237.8958429927007501, 70.18457277952254003, 18.19999999999999574 ) ) ;
#587 = DIRECTION ( 'NONE',  ( 1.000000000000000000, 0.000000000000000000, 0.000000000000000000 ) ) ;
#588 = ORIENTED_EDGE ( 'NONE', *, *, #2012, .T. ) ;
#589 = VECTOR ( 'NONE', #1825, 1000.000000000000000 ) ;
#590 = CYLINDRICAL_SURFACE ( 'NONE', #139, 12.00000000000001066 ) ;
#591 = ORIENTED_EDGE ( 'NONE', *, *, #1831, .T. ) ;
#592 = ADVANCED_FACE ( 'NONE', ( #306 ), #925, .F. ) ;
#593 = LINE ( 'NONE', #778, #1726 ) ;
#594 = PLANE ( 'NONE',  #79 ) ;
#595 = EDGE_CURVE ( 'NONE', #127, #887, #1580, .T. ) ;
#596 = DIRECTION ( 'NONE',  ( 0.000000000000000000, 0.000000000000000000, -1.000000000000000000 ) ) ;
#597 = ORIENTED_EDGE ( 'NONE', *, *, #559, .F. ) ;
#598 = LINE ( 'NONE', #1867, #2000 ) ;
#599 = ORIENTED_EDGE ( 'NONE', *, *, #1546, .F. ) ;
#600 = ORIENTED_EDGE ( 'NONE', *, *, #1237, .F. ) ;
#601 = CARTESIAN_POINT ( 'NONE',  ( -249.0385998318577663, 66.92309803465944640, -5.500000000000005329 ) ) ;
#602 = DIRECTION ( 'NONE',  ( 0.000000000000000000, -0.000000000000000000, -1.000000000000000000 ) ) ;
#603 = AXIS2_PLACEMENT_3D ( 'NONE', #209, #829, #1572 ) ;
#604 = ADVANCED_FACE ( 'NONE', ( #1558 ), #9, .F. ) ;
#605 = CARTESIAN_POINT ( 'NONE',  ( -239.6591127997854187, 70.18457277952254003, 93.63381329295297917 ) ) ;
#606 = VERTEX_POINT ( 'NONE', #199 ) ;
#607 = AXIS2_PLACEMENT_3D ( 'NONE', #968, #226, #391 ) ;
#608 = CARTESIAN_POINT ( 'NONE',  ( -211.8014365775958368, 80.44707277952254287, 17.19999999999999218 ) ) ;
#609 = VECTOR ( 'NONE', #1672, 1000.000000000000000 ) ;
#610 = AXIS2_PLACEMENT_3D ( 'NONE', #71, #1147, #687 ) ;
#611 = VERTEX_POINT ( 'NONE', #1437 ) ;
#612 = CARTESIAN_POINT ( 'NONE',  ( -211.8014365775958368, 80.44707277952254287, -6.999999999999999112 ) ) ;
#613 = VERTEX_POINT ( 'NONE', #1916 ) ;
#614 = DIRECTION ( 'NONE',  ( 0.8191520442889911324, 0.5735764363510470476, 0.000000000000000000 ) ) ;
#615 = CARTESIAN_POINT ( 'NONE',  ( -203.0257047602898979, 93.73517045069986864, -3.742640687119283438 ) ) ;
#616 = FACE_OUTER_BOUND ( 'NONE', #16, .T. ) ;
#617 = AXIS2_PLACEMENT_3D ( 'NONE', #886, #1997, #398 ) ;
#618 = EDGE_CURVE ( 'NONE', #696, #1509, #1143, .T. ) ;
#619 = ORIENTED_EDGE ( 'NONE', *, *, #178, .T. ) ;
#620 = CARTESIAN_POINT ( 'NONE',  ( -222.5808416051565075, 95.80763566928703767, 93.63381329295297917 ) ) ;
#621 = VERTEX_POINT ( 'NONE', #961 ) ;
#622 = ADVANCED_FACE ( 'NONE', ( #678 ), #1297, .T. ) ;
#623 = CARTESIAN_POINT ( 'NONE',  ( -201.7061167864994218, 97.36070861167308976, 12.81710252614602830 ) ) ;
#624 = ORIENTED_EDGE ( 'NONE', *, *, #381, .T. ) ;
#625 = LINE ( 'NONE', #1216, #1130 ) ;
#626 = DIRECTION ( 'NONE',  ( 0.000000000000000000, 0.000000000000000000, -1.000000000000000000 ) ) ;
#627 = CARTESIAN_POINT ( 'NONE',  ( -200.4585053490832820, 89.09327526357493809, 18.19999999999999574 ) ) ;
#628 = ORIENTED_EDGE ( 'NONE', *, *, #584, .F. ) ;
#629 = ADVANCED_FACE ( 'NONE', ( #52 ), #1930, .F. ) ;
#630 = DIRECTION ( 'NONE',  ( -1.000000000000000000, 0.000000000000000000, 0.000000000000000000 ) ) ;
#631 = ORIENTED_EDGE ( 'NONE', *, *, #506, .F. ) ;
#632 = DIRECTION ( 'NONE',  ( -1.000000000000000000, 0.000000000000000000, 0.000000000000000000 ) ) ;
#633 = ORIENTED_EDGE ( 'NONE', *, *, #1870, .T. ) ;
#634 = SURFACE_SIDE_STYLE ('',( #1571 ) ) ;
#635 = FACE_BOUND ( 'NONE', #1347, .T. ) ;
#636 = CARTESIAN_POINT ( 'NONE',  ( -211.8014365775958368, 80.44707277952254287, 19.70000000000003837 ) ) ;
#637 = VERTEX_POINT ( 'NONE', #1133 ) ;
#638 = LINE ( 'NONE', #4, #1900 ) ;
#639 = CARTESIAN_POINT ( 'NONE',  ( -249.0620420686955754, 66.76218641072877347, 18.19999999999999574 ) ) ;
#640 = ORIENTED_EDGE ( 'NONE', *, *, #1419, .T. ) ;
#641 = LINE ( 'NONE', #490, #1954 ) ;
#642 = CIRCLE ( 'NONE', #1723, 4.812499999999997335 ) ;
#643 = AXIS2_PLACEMENT_3D ( 'NONE', #1623, #971, #1776 ) ;
#644 = ORIENTED_EDGE ( 'NONE', *, *, #1233, .F. ) ;
#645 = ADVANCED_FACE ( 'NONE', ( #812 ), #809, .T. ) ;
#646 = CARTESIAN_POINT ( 'NONE',  ( -114.7481737815654128, 163.8773756634399774, 0.5000000000000004441 ) ) ;
#647 = EDGE_CURVE ( 'NONE', #481, #1279, #350, .T. ) ;
#648 = CARTESIAN_POINT ( 'NONE',  ( -201.4815098354917211, 91.97781113781913120, 2.985281374238590857 ) ) ;
#649 = DIRECTION ( 'NONE',  ( -0.000000000000000000, 0.000000000000000000, 1.000000000000000000 ) ) ;
#650 = ORIENTED_EDGE ( 'NONE', *, *, #115, .T. ) ;
#651 = CARTESIAN_POINT ( 'NONE',  ( -203.6396955271060563, 86.66839814271887121, -1.000000000000000888 ) ) ;
#652 = ORIENTED_EDGE ( 'NONE', *, *, #915, .F. ) ;
#653 = DIRECTION ( 'NONE',  ( -1.000000000000000000, 0.000000000000000000, 0.000000000000000000 ) ) ;
#654 = AXIS2_PLACEMENT_3D ( 'NONE', #1312, #37, #185 ) ;
#655 = EDGE_CURVE ( 'NONE', #1577, #110, #741, .T. ) ;
#656 = CARTESIAN_POINT ( 'NONE',  ( -215.6979243689439727, 91.97781113781914542, 2.985281374238574426 ) ) ;
#657 = FACE_OUTER_BOUND ( 'NONE', #1837, .T. ) ;
#658 = CARTESIAN_POINT ( 'NONE',  ( -215.6979243689439727, 85.97781113781914542, -3.742640687119286991 ) ) ;
#659 = EDGE_CURVE ( 'NONE', #1311, #1178, #1745, .T. ) ;
#660 = EDGE_CURVE ( 'NONE', #193, #236, #384, .T. ) ;
#661 = ORIENTED_EDGE ( 'NONE', *, *, #697, .T. ) ;
#662 = LINE ( 'NONE', #1912, #329 ) ;
#663 = DIRECTION ( 'NONE',  ( 1.000000000000000000, 0.000000000000000000, 0.000000000000000000 ) ) ;
#664 = ORIENTED_EDGE ( 'NONE', *, *, #922, .T. ) ;
#665 = DIRECTION ( 'NONE',  ( -0.000000000000000000, 0.000000000000000000, 1.000000000000000000 ) ) ;
#666 = ORIENTED_EDGE ( 'NONE', *, *, #842, .T. ) ;
#667 = CARTESIAN_POINT ( 'NONE',  ( -211.8014365775958368, 80.44707277952254287, 13.70000000000000462 ) ) ;
#668 = DIRECTION ( 'NONE',  ( -0.4055797876726380813, 0.5792279653395699945, 0.7071067811865473507 ) ) ;
#669 = DIRECTION ( 'NONE',  ( -1.000000000000000000, 8.944917495810123731E-15, 0.000000000000000000 ) ) ;
#670 = ORIENTED_EDGE ( 'NONE', *, *, #304, .T. ) ;
#671 = EDGE_CURVE ( 'NONE', #1053, #606, #771, .T. ) ;
#672 = CARTESIAN_POINT ( 'NONE',  ( -218.8014365775958368, 80.44707277952254287, -6.999999999999995559 ) ) ;
#673 = DIRECTION ( 'NONE',  ( 0.000000000000000000, 0.000000000000000000, -1.000000000000000000 ) ) ;
#674 = EDGE_CURVE ( 'NONE', #988, #1343, #339, .T. ) ;
#675 = ORIENTED_EDGE ( 'NONE', *, *, #1166, .T. ) ;
#676 = CARTESIAN_POINT ( 'NONE',  ( -260.6205834505893222, 61.84727414499483444, 2.985281374238590857 ) ) ;
#677 = CIRCLE ( 'NONE', #1328, 1.500000000000004663 ) ;
#678 = FACE_OUTER_BOUND ( 'NONE', #1141, .T. ) ;
#679 = TOROIDAL_SURFACE ( 'NONE', #1468, 3.514718625761379833, 6.000000000000000000 ) ;
#680 = AXIS2_PLACEMENT_3D ( 'NONE', #426, #1524, #945 ) ;
#681 = AXIS2_PLACEMENT_3D ( 'NONE', #1628, #695, #715 ) ;
#682 = CARTESIAN_POINT ( 'NONE',  ( -204.2172758322269033, 90.46135583687762960, -1.000000000000000888 ) ) ;
#683 = LINE ( 'NONE', #1112, #742 ) ;
#684 = ORIENTED_EDGE ( 'NONE', *, *, #915, .T. ) ;
#685 = CARTESIAN_POINT ( 'NONE',  ( -211.8014365775958368, 80.44707277952254287, -4.500000000000000888 ) ) ;
#686 = EDGE_CURVE ( 'NONE', #1799, #1035, #1159, .T. ) ;
#687 = DIRECTION ( 'NONE',  ( 1.000000000000000000, -4.981674600970605889E-16, 0.000000000000000000 ) ) ;
#688 = EDGE_LOOP ( 'NONE', ( #1727, #731, #1433, #1714 ) ) ;
#689 = CARTESIAN_POINT ( 'NONE',  ( -217.7138841530848481, 88.85690008521220307, 0.5000000000000004441 ) ) ;
#690 = VECTOR ( 'NONE', #526, 1000.000000000000000 ) ;
#691 = DIRECTION ( 'NONE',  ( -0.000000000000000000, -0.000000000000000000, 1.000000000000000000 ) ) ;
#692 = CARTESIAN_POINT ( 'NONE',  ( -201.4815098354917211, 97.97781113781914542, 9.714718625761397774 ) ) ;
#693 = VERTEX_POINT ( 'NONE', #1275 ) ;
#694 = DIRECTION ( 'NONE',  ( -0.000000000000000000, 0.000000000000000000, 1.000000000000000000 ) ) ;
#695 = DIRECTION ( 'NONE',  ( 0.000000000000000000, 0.000000000000000000, 1.000000000000000000 ) ) ;
#696 = VERTEX_POINT ( 'NONE', #1907 ) ;
#697 = EDGE_CURVE ( 'NONE', #1118, #110, #1119, .T. ) ;
#698 = DIRECTION ( 'NONE',  ( 0.8191520442889910214, 0.5735764363510471586, 9.476346269835217537E-17 ) ) ;
#699 = ORIENTED_EDGE ( 'NONE', *, *, #1901, .F. ) ;
#700 = DIRECTION ( 'NONE',  ( -0.5735764363510501562, 0.8191520442889890230, 0.000000000000000000 ) ) ;
#701 = ORIENTED_EDGE ( 'NONE', *, *, #1965, .T. ) ;
#702 = CARTESIAN_POINT ( 'NONE',  ( -200.4585053490832820, 89.09327526357493809, 13.70000000000000462 ) ) ;
#703 = DIRECTION ( 'NONE',  ( 1.000000000000000000, 1.040834085586083310E-14, 0.000000000000000000 ) ) ;
#704 = ORIENTED_EDGE ( 'NONE', *, *, #2009, .T. ) ;
#705 = CARTESIAN_POINT ( 'NONE',  ( -264.0620420686955754, 66.76218641072877347, 2.985281374238590857 ) ) ;
#706 = ORIENTED_EDGE ( 'NONE', *, *, #1710, .F. ) ;
#707 = EDGE_CURVE ( 'NONE', #1509, #137, #1919, .T. ) ;
#708 = CIRCLE ( 'NONE', #1790, 6.000000000000005329 ) ;
#709 = CARTESIAN_POINT ( 'NONE',  ( -215.6979243689439727, 96.22045182493843640, -1.257359312880708790 ) ) ;
#710 = AXIS2_PLACEMENT_3D ( 'NONE', #963, #55, #1778 ) ;
#711 =( GEOMETRIC_REPRESENTATION_CONTEXT ( 3 ) GLOBAL_UNCERTAINTY_ASSIGNED_CONTEXT ( ( #472 ) ) GLOBAL_UNIT_ASSIGNED_CONTEXT ( ( #1077, #30, #1814 ) ) REPRESENTATION_CONTEXT ( 'NONE', 'WORKASPACE' ) );
#712 = ORIENTED_EDGE ( 'NONE', *, *, #1480, .T. ) ;
#713 = EDGE_CURVE ( 'NONE', #110, #1577, #479, .T. ) ;
#714 = CARTESIAN_POINT ( 'NONE',  ( -200.4585053490832820, 89.09327526357493809, 93.63381329295297917 ) ) ;
#715 = DIRECTION ( 'NONE',  ( 1.000000000000000000, 0.000000000000000000, 0.000000000000000000 ) ) ;
#716 = ORIENTED_EDGE ( 'NONE', *, *, #1225, .T. ) ;
#717 = CARTESIAN_POINT ( 'NONE',  ( -206.9889365775958368, 80.44707277952254287, 93.63381329295297917 ) ) ;
#718 = ORIENTED_EDGE ( 'NONE', *, *, #54, .T. ) ;
#719 = AXIS2_PLACEMENT_3D ( 'NONE', #272, #1206, #1532 ) ;
#720 = EDGE_CURVE ( 'NONE', #22, #613, #884, .T. ) ;
#721 = LINE ( 'NONE', #1642, #103 ) ;
#722 = EDGE_LOOP ( 'NONE', ( #600, #1424, #1757, #427 ) ) ;
#723 = ADVANCED_FACE ( 'NONE', ( #960, #1589 ), #1880, .T. ) ;
#724 = CARTESIAN_POINT ( 'NONE',  ( -215.6979243689439727, 85.97781113781914542, 2.985281374238577090 ) ) ;
#725 = CYLINDRICAL_SURFACE ( 'NONE', #253, 5.999999999999998224 ) ;
#726 = ORIENTED_EDGE ( 'NONE', *, *, #1177, .T. ) ;
#727 = PRODUCT_DEFINITION_CONTEXT ( 'detailed design', #1959, 'design' ) ;
#728 = DIRECTION ( 'NONE',  ( -0.8191520442889911324, -0.5735764363510471586, 0.000000000000000000 ) ) ;
#729 = ORIENTED_EDGE ( 'NONE', *, *, #1225, .F. ) ;
#730 = CARTESIAN_POINT ( 'NONE',  ( -211.8014365775958368, 80.44707277952254287, -6.999999999999999112 ) ) ;
#731 = ORIENTED_EDGE ( 'NONE', *, *, #745, .F. ) ;
#732 = CARTESIAN_POINT ( 'NONE',  ( -210.0587380753002833, 95.30903819080330663, 12.20000000000000107 ) ) ;
#733 = CARTESIAN_POINT ( 'NONE',  ( -206.9889365775958368, 80.44707277952254287, -4.500000000000003553 ) ) ;
#734 = EDGE_CURVE ( 'NONE', #1669, #1082, #677, .T. ) ;
#735 = ORIENTED_EDGE ( 'NONE', *, *, #707, .F. ) ;
#736 = CYLINDRICAL_SURFACE ( 'NONE', #1858, 6.000000000000004441 ) ;
#737 = VERTEX_POINT ( 'NONE', #1239 ) ;
#738 = DIRECTION ( 'NONE',  ( 0.000000000000000000, 0.000000000000000000, 1.000000000000000000 ) ) ;
#739 = DIRECTION ( 'NONE',  ( 1.000000000000000000, 0.000000000000000000, 0.000000000000000000 ) ) ;
#740 = CARTESIAN_POINT ( 'NONE',  ( -203.6473929777747003, 92.02709611121936462, 13.70000000000000462 ) ) ;
#741 = CIRCLE ( 'NONE', #1688, 6.000000000000005329 ) ;
#742 = VECTOR ( 'NONE', #210, 999.9999999999998863 ) ;
#743 = EDGE_LOOP ( 'NONE', ( #666, #1037, #180, #1184 ) ) ;
#744 = CARTESIAN_POINT ( 'NONE',  ( -237.8958429927007501, 60.18457277952254003, -1.000000000000000888 ) ) ;
#745 = EDGE_CURVE ( 'NONE', #439, #167, #641, .T. ) ;
#746 =( GEOMETRIC_REPRESENTATION_CONTEXT ( 3 ) GLOBAL_UNCERTAINTY_ASSIGNED_CONTEXT ( ( #938 ) ) GLOBAL_UNIT_ASSIGNED_CONTEXT ( ( #1048, #1719, #757 ) ) REPRESENTATION_CONTEXT ( 'NONE', 'WORKASPACE' ) );
#747 = ORIENTED_EDGE ( 'NONE', *, *, #54, .F. ) ;
#748 = ADVANCED_FACE ( 'NONE', ( #921 ), #1073, .T. ) ;
#749 = AXIS2_PLACEMENT_3D ( 'NONE', #97, #861, #395 ) ;
#750 = CARTESIAN_POINT ( 'NONE',  ( -204.2172758322269033, 90.46135583687762960, 18.12126473312075703 ) ) ;
#751 = DIRECTION ( 'NONE',  ( 0.000000000000000000, 0.000000000000000000, -1.000000000000000000 ) ) ;
#752 = EDGE_LOOP ( 'NONE', ( #1092, #1249, #1638, #19 ) ) ;
#753 = AXIS2_PLACEMENT_3D ( 'NONE', #702, #1323, #1336 ) ;
#754 = DIRECTION ( 'NONE',  ( 0.000000000000000000, 0.000000000000000000, 1.000000000000000000 ) ) ;
#755 = ORIENTED_EDGE ( 'NONE', *, *, #1074, .T. ) ;
#756 = AXIS2_PLACEMENT_3D ( 'NONE', #48, #1115, #1282 ) ;
#757 =( NAMED_UNIT ( * ) SI_UNIT ( $, .STERADIAN. ) SOLID_ANGLE_UNIT ( ) );
#758 = DIRECTION ( 'NONE',  ( 0.9396926207859082059, 0.3420201433256691570, 0.000000000000000000 ) ) ;
#759 = CARTESIAN_POINT ( 'NONE',  ( -205.8014365775958368, 80.44707277952254287, -6.999999999999999112 ) ) ;
#760 = EDGE_LOOP ( 'NONE', ( #1892, #1194, #1808, #1641 ) ) ;
#761 = DIRECTION ( 'NONE',  ( -1.000000000000000000, 0.000000000000000000, 0.000000000000000000 ) ) ;
#762 = EDGE_LOOP ( 'NONE', ( #1584, #1109, #1171, #1981 ) ) ;
#763 = CARTESIAN_POINT ( 'NONE',  ( -201.4815098354917211, 97.97781113781914542, 93.63381329295297917 ) ) ;
#764 = APPLICATION_PROTOCOL_DEFINITION ( 'draft international standard', 'automotive_design', 1998, #34 ) ;
#765 = EDGE_CURVE ( 'NONE', #1012, #303, #708, .T. ) ;
#766 = DIRECTION ( 'NONE',  ( -0.000000000000000000, -0.000000000000000000, -1.000000000000000000 ) ) ;
#767 = LINE ( 'NONE', #1712, #2018 ) ;
#768 = CARTESIAN_POINT ( 'NONE',  ( -204.2172758322269033, 90.46135583687762960, -5.421264733120767509 ) ) ;
#769 = ADVANCED_FACE ( 'NONE', ( #1707 ), #1434, .T. ) ;
#770 = ORIENTED_EDGE ( 'NONE', *, *, #1648, .F. ) ;
#771 = CIRCLE ( 'NONE', #1054, 7.757359312880657498 ) ;
#772 = FACE_OUTER_BOUND ( 'NONE', #1316, .T. ) ;
#773 = CIRCLE ( 'NONE', #1920, 10.00000000000000888 ) ;
#774 = VECTOR ( 'NONE', #1788, 1000.000000000000000 ) ;
#775 = ORIENTED_EDGE ( 'NONE', *, *, #150, .T. ) ;
#776 = DIRECTION ( 'NONE',  ( 0.000000000000000000, -0.000000000000000000, -1.000000000000000000 ) ) ;
#777 = EDGE_LOOP ( 'NONE', ( #203, #747, #1493, #706 ) ) ;
#778 = CARTESIAN_POINT ( 'NONE',  ( -204.2172758322269033, 90.46135583687762960, 13.70000000000000462 ) ) ;
#779 = CARTESIAN_POINT ( 'NONE',  ( -211.8014365775958368, 80.44707277952254287, -1.000000000000000888 ) ) ;
#780 = EDGE_CURVE ( 'NONE', #858, #1358, #446, .T. ) ;
#781 = ADVANCED_FACE ( 'NONE', ( #327 ), #1083, .F. ) ;
#782 = CARTESIAN_POINT ( 'NONE',  ( -204.4585053490832820, 89.09327526357493809, 93.63381329295297917 ) ) ;
#783 = CYLINDRICAL_SURFACE ( 'NONE', #1497, 4.000000000000003553 ) ;
#784 = AXIS2_PLACEMENT_3D ( 'NONE', #1348, #1809, #136 ) ;
#785 = ORIENTED_EDGE ( 'NONE', *, *, #1406, .F. ) ;
#786 = DIRECTION ( 'NONE',  ( -0.000000000000000000, -0.000000000000000000, -1.000000000000000000 ) ) ;
#787 = DIRECTION ( 'NONE',  ( -0.9396926207859082059, -0.3420201433256691570, 0.000000000000000000 ) ) ;
#788 = ORIENTED_EDGE ( 'NONE', *, *, #1344, .F. ) ;
#789 = CARTESIAN_POINT ( 'NONE',  ( -212.2466859491633500, 91.95205121836406192, 12.20000000000000107 ) ) ;
#790 = CARTESIAN_POINT ( 'NONE',  ( -219.1393829870502543, 90.89272340355309154, 2.985281374238577090 ) ) ;
#791 = CYLINDRICAL_SURFACE ( 'NONE', #69, 10.00000000000000888 ) ;
#792 = ORIENTED_EDGE ( 'NONE', *, *, #26, .F. ) ;
#793 = CARTESIAN_POINT ( 'NONE',  ( -222.5808416051565075, 95.80763566928703767, 9.714718625761411985 ) ) ;
#794 = EDGE_CURVE ( 'NONE', #1198, #1139, #1696, .T. ) ;
#795 = CARTESIAN_POINT ( 'NONE',  ( -264.0620420686955754, 66.76218641072877347, 9.714718625761411985 ) ) ;
#796 = ORIENTED_EDGE ( 'NONE', *, *, #1564, .F. ) ;
#797 = DIRECTION ( 'NONE',  ( 1.000000000000000000, 0.000000000000000000, 0.000000000000000000 ) ) ;
#798 = CARTESIAN_POINT ( 'NONE',  ( -264.0620420686955754, 66.76218641072877347, 9.714718625761411985 ) ) ;
#799 = CARTESIAN_POINT ( 'NONE',  ( -249.0385998318577663, 66.92309803465944640, -5.500000000000005329 ) ) ;
#800 = CARTESIAN_POINT ( 'NONE',  ( -215.6979243689439727, 85.97781113781914542, 18.19999999999999929 ) ) ;
#801 = AXIS2_PLACEMENT_3D ( 'NONE', #1917, #813, #504 ) ;
#802 = ORIENTED_EDGE ( 'NONE', *, *, #1344, .T. ) ;
#803 = PLANE ( 'NONE',  #45 ) ;
#804 = CARTESIAN_POINT ( 'NONE',  ( -253.4430377372078453, 66.76218641072877347, 0.5000000000000004441 ) ) ;
#805 = ORIENTED_EDGE ( 'NONE', *, *, #660, .F. ) ;
#806 = EDGE_CURVE ( 'NONE', #1630, #153, #98, .T. ) ;
#807 = DIRECTION ( 'NONE',  ( 0.000000000000000000, 0.000000000000000000, 1.000000000000000000 ) ) ;
#808 = VECTOR ( 'NONE', #1253, 1000.000000000000114 ) ;
#809 = TOROIDAL_SURFACE ( 'NONE', #2017, 5.999999999999998224, 6.000000000000000000 ) ;
#810 =( BOUNDED_CURVE ( )  B_SPLINE_CURVE ( 3, ( #1444, #1761, #24, #804 ),
 .UNSPECIFIED., .F., .T. ) 
 B_SPLINE_CURVE_WITH_KNOTS ( ( 4, 4 ),
 ( 1.570796326794896558, 3.141592653589793116 ),
 .UNSPECIFIED. ) 
 CURVE ( )  GEOMETRIC_REPRESENTATION_ITEM ( )  RATIONAL_B_SPLINE_CURVE ( ( 1.000000000000000000, 0.8047378541243649375, 0.8047378541243649375, 1.000000000000000000 ) ) 
 REPRESENTATION_ITEM ( '' )  );
#811 = EDGE_CURVE ( 'NONE', #421, #1635, #1360, .T. ) ;
#812 = FACE_OUTER_BOUND ( 'NONE', #1861, .T. ) ;
#813 = DIRECTION ( 'NONE',  ( 0.000000000000000000, 0.000000000000000000, -1.000000000000000000 ) ) ;
#814 = CARTESIAN_POINT ( 'NONE',  ( -194.1442940256639247, 72.58085664290631200, 18.19999999999999929 ) ) ;
#815 = EDGE_LOOP ( 'NONE', ( #25, #573, #1611, #1156 ) ) ;
#816 = DIRECTION ( 'NONE',  ( -0.8191520442889911324, -0.5735764363510470476, -3.925231146709442231E-17 ) ) ;
#817 = ORIENTED_EDGE ( 'NONE', *, *, #1319, .T. ) ;
#818 = FACE_OUTER_BOUND ( 'NONE', #1588, .T. ) ;
#819 = DIRECTION ( 'NONE',  ( -0.000000000000000000, -0.000000000000000000, -1.000000000000000000 ) ) ;
#820 = EDGE_CURVE ( 'NONE', #1998, #1300, #930, .T. ) ;
#821 = CARTESIAN_POINT ( 'NONE',  ( -218.8014365775958368, 80.44707277952254287, 19.70000000000000284 ) ) ;
#822 = CARTESIAN_POINT ( 'NONE',  ( -200.4585053490832820, 89.09327526357493809, -5.500000000000000000 ) ) ;
#823 = ORIENTED_EDGE ( 'NONE', *, *, #890, .T. ) ;
#824 = CARTESIAN_POINT ( 'NONE',  ( -218.8014365775958368, 80.44707277952254287, -6.999999999999999112 ) ) ;
#825 = PRODUCT ( 'Fork Tip 8-11', 'Fork Tip 8-11', '', ( #493 ) ) ;
#826 = EDGE_LOOP ( 'NONE', ( #1855, #369, #1168, #699 ) ) ;
#827 = DIRECTION ( 'NONE',  ( -0.5735764363510484909, 0.8191520442889901332, 0.000000000000000000 ) ) ;
#828 = CARTESIAN_POINT ( 'NONE',  ( -211.8014365775958368, 80.44707277952254287, 93.63381329295297917 ) ) ;
#829 = DIRECTION ( 'NONE',  ( 0.000000000000000000, 0.000000000000000000, 1.000000000000000000 ) ) ;
#830 = ADVANCED_FACE ( 'NONE', ( #468 ), #313, .T. ) ;
#831 = CARTESIAN_POINT ( 'NONE',  ( -250.8253118757802156, 66.76218641072877347, 13.70000000000000462 ) ) ;
#832 =( BOUNDED_CURVE ( )  B_SPLINE_CURVE ( 3, ( #578, #296, #1732, #798 ),
 .UNSPECIFIED., .F., .T. ) 
 B_SPLINE_CURVE_WITH_KNOTS ( ( 4, 4 ),
 ( 5.497787143782138841, 6.283185307179586232 ),
 .UNSPECIFIED. ) 
 CURVE ( )  GEOMETRIC_REPRESENTATION_ITEM ( )  RATIONAL_B_SPLINE_CURVE ( ( 1.000000000000000000, 0.9492530216741912330, 0.9492530216741912330, 1.000000000000000000 ) ) 
 REPRESENTATION_ITEM ( '' )  );
#833 = EDGE_LOOP ( 'NONE', ( #358, #267, #1113, #640, #1051, #1326, #1881, #729, #908, #712, #104, #1355 ) ) ;
#834 = CARTESIAN_POINT ( 'NONE',  ( 1.585438958861282608E-14, 66.76218641072871662, 13.70000000000000462 ) ) ;
#835 = ADVANCED_FACE ( 'NONE', ( #1568 ), #337, .F. ) ;
#836 = DIRECTION ( 'NONE',  ( 0.7071067811865465735, 0.000000000000000000, 0.7071067811865484609 ) ) ;
#837 = ORIENTED_EDGE ( 'NONE', *, *, #1706, .F. ) ;
#838 = CARTESIAN_POINT ( 'NONE',  ( -260.9981796058988834, 66.76218641072877347, -1.257359312880707014 ) ) ;
#839 = CARTESIAN_POINT ( 'NONE',  ( -211.8014365775958368, 80.44707277952254287, 93.63381329295297917 ) ) ;
#840 = AXIS2_PLACEMENT_3D ( 'NONE', #1472, #1899, #65 ) ;
#841 = DIRECTION ( 'NONE',  ( -0.000000000000000000, -0.000000000000000000, 1.000000000000000000 ) ) ;
#842 = EDGE_CURVE ( 'NONE', #1871, #72, #1431, .T. ) ;
#843 = ORIENTED_EDGE ( 'NONE', *, *, #1281, .T. ) ;
#844 = PLANE ( 'NONE',  #488 ) ;
#845 = FACE_OUTER_BOUND ( 'NONE', #826, .T. ) ;
#846 = ORIENTED_EDGE ( 'NONE', *, *, #1277, .F. ) ;
#847 = AXIS2_PLACEMENT_3D ( 'NONE', #608, #786, #487 ) ;
#848 = DIRECTION ( 'NONE',  ( 0.000000000000000000, -0.7071067811865454633, -0.7071067811865495711 ) ) ;
#849 = VECTOR ( 'NONE', #462, 1000.000000000000000 ) ;
#850 = AXIS2_PLACEMENT_3D ( 'NONE', #1964, #1182, #587 ) ;
#851 = FACE_BOUND ( 'NONE', #571, .T. ) ;
#852 = ORIENTED_EDGE ( 'NONE', *, *, #1958, .T. ) ;
#853 = CARTESIAN_POINT ( 'NONE',  ( -237.8958429927007501, 70.18457277952254003, -5.500000000000000000 ) ) ;
#854 = DIRECTION ( 'NONE',  ( -0.8191520442889859144, -0.5735764363510544861, 0.000000000000000000 ) ) ;
#855 = ORIENTED_EDGE ( 'NONE', *, *, #1650, .T. ) ;
#856 = DIRECTION ( 'NONE',  ( 1.000000000000000000, 0.000000000000000000, 0.000000000000000000 ) ) ;
#857 = EDGE_CURVE ( 'NONE', #416, #481, #1671, .T. ) ;
#858 = VERTEX_POINT ( 'NONE', #1600 ) ;
#859 = CARTESIAN_POINT ( 'NONE',  ( -204.4585053490832820, 89.09327526357493809, 93.63381329295297917 ) ) ;
#860 = ORIENTED_EDGE ( 'NONE', *, *, #1870, .F. ) ;
#861 = DIRECTION ( 'NONE',  ( -0.000000000000000000, -0.000000000000000000, 1.000000000000000000 ) ) ;
#862 = FACE_OUTER_BOUND ( 'NONE', #743, .T. ) ;
#863 = VERTEX_POINT ( 'NONE', #379 ) ;
#864 = DIRECTION ( 'NONE',  ( 0.000000000000000000, 0.000000000000000000, -1.000000000000000000 ) ) ;
#865 = EDGE_CURVE ( 'NONE', #1178, #439, #314, .T. ) ;
#866 = ADVANCED_FACE ( 'NONE', ( #1906 ), #1284, .T. ) ;
#867 = DIRECTION ( 'NONE',  ( 0.7071067811865502373, 8.659560562354964906E-17, -0.7071067811865447972 ) ) ;
#868 = VECTOR ( 'NONE', #1823, 1000.000000000000114 ) ;
#869 = AXIS2_PLACEMENT_3D ( 'NONE', #89, #1324, #213 ) ;
#870 = ORIENTED_EDGE ( 'NONE', *, *, #857, .T. ) ;
#871 = AXIS2_PLACEMENT_3D ( 'NONE', #86, #1663, #700 ) ;
#872 = CARTESIAN_POINT ( 'NONE',  ( -194.1442940256639247, 72.58085664290631200, 13.70000000000000107 ) ) ;
#873 = LINE ( 'NONE', #1015, #774 ) ;
#874 = ORIENTED_EDGE ( 'NONE', *, *, #67, .T. ) ;
#875 = DIRECTION ( 'NONE',  ( 0.000000000000000000, 0.000000000000000000, -1.000000000000000000 ) ) ;
#876 = ORIENTED_EDGE ( 'NONE', *, *, #232, .T. ) ;
#877 = AXIS2_PLACEMENT_3D ( 'NONE', #536, #1456, #1149 ) ;
#878 = CARTESIAN_POINT ( 'NONE',  ( -0.8316451877049055863, 95.29709944564571344, 0.5000000000000004441 ) ) ;
#879 = EDGE_CURVE ( 'NONE', #1910, #137, #1117, .T. ) ;
#880 = EDGE_LOOP ( 'NONE', ( #260, #1927 ) ) ;
#881 = AXIS2_PLACEMENT_3D ( 'NONE', #430, #473, #906 ) ;
#882 = FACE_OUTER_BOUND ( 'NONE', #214, .T. ) ;
#883 = FILL_AREA_STYLE_COLOUR ( '', #1395 ) ;
#884 =( BOUNDED_CURVE ( )  B_SPLINE_CURVE ( 3, ( #1399, #1274, #623, #1717 ),
 .UNSPECIFIED., .F., .T. ) 
 B_SPLINE_CURVE_WITH_KNOTS ( ( 4, 4 ),
 ( 3.141592653589793116, 3.926990816987246280 ),
 .UNSPECIFIED. ) 
 CURVE ( )  GEOMETRIC_REPRESENTATION_ITEM ( )  RATIONAL_B_SPLINE_CURVE ( ( 1.000000000000000000, 0.9492530216741905669, 0.9492530216741905669, 1.000000000000000000 ) ) 
 REPRESENTATION_ITEM ( '' )  );
#885 = EDGE_LOOP ( 'NONE', ( #846, #1084 ) ) ;
#886 = CARTESIAN_POINT ( 'NONE',  ( -211.8014365775958368, 80.44707277952254287, -5.500000000000000000 ) ) ;
#887 = VERTEX_POINT ( 'NONE', #347 ) ;
#888 = CARTESIAN_POINT ( 'NONE',  ( -264.0620420686955754, 66.76218641072877347, 93.63381329295297917 ) ) ;
#889 = LINE ( 'NONE', #896, #279 ) ;
#890 = EDGE_CURVE ( 'NONE', #1799, #1181, #1294, .T. ) ;
#891 = CARTESIAN_POINT ( 'NONE',  ( -204.8014365775958368, 80.44707277952254287, -6.999999999999999112 ) ) ;
#892 = ORIENTED_EDGE ( 'NONE', *, *, #1188, .T. ) ;
#893 = CYLINDRICAL_SURFACE ( 'NONE', #784, 4.812499999999997335 ) ;
#894 = ORIENTED_EDGE ( 'NONE', *, *, #720, .T. ) ;
#895 = DIRECTION ( 'NONE',  ( 1.000000000000000000, -4.981674600970605889E-16, 0.000000000000000000 ) ) ;
#896 = CARTESIAN_POINT ( 'NONE',  ( -205.8014365775958368, 80.44707277952254287, 15.97056274847716928 ) ) ;
#897 = AXIS2_PLACEMENT_3D ( 'NONE', #400, #1333, #410 ) ;
#898 = DIRECTION ( 'NONE',  ( 1.000000000000000000, -1.387778780781444492E-15, 0.000000000000000000 ) ) ;
#899 = VECTOR ( 'NONE', #471, 1000.000000000000000 ) ;
#900 = ADVANCED_FACE ( 'NONE', ( #360 ), #513, .T. ) ;
#901 = EDGE_LOOP ( 'NONE', ( #121, #1329, #1026, #1095 ) ) ;
#902 = CARTESIAN_POINT ( 'NONE',  ( -206.9889365775958368, 80.44707277952254287, -1.000000000000000888 ) ) ;
#903 = VERTEX_POINT ( 'NONE', #512 ) ;
#904 = AXIS2_PLACEMENT_3D ( 'NONE', #453, #1070, #1704 ) ;
#905 = CARTESIAN_POINT ( 'NONE',  ( -0.8316451877049055863, 95.29709944564571344, -64.67245072062286226 ) ) ;
#906 = DIRECTION ( 'NONE',  ( -1.000000000000000000, 0.000000000000000000, 0.000000000000000000 ) ) ;
#907 = LINE ( 'NONE', #172, #443 ) ;
#908 = ORIENTED_EDGE ( 'NONE', *, *, #1420, .T. ) ;
#909 = VECTOR ( 'NONE', #754, 1000.000000000000000 ) ;
#910 = DIRECTION ( 'NONE',  ( -1.000000000000000000, 0.000000000000000000, 0.000000000000000000 ) ) ;
#911 = EDGE_LOOP ( 'NONE', ( #535, #498 ) ) ;
#912 = ADVANCED_FACE ( 'NONE', ( #818 ), #1447, .F. ) ;
#913 = DIRECTION ( 'NONE',  ( 0.000000000000000000, 0.000000000000000000, -1.000000000000000000 ) ) ;
#914 = DIRECTION ( 'NONE',  ( 0.8191520442889911324, 0.5735764363510471586, -0.000000000000000000 ) ) ;
#915 = EDGE_CURVE ( 'NONE', #145, #1289, #1401, .T. ) ;
#916 = DIRECTION ( 'NONE',  ( 1.000000000000000000, 0.000000000000000000, 0.000000000000000000 ) ) ;
#917 = DIRECTION ( 'NONE',  ( -0.000000000000000000, -0.000000000000000000, 1.000000000000000000 ) ) ;
#918 = ORIENTED_EDGE ( 'NONE', *, *, #147, .F. ) ;
#919 = CARTESIAN_POINT ( 'NONE',  ( -203.6473929777747003, 92.02709611121936462, 13.70000000000000462 ) ) ;
#920 = ORIENTED_EDGE ( 'NONE', *, *, #304, .F. ) ;
#921 = FACE_OUTER_BOUND ( 'NONE', #291, .T. ) ;
#922 = EDGE_CURVE ( 'NONE', #60, #1799, #989, .T. ) ;
#923 = ORIENTED_EDGE ( 'NONE', *, *, #1650, .F. ) ;
#924 = CARTESIAN_POINT ( 'NONE',  ( -250.8278675437762217, 66.76218641072877347, 13.70000000000000462 ) ) ;
#925 = CYLINDRICAL_SURFACE ( 'NONE', #1847, 6.000000000000005329 ) ;
#926 = EDGE_CURVE ( 'NONE', #693, #1053, #1938, .T. ) ;
#927 = CARTESIAN_POINT ( 'NONE',  ( -220.3014365775958936, 80.44707277952254287, 18.19999999999999929 ) ) ;
#928 = CIRCLE ( 'NONE', #124, 6.000000000000000000 ) ;
#929 = ORIENTED_EDGE ( 'NONE', *, *, #1334, .T. ) ;
#930 = CIRCLE ( 'NONE', #440, 10.26250000000000817 ) ;
#931 = CYLINDRICAL_SURFACE ( 'NONE', #1172, 6.000000000000000000 ) ;
#932 = AXIS2_PLACEMENT_3D ( 'NONE', #627, #1713, #1691 ) ;
#933 = ORIENTED_EDGE ( 'NONE', *, *, #1685, .T. ) ;
#934 = VECTOR ( 'NONE', #895, 1000.000000000000000 ) ;
#935 = DIRECTION ( 'NONE',  ( 0.000000000000000000, 1.000000000000000000, 0.000000000000000000 ) ) ;
#936 = ORIENTED_EDGE ( 'NONE', *, *, #539, .T. ) ;
#937 = DIRECTION ( 'NONE',  ( 1.000000000000000000, -2.374755897159325888E-16, 0.000000000000000000 ) ) ;
#938 = UNCERTAINTY_MEASURE_WITH_UNIT (LENGTH_MEASURE( 1.000000000000000082E-05 ), #1048, 'distance_accuracy_value', 'NONE');
#939 = DIRECTION ( 'NONE',  ( -0.000000000000000000, 0.000000000000000000, 1.000000000000000000 ) ) ;
#940 = EDGE_CURVE ( 'NONE', #696, #1910, #451, .T. ) ;
#941 = DIRECTION ( 'NONE',  ( 0.000000000000000000, -0.000000000000000000, -1.000000000000000000 ) ) ;
#942 = VERTEX_POINT ( 'NONE', #1008 ) ;
#943 = DIRECTION ( 'NONE',  ( 0.000000000000000000, 0.000000000000000000, -1.000000000000000000 ) ) ;
#944 = AXIS2_PLACEMENT_3D ( 'NONE', #269, #1055, #1701 ) ;
#945 = DIRECTION ( 'NONE',  ( -0.5735764363510490460, 0.8191520442889898002, 0.000000000000000000 ) ) ;
#946 = AXIS2_PLACEMENT_3D ( 'NONE', #956, #1383, #2014 ) ;
#947 = ORIENTED_EDGE ( 'NONE', *, *, #1718, .F. ) ;
#948 = CARTESIAN_POINT ( 'NONE',  ( -200.4585053490832820, 89.09327526357493809, 93.63381329295297917 ) ) ;
#949 =( BOUNDED_CURVE ( )  B_SPLINE_CURVE ( 3, ( #483, #1087, #951, #320 ),
 .UNSPECIFIED., .F., .T. ) 
 B_SPLINE_CURVE_WITH_KNOTS ( ( 4, 4 ),
 ( 5.497787143782138841, 6.283185307179586232 ),
 .UNSPECIFIED. ) 
 CURVE ( )  GEOMETRIC_REPRESENTATION_ITEM ( )  RATIONAL_B_SPLINE_CURVE ( ( 1.000000000000000000, 0.9492530216741912330, 0.9492530216741912330, 1.000000000000000000 ) ) 
 REPRESENTATION_ITEM ( '' )  );
#950 = VERTEX_POINT ( 'NONE', #1928 ) ;
#951 = CARTESIAN_POINT ( 'NONE',  ( -201.4815098354917211, 97.97781113781913120, 1.372714761850449383 ) ) ;
#952 = DIRECTION ( 'NONE',  ( 0.000000000000000000, 0.000000000000000000, 1.000000000000000000 ) ) ;
#953 = DIRECTION ( 'NONE',  ( -0.000000000000000000, -0.000000000000000000, 1.000000000000000000 ) ) ;
#954 = EDGE_CURVE ( 'NONE', #1876, #1384, #1570, .T. ) ;
#955 = EDGE_LOOP ( 'NONE', ( #684, #380, #566, #1235 ) ) ;
#956 = CARTESIAN_POINT ( 'NONE',  ( -219.1233974463388279, 90.90391659966155657, -5.500000000000000000 ) ) ;
#957 = FACE_OUTER_BOUND ( 'NONE', #1205, .T. ) ;
#958 = ORIENTED_EDGE ( 'NONE', *, *, #538, .F. ) ;
#959 = EDGE_CURVE ( 'NONE', #1293, #563, #1038, .T. ) ;
#960 = FACE_BOUND ( 'NONE', #158, .T. ) ;
#961 = CARTESIAN_POINT ( 'NONE',  ( -204.2172758322269033, 90.46135583687762960, -1.000000000000000888 ) ) ;
#962 = CARTESIAN_POINT ( 'NONE',  ( -250.8253118757802156, 66.76218641072877347, 18.13317304260642260 ) ) ;
#963 = CARTESIAN_POINT ( 'NONE',  ( -200.4585053490832820, 89.09327526357493809, -5.500000000000000000 ) ) ;
#964 = ORIENTED_EDGE ( 'NONE', *, *, #1975, .T. ) ;
#965 = PLANE ( 'NONE',  #1670 ) ;
#966 = VECTOR ( 'NONE', #1612, 1000.000000000000114 ) ;
#967 = ORIENTED_EDGE ( 'NONE', *, *, #1003, .F. ) ;
#968 = CARTESIAN_POINT ( 'NONE',  ( -215.6979243689439727, 91.97781113781913120, 9.714718625761383564 ) ) ;
#969 = ADVANCED_FACE ( 'NONE', ( #1486 ), #528, .F. ) ;
#970 = CIRCLE ( 'NONE', #221, 10.24264068711927500 ) ;
#971 = DIRECTION ( 'NONE',  ( 0.000000000000000000, 0.000000000000000000, -1.000000000000000000 ) ) ;
#972 = CARTESIAN_POINT ( 'NONE',  ( -204.4585053490832820, 89.09327526357493809, 18.19999999999999574 ) ) ;
#973 = LINE ( 'NONE', #1615, #1430 ) ;
#974 = EDGE_LOOP ( 'NONE', ( #1496, #1465, #309, #1590, #2, #870, #554, #1442, #525, #1620, #1200, #1263, #1102, #817 ) ) ;
#975 = LINE ( 'NONE', #1608, #1106 ) ;
#976 = CIRCLE ( 'NONE', #107, 10.00000000000000888 ) ;
#977 = CARTESIAN_POINT ( 'NONE',  ( -200.4585053490832820, 89.09327526357493809, 93.63381329295297917 ) ) ;
#978 = EDGE_LOOP ( 'NONE', ( #92, #375, #1607, #399 ) ) ;
#979 = LINE ( 'NONE', #206, #1605 ) ;
#980 = EDGE_CURVE ( 'NONE', #1962, #1630, #979, .T. ) ;
#981 = DIRECTION ( 'NONE',  ( 1.000000000000000000, 0.000000000000000000, 0.000000000000000000 ) ) ;
#982 = FACE_OUTER_BOUND ( 'NONE', #1551, .T. ) ;
#983 = EDGE_CURVE ( 'NONE', #1035, #1871, #1828, .T. ) ;
#984 = CARTESIAN_POINT ( 'NONE',  ( -218.8014365775958368, 80.44707277952254287, 19.70000000000003837 ) ) ;
#985 = ORIENTED_EDGE ( 'NONE', *, *, #1991, .F. ) ;
#986 = LINE ( 'NONE', #1770, #134 ) ;
#987 = DIRECTION ( 'NONE',  ( -0.2492435693639588334, -0.6847910787717370606, 0.6847910787717330638 ) ) ;
#988 = VERTEX_POINT ( 'NONE', #119 ) ;
#989 = LINE ( 'NONE', #370, #1339 ) ;
#990 = ADVANCED_FACE ( 'NONE', ( #1327 ), #555, .T. ) ;
#991 = DIRECTION ( 'NONE',  ( 0.000000000000000000, 0.000000000000000000, -1.000000000000000000 ) ) ;
#992 = CARTESIAN_POINT ( 'NONE',  ( -261.6285633426597883, 63.28681861869134195, 16.44264068711928672 ) ) ;
#993 = ADVANCED_FACE ( 'NONE', ( #1017 ), #893, .F. ) ;
#994 = ORIENTED_EDGE ( 'NONE', *, *, #1975, .F. ) ;
#995 = DIRECTION ( 'NONE',  ( -0.000000000000000000, -0.000000000000000000, 1.000000000000000000 ) ) ;
#996 = CARTESIAN_POINT ( 'NONE',  ( -256.6652237577657161, 66.76218641072877347, 16.44264068711929738 ) ) ;
#997 = ORIENTED_EDGE ( 'NONE', *, *, #1412, .T. ) ;
#998 = DIRECTION ( 'NONE',  ( 1.000000000000000000, 0.000000000000000000, 0.000000000000000000 ) ) ;
#999 = AXIS2_PLACEMENT_3D ( 'NONE', #156, #302, #1227 ) ;
#1000 = AXIS2_PLACEMENT_3D ( 'NONE', #1011, #419, #1518 ) ;
#1001 = CARTESIAN_POINT ( 'NONE',  ( -194.3147095471026375, 92.10854120565184644, 13.70000000000000107 ) ) ;
#1002 = ORIENTED_EDGE ( 'NONE', *, *, #280, .F. ) ;
#1003 = EDGE_CURVE ( 'NONE', #887, #1669, #1932, .T. ) ;
#1004 = CARTESIAN_POINT ( 'NONE',  ( -239.6591127997854187, 70.18457277952254003, 13.70000000000000462 ) ) ;
#1005 = DIRECTION ( 'NONE',  ( 0.000000000000000000, 0.000000000000000000, 1.000000000000000000 ) ) ;
#1006 = EDGE_LOOP ( 'NONE', ( #459, #874, #229, #404, #1223 ) ) ;
#1007 = VECTOR ( 'NONE', #422, 1000.000000000000000 ) ;
#1008 = CARTESIAN_POINT ( 'NONE',  ( -250.8253118757802156, 66.76218641072877347, 18.13317304260642260 ) ) ;
#1009 = CIRCLE ( 'NONE', #1142, 4.000000000000003553 ) ;
#1010 = VECTOR ( 'NONE', #1114, 1000.000000000000000 ) ;
#1011 = CARTESIAN_POINT ( 'NONE',  ( -215.6979243689439727, 89.49252976358057765, 0.5000000000000004441 ) ) ;
#1012 = VERTEX_POINT ( 'NONE', #1838 ) ;
#1013 = LINE ( 'NONE', #402, #589 ) ;
#1014 = ADVANCED_FACE ( 'NONE', ( #1170 ), #736, .T. ) ;
#1015 = CARTESIAN_POINT ( 'NONE',  ( -203.6396955271060563, 86.66839814271887121, 93.63381329295297917 ) ) ;
#1016 = VERTEX_POINT ( 'NONE', #564 ) ;
#1017 = FACE_OUTER_BOUND ( 'NONE', #1283, .T. ) ;
#1018 = ORIENTED_EDGE ( 'NONE', *, *, #1777, .T. ) ;
#1019 = ADVANCED_FACE ( 'NONE', ( #1647 ), #1827, .T. ) ;
#1020 = CARTESIAN_POINT ( 'NONE',  ( -211.8014365775958368, 80.44707277952254287, -6.999999999999999112 ) ) ;
#1021 = ORIENTED_EDGE ( 'NONE', *, *, #584, .T. ) ;
#1022 = CARTESIAN_POINT ( 'NONE',  ( -216.6139365775958368, 80.44707277952254287, 13.70000000000000462 ) ) ;
#1023 = FACE_OUTER_BOUND ( 'NONE', #722, .T. ) ;
#1024 = ORIENTED_EDGE ( 'NONE', *, *, #1752, .T. ) ;
#1025 = DIRECTION ( 'NONE',  ( 1.000000000000000000, -6.530723674265620862E-15, 0.000000000000000000 ) ) ;
#1026 = ORIENTED_EDGE ( 'NONE', *, *, #294, .T. ) ;
#1027 = EDGE_CURVE ( 'NONE', #1090, #581, #1340, .T. ) ;
#1028 = CYLINDRICAL_SURFACE ( 'NONE', #871, 1.499999999999998224 ) ;
#1029 = AXIS2_PLACEMENT_3D ( 'NONE', #605, #1394, #1 ) ;
#1030 = CIRCLE ( 'NONE', #869, 10.00000000000000888 ) ;
#1031 = ORIENTED_EDGE ( 'NONE', *, *, #1166, .F. ) ;
#1032 = CIRCLE ( 'NONE', #1990, 10.00000000000000888 ) ;
#1033 = CARTESIAN_POINT ( 'NONE',  ( -212.2466859491633500, 91.95205121836406192, -1.000000000000000000 ) ) ;
#1034 = DIRECTION ( 'NONE',  ( 0.000000000000000000, 0.000000000000000000, -1.000000000000000000 ) ) ;
#1035 = VERTEX_POINT ( 'NONE', #1816 ) ;
#1036 = CARTESIAN_POINT ( 'NONE',  ( -203.0996771163694632, 93.53193307270734635, 12.20000000000000284 ) ) ;
#1037 = ORIENTED_EDGE ( 'NONE', *, *, #1392, .F. ) ;
#1038 = CIRCLE ( 'NONE', #1767, 6.000000000000005329 ) ;
#1039 = ADVANCED_FACE ( 'NONE', ( #1968 ), #1516, .F. ) ;
#1040 = CARTESIAN_POINT ( 'NONE',  ( -250.8253118757802156, 66.76218641072877347, -1.000000000000000888 ) ) ;
#1041 = AXIS2_PLACEMENT_3D ( 'NONE', #1081, #154, #1552 ) ;
#1042 = VERTEX_POINT ( 'NONE', #1494 ) ;
#1043 = AXIS2_PLACEMENT_3D ( 'NONE', #162, #1841, #1210 ) ;
#1044 = DIRECTION ( 'NONE',  ( -0.9396926207859082059, -0.3420201433256691570, 0.000000000000000000 ) ) ;
#1045 = ORIENTED_EDGE ( 'NONE', *, *, #1461, .T. ) ;
#1046 = CARTESIAN_POINT ( 'NONE',  ( -264.0620420686955754, 66.76218641072877347, 9.714718625761411985 ) ) ;
#1047 = ORIENTED_EDGE ( 'NONE', *, *, #1449, .F. ) ;
#1048 =( LENGTH_UNIT ( ) NAMED_UNIT ( * ) SI_UNIT ( .MILLI., .METRE. ) );
#1049 = CARTESIAN_POINT ( 'NONE',  ( -203.6473929777747003, 92.02709611121936462, -1.000000000000000888 ) ) ;
#1050 = DIRECTION ( 'NONE',  ( 0.008726535498382287370, -0.9999619230641711987, 0.000000000000000000 ) ) ;
#1051 = ORIENTED_EDGE ( 'NONE', *, *, #1247, .T. ) ;
#1052 = DIRECTION ( 'NONE',  ( 0.000000000000000000, 0.000000000000000000, -1.000000000000000000 ) ) ;
#1053 = VERTEX_POINT ( 'NONE', #1508 ) ;
#1054 = AXIS2_PLACEMENT_3D ( 'NONE', #208, #494, #1110 ) ;
#1055 = DIRECTION ( 'NONE',  ( -0.000000000000000000, -0.000000000000000000, 1.000000000000000000 ) ) ;
#1056 = VECTOR ( 'NONE', #192, 1000.000000000000000 ) ;
#1057 = FACE_OUTER_BOUND ( 'NONE', #1716, .T. ) ;
#1058 = AXIS2_PLACEMENT_3D ( 'NONE', #1554, #188, #38 ) ;
#1059 = EDGE_CURVE ( 'NONE', #1460, #439, #1201, .T. ) ;
#1060 = VERTEX_POINT ( 'NONE', #1046 ) ;
#1061 = DIRECTION ( 'NONE',  ( 0.8191520442889911324, 0.5735764363510470476, 0.000000000000000000 ) ) ;
#1062 = ORIENTED_EDGE ( 'NONE', *, *, #290, .F. ) ;
#1063 = EDGE_CURVE ( 'NONE', #452, #1737, #1303, .T. ) ;
#1064 = DIRECTION ( 'NONE',  ( -0.000000000000000000, -0.000000000000000000, 1.000000000000000000 ) ) ;
#1065 = AXIS2_PLACEMENT_3D ( 'NONE', #545, #1610, #91 ) ;
#1066 = LINE ( 'NONE', #1251, #899 ) ;
#1067 = LINE ( 'NONE', #1690, #1771 ) ;
#1068 = DIRECTION ( 'NONE',  ( 1.000000000000000000, 0.000000000000000000, 0.000000000000000000 ) ) ;
#1069 = VERTEX_POINT ( 'NONE', #1985 ) ;
#1070 = DIRECTION ( 'NONE',  ( 0.000000000000000000, -0.000000000000000000, -1.000000000000000000 ) ) ;
#1071 = EDGE_CURVE ( 'NONE', #1075, #1082, #243, .T. ) ;
#1072 = ORIENTED_EDGE ( 'NONE', *, *, #671, .T. ) ;
#1073 = PLANE ( 'NONE',  #1058 ) ;
#1074 = EDGE_CURVE ( 'NONE', #248, #1976, #976, .T. ) ;
#1075 = VERTEX_POINT ( 'NONE', #1036 ) ;
#1076 = DIRECTION ( 'NONE',  ( 0.000000000000000000, 0.000000000000000000, 1.000000000000000000 ) ) ;
#1077 =( LENGTH_UNIT ( ) NAMED_UNIT ( * ) SI_UNIT ( .MILLI., .METRE. ) );
#1078 = CARTESIAN_POINT ( 'NONE',  ( -194.1442940256639247, 89.49252976358052081, 12.20000000000000107 ) ) ;
#1079 = DIRECTION ( 'NONE',  ( 0.000000000000000000, 0.000000000000000000, -1.000000000000000000 ) ) ;
#1080 = VERTEX_POINT ( 'NONE', #278 ) ;
#1081 = CARTESIAN_POINT ( 'NONE',  ( -250.8253118757802156, 76.76218641072877347, 93.63381329295297917 ) ) ;
#1082 = VERTEX_POINT ( 'NONE', #266 ) ;
#1083 = CYLINDRICAL_SURFACE ( 'NONE', #1256, 4.000000000000003553 ) ;
#1084 = ORIENTED_EDGE ( 'NONE', *, *, #1831, .F. ) ;
#1085 = ADVANCED_FACE ( 'NONE', ( #1367 ), #590, .T. ) ;
#1086 = DIRECTION ( 'NONE',  ( -1.000000000000000000, 4.981674600970605889E-16, -0.000000000000000000 ) ) ;
#1087 = CARTESIAN_POINT ( 'NONE',  ( -201.7061167864993934, 97.36070861167310397, -0.1171025261460169331 ) ) ;
#1088 = LINE ( 'NONE', #1450, #514 ) ;
#1089 = DIRECTION ( 'NONE',  ( 0.9396926207859082059, 0.3420201433256691570, 0.000000000000000000 ) ) ;
#1090 = VERTEX_POINT ( 'NONE', #902 ) ;
#1091 = CIRCLE ( 'NONE', #386, 1.500000000000004663 ) ;
#1092 = ORIENTED_EDGE ( 'NONE', *, *, #1317, .F. ) ;
#1093 = AXIS2_PLACEMENT_3D ( 'NONE', #1862, #1076, #40 ) ;
#1094 = DIRECTION ( 'NONE',  ( -0.8191520442889911324, -0.5735764363510470476, -0.000000000000000000 ) ) ;
#1095 = ORIENTED_EDGE ( 'NONE', *, *, #1406, .T. ) ;
#1096 = ADVANCED_FACE ( 'NONE', ( #2006 ), #1566, .T. ) ;
#1097 = CARTESIAN_POINT ( 'NONE',  ( -211.8014365775958368, 80.44707277952254287, 15.97056274847716928 ) ) ;
#1098 = CARTESIAN_POINT ( 'NONE',  ( -249.0385998318577663, 66.92309803465944640, 18.19999999999999574 ) ) ;
#1099 = CIRCLE ( 'NONE', #1479, 4.812499999999997335 ) ;
#1100 = LINE ( 'NONE', #333, #383 ) ;
#1101 = EDGE_CURVE ( 'NONE', #1178, #988, #1844, .T. ) ;
#1102 = ORIENTED_EDGE ( 'NONE', *, *, #1929, .T. ) ;
#1103 = CARTESIAN_POINT ( 'NONE',  ( -216.6139365775958368, 80.44707277952254287, -4.500000000000003553 ) ) ;
#1104 = CLOSED_SHELL ( 'NONE', ( #1533, #1796, #1616, #912, #331, #1536, #993, #629, #1747, #1039, #604, #748, #1602, #622, #781, #1475, #1096, #769, #85, #470, #198, #1435, #18, #830, #1307, #723, #1440, #257, #1963, #1151, #323, #1262, #1378, #1357, #276, #374, #1911, #969, #1250, #1085, #1353, #429, #835, #1219, #388, #1131, #496, #1599, #106, #1014, #1019, #1164, #990, #1613, #442, #866, #645, #246, #1452, #592, #1854, #58, #224, #1806, #406, #900 ) ) ;
#1105 = DIRECTION ( 'NONE',  ( 1.000000000000000000, -0.000000000000000000, -0.000000000000000000 ) ) ;
#1106 = VECTOR ( 'NONE', #1787, 999.9999999999998863 ) ;
#1107 = ORIENTED_EDGE ( 'NONE', *, *, #1209, .T. ) ;
#1108 = DIRECTION ( 'NONE',  ( 0.000000000000000000, 0.000000000000000000, -1.000000000000000000 ) ) ;
#1109 = ORIENTED_EDGE ( 'NONE', *, *, #674, .F. ) ;
#1110 = DIRECTION ( 'NONE',  ( 1.000000000000000000, -1.073390099497222515E-14, 0.000000000000000000 ) ) ;
#1111 = CARTESIAN_POINT ( 'NONE',  ( -250.8278675437761649, 66.76218641072877347, -1.000000000000000888 ) ) ;
#1112 = CARTESIAN_POINT ( 'NONE',  ( -263.0540621766251093, 65.32264193703223043, 13.95735931288069764 ) ) ;
#1113 = ORIENTED_EDGE ( 'NONE', *, *, #1948, .T. ) ;
#1114 = DIRECTION ( 'NONE',  ( -0.7071067811865465735, 8.659560562354920532E-17, 0.7071067811865484609 ) ) ;
#1115 = DIRECTION ( 'NONE',  ( 0.000000000000000000, 0.000000000000000000, 1.000000000000000000 ) ) ;
#1116 = ORIENTED_EDGE ( 'NONE', *, *, #163, .T. ) ;
#1117 = LINE ( 'NONE', #215, #250 ) ;
#1118 = VERTEX_POINT ( 'NONE', #166 ) ;
#1119 = LINE ( 'NONE', #1603, #1292 ) ;
#1120 = DIRECTION ( 'NONE',  ( -1.000000000000000000, -0.000000000000000000, -0.000000000000000000 ) ) ;
#1121 = DIRECTION ( 'NONE',  ( 1.000000000000000000, 0.000000000000000000, 0.000000000000000000 ) ) ;
#1122 = VERTEX_POINT ( 'NONE', #919 ) ;
#1123 = CARTESIAN_POINT ( 'NONE',  ( -220.1313773384092656, 92.34346107335809961, -3.742640687119282106 ) ) ;
#1124 = EDGE_CURVE ( 'NONE', #72, #606, #598, .T. ) ;
#1125 = LINE ( 'NONE', #795, #519 ) ;
#1126 = ORIENTED_EDGE ( 'NONE', *, *, #1859, .F. ) ;
#1127 = DIRECTION ( 'NONE',  ( -1.000000000000000000, 0.000000000000000000, 0.000000000000000000 ) ) ;
#1128 = CONICAL_SURFACE ( 'NONE', #1158, 7.000000000000006217, 0.7853981633974469467 ) ;
#1129 = VECTOR ( 'NONE', #987, 1000.000000000000114 ) ;
#1130 = VECTOR ( 'NONE', #914, 1000.000000000000000 ) ;
#1131 = ADVANCED_FACE ( 'NONE', ( #772 ), #1397, .F. ) ;
#1132 = APPLICATION_PROTOCOL_DEFINITION ( 'draft international standard', 'automotive_design', 1998, #1959 ) ;
#1133 = CARTESIAN_POINT ( 'NONE',  ( -250.8253118757802156, 66.76218641072877347, -5.433173042606403769 ) ) ;
#1134 = DIRECTION ( 'NONE',  ( 1.000000000000000000, 0.000000000000000000, 0.000000000000000000 ) ) ;
#1135 = FACE_BOUND ( 'NONE', #342, .T. ) ;
#1136 = ORIENTED_EDGE ( 'NONE', *, *, #1557, .F. ) ;
#1137 = CARTESIAN_POINT ( 'NONE',  ( -211.8014365775958368, 80.44707277952254287, -1.000000000000000888 ) ) ;
#1138 = VECTOR ( 'NONE', #1956, 1000.000000000000000 ) ;
#1139 = VERTEX_POINT ( 'NONE', #1103 ) ;
#1140 = DIRECTION ( 'NONE',  ( -0.000000000000000000, -0.000000000000000000, -1.000000000000000000 ) ) ;
#1141 = EDGE_LOOP ( 'NONE', ( #242, #1148, #130, #1751 ) ) ;
#1142 = AXIS2_PLACEMENT_3D ( 'NONE', #1549, #1993, #2003 ) ;
#1143 = LINE ( 'NONE', #371, #1952 ) ;
#1144 = CARTESIAN_POINT ( 'NONE',  ( -250.8253118757802156, 66.76218641072877347, 18.13317304260642260 ) ) ;
#1145 = VERTEX_POINT ( 'NONE', #441 ) ;
#1146 = DIRECTION ( 'NONE',  ( -0.8674394215525469409, -0.000000000000000000, -0.4975428121645238955 ) ) ;
#1147 = DIRECTION ( 'NONE',  ( -4.981674600970605889E-16, -1.000000000000000000, 0.000000000000000000 ) ) ;
#1148 = ORIENTED_EDGE ( 'NONE', *, *, #126, .T. ) ;
#1149 = DIRECTION ( 'NONE',  ( 1.000000000000000000, 0.000000000000000000, 0.000000000000000000 ) ) ;
#1150 = VERTEX_POINT ( 'NONE', #1245 ) ;
#1151 = ADVANCED_FACE ( 'NONE', ( #144 ), #1224, .T. ) ;
#1152 = CARTESIAN_POINT ( 'NONE',  ( -215.6979243689439727, 97.97781113781914542, 9.714718625761383564 ) ) ;
#1153 = ORIENTED_EDGE ( 'NONE', *, *, #1986, .T. ) ;
#1154 = CARTESIAN_POINT ( 'NONE',  ( -9.747546566491926967, 97.21936770984915199, -1.000000000000000000 ) ) ;
#1155 = CARTESIAN_POINT ( 'NONE',  ( -215.6979243689439727, 85.97781113781914542, -5.500000000000005329 ) ) ;
#1156 = ORIENTED_EDGE ( 'NONE', *, *, #467, .F. ) ;
#1157 = CARTESIAN_POINT ( 'NONE',  ( -222.5808416051565075, 95.80763566928703767, 12.19999999999997442 ) ) ;
#1158 = AXIS2_PLACEMENT_3D ( 'NONE', #574, #738, #1481 ) ;
#1159 = CIRCLE ( 'NONE', #1559, 6.000000000000000000 ) ;
#1160 = PRODUCT_DEFINITION_FORMATION_WITH_SPECIFIED_SOURCE ( 'ANY', '', #825, .NOT_KNOWN. ) ;
#1161 = EDGE_CURVE ( 'NONE', #1311, #1343, #638, .T. ) ;
#1162 = FACE_OUTER_BOUND ( 'NONE', #688, .T. ) ;
#1163 = DIRECTION ( 'NONE',  ( 0.000000000000000000, 0.000000000000000000, -1.000000000000000000 ) ) ;
#1164 = ADVANCED_FACE ( 'NONE', ( #1728 ), #931, .T. ) ;
#1165 = DIRECTION ( 'NONE',  ( -1.000000000000000000, 0.000000000000000000, 0.000000000000000000 ) ) ;
#1166 = EDGE_CURVE ( 'NONE', #1207, #903, #1376, .T. ) ;
#1167 = CARTESIAN_POINT ( 'NONE',  ( -264.0620420686955754, 66.76218641072877347, 2.985281374238590857 ) ) ;
#1168 = ORIENTED_EDGE ( 'NONE', *, *, #1412, .F. ) ;
#1169 = CIRCLE ( 'NONE', #749, 4.812499999999997335 ) ;
#1170 = FACE_OUTER_BOUND ( 'NONE', #1996, .T. ) ;
#1171 = ORIENTED_EDGE ( 'NONE', *, *, #454, .F. ) ;
#1172 = AXIS2_PLACEMENT_3D ( 'NONE', #1878, #761, #1856 ) ;
#1173 = FACE_OUTER_BOUND ( 'NONE', #815, .T. ) ;
#1174 = ORIENTED_EDGE ( 'NONE', *, *, #794, .F. ) ;
#1175 = FACE_BOUND ( 'NONE', #1810, .T. ) ;
#1176 = FACE_OUTER_BOUND ( 'NONE', #1229, .T. ) ;
#1177 = EDGE_CURVE ( 'NONE', #1635, #421, #1439, .T. ) ;
#1178 = VERTEX_POINT ( 'NONE', #1408 ) ;
#1179 = EDGE_LOOP ( 'NONE', ( #1544, #802, #411, #155 ) ) ;
#1180 = DIRECTION ( 'NONE',  ( -1.000000000000000000, 0.000000000000000000, 0.000000000000000000 ) ) ;
#1181 = VERTEX_POINT ( 'NONE', #1693 ) ;
#1182 = DIRECTION ( 'NONE',  ( 0.000000000000000000, 0.000000000000000000, 1.000000000000000000 ) ) ;
#1183 = DIRECTION ( 'NONE',  ( 0.000000000000000000, 0.000000000000000000, -1.000000000000000000 ) ) ;
#1184 = ORIENTED_EDGE ( 'NONE', *, *, #1685, .F. ) ;
#1185 = CARTESIAN_POINT ( 'NONE',  ( -0.8316451877049055863, 95.29709944564571344, 12.20000000000000284 ) ) ;
#1186 = EDGE_CURVE ( 'NONE', #145, #858, #1794, .T. ) ;
#1187 = ORIENTED_EDGE ( 'NONE', *, *, #1371, .F. ) ;
#1188 = EDGE_CURVE ( 'NONE', #336, #51, #1301, .T. ) ;
#1189 = VECTOR ( 'NONE', #1108, 1000.000000000000000 ) ;
#1190 = DIRECTION ( 'NONE',  ( -0.000000000000000000, 0.000000000000000000, 1.000000000000000000 ) ) ;
#1191 = AXIS2_PLACEMENT_3D ( 'NONE', #636, #1079, #450 ) ;
#1192 = TOROIDAL_SURFACE ( 'NONE', #1821, 8.500000000000005329, 1.500000000000000000 ) ;
#1193 = VECTOR ( 'NONE', #1354, 1000.000000000000000 ) ;
#1194 = ORIENTED_EDGE ( 'NONE', *, *, #1071, .T. ) ;
#1195 = CIRCLE ( 'NONE', #1332, 7.000000000000006217 ) ;
#1196 = CARTESIAN_POINT ( 'NONE',  ( -204.2172758322269033, 90.46135583687762960, 13.70000000000000462 ) ) ;
#1197 = CARTESIAN_POINT ( 'NONE',  ( -237.8958429927007501, 70.18457277952254003, -5.499999999999976907 ) ) ;
#1198 = VERTEX_POINT ( 'NONE', #289 ) ;
#1199 = CARTESIAN_POINT ( 'NONE',  ( -212.1725103974271747, 83.45237487231858609, 13.70000000000000107 ) ) ;
#1200 = ORIENTED_EDGE ( 'NONE', *, *, #319, .T. ) ;
#1201 = CIRCLE ( 'NONE', #1695, 8.500000000000007105 ) ;
#1202 = CARTESIAN_POINT ( 'NONE',  ( -253.4430377372078453, 66.76218641072877347, 12.20000000000000284 ) ) ;
#1203 = CIRCLE ( 'NONE', #904, 10.00000000000000888 ) ;
#1204 = CARTESIAN_POINT ( 'NONE',  ( -9.747546566491926967, 97.21936770984915199, -4.500000000000000888 ) ) ;
#1205 = EDGE_LOOP ( 'NONE', ( #1400, #619, #1238, #624 ) ) ;
#1206 = DIRECTION ( 'NONE',  ( -0.8191520442889910214, -0.5735764363510471586, 0.000000000000000000 ) ) ;
#1207 = VERTEX_POINT ( 'NONE', #793 ) ;
#1208 = DIRECTION ( 'NONE',  ( -0.3420201433256738199, -0.9396926207859064295, 0.000000000000000000 ) ) ;
#1209 = EDGE_CURVE ( 'NONE', #1042, #1879, #1272, .T. ) ;
#1210 = DIRECTION ( 'NONE',  ( 0.3420201433256738199, 0.9396926207859064295, 0.000000000000000000 ) ) ;
#1211 = DIRECTION ( 'NONE',  ( 0.000000000000000000, 0.000000000000000000, -1.000000000000000000 ) ) ;
#1212 = ORIENTED_EDGE ( 'NONE', *, *, #1059, .T. ) ;
#1213 = FACE_OUTER_BOUND ( 'NONE', #1984, .T. ) ;
#1214 = EDGE_LOOP ( 'NONE', ( #1744, #1341, #1335, #324 ) ) ;
#1215 = ORIENTED_EDGE ( 'NONE', *, *, #1624, .T. ) ;
#1216 = CARTESIAN_POINT ( 'NONE',  ( -217.6978986123734217, 88.86809328132068231, -5.500000000000000000 ) ) ;
#1217 = AXIS2_PLACEMENT_3D ( 'NONE', #763, #935, #1385 ) ;
#1218 = DIRECTION ( 'NONE',  ( 1.000000000000000000, 0.000000000000000000, -0.000000000000000000 ) ) ;
#1219 = ADVANCED_FACE ( 'NONE', ( #1213 ), #335, .F. ) ;
#1220 = CIRCLE ( 'NONE', #351, 10.00000000000000888 ) ;
#1221 = CARTESIAN_POINT ( 'NONE',  ( -215.6979243689439727, 85.97781113781914542, 12.20000000000000107 ) ) ;
#1222 = VECTOR ( 'NONE', #1034, 1000.000000000000000 ) ;
#1223 = ORIENTED_EDGE ( 'NONE', *, *, #3, .F. ) ;
#1224 = PLANE ( 'NONE',  #169 ) ;
#1225 = EDGE_CURVE ( 'NONE', #1826, #1145, #1203, .T. ) ;
#1226 = ORIENTED_EDGE ( 'NONE', *, *, #647, .T. ) ;
#1227 = DIRECTION ( 'NONE',  ( 0.000000000000000000, -0.000000000000000000, -1.000000000000000000 ) ) ;
#1228 =( BOUNDED_CURVE ( )  B_SPLINE_CURVE ( 3, ( #740, #88, #1836, #576 ),
 .UNSPECIFIED., .F., .T. ) 
 B_SPLINE_CURVE_WITH_KNOTS ( ( 4, 4 ),
 ( 4.712388980384689674, 6.283185307179586232 ),
 .UNSPECIFIED. ) 
 CURVE ( )  GEOMETRIC_REPRESENTATION_ITEM ( )  RATIONAL_B_SPLINE_CURVE ( ( 1.000000000000000000, 0.8047378541243649375, 0.8047378541243649375, 1.000000000000000000 ) ) 
 REPRESENTATION_ITEM ( '' )  );
#1229 = EDGE_LOOP ( 'NONE', ( #1782, #1072, #418, #1857 ) ) ;
#1230 = AXIS2_PLACEMENT_3D ( 'NONE', #689, #1306, #50 ) ;
#1231 = FACE_OUTER_BOUND ( 'NONE', #466, .T. ) ;
#1232 = CARTESIAN_POINT ( 'NONE',  ( -211.8014365775958368, 80.44707277952254287, -4.500000000000003553 ) ) ;
#1233 = EDGE_CURVE ( 'NONE', #1053, #1962, #1801, .T. ) ;
#1234 = AXIS2_PLACEMENT_3D ( 'NONE', #1864, #1218, #1364 ) ;
#1235 = ORIENTED_EDGE ( 'NONE', *, *, #1186, .F. ) ;
#1236 = DIRECTION ( 'NONE',  ( 0.000000000000000000, 0.000000000000000000, -1.000000000000000000 ) ) ;
#1237 = EDGE_CURVE ( 'NONE', #1305, #452, #1942, .T. ) ;
#1238 = ORIENTED_EDGE ( 'NONE', *, *, #1101, .F. ) ;
#1239 = CARTESIAN_POINT ( 'NONE',  ( -247.4051104425235224, 67.36526020286969185, -1.000000000000000888 ) ) ;
#1240 = ORIENTED_EDGE ( 'NONE', *, *, #1546, .T. ) ;
#1241 = FILL_AREA_STYLE ('',( #883 ) ) ;
#1242 = LINE ( 'NONE', #782, #1832 ) ;
#1243 = FACE_OUTER_BOUND ( 'NONE', #355, .T. ) ;
#1244 = ORIENTED_EDGE ( 'NONE', *, *, #348, .F. ) ;
#1245 = CARTESIAN_POINT ( 'NONE',  ( -203.0257047602899263, 93.73517045069978337, 16.44264068711930804 ) ) ;
#1246 = VERTEX_POINT ( 'NONE', #1618 ) ;
#1247 = EDGE_CURVE ( 'NONE', #1080, #1509, #424, .T. ) ;
#1248 = CARTESIAN_POINT ( 'NONE',  ( -216.6139365775958368, 80.44707277952254287, 93.63381329295297917 ) ) ;
#1249 = ORIENTED_EDGE ( 'NONE', *, *, #879, .F. ) ;
#1250 = ADVANCED_FACE ( 'NONE', ( #356 ), #1903, .F. ) ;
#1251 = CARTESIAN_POINT ( 'NONE',  ( -264.0620420686955754, 66.76218641072877347, 2.985281374238590857 ) ) ;
#1252 = DIRECTION ( 'NONE',  ( 0.8674394215525472740, -0.000000000000000000, -0.4975428121645233404 ) ) ;
#1253 = DIRECTION ( 'NONE',  ( -0.9999619230641713097, -0.008726535498373544364, -0.000000000000000000 ) ) ;
#1254 = ORIENTED_EDGE ( 'NONE', *, *, #1948, .F. ) ;
#1255 = AXIS2_PLACEMENT_3D ( 'NONE', #822, #841, #1735 ) ;
#1256 = AXIS2_PLACEMENT_3D ( 'NONE', #948, #1413, #7 ) ;
#1257 = DIRECTION ( 'NONE',  ( 1.000000000000000000, -0.000000000000000000, 0.000000000000000000 ) ) ;
#1258 = CIRCLE ( 'NONE', #1789, 6.000000000000005329 ) ;
#1259 = LINE ( 'NONE', #186, #1622 ) ;
#1260 = EDGE_LOOP ( 'NONE', ( #316, #933, #1375, #1786 ) ) ;
#1261 = CARTESIAN_POINT ( 'NONE',  ( -211.8014365775958368, 80.44707277952254287, 17.19999999999999218 ) ) ;
#1262 = ADVANCED_FACE ( 'NONE', ( #508, #542 ), #803, .F. ) ;
#1263 = ORIENTED_EDGE ( 'NONE', *, *, #1161, .T. ) ;
#1264 = EDGE_CURVE ( 'NONE', #1016, #346, #975, .T. ) ;
#1265 = DIRECTION ( 'NONE',  ( 0.000000000000000000, 0.000000000000000000, 1.000000000000000000 ) ) ;
#1266 = CARTESIAN_POINT ( 'NONE',  ( -247.4051104425235224, 67.36526020286969185, 18.19999999999999574 ) ) ;
#1267 = VECTOR ( 'NONE', #1044, 1000.000000000000114 ) ;
#1268 = FACE_OUTER_BOUND ( 'NONE', #49, .T. ) ;
#1269 = ORIENTED_EDGE ( 'NONE', *, *, #1925, .T. ) ;
#1270 = DIRECTION ( 'NONE',  ( 0.8191520442889911324, 0.5735764363510469366, -1.326662012540370922E-15 ) ) ;
#1271 = CARTESIAN_POINT ( 'NONE',  ( -201.4815098354917211, 93.73517045069978337, 16.44264068711930094 ) ) ;
#1272 = CIRCLE ( 'NONE', #1308, 10.26250000000000817 ) ;
#1273 = ORIENTED_EDGE ( 'NONE', *, *, #120, .F. ) ;
#1274 = CARTESIAN_POINT ( 'NONE',  ( -201.4815098354917495, 97.97781113781917384, 11.32728523814955324 ) ) ;
#1275 = CARTESIAN_POINT ( 'NONE',  ( -221.5728617130860414, 94.36809119559049464, 13.95735931288070297 ) ) ;
#1276 = DIRECTION ( 'NONE',  ( 1.000000000000000000, 0.000000000000000000, 0.000000000000000000 ) ) ;
#1277 = EDGE_CURVE ( 'NONE', #1118, #611, #293, .T. ) ;
#1278 = DIRECTION ( 'NONE',  ( 1.000000000000000000, 0.000000000000000000, 0.000000000000000000 ) ) ;
#1279 = VERTEX_POINT ( 'NONE', #387 ) ;
#1280 = DIRECTION ( 'NONE',  ( -1.000000000000000000, 0.000000000000000000, 0.000000000000000000 ) ) ;
#1281 = EDGE_CURVE ( 'NONE', #303, #1012, #560, .T. ) ;
#1282 = DIRECTION ( 'NONE',  ( 1.000000000000000000, 0.000000000000000000, 0.000000000000000000 ) ) ;
#1283 = EDGE_LOOP ( 'NONE', ( #1021, #90, #1187, #1174 ) ) ;
#1284 = CYLINDRICAL_SURFACE ( 'NONE', #1464, 6.000000000000009770 ) ;
#1285 = ORIENTED_EDGE ( 'NONE', *, *, #1177, .F. ) ;
#1286 = CARTESIAN_POINT ( 'NONE',  ( -211.8014365775958368, 80.44707277952254287, 19.70000000000000284 ) ) ;
#1287 = CARTESIAN_POINT ( 'NONE',  ( -249.6301596879649765, 66.81567475729784178, 18.19999999999999929 ) ) ;
#1288 = CARTESIAN_POINT ( 'NONE',  ( -203.3014365775958368, 80.44707277952254287, -5.500000000000000000 ) ) ;
#1289 = VERTEX_POINT ( 'NONE', #212 ) ;
#1290 = DIRECTION ( 'NONE',  ( -0.000000000000000000, -0.000000000000000000, 1.000000000000000000 ) ) ;
#1291 = EDGE_CURVE ( 'NONE', #1289, #1762, #367, .T. ) ;
#1292 = VECTOR ( 'NONE', #819, 1000.000000000000000 ) ;
#1293 = VERTEX_POINT ( 'NONE', #222 ) ;
#1294 = LINE ( 'NONE', #1467, #1389 ) ;
#1295 = AXIS2_PLACEMENT_3D ( 'NONE', #1936, #368, #1337 ) ;
#1296 = AXIS2_PLACEMENT_3D ( 'NONE', #905, #1872, #284 ) ;
#1297 = CYLINDRICAL_SURFACE ( 'NONE', #643, 10.26250000000000817 ) ;
#1298 = CARTESIAN_POINT ( 'NONE',  ( -239.6591127997854187, 70.18457277952254003, 18.19999999999999574 ) ) ;
#1299 = LINE ( 'NONE', #692, #1056 ) ;
#1300 = VERTEX_POINT ( 'NONE', #651 ) ;
#1301 =( BOUNDED_CURVE ( )  B_SPLINE_CURVE ( 3, ( #476, #325, #465, #175 ),
 .UNSPECIFIED., .F., .T. ) 
 B_SPLINE_CURVE_WITH_KNOTS ( ( 4, 4 ),
 ( 0.000000000000000000, 1.570796326794888564 ),
 .UNSPECIFIED. ) 
 CURVE ( )  GEOMETRIC_REPRESENTATION_ITEM ( )  RATIONAL_B_SPLINE_CURVE ( ( 1.000000000000000000, 0.8047378541243668248, 0.8047378541243668248, 1.000000000000000000 ) ) 
 REPRESENTATION_ITEM ( '' )  );
#1302 = DIRECTION ( 'NONE',  ( -0.8191520442889911324, -0.5735764363510471586, 0.000000000000000000 ) ) ;
#1303 = CIRCLE ( 'NONE', #617, 8.500000000000007105 ) ;
#1304 = CARTESIAN_POINT ( 'NONE',  ( -247.4051104425235224, 67.36526020286969185, -5.500000000000000000 ) ) ;
#1305 = VERTEX_POINT ( 'NONE', #824 ) ;
#1306 = DIRECTION ( 'NONE',  ( 0.8191520442889920206, 0.5735764363510459374, 0.000000000000000000 ) ) ;
#1307 = ADVANCED_FACE ( 'NONE', ( #1462 ), #965, .T. ) ;
#1308 = AXIS2_PLACEMENT_3D ( 'NONE', #1740, #1585, #910 ) ;
#1309 = EDGE_LOOP ( 'NONE', ( #860, #805, #1024, #1686 ) ) ;
#1310 = CARTESIAN_POINT ( 'NONE',  ( -253.0560977616896423, 66.76218641072877347, 17.94059091166284503 ) ) ;
#1311 = VERTEX_POINT ( 'NONE', #1924 ) ;
#1312 = CARTESIAN_POINT ( 'NONE',  ( -0.8185553844573452142, 93.79715656104944799, 0.5000000000000004441 ) ) ;
#1313 = CARTESIAN_POINT ( 'NONE',  ( -194.3147095471026375, 92.10854120565184644, 12.20000000000000107 ) ) ;
#1314 = ORIENTED_EDGE ( 'NONE', *, *, #2012, .F. ) ;
#1315 = DIRECTION ( 'NONE',  ( 0.000000000000000000, 0.7071067811865479058, 0.7071067811865472397 ) ) ;
#1316 = EDGE_LOOP ( 'NONE', ( #837, #1818, #664, #823 ) ) ;
#1317 = EDGE_CURVE ( 'NONE', #137, #1145, #1454, .T. ) ;
#1318 = B_SPLINE_CURVE_WITH_KNOTS ( 'NONE', 3,
 ( #1098, #1287, #1908, #962 ),
 .UNSPECIFIED., .F., .F.,
 ( 4, 4 ),
 ( 0.000000000000000000, 0.001795187544756260455 ),
 .UNSPECIFIED. ) ;
#1319 = EDGE_CURVE ( 'NONE', #127, #1683, #499, .T. ) ;
#1320 = LINE ( 'NONE', #888, #609 ) ;
#1321 = VECTOR ( 'NONE', #1807, 1000.000000000000000 ) ;
#1322 = CARTESIAN_POINT ( 'NONE',  ( -212.1725103974271747, 83.45237487231858609, 12.20000000000000284 ) ) ;
#1323 = DIRECTION ( 'NONE',  ( -0.000000000000000000, 0.000000000000000000, 1.000000000000000000 ) ) ;
#1324 = DIRECTION ( 'NONE',  ( 0.000000000000000000, 0.000000000000000000, -1.000000000000000000 ) ) ;
#1325 = AXIS2_PLACEMENT_3D ( 'NONE', #648, #1276, #1898 ) ;
#1326 = ORIENTED_EDGE ( 'NONE', *, *, #707, .T. ) ;
#1327 = FACE_OUTER_BOUND ( 'NONE', #277, .T. ) ;
#1328 = AXIS2_PLACEMENT_3D ( 'NONE', #789, #458, #478 ) ;
#1329 = ORIENTED_EDGE ( 'NONE', *, *, #1564, .T. ) ;
#1330 = CIRCLE ( 'NONE', #1596, 3.514718625761386939 ) ;
#1331 = EDGE_CURVE ( 'NONE', #378, #1487, #662, .T. ) ;
#1332 = AXIS2_PLACEMENT_3D ( 'NONE', #1020, #548, #1651 ) ;
#1333 = DIRECTION ( 'NONE',  ( 0.000000000000000000, 0.000000000000000000, 1.000000000000000000 ) ) ;
#1334 = EDGE_CURVE ( 'NONE', #346, #225, #39, .T. ) ;
#1335 = ORIENTED_EDGE ( 'NONE', *, *, #1499, .F. ) ;
#1336 = DIRECTION ( 'NONE',  ( 1.000000000000000000, 0.000000000000000000, 0.000000000000000000 ) ) ;
#1337 = DIRECTION ( 'NONE',  ( -1.000000000000000000, 0.000000000000000000, 0.000000000000000000 ) ) ;
#1338 = ORIENTED_EDGE ( 'NONE', *, *, #1334, .F. ) ;
#1339 = VECTOR ( 'NONE', #1315, 1000.000000000000000 ) ;
#1340 = LINE ( 'NONE', #717, #197 ) ;
#1341 = ORIENTED_EDGE ( 'NONE', *, *, #1059, .F. ) ;
#1342 = CARTESIAN_POINT ( 'NONE',  ( -211.8014365775958368, 70.18457277952252582, -5.500000000000000000 ) ) ;
#1343 = VERTEX_POINT ( 'NONE', #1780 ) ;
#1344 = EDGE_CURVE ( 'NONE', #1090, #1198, #1099, .T. ) ;
#1345 = FACE_OUTER_BOUND ( 'NONE', #1368, .T. ) ;
#1346 = DIRECTION ( 'NONE',  ( 0.000000000000000000, 0.000000000000000000, -1.000000000000000000 ) ) ;
#1347 = EDGE_LOOP ( 'NONE', ( #985, #174 ) ) ;
#1348 = CARTESIAN_POINT ( 'NONE',  ( -211.8014365775958368, 80.44707277952254287, 93.63381329295297917 ) ) ;
#1349 = EDGE_CURVE ( 'NONE', #637, #1804, #986, .T. ) ;
#1350 = ORIENTED_EDGE ( 'NONE', *, *, #1662, .T. ) ;
#1351 = PLANE ( 'NONE',  #897 ) ;
#1352 = EDGE_LOOP ( 'NONE', ( #1018, #28, #1988, #211, #1407 ) ) ;
#1353 = ADVANCED_FACE ( 'NONE', ( #1627 ), #844, .F. ) ;
#1354 = DIRECTION ( 'NONE',  ( -1.000000000000000000, -0.000000000000000000, -0.000000000000000000 ) ) ;
#1355 = ORIENTED_EDGE ( 'NONE', *, *, #595, .T. ) ;
#1356 = DIRECTION ( 'NONE',  ( -1.000000000000000000, 0.000000000000000000, 0.000000000000000000 ) ) ;
#1357 = ADVANCED_FACE ( 'NONE', ( #240 ), #1644, .F. ) ;
#1358 = VERTEX_POINT ( 'NONE', #1797 ) ;
#1359 = AXIS2_PLACEMENT_3D ( 'NONE', #1078, #1529, #1403 ) ;
#1360 = CIRCLE ( 'NONE', #281, 4.812499999999997335 ) ;
#1361 = AXIS2_PLACEMENT_3D ( 'NONE', #307, #123, #1134 ) ;
#1362 = CARTESIAN_POINT ( 'NONE',  ( -212.2597757524109170, 93.45199410296031317, 0.5000000000000004441 ) ) ;
#1363 = VECTOR ( 'NONE', #182, 999.9999999999998863 ) ;
#1364 = DIRECTION ( 'NONE',  ( 0.000000000000000000, 0.000000000000000000, -1.000000000000000000 ) ) ;
#1365 = CYLINDRICAL_SURFACE ( 'NONE', #1535, 4.000000000000003553 ) ;
#1366 = ORIENTED_EDGE ( 'NONE', *, *, #1673, .F. ) ;
#1367 = FACE_OUTER_BOUND ( 'NONE', #394, .T. ) ;
#1368 = EDGE_LOOP ( 'NONE', ( #1126, #456, #1843, #301 ) ) ;
#1369 = AXIS2_PLACEMENT_3D ( 'NONE', #13, #943, #630 ) ;
#1370 =( BOUNDED_CURVE ( )  B_SPLINE_CURVE ( 3, ( #1144, #1310, #35, #341 ),
 .UNSPECIFIED., .F., .T. ) 
 B_SPLINE_CURVE_WITH_KNOTS ( ( 4, 4 ),
 ( 1.720185503482078770, 2.356194490192342617 ),
 .UNSPECIFIED. ) 
 CURVE ( )  GEOMETRIC_REPRESENTATION_ITEM ( )  RATIONAL_B_SPLINE_CURVE ( ( 1.000000000000000000, 0.9665741649190093820, 0.9665741649190093820, 1.000000000000000000 ) ) 
 REPRESENTATION_ITEM ( '' )  );
#1371 = EDGE_CURVE ( 'NONE', #1139, #581, #1169, .T. ) ;
#1372 = AXIS2_PLACEMENT_3D ( 'NONE', #274, #151, #739 ) ;
#1373 = CARTESIAN_POINT ( 'NONE',  ( -250.8278675437762217, 66.76218641072877347, 13.70000000000000462 ) ) ;
#1374 = CARTESIAN_POINT ( 'NONE',  ( -200.4585053490832820, 89.09327526357493809, 93.63381329295297917 ) ) ;
#1375 = ORIENTED_EDGE ( 'NONE', *, *, #538, .T. ) ;
#1376 = LINE ( 'NONE', #620, #1830 ) ;
#1377 = ORIENTED_EDGE ( 'NONE', *, *, #454, .T. ) ;
#1378 = ADVANCED_FACE ( 'NONE', ( #262, #1490 ), #1805, .F. ) ;
#1379 = DIRECTION ( 'NONE',  ( -0.000000000000000000, -0.000000000000000000, 1.000000000000000000 ) ) ;
#1380 = FACE_OUTER_BOUND ( 'NONE', #1937, .T. ) ;
#1381 = EDGE_CURVE ( 'NONE', #1035, #903, #1894, .T. ) ;
#1382 = ORIENTED_EDGE ( 'NONE', *, *, #745, .T. ) ;
#1383 = DIRECTION ( 'NONE',  ( 0.4055797876726394136, -0.5792279653395685513, 0.7071067811865479058 ) ) ;
#1384 = VERTEX_POINT ( 'NONE', #1022 ) ;
#1385 = DIRECTION ( 'NONE',  ( 0.000000000000000000, -0.000000000000000000, 1.000000000000000000 ) ) ;
#1386 = CIRCLE ( 'NONE', #1492, 8.500000000000007105 ) ;
#1387 = VERTEX_POINT ( 'NONE', #1196 ) ;
#1388 = DIRECTION ( 'NONE',  ( -1.000000000000000000, 0.000000000000000000, 0.000000000000000000 ) ) ;
#1389 = VECTOR ( 'NONE', #84, 1000.000000000000000 ) ;
#1390 = VECTOR ( 'NONE', #484, 1000.000000000000114 ) ;
#1391 = CARTESIAN_POINT ( 'NONE',  ( -203.3517974321911765, 92.83923819800158128, -4.638572939817594332 ) ) ;
#1392 = EDGE_CURVE ( 'NONE', #613, #72, #1013, .T. ) ;
#1393 = AXIS2_PLACEMENT_3D ( 'NONE', #730, #1501, #228 ) ;
#1394 = DIRECTION ( 'NONE',  ( -4.981674600970605889E-16, -1.000000000000000000, 0.000000000000000000 ) ) ;
#1395 = COLOUR_RGB ( '',0.7921568627450980005, 0.8196078431372548767, 0.9333333333333333481 ) ;
#1396 = ORIENTED_EDGE ( 'NONE', *, *, #697, .F. ) ;
#1397 = PLANE ( 'NONE',  #1537 ) ;
#1398 = VERTEX_POINT ( 'NONE', #853 ) ;
#1399 = CARTESIAN_POINT ( 'NONE',  ( -201.4815098354917211, 97.97781113781914542, 9.714718625761397774 ) ) ;
#1400 = ORIENTED_EDGE ( 'NONE', *, *, #201, .T. ) ;
#1401 = CIRCLE ( 'NONE', #1230, 6.000000000000000000 ) ;
#1402 = PRESENTATION_STYLE_ASSIGNMENT (( #330 ) ) ;
#1403 = DIRECTION ( 'NONE',  ( 0.000000000000000000, 0.000000000000000000, -1.000000000000000000 ) ) ;
#1404 = FACE_OUTER_BOUND ( 'NONE', #392, .T. ) ;
#1405 = CIRCLE ( 'NONE', #1721, 10.24264068711927500 ) ;
#1406 = EDGE_CURVE ( 'NONE', #153, #177, #1636, .T. ) ;
#1407 = ORIENTED_EDGE ( 'NONE', *, *, #1673, .T. ) ;
#1408 = CARTESIAN_POINT ( 'NONE',  ( -217.9082747609376725, 91.64389531520848209, 0.5000000000000004441 ) ) ;
#1409 = LINE ( 'NONE', #639, #1875 ) ;
#1410 = EDGE_LOOP ( 'NONE', ( #628, #788 ) ) ;
#1411 = CIRCLE ( 'NONE', #1970, 12.00000000000001066 ) ;
#1412 = EDGE_CURVE ( 'NONE', #1122, #1075, #1228, .T. ) ;
#1413 = DIRECTION ( 'NONE',  ( 0.000000000000000000, 0.000000000000000000, -1.000000000000000000 ) ) ;
#1414 = ORIENTED_EDGE ( 'NONE', *, *, #3, .T. ) ;
#1415 = LINE ( 'NONE', #1851, #1849 ) ;
#1416 = DIRECTION ( 'NONE',  ( 0.8191520442889919096, 0.5735764363510459374, 6.654919343243799191E-17 ) ) ;
#1417 = CARTESIAN_POINT ( 'NONE',  ( -256.6652237577657729, 66.76218641072877347, -3.742640687119304310 ) ) ;
#1418 = ORIENTED_EDGE ( 'NONE', *, *, #1965, .F. ) ;
#1419 = EDGE_CURVE ( 'NONE', #1387, #1080, #530, .T. ) ;
#1420 = EDGE_CURVE ( 'NONE', #1826, #177, #1951, .T. ) ;
#1421 = CARTESIAN_POINT ( 'NONE',  ( -217.9082747609376725, 91.64389531520848209, -64.67245072062286226 ) ) ;
#1422 = ORIENTED_EDGE ( 'NONE', *, *, #344, .T. ) ;
#1423 = DIRECTION ( 'NONE',  ( -1.000000000000000000, 0.000000000000000000, -0.000000000000000000 ) ) ;
#1424 = ORIENTED_EDGE ( 'NONE', *, *, #1913, .T. ) ;
#1425 = CIRCLE ( 'NONE', #680, 6.000000000000004441 ) ;
#1426 = DIRECTION ( 'NONE',  ( -0.5735764363510448272, 0.8191520442889926867, 0.000000000000000000 ) ) ;
#1427 = CARTESIAN_POINT ( 'NONE',  ( -204.2172758322269033, 90.46135583687762960, 18.12126473312075703 ) ) ;
#1428 = AXIS2_PLACEMENT_3D ( 'NONE', #297, #602, #916 ) ;
#1429 = VERTEX_POINT ( 'NONE', #891 ) ;
#1430 = VECTOR ( 'NONE', #520, 1000.000000000000000 ) ;
#1431 = CIRCLE ( 'NONE', #607, 6.000000000000000000 ) ;
#1432 = CARTESIAN_POINT ( 'NONE',  ( -264.0620420686955754, 66.76218641072877347, 93.63381329295297917 ) ) ;
#1433 = ORIENTED_EDGE ( 'NONE', *, *, #865, .F. ) ;
#1434 = PLANE ( 'NONE',  #999 ) ;
#1435 = ADVANCED_FACE ( 'NONE', ( #1345 ), #1365, .F. ) ;
#1436 = SHAPE_DEFINITION_REPRESENTATION ( #15, #1539 ) ;
#1437 = CARTESIAN_POINT ( 'NONE',  ( -205.8014365775958368, 80.44707277952254287, -4.500000000000000888 ) ) ;
#1438 = DIRECTION ( 'NONE',  ( -1.000000000000000000, 0.000000000000000000, 0.000000000000000000 ) ) ;
#1439 = CIRCLE ( 'NONE', #847, 4.812499999999997335 ) ;
#1440 = ADVANCED_FACE ( 'NONE', ( #882 ), #1994, .F. ) ;
#1441 = LINE ( 'NONE', #984, #1848 ) ;
#1442 = ORIENTED_EDGE ( 'NONE', *, *, #1521, .T. ) ;
#1443 = DIRECTION ( 'NONE',  ( -1.000000000000000000, 4.981674600970605889E-16, 0.000000000000000000 ) ) ;
#1444 = CARTESIAN_POINT ( 'NONE',  ( -250.8278675437761649, 66.76218641072877347, -1.000000000000000888 ) ) ;
#1445 = AXIS2_PLACEMENT_3D ( 'NONE', #685, #1597, #1280 ) ;
#1446 = ORIENTED_EDGE ( 'NONE', *, *, #138, .F. ) ;
#1447 = CYLINDRICAL_SURFACE ( 'NONE', #76, 6.000000000000005329 ) ;
#1448 = B_SPLINE_CURVE_WITH_KNOTS ( 'NONE', 3,
 ( #1427, #1593, #365, #1583 ),
 .UNSPECIFIED., .F., .F.,
 ( 4, 4 ),
 ( 0.000000000000000000, 0.0009968834376757205930 ),
 .UNSPECIFIED. ) ;
#1449 = EDGE_CURVE ( 'NONE', #303, #563, #1675, .T. ) ;
#1450 = CARTESIAN_POINT ( 'NONE',  ( -219.1393829870502543, 90.89272340355307733, -5.500000000000000000 ) ) ;
#1451 = LINE ( 'NONE', #992, #1363 ) ;
#1452 = ADVANCED_FACE ( 'NONE', ( #1504, #1175 ), #569, .T. ) ;
#1453 = ORIENTED_EDGE ( 'NONE', *, *, #359, .F. ) ;
#1454 = LINE ( 'NONE', #1004, #230 ) ;
#1455 = ORIENTED_EDGE ( 'NONE', *, *, #1161, .F. ) ;
#1456 = DIRECTION ( 'NONE',  ( 0.000000000000000000, -0.000000000000000000, -1.000000000000000000 ) ) ;
#1457 = DIRECTION ( 'NONE',  ( -1.000000000000000000, 0.000000000000000000, 0.000000000000000000 ) ) ;
#1458 = DIRECTION ( 'NONE',  ( -0.000000000000000000, -0.000000000000000000, 1.000000000000000000 ) ) ;
#1459 = CARTESIAN_POINT ( 'NONE',  ( -256.6652237577657729, 66.76218641072877347, -3.742640687119304310 ) ) ;
#1460 = VERTEX_POINT ( 'NONE', #1033 ) ;
#1461 = EDGE_CURVE ( 'NONE', #1279, #1799, #1405, .T. ) ;
#1462 = FACE_OUTER_BOUND ( 'NONE', #1784, .T. ) ;
#1463 = FACE_OUTER_BOUND ( 'NONE', #752, .T. ) ;
#1464 = AXIS2_PLACEMENT_3D ( 'NONE', #676, #698, #827 ) ;
#1465 = ORIENTED_EDGE ( 'NONE', *, *, #1648, .T. ) ;
#1466 = VECTOR ( 'NONE', #1120, 1000.000000000000000 ) ;
#1467 = CARTESIAN_POINT ( 'NONE',  ( -211.8014365775958368, 96.22045182493843640, -1.257359312880707014 ) ) ;
#1468 = AXIS2_PLACEMENT_3D ( 'NONE', #1221, #1853, #1068 ) ;
#1469 = AXIS2_PLACEMENT_3D ( 'NONE', #1699, #448, #1983 ) ;
#1470 = ORIENTED_EDGE ( 'NONE', *, *, #547, .F. ) ;
#1471 = DIRECTION ( 'NONE',  ( 0.000000000000000000, 0.000000000000000000, -1.000000000000000000 ) ) ;
#1472 = CARTESIAN_POINT ( 'NONE',  ( -211.8014365775958368, 80.44707277952254287, -3.270562748477168658 ) ) ;
#1473 = ORIENTED_EDGE ( 'NONE', *, *, #1777, .F. ) ;
#1474 = DIRECTION ( 'NONE',  ( -0.5735764363510459374, 0.8191520442889920206, 0.000000000000000000 ) ) ;
#1475 = ADVANCED_FACE ( 'NONE', ( #1057 ), #791, .F. ) ;
#1476 = LINE ( 'NONE', #1974, #1661 ) ;
#1477 = ORIENTED_EDGE ( 'NONE', *, *, #126, .F. ) ;
#1478 = DIRECTION ( 'NONE',  ( 1.000000000000000000, -0.000000000000000000, 0.000000000000000000 ) ) ;
#1479 = AXIS2_PLACEMENT_3D ( 'NONE', #1137, #1290, #70 ) ;
#1480 = EDGE_CURVE ( 'NONE', #177, #1683, #1220, .T. ) ;
#1481 = DIRECTION ( 'NONE',  ( 1.000000000000000000, 0.000000000000000000, 0.000000000000000000 ) ) ;
#1482 = VERTEX_POINT ( 'NONE', #1702 ) ;
#1483 = DIRECTION ( 'NONE',  ( 1.000000000000000000, 0.000000000000000000, 0.000000000000000000 ) ) ;
#1484 = CYLINDRICAL_SURFACE ( 'NONE', #1469, 5.999999999999988454 ) ;
#1485 = ORIENTED_EDGE ( 'NONE', *, *, #261, .T. ) ;
#1486 = FACE_OUTER_BOUND ( 'NONE', #1214, .T. ) ;
#1487 = VERTEX_POINT ( 'NONE', #11 ) ;
#1488 = DIRECTION ( 'NONE',  ( 0.000000000000000000, -0.000000000000000000, -1.000000000000000000 ) ) ;
#1489 = EDGE_LOOP ( 'NONE', ( #1742, #701, #1338, #114, #994 ) ) ;
#1490 = FACE_BOUND ( 'NONE', #1517, .T. ) ;
#1491 = LINE ( 'NONE', #223, #1321 ) ;
#1492 = AXIS2_PLACEMENT_3D ( 'NONE', #332, #1458, #1438 ) ;
#1493 = ORIENTED_EDGE ( 'NONE', *, *, #437, .T. ) ;
#1494 = CARTESIAN_POINT ( 'NONE',  ( -203.6396955271060563, 86.66839814271887121, -5.500000000000000000 ) ) ;
#1495 = AXIS2_PLACEMENT_3D ( 'NONE', #839, #503, #63 ) ;
#1496 = ORIENTED_EDGE ( 'NONE', *, *, #1718, .T. ) ;
#1497 = AXIS2_PLACEMENT_3D ( 'NONE', #1374, #1211, #1573 ) ;
#1498 = CIRCLE ( 'NONE', #413, 10.00000000000000888 ) ;
#1499 = EDGE_CURVE ( 'NONE', #1967, #1460, #1091, .T. ) ;
#1500 = VECTOR ( 'NONE', #1086, 1000.000000000000000 ) ;
#1501 = DIRECTION ( 'NONE',  ( 0.000000000000000000, 0.000000000000000000, -1.000000000000000000 ) ) ;
#1502 = ORIENTED_EDGE ( 'NONE', *, *, #184, .T. ) ;
#1503 = EDGE_CURVE ( 'NONE', #581, #1139, #642, .T. ) ;
#1504 = FACE_OUTER_BOUND ( 'NONE', #885, .T. ) ;
#1505 = CARTESIAN_POINT ( 'NONE',  ( -217.0479101064110807, 90.41516724877502043, -1.000000000000000000 ) ) ;
#1506 = ORIENTED_EDGE ( 'NONE', *, *, #857, .F. ) ;
#1507 = AXIS2_PLACEMENT_3D ( 'NONE', #572, #875, #1356 ) ;
#1508 = CARTESIAN_POINT ( 'NONE',  ( -220.1473628791206636, 92.33226787724960616, 16.44264068711928672 ) ) ;
#1509 = VERTEX_POINT ( 'NONE', #463 ) ;
#1510 = VECTOR ( 'NONE', #1163, 1000.000000000000000 ) ;
#1511 = FACE_OUTER_BOUND ( 'NONE', #56, .T. ) ;
#1512 = ORIENTED_EDGE ( 'NONE', *, *, #163, .F. ) ;
#1513 = DIRECTION ( 'NONE',  ( 0.4055797876726396356, -0.5792279653395688843, -0.7071067811865473507 ) ) ;
#1514 = DIRECTION ( 'NONE',  ( 0.000000000000000000, 0.000000000000000000, -1.000000000000000000 ) ) ;
#1515 = ORIENTED_EDGE ( 'NONE', *, *, #1449, .T. ) ;
#1516 = CYLINDRICAL_SURFACE ( 'NONE', #1507, 4.812499999999997335 ) ;
#1517 = EDGE_LOOP ( 'NONE', ( #1116, #1890 ) ) ;
#1518 = DIRECTION ( 'NONE',  ( 0.000000000000000000, 0.000000000000000000, -1.000000000000000000 ) ) ;
#1519 = CARTESIAN_POINT ( 'NONE',  ( -211.8014365775958368, 70.18457277952252582, 13.70000000000000462 ) ) ;
#1520 = DIRECTION ( 'NONE',  ( -0.5735764363510501562, 0.8191520442889890230, 0.000000000000000000 ) ) ;
#1521 = EDGE_CURVE ( 'NONE', #1762, #637, #1877, .T. ) ;
#1522 = ORIENTED_EDGE ( 'NONE', *, *, #261, .F. ) ;
#1523 = DIRECTION ( 'NONE',  ( -1.000000000000000000, 0.000000000000000000, 0.000000000000000000 ) ) ;
#1524 = DIRECTION ( 'NONE',  ( 0.8191520442889898002, 0.5735764363510490460, -1.996475802973141434E-15 ) ) ;
#1525 = EDGE_LOOP ( 'NONE', ( #735, #256, #288, #1665 ) ) ;
#1526 = CIRCLE ( 'NONE', #190, 7.757359312880712565 ) ;
#1527 = AXIS2_PLACEMENT_3D ( 'NONE', #1869, #913, #1423 ) ;
#1528 = DIRECTION ( 'NONE',  ( 1.000000000000000000, 0.000000000000000000, 0.000000000000000000 ) ) ;
#1529 = DIRECTION ( 'NONE',  ( 1.000000000000000000, 0.000000000000000000, 0.000000000000000000 ) ) ;
#1530 = FACE_OUTER_BOUND ( 'NONE', #1815, .T. ) ;
#1531 = VERTEX_POINT ( 'NONE', #1550 ) ;
#1532 = DIRECTION ( 'NONE',  ( 0.5735764363510484909, -0.8191520442889901332, 0.000000000000000000 ) ) ;
#1533 = ADVANCED_FACE ( 'NONE', ( #1530 ), #482, .T. ) ;
#1534 = ORIENTED_EDGE ( 'NONE', *, *, #1681, .F. ) ;
#1535 = AXIS2_PLACEMENT_3D ( 'NONE', #714, #1973, #1165 ) ;
#1536 = ADVANCED_FACE ( 'NONE', ( #1682 ), #783, .F. ) ;
#1537 = AXIS2_PLACEMENT_3D ( 'NONE', #1576, #1715, #1257 ) ;
#1538 = FACE_OUTER_BOUND ( 'NONE', #901, .T. ) ;
#1539 = ADVANCED_BREP_SHAPE_REPRESENTATION ( 'Fork Tip 8-11', ( #521, #1093 ), #746 ) ;
#1540 = CARTESIAN_POINT ( 'NONE',  ( -237.8958429927007501, 60.18457277952254003, 93.63381329295297917 ) ) ;
#1541 = ORIENTED_EDGE ( 'NONE', *, *, #173, .F. ) ;
#1542 = DIRECTION ( 'NONE',  ( 0.000000000000000000, -0.7071067811865487940, 0.7071067811865463515 ) ) ;
#1543 = PRODUCT_DEFINITION ( 'UNKNOWN', '', #1160, #727 ) ;
#1544 = ORIENTED_EDGE ( 'NONE', *, *, #1027, .F. ) ;
#1545 = DIRECTION ( 'NONE',  ( 1.000000000000000000, 0.000000000000000000, 0.000000000000000000 ) ) ;
#1546 = EDGE_CURVE ( 'NONE', #737, #1976, #1888, .T. ) ;
#1547 = PLANE ( 'NONE',  #1296 ) ;
#1548 = CARTESIAN_POINT ( 'NONE',  ( -201.4815098354917211, 97.97781113781914542, 93.63381329295297917 ) ) ;
#1549 = CARTESIAN_POINT ( 'NONE',  ( -200.4585053490832820, 89.09327526357493809, -1.000000000000000888 ) ) ;
#1550 = CARTESIAN_POINT ( 'NONE',  ( -203.0257047602898979, 93.73517045069986864, -3.742640687119283438 ) ) ;
#1551 = EDGE_LOOP ( 'NONE', ( #205, #87 ) ) ;
#1552 = DIRECTION ( 'NONE',  ( -1.000000000000000000, 0.000000000000000000, 0.000000000000000000 ) ) ;
#1553 = EDGE_LOOP ( 'NONE', ( #1934, #432, #334, #1045 ) ) ;
#1554 = CARTESIAN_POINT ( 'NONE',  ( -249.0620420686955754, 66.76218641072877347, 93.63381329295297917 ) ) ;
#1555 = VECTOR ( 'NONE', #1252, 1000.000000000000000 ) ;
#1556 = CARTESIAN_POINT ( 'NONE',  ( -239.6591127997854187, 70.18457277952254003, -5.500000000000000000 ) ) ;
#1557 = EDGE_CURVE ( 'NONE', #239, #696, #1561, .T. ) ;
#1558 = FACE_OUTER_BOUND ( 'NONE', #1179, .T. ) ;
#1559 = AXIS2_PLACEMENT_3D ( 'NONE', #656, #41, #1753 ) ;
#1560 = CARTESIAN_POINT ( 'NONE',  ( -215.6979243689439727, 93.73517045069985443, -3.742640687119282550 ) ) ;
#1561 = CIRCLE ( 'NONE', #932, 4.000000000000003553 ) ;
#1562 = CARTESIAN_POINT ( 'NONE',  ( -9.717003692247619284, 93.71950097912447575, -1.000000000000000000 ) ) ;
#1563 = CIRCLE ( 'NONE', #1822, 1.499999999999998224 ) ;
#1564 = EDGE_CURVE ( 'NONE', #1826, #407, #907, .T. ) ;
#1565 = EDGE_LOOP ( 'NONE', ( #1285, #532, #1512, #1694 ) ) ;
#1566 = CYLINDRICAL_SURFACE ( 'NONE', #1041, 10.00000000000000888 ) ;
#1567 = ORIENTED_EDGE ( 'NONE', *, *, #1521, .F. ) ;
#1568 = FACE_OUTER_BOUND ( 'NONE', #273, .T. ) ;
#1569 = ORIENTED_EDGE ( 'NONE', *, *, #14, .T. ) ;
#1570 = CIRCLE ( 'NONE', #6, 4.812499999999997335 ) ;
#1571 = SURFACE_STYLE_FILL_AREA ( #1241 ) ;
#1572 = DIRECTION ( 'NONE',  ( 1.000000000000000000, 0.000000000000000000, -0.000000000000000000 ) ) ;
#1573 = DIRECTION ( 'NONE',  ( -1.000000000000000000, 0.000000000000000000, 0.000000000000000000 ) ) ;
#1574 = AXIS2_PLACEMENT_3D ( 'NONE', #300, #1270, #1474 ) ;
#1575 = ORIENTED_EDGE ( 'NONE', *, *, #1958, .F. ) ;
#1576 = CARTESIAN_POINT ( 'NONE',  ( -211.8014365775958368, 91.97781113781913120, -5.500000000000000000 ) ) ;
#1577 = VERTEX_POINT ( 'NONE', #759 ) ;
#1578 = DIRECTION ( 'NONE',  ( 1.000000000000000000, -0.000000000000000000, -0.000000000000000000 ) ) ;
#1579 = ORIENTED_EDGE ( 'NONE', *, *, #890, .F. ) ;
#1580 = LINE ( 'NONE', #2021, #66 ) ;
#1581 = LINE ( 'NONE', #682, #1390 ) ;
#1582 =( BOUNDED_CURVE ( )  B_SPLINE_CURVE ( 3, ( #1202, #140, #2020, #924 ),
 .UNSPECIFIED., .F., .T. ) 
 B_SPLINE_CURVE_WITH_KNOTS ( ( 4, 4 ),
 ( 3.141592653589794004, 4.712388980384689674 ),
 .UNSPECIFIED. ) 
 CURVE ( )  GEOMETRIC_REPRESENTATION_ITEM ( )  RATIONAL_B_SPLINE_CURVE ( ( 1.000000000000000000, 0.8047378541243652705, 0.8047378541243652705, 1.000000000000000000 ) ) 
 REPRESENTATION_ITEM ( '' )  );
#1583 = CARTESIAN_POINT ( 'NONE',  ( -204.4385299525530968, 89.49252976358052081, 18.19999999999999574 ) ) ;
#1584 = ORIENTED_EDGE ( 'NONE', *, *, #1929, .F. ) ;
#1585 = DIRECTION ( 'NONE',  ( 0.000000000000000000, 0.000000000000000000, -1.000000000000000000 ) ) ;
#1586 = EDGE_CURVE ( 'NONE', #51, #1460, #308, .T. ) ;
#1587 = CARTESIAN_POINT ( 'NONE',  ( -212.1725103974271747, 83.45237487231858609, 12.20000000000000284 ) ) ;
#1588 = EDGE_LOOP ( 'NONE', ( #1646, #1708, #445, #1396 ) ) ;
#1589 = FACE_OUTER_BOUND ( 'NONE', #1676, .T. ) ;
#1590 = ORIENTED_EDGE ( 'NONE', *, *, #506, .T. ) ;
#1591 = CARTESIAN_POINT ( 'NONE',  ( -114.7481737815654128, 163.8773756634399774, 12.20000000000000284 ) ) ;
#1592 = FACE_OUTER_BOUND ( 'NONE', #68, .T. ) ;
#1593 = CARTESIAN_POINT ( 'NONE',  ( -204.3307798764391521, 90.14950603838764209, 18.17228900400660763 ) ) ;
#1594 = AXIS2_PLACEMENT_3D ( 'NONE', #667, #776, #1860 ) ;
#1595 = ORIENTED_EDGE ( 'NONE', *, *, #237, .F. ) ;
#1596 = AXIS2_PLACEMENT_3D ( 'NONE', #800, #649, #485 ) ;
#1597 = DIRECTION ( 'NONE',  ( -0.000000000000000000, -0.000000000000000000, 1.000000000000000000 ) ) ;
#1598 = ORIENTED_EDGE ( 'NONE', *, *, #245, .F. ) ;
#1599 = ADVANCED_FACE ( 'NONE', ( #1243 ), #679, .T. ) ;
#1600 = CARTESIAN_POINT ( 'NONE',  ( -215.6979243689439727, 89.49252976358057765, -5.500000000000000000 ) ) ;
#1601 = EDGE_CURVE ( 'NONE', #1358, #1246, #1946, .T. ) ;
#1602 = ADVANCED_FACE ( 'NONE', ( #1404 ), #474, .T. ) ;
#1603 = CARTESIAN_POINT ( 'NONE',  ( -217.8014365775958368, 80.44707277952254287, 15.97056274847716928 ) ) ;
#1604 = DIRECTION ( 'NONE',  ( 0.000000000000000000, 0.000000000000000000, -1.000000000000000000 ) ) ;
#1605 = VECTOR ( 'NONE', #1677, 999.9999999999998863 ) ;
#1606 = DIRECTION ( 'NONE',  ( 0.2492435693639582228, 0.6847910787717355063, 0.6847910787717348402 ) ) ;
#1607 = ORIENTED_EDGE ( 'NONE', *, *, #29, .T. ) ;
#1608 = CARTESIAN_POINT ( 'NONE',  ( -249.0620420686955754, 66.76218641072877347, -5.500000000000000000 ) ) ;
#1609 = ORIENTED_EDGE ( 'NONE', *, *, #290, .T. ) ;
#1610 = DIRECTION ( 'NONE',  ( 0.000000000000000000, 0.000000000000000000, -1.000000000000000000 ) ) ;
#1611 = ORIENTED_EDGE ( 'NONE', *, *, #232, .F. ) ;
#1612 = DIRECTION ( 'NONE',  ( 0.8191520442889911324, 0.5735764363510470476, 0.000000000000000000 ) ) ;
#1613 = ADVANCED_FACE ( 'NONE', ( #616 ), #1631, .T. ) ;
#1614 = PLANE ( 'NONE',  #603 ) ;
#1615 = CARTESIAN_POINT ( 'NONE',  ( -247.4051104425235224, 67.36526020286969185, 93.63381329295297917 ) ) ;
#1616 = ADVANCED_FACE ( 'NONE', ( #1724 ), #497, .F. ) ;
#1617 = ORIENTED_EDGE ( 'NONE', *, *, #93, .F. ) ;
#1618 = CARTESIAN_POINT ( 'NONE',  ( -204.2172758322269033, 90.46135583687762960, -5.421264733120767509 ) ) ;
#1619 = CARTESIAN_POINT ( 'NONE',  ( -217.0479101064110807, 90.41516724877503464, 12.20000000000000107 ) ) ;
#1620 = ORIENTED_EDGE ( 'NONE', *, *, #1986, .F. ) ;
#1621 = DIRECTION ( 'NONE',  ( 0.000000000000000000, 0.000000000000000000, -1.000000000000000000 ) ) ;
#1622 = VECTOR ( 'NONE', #1741, 1000.000000000000000 ) ;
#1623 = CARTESIAN_POINT ( 'NONE',  ( -211.8014365775958368, 80.44707277952254287, 93.63381329295297917 ) ) ;
#1624 = EDGE_CURVE ( 'NONE', #693, #1487, #683, .T. ) ;
#1625 = LINE ( 'NONE', #217, #1989 ) ;
#1626 = ORIENTED_EDGE ( 'NONE', *, *, #1681, .T. ) ;
#1627 = FACE_OUTER_BOUND ( 'NONE', #143, .T. ) ;
#1628 = CARTESIAN_POINT ( 'NONE',  ( -211.8014365775958368, 80.44707277952254287, -6.999999999999995559 ) ) ;
#1629 = CIRCLE ( 'NONE', #129, 4.812499999999997335 ) ;
#1630 = VERTEX_POINT ( 'NONE', #1755 ) ;
#1631 = TOROIDAL_SURFACE ( 'NONE', #579, 6.000000000000012434, 6.000000000000000000 ) ;
#1632 = VECTOR ( 'NONE', #937, 1000.000000000000000 ) ;
#1633 = CARTESIAN_POINT ( 'NONE',  ( -200.4585053490832820, 89.09327526357493809, 18.19999999999999574 ) ) ;
#1634 = AXIS2_PLACEMENT_3D ( 'NONE', #732, #231, #1520 ) ;
#1635 = VERTEX_POINT ( 'NONE', #354 ) ;
#1636 = LINE ( 'NONE', #1982, #1007 ) ;
#1637 = DIRECTION ( 'NONE',  ( -1.000000000000000000, -0.000000000000000000, -0.000000000000000000 ) ) ;
#1638 = ORIENTED_EDGE ( 'NONE', *, *, #220, .T. ) ;
#1639 = CARTESIAN_POINT ( 'NONE',  ( -211.8014365775958368, 80.44707277952254287, 19.70000000000000284 ) ) ;
#1640 = AXIS2_PLACEMENT_3D ( 'NONE', #724, #270, #431 ) ;
#1641 = ORIENTED_EDGE ( 'NONE', *, *, #1819, .T. ) ;
#1642 = CARTESIAN_POINT ( 'NONE',  ( -203.0996771163694632, 93.53193307270734635, 93.63381329295297917 ) ) ;
#1643 = CARTESIAN_POINT ( 'NONE',  ( -237.8958429927007501, 70.18457277952254003, -5.499999999999976907 ) ) ;
#1644 = CYLINDRICAL_SURFACE ( 'NONE', #1634, 1.499999999999998224 ) ;
#1645 = LINE ( 'NONE', #1943, #160 ) ;
#1646 = ORIENTED_EDGE ( 'NONE', *, *, #1277, .T. ) ;
#1647 = FACE_OUTER_BOUND ( 'NONE', #955, .T. ) ;
#1648 = EDGE_CURVE ( 'NONE', #942, #378, #1370, .T. ) ;
#1649 = ORIENTED_EDGE ( 'NONE', *, *, #806, .T. ) ;
#1650 = EDGE_CURVE ( 'NONE', #950, #1962, #1330, .T. ) ;
#1651 = DIRECTION ( 'NONE',  ( 1.000000000000000000, 0.000000000000000000, 0.000000000000000000 ) ) ;
#1652 = ORIENTED_EDGE ( 'NONE', *, *, #372, .T. ) ;
#1653 = DIRECTION ( 'NONE',  ( -0.000000000000000000, -0.000000000000000000, 1.000000000000000000 ) ) ;
#1654 = LINE ( 'NONE', #109, #1129 ) ;
#1655 = ORIENTED_EDGE ( 'NONE', *, *, #940, .F. ) ;
#1656 = CARTESIAN_POINT ( 'NONE',  ( -215.6979243689439727, 85.97781113781914542, 0.5000000000000004441 ) ) ;
#1657 = AXIS2_PLACEMENT_3D ( 'NONE', #27, #292, #1545 ) ;
#1658 = ORIENTED_EDGE ( 'NONE', *, *, #1710, .T. ) ;
#1659 = EDGE_CURVE ( 'NONE', #737, #346, #973, .T. ) ;
#1660 = AXIS2_PLACEMENT_3D ( 'NONE', #1980, #1971, #382 ) ;
#1661 = VECTOR ( 'NONE', #836, 1000.000000000000000 ) ;
#1662 = EDGE_CURVE ( 'NONE', #1358, #863, #1887, .T. ) ;
#1663 = DIRECTION ( 'NONE',  ( 0.8191520442889912434, 0.5735764363510471586, 0.000000000000000000 ) ) ;
#1664 = AXIS2_PLACEMENT_3D ( 'NONE', #977, #673, #1926 ) ;
#1665 = ORIENTED_EDGE ( 'NONE', *, *, #879, .T. ) ;
#1666 = CARTESIAN_POINT ( 'NONE',  ( -215.6979243689439727, 85.97781113781914542, -1.257359312880713897 ) ) ;
#1667 = ORIENTED_EDGE ( 'NONE', *, *, #1775, .T. ) ;
#1668 = CARTESIAN_POINT ( 'NONE',  ( -217.6978986123734217, 88.86809328132068231, 0.5000000000000004441 ) ) ;
#1669 = VERTEX_POINT ( 'NONE', #373 ) ;
#1670 = AXIS2_PLACEMENT_3D ( 'NONE', #1432, #376, #1302 ) ;
#1671 =( BOUNDED_CURVE ( )  B_SPLINE_CURVE ( 3, ( #705, #61, #1774, #838 ),
 .UNSPECIFIED., .F., .T. ) 
 B_SPLINE_CURVE_WITH_KNOTS ( ( 4, 4 ),
 ( 3.141592653589793116, 3.926990816987238286 ),
 .UNSPECIFIED. ) 
 CURVE ( )  GEOMETRIC_REPRESENTATION_ITEM ( )  RATIONAL_B_SPLINE_CURVE ( ( 1.000000000000000000, 0.9492530216741915661, 0.9492530216741915661, 1.000000000000000000 ) ) 
 REPRESENTATION_ITEM ( '' )  );
#1672 = DIRECTION ( 'NONE',  ( 0.000000000000000000, 0.000000000000000000, -1.000000000000000000 ) ) ;
#1673 = EDGE_CURVE ( 'NONE', #1939, #1069, #1448, .T. ) ;
#1674 = CARTESIAN_POINT ( 'NONE',  ( -249.0620420686955754, 66.76218641072877347, 93.63381329295297917 ) ) ;
#1675 = LINE ( 'NONE', #561, #287 ) ;
#1676 = EDGE_LOOP ( 'NONE', ( #397, #1824, #1350, #1658, #1107, #366, #936, #195, #929, #852 ) ) ;
#1677 = DIRECTION ( 'NONE',  ( -0.8191520442889910214, -0.5735764363510472696, -0.000000000000000000 ) ) ;
#1678 = ORIENTED_EDGE ( 'NONE', *, *, #780, .F. ) ;
#1679 = DIRECTION ( 'NONE',  ( 0.000000000000000000, 0.000000000000000000, 1.000000000000000000 ) ) ;
#1680 = DIRECTION ( 'NONE',  ( 0.000000000000000000, 0.000000000000000000, -1.000000000000000000 ) ) ;
#1681 = EDGE_CURVE ( 'NONE', #378, #1053, #1451, .T. ) ;
#1682 = FACE_OUTER_BOUND ( 'NONE', #1006, .T. ) ;
#1683 = VERTEX_POINT ( 'NONE', #831 ) ;
#1684 = DIRECTION ( 'NONE',  ( -1.000000000000000000, 0.000000000000000000, 0.000000000000000000 ) ) ;
#1685 = EDGE_CURVE ( 'NONE', #1871, #22, #1299, .T. ) ;
#1686 = ORIENTED_EDGE ( 'NONE', *, *, #1882, .F. ) ;
#1687 = CIRCLE ( 'NONE', #2019, 8.500000000000063949 ) ;
#1688 = AXIS2_PLACEMENT_3D ( 'NONE', #75, #691, #981 ) ;
#1689 = CARTESIAN_POINT ( 'NONE',  ( -204.2172758322269033, 90.46135583687762960, 18.12126473312075703 ) ) ;
#1690 = CARTESIAN_POINT ( 'NONE',  ( -216.6139365775958368, 80.44707277952254287, 93.63381329295297917 ) ) ;
#1691 = DIRECTION ( 'NONE',  ( 1.000000000000000000, 0.000000000000000000, 0.000000000000000000 ) ) ;
#1692 = ORIENTED_EDGE ( 'NONE', *, *, #647, .F. ) ;
#1693 = CARTESIAN_POINT ( 'NONE',  ( -202.1211363162908299, 96.22045182493845061, -1.257359312880713897 ) ) ;
#1694 = ORIENTED_EDGE ( 'NONE', *, *, #29, .F. ) ;
#1695 = AXIS2_PLACEMENT_3D ( 'NONE', #1977, #102, #1800 ) ;
#1696 = LINE ( 'NONE', #1248, #1189 ) ;
#1697 = ORIENTED_EDGE ( 'NONE', *, *, #659, .T. ) ;
#1698 = CARTESIAN_POINT ( 'NONE',  ( -211.8014365775958368, 70.18457277952252582, -1.000000000000000888 ) ) ;
#1699 = CARTESIAN_POINT ( 'NONE',  ( -209.5456907517833827, 94.57633067835827489, 12.20000000000000107 ) ) ;
#1700 = AXIS2_PLACEMENT_3D ( 'NONE', #1760, #523, #194 ) ;
#1701 = DIRECTION ( 'NONE',  ( -1.000000000000000000, 0.000000000000000000, 0.000000000000000000 ) ) ;
#1702 = CARTESIAN_POINT ( 'NONE',  ( -201.4815098354917211, 97.97781113781914542, 2.985281374238590857 ) ) ;
#1703 = EDGE_LOOP ( 'NONE', ( #2013, #588, #1652, #1254, #997, #1269, #892, #1705, #1414, #544, #1839, #1955, #958, #894 ) ) ;
#1704 = DIRECTION ( 'NONE',  ( 1.000000000000000000, 0.000000000000000000, 0.000000000000000000 ) ) ;
#1705 = ORIENTED_EDGE ( 'NONE', *, *, #150, .F. ) ;
#1706 = EDGE_CURVE ( 'NONE', #1531, #1181, #1625, .T. ) ;
#1707 = FACE_OUTER_BOUND ( 'NONE', #974, .T. ) ;
#1708 = ORIENTED_EDGE ( 'NONE', *, *, #94, .T. ) ;
#1709 = CARTESIAN_POINT ( 'NONE',  ( -217.7138841530848197, 88.85690008521220307, 18.19999999999999929 ) ) ;
#1710 = EDGE_CURVE ( 'NONE', #863, #1042, #1820, .T. ) ;
#1711 = CARTESIAN_POINT ( 'NONE',  ( -237.8958429927007501, 60.18457277952254003, -5.500000000000005329 ) ) ;
#1712 = CARTESIAN_POINT ( 'NONE',  ( -211.8014365775958368, 70.18457277952252582, 93.63381329295297917 ) ) ;
#1713 = DIRECTION ( 'NONE',  ( -0.000000000000000000, 0.000000000000000000, 1.000000000000000000 ) ) ;
#1714 = ORIENTED_EDGE ( 'NONE', *, *, #659, .F. ) ;
#1715 = DIRECTION ( 'NONE',  ( -0.000000000000000000, -0.7071067811865471286, 0.7071067811865479058 ) ) ;
#1716 = EDGE_LOOP ( 'NONE', ( #165, #755, #491, #2005 ) ) ;
#1717 = CARTESIAN_POINT ( 'NONE',  ( -202.1211363162908583, 96.22045182493840798, 13.95735931288070297 ) ) ;
#1718 = EDGE_CURVE ( 'NONE', #1683, #942, #1100, .T. ) ;
#1719 =( NAMED_UNIT ( * ) PLANE_ANGLE_UNIT ( ) SI_UNIT ( $, .RADIAN. ) );
#1720 = DIRECTION ( 'NONE',  ( -0.000000000000000000, -0.000000000000000000, 1.000000000000000000 ) ) ;
#1721 = AXIS2_PLACEMENT_3D ( 'NONE', #1666, #596, #275 ) ;
#1722 = CARTESIAN_POINT ( 'NONE',  ( -204.4585053490832820, 89.09327526357493809, -1.000000000000000888 ) ) ;
#1723 = AXIS2_PLACEMENT_3D ( 'NONE', #1232, #917, #438 ) ;
#1724 = FACE_OUTER_BOUND ( 'NONE', #234, .T. ) ;
#1725 = MECHANICAL_DESIGN_GEOMETRIC_PRESENTATION_REPRESENTATION (  '', ( #517 ), #711 ) ;
#1726 = VECTOR ( 'NONE', #1208, 1000.000000000000114 ) ;
#1727 = ORIENTED_EDGE ( 'NONE', *, *, #319, .F. ) ;
#1728 = FACE_OUTER_BOUND ( 'NONE', #556, .T. ) ;
#1729 = ORIENTED_EDGE ( 'NONE', *, *, #1764, .F. ) ;
#1730 = CARTESIAN_POINT ( 'NONE',  ( -211.8014365775958368, 89.49252976358057765, -5.500000000000000000 ) ) ;
#1731 = ORIENTED_EDGE ( 'NONE', *, *, #1461, .F. ) ;
#1732 = CARTESIAN_POINT ( 'NONE',  ( -264.0620420686955185, 66.76218641072877347, 11.32728523814955324 ) ) ;
#1733 = CARTESIAN_POINT ( 'NONE',  ( -247.4051104425235224, 67.36526020286969185, 13.70000000000000462 ) ) ;
#1734 = EDGE_CURVE ( 'NONE', #60, #1289, #1526, .T. ) ;
#1735 = DIRECTION ( 'NONE',  ( -1.000000000000000000, 0.000000000000000000, 0.000000000000000000 ) ) ;
#1736 = AXIS2_PLACEMENT_3D ( 'NONE', #1204, #1813, #412 ) ;
#1737 = VERTEX_POINT ( 'NONE', #1288 ) ;
#1738 =( BOUNDED_CURVE ( )  B_SPLINE_CURVE ( 3, ( #1833, #469, #435, #750 ),
 .UNSPECIFIED., .F., .T. ) 
 B_SPLINE_CURVE_WITH_KNOTS ( ( 4, 4 ),
 ( 0.7853981633974523868, 1.408615282693108872 ),
 .UNSPECIFIED. ) 
 CURVE ( )  GEOMETRIC_REPRESENTATION_ITEM ( )  RATIONAL_B_SPLINE_CURVE ( ( 1.000000000000000000, 0.9678944220135381471, 0.9678944220135381471, 1.000000000000000000 ) ) 
 REPRESENTATION_ITEM ( '' )  );
#1739 = B_SPLINE_CURVE_WITH_KNOTS ( 'NONE', 3,
 ( #131, #305, #170, #601 ),
 .UNSPECIFIED., .F., .F.,
 ( 4, 4 ),
 ( 0.000000000000000000, 0.001795187544756260889 ),
 .UNSPECIFIED. ) ;
#1740 = CARTESIAN_POINT ( 'NONE',  ( -211.8014365775958368, 80.44707277952254287, -5.500000000000000000 ) ) ;
#1741 = DIRECTION ( 'NONE',  ( -0.000000000000000000, -0.000000000000000000, 1.000000000000000000 ) ) ;
#1742 = ORIENTED_EDGE ( 'NONE', *, *, #1349, .F. ) ;
#1743 = CARTESIAN_POINT ( 'NONE',  ( -211.8014365775958368, 80.44707277952254287, 17.19999999999999929 ) ) ;
#1744 = ORIENTED_EDGE ( 'NONE', *, *, #865, .T. ) ;
#1745 = LINE ( 'NONE', #646, #966 ) ;
#1746 = CARTESIAN_POINT ( 'NONE',  ( -211.8014365775958368, 80.44707277952254287, 13.70000000000000462 ) ) ;
#1747 = ADVANCED_FACE ( 'NONE', ( #1135, #1268 ), #1768, .T. ) ;
#1748 = ORIENTED_EDGE ( 'NONE', *, *, #348, .T. ) ;
#1749 = DIRECTION ( 'NONE',  ( -1.000000000000000000, 0.000000000000000000, -0.000000000000000000 ) ) ;
#1750 = FACE_OUTER_BOUND ( 'NONE', #78, .T. ) ;
#1751 = ORIENTED_EDGE ( 'NONE', *, *, #437, .F. ) ;
#1752 = EDGE_CURVE ( 'NONE', #193, #36, #1441, .T. ) ;
#1753 = DIRECTION ( 'NONE',  ( 0.000000000000000000, 0.000000000000000000, -1.000000000000000000 ) ) ;
#1754 = CARTESIAN_POINT ( 'NONE',  ( -204.8014365775958368, 80.44707277952254287, 19.70000000000000284 ) ) ;
#1755 = CARTESIAN_POINT ( 'NONE',  ( -249.0385998318577663, 66.92309803465944640, 18.19999999999999574 ) ) ;
#1756 = AXIS2_PLACEMENT_3D ( 'NONE', #1915, #1783, #502 ) ;
#1757 = ORIENTED_EDGE ( 'NONE', *, *, #467, .T. ) ;
#1758 = VECTOR ( 'NONE', #540, 1000.000000000000000 ) ;
#1759 = CONICAL_SURFACE ( 'NONE', #681, 7.000000000000006217, 0.7853981633974469467 ) ;
#1760 = CARTESIAN_POINT ( 'NONE',  ( -211.8014365775958368, 80.44707277952254287, 17.19999999999999929 ) ) ;
#1761 = CARTESIAN_POINT ( 'NONE',  ( -252.3597987751745677, 66.76218641072877347, -0.9999999999999995559 ) ) ;
#1762 = VERTEX_POINT ( 'NONE', #1459 ) ;
#1763 = DIRECTION ( 'NONE',  ( 0.000000000000000000, 0.000000000000000000, -1.000000000000000000 ) ) ;
#1764 = EDGE_CURVE ( 'NONE', #72, #693, #970, .T. ) ;
#1765 = CARTESIAN_POINT ( 'NONE',  ( -221.5568761723746434, 94.37928439169897388, -1.257359312880710567 ) ) ;
#1766 = DIRECTION ( 'NONE',  ( -1.000000000000000000, 4.981674600970605889E-16, 0.000000000000000000 ) ) ;
#1767 = AXIS2_PLACEMENT_3D ( 'NONE', #1639, #235, #856 ) ;
#1768 = PLANE ( 'NONE',  #252 ) ;
#1769 = ORIENTED_EDGE ( 'NONE', *, *, #674, .T. ) ;
#1770 = CARTESIAN_POINT ( 'NONE',  ( -250.8253118757802156, 66.76218641072877347, 93.63381329295297917 ) ) ;
#1771 = VECTOR ( 'NONE', #626, 1000.000000000000000 ) ;
#1772 = CYLINDRICAL_SURFACE ( 'NONE', #1923, 1.500000000000004663 ) ;
#1773 = ORIENTED_EDGE ( 'NONE', *, *, #959, .T. ) ;
#1774 = CARTESIAN_POINT ( 'NONE',  ( -262.9861566469166405, 66.76218641072877347, -0.1171025261460072048 ) ) ;
#1775 = EDGE_CURVE ( 'NONE', #858, #60, #100, .T. ) ;
#1776 = DIRECTION ( 'NONE',  ( -1.000000000000000000, 0.000000000000000000, 0.000000000000000000 ) ) ;
#1777 = EDGE_CURVE ( 'NONE', #1069, #239, #1922, .T. ) ;
#1778 = DIRECTION ( 'NONE',  ( -1.000000000000000000, 0.000000000000000000, 0.000000000000000000 ) ) ;
#1779 = ORIENTED_EDGE ( 'NONE', *, *, #565, .F. ) ;
#1780 = CARTESIAN_POINT ( 'NONE',  ( -253.4430377372078453, 66.76218641072877347, 12.20000000000000284 ) ) ;
#1781 = CARTESIAN_POINT ( 'NONE',  ( -260.9981796058988834, 66.76218641072877347, -1.257359312880707014 ) ) ;
#1782 = ORIENTED_EDGE ( 'NONE', *, *, #926, .T. ) ;
#1783 = DIRECTION ( 'NONE',  ( -0.8191520442889890230, -0.5735764363510500452, -0.000000000000000000 ) ) ;
#1784 = EDGE_LOOP ( 'NONE', ( #1902, #670, #675, #423 ) ) ;
#1785 = CARTESIAN_POINT ( 'NONE',  ( -206.9889365775958368, 80.44707277952254287, 13.70000000000000462 ) ) ;
#1786 = ORIENTED_EDGE ( 'NONE', *, *, #510, .T. ) ;
#1787 = DIRECTION ( 'NONE',  ( -0.9396926207859083169, -0.3420201433256692125, -0.000000000000000000 ) ) ;
#1788 = DIRECTION ( 'NONE',  ( 0.000000000000000000, 0.000000000000000000, -1.000000000000000000 ) ) ;
#1789 = AXIS2_PLACEMENT_3D ( 'NONE', #1811, #557, #1180 ) ;
#1790 = AXIS2_PLACEMENT_3D ( 'NONE', #1743, #807, #653 ) ;
#1791 = ORIENTED_EDGE ( 'NONE', *, *, #1188, .F. ) ;
#1792 = CARTESIAN_POINT ( 'NONE',  ( -211.8014365775958368, 80.44707277952254287, 15.97056274847716928 ) ) ;
#1793 = DIRECTION ( 'NONE',  ( 0.9999619230641713097, 0.008726535498373544364, 0.000000000000000000 ) ) ;
#1794 = CIRCLE ( 'NONE', #1369, 3.514718625761414916 ) ;
#1795 = LINE ( 'NONE', #1643, #849 ) ;
#1796 = ADVANCED_FACE ( 'NONE', ( #1173 ), #1128, .T. ) ;
#1797 = CARTESIAN_POINT ( 'NONE',  ( -204.4385299525530968, 89.49252976358057765, -5.500000000000000000 ) ) ;
#1798 = CARTESIAN_POINT ( 'NONE',  ( -194.1442940256639247, 89.49252976358052081, 18.19999999999999929 ) ) ;
#1799 = VERTEX_POINT ( 'NONE', #709 ) ;
#1800 = DIRECTION ( 'NONE',  ( -1.000000000000000000, -1.632680918566405215E-15, 0.000000000000000000 ) ) ;
#1801 = CIRCLE ( 'NONE', #1574, 5.999999999999988454 ) ;
#1802 = ORIENTED_EDGE ( 'NONE', *, *, #686, .F. ) ;
#1803 = CARTESIAN_POINT ( 'NONE',  ( -241.3160444259574433, 69.58149898738162165, 13.70000000000000462 ) ) ;
#1804 = VERTEX_POINT ( 'NONE', #1040 ) ;
#1805 = PLANE ( 'NONE',  #492 ) ;
#1806 = ADVANCED_FACE ( 'NONE', ( #122, #1940 ), #238, .T. ) ;
#1807 = DIRECTION ( 'NONE',  ( -0.000000000000000000, -0.000000000000000000, 1.000000000000000000 ) ) ;
#1808 = ORIENTED_EDGE ( 'NONE', *, *, #201, .F. ) ;
#1809 = DIRECTION ( 'NONE',  ( 0.000000000000000000, 0.000000000000000000, -1.000000000000000000 ) ) ;
#1810 = EDGE_LOOP ( 'NONE', ( #108, #118 ) ) ;
#1811 = CARTESIAN_POINT ( 'NONE',  ( -211.8014365775958368, 80.44707277952254287, -4.500000000000000888 ) ) ;
#1812 = ORIENTED_EDGE ( 'NONE', *, *, #1233, .T. ) ;
#1813 = DIRECTION ( 'NONE',  ( 0.000000000000000000, 0.000000000000000000, -1.000000000000000000 ) ) ;
#1814 =( NAMED_UNIT ( * ) SI_UNIT ( $, .STERADIAN. ) SOLID_ANGLE_UNIT ( ) );
#1815 = EDGE_LOOP ( 'NONE', ( #1446, #633, #254, #477 ) ) ;
#1816 = CARTESIAN_POINT ( 'NONE',  ( -215.6979243689439727, 97.97781113781914542, 2.985281374238577090 ) ) ;
#1817 = VECTOR ( 'NONE', #1578, 1000.000000000000000 ) ;
#1818 = ORIENTED_EDGE ( 'NONE', *, *, #147, .T. ) ;
#1819 = EDGE_CURVE ( 'NONE', #1967, #336, #567, .T. ) ;
#1820 = CIRCLE ( 'NONE', #1255, 4.000000000000003553 ) ;
#1821 = AXIS2_PLACEMENT_3D ( 'NONE', #1587, #345, #663 ) ;
#1822 = AXIS2_PLACEMENT_3D ( 'NONE', #1619, #854, #403 ) ;
#1823 = DIRECTION ( 'NONE',  ( 0.9999619230641713097, 0.008726535498373544364, 0.000000000000000000 ) ) ;
#1824 = ORIENTED_EDGE ( 'NONE', *, *, #780, .T. ) ;
#1825 = DIRECTION ( 'NONE',  ( -1.000000000000000000, -0.000000000000000000, -0.000000000000000000 ) ) ;
#1826 = VERTEX_POINT ( 'NONE', #1803 ) ;
#1827 = TOROIDAL_SURFACE ( 'NONE', #361, 3.514718625761424686, 6.000000000000000000 ) ;
#1828 = LINE ( 'NONE', #425, #1138 ) ;
#1829 = ORIENTED_EDGE ( 'NONE', *, *, #220, .F. ) ;
#1830 = VECTOR ( 'NONE', #1236, 1000.000000000000000 ) ;
#1831 = EDGE_CURVE ( 'NONE', #611, #1118, #1258, .T. ) ;
#1832 = VECTOR ( 'NONE', #1680, 1000.000000000000000 ) ;
#1833 = CARTESIAN_POINT ( 'NONE',  ( -203.0257047602899263, 93.73517045069978337, 16.44264068711930804 ) ) ;
#1834 = CARTESIAN_POINT ( 'NONE',  ( -204.2172758322269033, 90.46135583687762960, -5.421264733120767509 ) ) ;
#1835 = EDGE_CURVE ( 'NONE', #1060, #416, #1320, .T. ) ;
#1836 = CARTESIAN_POINT ( 'NONE',  ( -203.0996771163694632, 93.53193307270737478, 13.07867965644035557 ) ) ;
#1837 = EDGE_LOOP ( 'NONE', ( #1779, #1579, #464, #1846 ) ) ;
#1838 = CARTESIAN_POINT ( 'NONE',  ( -205.8014365775958368, 80.44707277952254287, 17.19999999999999929 ) ) ;
#1839 = ORIENTED_EDGE ( 'NONE', *, *, #1706, .T. ) ;
#1840 = CARTESIAN_POINT ( 'NONE',  ( -211.8014365775958368, 80.44707277952254287, 19.70000000000000284 ) ) ;
#1841 = DIRECTION ( 'NONE',  ( 0.9396926207859065405, -0.3420201433256738754, 0.000000000000000000 ) ) ;
#1842 = DIRECTION ( 'NONE',  ( 1.000000000000000000, 0.000000000000000000, 0.000000000000000000 ) ) ;
#1843 = ORIENTED_EDGE ( 'NONE', *, *, #618, .T. ) ;
#1844 = LINE ( 'NONE', #1421, #909 ) ;
#1845 = VECTOR ( 'NONE', #952, 1000.000000000000000 ) ;
#1846 = ORIENTED_EDGE ( 'NONE', *, *, #510, .F. ) ;
#1847 = AXIS2_PLACEMENT_3D ( 'NONE', #1097, #766, #1388 ) ;
#1848 = VECTOR ( 'NONE', #531, 1000.000000000000000 ) ;
#1849 = VECTOR ( 'NONE', #1183, 1000.000000000000000 ) ;
#1850 = DIRECTION ( 'NONE',  ( -1.000000000000000000, -1.387778780781444492E-15, 0.000000000000000000 ) ) ;
#1851 = CARTESIAN_POINT ( 'NONE',  ( -206.9889365775958368, 80.44707277952254287, 93.63381329295297917 ) ) ;
#1852 = CYLINDRICAL_SURFACE ( 'NONE', #944, 6.000000000000005329 ) ;
#1853 = DIRECTION ( 'NONE',  ( -0.000000000000000000, 0.000000000000000000, 1.000000000000000000 ) ) ;
#1854 = ADVANCED_FACE ( 'NONE', ( #1511, #851 ), #1351, .T. ) ;
#1855 = ORIENTED_EDGE ( 'NONE', *, *, #734, .T. ) ;
#1856 = DIRECTION ( 'NONE',  ( 0.000000000000000000, 0.000000000000000000, 1.000000000000000000 ) ) ;
#1857 = ORIENTED_EDGE ( 'NONE', *, *, #1764, .T. ) ;
#1858 = AXIS2_PLACEMENT_3D ( 'NONE', #1668, #728, #111 ) ;
#1859 = EDGE_CURVE ( 'NONE', #239, #1080, #268, .T. ) ;
#1860 = DIRECTION ( 'NONE',  ( 1.000000000000000000, 0.000000000000000000, 0.000000000000000000 ) ) ;
#1861 = EDGE_LOOP ( 'NONE', ( #475, #96, #1802, #1731 ) ) ;
#1862 = CARTESIAN_POINT ( 'NONE',  ( 0.000000000000000000, 0.000000000000000000, 0.000000000000000000 ) ) ;
#1863 = LINE ( 'NONE', #461, #1193 ) ;
#1864 = CARTESIAN_POINT ( 'NONE',  ( -215.6979243689439727, 89.49252976358053502, 12.20000000000000107 ) ) ;
#1865 = CARTESIAN_POINT ( 'NONE',  ( -204.4385299525530968, 89.49252976358057765, -5.500000000000000000 ) ) ;
#1866 = EDGE_LOOP ( 'NONE', ( #486, #83, #644, #1534, #770 ) ) ;
#1867 = CARTESIAN_POINT ( 'NONE',  ( -215.6979243689439727, 97.97781113781914542, 12.19999999999997442 ) ) ;
#1868 = ORIENTED_EDGE ( 'NONE', *, *, #1882, .T. ) ;
#1869 = CARTESIAN_POINT ( 'NONE',  ( -211.8014365775958368, 80.44707277952254287, -5.500000000000000000 ) ) ;
#1870 = EDGE_CURVE ( 'NONE', #236, #264, #1949, .T. ) ;
#1871 = VERTEX_POINT ( 'NONE', #1152 ) ;
#1872 = DIRECTION ( 'NONE',  ( 0.008726535498373544364, -0.9999619230641713097, 0.000000000000000000 ) ) ;
#1873 = DIRECTION ( 'NONE',  ( -0.000000000000000000, -0.000000000000000000, -1.000000000000000000 ) ) ;
#1874 = CARTESIAN_POINT ( 'NONE',  ( -204.3307798764391521, 90.14950603838765630, -5.472289004006611002 ) ) ;
#1875 = VECTOR ( 'NONE', #787, 1000.000000000000114 ) ;
#1876 = VERTEX_POINT ( 'NONE', #1785 ) ;
#1877 =( BOUNDED_CURVE ( )  B_SPLINE_CURVE ( 3, ( #1417, #164, #2004, #21 ),
 .UNSPECIFIED., .F., .T. ) 
 B_SPLINE_CURVE_WITH_KNOTS ( ( 4, 4 ),
 ( 0.7853981633974517207, 1.421407150107719453 ),
 .UNSPECIFIED. ) 
 CURVE ( )  GEOMETRIC_REPRESENTATION_ITEM ( )  RATIONAL_B_SPLINE_CURVE ( ( 1.000000000000000000, 0.9665741649190089380, 0.9665741649190089380, 1.000000000000000000 ) ) 
 REPRESENTATION_ITEM ( '' )  );
#1878 = CARTESIAN_POINT ( 'NONE',  ( -211.8014365775958368, 89.49252976358057765, 0.5000000000000004441 ) ) ;
#1879 = VERTEX_POINT ( 'NONE', #1342 ) ;
#1880 = PLANE ( 'NONE',  #1527 ) ;
#1881 = ORIENTED_EDGE ( 'NONE', *, *, #1317, .T. ) ;
#1882 = EDGE_CURVE ( 'NONE', #264, #36, #1687, .T. ) ;
#1883 = CIRCLE ( 'NONE', #1428, 8.500000000000063949 ) ;
#1884 = DIRECTION ( 'NONE',  ( -0.000000000000000000, -0.000000000000000000, 1.000000000000000000 ) ) ;
#1885 = AXIS2_PLACEMENT_3D ( 'NONE', #612, #1064, #797 ) ;
#1886 = CARTESIAN_POINT ( 'NONE',  ( -217.7138841530848481, 88.85690008521220307, -5.500000000000000000 ) ) ;
#1887 = CIRCLE ( 'NONE', #710, 4.000000000000003553 ) ;
#1888 = LINE ( 'NONE', #2011, #317 ) ;
#1889 = AXIS2_PLACEMENT_3D ( 'NONE', #1840, #1679, #1528 ) ;
#1890 = ORIENTED_EDGE ( 'NONE', *, *, #954, .T. ) ;
#1891 = DIRECTION ( 'NONE',  ( 0.000000000000000000, 0.000000000000000000, 1.000000000000000000 ) ) ;
#1892 = ORIENTED_EDGE ( 'NONE', *, *, #1925, .F. ) ;
#1893 = CARTESIAN_POINT ( 'NONE',  ( -211.8014365775958368, 80.44707277952254287, -1.000000000000000888 ) ) ;
#1894 = CIRCLE ( 'NONE', #1640, 12.00000000000001066 ) ;
#1895 = ORIENTED_EDGE ( 'NONE', *, *, #2023, .F. ) ;
#1896 = EDGE_CURVE ( 'NONE', #1429, #1305, #516, .T. ) ;
#1897 = DIRECTION ( 'NONE',  ( 1.000000000000000000, 0.000000000000000000, 0.000000000000000000 ) ) ;
#1898 = DIRECTION ( 'NONE',  ( 0.000000000000000000, 0.000000000000000000, -1.000000000000000000 ) ) ;
#1899 = DIRECTION ( 'NONE',  ( -0.000000000000000000, -0.000000000000000000, 1.000000000000000000 ) ) ;
#1900 = VECTOR ( 'NONE', #1891, 1000.000000000000000 ) ;
#1901 = EDGE_CURVE ( 'NONE', #1669, #1122, #105, .T. ) ;
#1902 = ORIENTED_EDGE ( 'NONE', *, *, #1835, .F. ) ;
#1903 = CYLINDRICAL_SURFACE ( 'NONE', #654, 1.500000000000004441 ) ;
#1904 = CARTESIAN_POINT ( 'NONE',  ( -217.8014365775958368, 80.44707277952254287, 17.19999999999999929 ) ) ;
#1905 = ORIENTED_EDGE ( 'NONE', *, *, #280, .T. ) ;
#1906 = FACE_OUTER_BOUND ( 'NONE', #1944, .T. ) ;
#1907 = CARTESIAN_POINT ( 'NONE',  ( -203.6396955271060563, 86.66839814271887121, 18.19999999999999574 ) ) ;
#1908 = CARTESIAN_POINT ( 'NONE',  ( -250.2260125394631416, 66.76218641072877347, 18.18491012055280365 ) ) ;
#1909 = DIRECTION ( 'NONE',  ( 1.000000000000000000, 0.000000000000000000, 0.000000000000000000 ) ) ;
#1910 = VERTEX_POINT ( 'NONE', #393 ) ;
#1911 = ADVANCED_FACE ( 'NONE', ( #1162 ), #1028, .F. ) ;
#1912 = CARTESIAN_POINT ( 'NONE',  ( -228.9161651654069090, 66.76218641072877347, 32.35884682662088352 ) ) ;
#1913 = EDGE_CURVE ( 'NONE', #1305, #1429, #1195, .T. ) ;
#1914 = EDGE_LOOP ( 'NONE', ( #1978, #1947, #1791, #12 ) ) ;
#1915 = CARTESIAN_POINT ( 'NONE',  ( -217.0479101064110807, 90.41516724877502043, 0.5000000000000004441 ) ) ;
#1916 = CARTESIAN_POINT ( 'NONE',  ( -202.1211363162908583, 96.22045182493840798, 13.95735931288070297 ) ) ;
#1917 = CARTESIAN_POINT ( 'NONE',  ( -211.8014365775958368, 80.44707277952254287, 93.63381329295297917 ) ) ;
#1918 = DIRECTION ( 'NONE',  ( -0.000000000000000000, -0.000000000000000000, 1.000000000000000000 ) ) ;
#1919 = CIRCLE ( 'NONE', #1594, 10.26250000000000817 ) ;
#1920 = AXIS2_PLACEMENT_3D ( 'NONE', #1322, #200, #20 ) ;
#1921 = ORIENTED_EDGE ( 'NONE', *, *, #980, .T. ) ;
#1922 = CIRCLE ( 'NONE', #549, 4.000000000000003553 ) ;
#1923 = AXIS2_PLACEMENT_3D ( 'NONE', #1313, #99, #543 ) ;
#1924 = CARTESIAN_POINT ( 'NONE',  ( -253.4430377372078453, 66.76218641072877347, 0.5000000000000004441 ) ) ;
#1925 = EDGE_CURVE ( 'NONE', #1075, #336, #721, .T. ) ;
#1926 = DIRECTION ( 'NONE',  ( -1.000000000000000000, 0.000000000000000000, 0.000000000000000000 ) ) ;
#1927 = ORIENTED_EDGE ( 'NONE', *, *, #1913, .F. ) ;
#1928 = CARTESIAN_POINT ( 'NONE',  ( -215.6979243689439727, 89.49252976358052081, 18.19999999999999929 ) ) ;
#1929 = EDGE_CURVE ( 'NONE', #1343, #127, #1582, .T. ) ;
#1930 = CYLINDRICAL_SURFACE ( 'NONE', #218, 4.812499999999997335 ) ;
#1931 = LINE ( 'NONE', #171, #1555 ) ;
#1932 = CIRCLE ( 'NONE', #1961, 8.500000000000007105 ) ;
#1933 = DIRECTION ( 'NONE',  ( -0.000000000000000000, 0.000000000000000000, 1.000000000000000000 ) ) ;
#1934 = ORIENTED_EDGE ( 'NONE', *, *, #922, .F. ) ;
#1935 = DIRECTION ( 'NONE',  ( -1.000000000000000000, 0.000000000000000000, 0.000000000000000000 ) ) ;
#1936 = CARTESIAN_POINT ( 'NONE',  ( -215.6979243689439727, 85.97781113781914542, 18.19999999999999574 ) ) ;
#1937 = EDGE_LOOP ( 'NONE', ( #1314, #1002, #2007, #1453, #1366 ) ) ;
#1938 = LINE ( 'NONE', #1157, #690 ) ;
#1939 = VERTEX_POINT ( 'NONE', #1689 ) ;
#1940 = FACE_OUTER_BOUND ( 'NONE', #880, .T. ) ;
#1941 = ORIENTED_EDGE ( 'NONE', *, *, #1624, .F. ) ;
#1942 = LINE ( 'NONE', #672, #1010 ) ;
#1943 = CARTESIAN_POINT ( 'NONE',  ( -204.2172758322269033, 90.46135583687762960, 93.63381329295297917 ) ) ;
#1944 = EDGE_LOOP ( 'NONE', ( #1506, #1470, #1598, #1692 ) ) ;
#1945 = CARTESIAN_POINT ( 'NONE',  ( -211.8014365775958368, 80.44707277952254287, 13.70000000000000462 ) ) ;
#1946 = B_SPLINE_CURVE_WITH_KNOTS ( 'NONE', 3,
 ( #1865, #152, #1874, #768 ),
 .UNSPECIFIED., .F., .F.,
 ( 4, 4 ),
 ( 0.000000000000000000, 0.0009968834376756659493 ),
 .UNSPECIFIED. ) ;
#1947 = ORIENTED_EDGE ( 'NONE', *, *, #1586, .F. ) ;
#1948 = EDGE_CURVE ( 'NONE', #1122, #1387, #593, .T. ) ;
#1949 = LINE ( 'NONE', #258, #31 ) ;
#1950 = LINE ( 'NONE', #551, #1510 ) ;
#1951 = LINE ( 'NONE', #552, #1267 ) ;
#1952 = VECTOR ( 'NONE', #991, 1000.000000000000000 ) ;
#1953 = DIRECTION ( 'NONE',  ( 1.000000000000000000, 0.000000000000000000, 0.000000000000000000 ) ) ;
#1954 = VECTOR ( 'NONE', #1094, 1000.000000000000114 ) ;
#1955 = ORIENTED_EDGE ( 'NONE', *, *, #565, .T. ) ;
#1956 = DIRECTION ( 'NONE',  ( -0.000000000000000000, -0.000000000000000000, 1.000000000000000000 ) ) ;
#1957 = ORIENTED_EDGE ( 'NONE', *, *, #2009, .F. ) ;
#1958 = EDGE_CURVE ( 'NONE', #225, #145, #625, .T. ) ;
#1959 = APPLICATION_CONTEXT ( 'automotive_design' ) ;
#1960 = DIRECTION ( 'NONE',  ( 1.000000000000000000, 0.000000000000000000, 0.000000000000000000 ) ) ;
#1961 = AXIS2_PLACEMENT_3D ( 'NONE', #1199, #405, #1025 ) ;
#1962 = VERTEX_POINT ( 'NONE', #1709 ) ;
#1963 = ADVANCED_FACE ( 'NONE', ( #460 ), #1547, .T. ) ;
#1964 = CARTESIAN_POINT ( 'NONE',  ( -237.8958429927007501, 60.18457277952254003, 93.63381329295297917 ) ) ;
#1965 = EDGE_CURVE ( 'NONE', #637, #225, #1739, .T. ) ;
#1966 = DIRECTION ( 'NONE',  ( 0.000000000000000000, 0.000000000000000000, -1.000000000000000000 ) ) ;
#1967 = VERTEX_POINT ( 'NONE', #1362 ) ;
#1968 = FACE_OUTER_BOUND ( 'NONE', #978, .T. ) ;
#1969 = ORIENTED_EDGE ( 'NONE', *, *, #1586, .T. ) ;
#1970 = AXIS2_PLACEMENT_3D ( 'NONE', #553, #1346, #703 ) ;
#1971 = DIRECTION ( 'NONE',  ( -0.000000000000000000, -0.000000000000000000, 1.000000000000000000 ) ) ;
#1972 = ORIENTED_EDGE ( 'NONE', *, *, #820, .T. ) ;
#1973 = DIRECTION ( 'NONE',  ( 0.000000000000000000, 0.000000000000000000, -1.000000000000000000 ) ) ;
#1974 = CARTESIAN_POINT ( 'NONE',  ( -204.8014365775958368, 80.44707277952254287, -6.999999999999995559 ) ) ;
#1975 = EDGE_CURVE ( 'NONE', #1804, #737, #1032, .T. ) ;
#1976 = VERTEX_POINT ( 'NONE', #2008 ) ;
#1977 = CARTESIAN_POINT ( 'NONE',  ( -212.1725103974271747, 83.45237487231858609, -1.000000000000000000 ) ) ;
#1978 = ORIENTED_EDGE ( 'NONE', *, *, #1499, .T. ) ;
#1979 = VECTOR ( 'NONE', #1105, 1000.000000000000000 ) ;
#1980 = CARTESIAN_POINT ( 'NONE',  ( -211.8014365775958368, 80.44707277952254287, -6.999999999999999112 ) ) ;
#1981 = ORIENTED_EDGE ( 'NONE', *, *, #595, .F. ) ;
#1982 = CARTESIAN_POINT ( 'NONE',  ( -247.4051104425235224, 67.36526020286969185, 93.63381329295297917 ) ) ;
#1983 = DIRECTION ( 'NONE',  ( -0.5735764363510459374, 0.8191520442889920206, 0.000000000000000000 ) ) ;
#1984 = EDGE_LOOP ( 'NONE', ( #1541, #501, #1595, #1226 ) ) ;
#1985 = CARTESIAN_POINT ( 'NONE',  ( -204.4385299525530968, 89.49252976358052081, 18.19999999999999574 ) ) ;
#1986 = EDGE_CURVE ( 'NONE', #167, #1804, #1992, .T. ) ;
#1987 = VECTOR ( 'NONE', #1514, 1000.000000000000000 ) ;
#1988 = ORIENTED_EDGE ( 'NONE', *, *, #1419, .F. ) ;
#1989 = VECTOR ( 'NONE', #1606, 1000.000000000000227 ) ;
#1990 = AXIS2_PLACEMENT_3D ( 'NONE', #148, #1379, #1850 ) ;
#1991 = EDGE_CURVE ( 'NONE', #563, #1293, #283, .T. ) ;
#1992 = LINE ( 'NONE', #585, #1632 ) ;
#1993 = DIRECTION ( 'NONE',  ( 0.000000000000000000, 0.000000000000000000, -1.000000000000000000 ) ) ;
#1994 = CYLINDRICAL_SURFACE ( 'NONE', #850, 10.00000000000000888 ) ;
#1995 = AXIS2_PLACEMENT_3D ( 'NONE', #57, #204, #1935 ) ;
#1996 = EDGE_LOOP ( 'NONE', ( #1567, #507, #652, #1575, #1418 ) ) ;
#1997 = DIRECTION ( 'NONE',  ( -0.000000000000000000, -0.000000000000000000, 1.000000000000000000 ) ) ;
#1998 = VERTEX_POINT ( 'NONE', #1698 ) ;
#1999 = CIRCLE ( 'NONE', #1372, 10.00000000000000888 ) ;
#2000 = VECTOR ( 'NONE', #1542, 1000.000000000000000 ) ;
#2001 = PRODUCT_RELATED_PRODUCT_CATEGORY ( 'part', '', ( #825 ) ) ;
#2002 = CARTESIAN_POINT ( 'NONE',  ( -239.6591127997854187, 70.18457277952254003, -1.000000000000000888 ) ) ;
#2003 = DIRECTION ( 'NONE',  ( -1.000000000000000000, 0.000000000000000000, 0.000000000000000000 ) ) ;
#2004 = CARTESIAN_POINT ( 'NONE',  ( -253.0560977616896423, 66.76218641072877347, -5.240590911662855511 ) ) ;
#2005 = ORIENTED_EDGE ( 'NONE', *, *, #539, .F. ) ;
#2006 = FACE_OUTER_BOUND ( 'NONE', #1489, .T. ) ;
#2007 = ORIENTED_EDGE ( 'NONE', *, *, #26, .T. ) ;
#2008 = CARTESIAN_POINT ( 'NONE',  ( -241.3160444259574433, 69.58149898738162165, -1.000000000000000888 ) ) ;
#2009 = EDGE_CURVE ( 'NONE', #248, #1998, #8, .T. ) ;
#2010 = CYLINDRICAL_SURFACE ( 'NONE', #1359, 6.000000000000000000 ) ;
#2011 = CARTESIAN_POINT ( 'NONE',  ( -249.0620420686955754, 66.76218641072877347, -1.000000000000000888 ) ) ;
#2012 = EDGE_CURVE ( 'NONE', #1150, #1939, #1738, .T. ) ;
#2013 = ORIENTED_EDGE ( 'NONE', *, *, #408, .T. ) ;
#2014 = DIRECTION ( 'NONE',  ( 0.8191520442889911324, 0.5735764363510471586, 0.000000000000000000 ) ) ;
#2015 = ORIENTED_EDGE ( 'NONE', *, *, #94, .F. ) ;
#2016 = CARTESIAN_POINT ( 'NONE',  ( -201.4815098354917211, 97.97781113781914542, 12.19999999999997442 ) ) ;
#2017 = AXIS2_PLACEMENT_3D ( 'NONE', #216, #1471, #529 ) ;
#2018 = VECTOR ( 'NONE', #751, 1000.000000000000000 ) ;
#2019 = AXIS2_PLACEMENT_3D ( 'NONE', #95, #1488, #1960 ) ;
#2020 = CARTESIAN_POINT ( 'NONE',  ( -252.3597987751746246, 66.76218641072877347, 13.70000000000000107 ) ) ;
#2021 = CARTESIAN_POINT ( 'NONE',  ( -210.0587380753002833, 95.30903819080330663, 13.70000000000000107 ) ) ;
#2022 = PLANE ( 'NONE',  #1043 ) ;
#2023 = EDGE_CURVE ( 'NONE', #1879, #1398, #428, .T. ) ;
ENDSEC;
END-ISO-10303-21;
