ISO-10303-21;
HEADER;
FILE_DESCRIPTION (( 'STEP AP214' ),
    '1' );
FILE_NAME ('Clutch Plate.STEP',
    '2026-05-07T02:47:38',
    ( '' ),
    ( '' ),
    'SwSTEP 2.0',
    'SolidWorks 2024',
    '' );
FILE_SCHEMA (( 'AUTOMOTIVE_DESIGN' ));
ENDSEC;

DATA;
#1 = ORIENTED_EDGE ( 'NONE', *, *, #2796, .T. ) ;
#2 = VECTOR ( 'NONE', #4851, 1000.000000000000000 ) ;
#3 = EDGE_CURVE ( 'NONE', #5632, #747, #5624, .T. ) ;
#4 = CARTESIAN_POINT ( 'NONE',  ( 18.71049721830912205, -18.05304843749999932, -2.469899717251453186 ) ) ;
#5 = ORIENTED_EDGE ( 'NONE', *, *, #1860, .F. ) ;
#6 = CYLINDRICAL_SURFACE ( 'NONE', #4264, 0.5000000000000004441 ) ;
#7 = ADVANCED_FACE ( 'NONE', ( #6875 ), #3605, .F. ) ;
#8 = CARTESIAN_POINT ( 'NONE',  ( 18.71049721830912205, 19.12993349739970128, 5.936880021110813921 ) ) ;
#9 = AXIS2_PLACEMENT_3D ( 'NONE', #2045, #500, #1521 ) ;
#10 = DIRECTION ( 'NONE',  ( 0.000000000000000000, 0.000000000000000000, 1.000000000000000000 ) ) ;
#11 = ORIENTED_EDGE ( 'NONE', *, *, #2731, .T. ) ;
#12 = ORIENTED_EDGE ( 'NONE', *, *, #2668, .T. ) ;
#13 = CARTESIAN_POINT ( 'NONE',  ( 25.36049721830912418, 0.2227368943023911030, -16.82352558995636471 ) ) ;
#14 = EDGE_CURVE ( 'NONE', #2809, #1864, #2920, .T. ) ;
#15 = CARTESIAN_POINT ( 'NONE',  ( 16.01049721830911921, -1.803901592770677187, -29.44989890652357190 ) ) ;
#16 = DIRECTION ( 'NONE',  ( 1.000000000000000000, -0.000000000000000000, -0.000000000000000000 ) ) ;
#17 = AXIS2_PLACEMENT_3D ( 'NONE', #6181, #331, #1348 ) ;
#18 = AXIS2_PLACEMENT_3D ( 'NONE', #5619, #2935, #5093 ) ;
#19 = VERTEX_POINT ( 'NONE', #489 ) ;
#20 = ORIENTED_EDGE ( 'NONE', *, *, #5099, .F. ) ;
#21 = DIRECTION ( 'NONE',  ( 1.000000000000000000, -0.000000000000000000, -0.000000000000000000 ) ) ;
#22 = ADVANCED_FACE ( 'NONE', ( #912 ), #3060, .T. ) ;
#23 = VECTOR ( 'NONE', #66, 1000.000000000000000 ) ;
#24 = DIRECTION ( 'NONE',  ( 0.000000000000000000, 0.000000000000000000, 1.000000000000000000 ) ) ;
#25 = CARTESIAN_POINT ( 'NONE',  ( 19.91049721830912134, 31.10847290275963672, 5.551485000408850290 ) ) ;
#26 = CARTESIAN_POINT ( 'NONE',  ( 16.01049721830911921, 31.59987055267417233, -0.06521583956830895312 ) ) ;
#27 = CARTESIAN_POINT ( 'NONE',  ( 16.01049721830911921, 5.213587008474218187, 31.82579159274862590 ) ) ;
#28 = AXIS2_PLACEMENT_3D ( 'NONE', #5383, #2833, #2303 ) ;
#29 = EDGE_LOOP ( 'NONE', ( #746, #2586, #4379, #6340 ) ) ;
#30 = CARTESIAN_POINT ( 'NONE',  ( 19.91049721830912134, 30.75988013140189992, -9.689802593540619569 ) ) ;
#31 = CYLINDRICAL_SURFACE ( 'NONE', #4655, 0.5000000000000004441 ) ;
#32 = FACE_OUTER_BOUND ( 'NONE', #178, .T. ) ;
#33 = AXIS2_PLACEMENT_3D ( 'NONE', #6162, #1330, #806 ) ;
#34 = ORIENTED_EDGE ( 'NONE', *, *, #4262, .T. ) ;
#35 = EDGE_CURVE ( 'NONE', #490, #5799, #1341, .T. ) ;
#36 = AXIS2_PLACEMENT_3D ( 'NONE', #1376, #4168, #6312 ) ;
#37 = AXIS2_PLACEMENT_3D ( 'NONE', #6094, #1189, #1266 ) ;
#38 = CARTESIAN_POINT ( 'NONE',  ( 25.50868112545531119, 9.922176177770067440, -30.00177481331374807 ) ) ;
#39 = ORIENTED_EDGE ( 'NONE', *, *, #5539, .F. ) ;
#40 = LINE ( 'NONE', #6038, #1997 ) ;
#41 = CARTESIAN_POINT ( 'NONE',  ( 25.36049721830912418, 9.708422300576449615, -13.74143956918888065 ) ) ;
#42 = DIRECTION ( 'NONE',  ( -1.000000000000000000, -0.000000000000000000, -0.000000000000000000 ) ) ;
#43 = DIRECTION ( 'NONE',  ( 0.000000000000000000, 0.000000000000000000, -1.000000000000000000 ) ) ;
#44 = EDGE_CURVE ( 'NONE', #4618, #6318, #417, .T. ) ;
#45 = AXIS2_PLACEMENT_3D ( 'NONE', #5278, #6366, #1527 ) ;
#46 = VERTEX_POINT ( 'NONE', #636 ) ;
#47 = ORIENTED_EDGE ( 'NONE', *, *, #1228, .T. ) ;
#48 = DIRECTION ( 'NONE',  ( 0.000000000000000000, 0.9063077870366494926, 0.4226182617407003295 ) ) ;
#49 = VERTEX_POINT ( 'NONE', #5543 ) ;
#50 = CIRCLE ( 'NONE', #6815, 32.25000000000000000 ) ;
#51 = LINE ( 'NONE', #1047, #193 ) ;
#52 = VECTOR ( 'NONE', #5529, 1000.000000000000000 ) ;
#53 = DIRECTION ( 'NONE',  ( 0.000000000000000000, 0.7505306301456857732, 0.6608356627885026979 ) ) ;
#54 = DIRECTION ( 'NONE',  ( 0.000000000000000000, 0.000000000000000000, 1.000000000000000000 ) ) ;
#55 = VERTEX_POINT ( 'NONE', #6566 ) ;
#56 = ORIENTED_EDGE ( 'NONE', *, *, #1519, .F. ) ;
#57 = ADVANCED_FACE ( 'NONE', ( #1657 ), #1238, .F. ) ;
#58 = LINE ( 'NONE', #2204, #5929 ) ;
#59 = DIRECTION ( 'NONE',  ( 0.000000000000000000, -1.734723475976805517E-14, 1.000000000000000000 ) ) ;
#60 = DIRECTION ( 'NONE',  ( -1.000000000000000000, 0.000000000000000000, 0.000000000000000000 ) ) ;
#61 = CARTESIAN_POINT ( 'NONE',  ( 19.91049721830912134, -9.922176177769852501, 30.00177481331382268 ) ) ;
#62 = PLANE ( 'NONE',  #4035 ) ;
#63 = EDGE_CURVE ( 'NONE', #4490, #6598, #5268, .T. ) ;
#64 = ORIENTED_EDGE ( 'NONE', *, *, #877, .F. ) ;
#65 = CARTESIAN_POINT ( 'NONE',  ( 89.00010752509841438, 0.000000000000000000, 0.000000000000000000 ) ) ;
#66 = DIRECTION ( 'NONE',  ( -1.000000000000000000, 0.000000000000000000, 0.000000000000000000 ) ) ;
#67 = DIRECTION ( 'NONE',  ( -1.000000000000000000, 0.000000000000000000, 0.000000000000000000 ) ) ;
#68 = VECTOR ( 'NONE', #5365, 1000.000000000000000 ) ;
#69 = EDGE_LOOP ( 'NONE', ( #3540, #4101, #5586, #1845 ) ) ;
#70 = ORIENTED_EDGE ( 'NONE', *, *, #4839, .F. ) ;
#71 = VECTOR ( 'NONE', #1885, 1000.000000000000000 ) ;
#72 = CARTESIAN_POINT ( 'NONE',  ( 16.01049721830911921, 25.02978704007842481, -20.03387469828559020 ) ) ;
#73 = ORIENTED_EDGE ( 'NONE', *, *, #4269, .F. ) ;
#74 = DIRECTION ( 'NONE',  ( -1.000000000000000000, 0.000000000000000000, 0.000000000000000000 ) ) ;
#75 = CARTESIAN_POINT ( 'NONE',  ( 19.91049721830912134, -30.63314883252257559, -8.347016988392956804 ) ) ;
#76 = LINE ( 'NONE', #6533, #1591 ) ;
#77 = CARTESIAN_POINT ( 'NONE',  ( 25.36049721830912418, -10.06881816610630587, -13.47959664596413987 ) ) ;
#78 = ADVANCED_FACE ( 'NONE', ( #1201 ), #1725, .T. ) ;
#79 = AXIS2_PLACEMENT_3D ( 'NONE', #6542, #4502, #3904 ) ;
#80 = EDGE_LOOP ( 'NONE', ( #1680, #1961 ) ) ;
#81 = DIRECTION ( 'NONE',  ( 0.000000000000000000, 0.000000000000000000, 1.000000000000000000 ) ) ;
#82 = ORIENTED_EDGE ( 'NONE', *, *, #6174, .T. ) ;
#83 = ADVANCED_FACE ( 'NONE', ( #6528 ), #1757, .T. ) ;
#84 = DIRECTION ( 'NONE',  ( -1.000000000000000000, 0.000000000000000000, 0.000000000000000000 ) ) ;
#85 = VECTOR ( 'NONE', #3895, 1000.000000000000000 ) ;
#86 = VECTOR ( 'NONE', #5676, 1000.000000000000000 ) ;
#87 = CARTESIAN_POINT ( 'NONE',  ( 19.91049721830912134, 32.24382171527122409, -0.6312378266579862229 ) ) ;
#88 = DIRECTION ( 'NONE',  ( -1.000000000000000000, 0.000000000000000000, 0.000000000000000000 ) ) ;
#89 = ADVANCED_FACE ( 'NONE', ( #4452 ), #3893, .T. ) ;
#90 = ORIENTED_EDGE ( 'NONE', *, *, #2337, .F. ) ;
#91 = ORIENTED_EDGE ( 'NONE', *, *, #3164, .T. ) ;
#92 = CIRCLE ( 'NONE', #4042, 20.02999999999999758 ) ;
#93 = ADVANCED_FACE ( 'NONE', ( #2827 ), #3400, .F. ) ;
#94 = CARTESIAN_POINT ( 'NONE',  ( 16.01049721830911921, 0.000000000000000000, 0.000000000000000000 ) ) ;
#95 = CARTESIAN_POINT ( 'NONE',  ( 19.91049721830912134, 1.628307222841127277, -31.70821842343153563 ) ) ;
#96 = CARTESIAN_POINT ( 'NONE',  ( 16.01049721830911921, -23.31991615829123532, -21.72808470685696491 ) ) ;
#97 = DIRECTION ( 'NONE',  ( 1.000000000000000000, -0.000000000000000000, -0.000000000000000000 ) ) ;
#98 = DIRECTION ( 'NONE',  ( -1.000000000000000000, 0.000000000000000000, 0.000000000000000000 ) ) ;
#99 = ORIENTED_EDGE ( 'NONE', *, *, #485, .F. ) ;
#100 = AXIS2_PLACEMENT_3D ( 'NONE', #1610, #3231, #3097 ) ;
#101 = CARTESIAN_POINT ( 'NONE',  ( 25.43063748263523749, 32.37632768798173544, 2.832561639298896594 ) ) ;
#102 = DIRECTION ( 'NONE',  ( 0.000000000000000000, 0.000000000000000000, 1.000000000000000000 ) ) ;
#103 = EDGE_CURVE ( 'NONE', #3450, #1886, #568, .T. ) ;
#104 = CARTESIAN_POINT ( 'NONE',  ( 19.91049721830912134, 27.04066462635386969, 16.63925949569435048 ) ) ;
#105 = VECTOR ( 'NONE', #3212, 1000.000000000000000 ) ;
#106 = VERTEX_POINT ( 'NONE', #5930 ) ;
#107 = VECTOR ( 'NONE', #6759, 1000.000000000000000 ) ;
#108 = ORIENTED_EDGE ( 'NONE', *, *, #6917, .F. ) ;
#109 = CIRCLE ( 'NONE', #4063, 3.000000000000002665 ) ;
#110 = CYLINDRICAL_SURFACE ( 'NONE', #5594, 0.5000000000000004441 ) ;
#111 = VERTEX_POINT ( 'NONE', #179 ) ;
#112 = CARTESIAN_POINT ( 'NONE',  ( 16.01049721830911921, -13.75219179141508441, -29.11712286258238080 ) ) ;
#113 = CARTESIAN_POINT ( 'NONE',  ( 18.71049721830912205, 0.000000000000000000, 0.000000000000000000 ) ) ;
#114 = DIRECTION ( 'NONE',  ( 0.000000000000000000, 0.4369445123693552757, -0.8994884619106051638 ) ) ;
#115 = FACE_OUTER_BOUND ( 'NONE', #5650, .T. ) ;
#116 = ORIENTED_EDGE ( 'NONE', *, *, #139, .F. ) ;
#117 = ORIENTED_EDGE ( 'NONE', *, *, #3610, .F. ) ;
#118 = EDGE_CURVE ( 'NONE', #49, #5176, #4489, .T. ) ;
#119 = CARTESIAN_POINT ( 'NONE',  ( 19.91049721830912134, -13.18638305077244333, -28.71716166493123623 ) ) ;
#120 = VERTEX_POINT ( 'NONE', #4948 ) ;
#121 = CIRCLE ( 'NONE', #2049, 0.5000000000000004441 ) ;
#122 = LINE ( 'NONE', #5975, #1440 ) ;
#123 = VECTOR ( 'NONE', #3762, 1000.000000000000000 ) ;
#124 = FACE_OUTER_BOUND ( 'NONE', #6027, .T. ) ;
#125 = CYLINDRICAL_SURFACE ( 'NONE', #5071, 3.204999999999999627 ) ;
#126 = DIRECTION ( 'NONE',  ( 0.000000000000000000, -0.7505306301456906581, -0.6608356627884971468 ) ) ;
#127 = ORIENTED_EDGE ( 'NONE', *, *, #914, .T. ) ;
#128 = ORIENTED_EDGE ( 'NONE', *, *, #1337, .T. ) ;
#129 = ADVANCED_FACE ( 'NONE', ( #4419 ), #110, .T. ) ;
#130 = ORIENTED_EDGE ( 'NONE', *, *, #6413, .F. ) ;
#131 = DIRECTION ( 'NONE',  ( 0.000000000000000000, 0.000000000000000000, -1.000000000000000000 ) ) ;
#132 = FACE_OUTER_BOUND ( 'NONE', #5178, .T. ) ;
#133 = VECTOR ( 'NONE', #4245, 1000.000000000000114 ) ;
#134 = CARTESIAN_POINT ( 'NONE',  ( 18.71049721830912205, 9.708422300576446062, 16.94643956918888250 ) ) ;
#135 = CIRCLE ( 'NONE', #1815, 0.5000000000000004441 ) ;
#136 = DIRECTION ( 'NONE',  ( 0.000000000000000000, 0.000000000000000000, 1.000000000000000000 ) ) ;
#137 = CARTESIAN_POINT ( 'NONE',  ( 16.01049721830911921, 0.000000000000000000, 0.000000000000000000 ) ) ;
#138 = EDGE_CURVE ( 'NONE', #2353, #6307, #5710, .T. ) ;
#139 = EDGE_CURVE ( 'NONE', #4658, #6697, #146, .T. ) ;
#140 = CYLINDRICAL_SURFACE ( 'NONE', #6199, 10.00000000000000000 ) ;
#141 = CARTESIAN_POINT ( 'NONE',  ( 16.01049721830911921, 17.97273505347123645, -25.99109206534463823 ) ) ;
#142 = DIRECTION ( 'NONE',  ( 0.000000000000000000, 0.000000000000000000, -1.000000000000000000 ) ) ;
#143 = ORIENTED_EDGE ( 'NONE', *, *, #5366, .F. ) ;
#144 = CIRCLE ( 'NONE', #28, 0.5000000000000004441 ) ;
#145 = ADVANCED_FACE ( 'NONE', ( #3790 ), #4881, .F. ) ;
#146 = LINE ( 'NONE', #602, #2205 ) ;
#147 = ORIENTED_EDGE ( 'NONE', *, *, #2369, .T. ) ;
#148 = CARTESIAN_POINT ( 'NONE',  ( 16.01049721830911921, 10.49558678852170068, -29.96506562590191436 ) ) ;
#149 = CARTESIAN_POINT ( 'NONE',  ( 25.60010050217467636, -23.16875334171621503, -21.48871658899639314 ) ) ;
#150 = CARTESIAN_POINT ( 'NONE',  ( 16.01049721830911921, -13.06773822222154458, 28.77134494261581921 ) ) ;
#151 = DIRECTION ( 'NONE',  ( 0.000000000000000000, 0.1658300052543688619, -0.9861543537181873820 ) ) ;
#152 = ORIENTED_EDGE ( 'NONE', *, *, #6781, .T. ) ;
#153 = AXIS2_PLACEMENT_3D ( 'NONE', #1666, #1247, #3974 ) ;
#154 = ADVANCED_FACE ( 'NONE', ( #5440 ), #5785, .T. ) ;
#155 = PRODUCT_DEFINITION_SHAPE ( 'NONE', 'NONE',  #5990 ) ;
#156 = DIRECTION ( 'NONE',  ( -1.000000000000000000, 0.000000000000000000, -0.000000000000000000 ) ) ;
#157 = EDGE_LOOP ( 'NONE', ( #2071, #932, #2398, #4501 ) ) ;
#158 = DIRECTION ( 'NONE',  ( -1.000000000000000000, 0.000000000000000000, 0.000000000000000000 ) ) ;
#159 = AXIS2_PLACEMENT_3D ( 'NONE', #5822, #988, #3141 ) ;
#160 = DIRECTION ( 'NONE',  ( -1.000000000000000000, 0.000000000000000000, 0.000000000000000000 ) ) ;
#161 = PLANE ( 'NONE',  #1676 ) ;
#162 = DIRECTION ( 'NONE',  ( 0.000000000000000000, 0.000000000000000000, 1.000000000000000000 ) ) ;
#163 = ORIENTED_EDGE ( 'NONE', *, *, #6381, .F. ) ;
#164 = EDGE_LOOP ( 'NONE', ( #2334, #3766, #2971, #6308 ) ) ;
#165 = ORIENTED_EDGE ( 'NONE', *, *, #103, .T. ) ;
#166 = CIRCLE ( 'NONE', #4118, 3.205000000000001403 ) ;
#167 = CARTESIAN_POINT ( 'NONE',  ( 18.71049721830912205, 6.180339887498949913, -19.02113032590307284 ) ) ;
#168 = DIRECTION ( 'NONE',  ( 1.000000000000000000, -0.000000000000000000, -0.000000000000000000 ) ) ;
#169 = DIRECTION ( 'NONE',  ( 0.000000000000000000, 0.000000000000000000, -1.000000000000000000 ) ) ;
#170 = CARTESIAN_POINT ( 'NONE',  ( 25.41204637760865026, -1.803901592770677187, -29.44989890652357190 ) ) ;
#171 = CARTESIAN_POINT ( 'NONE',  ( 16.01049721830911921, -23.25774328115177170, -22.34143857203559236 ) ) ;
#172 = EDGE_CURVE ( 'NONE', #513, #4049, #6954, .T. ) ;
#173 = DIRECTION ( 'NONE',  ( 1.000000000000000000, -0.000000000000000000, -0.000000000000000000 ) ) ;
#174 = EDGE_CURVE ( 'NONE', #1568, #5407, #1514, .T. ) ;
#175 = CYLINDRICAL_SURFACE ( 'NONE', #5435, 3.144999999999999130 ) ;
#176 = PLANE ( 'NONE',  #1262 ) ;
#177 = ADVANCED_FACE ( 'NONE', ( #4057 ), #4630, .T. ) ;
#178 = EDGE_LOOP ( 'NONE', ( #717, #3804, #1525, #228 ) ) ;
#179 = CARTESIAN_POINT ( 'NONE',  ( 16.01049721830911921, -9.922176177769852501, 30.00177481331382268 ) ) ;
#180 = VERTEX_POINT ( 'NONE', #1371 ) ;
#181 = CARTESIAN_POINT ( 'NONE',  ( 16.01049721830911921, -25.42395691472518848, 19.84149477227452252 ) ) ;
#182 = AXIS2_PLACEMENT_3D ( 'NONE', #460, #4698, #881 ) ;
#183 = DIRECTION ( 'NONE',  ( -1.000000000000000000, 0.000000000000000000, 0.000000000000000000 ) ) ;
#184 = DIRECTION ( 'NONE',  ( 1.000000000000000000, -0.000000000000000000, -0.000000000000000000 ) ) ;
#185 = CARTESIAN_POINT ( 'NONE',  ( 25.36049721830912418, 10.06881816610630942, -13.47959664596413809 ) ) ;
#186 = ORIENTED_EDGE ( 'NONE', *, *, #3304, .T. ) ;
#187 = ORIENTED_EDGE ( 'NONE', *, *, #1572, .T. ) ;
#188 = CIRCLE ( 'NONE', #4927, 3.204999999999997851 ) ;
#189 = CYLINDRICAL_SURFACE ( 'NONE', #153, 32.25000000000000000 ) ;
#190 = ORIENTED_EDGE ( 'NONE', *, *, #4410, .F. ) ;
#191 = FACE_OUTER_BOUND ( 'NONE', #1449, .T. ) ;
#192 = DIRECTION ( 'NONE',  ( 0.000000000000000000, 0.7557495743542597122, 0.6548607339452832132 ) ) ;
#193 = VECTOR ( 'NONE', #6905, 1000.000000000000000 ) ;
#194 = DIRECTION ( 'NONE',  ( 0.000000000000000000, 0.000000000000000000, 1.000000000000000000 ) ) ;
#195 = EDGE_CURVE ( 'NONE', #2093, #6105, #355, .T. ) ;
#196 = PLANE ( 'NONE',  #4495 ) ;
#197 = ORIENTED_EDGE ( 'NONE', *, *, #2262, .T. ) ;
#198 = ORIENTED_EDGE ( 'NONE', *, *, #4595, .T. ) ;
#199 = CIRCLE ( 'NONE', #2111, 3.145000000000000018 ) ;
#200 = ORIENTED_EDGE ( 'NONE', *, *, #3017, .T. ) ;
#201 = CIRCLE ( 'NONE', #4266, 3.204999999999998739 ) ;
#202 = DIRECTION ( 'NONE',  ( 1.000000000000000000, -0.000000000000000000, -0.000000000000000000 ) ) ;
#203 = CARTESIAN_POINT ( 'NONE',  ( 16.01049721830911921, 16.02620128337631655, -28.27385492685261781 ) ) ;
#204 = DIRECTION ( 'NONE',  ( -1.000000000000000000, -0.000000000000000000, -0.000000000000000000 ) ) ;
#205 = DIRECTION ( 'NONE',  ( 0.000000000000000000, -0.7557495743542647082, -0.6548607339452777731 ) ) ;
#206 = DIRECTION ( 'NONE',  ( -1.000000000000000000, 0.000000000000000000, 0.000000000000000000 ) ) ;
#207 = VECTOR ( 'NONE', #689, 1000.000000000000114 ) ;
#208 = EDGE_LOOP ( 'NONE', ( #4154, #5390, #47, #3657, #2281, #3668, #4621, #4354, #5505, #4849, #5535, #2051, #332, #4364, #2524, #3526, #6645, #5214, #4673, #3803, #1010, #1386, #3284, #2808, #3630, #388, #619, #4732, #1128, #5285, #4191, #5526, #1316, #5980, #598, #4524, #1743, #4040, #5062, #5112, #889, #5362, #1501, #91, #3703 ) ) ;
#209 = ADVANCED_FACE ( 'NONE', ( #5712 ), #423, .T. ) ;
#210 = AXIS2_PLACEMENT_3D ( 'NONE', #3834, #581, #54 ) ;
#211 = FACE_OUTER_BOUND ( 'NONE', #5877, .T. ) ;
#212 = LINE ( 'NONE', #6632, #5221 ) ;
#213 = DIRECTION ( 'NONE',  ( 1.000000000000000000, -0.000000000000000000, -0.000000000000000000 ) ) ;
#214 = EDGE_LOOP ( 'NONE', ( #3585, #5788, #4420, #5043 ) ) ;
#215 = EDGE_CURVE ( 'NONE', #379, #4436, #866, .T. ) ;
#216 = ORIENTED_EDGE ( 'NONE', *, *, #1930, .F. ) ;
#217 = DIRECTION ( 'NONE',  ( -1.000000000000000000, 0.000000000000000000, 0.000000000000000000 ) ) ;
#218 = CARTESIAN_POINT ( 'NONE',  ( 16.01049721830911921, 1.628307222841127277, -31.70821842343153563 ) ) ;
#219 = CARTESIAN_POINT ( 'NONE',  ( 25.49807105772856630, -31.86288376110956477, 6.403642590434060367 ) ) ;
#220 = FACE_OUTER_BOUND ( 'NONE', #1112, .T. ) ;
#221 = AXIS2_PLACEMENT_3D ( 'NONE', #3413, #3344, #5556 ) ;
#222 = EDGE_LOOP ( 'NONE', ( #692, #6718, #4549, #3911 ) ) ;
#223 = VERTEX_POINT ( 'NONE', #390 ) ;
#224 = EDGE_CURVE ( 'NONE', #3398, #2880, #304, .T. ) ;
#225 = AXIS2_PLACEMENT_3D ( 'NONE', #461, #2766, #2075 ) ;
#226 = EDGE_CURVE ( 'NONE', #3629, #603, #6611, .T. ) ;
#227 = CARTESIAN_POINT ( 'NONE',  ( 19.91049721830912134, 18.18815403723851176, -26.17478189738681849 ) ) ;
#228 = ORIENTED_EDGE ( 'NONE', *, *, #6473, .T. ) ;
#229 = DIRECTION ( 'NONE',  ( 1.000000000000000000, -0.000000000000000000, -0.000000000000000000 ) ) ;
#230 = CARTESIAN_POINT ( 'NONE',  ( 16.01049721830911921, 0.000000000000000000, 0.000000000000000000 ) ) ;
#231 = VECTOR ( 'NONE', #2804, 1000.000000000000000 ) ;
#232 = CARTESIAN_POINT ( 'NONE',  ( 16.01049721830911921, -4.561682503515669396, -31.26894825203774175 ) ) ;
#233 = VERTEX_POINT ( 'NONE', #3535 ) ;
#234 = EDGE_LOOP ( 'NONE', ( #549, #2872, #4047, #3867 ) ) ;
#235 = AXIS2_PLACEMENT_3D ( 'NONE', #3779, #5920, #1087 ) ;
#236 = ORIENTED_EDGE ( 'NONE', *, *, #1556, .F. ) ;
#237 = EDGE_CURVE ( 'NONE', #4553, #874, #4596, .T. ) ;
#238 = CARTESIAN_POINT ( 'NONE',  ( 16.01049721830911921, 31.11556062516079280, 8.478466074824110521 ) ) ;
#239 = EDGE_LOOP ( 'NONE', ( #5069, #5244, #6007, #4071 ) ) ;
#240 = FACE_OUTER_BOUND ( 'NONE', #3478, .T. ) ;
#241 = CARTESIAN_POINT ( 'NONE',  ( 19.91049721830912134, -7.411362084825122487, 31.64366780333179818 ) ) ;
#242 = CARTESIAN_POINT ( 'NONE',  ( 25.36049721830912418, 0.2227368943023859127, 16.82352558995636116 ) ) ;
#243 = DIRECTION ( 'NONE',  ( 0.000000000000000000, -0.8281492787113754472, -0.5605076022408872483 ) ) ;
#244 = CIRCLE ( 'NONE', #3059, 3.145000000000001794 ) ;
#245 = EDGE_LOOP ( 'NONE', ( #5061, #1835, #5024, #3741 ) ) ;
#246 = ORIENTED_EDGE ( 'NONE', *, *, #2655, .T. ) ;
#247 = ADVANCED_FACE ( 'NONE', ( #2536 ), #5226, .F. ) ;
#248 = VECTOR ( 'NONE', #6103, 1000.000000000000000 ) ;
#249 = CARTESIAN_POINT ( 'NONE',  ( 16.01049721830911921, -9.922176177769852501, 30.00177481331382268 ) ) ;
#250 = CARTESIAN_POINT ( 'NONE',  ( 16.01049721830911921, 23.25774328115193867, 22.34143857203541117 ) ) ;
#251 = CARTESIAN_POINT ( 'NONE',  ( 16.01049721830911921, -28.76809848777842049, 15.12106178141870494 ) ) ;
#252 = CIRCLE ( 'NONE', #4534, 0.5000000000000004441 ) ;
#253 = VECTOR ( 'NONE', #435, 1000.000000000000000 ) ;
#254 = ORIENTED_EDGE ( 'NONE', *, *, #361, .T. ) ;
#255 = LINE ( 'NONE', #1937, #5612 ) ;
#256 = CARTESIAN_POINT ( 'NONE',  ( 16.01049721830911921, 31.36505133114902932, 5.671129486484199234 ) ) ;
#257 = AXIS2_PLACEMENT_3D ( 'NONE', #3785, #502, #5924 ) ;
#258 = DIRECTION ( 'NONE',  ( -1.000000000000000000, 0.000000000000000000, 0.000000000000000000 ) ) ;
#259 = EDGE_CURVE ( 'NONE', #5671, #2153, #6839, .T. ) ;
#260 = VERTEX_POINT ( 'NONE', #1477 ) ;
#261 = VERTEX_POINT ( 'NONE', #5679 ) ;
#262 = PRODUCT_RELATED_PRODUCT_CATEGORY ( 'part', '', ( #720 ) ) ;
#263 = LINE ( 'NONE', #1455, #2748 ) ;
#264 = ORIENTED_EDGE ( 'NONE', *, *, #5099, .T. ) ;
#265 = FACE_OUTER_BOUND ( 'NONE', #1290, .T. ) ;
#266 = CARTESIAN_POINT ( 'NONE',  ( 16.01049721830911921, 0.000000000000000000, 0.000000000000000000 ) ) ;
#267 = EDGE_CURVE ( 'NONE', #4478, #1864, #5927, .T. ) ;
#268 = CARTESIAN_POINT ( 'NONE',  ( 25.57328953618976186, 13.11468518961689256, -29.05052817136596133 ) ) ;
#269 = AXIS2_PLACEMENT_3D ( 'NONE', #4554, #6735, #205 ) ;
#270 = EDGE_CURVE ( 'NONE', #3620, #1838, #319, .T. ) ;
#271 = ORIENTED_EDGE ( 'NONE', *, *, #6945, .T. ) ;
#272 = ORIENTED_EDGE ( 'NONE', *, *, #1358, .F. ) ;
#273 = ORIENTED_EDGE ( 'NONE', *, *, #4341, .F. ) ;
#274 = CARTESIAN_POINT ( 'NONE',  ( 25.41204637760865026, -4.561682503515669396, -31.26894825203774175 ) ) ;
#275 = AXIS2_PLACEMENT_3D ( 'NONE', #2849, #1643, #6551 ) ;
#276 = DIRECTION ( 'NONE',  ( -1.000000000000000000, 0.000000000000000000, 0.000000000000000000 ) ) ;
#277 = DIRECTION ( 'NONE',  ( 1.000000000000000000, -0.000000000000000000, 0.000000000000000000 ) ) ;
#278 = DIRECTION ( 'NONE',  ( -1.000000000000000000, 0.000000000000000000, -0.000000000000000000 ) ) ;
#279 = LINE ( 'NONE', #6238, #86 ) ;
#280 = ORIENTED_EDGE ( 'NONE', *, *, #2668, .F. ) ;
#281 = CIRCLE ( 'NONE', #5242, 32.25000000000000000 ) ;
#282 = ADVANCED_BREP_SHAPE_REPRESENTATION ( 'Clutch Plate', ( #2786, #888 ), #4942 ) ;
#283 = DIRECTION ( 'NONE',  ( 0.000000000000000000, -0.5472976633393243917, 0.8369380309815749319 ) ) ;
#284 = CARTESIAN_POINT ( 'NONE',  ( 19.91049721830912134, 17.97273505347123645, -25.99109206534463823 ) ) ;
#285 = AXIS2_PLACEMENT_3D ( 'NONE', #6200, #3421, #5113 ) ;
#286 = DIRECTION ( 'NONE',  ( 0.000000000000000000, 0.000000000000000000, 1.000000000000000000 ) ) ;
#287 = EDGE_CURVE ( 'NONE', #5176, #5165, #3645, .T. ) ;
#288 = VERTEX_POINT ( 'NONE', #4735 ) ;
#289 = EDGE_LOOP ( 'NONE', ( #1790, #3286, #3789, #5944 ) ) ;
#290 = CYLINDRICAL_SURFACE ( 'NONE', #683, 3.000000000000002665 ) ;
#291 = EDGE_LOOP ( 'NONE', ( #3408, #6536, #6725, #4214 ) ) ;
#292 = CARTESIAN_POINT ( 'NONE',  ( 16.01049721830911921, 31.87332702518261840, -0.1384882805420117602 ) ) ;
#293 = DIRECTION ( 'NONE',  ( 0.000000000000000000, 0.9898214418809332393, 0.1423148382732815354 ) ) ;
#294 = VECTOR ( 'NONE', #752, 1000.000000000000000 ) ;
#295 = VERTEX_POINT ( 'NONE', #2036 ) ;
#296 = ORIENTED_EDGE ( 'NONE', *, *, #1031, .F. ) ;
#297 = EDGE_LOOP ( 'NONE', ( #5637, #1166, #506, #6892 ) ) ;
#298 = CARTESIAN_POINT ( 'NONE',  ( 25.36049721830912418, 6.180339887498949913, -19.02113032590307284 ) ) ;
#299 = VERTEX_POINT ( 'NONE', #4201 ) ;
#300 = DIRECTION ( 'NONE',  ( 0.000000000000000000, -0.9886612770418575780, -0.1501628425342406981 ) ) ;
#301 = EDGE_CURVE ( 'NONE', #2368, #5098, #3139, .T. ) ;
#302 = LINE ( 'NONE', #4616, #1362 ) ;
#303 = CARTESIAN_POINT ( 'NONE',  ( 16.01049721830911921, 26.78395599533737936, -17.96335718176952412 ) ) ;
#304 = CIRCLE ( 'NONE', #4921, 0.5000000000000004441 ) ;
#305 = VERTEX_POINT ( 'NONE', #4769 ) ;
#306 = ORIENTED_EDGE ( 'NONE', *, *, #6123, .T. ) ;
#307 = ORIENTED_EDGE ( 'NONE', *, *, #5865, .F. ) ;
#308 = LINE ( 'NONE', #3560, #526 ) ;
#309 = AXIS2_PLACEMENT_3D ( 'NONE', #6263, #4048, #6233 ) ;
#310 = ORIENTED_EDGE ( 'NONE', *, *, #4853, .T. ) ;
#311 = EDGE_CURVE ( 'NONE', #5867, #4359, #2172, .T. ) ;
#312 = CARTESIAN_POINT ( 'NONE',  ( 25.36049721830912418, -3.229684546774038267, -17.93271034250898666 ) ) ;
#313 = DIRECTION ( 'NONE',  ( -0.000000000000000000, 0.1344578771215321489, 0.9909193101761469835 ) ) ;
#314 = DIRECTION ( 'NONE',  ( -1.000000000000000000, -0.000000000000000000, -0.000000000000000000 ) ) ;
#315 = VERTEX_POINT ( 'NONE', #2702 ) ;
#316 = VECTOR ( 'NONE', #5302, 1000.000000000000227 ) ;
#317 = CIRCLE ( 'NONE', #4713, 32.25000000000000000 ) ;
#318 = ADVANCED_FACE ( 'NONE', ( #6417 ), #2104, .F. ) ;
#319 = LINE ( 'NONE', #986, #2440 ) ;
#320 = CARTESIAN_POINT ( 'NONE',  ( 25.50868112545531119, 4.432578430805485858, -31.28751061535981037 ) ) ;
#321 = ORIENTED_EDGE ( 'NONE', *, *, #5011, .T. ) ;
#322 = AXIS2_PLACEMENT_3D ( 'NONE', #2017, #1529, #4319 ) ;
#323 = CARTESIAN_POINT ( 'NONE',  ( 16.01049721830911921, -16.02133064797956763, -27.98891681126854181 ) ) ;
#324 = AXIS2_PLACEMENT_3D ( 'NONE', #3990, #2817, #6132 ) ;
#325 = CARTESIAN_POINT ( 'NONE',  ( 16.01049721830911921, -31.74391750263135492, 0.6214511936865445563 ) ) ;
#326 = AXIS2_PLACEMENT_3D ( 'NONE', #2602, #2068, #6414 ) ;
#327 = EDGE_LOOP ( 'NONE', ( #3110, #6511, #4992, #3163 ) ) ;
#328 = EDGE_CURVE ( 'NONE', #6598, #1107, #1578, .T. ) ;
#329 = CARTESIAN_POINT ( 'NONE',  ( 16.01049721830911921, 23.34269296543707739, -19.61346247528969400 ) ) ;
#330 = CARTESIAN_POINT ( 'NONE',  ( 89.00010752509841438, -16.18033988749894903, -11.75570504584946541 ) ) ;
#331 = DIRECTION ( 'NONE',  ( -1.000000000000000000, 0.000000000000000000, 0.000000000000000000 ) ) ;
#332 = ORIENTED_EDGE ( 'NONE', *, *, #1966, .T. ) ;
#333 = ORIENTED_EDGE ( 'NONE', *, *, #2717, .F. ) ;
#334 = DIRECTION ( 'NONE',  ( 0.000000000000000000, 0.000000000000000000, -1.000000000000000000 ) ) ;
#335 = ORIENTED_EDGE ( 'NONE', *, *, #5223, .F. ) ;
#336 = ADVANCED_FACE ( 'NONE', ( #6385 ), #6450, .T. ) ;
#337 = CARTESIAN_POINT ( 'NONE',  ( 16.01049721830911921, -16.17618497092529495, -27.14566469692546846 ) ) ;
#338 = DIRECTION ( 'NONE',  ( 0.000000000000000000, -0.6726603737012442075, 0.7399513643828913301 ) ) ;
#339 = LINE ( 'NONE', #2384, #4172 ) ;
#340 = AXIS2_PLACEMENT_3D ( 'NONE', #3030, #2401, #4027 ) ;
#341 = ORIENTED_EDGE ( 'NONE', *, *, #4100, .F. ) ;
#342 = EDGE_CURVE ( 'NONE', #3343, #111, #2074, .T. ) ;
#343 = ORIENTED_EDGE ( 'NONE', *, *, #6556, .T. ) ;
#344 = AXIS2_PLACEMENT_3D ( 'NONE', #4044, #1804, #4014 ) ;
#345 = ORIENTED_EDGE ( 'NONE', *, *, #3, .T. ) ;
#346 = LINE ( 'NONE', #4657, #1200 ) ;
#347 = ORIENTED_EDGE ( 'NONE', *, *, #2591, .F. ) ;
#348 = VECTOR ( 'NONE', #848, 1000.000000000000000 ) ;
#349 = CARTESIAN_POINT ( 'NONE',  ( 18.71049721830912205, 10.06881816610630409, 13.47959664596413987 ) ) ;
#350 = DIRECTION ( 'NONE',  ( -1.000000000000000000, 0.000000000000000000, 0.000000000000000000 ) ) ;
#351 = DIRECTION ( 'NONE',  ( -1.000000000000000000, 0.000000000000000000, 0.000000000000000000 ) ) ;
#352 = ORIENTED_EDGE ( 'NONE', *, *, #5461, .F. ) ;
#353 = EDGE_CURVE ( 'NONE', #3910, #5632, #1115, .T. ) ;
#354 = ORIENTED_EDGE ( 'NONE', *, *, #1134, .F. ) ;
#355 = LINE ( 'NONE', #3568, #1312 ) ;
#356 = AXIS2_PLACEMENT_3D ( 'NONE', #6319, #1488, #961 ) ;
#357 = CARTESIAN_POINT ( 'NONE',  ( 19.91049721830912134, -31.69228817970152434, 3.395147212247967783 ) ) ;
#358 = CARTESIAN_POINT ( 'NONE',  ( 25.36049721830912418, -7.927712988149142603, -16.40622836844384125 ) ) ;
#359 = CARTESIAN_POINT ( 'NONE',  ( 16.01049721830911921, 1.653949856271696550, -32.20756044584778266 ) ) ;
#360 = CARTESIAN_POINT ( 'NONE',  ( 16.01049721830911921, 32.11511552628379462, -2.946498724494164279 ) ) ;
#361 = EDGE_CURVE ( 'NONE', #2356, #4323, #2773, .T. ) ;
#362 = EDGE_CURVE ( 'NONE', #2433, #828, #3745, .T. ) ;
#363 = ORIENTED_EDGE ( 'NONE', *, *, #1825, .T. ) ;
#364 = ORIENTED_EDGE ( 'NONE', *, *, #1150, .T. ) ;
#365 = CARTESIAN_POINT ( 'NONE',  ( 16.01049721830911921, 18.18815403723851176, -26.17478189738681849 ) ) ;
#366 = CARTESIAN_POINT ( 'NONE',  ( 89.00010752509841438, -0.2651661214191419758, 20.02824472908326214 ) ) ;
#367 = CARTESIAN_POINT ( 'NONE',  ( 89.00010752509841438, 3.229684546774035159, 17.93271034250899021 ) ) ;
#368 = VECTOR ( 'NONE', #743, 1000.000000000000000 ) ;
#369 = EDGE_CURVE ( 'NONE', #3667, #4544, #3693, .T. ) ;
#370 = VERTEX_POINT ( 'NONE', #1672 ) ;
#371 = EDGE_LOOP ( 'NONE', ( #2684, #3153, #1467, #1847 ) ) ;
#372 = CARTESIAN_POINT ( 'NONE',  ( 19.91049721830912134, 24.56724982311119021, -19.87476561321764024 ) ) ;
#373 = ORIENTED_EDGE ( 'NONE', *, *, #5906, .T. ) ;
#374 = AXIS2_PLACEMENT_3D ( 'NONE', #1231, #6102, #2468 ) ;
#375 = DIRECTION ( 'NONE',  ( -1.000000000000000000, 0.000000000000000000, 0.000000000000000000 ) ) ;
#376 = CIRCLE ( 'NONE', #4313, 0.5000000000000004441 ) ;
#377 = DIRECTION ( 'NONE',  ( 0.000000000000000000, 0.000000000000000000, -1.000000000000000000 ) ) ;
#378 = CARTESIAN_POINT ( 'NONE',  ( 16.01049721830911921, -19.06127845897257700, -26.32332926340262347 ) ) ;
#379 = VERTEX_POINT ( 'NONE', #6980 ) ;
#380 = ORIENTED_EDGE ( 'NONE', *, *, #2233, .F. ) ;
#381 = ORIENTED_EDGE ( 'NONE', *, *, #2241, .T. ) ;
#382 = FACE_OUTER_BOUND ( 'NONE', #4525, .T. ) ;
#383 = ORIENTED_EDGE ( 'NONE', *, *, #5892, .F. ) ;
#384 = CARTESIAN_POINT ( 'NONE',  ( 89.00010752509841438, 2.755455298081545172E-15, -22.50000000000000355 ) ) ;
#385 = LINE ( 'NONE', #2429, #2585 ) ;
#386 = CARTESIAN_POINT ( 'NONE',  ( 18.71049721830912205, -18.96605182169769321, -6.441255956463578514 ) ) ;
#387 = DIRECTION ( 'NONE',  ( 1.000000000000000000, -0.000000000000000000, -0.000000000000000000 ) ) ;
#388 = ORIENTED_EDGE ( 'NONE', *, *, #2853, .T. ) ;
#389 = CIRCLE ( 'NONE', #4675, 0.5000000000000004441 ) ;
#390 = CARTESIAN_POINT ( 'NONE',  ( 25.36049721830912418, 0.000000000000000000, 20.02999999999999758 ) ) ;
#391 = CARTESIAN_POINT ( 'NONE',  ( 25.36049721830912418, -9.708422300576447839, 13.74143956918888243 ) ) ;
#392 = EDGE_CURVE ( 'NONE', #2242, #6869, #4902, .T. ) ;
#393 = CARTESIAN_POINT ( 'NONE',  ( 89.00010752509841438, -7.927712988149142603, -16.40622836844384125 ) ) ;
#394 = FACE_OUTER_BOUND ( 'NONE', #5002, .T. ) ;
#395 = LINE ( 'NONE', #3811, #2400 ) ;
#396 = AXIS2_PLACEMENT_3D ( 'NONE', #3119, #4283, #5901 ) ;
#397 = AXIS2_PLACEMENT_3D ( 'NONE', #4904, #2207, #5463 ) ;
#398 = ORIENTED_EDGE ( 'NONE', *, *, #2070, .F. ) ;
#399 = VECTOR ( 'NONE', #1993, 1000.000000000000000 ) ;
#400 = DIRECTION ( 'NONE',  ( 0.000000000000000000, 0.000000000000000000, 1.000000000000000000 ) ) ;
#401 = CARTESIAN_POINT ( 'NONE',  ( 16.01049721830911921, -17.97273505347105171, 25.99109206534477323 ) ) ;
#402 = LINE ( 'NONE', #1384, #2715 ) ;
#403 = EDGE_LOOP ( 'NONE', ( #2719, #1000, #1807, #6429 ) ) ;
#404 = ORIENTED_EDGE ( 'NONE', *, *, #5757, .F. ) ;
#405 = CARTESIAN_POINT ( 'NONE',  ( 25.56462533844871388, 26.54824439462987584, -17.13904290252226303 ) ) ;
#406 = ORIENTED_EDGE ( 'NONE', *, *, #4210, .F. ) ;
#407 = LINE ( 'NONE', #6828, #3358 ) ;
#408 = DIRECTION ( 'NONE',  ( 0.000000000000000000, 0.000000000000000000, 1.000000000000000000 ) ) ;
#409 = DIRECTION ( 'NONE',  ( -1.000000000000000000, 0.000000000000000000, 0.000000000000000000 ) ) ;
#410 = ORIENTED_EDGE ( 'NONE', *, *, #6097, .F. ) ;
#411 = VERTEX_POINT ( 'NONE', #5460 ) ;
#412 = ORIENTED_EDGE ( 'NONE', *, *, #3486, .F. ) ;
#413 = CARTESIAN_POINT ( 'NONE',  ( 19.91049721830912134, -32.37632768798173544, -2.832561639298896594 ) ) ;
#414 = VERTEX_POINT ( 'NONE', #3174 ) ;
#415 = ADVANCED_FACE ( 'NONE', ( #4267 ), #5424, .T. ) ;
#416 = DIRECTION ( 'NONE',  ( 0.000000000000000000, 0.000000000000000000, 1.000000000000000000 ) ) ;
#417 = CIRCLE ( 'NONE', #4468, 0.5000000000000004441 ) ;
#418 = DIRECTION ( 'NONE',  ( -1.000000000000000000, 0.000000000000000000, 0.000000000000000000 ) ) ;
#419 = CARTESIAN_POINT ( 'NONE',  ( 16.01049721830911921, -21.25750658918243019, -23.58348815614147753 ) ) ;
#420 = DIRECTION ( 'NONE',  ( -1.000000000000000000, 0.000000000000000000, 0.000000000000000000 ) ) ;
#421 = ORIENTED_EDGE ( 'NONE', *, *, #6709, .T. ) ;
#422 = CIRCLE ( 'NONE', #5271, 3.000000000000002665 ) ;
#423 = CYLINDRICAL_SURFACE ( 'NONE', #749, 0.5000000000000000000 ) ;
#424 = ADVANCED_FACE ( 'NONE', ( #551 ), #585, .F. ) ;
#425 = CARTESIAN_POINT ( 'NONE',  ( 16.01049721830911921, -13.75219179141508441, -28.61712286258237725 ) ) ;
#426 = DIRECTION ( 'NONE',  ( 0.000000000000000000, -0.7609209538359903435, 0.6488445900316397452 ) ) ;
#427 = DIRECTION ( 'NONE',  ( -1.000000000000000000, -0.000000000000000000, -0.000000000000000000 ) ) ;
#428 = DIRECTION ( 'NONE',  ( 0.000000000000000000, 0.000000000000000000, 1.000000000000000000 ) ) ;
#429 = VECTOR ( 'NONE', #2417, 1000.000000000000000 ) ;
#430 = EDGE_CURVE ( 'NONE', #4049, #1758, #58, .T. ) ;
#431 = AXIS2_PLACEMENT_3D ( 'NONE', #1497, #3253, #1036 ) ;
#432 = VERTEX_POINT ( 'NONE', #4866 ) ;
#433 = CIRCLE ( 'NONE', #2458, 0.5000000000000004441 ) ;
#434 = LINE ( 'NONE', #2579, #6435 ) ;
#435 = DIRECTION ( 'NONE',  ( 0.000000000000000000, -0.5339499451778466632, -0.8455160885781975999 ) ) ;
#436 = CARTESIAN_POINT ( 'NONE',  ( 18.71049721830912205, 7.927712988149142603, 16.40622836844384125 ) ) ;
#437 = EDGE_LOOP ( 'NONE', ( #5908, #6904 ) ) ;
#438 = ORIENTED_EDGE ( 'NONE', *, *, #992, .F. ) ;
#439 = CARTESIAN_POINT ( 'NONE',  ( 16.01049721830911921, 16.17618497092549390, 27.14566469692534767 ) ) ;
#440 = ORIENTED_EDGE ( 'NONE', *, *, #2600, .F. ) ;
#441 = CARTESIAN_POINT ( 'NONE',  ( 25.36049721830912418, 0.000000000000000000, 0.000000000000000000 ) ) ;
#442 = DIRECTION ( 'NONE',  ( 1.000000000000000000, -0.000000000000000000, -0.000000000000000000 ) ) ;
#443 = CARTESIAN_POINT ( 'NONE',  ( 25.36049721830912418, 13.15345235776983834, -12.60950647614247977 ) ) ;
#444 = EDGE_CURVE ( 'NONE', #260, #2734, #188, .T. ) ;
#445 = ORIENTED_EDGE ( 'NONE', *, *, #2436, .F. ) ;
#446 = ORIENTED_EDGE ( 'NONE', *, *, #4234, .T. ) ;
#447 = ADVANCED_FACE ( 'NONE', ( #1053 ), #5984, .T. ) ;
#448 = ORIENTED_EDGE ( 'NONE', *, *, #4643, .T. ) ;
#449 = CIRCLE ( 'NONE', #4384, 0.5000000000000004441 ) ;
#450 = DIRECTION ( 'NONE',  ( 0.000000000000000000, 0.000000000000000000, -1.000000000000000000 ) ) ;
#451 = EDGE_LOOP ( 'NONE', ( #1563, #3165, #4353, #1235 ) ) ;
#452 = CARTESIAN_POINT ( 'NONE',  ( 19.91049721830912134, -13.36663193154239160, -28.93546794964192870 ) ) ;
#453 = LINE ( 'NONE', #6303, #6074 ) ;
#454 = DIRECTION ( 'NONE',  ( 0.000000000000000000, 1.156482317317870344E-15, 1.000000000000000000 ) ) ;
#455 = ORIENTED_EDGE ( 'NONE', *, *, #3112, .T. ) ;
#456 = AXIS2_PLACEMENT_3D ( 'NONE', #6332, #6937, #5351 ) ;
#457 = ORIENTED_EDGE ( 'NONE', *, *, #4901, .F. ) ;
#458 = EDGE_CURVE ( 'NONE', #5155, #5240, #3124, .T. ) ;
#459 = CIRCLE ( 'NONE', #1019, 0.5000000000000004441 ) ;
#460 = CARTESIAN_POINT ( 'NONE',  ( 25.60010050217467636, 26.61876108426065457, 17.02931679165508427 ) ) ;
#461 = CARTESIAN_POINT ( 'NONE',  ( 25.36049721830912418, 6.180339887498949913, -19.02113032590307284 ) ) ;
#462 = DIRECTION ( 'NONE',  ( 0.000000000000000000, 0.000000000000000000, -1.000000000000000000 ) ) ;
#463 = DIRECTION ( 'NONE',  ( 0.000000000000000000, 0.000000000000000000, -1.000000000000000000 ) ) ;
#464 = DIRECTION ( 'NONE',  ( 0.000000000000000000, 0.8538812920211427127, -0.5204678079730812312 ) ) ;
#465 = ADVANCED_FACE ( 'NONE', ( #3350 ), #1185, .T. ) ;
#466 = AXIS2_PLACEMENT_3D ( 'NONE', #4271, #6420, #5369 ) ;
#467 = ORIENTED_EDGE ( 'NONE', *, *, #2631, .T. ) ;
#468 = FACE_OUTER_BOUND ( 'NONE', #4696, .T. ) ;
#469 = CARTESIAN_POINT ( 'NONE',  ( 16.01049721830911921, 4.561682503515902098, 31.26894825203770623 ) ) ;
#470 = DIRECTION ( 'NONE',  ( 1.000000000000000000, -0.000000000000000000, -0.000000000000000000 ) ) ;
#471 = VECTOR ( 'NONE', #6284, 1000.000000000000000 ) ;
#472 = ORIENTED_EDGE ( 'NONE', *, *, #4668, .T. ) ;
#473 = EDGE_LOOP ( 'NONE', ( #335, #2907, #5131, #3947 ) ) ;
#474 = LINE ( 'NONE', #6400, #1622 ) ;
#475 = ORIENTED_EDGE ( 'NONE', *, *, #6514, .F. ) ;
#476 = CARTESIAN_POINT ( 'NONE',  ( 25.36049721830912418, -13.15345235776983479, -12.60950647614247977 ) ) ;
#477 = CIRCLE ( 'NONE', #1928, 20.02999999999999758 ) ;
#478 = CARTESIAN_POINT ( 'NONE',  ( 18.71049721830912205, 13.15345235776983479, 12.60950647614248155 ) ) ;
#479 = FACE_OUTER_BOUND ( 'NONE', #5727, .T. ) ;
#480 = EDGE_CURVE ( 'NONE', #5550, #3460, #3419, .T. ) ;
#481 = ORIENTED_EDGE ( 'NONE', *, *, #4171, .F. ) ;
#482 = ORIENTED_EDGE ( 'NONE', *, *, #6727, .T. ) ;
#483 = VECTOR ( 'NONE', #6458, 1000.000000000000000 ) ;
#484 = ORIENTED_EDGE ( 'NONE', *, *, #138, .F. ) ;
#485 = EDGE_CURVE ( 'NONE', #3826, #1350, #3700, .T. ) ;
#486 = CARTESIAN_POINT ( 'NONE',  ( 16.01049721830911921, -1.803901592770677187, -32.44989890652357900 ) ) ;
#487 = CARTESIAN_POINT ( 'NONE',  ( 16.01049721830911921, -7.370888110118118952, -30.88255994033070806 ) ) ;
#488 = DIRECTION ( 'NONE',  ( 0.000000000000000000, 0.000000000000000000, -1.000000000000000000 ) ) ;
#489 = CARTESIAN_POINT ( 'NONE',  ( 16.01049721830911921, 10.07711777303091871, -30.23871445757157517 ) ) ;
#490 = VERTEX_POINT ( 'NONE', #734 ) ;
#491 = VECTOR ( 'NONE', #2058, 1000.000000000000000 ) ;
#492 = DIRECTION ( 'NONE',  ( -1.000000000000000000, -0.000000000000000000, -0.000000000000000000 ) ) ;
#493 = CARTESIAN_POINT ( 'NONE',  ( 25.36049721830912418, -15.93129415377252833, -5.410590687343963978 ) ) ;
#494 = CARTESIAN_POINT ( 'NONE',  ( 16.01049721830911921, -27.04066462635374180, -16.63925949569454588 ) ) ;
#495 = DIRECTION ( 'NONE',  ( -1.000000000000000000, 0.000000000000000000, 0.000000000000000000 ) ) ;
#496 = CARTESIAN_POINT ( 'NONE',  ( 16.01049721830911921, -30.30148033719032696, 8.965286466497492057 ) ) ;
#497 = VECTOR ( 'NONE', #700, 1000.000000000000000 ) ;
#498 = VERTEX_POINT ( 'NONE', #1710 ) ;
#499 = CIRCLE ( 'NONE', #4443, 20.02999999999999758 ) ;
#500 = DIRECTION ( 'NONE',  ( 1.000000000000000000, -0.000000000000000000, -0.000000000000000000 ) ) ;
#501 = VECTOR ( 'NONE', #2447, 1000.000000000000000 ) ;
#502 = DIRECTION ( 'NONE',  ( -1.000000000000000000, 0.000000000000000000, 0.000000000000000000 ) ) ;
#503 = EDGE_CURVE ( 'NONE', #747, #5081, #6658, .T. ) ;
#504 = CARTESIAN_POINT ( 'NONE',  ( 16.01049721830911921, -10.49558678852148930, 29.96506562590198541 ) ) ;
#505 = ORIENTED_EDGE ( 'NONE', *, *, #2154, .T. ) ;
#506 = ORIENTED_EDGE ( 'NONE', *, *, #6176, .T. ) ;
#507 = DIRECTION ( 'NONE',  ( 1.000000000000000000, -0.000000000000000000, -0.000000000000000000 ) ) ;
#508 = ORIENTED_EDGE ( 'NONE', *, *, #5033, .F. ) ;
#509 = CARTESIAN_POINT ( 'NONE',  ( 89.00010752509841438, -3.229684546774038267, -17.93271034250898666 ) ) ;
#510 = CARTESIAN_POINT ( 'NONE',  ( 19.91049721830912134, 3.902504768953938719, -31.50925191952820725 ) ) ;
#511 = FACE_OUTER_BOUND ( 'NONE', #3116, .T. ) ;
#512 = VERTEX_POINT ( 'NONE', #6695 ) ;
#513 = VERTEX_POINT ( 'NONE', #803 ) ;
#514 = ADVANCED_FACE ( 'NONE', ( #6623 ), #5037, .F. ) ;
#515 = VERTEX_POINT ( 'NONE', #6022 ) ;
#516 = DIRECTION ( 'NONE',  ( 1.000000000000000000, -0.000000000000000000, -0.000000000000000000 ) ) ;
#517 = CARTESIAN_POINT ( 'NONE',  ( 16.01049721830911921, -21.25750658918243019, -23.58348815614147753 ) ) ;
#518 = FACE_OUTER_BOUND ( 'NONE', #6397, .T. ) ;
#519 = ORIENTED_EDGE ( 'NONE', *, *, #4110, .T. ) ;
#520 = EDGE_LOOP ( 'NONE', ( #4824, #3362, #1858, #1396 ) ) ;
#521 = DIRECTION ( 'NONE',  ( 0.000000000000000000, 0.000000000000000000, 1.000000000000000000 ) ) ;
#522 = CARTESIAN_POINT ( 'NONE',  ( 16.01049721830911921, 24.82569423046607326, -19.99032417529759798 ) ) ;
#523 = CARTESIAN_POINT ( 'NONE',  ( 16.01049721830911921, -26.36870086362659293, 17.68485552003684802 ) ) ;
#524 = DIRECTION ( 'NONE',  ( 0.000000000000000000, -0.8538812920211462654, 0.5204678079730752360 ) ) ;
#525 = EDGE_CURVE ( 'NONE', #4748, #6681, #4600, .T. ) ;
#526 = VECTOR ( 'NONE', #1433, 1000.000000000000000 ) ;
#527 = EDGE_LOOP ( 'NONE', ( #680, #6198, #5293, #2798 ) ) ;
#528 = FACE_OUTER_BOUND ( 'NONE', #764, .T. ) ;
#529 = AXIS2_PLACEMENT_3D ( 'NONE', #6125, #5528, #2243 ) ;
#530 = DIRECTION ( 'NONE',  ( 1.000000000000000000, 0.000000000000000000, 0.000000000000000000 ) ) ;
#531 = CYLINDRICAL_SURFACE ( 'NONE', #2948, 32.25000000000000000 ) ;
#532 = ORIENTED_EDGE ( 'NONE', *, *, #1513, .T. ) ;
#533 = CIRCLE ( 'NONE', #79, 32.25000000000000000 ) ;
#534 = ADVANCED_FACE ( 'NONE', ( #3912 ), #3984, .T. ) ;
#535 = CARTESIAN_POINT ( 'NONE',  ( 89.00010752509841438, 0.000000000000000000, 20.02999999999999758 ) ) ;
#536 = ORIENTED_EDGE ( 'NONE', *, *, #962, .F. ) ;
#537 = CARTESIAN_POINT ( 'NONE',  ( 16.01049721830911921, 31.74391750263135492, -0.6214511936865445563 ) ) ;
#538 = DIRECTION ( 'NONE',  ( -1.000000000000000000, 0.000000000000000000, 0.000000000000000000 ) ) ;
#539 = VECTOR ( 'NONE', #3402, 1000.000000000000000 ) ;
#540 = DIRECTION ( 'NONE',  ( -1.000000000000000000, -0.000000000000000000, -0.000000000000000000 ) ) ;
#541 = AXIS2_PLACEMENT_3D ( 'NONE', #1508, #16, #4261 ) ;
#542 = ORIENTED_EDGE ( 'NONE', *, *, #3892, .F. ) ;
#543 = ORIENTED_EDGE ( 'NONE', *, *, #4725, .F. ) ;
#544 = EDGE_CURVE ( 'NONE', #1183, #111, #2446, .T. ) ;
#545 = AXIS2_PLACEMENT_3D ( 'NONE', #5456, #2200, #1218 ) ;
#546 = CARTESIAN_POINT ( 'NONE',  ( 16.01049721830911921, -30.33822718764673709, -8.840138186828731648 ) ) ;
#547 = DIRECTION ( 'NONE',  ( -1.000000000000000000, -0.000000000000000000, -0.000000000000000000 ) ) ;
#548 = CARTESIAN_POINT ( 'NONE',  ( 16.01049721830911921, 29.51923325979057466, -12.19090962047324211 ) ) ;
#549 = ORIENTED_EDGE ( 'NONE', *, *, #2041, .F. ) ;
#550 = VERTEX_POINT ( 'NONE', #2813 ) ;
#551 = FACE_OUTER_BOUND ( 'NONE', #1327, .T. ) ;
#552 = DIRECTION ( 'NONE',  ( 0.000000000000000000, -0.8538812920211427127, 0.5204678079730812312 ) ) ;
#553 = DIRECTION ( 'NONE',  ( 1.000000000000000000, 0.000000000000000000, 0.000000000000000000 ) ) ;
#554 = CARTESIAN_POINT ( 'NONE',  ( 19.91049721830912134, -24.82569423046593116, 19.99032417529777561 ) ) ;
#555 = AXIS2_PLACEMENT_3D ( 'NONE', #4998, #1704, #3871 ) ;
#556 = DIRECTION ( 'NONE',  ( 0.000000000000000000, -0.2741118111742888441, -0.9616978293490897611 ) ) ;
#557 = EDGE_CURVE ( 'NONE', #1886, #6442, #3919, .T. ) ;
#558 = CIRCLE ( 'NONE', #225, 3.145000000000001794 ) ;
#559 = EDGE_LOOP ( 'NONE', ( #1126, #5983, #5158, #6900 ) ) ;
#560 = DIRECTION ( 'NONE',  ( 0.000000000000000000, 0.000000000000000000, 1.000000000000000000 ) ) ;
#561 = EDGE_CURVE ( 'NONE', #6852, #6225, #4968, .T. ) ;
#562 = VECTOR ( 'NONE', #650, 999.9999999999998863 ) ;
#563 = LINE ( 'NONE', #1124, #2727 ) ;
#564 = ADVANCED_FACE ( 'NONE', ( #694 ), #1329, .F. ) ;
#565 = VERTEX_POINT ( 'NONE', #1260 ) ;
#566 = CIRCLE ( 'NONE', #2955, 0.5000000000000000000 ) ;
#567 = CIRCLE ( 'NONE', #1251, 3.205000000000000071 ) ;
#568 = LINE ( 'NONE', #72, #5376 ) ;
#569 = ORIENTED_EDGE ( 'NONE', *, *, #3294, .F. ) ;
#570 = DIRECTION ( 'NONE',  ( 1.000000000000000000, -0.000000000000000000, -0.000000000000000000 ) ) ;
#571 = CYLINDRICAL_SURFACE ( 'NONE', #616, 0.5000000000000004441 ) ;
#572 = CYLINDRICAL_SURFACE ( 'NONE', #5651, 3.000000000000002665 ) ;
#573 = DIRECTION ( 'NONE',  ( -1.000000000000000000, -0.000000000000000000, -0.000000000000000000 ) ) ;
#574 = ADVANCED_FACE ( 'NONE', ( #1744 ), #2848, .F. ) ;
#575 = ORIENTED_EDGE ( 'NONE', *, *, #2198, .T. ) ;
#576 = AXIS2_PLACEMENT_3D ( 'NONE', #1753, #3890, #3816 ) ;
#577 = ORIENTED_EDGE ( 'NONE', *, *, #2970, .T. ) ;
#578 = CARTESIAN_POINT ( 'NONE',  ( 25.49807105772856630, 30.30148033719038736, -8.965286466497278894 ) ) ;
#579 = FACE_OUTER_BOUND ( 'NONE', #6239, .T. ) ;
#580 = EDGE_CURVE ( 'NONE', #722, #260, #5599, .T. ) ;
#581 = DIRECTION ( 'NONE',  ( -1.000000000000000000, 0.000000000000000000, 0.000000000000000000 ) ) ;
#582 = CIRCLE ( 'NONE', #5974, 3.000000000000002665 ) ;
#583 = ORIENTED_EDGE ( 'NONE', *, *, #4427, .F. ) ;
#584 = VERTEX_POINT ( 'NONE', #769 ) ;
#585 = CYLINDRICAL_SURFACE ( 'NONE', #4708, 3.000000000000002665 ) ;
#586 = AXIS2_PLACEMENT_3D ( 'NONE', #5306, #5896, #6425 ) ;
#587 = LINE ( 'NONE', #2740, #6710 ) ;
#588 = DIRECTION ( 'NONE',  ( -1.000000000000000000, 0.000000000000000000, 0.000000000000000000 ) ) ;
#589 = CYLINDRICAL_SURFACE ( 'NONE', #1058, 32.25000000000000000 ) ;
#590 = LINE ( 'NONE', #1619, #2191 ) ;
#591 = AXIS2_PLACEMENT_3D ( 'NONE', #4821, #5283, #972 ) ;
#592 = EDGE_CURVE ( 'NONE', #6797, #859, #5073, .T. ) ;
#593 = DIRECTION ( 'NONE',  ( 0.000000000000000000, 0.000000000000000000, 1.000000000000000000 ) ) ;
#594 = CARTESIAN_POINT ( 'NONE',  ( 16.01049721830911921, -31.59987055267417233, 0.06521583956830895312 ) ) ;
#595 = FACE_OUTER_BOUND ( 'NONE', #3191, .T. ) ;
#596 = EDGE_CURVE ( 'NONE', #4265, #6787, #2389, .T. ) ;
#597 = VECTOR ( 'NONE', #6768, 1000.000000000000000 ) ;
#598 = ORIENTED_EDGE ( 'NONE', *, *, #6484, .T. ) ;
#599 = AXIS2_PLACEMENT_3D ( 'NONE', #6481, #3210, #5853 ) ;
#600 = VECTOR ( 'NONE', #4500, 1000.000000000000000 ) ;
#601 = ADVANCED_FACE ( 'NONE', ( #4018 ), #1990, .T. ) ;
#602 = CARTESIAN_POINT ( 'NONE',  ( 16.01049721830911921, 30.33822718764679749, 8.840138186828504274 ) ) ;
#603 = VERTEX_POINT ( 'NONE', #4192 ) ;
#604 = LINE ( 'NONE', #181, #539 ) ;
#605 = PLANE ( 'NONE',  #960 ) ;
#606 = DIRECTION ( 'NONE',  ( 1.000000000000000000, -0.000000000000000000, -0.000000000000000000 ) ) ;
#607 = LINE ( 'NONE', #5968, #1532 ) ;
#608 = AXIS2_PLACEMENT_3D ( 'NONE', #5101, #757, #860 ) ;
#609 = ORIENTED_EDGE ( 'NONE', *, *, #669, .T. ) ;
#610 = ORIENTED_EDGE ( 'NONE', *, *, #3988, .T. ) ;
#611 = ADVANCED_FACE ( 'NONE', ( #382 ), #1401, .F. ) ;
#612 = DIRECTION ( 'NONE',  ( 0.000000000000000000, -1.156482317317868964E-15, 1.000000000000000000 ) ) ;
#613 = ORIENTED_EDGE ( 'NONE', *, *, #6355, .F. ) ;
#614 = CARTESIAN_POINT ( 'NONE',  ( 19.91049721830912134, 31.86288376110960741, -6.403642590433836546 ) ) ;
#615 = CIRCLE ( 'NONE', #4570, 0.5000000000000000000 ) ;
#616 = AXIS2_PLACEMENT_3D ( 'NONE', #3056, #2722, #6378 ) ;
#617 = CARTESIAN_POINT ( 'NONE',  ( 19.91049721830912134, -31.11556062516073240, -8.478466074824343224 ) ) ;
#618 = DIRECTION ( 'NONE',  ( 0.000000000000000000, 0.000000000000000000, 1.000000000000000000 ) ) ;
#619 = ORIENTED_EDGE ( 'NONE', *, *, #5717, .T. ) ;
#620 = ORIENTED_EDGE ( 'NONE', *, *, #2021, .T. ) ;
#621 = EDGE_CURVE ( 'NONE', #4359, #2635, #5378, .T. ) ;
#622 = DIRECTION ( 'NONE',  ( 0.000000000000000000, 0.000000000000000000, -1.000000000000000000 ) ) ;
#623 = DIRECTION ( 'NONE',  ( 0.000000000000000000, 0.000000000000000000, 1.000000000000000000 ) ) ;
#624 = CARTESIAN_POINT ( 'NONE',  ( 18.71049721830912205, 3.229684546774035159, 17.93271034250899021 ) ) ;
#625 = DIRECTION ( 'NONE',  ( 0.000000000000000000, 0.000000000000000000, 1.000000000000000000 ) ) ;
#626 = DIRECTION ( 'NONE',  ( -1.000000000000000000, 0.000000000000000000, -0.000000000000000000 ) ) ;
#627 = EDGE_CURVE ( 'NONE', #3348, #120, #4622, .T. ) ;
#628 = ORIENTED_EDGE ( 'NONE', *, *, #4475, .F. ) ;
#629 = CARTESIAN_POINT ( 'NONE',  ( 18.71049721830912205, 0.000000000000000000, 0.000000000000000000 ) ) ;
#630 = DIRECTION ( 'NONE',  ( 0.000000000000000000, 2.398081733190338758E-14, -1.000000000000000000 ) ) ;
#631 = DIRECTION ( 'NONE',  ( 0.000000000000000000, 0.000000000000000000, -1.000000000000000000 ) ) ;
#632 = VECTOR ( 'NONE', #5475, 999.9999999999998863 ) ;
#633 = EDGE_CURVE ( 'NONE', #3758, #1640, #5776, .T. ) ;
#634 = ORIENTED_EDGE ( 'NONE', *, *, #3888, .F. ) ;
#635 = AXIS2_PLACEMENT_3D ( 'NONE', #6916, #5329, #5395 ) ;
#636 = CARTESIAN_POINT ( 'NONE',  ( 19.91049721830912134, -27.46650186456404086, -16.90129507830391020 ) ) ;
#637 = ORIENTED_EDGE ( 'NONE', *, *, #4793, .F. ) ;
#638 = CARTESIAN_POINT ( 'NONE',  ( 16.01049721830911921, 31.41239523350688856, -3.437658759308257483 ) ) ;
#639 = DIRECTION ( 'NONE',  ( 0.000000000000000000, 0.000000000000000000, 1.000000000000000000 ) ) ;
#640 = LINE ( 'NONE', #3967, #5320 ) ;
#641 = DIRECTION ( 'NONE',  ( -1.000000000000000000, 0.000000000000000000, 0.000000000000000000 ) ) ;
#642 = CIRCLE ( 'NONE', #1552, 32.25000000000000000 ) ;
#643 = EDGE_CURVE ( 'NONE', #5764, #1628, #6492, .T. ) ;
#644 = ORIENTED_EDGE ( 'NONE', *, *, #4734, .F. ) ;
#645 = CARTESIAN_POINT ( 'NONE',  ( 89.00010752509841438, -19.12993349739970483, -5.936880021110806815 ) ) ;
#646 = ORIENTED_EDGE ( 'NONE', *, *, #6557, .F. ) ;
#647 = DIRECTION ( 'NONE',  ( 0.000000000000000000, 0.8538812920211462654, -0.5204678079730752360 ) ) ;
#648 = CIRCLE ( 'NONE', #4486, 0.5000000000000004441 ) ;
#649 = CIRCLE ( 'NONE', #4610, 32.25000000000000000 ) ;
#650 = DIRECTION ( 'NONE',  ( 0.000000000000000000, 0.2893355710634500921, -0.9572277301234995983 ) ) ;
#651 = EDGE_CURVE ( 'NONE', #1155, #1942, #1919, .T. ) ;
#652 = PLANE ( 'NONE',  #5629 ) ;
#653 = CARTESIAN_POINT ( 'NONE',  ( 25.36049721830912418, 9.708422300576446062, 16.94643956918888250 ) ) ;
#654 = EDGE_CURVE ( 'NONE', #1286, #3445, #308, .T. ) ;
#655 = EDGE_LOOP ( 'NONE', ( #6375, #5907, #6046, #4001 ) ) ;
#656 = ORIENTED_EDGE ( 'NONE', *, *, #3328, .F. ) ;
#657 = ORIENTED_EDGE ( 'NONE', *, *, #2939, .F. ) ;
#658 = DIRECTION ( 'NONE',  ( 1.000000000000000000, 0.000000000000000000, 0.000000000000000000 ) ) ;
#659 = CYLINDRICAL_SURFACE ( 'NONE', #1172, 0.5000000000000004441 ) ;
#660 = CARTESIAN_POINT ( 'NONE',  ( 16.01049721830911921, 19.06127845897276529, 26.32332926340247781 ) ) ;
#661 = CARTESIAN_POINT ( 'NONE',  ( 16.01049721830911921, -20.64422757970508826, 23.92429601239791381 ) ) ;
#662 = CARTESIAN_POINT ( 'NONE',  ( 25.36049721830912418, -0.2651661214191223248, -20.02824472908326214 ) ) ;
#663 = EDGE_CURVE ( 'NONE', #3961, #550, #346, .T. ) ;
#664 = ORIENTED_EDGE ( 'NONE', *, *, #4140, .F. ) ;
#665 = CIRCLE ( 'NONE', #3498, 0.5000000000000004441 ) ;
#666 = DIRECTION ( 'NONE',  ( 0.000000000000000000, -0.6366901741190937880, -0.7711197197453829588 ) ) ;
#667 = CARTESIAN_POINT ( 'NONE',  ( 25.60753480350601663, -24.56724982311104810, 19.87476561321781432 ) ) ;
#668 = CARTESIAN_POINT ( 'NONE',  ( 16.01049721830911921, 0.000000000000000000, 0.000000000000000000 ) ) ;
#669 = EDGE_CURVE ( 'NONE', #5407, #6862, #422, .T. ) ;
#670 = EDGE_LOOP ( 'NONE', ( #1670, #1900, #4153, #6620 ) ) ;
#671 = CIRCLE ( 'NONE', #3387, 0.5000000000000004441 ) ;
#672 = CIRCLE ( 'NONE', #2697, 10.00000000000000000 ) ;
#673 = CARTESIAN_POINT ( 'NONE',  ( 16.01049721830911921, 5.132756202141282031, 31.33236846727963965 ) ) ;
#674 = VERTEX_POINT ( 'NONE', #941 ) ;
#675 = DIRECTION ( 'NONE',  ( 0.000000000000000000, 0.000000000000000000, 1.000000000000000000 ) ) ;
#676 = DIRECTION ( 'NONE',  ( 0.000000000000000000, 0.000000000000000000, 1.000000000000000000 ) ) ;
#677 = CARTESIAN_POINT ( 'NONE',  ( 25.57328953618976186, 16.02620128337631655, -28.27385492685261781 ) ) ;
#678 = DIRECTION ( 'NONE',  ( -1.000000000000000000, 0.000000000000000000, 0.000000000000000000 ) ) ;
#679 = CIRCLE ( 'NONE', #5083, 32.25000000000000000 ) ;
#680 = ORIENTED_EDGE ( 'NONE', *, *, #5142, .T. ) ;
#681 = DIRECTION ( 'NONE',  ( 1.000000000000000000, -0.000000000000000000, -0.000000000000000000 ) ) ;
#682 = ORIENTED_EDGE ( 'NONE', *, *, #3242, .T. ) ;
#683 = AXIS2_PLACEMENT_3D ( 'NONE', #5056, #4606, #6748 ) ;
#684 = LINE ( 'NONE', #4430, #1093 ) ;
#685 = VECTOR ( 'NONE', #1498, 1000.000000000000000 ) ;
#686 = ADVANCED_FACE ( 'NONE', ( #6197 ), #4156, .T. ) ;
#687 = DIRECTION ( 'NONE',  ( -1.000000000000000000, 0.000000000000000000, 0.000000000000000000 ) ) ;
#688 = CARTESIAN_POINT ( 'NONE',  ( 25.36049721830912418, -20.00000000000000000, -2.602085213965210642E-15 ) ) ;
#689 = DIRECTION ( 'NONE',  ( 0.000000000000000000, 0.8281492787113794440, 0.5605076022408812531 ) ) ;
#690 = ORIENTED_EDGE ( 'NONE', *, *, #4332, .F. ) ;
#691 = CIRCLE ( 'NONE', #5876, 3.000000000000002665 ) ;
#692 = ORIENTED_EDGE ( 'NONE', *, *, #1556, .T. ) ;
#693 = EDGE_CURVE ( 'NONE', #2343, #1916, #6844, .T. ) ;
#694 = FACE_OUTER_BOUND ( 'NONE', #29, .T. ) ;
#695 = EDGE_CURVE ( 'NONE', #5765, #6961, #6300, .T. ) ;
#696 = DIRECTION ( 'NONE',  ( -1.000000000000000000, 0.000000000000000000, 0.000000000000000000 ) ) ;
#697 = AXIS2_PLACEMENT_3D ( 'NONE', #668, #5434, #631 ) ;
#698 = CARTESIAN_POINT ( 'NONE',  ( 89.00010752509841438, 0.000000000000000000, 0.000000000000000000 ) ) ;
#699 = VECTOR ( 'NONE', #3185, 1000.000000000000227 ) ;
#700 = DIRECTION ( 'NONE',  ( -1.000000000000000000, 0.000000000000000000, 0.000000000000000000 ) ) ;
#701 = DIRECTION ( 'NONE',  ( -1.000000000000000000, 0.000000000000000000, 0.000000000000000000 ) ) ;
#702 = ORIENTED_EDGE ( 'NONE', *, *, #5239, .T. ) ;
#703 = VECTOR ( 'NONE', #2784, 1000.000000000000227 ) ;
#704 = CARTESIAN_POINT ( 'NONE',  ( 16.01049721830911921, -31.64435231366889667, -6.220728787561618844 ) ) ;
#705 = CARTESIAN_POINT ( 'NONE',  ( 89.00010752509841438, -18.96605182169769677, 6.441255956463577625 ) ) ;
#706 = AXIS2_PLACEMENT_3D ( 'NONE', #5411, #641, #6466 ) ;
#707 = DIRECTION ( 'NONE',  ( -1.000000000000000000, 0.000000000000000000, 0.000000000000000000 ) ) ;
#708 = ORIENTED_EDGE ( 'NONE', *, *, #965, .T. ) ;
#709 = ORIENTED_EDGE ( 'NONE', *, *, #4475, .T. ) ;
#710 = DIRECTION ( 'NONE',  ( -1.000000000000000000, 0.000000000000000000, 0.000000000000000000 ) ) ;
#711 = ORIENTED_EDGE ( 'NONE', *, *, #5523, .T. ) ;
#712 = EDGE_CURVE ( 'NONE', #5491, #6877, #756, .T. ) ;
#713 = CARTESIAN_POINT ( 'NONE',  ( 16.01049721830911921, 30.63314883252263598, 8.347016988392729431 ) ) ;
#714 = CARTESIAN_POINT ( 'NONE',  ( 16.01049721830911921, -26.54824439462975150, 17.13904290252244422 ) ) ;
#715 = CYLINDRICAL_SURFACE ( 'NONE', #3052, 3.000000000000002665 ) ;
#716 = DIRECTION ( 'NONE',  ( -1.000000000000000000, -0.000000000000000000, -0.000000000000000000 ) ) ;
#717 = ORIENTED_EDGE ( 'NONE', *, *, #4926, .T. ) ;
#718 = ORIENTED_EDGE ( 'NONE', *, *, #2079, .T. ) ;
#719 = VECTOR ( 'NONE', #3866, 1000.000000000000000 ) ;
#720 = PRODUCT ( 'Clutch Plate', 'Clutch Plate', '', ( #2982 ) ) ;
#721 = DIRECTION ( 'NONE',  ( 0.000000000000000000, 0.000000000000000000, 1.000000000000000000 ) ) ;
#722 = VERTEX_POINT ( 'NONE', #3598 ) ;
#723 = EDGE_CURVE ( 'NONE', #1798, #5773, #5736, .T. ) ;
#724 = DIRECTION ( 'NONE',  ( 1.000000000000000000, -0.000000000000000000, -0.000000000000000000 ) ) ;
#725 = DIRECTION ( 'NONE',  ( 0.000000000000000000, -0.7505306301456906581, -0.6608356627884971468 ) ) ;
#726 = CIRCLE ( 'NONE', #6467, 0.5000000000000004441 ) ;
#727 = CARTESIAN_POINT ( 'NONE',  ( 18.71049721830912205, -11.55778298249901859, -16.35905108890659676 ) ) ;
#728 = CARTESIAN_POINT ( 'NONE',  ( 16.01049721830911921, -22.89715811400212786, -21.99505967944588747 ) ) ;
#729 = EDGE_LOOP ( 'NONE', ( #90, #5321, #937, #5252 ) ) ;
#730 = ADVANCED_FACE ( 'NONE', ( #3054 ), #2027, .T. ) ;
#731 = EDGE_LOOP ( 'NONE', ( #5149, #1081, #2972, #583 ) ) ;
#732 = CIRCLE ( 'NONE', #3778, 3.000000000000001332 ) ;
#733 = AXIS2_PLACEMENT_3D ( 'NONE', #4050, #6800, #4590 ) ;
#734 = CARTESIAN_POINT ( 'NONE',  ( 19.91049721830912134, 26.78395599533737581, -17.96335718176952412 ) ) ;
#735 = CARTESIAN_POINT ( 'NONE',  ( 16.01049721830911921, -26.78395599533725147, 17.96335718176971596 ) ) ;
#736 = CYLINDRICAL_SURFACE ( 'NONE', #5004, 20.02999999999999758 ) ;
#737 = CARTESIAN_POINT ( 'NONE',  ( 16.01049721830911921, -30.63314883252257559, -8.347016988392956804 ) ) ;
#738 = CARTESIAN_POINT ( 'NONE',  ( 25.59583794145657976, -19.06127845897257700, -23.32332926340261992 ) ) ;
#739 = ORIENTED_EDGE ( 'NONE', *, *, #6075, .F. ) ;
#740 = EDGE_CURVE ( 'NONE', #5490, #515, #3671, .T. ) ;
#741 = LINE ( 'NONE', #249, #5187 ) ;
#742 = DIRECTION ( 'NONE',  ( 0.000000000000000000, 6.938893903907222067E-15, 1.000000000000000000 ) ) ;
#743 = DIRECTION ( 'NONE',  ( 1.000000000000000000, -0.000000000000000000, -0.000000000000000000 ) ) ;
#744 = EDGE_CURVE ( 'NONE', #5261, #2787, #4472, .T. ) ;
#745 = ADVANCED_FACE ( 'NONE', ( #2663 ), #5417, .T. ) ;
#746 = ORIENTED_EDGE ( 'NONE', *, *, #5661, .T. ) ;
#747 = VERTEX_POINT ( 'NONE', #5878 ) ;
#748 = DIRECTION ( 'NONE',  ( 1.000000000000000000, 0.000000000000000000, 0.000000000000000000 ) ) ;
#749 = AXIS2_PLACEMENT_3D ( 'NONE', #1442, #1926, #5151 ) ;
#750 = DIRECTION ( 'NONE',  ( 0.000000000000000000, 0.6726603737012442075, -0.7399513643828913301 ) ) ;
#751 = DIRECTION ( 'NONE',  ( 0.000000000000000000, 0.000000000000000000, 1.000000000000000000 ) ) ;
#752 = DIRECTION ( 'NONE',  ( -1.000000000000000000, -0.000000000000000000, -0.000000000000000000 ) ) ;
#753 = EDGE_CURVE ( 'NONE', #2809, #2651, #1872, .T. ) ;
#754 = ORIENTED_EDGE ( 'NONE', *, *, #965, .F. ) ;
#755 = ORIENTED_EDGE ( 'NONE', *, *, #2806, .F. ) ;
#756 = CIRCLE ( 'NONE', #2329, 3.000000000000002665 ) ;
#757 = DIRECTION ( 'NONE',  ( -1.000000000000000000, 0.000000000000000000, 0.000000000000000000 ) ) ;
#758 = ORIENTED_EDGE ( 'NONE', *, *, #5757, .T. ) ;
#759 = CARTESIAN_POINT ( 'NONE',  ( 16.01049721830911921, 26.78395599533737581, -17.96335718176952412 ) ) ;
#760 = CARTESIAN_POINT ( 'NONE',  ( 16.01049721830911921, 26.54824439462987584, -17.13904290252226303 ) ) ;
#761 = VECTOR ( 'NONE', #4360, 1000.000000000000000 ) ;
#762 = CARTESIAN_POINT ( 'NONE',  ( 89.00010752509841438, 18.96605182169770032, -6.441255956463567856 ) ) ;
#763 = EDGE_CURVE ( 'NONE', #1500, #3629, #2164, .T. ) ;
#764 = EDGE_LOOP ( 'NONE', ( #2627, #4645, #4198, #3244 ) ) ;
#765 = ORIENTED_EDGE ( 'NONE', *, *, #1999, .F. ) ;
#766 = AXIS2_PLACEMENT_3D ( 'NONE', #441, #2056, #1005 ) ;
#767 = ORIENTED_EDGE ( 'NONE', *, *, #1971, .T. ) ;
#768 = AXIS2_PLACEMENT_3D ( 'NONE', #5148, #1923, #2923 ) ;
#769 = CARTESIAN_POINT ( 'NONE',  ( 25.36049721830912418, 7.927712988149142603, 16.40622836844384125 ) ) ;
#770 = ORIENTED_EDGE ( 'NONE', *, *, #2760, .F. ) ;
#771 = DIRECTION ( 'NONE',  ( -1.000000000000000000, 0.000000000000000000, 0.000000000000000000 ) ) ;
#772 = DIRECTION ( 'NONE',  ( -1.000000000000000000, -0.000000000000000000, -0.000000000000000000 ) ) ;
#773 = CARTESIAN_POINT ( 'NONE',  ( 25.60010050217467636, 26.88842138021892580, 17.11551782266228017 ) ) ;
#774 = CARTESIAN_POINT ( 'NONE',  ( 25.52624695367774521, 30.33822718764679749, 8.840138186828504274 ) ) ;
#775 = ORIENTED_EDGE ( 'NONE', *, *, #2262, .F. ) ;
#776 = ORIENTED_EDGE ( 'NONE', *, *, #5206, .T. ) ;
#777 = DIRECTION ( 'NONE',  ( 1.000000000000000000, -0.000000000000000000, -0.000000000000000000 ) ) ;
#778 = EDGE_CURVE ( 'NONE', #4280, #565, #4827, .T. ) ;
#779 = CARTESIAN_POINT ( 'NONE',  ( 19.91049721830912134, 0.000000000000000000, 0.000000000000000000 ) ) ;
#780 = CYLINDRICAL_SURFACE ( 'NONE', #2034, 3.000000000000002665 ) ;
#781 = EDGE_LOOP ( 'NONE', ( #5692, #4814, #1883, #2621 ) ) ;
#782 = EDGE_CURVE ( 'NONE', #5165, #3558, #4795, .T. ) ;
#783 = VERTEX_POINT ( 'NONE', #4293 ) ;
#784 = LINE ( 'NONE', #2509, #5839 ) ;
#785 = DIRECTION ( 'NONE',  ( -1.000000000000000000, 0.000000000000000000, 0.000000000000000000 ) ) ;
#786 = DIRECTION ( 'NONE',  ( -1.000000000000000000, -0.000000000000000000, -0.000000000000000000 ) ) ;
#787 = CIRCLE ( 'NONE', #5743, 3.000000000000002665 ) ;
#788 = ORIENTED_EDGE ( 'NONE', *, *, #3995, .T. ) ;
#789 = ORIENTED_EDGE ( 'NONE', *, *, #4531, .T. ) ;
#790 = CIRCLE ( 'NONE', #3264, 20.02999999999999758 ) ;
#791 = CYLINDRICAL_SURFACE ( 'NONE', #1724, 0.5000000000000004441 ) ;
#792 = ORIENTED_EDGE ( 'NONE', *, *, #6392, .F. ) ;
#793 = CARTESIAN_POINT ( 'NONE',  ( 25.43063748263523749, 31.36505133114902932, 5.671129486484199234 ) ) ;
#794 = EDGE_CURVE ( 'NONE', #379, #5491, #51, .T. ) ;
#795 = DIRECTION ( 'NONE',  ( 0.000000000000000000, 0.9192603035816601098, -0.3936502181619542795 ) ) ;
#796 = CIRCLE ( 'NONE', #2148, 0.5000000000000004441 ) ;
#797 = DIRECTION ( 'NONE',  ( 0.000000000000000000, 0.000000000000000000, -1.000000000000000000 ) ) ;
#798 = EDGE_LOOP ( 'NONE', ( #264, #1989, #1432, #3523 ) ) ;
#799 = ORIENTED_EDGE ( 'NONE', *, *, #6955, .F. ) ;
#800 = AXIS2_PLACEMENT_3D ( 'NONE', #6173, #5229, #1339 ) ;
#801 = VECTOR ( 'NONE', #338, 1000.000000000000000 ) ;
#802 = EDGE_LOOP ( 'NONE', ( #2605, #272, #4256, #5279 ) ) ;
#803 = CARTESIAN_POINT ( 'NONE',  ( 19.91049721830912134, 16.17618497092549390, 27.14566469692534767 ) ) ;
#804 = ORIENTED_EDGE ( 'NONE', *, *, #3846, .F. ) ;
#805 = EDGE_CURVE ( 'NONE', #6751, #6779, #4761, .T. ) ;
#806 = DIRECTION ( 'NONE',  ( 0.000000000000000000, 0.000000000000000000, 1.000000000000000000 ) ) ;
#807 = FACE_OUTER_BOUND ( 'NONE', #4291, .T. ) ;
#808 = DIRECTION ( 'NONE',  ( -1.000000000000000000, 0.000000000000000000, -0.000000000000000000 ) ) ;
#809 = DIRECTION ( 'NONE',  ( 0.000000000000000000, 0.000000000000000000, 1.000000000000000000 ) ) ;
#810 = VERTEX_POINT ( 'NONE', #5288 ) ;
#811 = AXIS2_PLACEMENT_3D ( 'NONE', #104, #213, #6488 ) ;
#812 = DIRECTION ( 'NONE',  ( -1.000000000000000000, 0.000000000000000000, 0.000000000000000000 ) ) ;
#813 = DIRECTION ( 'NONE',  ( -1.000000000000000000, 0.000000000000000000, 0.000000000000000000 ) ) ;
#814 = DIRECTION ( 'NONE',  ( 0.000000000000000000, 0.000000000000000000, 1.000000000000000000 ) ) ;
#815 = AXIS2_PLACEMENT_3D ( 'NONE', #5020, #3332, #676 ) ;
#816 = EDGE_CURVE ( 'NONE', #490, #6442, #2109, .T. ) ;
#817 = ORIENTED_EDGE ( 'NONE', *, *, #4779, .T. ) ;
#818 = DIRECTION ( 'NONE',  ( 0.000000000000000000, 0.000000000000000000, 1.000000000000000000 ) ) ;
#819 = LINE ( 'NONE', #4607, #4770 ) ;
#820 = CIRCLE ( 'NONE', #1269, 32.25000000000000000 ) ;
#821 = LINE ( 'NONE', #3473, #5536 ) ;
#822 = EDGE_CURVE ( 'NONE', #3425, #3324, #3588, .T. ) ;
#823 = AXIS2_PLACEMENT_3D ( 'NONE', #1731, #1207, #10 ) ;
#824 = ORIENTED_EDGE ( 'NONE', *, *, #5400, .T. ) ;
#825 = ORIENTED_EDGE ( 'NONE', *, *, #6213, .F. ) ;
#826 = EDGE_CURVE ( 'NONE', #3453, #6717, #4857, .T. ) ;
#827 = DIRECTION ( 'NONE',  ( 1.000000000000000000, -0.000000000000000000, 0.000000000000000000 ) ) ;
#828 = VERTEX_POINT ( 'NONE', #3200 ) ;
#829 = DIRECTION ( 'NONE',  ( 0.000000000000000000, -0.2893355710634429312, 0.9572277301235017077 ) ) ;
#830 = DIRECTION ( 'NONE',  ( 1.000000000000000000, -0.000000000000000000, -0.000000000000000000 ) ) ;
#831 = DIRECTION ( 'NONE',  ( 0.000000000000000000, 0.7557495743542543831, -0.6548607339452894305 ) ) ;
#832 = DIRECTION ( 'NONE',  ( 1.000000000000000000, 0.000000000000000000, 0.000000000000000000 ) ) ;
#833 = EDGE_CURVE ( 'NONE', #5735, #1291, #1434, .T. ) ;
#834 = VERTEX_POINT ( 'NONE', #4892 ) ;
#835 = ORIENTED_EDGE ( 'NONE', *, *, #4140, .T. ) ;
#836 = ORIENTED_EDGE ( 'NONE', *, *, #4636, .F. ) ;
#837 = VECTOR ( 'NONE', #1581, 1000.000000000000000 ) ;
#838 = DIRECTION ( 'NONE',  ( 1.000000000000000000, -0.000000000000000000, -0.000000000000000000 ) ) ;
#839 = ORIENTED_EDGE ( 'NONE', *, *, #3411, .F. ) ;
#840 = AXIS2_PLACEMENT_3D ( 'NONE', #3044, #6826, #2379 ) ;
#841 = DIRECTION ( 'NONE',  ( 0.000000000000000000, 0.9898214418809332393, 0.1423148382732815354 ) ) ;
#842 = DIRECTION ( 'NONE',  ( -1.000000000000000000, 0.000000000000000000, 0.000000000000000000 ) ) ;
#843 = CARTESIAN_POINT ( 'NONE',  ( 19.91049721830912134, 7.870872375830011869, 30.88652655611310749 ) ) ;
#844 = ORIENTED_EDGE ( 'NONE', *, *, #4499, .F. ) ;
#845 = CIRCLE ( 'NONE', #4796, 0.5000000000000004441 ) ;
#846 = ADVANCED_FACE ( 'NONE', ( #1571 ), #1609, .F. ) ;
#847 = DIRECTION ( 'NONE',  ( 0.000000000000000000, -6.938893903907222067E-15, 1.000000000000000000 ) ) ;
#848 = DIRECTION ( 'NONE',  ( -1.000000000000000000, 0.000000000000000000, -0.000000000000000000 ) ) ;
#849 = CARTESIAN_POINT ( 'NONE',  ( 16.01049721830911921, -25.70530160745082071, -19.88686675346286847 ) ) ;
#850 = DIRECTION ( 'NONE',  ( -1.000000000000000000, -0.000000000000000000, 0.000000000000000000 ) ) ;
#851 = EDGE_CURVE ( 'NONE', #2542, #19, #3798, .T. ) ;
#852 = ORIENTED_EDGE ( 'NONE', *, *, #5783, .F. ) ;
#853 = CARTESIAN_POINT ( 'NONE',  ( 19.91049721830912134, -32.24382171527122409, 0.6312378266579862229 ) ) ;
#854 = CYLINDRICAL_SURFACE ( 'NONE', #3532, 3.145000000000001794 ) ;
#855 = PLANE ( 'NONE',  #2270 ) ;
#856 = EDGE_CURVE ( 'NONE', #180, #2460, #4326, .T. ) ;
#857 = CIRCLE ( 'NONE', #1749, 3.000000000000001776 ) ;
#858 = ORIENTED_EDGE ( 'NONE', *, *, #4939, .T. ) ;
#859 = VERTEX_POINT ( 'NONE', #4259 ) ;
#860 = DIRECTION ( 'NONE',  ( 0.000000000000000000, 0.000000000000000000, 1.000000000000000000 ) ) ;
#861 = EDGE_LOOP ( 'NONE', ( #6832, #4086, #1246, #5254 ) ) ;
#862 = CARTESIAN_POINT ( 'NONE',  ( 25.56462533844871388, -29.45200432122972600, 12.18636927556152472 ) ) ;
#863 = CARTESIAN_POINT ( 'NONE',  ( 19.91049721830912134, -12.62160801275758537, 29.13344317399323558 ) ) ;
#864 = DIRECTION ( 'NONE',  ( -1.000000000000000000, 0.000000000000000000, 0.000000000000000000 ) ) ;
#865 = EDGE_CURVE ( 'NONE', #1302, #5102, #1991, .T. ) ;
#866 = CIRCLE ( 'NONE', #6154, 0.5000000000000004441 ) ;
#867 = ORIENTED_EDGE ( 'NONE', *, *, #5631, .T. ) ;
#868 = ORIENTED_EDGE ( 'NONE', *, *, #5911, .T. ) ;
#869 = VERTEX_POINT ( 'NONE', #6471 ) ;
#870 = ORIENTED_EDGE ( 'NONE', *, *, #1898, .T. ) ;
#871 = EDGE_CURVE ( 'NONE', #4008, #6930, #1636, .T. ) ;
#872 = DIRECTION ( 'NONE',  ( 0.000000000000000000, -0.3936502181619473961, -0.9192603035816629964 ) ) ;
#873 = VECTOR ( 'NONE', #6587, 1000.000000000000000 ) ;
#874 = VERTEX_POINT ( 'NONE', #6504 ) ;
#875 = DIRECTION ( 'NONE',  ( 1.000000000000000000, -0.000000000000000000, -0.000000000000000000 ) ) ;
#876 = DIRECTION ( 'NONE',  ( 0.000000000000000000, -2.081668171172166620E-14, 1.000000000000000000 ) ) ;
#877 = EDGE_CURVE ( 'NONE', #1634, #4612, #1763, .T. ) ;
#878 = LINE ( 'NONE', #3603, #1445 ) ;
#879 = ORIENTED_EDGE ( 'NONE', *, *, #3068, .T. ) ;
#880 = VECTOR ( 'NONE', #229, 1000.000000000000000 ) ;
#881 = DIRECTION ( 'NONE',  ( 0.000000000000000000, 0.9525166539358653761, 0.3044864922698913845 ) ) ;
#882 = LINE ( 'NONE', #6136, #348 ) ;
#883 = AXIS2_PLACEMENT_3D ( 'NONE', #148, #5019, #6604 ) ;
#884 = CARTESIAN_POINT ( 'NONE',  ( 16.01049721830911921, 23.16875334171638201, 21.48871658899622616 ) ) ;
#885 = EDGE_CURVE ( 'NONE', #5098, #6099, #3013, .T. ) ;
#886 = DIRECTION ( 'NONE',  ( 0.000000000000000000, 0.000000000000000000, 1.000000000000000000 ) ) ;
#887 = CYLINDRICAL_SURFACE ( 'NONE', #2659, 0.5000000000000004441 ) ;
#888 = AXIS2_PLACEMENT_3D ( 'NONE', #2946, #4542, #832 ) ;
#889 = ORIENTED_EDGE ( 'NONE', *, *, #3259, .T. ) ;
#890 = CARTESIAN_POINT ( 'NONE',  ( 19.91049721830912134, 0.000000000000000000, 0.000000000000000000 ) ) ;
#891 = FACE_OUTER_BOUND ( 'NONE', #527, .T. ) ;
#892 = EDGE_CURVE ( 'NONE', #1925, #5082, #2803, .T. ) ;
#893 = EDGE_LOOP ( 'NONE', ( #5542, #2960, #1108, #6661 ) ) ;
#894 = ORIENTED_EDGE ( 'NONE', *, *, #2183, .T. ) ;
#895 = PLANE ( 'NONE',  #840 ) ;
#896 = ORIENTED_EDGE ( 'NONE', *, *, #6086, .T. ) ;
#897 = DIRECTION ( 'NONE',  ( 1.000000000000000000, 0.000000000000000000, 0.000000000000000000 ) ) ;
#898 = DIRECTION ( 'NONE',  ( 0.000000000000000000, -0.9659258262890675351, 0.2588190451025234040 ) ) ;
#899 = CIRCLE ( 'NONE', #1343, 3.204999999999998739 ) ;
#900 = CYLINDRICAL_SURFACE ( 'NONE', #2140, 3.000000000000002665 ) ;
#901 = AXIS2_PLACEMENT_3D ( 'NONE', #3392, #173, #2289 ) ;
#902 = ORIENTED_EDGE ( 'NONE', *, *, #5560, .F. ) ;
#903 = VERTEX_POINT ( 'NONE', #2765 ) ;
#904 = EDGE_CURVE ( 'NONE', #1435, #3355, #5608, .T. ) ;
#905 = ORIENTED_EDGE ( 'NONE', *, *, #3687, .F. ) ;
#906 = CARTESIAN_POINT ( 'NONE',  ( 25.59583794145657976, -20.97725278806198546, -23.99756279549716709 ) ) ;
#907 = ORIENTED_EDGE ( 'NONE', *, *, #6223, .T. ) ;
#908 = CIRCLE ( 'NONE', #1682, 3.205000000000000515 ) ;
#909 = DIRECTION ( 'NONE',  ( 1.000000000000000000, -0.000000000000000000, -0.000000000000000000 ) ) ;
#910 = DIRECTION ( 'NONE',  ( 0.000000000000000000, 0.000000000000000000, -1.000000000000000000 ) ) ;
#911 = CARTESIAN_POINT ( 'NONE',  ( 19.91049721830912134, 13.36663193154260298, 28.93546794964182922 ) ) ;
#912 = FACE_OUTER_BOUND ( 'NONE', #214, .T. ) ;
#913 = AXIS2_PLACEMENT_3D ( 'NONE', #4702, #2107, #463 ) ;
#914 = EDGE_CURVE ( 'NONE', #5569, #3561, #4933, .T. ) ;
#915 = VERTEX_POINT ( 'NONE', #1736 ) ;
#916 = DIRECTION ( 'NONE',  ( 1.000000000000000000, -0.000000000000000000, -0.000000000000000000 ) ) ;
#917 = DIRECTION ( 'NONE',  ( -1.000000000000000000, 0.000000000000000000, -0.000000000000000000 ) ) ;
#918 = DIRECTION ( 'NONE',  ( 1.000000000000000000, -0.000000000000000000, -0.000000000000000000 ) ) ;
#919 = ORIENTED_EDGE ( 'NONE', *, *, #1678, .T. ) ;
#920 = CYLINDRICAL_SURFACE ( 'NONE', #5754, 20.02999999999999758 ) ;
#921 = DIRECTION ( 'NONE',  ( 0.000000000000000000, 0.000000000000000000, 1.000000000000000000 ) ) ;
#922 = ORIENTED_EDGE ( 'NONE', *, *, #1427, .T. ) ;
#923 = VERTEX_POINT ( 'NONE', #1287 ) ;
#924 = FACE_OUTER_BOUND ( 'NONE', #2534, .T. ) ;
#925 = FACE_OUTER_BOUND ( 'NONE', #4389, .T. ) ;
#926 = CARTESIAN_POINT ( 'NONE',  ( 25.36049721830912418, 2.755455298081545172E-15, -22.50000000000000355 ) ) ;
#927 = CIRCLE ( 'NONE', #3524, 3.205000000000000515 ) ;
#928 = EDGE_LOOP ( 'NONE', ( #5609, #577, #1140, #3249 ) ) ;
#929 = ORIENTED_EDGE ( 'NONE', *, *, #1844, .T. ) ;
#930 = EDGE_CURVE ( 'NONE', #3450, #5197, #5718, .T. ) ;
#931 = CARTESIAN_POINT ( 'NONE',  ( 25.36049721830912418, 0.000000000000000000, 0.000000000000000000 ) ) ;
#932 = ORIENTED_EDGE ( 'NONE', *, *, #6468, .T. ) ;
#933 = CIRCLE ( 'NONE', #1711, 20.02999999999999758 ) ;
#934 = CARTESIAN_POINT ( 'NONE',  ( 89.00010752509841438, -10.06881816610630587, -13.47959664596413987 ) ) ;
#935 = CYLINDRICAL_SURFACE ( 'NONE', #3171, 32.25000000000000000 ) ;
#936 = CARTESIAN_POINT ( 'NONE',  ( 25.56462533844871388, -28.76809848777842049, 15.12106178141870494 ) ) ;
#937 = ORIENTED_EDGE ( 'NONE', *, *, #1259, .T. ) ;
#938 = ORIENTED_EDGE ( 'NONE', *, *, #939, .F. ) ;
#939 = EDGE_CURVE ( 'NONE', #2272, #5208, #684, .T. ) ;
#940 = ORIENTED_EDGE ( 'NONE', *, *, #525, .F. ) ;
#941 = CARTESIAN_POINT ( 'NONE',  ( 19.91049721830912134, 29.17147211914313232, -12.14830385089005915 ) ) ;
#942 = ORIENTED_EDGE ( 'NONE', *, *, #3280, .T. ) ;
#943 = DIRECTION ( 'NONE',  ( 0.000000000000000000, 0.000000000000000000, 1.000000000000000000 ) ) ;
#944 = CIRCLE ( 'NONE', #4340, 3.000000000000004441 ) ;
#945 = LINE ( 'NONE', #3202, #4954 ) ;
#946 = CARTESIAN_POINT ( 'NONE',  ( 25.41204637760865026, -4.673126050350215444, -31.52919357636065811 ) ) ;
#947 = EDGE_CURVE ( 'NONE', #5256, #3445, #2309, .T. ) ;
#948 = EDGE_LOOP ( 'NONE', ( #2445, #2185, #6933, #1283 ) ) ;
#949 = ORIENTED_EDGE ( 'NONE', *, *, #744, .T. ) ;
#950 = ORIENTED_EDGE ( 'NONE', *, *, #4255, .F. ) ;
#951 = AXIS2_PLACEMENT_3D ( 'NONE', #5648, #6776, #5613 ) ;
#952 = CIRCLE ( 'NONE', #5454, 32.25000000000000000 ) ;
#953 = CARTESIAN_POINT ( 'NONE',  ( 16.01049721830911921, -30.26683409500843780, -11.83928857090812059 ) ) ;
#954 = DIRECTION ( 'NONE',  ( -1.000000000000000000, -0.000000000000000000, -0.000000000000000000 ) ) ;
#955 = CARTESIAN_POINT ( 'NONE',  ( 16.01049721830911921, -13.06773822222154458, 28.77134494261581921 ) ) ;
#956 = CARTESIAN_POINT ( 'NONE',  ( 18.71049721830912205, -16.06895312500000017, -4.986919937852697160 ) ) ;
#957 = DIRECTION ( 'NONE',  ( 0.000000000000000000, 0.2817325568414231762, -0.9594929736144992560 ) ) ;
#958 = AXIS2_PLACEMENT_3D ( 'NONE', #241, #3531, #6660 ) ;
#959 = EDGE_LOOP ( 'NONE', ( #978, #6859, #770, #4084 ) ) ;
#960 = AXIS2_PLACEMENT_3D ( 'NONE', #6838, #6908, #6341 ) ;
#961 = DIRECTION ( 'NONE',  ( 0.000000000000000000, 0.000000000000000000, -1.000000000000000000 ) ) ;
#962 = EDGE_CURVE ( 'NONE', #4152, #2272, #6168, .T. ) ;
#963 = DIRECTION ( 'NONE',  ( 1.000000000000000000, -0.000000000000000000, 0.000000000000000000 ) ) ;
#964 = CARTESIAN_POINT ( 'NONE',  ( 18.71049721830912205, 0.000000000000000000, 0.000000000000000000 ) ) ;
#965 = EDGE_CURVE ( 'NONE', #5813, #490, #1250, .T. ) ;
#966 = VERTEX_POINT ( 'NONE', #5519 ) ;
#967 = ORIENTED_EDGE ( 'NONE', *, *, #2456, .F. ) ;
#968 = DIRECTION ( 'NONE',  ( -1.000000000000000000, 0.000000000000000000, 0.000000000000000000 ) ) ;
#969 = VERTEX_POINT ( 'NONE', #4391 ) ;
#970 = LINE ( 'NONE', #4182, #6060 ) ;
#971 = CARTESIAN_POINT ( 'NONE',  ( 19.91049721830912134, -4.432578430805260261, 31.28751061535984235 ) ) ;
#972 = DIRECTION ( 'NONE',  ( 0.000000000000000000, 0.000000000000000000, 1.000000000000000000 ) ) ;
#973 = EDGE_CURVE ( 'NONE', #5311, #3826, #2911, .T. ) ;
#974 = VERTEX_POINT ( 'NONE', #5591 ) ;
#975 = VERTEX_POINT ( 'NONE', #2839 ) ;
#976 = ORIENTED_EDGE ( 'NONE', *, *, #753, .F. ) ;
#977 = DIRECTION ( 'NONE',  ( 0.000000000000000000, 1.082510749439504836E-15, -1.000000000000000000 ) ) ;
#978 = ORIENTED_EDGE ( 'NONE', *, *, #3943, .T. ) ;
#979 = DIRECTION ( 'NONE',  ( -1.000000000000000000, 0.000000000000000000, -0.000000000000000000 ) ) ;
#980 = AXIS2_PLACEMENT_3D ( 'NONE', #2333, #3818, #6602 ) ;
#981 = LINE ( 'NONE', #5291, #1899 ) ;
#982 = EDGE_CURVE ( 'NONE', #6681, #4558, #3300, .T. ) ;
#983 = CARTESIAN_POINT ( 'NONE',  ( 19.91049721830912134, 16.02133064797977369, 27.98891681126842101 ) ) ;
#984 = ORIENTED_EDGE ( 'NONE', *, *, #4324, .F. ) ;
#985 = ORIENTED_EDGE ( 'NONE', *, *, #2510, .F. ) ;
#986 = CARTESIAN_POINT ( 'NONE',  ( 19.91049721830912134, -26.61876108426052312, -17.02931679165527967 ) ) ;
#987 = DIRECTION ( 'NONE',  ( 1.000000000000000000, -0.000000000000000000, -0.000000000000000000 ) ) ;
#988 = DIRECTION ( 'NONE',  ( 1.000000000000000000, -0.000000000000000000, -0.000000000000000000 ) ) ;
#989 = DIRECTION ( 'NONE',  ( 0.000000000000000000, 0.000000000000000000, 1.000000000000000000 ) ) ;
#990 = DIRECTION ( 'NONE',  ( -1.000000000000000000, -0.000000000000000000, -0.000000000000000000 ) ) ;
#991 = AXIS2_PLACEMENT_3D ( 'NONE', #3046, #2943, #4577 ) ;
#992 = EDGE_CURVE ( 'NONE', #2679, #3692, #4996, .T. ) ;
#993 = ORIENTED_EDGE ( 'NONE', *, *, #1765, .F. ) ;
#994 = AXIS2_PLACEMENT_3D ( 'NONE', #5604, #1153, #6096 ) ;
#995 = PLANE ( 'NONE',  #3742 ) ;
#996 = DIRECTION ( 'NONE',  ( 0.000000000000000000, -0.2817325568414162373, 0.9594929736145013655 ) ) ;
#997 = DIRECTION ( 'NONE',  ( -1.000000000000000000, 0.000000000000000000, 0.000000000000000000 ) ) ;
#998 = ADVANCED_FACE ( 'NONE', ( #5451 ), #5028, .T. ) ;
#999 = CIRCLE ( 'NONE', #3936, 3.204999999999999627 ) ;
#1000 = ORIENTED_EDGE ( 'NONE', *, *, #1379, .T. ) ;
#1001 = ORIENTED_EDGE ( 'NONE', *, *, #6075, .T. ) ;
#1002 = ADVANCED_FACE ( 'NONE', ( #191 ), #2381, .T. ) ;
#1003 = DIRECTION ( 'NONE',  ( 0.000000000000000000, 0.000000000000000000, -1.000000000000000000 ) ) ;
#1004 = ORIENTED_EDGE ( 'NONE', *, *, #871, .F. ) ;
#1005 = DIRECTION ( 'NONE',  ( 0.000000000000000000, 0.000000000000000000, -1.000000000000000000 ) ) ;
#1006 = CARTESIAN_POINT ( 'NONE',  ( 19.91049721830912134, -30.26683409500843780, -11.83928857090812059 ) ) ;
#1007 = CARTESIAN_POINT ( 'NONE',  ( 25.56462533844871388, -26.54824439462975150, 17.13904290252244422 ) ) ;
#1008 = ORIENTED_EDGE ( 'NONE', *, *, #5349, .F. ) ;
#1009 = AXIS2_PLACEMENT_3D ( 'NONE', #5224, #387, #1099 ) ;
#1010 = ORIENTED_EDGE ( 'NONE', *, *, #5033, .T. ) ;
#1011 = ORIENTED_EDGE ( 'NONE', *, *, #6017, .F. ) ;
#1012 = CIRCLE ( 'NONE', #4056, 0.5000000000000004441 ) ;
#1013 = DIRECTION ( 'NONE',  ( -1.000000000000000000, 0.000000000000000000, 0.000000000000000000 ) ) ;
#1014 = CARTESIAN_POINT ( 'NONE',  ( 19.91049721830912134, -13.75219179141508441, -29.11712286258238080 ) ) ;
#1015 = CYLINDRICAL_SURFACE ( 'NONE', #5394, 32.25000000000000000 ) ;
#1016 = ORIENTED_EDGE ( 'NONE', *, *, #5808, .F. ) ;
#1017 = CIRCLE ( 'NONE', #2247, 32.25000000000000000 ) ;
#1018 = ORIENTED_EDGE ( 'NONE', *, *, #5076, .T. ) ;
#1019 = AXIS2_PLACEMENT_3D ( 'NONE', #4131, #5786, #1580 ) ;
#1020 = EDGE_CURVE ( 'NONE', #2924, #1733, #533, .T. ) ;
#1021 = DIRECTION ( 'NONE',  ( 0.000000000000000000, 0.000000000000000000, -1.000000000000000000 ) ) ;
#1022 = CARTESIAN_POINT ( 'NONE',  ( 18.71049721830912205, -3.229684546774037379, -17.93271034250898666 ) ) ;
#1023 = DIRECTION ( 'NONE',  ( 0.000000000000000000, 0.000000000000000000, 1.000000000000000000 ) ) ;
#1024 = DIRECTION ( 'NONE',  ( 1.000000000000000000, -0.000000000000000000, -0.000000000000000000 ) ) ;
#1025 = CARTESIAN_POINT ( 'NONE',  ( 19.91049721830912134, 7.873118297266509913, 30.60343249259373977 ) ) ;
#1026 = AXIS2_PLACEMENT_3D ( 'NONE', #3064, #954, #3104 ) ;
#1027 = AXIS2_PLACEMENT_3D ( 'NONE', #1118, #3313, #2175 ) ;
#1028 = CARTESIAN_POINT ( 'NONE',  ( 16.01049721830911921, 0.000000000000000000, 0.000000000000000000 ) ) ;
#1029 = CARTESIAN_POINT ( 'NONE',  ( 25.56462533844871388, -26.73867654581803777, 17.34852533318622392 ) ) ;
#1030 = CARTESIAN_POINT ( 'NONE',  ( 25.36049721830912418, -18.96605182169769321, -6.441255956463578514 ) ) ;
#1031 = EDGE_CURVE ( 'NONE', #4557, #3072, #122, .T. ) ;
#1032 = ORIENTED_EDGE ( 'NONE', *, *, #1844, .F. ) ;
#1033 = ORIENTED_EDGE ( 'NONE', *, *, #172, .T. ) ;
#1034 = DIRECTION ( 'NONE',  ( -1.000000000000000000, 0.000000000000000000, 0.000000000000000000 ) ) ;
#1035 = VERTEX_POINT ( 'NONE', #1801 ) ;
#1036 = DIRECTION ( 'NONE',  ( 0.000000000000000000, 0.000000000000000000, 1.000000000000000000 ) ) ;
#1037 = CIRCLE ( 'NONE', #1598, 32.25000000000000000 ) ;
#1038 = AXIS2_PLACEMENT_3D ( 'NONE', #4032, #963, #4709 ) ;
#1039 = CARTESIAN_POINT ( 'NONE',  ( 16.01049721830911921, -32.11511552628377331, 2.946498724494393873 ) ) ;
#1040 = ADVANCED_FACE ( 'NONE', ( #6649 ), #1702, .F. ) ;
#1041 = CARTESIAN_POINT ( 'NONE',  ( 89.00010752509841438, -0.2227368943023867731, -16.82352558995636116 ) ) ;
#1042 = EDGE_CURVE ( 'NONE', #4544, #1302, #5728, .T. ) ;
#1043 = EDGE_LOOP ( 'NONE', ( #2685, #1256, #949, #3488 ) ) ;
#1044 = ORIENTED_EDGE ( 'NONE', *, *, #5661, .F. ) ;
#1045 = CIRCLE ( 'NONE', #2055, 3.205000000000001403 ) ;
#1046 = ORIENTED_EDGE ( 'NONE', *, *, #4273, .T. ) ;
#1047 = CARTESIAN_POINT ( 'NONE',  ( 19.91049721830912134, -31.10847290275963672, -5.551485000408850290 ) ) ;
#1048 = EDGE_CURVE ( 'NONE', #1942, #4121, #6188, .T. ) ;
#1049 = DIRECTION ( 'NONE',  ( -1.000000000000000000, 0.000000000000000000, 0.000000000000000000 ) ) ;
#1050 = DIRECTION ( 'NONE',  ( 1.000000000000000000, -0.000000000000000000, -0.000000000000000000 ) ) ;
#1051 = ORIENTED_EDGE ( 'NONE', *, *, #1806, .F. ) ;
#1052 = ORIENTED_EDGE ( 'NONE', *, *, #6883, .T. ) ;
#1053 = FACE_OUTER_BOUND ( 'NONE', #239, .T. ) ;
#1054 = LINE ( 'NONE', #2643, #837 ) ;
#1055 = DIRECTION ( 'NONE',  ( 0.000000000000000000, 0.000000000000000000, 1.000000000000000000 ) ) ;
#1056 = DIRECTION ( 'NONE',  ( 0.000000000000000000, 0.000000000000000000, 1.000000000000000000 ) ) ;
#1057 = ADVANCED_FACE ( 'NONE', ( #1355 ), #2976, .F. ) ;
#1058 = AXIS2_PLACEMENT_3D ( 'NONE', #2816, #97, #5987 ) ;
#1059 = FACE_OUTER_BOUND ( 'NONE', #3316, .T. ) ;
#1060 = AXIS2_PLACEMENT_3D ( 'NONE', #5132, #3550, #1873 ) ;
#1061 = CARTESIAN_POINT ( 'NONE',  ( 19.91049721830912134, 13.96876174088640177, 29.06778621474893498 ) ) ;
#1062 = DIRECTION ( 'NONE',  ( 0.000000000000000000, 0.5406408174555986657, 0.8412535328311804284 ) ) ;
#1063 = EDGE_CURVE ( 'NONE', #859, #5102, #317, .T. ) ;
#1064 = VERTEX_POINT ( 'NONE', #6791 ) ;
#1065 = AXIS2_PLACEMENT_3D ( 'NONE', #3562, #276, #3986 ) ;
#1066 = CARTESIAN_POINT ( 'NONE',  ( 19.91049721830912134, 1.149693357779377534, -31.85288620896325895 ) ) ;
#1067 = EDGE_LOOP ( 'NONE', ( #2354, #165, #1495, #4036 ) ) ;
#1068 = DIRECTION ( 'NONE',  ( 0.000000000000000000, -4.336808689942013949E-14, 1.000000000000000000 ) ) ;
#1069 = EDGE_CURVE ( 'NONE', #4290, #6409, #407, .T. ) ;
#1070 = DIRECTION ( 'NONE',  ( 0.000000000000000000, -8.673617379884027583E-16, 1.000000000000000000 ) ) ;
#1071 = CARTESIAN_POINT ( 'NONE',  ( 19.91049721830912134, 16.17618497092549390, 27.14566469692534767 ) ) ;
#1072 = ORIENTED_EDGE ( 'NONE', *, *, #3501, .T. ) ;
#1073 = ORIENTED_EDGE ( 'NONE', *, *, #992, .T. ) ;
#1074 = ORIENTED_EDGE ( 'NONE', *, *, #5605, .F. ) ;
#1075 = DIRECTION ( 'NONE',  ( 0.000000000000000000, 0.5472976633393302759, -0.8369380309815709351 ) ) ;
#1076 = ADVANCED_FACE ( 'NONE', ( #6151 ), #3083, .F. ) ;
#1077 = ORIENTED_EDGE ( 'NONE', *, *, #4969, .T. ) ;
#1078 = DIRECTION ( 'NONE',  ( 0.000000000000000000, -0.9128989540240145528, 0.4081856192247103610 ) ) ;
#1079 = LINE ( 'NONE', #3710, #2227 ) ;
#1080 = ORIENTED_EDGE ( 'NONE', *, *, #695, .T. ) ;
#1081 = ORIENTED_EDGE ( 'NONE', *, *, #4341, .T. ) ;
#1082 = ADVANCED_FACE ( 'NONE', ( #265 ), #4115, .F. ) ;
#1083 = DIRECTION ( 'NONE',  ( 0.000000000000000000, 0.1187190626573184221, 0.9929278846732866315 ) ) ;
#1084 = VECTOR ( 'NONE', #1642, 1000.000000000000000 ) ;
#1085 = EDGE_CURVE ( 'NONE', #4762, #1798, #6739, .T. ) ;
#1086 = CYLINDRICAL_SURFACE ( 'NONE', #2411, 0.5000000000000004441 ) ;
#1087 = DIRECTION ( 'NONE',  ( 0.000000000000000000, 0.000000000000000000, 1.000000000000000000 ) ) ;
#1088 = CARTESIAN_POINT ( 'NONE',  ( 25.36049721830912418, 9.708422300576446062, 13.74143956918888421 ) ) ;
#1089 = AXIS2_PLACEMENT_3D ( 'NONE', #3093, #1364, #5255 ) ;
#1090 = VERTEX_POINT ( 'NONE', #6721 ) ;
#1091 = EDGE_CURVE ( 'NONE', #6635, #6326, #6756, .T. ) ;
#1092 = CARTESIAN_POINT ( 'NONE',  ( 19.91049721830912134, 0.000000000000000000, 0.000000000000000000 ) ) ;
#1093 = VECTOR ( 'NONE', #647, 1000.000000000000000 ) ;
#1094 = LINE ( 'NONE', #469, #6451 ) ;
#1095 = DIRECTION ( 'NONE',  ( 0.000000000000000000, 0.000000000000000000, 1.000000000000000000 ) ) ;
#1096 = ORIENTED_EDGE ( 'NONE', *, *, #1594, .F. ) ;
#1097 = AXIS2_PLACEMENT_3D ( 'NONE', #3696, #5903, #4751 ) ;
#1098 = AXIS2_PLACEMENT_3D ( 'NONE', #774, #2209, #2887 ) ;
#1099 = DIRECTION ( 'NONE',  ( 0.000000000000000000, 0.000000000000000000, -1.000000000000000000 ) ) ;
#1100 = ORIENTED_EDGE ( 'NONE', *, *, #6740, .T. ) ;
#1101 = EDGE_CURVE ( 'NONE', #6318, #4478, #4075, .T. ) ;
#1102 = DIRECTION ( 'NONE',  ( -1.000000000000000000, -0.000000000000000000, -0.000000000000000000 ) ) ;
#1103 = DIRECTION ( 'NONE',  ( -1.000000000000000000, 0.000000000000000000, -0.000000000000000000 ) ) ;
#1104 = CARTESIAN_POINT ( 'NONE',  ( 16.01049721830911921, 0.000000000000000000, 0.000000000000000000 ) ) ;
#1105 = DIRECTION ( 'NONE',  ( 0.000000000000000000, 0.000000000000000000, 1.000000000000000000 ) ) ;
#1106 = PRODUCT_DEFINITION_FORMATION_WITH_SPECIFIED_SOURCE ( 'ANY', '', #720, .NOT_KNOWN. ) ;
#1107 = VERTEX_POINT ( 'NONE', #1946 ) ;
#1108 = ORIENTED_EDGE ( 'NONE', *, *, #6897, .F. ) ;
#1109 = CARTESIAN_POINT ( 'NONE',  ( 16.01049721830911921, -20.63815503485012925, 24.78162740333027614 ) ) ;
#1110 = CARTESIAN_POINT ( 'NONE',  ( 19.91049721830912134, -1.803901592770677187, -32.44989890652357900 ) ) ;
#1111 = CARTESIAN_POINT ( 'NONE',  ( 16.01049721830911921, 12.62160801275779853, -29.13344317399314676 ) ) ;
#1112 = EDGE_LOOP ( 'NONE', ( #3371, #3016, #5183, #2085 ) ) ;
#1113 = EDGE_CURVE ( 'NONE', #6598, #6779, #642, .T. ) ;
#1114 = VERTEX_POINT ( 'NONE', #1981 ) ;
#1115 = LINE ( 'NONE', #6479, #1084 ) ;
#1116 = PLANE ( 'NONE',  #5123 ) ;
#1117 = CARTESIAN_POINT ( 'NONE',  ( 19.91049721830912134, 0.000000000000000000, 0.000000000000000000 ) ) ;
#1118 = CARTESIAN_POINT ( 'NONE',  ( 16.01049721830911921, -30.28298276502350816, 9.539573095966556338 ) ) ;
#1119 = CIRCLE ( 'NONE', #4846, 3.205000000000001403 ) ;
#1120 = CARTESIAN_POINT ( 'NONE',  ( 19.91049721830912134, -20.64422757970508826, 23.92429601239791381 ) ) ;
#1121 = AXIS2_PLACEMENT_3D ( 'NONE', #320, #5046, #6242 ) ;
#1122 = EDGE_CURVE ( 'NONE', #4879, #1475, #1457, .T. ) ;
#1123 = CARTESIAN_POINT ( 'NONE',  ( 16.01049721830911921, 0.000000000000000000, 0.000000000000000000 ) ) ;
#1124 = CARTESIAN_POINT ( 'NONE',  ( 25.56462533844871388, 28.76809848777853418, -12.12106178141850243 ) ) ;
#1125 = CARTESIAN_POINT ( 'NONE',  ( 16.01049721830911921, 0.000000000000000000, 0.000000000000000000 ) ) ;
#1126 = ORIENTED_EDGE ( 'NONE', *, *, #4183, .F. ) ;
#1127 = DIRECTION ( 'NONE',  ( 0.000000000000000000, 0.000000000000000000, -1.000000000000000000 ) ) ;
#1128 = ORIENTED_EDGE ( 'NONE', *, *, #6934, .T. ) ;
#1129 = LINE ( 'NONE', #638, #5941 ) ;
#1130 = CARTESIAN_POINT ( 'NONE',  ( 19.91049721830912134, -1.653949856271460295, 32.20756044584779687 ) ) ;
#1131 = CARTESIAN_POINT ( 'NONE',  ( 16.01049721830911921, -3.963961536968729327, 32.00546061117434959 ) ) ;
#1132 = CARTESIAN_POINT ( 'NONE',  ( 16.01049721830911921, 23.34269296543707739, -22.61346247528969755 ) ) ;
#1133 = ORIENTED_EDGE ( 'NONE', *, *, #4531, .F. ) ;
#1134 = EDGE_CURVE ( 'NONE', #6913, #810, #4682, .T. ) ;
#1135 = VERTEX_POINT ( 'NONE', #6227 ) ;
#1136 = STYLED_ITEM ( 'NONE', ( #5721 ), #2786 ) ;
#1137 = LINE ( 'NONE', #6576, #3878 ) ;
#1138 = ORIENTED_EDGE ( 'NONE', *, *, #6028, .F. ) ;
#1139 = CARTESIAN_POINT ( 'NONE',  ( 89.00010752509841438, -18.05304843749999932, -2.469899717251453186 ) ) ;
#1140 = ORIENTED_EDGE ( 'NONE', *, *, #4912, .F. ) ;
#1141 = DIRECTION ( 'NONE',  ( 0.000000000000000000, 0.000000000000000000, -1.000000000000000000 ) ) ;
#1142 = DIRECTION ( 'NONE',  ( 0.000000000000000000, -0.007933231564898777718, 0.9999685314233331956 ) ) ;
#1143 = DIRECTION ( 'NONE',  ( 0.000000000000000000, -0.4369445123693488364, 0.8994884619106083834 ) ) ;
#1144 = AXIS2_PLACEMENT_3D ( 'NONE', #2441, #3039, #6782 ) ;
#1145 = ORIENTED_EDGE ( 'NONE', *, *, #6865, .T. ) ;
#1146 = ORIENTED_EDGE ( 'NONE', *, *, #4839, .T. ) ;
#1147 = CARTESIAN_POINT ( 'NONE',  ( 16.01049721830911921, 22.89715811400229839, 21.99505967944571339 ) ) ;
#1148 = VECTOR ( 'NONE', #4414, 1000.000000000000114 ) ;
#1149 = FACE_OUTER_BOUND ( 'NONE', #928, .T. ) ;
#1150 = EDGE_CURVE ( 'NONE', #6610, #3712, #1391, .T. ) ;
#1151 = CARTESIAN_POINT ( 'NONE',  ( 19.91049721830912134, 26.88842138021892580, 17.11551782266228017 ) ) ;
#1152 = DIRECTION ( 'NONE',  ( -1.000000000000000000, 0.000000000000000000, 0.000000000000000000 ) ) ;
#1153 = DIRECTION ( 'NONE',  ( -1.000000000000000000, -0.000000000000000000, 0.000000000000000000 ) ) ;
#1154 = CIRCLE ( 'NONE', #5339, 3.000000000000003109 ) ;
#1155 = VERTEX_POINT ( 'NONE', #337 ) ;
#1156 = DIRECTION ( 'NONE',  ( 0.000000000000000000, 0.000000000000000000, 1.000000000000000000 ) ) ;
#1157 = ADVANCED_FACE ( 'NONE', ( #4146 ), #4648, .T. ) ;
#1158 = DIRECTION ( 'NONE',  ( 0.000000000000000000, 0.5472976633393242807, -0.8369380309815749319 ) ) ;
#1159 = DIRECTION ( 'NONE',  ( 1.000000000000000000, -0.000000000000000000, -0.000000000000000000 ) ) ;
#1160 = CIRCLE ( 'NONE', #5795, 3.204999999999999627 ) ;
#1161 = VERTEX_POINT ( 'NONE', #3624 ) ;
#1162 = AXIS2_PLACEMENT_3D ( 'NONE', #2174, #6452, #462 ) ;
#1163 = ADVANCED_FACE ( 'NONE', ( #5767 ), #5245, .F. ) ;
#1164 = AXIS2_PLACEMENT_3D ( 'NONE', #6254, #4680, #3517 ) ;
#1165 = DIRECTION ( 'NONE',  ( 0.000000000000000000, 6.938893903907222067E-15, 1.000000000000000000 ) ) ;
#1166 = ORIENTED_EDGE ( 'NONE', *, *, #4356, .T. ) ;
#1167 = CYLINDRICAL_SURFACE ( 'NONE', #1655, 3.205000000000000071 ) ;
#1168 = ADVANCED_FACE ( 'NONE', ( #4850 ), #6402, .T. ) ;
#1169 = FACE_OUTER_BOUND ( 'NONE', #2628, .T. ) ;
#1170 = DIRECTION ( 'NONE',  ( 0.000000000000000000, 0.9898214418809323512, -0.1423148382732885020 ) ) ;
#1171 = CARTESIAN_POINT ( 'NONE',  ( 16.01049721830911921, -31.15374220027868191, -6.124283380002523813 ) ) ;
#1172 = AXIS2_PLACEMENT_3D ( 'NONE', #3384, #4970, #2774 ) ;
#1173 = EDGE_LOOP ( 'NONE', ( #2618, #2526, #4887, #4145 ) ) ;
#1174 = ORIENTED_EDGE ( 'NONE', *, *, #5235, .F. ) ;
#1175 = LINE ( 'NONE', #6539, #719 ) ;
#1176 = ORIENTED_EDGE ( 'NONE', *, *, #4148, .F. ) ;
#1177 = DIRECTION ( 'NONE',  ( 0.000000000000000000, 0.4369445123693488364, -0.8994884619106082724 ) ) ;
#1178 = EDGE_CURVE ( 'NONE', #2013, #5199, #6279, .T. ) ;
#1179 = AXIS2_PLACEMENT_3D ( 'NONE', #5409, #4158, #5966 ) ;
#1180 = CARTESIAN_POINT ( 'NONE',  ( 89.00010752509841438, 13.15345235776983479, 12.60950647614248155 ) ) ;
#1181 = DIRECTION ( 'NONE',  ( 1.000000000000000000, -0.000000000000000000, -0.000000000000000000 ) ) ;
#1182 = DIRECTION ( 'NONE',  ( -1.000000000000000000, 0.000000000000000000, -0.000000000000000000 ) ) ;
#1183 = VERTEX_POINT ( 'NONE', #6433 ) ;
#1184 = ORIENTED_EDGE ( 'NONE', *, *, #5118, .T. ) ;
#1185 = CYLINDRICAL_SURFACE ( 'NONE', #3583, 0.5000000000000004441 ) ;
#1186 = EDGE_CURVE ( 'NONE', #2875, #1664, #199, .T. ) ;
#1187 = DIRECTION ( 'NONE',  ( 0.000000000000000000, 0.000000000000000000, 1.000000000000000000 ) ) ;
#1188 = DIRECTION ( 'NONE',  ( 0.000000000000000000, -0.7557495743542501643, 0.6548607339452944265 ) ) ;
#1189 = DIRECTION ( 'NONE',  ( 1.000000000000000000, -0.000000000000000000, -0.000000000000000000 ) ) ;
#1190 = CARTESIAN_POINT ( 'NONE',  ( 25.36049721830912418, 19.12993349739970128, -5.936880021110818362 ) ) ;
#1191 = VECTOR ( 'NONE', #3474, 1000.000000000000000 ) ;
#1192 = ORIENTED_EDGE ( 'NONE', *, *, #6033, .F. ) ;
#1193 = LINE ( 'NONE', #2179, #5305 ) ;
#1194 = CARTESIAN_POINT ( 'NONE',  ( 19.91049721830912134, -28.76809848777842049, 15.12106178141870494 ) ) ;
#1195 = FACE_OUTER_BOUND ( 'NONE', #371, .T. ) ;
#1196 = ORIENTED_EDGE ( 'NONE', *, *, #4315, .F. ) ;
#1197 = AXIS2_PLACEMENT_3D ( 'NONE', #5506, #3364, #3929 ) ;
#1198 = VERTEX_POINT ( 'NONE', #6895 ) ;
#1199 = EDGE_CURVE ( 'NONE', #4121, #4644, #5837, .T. ) ;
#1200 = VECTOR ( 'NONE', #6798, 999.9999999999998863 ) ;
#1201 = FACE_OUTER_BOUND ( 'NONE', #5811, .T. ) ;
#1202 = VERTEX_POINT ( 'NONE', #476 ) ;
#1203 = ADVANCED_FACE ( 'NONE', ( #6464 ), #2623, .T. ) ;
#1204 = DIRECTION ( 'NONE',  ( 0.000000000000000000, 0.000000000000000000, 1.000000000000000000 ) ) ;
#1205 = DIRECTION ( 'NONE',  ( 0.000000000000000000, -0.1658300052543616732, 0.9861543537181886032 ) ) ;
#1206 = CARTESIAN_POINT ( 'NONE',  ( 16.01049721830911921, 7.870872375830011869, 30.88652655611310749 ) ) ;
#1207 = DIRECTION ( 'NONE',  ( -1.000000000000000000, 0.000000000000000000, 0.000000000000000000 ) ) ;
#1208 = VECTOR ( 'NONE', #829, 1000.000000000000000 ) ;
#1209 = ORIENTED_EDGE ( 'NONE', *, *, #693, .F. ) ;
#1210 = EDGE_CURVE ( 'NONE', #2898, #4716, #2678, .T. ) ;
#1211 = LINE ( 'NONE', #2271, #6009 ) ;
#1212 = EDGE_LOOP ( 'NONE', ( #6704, #2595, #5309, #3296 ) ) ;
#1213 = DIRECTION ( 'NONE',  ( 1.000000000000000000, -0.000000000000000000, -0.000000000000000000 ) ) ;
#1214 = AXIS2_PLACEMENT_3D ( 'NONE', #5804, #4786, #5932 ) ;
#1215 = CIRCLE ( 'NONE', #6281, 3.204999999999998739 ) ;
#1216 = DIRECTION ( 'NONE',  ( 0.000000000000000000, 0.2817325568414312253, 0.9594929736144969246 ) ) ;
#1217 = CARTESIAN_POINT ( 'NONE',  ( 18.71049721830912205, -13.15345235776983834, 12.60950647614247799 ) ) ;
#1218 = DIRECTION ( 'NONE',  ( 0.000000000000000000, 0.000000000000000000, 1.000000000000000000 ) ) ;
#1219 = EDGE_LOOP ( 'NONE', ( #1351, #5319, #4416, #2654 ) ) ;
#1220 = ORIENTED_EDGE ( 'NONE', *, *, #3173, .T. ) ;
#1221 = AXIS2_PLACEMENT_3D ( 'NONE', #3414, #3872, #162 ) ;
#1222 = VERTEX_POINT ( 'NONE', #5868 ) ;
#1223 = DIRECTION ( 'NONE',  ( 0.000000000000000000, -0.8281492787113754472, -0.5605076022408872483 ) ) ;
#1224 = CARTESIAN_POINT ( 'NONE',  ( 25.57328953618976186, 13.06773822222175241, -28.77134494261572684 ) ) ;
#1225 = LINE ( 'NONE', #5566, #3768 ) ;
#1226 = DIRECTION ( 'NONE',  ( 0.000000000000000000, 0.000000000000000000, -1.000000000000000000 ) ) ;
#1227 = DIRECTION ( 'NONE',  ( -1.000000000000000000, 0.000000000000000000, 0.000000000000000000 ) ) ;
#1228 = EDGE_CURVE ( 'NONE', #2024, #4233, #3363, .T. ) ;
#1229 = VECTOR ( 'NONE', #4021, 1000.000000000000000 ) ;
#1230 = CARTESIAN_POINT ( 'NONE',  ( 16.01049721830911921, 32.11511552628379462, -2.946498724494164279 ) ) ;
#1231 = CARTESIAN_POINT ( 'NONE',  ( 16.01049721830911921, -25.02978704007828625, 19.53387469828576783 ) ) ;
#1232 = FACE_OUTER_BOUND ( 'NONE', #6447, .T. ) ;
#1233 = CIRCLE ( 'NONE', #2022, 3.000000000000002665 ) ;
#1234 = EDGE_CURVE ( 'NONE', #1107, #5596, #648, .T. ) ;
#1235 = ORIENTED_EDGE ( 'NONE', *, *, #4643, .F. ) ;
#1236 = AXIS2_PLACEMENT_3D ( 'NONE', #2351, #1428, #4541 ) ;
#1237 = AXIS2_PLACEMENT_3D ( 'NONE', #5628, #795, #2944 ) ;
#1238 = CYLINDRICAL_SURFACE ( 'NONE', #980, 3.000000000000002665 ) ;
#1239 = EDGE_LOOP ( 'NONE', ( #6485, #896, #4813, #6157 ) ) ;
#1240 = CARTESIAN_POINT ( 'NONE',  ( 89.00010752509841438, -15.93129415377252833, -5.410590687343963978 ) ) ;
#1241 = CARTESIAN_POINT ( 'NONE',  ( 18.71049721830912205, 11.55778298249903635, -16.35905108890658255 ) ) ;
#1242 = LINE ( 'NONE', #5479, #5421 ) ;
#1243 = CYLINDRICAL_SURFACE ( 'NONE', #6453, 3.000000000000002665 ) ;
#1244 = ADVANCED_FACE ( 'NONE', ( #1629 ), #6, .T. ) ;
#1245 = AXIS2_PLACEMENT_3D ( 'NONE', #230, #3977, #2350 ) ;
#1246 = ORIENTED_EDGE ( 'NONE', *, *, #3896, .T. ) ;
#1247 = DIRECTION ( 'NONE',  ( 1.000000000000000000, -0.000000000000000000, -0.000000000000000000 ) ) ;
#1248 = ORIENTED_EDGE ( 'NONE', *, *, #5206, .F. ) ;
#1249 = AXIS2_PLACEMENT_3D ( 'NONE', #1123, #1751, #3279 ) ;
#1250 = LINE ( 'NONE', #759, #5833 ) ;
#1251 = AXIS2_PLACEMENT_3D ( 'NONE', #3084, #3625, #5769 ) ;
#1252 = CARTESIAN_POINT ( 'NONE',  ( 16.01049721830911921, 23.25774328115194578, 22.34143857203541117 ) ) ;
#1253 = CARTESIAN_POINT ( 'NONE',  ( 16.01049721830911921, 20.97725278806216309, 23.99756279549701077 ) ) ;
#1254 = EDGE_CURVE ( 'NONE', #3278, #923, #4609, .T. ) ;
#1255 = DIRECTION ( 'NONE',  ( -1.000000000000000000, -0.000000000000000000, -0.000000000000000000 ) ) ;
#1256 = ORIENTED_EDGE ( 'NONE', *, *, #2752, .T. ) ;
#1257 = CIRCLE ( 'NONE', #3746, 3.145000000000001794 ) ;
#1258 = VERTEX_POINT ( 'NONE', #3192 ) ;
#1259 = EDGE_CURVE ( 'NONE', #4119, #1992, #4219, .T. ) ;
#1260 = CARTESIAN_POINT ( 'NONE',  ( 16.01049721830911921, -31.41239523350686369, 3.437658759308480416 ) ) ;
#1261 = DIRECTION ( 'NONE',  ( 0.000000000000000000, 0.9659258262890675351, -0.2588190451025234040 ) ) ;
#1262 = AXIS2_PLACEMENT_3D ( 'NONE', #4415, #3960, #2328 ) ;
#1263 = CARTESIAN_POINT ( 'NONE',  ( 89.00010752509841438, 0.000000000000000000, 0.000000000000000000 ) ) ;
#1264 = EDGE_CURVE ( 'NONE', #6877, #4920, #2125, .T. ) ;
#1265 = AXIS2_PLACEMENT_3D ( 'NONE', #4492, #5546, #6108 ) ;
#1266 = DIRECTION ( 'NONE',  ( 0.000000000000000000, 8.673617379884027583E-16, 1.000000000000000000 ) ) ;
#1267 = LINE ( 'NONE', #1715, #1884 ) ;
#1268 = ORIENTED_EDGE ( 'NONE', *, *, #4269, .T. ) ;
#1269 = AXIS2_PLACEMENT_3D ( 'NONE', #6360, #6394, #3281 ) ;
#1270 = DIRECTION ( 'NONE',  ( -0.000000000000000000, 0.4081856192247037551, 0.9128989540240174394 ) ) ;
#1271 = DIRECTION ( 'NONE',  ( -1.000000000000000000, -0.000000000000000000, -0.000000000000000000 ) ) ;
#1272 = CIRCLE ( 'NONE', #3071, 0.5000000000000004441 ) ;
#1273 = ADVANCED_FACE ( 'NONE', ( #5408 ), #2656, .F. ) ;
#1274 = CARTESIAN_POINT ( 'NONE',  ( 19.91049721830912134, 16.02620128337631655, -28.27385492685261781 ) ) ;
#1275 = ORIENTED_EDGE ( 'NONE', *, *, #6490, .F. ) ;
#1276 = ORIENTED_EDGE ( 'NONE', *, *, #4959, .T. ) ;
#1277 = EDGE_LOOP ( 'NONE', ( #216, #1663, #1504, #3677 ) ) ;
#1278 = CYLINDRICAL_SURFACE ( 'NONE', #2905, 0.5000000000000004441 ) ;
#1279 = DIRECTION ( 'NONE',  ( -1.000000000000000000, 0.000000000000000000, 0.000000000000000000 ) ) ;
#1280 = ADVANCED_FACE ( 'NONE', ( #4251 ), #5381, .T. ) ;
#1281 = DIRECTION ( 'NONE',  ( 0.000000000000000000, 0.000000000000000000, 1.000000000000000000 ) ) ;
#1282 = DIRECTION ( 'NONE',  ( 1.000000000000000000, -0.000000000000000000, -0.000000000000000000 ) ) ;
#1283 = ORIENTED_EDGE ( 'NONE', *, *, #6270, .F. ) ;
#1284 = ORIENTED_EDGE ( 'NONE', *, *, #2171, .T. ) ;
#1285 = CARTESIAN_POINT ( 'NONE',  ( 16.01049721830911921, 31.10847290275963672, 5.551485000408850290 ) ) ;
#1286 = VERTEX_POINT ( 'NONE', #2720 ) ;
#1287 = CARTESIAN_POINT ( 'NONE',  ( 25.36049721830912418, 16.05699361465334363, 8.613124784825876290 ) ) ;
#1288 = CARTESIAN_POINT ( 'NONE',  ( 18.71049721830912205, -11.98683077962017762, 16.04732961775105693 ) ) ;
#1289 = LINE ( 'NONE', #3522, #107 ) ;
#1290 = EDGE_LOOP ( 'NONE', ( #5186, #472, #5695, #4854 ) ) ;
#1291 = VERTEX_POINT ( 'NONE', #4883 ) ;
#1292 = CIRCLE ( 'NONE', #4905, 20.02999999999999758 ) ;
#1293 = EDGE_CURVE ( 'NONE', #6204, #315, #970, .T. ) ;
#1294 = ORIENTED_EDGE ( 'NONE', *, *, #2425, .F. ) ;
#1295 = VECTOR ( 'NONE', #5219, 999.9999999999998863 ) ;
#1296 = DIRECTION ( 'NONE',  ( 1.000000000000000000, -0.000000000000000000, -0.000000000000000000 ) ) ;
#1297 = ORIENTED_EDGE ( 'NONE', *, *, #982, .F. ) ;
#1298 = CARTESIAN_POINT ( 'NONE',  ( 19.91049721830912134, -16.25378683942962610, -27.41792421093304810 ) ) ;
#1299 = CARTESIAN_POINT ( 'NONE',  ( 16.01049721830911921, 0.000000000000000000, 0.000000000000000000 ) ) ;
#1300 = DIRECTION ( 'NONE',  ( 0.000000000000000000, 0.000000000000000000, 1.000000000000000000 ) ) ;
#1301 = CARTESIAN_POINT ( 'NONE',  ( 16.01049721830911921, 13.75219179141529224, 28.61712286258228133 ) ) ;
#1302 = VERTEX_POINT ( 'NONE', #6329 ) ;
#1303 = ADVANCED_FACE ( 'NONE', ( #4950 ), #1278, .T. ) ;
#1304 = ORIENTED_EDGE ( 'NONE', *, *, #4455, .T. ) ;
#1305 = LINE ( 'NONE', #3500, #6309 ) ;
#1306 = CARTESIAN_POINT ( 'NONE',  ( 19.91049721830912134, 16.25378683942982505, 27.41792421093292376 ) ) ;
#1307 = CARTESIAN_POINT ( 'NONE',  ( 19.91049721830912134, -3.902504768953710457, 31.50925191952822502 ) ) ;
#1308 = VERTEX_POINT ( 'NONE', #2792 ) ;
#1309 = EDGE_CURVE ( 'NONE', #6231, #1308, #4421, .T. ) ;
#1310 = ORIENTED_EDGE ( 'NONE', *, *, #3927, .F. ) ;
#1311 = CARTESIAN_POINT ( 'NONE',  ( 16.01049721830911921, -31.10847290275963672, -5.551485000408850290 ) ) ;
#1312 = VECTOR ( 'NONE', #6774, 1000.000000000000000 ) ;
#1313 = CARTESIAN_POINT ( 'NONE',  ( 19.91049721830912134, 1.628307222841127277, -32.20821842343153918 ) ) ;
#1314 = DIRECTION ( 'NONE',  ( 0.000000000000000000, 0.000000000000000000, -1.000000000000000000 ) ) ;
#1315 = DIRECTION ( 'NONE',  ( -1.000000000000000000, 0.000000000000000000, 0.000000000000000000 ) ) ;
#1316 = ORIENTED_EDGE ( 'NONE', *, *, #4705, .T. ) ;
#1317 = ORIENTED_EDGE ( 'NONE', *, *, #4004, .T. ) ;
#1318 = AXIS2_PLACEMENT_3D ( 'NONE', #4803, #6948, #4835 ) ;
#1319 = EDGE_CURVE ( 'NONE', #4553, #1183, #4491, .T. ) ;
#1320 = CARTESIAN_POINT ( 'NONE',  ( 25.52624695367774521, 28.28432710664302618, 14.09088046134497318 ) ) ;
#1321 = ORIENTED_EDGE ( 'NONE', *, *, #4203, .T. ) ;
#1322 = DIRECTION ( 'NONE',  ( 0.000000000000000000, -0.1501628425342407258, 0.9886612770418576890 ) ) ;
#1323 = CARTESIAN_POINT ( 'NONE',  ( 16.01049721830911921, 31.86288376110960741, -6.403642590433836546 ) ) ;
#1324 = VECTOR ( 'NONE', #4958, 1000.000000000000000 ) ;
#1325 = CARTESIAN_POINT ( 'NONE',  ( 19.91049721830912134, 26.73867654581816211, -17.34852533318603918 ) ) ;
#1326 = VERTEX_POINT ( 'NONE', #6070 ) ;
#1327 = EDGE_LOOP ( 'NONE', ( #4941, #5947, #6167, #6477 ) ) ;
#1328 = AXIS2_PLACEMENT_3D ( 'NONE', #6256, #6291, #1425 ) ;
#1329 = PLANE ( 'NONE',  #6049 ) ;
#1330 = DIRECTION ( 'NONE',  ( -1.000000000000000000, 0.000000000000000000, 0.000000000000000000 ) ) ;
#1331 = DIRECTION ( 'NONE',  ( 1.000000000000000000, -0.000000000000000000, -0.000000000000000000 ) ) ;
#1332 = CYLINDRICAL_SURFACE ( 'NONE', #6359, 0.5000000000000004441 ) ;
#1333 = DIRECTION ( 'NONE',  ( -1.000000000000000000, 0.000000000000000000, 0.000000000000000000 ) ) ;
#1334 = ADVANCED_FACE ( 'NONE', ( #5582 ), #1167, .F. ) ;
#1335 = ORIENTED_EDGE ( 'NONE', *, *, #1373, .F. ) ;
#1336 = DIRECTION ( 'NONE',  ( 0.000000000000000000, 0.000000000000000000, -1.000000000000000000 ) ) ;
#1337 = EDGE_CURVE ( 'NONE', #6347, #4611, #40, .T. ) ;
#1338 = DIRECTION ( 'NONE',  ( 0.000000000000000000, -0.2588190451025234595, -0.9659258262890676461 ) ) ;
#1339 = DIRECTION ( 'NONE',  ( 0.000000000000000000, 0.000000000000000000, -1.000000000000000000 ) ) ;
#1340 = EDGE_CURVE ( 'NONE', #1577, #1161, #2188, .T. ) ;
#1341 = CIRCLE ( 'NONE', #1754, 0.5000000000000004441 ) ;
#1342 = ORIENTED_EDGE ( 'NONE', *, *, #2760, .T. ) ;
#1343 = AXIS2_PLACEMENT_3D ( 'NONE', #6840, #2098, #3674 ) ;
#1344 = VERTEX_POINT ( 'NONE', #112 ) ;
#1345 = CARTESIAN_POINT ( 'NONE',  ( 25.60010050217467636, 26.61876108426065457, 17.02931679165508427 ) ) ;
#1346 = ADVANCED_FACE ( 'NONE', ( #3857 ), #2901, .F. ) ;
#1347 = LINE ( 'NONE', #3511, #6903 ) ;
#1348 = DIRECTION ( 'NONE',  ( 0.000000000000000000, 0.000000000000000000, 1.000000000000000000 ) ) ;
#1349 = CIRCLE ( 'NONE', #1236, 0.5000000000000004441 ) ;
#1350 = VERTEX_POINT ( 'NONE', #5477 ) ;
#1351 = ORIENTED_EDGE ( 'NONE', *, *, #267, .F. ) ;
#1352 = AXIS2_PLACEMENT_3D ( 'NONE', #5120, #3536, #3428 ) ;
#1353 = LINE ( 'NONE', #4535, #501 ) ;
#1354 = ORIENTED_EDGE ( 'NONE', *, *, #3349, .F. ) ;
#1355 = FACE_OUTER_BOUND ( 'NONE', #861, .T. ) ;
#1356 = CARTESIAN_POINT ( 'NONE',  ( 18.71049721830912205, 18.96605182169770032, -6.441255956463567856 ) ) ;
#1357 = LINE ( 'NONE', #5630, #4287 ) ;
#1358 = EDGE_CURVE ( 'NONE', #3743, #5414, #2455, .T. ) ;
#1359 = ORIENTED_EDGE ( 'NONE', *, *, #930, .T. ) ;
#1360 = ORIENTED_EDGE ( 'NONE', *, *, #1309, .F. ) ;
#1361 = AXIS2_PLACEMENT_3D ( 'NONE', #1307, #6812, #286 ) ;
#1362 = VECTOR ( 'NONE', #4820, 1000.000000000000000 ) ;
#1363 = VERTEX_POINT ( 'NONE', #5965 ) ;
#1364 = DIRECTION ( 'NONE',  ( -1.000000000000000000, 0.000000000000000000, 0.000000000000000000 ) ) ;
#1365 = ORIENTED_EDGE ( 'NONE', *, *, #1340, .F. ) ;
#1366 = LINE ( 'NONE', #4087, #3659 ) ;
#1367 = DIRECTION ( 'NONE',  ( 0.000000000000000000, -0.9909193101761469835, 0.1344578771215321489 ) ) ;
#1368 = CARTESIAN_POINT ( 'NONE',  ( 16.01049721830911921, 0.000000000000000000, 0.000000000000000000 ) ) ;
#1369 = AXIS2_PLACEMENT_3D ( 'NONE', #3793, #2090, #4252 ) ;
#1370 = ORIENTED_EDGE ( 'NONE', *, *, #3180, .T. ) ;
#1371 = CARTESIAN_POINT ( 'NONE',  ( 19.91049721830912134, 4.432578430805485858, -31.28751061535981037 ) ) ;
#1372 = AXIS2_PLACEMENT_3D ( 'NONE', #3619, #258, #293 ) ;
#1373 = EDGE_CURVE ( 'NONE', #3825, #1859, #1129, .T. ) ;
#1374 = VECTOR ( 'NONE', #1205, 1000.000000000000000 ) ;
#1375 = PLANE ( 'NONE',  #4289 ) ;
#1376 = CARTESIAN_POINT ( 'NONE',  ( 16.01049721830911921, -1.628307222840894797, 31.70821842343154984 ) ) ;
#1377 = CYLINDRICAL_SURFACE ( 'NONE', #3843, 0.5000000000000004441 ) ;
#1378 = AXIS2_PLACEMENT_3D ( 'NONE', #6146, #2340, #6642 ) ;
#1379 = EDGE_CURVE ( 'NONE', #1628, #6655, #6568, .T. ) ;
#1380 = ORIENTED_EDGE ( 'NONE', *, *, #270, .T. ) ;
#1381 = FACE_OUTER_BOUND ( 'NONE', #4377, .T. ) ;
#1382 = CARTESIAN_POINT ( 'NONE',  ( 25.36049721830912418, -19.12993349739970483, 5.936880021110806815 ) ) ;
#1383 = AXIS2_PLACEMENT_3D ( 'NONE', #4311, #1522, #6990 ) ;
#1384 = CARTESIAN_POINT ( 'NONE',  ( 25.52624695367774521, 30.62124998374959262, 8.846875385739293662 ) ) ;
#1385 = EDGE_LOOP ( 'NONE', ( #6837, #2228, #3484, #1977 ) ) ;
#1386 = ORIENTED_EDGE ( 'NONE', *, *, #6062, .T. ) ;
#1387 = EDGE_CURVE ( 'NONE', #6638, #5356, #4833, .T. ) ;
#1388 = EDGE_CURVE ( 'NONE', #6978, #1090, #1882, .T. ) ;
#1389 = CARTESIAN_POINT ( 'NONE',  ( 89.00010752509841438, -6.180339887498950802, 19.02113032590307284 ) ) ;
#1390 = ORIENTED_EDGE ( 'NONE', *, *, #1388, .T. ) ;
#1391 = LINE ( 'NONE', #5169, #5157 ) ;
#1392 = DIRECTION ( 'NONE',  ( 0.000000000000000000, 0.000000000000000000, 1.000000000000000000 ) ) ;
#1393 = EDGE_LOOP ( 'NONE', ( #5902, #2575, #1441, #1633 ) ) ;
#1394 = CYLINDRICAL_SURFACE ( 'NONE', #6987, 3.000000000000002665 ) ;
#1395 = CIRCLE ( 'NONE', #1615, 20.02999999999999758 ) ;
#1396 = ORIENTED_EDGE ( 'NONE', *, *, #1379, .F. ) ;
#1397 = VERTEX_POINT ( 'NONE', #3965 ) ;
#1398 = ORIENTED_EDGE ( 'NONE', *, *, #4853, .F. ) ;
#1399 = EDGE_CURVE ( 'NONE', #2153, #3791, #3594, .T. ) ;
#1400 = CIRCLE ( 'NONE', #5682, 3.000000000000002665 ) ;
#1401 = PLANE ( 'NONE',  #3466 ) ;
#1402 = ORIENTED_EDGE ( 'NONE', *, *, #3644, .F. ) ;
#1403 = VECTOR ( 'NONE', #1034, 1000.000000000000000 ) ;
#1404 = LINE ( 'NONE', #6659, #597 ) ;
#1405 = DIRECTION ( 'NONE',  ( 1.000000000000000000, -0.000000000000000000, -0.000000000000000000 ) ) ;
#1406 = DIRECTION ( 'NONE',  ( 1.000000000000000000, -0.000000000000000000, -0.000000000000000000 ) ) ;
#1407 = ORIENTED_EDGE ( 'NONE', *, *, #6816, .T. ) ;
#1408 = VECTOR ( 'NONE', #1470, 1000.000000000000000 ) ;
#1409 = EDGE_CURVE ( 'NONE', #4152, #3825, #2829, .T. ) ;
#1410 = DIRECTION ( 'NONE',  ( 0.000000000000000000, 0.2817325568414231762, -0.9594929736144992560 ) ) ;
#1411 = DIRECTION ( 'NONE',  ( 0.000000000000000000, 0.000000000000000000, 1.000000000000000000 ) ) ;
#1412 = DIRECTION ( 'NONE',  ( -1.000000000000000000, 0.000000000000000000, 0.000000000000000000 ) ) ;
#1413 = CARTESIAN_POINT ( 'NONE',  ( 16.01049721830911921, -31.64435231366889667, -6.220728787561617956 ) ) ;
#1414 = CIRCLE ( 'NONE', #2315, 3.000000000000003109 ) ;
#1415 = ORIENTED_EDGE ( 'NONE', *, *, #1419, .T. ) ;
#1416 = LINE ( 'NONE', #1345, #2347 ) ;
#1417 = CARTESIAN_POINT ( 'NONE',  ( 16.01049721830911921, 0.000000000000000000, 0.000000000000000000 ) ) ;
#1418 = SURFACE_STYLE_FILL_AREA ( #6251 ) ;
#1419 = EDGE_CURVE ( 'NONE', #2651, #2454, #4454, .T. ) ;
#1420 = ORIENTED_EDGE ( 'NONE', *, *, #2095, .T. ) ;
#1421 = ORIENTED_EDGE ( 'NONE', *, *, #1898, .F. ) ;
#1422 = AXIS2_PLACEMENT_3D ( 'NONE', #673, #6068, #4346 ) ;
#1423 = CARTESIAN_POINT ( 'NONE',  ( 16.01049721830911921, 7.370888110118346326, 30.88255994033065832 ) ) ;
#1424 = ORIENTED_EDGE ( 'NONE', *, *, #4455, .F. ) ;
#1425 = DIRECTION ( 'NONE',  ( 0.000000000000000000, 0.000000000000000000, -1.000000000000000000 ) ) ;
#1426 = LINE ( 'NONE', #5171, #2258 ) ;
#1427 = EDGE_CURVE ( 'NONE', #2880, #1918, #604, .T. ) ;
#1428 = DIRECTION ( 'NONE',  ( 1.000000000000000000, -0.000000000000000000, -0.000000000000000000 ) ) ;
#1429 = AXIS2_PLACEMENT_3D ( 'NONE', #167, #202, #3454 ) ;
#1430 = ORIENTED_EDGE ( 'NONE', *, *, #6601, .F. ) ;
#1431 = ORIENTED_EDGE ( 'NONE', *, *, #2358, .F. ) ;
#1432 = ORIENTED_EDGE ( 'NONE', *, *, #4589, .T. ) ;
#1433 = DIRECTION ( 'NONE',  ( -1.000000000000000000, -0.000000000000000000, -0.000000000000000000 ) ) ;
#1434 = CIRCLE ( 'NONE', #1876, 3.000000000000002220 ) ;
#1435 = VERTEX_POINT ( 'NONE', #5545 ) ;
#1436 = CARTESIAN_POINT ( 'NONE',  ( 16.01049721830911921, 0.000000000000000000, 0.000000000000000000 ) ) ;
#1437 = FACE_OUTER_BOUND ( 'NONE', #802, .T. ) ;
#1438 = CARTESIAN_POINT ( 'NONE',  ( 16.01049721830911921, 26.61876108426065457, 17.02931679165508427 ) ) ;
#1439 = EDGE_LOOP ( 'NONE', ( #6920, #709, #2260, #4620 ) ) ;
#1440 = VECTOR ( 'NONE', #84, 1000.000000000000000 ) ;
#1441 = ORIENTED_EDGE ( 'NONE', *, *, #544, .T. ) ;
#1442 = CARTESIAN_POINT ( 'NONE',  ( 16.01049721830911921, -31.74391750263135492, 0.6214511936865445563 ) ) ;
#1443 = FACE_OUTER_BOUND ( 'NONE', #2084, .T. ) ;
#1444 = LINE ( 'NONE', #393, #5562 ) ;
#1445 = VECTOR ( 'NONE', #1333, 1000.000000000000000 ) ;
#1446 = DIRECTION ( 'NONE',  ( 0.000000000000000000, 0.000000000000000000, 1.000000000000000000 ) ) ;
#1447 = DIRECTION ( 'NONE',  ( 0.000000000000000000, -0.9886612770418586882, -0.1501628425342337037 ) ) ;
#1448 = ADVANCED_FACE ( 'NONE', ( #6107 ), #2223, .F. ) ;
#1449 = EDGE_LOOP ( 'NONE', ( #6112, #2116, #6728, #4855 ) ) ;
#1450 = CARTESIAN_POINT ( 'NONE',  ( 89.00010752509841438, 6.180339887498949913, -15.87613032590306972 ) ) ;
#1451 = FACE_OUTER_BOUND ( 'NONE', #2594, .T. ) ;
#1452 = CARTESIAN_POINT ( 'NONE',  ( 16.01049721830911921, 21.59227047247682307, 23.95488167041126459 ) ) ;
#1453 = ORIENTED_EDGE ( 'NONE', *, *, #342, .T. ) ;
#1454 = ORIENTED_EDGE ( 'NONE', *, *, #118, .F. ) ;
#1455 = CARTESIAN_POINT ( 'NONE',  ( 19.91049721830912134, -13.18638305077244333, -28.71716166493123623 ) ) ;
#1456 = VERTEX_POINT ( 'NONE', #365 ) ;
#1457 = LINE ( 'NONE', #3553, #5492 ) ;
#1458 = EDGE_CURVE ( 'NONE', #5343, #4395, #255, .T. ) ;
#1459 = DIRECTION ( 'NONE',  ( 1.000000000000000000, -0.000000000000000000, -0.000000000000000000 ) ) ;
#1460 = AXIS2_PLACEMENT_3D ( 'NONE', #2199, #4465, #4361 ) ;
#1461 = CYLINDRICAL_SURFACE ( 'NONE', #456, 3.145000000000001794 ) ;
#1462 = AXIS2_PLACEMENT_3D ( 'NONE', #3175, #5976, #1141 ) ;
#1463 = ORIENTED_EDGE ( 'NONE', *, *, #1632, .F. ) ;
#1464 = ORIENTED_EDGE ( 'NONE', *, *, #6573, .T. ) ;
#1465 = VERTEX_POINT ( 'NONE', #4137 ) ;
#1466 = DIRECTION ( 'NONE',  ( -1.000000000000000000, -0.000000000000000000, -0.000000000000000000 ) ) ;
#1467 = ORIENTED_EDGE ( 'NONE', *, *, #5645, .T. ) ;
#1468 = AXIS2_PLACEMENT_3D ( 'NONE', #6686, #4464, #192 ) ;
#1469 = EDGE_CURVE ( 'NONE', #6572, #2222, #784, .T. ) ;
#1470 = DIRECTION ( 'NONE',  ( -1.000000000000000000, 0.000000000000000000, 0.000000000000000000 ) ) ;
#1471 = CARTESIAN_POINT ( 'NONE',  ( 25.52624695367774521, 30.33822718764679749, 8.840138186828504274 ) ) ;
#1472 = CYLINDRICAL_SURFACE ( 'NONE', #768, 3.000000000000002665 ) ;
#1473 = VERTEX_POINT ( 'NONE', #3037 ) ;
#1474 = VECTOR ( 'NONE', #5615, 1000.000000000000000 ) ;
#1475 = VERTEX_POINT ( 'NONE', #853 ) ;
#1476 = ADVANCED_FACE ( 'NONE', ( #1866 ), #3541, .F. ) ;
#1477 = CARTESIAN_POINT ( 'NONE',  ( 18.71049721830912205, 3.229684546774040488, -17.93271034250898666 ) ) ;
#1478 = ADVANCED_FACE ( 'NONE', ( #6675 ), #5200, .T. ) ;
#1479 = DIRECTION ( 'NONE',  ( 0.000000000000000000, 0.000000000000000000, -1.000000000000000000 ) ) ;
#1480 = AXIS2_PLACEMENT_3D ( 'NONE', #4382, #184, #4005 ) ;
#1481 = CARTESIAN_POINT ( 'NONE',  ( 18.71049721830912205, 0.000000000000000000, 20.02999999999999758 ) ) ;
#1482 = ORIENTED_EDGE ( 'NONE', *, *, #1533, .F. ) ;
#1483 = DIRECTION ( 'NONE',  ( -0.000000000000000000, 0.9572277301234995983, 0.2893355710634500921 ) ) ;
#1484 = CARTESIAN_POINT ( 'NONE',  ( 25.36049721830912418, 0.000000000000000000, 10.00000000000000000 ) ) ;
#1485 = AXIS2_PLACEMENT_3D ( 'NONE', #5830, #997, #6426 ) ;
#1486 = ORIENTED_EDGE ( 'NONE', *, *, #4066, .T. ) ;
#1487 = ADVANCED_FACE ( 'NONE', ( #2966 ), #1973, .F. ) ;
#1488 = DIRECTION ( 'NONE',  ( 1.000000000000000000, -0.000000000000000000, -0.000000000000000000 ) ) ;
#1489 = CYLINDRICAL_SURFACE ( 'NONE', #5664, 32.25000000000000000 ) ;
#1490 = AXIS2_PLACEMENT_3D ( 'NONE', #956, #3107, #5300 ) ;
#1491 = ORIENTED_EDGE ( 'NONE', *, *, #1750, .F. ) ;
#1492 = ORIENTED_EDGE ( 'NONE', *, *, #1721, .T. ) ;
#1493 = ORIENTED_EDGE ( 'NONE', *, *, #6694, .F. ) ;
#1494 = DIRECTION ( 'NONE',  ( -1.000000000000000000, -0.000000000000000000, -0.000000000000000000 ) ) ;
#1495 = ORIENTED_EDGE ( 'NONE', *, *, #5512, .F. ) ;
#1496 = ADVANCED_FACE ( 'NONE', ( #4526 ), #6179, .T. ) ;
#1497 = CARTESIAN_POINT ( 'NONE',  ( 19.91049721830912134, -30.63314883252257559, -8.347016988392956804 ) ) ;
#1498 = DIRECTION ( 'NONE',  ( -1.000000000000000000, -0.000000000000000000, -0.000000000000000000 ) ) ;
#1499 = PLANE ( 'NONE',  #2403 ) ;
#1500 = VERTEX_POINT ( 'NONE', #5687 ) ;
#1501 = ORIENTED_EDGE ( 'NONE', *, *, #6396, .T. ) ;
#1502 = ORIENTED_EDGE ( 'NONE', *, *, #621, .T. ) ;
#1503 = DIRECTION ( 'NONE',  ( 0.000000000000000000, -0.2741118111742816832, -0.9616978293490917595 ) ) ;
#1504 = ORIENTED_EDGE ( 'NONE', *, *, #4755, .T. ) ;
#1505 = CARTESIAN_POINT ( 'NONE',  ( 18.71049721830912205, 18.05304843749999932, 2.469899717251452742 ) ) ;
#1506 = VECTOR ( 'NONE', #4020, 1000.000000000000000 ) ;
#1507 = LINE ( 'NONE', #6909, #3946 ) ;
#1508 = CARTESIAN_POINT ( 'NONE',  ( 16.01049721830911921, 31.61720675843442052, -2.900816573726812120 ) ) ;
#1509 = ORIENTED_EDGE ( 'NONE', *, *, #5645, .F. ) ;
#1510 = EDGE_CURVE ( 'NONE', #1198, #6717, #1416, .T. ) ;
#1511 = ORIENTED_EDGE ( 'NONE', *, *, #4976, .T. ) ;
#1512 = VECTOR ( 'NONE', #4388, 1000.000000000000000 ) ;
#1513 = EDGE_CURVE ( 'NONE', #3620, #4355, #3510, .T. ) ;
#1514 = LINE ( 'NONE', #4130, #3913 ) ;
#1515 = CARTESIAN_POINT ( 'NONE',  ( 16.01049721830911921, -21.25750658918243019, -24.08348815614147753 ) ) ;
#1516 = CARTESIAN_POINT ( 'NONE',  ( 16.01049721830911921, 20.76792786991645201, -24.17894386957444297 ) ) ;
#1517 = DIRECTION ( 'NONE',  ( 0.000000000000000000, -0.9909193101761469835, 0.1344578771215321489 ) ) ;
#1518 = CARTESIAN_POINT ( 'NONE',  ( 16.01049721830911921, -13.36663193154239160, -28.93546794964192870 ) ) ;
#1519 = EDGE_CURVE ( 'NONE', #295, #722, #6819, .T. ) ;
#1520 = VECTOR ( 'NONE', #771, 1000.000000000000000 ) ;
#1521 = DIRECTION ( 'NONE',  ( 0.000000000000000000, 0.000000000000000000, 1.000000000000000000 ) ) ;
#1522 = DIRECTION ( 'NONE',  ( 1.000000000000000000, -0.000000000000000000, -0.000000000000000000 ) ) ;
#1523 = DIRECTION ( 'NONE',  ( -1.000000000000000000, 0.000000000000000000, -0.000000000000000000 ) ) ;
#1524 = ADVANCED_FACE ( 'NONE', ( #1381 ), #5159, .F. ) ;
#1525 = ORIENTED_EDGE ( 'NONE', *, *, #2915, .F. ) ;
#1526 = EDGE_LOOP ( 'NONE', ( #4862, #5709, #1511, #5959 ) ) ;
#1527 = DIRECTION ( 'NONE',  ( 0.000000000000000000, 0.000000000000000000, 1.000000000000000000 ) ) ;
#1528 = VERTEX_POINT ( 'NONE', #329 ) ;
#1529 = DIRECTION ( 'NONE',  ( 1.000000000000000000, -0.000000000000000000, -0.000000000000000000 ) ) ;
#1530 = DIRECTION ( 'NONE',  ( 1.000000000000000000, -0.000000000000000000, -0.000000000000000000 ) ) ;
#1531 = CYLINDRICAL_SURFACE ( 'NONE', #6195, 0.5000000000000004441 ) ;
#1532 = VECTOR ( 'NONE', #2795, 1000.000000000000000 ) ;
#1533 = EDGE_CURVE ( 'NONE', #2194, #4345, #4641, .T. ) ;
#1534 = ORIENTED_EDGE ( 'NONE', *, *, #3022, .T. ) ;
#1535 = ORIENTED_EDGE ( 'NONE', *, *, #627, .T. ) ;
#1536 = ORIENTED_EDGE ( 'NONE', *, *, #4309, .T. ) ;
#1537 = DIRECTION ( 'NONE',  ( -1.000000000000000000, 0.000000000000000000, -0.000000000000000000 ) ) ;
#1538 = EDGE_LOOP ( 'NONE', ( #836, #364, #5670, #3725 ) ) ;
#1539 = LINE ( 'NONE', #4381, #2305 ) ;
#1540 = VECTOR ( 'NONE', #1083, 1000.000000000000227 ) ;
#1541 = DIRECTION ( 'NONE',  ( 0.000000000000000000, 0.000000000000000000, -1.000000000000000000 ) ) ;
#1542 = CARTESIAN_POINT ( 'NONE',  ( 19.91049721830912134, -31.59987055267417233, 0.06521583956830895312 ) ) ;
#1543 = VERTEX_POINT ( 'NONE', #5758 ) ;
#1544 = EDGE_LOOP ( 'NONE', ( #3864, #2397, #12, #6789 ) ) ;
#1545 = VECTOR ( 'NONE', #3635, 1000.000000000000000 ) ;
#1546 = CARTESIAN_POINT ( 'NONE',  ( 16.01049721830911921, -30.63314883252257559, -8.347016988392956804 ) ) ;
#1547 = DIRECTION ( 'NONE',  ( 0.000000000000000000, 0.000000000000000000, -1.000000000000000000 ) ) ;
#1548 = ADVANCED_FACE ( 'NONE', ( #924 ), #290, .F. ) ;
#1549 = LINE ( 'NONE', #955, #3430 ) ;
#1550 = CARTESIAN_POINT ( 'NONE',  ( 16.01049721830911921, -30.75988013140183597, 9.689802593540834508 ) ) ;
#1551 = DIRECTION ( 'NONE',  ( 1.000000000000000000, -0.000000000000000000, -0.000000000000000000 ) ) ;
#1552 = AXIS2_PLACEMENT_3D ( 'NONE', #5209, #1911, #4041 ) ;
#1553 = EDGE_CURVE ( 'NONE', #1473, #3829, #2037, .T. ) ;
#1554 = AXIS2_PLACEMENT_3D ( 'NONE', #934, #2552, #1564 ) ;
#1555 = DIRECTION ( 'NONE',  ( 1.000000000000000000, -0.000000000000000000, -0.000000000000000000 ) ) ;
#1556 = EDGE_CURVE ( 'NONE', #2897, #2860, #6143, .T. ) ;
#1557 = CARTESIAN_POINT ( 'NONE',  ( 19.91049721830912134, 1.628307222841127277, -31.70821842343153563 ) ) ;
#1558 = CARTESIAN_POINT ( 'NONE',  ( 25.36049721830912418, -11.55778298249902036, 16.35905108890659321 ) ) ;
#1559 = VERTEX_POINT ( 'NONE', #5618 ) ;
#1560 = ORIENTED_EDGE ( 'NONE', *, *, #816, .T. ) ;
#1561 = EDGE_CURVE ( 'NONE', #1697, #1286, #5203, .T. ) ;
#1562 = DIRECTION ( 'NONE',  ( -1.000000000000000000, -0.000000000000000000, -0.000000000000000000 ) ) ;
#1563 = ORIENTED_EDGE ( 'NONE', *, *, #865, .F. ) ;
#1564 = DIRECTION ( 'NONE',  ( 0.000000000000000000, 0.000000000000000000, 1.000000000000000000 ) ) ;
#1565 = CARTESIAN_POINT ( 'NONE',  ( 19.91049721830912134, 0.000000000000000000, 0.000000000000000000 ) ) ;
#1566 = DIRECTION ( 'NONE',  ( -1.000000000000000000, -0.000000000000000000, -0.000000000000000000 ) ) ;
#1567 = ORIENTED_EDGE ( 'NONE', *, *, #5722, .F. ) ;
#1568 = VERTEX_POINT ( 'NONE', #5827 ) ;
#1569 = EDGE_LOOP ( 'NONE', ( #1407, #2828, #6970, #2984 ) ) ;
#1570 = CIRCLE ( 'NONE', #6521, 3.204999999999999627 ) ;
#1571 = FACE_OUTER_BOUND ( 'NONE', #157, .T. ) ;
#1572 = EDGE_CURVE ( 'NONE', #4225, #49, #6663, .T. ) ;
#1573 = CYLINDRICAL_SURFACE ( 'NONE', #5301, 3.204999999999998739 ) ;
#1574 = DIRECTION ( 'NONE',  ( 0.000000000000000000, 0.000000000000000000, 1.000000000000000000 ) ) ;
#1575 = ORIENTED_EDGE ( 'NONE', *, *, #3112, .F. ) ;
#1576 = AXIS2_PLACEMENT_3D ( 'NONE', #3978, #864, #2878 ) ;
#1577 = VERTEX_POINT ( 'NONE', #2681 ) ;
#1578 = LINE ( 'NONE', #2671, #3573 ) ;
#1579 = ADVANCED_FACE ( 'NONE', ( #4744, #2648 ), #5859, .F. ) ;
#1580 = DIRECTION ( 'NONE',  ( 0.000000000000000000, 6.938893903907222067E-15, 1.000000000000000000 ) ) ;
#1581 = DIRECTION ( 'NONE',  ( -1.000000000000000000, 0.000000000000000000, 0.000000000000000000 ) ) ;
#1582 = CYLINDRICAL_SURFACE ( 'NONE', #4856, 0.5000000000000004441 ) ;
#1583 = DIRECTION ( 'NONE',  ( 0.000000000000000000, 0.000000000000000000, -1.000000000000000000 ) ) ;
#1584 = EDGE_CURVE ( 'NONE', #106, #3461, #6095, .T. ) ;
#1585 = VECTOR ( 'NONE', #4243, 999.9999999999998863 ) ;
#1586 = CIRCLE ( 'NONE', #4300, 3.000000000000001776 ) ;
#1587 = EDGE_LOOP ( 'NONE', ( #2661, #2865, #5857, #6140 ) ) ;
#1588 = FACE_OUTER_BOUND ( 'NONE', #3972, .T. ) ;
#1589 = DIRECTION ( 'NONE',  ( 1.000000000000000000, -0.000000000000000000, -0.000000000000000000 ) ) ;
#1590 = DIRECTION ( 'NONE',  ( -1.000000000000000000, 0.000000000000000000, 0.000000000000000000 ) ) ;
#1591 = VECTOR ( 'NONE', #2758, 1000.000000000000000 ) ;
#1592 = EDGE_LOOP ( 'NONE', ( #1317, #1415, #6822, #3049 ) ) ;
#1593 = ORIENTED_EDGE ( 'NONE', *, *, #172, .F. ) ;
#1594 = EDGE_CURVE ( 'NONE', #233, #6318, #4274, .T. ) ;
#1595 = DIRECTION ( 'NONE',  ( 0.000000000000000000, -1.687538997430237941E-13, -1.000000000000000000 ) ) ;
#1596 = ORIENTED_EDGE ( 'NONE', *, *, #5570, .T. ) ;
#1597 = CARTESIAN_POINT ( 'NONE',  ( 19.91049721830912134, -16.17618497092529495, -27.14566469692546846 ) ) ;
#1598 = AXIS2_PLACEMENT_3D ( 'NONE', #3186, #1590, #5958 ) ;
#1599 = CIRCLE ( 'NONE', #5431, 32.25000000000000000 ) ;
#1600 = CARTESIAN_POINT ( 'NONE',  ( 16.01049721830911921, 26.54824439462987584, -17.13904290252226303 ) ) ;
#1601 = CARTESIAN_POINT ( 'NONE',  ( 19.91049721830912134, 13.18638305077265471, 28.71716166493114386 ) ) ;
#1602 = ADVANCED_FACE ( 'NONE', ( #3653 ), #3784, .F. ) ;
#1603 = ORIENTED_EDGE ( 'NONE', *, *, #2320, .F. ) ;
#1604 = ORIENTED_EDGE ( 'NONE', *, *, #3507, .T. ) ;
#1605 = EDGE_CURVE ( 'NONE', #4246, #4226, #5894, .T. ) ;
#1606 = CIRCLE ( 'NONE', #374, 0.5000000000000004441 ) ;
#1607 = ORIENTED_EDGE ( 'NONE', *, *, #6557, .T. ) ;
#1608 = CIRCLE ( 'NONE', #5333, 22.50000000000000355 ) ;
#1609 = PLANE ( 'NONE',  #4143 ) ;
#1610 = CARTESIAN_POINT ( 'NONE',  ( 89.00010752509841438, 0.000000000000000000, 0.000000000000000000 ) ) ;
#1611 = CARTESIAN_POINT ( 'NONE',  ( 19.91049721830912134, 4.561682503515902098, 31.26894825203770623 ) ) ;
#1612 = ORIENTED_EDGE ( 'NONE', *, *, #2739, .F. ) ;
#1613 = ORIENTED_EDGE ( 'NONE', *, *, #3983, .T. ) ;
#1614 = ADVANCED_FACE ( 'NONE', ( #1588 ), #995, .F. ) ;
#1615 = AXIS2_PLACEMENT_3D ( 'NONE', #5681, #3502, #4632 ) ;
#1616 = DIRECTION ( 'NONE',  ( -1.000000000000000000, -0.000000000000000000, -0.000000000000000000 ) ) ;
#1617 = DIRECTION ( 'NONE',  ( 0.000000000000000000, 0.000000000000000000, 1.000000000000000000 ) ) ;
#1618 = CARTESIAN_POINT ( 'NONE',  ( 19.91049721830912134, 29.17147211914313232, -12.14830385089005915 ) ) ;
#1619 = CARTESIAN_POINT ( 'NONE',  ( 25.56462533844871388, -26.54824439462975150, 17.13904290252244422 ) ) ;
#1620 = AXIS2_PLACEMENT_3D ( 'NONE', #737, #6164, #6702 ) ;
#1621 = CARTESIAN_POINT ( 'NONE',  ( 19.91049721830912134, -23.34269296543691041, 22.61346247528986453 ) ) ;
#1622 = VECTOR ( 'NONE', #3155, 1000.000000000000000 ) ;
#1623 = FACE_OUTER_BOUND ( 'NONE', #1067, .T. ) ;
#1624 = DIRECTION ( 'NONE',  ( 0.000000000000000000, 0.000000000000000000, -1.000000000000000000 ) ) ;
#1625 = ORIENTED_EDGE ( 'NONE', *, *, #663, .T. ) ;
#1626 = CIRCLE ( 'NONE', #5448, 0.5000000000000004441 ) ;
#1627 = LINE ( 'NONE', #6932, #2863 ) ;
#1628 = VERTEX_POINT ( 'NONE', #3147 ) ;
#1629 = FACE_OUTER_BOUND ( 'NONE', #3559, .T. ) ;
#1630 = LINE ( 'NONE', #5410, #6441 ) ;
#1631 = LINE ( 'NONE', #4886, #3869 ) ;
#1632 = EDGE_CURVE ( 'NONE', #223, #3621, #4189, .T. ) ;
#1633 = ORIENTED_EDGE ( 'NONE', *, *, #342, .F. ) ;
#1634 = VERTEX_POINT ( 'NONE', #6956 ) ;
#1635 = ADVANCED_FACE ( 'NONE', ( #1059 ), #3753, .F. ) ;
#1636 = LINE ( 'NONE', #1109, #761 ) ;
#1637 = DIRECTION ( 'NONE',  ( 0.000000000000000000, -1.387778780781444413E-14, 1.000000000000000000 ) ) ;
#1638 = ADVANCED_FACE ( 'NONE', ( #528 ), #5304, .F. ) ;
#1639 = CARTESIAN_POINT ( 'NONE',  ( 19.91049721830912134, 25.70530160745097348, 19.88686675346267663 ) ) ;
#1640 = VERTEX_POINT ( 'NONE', #4310 ) ;
#1641 = ORIENTED_EDGE ( 'NONE', *, *, #301, .F. ) ;
#1642 = DIRECTION ( 'NONE',  ( -1.000000000000000000, 0.000000000000000000, 0.000000000000000000 ) ) ;
#1643 = DIRECTION ( 'NONE',  ( 1.000000000000000000, -0.000000000000000000, -0.000000000000000000 ) ) ;
#1644 = DIRECTION ( 'NONE',  ( -1.000000000000000000, 0.000000000000000000, 0.000000000000000000 ) ) ;
#1645 = DIRECTION ( 'NONE',  ( -1.000000000000000000, 0.000000000000000000, 0.000000000000000000 ) ) ;
#1646 = CYLINDRICAL_SURFACE ( 'NONE', #6507, 3.145000000000001794 ) ;
#1647 = VECTOR ( 'NONE', #658, 1000.000000000000000 ) ;
#1648 = ORIENTED_EDGE ( 'NONE', *, *, #3451, .F. ) ;
#1649 = DIRECTION ( 'NONE',  ( -1.000000000000000000, -0.000000000000000000, -0.000000000000000000 ) ) ;
#1650 = AXIS2_PLACEMENT_3D ( 'NONE', #2449, #1322, #300 ) ;
#1651 = DIRECTION ( 'NONE',  ( 0.000000000000000000, 0.000000000000000000, 1.000000000000000000 ) ) ;
#1652 = ADVANCED_FACE ( 'NONE', ( #3686 ), #5923, .T. ) ;
#1653 = CYLINDRICAL_SURFACE ( 'NONE', #3750, 32.25000000000000000 ) ;
#1654 = ORIENTED_EDGE ( 'NONE', *, *, #2430, .T. ) ;
#1655 = AXIS2_PLACEMENT_3D ( 'NONE', #1240, #74, #2866 ) ;
#1656 = AXIS2_PLACEMENT_3D ( 'NONE', #2777, #2248, #2287 ) ;
#1657 = FACE_OUTER_BOUND ( 'NONE', #1986, .T. ) ;
#1658 = ORIENTED_EDGE ( 'NONE', *, *, #3280, .F. ) ;
#1659 = DIRECTION ( 'NONE',  ( 0.000000000000000000, 0.2741118111742817387, 0.9616978293490917595 ) ) ;
#1660 = DIRECTION ( 'NONE',  ( 0.000000000000000000, 0.000000000000000000, 1.000000000000000000 ) ) ;
#1661 = DIRECTION ( 'NONE',  ( 0.000000000000000000, 0.000000000000000000, 1.000000000000000000 ) ) ;
#1662 = LINE ( 'NONE', #3223, #3301 ) ;
#1663 = ORIENTED_EDGE ( 'NONE', *, *, #3873, .T. ) ;
#1664 = VERTEX_POINT ( 'NONE', #5340 ) ;
#1665 = ADVANCED_FACE ( 'NONE', ( #468 ), #6457, .T. ) ;
#1666 = CARTESIAN_POINT ( 'NONE',  ( 16.01049721830911921, 0.000000000000000000, 0.000000000000000000 ) ) ;
#1667 = EDGE_LOOP ( 'NONE', ( #5561, #1941, #3287, #6374 ) ) ;
#1668 = CARTESIAN_POINT ( 'NONE',  ( 25.36049721830912418, -16.06895312500000017, 4.986919937852694495 ) ) ;
#1669 = CARTESIAN_POINT ( 'NONE',  ( 19.91049721830912134, -18.51257633225414168, 25.79432142046895393 ) ) ;
#1670 = ORIENTED_EDGE ( 'NONE', *, *, #2548, .T. ) ;
#1671 = ORIENTED_EDGE ( 'NONE', *, *, #1388, .F. ) ;
#1672 = CARTESIAN_POINT ( 'NONE',  ( 16.01049721830911921, 31.10847290275963672, 5.551485000408850290 ) ) ;
#1673 = CARTESIAN_POINT ( 'NONE',  ( 25.49807105772856630, -30.30148033719032696, 8.965286466497492057 ) ) ;
#1674 = LINE ( 'NONE', #3841, #4683 ) ;
#1675 = CYLINDRICAL_SURFACE ( 'NONE', #1950, 0.4999999999999970024 ) ;
#1676 = AXIS2_PLACEMENT_3D ( 'NONE', #2235, #2767, #4928 ) ;
#1677 = DIRECTION ( 'NONE',  ( 0.000000000000000000, 0.000000000000000000, 1.000000000000000000 ) ) ;
#1678 = EDGE_CURVE ( 'NONE', #2272, #2033, #434, .T. ) ;
#1679 = EDGE_CURVE ( 'NONE', #6500, #3981, #4777, .T. ) ;
#1680 = ORIENTED_EDGE ( 'NONE', *, *, #6355, .T. ) ;
#1681 = DIRECTION ( 'NONE',  ( -1.000000000000000000, 0.000000000000000000, 0.000000000000000000 ) ) ;
#1682 = AXIS2_PLACEMENT_3D ( 'NONE', #493, #917, #2642 ) ;
#1683 = DIRECTION ( 'NONE',  ( -1.000000000000000000, 0.000000000000000000, -0.000000000000000000 ) ) ;
#1684 = DIRECTION ( 'NONE',  ( 0.000000000000000000, 0.000000000000000000, -1.000000000000000000 ) ) ;
#1685 = ORIENTED_EDGE ( 'NONE', *, *, #1892, .T. ) ;
#1686 = VECTOR ( 'NONE', #1517, 1000.000000000000000 ) ;
#1687 = AXIS2_PLACEMENT_3D ( 'NONE', #4184, #6792, #1392 ) ;
#1688 = ADVANCED_FACE ( 'NONE', ( #4413 ), #4978, .T. ) ;
#1689 = DIRECTION ( 'NONE',  ( -0.000000000000000000, 0.8369380309815710461, 0.5472976633393303869 ) ) ;
#1690 = VERTEX_POINT ( 'NONE', #704 ) ;
#1691 = CARTESIAN_POINT ( 'NONE',  ( 16.01049721830911921, -4.432578430805260261, 31.28751061535984235 ) ) ;
#1692 = FACE_OUTER_BOUND ( 'NONE', #2135, .T. ) ;
#1693 = DIRECTION ( 'NONE',  ( -1.000000000000000000, -0.000000000000000000, -0.000000000000000000 ) ) ;
#1694 = VECTOR ( 'NONE', #42, 1000.000000000000000 ) ;
#1695 = LINE ( 'NONE', #2160, #6914 ) ;
#1696 = ORIENTED_EDGE ( 'NONE', *, *, #3105, .T. ) ;
#1697 = VERTEX_POINT ( 'NONE', #3886 ) ;
#1698 = ADVANCED_FACE ( 'NONE', ( #1785 ), #140, .F. ) ;
#1699 = CIRCLE ( 'NONE', #17, 32.25000000000000000 ) ;
#1700 = LINE ( 'NONE', #2307, #5119 ) ;
#1701 = VERTEX_POINT ( 'NONE', #2855 ) ;
#1702 = PLANE ( 'NONE',  #3129 ) ;
#1703 = LINE ( 'NONE', #1180, #231 ) ;
#1704 = DIRECTION ( 'NONE',  ( -1.000000000000000000, 0.000000000000000000, 0.000000000000000000 ) ) ;
#1705 = DIRECTION ( 'NONE',  ( 0.000000000000000000, 0.7609209538359856806, -0.6488445900316452963 ) ) ;
#1706 = EDGE_LOOP ( 'NONE', ( #1321, #3226, #5701, #2299 ) ) ;
#1707 = ORIENTED_EDGE ( 'NONE', *, *, #1860, .T. ) ;
#1708 = ORIENTED_EDGE ( 'NONE', *, *, #6156, .F. ) ;
#1709 = VERTEX_POINT ( 'NONE', #2747 ) ;
#1710 = CARTESIAN_POINT ( 'NONE',  ( 16.01049721830911921, 28.28432710664302618, 14.09088046134497318 ) ) ;
#1711 = AXIS2_PLACEMENT_3D ( 'NONE', #6523, #1683, #630 ) ;
#1712 = DIRECTION ( 'NONE',  ( 1.000000000000000000, -0.000000000000000000, -0.000000000000000000 ) ) ;
#1713 = DIRECTION ( 'NONE',  ( 0.000000000000000000, -3.247532248318517862E-15, -1.000000000000000000 ) ) ;
#1714 = CARTESIAN_POINT ( 'NONE',  ( 16.01049721830911921, -24.56724982311104810, 19.87476561321781432 ) ) ;
#1715 = CARTESIAN_POINT ( 'NONE',  ( 25.50868112545531119, 9.922176177770067440, -30.00177481331374807 ) ) ;
#1716 = ADVANCED_FACE ( 'NONE', ( #5469 ), #6063, .F. ) ;
#1717 = FACE_OUTER_BOUND ( 'NONE', #5733, .T. ) ;
#1718 = EDGE_CURVE ( 'NONE', #1114, #2013, #1193, .T. ) ;
#1719 = DIRECTION ( 'NONE',  ( 0.000000000000000000, -0.9886612770418575780, -0.1501628425342406981 ) ) ;
#1720 = DIRECTION ( 'NONE',  ( -1.000000000000000000, -0.000000000000000000, -0.000000000000000000 ) ) ;
#1721 = EDGE_CURVE ( 'NONE', #2059, #6500, #6077, .T. ) ;
#1722 = ORIENTED_EDGE ( 'NONE', *, *, #544, .F. ) ;
#1723 = VECTOR ( 'NONE', #2502, 1000.000000000000000 ) ;
#1724 = AXIS2_PLACEMENT_3D ( 'NONE', #1423, #2941, #334 ) ;
#1725 = CYLINDRICAL_SURFACE ( 'NONE', #4248, 0.5000000000000004441 ) ;
#1726 = VERTEX_POINT ( 'NONE', #4342 ) ;
#1727 = CARTESIAN_POINT ( 'NONE',  ( 16.01049721830911921, 28.60995187281035967, 14.88398984934735125 ) ) ;
#1728 = EDGE_CURVE ( 'NONE', #4417, #2282, #6527, .T. ) ;
#1729 = CARTESIAN_POINT ( 'NONE',  ( 19.91049721830912134, -29.45200432122972600, 12.18636927556152472 ) ) ;
#1730 = DIRECTION ( 'NONE',  ( 1.000000000000000000, -0.000000000000000000, -0.000000000000000000 ) ) ;
#1731 = CARTESIAN_POINT ( 'NONE',  ( 89.00010752509841438, 0.000000000000000000, 0.000000000000000000 ) ) ;
#1732 = AXIS2_PLACEMENT_3D ( 'NONE', #1778, #5949, #24 ) ;
#1733 = VERTEX_POINT ( 'NONE', #1230 ) ;
#1734 = DIRECTION ( 'NONE',  ( -1.000000000000000000, -0.000000000000000000, -0.000000000000000000 ) ) ;
#1735 = ORIENTED_EDGE ( 'NONE', *, *, #5276, .F. ) ;
#1736 = CARTESIAN_POINT ( 'NONE',  ( 16.01049721830911921, 17.97273505347123645, -25.99109206534463823 ) ) ;
#1737 = LINE ( 'NONE', #6543, #4294 ) ;
#1738 = PLANE ( 'NONE',  #221 ) ;
#1739 = EDGE_CURVE ( 'NONE', #2093, #3335, #672, .T. ) ;
#1740 = DIRECTION ( 'NONE',  ( -1.000000000000000000, 0.000000000000000000, 0.000000000000000000 ) ) ;
#1741 = ORIENTED_EDGE ( 'NONE', *, *, #5572, .F. ) ;
#1742 = ORIENTED_EDGE ( 'NONE', *, *, #6753, .F. ) ;
#1743 = ORIENTED_EDGE ( 'NONE', *, *, #6969, .T. ) ;
#1744 = FACE_OUTER_BOUND ( 'NONE', #6737, .T. ) ;
#1745 = DIRECTION ( 'NONE',  ( 1.000000000000000000, -0.000000000000000000, -0.000000000000000000 ) ) ;
#1746 = CARTESIAN_POINT ( 'NONE',  ( 25.36049721830912418, 16.06895312500000017, -4.986919937852696272 ) ) ;
#1747 = LINE ( 'NONE', #4338, #497 ) ;
#1748 = DIRECTION ( 'NONE',  ( 0.000000000000000000, 0.000000000000000000, 1.000000000000000000 ) ) ;
#1749 = AXIS2_PLACEMENT_3D ( 'NONE', #6041, #3824, #2226 ) ;
#1750 = EDGE_CURVE ( 'NONE', #3491, #6635, #2477, .T. ) ;
#1751 = DIRECTION ( 'NONE',  ( 1.000000000000000000, -0.000000000000000000, -0.000000000000000000 ) ) ;
#1752 = DIRECTION ( 'NONE',  ( 0.000000000000000000, 0.000000000000000000, 1.000000000000000000 ) ) ;
#1753 = CARTESIAN_POINT ( 'NONE',  ( 89.00010752509841438, 20.00000000000000000, 0.000000000000000000 ) ) ;
#1754 = AXIS2_PLACEMENT_3D ( 'NONE', #3251, #4378, #1165 ) ;
#1755 = ORIENTED_EDGE ( 'NONE', *, *, #3328, .T. ) ;
#1756 = VECTOR ( 'NONE', #1466, 1000.000000000000000 ) ;
#1757 = CYLINDRICAL_SURFACE ( 'NONE', #1197, 32.25000000000000000 ) ;
#1758 = VERTEX_POINT ( 'NONE', #2782 ) ;
#1759 = CARTESIAN_POINT ( 'NONE',  ( 25.49807105772856630, -30.54321666901005017, 9.112632449955986758 ) ) ;
#1760 = CARTESIAN_POINT ( 'NONE',  ( 16.01049721830911921, 18.51257633225432642, -25.79432142046882959 ) ) ;
#1761 = CARTESIAN_POINT ( 'NONE',  ( 19.91049721830912134, 26.61876108426065457, 17.02931679165508427 ) ) ;
#1762 = CARTESIAN_POINT ( 'NONE',  ( 16.01049721830911921, -30.26683409500843780, -11.83928857090812059 ) ) ;
#1763 = CIRCLE ( 'NONE', #4828, 3.205000000000000959 ) ;
#1764 = ORIENTED_EDGE ( 'NONE', *, *, #2061, .T. ) ;
#1765 = EDGE_CURVE ( 'NONE', #5773, #299, #4875, .T. ) ;
#1766 = FACE_OUTER_BOUND ( 'NONE', #6346, .T. ) ;
#1767 = ORIENTED_EDGE ( 'NONE', *, *, #4808, .F. ) ;
#1768 = DIRECTION ( 'NONE',  ( 1.000000000000000000, -0.000000000000000000, -0.000000000000000000 ) ) ;
#1769 = CIRCLE ( 'NONE', #5723, 32.25000000000000000 ) ;
#1770 = DIRECTION ( 'NONE',  ( 0.000000000000000000, -0.9659258262890675351, 0.2588190451025234040 ) ) ;
#1771 = DIRECTION ( 'NONE',  ( -1.000000000000000000, 0.000000000000000000, 0.000000000000000000 ) ) ;
#1772 = LINE ( 'NONE', #6618, #207 ) ;
#1773 = EDGE_LOOP ( 'NONE', ( #5377, #4235, #4845, #5793 ) ) ;
#1774 = ORIENTED_EDGE ( 'NONE', *, *, #3927, .T. ) ;
#1775 = CIRCLE ( 'NONE', #2004, 0.5000000000000004441 ) ;
#1776 = EDGE_CURVE ( 'NONE', #1475, #2953, #2930, .T. ) ;
#1777 = DIRECTION ( 'NONE',  ( 1.000000000000000000, -0.000000000000000000, -0.000000000000000000 ) ) ;
#1778 = CARTESIAN_POINT ( 'NONE',  ( 25.59583794145658331, 19.06127845897276529, 26.32332926340247781 ) ) ;
#1779 = CARTESIAN_POINT ( 'NONE',  ( 19.91049721830912134, 28.76809848777853418, -15.12106178141850421 ) ) ;
#1780 = CARTESIAN_POINT ( 'NONE',  ( 16.01049721830911921, 25.02978704007842481, -20.03387469828559020 ) ) ;
#1781 = DIRECTION ( 'NONE',  ( 1.000000000000000000, -0.000000000000000000, 0.000000000000000000 ) ) ;
#1782 = VERTEX_POINT ( 'NONE', #5502 ) ;
#1783 = VERTEX_POINT ( 'NONE', #30 ) ;
#1784 = EDGE_CURVE ( 'NONE', #3764, #1980, #6767, .T. ) ;
#1785 = FACE_OUTER_BOUND ( 'NONE', #948, .T. ) ;
#1786 = LINE ( 'NONE', #141, #2843 ) ;
#1787 = CYLINDRICAL_SURFACE ( 'NONE', #576, 3.144999999999999574 ) ;
#1788 = AXIS2_PLACEMENT_3D ( 'NONE', #5956, #2820, #6594 ) ;
#1789 = ORIENTED_EDGE ( 'NONE', *, *, #3852, .F. ) ;
#1790 = ORIENTED_EDGE ( 'NONE', *, *, #1584, .F. ) ;
#1791 = DIRECTION ( 'NONE',  ( 1.000000000000000000, -0.000000000000000000, -0.000000000000000000 ) ) ;
#1792 = DIRECTION ( 'NONE',  ( 0.000000000000000000, -1.734723475976805517E-15, 1.000000000000000000 ) ) ;
#1793 = DIRECTION ( 'NONE',  ( 0.000000000000000000, 0.9525166539358653761, 0.3044864922698913845 ) ) ;
#1794 = DIRECTION ( 'NONE',  ( 1.000000000000000000, -0.000000000000000000, -0.000000000000000000 ) ) ;
#1795 = AXIS2_PLACEMENT_3D ( 'NONE', #2929, #4633, #2367 ) ;
#1796 = ADVANCED_FACE ( 'NONE', ( #1717 ), #6631, .F. ) ;
#1797 = ORIENTED_EDGE ( 'NONE', *, *, #2835, .F. ) ;
#1798 = VERTEX_POINT ( 'NONE', #5401 ) ;
#1799 = CARTESIAN_POINT ( 'NONE',  ( 16.01049721830911921, 32.24382171527122409, -0.6312378266579862229 ) ) ;
#1800 = ORIENTED_EDGE ( 'NONE', *, *, #1605, .F. ) ;
#1801 = CARTESIAN_POINT ( 'NONE',  ( 16.01049721830911921, 28.49680455888971409, 14.27796500172648209 ) ) ;
#1802 = DIRECTION ( 'NONE',  ( -1.000000000000000000, 0.000000000000000000, 0.000000000000000000 ) ) ;
#1803 = ADVANCED_FACE ( 'NONE', ( #6486 ), #4943, .F. ) ;
#1804 = DIRECTION ( 'NONE',  ( -1.000000000000000000, 0.000000000000000000, 0.000000000000000000 ) ) ;
#1805 =( NAMED_UNIT ( * ) PLANE_ANGLE_UNIT ( ) SI_UNIT ( $, .RADIAN. ) );
#1806 = EDGE_CURVE ( 'NONE', #2975, #4490, #3832, .T. ) ;
#1807 = ORIENTED_EDGE ( 'NONE', *, *, #5066, .F. ) ;
#1808 = CIRCLE ( 'NONE', #5768, 3.000000000000003997 ) ;
#1809 = EDGE_LOOP ( 'NONE', ( #4743, #1535, #2371, #6448 ) ) ;
#1810 = ORIENTED_EDGE ( 'NONE', *, *, #3379, .T. ) ;
#1811 = DIRECTION ( 'NONE',  ( 0.000000000000000000, -0.7505306301456858842, -0.6608356627885028090 ) ) ;
#1812 = DIRECTION ( 'NONE',  ( 1.000000000000000000, -0.000000000000000000, -0.000000000000000000 ) ) ;
#1813 = VECTOR ( 'NONE', #5751, 1000.000000000000000 ) ;
#1814 = CARTESIAN_POINT ( 'NONE',  ( 19.91049721830912134, 0.000000000000000000, 0.000000000000000000 ) ) ;
#1815 = AXIS2_PLACEMENT_3D ( 'NONE', #1760, #1279, #3439 ) ;
#1816 = DIRECTION ( 'NONE',  ( 0.000000000000000000, 0.9909193101761460953, -0.1344578771215391433 ) ) ;
#1817 = FACE_OUTER_BOUND ( 'NONE', #5225, .T. ) ;
#1818 = EDGE_CURVE ( 'NONE', #6326, #4080, #3504, .T. ) ;
#1819 = ORIENTED_EDGE ( 'NONE', *, *, #3905, .F. ) ;
#1820 = ORIENTED_EDGE ( 'NONE', *, *, #3820, .T. ) ;
#1821 = AXIS2_PLACEMENT_3D ( 'NONE', #4842, #2152, #5341 ) ;
#1822 = DIRECTION ( 'NONE',  ( 0.000000000000000000, -0.1187190626573113306, -0.9929278846732875197 ) ) ;
#1823 = DIRECTION ( 'NONE',  ( -1.000000000000000000, 0.000000000000000000, 0.000000000000000000 ) ) ;
#1824 = LINE ( 'NONE', #1413, #1813 ) ;
#1825 = EDGE_CURVE ( 'NONE', #783, #5694, #882, .T. ) ;
#1826 = ORIENTED_EDGE ( 'NONE', *, *, #2337, .T. ) ;
#1827 = ORIENTED_EDGE ( 'NONE', *, *, #1938, .T. ) ;
#1828 = DIRECTION ( 'NONE',  ( 0.000000000000000000, 0.000000000000000000, 1.000000000000000000 ) ) ;
#1829 = AXIS2_PLACEMENT_3D ( 'NONE', #5425, #4473, #4401 ) ;
#1830 = LINE ( 'NONE', #149, #3859 ) ;
#1831 = CYLINDRICAL_SURFACE ( 'NONE', #1480, 32.25000000000000000 ) ;
#1832 = CARTESIAN_POINT ( 'NONE',  ( 19.91049721830912134, 31.87332702518261840, -0.1384882805420117047 ) ) ;
#1833 = AXIS2_PLACEMENT_3D ( 'NONE', #849, #2997, #5228 ) ;
#1834 = ORIENTED_EDGE ( 'NONE', *, *, #3370, .F. ) ;
#1835 = ORIENTED_EDGE ( 'NONE', *, *, #2261, .T. ) ;
#1836 = AXIS2_PLACEMENT_3D ( 'NONE', #2322, #1152, #6627 ) ;
#1837 = CARTESIAN_POINT ( 'NONE',  ( 16.01049721830911921, 10.66087161983700504, -30.43695642316021832 ) ) ;
#1838 = VERTEX_POINT ( 'NONE', #3569 ) ;
#1839 = DIRECTION ( 'NONE',  ( 1.000000000000000000, -0.000000000000000000, -0.000000000000000000 ) ) ;
#1840 = EDGE_CURVE ( 'NONE', #180, #1891, #5084, .T. ) ;
#1841 = PLANE ( 'NONE',  #1237 ) ;
#1842 = CIRCLE ( 'NONE', #275, 0.5000000000000004441 ) ;
#1843 = FACE_OUTER_BOUND ( 'NONE', #893, .T. ) ;
#1844 = EDGE_CURVE ( 'NONE', #1568, #4345, #5405, .T. ) ;
#1845 = ORIENTED_EDGE ( 'NONE', *, *, #4605, .F. ) ;
#1846 = ORIENTED_EDGE ( 'NONE', *, *, #5547, .F. ) ;
#1847 = ORIENTED_EDGE ( 'NONE', *, *, #5825, .F. ) ;
#1848 = AXIS2_PLACEMENT_3D ( 'NONE', #3494, #6266, #4051 ) ;
#1849 = EDGE_LOOP ( 'NONE', ( #6682, #2619, #2736, #5659 ) ) ;
#1850 = CIRCLE ( 'NONE', #5807, 3.204999999999999627 ) ;
#1851 = DIRECTION ( 'NONE',  ( -1.000000000000000000, 0.000000000000000000, 0.000000000000000000 ) ) ;
#1852 = ORIENTED_EDGE ( 'NONE', *, *, #1042, .T. ) ;
#1853 = EDGE_CURVE ( 'NONE', #288, #4588, #1305, .T. ) ;
#1854 = DIRECTION ( 'NONE',  ( 0.000000000000000000, 0.000000000000000000, 1.000000000000000000 ) ) ;
#1855 = FACE_OUTER_BOUND ( 'NONE', #1809, .T. ) ;
#1856 = DIRECTION ( 'NONE',  ( 1.000000000000000000, -0.000000000000000000, -0.000000000000000000 ) ) ;
#1857 = DIRECTION ( 'NONE',  ( 1.000000000000000000, -0.000000000000000000, -0.000000000000000000 ) ) ;
#1858 = ORIENTED_EDGE ( 'NONE', *, *, #6365, .F. ) ;
#1859 = VERTEX_POINT ( 'NONE', #6208 ) ;
#1860 = EDGE_CURVE ( 'NONE', #111, #1577, #741, .T. ) ;
#1861 = FACE_OUTER_BOUND ( 'NONE', #3848, .T. ) ;
#1862 = DIRECTION ( 'NONE',  ( -1.000000000000000000, 0.000000000000000000, 0.000000000000000000 ) ) ;
#1863 = FACE_OUTER_BOUND ( 'NONE', #5578, .T. ) ;
#1864 = VERTEX_POINT ( 'NONE', #3993 ) ;
#1865 = ADVANCED_FACE ( 'NONE', ( #211 ), #2996, .F. ) ;
#1866 = FACE_OUTER_BOUND ( 'NONE', #6666, .T. ) ;
#1867 = AXIS2_PLACEMENT_3D ( 'NONE', #1546, #3237, #1021 ) ;
#1868 = DIRECTION ( 'NONE',  ( 0.000000000000000000, 0.000000000000000000, 1.000000000000000000 ) ) ;
#1869 = CARTESIAN_POINT ( 'NONE',  ( 18.71049721830912205, 0.2651661214191306515, -20.02824472908326214 ) ) ;
#1870 = ORIENTED_EDGE ( 'NONE', *, *, #2677, .T. ) ;
#1871 = EDGE_LOOP ( 'NONE', ( #1641, #870, #532, #6051 ) ) ;
#1872 = CIRCLE ( 'NONE', #2779, 0.5000000000000004441 ) ;
#1873 = DIRECTION ( 'NONE',  ( 0.000000000000000000, 0.000000000000000000, -1.000000000000000000 ) ) ;
#1874 = DIRECTION ( 'NONE',  ( -1.000000000000000000, 0.000000000000000000, -0.000000000000000000 ) ) ;
#1875 = DIRECTION ( 'NONE',  ( 0.000000000000000000, 0.000000000000000000, 1.000000000000000000 ) ) ;
#1876 = AXIS2_PLACEMENT_3D ( 'NONE', #486, #3263, #2630 ) ;
#1877 = LINE ( 'NONE', #268, #3041 ) ;
#1878 = APPLICATION_PROTOCOL_DEFINITION ( 'draft international standard', 'automotive_design', 1998, #3396 ) ;
#1879 = ORIENTED_EDGE ( 'NONE', *, *, #2079, .F. ) ;
#1880 = ADVANCED_FACE ( 'NONE', ( #3462 ), #1375, .F. ) ;
#1881 = EDGE_LOOP ( 'NONE', ( #2064, #200, #519, #505 ) ) ;
#1882 = CIRCLE ( 'NONE', #4034, 3.000000000000001332 ) ;
#1883 = ORIENTED_EDGE ( 'NONE', *, *, #2070, .T. ) ;
#1884 = VECTOR ( 'NONE', #3883, 1000.000000000000000 ) ;
#1885 = DIRECTION ( 'NONE',  ( -1.000000000000000000, -0.000000000000000000, -0.000000000000000000 ) ) ;
#1886 = VERTEX_POINT ( 'NONE', #5610 ) ;
#1887 = CARTESIAN_POINT ( 'NONE',  ( 19.91049721830912134, 4.561682503515902098, 31.26894825203770623 ) ) ;
#1888 = LINE ( 'NONE', #5740, #2870 ) ;
#1889 = DIRECTION ( 'NONE',  ( -1.000000000000000000, 0.000000000000000000, -0.000000000000000000 ) ) ;
#1890 = CYLINDRICAL_SURFACE ( 'NONE', #3928, 3.000000000000002665 ) ;
#1891 = VERTEX_POINT ( 'NONE', #4667 ) ;
#1892 = EDGE_CURVE ( 'NONE', #5596, #834, #4511, .T. ) ;
#1893 = DIRECTION ( 'NONE',  ( 1.000000000000000000, -0.000000000000000000, -0.000000000000000000 ) ) ;
#1894 = CARTESIAN_POINT ( 'NONE',  ( 25.36049721830912418, 20.00000000000000000, 0.000000000000000000 ) ) ;
#1895 = CYLINDRICAL_SURFACE ( 'NONE', #951, 0.5000000000000004441 ) ;
#1896 = CARTESIAN_POINT ( 'NONE',  ( 25.36049721830912418, -3.229684546774040488, 17.93271034250899021 ) ) ;
#1897 = ADVANCED_FACE ( 'NONE', ( #2434 ), #5191, .F. ) ;
#1898 = EDGE_CURVE ( 'NONE', #2368, #3620, #1233, .T. ) ;
#1899 = VECTOR ( 'NONE', #1142, 1000.000000000000114 ) ;
#1900 = ORIENTED_EDGE ( 'NONE', *, *, #6212, .T. ) ;
#1901 = CARTESIAN_POINT ( 'NONE',  ( 19.91049721830912134, 0.000000000000000000, 0.000000000000000000 ) ) ;
#1902 = DIRECTION ( 'NONE',  ( 1.000000000000000000, 0.000000000000000000, 0.000000000000000000 ) ) ;
#1903 = DIRECTION ( 'NONE',  ( 0.000000000000000000, 0.000000000000000000, 1.000000000000000000 ) ) ;
#1904 = AXIS2_PLACEMENT_3D ( 'NONE', #1007, #6967, #5770 ) ;
#1905 = ADVANCED_FACE ( 'NONE', ( #1861 ), #4631, .T. ) ;
#1906 = VERTEX_POINT ( 'NONE', #2927 ) ;
#1907 = ORIENTED_EDGE ( 'NONE', *, *, #2712, .F. ) ;
#1908 = AXIS2_PLACEMENT_3D ( 'NONE', #3831, #2537, #6847 ) ;
#1909 = CARTESIAN_POINT ( 'NONE',  ( 18.71049721830912205, -16.05699361465334718, 8.613124784825870961 ) ) ;
#1910 = ORIENTED_EDGE ( 'NONE', *, *, #6209, .T. ) ;
#1911 = DIRECTION ( 'NONE',  ( -1.000000000000000000, 0.000000000000000000, 0.000000000000000000 ) ) ;
#1912 = FACE_OUTER_BOUND ( 'NONE', #291, .T. ) ;
#1913 = CIRCLE ( 'NONE', #4397, 3.000000000000002665 ) ;
#1914 = DIRECTION ( 'NONE',  ( -1.000000000000000000, 0.000000000000000000, -0.000000000000000000 ) ) ;
#1915 = EDGE_CURVE ( 'NONE', #1135, #3268, #2134, .T. ) ;
#1916 = VERTEX_POINT ( 'NONE', #4560 ) ;
#1917 = EDGE_LOOP ( 'NONE', ( #6415, #4011, #4461, #3736, #6338, #3308, #4009, #254, #2457, #4677, #4429, #1593, #5482, #5422, #4584, #6098, #2052, #4955, #4403, #5140, #5367, #2295, #6301, #5700, #5581, #929, #1482, #879, #2546, #3436, #3390, #3672, #6001, #2475, #5374, #950, #5262, #758, #2249, #5571, #3401, #2528, #1354, #2925, #5775, #5274, #775, #4292, #2453, #3172, #6122, #3217, #3027, #3944, #4181, #3146, #5070, #4628, #5784, #3269, #3797, #4045, #3306, #5386, #2646, #4372, #6408, #5711, #5109, #788, #6021, #6622, #3516, #2716, #1421, #3702, #2317, #3009, #4932, #3565, #2342, #6113, #844, #1797, #4030, #1145, #4931, #6827, #4532, #5174, #4826, #108, #481, #1613, #755, #5686, #1685, #1648, #3695, #1834, #2196, #4756, #1486, #2096, #5363, #3706, #5476, #2751, #3204, #4898, #2316, #839, #4536, #2124, #2556, #4724, #6373, #3339, #5251, #5874, #1276, #1454, #2122, #6912, #905, #6760, #5691, #6234, #6268, #3819, #3595, #1767, #2950, #4832, #907, #6335, #4678, #938, #536, #6501, #6287, #4263, #4882, #1398, #2701, #3347, #4913, #3267, #2269, #1431, #2770 ) ) ;
#1918 = VERTEX_POINT ( 'NONE', #6775 ) ;
#1919 = LINE ( 'NONE', #2952, #4822 ) ;
#1920 = ORIENTED_EDGE ( 'NONE', *, *, #2430, .F. ) ;
#1921 = DIRECTION ( 'NONE',  ( 1.000000000000000000, -0.000000000000000000, -0.000000000000000000 ) ) ;
#1922 = DIRECTION ( 'NONE',  ( -1.000000000000000000, 0.000000000000000000, 0.000000000000000000 ) ) ;
#1923 = DIRECTION ( 'NONE',  ( -1.000000000000000000, -0.000000000000000000, -0.000000000000000000 ) ) ;
#1924 = AXIS2_PLACEMENT_3D ( 'NONE', #510, #4220, #1070 ) ;
#1925 = VERTEX_POINT ( 'NONE', #6706 ) ;
#1926 = DIRECTION ( 'NONE',  ( 1.000000000000000000, -0.000000000000000000, -0.000000000000000000 ) ) ;
#1927 = CIRCLE ( 'NONE', #811, 0.5000000000000004441 ) ;
#1928 = AXIS2_PLACEMENT_3D ( 'NONE', #4244, #3815, #2046 ) ;
#1929 = CARTESIAN_POINT ( 'NONE',  ( 89.00010752509841438, 15.93129415377253189, -5.410590687343960425 ) ) ;
#1930 = EDGE_CURVE ( 'NONE', #6510, #2558, #3616, .T. ) ;
#1931 = DIRECTION ( 'NONE',  ( -1.000000000000000000, 0.000000000000000000, 0.000000000000000000 ) ) ;
#1932 = VERTEX_POINT ( 'NONE', #357 ) ;
#1933 = DIRECTION ( 'NONE',  ( 0.000000000000000000, 0.000000000000000000, 1.000000000000000000 ) ) ;
#1934 = CIRCLE ( 'NONE', #4878, 32.25000000000000000 ) ;
#1935 = ADVANCED_FACE ( 'NONE', ( #4059 ), #2501, .F. ) ;
#1936 = ORIENTED_EDGE ( 'NONE', *, *, #4122, .T. ) ;
#1937 = CARTESIAN_POINT ( 'NONE',  ( 16.01049721830911921, -27.04066462635374180, -17.13925949569454588 ) ) ;
#1938 = EDGE_CURVE ( 'NONE', #5414, #19, #5746, .T. ) ;
#1939 = DIRECTION ( 'NONE',  ( 0.000000000000000000, 0.000000000000000000, 1.000000000000000000 ) ) ;
#1940 = DIRECTION ( 'NONE',  ( -1.000000000000000000, 0.000000000000000000, 0.000000000000000000 ) ) ;
#1941 = ORIENTED_EDGE ( 'NONE', *, *, #3379, .F. ) ;
#1942 = VERTEX_POINT ( 'NONE', #4700 ) ;
#1943 = EDGE_CURVE ( 'NONE', #3324, #6610, #790, .T. ) ;
#1944 = LINE ( 'NONE', #3480, #3207 ) ;
#1945 = VERTEX_POINT ( 'NONE', #4167 ) ;
#1946 = CARTESIAN_POINT ( 'NONE',  ( 19.91049721830912134, -5.213587008473979267, -31.82579159274866143 ) ) ;
#1947 = LINE ( 'NONE', #6757, #685 ) ;
#1948 = CARTESIAN_POINT ( 'NONE',  ( 25.56462533844871388, 28.76809848777853418, -15.12106178141850421 ) ) ;
#1949 = CIRCLE ( 'NONE', #1162, 22.50000000000000355 ) ;
#1950 = AXIS2_PLACEMENT_3D ( 'NONE', #3842, #2706, #1226 ) ;
#1951 = VERTEX_POINT ( 'NONE', #1515 ) ;
#1952 = ORIENTED_EDGE ( 'NONE', *, *, #4324, .T. ) ;
#1953 = VERTEX_POINT ( 'NONE', #87 ) ;
#1954 = DIRECTION ( 'NONE',  ( 0.000000000000000000, 8.673617379884027583E-16, 1.000000000000000000 ) ) ;
#1955 = EDGE_LOOP ( 'NONE', ( #5072, #3433, #6185, #3406 ) ) ;
#1956 = AXIS2_PLACEMENT_3D ( 'NONE', #4010, #3008, #1979 ) ;
#1957 = ADVANCED_FACE ( 'NONE', ( #1443 ), #2038, .T. ) ;
#1958 = DIRECTION ( 'NONE',  ( 0.000000000000000000, 0.000000000000000000, 1.000000000000000000 ) ) ;
#1959 = CYLINDRICAL_SURFACE ( 'NONE', #2184, 0.5000000000000004441 ) ;
#1960 = DIRECTION ( 'NONE',  ( 0.000000000000000000, 0.000000000000000000, 1.000000000000000000 ) ) ;
#1961 = ORIENTED_EDGE ( 'NONE', *, *, #2510, .T. ) ;
#1962 = EDGE_LOOP ( 'NONE', ( #4055, #3261, #4603, #1607 ) ) ;
#1963 = EDGE_LOOP ( 'NONE', ( #5607, #11, #5385, #1074 ) ) ;
#1964 = AXIS2_PLACEMENT_3D ( 'NONE', #3530, #875, #1958 ) ;
#1965 = CARTESIAN_POINT ( 'NONE',  ( 16.01049721830911921, 31.15374220027868191, 6.124283380002523813 ) ) ;
#1966 = EDGE_CURVE ( 'NONE', #6079, #295, #558, .T. ) ;
#1967 = CARTESIAN_POINT ( 'NONE',  ( 25.60753480350601308, 24.56724982311119021, -19.87476561321764024 ) ) ;
#1968 = FACE_OUTER_BOUND ( 'NONE', #5809, .T. ) ;
#1969 = CARTESIAN_POINT ( 'NONE',  ( 25.59583794145658331, 16.17618497092549390, 27.14566469692534767 ) ) ;
#1970 = CARTESIAN_POINT ( 'NONE',  ( 16.01049721830911921, 4.673126050350447258, 31.52919357636061548 ) ) ;
#1971 = EDGE_CURVE ( 'NONE', #4920, #2897, #109, .T. ) ;
#1972 = ORIENTED_EDGE ( 'NONE', *, *, #458, .T. ) ;
#1973 = CYLINDRICAL_SURFACE ( 'NONE', #5391, 3.204999999999997851 ) ;
#1974 = CARTESIAN_POINT ( 'NONE',  ( 19.91049721830912134, -16.17618497092529495, -27.14566469692546846 ) ) ;
#1975 = DIRECTION ( 'NONE',  ( 1.000000000000000000, -0.000000000000000000, -0.000000000000000000 ) ) ;
#1976 = VERTEX_POINT ( 'NONE', #6418 ) ;
#1977 = ORIENTED_EDGE ( 'NONE', *, *, #2496, .F. ) ;
#1978 = VECTOR ( 'NONE', #4302, 1000.000000000000000 ) ;
#1979 = DIRECTION ( 'NONE',  ( 0.000000000000000000, 0.000000000000000000, 1.000000000000000000 ) ) ;
#1980 = VERTEX_POINT ( 'NONE', #5298 ) ;
#1981 = CARTESIAN_POINT ( 'NONE',  ( 16.01049721830911921, -31.11556062516072885, -8.478466074824343224 ) ) ;
#1982 = CARTESIAN_POINT ( 'NONE',  ( 19.91049721830912134, 2.755455298081545172E-15, -22.50000000000000355 ) ) ;
#1983 = PLANE ( 'NONE',  #1904 ) ;
#1984 = ADVANCED_FACE ( 'NONE', ( #2002 ), #4205, .T. ) ;
#1985 = AXIS2_PLACEMENT_3D ( 'NONE', #94, #1296, #131 ) ;
#1986 = EDGE_LOOP ( 'NONE', ( #6184, #6106, #2566, #3827 ) ) ;
#1987 = ORIENTED_EDGE ( 'NONE', *, *, #5142, .F. ) ;
#1988 = EDGE_CURVE ( 'NONE', #6692, #4517, #5453, .T. ) ;
#1989 = ORIENTED_EDGE ( 'NONE', *, *, #5551, .T. ) ;
#1990 = CYLINDRICAL_SURFACE ( 'NONE', #2555, 0.5000000000000004441 ) ;
#1991 = CIRCLE ( 'NONE', #6053, 0.5000000000000004441 ) ;
#1992 = VERTEX_POINT ( 'NONE', #1022 ) ;
#1993 = DIRECTION ( 'NONE',  ( -1.000000000000000000, 0.000000000000000000, 0.000000000000000000 ) ) ;
#1994 = LINE ( 'NONE', #5258, #6190 ) ;
#1995 = CARTESIAN_POINT ( 'NONE',  ( 19.91049721830912134, 28.28432710664302618, 14.09088046134497318 ) ) ;
#1996 = ORIENTED_EDGE ( 'NONE', *, *, #2436, .T. ) ;
#1997 = VECTOR ( 'NONE', #2335, 1000.000000000000000 ) ;
#1998 = ORIENTED_EDGE ( 'NONE', *, *, #2624, .T. ) ;
#1999 = EDGE_CURVE ( 'NONE', #46, #4395, #459, .T. ) ;
#2000 = AXIS2_PLACEMENT_3D ( 'NONE', #6628, #6592, #4371 ) ;
#2001 = CARTESIAN_POINT ( 'NONE',  ( 16.01049721830911921, -3.902504768953710457, 31.50925191952822502 ) ) ;
#2002 = FACE_OUTER_BOUND ( 'NONE', #3670, .T. ) ;
#2003 = CARTESIAN_POINT ( 'NONE',  ( 89.00010752509841438, 7.927712988149142603, 16.40622836844384125 ) ) ;
#2004 = AXIS2_PLACEMENT_3D ( 'NONE', #2032, #5915, #1574 ) ;
#2005 = PLANE ( 'NONE',  #4753 ) ;
#2006 = DIRECTION ( 'NONE',  ( -1.000000000000000000, 0.000000000000000000, -0.000000000000000000 ) ) ;
#2007 = EDGE_CURVE ( 'NONE', #2239, #4748, #4925, .T. ) ;
#2008 = VERTEX_POINT ( 'NONE', #3302 ) ;
#2009 = CARTESIAN_POINT ( 'NONE',  ( 25.57328953618976186, 13.06773822222175241, -28.77134494261572684 ) ) ;
#2010 = DIRECTION ( 'NONE',  ( -1.000000000000000000, -0.000000000000000000, -0.000000000000000000 ) ) ;
#2011 = CARTESIAN_POINT ( 'NONE',  ( 25.60753480350601663, -20.76792786991628503, 24.17894386957459574 ) ) ;
#2012 = AXIS2_PLACEMENT_3D ( 'NONE', #2069, #420, #3711 ) ;
#2013 = VERTEX_POINT ( 'NONE', #617 ) ;
#2014 = ORIENTED_EDGE ( 'NONE', *, *, #5738, .T. ) ;
#2015 = DIRECTION ( 'NONE',  ( 0.000000000000000000, 1.387778780781444413E-14, 1.000000000000000000 ) ) ;
#2016 = ORIENTED_EDGE ( 'NONE', *, *, #5539, .T. ) ;
#2017 = CARTESIAN_POINT ( 'NONE',  ( 16.01049721830911921, -20.31818363896098134, 24.39741612575926766 ) ) ;
#2018 = CARTESIAN_POINT ( 'NONE',  ( 18.71049721830912205, 19.12993349739970128, -5.936880021110818362 ) ) ;
#2019 = CIRCLE ( 'NONE', #6306, 32.25000000000000000 ) ;
#2020 = CYLINDRICAL_SURFACE ( 'NONE', #5438, 3.204999999999999627 ) ;
#2021 = EDGE_CURVE ( 'NONE', #6795, #3795, #6351, .T. ) ;
#2022 = AXIS2_PLACEMENT_3D ( 'NONE', #6810, #2365, #2467 ) ;
#2023 = ORIENTED_EDGE ( 'NONE', *, *, #4480, .F. ) ;
#2024 = VERTEX_POINT ( 'NONE', #2607 ) ;
#2025 = ORIENTED_EDGE ( 'NONE', *, *, #5611, .F. ) ;
#2026 = EDGE_CURVE ( 'NONE', #2893, #966, #5860, .T. ) ;
#2027 = CYLINDRICAL_SURFACE ( 'NONE', #6730, 0.5000000000000004441 ) ;
#2028 = ORIENTED_EDGE ( 'NONE', *, *, #2236, .T. ) ;
#2029 = VECTOR ( 'NONE', #4431, 1000.000000000000000 ) ;
#2030 = DIRECTION ( 'NONE',  ( -1.000000000000000000, 0.000000000000000000, 0.000000000000000000 ) ) ;
#2031 = CARTESIAN_POINT ( 'NONE',  ( 89.00010752509841438, 0.2651661214191217697, 20.02824472908326214 ) ) ;
#2032 = CARTESIAN_POINT ( 'NONE',  ( 19.91049721830912134, -15.77293792475507850, -27.55498011652018775 ) ) ;
#2033 = VERTEX_POINT ( 'NONE', #4736 ) ;
#2034 = AXIS2_PLACEMENT_3D ( 'NONE', #5854, #2144, #1055 ) ;
#2035 = ORIENTED_EDGE ( 'NONE', *, *, #6413, .T. ) ;
#2036 = CARTESIAN_POINT ( 'NONE',  ( 25.36049721830912418, 6.180339887498949913, -15.87613032590306972 ) ) ;
#2037 = CIRCLE ( 'NONE', #2147, 32.25000000000000000 ) ;
#2038 = CYLINDRICAL_SURFACE ( 'NONE', #1462, 0.5000000000000004441 ) ;
#2039 = AXIS2_PLACEMENT_3D ( 'NONE', #6369, #6497, #4286 ) ;
#2040 = LINE ( 'NONE', #6352, #5352 ) ;
#2041 = EDGE_CURVE ( 'NONE', #6262, #2898, #908, .T. ) ;
#2042 = DIRECTION ( 'NONE',  ( 0.000000000000000000, 0.000000000000000000, 1.000000000000000000 ) ) ;
#2043 = DIRECTION ( 'NONE',  ( 1.000000000000000000, -0.000000000000000000, -0.000000000000000000 ) ) ;
#2044 = VERTEX_POINT ( 'NONE', #4771 ) ;
#2045 = CARTESIAN_POINT ( 'NONE',  ( 19.91049721830912134, 23.34269296543707739, -22.61346247528969755 ) ) ;
#2046 = DIRECTION ( 'NONE',  ( 0.000000000000000000, 4.263256414560601115E-14, -1.000000000000000000 ) ) ;
#2047 = ADVANCED_FACE ( 'NONE', ( #4238 ), #6386, .F. ) ;
#2048 = CARTESIAN_POINT ( 'NONE',  ( 19.91049721830912134, -25.42395691472518848, 19.84149477227452252 ) ) ;
#2049 = AXIS2_PLACEMENT_3D ( 'NONE', #5789, #2576, #2042 ) ;
#2050 = CIRCLE ( 'NONE', #2394, 0.5000000000000004441 ) ;
#2051 = ORIENTED_EDGE ( 'NONE', *, *, #4398, .T. ) ;
#2052 = ORIENTED_EDGE ( 'NONE', *, *, #2369, .F. ) ;
#2053 = DIRECTION ( 'NONE',  ( -1.000000000000000000, 0.000000000000000000, 0.000000000000000000 ) ) ;
#2054 = VERTEX_POINT ( 'NONE', #5852 ) ;
#2055 = AXIS2_PLACEMENT_3D ( 'NONE', #6137, #2895, #6030 ) ;
#2056 = DIRECTION ( 'NONE',  ( -1.000000000000000000, 0.000000000000000000, -0.000000000000000000 ) ) ;
#2057 = CARTESIAN_POINT ( 'NONE',  ( 25.57328953618975831, -13.11468518961668117, 29.05052817136605370 ) ) ;
#2058 = DIRECTION ( 'NONE',  ( 1.000000000000000000, -0.000000000000000000, -0.000000000000000000 ) ) ;
#2059 = VERTEX_POINT ( 'NONE', #5264 ) ;
#2060 = ORIENTED_EDGE ( 'NONE', *, *, #5452, .F. ) ;
#2061 = EDGE_CURVE ( 'NONE', #6409, #1344, #3393, .T. ) ;
#2062 = ORIENTED_EDGE ( 'NONE', *, *, #1337, .F. ) ;
#2063 = CARTESIAN_POINT ( 'NONE',  ( 16.01049721830911921, -7.486965088230216558, -31.36889946695009712 ) ) ;
#2064 = ORIENTED_EDGE ( 'NONE', *, *, #2478, .F. ) ;
#2065 = CARTESIAN_POINT ( 'NONE',  ( 89.00010752509841438, -13.15345235776983479, -12.60950647614247977 ) ) ;
#2066 = CIRCLE ( 'NONE', #6807, 0.5000000000000004441 ) ;
#2067 = CARTESIAN_POINT ( 'NONE',  ( 25.43063748263523749, -31.87332702518261840, 0.1384882805420117047 ) ) ;
#2068 = DIRECTION ( 'NONE',  ( -1.000000000000000000, -0.000000000000000000, -0.000000000000000000 ) ) ;
#2069 = CARTESIAN_POINT ( 'NONE',  ( 16.01049721830911921, -18.51257633225414168, 25.79432142046895393 ) ) ;
#2070 = EDGE_CURVE ( 'NONE', #5289, #4588, #2253, .T. ) ;
#2071 = ORIENTED_EDGE ( 'NONE', *, *, #939, .T. ) ;
#2072 = AXIS2_PLACEMENT_3D ( 'NONE', #5007, #4935, #623 ) ;
#2073 = EDGE_CURVE ( 'NONE', #1291, #1258, #4013, .T. ) ;
#2074 = LINE ( 'NONE', #5948, #4135 ) ;
#2075 = DIRECTION ( 'NONE',  ( 0.000000000000000000, 0.000000000000000000, -1.000000000000000000 ) ) ;
#2076 = CARTESIAN_POINT ( 'NONE',  ( 16.01049721830911921, -20.76792786991628503, 24.17894386957459574 ) ) ;
#2077 = CARTESIAN_POINT ( 'NONE',  ( 25.36049721830912418, 13.15345235776983479, 12.60950647614248155 ) ) ;
#2078 = PLANE ( 'NONE',  #6370 ) ;
#2079 = EDGE_CURVE ( 'NONE', #1114, #1690, #679, .T. ) ;
#2080 = CIRCLE ( 'NONE', #6120, 3.000000000000002665 ) ;
#2081 = CARTESIAN_POINT ( 'NONE',  ( 19.91049721830912134, 0.000000000000000000, 0.000000000000000000 ) ) ;
#2082 = DIRECTION ( 'NONE',  ( 1.000000000000000000, -0.000000000000000000, -0.000000000000000000 ) ) ;
#2083 = CARTESIAN_POINT ( 'NONE',  ( 19.91049721830912134, 9.922176177770067440, -30.00177481331374807 ) ) ;
#2084 = EDGE_LOOP ( 'NONE', ( #4697, #5166, #2662, #2150 ) ) ;
#2085 = ORIENTED_EDGE ( 'NONE', *, *, #2655, .F. ) ;
#2086 = EDGE_CURVE ( 'NONE', #5491, #2897, #4392, .T. ) ;
#2087 = CARTESIAN_POINT ( 'NONE',  ( 18.71049721830912205, 7.927712988149142603, -16.40622836844383770 ) ) ;
#2088 = ORIENTED_EDGE ( 'NONE', *, *, #5611, .T. ) ;
#2089 = DIRECTION ( 'NONE',  ( 0.000000000000000000, 0.2741118111742817387, 0.9616978293490917595 ) ) ;
#2090 = DIRECTION ( 'NONE',  ( 1.000000000000000000, -0.000000000000000000, -0.000000000000000000 ) ) ;
#2091 = CARTESIAN_POINT ( 'NONE',  ( 18.71049721830912205, -18.96605182169769677, 6.441255956463577625 ) ) ;
#2092 = VECTOR ( 'NONE', #1447, 1000.000000000000114 ) ;
#2093 = VERTEX_POINT ( 'NONE', #6082 ) ;
#2094 = EDGE_LOOP ( 'NONE', ( #4301, #5468, #2238, #1176 ) ) ;
#2095 = EDGE_CURVE ( 'NONE', #4008, #5632, #6205, .T. ) ;
#2096 = ORIENTED_EDGE ( 'NONE', *, *, #5473, .F. ) ;
#2097 = CARTESIAN_POINT ( 'NONE',  ( 16.01049721830911921, 9.922176177770067440, -30.00177481331374807 ) ) ;
#2098 = DIRECTION ( 'NONE',  ( -1.000000000000000000, 0.000000000000000000, -0.000000000000000000 ) ) ;
#2099 = DIRECTION ( 'NONE',  ( 0.000000000000000000, 0.000000000000000000, -1.000000000000000000 ) ) ;
#2100 = EDGE_CURVE ( 'NONE', #5777, #5799, #1737, .T. ) ;
#2101 = ORIENTED_EDGE ( 'NONE', *, *, #4366, .F. ) ;
#2102 = ORIENTED_EDGE ( 'NONE', *, *, #3845, .T. ) ;
#2103 = AXIS2_PLACEMENT_3D ( 'NONE', #6159, #5493, #6550 ) ;
#2104 = CYLINDRICAL_SURFACE ( 'NONE', #4026, 3.000000000000002665 ) ;
#2105 = DIRECTION ( 'NONE',  ( -1.000000000000000000, 0.000000000000000000, 0.000000000000000000 ) ) ;
#2106 = LINE ( 'NONE', #6880, #6357 ) ;
#2107 = DIRECTION ( 'NONE',  ( 1.000000000000000000, -0.000000000000000000, -0.000000000000000000 ) ) ;
#2108 = LINE ( 'NONE', #496, #6707 ) ;
#2109 = CIRCLE ( 'NONE', #2561, 32.25000000000000000 ) ;
#2110 = EDGE_CURVE ( 'NONE', #1528, #1640, #6535, .T. ) ;
#2111 = AXIS2_PLACEMENT_3D ( 'NONE', #5348, #3121, #5312 ) ;
#2112 = ORIENTED_EDGE ( 'NONE', *, *, #3361, .F. ) ;
#2113 = CIRCLE ( 'NONE', #3477, 3.204999999999998739 ) ;
#2114 = CARTESIAN_POINT ( 'NONE',  ( 89.00010752509841438, 10.06881816610630942, -13.47959664596413809 ) ) ;
#2115 = ADVANCED_FACE ( 'NONE', ( #2383 ), #2913, .F. ) ;
#2116 = ORIENTED_EDGE ( 'NONE', *, *, #4094, .F. ) ;
#2117 = CARTESIAN_POINT ( 'NONE',  ( 16.01049721830911921, 25.02978704007842481, -19.53387469828559020 ) ) ;
#2118 = DIRECTION ( 'NONE',  ( -1.000000000000000000, 0.000000000000000000, 0.000000000000000000 ) ) ;
#2119 = EDGE_CURVE ( 'NONE', #2033, #3825, #6084, .T. ) ;
#2120 = CIRCLE ( 'NONE', #210, 3.204999999999999627 ) ;
#2121 = ORIENTED_EDGE ( 'NONE', *, *, #3597, .T. ) ;
#2122 = ORIENTED_EDGE ( 'NONE', *, *, #1572, .F. ) ;
#2123 = CARTESIAN_POINT ( 'NONE',  ( 16.01049721830911921, -7.873118297266284316, -30.60343249259379661 ) ) ;
#2124 = ORIENTED_EDGE ( 'NONE', *, *, #6123, .F. ) ;
#2125 = LINE ( 'NONE', #5280, #5163 ) ;
#2126 = DIRECTION ( 'NONE',  ( 0.000000000000000000, 0.000000000000000000, 1.000000000000000000 ) ) ;
#2127 = DIRECTION ( 'NONE',  ( -1.000000000000000000, 0.000000000000000000, 0.000000000000000000 ) ) ;
#2128 = EDGE_CURVE ( 'NONE', #5764, #6644, #3941, .T. ) ;
#2129 = ORIENTED_EDGE ( 'NONE', *, *, #6365, .T. ) ;
#2130 = ORIENTED_EDGE ( 'NONE', *, *, #4969, .F. ) ;
#2131 = ORIENTED_EDGE ( 'NONE', *, *, #4760, .F. ) ;
#2132 = VECTOR ( 'NONE', #418, 1000.000000000000000 ) ;
#2133 = CARTESIAN_POINT ( 'NONE',  ( 16.01049721830911921, 20.64422757970526234, -23.92429601239777170 ) ) ;
#2134 = CIRCLE ( 'NONE', #340, 3.000000000000003997 ) ;
#2135 = EDGE_LOOP ( 'NONE', ( #3534, #457, #3043, #3045 ) ) ;
#2136 = DIRECTION ( 'NONE',  ( 0.000000000000000000, 0.000000000000000000, 1.000000000000000000 ) ) ;
#2137 = EDGE_CURVE ( 'NONE', #2433, #180, #1913, .T. ) ;
#2138 = CARTESIAN_POINT ( 'NONE',  ( 25.36049721830912418, 16.18033988749895258, -11.75570504584946363 ) ) ;
#2139 = ORIENTED_EDGE ( 'NONE', *, *, #6299, .F. ) ;
#2140 = AXIS2_PLACEMENT_3D ( 'NONE', #936, #1566, #3628 ) ;
#2141 = ORIENTED_EDGE ( 'NONE', *, *, #444, .F. ) ;
#2142 = CARTESIAN_POINT ( 'NONE',  ( 25.50868112545531119, 7.411362084825350749, -31.64366780333174134 ) ) ;
#2143 = DIRECTION ( 'NONE',  ( -1.000000000000000000, 0.000000000000000000, 0.000000000000000000 ) ) ;
#2144 = DIRECTION ( 'NONE',  ( -1.000000000000000000, -0.000000000000000000, -0.000000000000000000 ) ) ;
#2145 = CARTESIAN_POINT ( 'NONE',  ( 19.91049721830912134, -31.74391750263135492, 0.6214511936865445563 ) ) ;
#2146 = AXIS2_PLACEMENT_3D ( 'NONE', #1104, #3158, #2126 ) ;
#2147 = AXIS2_PLACEMENT_3D ( 'NONE', #1901, #217, #4002 ) ;
#2148 = AXIS2_PLACEMENT_3D ( 'NONE', #863, #1459, #2553 ) ;
#2149 = ADVANCED_FACE ( 'NONE', ( #5520 ), #1841, .F. ) ;
#2150 = ORIENTED_EDGE ( 'NONE', *, *, #6223, .F. ) ;
#2151 = DIRECTION ( 'NONE',  ( -1.000000000000000000, 0.000000000000000000, 0.000000000000000000 ) ) ;
#2152 = DIRECTION ( 'NONE',  ( 1.000000000000000000, -0.000000000000000000, -0.000000000000000000 ) ) ;
#2153 = VERTEX_POINT ( 'NONE', #1288 ) ;
#2154 = EDGE_CURVE ( 'NONE', #6673, #411, #2821, .T. ) ;
#2155 = DIRECTION ( 'NONE',  ( 1.000000000000000000, -0.000000000000000000, -0.000000000000000000 ) ) ;
#2156 = VERTEX_POINT ( 'NONE', #760 ) ;
#2157 = DIRECTION ( 'NONE',  ( 0.000000000000000000, 0.000000000000000000, -1.000000000000000000 ) ) ;
#2158 = CIRCLE ( 'NONE', #2613, 3.204999999999999627 ) ;
#2159 = CARTESIAN_POINT ( 'NONE',  ( 25.57328953618976186, 16.02620128337631655, -25.27385492685261426 ) ) ;
#2160 = CARTESIAN_POINT ( 'NONE',  ( 89.00010752509841438, 16.05699361465334363, 8.613124784825876290 ) ) ;
#2161 = ORIENTED_EDGE ( 'NONE', *, *, #621, .F. ) ;
#2162 = VECTOR ( 'NONE', #5503, 1000.000000000000000 ) ;
#2163 = EDGE_LOOP ( 'NONE', ( #6088, #1146, #6247, #4652 ) ) ;
#2164 = LINE ( 'NONE', #546, #2332 ) ;
#2165 = CIRCLE ( 'NONE', #5999, 0.5000000000000004441 ) ;
#2166 = FACE_OUTER_BOUND ( 'NONE', #4109, .T. ) ;
#2167 = CIRCLE ( 'NONE', #6002, 3.204999999999997851 ) ;
#2168 = DIRECTION ( 'NONE',  ( 1.000000000000000000, -0.000000000000000000, -0.000000000000000000 ) ) ;
#2169 = EDGE_LOOP ( 'NONE', ( #6333, #2667, #2507, #2985 ) ) ;
#2170 = ORIENTED_EDGE ( 'NONE', *, *, #3873, .F. ) ;
#2171 = EDGE_CURVE ( 'NONE', #6842, #5864, #5104, .T. ) ;
#2172 = LINE ( 'NONE', #2772, #68 ) ;
#2173 = CARTESIAN_POINT ( 'NONE',  ( 19.91049721830912134, 0.000000000000000000, 0.000000000000000000 ) ) ;
#2174 = CARTESIAN_POINT ( 'NONE',  ( 25.36049721830912418, 0.000000000000000000, 0.000000000000000000 ) ) ;
#2175 = DIRECTION ( 'NONE',  ( 0.000000000000000000, 0.000000000000000000, -1.000000000000000000 ) ) ;
#2176 = CARTESIAN_POINT ( 'NONE',  ( 25.36049721830912418, -9.708422300576447839, 13.74143956918888243 ) ) ;
#2177 = VECTOR ( 'NONE', #553, 1000.000000000000000 ) ;
#2178 = CIRCLE ( 'NONE', #2523, 0.5000000000000004441 ) ;
#2179 = CARTESIAN_POINT ( 'NONE',  ( 16.01049721830911921, -31.11556062516073240, -8.478466074824343224 ) ) ;
#2180 = VECTOR ( 'NONE', #1494, 1000.000000000000000 ) ;
#2181 = DIRECTION ( 'NONE',  ( -1.000000000000000000, 0.000000000000000000, 0.000000000000000000 ) ) ;
#2182 = DIRECTION ( 'NONE',  ( 1.000000000000000000, 0.000000000000000000, 0.000000000000000000 ) ) ;
#2183 = EDGE_CURVE ( 'NONE', #6442, #6019, #4503, .T. ) ;
#2184 = AXIS2_PLACEMENT_3D ( 'NONE', #3457, #1331, #910 ) ;
#2185 = ORIENTED_EDGE ( 'NONE', *, *, #195, .T. ) ;
#2186 = DIRECTION ( 'NONE',  ( 1.000000000000000000, -0.000000000000000000, -0.000000000000000000 ) ) ;
#2187 = ORIENTED_EDGE ( 'NONE', *, *, #4210, .T. ) ;
#2188 = LINE ( 'NONE', #6003, #5282 ) ;
#2189 = CARTESIAN_POINT ( 'NONE',  ( 19.91049721830912134, 30.63314883252263598, 8.347016988392729431 ) ) ;
#2190 = CARTESIAN_POINT ( 'NONE',  ( 25.41204637760865026, -1.803901592770677187, -32.44989890652357900 ) ) ;
#2191 = VECTOR ( 'NONE', #2743, 1000.000000000000000 ) ;
#2192 = CYLINDRICAL_SURFACE ( 'NONE', #4809, 3.000000000000002665 ) ;
#2193 = VERTEX_POINT ( 'NONE', #1252 ) ;
#2194 = VERTEX_POINT ( 'NONE', #3412 ) ;
#2195 = CARTESIAN_POINT ( 'NONE',  ( 16.01049721830911921, 20.64422757970526234, -23.92429601239777170 ) ) ;
#2196 = ORIENTED_EDGE ( 'NONE', *, *, #663, .F. ) ;
#2197 = CARTESIAN_POINT ( 'NONE',  ( 19.91049721830912134, -30.28298276502350816, 9.539573095966556338 ) ) ;
#2198 = EDGE_CURVE ( 'NONE', #3278, #2378, #1703, .T. ) ;
#2199 = CARTESIAN_POINT ( 'NONE',  ( 16.01049721830911921, 27.04066462635386969, 16.63925949569435048 ) ) ;
#2200 = DIRECTION ( 'NONE',  ( 1.000000000000000000, -0.000000000000000000, -0.000000000000000000 ) ) ;
#2201 = EDGE_CURVE ( 'NONE', #1838, #3042, #4997, .T. ) ;
#2202 = ORIENTED_EDGE ( 'NONE', *, *, #6128, .F. ) ;
#2203 = ORIENTED_EDGE ( 'NONE', *, *, #2731, .F. ) ;
#2204 = CARTESIAN_POINT ( 'NONE',  ( 25.59583794145658331, 20.74280126569541949, 23.83888142726834047 ) ) ;
#2205 = VECTOR ( 'NONE', #2754, 1000.000000000000000 ) ;
#2206 = DIRECTION ( 'NONE',  ( 0.000000000000000000, 0.9525166539358631557, 0.3044864922698986009 ) ) ;
#2207 = DIRECTION ( 'NONE',  ( -1.000000000000000000, 0.000000000000000000, 0.000000000000000000 ) ) ;
#2208 = LINE ( 'NONE', #170, #2745 ) ;
#2209 = DIRECTION ( 'NONE',  ( 0.000000000000000000, 0.02379769754609056820, -0.9997167946931294624 ) ) ;
#2210 = ADVANCED_FACE ( 'NONE', ( #124 ), #2275, .T. ) ;
#2211 = AXIS2_PLACEMENT_3D ( 'NONE', #5673, #838, #2986 ) ;
#2212 = ORIENTED_EDGE ( 'NONE', *, *, #4079, .T. ) ;
#2213 = DIRECTION ( 'NONE',  ( -1.000000000000000000, 0.000000000000000000, 0.000000000000000000 ) ) ;
#2214 = AXIS2_PLACEMENT_3D ( 'NONE', #13, #1537, #5940 ) ;
#2215 = DIRECTION ( 'NONE',  ( 1.000000000000000000, -0.000000000000000000, -0.000000000000000000 ) ) ;
#2216 = CARTESIAN_POINT ( 'NONE',  ( 16.01049721830911921, -4.673126050350215444, -31.52919357636065811 ) ) ;
#2217 = EDGE_CURVE ( 'NONE', #1473, #305, #796, .T. ) ;
#2218 = EDGE_LOOP ( 'NONE', ( #3130, #3734, #2416, #2422 ) ) ;
#2219 = AXIS2_PLACEMENT_3D ( 'NONE', #2406, #4103, #5092 ) ;
#2220 = AXIS2_PLACEMENT_3D ( 'NONE', #2176, #6422, #1583 ) ;
#2221 = DIRECTION ( 'NONE',  ( 0.000000000000000000, 0.000000000000000000, 1.000000000000000000 ) ) ;
#2222 = VERTEX_POINT ( 'NONE', #2018 ) ;
#2223 = PLANE ( 'NONE',  #6742 ) ;
#2224 = LINE ( 'NONE', #2599, #1295 ) ;
#2225 = DIRECTION ( 'NONE',  ( 0.000000000000000000, 0.000000000000000000, 1.000000000000000000 ) ) ;
#2226 = DIRECTION ( 'NONE',  ( 0.000000000000000000, -0.9096319953545226600, -0.4154150130018771092 ) ) ;
#2227 = VECTOR ( 'NONE', #5361, 1000.000000000000000 ) ;
#2228 = ORIENTED_EDGE ( 'NONE', *, *, #5235, .T. ) ;
#2229 = VECTOR ( 'NONE', #5654, 1000.000000000000000 ) ;
#2230 = CARTESIAN_POINT ( 'NONE',  ( 19.91049721830912134, -26.61876108426052312, -17.02931679165527967 ) ) ;
#2231 = ORIENTED_EDGE ( 'NONE', *, *, #2846, .F. ) ;
#2232 = CARTESIAN_POINT ( 'NONE',  ( 16.01049721830911921, 25.02978704007842481, -19.53387469828559020 ) ) ;
#2233 = EDGE_CURVE ( 'NONE', #2975, #5917, #5247, .T. ) ;
#2234 = CARTESIAN_POINT ( 'NONE',  ( 16.01049721830911921, 25.42395691472533059, -19.84149477227433778 ) ) ;
#2235 = CARTESIAN_POINT ( 'NONE',  ( 25.43063748263523749, -31.10847290275963672, -5.551485000408850290 ) ) ;
#2236 = EDGE_CURVE ( 'NONE', #2679, #2193, #6317, .T. ) ;
#2237 =( NAMED_UNIT ( * ) SI_UNIT ( $, .STERADIAN. ) SOLID_ANGLE_UNIT ( ) );
#2238 = ORIENTED_EDGE ( 'NONE', *, *, #1915, .T. ) ;
#2239 = VERTEX_POINT ( 'NONE', #2418 ) ;
#2240 = AXIS2_PLACEMENT_3D ( 'NONE', #2805, #6085, #3377 ) ;
#2241 = EDGE_CURVE ( 'NONE', #2193, #6574, #5755, .T. ) ;
#2242 = VERTEX_POINT ( 'NONE', #971 ) ;
#2243 = DIRECTION ( 'NONE',  ( 0.000000000000000000, -0.9898214418809342385, -0.1423148382732745965 ) ) ;
#2244 = DIRECTION ( 'NONE',  ( 0.000000000000000000, -2.645453300864628610E-14, 1.000000000000000000 ) ) ;
#2245 = CYLINDRICAL_SURFACE ( 'NONE', #3099, 20.02999999999999758 ) ;
#2246 = LINE ( 'NONE', #3273, #6575 ) ;
#2247 = AXIS2_PLACEMENT_3D ( 'NONE', #5031, #5068, #194 ) ;
#2248 = DIRECTION ( 'NONE',  ( 1.000000000000000000, -0.000000000000000000, -0.000000000000000000 ) ) ;
#2249 = ORIENTED_EDGE ( 'NONE', *, *, #2932, .F. ) ;
#2250 = AXIS2_PLACEMENT_3D ( 'NONE', #1092, #3849, #4481 ) ;
#2251 = ORIENTED_EDGE ( 'NONE', *, *, #1293, .F. ) ;
#2252 = DIRECTION ( 'NONE',  ( 1.000000000000000000, -0.000000000000000000, -0.000000000000000000 ) ) ;
#2253 = CIRCLE ( 'NONE', #5198, 3.204999999999999627 ) ;
#2254 = LINE ( 'NONE', #667, #4543 ) ;
#2255 = CARTESIAN_POINT ( 'NONE',  ( 19.91049721830912134, -32.11511552628377331, 2.946498724494393873 ) ) ;
#2256 = ORIENTED_EDGE ( 'NONE', *, *, #3970, .F. ) ;
#2257 = AXIS2_PLACEMENT_3D ( 'NONE', #251, #850, #4133 ) ;
#2258 = VECTOR ( 'NONE', #2450, 1000.000000000000000 ) ;
#2259 = DIRECTION ( 'NONE',  ( -1.000000000000000000, 0.000000000000000000, 0.000000000000000000 ) ) ;
#2260 = ORIENTED_EDGE ( 'NONE', *, *, #4815, .F. ) ;
#2261 = EDGE_CURVE ( 'NONE', #3324, #2734, #1426, .T. ) ;
#2262 = EDGE_CURVE ( 'NONE', #5525, #4016, #6864, .T. ) ;
#2263 = DIRECTION ( 'NONE',  ( 0.000000000000000000, 0.9886612770418575780, 0.1501628425342406981 ) ) ;
#2264 = DIRECTION ( 'NONE',  ( -1.000000000000000000, 0.000000000000000000, 0.000000000000000000 ) ) ;
#2265 = CARTESIAN_POINT ( 'NONE',  ( 19.91049721830912134, 29.51923325979057466, -12.19090962047324211 ) ) ;
#2266 = VECTOR ( 'NONE', #5689, 1000.000000000000227 ) ;
#2267 = CARTESIAN_POINT ( 'NONE',  ( 19.91049721830912134, 30.28298276502357211, -9.539573095966344951 ) ) ;
#2268 = EDGE_LOOP ( 'NONE', ( #508, #1284, #5893, #1920 ) ) ;
#2269 = ORIENTED_EDGE ( 'NONE', *, *, #4281, .T. ) ;
#2270 = AXIS2_PLACEMENT_3D ( 'NONE', #5656, #3004, #1314 ) ;
#2271 = CARTESIAN_POINT ( 'NONE',  ( 25.56462533844871388, 26.73867654581816211, -17.34852533318603918 ) ) ;
#2272 = VERTEX_POINT ( 'NONE', #2483 ) ;
#2273 = VECTOR ( 'NONE', #750, 1000.000000000000000 ) ;
#2274 = CARTESIAN_POINT ( 'NONE',  ( 16.01049721830911921, -20.64422757970508826, 23.92429601239791381 ) ) ;
#2275 = CYLINDRICAL_SURFACE ( 'NONE', #6885, 3.145000000000000018 ) ;
#2276 = LINE ( 'NONE', #2698, #5855 ) ;
#2277 =( LENGTH_UNIT ( ) NAMED_UNIT ( * ) SI_UNIT ( .MILLI., .METRE. ) );
#2278 = AXIS2_PLACEMENT_3D ( 'NONE', #2366, #3850, #1752 ) ;
#2279 = VERTEX_POINT ( 'NONE', #1982 ) ;
#2280 = ADVANCED_FACE ( 'NONE', ( #4684 ), #4077, .F. ) ;
#2281 = ORIENTED_EDGE ( 'NONE', *, *, #1930, .T. ) ;
#2282 = VERTEX_POINT ( 'NONE', #5730 ) ;
#2283 = DIRECTION ( 'NONE',  ( 0.000000000000000000, -0.9999685314233331956, -0.007933231564898777718 ) ) ;
#2284 = DIRECTION ( 'NONE',  ( 0.000000000000000000, 0.000000000000000000, 1.000000000000000000 ) ) ;
#2285 = CYLINDRICAL_SURFACE ( 'NONE', #3092, 3.204999999999999627 ) ;
#2286 = DIRECTION ( 'NONE',  ( -0.000000000000000000, -0.9659258262890675351, 0.2588190451025234040 ) ) ;
#2287 = DIRECTION ( 'NONE',  ( 0.000000000000000000, -1.387778780781444413E-14, 1.000000000000000000 ) ) ;
#2288 = AXIS2_PLACEMENT_3D ( 'NONE', #4685, #6830, #6294 ) ;
#2289 = DIRECTION ( 'NONE',  ( 0.000000000000000000, 1.040834085586083310E-14, 1.000000000000000000 ) ) ;
#2290 = DIRECTION ( 'NONE',  ( 0.000000000000000000, 0.7609209538359903435, -0.6488445900316397452 ) ) ;
#2291 = DIRECTION ( 'NONE',  ( 0.000000000000000000, 1.048050535246147900E-13, -1.000000000000000000 ) ) ;
#2292 = EDGE_CURVE ( 'NONE', #3497, #3641, #1947, .T. ) ;
#2293 = ORIENTED_EDGE ( 'NONE', *, *, #5953, .F. ) ;
#2294 = AXIS2_PLACEMENT_3D ( 'NONE', #5115, #6131, #1300 ) ;
#2295 = ORIENTED_EDGE ( 'NONE', *, *, #1750, .T. ) ;
#2296 = VECTOR ( 'NONE', #1412, 1000.000000000000000 ) ;
#2297 = AXIS2_PLACEMENT_3D ( 'NONE', #4715, #2155, #4317 ) ;
#2298 = DIRECTION ( 'NONE',  ( 0.000000000000000000, -0.5472976633393302759, 0.8369380309815709351 ) ) ;
#2299 = ORIENTED_EDGE ( 'NONE', *, *, #2420, .F. ) ;
#2300 = DIRECTION ( 'NONE',  ( -1.000000000000000000, -0.000000000000000000, -0.000000000000000000 ) ) ;
#2301 = DIRECTION ( 'NONE',  ( 0.000000000000000000, 0.000000000000000000, 1.000000000000000000 ) ) ;
#2302 = FACE_OUTER_BOUND ( 'NONE', #3125, .T. ) ;
#2303 = DIRECTION ( 'NONE',  ( 0.000000000000000000, 0.000000000000000000, 1.000000000000000000 ) ) ;
#2304 = ADVANCED_FACE ( 'NONE', ( #1912 ), #4579, .T. ) ;
#2305 = VECTOR ( 'NONE', #1103, 1000.000000000000000 ) ;
#2306 = ORIENTED_EDGE ( 'NONE', *, *, #1122, .F. ) ;
#2307 = CARTESIAN_POINT ( 'NONE',  ( 89.00010752509841438, 18.05304843749999932, -2.469899717251454518 ) ) ;
#2308 = ORIENTED_EDGE ( 'NONE', *, *, #480, .T. ) ;
#2309 = LINE ( 'NONE', #2274, #4602 ) ;
#2310 = CARTESIAN_POINT ( 'NONE',  ( 25.43063748263523749, -31.10847290275963672, -5.551485000408850290 ) ) ;
#2311 = CARTESIAN_POINT ( 'NONE',  ( 16.01049721830911921, -12.62160801275758537, 29.13344317399323558 ) ) ;
#2312 = CARTESIAN_POINT ( 'NONE',  ( 19.91049721830912134, -17.97273505347105171, 25.99109206534477323 ) ) ;
#2313 = EDGE_CURVE ( 'NONE', #6877, #4834, #6257, .T. ) ;
#2314 = ORIENTED_EDGE ( 'NONE', *, *, #6977, .T. ) ;
#2315 = AXIS2_PLACEMENT_3D ( 'NONE', #5429, #4838, #6389 ) ;
#2316 = ORIENTED_EDGE ( 'NONE', *, *, #6548, .T. ) ;
#2317 = ORIENTED_EDGE ( 'NONE', *, *, #4322, .F. ) ;
#2318 = DIRECTION ( 'NONE',  ( 1.000000000000000000, -0.000000000000000000, -0.000000000000000000 ) ) ;
#2319 = CARTESIAN_POINT ( 'NONE',  ( 19.91049721830912134, 20.74280126569541949, 23.83888142726834047 ) ) ;
#2320 = EDGE_CURVE ( 'NONE', #1465, #6913, #1586, .T. ) ;
#2321 = CARTESIAN_POINT ( 'NONE',  ( 89.00010752509841438, -10.06881816610630942, 13.47959664596413809 ) ) ;
#2322 = CARTESIAN_POINT ( 'NONE',  ( 16.01049721830911921, 18.51257633225432642, -25.79432142046882959 ) ) ;
#2323 = CARTESIAN_POINT ( 'NONE',  ( 25.36049721830912418, 18.05304843749999932, 2.469899717251451854 ) ) ;
#2324 = AXIS2_PLACEMENT_3D ( 'NONE', #2001, #2499, #6206 ) ;
#2325 = DIRECTION ( 'NONE',  ( 1.000000000000000000, -0.000000000000000000, -0.000000000000000000 ) ) ;
#2326 = ADVANCED_FACE ( 'NONE', ( #4043 ), #6331, .T. ) ;
#2327 = DIRECTION ( 'NONE',  ( 1.000000000000000000, -0.000000000000000000, -0.000000000000000000 ) ) ;
#2328 = DIRECTION ( 'NONE',  ( 0.000000000000000000, 0.000000000000000000, 1.000000000000000000 ) ) ;
#2329 = AXIS2_PLACEMENT_3D ( 'NONE', #413, #2560, #4727 ) ;
#2330 = ORIENTED_EDGE ( 'NONE', *, *, #1309, .T. ) ;
#2331 = EDGE_CURVE ( 'NONE', #1916, #6657, #567, .T. ) ;
#2332 = VECTOR ( 'NONE', #2696, 999.9999999999998863 ) ;
#2333 = CARTESIAN_POINT ( 'NONE',  ( 25.59583794145657976, -19.06127845897257700, -26.32332926340262347 ) ) ;
#2334 = ORIENTED_EDGE ( 'NONE', *, *, #4519, .F. ) ;
#2335 = DIRECTION ( 'NONE',  ( -1.000000000000000000, -0.000000000000000000, -0.000000000000000000 ) ) ;
#2336 = ORIENTED_EDGE ( 'NONE', *, *, #5605, .T. ) ;
#2337 = EDGE_CURVE ( 'NONE', #2551, #4485, #2519, .T. ) ;
#2338 = DIRECTION ( 'NONE',  ( -1.000000000000000000, 0.000000000000000000, 0.000000000000000000 ) ) ;
#2339 = PLANE ( 'NONE',  #6890 ) ;
#2340 = DIRECTION ( 'NONE',  ( -1.000000000000000000, 0.000000000000000000, 0.000000000000000000 ) ) ;
#2341 = AXIS2_PLACEMENT_3D ( 'NONE', #537, #570, #2157 ) ;
#2342 = ORIENTED_EDGE ( 'NONE', *, *, #1085, .T. ) ;
#2343 = VERTEX_POINT ( 'NONE', #3122 ) ;
#2344 = CARTESIAN_POINT ( 'NONE',  ( 89.00010752509841438, -11.98683077962017762, 16.04732961775105693 ) ) ;
#2345 = ORIENTED_EDGE ( 'NONE', *, *, #580, .F. ) ;
#2346 = DIRECTION ( 'NONE',  ( 0.000000000000000000, 0.000000000000000000, -1.000000000000000000 ) ) ;
#2347 = VECTOR ( 'NONE', #5719, 1000.000000000000000 ) ;
#2348 = ADVANCED_FACE ( 'NONE', ( #5666 ), #935, .T. ) ;
#2349 = AXIS2_PLACEMENT_3D ( 'NONE', #1639, #1050, #454 ) ;
#2350 = DIRECTION ( 'NONE',  ( 0.000000000000000000, 0.000000000000000000, 1.000000000000000000 ) ) ;
#2351 = CARTESIAN_POINT ( 'NONE',  ( 19.91049721830912134, 15.77293792475527923, 27.55498011652006696 ) ) ;
#2352 = CARTESIAN_POINT ( 'NONE',  ( 25.52624695367774521, 28.28432710664302618, 14.09088046134497318 ) ) ;
#2353 = VERTEX_POINT ( 'NONE', #1356 ) ;
#2354 = ORIENTED_EDGE ( 'NONE', *, *, #930, .F. ) ;
#2355 = AXIS2_PLACEMENT_3D ( 'NONE', #3675, #4731, #3098 ) ;
#2356 = VERTEX_POINT ( 'NONE', #5135 ) ;
#2357 = CARTESIAN_POINT ( 'NONE',  ( 19.91049721830912134, 25.02978704007842481, -19.53387469828559020 ) ) ;
#2358 = EDGE_CURVE ( 'NONE', #5832, #2949, #302, .T. ) ;
#2359 = DIRECTION ( 'NONE',  ( 0.000000000000000000, 0.3936502181619542795, 0.9192603035816601098 ) ) ;
#2360 = FACE_OUTER_BOUND ( 'NONE', #245, .T. ) ;
#2361 = CYLINDRICAL_SURFACE ( 'NONE', #2294, 3.205000000000000515 ) ;
#2362 = DIRECTION ( 'NONE',  ( -1.000000000000000000, 0.000000000000000000, 0.000000000000000000 ) ) ;
#2363 = VERTEX_POINT ( 'NONE', #6966 ) ;
#2364 = VECTOR ( 'NONE', #53, 1000.000000000000114 ) ;
#2365 = DIRECTION ( 'NONE',  ( 1.000000000000000000, -0.000000000000000000, -0.000000000000000000 ) ) ;
#2366 = CARTESIAN_POINT ( 'NONE',  ( 18.71049721830912205, 9.708422300576449615, -13.74143956918888065 ) ) ;
#2367 = DIRECTION ( 'NONE',  ( 0.000000000000000000, 0.000000000000000000, -1.000000000000000000 ) ) ;
#2368 = VERTEX_POINT ( 'NONE', #3193 ) ;
#2369 = EDGE_CURVE ( 'NONE', #5991, #6681, #6898, .T. ) ;
#2370 = VECTOR ( 'NONE', #687, 1000.000000000000000 ) ;
#2371 = ORIENTED_EDGE ( 'NONE', *, *, #3276, .T. ) ;
#2372 = DIRECTION ( 'NONE',  ( -1.000000000000000000, 0.000000000000000000, 0.000000000000000000 ) ) ;
#2373 = DIRECTION ( 'NONE',  ( 0.000000000000000000, 0.000000000000000000, 1.000000000000000000 ) ) ;
#2374 = CARTESIAN_POINT ( 'NONE',  ( 89.00010752509841438, -16.05699361465334718, 8.613124784825870961 ) ) ;
#2375 = DIRECTION ( 'NONE',  ( 1.000000000000000000, -0.000000000000000000, -0.000000000000000000 ) ) ;
#2376 = VECTOR ( 'NONE', #495, 1000.000000000000000 ) ;
#2377 = ORIENTED_EDGE ( 'NONE', *, *, #2853, .F. ) ;
#2378 = VERTEX_POINT ( 'NONE', #478 ) ;
#2379 = DIRECTION ( 'NONE',  ( 0.000000000000000000, -0.1658300052543616732, 0.9861543537181886032 ) ) ;
#2380 = ORIENTED_EDGE ( 'NONE', *, *, #6337, .F. ) ;
#2381 = CYLINDRICAL_SURFACE ( 'NONE', #2676, 0.5000000000000004441 ) ;
#2382 = VECTOR ( 'NONE', #6678, 1000.000000000000000 ) ;
#2383 = FACE_OUTER_BOUND ( 'NONE', #4900, .T. ) ;
#2384 = CARTESIAN_POINT ( 'NONE',  ( 89.00010752509841438, 0.000000000000000000, 22.50000000000000355 ) ) ;
#2385 = EDGE_CURVE ( 'NONE', #432, #6438, #4070, .T. ) ;
#2386 = ORIENTED_EDGE ( 'NONE', *, *, #430, .T. ) ;
#2387 = VECTOR ( 'NONE', #4139, 1000.000000000000000 ) ;
#2388 = ORIENTED_EDGE ( 'NONE', *, *, #6981, .T. ) ;
#2389 = LINE ( 'NONE', #4548, #6160 ) ;
#2390 = ORIENTED_EDGE ( 'NONE', *, *, #2989, .F. ) ;
#2391 = CARTESIAN_POINT ( 'NONE',  ( 16.01049721830911921, 1.628307222841127277, -31.70821842343153563 ) ) ;
#2392 = AXIS2_PLACEMENT_3D ( 'NONE', #6388, #427, #989 ) ;
#2393 = DIRECTION ( 'NONE',  ( 0.000000000000000000, 0.000000000000000000, 1.000000000000000000 ) ) ;
#2394 = AXIS2_PLACEMENT_3D ( 'NONE', #6607, #2867, #1792 ) ;
#2395 = CARTESIAN_POINT ( 'NONE',  ( 19.91049721830912134, 13.11468518961689256, -29.05052817136596133 ) ) ;
#2396 = FACE_OUTER_BOUND ( 'NONE', #2480, .T. ) ;
#2397 = ORIENTED_EDGE ( 'NONE', *, *, #3751, .T. ) ;
#2398 = ORIENTED_EDGE ( 'NONE', *, *, #6490, .T. ) ;
#2399 = EDGE_CURVE ( 'NONE', #4658, #6797, #4642, .T. ) ;
#2400 = VECTOR ( 'NONE', #4807, 1000.000000000000000 ) ;
#2401 = DIRECTION ( 'NONE',  ( -1.000000000000000000, 0.000000000000000000, 0.000000000000000000 ) ) ;
#2402 = DIRECTION ( 'NONE',  ( -1.000000000000000000, 0.000000000000000000, 0.000000000000000000 ) ) ;
#2403 = AXIS2_PLACEMENT_3D ( 'NONE', #5871, #3664, #3123 ) ;
#2404 = CARTESIAN_POINT ( 'NONE',  ( 25.52624695367774521, 28.49680455888971409, 14.27796500172648209 ) ) ;
#2405 = EDGE_LOOP ( 'NONE', ( #4386, #1696, #6052, #4506 ) ) ;
#2406 = CARTESIAN_POINT ( 'NONE',  ( 25.56462533844871388, -29.17147211914303995, 12.14830385089026343 ) ) ;
#2407 = AXIS2_PLACEMENT_3D ( 'NONE', #3917, #3952, #3882 ) ;
#2408 = CARTESIAN_POINT ( 'NONE',  ( 16.01049721830911921, -5.132756202141048441, -31.83236846727968583 ) ) ;
#2409 = DIRECTION ( 'NONE',  ( -1.000000000000000000, 0.000000000000000000, -0.000000000000000000 ) ) ;
#2410 = EDGE_CURVE ( 'NONE', #1701, #2156, #4885, .T. ) ;
#2411 = AXIS2_PLACEMENT_3D ( 'NONE', #494, #4836, #5397 ) ;
#2412 = ORIENTED_EDGE ( 'NONE', *, *, #2854, .F. ) ;
#2413 = EDGE_LOOP ( 'NONE', ( #5559, #5669, #2503, #2203 ) ) ;
#2414 = VECTOR ( 'NONE', #1816, 1000.000000000000000 ) ;
#2415 = CARTESIAN_POINT ( 'NONE',  ( 16.01049721830911921, -1.653949856271460295, 32.20756044584779687 ) ) ;
#2416 = ORIENTED_EDGE ( 'NONE', *, *, #3349, .T. ) ;
#2417 = DIRECTION ( 'NONE',  ( 1.000000000000000000, 0.000000000000000000, 0.000000000000000000 ) ) ;
#2418 = CARTESIAN_POINT ( 'NONE',  ( 16.01049721830911921, 13.96876174088640177, 29.06778621474893853 ) ) ;
#2419 = DIRECTION ( 'NONE',  ( -1.000000000000000000, -0.000000000000000000, -0.000000000000000000 ) ) ;
#2420 = EDGE_CURVE ( 'NONE', #6862, #1465, #5904, .T. ) ;
#2421 = EDGE_LOOP ( 'NONE', ( #5064, #1464, #3874, #5597 ) ) ;
#2422 = ORIENTED_EDGE ( 'NONE', *, *, #4844, .T. ) ;
#2423 = AXIS2_PLACEMENT_3D ( 'NONE', #3240, #2043, #6354 ) ;
#2424 = VECTOR ( 'NONE', #1261, 1000.000000000000227 ) ;
#2425 = EDGE_CURVE ( 'NONE', #305, #6196, #4320, .T. ) ;
#2426 = DIRECTION ( 'NONE',  ( 1.000000000000000000, -0.000000000000000000, -0.000000000000000000 ) ) ;
#2427 = ORIENTED_EDGE ( 'NONE', *, *, #5971, .F. ) ;
#2428 = LINE ( 'NONE', #4624, #1506 ) ;
#2429 = CARTESIAN_POINT ( 'NONE',  ( 16.01049721830911921, -7.873118297266284316, -30.60343249259379661 ) ) ;
#2430 = EDGE_CURVE ( 'NONE', #6731, #2008, #5838, .T. ) ;
#2431 = DIRECTION ( 'NONE',  ( 0.000000000000000000, 8.879970991495942009E-16, -1.000000000000000000 ) ) ;
#2432 = DIRECTION ( 'NONE',  ( 0.000000000000000000, 0.000000000000000000, 1.000000000000000000 ) ) ;
#2433 = VERTEX_POINT ( 'NONE', #5869 ) ;
#2434 = FACE_OUTER_BOUND ( 'NONE', #1544, .T. ) ;
#2435 = DIRECTION ( 'NONE',  ( 0.000000000000000000, 0.000000000000000000, 1.000000000000000000 ) ) ;
#2436 = EDGE_CURVE ( 'NONE', #874, #2194, #6936, .T. ) ;
#2437 = CARTESIAN_POINT ( 'NONE',  ( 89.00010752509841438, 0.000000000000000000, 0.000000000000000000 ) ) ;
#2438 = ORIENTED_EDGE ( 'NONE', *, *, #3467, .T. ) ;
#2439 = DIRECTION ( 'NONE',  ( -1.000000000000000000, 0.000000000000000000, 0.000000000000000000 ) ) ;
#2440 = VECTOR ( 'NONE', #4166, 999.9999999999998863 ) ;
#2441 = CARTESIAN_POINT ( 'NONE',  ( 25.50868112545530764, -4.432578430805260261, 31.28751061535984235 ) ) ;
#2442 = EDGE_CURVE ( 'NONE', #3981, #1891, #4977, .T. ) ;
#2443 = FACE_OUTER_BOUND ( 'NONE', #297, .T. ) ;
#2444 = VERTEX_POINT ( 'NONE', #1039 ) ;
#2445 = ORIENTED_EDGE ( 'NONE', *, *, #1739, .F. ) ;
#2446 = CIRCLE ( 'NONE', #529, 3.000000000000003109 ) ;
#2447 = DIRECTION ( 'NONE',  ( -1.000000000000000000, -0.000000000000000000, -0.000000000000000000 ) ) ;
#2448 = ORIENTED_EDGE ( 'NONE', *, *, #3160, .T. ) ;
#2449 = CARTESIAN_POINT ( 'NONE',  ( 25.49807105772856630, 31.41239523350688856, -3.437658759308257483 ) ) ;
#2450 = DIRECTION ( 'NONE',  ( -1.000000000000000000, 0.000000000000000000, 0.000000000000000000 ) ) ;
#2451 = VECTOR ( 'NONE', #6974, 1000.000000000000000 ) ;
#2452 = DIRECTION ( 'NONE',  ( -1.000000000000000000, 0.000000000000000000, 0.000000000000000000 ) ) ;
#2453 = ORIENTED_EDGE ( 'NONE', *, *, #3507, .F. ) ;
#2454 = VERTEX_POINT ( 'NONE', #4752 ) ;
#2455 = CIRCLE ( 'NONE', #883, 0.5000000000000004441 ) ;
#2456 = EDGE_CURVE ( 'NONE', #4588, #2054, #3963, .T. ) ;
#2457 = ORIENTED_EDGE ( 'NONE', *, *, #3820, .F. ) ;
#2458 = AXIS2_PLACEMENT_3D ( 'NONE', #1301, #98, #4406 ) ;
#2459 = CARTESIAN_POINT ( 'NONE',  ( 25.43063748263523749, 31.59987055267417233, -0.06521583956830895312 ) ) ;
#2460 = VERTEX_POINT ( 'NONE', #2657 ) ;
#2461 = LINE ( 'NONE', #5705, #6138 ) ;
#2462 = PLANE ( 'NONE',  #3382 ) ;
#2463 = CARTESIAN_POINT ( 'NONE',  ( 16.01049721830911921, 13.06773822222175241, -28.77134494261572684 ) ) ;
#2464 = VERTEX_POINT ( 'NONE', #8 ) ;
#2465 = EDGE_CURVE ( 'NONE', #3634, #5761, #3176, .T. ) ;
#2466 = DIRECTION ( 'NONE',  ( 1.000000000000000000, -0.000000000000000000, -0.000000000000000000 ) ) ;
#2467 = DIRECTION ( 'NONE',  ( 0.000000000000000000, 0.000000000000000000, 1.000000000000000000 ) ) ;
#2468 = DIRECTION ( 'NONE',  ( 0.000000000000000000, 0.000000000000000000, 1.000000000000000000 ) ) ;
#2469 = CYLINDRICAL_SURFACE ( 'NONE', #2707, 20.02999999999999758 ) ;
#2470 = AXIS2_PLACEMENT_3D ( 'NONE', #1299, #1922, #6201 ) ;
#2471 = CARTESIAN_POINT ( 'NONE',  ( 89.00010752509841438, -16.06895312500000017, 4.986919937852694495 ) ) ;
#2472 = CARTESIAN_POINT ( 'NONE',  ( 16.01049721830911921, 13.36663193154260298, 28.93546794964182922 ) ) ;
#2473 = CYLINDRICAL_SURFACE ( 'NONE', #4529, 3.000000000000002665 ) ;
#2474 = CIRCLE ( 'NONE', #3953, 3.000000000000003109 ) ;
#2475 = ORIENTED_EDGE ( 'NONE', *, *, #2217, .T. ) ;
#2476 = ORIENTED_EDGE ( 'NONE', *, *, #885, .T. ) ;
#2477 = CIRCLE ( 'NONE', #901, 0.5000000000000004441 ) ;
#2478 = EDGE_CURVE ( 'NONE', #2636, #411, #2590, .T. ) ;
#2479 = DIRECTION ( 'NONE',  ( -1.000000000000000000, 0.000000000000000000, 0.000000000000000000 ) ) ;
#2480 = EDGE_LOOP ( 'NONE', ( #3053, #4250, #3252, #6222 ) ) ;
#2481 = CARTESIAN_POINT ( 'NONE',  ( 25.59583794145657976, -16.25378683942962610, -27.41792421093304810 ) ) ;
#2482 = ORIENTED_EDGE ( 'NONE', *, *, #5523, .F. ) ;
#2483 = CARTESIAN_POINT ( 'NONE',  ( 19.91049721830912134, 30.30148033719038736, -8.965286466497278894 ) ) ;
#2484 = LINE ( 'NONE', #762, #3152 ) ;
#2485 = ORIENTED_EDGE ( 'NONE', *, *, #6753, .T. ) ;
#2486 = ORIENTED_EDGE ( 'NONE', *, *, #5885, .F. ) ;
#2487 = EDGE_CURVE ( 'NONE', #2282, #414, #4758, .T. ) ;
#2488 = AXIS2_PLACEMENT_3D ( 'NONE', #6988, #2151, #3720 ) ;
#2489 = ORIENTED_EDGE ( 'NONE', *, *, #6390, .T. ) ;
#2490 = DIRECTION ( 'NONE',  ( -1.000000000000000000, -0.000000000000000000, -0.000000000000000000 ) ) ;
#2491 = ORIENTED_EDGE ( 'NONE', *, *, #6313, .F. ) ;
#2492 = DIRECTION ( 'NONE',  ( 0.000000000000000000, 0.000000000000000000, 1.000000000000000000 ) ) ;
#2493 = DIRECTION ( 'NONE',  ( 0.000000000000000000, 0.000000000000000000, 1.000000000000000000 ) ) ;
#2494 = CARTESIAN_POINT ( 'NONE',  ( 18.71049721830912205, -15.93129415377253189, 5.410590687343962202 ) ) ;
#2495 = VECTOR ( 'NONE', #3730, 1000.000000000000000 ) ;
#2496 = EDGE_CURVE ( 'NONE', #903, #4435, #1630, .T. ) ;
#2497 = ORIENTED_EDGE ( 'NONE', *, *, #2641, .T. ) ;
#2498 = ORIENTED_EDGE ( 'NONE', *, *, #1469, .F. ) ;
#2499 = DIRECTION ( 'NONE',  ( -1.000000000000000000, 0.000000000000000000, 0.000000000000000000 ) ) ;
#2500 = AXIS2_PLACEMENT_3D ( 'NONE', #964, #3114, #2714 ) ;
#2501 = PLANE ( 'NONE',  #3949 ) ;
#2502 = DIRECTION ( 'NONE',  ( -1.000000000000000000, 0.000000000000000000, 0.000000000000000000 ) ) ;
#2503 = ORIENTED_EDGE ( 'NONE', *, *, #2399, .F. ) ;
#2504 = FACE_OUTER_BOUND ( 'NONE', #3980, .T. ) ;
#2505 = DIRECTION ( 'NONE',  ( 0.000000000000000000, 0.000000000000000000, 1.000000000000000000 ) ) ;
#2506 = ADVANCED_FACE ( 'NONE', ( #3697 ), #5382, .T. ) ;
#2507 = ORIENTED_EDGE ( 'NONE', *, *, #4986, .F. ) ;
#2508 = AXIS2_PLACEMENT_3D ( 'NONE', #2267, #3293, #3794 ) ;
#2509 = CARTESIAN_POINT ( 'NONE',  ( 89.00010752509841438, 19.12993349739970128, -5.936880021110818362 ) ) ;
#2510 = EDGE_CURVE ( 'NONE', #2279, #2568, #5982, .T. ) ;
#2511 = FACE_OUTER_BOUND ( 'NONE', #3838, .T. ) ;
#2512 = DIRECTION ( 'NONE',  ( 1.000000000000000000, -0.000000000000000000, 0.000000000000000000 ) ) ;
#2513 = ADVANCED_FACE ( 'NONE', ( #5934 ), #572, .F. ) ;
#2514 = ORIENTED_EDGE ( 'NONE', *, *, #4122, .F. ) ;
#2515 = VERTEX_POINT ( 'NONE', #2265 ) ;
#2516 = CARTESIAN_POINT ( 'NONE',  ( 19.91049721830912134, 21.59227047247681952, 23.95488167041126104 ) ) ;
#2517 = ORIENTED_EDGE ( 'NONE', *, *, #5846, .T. ) ;
#2518 = DIRECTION ( 'NONE',  ( 1.000000000000000000, -0.000000000000000000, -0.000000000000000000 ) ) ;
#2519 = LINE ( 'NONE', #2978, #5085 ) ;
#2520 = DIRECTION ( 'NONE',  ( -1.000000000000000000, 0.000000000000000000, -0.000000000000000000 ) ) ;
#2521 = ADVANCED_FACE ( 'NONE', ( #2302 ), #2339, .F. ) ;
#2522 = VECTOR ( 'NONE', #6419, 999.9999999999998863 ) ;
#2523 = AXIS2_PLACEMENT_3D ( 'NONE', #5398, #4870, #5496 ) ;
#2524 = ORIENTED_EDGE ( 'NONE', *, *, #822, .T. ) ;
#2525 = EDGE_LOOP ( 'NONE', ( #6252, #246, #307, #620 ) ) ;
#2526 = ORIENTED_EDGE ( 'NONE', *, *, #6235, .T. ) ;
#2527 = DIRECTION ( 'NONE',  ( 0.000000000000000000, 0.000000000000000000, -1.000000000000000000 ) ) ;
#2528 = ORIENTED_EDGE ( 'NONE', *, *, #1561, .F. ) ;
#2529 = CARTESIAN_POINT ( 'NONE',  ( 16.01049721830911921, -26.61876108426052312, -17.02931679165527967 ) ) ;
#2530 = CARTESIAN_POINT ( 'NONE',  ( 16.01049721830911921, 20.63815503485030334, -24.78162740333013048 ) ) ;
#2531 = ADVANCED_FACE ( 'NONE', ( #6072 ), #5510, .F. ) ;
#2532 = CYLINDRICAL_SURFACE ( 'NONE', #6061, 3.000000000000002665 ) ;
#2533 = ORIENTED_EDGE ( 'NONE', *, *, #763, .F. ) ;
#2534 = EDGE_LOOP ( 'NONE', ( #609, #6634, #4228, #664 ) ) ;
#2535 = CIRCLE ( 'NONE', #1964, 3.000000000000002665 ) ;
#2536 = FACE_OUTER_BOUND ( 'NONE', #5318, .T. ) ;
#2537 = DIRECTION ( 'NONE',  ( -1.000000000000000000, 0.000000000000000000, 0.000000000000000000 ) ) ;
#2538 = CARTESIAN_POINT ( 'NONE',  ( 19.91049721830912134, -18.18815403723831636, 26.17478189738694638 ) ) ;
#2539 = CYLINDRICAL_SURFACE ( 'NONE', #1027, 0.5000000000000004441 ) ;
#2540 = CARTESIAN_POINT ( 'NONE',  ( 16.01049721830911921, -31.41239523350686369, 3.437658759308480416 ) ) ;
#2541 = ADVANCED_FACE ( 'NONE', ( #6145 ), #1831, .T. ) ;
#2542 = VERTEX_POINT ( 'NONE', #3292 ) ;
#2543 = DIRECTION ( 'NONE',  ( 0.000000000000000000, 0.1658300052543688619, -0.9861543537181873820 ) ) ;
#2544 = PLANE ( 'NONE',  #4083 ) ;
#2545 = CARTESIAN_POINT ( 'NONE',  ( 19.91049721830912134, -26.36870086362659293, 17.68485552003684802 ) ) ;
#2546 = ORIENTED_EDGE ( 'NONE', *, *, #392, .F. ) ;
#2547 = ORIENTED_EDGE ( 'NONE', *, *, #6033, .T. ) ;
#2548 = EDGE_CURVE ( 'NONE', #3758, #4225, #691, .T. ) ;
#2549 = AXIS2_PLACEMENT_3D ( 'NONE', #3029, #6846, #5189 ) ;
#2550 = DIRECTION ( 'NONE',  ( 1.000000000000000000, -0.000000000000000000, 0.000000000000000000 ) ) ;
#2551 = VERTEX_POINT ( 'NONE', #6570 ) ;
#2552 = DIRECTION ( 'NONE',  ( -1.000000000000000000, 0.000000000000000000, 0.000000000000000000 ) ) ;
#2553 = DIRECTION ( 'NONE',  ( 0.000000000000000000, 3.469446951953611033E-15, 1.000000000000000000 ) ) ;
#2554 = DIRECTION ( 'NONE',  ( 0.000000000000000000, 0.000000000000000000, 1.000000000000000000 ) ) ;
#2555 = AXIS2_PLACEMENT_3D ( 'NONE', #5703, #3020, #6765 ) ;
#2556 = ORIENTED_EDGE ( 'NONE', *, *, #3017, .F. ) ;
#2557 = ORIENTED_EDGE ( 'NONE', *, *, #4398, .F. ) ;
#2558 = VERTEX_POINT ( 'NONE', #4990 ) ;
#2559 = EDGE_CURVE ( 'NONE', #1932, #4280, #76, .T. ) ;
#2560 = DIRECTION ( 'NONE',  ( 1.000000000000000000, -0.000000000000000000, -0.000000000000000000 ) ) ;
#2561 = AXIS2_PLACEMENT_3D ( 'NONE', #6443, #1013, #4227 ) ;
#2562 = ORIENTED_EDGE ( 'NONE', *, *, #3735, .F. ) ;
#2563 = CARTESIAN_POINT ( 'NONE',  ( 19.91049721830912134, -27.04066462635374180, -17.13925949569454588 ) ) ;
#2564 = DIRECTION ( 'NONE',  ( 1.000000000000000000, -0.000000000000000000, -0.000000000000000000 ) ) ;
#2565 = DIRECTION ( 'NONE',  ( 0.000000000000000000, 0.000000000000000000, 1.000000000000000000 ) ) ;
#2566 = ORIENTED_EDGE ( 'NONE', *, *, #6028, .T. ) ;
#2567 = VECTOR ( 'NONE', #4987, 1000.000000000000227 ) ;
#2568 = VERTEX_POINT ( 'NONE', #4918 ) ;
#2569 = VECTOR ( 'NONE', #5222, 1000.000000000000000 ) ;
#2570 = EDGE_CURVE ( 'NONE', #3854, #722, #244, .T. ) ;
#2571 = DIRECTION ( 'NONE',  ( -1.000000000000000000, -0.000000000000000000, -0.000000000000000000 ) ) ;
#2572 = DIRECTION ( 'NONE',  ( 0.000000000000000000, 0.000000000000000000, 1.000000000000000000 ) ) ;
#2573 = FACE_OUTER_BOUND ( 'NONE', #1667, .T. ) ;
#2574 = AXIS2_PLACEMENT_3D ( 'NONE', #728, #5557, #4362 ) ;
#2575 = ORIENTED_EDGE ( 'NONE', *, *, #2823, .T. ) ;
#2576 = DIRECTION ( 'NONE',  ( -1.000000000000000000, 0.000000000000000000, 0.000000000000000000 ) ) ;
#2577 = DIRECTION ( 'NONE',  ( 0.000000000000000000, 0.000000000000000000, 1.000000000000000000 ) ) ;
#2578 = ORIENTED_EDGE ( 'NONE', *, *, #2638, .F. ) ;
#2579 = CARTESIAN_POINT ( 'NONE',  ( 25.49807105772856630, 30.30148033719038736, -8.965286466497278894 ) ) ;
#2580 = CARTESIAN_POINT ( 'NONE',  ( 19.91049721830912134, -31.86288376110956477, 6.403642590434060367 ) ) ;
#2581 = CARTESIAN_POINT ( 'NONE',  ( 25.36049721830912418, -16.06895312500000017, -4.986919937852697160 ) ) ;
#2582 = AXIS2_PLACEMENT_3D ( 'NONE', #3169, #5742, #5327 ) ;
#2583 = EDGE_CURVE ( 'NONE', #1198, #5347, #5059, .T. ) ;
#2584 = VERTEX_POINT ( 'NONE', #3404 ) ;
#2585 = VECTOR ( 'NONE', #5675, 1000.000000000000114 ) ;
#2586 = ORIENTED_EDGE ( 'NONE', *, *, #4692, .T. ) ;
#2587 = CARTESIAN_POINT ( 'NONE',  ( 16.01049721830911921, 0.000000000000000000, 0.000000000000000000 ) ) ;
#2588 = EDGE_LOOP ( 'NONE', ( #147, #5275, #3115, #2652 ) ) ;
#2589 = CARTESIAN_POINT ( 'NONE',  ( 25.51733603988022736, -7.873118297266284316, -30.60343249259379661 ) ) ;
#2590 = LINE ( 'NONE', #2159, #1694 ) ;
#2591 = EDGE_CURVE ( 'NONE', #974, #3930, #1242, .T. ) ;
#2592 = LINE ( 'NONE', #4754, #491 ) ;
#2593 = AXIS2_PLACEMENT_3D ( 'NONE', #3647, #5227, #3715 ) ;
#2594 = EDGE_LOOP ( 'NONE', ( #6567, #776, #6690, #835 ) ) ;
#2595 = ORIENTED_EDGE ( 'NONE', *, *, #6667, .T. ) ;
#2596 = VERTEX_POINT ( 'NONE', #150 ) ;
#2597 = DIRECTION ( 'NONE',  ( 0.000000000000000000, 0.000000000000000000, 1.000000000000000000 ) ) ;
#2598 = EDGE_LOOP ( 'NONE', ( #1430, #3901 ) ) ;
#2599 = CARTESIAN_POINT ( 'NONE',  ( 19.91049721830912134, -23.16875334171621503, -21.48871658899639314 ) ) ;
#2600 = EDGE_CURVE ( 'NONE', #4612, #2917, #6608, .T. ) ;
#2601 = LINE ( 'NONE', #1471, #6984 ) ;
#2602 = CARTESIAN_POINT ( 'NONE',  ( 25.52624695367774521, -30.26683409500843780, -11.83928857090812059 ) ) ;
#2603 = ORIENTED_EDGE ( 'NONE', *, *, #3699, .F. ) ;
#2604 = VECTOR ( 'NONE', #6711, 1000.000000000000000 ) ;
#2605 = ORIENTED_EDGE ( 'NONE', *, *, #2970, .F. ) ;
#2606 = DIRECTION ( 'NONE',  ( -1.000000000000000000, -0.000000000000000000, -0.000000000000000000 ) ) ;
#2607 = CARTESIAN_POINT ( 'NONE',  ( 25.36049721830912418, 18.96605182169769677, 6.441255956463571408 ) ) ;
#2608 = CIRCLE ( 'NONE', #4190, 3.000000000000002220 ) ;
#2609 = LINE ( 'NONE', #6982, #4893 ) ;
#2610 = DIRECTION ( 'NONE',  ( 1.000000000000000000, -0.000000000000000000, 0.000000000000000000 ) ) ;
#2611 = CARTESIAN_POINT ( 'NONE',  ( 16.01049721830911921, 18.80411296740793503, -26.20053120661794210 ) ) ;
#2612 = ADVANCED_FACE ( 'NONE', ( #5548 ), #715, .F. ) ;
#2613 = AXIS2_PLACEMENT_3D ( 'NONE', #6716, #1940, #6218 ) ;
#2614 = DIRECTION ( 'NONE',  ( -1.000000000000000000, -0.000000000000000000, -0.000000000000000000 ) ) ;
#2615 = DIRECTION ( 'NONE',  ( 0.000000000000000000, -0.3936502181619542795, -0.9192603035816601098 ) ) ;
#2616 = LINE ( 'NONE', #2083, #133 ) ;
#2617 = VECTOR ( 'NONE', #4951, 1000.000000000000000 ) ;
#2618 = ORIENTED_EDGE ( 'NONE', *, *, #6794, .T. ) ;
#2619 = ORIENTED_EDGE ( 'NONE', *, *, #6825, .T. ) ;
#2620 = CARTESIAN_POINT ( 'NONE',  ( 18.71049721830912205, -9.708422300576447839, 13.74143956918888243 ) ) ;
#2621 = ORIENTED_EDGE ( 'NONE', *, *, #1853, .F. ) ;
#2622 = AXIS2_PLACEMENT_3D ( 'NONE', #2856, #2327, #5994 ) ;
#2623 = CYLINDRICAL_SURFACE ( 'NONE', #1097, 3.145000000000001794 ) ;
#2624 = EDGE_CURVE ( 'NONE', #5917, #5735, #2608, .T. ) ;
#2625 = DIRECTION ( 'NONE',  ( 0.000000000000000000, -0.6726603737012494255, 0.7399513643828865561 ) ) ;
#2626 = DIRECTION ( 'NONE',  ( 0.000000000000000000, 0.000000000000000000, 1.000000000000000000 ) ) ;
#2627 = ORIENTED_EDGE ( 'NONE', *, *, #6259, .F. ) ;
#2628 = EDGE_LOOP ( 'NONE', ( #5883, #3346, #3937, #628 ) ) ;
#2629 = ORIENTED_EDGE ( 'NONE', *, *, #1853, .T. ) ;
#2630 = DIRECTION ( 'NONE',  ( 0.000000000000000000, 0.9898214418809323512, -0.1423148382732885020 ) ) ;
#2631 = EDGE_CURVE ( 'NONE', #1344, #5633, #4493, .T. ) ;
#2632 = AXIS2_PLACEMENT_3D ( 'NONE', #5972, #5449, #612 ) ;
#2633 = CARTESIAN_POINT ( 'NONE',  ( 16.01049721830911921, 29.98410307490539140, -11.87501843339408403 ) ) ;
#2634 = CARTESIAN_POINT ( 'NONE',  ( 16.01049721830911921, -21.25750658918243019, -24.08348815614147753 ) ) ;
#2635 = VERTEX_POINT ( 'NONE', #1206 ) ;
#2636 = VERTEX_POINT ( 'NONE', #3333 ) ;
#2637 = VECTOR ( 'NONE', #5265, 1000.000000000000000 ) ;
#2638 = EDGE_CURVE ( 'NONE', #49, #3558, #640, .T. ) ;
#2639 = AXIS2_PLACEMENT_3D ( 'NONE', #1389, #2479, #6754 ) ;
#2640 = DIRECTION ( 'NONE',  ( 0.000000000000000000, 0.000000000000000000, 1.000000000000000000 ) ) ;
#2641 = EDGE_CURVE ( 'NONE', #2875, #3765, #4952, .T. ) ;
#2642 = DIRECTION ( 'NONE',  ( 0.000000000000000000, 0.000000000000000000, -1.000000000000000000 ) ) ;
#2643 = CARTESIAN_POINT ( 'NONE',  ( 16.01049721830911921, -23.25774328115176459, -22.34143857203559236 ) ) ;
#2644 = DIRECTION ( 'NONE',  ( 0.000000000000000000, 0.000000000000000000, 1.000000000000000000 ) ) ;
#2645 = DIRECTION ( 'NONE',  ( -1.000000000000000000, 0.000000000000000000, -0.000000000000000000 ) ) ;
#2646 = ORIENTED_EDGE ( 'NONE', *, *, #4303, .T. ) ;
#2647 = EDGE_CURVE ( 'NONE', #2444, #1064, #3632, .T. ) ;
#2648 = FACE_OUTER_BOUND ( 'NONE', #1917, .T. ) ;
#2649 = DIRECTION ( 'NONE',  ( 1.000000000000000000, -0.000000000000000000, -0.000000000000000000 ) ) ;
#2650 = CARTESIAN_POINT ( 'NONE',  ( 18.71049721830912205, -9.708422300576447839, 16.94643956918887895 ) ) ;
#2651 = VERTEX_POINT ( 'NONE', #3440 ) ;
#2652 = ORIENTED_EDGE ( 'NONE', *, *, #3914, .F. ) ;
#2653 = CARTESIAN_POINT ( 'NONE',  ( 18.71049721830912205, 0.000000000000000000, 0.000000000000000000 ) ) ;
#2654 = ORIENTED_EDGE ( 'NONE', *, *, #4200, .F. ) ;
#2655 = EDGE_CURVE ( 'NONE', #6867, #5000, #5584, .T. ) ;
#2656 = PLANE ( 'NONE',  #6629 ) ;
#2657 = CARTESIAN_POINT ( 'NONE',  ( 16.01049721830911921, 4.432578430805485858, -31.28751061535981037 ) ) ;
#2658 = DIRECTION ( 'NONE',  ( 1.000000000000000000, -0.000000000000000000, -0.000000000000000000 ) ) ;
#2659 = AXIS2_PLACEMENT_3D ( 'NONE', #4494, #2375, #3067 ) ;
#2660 = ORIENTED_EDGE ( 'NONE', *, *, #6209, .F. ) ;
#2661 = ORIENTED_EDGE ( 'NONE', *, *, #6277, .T. ) ;
#2662 = ORIENTED_EDGE ( 'NONE', *, *, #3376, .F. ) ;
#2663 = FACE_OUTER_BOUND ( 'NONE', #2405, .T. ) ;
#2664 = AXIS2_PLACEMENT_3D ( 'NONE', #3285, #2718, #6637 ) ;
#2665 = DIRECTION ( 'NONE',  ( 0.000000000000000000, 0.000000000000000000, 1.000000000000000000 ) ) ;
#2666 = CARTESIAN_POINT ( 'NONE',  ( 19.91049721830912134, 0.000000000000000000, 0.000000000000000000 ) ) ;
#2667 = ORIENTED_EDGE ( 'NONE', *, *, #5660, .F. ) ;
#2668 = EDGE_CURVE ( 'NONE', #2059, #2460, #4569, .T. ) ;
#2669 = ORIENTED_EDGE ( 'NONE', *, *, #2677, .F. ) ;
#2670 = AXIS2_PLACEMENT_3D ( 'NONE', #4123, #6729, #4085 ) ;
#2671 = CARTESIAN_POINT ( 'NONE',  ( 16.01049721830911921, -5.213587008473979267, -31.82579159274866143 ) ) ;
#2672 = DIRECTION ( 'NONE',  ( 0.000000000000000000, 0.000000000000000000, -1.000000000000000000 ) ) ;
#2673 = CARTESIAN_POINT ( 'NONE',  ( 16.01049721830911921, 16.17618497092549390, 27.14566469692534767 ) ) ;
#2674 = CARTESIAN_POINT ( 'NONE',  ( 19.91049721830912134, 17.97273505347123645, -25.99109206534463823 ) ) ;
#2675 = EDGE_CURVE ( 'NONE', #4119, #2551, #4411, .T. ) ;
#2676 = AXIS2_PLACEMENT_3D ( 'NONE', #6012, #1839, #2346 ) ;
#2677 = EDGE_CURVE ( 'NONE', #6409, #5155, #821, .T. ) ;
#2678 = CIRCLE ( 'NONE', #766, 20.02999999999999758 ) ;
#2679 = VERTEX_POINT ( 'NONE', #1452 ) ;
#2680 = CIRCLE ( 'NONE', #2000, 3.204999999999999627 ) ;
#2681 = CARTESIAN_POINT ( 'NONE',  ( 16.01049721830911921, -10.07711777303070200, 30.23871445757164622 ) ) ;
#2682 = DIRECTION ( 'NONE',  ( 0.000000000000000000, 0.000000000000000000, -1.000000000000000000 ) ) ;
#2683 = DIRECTION ( 'NONE',  ( 0.000000000000000000, 0.000000000000000000, -1.000000000000000000 ) ) ;
#2684 = ORIENTED_EDGE ( 'NONE', *, *, #4930, .F. ) ;
#2685 = ORIENTED_EDGE ( 'NONE', *, *, #3259, .F. ) ;
#2686 = DIRECTION ( 'NONE',  ( -1.000000000000000000, 0.000000000000000000, 0.000000000000000000 ) ) ;
#2687 = ORIENTED_EDGE ( 'NONE', *, *, #5971, .T. ) ;
#2688 = DIRECTION ( 'NONE',  ( 1.000000000000000000, -0.000000000000000000, -0.000000000000000000 ) ) ;
#2689 = DIRECTION ( 'NONE',  ( 0.000000000000000000, 0.000000000000000000, 1.000000000000000000 ) ) ;
#2690 = CARTESIAN_POINT ( 'NONE',  ( 89.00010752509841438, 9.708422300576446062, 16.94643956918888250 ) ) ;
#2691 = EDGE_CURVE ( 'NONE', #4226, #4016, #4649, .T. ) ;
#2692 = ORIENTED_EDGE ( 'NONE', *, *, #2823, .F. ) ;
#2693 = EDGE_LOOP ( 'NONE', ( #1402, #5423, #1268, #6214 ) ) ;
#2694 = ORIENTED_EDGE ( 'NONE', *, *, #3105, .F. ) ;
#2695 = CIRCLE ( 'NONE', #555, 0.5000000000000000000 ) ;
#2696 = DIRECTION ( 'NONE',  ( 0.000000000000000000, 0.9997167946931293514, 0.02379769754609800322 ) ) ;
#2697 = AXIS2_PLACEMENT_3D ( 'NONE', #629, #1681, #6560 ) ;
#2698 = CARTESIAN_POINT ( 'NONE',  ( 16.01049721830911921, 28.28432710664302618, 14.09088046134497318 ) ) ;
#2699 = CARTESIAN_POINT ( 'NONE',  ( 25.52624695367774521, -28.28432710664293026, -14.09088046134518457 ) ) ;
#2700 = ORIENTED_EDGE ( 'NONE', *, *, #5106, .T. ) ;
#2701 = ORIENTED_EDGE ( 'NONE', *, *, #5090, .F. ) ;
#2702 = CARTESIAN_POINT ( 'NONE',  ( 18.71049721830912205, -7.927712988149142603, 16.40622836844384125 ) ) ;
#2703 = LINE ( 'NONE', #5494, #5801 ) ;
#2704 = EDGE_CURVE ( 'NONE', #1202, #6262, #1257, .T. ) ;
#2705 = DIRECTION ( 'NONE',  ( 1.000000000000000000, 0.000000000000000000, 0.000000000000000000 ) ) ;
#2706 = DIRECTION ( 'NONE',  ( 1.000000000000000000, -0.000000000000000000, -0.000000000000000000 ) ) ;
#2707 = AXIS2_PLACEMENT_3D ( 'NONE', #2437, #4599, #1446 ) ;
#2708 = DIRECTION ( 'NONE',  ( 1.000000000000000000, -0.000000000000000000, -0.000000000000000000 ) ) ;
#2709 = VECTOR ( 'NONE', #5373, 1000.000000000000000 ) ;
#2710 = VECTOR ( 'NONE', #1793, 1000.000000000000227 ) ;
#2711 = DIRECTION ( 'NONE',  ( 0.000000000000000000, 0.000000000000000000, 1.000000000000000000 ) ) ;
#2712 = EDGE_CURVE ( 'NONE', #2008, #2343, #2158, .T. ) ;
#2713 = CARTESIAN_POINT ( 'NONE',  ( 18.71049721830912205, 16.05699361465334363, 8.613124784825876290 ) ) ;
#2714 = DIRECTION ( 'NONE',  ( 0.000000000000000000, 0.000000000000000000, 1.000000000000000000 ) ) ;
#2715 = VECTOR ( 'NONE', #2409, 1000.000000000000000 ) ;
#2716 = ORIENTED_EDGE ( 'NONE', *, *, #270, .F. ) ;
#2717 = EDGE_CURVE ( 'NONE', #2460, #828, #3973, .T. ) ;
#2718 = DIRECTION ( 'NONE',  ( -1.000000000000000000, 0.000000000000000000, 0.000000000000000000 ) ) ;
#2719 = ORIENTED_EDGE ( 'NONE', *, *, #4038, .T. ) ;
#2720 = CARTESIAN_POINT ( 'NONE',  ( 19.91049721830912134, -20.64422757970508826, 23.92429601239791381 ) ) ;
#2721 = ADVANCED_FACE ( 'NONE', ( #3040, #5620 ), #855, .T. ) ;
#2722 = DIRECTION ( 'NONE',  ( 1.000000000000000000, -0.000000000000000000, -0.000000000000000000 ) ) ;
#2723 = CARTESIAN_POINT ( 'NONE',  ( 16.01049721830911921, 30.63314883252263598, 8.347016988392729431 ) ) ;
#2724 = CARTESIAN_POINT ( 'NONE',  ( 25.36049721830912418, -7.927712988149142603, 16.40622836844384125 ) ) ;
#2725 = ORIENTED_EDGE ( 'NONE', *, *, #4995, .T. ) ;
#2726 = ORIENTED_EDGE ( 'NONE', *, *, #5057, .T. ) ;
#2727 = VECTOR ( 'NONE', #5829, 1000.000000000000000 ) ;
#2728 = CARTESIAN_POINT ( 'NONE',  ( 89.00010752509841438, 6.180339887498949913, -19.02113032590307284 ) ) ;
#2729 = ORIENTED_EDGE ( 'NONE', *, *, #2638, .T. ) ;
#2730 = DIRECTION ( 'NONE',  ( 1.000000000000000000, -0.000000000000000000, -0.000000000000000000 ) ) ;
#2731 = EDGE_CURVE ( 'NONE', #2949, #4658, #402, .T. ) ;
#2732 = DIRECTION ( 'NONE',  ( 1.000000000000000000, -0.000000000000000000, 0.000000000000000000 ) ) ;
#2733 = CARTESIAN_POINT ( 'NONE',  ( 25.36049721830912418, -0.2227368943023919634, 16.82352558995636471 ) ) ;
#2734 = VERTEX_POINT ( 'NONE', #1869 ) ;
#2735 = VERTEX_POINT ( 'NONE', #3544 ) ;
#2736 = ORIENTED_EDGE ( 'NONE', *, *, #3529, .F. ) ;
#2737 = DIRECTION ( 'NONE',  ( -1.000000000000000000, -0.000000000000000000, -0.000000000000000000 ) ) ;
#2738 = AXIS2_PLACEMENT_3D ( 'NONE', #2391, #2919, #6236 ) ;
#2739 = EDGE_CURVE ( 'NONE', #4637, #5256, #5760, .T. ) ;
#2740 = CARTESIAN_POINT ( 'NONE',  ( 16.01049721830911921, 30.75988013140189992, -9.689802593540619569 ) ) ;
#2741 = CYLINDRICAL_SURFACE ( 'NONE', #397, 3.204999999999999627 ) ;
#2742 = FACE_OUTER_BOUND ( 'NONE', #6141, .T. ) ;
#2743 = DIRECTION ( 'NONE',  ( -1.000000000000000000, -0.000000000000000000, -0.000000000000000000 ) ) ;
#2744 = VECTOR ( 'NONE', #6811, 1000.000000000000114 ) ;
#2745 = VECTOR ( 'NONE', #6517, 1000.000000000000000 ) ;
#2746 = ORIENTED_EDGE ( 'NONE', *, *, #5872, .T. ) ;
#2747 = CARTESIAN_POINT ( 'NONE',  ( 25.36049721830912418, 0.000000000000000000, 22.50000000000000355 ) ) ;
#2748 = VECTOR ( 'NONE', #6186, 999.9999999999998863 ) ;
#2749 = CARTESIAN_POINT ( 'NONE',  ( 19.91049721830912134, 31.41239523350688856, -3.437658759308257483 ) ) ;
#2750 = CARTESIAN_POINT ( 'NONE',  ( 19.91049721830912134, 0.000000000000000000, 0.000000000000000000 ) ) ;
#2751 = ORIENTED_EDGE ( 'NONE', *, *, #4218, .F. ) ;
#2752 = EDGE_CURVE ( 'NONE', #5384, #5261, #5202, .T. ) ;
#2753 = CIRCLE ( 'NONE', #4686, 0.5000000000000004441 ) ;
#2754 = DIRECTION ( 'NONE',  ( 0.000000000000000000, -0.9997167946931294624, -0.02379769754609056820 ) ) ;
#2755 = ORIENTED_EDGE ( 'NONE', *, *, #904, .F. ) ;
#2756 = CARTESIAN_POINT ( 'NONE',  ( 25.49807105772856630, 31.41239523350688856, -3.437658759308257483 ) ) ;
#2757 = DIRECTION ( 'NONE',  ( 0.000000000000000000, 0.000000000000000000, 1.000000000000000000 ) ) ;
#2758 = DIRECTION ( 'NONE',  ( 0.000000000000000000, 0.9886612770418586882, 0.1501628425342337037 ) ) ;
#2759 = CARTESIAN_POINT ( 'NONE',  ( 18.71049721830912205, 18.05304843749999932, -2.469899717251452298 ) ) ;
#2760 = EDGE_CURVE ( 'NONE', #2239, #6225, #1699, .T. ) ;
#2761 = ORIENTED_EDGE ( 'NONE', *, *, #3061, .T. ) ;
#2762 = EDGE_LOOP ( 'NONE', ( #3481, #5308, #2060, #3224 ) ) ;
#2763 = LINE ( 'NONE', #4646, #5006 ) ;
#2764 = VERTEX_POINT ( 'NONE', #926 ) ;
#2765 = CARTESIAN_POINT ( 'NONE',  ( 25.36049721830912418, 11.55778298249903635, -16.35905108890658255 ) ) ;
#2766 = DIRECTION ( 'NONE',  ( 1.000000000000000000, -0.000000000000000000, 0.000000000000000000 ) ) ;
#2767 = DIRECTION ( 'NONE',  ( 0.000000000000000000, 0.4226182617407003295, -0.9063077870366494926 ) ) ;
#2768 = CARTESIAN_POINT ( 'NONE',  ( 25.60753480350601663, -20.64422757970508826, 23.92429601239791381 ) ) ;
#2769 = ADVANCED_FACE ( 'NONE', ( #2443 ), #6821, .F. ) ;
#2770 = ORIENTED_EDGE ( 'NONE', *, *, #3690, .F. ) ;
#2771 = ORIENTED_EDGE ( 'NONE', *, *, #6017, .T. ) ;
#2772 = CARTESIAN_POINT ( 'NONE',  ( 16.01049721830911921, 7.486965088230446597, 31.36889946695004028 ) ) ;
#2773 = CIRCLE ( 'NONE', #6724, 0.5000000000000004441 ) ;
#2774 = DIRECTION ( 'NONE',  ( 0.000000000000000000, 0.000000000000000000, -1.000000000000000000 ) ) ;
#2775 = CARTESIAN_POINT ( 'NONE',  ( 16.01049721830911921, 0.000000000000000000, 0.000000000000000000 ) ) ;
#2776 = CARTESIAN_POINT ( 'NONE',  ( 18.71049721830912205, 0.000000000000000000, 10.00000000000000000 ) ) ;
#2777 = CARTESIAN_POINT ( 'NONE',  ( 19.91049721830912134, 10.49558678852170068, -29.96506562590191436 ) ) ;
#2778 = EDGE_LOOP ( 'NONE', ( #3487, #4142, #5052, #6126 ) ) ;
#2779 = AXIS2_PLACEMENT_3D ( 'NONE', #2197, #6376, #2597 ) ;
#2780 = ADVANCED_FACE ( 'NONE', ( #4106 ), #2473, .F. ) ;
#2781 = ORIENTED_EDGE ( 'NONE', *, *, #2691, .F. ) ;
#2782 = CARTESIAN_POINT ( 'NONE',  ( 16.01049721830911921, 20.74280126569541949, 23.83888142726834047 ) ) ;
#2783 = AXIS2_PLACEMENT_3D ( 'NONE', #2232, #158, #3374 ) ;
#2784 = DIRECTION ( 'NONE',  ( 0.000000000000000000, -0.8281492787113794440, -0.5605076022408811420 ) ) ;
#2785 = CARTESIAN_POINT ( 'NONE',  ( 16.01049721830911921, 20.31818363896114832, -24.39741612575911844 ) ) ;
#2786 = MANIFOLD_SOLID_BREP ( 'DeleteFace25', #3150 ) ;
#2787 = VERTEX_POINT ( 'NONE', #436 ) ;
#2788 = AXIS2_PLACEMENT_3D ( 'NONE', #3220, #6965, #3761 ) ;
#2789 = AXIS2_PLACEMENT_3D ( 'NONE', #2959, #4593, #2432 ) ;
#2790 = DIRECTION ( 'NONE',  ( 1.000000000000000000, -0.000000000000000000, -0.000000000000000000 ) ) ;
#2791 = ORIENTED_EDGE ( 'NONE', *, *, #561, .F. ) ;
#2792 = CARTESIAN_POINT ( 'NONE',  ( 19.91049721830912134, -7.870872375829785383, -30.88652655611316433 ) ) ;
#2793 = CARTESIAN_POINT ( 'NONE',  ( 16.01049721830911921, -4.398968711290354605, 31.56861145085688136 ) ) ;
#2794 = DIRECTION ( 'NONE',  ( -1.000000000000000000, -0.000000000000000000, -0.000000000000000000 ) ) ;
#2795 = DIRECTION ( 'NONE',  ( -1.000000000000000000, 0.000000000000000000, 0.000000000000000000 ) ) ;
#2796 = EDGE_CURVE ( 'NONE', #2156, #1135, #1808, .T. ) ;
#2797 = CIRCLE ( 'NONE', #545, 0.5000000000000004441 ) ;
#2798 = ORIENTED_EDGE ( 'NONE', *, *, #4480, .T. ) ;
#2799 = ORIENTED_EDGE ( 'NONE', *, *, #962, .T. ) ;
#2800 = LINE ( 'NONE', #2344, #600 ) ;
#2801 = ORIENTED_EDGE ( 'NONE', *, *, #1399, .F. ) ;
#2802 = EDGE_CURVE ( 'NONE', #3691, #5917, #6361, .T. ) ;
#2803 = LINE ( 'NONE', #3410, #3469 ) ;
#2804 = DIRECTION ( 'NONE',  ( -1.000000000000000000, 0.000000000000000000, 0.000000000000000000 ) ) ;
#2805 = CARTESIAN_POINT ( 'NONE',  ( 25.49807105772856630, -31.41239523350686369, 3.437658759308480416 ) ) ;
#2806 = EDGE_CURVE ( 'NONE', #1107, #6751, #4868, .T. ) ;
#2807 = FACE_OUTER_BOUND ( 'NONE', #4459, .T. ) ;
#2808 = ORIENTED_EDGE ( 'NONE', *, *, #2041, .T. ) ;
#2809 = VERTEX_POINT ( 'NONE', #3216 ) ;
#2810 = CIRCLE ( 'NONE', #4739, 3.144999999999999130 ) ;
#2811 = EDGE_LOOP ( 'NONE', ( #3525, #2336, #3094, #3021 ) ) ;
#2812 = EDGE_CURVE ( 'NONE', #2282, #603, #3655, .T. ) ;
#2813 = CARTESIAN_POINT ( 'NONE',  ( 19.91049721830912134, 1.067781597599826604, -31.58189219333323194 ) ) ;
#2814 = FACE_OUTER_BOUND ( 'NONE', #4325, .T. ) ;
#2815 = LINE ( 'NONE', #4936, #5246 ) ;
#2816 = CARTESIAN_POINT ( 'NONE',  ( 16.01049721830911921, 0.000000000000000000, 0.000000000000000000 ) ) ;
#2817 = DIRECTION ( 'NONE',  ( -1.000000000000000000, 0.000000000000000000, 0.000000000000000000 ) ) ;
#2818 = ORIENTED_EDGE ( 'NONE', *, *, #4565, .T. ) ;
#2819 = AXIS2_PLACEMENT_3D ( 'NONE', #391, #5331, #5749 ) ;
#2820 = DIRECTION ( 'NONE',  ( -1.000000000000000000, 0.000000000000000000, 0.000000000000000000 ) ) ;
#2821 = CIRCLE ( 'NONE', #5412, 3.000000000000004441 ) ;
#2822 = DIRECTION ( 'NONE',  ( 0.000000000000000000, 0.000000000000000000, 1.000000000000000000 ) ) ;
#2823 = EDGE_CURVE ( 'NONE', #2242, #1183, #3722, .T. ) ;
#2824 = DIRECTION ( 'NONE',  ( -1.000000000000000000, 0.000000000000000000, 0.000000000000000000 ) ) ;
#2825 = ORIENTED_EDGE ( 'NONE', *, *, #904, .T. ) ;
#2826 = VECTOR ( 'NONE', #2325, 1000.000000000000000 ) ;
#2827 = FACE_OUTER_BOUND ( 'NONE', #3894, .T. ) ;
#2828 = ORIENTED_EDGE ( 'NONE', *, *, #1510, .T. ) ;
#2829 = LINE ( 'NONE', #2756, #6505 ) ;
#2830 = CARTESIAN_POINT ( 'NONE',  ( 19.91049721830912134, -19.06127845897257700, -26.32332926340262347 ) ) ;
#2831 = ADVANCED_FACE ( 'NONE', ( #32 ), #531, .T. ) ;
#2832 = DIRECTION ( 'NONE',  ( -1.000000000000000000, 0.000000000000000000, 0.000000000000000000 ) ) ;
#2833 = DIRECTION ( 'NONE',  ( -1.000000000000000000, 0.000000000000000000, 0.000000000000000000 ) ) ;
#2834 = ORIENTED_EDGE ( 'NONE', *, *, #4986, .T. ) ;
#2835 = EDGE_CURVE ( 'NONE', #4644, #4947, #6330, .T. ) ;
#2836 = DIRECTION ( 'NONE',  ( 1.000000000000000000, -0.000000000000000000, -0.000000000000000000 ) ) ;
#2837 = ORIENTED_EDGE ( 'NONE', *, *, #4242, .T. ) ;
#2838 = AXIS2_PLACEMENT_3D ( 'NONE', #6714, #4176, #1868 ) ;
#2839 = CARTESIAN_POINT ( 'NONE',  ( 19.91049721830912134, 10.66087161983700327, -30.43695642316021477 ) ) ;
#2840 = DIRECTION ( 'NONE',  ( -1.000000000000000000, 0.000000000000000000, 0.000000000000000000 ) ) ;
#2841 = CARTESIAN_POINT ( 'NONE',  ( 89.00010752509841438, -0.2227368943023919634, 16.82352558995636471 ) ) ;
#2842 = DIRECTION ( 'NONE',  ( 0.000000000000000000, 0.000000000000000000, 1.000000000000000000 ) ) ;
#2843 = VECTOR ( 'NONE', #2290, 1000.000000000000114 ) ;
#2844 = ORIENTED_EDGE ( 'NONE', *, *, #5161, .T. ) ;
#2845 = VERTEX_POINT ( 'NONE', #5862 ) ;
#2846 = EDGE_CURVE ( 'NONE', #4757, #2464, #6896, .T. ) ;
#2847 = ORIENTED_EDGE ( 'NONE', *, *, #301, .T. ) ;
#2848 = CYLINDRICAL_SURFACE ( 'NONE', #3356, 3.000000000000002665 ) ;
#2849 = CARTESIAN_POINT ( 'NONE',  ( 19.91049721830912134, -7.370888110118118952, -30.88255994033070806 ) ) ;
#2850 = DIRECTION ( 'NONE',  ( -1.000000000000000000, 0.000000000000000000, 0.000000000000000000 ) ) ;
#2851 = FACE_OUTER_BOUND ( 'NONE', #2693, .T. ) ;
#2852 = DIRECTION ( 'NONE',  ( 0.000000000000000000, 0.000000000000000000, 1.000000000000000000 ) ) ;
#2853 = EDGE_CURVE ( 'NONE', #4716, #5311, #927, .T. ) ;
#2854 = EDGE_CURVE ( 'NONE', #3355, #1577, #4197, .T. ) ;
#2855 = CARTESIAN_POINT ( 'NONE',  ( 16.01049721830911921, 26.73867654581816211, -17.34852533318603918 ) ) ;
#2856 = CARTESIAN_POINT ( 'NONE',  ( 19.91049721830912134, 20.31818363896114832, -24.39741612575911844 ) ) ;
#2857 = AXIS2_PLACEMENT_3D ( 'NONE', #2321, #5530, #3272 ) ;
#2858 = CARTESIAN_POINT ( 'NONE',  ( 16.01049721830911921, -5.132756202141048441, -31.83236846727968583 ) ) ;
#2859 = AXIS2_PLACEMENT_3D ( 'NONE', #6591, #3353, #136 ) ;
#2860 = VERTEX_POINT ( 'NONE', #5403 ) ;
#2861 = ORIENTED_EDGE ( 'NONE', *, *, #5273, .F. ) ;
#2862 = EDGE_CURVE ( 'NONE', #1258, #3961, #6928, .T. ) ;
#2863 = VECTOR ( 'NONE', #2550, 1000.000000000000000 ) ;
#2864 = DIRECTION ( 'NONE',  ( 0.000000000000000000, 0.000000000000000000, 1.000000000000000000 ) ) ;
#2865 = ORIENTED_EDGE ( 'NONE', *, *, #6512, .T. ) ;
#2866 = DIRECTION ( 'NONE',  ( 0.000000000000000000, 0.000000000000000000, 1.000000000000000000 ) ) ;
#2867 = DIRECTION ( 'NONE',  ( 1.000000000000000000, -0.000000000000000000, -0.000000000000000000 ) ) ;
#2868 = CARTESIAN_POINT ( 'NONE',  ( 16.01049721830911921, -1.803901592770677187, -32.44989890652357900 ) ) ;
#2869 = DIRECTION ( 'NONE',  ( -1.000000000000000000, 0.000000000000000000, -0.000000000000000000 ) ) ;
#2870 = VECTOR ( 'NONE', #772, 1000.000000000000000 ) ;
#2871 = CIRCLE ( 'NONE', #2738, 0.5000000000000004441 ) ;
#2872 = ORIENTED_EDGE ( 'NONE', *, *, #4427, .T. ) ;
#2873 = ORIENTED_EDGE ( 'NONE', *, *, #5180, .T. ) ;
#2874 = DIRECTION ( 'NONE',  ( 1.000000000000000000, -0.000000000000000000, -0.000000000000000000 ) ) ;
#2875 = VERTEX_POINT ( 'NONE', #6395 ) ;
#2876 = DIRECTION ( 'NONE',  ( -1.000000000000000000, 0.000000000000000000, -0.000000000000000000 ) ) ;
#2877 = DIRECTION ( 'NONE',  ( 0.000000000000000000, 0.000000000000000000, 1.000000000000000000 ) ) ;
#2878 = DIRECTION ( 'NONE',  ( 0.000000000000000000, 0.000000000000000000, 1.000000000000000000 ) ) ;
#2879 = DIRECTION ( 'NONE',  ( 0.000000000000000000, 0.000000000000000000, -1.000000000000000000 ) ) ;
#2880 = VERTEX_POINT ( 'NONE', #2048 ) ;
#2881 = VERTEX_POINT ( 'NONE', #2650 ) ;
#2882 = ORIENTED_EDGE ( 'NONE', *, *, #3896, .F. ) ;
#2883 = CARTESIAN_POINT ( 'NONE',  ( 25.43063748263523749, -32.37632768798173544, -2.832561639298896594 ) ) ;
#2884 = DIRECTION ( 'NONE',  ( 0.000000000000000000, 0.000000000000000000, 1.000000000000000000 ) ) ;
#2885 = DIRECTION ( 'NONE',  ( 0.000000000000000000, 0.000000000000000000, 1.000000000000000000 ) ) ;
#2886 = DIRECTION ( 'NONE',  ( 0.000000000000000000, 0.000000000000000000, -1.000000000000000000 ) ) ;
#2887 = DIRECTION ( 'NONE',  ( 0.000000000000000000, 0.9997167946931294624, 0.02379769754609056820 ) ) ;
#2888 = ADVANCED_FACE ( 'NONE', ( #6322 ), #4213, .F. ) ;
#2889 = EDGE_LOOP ( 'NONE', ( #5294, #1910, #2016, #3365 ) ) ;
#2890 = ORIENTED_EDGE ( 'NONE', *, *, #6295, .F. ) ;
#2891 = EDGE_CURVE ( 'NONE', #1543, #3661, #2616, .T. ) ;
#2892 = AXIS2_PLACEMENT_3D ( 'NONE', #4093, #6310, #3607 ) ;
#2893 = VERTEX_POINT ( 'NONE', #1558 ) ;
#2894 = DIRECTION ( 'NONE',  ( 1.000000000000000000, -0.000000000000000000, -0.000000000000000000 ) ) ;
#2895 = DIRECTION ( 'NONE',  ( -1.000000000000000000, 0.000000000000000000, -0.000000000000000000 ) ) ;
#2896 = CARTESIAN_POINT ( 'NONE',  ( 18.71049721830912205, -19.12993349739970483, 5.936880021110806815 ) ) ;
#2897 = VERTEX_POINT ( 'NONE', #6959 ) ;
#2898 = VERTEX_POINT ( 'NONE', #1030 ) ;
#2899 = AXIS2_PLACEMENT_3D ( 'NONE', #3447, #1213, #3940 ) ;
#2900 = EDGE_LOOP ( 'NONE', ( #2231, #1509, #6260, #73, #967, #398, #902, #6147, #6519, #2427, #6853, #39, #4187, #6305, #2256, #2801, #4330, #6042, #4792, #6020, #984, #99, #3651, #2882, #6766, #1209, #1907, #4217, #6786, #190, #6946, #3760, #143, #2141, #2345, #4647, #6630, #5731, #5499, #5937, #484, #4728, #3005, #4215, #475 ) ) ;
#2901 = PLANE ( 'NONE',  #3926 ) ;
#2902 = FACE_OUTER_BOUND ( 'NONE', #6148, .T. ) ;
#2903 = DIRECTION ( 'NONE',  ( -1.000000000000000000, -0.000000000000000000, -0.000000000000000000 ) ) ;
#2904 = DIRECTION ( 'NONE',  ( 0.000000000000000000, 0.000000000000000000, 1.000000000000000000 ) ) ;
#2905 = AXIS2_PLACEMENT_3D ( 'NONE', #713, #1791, #3931 ) ;
#2906 = AXIS2_PLACEMENT_3D ( 'NONE', #4053, #1406, #6841 ) ;
#2907 = ORIENTED_EDGE ( 'NONE', *, *, #6381, .T. ) ;
#2908 = ORIENTED_EDGE ( 'NONE', *, *, #651, .F. ) ;
#2909 = LINE ( 'NONE', #6719, #5353 ) ;
#2910 = ORIENTED_EDGE ( 'NONE', *, *, #1419, .F. ) ;
#2911 = LINE ( 'NONE', #1139, #4482 ) ;
#2912 = CIRCLE ( 'NONE', #1221, 32.25000000000000000 ) ;
#2913 = PLANE ( 'NONE',  #5753 ) ;
#2914 = DIRECTION ( 'NONE',  ( 0.000000000000000000, 0.000000000000000000, 1.000000000000000000 ) ) ;
#2915 = EDGE_CURVE ( 'NONE', #4080, #4359, #1037, .T. ) ;
#2916 = ORIENTED_EDGE ( 'NONE', *, *, #3805, .T. ) ;
#2917 = VERTEX_POINT ( 'NONE', #2896 ) ;
#2918 = CARTESIAN_POINT ( 'NONE',  ( 19.91049721830912134, 13.75219179141529224, 28.61712286258228133 ) ) ;
#2919 = DIRECTION ( 'NONE',  ( -1.000000000000000000, 0.000000000000000000, 0.000000000000000000 ) ) ;
#2920 = CIRCLE ( 'NONE', #2582, 32.25000000000000000 ) ;
#2921 = CARTESIAN_POINT ( 'NONE',  ( 16.01049721830911921, -10.66087161983679010, 30.43695642316028938 ) ) ;
#2922 = CARTESIAN_POINT ( 'NONE',  ( 19.91049721830912134, -21.25750658918243019, -23.58348815614147753 ) ) ;
#2923 = DIRECTION ( 'NONE',  ( 0.000000000000000000, 0.000000000000000000, 1.000000000000000000 ) ) ;
#2924 = VERTEX_POINT ( 'NONE', #6633 ) ;
#2925 = ORIENTED_EDGE ( 'NONE', *, *, #224, .T. ) ;
#2926 = ADVANCED_FACE ( 'NONE', ( #6031 ), #1787, .T. ) ;
#2927 = CARTESIAN_POINT ( 'NONE',  ( 16.01049721830911921, 0.000000000000000000, 10.00000000000000000 ) ) ;
#2928 = DIRECTION ( 'NONE',  ( 0.000000000000000000, 0.000000000000000000, 1.000000000000000000 ) ) ;
#2929 = CARTESIAN_POINT ( 'NONE',  ( 25.36049721830912418, -6.180339887498950802, 19.02113032590307284 ) ) ;
#2930 = CIRCLE ( 'NONE', #2250, 32.25000000000000000 ) ;
#2931 = ORIENTED_EDGE ( 'NONE', *, *, #5106, .F. ) ;
#2932 = EDGE_CURVE ( 'NONE', #6930, #3910, #4308, .T. ) ;
#2933 = ORIENTED_EDGE ( 'NONE', *, *, #6156, .T. ) ;
#2934 = DIRECTION ( 'NONE',  ( 1.000000000000000000, -0.000000000000000000, -0.000000000000000000 ) ) ;
#2935 = DIRECTION ( 'NONE',  ( -1.000000000000000000, -0.000000000000000000, -0.000000000000000000 ) ) ;
#2936 = DIRECTION ( 'NONE',  ( 0.000000000000000000, 0.000000000000000000, 1.000000000000000000 ) ) ;
#2937 = ORIENTED_EDGE ( 'NONE', *, *, #226, .F. ) ;
#2938 = EDGE_LOOP ( 'NONE', ( #4516, #2482, #6166, #5354 ) ) ;
#2939 = EDGE_CURVE ( 'NONE', #6255, #223, #3853, .T. ) ;
#2940 = ADVANCED_FACE ( 'NONE', ( #5471 ), #1653, .T. ) ;
#2941 = DIRECTION ( 'NONE',  ( 1.000000000000000000, -0.000000000000000000, -0.000000000000000000 ) ) ;
#2942 = VERTEX_POINT ( 'NONE', #3322 ) ;
#2943 = DIRECTION ( 'NONE',  ( -1.000000000000000000, -0.000000000000000000, -0.000000000000000000 ) ) ;
#2944 = DIRECTION ( 'NONE',  ( 0.000000000000000000, 0.3936502181619542795, 0.9192603035816601098 ) ) ;
#2945 = DIRECTION ( 'NONE',  ( -1.000000000000000000, 0.000000000000000000, 0.000000000000000000 ) ) ;
#2946 = CARTESIAN_POINT ( 'NONE',  ( 0.000000000000000000, 0.000000000000000000, 0.000000000000000000 ) ) ;
#2947 = ORIENTED_EDGE ( 'NONE', *, *, #5413, .F. ) ;
#2948 = AXIS2_PLACEMENT_3D ( 'NONE', #3755, #470, #2683 ) ;
#2949 = VERTEX_POINT ( 'NONE', #6065 ) ;
#2950 = ORIENTED_EDGE ( 'NONE', *, *, #3276, .F. ) ;
#2951 = ADVANCED_FACE ( 'NONE', ( #1232 ), #3282, .T. ) ;
#2952 = CARTESIAN_POINT ( 'NONE',  ( 16.01049721830911921, -16.17618497092529495, -27.14566469692546846 ) ) ;
#2953 = VERTEX_POINT ( 'NONE', #2255 ) ;
#2954 = LINE ( 'NONE', #3492, #5792 ) ;
#2955 = AXIS2_PLACEMENT_3D ( 'NONE', #325, #2999, #1933 ) ;
#2956 = DIRECTION ( 'NONE',  ( 1.000000000000000000, -0.000000000000000000, -0.000000000000000000 ) ) ;
#2957 = AXIS2_PLACEMENT_3D ( 'NONE', #3543, #5201, #6749 ) ;
#2958 = CARTESIAN_POINT ( 'NONE',  ( 16.01049721830911921, 18.51257633225432642, -25.79432142046882959 ) ) ;
#2959 = CARTESIAN_POINT ( 'NONE',  ( 16.01049721830911921, -30.28298276502350816, 9.539573095966556338 ) ) ;
#2960 = ORIENTED_EDGE ( 'NONE', *, *, #3376, .T. ) ;
#2961 = ADVANCED_FACE ( 'NONE', ( #595 ), #5051, .T. ) ;
#2962 = CIRCLE ( 'NONE', #3297, 0.5000000000000004441 ) ;
#2963 = DIRECTION ( 'NONE',  ( 1.000000000000000000, -0.000000000000000000, -0.000000000000000000 ) ) ;
#2964 = FACE_OUTER_BOUND ( 'NONE', #4823, .T. ) ;
#2965 = DIRECTION ( 'NONE',  ( 1.000000000000000000, -0.000000000000000000, -0.000000000000000000 ) ) ;
#2966 = FACE_OUTER_BOUND ( 'NONE', #2421, .T. ) ;
#2967 = VECTOR ( 'NONE', #5483, 1000.000000000000000 ) ;
#2968 = DIRECTION ( 'NONE',  ( 0.000000000000000000, -0.7609209538359855696, 0.6488445900316452963 ) ) ;
#2969 = DIRECTION ( 'NONE',  ( 0.000000000000000000, 0.6366901741190937880, 0.7711197197453829588 ) ) ;
#2970 = EDGE_CURVE ( 'NONE', #5414, #3197, #4945, .T. ) ;
#2971 = ORIENTED_EDGE ( 'NONE', *, *, #3787, .F. ) ;
#2972 = ORIENTED_EDGE ( 'NONE', *, *, #693, .T. ) ;
#2973 = AXIS2_PLACEMENT_3D ( 'NONE', #2587, #4848, #1003 ) ;
#2974 = DIRECTION ( 'NONE',  ( 0.000000000000000000, 0.000000000000000000, -1.000000000000000000 ) ) ;
#2975 = VERTEX_POINT ( 'NONE', #2216 ) ;
#2976 = CYLINDRICAL_SURFACE ( 'NONE', #5045, 20.02999999999999758 ) ;
#2977 = CIRCLE ( 'NONE', #6135, 3.000000000000002665 ) ;
#2978 = CARTESIAN_POINT ( 'NONE',  ( 89.00010752509841438, -6.180339887498946361, -15.87613032590306972 ) ) ;
#2979 = EDGE_CURVE ( 'NONE', #5082, #5347, #1927, .T. ) ;
#2980 = AXIS2_PLACEMENT_3D ( 'NONE', #3840, #6515, #2284 ) ;
#2981 = CARTESIAN_POINT ( 'NONE',  ( 89.00010752509841438, 0.000000000000000000, 0.000000000000000000 ) ) ;
#2982 = PRODUCT_CONTEXT ( 'NONE', #6538, 'mechanical' ) ;
#2983 = VERTEX_POINT ( 'NONE', #4376 ) ;
#2984 = ORIENTED_EDGE ( 'NONE', *, *, #2292, .F. ) ;
#2985 = ORIENTED_EDGE ( 'NONE', *, *, #1427, .F. ) ;
#2986 = DIRECTION ( 'NONE',  ( 0.000000000000000000, 0.000000000000000000, 1.000000000000000000 ) ) ;
#2987 = ORIENTED_EDGE ( 'NONE', *, *, #4387, .T. ) ;
#2988 = CARTESIAN_POINT ( 'NONE',  ( 16.01049721830911921, -29.98410307490529902, 11.87501843339429186 ) ) ;
#2989 = EDGE_CURVE ( 'NONE', #6717, #3641, #4653, .T. ) ;
#2990 = CARTESIAN_POINT ( 'NONE',  ( 89.00010752509841438, 11.98683077962015986, 16.04732961775107114 ) ) ;
#2991 = FACE_OUTER_BOUND ( 'NONE', #1871, .T. ) ;
#2992 = AXIS2_PLACEMENT_3D ( 'NONE', #5952, #5921, #5824 ) ;
#2993 = EDGE_LOOP ( 'NONE', ( #3120, #824, #1018, #4791 ) ) ;
#2994 = VERTEX_POINT ( 'NONE', #5577 ) ;
#2995 = DIRECTION ( 'NONE',  ( 0.000000000000000000, 0.000000000000000000, -1.000000000000000000 ) ) ;
#2996 = CYLINDRICAL_SURFACE ( 'NONE', #6986, 3.204999999999999183 ) ;
#2997 = DIRECTION ( 'NONE',  ( -1.000000000000000000, 0.000000000000000000, -0.000000000000000000 ) ) ;
#2998 = AXIS2_PLACEMENT_3D ( 'NONE', #6813, #4006, #2904 ) ;
#2999 = DIRECTION ( 'NONE',  ( -1.000000000000000000, 0.000000000000000000, 0.000000000000000000 ) ) ;
#3000 = EDGE_CURVE ( 'NONE', #4490, #5596, #3851, .T. ) ;
#3001 = ORIENTED_EDGE ( 'NONE', *, *, #740, .F. ) ;
#3002 = DIRECTION ( 'NONE',  ( -1.000000000000000000, 0.000000000000000000, 0.000000000000000000 ) ) ;
#3003 = CARTESIAN_POINT ( 'NONE',  ( 19.91049721830912134, 1.653949856271696328, -32.20756044584778266 ) ) ;
#3004 = DIRECTION ( 'NONE',  ( 1.000000000000000000, -0.000000000000000000, 0.000000000000000000 ) ) ;
#3005 = ORIENTED_EDGE ( 'NONE', *, *, #6349, .F. ) ;
#3006 = ORIENTED_EDGE ( 'NONE', *, *, #6054, .F. ) ;
#3007 = VECTOR ( 'NONE', #3490, 1000.000000000000000 ) ;
#3008 = DIRECTION ( 'NONE',  ( 1.000000000000000000, -0.000000000000000000, -0.000000000000000000 ) ) ;
#3009 = ORIENTED_EDGE ( 'NONE', *, *, #6955, .T. ) ;
#3010 = DIRECTION ( 'NONE',  ( 1.000000000000000000, -0.000000000000000000, -0.000000000000000000 ) ) ;
#3011 = ADVANCED_FACE ( 'NONE', ( #6524, #5014 ), #176, .F. ) ;
#3012 = CARTESIAN_POINT ( 'NONE',  ( 16.01049721830911921, 22.89715811400229839, 21.99505967944571339 ) ) ;
#3013 = CIRCLE ( 'NONE', #3235, 3.000000000000002665 ) ;
#3014 = DIRECTION ( 'NONE',  ( 0.000000000000000000, 0.9128989540240174394, -0.4081856192247038106 ) ) ;
#3015 = EDGE_LOOP ( 'NONE', ( #383, #6008, #1011, #2791 ) ) ;
#3016 = ORIENTED_EDGE ( 'NONE', *, *, #1048, .F. ) ;
#3017 = EDGE_CURVE ( 'NONE', #2636, #6362, #582, .T. ) ;
#3018 = ORIENTED_EDGE ( 'NONE', *, *, #892, .F. ) ;
#3019 = VECTOR ( 'NONE', #6703, 1000.000000000000000 ) ;
#3020 = DIRECTION ( 'NONE',  ( 1.000000000000000000, -0.000000000000000000, -0.000000000000000000 ) ) ;
#3021 = ORIENTED_EDGE ( 'NONE', *, *, #3805, .F. ) ;
#3022 = EDGE_CURVE ( 'NONE', #4417, #5550, #3431, .T. ) ;
#3023 = CARTESIAN_POINT ( 'NONE',  ( 19.91049721830912134, 23.34269296543707739, -19.61346247528969400 ) ) ;
#3024 = LINE ( 'NONE', #2921, #1229 ) ;
#3025 = CARTESIAN_POINT ( 'NONE',  ( 25.36049721830912418, -11.98683077962017762, -16.04732961775105693 ) ) ;
#3026 = AXIS2_PLACEMENT_3D ( 'NONE', #419, #5325, #2099 ) ;
#3027 = ORIENTED_EDGE ( 'NONE', *, *, #4004, .F. ) ;
#3028 = ADVANCED_FACE ( 'NONE', ( #1195 ), #3360, .F. ) ;
#3029 = CARTESIAN_POINT ( 'NONE',  ( 18.71049721830912205, -10.06881816610630942, 13.47959664596413809 ) ) ;
#3030 = CARTESIAN_POINT ( 'NONE',  ( 16.01049721830911921, 28.76809848777853418, -15.12106178141850421 ) ) ;
#3031 = DIRECTION ( 'NONE',  ( 0.000000000000000000, 0.000000000000000000, 1.000000000000000000 ) ) ;
#3032 = FACE_OUTER_BOUND ( 'NONE', #5744, .T. ) ;
#3033 = DIRECTION ( 'NONE',  ( -1.000000000000000000, -0.000000000000000000, -0.000000000000000000 ) ) ;
#3034 = CIRCLE ( 'NONE', #6876, 32.25000000000000000 ) ;
#3035 = ORIENTED_EDGE ( 'NONE', *, *, #5452, .T. ) ;
#3036 = ADVANCED_FACE ( 'NONE', ( #6274 ), #1377, .T. ) ;
#3037 = CARTESIAN_POINT ( 'NONE',  ( 19.91049721830912134, -12.82037349327345588, 29.59223755468604722 ) ) ;
#3038 = AXIS2_PLACEMENT_3D ( 'NONE', #4373, #3246, #2711 ) ;
#3039 = DIRECTION ( 'NONE',  ( 0.000000000000000000, 0.9929278846732867425, -0.1187190626573184360 ) ) ;
#3040 = FACE_OUTER_BOUND ( 'NONE', #437, .T. ) ;
#3041 = VECTOR ( 'NONE', #2419, 1000.000000000000000 ) ;
#3042 = VERTEX_POINT ( 'NONE', #6745 ) ;
#3043 = ORIENTED_EDGE ( 'NONE', *, *, #5023, .T. ) ;
#3044 = CARTESIAN_POINT ( 'NONE',  ( 25.57328953618975831, -13.06773822222154458, 28.77134494261581921 ) ) ;
#3045 = ORIENTED_EDGE ( 'NONE', *, *, #5560, .T. ) ;
#3046 = CARTESIAN_POINT ( 'NONE',  ( 25.60010050217467636, 25.70530160745097348, 19.88686675346267663 ) ) ;
#3047 = DIRECTION ( 'NONE',  ( 0.000000000000000000, -0.9898214418809313520, 0.1423148382732954687 ) ) ;
#3048 = FACE_OUTER_BOUND ( 'NONE', #729, .T. ) ;
#3049 = ORIENTED_EDGE ( 'NONE', *, *, #695, .F. ) ;
#3050 = VERTEX_POINT ( 'NONE', #3538 ) ;
#3051 = VECTOR ( 'NONE', #3471, 1000.000000000000114 ) ;
#3052 = AXIS2_PLACEMENT_3D ( 'NONE', #219, #3898, #6005 ) ;
#3053 = ORIENTED_EDGE ( 'NONE', *, *, #6595, .F. ) ;
#3054 = FACE_OUTER_BOUND ( 'NONE', #1773, .T. ) ;
#3055 = ORIENTED_EDGE ( 'NONE', *, *, #6117, .T. ) ;
#3056 = CARTESIAN_POINT ( 'NONE',  ( 16.01049721830911921, -31.15374220027868191, -6.124283380002523813 ) ) ;
#3057 = CARTESIAN_POINT ( 'NONE',  ( 25.36049721830912418, 3.229684546774035159, 17.93271034250899021 ) ) ;
#3058 = LINE ( 'NONE', #5708, #6968 ) ;
#3059 = AXIS2_PLACEMENT_3D ( 'NONE', #4457, #1730, #751 ) ;
#3060 = CYLINDRICAL_SURFACE ( 'NONE', #1009, 0.5000000000000004441 ) ;
#3061 = EDGE_CURVE ( 'NONE', #1035, #5764, #6245, .T. ) ;
#3062 = ORIENTED_EDGE ( 'NONE', *, *, #6390, .F. ) ;
#3063 = DIRECTION ( 'NONE',  ( 1.000000000000000000, -0.000000000000000000, -0.000000000000000000 ) ) ;
#3064 = CARTESIAN_POINT ( 'NONE',  ( 25.36049721830912418, 0.000000000000000000, 0.000000000000000000 ) ) ;
#3065 = CARTESIAN_POINT ( 'NONE',  ( 25.36049721830912418, 0.000000000000000000, 0.000000000000000000 ) ) ;
#3066 = DIRECTION ( 'NONE',  ( -1.000000000000000000, 0.000000000000000000, 0.000000000000000000 ) ) ;
#3067 = DIRECTION ( 'NONE',  ( 0.000000000000000000, 0.000000000000000000, -1.000000000000000000 ) ) ;
#3068 = EDGE_CURVE ( 'NONE', #2194, #6869, #5314, .T. ) ;
#3069 = EDGE_CURVE ( 'NONE', #513, #3219, #5194, .T. ) ;
#3070 = EDGE_LOOP ( 'NONE', ( #4507, #4733, #1625, #6586 ) ) ;
#3071 = AXIS2_PLACEMENT_3D ( 'NONE', #1171, #5935, #1105 ) ;
#3072 = VERTEX_POINT ( 'NONE', #359 ) ;
#3073 = DIRECTION ( 'NONE',  ( 1.000000000000000000, -0.000000000000000000, -0.000000000000000000 ) ) ;
#3074 = FACE_OUTER_BOUND ( 'NONE', #5931, .T. ) ;
#3075 = DIRECTION ( 'NONE',  ( 0.000000000000000000, -6.938893903907222067E-15, 1.000000000000000000 ) ) ;
#3076 = UNCERTAINTY_MEASURE_WITH_UNIT (LENGTH_MEASURE( 1.000000000000000082E-05 ), #2277, 'distance_accuracy_value', 'NONE');
#3077 = EDGE_CURVE ( 'NONE', #1932, #2953, #4202, .T. ) ;
#3078 = VERTEX_POINT ( 'NONE', #1896 ) ;
#3079 = ORIENTED_EDGE ( 'NONE', *, *, #5358, .T. ) ;
#3080 = CIRCLE ( 'NONE', #3443, 3.000000000000006217 ) ;
#3081 = DIRECTION ( 'NONE',  ( 0.000000000000000000, 0.000000000000000000, 1.000000000000000000 ) ) ;
#3082 = ORIENTED_EDGE ( 'NONE', *, *, #3476, .T. ) ;
#3083 = CYLINDRICAL_SURFACE ( 'NONE', #991, 3.000000000000002665 ) ;
#3084 = CARTESIAN_POINT ( 'NONE',  ( 18.71049721830912205, -15.93129415377252833, -5.410590687343963978 ) ) ;
#3085 = DIRECTION ( 'NONE',  ( 0.000000000000000000, 0.7557495743542543831, -0.6548607339452894305 ) ) ;
#3086 = CIRCLE ( 'NONE', #6244, 0.5000000000000004441 ) ;
#3087 = CIRCLE ( 'NONE', #3998, 3.204999999999999627 ) ;
#3088 = ADVANCED_FACE ( 'NONE', ( #2504 ), #920, .F. ) ;
#3089 = EDGE_LOOP ( 'NONE', ( #3862, #4129, #2161, #6278 ) ) ;
#3090 = EDGE_LOOP ( 'NONE', ( #3971, #2306, #1575, #2025 ) ) ;
#3091 = ORIENTED_EDGE ( 'NONE', *, *, #3735, .T. ) ;
#3092 = AXIS2_PLACEMENT_3D ( 'NONE', #6553, #2850, #2885 ) ;
#3093 = CARTESIAN_POINT ( 'NONE',  ( 89.00010752509841438, 6.180339887498949913, -19.02113032590307284 ) ) ;
#3094 = ORIENTED_EDGE ( 'NONE', *, *, #4734, .T. ) ;
#3095 = CIRCLE ( 'NONE', #45, 0.5000000000000004441 ) ;
#3096 = CARTESIAN_POINT ( 'NONE',  ( 16.01049721830911921, 7.486965088230446597, 31.36889946695004028 ) ) ;
#3097 = DIRECTION ( 'NONE',  ( 0.000000000000000000, 0.000000000000000000, 1.000000000000000000 ) ) ;
#3098 = DIRECTION ( 'NONE',  ( 0.000000000000000000, 0.000000000000000000, -1.000000000000000000 ) ) ;
#3099 = AXIS2_PLACEMENT_3D ( 'NONE', #1263, #1644, #3809 ) ;
#3100 = EDGE_LOOP ( 'NONE', ( #404, #6491, #5909, #5945 ) ) ;
#3101 = VERTEX_POINT ( 'NONE', #3464 ) ;
#3102 = CIRCLE ( 'NONE', #6689, 3.000000000000002665 ) ;
#3103 = DIRECTION ( 'NONE',  ( 1.000000000000000000, -0.000000000000000000, -0.000000000000000000 ) ) ;
#3104 = DIRECTION ( 'NONE',  ( 0.000000000000000000, 0.000000000000000000, 1.000000000000000000 ) ) ;
#3105 = EDGE_CURVE ( 'NONE', #1559, #6438, #5683, .T. ) ;
#3106 = CARTESIAN_POINT ( 'NONE',  ( 16.01049721830911921, 27.04066462635386969, 16.63925949569435048 ) ) ;
#3107 = DIRECTION ( 'NONE',  ( -1.000000000000000000, 0.000000000000000000, 0.000000000000000000 ) ) ;
#3108 = CARTESIAN_POINT ( 'NONE',  ( 19.91049721830912134, 29.51923325979057466, -11.69090962047324211 ) ) ;
#3109 = EDGE_CURVE ( 'NONE', #2942, #233, #6541, .T. ) ;
#3110 = ORIENTED_EDGE ( 'NONE', *, *, #3726, .F. ) ;
#3111 = DIRECTION ( 'NONE',  ( 0.000000000000000000, 2.312964634635740689E-15, 1.000000000000000000 ) ) ;
#3112 = EDGE_CURVE ( 'NONE', #5762, #4879, #566, .T. ) ;
#3113 = LINE ( 'NONE', #4639, #6558 ) ;
#3114 = DIRECTION ( 'NONE',  ( -1.000000000000000000, 0.000000000000000000, 0.000000000000000000 ) ) ;
#3115 = ORIENTED_EDGE ( 'NONE', *, *, #4722, .T. ) ;
#3116 = EDGE_LOOP ( 'NONE', ( #2557, #4664, #5590, #1493 ) ) ;
#3117 = ADVANCED_FACE ( 'NONE', ( #1863 ), #2469, .F. ) ;
#3118 = VECTOR ( 'NONE', #2571, 1000.000000000000000 ) ;
#3119 = CARTESIAN_POINT ( 'NONE',  ( 19.91049721830912134, 0.000000000000000000, 0.000000000000000000 ) ) ;
#3120 = ORIENTED_EDGE ( 'NONE', *, *, #4966, .T. ) ;
#3121 = DIRECTION ( 'NONE',  ( 1.000000000000000000, -0.000000000000000000, 0.000000000000000000 ) ) ;
#3122 = CARTESIAN_POINT ( 'NONE',  ( 18.71049721830912205, -13.15345235776983479, -12.60950647614247977 ) ) ;
#3123 = DIRECTION ( 'NONE',  ( 0.000000000000000000, 0.8281492787113794440, 0.5605076022408812531 ) ) ;
#3124 = CIRCLE ( 'NONE', #1318, 3.000000000000003109 ) ;
#3125 = EDGE_LOOP ( 'NONE', ( #6938, #5677, #4583, #2578 ) ) ;
#3126 = ORIENTED_EDGE ( 'NONE', *, *, #2915, .T. ) ;
#3127 = EDGE_LOOP ( 'NONE', ( #5016, #1852, #2873, #5457 ) ) ;
#3128 = CARTESIAN_POINT ( 'NONE',  ( 16.01049721830911921, -25.70530160745082071, -19.88686675346286847 ) ) ;
#3129 = AXIS2_PLACEMENT_3D ( 'NONE', #6116, #3340, #5485 ) ;
#3130 = ORIENTED_EDGE ( 'NONE', *, *, #5580, .T. ) ;
#3131 = EDGE_CURVE ( 'NONE', #6204, #3078, #6901, .T. ) ;
#3132 = CARTESIAN_POINT ( 'NONE',  ( 18.71049721830912205, -7.927712988149142603, -16.40622836844384125 ) ) ;
#3133 = DIRECTION ( 'NONE',  ( 0.000000000000000000, 0.000000000000000000, 1.000000000000000000 ) ) ;
#3134 = CARTESIAN_POINT ( 'NONE',  ( 19.91049721830912134, -16.02133064797956763, -27.98891681126853825 ) ) ;
#3135 = ORIENTED_EDGE ( 'NONE', *, *, #973, .F. ) ;
#3136 = VECTOR ( 'NONE', #3662, 1000.000000000000000 ) ;
#3137 = ORIENTED_EDGE ( 'NONE', *, *, #3437, .T. ) ;
#3138 = AXIS2_PLACEMENT_3D ( 'NONE', #1368, #1857, #6203 ) ;
#3139 = LINE ( 'NONE', #5297, #6489 ) ;
#3140 = DIRECTION ( 'NONE',  ( -1.000000000000000000, 0.000000000000000000, -0.000000000000000000 ) ) ;
#3141 = DIRECTION ( 'NONE',  ( 0.000000000000000000, 0.000000000000000000, 1.000000000000000000 ) ) ;
#3142 = AXIS2_PLACEMENT_3D ( 'NONE', #2768, #4433, #1143 ) ;
#3143 = FACE_OUTER_BOUND ( 'NONE', #2169, .T. ) ;
#3144 = LINE ( 'NONE', #27, #105 ) ;
#3145 = EDGE_CURVE ( 'NONE', #5813, #6019, #3289, .T. ) ;
#3146 = ORIENTED_EDGE ( 'NONE', *, *, #3077, .T. ) ;
#3147 = CARTESIAN_POINT ( 'NONE',  ( 19.91049721830912134, 28.60995187281035967, 14.88398984934735125 ) ) ;
#3148 = LINE ( 'NONE', #1029, #6677 ) ;
#3149 = DIRECTION ( 'NONE',  ( -1.000000000000000000, 0.000000000000000000, 0.000000000000000000 ) ) ;
#3150 = CLOSED_SHELL ( 'NONE', ( #22, #5946, #5527, #1244, #730, #78, #4060, #6430, #4714, #1984, #3208, #6192, #57, #5858, #2513, #6321, #6680, #3318, #6715, #1698, #3642, #6506, #2888, #5925, #5323, #5875, #2831, #4634, #1157, #3863, #2348, #2940, #1652, #998, #534, #2541, #4802, #3418, #6738, #83, #745, #3658, #6835, #2951, #6809, #5296, #5821, #4089, #3028, #1478, #3397, #3117, #4551, #1203, #5295, #1716, #5791, #3757, #3781, #93, #5269, #2210, #1602, #5175, #1524, #4860, #3505, #1057, #1334, #4672, #1163, #5588, #1638, #5989, #5938, #5259, #1487, #686, #5993, #6066, #1635, #2304, #1865, #3088, #5652, #2926, #7, #5315, #2721, #3011, #1688, #5489, #1579, #2047, #1803, #5001, #5439, #154, #1280, #3195, #846, #1082, #2280, #6563, #6989, #1076, #247, #1448, #4054, #6035, #6449, #4629, #5745, #564, #5798, #6520, #5500, #318, #2521, #1935, #2531, #1614, #5185, #424, #1897, #145, #5996, #611, #3236, #3602, #1796, #1273, #6733, #514, #1346, #6701, #1880, #4581, #6845, #3337, #6778, #574, #2115, #5706, #2612, #4064, #5766, #5961, #5954, #1476, #4540, #6907, #4295, #2769, #3799, #5690, #2780, #4619, #1040, #1548, #2149, #4578, #6802, #1002, #1957, #415, #5015, #2961, #3465, #2326, #5372, #3036, #5096, #129, #3389, #3880, #6216, #6858, #6923, #5188, #601, #336, #4375, #209, #4442, #3325, #6423, #1496, #3243, #1168, #3744, #2506, #3221, #3250, #1665, #89, #3719, #1905, #177, #4159, #447, #5748, #465, #1303 ) ) ;
#3151 = ORIENTED_EDGE ( 'NONE', *, *, #1063, .T. ) ;
#3152 = VECTOR ( 'NONE', #2452, 1000.000000000000000 ) ;
#3153 = ORIENTED_EDGE ( 'NONE', *, *, #6097, .T. ) ;
#3154 = EDGE_CURVE ( 'NONE', #3795, #6867, #6207, .T. ) ;
#3155 = DIRECTION ( 'NONE',  ( 1.000000000000000000, -0.000000000000000000, -0.000000000000000000 ) ) ;
#3156 = ORIENTED_EDGE ( 'NONE', *, *, #6212, .F. ) ;
#3157 = CARTESIAN_POINT ( 'NONE',  ( 16.01049721830911921, -13.75219179141508441, -28.61712286258237725 ) ) ;
#3158 = DIRECTION ( 'NONE',  ( -1.000000000000000000, 0.000000000000000000, 0.000000000000000000 ) ) ;
#3159 = CARTESIAN_POINT ( 'NONE',  ( 19.91049721830912134, 24.82569423046607326, -19.99032417529759798 ) ) ;
#3160 = EDGE_CURVE ( 'NONE', #4436, #1690, #1824, .T. ) ;
#3161 = AXIS2_PLACEMENT_3D ( 'NONE', #5152, #777, #5713 ) ;
#3162 = ORIENTED_EDGE ( 'NONE', *, *, #4275, .T. ) ;
#3163 = ORIENTED_EDGE ( 'NONE', *, *, #6573, .F. ) ;
#3164 = EDGE_CURVE ( 'NONE', #288, #5241, #6671, .T. ) ;
#3165 = ORIENTED_EDGE ( 'NONE', *, *, #1042, .F. ) ;
#3166 = DIRECTION ( 'NONE',  ( -1.000000000000000000, -0.000000000000000000, -0.000000000000000000 ) ) ;
#3167 = CARTESIAN_POINT ( 'NONE',  ( 18.71049721830912205, 15.93129415377252833, 5.410590687343964866 ) ) ;
#3168 = CARTESIAN_POINT ( 'NONE',  ( 16.01049721830911921, 0.000000000000000000, 0.000000000000000000 ) ) ;
#3169 = CARTESIAN_POINT ( 'NONE',  ( 19.91049721830912134, 0.000000000000000000, 0.000000000000000000 ) ) ;
#3170 = CIRCLE ( 'NONE', #6334, 32.25000000000000000 ) ;
#3171 = AXIS2_PLACEMENT_3D ( 'NONE', #266, #6722, #6189 ) ;
#3172 = ORIENTED_EDGE ( 'NONE', *, *, #267, .T. ) ;
#3173 = EDGE_CURVE ( 'NONE', #6037, #3764, #6139, .T. ) ;
#3174 = CARTESIAN_POINT ( 'NONE',  ( 19.91049721830912134, -30.33822718764673709, -8.840138186828731648 ) ) ;
#3175 = CARTESIAN_POINT ( 'NONE',  ( 16.01049721830911921, 29.51923325979057466, -11.69090962047324211 ) ) ;
#3176 = CIRCLE ( 'NONE', #6324, 0.5000000000000000000 ) ;
#3177 = FACE_OUTER_BOUND ( 'NONE', #3258, .T. ) ;
#3178 = LINE ( 'NONE', #5334, #2376 ) ;
#3179 = CARTESIAN_POINT ( 'NONE',  ( 25.49807105772856630, 30.54321666901011056, -9.112632449955770042 ) ) ;
#3180 = EDGE_CURVE ( 'NONE', #5000, #1942, #252, .T. ) ;
#3181 = VECTOR ( 'NONE', #4877, 1000.000000000000000 ) ;
#3182 = AXIS2_PLACEMENT_3D ( 'NONE', #2830, #6004, #2301 ) ;
#3183 = ORIENTED_EDGE ( 'NONE', *, *, #1728, .T. ) ;
#3184 = DIRECTION ( 'NONE',  ( 0.000000000000000000, 0.000000000000000000, -1.000000000000000000 ) ) ;
#3185 = DIRECTION ( 'NONE',  ( 0.000000000000000000, -0.6366901741190995612, -0.7711197197453782959 ) ) ;
#3186 = CARTESIAN_POINT ( 'NONE',  ( 16.01049721830911921, 0.000000000000000000, 0.000000000000000000 ) ) ;
#3187 = VECTOR ( 'NONE', #1719, 1000.000000000000227 ) ;
#3188 = ORIENTED_EDGE ( 'NONE', *, *, #3836, .F. ) ;
#3189 = ORIENTED_EDGE ( 'NONE', *, *, #2119, .F. ) ;
#3190 = CARTESIAN_POINT ( 'NONE',  ( 89.00010752509841438, 18.05304843749999932, 2.469899717251451854 ) ) ;
#3191 = EDGE_LOOP ( 'NONE', ( #5055, #2947, #2112, #4801 ) ) ;
#3192 = CARTESIAN_POINT ( 'NONE',  ( 16.01049721830911921, 1.149693357779377534, -31.85288620896325895 ) ) ;
#3193 = CARTESIAN_POINT ( 'NONE',  ( 19.91049721830912134, -25.70530160745082071, -16.88686675346286492 ) ) ;
#3194 = CARTESIAN_POINT ( 'NONE',  ( 16.01049721830911921, 18.51257633225432642, -26.29432142046882959 ) ) ;
#3195 = ADVANCED_FACE ( 'NONE', ( #3032 ), #780, .F. ) ;
#3196 = ORIENTED_EDGE ( 'NONE', *, *, #3109, .T. ) ;
#3197 = VERTEX_POINT ( 'NONE', #6951 ) ;
#3198 = ORIENTED_EDGE ( 'NONE', *, *, #6825, .F. ) ;
#3199 = EDGE_CURVE ( 'NONE', #512, #3826, #3957, .T. ) ;
#3200 = CARTESIAN_POINT ( 'NONE',  ( 16.01049721830911921, 7.411362084825350749, -28.64366780333173779 ) ) ;
#3201 = AXIS2_PLACEMENT_3D ( 'NONE', #3298, #4922, #81 ) ;
#3202 = CARTESIAN_POINT ( 'NONE',  ( 25.60753480350601663, -24.82569423046593116, 19.99032417529777561 ) ) ;
#3203 = CYLINDRICAL_SURFACE ( 'NONE', #3026, 0.5000000000000004441 ) ;
#3204 = ORIENTED_EDGE ( 'NONE', *, *, #2891, .F. ) ;
#3205 = EDGE_LOOP ( 'NONE', ( #543, #6253, #5036, #1 ) ) ;
#3206 = CIRCLE ( 'NONE', #159, 3.144999999999998685 ) ;
#3207 = VECTOR ( 'NONE', #4113, 1000.000000000000000 ) ;
#3208 = ADVANCED_FACE ( 'NONE', ( #4306 ), #5266, .F. ) ;
#3209 = CARTESIAN_POINT ( 'NONE',  ( 18.71049721830912205, 0.2227368943023911030, -16.82352558995636471 ) ) ;
#3210 = DIRECTION ( 'NONE',  ( -1.000000000000000000, 0.000000000000000000, 0.000000000000000000 ) ) ;
#3211 = CYLINDRICAL_SURFACE ( 'NONE', #466, 0.5000000000000004441 ) ;
#3212 = DIRECTION ( 'NONE',  ( 1.000000000000000000, -0.000000000000000000, -0.000000000000000000 ) ) ;
#3213 = CIRCLE ( 'NONE', #4908, 0.5000000000000004441 ) ;
#3214 = DIRECTION ( 'NONE',  ( 0.000000000000000000, 0.000000000000000000, 1.000000000000000000 ) ) ;
#3215 = CARTESIAN_POINT ( 'NONE',  ( 16.01049721830911921, 0.000000000000000000, 0.000000000000000000 ) ) ;
#3216 = CARTESIAN_POINT ( 'NONE',  ( 19.91049721830912134, -30.75988013140183597, 9.689802593540834508 ) ) ;
#3217 = ORIENTED_EDGE ( 'NONE', *, *, #753, .T. ) ;
#3218 = LINE ( 'NONE', #439, #4445 ) ;
#3219 = VERTEX_POINT ( 'NONE', #2673 ) ;
#3220 = CARTESIAN_POINT ( 'NONE',  ( 25.36049721830912418, 0.000000000000000000, 0.000000000000000000 ) ) ;
#3221 = ADVANCED_FACE ( 'NONE', ( #4169 ), #5823, .T. ) ;
#3222 = DIRECTION ( 'NONE',  ( -1.000000000000000000, 0.000000000000000000, 0.000000000000000000 ) ) ;
#3223 = CARTESIAN_POINT ( 'NONE',  ( 25.60753480350601308, 24.82569423046607326, -19.99032417529759798 ) ) ;
#3224 = ORIENTED_EDGE ( 'NONE', *, *, #1679, .T. ) ;
#3225 = AXIS2_PLACEMENT_3D ( 'NONE', #4914, #2259, #2864 ) ;
#3226 = ORIENTED_EDGE ( 'NONE', *, *, #1091, .T. ) ;
#3227 = EDGE_CURVE ( 'NONE', #4712, #6638, #3170, .T. ) ;
#3228 = ORIENTED_EDGE ( 'NONE', *, *, #5808, .T. ) ;
#3229 = CARTESIAN_POINT ( 'NONE',  ( 25.50868112545531119, 4.432578430805485858, -31.28751061535981037 ) ) ;
#3230 = AXIS2_PLACEMENT_3D ( 'NONE', #2357, #1777, #4400 ) ;
#3231 = DIRECTION ( 'NONE',  ( -1.000000000000000000, 0.000000000000000000, 0.000000000000000000 ) ) ;
#3232 = FACE_OUTER_BOUND ( 'NONE', #3737, .T. ) ;
#3233 = ORIENTED_EDGE ( 'NONE', *, *, #4825, .F. ) ;
#3234 = ORIENTED_EDGE ( 'NONE', *, *, #6883, .F. ) ;
#3235 = AXIS2_PLACEMENT_3D ( 'NONE', #3128, #2876, #6047 ) ;
#3236 = ADVANCED_FACE ( 'NONE', ( #4207 ), #2005, .F. ) ;
#3237 = DIRECTION ( 'NONE',  ( 1.000000000000000000, -0.000000000000000000, -0.000000000000000000 ) ) ;
#3238 = CARTESIAN_POINT ( 'NONE',  ( 25.36049721830912418, -10.06881816610630942, 13.47959664596413809 ) ) ;
#3239 = CARTESIAN_POINT ( 'NONE',  ( 25.36049721830912418, 0.2651661214191306515, -20.02824472908326214 ) ) ;
#3240 = CARTESIAN_POINT ( 'NONE',  ( 16.01049721830911921, -29.51923325979049650, 11.69090962047345350 ) ) ;
#3241 = VECTOR ( 'NONE', #524, 1000.000000000000000 ) ;
#3242 = EDGE_CURVE ( 'NONE', #1945, #55, #121, .T. ) ;
#3243 = ADVANCED_FACE ( 'NONE', ( #3143 ), #3211, .T. ) ;
#3244 = ORIENTED_EDGE ( 'NONE', *, *, #2171, .F. ) ;
#3245 = AXIS2_PLACEMENT_3D ( 'NONE', #5533, #701, #2852 ) ;
#3246 = DIRECTION ( 'NONE',  ( -1.000000000000000000, 0.000000000000000000, 0.000000000000000000 ) ) ;
#3247 = DIRECTION ( 'NONE',  ( -1.000000000000000000, 0.000000000000000000, 0.000000000000000000 ) ) ;
#3248 =( LENGTH_UNIT ( ) NAMED_UNIT ( * ) SI_UNIT ( .MILLI., .METRE. ) );
#3249 = ORIENTED_EDGE ( 'NONE', *, *, #5196, .F. ) ;
#3250 = ADVANCED_FACE ( 'NONE', ( #3649 ), #1582, .T. ) ;
#3251 = CARTESIAN_POINT ( 'NONE',  ( 19.91049721830912134, 26.36870086362671728, -17.68485552003666328 ) ) ;
#3252 = ORIENTED_EDGE ( 'NONE', *, *, #5276, .T. ) ;
#3253 = DIRECTION ( 'NONE',  ( 1.000000000000000000, -0.000000000000000000, -0.000000000000000000 ) ) ;
#3254 = LINE ( 'NONE', #384, #399 ) ;
#3255 = DIRECTION ( 'NONE',  ( -1.000000000000000000, -0.000000000000000000, -0.000000000000000000 ) ) ;
#3256 = DIRECTION ( 'NONE',  ( 1.000000000000000000, -0.000000000000000000, -0.000000000000000000 ) ) ;
#3257 = ORIENTED_EDGE ( 'NONE', *, *, #5137, .T. ) ;
#3258 = EDGE_LOOP ( 'NONE', ( #5232, #6712, #6964, #70 ) ) ;
#3259 = EDGE_CURVE ( 'NONE', #5384, #584, #5416, .T. ) ;
#3260 = VECTOR ( 'NONE', #990, 1000.000000000000000 ) ;
#3261 = ORIENTED_EDGE ( 'NONE', *, *, #5196, .T. ) ;
#3262 = CIRCLE ( 'NONE', #6758, 3.204999999999999627 ) ;
#3263 = DIRECTION ( 'NONE',  ( -1.000000000000000000, 0.000000000000000000, -0.000000000000000000 ) ) ;
#3264 = AXIS2_PLACEMENT_3D ( 'NONE', #6918, #3140, #1547 ) ;
#3265 = DIRECTION ( 'NONE',  ( 0.000000000000000000, 0.7609209538359856806, -0.6488445900316452963 ) ) ;
#3266 = LINE ( 'NONE', #6653, #4155 ) ;
#3267 = ORIENTED_EDGE ( 'NONE', *, *, #1063, .F. ) ;
#3268 = VERTEX_POINT ( 'NONE', #6314 ) ;
#3269 = ORIENTED_EDGE ( 'NONE', *, *, #712, .F. ) ;
#3270 = CARTESIAN_POINT ( 'NONE',  ( 19.91049721830912134, -4.432578430805260261, 31.28751061535984235 ) ) ;
#3271 = CARTESIAN_POINT ( 'NONE',  ( 16.01049721830911921, -20.63815503485012925, 24.78162740333028324 ) ) ;
#3272 = DIRECTION ( 'NONE',  ( 0.000000000000000000, 0.000000000000000000, 1.000000000000000000 ) ) ;
#3273 = CARTESIAN_POINT ( 'NONE',  ( 19.91049721830912134, -24.56724982311104810, 19.87476561321781432 ) ) ;
#3274 = CARTESIAN_POINT ( 'NONE',  ( 89.00010752509841438, -6.180339887498946361, -19.02113032590307284 ) ) ;
#3275 = AXIS2_PLACEMENT_3D ( 'NONE', #4650, #3554, #5697 ) ;
#3276 = EDGE_CURVE ( 'NONE', #120, #674, #6353, .T. ) ;
#3277 = AXIS2_PLACEMENT_3D ( 'NONE', #6358, #5794, #6925 ) ;
#3278 = VERTEX_POINT ( 'NONE', #2077 ) ;
#3279 = DIRECTION ( 'NONE',  ( 0.000000000000000000, 0.000000000000000000, -1.000000000000000000 ) ) ;
#3280 = EDGE_CURVE ( 'NONE', #1726, #2809, #4240, .T. ) ;
#3281 = DIRECTION ( 'NONE',  ( 0.000000000000000000, 0.000000000000000000, 1.000000000000000000 ) ) ;
#3282 = CYLINDRICAL_SURFACE ( 'NONE', #697, 32.25000000000000000 ) ;
#3283 = AXIS2_PLACEMENT_3D ( 'NONE', #2750, #67, #5995 ) ;
#3284 = ORIENTED_EDGE ( 'NONE', *, *, #2704, .T. ) ;
#3285 = CARTESIAN_POINT ( 'NONE',  ( 18.71049721830912205, 15.93129415377253189, -5.410590687343960425 ) ) ;
#3286 = ORIENTED_EDGE ( 'NONE', *, *, #6043, .F. ) ;
#3287 = ORIENTED_EDGE ( 'NONE', *, *, #2201, .F. ) ;
#3288 = DIRECTION ( 'NONE',  ( -1.000000000000000000, 0.000000000000000000, 0.000000000000000000 ) ) ;
#3289 = CIRCLE ( 'NONE', #3513, 32.25000000000000000 ) ;
#3290 = CARTESIAN_POINT ( 'NONE',  ( 19.91049721830912134, 31.10847290275963672, 5.551485000408850290 ) ) ;
#3291 = CIRCLE ( 'NONE', #1038, 3.145000000000001794 ) ;
#3292 = CARTESIAN_POINT ( 'NONE',  ( 16.01049721830911921, 9.922176177770067440, -30.00177481331374807 ) ) ;
#3293 = DIRECTION ( 'NONE',  ( 1.000000000000000000, -0.000000000000000000, -0.000000000000000000 ) ) ;
#3294 = EDGE_CURVE ( 'NONE', #4782, #6307, #3178, .T. ) ;
#3295 = EDGE_LOOP ( 'NONE', ( #5842, #5955, #613, #1016 ) ) ;
#3296 = ORIENTED_EDGE ( 'NONE', *, *, #6043, .T. ) ;
#3297 = AXIS2_PLACEMENT_3D ( 'NONE', #1557, #4276, #5375 ) ;
#3298 = CARTESIAN_POINT ( 'NONE',  ( 25.51733603988022736, -10.87302389153628823, -30.62723218728851649 ) ) ;
#3299 = ORIENTED_EDGE ( 'NONE', *, *, #1971, .F. ) ;
#3300 = LINE ( 'NONE', #5554, #1324 ) ;
#3301 = VECTOR ( 'NONE', #5511, 1000.000000000000000 ) ;
#3302 = CARTESIAN_POINT ( 'NONE',  ( 18.71049721830912205, -11.98683077962017762, -16.04732961775105693 ) ) ;
#3303 = FACE_OUTER_BOUND ( 'NONE', #2889, .T. ) ;
#3304 = EDGE_CURVE ( 'NONE', #3964, #4246, #6884, .T. ) ;
#3305 = PLANE ( 'NONE',  #3142 ) ;
#3306 = ORIENTED_EDGE ( 'NONE', *, *, #5118, .F. ) ;
#3307 = CIRCLE ( 'NONE', #2220, 3.204999999999999627 ) ;
#3308 = ORIENTED_EDGE ( 'NONE', *, *, #6816, .F. ) ;
#3309 = DIRECTION ( 'NONE',  ( 1.000000000000000000, -0.000000000000000000, -0.000000000000000000 ) ) ;
#3310 = AXIS2_PLACEMENT_3D ( 'NONE', #5951, #5428, #625 ) ;
#3311 = DIRECTION ( 'NONE',  ( -0.000000000000000000, 0.5204678079730812312, 0.8538812920211427127 ) ) ;
#3312 = DIRECTION ( 'NONE',  ( 1.000000000000000000, -0.000000000000000000, -0.000000000000000000 ) ) ;
#3313 = DIRECTION ( 'NONE',  ( 1.000000000000000000, -0.000000000000000000, -0.000000000000000000 ) ) ;
#3314 = DIRECTION ( 'NONE',  ( -1.000000000000000000, 0.000000000000000000, -0.000000000000000000 ) ) ;
#3315 = CIRCLE ( 'NONE', #6013, 32.25000000000000000 ) ;
#3316 = EDGE_LOOP ( 'NONE', ( #2380, #1220, #5088, #1174 ) ) ;
#3317 = CIRCLE ( 'NONE', #4679, 20.02999999999999758 ) ;
#3318 = ADVANCED_FACE ( 'NONE', ( #5889 ), #4837, .F. ) ;
#3319 = CARTESIAN_POINT ( 'NONE',  ( 25.51733603988022736, -13.18638305077244333, -28.71716166493123623 ) ) ;
#3320 = VECTOR ( 'NONE', #1562, 1000.000000000000000 ) ;
#3321 = CARTESIAN_POINT ( 'NONE',  ( 19.91049721830912134, 0.000000000000000000, 0.000000000000000000 ) ) ;
#3322 = CARTESIAN_POINT ( 'NONE',  ( 16.01049721830911921, -26.54824439462975150, 17.13904290252244422 ) ) ;
#3323 = EDGE_LOOP ( 'NONE', ( #3330, #4314, #4614, #6619 ) ) ;
#3324 = VERTEX_POINT ( 'NONE', #3239 ) ;
#3325 = ADVANCED_FACE ( 'NONE', ( #394 ), #2539, .T. ) ;
#3326 = VECTOR ( 'NONE', #4871, 1000.000000000000000 ) ;
#3327 = AXIS2_PLACEMENT_3D ( 'NONE', #6480, #4438, #6588 ) ;
#3328 = EDGE_CURVE ( 'NONE', #4611, #515, #6058, .T. ) ;
#3329 = CARTESIAN_POINT ( 'NONE',  ( 89.00010752509841438, 0.000000000000000000, 0.000000000000000000 ) ) ;
#3330 = ORIENTED_EDGE ( 'NONE', *, *, #2631, .F. ) ;
#3331 = DIRECTION ( 'NONE',  ( 0.000000000000000000, 0.9616978293490918706, -0.2741118111742817942 ) ) ;
#3332 = DIRECTION ( 'NONE',  ( 1.000000000000000000, -0.000000000000000000, -0.000000000000000000 ) ) ;
#3333 = CARTESIAN_POINT ( 'NONE',  ( 19.91049721830912134, 16.02620128337631655, -25.27385492685261426 ) ) ;
#3334 = CARTESIAN_POINT ( 'NONE',  ( 25.60010050217467636, -25.70530160745082071, -19.88686675346286847 ) ) ;
#3335 = VERTEX_POINT ( 'NONE', #2776 ) ;
#3336 = ORIENTED_EDGE ( 'NONE', *, *, #1594, .T. ) ;
#3337 = ADVANCED_FACE ( 'NONE', ( #2742 ), #3386, .F. ) ;
#3338 = LINE ( 'NONE', #1799, #2967 ) ;
#3339 = ORIENTED_EDGE ( 'NONE', *, *, #3787, .T. ) ;
#3340 = DIRECTION ( 'NONE',  ( 0.000000000000000000, -0.8369380309815749319, -0.5472976633393242807 ) ) ;
#3341 = CIRCLE ( 'NONE', #4463, 3.204999999999997851 ) ;
#3342 = DIRECTION ( 'NONE',  ( -1.000000000000000000, -0.000000000000000000, -0.000000000000000000 ) ) ;
#3343 = VERTEX_POINT ( 'NONE', #61 ) ;
#3344 = DIRECTION ( 'NONE',  ( 0.000000000000000000, 0.7711197197453782959, -0.6366901741190995612 ) ) ;
#3345 = DIRECTION ( 'NONE',  ( 0.000000000000000000, 1.156482317317870344E-15, 1.000000000000000000 ) ) ;
#3346 = ORIENTED_EDGE ( 'NONE', *, *, #6512, .F. ) ;
#3347 = ORIENTED_EDGE ( 'NONE', *, *, #5180, .F. ) ;
#3348 = VERTEX_POINT ( 'NONE', #5531 ) ;
#3349 = EDGE_CURVE ( 'NONE', #3398, #1697, #2246, .T. ) ;
#3350 = FACE_OUTER_BOUND ( 'NONE', #520, .T. ) ;
#3351 = CYLINDRICAL_SURFACE ( 'NONE', #1732, 3.000000000000002665 ) ;
#3352 = CARTESIAN_POINT ( 'NONE',  ( 19.91049721830912134, -20.31818363896098134, 24.39741612575926766 ) ) ;
#3353 = DIRECTION ( 'NONE',  ( -1.000000000000000000, 0.000000000000000000, 0.000000000000000000 ) ) ;
#3354 = DIRECTION ( 'NONE',  ( -1.000000000000000000, 0.000000000000000000, 0.000000000000000000 ) ) ;
#3355 = VERTEX_POINT ( 'NONE', #4440 ) ;
#3356 = AXIS2_PLACEMENT_3D ( 'NONE', #2883, #5005, #5563 ) ;
#3357 = DIRECTION ( 'NONE',  ( 0.000000000000000000, 0.8281492787113754472, 0.5605076022408872483 ) ) ;
#3358 = VECTOR ( 'NONE', #6863, 1000.000000000000000 ) ;
#3359 = DIRECTION ( 'NONE',  ( 0.000000000000000000, 0.000000000000000000, 1.000000000000000000 ) ) ;
#3360 = CYLINDRICAL_SURFACE ( 'NONE', #6656, 3.205000000000001403 ) ;
#3361 = EDGE_CURVE ( 'NONE', #5165, #432, #3432, .T. ) ;
#3362 = ORIENTED_EDGE ( 'NONE', *, *, #3061, .F. ) ;
#3363 = CIRCLE ( 'NONE', #2788, 20.02999999999999758 ) ;
#3364 = DIRECTION ( 'NONE',  ( 1.000000000000000000, -0.000000000000000000, -0.000000000000000000 ) ) ;
#3365 = ORIENTED_EDGE ( 'NONE', *, *, #4595, .F. ) ;
#3366 = CARTESIAN_POINT ( 'NONE',  ( 16.01049721830911921, 10.87302389153651383, 30.62723218728843477 ) ) ;
#3367 = LINE ( 'NONE', #3966, #3409 ) ;
#3368 = DIRECTION ( 'NONE',  ( 0.000000000000000000, -0.8994884619106052748, -0.4369445123693553312 ) ) ;
#3369 = CARTESIAN_POINT ( 'NONE',  ( 25.60753480350601308, 23.34269296543707739, -19.61346247528969400 ) ) ;
#3370 = EDGE_CURVE ( 'NONE', #550, #6232, #4783, .T. ) ;
#3371 = ORIENTED_EDGE ( 'NONE', *, *, #6865, .F. ) ;
#3372 = DIRECTION ( 'NONE',  ( 0.000000000000000000, 0.000000000000000000, -1.000000000000000000 ) ) ;
#3373 = VERTEX_POINT ( 'NONE', #1714 ) ;
#3374 = DIRECTION ( 'NONE',  ( 0.000000000000000000, 0.000000000000000000, 1.000000000000000000 ) ) ;
#3375 = DIRECTION ( 'NONE',  ( 0.000000000000000000, 0.9096319953545196624, 0.4154150130018837150 ) ) ;
#3376 = EDGE_CURVE ( 'NONE', #2983, #5553, #1747, .T. ) ;
#3377 = DIRECTION ( 'NONE',  ( 0.000000000000000000, 0.9886612770418586882, 0.1501628425342337037 ) ) ;
#3378 = DIRECTION ( 'NONE',  ( 0.000000000000000000, -0.6608356627884972578, 0.7505306301456907692 ) ) ;
#3379 = EDGE_CURVE ( 'NONE', #3042, #5343, #3542, .T. ) ;
#3380 = ORIENTED_EDGE ( 'NONE', *, *, #4418, .T. ) ;
#3381 = ORIENTED_EDGE ( 'NONE', *, *, #3988, .F. ) ;
#3382 = AXIS2_PLACEMENT_3D ( 'NONE', #6163, #313, #1367 ) ;
#3383 = CARTESIAN_POINT ( 'NONE',  ( 25.59583794145657976, -20.74280126569524185, -23.83888142726849324 ) ) ;
#3384 = CARTESIAN_POINT ( 'NONE',  ( 16.01049721830911921, 10.49558678852170068, -29.96506562590191436 ) ) ;
#3385 = FACE_OUTER_BOUND ( 'NONE', #473, .T. ) ;
#3386 = PLANE ( 'NONE',  #4405 ) ;
#3387 = AXIS2_PLACEMENT_3D ( 'NONE', #3449, #2945, #3589 ) ;
#3388 = CARTESIAN_POINT ( 'NONE',  ( 25.49807105772856630, -31.69228817970152434, 3.395147212247967783 ) ) ;
#3389 = ADVANCED_FACE ( 'NONE', ( #6025 ), #1675, .T. ) ;
#3390 = ORIENTED_EDGE ( 'NONE', *, *, #4831, .F. ) ;
#3391 = VECTOR ( 'NONE', #1822, 1000.000000000000114 ) ;
#3392 = CARTESIAN_POINT ( 'NONE',  ( 19.91049721830912134, 5.132756202141282031, 31.33236846727963965 ) ) ;
#3393 = CIRCLE ( 'NONE', #6651, 0.5000000000000004441 ) ;
#3394 = CARTESIAN_POINT ( 'NONE',  ( 19.91049721830912134, 31.59987055267417233, -0.06521583956830895312 ) ) ;
#3395 = CARTESIAN_POINT ( 'NONE',  ( 16.01049721830911921, 25.70530160745097348, 19.88686675346267663 ) ) ;
#3396 = APPLICATION_CONTEXT ( 'automotive_design' ) ;
#3397 = ADVANCED_FACE ( 'NONE', ( #2851 ), #4370, .F. ) ;
#3398 = VERTEX_POINT ( 'NONE', #554 ) ;
#3399 = ORIENTED_EDGE ( 'NONE', *, *, #4705, .F. ) ;
#3400 = CYLINDRICAL_SURFACE ( 'NONE', #4816, 20.02999999999999758 ) ;
#3401 = ORIENTED_EDGE ( 'NONE', *, *, #6476, .F. ) ;
#3402 = DIRECTION ( 'NONE',  ( -1.000000000000000000, 0.000000000000000000, 0.000000000000000000 ) ) ;
#3403 = LINE ( 'NONE', #4988, #1374 ) ;
#3404 = CARTESIAN_POINT ( 'NONE',  ( 25.36049721830912418, 18.96605182169770032, -6.441255956463567856 ) ) ;
#3405 = CARTESIAN_POINT ( 'NONE',  ( 25.50868112545531119, 7.411362084825350749, -31.64366780333174134 ) ) ;
#3406 = ORIENTED_EDGE ( 'NONE', *, *, #6601, .T. ) ;
#3407 = CARTESIAN_POINT ( 'NONE',  ( 16.01049721830911921, 16.25378683942982505, 27.41792421093292376 ) ) ;
#3408 = ORIENTED_EDGE ( 'NONE', *, *, #6824, .F. ) ;
#3409 = VECTOR ( 'NONE', #2338, 1000.000000000000000 ) ;
#3410 = CARTESIAN_POINT ( 'NONE',  ( 16.01049721830911921, 27.46650186456416520, 16.90129507830371125 ) ) ;
#3411 = EDGE_CURVE ( 'NONE', #106, #975, #952, .T. ) ;
#3412 = CARTESIAN_POINT ( 'NONE',  ( 19.91049721830912134, -3.963961536968729327, 32.00546061117434959 ) ) ;
#3413 = CARTESIAN_POINT ( 'NONE',  ( 25.51733603988022736, 13.18638305077265471, 28.71716166493114386 ) ) ;
#3414 = CARTESIAN_POINT ( 'NONE',  ( 16.01049721830911921, 0.000000000000000000, 0.000000000000000000 ) ) ;
#3415 = AXIS2_PLACEMENT_3D ( 'NONE', #2580, #1589, #1651 ) ;
#3416 = ORIENTED_EDGE ( 'NONE', *, *, #3769, .F. ) ;
#3417 = ORIENTED_EDGE ( 'NONE', *, *, #3361, .T. ) ;
#3418 = ADVANCED_FACE ( 'NONE', ( #4906 ), #589, .T. ) ;
#3419 = LINE ( 'NONE', #6055, #6393 ) ;
#3420 = EDGE_CURVE ( 'NONE', #5343, #5626, #2178, .T. ) ;
#3421 = DIRECTION ( 'NONE',  ( 1.000000000000000000, -0.000000000000000000, -0.000000000000000000 ) ) ;
#3422 = CYLINDRICAL_SURFACE ( 'NONE', #2857, 3.204999999999997851 ) ;
#3423 = CARTESIAN_POINT ( 'NONE',  ( 19.91049721830912134, -29.17147211914303995, 12.14830385089026343 ) ) ;
#3424 = PLANE ( 'NONE',  #1098 ) ;
#3425 = VERTEX_POINT ( 'NONE', #4404 ) ;
#3426 = ORIENTED_EDGE ( 'NONE', *, *, #3069, .F. ) ;
#3427 = EDGE_CURVE ( 'NONE', #6232, #5735, #2208, .T. ) ;
#3428 = DIRECTION ( 'NONE',  ( 0.000000000000000000, 0.000000000000000000, 1.000000000000000000 ) ) ;
#3429 = DIRECTION ( 'NONE',  ( -1.000000000000000000, 0.000000000000000000, -0.000000000000000000 ) ) ;
#3430 = VECTOR ( 'NONE', #5887, 1000.000000000000227 ) ;
#3431 = LINE ( 'NONE', #4344, #5772 ) ;
#3432 = CIRCLE ( 'NONE', #2859, 0.5000000000000004441 ) ;
#3433 = ORIENTED_EDGE ( 'NONE', *, *, #4498, .F. ) ;
#3434 = ORIENTED_EDGE ( 'NONE', *, *, #3669, .F. ) ;
#3435 = CIRCLE ( 'NONE', #4333, 0.5000000000000000000 ) ;
#3436 = ORIENTED_EDGE ( 'NONE', *, *, #5426, .F. ) ;
#3437 = EDGE_CURVE ( 'NONE', #6438, #5328, #6356, .T. ) ;
#3438 = CARTESIAN_POINT ( 'NONE',  ( 25.51733603988022736, -7.870872375829785383, -30.88652655611316433 ) ) ;
#3439 = DIRECTION ( 'NONE',  ( 0.000000000000000000, 0.000000000000000000, 1.000000000000000000 ) ) ;
#3440 = CARTESIAN_POINT ( 'NONE',  ( 19.91049721830912134, -30.54321666901005017, 9.112632449955986758 ) ) ;
#3441 = DIRECTION ( 'NONE',  ( 0.000000000000000000, 0.000000000000000000, 1.000000000000000000 ) ) ;
#3442 = AXIS2_PLACEMENT_3D ( 'NONE', #3352, #5495, #4971 ) ;
#3443 = AXIS2_PLACEMENT_3D ( 'NONE', #5145, #1921, #1854 ) ;
#3444 = ORIENTED_EDGE ( 'NONE', *, *, #1199, .T. ) ;
#3445 = VERTEX_POINT ( 'NONE', #661 ) ;
#3446 = FACE_OUTER_BOUND ( 'NONE', #3817, .T. ) ;
#3447 = CARTESIAN_POINT ( 'NONE',  ( 19.91049721830912134, -10.87302389153628823, -30.62723218728851649 ) ) ;
#3448 = CARTESIAN_POINT ( 'NONE',  ( 16.01049721830911921, 16.02620128337631655, -28.27385492685261781 ) ) ;
#3449 = CARTESIAN_POINT ( 'NONE',  ( 16.01049721830911921, 29.51923325979057466, -11.69090962047324211 ) ) ;
#3450 = VERTEX_POINT ( 'NONE', #1780 ) ;
#3451 = EDGE_CURVE ( 'NONE', #3691, #834, #6482, .T. ) ;
#3452 = ORIENTED_EDGE ( 'NONE', *, *, #3022, .F. ) ;
#3453 = VERTEX_POINT ( 'NONE', #3495 ) ;
#3454 = DIRECTION ( 'NONE',  ( 0.000000000000000000, 0.000000000000000000, 1.000000000000000000 ) ) ;
#3455 = ORIENTED_EDGE ( 'NONE', *, *, #2591, .T. ) ;
#3456 = DIRECTION ( 'NONE',  ( -1.000000000000000000, 0.000000000000000000, 0.000000000000000000 ) ) ;
#3457 = CARTESIAN_POINT ( 'NONE',  ( 16.01049721830911921, 10.49558678852170068, -29.96506562590191436 ) ) ;
#3458 = FACE_OUTER_BOUND ( 'NONE', #4173, .T. ) ;
#3459 = CARTESIAN_POINT ( 'NONE',  ( 25.56462533844871388, 26.54824439462987584, -17.13904290252226303 ) ) ;
#3460 = VERTEX_POINT ( 'NONE', #5041 ) ;
#3461 = VERTEX_POINT ( 'NONE', #2395 ) ;
#3462 = FACE_OUTER_BOUND ( 'NONE', #5130, .T. ) ;
#3463 = DIRECTION ( 'NONE',  ( 0.000000000000000000, 0.000000000000000000, -1.000000000000000000 ) ) ;
#3464 = CARTESIAN_POINT ( 'NONE',  ( 18.71049721830912205, -3.229684546774043152, 17.93271034250899021 ) ) ;
#3465 = ADVANCED_FACE ( 'NONE', ( #3458 ), #1332, .T. ) ;
#3466 = AXIS2_PLACEMENT_3D ( 'NONE', #274, #4690, #872 ) ;
#3467 = EDGE_CURVE ( 'NONE', #5635, #1114, #4327, .T. ) ;
#3468 = ORIENTED_EDGE ( 'NONE', *, *, #2236, .F. ) ;
#3469 = VECTOR ( 'NONE', #1768, 1000.000000000000000 ) ;
#3470 = ORIENTED_EDGE ( 'NONE', *, *, #3451, .T. ) ;
#3471 = DIRECTION ( 'NONE',  ( 0.000000000000000000, -0.9063077870366494926, -0.4226182617407003295 ) ) ;
#3472 = CARTESIAN_POINT ( 'NONE',  ( 16.01049721830911921, 0.000000000000000000, 0.000000000000000000 ) ) ;
#3473 = CARTESIAN_POINT ( 'NONE',  ( 16.01049721830911921, -13.18638305077244333, -28.71716166493123623 ) ) ;
#3474 = DIRECTION ( 'NONE',  ( -1.000000000000000000, -0.000000000000000000, -0.000000000000000000 ) ) ;
#3475 = AXIS2_PLACEMENT_3D ( 'NONE', #4638, #2439, #6282 ) ;
#3476 = EDGE_CURVE ( 'NONE', #3445, #3373, #4564, .T. ) ;
#3477 = AXIS2_PLACEMENT_3D ( 'NONE', #4974, #626, #4938 ) ;
#3478 = EDGE_LOOP ( 'NONE', ( #2890, #438, #4453, #4179 ) ) ;
#3479 = EDGE_LOOP ( 'NONE', ( #1184, #2448, #1879, #5844 ) ) ;
#3480 = CARTESIAN_POINT ( 'NONE',  ( 25.51733603988022736, 7.873118297266509913, 30.60343249259373977 ) ) ;
#3481 = ORIENTED_EDGE ( 'NONE', *, *, #5473, .T. ) ;
#3482 = DIRECTION ( 'NONE',  ( -1.000000000000000000, 0.000000000000000000, 0.000000000000000000 ) ) ;
#3483 = DIRECTION ( 'NONE',  ( 0.000000000000000000, 0.000000000000000000, 1.000000000000000000 ) ) ;
#3484 = ORIENTED_EDGE ( 'NONE', *, *, #5154, .T. ) ;
#3485 = DIRECTION ( 'NONE',  ( -1.000000000000000000, 0.000000000000000000, 0.000000000000000000 ) ) ;
#3486 = EDGE_CURVE ( 'NONE', #4233, #6510, #1160, .T. ) ;
#3487 = ORIENTED_EDGE ( 'NONE', *, *, #1228, .F. ) ;
#3488 = ORIENTED_EDGE ( 'NONE', *, *, #5023, .F. ) ;
#3489 = EDGE_LOOP ( 'NONE', ( #817, #1080, #4331, #6494 ) ) ;
#3490 = DIRECTION ( 'NONE',  ( 1.000000000000000000, -0.000000000000000000, -0.000000000000000000 ) ) ;
#3491 = VERTEX_POINT ( 'NONE', #4052 ) ;
#3492 = CARTESIAN_POINT ( 'NONE',  ( 19.91049721830912134, -7.873118297266284316, -30.60343249259379661 ) ) ;
#3493 = AXIS2_PLACEMENT_3D ( 'NONE', #4799, #5817, #5849 ) ;
#3494 = CARTESIAN_POINT ( 'NONE',  ( 25.43063748263523749, 31.10847290275963672, 5.551485000408850290 ) ) ;
#3495 = CARTESIAN_POINT ( 'NONE',  ( 16.01049721830911921, 26.88842138021892580, 17.11551782266228017 ) ) ;
#3496 = CARTESIAN_POINT ( 'NONE',  ( 19.91049721830912134, -7.486965088230216558, -31.36889946695009712 ) ) ;
#3497 = VERTEX_POINT ( 'NONE', #6202 ) ;
#3498 = AXIS2_PLACEMENT_3D ( 'NONE', #2311, #88, #5455 ) ;
#3499 = EDGE_LOOP ( 'NONE', ( #2102, #702, #3055, #6755 ) ) ;
#3500 = CARTESIAN_POINT ( 'NONE',  ( 89.00010752509841438, 11.55778298249903280, 16.35905108890658610 ) ) ;
#3501 = EDGE_CURVE ( 'NONE', #5347, #3453, #5603, .T. ) ;
#3502 = DIRECTION ( 'NONE',  ( -1.000000000000000000, 0.000000000000000000, 0.000000000000000000 ) ) ;
#3503 = DIRECTION ( 'NONE',  ( -1.000000000000000000, 0.000000000000000000, 0.000000000000000000 ) ) ;
#3504 = CIRCLE ( 'NONE', #1352, 0.5000000000000004441 ) ;
#3505 = ADVANCED_FACE ( 'NONE', ( #6662 ), #2361, .F. ) ;
#3506 = ORIENTED_EDGE ( 'NONE', *, *, #328, .T. ) ;
#3507 = EDGE_CURVE ( 'NONE', #4478, #5922, #4592, .T. ) ;
#3508 = AXIS2_PLACEMENT_3D ( 'NONE', #1323, #4539, #1216 ) ;
#3509 = ORIENTED_EDGE ( 'NONE', *, *, #3995, .F. ) ;
#3510 = LINE ( 'NONE', #6780, #2229 ) ;
#3511 = CARTESIAN_POINT ( 'NONE',  ( 16.01049721830911921, 31.64435231366889667, 6.220728787561617956 ) ) ;
#3512 = DIRECTION ( 'NONE',  ( 0.000000000000000000, 0.000000000000000000, -1.000000000000000000 ) ) ;
#3513 = AXIS2_PLACEMENT_3D ( 'NONE', #4029, #4098, #5649 ) ;
#3514 = VECTOR ( 'NONE', #3521, 1000.000000000000114 ) ;
#3515 = ORIENTED_EDGE ( 'NONE', *, *, #5231, .T. ) ;
#3516 = ORIENTED_EDGE ( 'NONE', *, *, #3545, .T. ) ;
#3517 = DIRECTION ( 'NONE',  ( 0.000000000000000000, 0.000000000000000000, 1.000000000000000000 ) ) ;
#3518 = ORIENTED_EDGE ( 'NONE', *, *, #4352, .T. ) ;
#3519 = DIRECTION ( 'NONE',  ( 0.000000000000000000, 0.000000000000000000, 1.000000000000000000 ) ) ;
#3520 = AXIS2_PLACEMENT_3D ( 'NONE', #6109, #3933, #1281 ) ;
#3521 = DIRECTION ( 'NONE',  ( 0.000000000000000000, 0.3936502181619473961, 0.9192603035816628854 ) ) ;
#3522 = CARTESIAN_POINT ( 'NONE',  ( 89.00010752509841438, 18.96605182169769677, 6.441255956463571408 ) ) ;
#3523 = ORIENTED_EDGE ( 'NONE', *, *, #2292, .T. ) ;
#3524 = AXIS2_PLACEMENT_3D ( 'NONE', #2581, #1523, #1624 ) ;
#3525 = ORIENTED_EDGE ( 'NONE', *, *, #3690, .T. ) ;
#3526 = ORIENTED_EDGE ( 'NONE', *, *, #1943, .T. ) ;
#3527 = DIRECTION ( 'NONE',  ( -1.000000000000000000, -0.000000000000000000, -0.000000000000000000 ) ) ;
#3528 = ORIENTED_EDGE ( 'NONE', *, *, #6915, .T. ) ;
#3529 = EDGE_CURVE ( 'NONE', #2044, #4762, #3666, .T. ) ;
#3530 = CARTESIAN_POINT ( 'NONE',  ( 19.91049721830912134, 7.411362084825350749, -31.64366780333174134 ) ) ;
#3531 = DIRECTION ( 'NONE',  ( 1.000000000000000000, -0.000000000000000000, -0.000000000000000000 ) ) ;
#3532 = AXIS2_PLACEMENT_3D ( 'NONE', #330, #3247, #4778 ) ;
#3533 = LINE ( 'NONE', #6267, #2569 ) ;
#3534 = ORIENTED_EDGE ( 'NONE', *, *, #6142, .F. ) ;
#3535 = CARTESIAN_POINT ( 'NONE',  ( 16.01049721830911921, -29.17147211914303995, 12.14830385089026343 ) ) ;
#3536 = DIRECTION ( 'NONE',  ( -1.000000000000000000, 0.000000000000000000, 0.000000000000000000 ) ) ;
#3537 = DIRECTION ( 'NONE',  ( 0.000000000000000000, 0.9659258262890675351, -0.2588190451025234040 ) ) ;
#3538 = CARTESIAN_POINT ( 'NONE',  ( 25.36049721830912418, -11.98683077962017762, 16.04732961775105693 ) ) ;
#3539 = EDGE_CURVE ( 'NONE', #3621, #5384, #6240, .T. ) ;
#3540 = ORIENTED_EDGE ( 'NONE', *, *, #5090, .T. ) ;
#3541 = PLANE ( 'NONE',  #2219 ) ;
#3542 = CIRCLE ( 'NONE', #2407, 0.5000000000000004441 ) ;
#3543 = CARTESIAN_POINT ( 'NONE',  ( 25.36049721830912418, -0.2227368943023867731, -16.82352558995636116 ) ) ;
#3544 = CARTESIAN_POINT ( 'NONE',  ( 16.01049721830911921, -24.82569423046593116, 19.99032417529777561 ) ) ;
#3545 = EDGE_CURVE ( 'NONE', #4395, #1838, #2066, .T. ) ;
#3546 = ORIENTED_EDGE ( 'NONE', *, *, #138, .T. ) ;
#3547 = ORIENTED_EDGE ( 'NONE', *, *, #6762, .F. ) ;
#3548 = VECTOR ( 'NONE', #5693, 1000.000000000000000 ) ;
#3549 = EDGE_CURVE ( 'NONE', #2898, #6657, #1175, .T. ) ;
#3550 = DIRECTION ( 'NONE',  ( 1.000000000000000000, -0.000000000000000000, -0.000000000000000000 ) ) ;
#3551 = ORIENTED_EDGE ( 'NONE', *, *, #35, .F. ) ;
#3552 = ORIENTED_EDGE ( 'NONE', *, *, #2425, .T. ) ;
#3553 = CARTESIAN_POINT ( 'NONE',  ( 16.01049721830911921, -32.24382171527122409, 0.6312378266579862229 ) ) ;
#3554 = DIRECTION ( 'NONE',  ( -1.000000000000000000, 0.000000000000000000, 0.000000000000000000 ) ) ;
#3555 = DIRECTION ( 'NONE',  ( -1.000000000000000000, -0.000000000000000000, -0.000000000000000000 ) ) ;
#3556 = EDGE_CURVE ( 'NONE', #3050, #2153, #2800, .T. ) ;
#3557 = ORIENTED_EDGE ( 'NONE', *, *, #6897, .T. ) ;
#3558 = VERTEX_POINT ( 'NONE', #2195 ) ;
#3559 = EDGE_LOOP ( 'NONE', ( #6416, #467, #6603, #6891 ) ) ;
#3560 = CARTESIAN_POINT ( 'NONE',  ( 25.60753480350601663, -20.64422757970508826, 23.92429601239791381 ) ) ;
#3561 = VERTEX_POINT ( 'NONE', #119 ) ;
#3562 = CARTESIAN_POINT ( 'NONE',  ( 16.01049721830911921, 0.000000000000000000, 0.000000000000000000 ) ) ;
#3563 = DIRECTION ( 'NONE',  ( 0.000000000000000000, 0.000000000000000000, 1.000000000000000000 ) ) ;
#3564 = CARTESIAN_POINT ( 'NONE',  ( 25.56462533844871388, 28.76809848777853418, -15.12106178141850421 ) ) ;
#3565 = ORIENTED_EDGE ( 'NONE', *, *, #3529, .T. ) ;
#3566 = ORIENTED_EDGE ( 'NONE', *, *, #1113, .T. ) ;
#3567 = EDGE_CURVE ( 'NONE', #2558, #6087, #1700, .T. ) ;
#3568 = CARTESIAN_POINT ( 'NONE',  ( 25.36049721830912418, 1.224646799147353256E-15, -10.00000000000000000 ) ) ;
#3569 = CARTESIAN_POINT ( 'NONE',  ( 19.91049721830912134, -26.88842138021879435, -17.11551782266247557 ) ) ;
#3570 = DIRECTION ( 'NONE',  ( 0.000000000000000000, 0.000000000000000000, -1.000000000000000000 ) ) ;
#3571 = AXIS2_PLACEMENT_3D ( 'NONE', #4671, #1282, #2505 ) ;
#3572 = DIRECTION ( 'NONE',  ( 0.000000000000000000, 0.000000000000000000, -1.000000000000000000 ) ) ;
#3573 = VECTOR ( 'NONE', #21, 1000.000000000000000 ) ;
#3574 = EDGE_LOOP ( 'NONE', ( #1463, #4278, #2687, #1741 ) ) ;
#3575 = DIRECTION ( 'NONE',  ( 0.000000000000000000, 0.000000000000000000, -1.000000000000000000 ) ) ;
#3576 = AXIS2_PLACEMENT_3D ( 'NONE', #953, #6271, #1410 ) ;
#3577 = DIRECTION ( 'NONE',  ( 1.000000000000000000, -0.000000000000000000, -0.000000000000000000 ) ) ;
#3578 = SURFACE_STYLE_USAGE ( .BOTH. , #4710 ) ;
#3579 = EDGE_CURVE ( 'NONE', #5799, #1701, #1211, .T. ) ;
#3580 = PRODUCT_DEFINITION_CONTEXT ( 'detailed design', #3396, 'design' ) ;
#3581 = ORIENTED_EDGE ( 'NONE', *, *, #6473, .F. ) ;
#3582 = ORIENTED_EDGE ( 'NONE', *, *, #3000, .F. ) ;
#3583 = AXIS2_PLACEMENT_3D ( 'NONE', #6091, #2318, #5636 ) ;
#3584 = CARTESIAN_POINT ( 'NONE',  ( 18.71049721830912205, -11.55778298249902036, 16.35905108890659321 ) ) ;
#3585 = ORIENTED_EDGE ( 'NONE', *, *, #3467, .F. ) ;
#3586 = CARTESIAN_POINT ( 'NONE',  ( 19.91049721830912134, -21.25750658918243019, -23.58348815614147753 ) ) ;
#3587 = CARTESIAN_POINT ( 'NONE',  ( 19.91049721830912134, -31.59987055267417233, 0.06521583956830895312 ) ) ;
#3588 = CIRCLE ( 'NONE', #2214, 3.204999999999996074 ) ;
#3589 = DIRECTION ( 'NONE',  ( 0.000000000000000000, 0.000000000000000000, 1.000000000000000000 ) ) ;
#3590 = EDGE_CURVE ( 'NONE', #2924, #1953, #3338, .T. ) ;
#3591 = EDGE_LOOP ( 'NONE', ( #6691, #5034, #765, #1008 ) ) ;
#3592 = EDGE_LOOP ( 'NONE', ( #5928, #6161, #6280, #825 ) ) ;
#3593 = ORIENTED_EDGE ( 'NONE', *, *, #1358, .T. ) ;
#3594 = CIRCLE ( 'NONE', #6404, 20.02999999999999758 ) ;
#3595 = ORIENTED_EDGE ( 'NONE', *, *, #5307, .F. ) ;
#3596 = VECTOR ( 'NONE', #6475, 1000.000000000000000 ) ;
#3597 = EDGE_CURVE ( 'NONE', #4716, #512, #5026, .T. ) ;
#3598 = CARTESIAN_POINT ( 'NONE',  ( 18.71049721830912205, 6.180339887498949913, -15.87613032590306972 ) ) ;
#3599 = VERTEX_POINT ( 'NONE', #3407 ) ;
#3600 = CARTESIAN_POINT ( 'NONE',  ( 19.91049721830912134, -25.70530160745082071, -19.88686675346286847 ) ) ;
#3601 = CARTESIAN_POINT ( 'NONE',  ( 16.01049721830911921, 10.49558678852170068, -30.46506562590191436 ) ) ;
#3602 = ADVANCED_FACE ( 'NONE', ( #3446 ), #3902, .F. ) ;
#3603 = CARTESIAN_POINT ( 'NONE',  ( 89.00010752509841438, -18.05304843749999932, 2.469899717251450078 ) ) ;
#3604 = CIRCLE ( 'NONE', #5501, 3.145000000000001794 ) ;
#3605 = CYLINDRICAL_SURFACE ( 'NONE', #3493, 3.204999999999998739 ) ;
#3606 = ORIENTED_EDGE ( 'NONE', *, *, #3145, .F. ) ;
#3607 = DIRECTION ( 'NONE',  ( 0.000000000000000000, 1.156482317317870344E-15, 1.000000000000000000 ) ) ;
#3608 = DIRECTION ( 'NONE',  ( 1.000000000000000000, -0.000000000000000000, -0.000000000000000000 ) ) ;
#3609 = CYLINDRICAL_SURFACE ( 'NONE', #5233, 0.5000000000000004441 ) ;
#3610 = EDGE_CURVE ( 'NONE', #1976, #6673, #1137, .T. ) ;
#3611 = DIRECTION ( 'NONE',  ( 0.000000000000000000, 0.000000000000000000, 1.000000000000000000 ) ) ;
#3612 = CARTESIAN_POINT ( 'NONE',  ( 19.91049721830912134, 13.06773822222175241, -28.77134494261572684 ) ) ;
#3613 = CIRCLE ( 'NONE', #5513, 0.5000000000000004441 ) ;
#3614 = ORIENTED_EDGE ( 'NONE', *, *, #3956, .T. ) ;
#3615 = DIRECTION ( 'NONE',  ( -1.000000000000000000, 0.000000000000000000, 0.000000000000000000 ) ) ;
#3616 = CIRCLE ( 'NONE', #6646, 3.144999999999999574 ) ;
#3617 = LINE ( 'NONE', #6856, #253 ) ;
#3618 = EDGE_CURVE ( 'NONE', #1161, #3829, #389, .T. ) ;
#3619 = CARTESIAN_POINT ( 'NONE',  ( 16.01049721830911921, 7.411362084825350749, -31.64366780333174134 ) ) ;
#3620 = VERTEX_POINT ( 'NONE', #2230 ) ;
#3621 = VERTEX_POINT ( 'NONE', #4428 ) ;
#3622 = CYLINDRICAL_SURFACE ( 'NONE', #608, 3.204999999999997851 ) ;
#3623 = EDGE_LOOP ( 'NONE', ( #5168, #575, #1046, #410 ) ) ;
#3624 = CARTESIAN_POINT ( 'NONE',  ( 19.91049721830912134, -10.07711777303070200, 30.23871445757164622 ) ) ;
#3625 = DIRECTION ( 'NONE',  ( -1.000000000000000000, 0.000000000000000000, 0.000000000000000000 ) ) ;
#3626 = AXIS2_PLACEMENT_3D ( 'NONE', #6777, #4062, #814 ) ;
#3627 = VECTOR ( 'NONE', #5281, 1000.000000000000000 ) ;
#3628 = DIRECTION ( 'NONE',  ( 0.000000000000000000, 0.000000000000000000, 1.000000000000000000 ) ) ;
#3629 = VERTEX_POINT ( 'NONE', #4358 ) ;
#3630 = ORIENTED_EDGE ( 'NONE', *, *, #1210, .T. ) ;
#3631 = AXIS2_PLACEMENT_3D ( 'NONE', #2081, #4810, #400 ) ;
#3632 = CIRCLE ( 'NONE', #3520, 0.5000000000000000000 ) ;
#3633 = EDGE_CURVE ( 'NONE', #6307, #3764, #5564, .T. ) ;
#3634 = VERTEX_POINT ( 'NONE', #5515 ) ;
#3635 = DIRECTION ( 'NONE',  ( 1.000000000000000000, 0.000000000000000000, 0.000000000000000000 ) ) ;
#3636 = ORIENTED_EDGE ( 'NONE', *, *, #4519, .T. ) ;
#3637 = DIRECTION ( 'NONE',  ( 1.000000000000000000, -0.000000000000000000, -0.000000000000000000 ) ) ;
#3638 = DIRECTION ( 'NONE',  ( 0.000000000000000000, 0.000000000000000000, 1.000000000000000000 ) ) ;
#3639 = CARTESIAN_POINT ( 'NONE',  ( 25.57328953618976186, 16.02620128337631655, -28.27385492685261781 ) ) ;
#3640 = AXIS2_PLACEMENT_3D ( 'NONE', #5926, #4843, #6459 ) ;
#3641 = VERTEX_POINT ( 'NONE', #5589 ) ;
#3642 = ADVANCED_FACE ( 'NONE', ( #6078 ), #5552, .T. ) ;
#3643 = EDGE_LOOP ( 'NONE', ( #4747, #5018, #343, #4409 ) ) ;
#3644 = EDGE_CURVE ( 'NONE', #5241, #3278, #3087, .T. ) ;
#3645 = LINE ( 'NONE', #5263, #3118 ) ;
#3646 = AXIS2_PLACEMENT_3D ( 'NONE', #218, #785, #2373 ) ;
#3647 = CARTESIAN_POINT ( 'NONE',  ( 16.01049721830911921, 29.51923325979057466, -11.69090962047324211 ) ) ;
#3648 = CARTESIAN_POINT ( 'NONE',  ( 25.57328953618976186, 17.97273505347123645, -25.99109206534463823 ) ) ;
#3649 = FACE_OUTER_BOUND ( 'NONE', #6011, .T. ) ;
#3650 = DIRECTION ( 'NONE',  ( 0.000000000000000000, 0.000000000000000000, -1.000000000000000000 ) ) ;
#3651 = ORIENTED_EDGE ( 'NONE', *, *, #3199, .F. ) ;
#3652 = CIRCLE ( 'NONE', #2288, 0.5000000000000004441 ) ;
#3653 = FACE_OUTER_BOUND ( 'NONE', #2163, .T. ) ;
#3654 = DIRECTION ( 'NONE',  ( 0.000000000000000000, 0.2893355710634428757, -0.9572277301235017077 ) ) ;
#3655 = LINE ( 'NONE', #5897, #6552 ) ;
#3656 = ORIENTED_EDGE ( 'NONE', *, *, #3590, .F. ) ;
#3657 = ORIENTED_EDGE ( 'NONE', *, *, #3486, .T. ) ;
#3658 = ADVANCED_FACE ( 'NONE', ( #1766 ), #189, .T. ) ;
#3659 = VECTOR ( 'NONE', #1812, 1000.000000000000000 ) ;
#3660 = DIRECTION ( 'NONE',  ( -1.000000000000000000, 0.000000000000000000, -0.000000000000000000 ) ) ;
#3661 = VERTEX_POINT ( 'NONE', #3828 ) ;
#3662 = DIRECTION ( 'NONE',  ( -1.000000000000000000, 0.000000000000000000, 0.000000000000000000 ) ) ;
#3663 = DIRECTION ( 'NONE',  ( -1.000000000000000000, 0.000000000000000000, 0.000000000000000000 ) ) ;
#3664 = DIRECTION ( 'NONE',  ( 0.000000000000000000, 0.5605076022408812531, -0.8281492787113794440 ) ) ;
#3665 = CIRCLE ( 'NONE', #36, 0.5000000000000004441 ) ;
#3666 = CIRCLE ( 'NONE', #3770, 0.5000000000000004441 ) ;
#3667 = VERTEX_POINT ( 'NONE', #6647 ) ;
#3668 = ORIENTED_EDGE ( 'NONE', *, *, #5273, .T. ) ;
#3669 = EDGE_CURVE ( 'NONE', #370, #4544, #6114, .T. ) ;
#3670 = EDGE_LOOP ( 'NONE', ( #1196, #6363, #1819, #4164 ) ) ;
#3671 = LINE ( 'NONE', #2459, #71 ) ;
#3672 = ORIENTED_EDGE ( 'NONE', *, *, #3618, .T. ) ;
#3673 = LINE ( 'NONE', #6872, #6248 ) ;
#3674 = DIRECTION ( 'NONE',  ( 0.000000000000000000, 0.000000000000000000, -1.000000000000000000 ) ) ;
#3675 = CARTESIAN_POINT ( 'NONE',  ( 16.01049721830911921, 0.000000000000000000, 0.000000000000000000 ) ) ;
#3676 = EDGE_CURVE ( 'NONE', #2363, #5991, #4104, .T. ) ;
#3677 = ORIENTED_EDGE ( 'NONE', *, *, #3567, .F. ) ;
#3678 = AXIS2_PLACEMENT_3D ( 'NONE', #6922, #2708, #4774 ) ;
#3679 = ORIENTED_EDGE ( 'NONE', *, *, #2073, .F. ) ;
#3680 = CIRCLE ( 'NONE', #733, 3.145000000000001794 ) ;
#3681 = DIRECTION ( 'NONE',  ( 0.000000000000000000, 0.000000000000000000, 1.000000000000000000 ) ) ;
#3682 = DIRECTION ( 'NONE',  ( 0.000000000000000000, -0.9128989540240174394, 0.4081856192247037551 ) ) ;
#3683 = CARTESIAN_POINT ( 'NONE',  ( 25.36049721830912418, 11.98683077962015986, 16.04732961775107114 ) ) ;
#3684 = DIRECTION ( 'NONE',  ( 0.000000000000000000, -0.2893355710634500921, 0.9572277301234995983 ) ) ;
#3685 = CYLINDRICAL_SURFACE ( 'NONE', #3678, 0.5000000000000004441 ) ;
#3686 = FACE_OUTER_BOUND ( 'NONE', #1439, .T. ) ;
#3687 = EDGE_CURVE ( 'NONE', #5998, #3758, #2763, .T. ) ;
#3688 = LINE ( 'NONE', #3754, #4982 ) ;
#3689 = CARTESIAN_POINT ( 'NONE',  ( 19.91049721830912134, 0.000000000000000000, 0.000000000000000000 ) ) ;
#3690 = EDGE_CURVE ( 'NONE', #6644, #5832, #5684, .T. ) ;
#3691 = VERTEX_POINT ( 'NONE', #5167 ) ;
#3692 = VERTEX_POINT ( 'NONE', #2516 ) ;
#3693 = CIRCLE ( 'NONE', #4704, 0.5000000000000004441 ) ;
#3694 = CARTESIAN_POINT ( 'NONE',  ( 16.01049721830911921, -26.73867654581803777, 17.34852533318622392 ) ) ;
#3695 = ORIENTED_EDGE ( 'NONE', *, *, #5678, .F. ) ;
#3696 = CARTESIAN_POINT ( 'NONE',  ( 89.00010752509841438, 6.180339887498944584, 19.02113032590307284 ) ) ;
#3697 = FACE_OUTER_BOUND ( 'NONE', #5836, .T. ) ;
#3698 = DIRECTION ( 'NONE',  ( -1.000000000000000000, 0.000000000000000000, 0.000000000000000000 ) ) ;
#3699 = EDGE_CURVE ( 'NONE', #414, #3629, #2909, .T. ) ;
#3700 = CIRCLE ( 'NONE', #2103, 3.144999999999999130 ) ;
#3701 = ORIENTED_EDGE ( 'NONE', *, *, #5147, .F. ) ;
#3702 = ORIENTED_EDGE ( 'NONE', *, *, #4352, .F. ) ;
#3703 = ORIENTED_EDGE ( 'NONE', *, *, #3644, .T. ) ;
#3704 = CARTESIAN_POINT ( 'NONE',  ( 16.01049721830911921, 26.61876108426065457, 17.02931679165508427 ) ) ;
#3705 = AXIS2_PLACEMENT_3D ( 'NONE', #3586, #3010, #5627 ) ;
#3706 = ORIENTED_EDGE ( 'NONE', *, *, #1840, .F. ) ;
#3707 = LINE ( 'NONE', #2065, #1408 ) ;
#3708 = DIRECTION ( 'NONE',  ( -1.000000000000000000, -0.000000000000000000, -0.000000000000000000 ) ) ;
#3709 = EDGE_CURVE ( 'NONE', #3561, #4290, #263, .T. ) ;
#3710 = CARTESIAN_POINT ( 'NONE',  ( 25.51733603988022736, -13.18638305077244333, -28.71716166493123623 ) ) ;
#3711 = DIRECTION ( 'NONE',  ( 0.000000000000000000, 0.000000000000000000, 1.000000000000000000 ) ) ;
#3712 = VERTEX_POINT ( 'NONE', #4073 ) ;
#3713 = AXIS2_PLACEMENT_3D ( 'NONE', #6664, #3314, #6555 ) ;
#3714 = CARTESIAN_POINT ( 'NONE',  ( 16.01049721830911921, 31.15374220027868191, 6.124283380002523813 ) ) ;
#3715 = DIRECTION ( 'NONE',  ( 0.000000000000000000, 0.000000000000000000, -1.000000000000000000 ) ) ;
#3716 = CARTESIAN_POINT ( 'NONE',  ( 16.01049721830911921, -23.16875334171621503, -21.48871658899639314 ) ) ;
#3717 = CARTESIAN_POINT ( 'NONE',  ( 25.41204637760865026, 1.067781597599826604, -31.58189219333323194 ) ) ;
#3718 = CARTESIAN_POINT ( 'NONE',  ( 25.59583794145658331, 16.17618497092549390, 27.14566469692534767 ) ) ;
#3719 = ADVANCED_FACE ( 'NONE', ( #6289 ), #791, .T. ) ;
#3720 = DIRECTION ( 'NONE',  ( 0.000000000000000000, 0.000000000000000000, 1.000000000000000000 ) ) ;
#3721 = LINE ( 'NONE', #5957, #699 ) ;
#3722 = LINE ( 'NONE', #4746, #3181 ) ;
#3723 = ORIENTED_EDGE ( 'NONE', *, *, #4668, .F. ) ;
#3724 = VECTOR ( 'NONE', #3708, 1000.000000000000000 ) ;
#3725 = ORIENTED_EDGE ( 'NONE', *, *, #1259, .F. ) ;
#3726 = EDGE_CURVE ( 'NONE', #295, #3425, #6705, .T. ) ;
#3727 = DIRECTION ( 'NONE',  ( 0.000000000000000000, 0.2741118111742888441, 0.9616978293490897611 ) ) ;
#3728 = ORIENTED_EDGE ( 'NONE', *, *, #6514, .T. ) ;
#3729 = DIRECTION ( 'NONE',  ( 1.000000000000000000, -0.000000000000000000, -0.000000000000000000 ) ) ;
#3730 = DIRECTION ( 'NONE',  ( 1.000000000000000000, -0.000000000000000000, -0.000000000000000000 ) ) ;
#3731 = AXIS2_PLACEMENT_3D ( 'NONE', #5105, #6793, #797 ) ;
#3732 = DIRECTION ( 'NONE',  ( 0.000000000000000000, 0.000000000000000000, 1.000000000000000000 ) ) ;
#3733 = AXIS2_PLACEMENT_3D ( 'NONE', #4597, #2894, #6741 ) ;
#3734 = ORIENTED_EDGE ( 'NONE', *, *, #5660, .T. ) ;
#3735 = EDGE_CURVE ( 'NONE', #4345, #869, #5207, .T. ) ;
#3736 = ORIENTED_EDGE ( 'NONE', *, *, #2979, .T. ) ;
#3737 = EDGE_LOOP ( 'NONE', ( #2308, #6540, #6297, #1534 ) ) ;
#3738 = DIRECTION ( 'NONE',  ( 0.000000000000000000, 0.8538812920211462654, -0.5204678079730752360 ) ) ;
#3739 = CYLINDRICAL_SURFACE ( 'NONE', #100, 20.02999999999999758 ) ;
#3740 = CARTESIAN_POINT ( 'NONE',  ( 16.01049721830911921, -7.486965088230216558, -31.36889946695009712 ) ) ;
#3741 = ORIENTED_EDGE ( 'NONE', *, *, #1150, .F. ) ;
#3742 = AXIS2_PLACEMENT_3D ( 'NONE', #2009, #4211, #2543 ) ;
#3743 = VERTEX_POINT ( 'NONE', #1837 ) ;
#3744 = ADVANCED_FACE ( 'NONE', ( #4039 ), #4574, .T. ) ;
#3745 = LINE ( 'NONE', #3776, #1978 ) ;
#3746 = AXIS2_PLACEMENT_3D ( 'NONE', #6750, #2512, #4177 ) ;
#3747 = CARTESIAN_POINT ( 'NONE',  ( 16.01049721830911921, -13.18638305077244333, -28.71716166493123623 ) ) ;
#3748 = DIRECTION ( 'NONE',  ( -1.000000000000000000, 0.000000000000000000, 0.000000000000000000 ) ) ;
#3749 = LINE ( 'NONE', #1025, #3326 ) ;
#3750 = AXIS2_PLACEMENT_3D ( 'NONE', #1125, #1159, #142 ) ;
#3751 = EDGE_CURVE ( 'NONE', #1891, #2059, #1353, .T. ) ;
#3752 = CIRCLE ( 'NONE', #2957, 3.204999999999999627 ) ;
#3753 = CYLINDRICAL_SURFACE ( 'NONE', #5981, 3.204999999999997851 ) ;
#3754 = CARTESIAN_POINT ( 'NONE',  ( 25.51733603988022736, 7.870872375830011869, 30.88652655611310749 ) ) ;
#3755 = CARTESIAN_POINT ( 'NONE',  ( 16.01049721830911921, 0.000000000000000000, 0.000000000000000000 ) ) ;
#3756 = AXIS2_PLACEMENT_3D ( 'NONE', #4343, #2181, #996 ) ;
#3757 = ADVANCED_FACE ( 'NONE', ( #4613 ), #6224, .T. ) ;
#3758 = VERTEX_POINT ( 'NONE', #372 ) ;
#3759 = FACE_OUTER_BOUND ( 'NONE', #6432, .T. ) ;
#3760 = ORIENTED_EDGE ( 'NONE', *, *, #4112, .F. ) ;
#3761 = DIRECTION ( 'NONE',  ( 0.000000000000000000, -7.371880883511040691E-14, -1.000000000000000000 ) ) ;
#3762 = DIRECTION ( 'NONE',  ( 0.000000000000000000, 0.6366901741190995612, 0.7711197197453781849 ) ) ;
#3763 = CYLINDRICAL_SURFACE ( 'NONE', #823, 20.02999999999999758 ) ;
#3764 = VERTEX_POINT ( 'NONE', #6788 ) ;
#3765 = VERTEX_POINT ( 'NONE', #1909 ) ;
#3766 = ORIENTED_EDGE ( 'NONE', *, *, #5953, .T. ) ;
#3767 = DIRECTION ( 'NONE',  ( -1.000000000000000000, 0.000000000000000000, 0.000000000000000000 ) ) ;
#3768 = VECTOR ( 'NONE', #204, 1000.000000000000000 ) ;
#3769 = EDGE_CURVE ( 'NONE', #2363, #1090, #1944, .T. ) ;
#3770 = AXIS2_PLACEMENT_3D ( 'NONE', #2922, #1856, #5079 ) ;
#3771 = DIRECTION ( 'NONE',  ( -1.000000000000000000, 0.000000000000000000, 0.000000000000000000 ) ) ;
#3772 = CYLINDRICAL_SURFACE ( 'NONE', #541, 0.5000000000000000000 ) ;
#3773 = ORIENTED_EDGE ( 'NONE', *, *, #2313, .T. ) ;
#3774 = ORIENTED_EDGE ( 'NONE', *, *, #3618, .F. ) ;
#3775 = CIRCLE ( 'NONE', #6581, 20.02999999999999758 ) ;
#3776 = CARTESIAN_POINT ( 'NONE',  ( 25.50868112545531119, 7.411362084825350749, -28.64366780333173779 ) ) ;
#3777 = FACE_OUTER_BOUND ( 'NONE', #2993, .T. ) ;
#3778 = AXIS2_PLACEMENT_3D ( 'NONE', #660, #4402, #1188 ) ;
#3779 = CARTESIAN_POINT ( 'NONE',  ( 25.60753480350601308, 23.34269296543707739, -22.61346247528969755 ) ) ;
#3780 = CARTESIAN_POINT ( 'NONE',  ( 19.91049721830912134, 25.42395691472533059, -19.84149477227433778 ) ) ;
#3781 = ADVANCED_FACE ( 'NONE', ( #5063 ), #3622, .F. ) ;
#3782 = CIRCLE ( 'NONE', #6818, 0.5000000000000004441 ) ;
#3783 = VERTEX_POINT ( 'NONE', #227 ) ;
#3784 = CYLINDRICAL_SURFACE ( 'NONE', #3962, 3.204999999999998739 ) ;
#3785 = CARTESIAN_POINT ( 'NONE',  ( 16.01049721830911921, 0.000000000000000000, 0.000000000000000000 ) ) ;
#3786 = DIRECTION ( 'NONE',  ( -1.000000000000000000, -0.000000000000000000, -0.000000000000000000 ) ) ;
#3787 = EDGE_CURVE ( 'NONE', #3783, #6939, #4111, .T. ) ;
#3788 = CIRCLE ( 'NONE', #3899, 3.204999999999997851 ) ;
#3789 = ORIENTED_EDGE ( 'NONE', *, *, #6945, .F. ) ;
#3790 = FACE_OUTER_BOUND ( 'NONE', #1962, .T. ) ;
#3791 = VERTEX_POINT ( 'NONE', #3584 ) ;
#3792 = CARTESIAN_POINT ( 'NONE',  ( 19.91049721830912134, -5.132756202141048441, -31.33236846727968583 ) ) ;
#3793 = CARTESIAN_POINT ( 'NONE',  ( 16.01049721830911921, -12.62160801275758537, 29.13344317399323558 ) ) ;
#3794 = DIRECTION ( 'NONE',  ( 0.000000000000000000, 1.387778780781444413E-14, 1.000000000000000000 ) ) ;
#3795 = VERTEX_POINT ( 'NONE', #6683 ) ;
#3796 = AXIS2_PLACEMENT_3D ( 'NONE', #1965, #2466, #2995 ) ;
#3797 = ORIENTED_EDGE ( 'NONE', *, *, #794, .F. ) ;
#3798 = LINE ( 'NONE', #2097, #6276 ) ;
#3799 = ADVANCED_FACE ( 'NONE', ( #5726 ), #895, .F. ) ;
#3800 = AXIS2_PLACEMENT_3D ( 'NONE', #3383, #4934, #1223 ) ;
#3801 = CARTESIAN_POINT ( 'NONE',  ( 19.91049721830912134, 28.49680455888971409, 14.27796500172648209 ) ) ;
#3802 = CYLINDRICAL_SURFACE ( 'NONE', #2355, 32.25000000000000000 ) ;
#3803 = ORIENTED_EDGE ( 'NONE', *, *, #6259, .T. ) ;
#3804 = ORIENTED_EDGE ( 'NONE', *, *, #311, .T. ) ;
#3805 = EDGE_CURVE ( 'NONE', #6644, #498, #6149, .T. ) ;
#3806 = VECTOR ( 'NONE', #5357, 1000.000000000000000 ) ;
#3807 = CARTESIAN_POINT ( 'NONE',  ( 19.91049721830912134, 22.89715811400229839, 21.99505967944571339 ) ) ;
#3808 = CARTESIAN_POINT ( 'NONE',  ( 19.91049721830912134, -26.73867654581803777, 17.34852533318622392 ) ) ;
#3809 = DIRECTION ( 'NONE',  ( 0.000000000000000000, 0.000000000000000000, 1.000000000000000000 ) ) ;
#3810 = CARTESIAN_POINT ( 'NONE',  ( 19.91049721830912134, -4.561682503515669396, -31.26894825203774175 ) ) ;
#3811 = CARTESIAN_POINT ( 'NONE',  ( 89.00010752509841438, -13.15345235776983834, 12.60950647614247799 ) ) ;
#3812 = ORIENTED_EDGE ( 'NONE', *, *, #4234, .F. ) ;
#3813 = EDGE_CURVE ( 'NONE', #5777, #2156, #5243, .T. ) ;
#3814 = DIRECTION ( 'NONE',  ( 0.000000000000000000, 0.000000000000000000, 1.000000000000000000 ) ) ;
#3815 = DIRECTION ( 'NONE',  ( -1.000000000000000000, 0.000000000000000000, -0.000000000000000000 ) ) ;
#3816 = DIRECTION ( 'NONE',  ( 0.000000000000000000, 0.000000000000000000, 1.000000000000000000 ) ) ;
#3817 = EDGE_LOOP ( 'NONE', ( #3547, #127, #1052, #1972 ) ) ;
#3818 = DIRECTION ( 'NONE',  ( -1.000000000000000000, -0.000000000000000000, -0.000000000000000000 ) ) ;
#3819 = ORIENTED_EDGE ( 'NONE', *, *, #2100, .F. ) ;
#3820 = EDGE_CURVE ( 'NONE', #3692, #4323, #281, .T. ) ;
#3821 = CARTESIAN_POINT ( 'NONE',  ( 18.71049721830912205, 0.000000000000000000, 0.000000000000000000 ) ) ;
#3822 = CARTESIAN_POINT ( 'NONE',  ( 18.71049721830912205, -6.180339887498946361, -19.02113032590307284 ) ) ;
#3823 = DIRECTION ( 'NONE',  ( -1.000000000000000000, 0.000000000000000000, 0.000000000000000000 ) ) ;
#3824 = DIRECTION ( 'NONE',  ( -1.000000000000000000, -0.000000000000000000, 0.000000000000000000 ) ) ;
#3825 = VERTEX_POINT ( 'NONE', #5379 ) ;
#3826 = VERTEX_POINT ( 'NONE', #4 ) ;
#3827 = ORIENTED_EDGE ( 'NONE', *, *, #6915, .F. ) ;
#3828 = CARTESIAN_POINT ( 'NONE',  ( 19.91049721830912134, 9.922176177770067440, -30.00177481331374807 ) ) ;
#3829 = VERTEX_POINT ( 'NONE', #4249 ) ;
#3830 = DIRECTION ( 'NONE',  ( -1.000000000000000000, 0.000000000000000000, -0.000000000000000000 ) ) ;
#3831 = CARTESIAN_POINT ( 'NONE',  ( 16.01049721830911921, 10.49558678852170068, -29.96506562590191436 ) ) ;
#3832 = CIRCLE ( 'NONE', #1788, 0.5000000000000004441 ) ;
#3833 = CARTESIAN_POINT ( 'NONE',  ( 16.01049721830911921, -20.97725278806198546, -23.99756279549716709 ) ) ;
#3834 = CARTESIAN_POINT ( 'NONE',  ( 18.71049721830912205, -9.708422300576447839, -13.74143956918888243 ) ) ;
#3835 = EDGE_LOOP ( 'NONE', ( #5644, #4975, #1133, #942 ) ) ;
#3836 = EDGE_CURVE ( 'NONE', #223, #5110, #5835, .T. ) ;
#3837 = ORIENTED_EDGE ( 'NONE', *, *, #4309, .F. ) ;
#3838 = EDGE_LOOP ( 'NONE', ( #6940, #1536, #5800, #2692 ) ) ;
#3839 = DIRECTION ( 'NONE',  ( 0.000000000000000000, 0.000000000000000000, 1.000000000000000000 ) ) ;
#3840 = CARTESIAN_POINT ( 'NONE',  ( 19.91049721830912134, 0.000000000000000000, 0.000000000000000000 ) ) ;
#3841 = CARTESIAN_POINT ( 'NONE',  ( 16.01049721830911921, 29.17147211914313232, -12.14830385089005915 ) ) ;
#3842 = CARTESIAN_POINT ( 'NONE',  ( 16.01049721830911921, -7.370888110118118952, -30.88255994033070806 ) ) ;
#3843 = AXIS2_PLACEMENT_3D ( 'NONE', #5087, #2965, #3572 ) ;
#3844 = LINE ( 'NONE', #6026, #5050 ) ;
#3845 = EDGE_CURVE ( 'NONE', #3219, #3599, #3218, .T. ) ;
#3846 = EDGE_CURVE ( 'NONE', #5356, #6971, #1627, .T. ) ;
#3847 = AXIS2_PLACEMENT_3D ( 'NONE', #1006, #1530, #6465 ) ;
#3848 = EDGE_LOOP ( 'NONE', ( #940, #6577, #5027, #1297 ) ) ;
#3849 = DIRECTION ( 'NONE',  ( -1.000000000000000000, 0.000000000000000000, 0.000000000000000000 ) ) ;
#3850 = DIRECTION ( 'NONE',  ( -1.000000000000000000, 0.000000000000000000, 0.000000000000000000 ) ) ;
#3851 = LINE ( 'NONE', #2858, #368 ) ;
#3852 = EDGE_CURVE ( 'NONE', #1435, #1473, #474, .T. ) ;
#3853 = CIRCLE ( 'NONE', #4981, 20.02999999999999758 ) ;
#3854 = VERTEX_POINT ( 'NONE', #2087 ) ;
#3855 = DIRECTION ( 'NONE',  ( -1.000000000000000000, 0.000000000000000000, 0.000000000000000000 ) ) ;
#3856 = EDGE_LOOP ( 'NONE', ( #6747, #1654, #5441, #273 ) ) ;
#3857 = FACE_OUTER_BOUND ( 'NONE', #6960, .T. ) ;
#3858 = CYLINDRICAL_SURFACE ( 'NONE', #6336, 3.204999999999999627 ) ;
#3859 = VECTOR ( 'NONE', #5509, 1000.000000000000000 ) ;
#3860 = CARTESIAN_POINT ( 'NONE',  ( 89.00010752509841438, -19.12993349739970483, 5.936880021110806815 ) ) ;
#3861 = LINE ( 'NONE', #1071, #6456 ) ;
#3862 = ORIENTED_EDGE ( 'NONE', *, *, #4509, .F. ) ;
#3863 = ADVANCED_FACE ( 'NONE', ( #3759 ), #5866, .T. ) ;
#3864 = ORIENTED_EDGE ( 'NONE', *, *, #1840, .T. ) ;
#3865 = AXIS2_PLACEMENT_3D ( 'NONE', #1194, #4522, #3359 ) ;
#3866 = DIRECTION ( 'NONE',  ( -1.000000000000000000, 0.000000000000000000, 0.000000000000000000 ) ) ;
#3867 = ORIENTED_EDGE ( 'NONE', *, *, #3549, .F. ) ;
#3868 = DIRECTION ( 'NONE',  ( -1.000000000000000000, 0.000000000000000000, 0.000000000000000000 ) ) ;
#3869 = VECTOR ( 'NONE', #151, 1000.000000000000114 ) ;
#3870 = CARTESIAN_POINT ( 'NONE',  ( 19.91049721830912134, 7.411362084825350749, -31.64366780333174134 ) ) ;
#3871 = DIRECTION ( 'NONE',  ( 0.000000000000000000, 0.000000000000000000, 1.000000000000000000 ) ) ;
#3872 = DIRECTION ( 'NONE',  ( -1.000000000000000000, 0.000000000000000000, 0.000000000000000000 ) ) ;
#3873 = EDGE_CURVE ( 'NONE', #6510, #4396, #4749, .T. ) ;
#3874 = ORIENTED_EDGE ( 'NONE', *, *, #444, .T. ) ;
#3875 = ORIENTED_EDGE ( 'NONE', *, *, #2095, .F. ) ;
#3876 = ORIENTED_EDGE ( 'NONE', *, *, #3579, .F. ) ;
#3877 = CARTESIAN_POINT ( 'NONE',  ( 25.57328953618975831, -18.18815403723831636, 26.17478189738694638 ) ) ;
#3878 = VECTOR ( 'NONE', #6010, 1000.000000000000227 ) ;
#3879 = CARTESIAN_POINT ( 'NONE',  ( 19.91049721830912134, -30.30148033719032696, 8.965286466497492057 ) ) ;
#3880 = ADVANCED_FACE ( 'NONE', ( #5802 ), #4216, .T. ) ;
#3881 = CARTESIAN_POINT ( 'NONE',  ( 16.01049721830911921, 18.51257633225432642, -26.29432142046882959 ) ) ;
#3882 = DIRECTION ( 'NONE',  ( 0.000000000000000000, 0.000000000000000000, 1.000000000000000000 ) ) ;
#3883 = DIRECTION ( 'NONE',  ( -1.000000000000000000, -0.000000000000000000, -0.000000000000000000 ) ) ;
#3884 = AXIS2_PLACEMENT_3D ( 'NONE', #779, #2402, #4561 ) ;
#3885 = AXIS2_PLACEMENT_3D ( 'NONE', #2173, #4368, #1187 ) ;
#3886 = CARTESIAN_POINT ( 'NONE',  ( 19.91049721830912134, -24.56724982311104810, 19.87476561321781432 ) ) ;
#3887 = AXIS2_PLACEMENT_3D ( 'NONE', #4903, #168, #59 ) ;
#3888 = EDGE_CURVE ( 'NONE', #5773, #1951, #6814, .T. ) ;
#3889 = DIRECTION ( 'NONE',  ( -1.000000000000000000, 0.000000000000000000, 0.000000000000000000 ) ) ;
#3890 = DIRECTION ( 'NONE',  ( -1.000000000000000000, 0.000000000000000000, 0.000000000000000000 ) ) ;
#3891 = ORIENTED_EDGE ( 'NONE', *, *, #5358, .F. ) ;
#3892 = EDGE_CURVE ( 'NONE', #6572, #2584, #3317, .T. ) ;
#3893 = CYLINDRICAL_SURFACE ( 'NONE', #1422, 0.5000000000000004441 ) ;
#3894 = EDGE_LOOP ( 'NONE', ( #3399, #4072, #5617, #5826 ) ) ;
#3895 = DIRECTION ( 'NONE',  ( -1.000000000000000000, 0.000000000000000000, 0.000000000000000000 ) ) ;
#3896 = EDGE_CURVE ( 'NONE', #6657, #512, #3775, .T. ) ;
#3897 = CARTESIAN_POINT ( 'NONE',  ( 89.00010752509841438, 9.708422300576446062, 13.74143956918888421 ) ) ;
#3898 = DIRECTION ( 'NONE',  ( -1.000000000000000000, -0.000000000000000000, -0.000000000000000000 ) ) ;
#3899 = AXIS2_PLACEMENT_3D ( 'NONE', #1088, #2645, #6952 ) ;
#3900 = LINE ( 'NONE', #3369, #1191 ) ;
#3901 = ORIENTED_EDGE ( 'NONE', *, *, #6624, .F. ) ;
#3902 = CYLINDRICAL_SURFACE ( 'NONE', #3201, 3.000000000000002665 ) ;
#3903 = ORIENTED_EDGE ( 'NONE', *, *, #1319, .F. ) ;
#3904 = DIRECTION ( 'NONE',  ( 0.000000000000000000, 0.000000000000000000, 1.000000000000000000 ) ) ;
#3905 = EDGE_CURVE ( 'NONE', #120, #2515, #726, .T. ) ;
#3906 = CIRCLE ( 'NONE', #5888, 3.000000000000003109 ) ;
#3907 = DIRECTION ( 'NONE',  ( -1.000000000000000000, 0.000000000000000000, 0.000000000000000000 ) ) ;
#3908 = CARTESIAN_POINT ( 'NONE',  ( 19.91049721830912134, 32.11511552628379462, -2.946498724494164279 ) ) ;
#3909 = ORIENTED_EDGE ( 'NONE', *, *, #6694, .T. ) ;
#3910 = VERTEX_POINT ( 'NONE', #4180 ) ;
#3911 = ORIENTED_EDGE ( 'NONE', *, *, #2086, .T. ) ;
#3912 = FACE_OUTER_BOUND ( 'NONE', #6115, .T. ) ;
#3913 = VECTOR ( 'NONE', #6350, 1000.000000000000000 ) ;
#3914 = EDGE_CURVE ( 'NONE', #5991, #6978, #4817, .T. ) ;
#3915 = LINE ( 'NONE', #1224, #52 ) ;
#3916 = DIRECTION ( 'NONE',  ( 0.000000000000000000, 0.000000000000000000, 1.000000000000000000 ) ) ;
#3917 = CARTESIAN_POINT ( 'NONE',  ( 16.01049721830911921, -27.04066462635374180, -16.63925949569454588 ) ) ;
#3918 = CARTESIAN_POINT ( 'NONE',  ( 19.91049721830912134, 4.673126050350447258, 31.52919357636061548 ) ) ;
#3919 = CIRCLE ( 'NONE', #3230, 0.5000000000000004441 ) ;
#3920 = DIRECTION ( 'NONE',  ( -1.000000000000000000, -0.000000000000000000, -0.000000000000000000 ) ) ;
#3921 = AXIS2_PLACEMENT_3D ( 'NONE', #4538, #724, #6685 ) ;
#3922 = CARTESIAN_POINT ( 'NONE',  ( 19.91049721830912134, -19.06127845897257700, -23.32332926340261992 ) ) ;
#3923 = CARTESIAN_POINT ( 'NONE',  ( 25.36049721830912418, 0.000000000000000000, 0.000000000000000000 ) ) ;
#3924 = ORIENTED_EDGE ( 'NONE', *, *, #2802, .F. ) ;
#3925 = ORIENTED_EDGE ( 'NONE', *, *, #973, .T. ) ;
#3926 = AXIS2_PLACEMENT_3D ( 'NONE', #4348, #3331, #1659 ) ;
#3927 = EDGE_CURVE ( 'NONE', #1733, #1859, #3435, .T. ) ;
#3928 = AXIS2_PLACEMENT_3D ( 'NONE', #4555, #314, #809 ) ;
#3929 = DIRECTION ( 'NONE',  ( 0.000000000000000000, 0.000000000000000000, -1.000000000000000000 ) ) ;
#3930 = VERTEX_POINT ( 'NONE', #2123 ) ;
#3931 = DIRECTION ( 'NONE',  ( 0.000000000000000000, 0.000000000000000000, -1.000000000000000000 ) ) ;
#3932 = CARTESIAN_POINT ( 'NONE',  ( 18.71049721830912205, 0.000000000000000000, 0.000000000000000000 ) ) ;
#3933 = DIRECTION ( 'NONE',  ( -1.000000000000000000, 0.000000000000000000, 0.000000000000000000 ) ) ;
#3934 = DIRECTION ( 'NONE',  ( -1.000000000000000000, 0.000000000000000000, 0.000000000000000000 ) ) ;
#3935 = UNCERTAINTY_MEASURE_WITH_UNIT (LENGTH_MEASURE( 1.000000000000000082E-05 ), #3248, 'distance_accuracy_value', 'NONE');
#3936 = AXIS2_PLACEMENT_3D ( 'NONE', #2733, #4929, #4896 ) ;
#3937 = ORIENTED_EDGE ( 'NONE', *, *, #2647, .F. ) ;
#3938 = CARTESIAN_POINT ( 'NONE',  ( 19.91049721830912134, -10.49558678852148930, 29.96506562590198541 ) ) ;
#3939 = EDGE_LOOP ( 'NONE', ( #2861, #5704, #5117, #2498 ) ) ;
#3940 = DIRECTION ( 'NONE',  ( 0.000000000000000000, 0.000000000000000000, 1.000000000000000000 ) ) ;
#3941 = LINE ( 'NONE', #5486, #4967 ) ;
#3942 = DIRECTION ( 'NONE',  ( 0.000000000000000000, 0.000000000000000000, 1.000000000000000000 ) ) ;
#3943 = EDGE_CURVE ( 'NONE', #4748, #6852, #6134, .T. ) ;
#3944 = ORIENTED_EDGE ( 'NONE', *, *, #4779, .F. ) ;
#3945 = ORIENTED_EDGE ( 'NONE', *, *, #1469, .T. ) ;
#3946 = VECTOR ( 'NONE', #6942, 999.9999999999998863 ) ;
#3947 = ORIENTED_EDGE ( 'NONE', *, *, #3556, .F. ) ;
#3948 = CARTESIAN_POINT ( 'NONE',  ( 16.01049721830911921, 16.02133064797977369, 27.98891681126842101 ) ) ;
#3949 = AXIS2_PLACEMENT_3D ( 'NONE', #1967, #1270, #3682 ) ;
#3950 = LINE ( 'NONE', #6092, #2424 ) ;
#3951 = DIRECTION ( 'NONE',  ( -1.000000000000000000, 0.000000000000000000, -0.000000000000000000 ) ) ;
#3952 = DIRECTION ( 'NONE',  ( -1.000000000000000000, 0.000000000000000000, 0.000000000000000000 ) ) ;
#3953 = AXIS2_PLACEMENT_3D ( 'NONE', #5698, #1914, #831 ) ;
#3954 = DIRECTION ( 'NONE',  ( 0.000000000000000000, 0.6726603737012495365, -0.7399513643828865561 ) ) ;
#3955 = ORIENTED_EDGE ( 'NONE', *, *, #3914, .T. ) ;
#3956 = EDGE_CURVE ( 'NONE', #5694, #2679, #3095, .T. ) ;
#3957 = CIRCLE ( 'NONE', #1490, 3.205000000000000515 ) ;
#3958 = DIRECTION ( 'NONE',  ( 0.000000000000000000, -0.7711197197453829588, 0.6366901741190937880 ) ) ;
#3959 = CARTESIAN_POINT ( 'NONE',  ( 89.00010752509841438, -11.55778298249902036, 16.35905108890659321 ) ) ;
#3960 = DIRECTION ( 'NONE',  ( -1.000000000000000000, 0.000000000000000000, 0.000000000000000000 ) ) ;
#3961 = VERTEX_POINT ( 'NONE', #1066 ) ;
#3962 = AXIS2_PLACEMENT_3D ( 'NONE', #6424, #5270, #4840 ) ;
#3963 = CIRCLE ( 'NONE', #2039, 20.02999999999999758 ) ;
#3964 = VERTEX_POINT ( 'NONE', #3694 ) ;
#3965 = CARTESIAN_POINT ( 'NONE',  ( 16.01049721830911921, 12.82037349327366904, -29.59223755468595840 ) ) ;
#3966 = CARTESIAN_POINT ( 'NONE',  ( 89.00010752509841438, -16.05699361465334007, -8.613124784825874514 ) ) ;
#3967 = CARTESIAN_POINT ( 'NONE',  ( 25.60753480350601308, 20.64422757970526234, -23.92429601239777170 ) ) ;
#3968 = AXIS2_PLACEMENT_3D ( 'NONE', #504, #4780, #1095 ) ;
#3969 = LINE ( 'NONE', #1484, #294 ) ;
#3970 = EDGE_CURVE ( 'NONE', #3791, #2881, #4000, .T. ) ;
#3971 = ORIENTED_EDGE ( 'NONE', *, *, #6439, .F. ) ;
#3972 = EDGE_LOOP ( 'NONE', ( #306, #2517, #4399, #5658 ) ) ;
#3973 = CIRCLE ( 'NONE', #1372, 3.000000000000002665 ) ;
#3974 = DIRECTION ( 'NONE',  ( 0.000000000000000000, 0.000000000000000000, -1.000000000000000000 ) ) ;
#3975 = EDGE_LOOP ( 'NONE', ( #3509, #852, #2202, #4573 ) ) ;
#3976 = DIRECTION ( 'NONE',  ( 0.000000000000000000, 0.000000000000000000, 1.000000000000000000 ) ) ;
#3977 = DIRECTION ( 'NONE',  ( -1.000000000000000000, 0.000000000000000000, 0.000000000000000000 ) ) ;
#3978 = CARTESIAN_POINT ( 'NONE',  ( 16.01049721830911921, 0.000000000000000000, 0.000000000000000000 ) ) ;
#3979 = CIRCLE ( 'NONE', #6790, 3.204999999999997851 ) ;
#3980 = EDGE_LOOP ( 'NONE', ( #542, #3945, #5558, #6269 ) ) ;
#3981 = VERTEX_POINT ( 'NONE', #6625 ) ;
#3982 = ORIENTED_EDGE ( 'NONE', *, *, #4410, .T. ) ;
#3983 = EDGE_CURVE ( 'NONE', #1308, #6751, #1842, .T. ) ;
#3984 = CYLINDRICAL_SURFACE ( 'NONE', #1985, 32.25000000000000000 ) ;
#3985 = EDGE_LOOP ( 'NONE', ( #2212, #4546, #1936, #6076 ) ) ;
#3986 = DIRECTION ( 'NONE',  ( 0.000000000000000000, 0.000000000000000000, 1.000000000000000000 ) ) ;
#3987 = CARTESIAN_POINT ( 'NONE',  ( 25.57328953618976186, 18.18815403723851176, -26.17478189738681849 ) ) ;
#3988 = EDGE_CURVE ( 'NONE', #3042, #4355, #2703, .T. ) ;
#3989 = CARTESIAN_POINT ( 'NONE',  ( 25.36049721830912418, 16.06895312500000017, 4.986919937852695384 ) ) ;
#3990 = CARTESIAN_POINT ( 'NONE',  ( 16.01049721830911921, 0.000000000000000000, 0.000000000000000000 ) ) ;
#3991 = ORIENTED_EDGE ( 'NONE', *, *, #6235, .F. ) ;
#3992 = AXIS2_PLACEMENT_3D ( 'NONE', #3600, #909, #2757 ) ;
#3993 = CARTESIAN_POINT ( 'NONE',  ( 19.91049721830912134, -29.98410307490529902, 11.87501843339429186 ) ) ;
#3994 = CARTESIAN_POINT ( 'NONE',  ( 25.36049721830912418, 9.708422300576446062, 13.74143956918888421 ) ) ;
#3995 = EDGE_CURVE ( 'NONE', #6585, #4265, #4223, .T. ) ;
#3996 = AXIS2_PLACEMENT_3D ( 'NONE', #3238, #4270, #2672 ) ;
#3997 = CARTESIAN_POINT ( 'NONE',  ( 89.00010752509841438, 13.15345235776983834, -12.60950647614247977 ) ) ;
#3998 = AXIS2_PLACEMENT_3D ( 'NONE', #6502, #156, #3372 ) ;
#3999 = EDGE_LOOP ( 'NONE', ( #6296, #1826, #3982, #4163 ) ) ;
#4000 = CIRCLE ( 'NONE', #4899, 3.204999999999997851 ) ;
#4001 = ORIENTED_EDGE ( 'NONE', *, *, #6406, .T. ) ;
#4002 = DIRECTION ( 'NONE',  ( 0.000000000000000000, 0.000000000000000000, 1.000000000000000000 ) ) ;
#4003 = LINE ( 'NONE', #714, #2273 ) ;
#4004 = EDGE_CURVE ( 'NONE', #5765, #2651, #5985, .T. ) ;
#4005 = DIRECTION ( 'NONE',  ( 0.000000000000000000, 0.000000000000000000, -1.000000000000000000 ) ) ;
#4006 = DIRECTION ( 'NONE',  ( 1.000000000000000000, -0.000000000000000000, -0.000000000000000000 ) ) ;
#4007 = CIRCLE ( 'NONE', #3442, 0.5000000000000004441 ) ;
#4008 = VERTEX_POINT ( 'NONE', #3271 ) ;
#4009 = ORIENTED_EDGE ( 'NONE', *, *, #4589, .F. ) ;
#4010 = CARTESIAN_POINT ( 'NONE',  ( 19.91049721830912134, 30.26683409500851951, 11.83928857090789499 ) ) ;
#4011 = ORIENTED_EDGE ( 'NONE', *, *, #643, .T. ) ;
#4012 = DIRECTION ( 'NONE',  ( 1.000000000000000000, -0.000000000000000000, 0.000000000000000000 ) ) ;
#4013 = LINE ( 'NONE', #5067, #562 ) ;
#4014 = DIRECTION ( 'NONE',  ( 0.000000000000000000, 0.000000000000000000, 1.000000000000000000 ) ) ;
#4015 = ORIENTED_EDGE ( 'NONE', *, *, #4741, .T. ) ;
#4016 = VERTEX_POINT ( 'NONE', #3808 ) ;
#4017 = EDGE_CURVE ( 'NONE', #1363, #1559, #6926, .T. ) ;
#4018 = FACE_OUTER_BOUND ( 'NONE', #3975, .T. ) ;
#4019 = ORIENTED_EDGE ( 'NONE', *, *, #3845, .F. ) ;
#4020 = DIRECTION ( 'NONE',  ( -1.000000000000000000, -0.000000000000000000, -0.000000000000000000 ) ) ;
#4021 = DIRECTION ( 'NONE',  ( -1.000000000000000000, 0.000000000000000000, 0.000000000000000000 ) ) ;
#4022 = DIRECTION ( 'NONE',  ( 0.000000000000000000, 0.000000000000000000, -1.000000000000000000 ) ) ;
#4023 = CARTESIAN_POINT ( 'NONE',  ( 19.91049721830912134, 0.000000000000000000, 0.000000000000000000 ) ) ;
#4024 = ORIENTED_EDGE ( 'NONE', *, *, #6917, .T. ) ;
#4025 = EDGE_CURVE ( 'NONE', #3795, #5633, #4229, .T. ) ;
#4026 = AXIS2_PLACEMENT_3D ( 'NONE', #4334, #1616, #521 ) ;
#4027 = DIRECTION ( 'NONE',  ( 0.000000000000000000, 0.5406408174555986657, 0.8412535328311804284 ) ) ;
#4028 = DIRECTION ( 'NONE',  ( 1.000000000000000000, -0.000000000000000000, -0.000000000000000000 ) ) ;
#4029 = CARTESIAN_POINT ( 'NONE',  ( 16.01049721830911921, 0.000000000000000000, 0.000000000000000000 ) ) ;
#4030 = ORIENTED_EDGE ( 'NONE', *, *, #1199, .F. ) ;
#4031 = DIRECTION ( 'NONE',  ( -1.000000000000000000, 0.000000000000000000, 0.000000000000000000 ) ) ;
#4032 = CARTESIAN_POINT ( 'NONE',  ( 25.36049721830912418, -6.180339887498946361, -19.02113032590307284 ) ) ;
#4033 = DIRECTION ( 'NONE',  ( -1.000000000000000000, -0.000000000000000000, -0.000000000000000000 ) ) ;
#4034 = AXIS2_PLACEMENT_3D ( 'NONE', #3366, #5508, #6639 ) ;
#4035 = AXIS2_PLACEMENT_3D ( 'NONE', #3459, #5988, #3954 ) ;
#4036 = ORIENTED_EDGE ( 'NONE', *, *, #6086, .F. ) ;
#4037 = ORIENTED_EDGE ( 'NONE', *, *, #2201, .T. ) ;
#4038 = EDGE_CURVE ( 'NONE', #5082, #1628, #6931, .T. ) ;
#4039 = FACE_OUTER_BOUND ( 'NONE', #3100, .T. ) ;
#4040 = ORIENTED_EDGE ( 'NONE', *, *, #2939, .T. ) ;
#4041 = DIRECTION ( 'NONE',  ( 0.000000000000000000, 0.000000000000000000, 1.000000000000000000 ) ) ;
#4042 = AXIS2_PLACEMENT_3D ( 'NONE', #5979, #1182, #2879 ) ;
#4043 = FACE_OUTER_BOUND ( 'NONE', #289, .T. ) ;
#4044 = CARTESIAN_POINT ( 'NONE',  ( 16.01049721830911921, 0.000000000000000000, 0.000000000000000000 ) ) ;
#4045 = ORIENTED_EDGE ( 'NONE', *, *, #215, .T. ) ;
#4046 = ORIENTED_EDGE ( 'NONE', *, *, #4448, .T. ) ;
#4047 = ORIENTED_EDGE ( 'NONE', *, *, #2331, .T. ) ;
#4048 = DIRECTION ( 'NONE',  ( -1.000000000000000000, 0.000000000000000000, 0.000000000000000000 ) ) ;
#4049 = VERTEX_POINT ( 'NONE', #2319 ) ;
#4050 = CARTESIAN_POINT ( 'NONE',  ( 18.71049721830912205, 16.18033988749894903, 11.75570504584946896 ) ) ;
#4051 = DIRECTION ( 'NONE',  ( 0.000000000000000000, -0.9063077870366494926, -0.4226182617407003295 ) ) ;
#4052 = CARTESIAN_POINT ( 'NONE',  ( 19.91049721830912134, 5.213587008474218187, 31.82579159274862590 ) ) ;
#4053 = CARTESIAN_POINT ( 'NONE',  ( 19.91049721830912134, -13.75219179141508441, -28.61712286258237725 ) ) ;
#4054 = ADVANCED_FACE ( 'NONE', ( #2814 ), #3351, .F. ) ;
#4055 = ORIENTED_EDGE ( 'NONE', *, *, #851, .T. ) ;
#4056 = AXIS2_PLACEMENT_3D ( 'NONE', #5707, #2956, #876 ) ;
#4057 = FACE_OUTER_BOUND ( 'NONE', #3015, .T. ) ;
#4058 = AXIS2_PLACEMENT_3D ( 'NONE', #2981, #6258, #2914 ) ;
#4059 = FACE_OUTER_BOUND ( 'NONE', #1239, .T. ) ;
#4060 = ADVANCED_FACE ( 'NONE', ( #1149 ), #659, .T. ) ;
#4061 = CARTESIAN_POINT ( 'NONE',  ( 16.01049721830911921, 1.628307222841127277, -31.70821842343153563 ) ) ;
#4062 = DIRECTION ( 'NONE',  ( 1.000000000000000000, -0.000000000000000000, -0.000000000000000000 ) ) ;
#4063 = AXIS2_PLACEMENT_3D ( 'NONE', #6311, #4804, #1479 ) ;
#4064 = ADVANCED_FACE ( 'NONE', ( #4867 ), #1116, .F. ) ;
#4065 = DIRECTION ( 'NONE',  ( 0.000000000000000000, 0.000000000000000000, 1.000000000000000000 ) ) ;
#4066 = EDGE_CURVE ( 'NONE', #4517, #4557, #845, .T. ) ;
#4067 = CARTESIAN_POINT ( 'NONE',  ( 25.60010050217467636, -23.16875334171621503, -21.48871658899639314 ) ) ;
#4068 = CARTESIAN_POINT ( 'NONE',  ( 25.50868112545530764, -7.411362084825122487, 31.64366780333179818 ) ) ;
#4069 = AXIS2_PLACEMENT_3D ( 'NONE', #6454, #2610, #6983 ) ;
#4070 = CIRCLE ( 'NONE', #2146, 32.25000000000000000 ) ;
#4071 = ORIENTED_EDGE ( 'NONE', *, *, #5057, .F. ) ;
#4072 = ORIENTED_EDGE ( 'NONE', *, *, #3556, .T. ) ;
#4073 = CARTESIAN_POINT ( 'NONE',  ( 18.71049721830912205, -0.2651661214191223248, -20.02824472908326214 ) ) ;
#4074 = ORIENTED_EDGE ( 'NONE', *, *, #5547, .T. ) ;
#4075 = LINE ( 'NONE', #862, #5277 ) ;
#4076 = AXIS2_PLACEMENT_3D ( 'NONE', #5127, #6783, #3512 ) ;
#4077 = CYLINDRICAL_SURFACE ( 'NONE', #1687, 3.000000000000002665 ) ;
#4078 = CARTESIAN_POINT ( 'NONE',  ( 25.51733603988022736, -10.87302389153628823, -30.62723218728851649 ) ) ;
#4079 = EDGE_CURVE ( 'NONE', #6398, #2636, #5685, .T. ) ;
#4080 = VERTEX_POINT ( 'NONE', #6023 ) ;
#4081 = AXIS2_PLACEMENT_3D ( 'NONE', #3689, #3149, #4812 ) ;
#4082 = ORIENTED_EDGE ( 'NONE', *, *, #2442, .F. ) ;
#4083 = AXIS2_PLACEMENT_3D ( 'NONE', #6283, #4105, #3654 ) ;
#4084 = ORIENTED_EDGE ( 'NONE', *, *, #2007, .T. ) ;
#4085 = DIRECTION ( 'NONE',  ( 0.000000000000000000, 0.000000000000000000, 1.000000000000000000 ) ) ;
#4086 = ORIENTED_EDGE ( 'NONE', *, *, #3549, .T. ) ;
#4087 = CARTESIAN_POINT ( 'NONE',  ( 16.01049721830911921, -30.63314883252257559, -8.847016988392956804 ) ) ;
#4088 = FACE_OUTER_BOUND ( 'NONE', #3127, .T. ) ;
#4089 = ADVANCED_FACE ( 'NONE', ( #132 ), #4335, .T. ) ;
#4090 = AXIS2_PLACEMENT_3D ( 'NONE', #6596, #2215, #742 ) ;
#4091 = DIRECTION ( 'NONE',  ( -1.000000000000000000, -0.000000000000000000, -0.000000000000000000 ) ) ;
#4092 = ORIENTED_EDGE ( 'NONE', *, *, #1101, .T. ) ;
#4093 = CARTESIAN_POINT ( 'NONE',  ( 19.91049721830912134, 19.06127845897276529, 26.32332926340247781 ) ) ;
#4094 = EDGE_CURVE ( 'NONE', #55, #1783, #587, .T. ) ;
#4095 = CARTESIAN_POINT ( 'NONE',  ( 25.60010050217467636, -26.61876108426052312, -17.02931679165527967 ) ) ;
#4096 = CARTESIAN_POINT ( 'NONE',  ( 16.01049721830911921, 0.000000000000000000, 0.000000000000000000 ) ) ;
#4097 = VECTOR ( 'NONE', #5446, 1000.000000000000000 ) ;
#4098 = DIRECTION ( 'NONE',  ( -1.000000000000000000, 0.000000000000000000, 0.000000000000000000 ) ) ;
#4099 = AXIS2_PLACEMENT_3D ( 'NONE', #6171, #1338, #3537 ) ;
#4100 = EDGE_CURVE ( 'NONE', #5762, #4920, #3950, .T. ) ;
#4101 = ORIENTED_EDGE ( 'NONE', *, *, #740, .T. ) ;
#4102 = AXIS2_PLACEMENT_3D ( 'NONE', #4805, #5787, #1617 ) ;
#4103 = DIRECTION ( 'NONE',  ( 0.000000000000000000, -0.1344578771215391433, -0.9909193101761460953 ) ) ;
#4104 = CIRCLE ( 'NONE', #2632, 3.000000000000006217 ) ;
#4105 = DIRECTION ( 'NONE',  ( 0.000000000000000000, -0.9572277301235017077, -0.2893355710634428757 ) ) ;
#4106 = FACE_OUTER_BOUND ( 'NONE', #1393, .T. ) ;
#4107 = CIRCLE ( 'NONE', #6924, 20.02999999999999758 ) ;
#4108 = ORIENTED_EDGE ( 'NONE', *, *, #5672, .T. ) ;
#4109 = EDGE_LOOP ( 'NONE', ( #5579, #3018, #4193, #5873 ) ) ;
#4110 = EDGE_CURVE ( 'NONE', #6362, #6673, #3915, .T. ) ;
#4111 = CIRCLE ( 'NONE', #1164, 0.5000000000000004441 ) ;
#4112 = EDGE_CURVE ( 'NONE', #3712, #1992, #166, .T. ) ;
#4113 = DIRECTION ( 'NONE',  ( -1.000000000000000000, -0.000000000000000000, -0.000000000000000000 ) ) ;
#4114 = EDGE_LOOP ( 'NONE', ( #2377, #2121, #4723, #3135 ) ) ;
#4115 = PLANE ( 'NONE',  #1650 ) ;
#4116 = DIRECTION ( 'NONE',  ( -1.000000000000000000, 0.000000000000000000, 0.000000000000000000 ) ) ;
#4117 = FACE_OUTER_BOUND ( 'NONE', #5205, .T. ) ;
#4118 = AXIS2_PLACEMENT_3D ( 'NONE', #5396, #5565, #2884 ) ;
#4119 = VERTEX_POINT ( 'NONE', #312 ) ;
#4120 = ORIENTED_EDGE ( 'NONE', *, *, #1553, .T. ) ;
#4121 = VERTEX_POINT ( 'NONE', #1298 ) ;
#4122 = EDGE_CURVE ( 'NONE', #411, #915, #944, .T. ) ;
#4123 = CARTESIAN_POINT ( 'NONE',  ( 18.71049721830912205, -16.18033988749894903, -11.75570504584946541 ) ) ;
#4124 = EDGE_LOOP ( 'NONE', ( #1707, #6175, #4451, #1453 ) ) ;
#4125 = CYLINDRICAL_SURFACE ( 'NONE', #285, 0.5000000000000004441 ) ;
#4126 = LINE ( 'NONE', #2990, #5895 ) ;
#4127 = CARTESIAN_POINT ( 'NONE',  ( 16.01049721830911921, 1.628307222841127277, -32.20821842343153918 ) ) ;
#4128 = ORIENTED_EDGE ( 'NONE', *, *, #4100, .T. ) ;
#4129 = ORIENTED_EDGE ( 'NONE', *, *, #4692, .F. ) ;
#4130 = CARTESIAN_POINT ( 'NONE',  ( 19.91049721830912134, -1.067781597599591681, 31.58189219333323194 ) ) ;
#4131 = CARTESIAN_POINT ( 'NONE',  ( 19.91049721830912134, -27.04066462635374180, -16.63925949569454588 ) ) ;
#4132 = DIRECTION ( 'NONE',  ( 0.000000000000000000, 0.5339499451778466632, 0.8455160885781975999 ) ) ;
#4133 = DIRECTION ( 'NONE',  ( 0.000000000000000000, -0.5406408174556046609, -0.8412535328311766536 ) ) ;
#4134 = CARTESIAN_POINT ( 'NONE',  ( 19.91049721830912134, 0.000000000000000000, 0.000000000000000000 ) ) ;
#4135 = VECTOR ( 'NONE', #2737, 1000.000000000000000 ) ;
#4136 = ORIENTED_EDGE ( 'NONE', *, *, #723, .T. ) ;
#4137 = CARTESIAN_POINT ( 'NONE',  ( 16.01049721830911921, 4.561682503515902098, 31.26894825203770623 ) ) ;
#4138 = DIRECTION ( 'NONE',  ( -1.000000000000000000, 0.000000000000000000, 0.000000000000000000 ) ) ;
#4139 = DIRECTION ( 'NONE',  ( -1.000000000000000000, 0.000000000000000000, 0.000000000000000000 ) ) ;
#4140 = EDGE_CURVE ( 'NONE', #5407, #6913, #2461, .T. ) ;
#4141 = ORIENTED_EDGE ( 'NONE', *, *, #4466, .T. ) ;
#4142 = ORIENTED_EDGE ( 'NONE', *, *, #5825, .T. ) ;
#4143 = AXIS2_PLACEMENT_3D ( 'NONE', #578, #5912, #3738 ) ;
#4144 = DIRECTION ( 'NONE',  ( -1.000000000000000000, -0.000000000000000000, -0.000000000000000000 ) ) ;
#4145 = ORIENTED_EDGE ( 'NONE', *, *, #3590, .T. ) ;
#4146 = FACE_OUTER_BOUND ( 'NONE', #4915, .T. ) ;
#4147 = CARTESIAN_POINT ( 'NONE',  ( 19.91049721830912134, -26.54824439462975150, 17.13904290252244422 ) ) ;
#4148 = EDGE_CURVE ( 'NONE', #674, #3268, #2428, .T. ) ;
#4149 = VECTOR ( 'NONE', #2089, 1000.000000000000114 ) ;
#4150 = FACE_OUTER_BOUND ( 'NONE', #5803, .T. ) ;
#4151 = CIRCLE ( 'NONE', #994, 3.000000000000003553 ) ;
#4152 = VERTEX_POINT ( 'NONE', #5039 ) ;
#4153 = ORIENTED_EDGE ( 'NONE', *, *, #2110, .T. ) ;
#4154 = ORIENTED_EDGE ( 'NONE', *, *, #1254, .T. ) ;
#4155 = VECTOR ( 'NONE', #1255, 1000.000000000000000 ) ;
#4156 = CYLINDRICAL_SURFACE ( 'NONE', #1089, 3.145000000000001794 ) ;
#4157 = ORIENTED_EDGE ( 'NONE', *, *, #654, .T. ) ;
#4158 = DIRECTION ( 'NONE',  ( -1.000000000000000000, 0.000000000000000000, 0.000000000000000000 ) ) ;
#4159 = ADVANCED_FACE ( 'NONE', ( #240 ), #4125, .T. ) ;
#4160 = CARTESIAN_POINT ( 'NONE',  ( 18.71049721830912205, -0.2227368943023919634, 16.82352558995636471 ) ) ;
#4161 = FACE_OUTER_BOUND ( 'NONE', #3985, .T. ) ;
#4162 = VECTOR ( 'NONE', #1705, 1000.000000000000114 ) ;
#4163 = ORIENTED_EDGE ( 'NONE', *, *, #5054, .F. ) ;
#4164 = ORIENTED_EDGE ( 'NONE', *, *, #627, .F. ) ;
#4165 = EDGE_LOOP ( 'NONE', ( #4082, #4768, #6906, #4496 ) ) ;
#4166 = DIRECTION ( 'NONE',  ( 0.000000000000000000, -0.9525166539358632667, -0.3044864922698986565 ) ) ;
#4167 = CARTESIAN_POINT ( 'NONE',  ( 16.01049721830911921, 30.54321666901011056, -9.112632449955770042 ) ) ;
#4168 = DIRECTION ( 'NONE',  ( -1.000000000000000000, 0.000000000000000000, 0.000000000000000000 ) ) ;
#4169 = FACE_OUTER_BOUND ( 'NONE', #4785, .T. ) ;
#4170 = CARTESIAN_POINT ( 'NONE',  ( 16.01049721830911921, 16.02133064797977369, 27.98891681126842457 ) ) ;
#4171 = EDGE_CURVE ( 'NONE', #1308, #974, #2954, .T. ) ;
#4172 = VECTOR ( 'NONE', #3485, 1000.000000000000000 ) ;
#4173 = EDGE_LOOP ( 'NONE', ( #2293, #6929, #2694, #6817 ) ) ;
#4174 = DIRECTION ( 'NONE',  ( -1.000000000000000000, 0.000000000000000000, 0.000000000000000000 ) ) ;
#4175 = AXIS2_PLACEMENT_3D ( 'NONE', #6668, #2963, #6101 ) ;
#4176 = DIRECTION ( 'NONE',  ( -1.000000000000000000, -0.000000000000000000, -0.000000000000000000 ) ) ;
#4177 = DIRECTION ( 'NONE',  ( 0.000000000000000000, 0.000000000000000000, -1.000000000000000000 ) ) ;
#4178 = ORIENTED_EDGE ( 'NONE', *, *, #947, .T. ) ;
#4179 = ORIENTED_EDGE ( 'NONE', *, *, #1825, .F. ) ;
#4180 = CARTESIAN_POINT ( 'NONE',  ( 19.91049721830912134, -18.80411296740775029, 26.20053120661807711 ) ) ;
#4181 = ORIENTED_EDGE ( 'NONE', *, *, #2559, .F. ) ;
#4182 = CARTESIAN_POINT ( 'NONE',  ( 89.00010752509841438, -7.927712988149142603, 16.40622836844384125 ) ) ;
#4183 = EDGE_CURVE ( 'NONE', #5635, #5199, #1366, .T. ) ;
#4184 = CARTESIAN_POINT ( 'NONE',  ( 25.52624695367774521, 30.26683409500851951, 11.83928857090789499 ) ) ;
#4185 = AXIS2_PLACEMENT_3D ( 'NONE', #6293, #4116, #1875 ) ;
#4186 = CARTESIAN_POINT ( 'NONE',  ( 89.00010752509841438, 9.708422300576449615, -13.74143956918888065 ) ) ;
#4187 = ORIENTED_EDGE ( 'NONE', *, *, #5249, .F. ) ;
#4188 = ORIENTED_EDGE ( 'NONE', *, *, #1048, .T. ) ;
#4189 = CIRCLE ( 'NONE', #3277, 20.02999999999999758 ) ;
#4190 = AXIS2_PLACEMENT_3D ( 'NONE', #2868, #4528, #1170 ) ;
#4191 = ORIENTED_EDGE ( 'NONE', *, *, #1186, .T. ) ;
#4192 = CARTESIAN_POINT ( 'NONE',  ( 16.01049721830911921, -30.26683409500843780, -8.839288570908118814 ) ) ;
#4193 = ORIENTED_EDGE ( 'NONE', *, *, #5137, .F. ) ;
#4194 = DIRECTION ( 'NONE',  ( 0.000000000000000000, 0.000000000000000000, 1.000000000000000000 ) ) ;
#4195 = CARTESIAN_POINT ( 'NONE',  ( 19.91049721830912134, -5.132756202141048441, -31.83236846727968583 ) ) ;
#4196 = DIRECTION ( 'NONE',  ( 1.000000000000000000, -0.000000000000000000, -0.000000000000000000 ) ) ;
#4197 = CIRCLE ( 'NONE', #3968, 0.5000000000000004441 ) ;
#4198 = ORIENTED_EDGE ( 'NONE', *, *, #6953, .T. ) ;
#4199 = ORIENTED_EDGE ( 'NONE', *, *, #6128, .T. ) ;
#4200 = EDGE_CURVE ( 'NONE', #1864, #4618, #4550, .T. ) ;
#4201 = CARTESIAN_POINT ( 'NONE',  ( 16.01049721830911921, -20.74280126569524185, -23.83888142726849324 ) ) ;
#4202 = CIRCLE ( 'NONE', #3626, 0.5000000000000000000 ) ;
#4203 = EDGE_CURVE ( 'NONE', #6862, #6635, #5601, .T. ) ;
#4204 = VECTOR ( 'NONE', #5759, 1000.000000000000000 ) ;
#4205 = CYLINDRICAL_SURFACE ( 'NONE', #2593, 0.5000000000000004441 ) ;
#4206 = CYLINDRICAL_SURFACE ( 'NONE', #599, 20.02999999999999758 ) ;
#4207 = FACE_OUTER_BOUND ( 'NONE', #3070, .T. ) ;
#4208 = FACE_OUTER_BOUND ( 'NONE', #1219, .T. ) ;
#4209 = CIRCLE ( 'NONE', #3756, 3.000000000000003553 ) ;
#4210 = EDGE_CURVE ( 'NONE', #6692, #1258, #2871, .T. ) ;
#4211 = DIRECTION ( 'NONE',  ( 0.000000000000000000, -0.9861543537181874930, -0.1658300052543688896 ) ) ;
#4212 = CARTESIAN_POINT ( 'NONE',  ( 25.57328953618976186, 17.97273505347123645, -25.99109206534463823 ) ) ;
#4213 = CYLINDRICAL_SURFACE ( 'NONE', #1485, 3.204999999999997851 ) ;
#4214 = ORIENTED_EDGE ( 'NONE', *, *, #3173, .F. ) ;
#4215 = ORIENTED_EDGE ( 'NONE', *, *, #4755, .F. ) ;
#4216 = CYLINDRICAL_SURFACE ( 'NONE', #2297, 0.5000000000000004441 ) ;
#4217 = ORIENTED_EDGE ( 'NONE', *, *, #4556, .F. ) ;
#4218 = EDGE_CURVE ( 'NONE', #3661, #2433, #2535, .T. ) ;
#4219 = LINE ( 'NONE', #509, #3136 ) ;
#4220 = DIRECTION ( 'NONE',  ( 1.000000000000000000, -0.000000000000000000, -0.000000000000000000 ) ) ;
#4221 = DIRECTION ( 'NONE',  ( 0.000000000000000000, 0.000000000000000000, 1.000000000000000000 ) ) ;
#4222 = CIRCLE ( 'NONE', #3996, 3.204999999999999627 ) ;
#4223 = CIRCLE ( 'NONE', #2072, 0.5000000000000004441 ) ;
#4224 = ORIENTED_EDGE ( 'NONE', *, *, #1085, .F. ) ;
#4225 = VERTEX_POINT ( 'NONE', #3023 ) ;
#4226 = VERTEX_POINT ( 'NONE', #5179 ) ;
#4227 = DIRECTION ( 'NONE',  ( 0.000000000000000000, 0.000000000000000000, 1.000000000000000000 ) ) ;
#4228 = ORIENTED_EDGE ( 'NONE', *, *, #2320, .T. ) ;
#4229 = CIRCLE ( 'NONE', #3887, 0.5000000000000004441 ) ;
#4230 = DIRECTION ( 'NONE',  ( 1.000000000000000000, -0.000000000000000000, -0.000000000000000000 ) ) ;
#4231 = CARTESIAN_POINT ( 'NONE',  ( 16.01049721830911921, -28.28432710664293026, -14.09088046134518457 ) ) ;
#4232 = CARTESIAN_POINT ( 'NONE',  ( 19.91049721830912134, -4.398968711290354605, 31.56861145085688136 ) ) ;
#4233 = VERTEX_POINT ( 'NONE', #5674 ) ;
#4234 = EDGE_CURVE ( 'NONE', #828, #2542, #3102, .T. ) ;
#4235 = ORIENTED_EDGE ( 'NONE', *, *, #3000, .T. ) ;
#4236 = CIRCLE ( 'NONE', #5913, 3.204999999999999627 ) ;
#4237 = DIRECTION ( 'NONE',  ( 0.000000000000000000, 0.000000000000000000, 1.000000000000000000 ) ) ;
#4238 = FACE_OUTER_BOUND ( 'NONE', #1955, .T. ) ;
#4239 = DIRECTION ( 'NONE',  ( -1.000000000000000000, 0.000000000000000000, 0.000000000000000000 ) ) ;
#4240 = LINE ( 'NONE', #1550, #5646 ) ;
#4241 = CARTESIAN_POINT ( 'NONE',  ( 16.01049721830911921, -21.59227047247664188, -23.95488167041142447 ) ) ;
#4242 = EDGE_CURVE ( 'NONE', #4233, #2464, #1404, .T. ) ;
#4243 = DIRECTION ( 'NONE',  ( 0.000000000000000000, -0.9909193101761460953, 0.1344578771215391710 ) ) ;
#4244 = CARTESIAN_POINT ( 'NONE',  ( 25.36049721830912418, 0.000000000000000000, 0.000000000000000000 ) ) ;
#4245 = DIRECTION ( 'NONE',  ( 0.000000000000000000, -0.5472976633393302759, 0.8369380309815709351 ) ) ;
#4246 = VERTEX_POINT ( 'NONE', #735 ) ;
#4247 = ORIENTED_EDGE ( 'NONE', *, *, #805, .F. ) ;
#4248 = AXIS2_PLACEMENT_3D ( 'NONE', #5017, #2186, #5406 ) ;
#4249 = CARTESIAN_POINT ( 'NONE',  ( 19.91049721830912134, -10.66087161983679010, 30.43695642316028938 ) ) ;
#4250 = ORIENTED_EDGE ( 'NONE', *, *, #4499, .T. ) ;
#4251 = FACE_OUTER_BOUND ( 'NONE', #5287, .T. ) ;
#4252 = DIRECTION ( 'NONE',  ( 0.000000000000000000, 0.000000000000000000, -1.000000000000000000 ) ) ;
#4253 = FACE_OUTER_BOUND ( 'NONE', #6773, .T. ) ;
#4254 = VECTOR ( 'NONE', #2490, 1000.000000000000000 ) ;
#4255 = EDGE_CURVE ( 'NONE', #2994, #6584, #3080, .T. ) ;
#4256 = ORIENTED_EDGE ( 'NONE', *, *, #6667, .F. ) ;
#4257 = ORIENTED_EDGE ( 'NONE', *, *, #3160, .F. ) ;
#4258 = EDGE_LOOP ( 'NONE', ( #6599, #4767, #6648, #4687 ) ) ;
#4259 = CARTESIAN_POINT ( 'NONE',  ( 19.91049721830912134, 31.11556062516079280, 8.478466074824110521 ) ) ;
#4260 = CARTESIAN_POINT ( 'NONE',  ( 18.71049721830912205, 9.708422300576446062, 13.74143956918888421 ) ) ;
#4261 = DIRECTION ( 'NONE',  ( 0.000000000000000000, 0.000000000000000000, -1.000000000000000000 ) ) ;
#4262 = EDGE_CURVE ( 'NONE', #5626, #6787, #4559, .T. ) ;
#4263 = ORIENTED_EDGE ( 'NONE', *, *, #6794, .F. ) ;
#4264 = AXIS2_PLACEMENT_3D ( 'NONE', #3157, #3729, #4819 ) ;
#4265 = VERTEX_POINT ( 'NONE', #6129 ) ;
#4266 = AXIS2_PLACEMENT_3D ( 'NONE', #6059, #2362, #4441 ) ;
#4267 = FACE_OUTER_BOUND ( 'NONE', #5393, .T. ) ;
#4268 = CARTESIAN_POINT ( 'NONE',  ( 18.71049721830912205, 9.708422300576446062, 13.74143956918888421 ) ) ;
#4269 = EDGE_CURVE ( 'NONE', #2054, #2378, #4236, .T. ) ;
#4270 = DIRECTION ( 'NONE',  ( -1.000000000000000000, 0.000000000000000000, -0.000000000000000000 ) ) ;
#4271 = CARTESIAN_POINT ( 'NONE',  ( 16.01049721830911921, -25.02978704007828625, 19.53387469828576783 ) ) ;
#4272 = LINE ( 'NONE', #1120, #316 ) ;
#4273 = EDGE_CURVE ( 'NONE', #2378, #4750, #3680, .T. ) ;
#4274 = LINE ( 'NONE', #6391, #1585 ) ;
#4275 = EDGE_CURVE ( 'NONE', #1951, #4712, #6472, .T. ) ;
#4276 = DIRECTION ( 'NONE',  ( 1.000000000000000000, -0.000000000000000000, -0.000000000000000000 ) ) ;
#4277 = DIRECTION ( 'NONE',  ( -1.000000000000000000, -0.000000000000000000, -0.000000000000000000 ) ) ;
#4278 = ORIENTED_EDGE ( 'NONE', *, *, #3836, .T. ) ;
#4279 = CIRCLE ( 'NONE', #5184, 0.5000000000000004441 ) ;
#4280 = VERTEX_POINT ( 'NONE', #6732 ) ;
#4281 = EDGE_CURVE ( 'NONE', #859, #2949, #3782, .T. ) ;
#4282 = AXIS2_PLACEMENT_3D ( 'NONE', #65, #2213, #560 ) ;
#4283 = DIRECTION ( 'NONE',  ( -1.000000000000000000, 0.000000000000000000, 0.000000000000000000 ) ) ;
#4284 = VERTEX_POINT ( 'NONE', #3132 ) ;
#4285 = DIRECTION ( 'NONE',  ( 0.000000000000000000, -0.007933231564906106925, 0.9999685314233330846 ) ) ;
#4286 = DIRECTION ( 'NONE',  ( 0.000000000000000000, 0.000000000000000000, 1.000000000000000000 ) ) ;
#4287 = VECTOR ( 'NONE', #3014, 1000.000000000000227 ) ;
#4288 = LINE ( 'NONE', #3194, #5303 ) ;
#4289 = AXIS2_PLACEMENT_3D ( 'NONE', #4095, #5680, #5647 ) ;
#4290 = VERTEX_POINT ( 'NONE', #452 ) ;
#4291 = EDGE_LOOP ( 'NONE', ( #6746, #2129, #6525, #644, #116, #5286, #6230, #5074, #3434, #6155, #656, #2014, #4691, #1774, #1335, #3189, #1275, #682, #3557, #373, #6410, #5044, #6440, #6503, #4689, #2547, #6537, #711, #1359, #2486, #5724, #1708, #5606, #3417, #6696, #3137, #3636, #5091, #2514, #5467, #117, #271, #868, #3593, #1827, #6461, #3812, #333, #280, #1492, #3035, #3380, #2187, #3679, #5544, #5415, #380, #5212, #6261, #3566, #4074, #352, #130, #6428, #2669, #1764, #2987, #6158, #1370, #2908, #1138, #5097, #993, #6090, #3162, #5173, #4434, #1987, #5472, #6726, #3381, #1810, #5514, #34, #4199, #4681, #2139, #2937, #2533, #1596, #2438, #718, #82, #236, #3299, #341, #455, #5507, #6796, #6546, #5484, #4533, #2485, #789, #4706, #1096, #5371, #1424, #186, #2746, #2834, #5447, #5810, #4347, #5969, #1420, #345, #4601, #6823, #6654, #6221, #2825, #5653, #5, #1722, #3903, #4426, #6684, #2700, #354, #1603, #3233, #5863, #3126, #1502, #1044, #1671, #5587, #4897, #1342, #2771, #4019, #3891, #2130, #3614, #2028, #381, #20, #2390, #5964, #3257 ) ) ;
#4292 = ORIENTED_EDGE ( 'NONE', *, *, #4939, .F. ) ;
#4293 = CARTESIAN_POINT ( 'NONE',  ( 19.91049721830912134, 20.97725278806216309, 23.99756279549701077 ) ) ;
#4294 = VECTOR ( 'NONE', #6048, 1000.000000000000114 ) ;
#4295 = ADVANCED_FACE ( 'NONE', ( #5814 ), #605, .F. ) ;
#4296 = CARTESIAN_POINT ( 'NONE',  ( 16.01049721830911921, -30.63314883252257559, -8.347016988392956804 ) ) ;
#4297 = DIRECTION ( 'NONE',  ( 1.000000000000000000, -0.000000000000000000, -0.000000000000000000 ) ) ;
#4298 = ORIENTED_EDGE ( 'NONE', *, *, #1264, .T. ) ;
#4299 = AXIS2_PLACEMENT_3D ( 'NONE', #890, #3615, #818 ) ;
#4300 = AXIS2_PLACEMENT_3D ( 'NONE', #4718, #6829, #3047 ) ;
#4301 = ORIENTED_EDGE ( 'NONE', *, *, #4808, .T. ) ;
#4302 = DIRECTION ( 'NONE',  ( -1.000000000000000000, -0.000000000000000000, -0.000000000000000000 ) ) ;
#4303 = EDGE_CURVE ( 'NONE', #5199, #1326, #2753, .T. ) ;
#4304 = AXIS2_PLACEMENT_3D ( 'NONE', #677, #2903, #2225 ) ;
#4305 = CARTESIAN_POINT ( 'NONE',  ( 16.01049721830911921, -10.87302389153628823, -27.62723218728851293 ) ) ;
#4306 = FACE_OUTER_BOUND ( 'NONE', #4888, .T. ) ;
#4307 = FACE_OUTER_BOUND ( 'NONE', #3499, .T. ) ;
#4308 = CIRCLE ( 'NONE', #3283, 32.25000000000000000 ) ;
#4309 = EDGE_CURVE ( 'NONE', #6869, #4553, #1539, .T. ) ;
#4310 = CARTESIAN_POINT ( 'NONE',  ( 16.01049721830911921, 24.56724982311119021, -19.87476561321764024 ) ) ;
#4311 = CARTESIAN_POINT ( 'NONE',  ( 18.71049721830912205, 20.00000000000000000, 0.000000000000000000 ) ) ;
#4312 =( NAMED_UNIT ( * ) PLANE_ANGLE_UNIT ( ) SI_UNIT ( $, .RADIAN. ) );
#4313 = AXIS2_PLACEMENT_3D ( 'NONE', #5060, #5752, #921 ) ;
#4314 = ORIENTED_EDGE ( 'NONE', *, *, #2061, .F. ) ;
#4315 = EDGE_CURVE ( 'NONE', #5623, #3348, #1626, .T. ) ;
#4316 = AXIS2_PLACEMENT_3D ( 'NONE', #1132, #4351, #5905 ) ;
#4317 = DIRECTION ( 'NONE',  ( 0.000000000000000000, 0.000000000000000000, -1.000000000000000000 ) ) ;
#4318 = ORIENTED_EDGE ( 'NONE', *, *, #592, .T. ) ;
#4319 = DIRECTION ( 'NONE',  ( 0.000000000000000000, 0.000000000000000000, -1.000000000000000000 ) ) ;
#4320 = LINE ( 'NONE', #2057, #4858 ) ;
#4321 = CARTESIAN_POINT ( 'NONE',  ( 16.01049721830911921, 1.224646799147353256E-15, -10.00000000000000000 ) ) ;
#4322 = EDGE_CURVE ( 'NONE', #6971, #969, #2224, .T. ) ;
#4323 = VERTEX_POINT ( 'NONE', #4917 ) ;
#4324 = EDGE_CURVE ( 'NONE', #1350, #2917, #5576, .T. ) ;
#4325 = EDGE_LOOP ( 'NONE', ( #1033, #2386, #3079, #3426 ) ) ;
#4326 = LINE ( 'NONE', #3229, #6962 ) ;
#4327 = CIRCLE ( 'NONE', #1620, 0.5000000000000004441 ) ;
#4328 = CYLINDRICAL_SURFACE ( 'NONE', #1460, 0.5000000000000004441 ) ;
#4329 = LINE ( 'NONE', #2634, #5053 ) ;
#4330 = ORIENTED_EDGE ( 'NONE', *, *, #259, .F. ) ;
#4331 = ORIENTED_EDGE ( 'NONE', *, *, #6530, .T. ) ;
#4332 = EDGE_CURVE ( 'NONE', #2764, #2279, #3254, .T. ) ;
#4333 = AXIS2_PLACEMENT_3D ( 'NONE', #5310, #6963, #4784 ) ;
#4334 = CARTESIAN_POINT ( 'NONE',  ( 25.60753480350601308, 23.34269296543707739, -22.61346247528969755 ) ) ;
#4335 = CYLINDRICAL_SURFACE ( 'NONE', #3327, 22.50000000000000355 ) ;
#4336 = PLANE ( 'NONE',  #6579 ) ;
#4337 = CIRCLE ( 'NONE', #958, 3.000000000000002665 ) ;
#4338 = CARTESIAN_POINT ( 'NONE',  ( 16.01049721830911921, 29.98410307490538784, -11.87501843339408225 ) ) ;
#4339 = CARTESIAN_POINT ( 'NONE',  ( 16.01049721830911921, 3.963961536968961585, -32.00546061117432117 ) ) ;
#4340 = AXIS2_PLACEMENT_3D ( 'NONE', #203, #5077, #4659 ) ;
#4341 = EDGE_CURVE ( 'NONE', #1202, #2343, #3707, .T. ) ;
#4342 = CARTESIAN_POINT ( 'NONE',  ( 16.01049721830911921, -30.75988013140183241, 9.689802593540834508 ) ) ;
#4343 = CARTESIAN_POINT ( 'NONE',  ( 16.01049721830911921, 30.26683409500851951, 11.83928857090789499 ) ) ;
#4344 = CARTESIAN_POINT ( 'NONE',  ( 25.52624695367774521, -28.28432710664293026, -14.09088046134518457 ) ) ;
#4345 = VERTEX_POINT ( 'NONE', #1130 ) ;
#4346 = DIRECTION ( 'NONE',  ( 0.000000000000000000, 0.000000000000000000, -1.000000000000000000 ) ) ;
#4347 = ORIENTED_EDGE ( 'NONE', *, *, #947, .F. ) ;
#4348 = CARTESIAN_POINT ( 'NONE',  ( 25.59583794145657976, -16.17618497092529495, -27.14566469692546846 ) ) ;
#4349 = CARTESIAN_POINT ( 'NONE',  ( 16.01049721830911921, 29.51923325979057466, -11.69090962047324211 ) ) ;
#4350 = DIRECTION ( 'NONE',  ( -1.000000000000000000, -0.000000000000000000, -0.000000000000000000 ) ) ;
#4351 = DIRECTION ( 'NONE',  ( -1.000000000000000000, 0.000000000000000000, 0.000000000000000000 ) ) ;
#4352 = EDGE_CURVE ( 'NONE', #969, #2368, #5250, .T. ) ;
#4353 = ORIENTED_EDGE ( 'NONE', *, *, #369, .F. ) ;
#4354 = ORIENTED_EDGE ( 'NONE', *, *, #5641, .T. ) ;
#4355 = VERTEX_POINT ( 'NONE', #2529 ) ;
#4356 = EDGE_CURVE ( 'NONE', #6584, #2596, #3673, .T. ) ;
#4357 = AXIS2_PLACEMENT_3D ( 'NONE', #5747, #1893, #6878 ) ;
#4358 = CARTESIAN_POINT ( 'NONE',  ( 16.01049721830911921, -30.33822718764673709, -8.840138186828731648 ) ) ;
#4359 = VERTEX_POINT ( 'NONE', #3096 ) ;
#4360 = DIRECTION ( 'NONE',  ( 1.000000000000000000, -0.000000000000000000, -0.000000000000000000 ) ) ;
#4361 = DIRECTION ( 'NONE',  ( 0.000000000000000000, 0.000000000000000000, -1.000000000000000000 ) ) ;
#4362 = DIRECTION ( 'NONE',  ( 0.000000000000000000, 0.000000000000000000, -1.000000000000000000 ) ) ;
#4363 = ORIENTED_EDGE ( 'NONE', *, *, #362, .T. ) ;
#4364 = ORIENTED_EDGE ( 'NONE', *, *, #3726, .T. ) ;
#4365 = AXIS2_PLACEMENT_3D ( 'NONE', #4462, #6081, #3976 ) ;
#4366 = EDGE_CURVE ( 'NONE', #874, #869, #5129, .T. ) ;
#4367 = DIRECTION ( 'NONE',  ( -1.000000000000000000, -0.000000000000000000, -0.000000000000000000 ) ) ;
#4368 = DIRECTION ( 'NONE',  ( -1.000000000000000000, 0.000000000000000000, 0.000000000000000000 ) ) ;
#4369 = DIRECTION ( 'NONE',  ( 1.000000000000000000, -0.000000000000000000, -0.000000000000000000 ) ) ;
#4370 = CYLINDRICAL_SURFACE ( 'NONE', #3310, 3.204999999999999627 ) ;
#4371 = DIRECTION ( 'NONE',  ( 0.000000000000000000, 0.000000000000000000, 1.000000000000000000 ) ) ;
#4372 = ORIENTED_EDGE ( 'NONE', *, *, #5631, .F. ) ;
#4373 = CARTESIAN_POINT ( 'NONE',  ( 16.01049721830911921, 3.902504768953938719, -31.50925191952820725 ) ) ;
#4374 = CARTESIAN_POINT ( 'NONE',  ( 16.01049721830911921, -19.06127845897257700, -23.32332926340261992 ) ) ;
#4375 = ADVANCED_FACE ( 'NONE', ( #5257 ), #571, .T. ) ;
#4376 = CARTESIAN_POINT ( 'NONE',  ( 19.91049721830912134, 29.98410307490538784, -11.87501843339408225 ) ) ;
#4377 = EDGE_LOOP ( 'NONE', ( #64, #421, #1952, #440 ) ) ;
#4378 = DIRECTION ( 'NONE',  ( 1.000000000000000000, -0.000000000000000000, -0.000000000000000000 ) ) ;
#4379 = ORIENTED_EDGE ( 'NONE', *, *, #6460, .T. ) ;
#4380 = DIRECTION ( 'NONE',  ( -1.000000000000000000, 0.000000000000000000, 0.000000000000000000 ) ) ;
#4381 = CARTESIAN_POINT ( 'NONE',  ( 25.50868112545530764, -4.398968711290354605, 31.56861145085688136 ) ) ;
#4382 = CARTESIAN_POINT ( 'NONE',  ( 16.01049721830911921, 0.000000000000000000, 0.000000000000000000 ) ) ;
#4383 = CARTESIAN_POINT ( 'NONE',  ( 18.71049721830912205, -16.18033988749895258, 11.75570504584946363 ) ) ;
#4384 = AXIS2_PLACEMENT_3D ( 'NONE', #1669, #6474, #1637 ) ;
#4385 = VERTEX_POINT ( 'NONE', #3290 ) ;
#4386 = ORIENTED_EDGE ( 'NONE', *, *, #4017, .T. ) ;
#4387 = EDGE_CURVE ( 'NONE', #1344, #6795, #3213, .T. ) ;
#4388 = DIRECTION ( 'NONE',  ( -1.000000000000000000, 0.000000000000000000, 0.000000000000000000 ) ) ;
#4389 = EDGE_LOOP ( 'NONE', ( #6298, #3955, #1390, #3416 ) ) ;
#4390 = CIRCLE ( 'NONE', #1576, 32.25000000000000000 ) ;
#4391 = CARTESIAN_POINT ( 'NONE',  ( 19.91049721830912134, -23.16875334171621503, -21.48871658899639314 ) ) ;
#4392 = LINE ( 'NONE', #2310, #4518 ) ;
#4393 = VECTOR ( 'NONE', #6272, 1000.000000000000000 ) ;
#4394 = FACE_OUTER_BOUND ( 'NONE', #222, .T. ) ;
#4395 = VERTEX_POINT ( 'NONE', #2563 ) ;
#4396 = VERTEX_POINT ( 'NONE', #1505 ) ;
#4397 = AXIS2_PLACEMENT_3D ( 'NONE', #3870, #6650, #2877 ) ;
#4398 = EDGE_CURVE ( 'NONE', #903, #6079, #1850, .T. ) ;
#4399 = ORIENTED_EDGE ( 'NONE', *, *, #3610, .T. ) ;
#4400 = DIRECTION ( 'NONE',  ( 0.000000000000000000, -2.081668171172166620E-14, 1.000000000000000000 ) ) ;
#4401 = DIRECTION ( 'NONE',  ( 0.000000000000000000, -3.469446951953611033E-15, 1.000000000000000000 ) ) ;
#4402 = DIRECTION ( 'NONE',  ( -1.000000000000000000, 0.000000000000000000, 0.000000000000000000 ) ) ;
#4403 = ORIENTED_EDGE ( 'NONE', *, *, #6460, .F. ) ;
#4404 = CARTESIAN_POINT ( 'NONE',  ( 25.36049721830912418, 3.229684546774040044, -17.93271034250898666 ) ) ;
#4405 = AXIS2_PLACEMENT_3D ( 'NONE', #4972, #4937, #4476 ) ;
#4406 = DIRECTION ( 'NONE',  ( 0.000000000000000000, 0.000000000000000000, 1.000000000000000000 ) ) ;
#4407 = AXIS2_PLACEMENT_3D ( 'NONE', #3012, #5210, #408 ) ;
#4408 = EDGE_CURVE ( 'NONE', #515, #370, #2080, .T. ) ;
#4409 = ORIENTED_EDGE ( 'NONE', *, *, #2752, .F. ) ;
#4410 = EDGE_CURVE ( 'NONE', #4485, #4284, #4571, .T. ) ;
#4411 = CIRCLE ( 'NONE', #4076, 3.145000000000001794 ) ;
#4412 = ORIENTED_EDGE ( 'NONE', *, *, #1069, .T. ) ;
#4413 = FACE_OUTER_BOUND ( 'NONE', #1173, .T. ) ;
#4414 = DIRECTION ( 'NONE',  ( 0.000000000000000000, 0.9659258262890675351, -0.2588190451025234040 ) ) ;
#4415 = CARTESIAN_POINT ( 'NONE',  ( 18.71049721830912205, 0.000000000000000000, 0.000000000000000000 ) ) ;
#4416 = ORIENTED_EDGE ( 'NONE', *, *, #44, .F. ) ;
#4417 = VERTEX_POINT ( 'NONE', #5583 ) ;
#4418 = EDGE_CURVE ( 'NONE', #3072, #6692, #6372, .T. ) ;
#4419 = FACE_OUTER_BOUND ( 'NONE', #4470, .T. ) ;
#4420 = ORIENTED_EDGE ( 'NONE', *, *, #1178, .F. ) ;
#4421 = LINE ( 'NONE', #3438, #5047 ) ;
#4422 = CARTESIAN_POINT ( 'NONE',  ( 16.01049721830911921, -32.11511552628377331, 2.946498724494393873 ) ) ;
#4423 = AXIS2_PLACEMENT_3D ( 'NONE', #113, #4138, #1939 ) ;
#4424 = DIRECTION ( 'NONE',  ( 0.000000000000000000, -1.387778780781444413E-14, 1.000000000000000000 ) ) ;
#4425 = DIRECTION ( 'NONE',  ( 0.000000000000000000, 0.000000000000000000, 1.000000000000000000 ) ) ;
#4426 = ORIENTED_EDGE ( 'NONE', *, *, #237, .T. ) ;
#4427 = EDGE_CURVE ( 'NONE', #6262, #1916, #3367, .T. ) ;
#4428 = CARTESIAN_POINT ( 'NONE',  ( 25.36049721830912418, 0.2651661214191217697, 20.02824472908326214 ) ) ;
#4429 = ORIENTED_EDGE ( 'NONE', *, *, #6981, .F. ) ;
#4430 = CARTESIAN_POINT ( 'NONE',  ( 19.91049721830912134, 30.30148033719038736, -8.965286466497278894 ) ) ;
#4431 = DIRECTION ( 'NONE',  ( -1.000000000000000000, -0.000000000000000000, -0.000000000000000000 ) ) ;
#4432 = CARTESIAN_POINT ( 'NONE',  ( 25.57328953618975831, -17.97273505347105171, 25.99109206534477323 ) ) ;
#4433 = DIRECTION ( 'NONE',  ( -0.000000000000000000, 0.8994884619106083834, 0.4369445123693488364 ) ) ;
#4434 = ORIENTED_EDGE ( 'NONE', *, *, #1387, .T. ) ;
#4435 = VERTEX_POINT ( 'NONE', #1241 ) ;
#4436 = VERTEX_POINT ( 'NONE', #4456 ) ;
#4437 = DIRECTION ( 'NONE',  ( 0.000000000000000000, 0.007933231564898777718, -0.9999685314233331956 ) ) ;
#4438 = DIRECTION ( 'NONE',  ( -1.000000000000000000, 0.000000000000000000, 0.000000000000000000 ) ) ;
#4439 = CARTESIAN_POINT ( 'NONE',  ( 18.71049721830912205, 0.000000000000000000, 0.000000000000000000 ) ) ;
#4440 = CARTESIAN_POINT ( 'NONE',  ( 16.01049721830911921, -10.66087161983679188, 30.43695642316029293 ) ) ;
#4441 = DIRECTION ( 'NONE',  ( 0.000000000000000000, 0.000000000000000000, 1.000000000000000000 ) ) ;
#4442 = ADVANCED_FACE ( 'NONE', ( #1169 ), #6071, .T. ) ;
#4443 = AXIS2_PLACEMENT_3D ( 'NONE', #3065, #5193, #5153 ) ;
#4444 = ORIENTED_EDGE ( 'NONE', *, *, #3164, .F. ) ;
#4445 = VECTOR ( 'NONE', #3727, 1000.000000000000114 ) ;
#4446 = AXIS2_PLACEMENT_3D ( 'NONE', #2775, #5008, #169 ) ;
#4447 = CARTESIAN_POINT ( 'NONE',  ( 18.71049721830912205, 10.06881816610630942, -13.47959664596413809 ) ) ;
#4448 = EDGE_CURVE ( 'NONE', #6584, #305, #3403, .T. ) ;
#4449 = LINE ( 'NONE', #5470, #703 ) ;
#4450 = DIRECTION ( 'NONE',  ( 0.000000000000000000, -0.5406408174555863422, 0.8412535328311885330 ) ) ;
#4451 = ORIENTED_EDGE ( 'NONE', *, *, #4831, .T. ) ;
#4452 = FACE_OUTER_BOUND ( 'NONE', #5782, .T. ) ;
#4453 = ORIENTED_EDGE ( 'NONE', *, *, #3956, .F. ) ;
#4454 = LINE ( 'NONE', #1759, #6170 ) ;
#4455 = EDGE_CURVE ( 'NONE', #3964, #2942, #4003, .T. ) ;
#4456 = CARTESIAN_POINT ( 'NONE',  ( 19.91049721830912134, -31.64435231366889667, -6.220728787561617956 ) ) ;
#4457 = CARTESIAN_POINT ( 'NONE',  ( 18.71049721830912205, 6.180339887498949913, -19.02113032590307284 ) ) ;
#4458 = LINE ( 'NONE', #4919, #6348 ) ;
#4459 = EDGE_LOOP ( 'NONE', ( #4108, #2761, #4627, #2916 ) ) ;
#4460 = DIRECTION ( 'NONE',  ( 0.000000000000000000, 6.938893903907222067E-15, 1.000000000000000000 ) ) ;
#4461 = ORIENTED_EDGE ( 'NONE', *, *, #4038, .F. ) ;
#4462 = CARTESIAN_POINT ( 'NONE',  ( 16.01049721830911921, 0.000000000000000000, 0.000000000000000000 ) ) ;
#4463 = AXIS2_PLACEMENT_3D ( 'NONE', #6679, #5230, #3650 ) ;
#4464 = DIRECTION ( 'NONE',  ( -1.000000000000000000, 0.000000000000000000, 0.000000000000000000 ) ) ;
#4465 = DIRECTION ( 'NONE',  ( 1.000000000000000000, -0.000000000000000000, -0.000000000000000000 ) ) ;
#4466 = EDGE_CURVE ( 'NONE', #1326, #1500, #6640, .T. ) ;
#4467 = CARTESIAN_POINT ( 'NONE',  ( 16.01049721830911921, 13.18638305077265471, 28.71716166493114386 ) ) ;
#4468 = AXIS2_PLACEMENT_3D ( 'NONE', #6036, #710, #2221 ) ;
#4469 = ORIENTED_EDGE ( 'NONE', *, *, #5738, .F. ) ;
#4470 = EDGE_LOOP ( 'NONE', ( #3582, #1051, #6377, #5133 ) ) ;
#4471 = DIRECTION ( 'NONE',  ( 0.000000000000000000, -1.040834085586083310E-14, 1.000000000000000000 ) ) ;
#4472 = CIRCLE ( 'NONE', #2211, 3.145000000000001794 ) ;
#4473 = DIRECTION ( 'NONE',  ( 1.000000000000000000, -0.000000000000000000, -0.000000000000000000 ) ) ;
#4474 = FACE_OUTER_BOUND ( 'NONE', #6834, .T. ) ;
#4475 = EDGE_CURVE ( 'NONE', #2953, #2444, #6144, .T. ) ;
#4476 = DIRECTION ( 'NONE',  ( 0.000000000000000000, -0.9997167946931292404, -0.02379769754609800669 ) ) ;
#4477 = CARTESIAN_POINT ( 'NONE',  ( 25.36049721830912418, -18.96605182169769677, 6.441255956463577625 ) ) ;
#4478 = VERTEX_POINT ( 'NONE', #1729 ) ;
#4479 = AXIS2_PLACEMENT_3D ( 'NONE', #2918, #4510, #4471 ) ;
#4480 = EDGE_CURVE ( 'NONE', #969, #6099, #1830, .T. ) ;
#4481 = DIRECTION ( 'NONE',  ( 0.000000000000000000, 0.000000000000000000, 1.000000000000000000 ) ) ;
#4482 = VECTOR ( 'NONE', #3868, 1000.000000000000000 ) ;
#4483 = FACE_OUTER_BOUND ( 'NONE', #6843, .T. ) ;
#4484 = DIRECTION ( 'NONE',  ( 0.000000000000000000, 0.000000000000000000, 1.000000000000000000 ) ) ;
#4485 = VERTEX_POINT ( 'NONE', #6676 ) ;
#4486 = AXIS2_PLACEMENT_3D ( 'NONE', #3792, #2688, #1068 ) ;
#4487 = CIRCLE ( 'NONE', #2349, 3.000000000000002665 ) ;
#4488 = EDGE_CURVE ( 'NONE', #6939, #1559, #6220, .T. ) ;
#4489 = LINE ( 'NONE', #4984, #632 ) ;
#4490 = VERTEX_POINT ( 'NONE', #2408 ) ;
#4491 = LINE ( 'NONE', #1691, #2567 ) ;
#4492 = CARTESIAN_POINT ( 'NONE',  ( 16.01049721830911921, -31.61720675843440631, 2.900816573727038605 ) ) ;
#4493 = LINE ( 'NONE', #5021, #6665 ) ;
#4494 = CARTESIAN_POINT ( 'NONE',  ( 16.01049721830911921, -15.77293792475507850, -27.55498011652018775 ) ) ;
#4495 = AXIS2_PLACEMENT_3D ( 'NONE', #2352, #3378, #126 ) ;
#4496 = ORIENTED_EDGE ( 'NONE', *, *, #3751, .F. ) ;
#4497 = ORIENTED_EDGE ( 'NONE', *, *, #871, .T. ) ;
#4498 = EDGE_CURVE ( 'NONE', #3335, #2093, #6785, .T. ) ;
#4499 = EDGE_CURVE ( 'NONE', #4947, #2845, #5215, .T. ) ;
#4500 = DIRECTION ( 'NONE',  ( -1.000000000000000000, 0.000000000000000000, 0.000000000000000000 ) ) ;
#4501 = ORIENTED_EDGE ( 'NONE', *, *, #1678, .F. ) ;
#4502 = DIRECTION ( 'NONE',  ( -1.000000000000000000, 0.000000000000000000, 0.000000000000000000 ) ) ;
#4503 = LINE ( 'NONE', #2234, #6316 ) ;
#4504 = CARTESIAN_POINT ( 'NONE',  ( 19.91049721830912134, -29.17147211914303995, 12.14830385089026343 ) ) ;
#4505 = FACE_OUTER_BOUND ( 'NONE', #6328, .T. ) ;
#4506 = ORIENTED_EDGE ( 'NONE', *, *, #5413, .T. ) ;
#4507 = ORIENTED_EDGE ( 'NONE', *, *, #2073, .T. ) ;
#4508 = VECTOR ( 'NONE', #5978, 1000.000000000000000 ) ;
#4509 = EDGE_CURVE ( 'NONE', #6764, #5867, #2050, .T. ) ;
#4510 = DIRECTION ( 'NONE',  ( 1.000000000000000000, -0.000000000000000000, -0.000000000000000000 ) ) ;
#4511 = CIRCLE ( 'NONE', #3161, 0.5000000000000004441 ) ;
#4512 = CARTESIAN_POINT ( 'NONE',  ( 16.01049721830911921, 7.411362084825350749, -31.64366780333174134 ) ) ;
#4513 = FACE_OUTER_BOUND ( 'NONE', #3643, .T. ) ;
#4514 = DIRECTION ( 'NONE',  ( 0.000000000000000000, -0.3936502181619473961, -0.9192603035816629964 ) ) ;
#4515 = CARTESIAN_POINT ( 'NONE',  ( 16.01049721830911921, 23.31991615829139519, 21.72808470685678728 ) ) ;
#4516 = ORIENTED_EDGE ( 'NONE', *, *, #103, .F. ) ;
#4517 = VERTEX_POINT ( 'NONE', #1313 ) ;
#4518 = VECTOR ( 'NONE', #3342, 1000.000000000000000 ) ;
#4519 = EDGE_CURVE ( 'NONE', #5328, #1456, #135, .T. ) ;
#4520 = AXIS2_PLACEMENT_3D ( 'NONE', #5122, #6670, #3611 ) ;
#4521 = DIRECTION ( 'NONE',  ( -1.000000000000000000, 0.000000000000000000, 0.000000000000000000 ) ) ;
#4522 = DIRECTION ( 'NONE',  ( 1.000000000000000000, -0.000000000000000000, -0.000000000000000000 ) ) ;
#4523 = CARTESIAN_POINT ( 'NONE',  ( 89.00010752509841438, 0.000000000000000000, 0.000000000000000000 ) ) ;
#4524 = ORIENTED_EDGE ( 'NONE', *, *, #3131, .T. ) ;
#4525 = EDGE_LOOP ( 'NONE', ( #3470, #152, #6133, #3924 ) ) ;
#4526 = FACE_OUTER_BOUND ( 'NONE', #4688, .T. ) ;
#4527 = CARTESIAN_POINT ( 'NONE',  ( 25.52624695367774521, -30.62124998374952511, -8.846875385739522812 ) ) ;
#4528 = DIRECTION ( 'NONE',  ( -1.000000000000000000, 0.000000000000000000, -0.000000000000000000 ) ) ;
#4529 = AXIS2_PLACEMENT_3D ( 'NONE', #4068, #786, #2936 ) ;
#4530 = LINE ( 'NONE', #360, #5141 ) ;
#4531 = EDGE_CURVE ( 'NONE', #1726, #4618, #1599, .T. ) ;
#4532 = ORIENTED_EDGE ( 'NONE', *, *, #6688, .T. ) ;
#4533 = ORIENTED_EDGE ( 'NONE', *, *, #6427, .F. ) ;
#4534 = AXIS2_PLACEMENT_3D ( 'NONE', #5715, #3503, #886 ) ;
#4535 = CARTESIAN_POINT ( 'NONE',  ( 25.50868112545531119, 4.398968711290581979, -31.56861145085686360 ) ) ;
#4536 = ORIENTED_EDGE ( 'NONE', *, *, #1584, .T. ) ;
#4537 = CIRCLE ( 'NONE', #4423, 20.02999999999999758 ) ;
#4538 = CARTESIAN_POINT ( 'NONE',  ( 16.01049721830911921, 0.000000000000000000, 0.000000000000000000 ) ) ;
#4539 = DIRECTION ( 'NONE',  ( -1.000000000000000000, 0.000000000000000000, 0.000000000000000000 ) ) ;
#4540 = ADVANCED_FACE ( 'NONE', ( #2902 ), #5058, .F. ) ;
#4541 = DIRECTION ( 'NONE',  ( 0.000000000000000000, -6.938893903907222067E-15, 1.000000000000000000 ) ) ;
#4542 = DIRECTION ( 'NONE',  ( 0.000000000000000000, 0.000000000000000000, 1.000000000000000000 ) ) ;
#4543 = VECTOR ( 'NONE', #1271, 1000.000000000000000 ) ;
#4544 = VERTEX_POINT ( 'NONE', #256 ) ;
#4545 = ORIENTED_EDGE ( 'NONE', *, *, #1818, .F. ) ;
#4546 = ORIENTED_EDGE ( 'NONE', *, *, #2478, .T. ) ;
#4547 = CIRCLE ( 'NONE', #706, 0.5000000000000004441 ) ;
#4548 = CARTESIAN_POINT ( 'NONE',  ( 16.01049721830911921, -28.60995187281025309, -14.88398984934756086 ) ) ;
#4549 = ORIENTED_EDGE ( 'NONE', *, *, #794, .T. ) ;
#4550 = LINE ( 'NONE', #2988, #1520 ) ;
#4551 = ADVANCED_FACE ( 'NONE', ( #1692 ), #3858, .F. ) ;
#4552 = PLANE ( 'NONE',  #2470 ) ;
#4553 = VERTEX_POINT ( 'NONE', #2793 ) ;
#4554 = CARTESIAN_POINT ( 'NONE',  ( 16.01049721830911921, -23.34269296543691041, 22.61346247528986453 ) ) ;
#4555 = CARTESIAN_POINT ( 'NONE',  ( 25.59583794145657976, -19.06127845897257700, -26.32332926340262347 ) ) ;
#4556 = EDGE_CURVE ( 'NONE', #5864, #2008, #4537, .T. ) ;
#4557 = VERTEX_POINT ( 'NONE', #3003 ) ;
#4558 = VERTEX_POINT ( 'NONE', #2472 ) ;
#4559 = CIRCLE ( 'NONE', #1065, 32.25000000000000000 ) ;
#4560 = CARTESIAN_POINT ( 'NONE',  ( 18.71049721830912205, -16.05699361465334007, -8.613124784825874514 ) ) ;
#4561 = DIRECTION ( 'NONE',  ( 0.000000000000000000, 0.000000000000000000, 1.000000000000000000 ) ) ;
#4562 = CIRCLE ( 'NONE', #3884, 32.25000000000000000 ) ;
#4563 = DIRECTION ( 'NONE',  ( -1.000000000000000000, 0.000000000000000000, 0.000000000000000000 ) ) ;
#4564 = CIRCLE ( 'NONE', #269, 3.000000000000003553 ) ;
#4565 = EDGE_CURVE ( 'NONE', #261, #747, #6320, .T. ) ;
#4566 = VECTOR ( 'NONE', #2686, 1000.000000000000000 ) ;
#4567 = DIRECTION ( 'NONE',  ( 0.000000000000000000, -0.8455160885781977109, 0.5339499451778467742 ) ) ;
#4568 = PLANE ( 'NONE',  #1144 ) ;
#4569 = LINE ( 'NONE', #6857, #2266 ) ;
#4570 = AXIS2_PLACEMENT_3D ( 'NONE', #2145, #1551, #1056 ) ;
#4571 = CIRCLE ( 'NONE', #5466, 3.145000000000001794 ) ;
#4572 = ORIENTED_EDGE ( 'NONE', *, *, #2862, .F. ) ;
#4573 = ORIENTED_EDGE ( 'NONE', *, *, #596, .F. ) ;
#4574 = CYLINDRICAL_SURFACE ( 'NONE', #1060, 0.5000000000000004441 ) ;
#4575 = EDGE_LOOP ( 'NONE', ( #5450, #6564 ) ) ;
#4576 = ORIENTED_EDGE ( 'NONE', *, *, #3068, .F. ) ;
#4577 = DIRECTION ( 'NONE',  ( 0.000000000000000000, 0.000000000000000000, 1.000000000000000000 ) ) ;
#4578 = ADVANCED_FACE ( 'NONE', ( #1451 ), #2544, .F. ) ;
#4579 = CYLINDRICAL_SURFACE ( 'NONE', #4185, 3.145000000000001794 ) ;
#4580 = CARTESIAN_POINT ( 'NONE',  ( 19.91049721830912134, 30.33822718764679749, 8.840138186828504274 ) ) ;
#4581 = ADVANCED_FACE ( 'NONE', ( #891 ), #6217, .F. ) ;
#4582 = SHAPE_DEFINITION_REPRESENTATION ( #155, #282 ) ;
#4583 = ORIENTED_EDGE ( 'NONE', *, *, #782, .T. ) ;
#4584 = ORIENTED_EDGE ( 'NONE', *, *, #3943, .F. ) ;
#4585 = EDGE_CURVE ( 'NONE', #2551, #4994, #3291, .T. ) ;
#4586 = CIRCLE ( 'NONE', #3571, 3.145000000000001794 ) ;
#4587 = CARTESIAN_POINT ( 'NONE',  ( 19.91049721830912134, 1.803901592770917883, 32.44989890652356479 ) ) ;
#4588 = VERTEX_POINT ( 'NONE', #4676 ) ;
#4589 = EDGE_CURVE ( 'NONE', #2356, #3497, #3617, .T. ) ;
#4590 = DIRECTION ( 'NONE',  ( 0.000000000000000000, 0.000000000000000000, 1.000000000000000000 ) ) ;
#4591 = CARTESIAN_POINT ( 'NONE',  ( 19.91049721830912134, 31.59987055267417233, -0.06521583956830895312 ) ) ;
#4592 = LINE ( 'NONE', #3423, #2414 ) ;
#4593 = DIRECTION ( 'NONE',  ( -1.000000000000000000, 0.000000000000000000, 0.000000000000000000 ) ) ;
#4594 = ORIENTED_EDGE ( 'NONE', *, *, #4356, .F. ) ;
#4595 = EDGE_CURVE ( 'NONE', #6255, #6871, #5126, .T. ) ;
#4596 = CIRCLE ( 'NONE', #2324, 0.5000000000000004441 ) ;
#4597 = CARTESIAN_POINT ( 'NONE',  ( 16.01049721830911921, 13.75219179141529224, 28.61712286258228133 ) ) ;
#4598 = PLANE ( 'NONE',  #4099 ) ;
#4599 = DIRECTION ( 'NONE',  ( -1.000000000000000000, 0.000000000000000000, 0.000000000000000000 ) ) ;
#4600 = CIRCLE ( 'NONE', #4479, 0.5000000000000004441 ) ;
#4601 = ORIENTED_EDGE ( 'NONE', *, *, #4565, .F. ) ;
#4602 = VECTOR ( 'NONE', #1177, 1000.000000000000227 ) ;
#4603 = ORIENTED_EDGE ( 'NONE', *, *, #2891, .T. ) ;
#4604 = EDGE_LOOP ( 'NONE', ( #5818, #1360, #1846, #4247 ) ) ;
#4605 = EDGE_CURVE ( 'NONE', #4385, #370, #3113, .T. ) ;
#4606 = DIRECTION ( 'NONE',  ( -1.000000000000000000, -0.000000000000000000, -0.000000000000000000 ) ) ;
#4607 = CARTESIAN_POINT ( 'NONE',  ( 25.49807105772856630, 31.69228817970154566, -3.395147212247743518 ) ) ;
#4608 = DIRECTION ( 'NONE',  ( -1.000000000000000000, -0.000000000000000000, -0.000000000000000000 ) ) ;
#4609 = CIRCLE ( 'NONE', #1214, 3.145000000000001794 ) ;
#4610 = AXIS2_PLACEMENT_3D ( 'NONE', #2666, #5848, #2565 ) ;
#4611 = VERTEX_POINT ( 'NONE', #292 ) ;
#4612 = VERTEX_POINT ( 'NONE', #1382 ) ;
#4613 = FACE_OUTER_BOUND ( 'NONE', #5970, .T. ) ;
#4614 = ORIENTED_EDGE ( 'NONE', *, *, #1069, .F. ) ;
#4615 = DIRECTION ( 'NONE',  ( 0.000000000000000000, 0.000000000000000000, 1.000000000000000000 ) ) ;
#4616 = CARTESIAN_POINT ( 'NONE',  ( 19.91049721830912134, 30.33822718764679749, 8.840138186828504274 ) ) ;
#4617 = CYLINDRICAL_SURFACE ( 'NONE', #3731, 32.25000000000000000 ) ;
#4618 = VERTEX_POINT ( 'NONE', #5272 ) ;
#4619 = ADVANCED_FACE ( 'NONE', ( #2511 ), #4568, .F. ) ;
#4620 = ORIENTED_EDGE ( 'NONE', *, *, #1122, .T. ) ;
#4621 = ORIENTED_EDGE ( 'NONE', *, *, #3892, .T. ) ;
#4622 = LINE ( 'NONE', #5177, #1545 ) ;
#4623 = EDGE_LOOP ( 'NONE', ( #5916, #1004, #3006, #1612 ) ) ;
#4624 = CARTESIAN_POINT ( 'NONE',  ( 25.56462533844871388, 29.17147211914313232, -12.14830385089005915 ) ) ;
#4625 = CARTESIAN_POINT ( 'NONE',  ( 25.43063748263523749, -31.36505133114902932, -5.671129486484199234 ) ) ;
#4626 = FACE_OUTER_BOUND ( 'NONE', #2762, .T. ) ;
#4627 = ORIENTED_EDGE ( 'NONE', *, *, #2128, .T. ) ;
#4628 = ORIENTED_EDGE ( 'NONE', *, *, #6439, .T. ) ;
#4629 = ADVANCED_FACE ( 'NONE', ( #925 ), #6250, .F. ) ;
#4630 = CYLINDRICAL_SURFACE ( 'NONE', #4357, 0.5000000000000004441 ) ;
#4631 = CYLINDRICAL_SURFACE ( 'NONE', #3733, 0.5000000000000004441 ) ;
#4632 = DIRECTION ( 'NONE',  ( 0.000000000000000000, 0.000000000000000000, 1.000000000000000000 ) ) ;
#4633 = DIRECTION ( 'NONE',  ( 1.000000000000000000, -0.000000000000000000, 0.000000000000000000 ) ) ;
#4634 = ADVANCED_FACE ( 'NONE', ( #3074 ), #1489, .T. ) ;
#4635 = AXIS2_PLACEMENT_3D ( 'NONE', #4447, #5992, #1156 ) ;
#4636 = EDGE_CURVE ( 'NONE', #6610, #4119, #3752, .T. ) ;
#4637 = VERTEX_POINT ( 'NONE', #6180 ) ;
#4638 = CARTESIAN_POINT ( 'NONE',  ( 89.00010752509841438, 16.18033988749894903, 11.75570504584946896 ) ) ;
#4639 = CARTESIAN_POINT ( 'NONE',  ( 25.43063748263523749, 31.10847290275963672, 5.551485000408850290 ) ) ;
#4640 = FILL_AREA_STYLE_COLOUR ( '', #6219 ) ;
#4641 = CIRCLE ( 'NONE', #4299, 32.25000000000000000 ) ;
#4642 = CIRCLE ( 'NONE', #5534, 0.5000000000000004441 ) ;
#4643 = EDGE_CURVE ( 'NONE', #5102, #3667, #1347, .T. ) ;
#4644 = VERTEX_POINT ( 'NONE', #1974 ) ;
#4645 = ORIENTED_EDGE ( 'NONE', *, *, #5054, .T. ) ;
#4646 = CARTESIAN_POINT ( 'NONE',  ( 19.91049721830912134, 24.56724982311119021, -19.87476561321764024 ) ) ;
#4647 = ORIENTED_EDGE ( 'NONE', *, *, #2570, .F. ) ;
#4648 = CYLINDRICAL_SURFACE ( 'NONE', #1328, 32.25000000000000000 ) ;
#4649 = CIRCLE ( 'NONE', #6100, 0.5000000000000004441 ) ;
#4650 = CARTESIAN_POINT ( 'NONE',  ( 16.01049721830911921, 0.000000000000000000, 0.000000000000000000 ) ) ;
#4651 = DIRECTION ( 'NONE',  ( 0.000000000000000000, 0.000000000000000000, 1.000000000000000000 ) ) ;
#4652 = ORIENTED_EDGE ( 'NONE', *, *, #2641, .F. ) ;
#4653 = CIRCLE ( 'NONE', #6446, 3.000000000000001776 ) ;
#4654 = EDGE_LOOP ( 'NONE', ( #4046, #3552, #2844, #4594 ) ) ;
#4655 = AXIS2_PLACEMENT_3D ( 'NONE', #2117, #2649, #4811 ) ;
#4656 = VERTEX_POINT ( 'NONE', #5160 ) ;
#4657 = CARTESIAN_POINT ( 'NONE',  ( 19.91049721830912134, 1.067781597599826604, -31.58189219333323194 ) ) ;
#4658 = VERTEX_POINT ( 'NONE', #5655 ) ;
#4659 = DIRECTION ( 'NONE',  ( 0.000000000000000000, 0.9096319953545196624, 0.4154150130018837150 ) ) ;
#4660 = CARTESIAN_POINT ( 'NONE',  ( 19.91049721830912134, -26.54824439462975150, 17.13904290252244422 ) ) ;
#4661 = VECTOR ( 'NONE', #6064, 1000.000000000000000 ) ;
#4662 = DIRECTION ( 'NONE',  ( 0.000000000000000000, 0.000000000000000000, 1.000000000000000000 ) ) ;
#4663 = ORIENTED_EDGE ( 'NONE', *, *, #5518, .F. ) ;
#4664 = ORIENTED_EDGE ( 'NONE', *, *, #2496, .T. ) ;
#4665 = CIRCLE ( 'NONE', #6565, 3.204999999999999627 ) ;
#4666 = CARTESIAN_POINT ( 'NONE',  ( 19.91049721830912134, -29.51923325979049650, 11.69090962047345350 ) ) ;
#4667 = CARTESIAN_POINT ( 'NONE',  ( 19.91049721830912134, 4.398968711290581979, -31.56861145085686360 ) ) ;
#4668 = EDGE_CURVE ( 'NONE', #1859, #3634, #819, .T. ) ;
#4669 = DIRECTION ( 'NONE',  ( -1.000000000000000000, 0.000000000000000000, 0.000000000000000000 ) ) ;
#4670 = DIRECTION ( 'NONE',  ( 0.000000000000000000, 0.000000000000000000, 1.000000000000000000 ) ) ;
#4671 = CARTESIAN_POINT ( 'NONE',  ( 18.71049721830912205, -6.180339887498946361, -19.02113032590307284 ) ) ;
#4672 = ADVANCED_FACE ( 'NONE', ( #5688 ), #854, .T. ) ;
#4673 = ORIENTED_EDGE ( 'NONE', *, *, #4585, .T. ) ;
#4674 = CARTESIAN_POINT ( 'NONE',  ( 16.01049721830911921, -26.36870086362659293, 17.68485552003684802 ) ) ;
#4675 = AXIS2_PLACEMENT_3D ( 'NONE', #3938, #2836, #4460 ) ;
#4676 = CARTESIAN_POINT ( 'NONE',  ( 18.71049721830912205, 11.55778298249903280, 16.35905108890658610 ) ) ;
#4677 = ORIENTED_EDGE ( 'NONE', *, *, #6295, .T. ) ;
#4678 = ORIENTED_EDGE ( 'NONE', *, *, #6083, .T. ) ;
#4679 = AXIS2_PLACEMENT_3D ( 'NONE', #931, #3660, #1595 ) ;
#4680 = DIRECTION ( 'NONE',  ( 1.000000000000000000, -0.000000000000000000, -0.000000000000000000 ) ) ;
#4681 = ORIENTED_EDGE ( 'NONE', *, *, #480, .F. ) ;
#4682 = LINE ( 'NONE', #5665, #1208 ) ;
#4683 = VECTOR ( 'NONE', #6024, 1000.000000000000000 ) ;
#4684 = FACE_OUTER_BOUND ( 'NONE', #2811, .T. ) ;
#4685 = CARTESIAN_POINT ( 'NONE',  ( 16.01049721830911921, 26.36870086362671728, -17.68485552003666328 ) ) ;
#4686 = AXIS2_PLACEMENT_3D ( 'NONE', #75, #4230, #943 ) ;
#4687 = ORIENTED_EDGE ( 'NONE', *, *, #226, .T. ) ;
#4688 = EDGE_LOOP ( 'NONE', ( #2781, #1800, #6382, #2131 ) ) ;
#4689 = ORIENTED_EDGE ( 'NONE', *, *, #2410, .F. ) ;
#4690 = DIRECTION ( 'NONE',  ( 0.000000000000000000, -0.9192603035816629964, 0.3936502181619473961 ) ) ;
#4691 = ORIENTED_EDGE ( 'NONE', *, *, #1020, .T. ) ;
#4692 = EDGE_CURVE ( 'NONE', #2635, #6764, #3688, .T. ) ;
#4693 = CARTESIAN_POINT ( 'NONE',  ( 16.01049721830911921, -13.75219179141508441, -28.61712286258237725 ) ) ;
#4694 = CARTESIAN_POINT ( 'NONE',  ( 16.01049721830911921, -18.80411296740775384, 26.20053120661808066 ) ) ;
#4695 = CARTESIAN_POINT ( 'NONE',  ( 16.01049721830911921, 28.60995187281036323, 14.88398984934735303 ) ) ;
#4696 = EDGE_LOOP ( 'NONE', ( #1032, #1248, #2931, #2562 ) ) ;
#4697 = ORIENTED_EDGE ( 'NONE', *, *, #6771, .F. ) ;
#4698 = DIRECTION ( 'NONE',  ( 0.000000000000000000, 0.3044864922698914400, -0.9525166539358655982 ) ) ;
#4699 = EDGE_CURVE ( 'NONE', #6398, #915, #5402, .T. ) ;
#4700 = CARTESIAN_POINT ( 'NONE',  ( 16.01049721830911921, -16.25378683942962610, -27.41792421093304810 ) ) ;
#4701 = CARTESIAN_POINT ( 'NONE',  ( 19.91049721830912134, 32.37632768798173544, 2.832561639298896594 ) ) ;
#4702 = CARTESIAN_POINT ( 'NONE',  ( 16.01049721830911921, -10.49558678852148930, 29.96506562590198541 ) ) ;
#4703 = LINE ( 'NONE', #2540, #2092 ) ;
#4704 = AXIS2_PLACEMENT_3D ( 'NONE', #3714, #5886, #5851 ) ;
#4705 = EDGE_CURVE ( 'NONE', #3050, #2893, #477, .T. ) ;
#4706 = ORIENTED_EDGE ( 'NONE', *, *, #44, .T. ) ;
#4707 = CARTESIAN_POINT ( 'NONE',  ( 19.91049721830912134, 12.62160801275779853, -29.13344317399314676 ) ) ;
#4708 = AXIS2_PLACEMENT_3D ( 'NONE', #2142, #492, #2640 ) ;
#4709 = DIRECTION ( 'NONE',  ( 0.000000000000000000, 0.000000000000000000, -1.000000000000000000 ) ) ;
#4710 = SURFACE_SIDE_STYLE ('',( #1418 ) ) ;
#4711 = ORIENTED_EDGE ( 'NONE', *, *, #1510, .F. ) ;
#4712 = VERTEX_POINT ( 'NONE', #6927 ) ;
#4713 = AXIS2_PLACEMENT_3D ( 'NONE', #4717, #375, #3519 ) ;
#4714 = ADVANCED_FACE ( 'NONE', ( #1623 ), #31, .T. ) ;
#4715 = CARTESIAN_POINT ( 'NONE',  ( 16.01049721830911921, -13.75219179141508441, -28.61712286258237725 ) ) ;
#4716 = VERTEX_POINT ( 'NONE', #4876 ) ;
#4717 = CARTESIAN_POINT ( 'NONE',  ( 19.91049721830912134, 0.000000000000000000, 0.000000000000000000 ) ) ;
#4718 = CARTESIAN_POINT ( 'NONE',  ( 16.01049721830911921, 1.803901592770917883, 32.44989890652356479 ) ) ;
#4719 = AXIS2_PLACEMENT_3D ( 'NONE', #4916, #4380, #1204 ) ;
#4720 = CARTESIAN_POINT ( 'NONE',  ( 16.01049721830911921, -27.04066462635374180, -16.63925949569454588 ) ) ;
#4721 = VECTOR ( 'NONE', #5042, 1000.000000000000000 ) ;
#4722 = EDGE_CURVE ( 'NONE', #4558, #6978, #3721, .T. ) ;
#4723 = ORIENTED_EDGE ( 'NONE', *, *, #3199, .T. ) ;
#4724 = ORIENTED_EDGE ( 'NONE', *, *, #4079, .F. ) ;
#4725 = EDGE_CURVE ( 'NONE', #6069, #1135, #563, .T. ) ;
#4726 = ORIENTED_EDGE ( 'NONE', *, *, #763, .T. ) ;
#4727 = DIRECTION ( 'NONE',  ( 0.000000000000000000, 0.000000000000000000, 1.000000000000000000 ) ) ;
#4728 = ORIENTED_EDGE ( 'NONE', *, *, #6636, .F. ) ;
#4729 = DIRECTION ( 'NONE',  ( 0.000000000000000000, 0.000000000000000000, -1.000000000000000000 ) ) ;
#4730 = CYLINDRICAL_SURFACE ( 'NONE', #5960, 0.5000000000000004441 ) ;
#4731 = DIRECTION ( 'NONE',  ( 1.000000000000000000, -0.000000000000000000, -0.000000000000000000 ) ) ;
#4732 = ORIENTED_EDGE ( 'NONE', *, *, #877, .T. ) ;
#4733 = ORIENTED_EDGE ( 'NONE', *, *, #2862, .T. ) ;
#4734 = EDGE_CURVE ( 'NONE', #6697, #498, #4209, .T. ) ;
#4735 = CARTESIAN_POINT ( 'NONE',  ( 25.36049721830912418, 11.55778298249903280, 16.35905108890658610 ) ) ;
#4736 = CARTESIAN_POINT ( 'NONE',  ( 16.01049721830911921, 30.30148033719038736, -8.965286466497278894 ) ) ;
#4737 = CARTESIAN_POINT ( 'NONE',  ( 25.50868112545531119, 10.07711777303091871, -30.23871445757157517 ) ) ;
#4738 = CARTESIAN_POINT ( 'NONE',  ( 16.01049721830911921, -3.902504768953710457, 31.50925191952822502 ) ) ;
#4739 = AXIS2_PLACEMENT_3D ( 'NONE', #688, #2732, #6544 ) ;
#4740 = LINE ( 'NONE', #6850, #5702 ) ;
#4741 = EDGE_CURVE ( 'NONE', #46, #4265, #820, .T. ) ;
#4742 = CIRCLE ( 'NONE', #6643, 0.5000000000000004441 ) ;
#4743 = ORIENTED_EDGE ( 'NONE', *, *, #5336, .T. ) ;
#4744 = FACE_BOUND ( 'NONE', #80, .T. ) ;
#4745 = CARTESIAN_POINT ( 'NONE',  ( 25.36049721830912418, 16.05699361465334718, -8.613124784825870961 ) ) ;
#4746 = CARTESIAN_POINT ( 'NONE',  ( 25.50868112545530764, -4.432578430805260261, 31.28751061535984235 ) ) ;
#4747 = ORIENTED_EDGE ( 'NONE', *, *, #3539, .F. ) ;
#4748 = VERTEX_POINT ( 'NONE', #1061 ) ;
#4749 = LINE ( 'NONE', #3190, #1403 ) ;
#4750 = VERTEX_POINT ( 'NONE', #2713 ) ;
#4751 = DIRECTION ( 'NONE',  ( 0.000000000000000000, 0.000000000000000000, 1.000000000000000000 ) ) ;
#4752 = CARTESIAN_POINT ( 'NONE',  ( 16.01049721830911921, -30.54321666901005017, 9.112632449955986758 ) ) ;
#4753 = AXIS2_PLACEMENT_3D ( 'NONE', #3717, #1483, #3684 ) ;
#4754 = CARTESIAN_POINT ( 'NONE',  ( 16.01049721830911921, 12.82037349327366726, -29.59223755468595485 ) ) ;
#4755 = EDGE_CURVE ( 'NONE', #4396, #6087, #5997, .T. ) ;
#4756 = ORIENTED_EDGE ( 'NONE', *, *, #4793, .T. ) ;
#4757 = VERTEX_POINT ( 'NONE', #5861 ) ;
#4758 = CIRCLE ( 'NONE', #3847, 3.000000000000002665 ) ;
#4759 = ORIENTED_EDGE ( 'NONE', *, *, #1533, .T. ) ;
#4760 = EDGE_CURVE ( 'NONE', #4016, #3964, #3148, .T. ) ;
#4761 = LINE ( 'NONE', #2063, #6621 ) ;
#4762 = VERTEX_POINT ( 'NONE', #6958 ) ;
#4763 = DIRECTION ( 'NONE',  ( -1.000000000000000000, 0.000000000000000000, 0.000000000000000000 ) ) ;
#4764 = CARTESIAN_POINT ( 'NONE',  ( 16.01049721830911921, -27.46650186456404441, -16.90129507830391375 ) ) ;
#4765 = LINE ( 'NONE', #946, #3596 ) ;
#4766 = PRESENTATION_LAYER_ASSIGNMENT (  '', '', ( #1136 ) ) ;
#4767 = ORIENTED_EDGE ( 'NONE', *, *, #2487, .T. ) ;
#4768 = ORIENTED_EDGE ( 'NONE', *, *, #1679, .F. ) ;
#4769 = CARTESIAN_POINT ( 'NONE',  ( 19.91049721830912134, -13.11468518961668117, 29.05052817136605370 ) ) ;
#4770 = VECTOR ( 'NONE', #1902, 1000.000000000000000 ) ;
#4771 = CARTESIAN_POINT ( 'NONE',  ( 19.91049721830912134, -21.59227047247664188, -23.95488167041142447 ) ) ;
#4772 = DIRECTION ( 'NONE',  ( -0.000000000000000000, 0.6488445900316397452, 0.7609209538359903435 ) ) ;
#4773 = DIRECTION ( 'NONE',  ( 0.000000000000000000, 0.000000000000000000, -1.000000000000000000 ) ) ;
#4774 = DIRECTION ( 'NONE',  ( 0.000000000000000000, 0.000000000000000000, -1.000000000000000000 ) ) ;
#4775 = CIRCLE ( 'NONE', #586, 32.25000000000000000 ) ;
#4776 = CIRCLE ( 'NONE', #2508, 0.5000000000000004441 ) ;
#4777 = LINE ( 'NONE', #6029, #2826 ) ;
#4778 = DIRECTION ( 'NONE',  ( 0.000000000000000000, 0.000000000000000000, 1.000000000000000000 ) ) ;
#4779 = EDGE_CURVE ( 'NONE', #4280, #5765, #6226, .T. ) ;
#4780 = DIRECTION ( 'NONE',  ( -1.000000000000000000, 0.000000000000000000, 0.000000000000000000 ) ) ;
#4781 = ORIENTED_EDGE ( 'NONE', *, *, #3852, .T. ) ;
#4782 = VERTEX_POINT ( 'NONE', #4745 ) ;
#4783 = CIRCLE ( 'NONE', #37, 3.000000000000002665 ) ;
#4784 = DIRECTION ( 'NONE',  ( 0.000000000000000000, 0.000000000000000000, 1.000000000000000000 ) ) ;
#4785 = EDGE_LOOP ( 'NONE', ( #3774, #1365, #2412, #4663 ) ) ;
#4786 = DIRECTION ( 'NONE',  ( 1.000000000000000000, -0.000000000000000000, 0.000000000000000000 ) ) ;
#4787 = CARTESIAN_POINT ( 'NONE',  ( 25.41204637760865381, 4.561682503515902098, 31.26894825203770623 ) ) ;
#4788 = DIRECTION ( 'NONE',  ( 0.000000000000000000, 0.000000000000000000, 1.000000000000000000 ) ) ;
#4789 = CIRCLE ( 'NONE', #4102, 20.02999999999999758 ) ;
#4790 = AXIS2_PLACEMENT_3D ( 'NONE', #5346, #2053, #5763 ) ;
#4791 = ORIENTED_EDGE ( 'NONE', *, *, #4699, .T. ) ;
#4792 = ORIENTED_EDGE ( 'NONE', *, *, #6672, .F. ) ;
#4793 = EDGE_CURVE ( 'NONE', #3961, #4517, #2962, .T. ) ;
#4794 = ORIENTED_EDGE ( 'NONE', *, *, #6762, .T. ) ;
#4795 = LINE ( 'NONE', #2133, #3806 ) ;
#4796 = AXIS2_PLACEMENT_3D ( 'NONE', #95, #1712, #2244 ) ;
#4797 = DIRECTION ( 'NONE',  ( -1.000000000000000000, 0.000000000000000000, 0.000000000000000000 ) ) ;
#4798 = FACE_OUTER_BOUND ( 'NONE', #959, .T. ) ;
#4799 = CARTESIAN_POINT ( 'NONE',  ( 89.00010752509841438, 16.06895312500000017, 4.986919937852695384 ) ) ;
#4800 = EDGE_CURVE ( 'NONE', #1783, #2983, #4775, .T. ) ;
#4801 = ORIENTED_EDGE ( 'NONE', *, *, #287, .F. ) ;
#4802 = ADVANCED_FACE ( 'NONE', ( #6487 ), #6888, .T. ) ;
#4803 = CARTESIAN_POINT ( 'NONE',  ( 16.01049721830911921, -10.87302389153628823, -30.62723218728851649 ) ) ;
#4804 = DIRECTION ( 'NONE',  ( -1.000000000000000000, 0.000000000000000000, 0.000000000000000000 ) ) ;
#4805 = CARTESIAN_POINT ( 'NONE',  ( 18.71049721830912205, 0.000000000000000000, 0.000000000000000000 ) ) ;
#4806 = CARTESIAN_POINT ( 'NONE',  ( 16.01049721830911921, 0.000000000000000000, 0.000000000000000000 ) ) ;
#4807 = DIRECTION ( 'NONE',  ( -1.000000000000000000, 0.000000000000000000, 0.000000000000000000 ) ) ;
#4808 = EDGE_CURVE ( 'NONE', #674, #6069, #5337, .T. ) ;
#4809 = AXIS2_PLACEMENT_3D ( 'NONE', #3334, #573, #4425 ) ;
#4810 = DIRECTION ( 'NONE',  ( -1.000000000000000000, 0.000000000000000000, 0.000000000000000000 ) ) ;
#4811 = DIRECTION ( 'NONE',  ( 0.000000000000000000, 0.000000000000000000, -1.000000000000000000 ) ) ;
#4812 = DIRECTION ( 'NONE',  ( 0.000000000000000000, 0.000000000000000000, 1.000000000000000000 ) ) ;
#4813 = ORIENTED_EDGE ( 'NONE', *, *, #3687, .T. ) ;
#4814 = ORIENTED_EDGE ( 'NONE', *, *, #6142, .T. ) ;
#4815 = EDGE_CURVE ( 'NONE', #4879, #2444, #5330, .T. ) ;
#4816 = AXIS2_PLACEMENT_3D ( 'NONE', #3329, #3855, #6000 ) ;
#4817 = LINE ( 'NONE', #6327, #2180 ) ;
#4818 = ORIENTED_EDGE ( 'NONE', *, *, #485, .T. ) ;
#4819 = DIRECTION ( 'NONE',  ( 0.000000000000000000, 0.000000000000000000, -1.000000000000000000 ) ) ;
#4820 = DIRECTION ( 'NONE',  ( 0.000000000000000000, 0.9997167946931294624, 0.02379769754609056820 ) ) ;
#4821 = CARTESIAN_POINT ( 'NONE',  ( 25.41204637760865026, -1.803901592770677187, -32.44989890652357900 ) ) ;
#4822 = VECTOR ( 'NONE', #1503, 1000.000000000000114 ) ;
#4823 = EDGE_LOOP ( 'NONE', ( #310, #128, #1755, #3001 ) ) ;
#4824 = ORIENTED_EDGE ( 'NONE', *, *, #643, .F. ) ;
#4825 = EDGE_CURVE ( 'NONE', #6326, #1465, #1094, .T. ) ;
#4826 = ORIENTED_EDGE ( 'NONE', *, *, #914, .F. ) ;
#4827 = LINE ( 'NONE', #6941, #2451 ) ;
#4828 = AXIS2_PLACEMENT_3D ( 'NONE', #1668, #3830, #977 ) ;
#4829 = DIRECTION ( 'NONE',  ( 1.000000000000000000, 0.000000000000000000, 0.000000000000000000 ) ) ;
#4830 = CARTESIAN_POINT ( 'NONE',  ( 16.01049721830911921, 31.11556062516079635, 8.478466074824112297 ) ) ;
#4831 = EDGE_CURVE ( 'NONE', #1161, #3343, #212, .T. ) ;
#4832 = ORIENTED_EDGE ( 'NONE', *, *, #3905, .T. ) ;
#4833 = CIRCLE ( 'NONE', #4719, 0.5000000000000004441 ) ;
#4834 = VERTEX_POINT ( 'NONE', #5538 ) ;
#4835 = DIRECTION ( 'NONE',  ( 0.000000000000000000, 0.9096319953545164427, -0.4154150130018907650 ) ) ;
#4836 = DIRECTION ( 'NONE',  ( 1.000000000000000000, -0.000000000000000000, -0.000000000000000000 ) ) ;
#4837 = CYLINDRICAL_SURFACE ( 'NONE', #235, 3.000000000000002665 ) ;
#4838 = DIRECTION ( 'NONE',  ( -1.000000000000000000, 0.000000000000000000, -0.000000000000000000 ) ) ;
#4839 = EDGE_CURVE ( 'NONE', #6549, #6032, #4910, .T. ) ;
#4840 = DIRECTION ( 'NONE',  ( 0.000000000000000000, 0.000000000000000000, 1.000000000000000000 ) ) ;
#4841 = EDGE_CURVE ( 'NONE', #966, #2881, #5013, .T. ) ;
#4842 = CARTESIAN_POINT ( 'NONE',  ( 19.91049721830912134, 28.76809848777853418, -15.12106178141850421 ) ) ;
#4843 = DIRECTION ( 'NONE',  ( 1.000000000000000000, -0.000000000000000000, -0.000000000000000000 ) ) ;
#4844 = EDGE_CURVE ( 'NONE', #1697, #3373, #2254, .T. ) ;
#4845 = ORIENTED_EDGE ( 'NONE', *, *, #1234, .F. ) ;
#4846 = AXIS2_PLACEMENT_3D ( 'NONE', #3167, #5879, #3638 ) ;
#4847 = VECTOR ( 'NONE', #3357, 999.9999999999998863 ) ;
#4848 = DIRECTION ( 'NONE',  ( 1.000000000000000000, -0.000000000000000000, -0.000000000000000000 ) ) ;
#4849 = ORIENTED_EDGE ( 'NONE', *, *, #6337, .T. ) ;
#4850 = FACE_OUTER_BOUND ( 'NONE', #4623, .T. ) ;
#4851 = DIRECTION ( 'NONE',  ( -1.000000000000000000, -0.000000000000000000, -0.000000000000000000 ) ) ;
#4852 = DIRECTION ( 'NONE',  ( -1.000000000000000000, 0.000000000000000000, -0.000000000000000000 ) ) ;
#4853 = EDGE_CURVE ( 'NONE', #5490, #6347, #6669, .T. ) ;
#4854 = ORIENTED_EDGE ( 'NONE', *, *, #1409, .T. ) ;
#4855 = ORIENTED_EDGE ( 'NONE', *, *, #6468, .F. ) ;
#4856 = AXIS2_PLACEMENT_3D ( 'NONE', #4738, #6881, #4773 ) ;
#4857 = LINE ( 'NONE', #3704, #6499 ) ;
#4858 = VECTOR ( 'NONE', #3255, 1000.000000000000000 ) ;
#4859 = DIRECTION ( 'NONE',  ( 0.000000000000000000, 0.7505306301456907692, 0.6608356627884971468 ) ) ;
#4860 = ADVANCED_FACE ( 'NONE', ( #4483 ), #175, .T. ) ;
#4861 = DIRECTION ( 'NONE',  ( 0.000000000000000000, 0.6608356627885028090, -0.7505306301456858842 ) ) ;
#4862 = ORIENTED_EDGE ( 'NONE', *, *, #4841, .F. ) ;
#4863 = AXIS2_PLACEMENT_3D ( 'NONE', #1621, #5234, #3111 ) ;
#4864 = AXIS2_PLACEMENT_3D ( 'NONE', #1565, #538, #2689 ) ;
#4865 = EDGE_LOOP ( 'NONE', ( #4983, #4363, #446, #646 ) ) ;
#4866 = CARTESIAN_POINT ( 'NONE',  ( 16.01049721830911921, 20.63815503485030334, -24.78162740333013403 ) ) ;
#4867 = FACE_OUTER_BOUND ( 'NONE', #1592, .T. ) ;
#4868 = CIRCLE ( 'NONE', #4081, 32.25000000000000000 ) ;
#4869 = LINE ( 'NONE', #25, #2637 ) ;
#4870 = DIRECTION ( 'NONE',  ( -1.000000000000000000, 0.000000000000000000, 0.000000000000000000 ) ) ;
#4871 = DIRECTION ( 'NONE',  ( 0.000000000000000000, 0.007933231564898777718, -0.9999685314233331956 ) ) ;
#4872 = VECTOR ( 'NONE', #2286, 1000.000000000000227 ) ;
#4873 = VECTOR ( 'NONE', #2264, 1000.000000000000000 ) ;
#4874 = EDGE_CURVE ( 'NONE', #3634, #4152, #5575, .T. ) ;
#4875 = LINE ( 'NONE', #5537, #4847 ) ;
#4876 = CARTESIAN_POINT ( 'NONE',  ( 25.36049721830912418, -19.12993349739970483, -5.936880021110806815 ) ) ;
#4877 = DIRECTION ( 'NONE',  ( -1.000000000000000000, -0.000000000000000000, -0.000000000000000000 ) ) ;
#4878 = AXIS2_PLACEMENT_3D ( 'NONE', #3321, #3889, #102 ) ;
#4879 = VERTEX_POINT ( 'NONE', #6561 ) ;
#4880 = EDGE_CURVE ( 'NONE', #4435, #3854, #6910, .T. ) ;
#4881 = PLANE ( 'NONE',  #6044 ) ;
#4882 = ORIENTED_EDGE ( 'NONE', *, *, #6392, .T. ) ;
#4883 = CARTESIAN_POINT ( 'NONE',  ( 16.01049721830911921, 1.067781597599826604, -31.58189219333323194 ) ) ;
#4884 = DIRECTION ( 'NONE',  ( -1.000000000000000000, 0.000000000000000000, 0.000000000000000000 ) ) ;
#4885 = LINE ( 'NONE', #1600, #6089 ) ;
#4886 = CARTESIAN_POINT ( 'NONE',  ( 19.91049721830912134, 13.06773822222175241, -28.77134494261572684 ) ) ;
#4887 = ORIENTED_EDGE ( 'NONE', *, *, #1020, .F. ) ;
#4888 = EDGE_LOOP ( 'NONE', ( #3183, #6470, #6886, #3452 ) ) ;
#4889 = VECTOR ( 'NONE', #2359, 1000.000000000000000 ) ;
#4890 = DIRECTION ( 'NONE',  ( -1.000000000000000000, 0.000000000000000000, 0.000000000000000000 ) ) ;
#4891 = VERTEX_POINT ( 'NONE', #1306 ) ;
#4892 = CARTESIAN_POINT ( 'NONE',  ( 19.91049721830912134, -4.673126050350215444, -31.52919357636065811 ) ) ;
#4893 = VECTOR ( 'NONE', #2143, 1000.000000000000000 ) ;
#4894 = VECTOR ( 'NONE', #48, 1000.000000000000114 ) ;
#4895 = CARTESIAN_POINT ( 'NONE',  ( 19.91049721830912134, -28.28432710664293026, -14.09088046134518457 ) ) ;
#4896 = DIRECTION ( 'NONE',  ( 0.000000000000000000, -1.775994198299188402E-15, -1.000000000000000000 ) ) ;
#4897 = ORIENTED_EDGE ( 'NONE', *, *, #6615, .T. ) ;
#4898 = ORIENTED_EDGE ( 'NONE', *, *, #4912, .T. ) ;
#4899 = AXIS2_PLACEMENT_3D ( 'NONE', #2620, #696, #5462 ) ;
#4900 = EDGE_LOOP ( 'NONE', ( #3773, #2088, #4128, #6288 ) ) ;
#4901 = EDGE_CURVE ( 'NONE', #584, #6944, #3979, .T. ) ;
#4902 = LINE ( 'NONE', #3270, #1540 ) ;
#4903 = CARTESIAN_POINT ( 'NONE',  ( 19.91049721830912134, -13.75219179141508441, -28.61712286258237725 ) ) ;
#4904 = CARTESIAN_POINT ( 'NONE',  ( 89.00010752509841438, 9.708422300576446062, 13.74143956918888421 ) ) ;
#4905 = AXIS2_PLACEMENT_3D ( 'NONE', #4439, #6590, #3916 ) ;
#4906 = FACE_OUTER_BOUND ( 'NONE', #6121, .T. ) ;
#4907 = LINE ( 'NONE', #3388, #5614 ) ;
#4908 = AXIS2_PLACEMENT_3D ( 'NONE', #4693, #4884, #416 ) ;
#4909 = CARTESIAN_POINT ( 'NONE',  ( 19.91049721830912134, -30.26683409500843780, -11.83928857090812059 ) ) ;
#4910 = LINE ( 'NONE', #705, #2162 ) ;
#4911 = DIRECTION ( 'NONE',  ( 1.000000000000000000, -0.000000000000000000, -0.000000000000000000 ) ) ;
#4912 = EDGE_CURVE ( 'NONE', #1543, #3197, #5107, .T. ) ;
#4913 = ORIENTED_EDGE ( 'NONE', *, *, #865, .T. ) ;
#4914 = CARTESIAN_POINT ( 'NONE',  ( 16.01049721830911921, -5.132756202141048441, -31.33236846727968583 ) ) ;
#4915 = EDGE_LOOP ( 'NONE', ( #4120, #5699, #2755, #4781 ) ) ;
#4916 = CARTESIAN_POINT ( 'NONE',  ( 16.01049721830911921, -22.89715811400212786, -21.99505967944588747 ) ) ;
#4917 = CARTESIAN_POINT ( 'NONE',  ( 19.91049721830912134, 23.25774328115193867, 22.34143857203541117 ) ) ;
#4918 = CARTESIAN_POINT ( 'NONE',  ( 19.91049721830912134, 0.000000000000000000, 22.50000000000000355 ) ) ;
#4919 = CARTESIAN_POINT ( 'NONE',  ( 25.56462533844871388, -29.17147211914303995, 12.14830385089026343 ) ) ;
#4920 = VERTEX_POINT ( 'NONE', #594 ) ;
#4921 = AXIS2_PLACEMENT_3D ( 'NONE', #5819, #3063, #6241 ) ;
#4922 = DIRECTION ( 'NONE',  ( -1.000000000000000000, -0.000000000000000000, -0.000000000000000000 ) ) ;
#4923 = VERTEX_POINT ( 'NONE', #4374 ) ;
#4924 = DIRECTION ( 'NONE',  ( 0.000000000000000000, 0.000000000000000000, 1.000000000000000000 ) ) ;
#4925 = LINE ( 'NONE', #6949, #4961 ) ;
#4926 = EDGE_CURVE ( 'NONE', #3491, #5867, #1934, .T. ) ;
#4927 = AXIS2_PLACEMENT_3D ( 'NONE', #3209, #6513, #3839 ) ;
#4928 = DIRECTION ( 'NONE',  ( 0.000000000000000000, 0.9063077870366494926, 0.4226182617407003295 ) ) ;
#4929 = DIRECTION ( 'NONE',  ( -1.000000000000000000, 0.000000000000000000, -0.000000000000000000 ) ) ;
#4930 = EDGE_CURVE ( 'NONE', #923, #2024, #1045, .T. ) ;
#4931 = ORIENTED_EDGE ( 'NONE', *, *, #3154, .F. ) ;
#4932 = ORIENTED_EDGE ( 'NONE', *, *, #5317, .F. ) ;
#4933 = CIRCLE ( 'NONE', #2899, 3.000000000000002665 ) ;
#4934 = DIRECTION ( 'NONE',  ( 0.000000000000000000, -0.5605076022408872483, 0.8281492787113754472 ) ) ;
#4935 = DIRECTION ( 'NONE',  ( 1.000000000000000000, -0.000000000000000000, -0.000000000000000000 ) ) ;
#4936 = CARTESIAN_POINT ( 'NONE',  ( 16.01049721830911921, -27.46650186456404086, -16.90129507830391020 ) ) ;
#4937 = DIRECTION ( 'NONE',  ( 0.000000000000000000, -0.02379769754609801016, 0.9997167946931293514 ) ) ;
#4938 = DIRECTION ( 'NONE',  ( 0.000000000000000000, 1.082510749439505625E-15, -1.000000000000000000 ) ) ;
#4939 = EDGE_CURVE ( 'NONE', #5922, #5525, #4989, .T. ) ;
#4940 = CIRCLE ( 'NONE', #2906, 0.5000000000000004441 ) ;
#4941 = ORIENTED_EDGE ( 'NONE', *, *, #362, .F. ) ;
#4942 =( GEOMETRIC_REPRESENTATION_CONTEXT ( 3 ) GLOBAL_UNCERTAINTY_ASSIGNED_CONTEXT ( ( #3076 ) ) GLOBAL_UNIT_ASSIGNED_CONTEXT ( ( #2277, #1805, #2237 ) ) REPRESENTATION_CONTEXT ( 'NONE', 'WORKASPACE' ) );
#4943 = CYLINDRICAL_SURFACE ( 'NONE', #5075, 3.000000000000002665 ) ;
#4944 = LINE ( 'NONE', #3959, #4661 ) ;
#4945 = LINE ( 'NONE', #6597, #248 ) ;
#4946 = EDGE_CURVE ( 'NONE', #1782, #903, #933, .T. ) ;
#4947 = VERTEX_POINT ( 'NONE', #3922 ) ;
#4948 = CARTESIAN_POINT ( 'NONE',  ( 19.91049721830912134, 29.45200432122980772, -12.18636927556131333 ) ) ;
#4949 = ORIENTED_EDGE ( 'NONE', *, *, #2456, .T. ) ;
#4950 = FACE_OUTER_BOUND ( 'NONE', #2413, .T. ) ;
#4951 = DIRECTION ( 'NONE',  ( -1.000000000000000000, -0.000000000000000000, -0.000000000000000000 ) ) ;
#4952 = LINE ( 'NONE', #2374, #6547 ) ;
#4953 = CARTESIAN_POINT ( 'NONE',  ( 16.01049721830911921, -23.16875334171621503, -21.48871658899639314 ) ) ;
#4954 = VECTOR ( 'NONE', #4829, 1000.000000000000000 ) ;
#4955 = ORIENTED_EDGE ( 'NONE', *, *, #3676, .F. ) ;
#4956 = DIRECTION ( 'NONE',  ( -1.000000000000000000, 0.000000000000000000, 0.000000000000000000 ) ) ;
#4957 = ORIENTED_EDGE ( 'NONE', *, *, #4841, .T. ) ;
#4958 = DIRECTION ( 'NONE',  ( -1.000000000000000000, 0.000000000000000000, -0.000000000000000000 ) ) ;
#4959 = EDGE_CURVE ( 'NONE', #1363, #5176, #5668, .T. ) ;
#4960 = CARTESIAN_POINT ( 'NONE',  ( 25.60010050217467636, -26.88842138021879435, -17.11551782266247557 ) ) ;
#4961 = VECTOR ( 'NONE', #3608, 1000.000000000000000 ) ;
#4962 = CARTESIAN_POINT ( 'NONE',  ( 25.52624695367774521, -28.49680455888961461, -14.27796500172669525 ) ) ;
#4963 = LINE ( 'NONE', #2312, #4162 ) ;
#4964 = ORIENTED_EDGE ( 'NONE', *, *, #6484, .F. ) ;
#4965 = ORIENTED_EDGE ( 'NONE', *, *, #4760, .T. ) ;
#4966 = EDGE_CURVE ( 'NONE', #915, #1456, #1786, .T. ) ;
#4967 = VECTOR ( 'NONE', #725, 1000.000000000000114 ) ;
#4968 = LINE ( 'NONE', #3948, #873 ) ;
#4969 = EDGE_CURVE ( 'NONE', #5694, #1758, #4449, .T. ) ;
#4970 = DIRECTION ( 'NONE',  ( 1.000000000000000000, -0.000000000000000000, -0.000000000000000000 ) ) ;
#4971 = DIRECTION ( 'NONE',  ( 0.000000000000000000, 0.000000000000000000, 1.000000000000000000 ) ) ;
#4972 = CARTESIAN_POINT ( 'NONE',  ( 25.52624695367774521, -30.33822718764673709, -8.840138186828731648 ) ) ;
#4973 = AXIS2_PLACEMENT_3D ( 'NONE', #523, #3748, #2644 ) ;
#4974 = CARTESIAN_POINT ( 'NONE',  ( 25.36049721830912418, -15.93129415377253189, 5.410590687343962202 ) ) ;
#4975 = ORIENTED_EDGE ( 'NONE', *, *, #4200, .T. ) ;
#4976 = EDGE_CURVE ( 'NONE', #2893, #3791, #4944, .T. ) ;
#4977 = CIRCLE ( 'NONE', #1924, 0.5000000000000004441 ) ;
#4978 = CYLINDRICAL_SURFACE ( 'NONE', #1249, 32.25000000000000000 ) ;
#4979 = CARTESIAN_POINT ( 'NONE',  ( 89.00010752509841438, -20.00000000000000000, -2.602085213965210642E-15 ) ) ;
#4980 = DIRECTION ( 'NONE',  ( 0.000000000000000000, 0.000000000000000000, 1.000000000000000000 ) ) ;
#4981 = AXIS2_PLACEMENT_3D ( 'NONE', #3923, #5540, #2291 ) ;
#4982 = VECTOR ( 'NONE', #530, 1000.000000000000000 ) ;
#4983 = ORIENTED_EDGE ( 'NONE', *, *, #4218, .T. ) ;
#4984 = CARTESIAN_POINT ( 'NONE',  ( 19.91049721830912134, 20.64422757970526234, -23.92429601239777170 ) ) ;
#4985 = ORIENTED_EDGE ( 'NONE', *, *, #3579, .T. ) ;
#4986 = EDGE_CURVE ( 'NONE', #1918, #2735, #1606, .T. ) ;
#4987 = DIRECTION ( 'NONE',  ( 0.000000000000000000, -0.1187190626573184360, -0.9929278846732866315 ) ) ;
#4988 = CARTESIAN_POINT ( 'NONE',  ( 19.91049721830912134, -13.06773822222154458, 28.77134494261581921 ) ) ;
#4989 = CIRCLE ( 'NONE', #3865, 3.000000000000002665 ) ;
#4990 = CARTESIAN_POINT ( 'NONE',  ( 25.36049721830912418, 18.05304843749999932, -2.469899717251454518 ) ) ;
#4991 = FACE_OUTER_BOUND ( 'NONE', #1385, .T. ) ;
#4992 = ORIENTED_EDGE ( 'NONE', *, *, #580, .T. ) ;
#4993 = CARTESIAN_POINT ( 'NONE',  ( 18.71049721830912205, 16.18033988749895258, -11.75570504584946363 ) ) ;
#4994 = VERTEX_POINT ( 'NONE', #358 ) ;
#4995 = EDGE_CURVE ( 'NONE', #2881, #315, #2167, .T. ) ;
#4996 = LINE ( 'NONE', #5065, #880 ) ;
#4997 = LINE ( 'NONE', #4960, #2029 ) ;
#4998 = CARTESIAN_POINT ( 'NONE',  ( 16.01049721830911921, 31.74391750263135492, -0.6214511936865445563 ) ) ;
#4999 = CYLINDRICAL_SURFACE ( 'NONE', #2574, 0.5000000000000004441 ) ;
#5000 = VERTEX_POINT ( 'NONE', #323 ) ;
#5001 = ADVANCED_FACE ( 'NONE', ( #2964 ), #4598, .F. ) ;
#5002 = EDGE_LOOP ( 'NONE', ( #976, #1658, #1742, #2910 ) ) ;
#5003 = ORIENTED_EDGE ( 'NONE', *, *, #4418, .F. ) ;
#5004 = AXIS2_PLACEMENT_3D ( 'NONE', #698, #588, #6626 ) ;
#5005 = DIRECTION ( 'NONE',  ( -1.000000000000000000, -0.000000000000000000, -0.000000000000000000 ) ) ;
#5006 = VECTOR ( 'NONE', #5662, 1000.000000000000000 ) ;
#5007 = CARTESIAN_POINT ( 'NONE',  ( 19.91049721830912134, -28.16638672749536454, -14.65323031679953836 ) ) ;
#5008 = DIRECTION ( 'NONE',  ( 1.000000000000000000, -0.000000000000000000, -0.000000000000000000 ) ) ;
#5009 = CARTESIAN_POINT ( 'NONE',  ( 19.91049721830912134, 0.000000000000000000, 0.000000000000000000 ) ) ;
#5010 = FACE_OUTER_BOUND ( 'NONE', #1963, .T. ) ;
#5011 = EDGE_CURVE ( 'NONE', #6871, #5110, #1395, .T. ) ;
#5012 = DIRECTION ( 'NONE',  ( 1.000000000000000000, -0.000000000000000000, -0.000000000000000000 ) ) ;
#5013 = LINE ( 'NONE', #5049, #23 ) ;
#5014 = FACE_OUTER_BOUND ( 'NONE', #2900, .T. ) ;
#5015 = ADVANCED_FACE ( 'NONE', ( #6743 ), #1895, .T. ) ;
#5016 = ORIENTED_EDGE ( 'NONE', *, *, #3669, .T. ) ;
#5017 = CARTESIAN_POINT ( 'NONE',  ( 16.01049721830911921, 1.628307222841127277, -31.70821842343153563 ) ) ;
#5018 = ORIENTED_EDGE ( 'NONE', *, *, #5572, .T. ) ;
#5019 = DIRECTION ( 'NONE',  ( -1.000000000000000000, 0.000000000000000000, 0.000000000000000000 ) ) ;
#5020 = CARTESIAN_POINT ( 'NONE',  ( 19.91049721830912134, 18.51257633225432642, -25.79432142046882959 ) ) ;
#5021 = CARTESIAN_POINT ( 'NONE',  ( 16.01049721830911921, -13.75219179141508441, -29.11712286258238080 ) ) ;
#5022 = DIRECTION ( 'NONE',  ( 0.000000000000000000, 0.000000000000000000, -1.000000000000000000 ) ) ;
#5023 = EDGE_CURVE ( 'NONE', #584, #2787, #5121, .T. ) ;
#5024 = ORIENTED_EDGE ( 'NONE', *, *, #5366, .T. ) ;
#5025 = EDGE_LOOP ( 'NONE', ( #482, #4136, #5756, #1735 ) ) ;
#5026 = LINE ( 'NONE', #645, #1512 ) ;
#5027 = ORIENTED_EDGE ( 'NONE', *, *, #6615, .F. ) ;
#5028 = CYLINDRICAL_SURFACE ( 'NONE', #3921, 32.25000000000000000 ) ;
#5029 = CARTESIAN_POINT ( 'NONE',  ( 89.00010752509841438, -11.55778298249901859, -16.35905108890659321 ) ) ;
#5030 = ORIENTED_EDGE ( 'NONE', *, *, #5349, .T. ) ;
#5031 = CARTESIAN_POINT ( 'NONE',  ( 16.01049721830911921, 0.000000000000000000, 0.000000000000000000 ) ) ;
#5032 = CARTESIAN_POINT ( 'NONE',  ( 16.01049721830911921, -30.30148033719032696, 8.965286466497492057 ) ) ;
#5033 = EDGE_CURVE ( 'NONE', #6842, #6731, #499, .T. ) ;
#5034 = ORIENTED_EDGE ( 'NONE', *, *, #1458, .T. ) ;
#5035 = ORIENTED_EDGE ( 'NONE', *, *, #826, .T. ) ;
#5036 = ORIENTED_EDGE ( 'NONE', *, *, #3813, .T. ) ;
#5037 = PLANE ( 'NONE',  #3800 ) ;
#5038 = VECTOR ( 'NONE', #3527, 1000.000000000000000 ) ;
#5039 = CARTESIAN_POINT ( 'NONE',  ( 19.91049721830912134, 31.41239523350688856, -3.437658759308257483 ) ) ;
#5040 = FACE_OUTER_BOUND ( 'NONE', #2778, .T. ) ;
#5041 = CARTESIAN_POINT ( 'NONE',  ( 16.01049721830911921, -28.49680455888961461, -14.27796500172669525 ) ) ;
#5042 = DIRECTION ( 'NONE',  ( -1.000000000000000000, -0.000000000000000000, -0.000000000000000000 ) ) ;
#5043 = ORIENTED_EDGE ( 'NONE', *, *, #1718, .F. ) ;
#5044 = ORIENTED_EDGE ( 'NONE', *, *, #5336, .F. ) ;
#5045 = AXIS2_PLACEMENT_3D ( 'NONE', #5134, #3482, #4615 ) ;
#5046 = DIRECTION ( 'NONE',  ( 0.000000000000000000, -0.9929278846732876307, 0.1187190626573113444 ) ) ;
#5047 = VECTOR ( 'NONE', #6495, 1000.000000000000000 ) ;
#5048 = EDGE_CURVE ( 'NONE', #4355, #5098, #6693, .T. ) ;
#5049 = CARTESIAN_POINT ( 'NONE',  ( 89.00010752509841438, -9.708422300576447839, 16.94643956918887895 ) ) ;
#5050 = VECTOR ( 'NONE', #3354, 1000.000000000000000 ) ;
#5051 = CYLINDRICAL_SURFACE ( 'NONE', #5541, 0.5000000000000004441 ) ;
#5052 = ORIENTED_EDGE ( 'NONE', *, *, #2846, .T. ) ;
#5053 = VECTOR ( 'NONE', #4297, 1000.000000000000000 ) ;
#5054 = EDGE_CURVE ( 'NONE', #4994, #4284, #1444, .T. ) ;
#5055 = ORIENTED_EDGE ( 'NONE', *, *, #4959, .F. ) ;
#5056 = CARTESIAN_POINT ( 'NONE',  ( 25.41204637760865381, 1.803901592770917883, 32.44989890652356479 ) ) ;
#5057 = EDGE_CURVE ( 'NONE', #4323, #2193, #5086, .T. ) ;
#5058 = CYLINDRICAL_SURFACE ( 'NONE', #18, 3.000000000000002665 ) ;
#5059 = LINE ( 'NONE', #1761, #2710 ) ;
#5060 = CARTESIAN_POINT ( 'NONE',  ( 16.01049721830911921, 28.16638672749546402, 14.65323031679932875 ) ) ;
#5061 = ORIENTED_EDGE ( 'NONE', *, *, #1943, .F. ) ;
#5062 = ORIENTED_EDGE ( 'NONE', *, *, #1632, .T. ) ;
#5063 = FACE_OUTER_BOUND ( 'NONE', #1526, .T. ) ;
#5064 = ORIENTED_EDGE ( 'NONE', *, *, #822, .F. ) ;
#5065 = CARTESIAN_POINT ( 'NONE',  ( 16.01049721830911921, 21.59227047247681952, 23.95488167041126104 ) ) ;
#5066 = EDGE_CURVE ( 'NONE', #1925, #6655, #3315, .T. ) ;
#5067 = CARTESIAN_POINT ( 'NONE',  ( 16.01049721830911921, 1.067781597599826604, -31.58189219333323194 ) ) ;
#5068 = DIRECTION ( 'NONE',  ( -1.000000000000000000, 0.000000000000000000, 0.000000000000000000 ) ) ;
#5069 = ORIENTED_EDGE ( 'NONE', *, *, #361, .F. ) ;
#5070 = ORIENTED_EDGE ( 'NONE', *, *, #1776, .F. ) ;
#5071 = AXIS2_PLACEMENT_3D ( 'NONE', #2841, #1771, #3942 ) ;
#5072 = ORIENTED_EDGE ( 'NONE', *, *, #195, .F. ) ;
#5073 = LINE ( 'NONE', #238, #3007 ) ;
#5074 = ORIENTED_EDGE ( 'NONE', *, *, #369, .T. ) ;
#5075 = AXIS2_PLACEMENT_3D ( 'NONE', #101, #1649, #3814 ) ;
#5076 = EDGE_CURVE ( 'NONE', #3783, #6398, #6243, .T. ) ;
#5077 = DIRECTION ( 'NONE',  ( -1.000000000000000000, 0.000000000000000000, 0.000000000000000000 ) ) ;
#5078 = DIRECTION ( 'NONE',  ( -1.000000000000000000, 0.000000000000000000, 0.000000000000000000 ) ) ;
#5079 = DIRECTION ( 'NONE',  ( 0.000000000000000000, 0.000000000000000000, 1.000000000000000000 ) ) ;
#5080 = FACE_OUTER_BOUND ( 'NONE', #2094, .T. ) ;
#5081 = VERTEX_POINT ( 'NONE', #2538 ) ;
#5082 = VERTEX_POINT ( 'NONE', #5714 ) ;
#5083 = AXIS2_PLACEMENT_3D ( 'NONE', #6014, #3907, #3483 ) ;
#5084 = LINE ( 'NONE', #5574, #3391 ) ;
#5085 = VECTOR ( 'NONE', #3663, 1000.000000000000000 ) ;
#5086 = LINE ( 'NONE', #250, #2296 ) ;
#5087 = CARTESIAN_POINT ( 'NONE',  ( 16.01049721830911921, 3.902504768953938719, -31.50925191952820725 ) ) ;
#5088 = ORIENTED_EDGE ( 'NONE', *, *, #1784, .T. ) ;
#5089 = AXIS2_PLACEMENT_3D ( 'NONE', #1028, #3073, #3184 ) ;
#5090 = EDGE_CURVE ( 'NONE', #4385, #5490, #1400, .T. ) ;
#5091 = ORIENTED_EDGE ( 'NONE', *, *, #4966, .F. ) ;
#5092 = DIRECTION ( 'NONE',  ( 0.000000000000000000, 0.9909193101761460953, -0.1344578771215391433 ) ) ;
#5093 = DIRECTION ( 'NONE',  ( 0.000000000000000000, 0.000000000000000000, 1.000000000000000000 ) ) ;
#5094 = CARTESIAN_POINT ( 'NONE',  ( 16.01049721830911921, -16.02133064797956763, -27.98891681126853825 ) ) ;
#5095 = AXIS2_PLACEMENT_3D ( 'NONE', #5162, #4608, #1903 ) ;
#5096 = ADVANCED_FACE ( 'NONE', ( #1968 ), #3609, .T. ) ;
#5097 = ORIENTED_EDGE ( 'NONE', *, *, #5834, .F. ) ;
#5098 = VERTEX_POINT ( 'NONE', #5750 ) ;
#5099 = EDGE_CURVE ( 'NONE', #3641, #6574, #6210, .T. ) ;
#5100 = VECTOR ( 'NONE', #3066, 1000.000000000000000 ) ;
#5101 = CARTESIAN_POINT ( 'NONE',  ( 89.00010752509841438, -9.708422300576447839, 13.74143956918888243 ) ) ;
#5102 = VERTEX_POINT ( 'NONE', #6848 ) ;
#5103 = CARTESIAN_POINT ( 'NONE',  ( 25.41204637760865381, 4.673126050350447258, 31.52919357636061548 ) ) ;
#5104 = LINE ( 'NONE', #5029, #2370 ) ;
#5105 = CARTESIAN_POINT ( 'NONE',  ( 16.01049721830911921, 0.000000000000000000, 0.000000000000000000 ) ) ;
#5106 = EDGE_CURVE ( 'NONE', #869, #810, #3665, .T. ) ;
#5107 = CIRCLE ( 'NONE', #4090, 0.5000000000000004441 ) ;
#5108 = ORIENTED_EDGE ( 'NONE', *, *, #5678, .T. ) ;
#5109 = ORIENTED_EDGE ( 'NONE', *, *, #5729, .F. ) ;
#5110 = VERTEX_POINT ( 'NONE', #1481 ) ;
#5111 = CARTESIAN_POINT ( 'NONE',  ( 19.91049721830912134, 28.16638672749546402, 14.65323031679932875 ) ) ;
#5112 = ORIENTED_EDGE ( 'NONE', *, *, #3539, .T. ) ;
#5113 = DIRECTION ( 'NONE',  ( 0.000000000000000000, 0.000000000000000000, -1.000000000000000000 ) ) ;
#5114 = DIRECTION ( 'NONE',  ( 1.000000000000000000, 0.000000000000000000, 0.000000000000000000 ) ) ;
#5115 = CARTESIAN_POINT ( 'NONE',  ( 89.00010752509841438, -16.06895312500000017, -4.986919937852697160 ) ) ;
#5116 = DIRECTION ( 'NONE',  ( -1.000000000000000000, -0.000000000000000000, -0.000000000000000000 ) ) ;
#5117 = ORIENTED_EDGE ( 'NONE', *, *, #6349, .T. ) ;
#5118 = EDGE_CURVE ( 'NONE', #2013, #4436, #4562, .T. ) ;
#5119 = VECTOR ( 'NONE', #4956, 1000.000000000000000 ) ;
#5120 = CARTESIAN_POINT ( 'NONE',  ( 16.01049721830911921, 5.132756202141282031, 31.33236846727963965 ) ) ;
#5121 = LINE ( 'NONE', #2003, #1723 ) ;
#5122 = CARTESIAN_POINT ( 'NONE',  ( 19.91049721830912134, 0.000000000000000000, 0.000000000000000000 ) ) ;
#5123 = AXIS2_PLACEMENT_3D ( 'NONE', #1673, #3311, #6056 ) ;
#5124 = ORIENTED_EDGE ( 'NONE', *, *, #2217, .F. ) ;
#5125 = CARTESIAN_POINT ( 'NONE',  ( 89.00010752509841438, 0.2227368943023911030, -16.82352558995636471 ) ) ;
#5126 = LINE ( 'NONE', #366, #4204 ) ;
#5127 = CARTESIAN_POINT ( 'NONE',  ( 25.36049721830912418, -6.180339887498946361, -19.02113032590307284 ) ) ;
#5128 = EDGE_CURVE ( 'NONE', #2917, #6032, #4107, .T. ) ;
#5129 = CIRCLE ( 'NONE', #5359, 32.25000000000000000 ) ;
#5130 = EDGE_LOOP ( 'NONE', ( #1380, #4037, #610, #5616 ) ) ;
#5131 = ORIENTED_EDGE ( 'NONE', *, *, #259, .T. ) ;
#5132 = CARTESIAN_POINT ( 'NONE',  ( 16.01049721830911921, -18.51257633225414168, 25.79432142046895393 ) ) ;
#5133 = ORIENTED_EDGE ( 'NONE', *, *, #1892, .F. ) ;
#5134 = CARTESIAN_POINT ( 'NONE',  ( 89.00010752509841438, 0.000000000000000000, 0.000000000000000000 ) ) ;
#5135 = CARTESIAN_POINT ( 'NONE',  ( 19.91049721830912134, 23.31991615829139519, 21.72808470685678728 ) ) ;
#5136 = CYLINDRICAL_SURFACE ( 'NONE', #6763, 3.000000000000002665 ) ;
#5137 = EDGE_CURVE ( 'NONE', #3453, #1925, #3086, .T. ) ;
#5138 = ORIENTED_EDGE ( 'NONE', *, *, #1605, .T. ) ;
#5139 = ORIENTED_EDGE ( 'NONE', *, *, #2802, .T. ) ;
#5140 = ORIENTED_EDGE ( 'NONE', *, *, #4509, .T. ) ;
#5141 = VECTOR ( 'NONE', #3934, 1000.000000000000000 ) ;
#5142 = EDGE_CURVE ( 'NONE', #6099, #5356, #5299, .T. ) ;
#5143 = CARTESIAN_POINT ( 'NONE',  ( 25.49807105772856630, -30.30148033719032696, 8.965286466497492057 ) ) ;
#5144 = ORIENTED_EDGE ( 'NONE', *, *, #215, .F. ) ;
#5145 = CARTESIAN_POINT ( 'NONE',  ( 19.91049721830912134, -16.02620128337611050, 28.27385492685273150 ) ) ;
#5146 = LINE ( 'NONE', #4625, #6421 ) ;
#5147 = EDGE_CURVE ( 'NONE', #4656, #6638, #1054, .T. ) ;
#5148 = CARTESIAN_POINT ( 'NONE',  ( 25.60010050217467636, -25.70530160745082071, -19.88686675346286847 ) ) ;
#5149 = ORIENTED_EDGE ( 'NONE', *, *, #2704, .F. ) ;
#5150 = ORIENTED_EDGE ( 'NONE', *, *, #723, .F. ) ;
#5151 = DIRECTION ( 'NONE',  ( 0.000000000000000000, 0.000000000000000000, -1.000000000000000000 ) ) ;
#5152 = CARTESIAN_POINT ( 'NONE',  ( 19.91049721830912134, -5.132756202141048441, -31.33236846727968583 ) ) ;
#5153 = DIRECTION ( 'NONE',  ( 0.000000000000000000, -2.664535259100375697E-15, -1.000000000000000000 ) ) ;
#5154 = EDGE_CURVE ( 'NONE', #1980, #4435, #4789, .T. ) ;
#5155 = VERTEX_POINT ( 'NONE', #3747 ) ;
#5156 = CARTESIAN_POINT ( 'NONE',  ( 16.01049721830911921, 18.80411296740793503, -26.20053120661794566 ) ) ;
#5157 = VECTOR ( 'NONE', #5696, 1000.000000000000000 ) ;
#5158 = ORIENTED_EDGE ( 'NONE', *, *, #4466, .F. ) ;
#5159 = CYLINDRICAL_SURFACE ( 'NONE', #6323, 3.205000000000001403 ) ;
#5160 = CARTESIAN_POINT ( 'NONE',  ( 19.91049721830912134, -23.25774328115176459, -22.34143857203559236 ) ) ;
#5161 = EDGE_CURVE ( 'NONE', #6196, #2596, #1549, .T. ) ;
#5162 = CARTESIAN_POINT ( 'NONE',  ( 25.57328953618975831, -16.02620128337611050, 28.27385492685273150 ) ) ;
#5163 = VECTOR ( 'NONE', #1102, 1000.000000000000000 ) ;
#5164 = CIRCLE ( 'NONE', #1656, 0.5000000000000004441 ) ;
#5165 = VERTEX_POINT ( 'NONE', #1516 ) ;
#5166 = ORIENTED_EDGE ( 'NONE', *, *, #5906, .F. ) ;
#5167 = CARTESIAN_POINT ( 'NONE',  ( 19.91049721830912134, -4.561682503515669396, -31.26894825203774175 ) ) ;
#5168 = ORIENTED_EDGE ( 'NONE', *, *, #1254, .F. ) ;
#5169 = CARTESIAN_POINT ( 'NONE',  ( 89.00010752509841438, -0.2651661214191223248, -20.02824472908326214 ) ) ;
#5170 = CIRCLE ( 'NONE', #6973, 0.5000000000000004441 ) ;
#5171 = CARTESIAN_POINT ( 'NONE',  ( 89.00010752509841438, 0.2651661214191306515, -20.02824472908326214 ) ) ;
#5172 = FACE_OUTER_BOUND ( 'NONE', #3205, .T. ) ;
#5173 = ORIENTED_EDGE ( 'NONE', *, *, #3227, .T. ) ;
#5174 = ORIENTED_EDGE ( 'NONE', *, *, #3709, .F. ) ;
#5175 = ADVANCED_FACE ( 'NONE', ( #3177 ), #4206, .F. ) ;
#5176 = VERTEX_POINT ( 'NONE', #6387 ) ;
#5177 = CARTESIAN_POINT ( 'NONE',  ( 25.56462533844871388, 29.45200432122980772, -12.18636927556131333 ) ) ;
#5178 = EDGE_LOOP ( 'NONE', ( #690, #3515, #3228, #985 ) ) ;
#5179 = CARTESIAN_POINT ( 'NONE',  ( 19.91049721830912134, -26.78395599533724791, 17.96335718176971241 ) ) ;
#5180 = EDGE_CURVE ( 'NONE', #1302, #4385, #4869, .T. ) ;
#5181 = DIRECTION ( 'NONE',  ( -1.000000000000000000, 0.000000000000000000, 0.000000000000000000 ) ) ;
#5182 = CYLINDRICAL_SURFACE ( 'NONE', #3138, 32.25000000000000000 ) ;
#5183 = ORIENTED_EDGE ( 'NONE', *, *, #3180, .F. ) ;
#5184 = AXIS2_PLACEMENT_3D ( 'NONE', #4296, #6975, #2136 ) ;
#5185 = ADVANCED_FACE ( 'NONE', ( #3777 ), #4336, .F. ) ;
#5186 = ORIENTED_EDGE ( 'NONE', *, *, #1373, .T. ) ;
#5187 = VECTOR ( 'NONE', #283, 1000.000000000000000 ) ;
#5188 = ADVANCED_FACE ( 'NONE', ( #2573 ), #1086, .T. ) ;
#5189 = DIRECTION ( 'NONE',  ( 0.000000000000000000, 0.000000000000000000, 1.000000000000000000 ) ) ;
#5190 = CIRCLE ( 'NONE', #6080, 20.02999999999999758 ) ;
#5191 = PLANE ( 'NONE',  #1121 ) ;
#5192 = ORIENTED_EDGE ( 'NONE', *, *, #3813, .F. ) ;
#5193 = DIRECTION ( 'NONE',  ( -1.000000000000000000, 0.000000000000000000, -0.000000000000000000 ) ) ;
#5194 = LINE ( 'NONE', #1969, #5430 ) ;
#5195 = CARTESIAN_POINT ( 'NONE',  ( 16.01049721830911921, -7.870872375829785383, -30.88652655611316433 ) ) ;
#5196 = EDGE_CURVE ( 'NONE', #19, #1543, #6950, .T. ) ;
#5197 = VERTEX_POINT ( 'NONE', #522 ) ;
#5198 = AXIS2_PLACEMENT_3D ( 'NONE', #4268, #1802, #6616 ) ;
#5199 = VERTEX_POINT ( 'NONE', #5919 ) ;
#5200 = CYLINDRICAL_SURFACE ( 'NONE', #3475, 3.145000000000001794 ) ;
#5201 = DIRECTION ( 'NONE',  ( -1.000000000000000000, 0.000000000000000000, -0.000000000000000000 ) ) ;
#5202 = LINE ( 'NONE', #367, #2387 ) ;
#5203 = CIRCLE ( 'NONE', #4863, 3.000000000000002665 ) ;
#5204 = ORIENTED_EDGE ( 'NONE', *, *, #654, .F. ) ;
#5205 = EDGE_LOOP ( 'NONE', ( #4024, #4794, #2035, #347 ) ) ;
#5206 = EDGE_CURVE ( 'NONE', #810, #1568, #2106, .T. ) ;
#5207 = LINE ( 'NONE', #2415, #3548 ) ;
#5208 = VERTEX_POINT ( 'NONE', #5368 ) ;
#5209 = CARTESIAN_POINT ( 'NONE',  ( 16.01049721830911921, 0.000000000000000000, 0.000000000000000000 ) ) ;
#5210 = DIRECTION ( 'NONE',  ( -1.000000000000000000, 0.000000000000000000, 0.000000000000000000 ) ) ;
#5211 = DIRECTION ( 'NONE',  ( -1.000000000000000000, 0.000000000000000000, 0.000000000000000000 ) ) ;
#5212 = ORIENTED_EDGE ( 'NONE', *, *, #1806, .T. ) ;
#5213 = MECHANICAL_DESIGN_GEOMETRIC_PRESENTATION_REPRESENTATION (  '', ( #1136 ), #5657 ) ;
#5214 = ORIENTED_EDGE ( 'NONE', *, *, #2675, .T. ) ;
#5215 = CIRCLE ( 'NONE', #3182, 3.000000000000002665 ) ;
#5216 = ORIENTED_EDGE ( 'NONE', *, *, #6476, .T. ) ;
#5217 = DIRECTION ( 'NONE',  ( 1.000000000000000000, -0.000000000000000000, -0.000000000000000000 ) ) ;
#5218 = ORIENTED_EDGE ( 'NONE', *, *, #4844, .F. ) ;
#5219 = DIRECTION ( 'NONE',  ( 0.000000000000000000, 0.5339499451778404460, 0.8455160885782017077 ) ) ;
#5220 = CARTESIAN_POINT ( 'NONE',  ( 16.01049721830911921, 0.000000000000000000, 0.000000000000000000 ) ) ;
#5221 = VECTOR ( 'NONE', #1158, 999.9999999999998863 ) ;
#5222 = DIRECTION ( 'NONE',  ( -1.000000000000000000, 0.000000000000000000, 0.000000000000000000 ) ) ;
#5223 = EDGE_CURVE ( 'NONE', #1664, #3050, #4222, .T. ) ;
#5224 = CARTESIAN_POINT ( 'NONE',  ( 16.01049721830911921, -30.63314883252257559, -8.347016988392956804 ) ) ;
#5225 = EDGE_LOOP ( 'NONE', ( #5973, #4985, #5622, #5192 ) ) ;
#5226 = PLANE ( 'NONE',  #182 ) ;
#5227 = DIRECTION ( 'NONE',  ( 1.000000000000000000, -0.000000000000000000, -0.000000000000000000 ) ) ;
#5228 = DIRECTION ( 'NONE',  ( 0.000000000000000000, 0.5406408174555918933, -0.8412535328311848692 ) ) ;
#5229 = DIRECTION ( 'NONE',  ( -1.000000000000000000, 0.000000000000000000, -0.000000000000000000 ) ) ;
#5230 = DIRECTION ( 'NONE',  ( -1.000000000000000000, 0.000000000000000000, -0.000000000000000000 ) ) ;
#5231 = EDGE_CURVE ( 'NONE', #2764, #1709, #1949, .T. ) ;
#5232 = ORIENTED_EDGE ( 'NONE', *, *, #6934, .F. ) ;
#5233 = AXIS2_PLACEMENT_3D ( 'NONE', #4061, #918, #3570 ) ;
#5234 = DIRECTION ( 'NONE',  ( 1.000000000000000000, -0.000000000000000000, -0.000000000000000000 ) ) ;
#5235 = EDGE_CURVE ( 'NONE', #1782, #1980, #2609, .T. ) ;
#5236 = AXIS2_PLACEMENT_3D ( 'NONE', #2728, #4890, #6045 ) ;
#5237 = DIRECTION ( 'NONE',  ( 0.000000000000000000, 0.8455160885782017077, -0.5339499451778403349 ) ) ;
#5238 = CARTESIAN_POINT ( 'NONE',  ( 16.01049721830911921, 28.76809848777853418, -15.12106178141850421 ) ) ;
#5239 = EDGE_CURVE ( 'NONE', #3599, #4891, #2040, .T. ) ;
#5240 = VERTEX_POINT ( 'NONE', #4305 ) ;
#5241 = VERTEX_POINT ( 'NONE', #3683 ) ;
#5242 = AXIS2_PLACEMENT_3D ( 'NONE', #6462, #6893, #3081 ) ;
#5243 = LINE ( 'NONE', #405, #3320 ) ;
#5244 = ORIENTED_EDGE ( 'NONE', *, *, #5551, .F. ) ;
#5245 = CYLINDRICAL_SURFACE ( 'NONE', #1554, 3.204999999999999627 ) ;
#5246 = VECTOR ( 'NONE', #3312, 1000.000000000000000 ) ;
#5247 = LINE ( 'NONE', #5805, #3514 ) ;
#5248 = CYLINDRICAL_SURFACE ( 'NONE', #5634, 3.205000000000001403 ) ;
#5249 = EDGE_CURVE ( 'NONE', #315, #3101, #3206, .T. ) ;
#5250 = CIRCLE ( 'NONE', #3992, 3.000000000000002665 ) ;
#5251 = ORIENTED_EDGE ( 'NONE', *, *, #4488, .T. ) ;
#5252 = ORIENTED_EDGE ( 'NONE', *, *, #6246, .T. ) ;
#5253 = CIRCLE ( 'NONE', #2992, 0.5000000000000000000 ) ;
#5254 = ORIENTED_EDGE ( 'NONE', *, *, #3597, .F. ) ;
#5255 = DIRECTION ( 'NONE',  ( 0.000000000000000000, 0.000000000000000000, 1.000000000000000000 ) ) ;
#5256 = VERTEX_POINT ( 'NONE', #2076 ) ;
#5257 = FACE_OUTER_BOUND ( 'NONE', #5516, .T. ) ;
#5258 = CARTESIAN_POINT ( 'NONE',  ( 25.60010050217467636, 23.31991615829139519, 21.72808470685678728 ) ) ;
#5259 = ADVANCED_FACE ( 'NONE', ( #2360 ), #736, .F. ) ;
#5260 = CYLINDRICAL_SURFACE ( 'NONE', #326, 3.000000000000002665 ) ;
#5261 = VERTEX_POINT ( 'NONE', #624 ) ;
#5262 = ORIENTED_EDGE ( 'NONE', *, *, #6977, .F. ) ;
#5263 = CARTESIAN_POINT ( 'NONE',  ( 25.60753480350601308, 20.76792786991645201, -24.17894386957444297 ) ) ;
#5264 = CARTESIAN_POINT ( 'NONE',  ( 16.01049721830911921, 4.398968711290581979, -31.56861145085686360 ) ) ;
#5265 = DIRECTION ( 'NONE',  ( 0.000000000000000000, -0.9063077870366494926, -0.4226182617407003295 ) ) ;
#5266 = CYLINDRICAL_SURFACE ( 'NONE', #2392, 3.000000000000002665 ) ;
#5267 = CARTESIAN_POINT ( 'NONE',  ( 18.71049721830912205, 16.05699361465334718, -8.613124784825870961 ) ) ;
#5268 = CIRCLE ( 'NONE', #3225, 0.5000000000000004441 ) ;
#5269 = ADVANCED_FACE ( 'NONE', ( #3385 ), #3422, .F. ) ;
#5270 = DIRECTION ( 'NONE',  ( -1.000000000000000000, 0.000000000000000000, 0.000000000000000000 ) ) ;
#5271 = AXIS2_PLACEMENT_3D ( 'NONE', #4587, #5812, #1954 ) ;
#5272 = CARTESIAN_POINT ( 'NONE',  ( 16.01049721830911921, -29.98410307490530613, 11.87501843339429364 ) ) ;
#5273 = EDGE_CURVE ( 'NONE', #2558, #6572, #5899, .T. ) ;
#5274 = ORIENTED_EDGE ( 'NONE', *, *, #2691, .T. ) ;
#5275 = ORIENTED_EDGE ( 'NONE', *, *, #982, .T. ) ;
#5276 = EDGE_CURVE ( 'NONE', #2845, #299, #1225, .T. ) ;
#5277 = VECTOR ( 'NONE', #897, 1000.000000000000000 ) ;
#5278 = CARTESIAN_POINT ( 'NONE',  ( 16.01049721830911921, 21.25750658918260427, 23.58348815614132121 ) ) ;
#5279 = ORIENTED_EDGE ( 'NONE', *, *, #6548, .F. ) ;
#5280 = CARTESIAN_POINT ( 'NONE',  ( 25.43063748263523749, -31.59987055267417233, 0.06521583956830895312 ) ) ;
#5281 = DIRECTION ( 'NONE',  ( -1.000000000000000000, 0.000000000000000000, 0.000000000000000000 ) ) ;
#5282 = VECTOR ( 'NONE', #748, 1000.000000000000000 ) ;
#5283 = DIRECTION ( 'NONE',  ( -1.000000000000000000, -0.000000000000000000, -0.000000000000000000 ) ) ;
#5284 = AXIS2_PLACEMENT_3D ( 'NONE', #3564, #5116, #1960 ) ;
#5285 = ORIENTED_EDGE ( 'NONE', *, *, #6606, .T. ) ;
#5286 = ORIENTED_EDGE ( 'NONE', *, *, #2399, .T. ) ;
#5287 = EDGE_LOOP ( 'NONE', ( #792, #3656, #4469, #2062 ) ) ;
#5288 = CARTESIAN_POINT ( 'NONE',  ( 16.01049721830911921, -1.149693357779144387, 31.85288620896327316 ) ) ;
#5289 = VERTEX_POINT ( 'NONE', #134 ) ;
#5290 = DIRECTION ( 'NONE',  ( 0.000000000000000000, 0.000000000000000000, 1.000000000000000000 ) ) ;
#5291 = CARTESIAN_POINT ( 'NONE',  ( 16.01049721830911921, 7.873118297266509913, 30.60343249259373977 ) ) ;
#5292 = FACE_OUTER_BOUND ( 'NONE', #403, .T. ) ;
#5293 = ORIENTED_EDGE ( 'NONE', *, *, #4322, .T. ) ;
#5294 = ORIENTED_EDGE ( 'NONE', *, *, #6969, .F. ) ;
#5295 = ADVANCED_FACE ( 'NONE', ( #4513 ), #2285, .F. ) ;
#5296 = ADVANCED_FACE ( 'NONE', ( #4474 ), #6057, .T. ) ;
#5297 = CARTESIAN_POINT ( 'NONE',  ( 25.60010050217467636, -25.70530160745082071, -16.88686675346286492 ) ) ;
#5298 = CARTESIAN_POINT ( 'NONE',  ( 18.71049721830912205, 11.98683077962016874, -16.04732961775106403 ) ) ;
#5299 = LINE ( 'NONE', #3716, #2522 ) ;
#5300 = DIRECTION ( 'NONE',  ( 0.000000000000000000, 0.000000000000000000, 1.000000000000000000 ) ) ;
#5301 = AXIS2_PLACEMENT_3D ( 'NONE', #5779, #1049, #5815 ) ;
#5302 = DIRECTION ( 'NONE',  ( 0.000000000000000000, -0.4369445123693487809, 0.8994884619106082724 ) ) ;
#5303 = VECTOR ( 'NONE', #6437, 1000.000000000000000 ) ;
#5304 = CYLINDRICAL_SURFACE ( 'NONE', #2488, 3.204999999999999627 ) ;
#5305 = VECTOR ( 'NONE', #5012, 1000.000000000000000 ) ;
#5306 = CARTESIAN_POINT ( 'NONE',  ( 19.91049721830912134, 0.000000000000000000, 0.000000000000000000 ) ) ;
#5307 = EDGE_CURVE ( 'NONE', #6069, #5777, #2977, .T. ) ;
#5308 = ORIENTED_EDGE ( 'NONE', *, *, #1031, .T. ) ;
#5309 = ORIENTED_EDGE ( 'NONE', *, *, #5911, .F. ) ;
#5310 = CARTESIAN_POINT ( 'NONE',  ( 16.01049721830911921, 31.61720675843442052, -2.900816573726812120 ) ) ;
#5311 = VERTEX_POINT ( 'NONE', #5950 ) ;
#5312 = DIRECTION ( 'NONE',  ( 0.000000000000000000, 0.000000000000000000, -1.000000000000000000 ) ) ;
#5313 = DIRECTION ( 'NONE',  ( 0.000000000000000000, 0.000000000000000000, 1.000000000000000000 ) ) ;
#5314 = CIRCLE ( 'NONE', #1361, 0.5000000000000004441 ) ;
#5315 = ADVANCED_FACE ( 'NONE', ( #5040 ), #2245, .F. ) ;
#5316 = FACE_OUTER_BOUND ( 'NONE', #1538, .T. ) ;
#5317 = EDGE_CURVE ( 'NONE', #2044, #4656, #50, .T. ) ;
#5318 = EDGE_LOOP ( 'NONE', ( #6478, #1072, #5035, #4711 ) ) ;
#5319 = ORIENTED_EDGE ( 'NONE', *, *, #1101, .F. ) ;
#5320 = VECTOR ( 'NONE', #2794, 1000.000000000000000 ) ;
#5321 = ORIENTED_EDGE ( 'NONE', *, *, #2675, .F. ) ;
#5322 = CARTESIAN_POINT ( 'NONE',  ( 19.91049721830912134, 31.15374220027868191, 6.124283380002523813 ) ) ;
#5323 = ADVANCED_FACE ( 'NONE', ( #6516 ), #2741, .F. ) ;
#5324 = FACE_OUTER_BOUND ( 'NONE', #3939, .T. ) ;
#5325 = DIRECTION ( 'NONE',  ( 1.000000000000000000, -0.000000000000000000, -0.000000000000000000 ) ) ;
#5326 = VECTOR ( 'NONE', #4033, 1000.000000000000000 ) ;
#5327 = DIRECTION ( 'NONE',  ( 0.000000000000000000, 0.000000000000000000, 1.000000000000000000 ) ) ;
#5328 = VERTEX_POINT ( 'NONE', #3881 ) ;
#5329 = DIRECTION ( 'NONE',  ( 1.000000000000000000, -0.000000000000000000, -0.000000000000000000 ) ) ;
#5330 = CIRCLE ( 'NONE', #257, 32.25000000000000000 ) ;
#5331 = DIRECTION ( 'NONE',  ( -1.000000000000000000, 0.000000000000000000, -0.000000000000000000 ) ) ;
#5332 = DIRECTION ( 'NONE',  ( 0.000000000000000000, 0.000000000000000000, 1.000000000000000000 ) ) ;
#5333 = AXIS2_PLACEMENT_3D ( 'NONE', #4134, #1315, #3441 ) ;
#5334 = CARTESIAN_POINT ( 'NONE',  ( 89.00010752509841438, 16.05699361465334718, -8.613124784825870961 ) ) ;
#5335 = CYLINDRICAL_SURFACE ( 'NONE', #2423, 0.5000000000000004441 ) ;
#5336 = EDGE_CURVE ( 'NONE', #3268, #3348, #1674, .T. ) ;
#5337 = CIRCLE ( 'NONE', #1821, 3.000000000000002665 ) ;
#5338 = ORIENTED_EDGE ( 'NONE', *, *, #1988, .F. ) ;
#5339 = AXIS2_PLACEMENT_3D ( 'NONE', #378, #2520, #3085 ) ;
#5340 = CARTESIAN_POINT ( 'NONE',  ( 25.36049721830912418, -13.15345235776983834, 12.60950647614247799 ) ) ;
#5341 = DIRECTION ( 'NONE',  ( 0.000000000000000000, -2.081668171172166620E-14, 1.000000000000000000 ) ) ;
#5342 =( NAMED_UNIT ( * ) SI_UNIT ( $, .STERADIAN. ) SOLID_ANGLE_UNIT ( ) );
#5343 = VERTEX_POINT ( 'NONE', #5986 ) ;
#5344 = ORIENTED_EDGE ( 'NONE', *, *, #596, .T. ) ;
#5345 = VECTOR ( 'NONE', #808, 1000.000000000000000 ) ;
#5346 = CARTESIAN_POINT ( 'NONE',  ( 16.01049721830911921, -21.25750658918243019, -23.58348815614147753 ) ) ;
#5347 = VERTEX_POINT ( 'NONE', #1151 ) ;
#5348 = CARTESIAN_POINT ( 'NONE',  ( 25.36049721830912418, -16.18033988749895258, 11.75570504584946363 ) ) ;
#5349 = EDGE_CURVE ( 'NONE', #5626, #46, #2815, .T. ) ;
#5350 = CARTESIAN_POINT ( 'NONE',  ( 89.00010752509841438, -11.98683077962017762, -16.04732961775105693 ) ) ;
#5351 = DIRECTION ( 'NONE',  ( 0.000000000000000000, 0.000000000000000000, 1.000000000000000000 ) ) ;
#5352 = VECTOR ( 'NONE', #6919, 1000.000000000000000 ) ;
#5353 = VECTOR ( 'NONE', #4144, 1000.000000000000000 ) ;
#5354 = ORIENTED_EDGE ( 'NONE', *, *, #557, .F. ) ;
#5355 = EDGE_LOOP ( 'NONE', ( #1100, #922, #6761, #5138 ) ) ;
#5356 = VERTEX_POINT ( 'NONE', #96 ) ;
#5357 = DIRECTION ( 'NONE',  ( 0.000000000000000000, -0.4369445123693553312, 0.8994884619106052748 ) ) ;
#5358 = EDGE_CURVE ( 'NONE', #1758, #3219, #732, .T. ) ;
#5359 = AXIS2_PLACEMENT_3D ( 'NONE', #1436, #4763, #5739 ) ;
#5360 = CARTESIAN_POINT ( 'NONE',  ( 16.01049721830911921, -30.63314883252257559, -8.847016988392956804 ) ) ;
#5361 = DIRECTION ( 'NONE',  ( -1.000000000000000000, -0.000000000000000000, -0.000000000000000000 ) ) ;
#5362 = ORIENTED_EDGE ( 'NONE', *, *, #4901, .T. ) ;
#5363 = ORIENTED_EDGE ( 'NONE', *, *, #2442, .T. ) ;
#5364 = EDGE_CURVE ( 'NONE', #6930, #4637, #4007, .T. ) ;
#5365 = DIRECTION ( 'NONE',  ( -1.000000000000000000, 0.000000000000000000, 0.000000000000000000 ) ) ;
#5366 = EDGE_CURVE ( 'NONE', #2734, #3712, #1292, .T. ) ;
#5367 = ORIENTED_EDGE ( 'NONE', *, *, #4926, .F. ) ;
#5368 = CARTESIAN_POINT ( 'NONE',  ( 19.91049721830912134, 30.54321666901011056, -9.112632449955770042 ) ) ;
#5369 = DIRECTION ( 'NONE',  ( 0.000000000000000000, 0.000000000000000000, -1.000000000000000000 ) ) ;
#5370 = CARTESIAN_POINT ( 'NONE',  ( 16.01049721830911921, 30.30148033719038736, -8.965286466497278894 ) ) ;
#5371 = ORIENTED_EDGE ( 'NONE', *, *, #3109, .F. ) ;
#5372 = ADVANCED_FACE ( 'NONE', ( #1437 ), #1959, .T. ) ;
#5373 = DIRECTION ( 'NONE',  ( 1.000000000000000000, -0.000000000000000000, -0.000000000000000000 ) ) ;
#5374 = ORIENTED_EDGE ( 'NONE', *, *, #4448, .F. ) ;
#5375 = DIRECTION ( 'NONE',  ( 0.000000000000000000, 8.673617379884027583E-16, 1.000000000000000000 ) ) ;
#5376 = VECTOR ( 'NONE', #2790, 1000.000000000000000 ) ;
#5377 = ORIENTED_EDGE ( 'NONE', *, *, #63, .F. ) ;
#5378 = CIRCLE ( 'NONE', #309, 0.5000000000000004441 ) ;
#5379 = CARTESIAN_POINT ( 'NONE',  ( 16.01049721830911921, 31.41239523350688856, -3.437658759308257483 ) ) ;
#5380 = EDGE_LOOP ( 'NONE', ( #3188, #657, #198, #321 ) ) ;
#5381 = CYLINDRICAL_SURFACE ( 'NONE', #2341, 0.5000000000000000000 ) ;
#5382 = CYLINDRICAL_SURFACE ( 'NONE', #1369, 0.5000000000000004441 ) ;
#5383 = CARTESIAN_POINT ( 'NONE',  ( 16.01049721830911921, -28.16638672749536454, -14.65323031679953836 ) ) ;
#5384 = VERTEX_POINT ( 'NONE', #3057 ) ;
#5385 = ORIENTED_EDGE ( 'NONE', *, *, #139, .T. ) ;
#5386 = ORIENTED_EDGE ( 'NONE', *, *, #1178, .T. ) ;
#5387 = CARTESIAN_POINT ( 'NONE',  ( 16.01049721830911921, 0.000000000000000000, 0.000000000000000000 ) ) ;
#5388 = DIRECTION ( 'NONE',  ( -1.000000000000000000, 0.000000000000000000, 0.000000000000000000 ) ) ;
#5389 = CARTESIAN_POINT ( 'NONE',  ( 16.01049721830911921, -13.96876174088619216, -29.06778621474903801 ) ) ;
#5390 = ORIENTED_EDGE ( 'NONE', *, *, #4930, .T. ) ;
#5391 = AXIS2_PLACEMENT_3D ( 'NONE', #5125, #4031, #4065 ) ;
#5392 = EDGE_CURVE ( 'NONE', #5241, #2054, #4126, .T. ) ;
#5393 = EDGE_LOOP ( 'NONE', ( #3551, #754, #1192, #3876 ) ) ;
#5394 = AXIS2_PLACEMENT_3D ( 'NONE', #3168, #2168, #6874 ) ;
#5395 = DIRECTION ( 'NONE',  ( 0.000000000000000000, 0.000000000000000000, -1.000000000000000000 ) ) ;
#5396 = CARTESIAN_POINT ( 'NONE',  ( 18.71049721830912205, -0.2227368943023867731, -16.82352558995636116 ) ) ;
#5397 = DIRECTION ( 'NONE',  ( 0.000000000000000000, 0.000000000000000000, -1.000000000000000000 ) ) ;
#5398 = CARTESIAN_POINT ( 'NONE',  ( 16.01049721830911921, -27.04066462635374180, -16.63925949569454588 ) ) ;
#5399 = LINE ( 'NONE', #3179, #3260 ) ;
#5400 = EDGE_CURVE ( 'NONE', #1456, #3783, #6237, .T. ) ;
#5401 = CARTESIAN_POINT ( 'NONE',  ( 19.91049721830912134, -20.97725278806198546, -23.99756279549716709 ) ) ;
#5402 = LINE ( 'NONE', #4212, #483 ) ;
#5403 = CARTESIAN_POINT ( 'NONE',  ( 16.01049721830911921, -31.36505133114902932, -5.671129486484199234 ) ) ;
#5404 = ORIENTED_EDGE ( 'NONE', *, *, #3709, .T. ) ;
#5405 = CIRCLE ( 'NONE', #4175, 0.5000000000000004441 ) ;
#5406 = DIRECTION ( 'NONE',  ( 0.000000000000000000, 0.000000000000000000, -1.000000000000000000 ) ) ;
#5407 = VERTEX_POINT ( 'NONE', #6700 ) ;
#5408 = FACE_OUTER_BOUND ( 'NONE', #6772, .T. ) ;
#5409 = CARTESIAN_POINT ( 'NONE',  ( 18.71049721830912205, -16.06895312500000017, 4.986919937852694495 ) ) ;
#5410 = CARTESIAN_POINT ( 'NONE',  ( 89.00010752509841438, 11.55778298249903635, -16.35905108890658255 ) ) ;
#5411 = CARTESIAN_POINT ( 'NONE',  ( 16.01049721830911921, -20.31818363896098134, 24.39741612575926766 ) ) ;
#5412 = AXIS2_PLACEMENT_3D ( 'NONE', #3448, #5592, #3375 ) ;
#5413 = EDGE_CURVE ( 'NONE', #432, #1363, #6769, .T. ) ;
#5414 = VERTEX_POINT ( 'NONE', #3601 ) ;
#5415 = ORIENTED_EDGE ( 'NONE', *, *, #2624, .F. ) ;
#5416 = CIRCLE ( 'NONE', #4069, 3.145000000000001794 ) ;
#5417 = CYLINDRICAL_SURFACE ( 'NONE', #5828, 32.25000000000000000 ) ;
#5418 = LINE ( 'NONE', #4962, #4508 ) ;
#5419 = CARTESIAN_POINT ( 'NONE',  ( 19.91049721830912134, -10.87302389153628823, -30.62723218728851649 ) ) ;
#5420 = EDGE_LOOP ( 'NONE', ( #799, #804, #6752, #3701 ) ) ;
#5421 = VECTOR ( 'NONE', #1693, 1000.000000000000000 ) ;
#5422 = ORIENTED_EDGE ( 'NONE', *, *, #5892, .T. ) ;
#5423 = ORIENTED_EDGE ( 'NONE', *, *, #5392, .T. ) ;
#5424 = CYLINDRICAL_SURFACE ( 'NONE', #635, 0.5000000000000004441 ) ;
#5425 = CARTESIAN_POINT ( 'NONE',  ( 19.91049721830912134, 16.02620128337631655, -28.27385492685261781 ) ) ;
#5426 = EDGE_CURVE ( 'NONE', #3343, #2242, #4337, .T. ) ;
#5427 = DIRECTION ( 'NONE',  ( 0.000000000000000000, 0.000000000000000000, 1.000000000000000000 ) ) ;
#5428 = DIRECTION ( 'NONE',  ( -1.000000000000000000, 0.000000000000000000, 0.000000000000000000 ) ) ;
#5429 = CARTESIAN_POINT ( 'NONE',  ( 16.01049721830911921, -10.87302389153628823, -30.62723218728851649 ) ) ;
#5430 = VECTOR ( 'NONE', #6211, 1000.000000000000000 ) ;
#5431 = AXIS2_PLACEMENT_3D ( 'NONE', #3472, #183, #6569 ) ;
#5432 = CARTESIAN_POINT ( 'NONE',  ( 25.36049721830912418, 0.000000000000000000, 0.000000000000000000 ) ) ;
#5433 = DIRECTION ( 'NONE',  ( -1.000000000000000000, -0.000000000000000000, -0.000000000000000000 ) ) ;
#5434 = DIRECTION ( 'NONE',  ( 1.000000000000000000, -0.000000000000000000, -0.000000000000000000 ) ) ;
#5435 = AXIS2_PLACEMENT_3D ( 'NONE', #4979, #1823, #2822 ) ;
#5436 = CIRCLE ( 'NONE', #1378, 3.204999999999998739 ) ;
#5437 = ORIENTED_EDGE ( 'NONE', *, *, #2086, .F. ) ;
#5438 = AXIS2_PLACEMENT_3D ( 'NONE', #4186, #5211, #4788 ) ;
#5439 = ADVANCED_FACE ( 'NONE', ( #4088 ), #5602, .F. ) ;
#5440 = FACE_OUTER_BOUND ( 'NONE', #451, .T. ) ;
#5441 = ORIENTED_EDGE ( 'NONE', *, *, #2712, .T. ) ;
#5442 = DIRECTION ( 'NONE',  ( -1.000000000000000000, -0.000000000000000000, -0.000000000000000000 ) ) ;
#5443 = EDGE_CURVE ( 'NONE', #2994, #261, #1888, .T. ) ;
#5444 = DIRECTION ( 'NONE',  ( 1.000000000000000000, -0.000000000000000000, -0.000000000000000000 ) ) ;
#5445 = CARTESIAN_POINT ( 'NONE',  ( 19.91049721830912134, 23.34269296543707739, -22.61346247528969755 ) ) ;
#5446 = DIRECTION ( 'NONE',  ( -1.000000000000000000, 0.000000000000000000, 0.000000000000000000 ) ) ;
#5447 = ORIENTED_EDGE ( 'NONE', *, *, #5580, .F. ) ;
#5448 = AXIS2_PLACEMENT_3D ( 'NONE', #4349, #6302, #5290 ) ;
#5449 = DIRECTION ( 'NONE',  ( 1.000000000000000000, -0.000000000000000000, -0.000000000000000000 ) ) ;
#5450 = ORIENTED_EDGE ( 'NONE', *, *, #4498, .T. ) ;
#5451 = FACE_OUTER_BOUND ( 'NONE', #3479, .T. ) ;
#5452 = EDGE_CURVE ( 'NONE', #6500, #3072, #2019, .T. ) ;
#5453 = LINE ( 'NONE', #6879, #5638 ) ;
#5454 = AXIS2_PLACEMENT_3D ( 'NONE', #5009, #1645, #6554 ) ;
#5455 = DIRECTION ( 'NONE',  ( 0.000000000000000000, 0.000000000000000000, 1.000000000000000000 ) ) ;
#5456 = CARTESIAN_POINT ( 'NONE',  ( 19.91049721830912134, -22.89715811400212786, -21.99505967944588747 ) ) ;
#5457 = ORIENTED_EDGE ( 'NONE', *, *, #4605, .T. ) ;
#5458 = ORIENTED_EDGE ( 'NONE', *, *, #6709, .F. ) ;
#5459 = AXIS2_PLACEMENT_3D ( 'NONE', #298, #827, #2974 ) ;
#5460 = CARTESIAN_POINT ( 'NONE',  ( 16.01049721830911921, 16.02620128337631655, -25.27385492685261426 ) ) ;
#5461 = EDGE_CURVE ( 'NONE', #3930, #6231, #385, .T. ) ;
#5462 = DIRECTION ( 'NONE',  ( 0.000000000000000000, 0.000000000000000000, 1.000000000000000000 ) ) ;
#5463 = DIRECTION ( 'NONE',  ( 0.000000000000000000, 0.000000000000000000, 1.000000000000000000 ) ) ;
#5464 = DIRECTION ( 'NONE',  ( 0.000000000000000000, 0.9128989540240145528, -0.4081856192247103055 ) ) ;
#5465 = CARTESIAN_POINT ( 'NONE',  ( 16.01049721830911921, -5.213587008473979267, -31.82579159274866143 ) ) ;
#5466 = AXIS2_PLACEMENT_3D ( 'NONE', #3822, #5444, #4194 ) ;
#5467 = ORIENTED_EDGE ( 'NONE', *, *, #2154, .F. ) ;
#5468 = ORIENTED_EDGE ( 'NONE', *, *, #4725, .T. ) ;
#5469 = FACE_OUTER_BOUND ( 'NONE', #5380, .T. ) ;
#5470 = CARTESIAN_POINT ( 'NONE',  ( 16.01049721830911921, 20.74280126569541949, 23.83888142726834047 ) ) ;
#5471 = FACE_OUTER_BOUND ( 'NONE', #3835, .T. ) ;
#5472 = ORIENTED_EDGE ( 'NONE', *, *, #885, .F. ) ;
#5473 = EDGE_CURVE ( 'NONE', #3981, #4557, #3034, .T. ) ;
#5474 = AXIS2_PLACEMENT_3D ( 'NONE', #4383, #3256, #6498 ) ;
#5475 = DIRECTION ( 'NONE',  ( 0.000000000000000000, 0.4369445123693553312, -0.8994884619106051638 ) ) ;
#5476 = ORIENTED_EDGE ( 'NONE', *, *, #2137, .F. ) ;
#5477 = CARTESIAN_POINT ( 'NONE',  ( 18.71049721830912205, -18.05304843749999932, 2.469899717251449633 ) ) ;
#5478 = DIRECTION ( 'NONE',  ( -1.000000000000000000, 0.000000000000000000, 0.000000000000000000 ) ) ;
#5479 = CARTESIAN_POINT ( 'NONE',  ( 25.51733603988022736, -7.873118297266284316, -30.60343249259379661 ) ) ;
#5480 = CARTESIAN_POINT ( 'NONE',  ( 16.01049721830911921, -13.11468518961668117, 29.05052817136605370 ) ) ;
#5481 = EDGE_CURVE ( 'NONE', #2860, #379, #5146, .T. ) ;
#5482 = ORIENTED_EDGE ( 'NONE', *, *, #6117, .F. ) ;
#5483 = DIRECTION ( 'NONE',  ( 1.000000000000000000, -0.000000000000000000, -0.000000000000000000 ) ) ;
#5484 = ORIENTED_EDGE ( 'NONE', *, *, #6530, .F. ) ;
#5485 = DIRECTION ( 'NONE',  ( 0.000000000000000000, 0.5472976633393242807, -0.8369380309815749319 ) ) ;
#5486 = CARTESIAN_POINT ( 'NONE',  ( 19.91049721830912134, 28.28432710664302618, 14.09088046134497318 ) ) ;
#5487 = PLANE ( 'NONE',  #2240 ) ;
#5488 = CARTESIAN_POINT ( 'NONE',  ( 16.01049721830911921, -1.067781597599591681, 31.58189219333323194 ) ) ;
#5489 = ADVANCED_FACE ( 'NONE', ( #807, #6130 ), #4552, .T. ) ;
#5490 = VERTEX_POINT ( 'NONE', #4591 ) ;
#5491 = VERTEX_POINT ( 'NONE', #6734 ) ;
#5492 = VECTOR ( 'NONE', #2518, 1000.000000000000000 ) ;
#5493 = DIRECTION ( 'NONE',  ( 1.000000000000000000, -0.000000000000000000, -0.000000000000000000 ) ) ;
#5494 = CARTESIAN_POINT ( 'NONE',  ( 16.01049721830911921, -26.61876108426052312, -17.02931679165527967 ) ) ;
#5495 = DIRECTION ( 'NONE',  ( 1.000000000000000000, -0.000000000000000000, -0.000000000000000000 ) ) ;
#5496 = DIRECTION ( 'NONE',  ( 0.000000000000000000, 0.000000000000000000, 1.000000000000000000 ) ) ;
#5497 = CARTESIAN_POINT ( 'NONE',  ( 19.91049721830912134, -28.49680455888961461, -14.27796500172669525 ) ) ;
#5498 = AXIS2_PLACEMENT_3D ( 'NONE', #137, #1227, #1748 ) ;
#5499 = ORIENTED_EDGE ( 'NONE', *, *, #1784, .F. ) ;
#5500 = ADVANCED_FACE ( 'NONE', ( #1855 ), #2462, .F. ) ;
#5501 = AXIS2_PLACEMENT_3D ( 'NONE', #2138, #6445, #488 ) ;
#5502 = CARTESIAN_POINT ( 'NONE',  ( 25.36049721830912418, 11.98683077962016874, -16.04732961775106403 ) ) ;
#5503 = DIRECTION ( 'NONE',  ( -1.000000000000000000, 0.000000000000000000, 0.000000000000000000 ) ) ;
#5504 = CARTESIAN_POINT ( 'NONE',  ( 89.00010752509841438, 15.93129415377252833, 5.410590687343964866 ) ) ;
#5505 = ORIENTED_EDGE ( 'NONE', *, *, #6824, .T. ) ;
#5506 = CARTESIAN_POINT ( 'NONE',  ( 16.01049721830911921, 0.000000000000000000, 0.000000000000000000 ) ) ;
#5507 = ORIENTED_EDGE ( 'NONE', *, *, #4815, .T. ) ;
#5508 = DIRECTION ( 'NONE',  ( -1.000000000000000000, 0.000000000000000000, 0.000000000000000000 ) ) ;
#5509 = DIRECTION ( 'NONE',  ( -1.000000000000000000, -0.000000000000000000, -0.000000000000000000 ) ) ;
#5510 = CYLINDRICAL_SURFACE ( 'NONE', #4304, 3.000000000000002665 ) ;
#5511 = DIRECTION ( 'NONE',  ( 1.000000000000000000, 0.000000000000000000, 0.000000000000000000 ) ) ;
#5512 = EDGE_CURVE ( 'NONE', #5998, #1886, #1012, .T. ) ;
#5513 = AXIS2_PLACEMENT_3D ( 'NONE', #5640, #5181, #2493 ) ;
#5514 = ORIENTED_EDGE ( 'NONE', *, *, #3420, .T. ) ;
#5515 = CARTESIAN_POINT ( 'NONE',  ( 19.91049721830912134, 31.69228817970154566, -3.395147212247743518 ) ) ;
#5516 = EDGE_LOOP ( 'NONE', ( #5144, #6833, #6367, #4257 ) ) ;
#5517 = AXIS2_PLACEMENT_3D ( 'NONE', #6687, #6153, #2554 ) ;
#5518 = EDGE_CURVE ( 'NONE', #3829, #3355, #3024, .T. ) ;
#5519 = CARTESIAN_POINT ( 'NONE',  ( 25.36049721830912418, -9.708422300576447839, 16.94643956918887895 ) ) ;
#5520 = FACE_OUTER_BOUND ( 'NONE', #1706, .T. ) ;
#5521 = AXIS2_PLACEMENT_3D ( 'NONE', #3319, #3958, #666 ) ;
#5522 = DIRECTION ( 'NONE',  ( 0.000000000000000000, -0.6488445900316452963, -0.7609209538359856806 ) ) ;
#5523 = EDGE_CURVE ( 'NONE', #6019, #3450, #3613, .T. ) ;
#5524 = FACE_OUTER_BOUND ( 'NONE', #5420, .T. ) ;
#5525 = VERTEX_POINT ( 'NONE', #4660 ) ;
#5526 = ORIENTED_EDGE ( 'NONE', *, *, #5223, .T. ) ;
#5527 = ADVANCED_FACE ( 'NONE', ( #6801 ), #4730, .T. ) ;
#5528 = DIRECTION ( 'NONE',  ( -1.000000000000000000, -0.000000000000000000, 0.000000000000000000 ) ) ;
#5529 = DIRECTION ( 'NONE',  ( -1.000000000000000000, -0.000000000000000000, -0.000000000000000000 ) ) ;
#5530 = DIRECTION ( 'NONE',  ( -1.000000000000000000, 0.000000000000000000, 0.000000000000000000 ) ) ;
#5531 = CARTESIAN_POINT ( 'NONE',  ( 16.01049721830911921, 29.45200432122980772, -12.18636927556131333 ) ) ;
#5532 = AXIS2_PLACEMENT_3D ( 'NONE', #4707, #1555, #6855 ) ;
#5533 = CARTESIAN_POINT ( 'NONE',  ( 18.71049721830912205, 0.000000000000000000, 0.000000000000000000 ) ) ;
#5534 = AXIS2_PLACEMENT_3D ( 'NONE', #2723, #3823, #5313 ) ;
#5535 = ORIENTED_EDGE ( 'NONE', *, *, #4946, .T. ) ;
#5536 = VECTOR ( 'NONE', #2969, 1000.000000000000227 ) ;
#5537 = CARTESIAN_POINT ( 'NONE',  ( 16.01049721830911921, -20.74280126569524185, -23.83888142726849324 ) ) ;
#5538 = CARTESIAN_POINT ( 'NONE',  ( 19.91049721830912134, -31.87332702518261840, 0.1384882805420117047 ) ) ;
#5539 = EDGE_CURVE ( 'NONE', #3101, #6871, #1570, .T. ) ;
#5540 = DIRECTION ( 'NONE',  ( -1.000000000000000000, 0.000000000000000000, -0.000000000000000000 ) ) ;
#5541 = AXIS2_PLACEMENT_3D ( 'NONE', #2785, #4911, #1684 ) ;
#5542 = ORIENTED_EDGE ( 'NONE', *, *, #4800, .T. ) ;
#5543 = CARTESIAN_POINT ( 'NONE',  ( 19.91049721830912134, 20.64422757970526234, -23.92429601239777170 ) ) ;
#5544 = ORIENTED_EDGE ( 'NONE', *, *, #833, .F. ) ;
#5545 = CARTESIAN_POINT ( 'NONE',  ( 16.01049721830911921, -12.82037349327345765, 29.59223755468605077 ) ) ;
#5546 = DIRECTION ( 'NONE',  ( 1.000000000000000000, -0.000000000000000000, -0.000000000000000000 ) ) ;
#5547 = EDGE_CURVE ( 'NONE', #6779, #6231, #4742, .T. ) ;
#5548 = FACE_OUTER_BOUND ( 'NONE', #3489, .T. ) ;
#5549 = CARTESIAN_POINT ( 'NONE',  ( 16.01049721830911921, 0.000000000000000000, 0.000000000000000000 ) ) ;
#5550 = VERTEX_POINT ( 'NONE', #4231 ) ;
#5551 = EDGE_CURVE ( 'NONE', #6574, #2356, #1994, .T. ) ;
#5552 = CYLINDRICAL_SURFACE ( 'NONE', #5236, 3.145000000000001794 ) ;
#5553 = VERTEX_POINT ( 'NONE', #2633 ) ;
#5554 = CARTESIAN_POINT ( 'NONE',  ( 25.51733603988022736, 13.36663193154260298, 28.93546794964182922 ) ) ;
#5555 = DIRECTION ( 'NONE',  ( 0.000000000000000000, 0.000000000000000000, 1.000000000000000000 ) ) ;
#5556 = DIRECTION ( 'NONE',  ( 0.000000000000000000, 0.6366901741190995612, 0.7711197197453782959 ) ) ;
#5557 = DIRECTION ( 'NONE',  ( 1.000000000000000000, -0.000000000000000000, -0.000000000000000000 ) ) ;
#5558 = ORIENTED_EDGE ( 'NONE', *, *, #6636, .T. ) ;
#5559 = ORIENTED_EDGE ( 'NONE', *, *, #4281, .F. ) ;
#5560 = EDGE_CURVE ( 'NONE', #2787, #5289, #3262, .T. ) ;
#5561 = ORIENTED_EDGE ( 'NONE', *, *, #1458, .F. ) ;
#5562 = VECTOR ( 'NONE', #1931, 1000.000000000000000 ) ;
#5563 = DIRECTION ( 'NONE',  ( 0.000000000000000000, 0.000000000000000000, 1.000000000000000000 ) ) ;
#5564 = CIRCLE ( 'NONE', #6127, 3.145000000000001794 ) ;
#5565 = DIRECTION ( 'NONE',  ( -1.000000000000000000, 0.000000000000000000, 0.000000000000000000 ) ) ;
#5566 = CARTESIAN_POINT ( 'NONE',  ( 25.59583794145657976, -20.74280126569524185, -23.83888142726849324 ) ) ;
#5567 = CARTESIAN_POINT ( 'NONE',  ( 19.91049721830912134, -27.04066462635374180, -16.63925949569454588 ) ) ;
#5568 = LINE ( 'NONE', #738, #4721 ) ;
#5569 = VERTEX_POINT ( 'NONE', #6873 ) ;
#5570 = EDGE_CURVE ( 'NONE', #1500, #5635, #4279, .T. ) ;
#5571 = ORIENTED_EDGE ( 'NONE', *, *, #5364, .T. ) ;
#5572 = EDGE_CURVE ( 'NONE', #3621, #1222, #6444, .T. ) ;
#5573 = VECTOR ( 'NONE', #5114, 1000.000000000000000 ) ;
#5574 = CARTESIAN_POINT ( 'NONE',  ( 19.91049721830912134, 4.432578430805485858, -31.28751061535981037 ) ) ;
#5575 = LINE ( 'NONE', #2749, #3187 ) ;
#5576 = CIRCLE ( 'NONE', #1179, 3.205000000000001403 ) ;
#5577 = CARTESIAN_POINT ( 'NONE',  ( 19.91049721830912134, -17.97273505347105171, 25.99109206534477323 ) ) ;
#5578 = EDGE_LOOP ( 'NONE', ( #4444, #2629, #4949, #6193 ) ) ;
#5579 = ORIENTED_EDGE ( 'NONE', *, *, #2979, .F. ) ;
#5580 = EDGE_CURVE ( 'NONE', #3373, #2735, #453, .T. ) ;
#5581 = ORIENTED_EDGE ( 'NONE', *, *, #174, .F. ) ;
#5582 = FACE_OUTER_BOUND ( 'NONE', #234, .T. ) ;
#5583 = CARTESIAN_POINT ( 'NONE',  ( 19.91049721830912134, -28.28432710664293026, -14.09088046134518457 ) ) ;
#5584 = LINE ( 'NONE', #5094, #471 ) ;
#5585 = DIRECTION ( 'NONE',  ( -1.000000000000000000, 0.000000000000000000, 0.000000000000000000 ) ) ;
#5586 = ORIENTED_EDGE ( 'NONE', *, *, #4408, .T. ) ;
#5587 = ORIENTED_EDGE ( 'NONE', *, *, #4722, .F. ) ;
#5588 = ADVANCED_FACE ( 'NONE', ( #5847 ), #3739, .F. ) ;
#5589 = CARTESIAN_POINT ( 'NONE',  ( 16.01049721830911921, 23.16875334171638201, 21.48871658899622616 ) ) ;
#5590 = ORIENTED_EDGE ( 'NONE', *, *, #4880, .T. ) ;
#5591 = CARTESIAN_POINT ( 'NONE',  ( 19.91049721830912134, -7.873118297266284316, -30.60343249259379661 ) ) ;
#5592 = DIRECTION ( 'NONE',  ( -1.000000000000000000, 0.000000000000000000, 0.000000000000000000 ) ) ;
#5593 = CYLINDRICAL_SURFACE ( 'NONE', #5517, 20.02999999999999758 ) ;
#5594 = AXIS2_PLACEMENT_3D ( 'NONE', #6493, #5963, #1127 ) ;
#5595 = ORIENTED_EDGE ( 'NONE', *, *, #4171, .T. ) ;
#5596 = VERTEX_POINT ( 'NONE', #4195 ) ;
#5597 = ORIENTED_EDGE ( 'NONE', *, *, #2261, .F. ) ;
#5598 = CARTESIAN_POINT ( 'NONE',  ( 25.51733603988022736, 7.873118297266509913, 30.60343249259373977 ) ) ;
#5599 = CIRCLE ( 'NONE', #1429, 3.145000000000001794 ) ;
#5600 = ORIENTED_EDGE ( 'NONE', *, *, #5641, .F. ) ;
#5601 = LINE ( 'NONE', #1887, #4889 ) ;
#5602 = PLANE ( 'NONE',  #1848 ) ;
#5603 = LINE ( 'NONE', #773, #5345 ) ;
#5604 = CARTESIAN_POINT ( 'NONE',  ( 16.01049721830911921, -31.86288376110956477, 6.403642590434060367 ) ) ;
#5605 = EDGE_CURVE ( 'NONE', #5832, #6697, #2601, .T. ) ;
#5606 = ORIENTED_EDGE ( 'NONE', *, *, #782, .F. ) ;
#5607 = ORIENTED_EDGE ( 'NONE', *, *, #2358, .T. ) ;
#5608 = CIRCLE ( 'NONE', #4365, 32.25000000000000000 ) ;
#5609 = ORIENTED_EDGE ( 'NONE', *, *, #1938, .F. ) ;
#5610 = CARTESIAN_POINT ( 'NONE',  ( 19.91049721830912134, 25.02978704007842481, -20.03387469828559020 ) ) ;
#5611 = EDGE_CURVE ( 'NONE', #4834, #5762, #6342, .T. ) ;
#5612 = VECTOR ( 'NONE', #2934, 1000.000000000000000 ) ;
#5613 = DIRECTION ( 'NONE',  ( 0.000000000000000000, 0.000000000000000000, -1.000000000000000000 ) ) ;
#5614 = VECTOR ( 'NONE', #1781, 1000.000000000000000 ) ;
#5615 = DIRECTION ( 'NONE',  ( -1.000000000000000000, 0.000000000000000000, 0.000000000000000000 ) ) ;
#5616 = ORIENTED_EDGE ( 'NONE', *, *, #1513, .F. ) ;
#5617 = ORIENTED_EDGE ( 'NONE', *, *, #1399, .T. ) ;
#5618 = CARTESIAN_POINT ( 'NONE',  ( 19.91049721830912134, 18.80411296740793503, -26.20053120661794566 ) ) ;
#5619 = CARTESIAN_POINT ( 'NONE',  ( 25.60753480350601663, -23.34269296543691041, 22.61346247528986453 ) ) ;
#5620 = FACE_BOUND ( 'NONE', #208, .T. ) ;
#5621 = CARTESIAN_POINT ( 'NONE',  ( 25.36049721830912418, -0.2651661214191419758, 20.02824472908326214 ) ) ;
#5622 = ORIENTED_EDGE ( 'NONE', *, *, #2410, .T. ) ;
#5623 = VERTEX_POINT ( 'NONE', #6412 ) ;
#5624 = CIRCLE ( 'NONE', #2012, 0.5000000000000004441 ) ;
#5625 = DIRECTION ( 'NONE',  ( -1.000000000000000000, -0.000000000000000000, -0.000000000000000000 ) ) ;
#5626 = VERTEX_POINT ( 'NONE', #4764 ) ;
#5627 = DIRECTION ( 'NONE',  ( 0.000000000000000000, 6.938893903907222067E-15, 1.000000000000000000 ) ) ;
#5628 = CARTESIAN_POINT ( 'NONE',  ( 25.41204637760865381, 4.561682503515902098, 31.26894825203770623 ) ) ;
#5629 = AXIS2_PLACEMENT_3D ( 'NONE', #4432, #5522, #3265 ) ;
#5630 = CARTESIAN_POINT ( 'NONE',  ( 16.01049721830911921, 24.56724982311119021, -19.87476561321764024 ) ) ;
#5631 = EDGE_CURVE ( 'NONE', #414, #1326, #1507, .T. ) ;
#5632 = VERTEX_POINT ( 'NONE', #4694 ) ;
#5633 = VERTEX_POINT ( 'NONE', #1014 ) ;
#5634 = AXIS2_PLACEMENT_3D ( 'NONE', #1041, #409, #4221 ) ;
#5635 = VERTEX_POINT ( 'NONE', #5360 ) ;
#5636 = DIRECTION ( 'NONE',  ( 0.000000000000000000, 0.000000000000000000, -1.000000000000000000 ) ) ;
#5637 = ORIENTED_EDGE ( 'NONE', *, *, #4255, .T. ) ;
#5638 = VECTOR ( 'NONE', #987, 1000.000000000000000 ) ;
#5639 = DIRECTION ( 'NONE',  ( 0.000000000000000000, -0.007933231564906108660, 0.9999685314233331956 ) ) ;
#5640 = CARTESIAN_POINT ( 'NONE',  ( 16.01049721830911921, 25.02978704007842481, -19.53387469828559020 ) ) ;
#5641 = EDGE_CURVE ( 'NONE', #2584, #4782, #899, .T. ) ;
#5642 = DIRECTION ( 'NONE',  ( 1.000000000000000000, -0.000000000000000000, -0.000000000000000000 ) ) ;
#5643 = LINE ( 'NONE', #6304, #3019 ) ;
#5644 = ORIENTED_EDGE ( 'NONE', *, *, #14, .T. ) ;
#5645 = EDGE_CURVE ( 'NONE', #4750, #4757, #1119, .T. ) ;
#5646 = VECTOR ( 'NONE', #1024, 1000.000000000000000 ) ;
#5647 = DIRECTION ( 'NONE',  ( 0.000000000000000000, -0.9525166539358631557, -0.3044864922698986009 ) ) ;
#5648 = CARTESIAN_POINT ( 'NONE',  ( 16.01049721830911921, 25.02978704007842481, -19.53387469828559020 ) ) ;
#5649 = DIRECTION ( 'NONE',  ( 0.000000000000000000, 0.000000000000000000, 1.000000000000000000 ) ) ;
#5650 = EDGE_LOOP ( 'NONE', ( #3518, #2847, #2476, #2023 ) ) ;
#5651 = AXIS2_PLACEMENT_3D ( 'NONE', #2190, #4350, #1661 ) ;
#5652 = ADVANCED_FACE ( 'NONE', ( #5324 ), #1573, .F. ) ;
#5653 = ORIENTED_EDGE ( 'NONE', *, *, #2854, .T. ) ;
#5654 = DIRECTION ( 'NONE',  ( -1.000000000000000000, -0.000000000000000000, -0.000000000000000000 ) ) ;
#5655 = CARTESIAN_POINT ( 'NONE',  ( 16.01049721830911921, 30.62124998374959262, 8.846875385739293662 ) ) ;
#5656 = CARTESIAN_POINT ( 'NONE',  ( 25.36049721830912418, 0.000000000000000000, 0.000000000000000000 ) ) ;
#5657 =( GEOMETRIC_REPRESENTATION_CONTEXT ( 3 ) GLOBAL_UNCERTAINTY_ASSIGNED_CONTEXT ( ( #3935 ) ) GLOBAL_UNIT_ASSIGNED_CONTEXT ( ( #3248, #4312, #5342 ) ) REPRESENTATION_CONTEXT ( 'NONE', 'WORKASPACE' ) );
#5658 = ORIENTED_EDGE ( 'NONE', *, *, #4110, .F. ) ;
#5659 = ORIENTED_EDGE ( 'NONE', *, *, #6406, .F. ) ;
#5660 = EDGE_CURVE ( 'NONE', #2735, #3398, #945, .T. ) ;
#5661 = EDGE_CURVE ( 'NONE', #1090, #2635, #981, .T. ) ;
#5662 = DIRECTION ( 'NONE',  ( 0.000000000000000000, -0.9128989540240174394, 0.4081856192247037551 ) ) ;
#5663 = ORIENTED_EDGE ( 'NONE', *, *, #5443, .T. ) ;
#5664 = AXIS2_PLACEMENT_3D ( 'NONE', #1417, #3577, #5720 ) ;
#5665 = CARTESIAN_POINT ( 'NONE',  ( 16.01049721830911921, -1.067781597599591681, 31.58189219333323194 ) ) ;
#5666 = FACE_OUTER_BOUND ( 'NONE', #5355, .T. ) ;
#5667 = DIRECTION ( 'NONE',  ( -1.000000000000000000, -0.000000000000000000, -0.000000000000000000 ) ) ;
#5668 = CIRCLE ( 'NONE', #2622, 0.5000000000000004441 ) ;
#5669 = ORIENTED_EDGE ( 'NONE', *, *, #592, .F. ) ;
#5670 = ORIENTED_EDGE ( 'NONE', *, *, #4112, .T. ) ;
#5671 = VERTEX_POINT ( 'NONE', #1217 ) ;
#5672 = EDGE_CURVE ( 'NONE', #498, #1035, #2276, .T. ) ;
#5673 = CARTESIAN_POINT ( 'NONE',  ( 18.71049721830912205, 6.180339887498944584, 19.02113032590307284 ) ) ;
#5674 = CARTESIAN_POINT ( 'NONE',  ( 25.36049721830912418, 19.12993349739970128, 5.936880021110813921 ) ) ;
#5675 = DIRECTION ( 'NONE',  ( 0.000000000000000000, 0.007933231564906105190, -0.9999685314233330846 ) ) ;
#5676 = DIRECTION ( 'NONE',  ( -1.000000000000000000, -0.000000000000000000, -0.000000000000000000 ) ) ;
#5677 = ORIENTED_EDGE ( 'NONE', *, *, #287, .T. ) ;
#5678 = EDGE_CURVE ( 'NONE', #6232, #3691, #787, .T. ) ;
#5679 = CARTESIAN_POINT ( 'NONE',  ( 16.01049721830911921, -17.97273505347105171, 25.99109206534477323 ) ) ;
#5680 = DIRECTION ( 'NONE',  ( 0.000000000000000000, -0.3044864922698986565, 0.9525166539358632667 ) ) ;
#5681 = CARTESIAN_POINT ( 'NONE',  ( 18.71049721830912205, 0.000000000000000000, 0.000000000000000000 ) ) ;
#5682 = AXIS2_PLACEMENT_3D ( 'NONE', #4701, #4028, #2435 ) ;
#5683 = LINE ( 'NONE', #5156, #5100 ) ;
#5684 = CIRCLE ( 'NONE', #1956, 3.000000000000002665 ) ;
#5685 = CIRCLE ( 'NONE', #1829, 3.000000000000002665 ) ;
#5686 = ORIENTED_EDGE ( 'NONE', *, *, #1234, .T. ) ;
#5687 = CARTESIAN_POINT ( 'NONE',  ( 16.01049721830911921, -30.62124998374952511, -8.846875385739522812 ) ) ;
#5688 = FACE_OUTER_BOUND ( 'NONE', #731, .T. ) ;
#5689 = DIRECTION ( 'NONE',  ( 0.000000000000000000, 0.1187190626573113306, 0.9929278846732875197 ) ) ;
#5690 = ADVANCED_FACE ( 'NONE', ( #579 ), #652, .F. ) ;
#5691 = ORIENTED_EDGE ( 'NONE', *, *, #557, .T. ) ;
#5692 = ORIENTED_EDGE ( 'NONE', *, *, #6396, .F. ) ;
#5693 = DIRECTION ( 'NONE',  ( -1.000000000000000000, 0.000000000000000000, 0.000000000000000000 ) ) ;
#5694 = VERTEX_POINT ( 'NONE', #1253 ) ;
#5695 = ORIENTED_EDGE ( 'NONE', *, *, #4874, .T. ) ;
#5696 = DIRECTION ( 'NONE',  ( -1.000000000000000000, 0.000000000000000000, 0.000000000000000000 ) ) ;
#5697 = DIRECTION ( 'NONE',  ( 0.000000000000000000, 0.000000000000000000, 1.000000000000000000 ) ) ;
#5698 = CARTESIAN_POINT ( 'NONE',  ( 16.01049721830911921, -19.06127845897257700, -26.32332926340262347 ) ) ;
#5699 = ORIENTED_EDGE ( 'NONE', *, *, #5518, .T. ) ;
#5700 = ORIENTED_EDGE ( 'NONE', *, *, #669, .F. ) ;
#5701 = ORIENTED_EDGE ( 'NONE', *, *, #4825, .T. ) ;
#5702 = VECTOR ( 'NONE', #3033, 1000.000000000000000 ) ;
#5703 = CARTESIAN_POINT ( 'NONE',  ( 16.01049721830911921, -28.16638672749536454, -14.65323031679953836 ) ) ;
#5704 = ORIENTED_EDGE ( 'NONE', *, *, #3567, .T. ) ;
#5705 = CARTESIAN_POINT ( 'NONE',  ( 25.41204637760865381, -1.067781597599591681, 31.58189219333323194 ) ) ;
#5706 = ADVANCED_FACE ( 'NONE', ( #4394 ), #161, .F. ) ;
#5707 = CARTESIAN_POINT ( 'NONE',  ( 19.91049721830912134, 25.02978704007842481, -19.53387469828559020 ) ) ;
#5708 = CARTESIAN_POINT ( 'NONE',  ( 19.91049721830912134, -20.74280126569524185, -23.83888142726849324 ) ) ;
#5709 = ORIENTED_EDGE ( 'NONE', *, *, #2026, .F. ) ;
#5710 = CIRCLE ( 'NONE', #2664, 3.204999999999999183 ) ;
#5711 = ORIENTED_EDGE ( 'NONE', *, *, #1728, .F. ) ;
#5712 = FACE_OUTER_BOUND ( 'NONE', #3090, .T. ) ;
#5713 = DIRECTION ( 'NONE',  ( 0.000000000000000000, 1.734723475976805517E-15, 1.000000000000000000 ) ) ;
#5714 = CARTESIAN_POINT ( 'NONE',  ( 19.91049721830912134, 27.46650186456416520, 16.90129507830371125 ) ) ;
#5715 = CARTESIAN_POINT ( 'NONE',  ( 16.01049721830911921, -15.77293792475507850, -27.55498011652018775 ) ) ;
#5716 = AXIS2_PLACEMENT_3D ( 'NONE', #1147, #3309, #622 ) ;
#5717 = EDGE_CURVE ( 'NONE', #5311, #1634, #2810, .T. ) ;
#5718 = CIRCLE ( 'NONE', #2783, 0.5000000000000004441 ) ;
#5719 = DIRECTION ( 'NONE',  ( -1.000000000000000000, -0.000000000000000000, -0.000000000000000000 ) ) ;
#5720 = DIRECTION ( 'NONE',  ( 0.000000000000000000, 0.000000000000000000, -1.000000000000000000 ) ) ;
#5721 = PRESENTATION_STYLE_ASSIGNMENT (( #3578 ) ) ;
#5722 = EDGE_CURVE ( 'NONE', #6196, #1435, #665, .T. ) ;
#5723 = AXIS2_PLACEMENT_3D ( 'NONE', #4023, #351, #6165 ) ;
#5724 = ORIENTED_EDGE ( 'NONE', *, *, #2110, .F. ) ;
#5725 = EDGE_LOOP ( 'NONE', ( #56, #6804, #3909, #6613 ) ) ;
#5726 = FACE_OUTER_BOUND ( 'NONE', #4654, .T. ) ;
#5727 = EDGE_LOOP ( 'NONE', ( #858, #2489, #3196, #739 ) ) ;
#5728 = LINE ( 'NONE', #793, #429 ) ;
#5729 = EDGE_CURVE ( 'NONE', #6585, #4417, #6582, .T. ) ;
#5730 = CARTESIAN_POINT ( 'NONE',  ( 19.91049721830912134, -30.26683409500843780, -8.839288570908118814 ) ) ;
#5731 = ORIENTED_EDGE ( 'NONE', *, *, #5154, .F. ) ;
#5732 = CARTESIAN_POINT ( 'NONE',  ( 16.01049721830911921, 25.42395691472533414, -19.84149477227434133 ) ) ;
#5733 = EDGE_LOOP ( 'NONE', ( #5404, #4412, #1870, #3234 ) ) ;
#5734 = ORIENTED_EDGE ( 'NONE', *, *, #2932, .T. ) ;
#5735 = VERTEX_POINT ( 'NONE', #15 ) ;
#5736 = LINE ( 'NONE', #906, #5038 ) ;
#5737 = ORIENTED_EDGE ( 'NONE', *, *, #4262, .F. ) ;
#5738 = EDGE_CURVE ( 'NONE', #4611, #2924, #2695, .T. ) ;
#5739 = DIRECTION ( 'NONE',  ( 0.000000000000000000, 0.000000000000000000, 1.000000000000000000 ) ) ;
#5740 = CARTESIAN_POINT ( 'NONE',  ( 25.57328953618975831, -17.97273505347105171, 25.99109206534477323 ) ) ;
#5741 = DIRECTION ( 'NONE',  ( -1.000000000000000000, 0.000000000000000000, 0.000000000000000000 ) ) ;
#5742 = DIRECTION ( 'NONE',  ( -1.000000000000000000, 0.000000000000000000, 0.000000000000000000 ) ) ;
#5743 = AXIS2_PLACEMENT_3D ( 'NONE', #1110, #1181, #618 ) ;
#5744 = EDGE_LOOP ( 'NONE', ( #2799, #919, #6674, #6264 ) ) ;
#5745 = ADVANCED_FACE ( 'NONE', ( #6016 ), #1738, .F. ) ;
#5746 = CIRCLE ( 'NONE', #1908, 0.5000000000000004441 ) ;
#5747 = CARTESIAN_POINT ( 'NONE',  ( 16.01049721830911921, 15.77293792475527923, 27.55498011652006696 ) ) ;
#5748 = ADVANCED_FACE ( 'NONE', ( #2166 ), #4328, .T. ) ;
#5749 = DIRECTION ( 'NONE',  ( 0.000000000000000000, 4.330042997758021712E-15, -1.000000000000000000 ) ) ;
#5750 = CARTESIAN_POINT ( 'NONE',  ( 16.01049721830911921, -25.70530160745082071, -16.88686675346286492 ) ) ;
#5751 = DIRECTION ( 'NONE',  ( -1.000000000000000000, 0.000000000000000000, 0.000000000000000000 ) ) ;
#5752 = DIRECTION ( 'NONE',  ( -1.000000000000000000, 0.000000000000000000, 0.000000000000000000 ) ) ;
#5753 = AXIS2_PLACEMENT_3D ( 'NONE', #6152, #6118, #1770 ) ;
#5754 = AXIS2_PLACEMENT_3D ( 'NONE', #4523, #4563, #4670 ) ;
#5755 = CIRCLE ( 'NONE', #4407, 0.5000000000000004441 ) ;
#5756 = ORIENTED_EDGE ( 'NONE', *, *, #1765, .T. ) ;
#5757 = EDGE_CURVE ( 'NONE', #5081, #3910, #449, .T. ) ;
#5758 = CARTESIAN_POINT ( 'NONE',  ( 19.91049721830912134, 10.07711777303091871, -30.23871445757157517 ) ) ;
#5759 = DIRECTION ( 'NONE',  ( -1.000000000000000000, 0.000000000000000000, 0.000000000000000000 ) ) ;
#5760 = LINE ( 'NONE', #2011, #5326 ) ;
#5761 = VERTEX_POINT ( 'NONE', #3908 ) ;
#5762 = VERTEX_POINT ( 'NONE', #6508 ) ;
#5763 = DIRECTION ( 'NONE',  ( 0.000000000000000000, 0.000000000000000000, 1.000000000000000000 ) ) ;
#5764 = VERTEX_POINT ( 'NONE', #3801 ) ;
#5765 = VERTEX_POINT ( 'NONE', #6050 ) ;
#5766 = ADVANCED_FACE ( 'NONE', ( #6617 ), #5487, .F. ) ;
#5767 = FACE_OUTER_BOUND ( 'NONE', #3856, .T. ) ;
#5768 = AXIS2_PLACEMENT_3D ( 'NONE', #5238, #2118, #1062 ) ;
#5769 = DIRECTION ( 'NONE',  ( 0.000000000000000000, 0.000000000000000000, 1.000000000000000000 ) ) ;
#5770 = DIRECTION ( 'NONE',  ( 0.000000000000000000, -0.6726603737012442075, 0.7399513643828913301 ) ) ;
#5771 = ORIENTED_EDGE ( 'NONE', *, *, #3427, .F. ) ;
#5772 = VECTOR ( 'NONE', #1720, 1000.000000000000000 ) ;
#5773 = VERTEX_POINT ( 'NONE', #3833 ) ;
#5774 = AXIS2_PLACEMENT_3D ( 'NONE', #3932, #6532, #6039 ) ;
#5775 = ORIENTED_EDGE ( 'NONE', *, *, #6740, .F. ) ;
#5776 = LINE ( 'NONE', #6836, #4254 ) ;
#5777 = VERTEX_POINT ( 'NONE', #5943 ) ;
#5778 = DIRECTION ( 'NONE',  ( -1.000000000000000000, -0.000000000000000000, -0.000000000000000000 ) ) ;
#5779 = CARTESIAN_POINT ( 'NONE',  ( 89.00010752509841438, 16.06895312500000017, -4.986919937852696272 ) ) ;
#5780 = DIRECTION ( 'NONE',  ( 0.000000000000000000, 0.000000000000000000, 1.000000000000000000 ) ) ;
#5781 = AXIS2_PLACEMENT_3D ( 'NONE', #5549, #5585, #428 ) ;
#5782 = EDGE_LOOP ( 'NONE', ( #1491, #3581, #4545, #6383 ) ) ;
#5783 = EDGE_CURVE ( 'NONE', #3460, #6585, #5418, .T. ) ;
#5784 = ORIENTED_EDGE ( 'NONE', *, *, #2313, .F. ) ;
#5785 = CYLINDRICAL_SURFACE ( 'NONE', #3796, 0.5000000000000004441 ) ;
#5786 = DIRECTION ( 'NONE',  ( 1.000000000000000000, -0.000000000000000000, -0.000000000000000000 ) ) ;
#5787 = DIRECTION ( 'NONE',  ( -1.000000000000000000, 0.000000000000000000, 0.000000000000000000 ) ) ;
#5788 = ORIENTED_EDGE ( 'NONE', *, *, #4183, .T. ) ;
#5789 = CARTESIAN_POINT ( 'NONE',  ( 16.01049721830911921, 30.28298276502357211, -9.539573095966344951 ) ) ;
#5790 = CARTESIAN_POINT ( 'NONE',  ( 25.36049721830912418, -16.05699361465334007, -8.613124784825874514 ) ) ;
#5791 = ADVANCED_FACE ( 'NONE', ( #3303 ), #125, .F. ) ;
#5792 = VECTOR ( 'NONE', #5639, 999.9999999999998863 ) ;
#5793 = ORIENTED_EDGE ( 'NONE', *, *, #328, .F. ) ;
#5794 = DIRECTION ( 'NONE',  ( -1.000000000000000000, 0.000000000000000000, -0.000000000000000000 ) ) ;
#5795 = AXIS2_PLACEMENT_3D ( 'NONE', #3989, #1889, #2886 ) ;
#5796 = DIRECTION ( 'NONE',  ( 0.000000000000000000, 0.5339499451778402239, 0.8455160885782015967 ) ) ;
#5797 = EDGE_CURVE ( 'NONE', #2584, #2353, #2484, .T. ) ;
#5798 = ADVANCED_FACE ( 'NONE', ( #5172 ), #1394, .F. ) ;
#5799 = VERTEX_POINT ( 'NONE', #1325 ) ;
#5800 = ORIENTED_EDGE ( 'NONE', *, *, #1319, .T. ) ;
#5801 = VECTOR ( 'NONE', #2206, 1000.000000000000227 ) ;
#5802 = FACE_OUTER_BOUND ( 'NONE', #3323, .T. ) ;
#5803 = EDGE_LOOP ( 'NONE', ( #197, #4965, #1304, #3062 ) ) ;
#5804 = CARTESIAN_POINT ( 'NONE',  ( 25.36049721830912418, 16.18033988749894903, 11.75570504584946896 ) ) ;
#5805 = CARTESIAN_POINT ( 'NONE',  ( 16.01049721830911921, -4.561682503515669396, -31.26894825203774175 ) ) ;
#5806 = DIRECTION ( 'NONE',  ( 0.000000000000000000, 0.000000000000000000, -1.000000000000000000 ) ) ;
#5807 = AXIS2_PLACEMENT_3D ( 'NONE', #41, #979, #4729 ) ;
#5808 = EDGE_CURVE ( 'NONE', #1709, #2568, #339, .T. ) ;
#5809 = EDGE_LOOP ( 'NONE', ( #5338, #5003, #296, #6187 ) ) ;
#5810 = ORIENTED_EDGE ( 'NONE', *, *, #3476, .F. ) ;
#5811 = EDGE_LOOP ( 'NONE', ( #406, #6290, #637, #4572 ) ) ;
#5812 = DIRECTION ( 'NONE',  ( 1.000000000000000000, -0.000000000000000000, -0.000000000000000000 ) ) ;
#5813 = VERTEX_POINT ( 'NONE', #303 ) ;
#5814 = FACE_OUTER_BOUND ( 'NONE', #2218, .T. ) ;
#5815 = DIRECTION ( 'NONE',  ( 0.000000000000000000, 0.000000000000000000, 1.000000000000000000 ) ) ;
#5816 = FACE_OUTER_BOUND ( 'NONE', #4258, .T. ) ;
#5817 = DIRECTION ( 'NONE',  ( -1.000000000000000000, 0.000000000000000000, 0.000000000000000000 ) ) ;
#5818 = ORIENTED_EDGE ( 'NONE', *, *, #3983, .F. ) ;
#5819 = CARTESIAN_POINT ( 'NONE',  ( 19.91049721830912134, -25.02978704007828625, 19.53387469828576783 ) ) ;
#5820 = CARTESIAN_POINT ( 'NONE',  ( 16.01049721830911921, -13.96876174088619038, -29.06778621474903446 ) ) ;
#5821 = ADVANCED_FACE ( 'NONE', ( #1843 ), #4617, .T. ) ;
#5822 = CARTESIAN_POINT ( 'NONE',  ( 18.71049721830912205, -6.180339887498950802, 19.02113032590307284 ) ) ;
#5823 = CYLINDRICAL_SURFACE ( 'NONE', #913, 0.5000000000000004441 ) ;
#5824 = DIRECTION ( 'NONE',  ( 0.000000000000000000, 0.000000000000000000, 1.000000000000000000 ) ) ;
#5825 = EDGE_CURVE ( 'NONE', #2024, #4757, #1289, .T. ) ;
#5826 = ORIENTED_EDGE ( 'NONE', *, *, #4976, .F. ) ;
#5827 = CARTESIAN_POINT ( 'NONE',  ( 19.91049721830912134, -1.149693357779144165, 31.85288620896327316 ) ) ;
#5828 = AXIS2_PLACEMENT_3D ( 'NONE', #5387, #516, #450 ) ;
#5829 = DIRECTION ( 'NONE',  ( -1.000000000000000000, -0.000000000000000000, -0.000000000000000000 ) ) ;
#5830 = CARTESIAN_POINT ( 'NONE',  ( 89.00010752509841438, -9.708422300576447839, 13.74143956918888243 ) ) ;
#5831 = ORIENTED_EDGE ( 'NONE', *, *, #2739, .T. ) ;
#5832 = VERTEX_POINT ( 'NONE', #4580 ) ;
#5833 = VECTOR ( 'NONE', #6578, 1000.000000000000000 ) ;
#5834 = EDGE_CURVE ( 'NONE', #299, #4923, #2474, .T. ) ;
#5835 = LINE ( 'NONE', #535, #4566 ) ;
#5836 = EDGE_LOOP ( 'NONE', ( #5124, #1789, #1567, #1294 ) ) ;
#5837 = LINE ( 'NONE', #1597, #4149 ) ;
#5838 = LINE ( 'NONE', #5350, #3627 ) ;
#5839 = VECTOR ( 'NONE', #6713, 1000.000000000000000 ) ;
#5840 = FACE_OUTER_BOUND ( 'NONE', #3591, .T. ) ;
#5841 = VECTOR ( 'NONE', #4196, 1000.000000000000000 ) ;
#5842 = ORIENTED_EDGE ( 'NONE', *, *, #6589, .T. ) ;
#5843 = ORIENTED_EDGE ( 'NONE', *, *, #712, .T. ) ;
#5844 = ORIENTED_EDGE ( 'NONE', *, *, #1718, .T. ) ;
#5845 = DIRECTION ( 'NONE',  ( 0.000000000000000000, -0.9525166539358653761, -0.3044864922698914400 ) ) ;
#5846 = EDGE_CURVE ( 'NONE', #3461, #1976, #1877, .T. ) ;
#5847 = FACE_OUTER_BOUND ( 'NONE', #2268, .T. ) ;
#5848 = DIRECTION ( 'NONE',  ( -1.000000000000000000, 0.000000000000000000, 0.000000000000000000 ) ) ;
#5849 = DIRECTION ( 'NONE',  ( 0.000000000000000000, 0.000000000000000000, 1.000000000000000000 ) ) ;
#5850 = EDGE_LOOP ( 'NONE', ( #412, #2837, #3728, #2170 ) ) ;
#5851 = DIRECTION ( 'NONE',  ( 0.000000000000000000, 0.000000000000000000, 1.000000000000000000 ) ) ;
#5852 = CARTESIAN_POINT ( 'NONE',  ( 18.71049721830912205, 11.98683077962015986, 16.04732961775107114 ) ) ;
#5853 = DIRECTION ( 'NONE',  ( 0.000000000000000000, 0.000000000000000000, 1.000000000000000000 ) ) ;
#5854 = CARTESIAN_POINT ( 'NONE',  ( 25.49807105772856630, 31.86288376110960741, -6.403642590433836546 ) ) ;
#5855 = VECTOR ( 'NONE', #4859, 1000.000000000000227 ) ;
#5856 = DIRECTION ( 'NONE',  ( 0.000000000000000000, -0.9616978293490898722, 0.2741118111742888996 ) ) ;
#5857 = ORIENTED_EDGE ( 'NONE', *, *, #2559, .T. ) ;
#5858 = ADVANCED_FACE ( 'NONE', ( #4117 ), #5136, .F. ) ;
#5859 = PLANE ( 'NONE',  #3631 ) ;
#5860 = CIRCLE ( 'NONE', #2819, 3.204999999999999627 ) ;
#5861 = CARTESIAN_POINT ( 'NONE',  ( 18.71049721830912205, 18.96605182169769677, 6.441255956463571408 ) ) ;
#5862 = CARTESIAN_POINT ( 'NONE',  ( 19.91049721830912134, -20.74280126569524185, -23.83888142726849324 ) ) ;
#5863 = ORIENTED_EDGE ( 'NONE', *, *, #1818, .T. ) ;
#5864 = VERTEX_POINT ( 'NONE', #727 ) ;
#5865 = EDGE_CURVE ( 'NONE', #6795, #5000, #6526, .T. ) ;
#5866 = CYLINDRICAL_SURFACE ( 'NONE', #2973, 32.25000000000000000 ) ;
#5867 = VERTEX_POINT ( 'NONE', #6723 ) ;
#5868 = CARTESIAN_POINT ( 'NONE',  ( 18.71049721830912205, 0.2651661214191217697, 20.02824472908326214 ) ) ;
#5869 = CARTESIAN_POINT ( 'NONE',  ( 19.91049721830912134, 7.411362084825350749, -28.64366780333173779 ) ) ;
#5870 = AXIS2_PLACEMENT_3D ( 'NONE', #6228, #830, #377 ) ;
#5871 = CARTESIAN_POINT ( 'NONE',  ( 25.59583794145658331, 20.74280126569541949, 23.83888142726834047 ) ) ;
#5872 = EDGE_CURVE ( 'NONE', #4246, #1918, #4390, .T. ) ;
#5873 = ORIENTED_EDGE ( 'NONE', *, *, #3501, .F. ) ;
#5874 = ORIENTED_EDGE ( 'NONE', *, *, #4017, .F. ) ;
#5875 = ADVANCED_FACE ( 'NONE', ( #6191 ), #6119, .T. ) ;
#5876 = AXIS2_PLACEMENT_3D ( 'NONE', #5445, #606, #4424 ) ;
#5877 = EDGE_LOOP ( 'NONE', ( #5600, #6902, #3546, #569 ) ) ;
#5878 = CARTESIAN_POINT ( 'NONE',  ( 16.01049721830911921, -18.18815403723831636, 26.17478189738694638 ) ) ;
#5879 = DIRECTION ( 'NONE',  ( -1.000000000000000000, 0.000000000000000000, 0.000000000000000000 ) ) ;
#5880 = CARTESIAN_POINT ( 'NONE',  ( 16.01049721830911921, -28.60995187281024954, -14.88398984934755909 ) ) ;
#5881 = VECTOR ( 'NONE', #4277, 1000.000000000000000 ) ;
#5882 = VECTOR ( 'NONE', #2968, 1000.000000000000114 ) ;
#5883 = ORIENTED_EDGE ( 'NONE', *, *, #3077, .F. ) ;
#5884 = EDGE_LOOP ( 'NONE', ( #3156, #187, #2729, #2933 ) ) ;
#5885 = EDGE_CURVE ( 'NONE', #1640, #5197, #1357, .T. ) ;
#5886 = DIRECTION ( 'NONE',  ( -1.000000000000000000, 0.000000000000000000, 0.000000000000000000 ) ) ;
#5887 = DIRECTION ( 'NONE',  ( 0.000000000000000000, 0.1658300052543616732, -0.9861543537181886032 ) ) ;
#5888 = AXIS2_PLACEMENT_3D ( 'NONE', #1762, #2006, #957 ) ;
#5889 = FACE_OUTER_BOUND ( 'NONE', #670, .T. ) ;
#5890 = LINE ( 'NONE', #5370, #3241 ) ;
#5891 = CIRCLE ( 'NONE', #4316, 3.000000000000004885 ) ;
#5892 = EDGE_CURVE ( 'NONE', #4891, #6852, #1349, .T. ) ;
#5893 = ORIENTED_EDGE ( 'NONE', *, *, #4556, .T. ) ;
#5894 = LINE ( 'NONE', #6887, #2709 ) ;
#5895 = VECTOR ( 'NONE', #842, 1000.000000000000000 ) ;
#5896 = DIRECTION ( 'NONE',  ( -1.000000000000000000, 0.000000000000000000, 0.000000000000000000 ) ) ;
#5897 = CARTESIAN_POINT ( 'NONE',  ( 25.52624695367774521, -30.26683409500843780, -8.839288570908118814 ) ) ;
#5898 = ORIENTED_EDGE ( 'NONE', *, *, #5249, .T. ) ;
#5899 = CIRCLE ( 'NONE', #6806, 3.204999999999997851 ) ;
#5900 = AXIS2_PLACEMENT_3D ( 'NONE', #242, #278, #2431 ) ;
#5901 = DIRECTION ( 'NONE',  ( 0.000000000000000000, 0.000000000000000000, 1.000000000000000000 ) ) ;
#5902 = ORIENTED_EDGE ( 'NONE', *, *, #5426, .T. ) ;
#5903 = DIRECTION ( 'NONE',  ( -1.000000000000000000, 0.000000000000000000, 0.000000000000000000 ) ) ;
#5904 = LINE ( 'NONE', #4787, #2 ) ;
#5905 = DIRECTION ( 'NONE',  ( 0.000000000000000000, 0.7557495743542597122, 0.6548607339452832132 ) ) ;
#5906 = EDGE_CURVE ( 'NONE', #5553, #5623, #671, .T. ) ;
#5907 = ORIENTED_EDGE ( 'NONE', *, *, #5147, .T. ) ;
#5908 = ORIENTED_EDGE ( 'NONE', *, *, #6589, .F. ) ;
#5909 = ORIENTED_EDGE ( 'NONE', *, *, #3, .F. ) ;
#5910 = VECTOR ( 'NONE', #1405, 1000.000000000000000 ) ;
#5911 = EDGE_CURVE ( 'NONE', #1397, #3743, #1017, .T. ) ;
#5912 = DIRECTION ( 'NONE',  ( 0.000000000000000000, -0.5204678079730752360, -0.8538812920211462654 ) ) ;
#5913 = AXIS2_PLACEMENT_3D ( 'NONE', #349, #3456, #2492 ) ;
#5914 = DIRECTION ( 'NONE',  ( 1.000000000000000000, 0.000000000000000000, 0.000000000000000000 ) ) ;
#5915 = DIRECTION ( 'NONE',  ( 1.000000000000000000, -0.000000000000000000, -0.000000000000000000 ) ) ;
#5916 = ORIENTED_EDGE ( 'NONE', *, *, #5364, .F. ) ;
#5917 = VERTEX_POINT ( 'NONE', #232 ) ;
#5918 = DIRECTION ( 'NONE',  ( 1.000000000000000000, -0.000000000000000000, -0.000000000000000000 ) ) ;
#5919 = CARTESIAN_POINT ( 'NONE',  ( 19.91049721830912134, -30.63314883252257559, -8.847016988392956804 ) ) ;
#5920 = DIRECTION ( 'NONE',  ( -1.000000000000000000, -0.000000000000000000, -0.000000000000000000 ) ) ;
#5921 = DIRECTION ( 'NONE',  ( 1.000000000000000000, -0.000000000000000000, -0.000000000000000000 ) ) ;
#5922 = VERTEX_POINT ( 'NONE', #4504 ) ;
#5923 = CYLINDRICAL_SURFACE ( 'NONE', #5089, 32.25000000000000000 ) ;
#5924 = DIRECTION ( 'NONE',  ( 0.000000000000000000, 0.000000000000000000, 1.000000000000000000 ) ) ;
#5925 = ADVANCED_FACE ( 'NONE', ( #6652 ), #5593, .F. ) ;
#5926 = CARTESIAN_POINT ( 'NONE',  ( 19.91049721830912134, -19.06127845897257700, -26.32332926340262347 ) ) ;
#5927 = CIRCLE ( 'NONE', #6605, 0.5000000000000004441 ) ;
#5928 = ORIENTED_EDGE ( 'NONE', *, *, #3370, .T. ) ;
#5929 = VECTOR ( 'NONE', #4367, 1000.000000000000000 ) ;
#5930 = CARTESIAN_POINT ( 'NONE',  ( 19.91049721830912134, 12.82037349327366726, -29.59223755468595485 ) ) ;
#5931 = EDGE_LOOP ( 'NONE', ( #4759, #3091, #2101, #1996 ) ) ;
#5932 = DIRECTION ( 'NONE',  ( 0.000000000000000000, 0.000000000000000000, -1.000000000000000000 ) ) ;
#5933 = DIRECTION ( 'NONE',  ( 0.000000000000000000, 6.938893903907222067E-15, 1.000000000000000000 ) ) ;
#5934 = FACE_OUTER_BOUND ( 'NONE', #3592, .T. ) ;
#5935 = DIRECTION ( 'NONE',  ( -1.000000000000000000, 0.000000000000000000, 0.000000000000000000 ) ) ;
#5936 = VECTOR ( 'NONE', #1874, 1000.000000000000000 ) ;
#5937 = ORIENTED_EDGE ( 'NONE', *, *, #3633, .F. ) ;
#5938 = ADVANCED_FACE ( 'NONE', ( #5316 ), #5248, .F. ) ;
#5939 = ORIENTED_EDGE ( 'NONE', *, *, #6183, .T. ) ;
#5940 = DIRECTION ( 'NONE',  ( 0.000000000000000000, -2.663991297448785462E-15, -1.000000000000000000 ) ) ;
#5941 = VECTOR ( 'NONE', #2263, 1000.000000000000227 ) ;
#5942 = CIRCLE ( 'NONE', #324, 10.00000000000000000 ) ;
#5943 = CARTESIAN_POINT ( 'NONE',  ( 19.91049721830912134, 26.54824439462987584, -17.13904290252226303 ) ) ;
#5944 = ORIENTED_EDGE ( 'NONE', *, *, #5846, .F. ) ;
#5945 = ORIENTED_EDGE ( 'NONE', *, *, #353, .F. ) ;
#5946 = ADVANCED_FACE ( 'NONE', ( #5840 ), #1531, .T. ) ;
#5947 = ORIENTED_EDGE ( 'NONE', *, *, #2137, .T. ) ;
#5948 = CARTESIAN_POINT ( 'NONE',  ( 25.50868112545530764, -9.922176177769852501, 30.00177481331382268 ) ) ;
#5949 = DIRECTION ( 'NONE',  ( -1.000000000000000000, -0.000000000000000000, -0.000000000000000000 ) ) ;
#5950 = CARTESIAN_POINT ( 'NONE',  ( 25.36049721830912418, -18.05304843749999932, -2.469899717251453186 ) ) ;
#5951 = CARTESIAN_POINT ( 'NONE',  ( 89.00010752509841438, 10.06881816610630409, 13.47959664596413987 ) ) ;
#5952 = CARTESIAN_POINT ( 'NONE',  ( 19.91049721830912134, 31.74391750263135492, -0.6214511936865445563 ) ) ;
#5953 = EDGE_CURVE ( 'NONE', #5328, #6939, #4288, .T. ) ;
#5954 = ADVANCED_FACE ( 'NONE', ( #4150 ), #1983, .F. ) ;
#5955 = ORIENTED_EDGE ( 'NONE', *, *, #4332, .T. ) ;
#5956 = CARTESIAN_POINT ( 'NONE',  ( 16.01049721830911921, -5.132756202141048441, -31.33236846727968583 ) ) ;
#5957 = CARTESIAN_POINT ( 'NONE',  ( 16.01049721830911921, 13.18638305077265471, 28.71716166493114386 ) ) ;
#5958 = DIRECTION ( 'NONE',  ( 0.000000000000000000, 0.000000000000000000, 1.000000000000000000 ) ) ;
#5959 = ORIENTED_EDGE ( 'NONE', *, *, #3970, .T. ) ;
#5960 = AXIS2_PLACEMENT_3D ( 'NONE', #517, #2564, #1541 ) ;
#5961 = ADVANCED_FACE ( 'NONE', ( #479 ), #900, .F. ) ;
#5962 = AXIS2_PLACEMENT_3D ( 'NONE', #4909, #2252, #6522 ) ;
#5963 = DIRECTION ( 'NONE',  ( 1.000000000000000000, -0.000000000000000000, -0.000000000000000000 ) ) ;
#5964 = ORIENTED_EDGE ( 'NONE', *, *, #826, .F. ) ;
#5965 = CARTESIAN_POINT ( 'NONE',  ( 19.91049721830912134, 20.63815503485030334, -24.78162740333013048 ) ) ;
#5966 = DIRECTION ( 'NONE',  ( 0.000000000000000000, 0.000000000000000000, 1.000000000000000000 ) ) ;
#5967 = CARTESIAN_POINT ( 'NONE',  ( 19.91049721830912134, 13.18638305077265471, 28.71716166493114386 ) ) ;
#5968 = CARTESIAN_POINT ( 'NONE',  ( 89.00010752509841438, -3.229684546774040488, 17.93271034250899021 ) ) ;
#5969 = ORIENTED_EDGE ( 'NONE', *, *, #6054, .T. ) ;
#5970 = EDGE_LOOP ( 'NONE', ( #6799, #6469, #5898, #2660 ) ) ;
#5971 = EDGE_CURVE ( 'NONE', #5110, #1222, #5190, .T. ) ;
#5972 = CARTESIAN_POINT ( 'NONE',  ( 19.91049721830912134, 10.87302389153651383, 30.62723218728843477 ) ) ;
#5973 = ORIENTED_EDGE ( 'NONE', *, *, #2100, .T. ) ;
#5974 = AXIS2_PLACEMENT_3D ( 'NONE', #1274, #6562, #4484 ) ;
#5975 = CARTESIAN_POINT ( 'NONE',  ( 16.01049721830911921, 1.653949856271696328, -32.20756044584778266 ) ) ;
#5976 = DIRECTION ( 'NONE',  ( 1.000000000000000000, -0.000000000000000000, -0.000000000000000000 ) ) ;
#5977 = ORIENTED_EDGE ( 'NONE', *, *, #503, .T. ) ;
#5978 = DIRECTION ( 'NONE',  ( 1.000000000000000000, -0.000000000000000000, 0.000000000000000000 ) ) ;
#5979 = CARTESIAN_POINT ( 'NONE',  ( 25.36049721830912418, 0.000000000000000000, 0.000000000000000000 ) ) ;
#5980 = ORIENTED_EDGE ( 'NONE', *, *, #2026, .T. ) ;
#5981 = AXIS2_PLACEMENT_3D ( 'NONE', #2114, #4174, #3214 ) ;
#5982 = CIRCLE ( 'NONE', #4864, 22.50000000000000355 ) ;
#5983 = ORIENTED_EDGE ( 'NONE', *, *, #5570, .F. ) ;
#5984 = CYLINDRICAL_SURFACE ( 'NONE', #5716, 0.5000000000000004441 ) ;
#5985 = LINE ( 'NONE', #3879, #6015 ) ;
#5986 = CARTESIAN_POINT ( 'NONE',  ( 16.01049721830911921, -27.04066462635374180, -17.13925949569454588 ) ) ;
#5987 = DIRECTION ( 'NONE',  ( 0.000000000000000000, 0.000000000000000000, -1.000000000000000000 ) ) ;
#5988 = DIRECTION ( 'NONE',  ( 0.000000000000000000, -0.7399513643828865561, -0.6726603737012495365 ) ) ;
#5989 = ADVANCED_FACE ( 'NONE', ( #3048 ), #1461, .T. ) ;
#5990 = PRODUCT_DEFINITION ( 'UNKNOWN', '', #1106, #3580 ) ;
#5991 = VERTEX_POINT ( 'NONE', #1601 ) ;
#5992 = DIRECTION ( 'NONE',  ( -1.000000000000000000, 0.000000000000000000, 0.000000000000000000 ) ) ;
#5993 = ADVANCED_FACE ( 'NONE', ( #511 ), #2020, .F. ) ;
#5994 = DIRECTION ( 'NONE',  ( 0.000000000000000000, -1.387778780781444413E-14, 1.000000000000000000 ) ) ;
#5995 = DIRECTION ( 'NONE',  ( 0.000000000000000000, 0.000000000000000000, 1.000000000000000000 ) ) ;
#5996 = ADVANCED_FACE ( 'NONE', ( #6866 ), #6899, .F. ) ;
#5997 = CIRCLE ( 'NONE', #1383, 3.144999999999999574 ) ;
#5998 = VERTEX_POINT ( 'NONE', #3159 ) ;
#5999 = AXIS2_PLACEMENT_3D ( 'NONE', #6405, #2127, #3732 ) ;
#6000 = DIRECTION ( 'NONE',  ( 0.000000000000000000, 0.000000000000000000, 1.000000000000000000 ) ) ;
#6001 = ORIENTED_EDGE ( 'NONE', *, *, #1553, .F. ) ;
#6002 = AXIS2_PLACEMENT_3D ( 'NONE', #6273, #813, #3031 ) ;
#6003 = CARTESIAN_POINT ( 'NONE',  ( 25.50868112545530764, -10.07711777303070200, 30.23871445757164622 ) ) ;
#6004 = DIRECTION ( 'NONE',  ( 1.000000000000000000, -0.000000000000000000, -0.000000000000000000 ) ) ;
#6005 = DIRECTION ( 'NONE',  ( 0.000000000000000000, 0.000000000000000000, 1.000000000000000000 ) ) ;
#6006 = LINE ( 'NONE', #2690, #4097 ) ;
#6007 = ORIENTED_EDGE ( 'NONE', *, *, #2241, .F. ) ;
#6008 = ORIENTED_EDGE ( 'NONE', *, *, #5239, .F. ) ;
#6009 = VECTOR ( 'NONE', #1734, 1000.000000000000000 ) ;
#6010 = DIRECTION ( 'NONE',  ( 0.000000000000000000, -0.1658300052543688341, 0.9861543537181873820 ) ) ;
#6011 = EDGE_LOOP ( 'NONE', ( #4576, #445, #6868, #3837 ) ) ;
#6012 = CARTESIAN_POINT ( 'NONE',  ( 16.01049721830911921, 30.28298276502357211, -9.539573095966344951 ) ) ;
#6013 = AXIS2_PLACEMENT_3D ( 'NONE', #4096, #4669, #2928 ) ;
#6014 = CARTESIAN_POINT ( 'NONE',  ( 16.01049721830911921, 0.000000000000000000, 0.000000000000000000 ) ) ;
#6015 = VECTOR ( 'NONE', #552, 999.9999999999998863 ) ;
#6016 = FACE_OUTER_BOUND ( 'NONE', #2588, .T. ) ;
#6017 = EDGE_CURVE ( 'NONE', #6225, #3599, #2165, .T. ) ;
#6018 = CARTESIAN_POINT ( 'NONE',  ( 19.91049721830912134, -20.63815503485012925, 24.78162740333027614 ) ) ;
#6019 = VERTEX_POINT ( 'NONE', #5732 ) ;
#6020 = ORIENTED_EDGE ( 'NONE', *, *, #5128, .F. ) ;
#6021 = ORIENTED_EDGE ( 'NONE', *, *, #4741, .F. ) ;
#6022 = CARTESIAN_POINT ( 'NONE',  ( 16.01049721830911921, 31.59987055267417233, -0.06521583956830895312 ) ) ;
#6023 = CARTESIAN_POINT ( 'NONE',  ( 16.01049721830911921, 5.213587008474217299, 31.82579159274861880 ) ) ;
#6024 = DIRECTION ( 'NONE',  ( 0.000000000000000000, 0.9909193101761469835, -0.1344578771215321489 ) ) ;
#6025 = FACE_OUTER_BOUND ( 'NONE', #4604, .T. ) ;
#6026 = CARTESIAN_POINT ( 'NONE',  ( 89.00010752509841438, 3.229684546774040044, -17.93271034250898666 ) ) ;
#6027 = EDGE_LOOP ( 'NONE', ( #6979, #2497, #5939, #163 ) ) ;
#6028 = EDGE_CURVE ( 'NONE', #4923, #1155, #1154, .T. ) ;
#6029 = CARTESIAN_POINT ( 'NONE',  ( 16.01049721830911921, 3.963961536968961585, -32.00546061117432117 ) ) ;
#6030 = DIRECTION ( 'NONE',  ( 0.000000000000000000, 2.165021498879009278E-15, -1.000000000000000000 ) ) ;
#6031 = FACE_OUTER_BOUND ( 'NONE', #1277, .T. ) ;
#6032 = VERTEX_POINT ( 'NONE', #2091 ) ;
#6033 = EDGE_CURVE ( 'NONE', #1701, #5813, #3652, .T. ) ;
#6034 = CIRCLE ( 'NONE', #2998, 0.5000000000000004441 ) ;
#6035 = ADVANCED_FACE ( 'NONE', ( #4253 ), #1499, .F. ) ;
#6036 = CARTESIAN_POINT ( 'NONE',  ( 16.01049721830911921, -29.51923325979049650, 11.69090962047345350 ) ) ;
#6037 = VERTEX_POINT ( 'NONE', #443 ) ;
#6038 = CARTESIAN_POINT ( 'NONE',  ( 25.43063748263523749, 31.87332702518261840, -0.1384882805420117047 ) ) ;
#6039 = DIRECTION ( 'NONE',  ( 0.000000000000000000, 0.000000000000000000, 1.000000000000000000 ) ) ;
#6040 = CARTESIAN_POINT ( 'NONE',  ( 25.60753480350601308, 20.64422757970526234, -23.92429601239777170 ) ) ;
#6041 = CARTESIAN_POINT ( 'NONE',  ( 16.01049721830911921, -16.02620128337611050, 28.27385492685273150 ) ) ;
#6042 = ORIENTED_EDGE ( 'NONE', *, *, #6183, .F. ) ;
#6043 = EDGE_CURVE ( 'NONE', #1397, #106, #2592, .T. ) ;
#6044 = AXIS2_PLACEMENT_3D ( 'NONE', #38, #1689, #2298 ) ;
#6045 = DIRECTION ( 'NONE',  ( 0.000000000000000000, 0.000000000000000000, 1.000000000000000000 ) ) ;
#6046 = ORIENTED_EDGE ( 'NONE', *, *, #3227, .F. ) ;
#6047 = DIRECTION ( 'NONE',  ( 0.000000000000000000, 0.5406408174555918933, -0.8412535328311848692 ) ) ;
#6048 = DIRECTION ( 'NONE',  ( 0.000000000000000000, 0.6726603737012495365, -0.7399513643828865561 ) ) ;
#6049 = AXIS2_PLACEMENT_3D ( 'NONE', #5598, #2283, #4437 ) ;
#6050 = CARTESIAN_POINT ( 'NONE',  ( 19.91049721830912134, -30.30148033719032696, 8.965286466497492057 ) ) ;
#6051 = ORIENTED_EDGE ( 'NONE', *, *, #5048, .T. ) ;
#6052 = ORIENTED_EDGE ( 'NONE', *, *, #2385, .F. ) ;
#6053 = AXIS2_PLACEMENT_3D ( 'NONE', #5322, #2730, #6411 ) ;
#6054 = EDGE_CURVE ( 'NONE', #5256, #4008, #4547, .T. ) ;
#6055 = CARTESIAN_POINT ( 'NONE',  ( 16.01049721830911921, -28.28432710664293026, -14.09088046134518457 ) ) ;
#6056 = DIRECTION ( 'NONE',  ( 0.000000000000000000, -0.8538812920211427127, 0.5204678079730812312 ) ) ;
#6057 = CYLINDRICAL_SURFACE ( 'NONE', #4446, 32.25000000000000000 ) ;
#6058 = LINE ( 'NONE', #26, #4872 ) ;
#6059 = CARTESIAN_POINT ( 'NONE',  ( 18.71049721830912205, 16.06895312500000017, 4.986919937852695384 ) ) ;
#6060 = VECTOR ( 'NONE', #6368, 1000.000000000000000 ) ;
#6061 = AXIS2_PLACEMENT_3D ( 'NONE', #3639, #4091, #5780 ) ;
#6062 = EDGE_CURVE ( 'NONE', #6731, #1202, #4665, .T. ) ;
#6063 = CYLINDRICAL_SURFACE ( 'NONE', #4282, 20.02999999999999758 ) ;
#6064 = DIRECTION ( 'NONE',  ( -1.000000000000000000, 0.000000000000000000, 0.000000000000000000 ) ) ;
#6065 = CARTESIAN_POINT ( 'NONE',  ( 19.91049721830912134, 30.62124998374959262, 8.846875385739293662 ) ) ;
#6066 = ADVANCED_FACE ( 'NONE', ( #4991 ), #3763, .F. ) ;
#6067 = ORIENTED_EDGE ( 'NONE', *, *, #1113, .F. ) ;
#6068 = DIRECTION ( 'NONE',  ( 1.000000000000000000, -0.000000000000000000, -0.000000000000000000 ) ) ;
#6069 = VERTEX_POINT ( 'NONE', #6534 ) ;
#6070 = CARTESIAN_POINT ( 'NONE',  ( 19.91049721830912134, -30.62124998374952511, -8.846875385739522812 ) ) ;
#6071 = CYLINDRICAL_SURFACE ( 'NONE', #1265, 0.5000000000000000000 ) ;
#6072 = FACE_OUTER_BOUND ( 'NONE', #1881, .T. ) ;
#6073 = CARTESIAN_POINT ( 'NONE',  ( 16.01049721830911921, -29.45200432122972600, 12.18636927556152472 ) ) ;
#6074 = VECTOR ( 'NONE', #1078, 999.9999999999998863 ) ;
#6075 = EDGE_CURVE ( 'NONE', #5922, #233, #4458, .T. ) ;
#6076 = ORIENTED_EDGE ( 'NONE', *, *, #4699, .F. ) ;
#6077 = CIRCLE ( 'NONE', #3038, 0.5000000000000004441 ) ;
#6078 = FACE_OUTER_BOUND ( 'NONE', #327, .T. ) ;
#6079 = VERTEX_POINT ( 'NONE', #6609 ) ;
#6080 = AXIS2_PLACEMENT_3D ( 'NONE', #6371, #3698, #2626 ) ;
#6081 = DIRECTION ( 'NONE',  ( -1.000000000000000000, 0.000000000000000000, 0.000000000000000000 ) ) ;
#6082 = CARTESIAN_POINT ( 'NONE',  ( 18.71049721830912205, 1.224646799147353256E-15, -10.00000000000000000 ) ) ;
#6083 = EDGE_CURVE ( 'NONE', #1783, #5208, #4776, .T. ) ;
#6084 = CIRCLE ( 'NONE', #3508, 3.000000000000003553 ) ;
#6085 = DIRECTION ( 'NONE',  ( 0.000000000000000000, 0.1501628425342337037, -0.9886612770418586882 ) ) ;
#6086 = EDGE_CURVE ( 'NONE', #5197, #5998, #1662, .T. ) ;
#6087 = VERTEX_POINT ( 'NONE', #2759 ) ;
#6088 = ORIENTED_EDGE ( 'NONE', *, *, #6606, .F. ) ;
#6089 = VECTOR ( 'NONE', #2625, 1000.000000000000227 ) ;
#6090 = ORIENTED_EDGE ( 'NONE', *, *, #3888, .T. ) ;
#6091 = CARTESIAN_POINT ( 'NONE',  ( 16.01049721830911921, 28.16638672749546402, 14.65323031679932875 ) ) ;
#6092 = CARTESIAN_POINT ( 'NONE',  ( 16.01049721830911921, -31.59987055267417233, 0.06521583956830895312 ) ) ;
#6093 = DIRECTION ( 'NONE',  ( 0.000000000000000000, 0.000000000000000000, 1.000000000000000000 ) ) ;
#6094 = CARTESIAN_POINT ( 'NONE',  ( 19.91049721830912134, -1.803901592770677187, -32.44989890652357900 ) ) ;
#6095 = CIRCLE ( 'NONE', #5532, 0.5000000000000004441 ) ;
#6096 = DIRECTION ( 'NONE',  ( 0.000000000000000000, -0.2817325568414382198, -0.9594929736144948151 ) ) ;
#6097 = EDGE_CURVE ( 'NONE', #923, #4750, #1695, .T. ) ;
#6098 = ORIENTED_EDGE ( 'NONE', *, *, #525, .T. ) ;
#6099 = VERTEX_POINT ( 'NONE', #4953 ) ;
#6100 = AXIS2_PLACEMENT_3D ( 'NONE', #2545, #1975, #3075 ) ;
#6101 = DIRECTION ( 'NONE',  ( 0.000000000000000000, -3.469446951953611033E-15, 1.000000000000000000 ) ) ;
#6102 = DIRECTION ( 'NONE',  ( -1.000000000000000000, 0.000000000000000000, 0.000000000000000000 ) ) ;
#6103 = DIRECTION ( 'NONE',  ( 1.000000000000000000, -0.000000000000000000, -0.000000000000000000 ) ) ;
#6104 = AXIS2_PLACEMENT_3D ( 'NONE', #4067, #5237, #5796 ) ;
#6105 = VERTEX_POINT ( 'NONE', #4321 ) ;
#6106 = ORIENTED_EDGE ( 'NONE', *, *, #6595, .T. ) ;
#6107 = FACE_OUTER_BOUND ( 'NONE', #798, .T. ) ;
#6108 = DIRECTION ( 'NONE',  ( 0.000000000000000000, 0.000000000000000000, -1.000000000000000000 ) ) ;
#6109 = CARTESIAN_POINT ( 'NONE',  ( 16.01049721830911921, -31.61720675843440631, 2.900816573727038605 ) ) ;
#6110 = FACE_OUTER_BOUND ( 'NONE', #4865, .T. ) ;
#6111 = CIRCLE ( 'NONE', #5781, 32.25000000000000000 ) ;
#6112 = ORIENTED_EDGE ( 'NONE', *, *, #6083, .F. ) ;
#6113 = ORIENTED_EDGE ( 'NONE', *, *, #6727, .F. ) ;
#6114 = LINE ( 'NONE', #1285, #4894 ) ;
#6115 = EDGE_LOOP ( 'NONE', ( #4015, #5344, #5737, #5030 ) ) ;
#6116 = CARTESIAN_POINT ( 'NONE',  ( 25.50868112545530764, -9.922176177769852501, 30.00177481331382268 ) ) ;
#6117 = EDGE_CURVE ( 'NONE', #4891, #513, #3861, .T. ) ;
#6118 = DIRECTION ( 'NONE',  ( -0.000000000000000000, 0.2588190451025234595, 0.9659258262890676461 ) ) ;
#6119 = CYLINDRICAL_SURFACE ( 'NONE', #4058, 22.50000000000000355 ) ;
#6120 = AXIS2_PLACEMENT_3D ( 'NONE', #6496, #2030, #1660 ) ;
#6121 = EDGE_LOOP ( 'NONE', ( #6529, #6720, #6067, #3506 ) ) ;
#6122 = ORIENTED_EDGE ( 'NONE', *, *, #14, .F. ) ;
#6123 = EDGE_CURVE ( 'NONE', #6362, #3461, #1631, .T. ) ;
#6124 = VECTOR ( 'NONE', #4132, 1000.000000000000000 ) ;
#6125 = CARTESIAN_POINT ( 'NONE',  ( 16.01049721830911921, -7.411362084825122487, 31.64366780333179818 ) ) ;
#6126 = ORIENTED_EDGE ( 'NONE', *, *, #4242, .F. ) ;
#6127 = AXIS2_PLACEMENT_3D ( 'NONE', #4993, #2874, #6612 ) ;
#6128 = EDGE_CURVE ( 'NONE', #6787, #3460, #144, .T. ) ;
#6129 = CARTESIAN_POINT ( 'NONE',  ( 19.91049721830912134, -28.60995187281025309, -14.88398984934756086 ) ) ;
#6130 = FACE_BOUND ( 'NONE', #2598, .T. ) ;
#6131 = DIRECTION ( 'NONE',  ( -1.000000000000000000, 0.000000000000000000, 0.000000000000000000 ) ) ;
#6132 = DIRECTION ( 'NONE',  ( 0.000000000000000000, 0.000000000000000000, 1.000000000000000000 ) ) ;
#6133 = ORIENTED_EDGE ( 'NONE', *, *, #2233, .T. ) ;
#6134 = CIRCLE ( 'NONE', #396, 32.25000000000000000 ) ;
#6135 = AXIS2_PLACEMENT_3D ( 'NONE', #1779, #4369, #6093 ) ;
#6136 = CARTESIAN_POINT ( 'NONE',  ( 25.59583794145658331, 20.97725278806216309, 23.99756279549701077 ) ) ;
#6137 = CARTESIAN_POINT ( 'NONE',  ( 25.36049721830912418, 15.93129415377252833, 5.410590687343964866 ) ) ;
#6138 = VECTOR ( 'NONE', #6265, 1000.000000000000000 ) ;
#6139 = LINE ( 'NONE', #3997, #1474 ) ;
#6140 = ORIENTED_EDGE ( 'NONE', *, *, #778, .T. ) ;
#6141 = EDGE_LOOP ( 'NONE', ( #867, #4141, #4726, #2603 ) ) ;
#6142 = EDGE_CURVE ( 'NONE', #6944, #5289, #6006, .T. ) ;
#6143 = LINE ( 'NONE', #1311, #3051 ) ;
#6144 = LINE ( 'NONE', #4422, #4873 ) ;
#6145 = FACE_OUTER_BOUND ( 'NONE', #655, .T. ) ;
#6146 = CARTESIAN_POINT ( 'NONE',  ( 18.71049721830912205, 16.06895312500000017, -4.986919937852696272 ) ) ;
#6147 = ORIENTED_EDGE ( 'NONE', *, *, #744, .F. ) ;
#6148 = EDGE_LOOP ( 'NONE', ( #6894, #4157, #3082, #5218 ) ) ;
#6149 = LINE ( 'NONE', #1320, #6364 ) ;
#6150 = ORIENTED_EDGE ( 'NONE', *, *, #651, .T. ) ;
#6151 = FACE_OUTER_BOUND ( 'NONE', #1569, .T. ) ;
#6152 = CARTESIAN_POINT ( 'NONE',  ( 25.43063748263523749, -31.59987055267417233, 0.06521583956830895312 ) ) ;
#6153 = DIRECTION ( 'NONE',  ( -1.000000000000000000, 0.000000000000000000, 0.000000000000000000 ) ) ;
#6154 = AXIS2_PLACEMENT_3D ( 'NONE', #6808, #3103, #3681 ) ;
#6155 = ORIENTED_EDGE ( 'NONE', *, *, #4408, .F. ) ;
#6156 = EDGE_CURVE ( 'NONE', #3558, #1528, #5891, .T. ) ;
#6157 = ORIENTED_EDGE ( 'NONE', *, *, #633, .T. ) ;
#6158 = ORIENTED_EDGE ( 'NONE', *, *, #5865, .T. ) ;
#6159 = CARTESIAN_POINT ( 'NONE',  ( 18.71049721830912205, -20.00000000000000000, -2.602085213965210642E-15 ) ) ;
#6160 = VECTOR ( 'NONE', #1851, 1000.000000000000000 ) ;
#6161 = ORIENTED_EDGE ( 'NONE', *, *, #3427, .T. ) ;
#6162 = CARTESIAN_POINT ( 'NONE',  ( 16.01049721830911921, -21.25750658918243019, -23.58348815614147753 ) ) ;
#6163 = CARTESIAN_POINT ( 'NONE',  ( 25.56462533844871388, 29.17147211914313232, -12.14830385089005915 ) ) ;
#6164 = DIRECTION ( 'NONE',  ( -1.000000000000000000, 0.000000000000000000, 0.000000000000000000 ) ) ;
#6165 = DIRECTION ( 'NONE',  ( 0.000000000000000000, 0.000000000000000000, 1.000000000000000000 ) ) ;
#6166 = ORIENTED_EDGE ( 'NONE', *, *, #2183, .F. ) ;
#6167 = ORIENTED_EDGE ( 'NONE', *, *, #856, .T. ) ;
#6168 = CIRCLE ( 'NONE', #6851, 3.000000000000002665 ) ;
#6169 = DIRECTION ( 'NONE',  ( 1.000000000000000000, -0.000000000000000000, 0.000000000000000000 ) ) ;
#6170 = VECTOR ( 'NONE', #5442, 1000.000000000000000 ) ;
#6171 = CARTESIAN_POINT ( 'NONE',  ( 25.43063748263523749, 31.59987055267417233, -0.06521583956830895312 ) ) ;
#6172 = CIRCLE ( 'NONE', #2789, 0.5000000000000004441 ) ;
#6173 = CARTESIAN_POINT ( 'NONE',  ( 25.36049721830912418, 0.000000000000000000, 0.000000000000000000 ) ) ;
#6174 = EDGE_CURVE ( 'NONE', #1690, #2860, #1272, .T. ) ;
#6175 = ORIENTED_EDGE ( 'NONE', *, *, #1340, .T. ) ;
#6176 = EDGE_CURVE ( 'NONE', #2596, #261, #857, .T. ) ;
#6177 = CIRCLE ( 'NONE', #6292, 3.000000000000002665 ) ;
#6178 = ORIENTED_EDGE ( 'NONE', *, *, #353, .T. ) ;
#6179 = CYLINDRICAL_SURFACE ( 'NONE', #6285, 0.5000000000000004441 ) ;
#6180 = CARTESIAN_POINT ( 'NONE',  ( 19.91049721830912134, -20.76792786991628503, 24.17894386957459574 ) ) ;
#6181 = CARTESIAN_POINT ( 'NONE',  ( 16.01049721830911921, 0.000000000000000000, 0.000000000000000000 ) ) ;
#6182 = VECTOR ( 'NONE', #3002, 1000.000000000000000 ) ;
#6183 = EDGE_CURVE ( 'NONE', #3765, #5671, #6384, .T. ) ;
#6184 = ORIENTED_EDGE ( 'NONE', *, *, #2835, .T. ) ;
#6185 = ORIENTED_EDGE ( 'NONE', *, *, #6270, .T. ) ;
#6186 = DIRECTION ( 'NONE',  ( 0.000000000000000000, -0.6366901741190938990, -0.7711197197453829588 ) ) ;
#6187 = ORIENTED_EDGE ( 'NONE', *, *, #4066, .F. ) ;
#6188 = LINE ( 'NONE', #2481, #6399 ) ;
#6189 = DIRECTION ( 'NONE',  ( 0.000000000000000000, 0.000000000000000000, -1.000000000000000000 ) ) ;
#6190 = VECTOR ( 'NONE', #5914, 1000.000000000000000 ) ;
#6191 = FACE_OUTER_BOUND ( 'NONE', #3295, .T. ) ;
#6192 = ADVANCED_FACE ( 'NONE', ( #115 ), #2192, .F. ) ;
#6193 = ORIENTED_EDGE ( 'NONE', *, *, #5392, .F. ) ;
#6194 = EDGE_LOOP ( 'NONE', ( #5771, #5108, #5139, #1998 ) ) ;
#6195 = AXIS2_PLACEMENT_3D ( 'NONE', #4720, #2658, #5806 ) ;
#6196 = VERTEX_POINT ( 'NONE', #5480 ) ;
#6197 = FACE_OUTER_BOUND ( 'NONE', #5725, .T. ) ;
#6198 = ORIENTED_EDGE ( 'NONE', *, *, #3846, .T. ) ;
#6199 = AXIS2_PLACEMENT_3D ( 'NONE', #5432, #3920, #593 ) ;
#6200 = CARTESIAN_POINT ( 'NONE',  ( 16.01049721830911921, 21.25750658918260427, 23.58348815614132121 ) ) ;
#6201 = DIRECTION ( 'NONE',  ( 0.000000000000000000, 0.000000000000000000, 1.000000000000000000 ) ) ;
#6202 = CARTESIAN_POINT ( 'NONE',  ( 19.91049721830912134, 23.16875334171638201, 21.48871658899622616 ) ) ;
#6203 = DIRECTION ( 'NONE',  ( 0.000000000000000000, 0.000000000000000000, -1.000000000000000000 ) ) ;
#6204 = VERTEX_POINT ( 'NONE', #2724 ) ;
#6205 = CIRCLE ( 'NONE', #1245, 32.25000000000000000 ) ;
#6206 = DIRECTION ( 'NONE',  ( 0.000000000000000000, 0.000000000000000000, 1.000000000000000000 ) ) ;
#6207 = CIRCLE ( 'NONE', #4520, 32.25000000000000000 ) ;
#6208 = CARTESIAN_POINT ( 'NONE',  ( 16.01049721830911921, 31.69228817970154566, -3.395147212247743518 ) ) ;
#6209 = EDGE_CURVE ( 'NONE', #3078, #3101, #607, .T. ) ;
#6210 = LINE ( 'NONE', #884, #6124 ) ;
#6211 = DIRECTION ( 'NONE',  ( -1.000000000000000000, -0.000000000000000000, -0.000000000000000000 ) ) ;
#6212 = EDGE_CURVE ( 'NONE', #4225, #1528, #3900, .T. ) ;
#6213 = EDGE_CURVE ( 'NONE', #550, #1291, #4740, .T. ) ;
#6214 = ORIENTED_EDGE ( 'NONE', *, *, #2198, .F. ) ;
#6215 = DIRECTION ( 'NONE',  ( 0.000000000000000000, -0.5339499451778466632, -0.8455160885781975999 ) ) ;
#6216 = ADVANCED_FACE ( 'NONE', ( #220 ), #887, .T. ) ;
#6217 = PLANE ( 'NONE',  #6104 ) ;
#6218 = DIRECTION ( 'NONE',  ( 0.000000000000000000, 0.000000000000000000, 1.000000000000000000 ) ) ;
#6219 = COLOUR_RGB ( '',0.7921568627450980005, 0.8196078431372548767, 0.9333333333333333481 ) ;
#6220 = CIRCLE ( 'NONE', #815, 0.5000000000000004441 ) ;
#6221 = ORIENTED_EDGE ( 'NONE', *, *, #5722, .T. ) ;
#6222 = ORIENTED_EDGE ( 'NONE', *, *, #5834, .T. ) ;
#6223 = EDGE_CURVE ( 'NONE', #2515, #2983, #6600, .T. ) ;
#6224 = CYLINDRICAL_SURFACE ( 'NONE', #2639, 3.144999999999998685 ) ;
#6225 = VERTEX_POINT ( 'NONE', #4170 ) ;
#6226 = CIRCLE ( 'NONE', #3415, 3.000000000000002665 ) ;
#6227 = CARTESIAN_POINT ( 'NONE',  ( 16.01049721830911921, 28.76809848777853418, -12.12106178141850243 ) ) ;
#6228 = CARTESIAN_POINT ( 'NONE',  ( 16.01049721830911921, 12.62160801275779853, -29.13344317399314676 ) ) ;
#6229 = DIRECTION ( 'NONE',  ( 0.000000000000000000, 0.000000000000000000, 1.000000000000000000 ) ) ;
#6230 = ORIENTED_EDGE ( 'NONE', *, *, #6313, .T. ) ;
#6231 = VERTEX_POINT ( 'NONE', #5195 ) ;
#6232 = VERTEX_POINT ( 'NONE', #6315 ) ;
#6233 = DIRECTION ( 'NONE',  ( 0.000000000000000000, 0.000000000000000000, 1.000000000000000000 ) ) ;
#6234 = ORIENTED_EDGE ( 'NONE', *, *, #816, .F. ) ;
#6235 = EDGE_CURVE ( 'NONE', #5761, #1733, #4530, .T. ) ;
#6236 = DIRECTION ( 'NONE',  ( 0.000000000000000000, 0.000000000000000000, 1.000000000000000000 ) ) ;
#6237 = LINE ( 'NONE', #3987, #5573 ) ;
#6238 = CARTESIAN_POINT ( 'NONE',  ( 25.51733603988022736, -10.87302389153628823, -27.62723218728851293 ) ) ;
#6239 = EDGE_LOOP ( 'NONE', ( #2818, #5977, #2314, #5663 ) ) ;
#6240 = CIRCLE ( 'NONE', #5900, 3.204999999999999627 ) ;
#6241 = DIRECTION ( 'NONE',  ( 0.000000000000000000, 0.000000000000000000, 1.000000000000000000 ) ) ;
#6242 = DIRECTION ( 'NONE',  ( 0.000000000000000000, -0.1187190626573113306, -0.9929278846732875197 ) ) ;
#6243 = LINE ( 'NONE', #284, #2744 ) ;
#6244 = AXIS2_PLACEMENT_3D ( 'NONE', #3106, #4239, #1023 ) ;
#6245 = LINE ( 'NONE', #2404, #2604 ) ;
#6246 = EDGE_CURVE ( 'NONE', #1992, #4485, #4586, .T. ) ;
#6247 = ORIENTED_EDGE ( 'NONE', *, *, #6672, .T. ) ;
#6248 = VECTOR ( 'NONE', #5778, 1000.000000000000000 ) ;
#6249 = DIRECTION ( 'NONE',  ( 1.000000000000000000, -0.000000000000000000, -0.000000000000000000 ) ) ;
#6250 = CYLINDRICAL_SURFACE ( 'NONE', #2838, 3.000000000000006217 ) ;
#6251 = FILL_AREA_STYLE ('',( #4640 ) ) ;
#6252 = ORIENTED_EDGE ( 'NONE', *, *, #3154, .T. ) ;
#6253 = ORIENTED_EDGE ( 'NONE', *, *, #5307, .T. ) ;
#6254 = CARTESIAN_POINT ( 'NONE',  ( 19.91049721830912134, 18.51257633225432642, -25.79432142046882959 ) ) ;
#6255 = VERTEX_POINT ( 'NONE', #5621 ) ;
#6256 = CARTESIAN_POINT ( 'NONE',  ( 16.01049721830911921, 0.000000000000000000, 0.000000000000000000 ) ) ;
#6257 = LINE ( 'NONE', #3587, #6436 ) ;
#6258 = DIRECTION ( 'NONE',  ( -1.000000000000000000, 0.000000000000000000, 0.000000000000000000 ) ) ;
#6259 = EDGE_CURVE ( 'NONE', #4994, #6842, #3341, .T. ) ;
#6260 = ORIENTED_EDGE ( 'NONE', *, *, #4273, .F. ) ;
#6261 = ORIENTED_EDGE ( 'NONE', *, *, #63, .T. ) ;
#6262 = VERTEX_POINT ( 'NONE', #5790 ) ;
#6263 = CARTESIAN_POINT ( 'NONE',  ( 16.01049721830911921, 7.370888110118346326, 30.88255994033065832 ) ) ;
#6264 = ORIENTED_EDGE ( 'NONE', *, *, #1409, .F. ) ;
#6265 = DIRECTION ( 'NONE',  ( -1.000000000000000000, -0.000000000000000000, -0.000000000000000000 ) ) ;
#6266 = DIRECTION ( 'NONE',  ( 0.000000000000000000, -0.4226182617407003295, 0.9063077870366494926 ) ) ;
#6267 = CARTESIAN_POINT ( 'NONE',  ( 16.01049721830911921, 10.66087161983700327, -30.43695642316021477 ) ) ;
#6268 = ORIENTED_EDGE ( 'NONE', *, *, #35, .T. ) ;
#6269 = ORIENTED_EDGE ( 'NONE', *, *, #5797, .F. ) ;
#6270 = EDGE_CURVE ( 'NONE', #3335, #1906, #3969, .T. ) ;
#6271 = DIRECTION ( 'NONE',  ( -1.000000000000000000, 0.000000000000000000, -0.000000000000000000 ) ) ;
#6272 = DIRECTION ( 'NONE',  ( 1.000000000000000000, -0.000000000000000000, -0.000000000000000000 ) ) ;
#6273 = CARTESIAN_POINT ( 'NONE',  ( 18.71049721830912205, -9.708422300576447839, 13.74143956918888243 ) ) ;
#6274 = FACE_OUTER_BOUND ( 'NONE', #4165, .T. ) ;
#6275 = DIRECTION ( 'NONE',  ( 0.000000000000000000, 0.000000000000000000, 1.000000000000000000 ) ) ;
#6276 = VECTOR ( 'NONE', #1075, 1000.000000000000114 ) ;
#6277 = EDGE_CURVE ( 'NONE', #565, #1064, #4703, .T. ) ;
#6278 = ORIENTED_EDGE ( 'NONE', *, *, #311, .F. ) ;
#6279 = CIRCLE ( 'NONE', #431, 0.5000000000000004441 ) ;
#6280 = ORIENTED_EDGE ( 'NONE', *, *, #833, .T. ) ;
#6281 = AXIS2_PLACEMENT_3D ( 'NONE', #2494, #5741, #4662 ) ;
#6282 = DIRECTION ( 'NONE',  ( 0.000000000000000000, 0.000000000000000000, 1.000000000000000000 ) ) ;
#6283 = CARTESIAN_POINT ( 'NONE',  ( 25.41204637760865381, -1.067781597599591681, 31.58189219333323194 ) ) ;
#6284 = DIRECTION ( 'NONE',  ( -1.000000000000000000, 0.000000000000000000, 0.000000000000000000 ) ) ;
#6285 = AXIS2_PLACEMENT_3D ( 'NONE', #4674, #6249, #3575 ) ;
#6286 = CIRCLE ( 'NONE', #3713, 22.50000000000000355 ) ;
#6287 = ORIENTED_EDGE ( 'NONE', *, *, #2465, .T. ) ;
#6288 = ORIENTED_EDGE ( 'NONE', *, *, #1264, .F. ) ;
#6289 = FACE_OUTER_BOUND ( 'NONE', #3089, .T. ) ;
#6290 = ORIENTED_EDGE ( 'NONE', *, *, #1988, .T. ) ;
#6291 = DIRECTION ( 'NONE',  ( 1.000000000000000000, -0.000000000000000000, -0.000000000000000000 ) ) ;
#6292 = AXIS2_PLACEMENT_3D ( 'NONE', #5419, #6545, #3345 ) ;
#6293 = CARTESIAN_POINT ( 'NONE',  ( 89.00010752509841438, 16.18033988749895258, -11.75570504584946363 ) ) ;
#6294 = DIRECTION ( 'NONE',  ( 0.000000000000000000, 0.000000000000000000, 1.000000000000000000 ) ) ;
#6295 = EDGE_CURVE ( 'NONE', #3692, #783, #6034, .T. ) ;
#6296 = ORIENTED_EDGE ( 'NONE', *, *, #4585, .F. ) ;
#6297 = ORIENTED_EDGE ( 'NONE', *, *, #5729, .T. ) ;
#6298 = ORIENTED_EDGE ( 'NONE', *, *, #3676, .T. ) ;
#6299 = EDGE_CURVE ( 'NONE', #603, #5550, #3906, .T. ) ;
#6300 = LINE ( 'NONE', #5143, #1756 ) ;
#6301 = ORIENTED_EDGE ( 'NONE', *, *, #4203, .F. ) ;
#6302 = DIRECTION ( 'NONE',  ( -1.000000000000000000, 0.000000000000000000, 0.000000000000000000 ) ) ;
#6303 = CARTESIAN_POINT ( 'NONE',  ( 16.01049721830911921, -24.56724982311104810, 19.87476561321781432 ) ) ;
#6304 = CARTESIAN_POINT ( 'NONE',  ( 89.00010752509841438, 7.927712988149142603, -16.40622836844383770 ) ) ;
#6305 = ORIENTED_EDGE ( 'NONE', *, *, #4995, .F. ) ;
#6306 = AXIS2_PLACEMENT_3D ( 'NONE', #5220, #5078, #2393 ) ;
#6307 = VERTEX_POINT ( 'NONE', #5267 ) ;
#6308 = ORIENTED_EDGE ( 'NONE', *, *, #5400, .F. ) ;
#6309 = VECTOR ( 'NONE', #812, 1000.000000000000000 ) ;
#6310 = DIRECTION ( 'NONE',  ( 1.000000000000000000, -0.000000000000000000, -0.000000000000000000 ) ) ;
#6311 = CARTESIAN_POINT ( 'NONE',  ( 16.01049721830911921, -32.37632768798173544, -2.832561639298896594 ) ) ;
#6312 = DIRECTION ( 'NONE',  ( 0.000000000000000000, 0.000000000000000000, 1.000000000000000000 ) ) ;
#6313 = EDGE_CURVE ( 'NONE', #6797, #3667, #6111, .T. ) ;
#6314 = CARTESIAN_POINT ( 'NONE',  ( 16.01049721830911921, 29.17147211914313232, -12.14830385089005915 ) ) ;
#6315 = CARTESIAN_POINT ( 'NONE',  ( 19.91049721830912134, -1.803901592770677187, -29.44989890652357190 ) ) ;
#6316 = VECTOR ( 'NONE', #2840, 1000.000000000000000 ) ;
#6317 = CIRCLE ( 'NONE', #3275, 32.25000000000000000 ) ;
#6318 = VERTEX_POINT ( 'NONE', #6073 ) ;
#6319 = CARTESIAN_POINT ( 'NONE',  ( 16.01049721830911921, -1.628307222840894797, 31.70821842343154984 ) ) ;
#6320 = LINE ( 'NONE', #401, #5882 ) ;
#6321 = ADVANCED_FACE ( 'NONE', ( #6110 ), #1243, .F. ) ;
#6322 = FACE_OUTER_BOUND ( 'NONE', #6325, .T. ) ;
#6323 = AXIS2_PLACEMENT_3D ( 'NONE', #2471, #2372, #1828 ) ;
#6324 = AXIS2_PLACEMENT_3D ( 'NONE', #6434, #442, #6403 ) ;
#6325 = EDGE_LOOP ( 'NONE', ( #4964, #4957, #2725, #2251 ) ) ;
#6326 = VERTEX_POINT ( 'NONE', #1970 ) ;
#6327 = CARTESIAN_POINT ( 'NONE',  ( 25.51733603988022736, 13.18638305077265471, 28.71716166493114386 ) ) ;
#6328 = EDGE_LOOP ( 'NONE', ( #5216, #5831, #4178, #5204 ) ) ;
#6329 = CARTESIAN_POINT ( 'NONE',  ( 19.91049721830912134, 31.36505133114902932, 5.671129486484199234 ) ) ;
#6330 = CIRCLE ( 'NONE', #3640, 3.000000000000002665 ) ;
#6331 = CYLINDRICAL_SURFACE ( 'NONE', #5870, 0.5000000000000004441 ) ;
#6332 = CARTESIAN_POINT ( 'NONE',  ( 89.00010752509841438, -6.180339887498946361, -19.02113032590307284 ) ) ;
#6333 = ORIENTED_EDGE ( 'NONE', *, *, #224, .F. ) ;
#6334 = AXIS2_PLACEMENT_3D ( 'NONE', #4806, #6921, #6849 ) ;
#6335 = ORIENTED_EDGE ( 'NONE', *, *, #4800, .F. ) ;
#6336 = AXIS2_PLACEMENT_3D ( 'NONE', #3897, #5478, #639 ) ;
#6337 = EDGE_CURVE ( 'NONE', #6037, #1782, #6345, .T. ) ;
#6338 = ORIENTED_EDGE ( 'NONE', *, *, #2583, .F. ) ;
#6339 = DIRECTION ( 'NONE',  ( 0.000000000000000000, 0.000000000000000000, 1.000000000000000000 ) ) ;
#6340 = ORIENTED_EDGE ( 'NONE', *, *, #3769, .T. ) ;
#6341 = DIRECTION ( 'NONE',  ( 0.000000000000000000, 0.9128989540240145528, -0.4081856192247103055 ) ) ;
#6342 = LINE ( 'NONE', #2067, #3724 ) ;
#6343 = AXIS2_PLACEMENT_3D ( 'NONE', #3215, #2082, #2682 ) ;
#6344 = DIRECTION ( 'NONE',  ( 0.000000000000000000, 0.7505306301456857732, 0.6608356627885026979 ) ) ;
#6345 = CIRCLE ( 'NONE', #6559, 3.204999999999997851 ) ;
#6346 = EDGE_LOOP ( 'NONE', ( #1560, #894, #3606, #708 ) ) ;
#6347 = VERTEX_POINT ( 'NONE', #1832 ) ;
#6348 = VECTOR ( 'NONE', #540, 1000.000000000000000 ) ;
#6349 = EDGE_CURVE ( 'NONE', #6087, #2222, #5436, .T. ) ;
#6350 = DIRECTION ( 'NONE',  ( 0.000000000000000000, 0.2893355710634428757, -0.9572277301235017077 ) ) ;
#6351 = LINE ( 'NONE', #5820, #4393 ) ;
#6352 = CARTESIAN_POINT ( 'NONE',  ( 25.59583794145658331, 16.25378683942982505, 27.41792421093292376 ) ) ;
#6353 = LINE ( 'NONE', #1618, #1686 ) ;
#6354 = DIRECTION ( 'NONE',  ( 0.000000000000000000, 0.000000000000000000, -1.000000000000000000 ) ) ;
#6355 = EDGE_CURVE ( 'NONE', #2568, #2279, #1608, .T. ) ;
#6356 = CIRCLE ( 'NONE', #1836, 0.5000000000000004441 ) ;
#6357 = VECTOR ( 'NONE', #2705, 1000.000000000000000 ) ;
#6358 = CARTESIAN_POINT ( 'NONE',  ( 25.36049721830912418, 0.000000000000000000, 0.000000000000000000 ) ) ;
#6359 = AXIS2_PLACEMENT_3D ( 'NONE', #2958, #5642, #4022 ) ;
#6360 = CARTESIAN_POINT ( 'NONE',  ( 19.91049721830912134, 0.000000000000000000, 0.000000000000000000 ) ) ;
#6361 = LINE ( 'NONE', #6991, #5881 ) ;
#6362 = VERTEX_POINT ( 'NONE', #3612 ) ;
#6363 = ORIENTED_EDGE ( 'NONE', *, *, #6771, .T. ) ;
#6364 = VECTOR ( 'NONE', #5625, 1000.000000000000000 ) ;
#6365 = EDGE_CURVE ( 'NONE', #6655, #1035, #376, .T. ) ;
#6366 = DIRECTION ( 'NONE',  ( -1.000000000000000000, 0.000000000000000000, 0.000000000000000000 ) ) ;
#6367 = ORIENTED_EDGE ( 'NONE', *, *, #6174, .F. ) ;
#6368 = DIRECTION ( 'NONE',  ( -1.000000000000000000, 0.000000000000000000, 0.000000000000000000 ) ) ;
#6369 = CARTESIAN_POINT ( 'NONE',  ( 18.71049721830912205, 0.000000000000000000, 0.000000000000000000 ) ) ;
#6370 = AXIS2_PLACEMENT_3D ( 'NONE', #3718, #5856, #556 ) ;
#6371 = CARTESIAN_POINT ( 'NONE',  ( 18.71049721830912205, 0.000000000000000000, 0.000000000000000000 ) ) ;
#6372 = CIRCLE ( 'NONE', #3646, 0.5000000000000004441 ) ;
#6373 = ORIENTED_EDGE ( 'NONE', *, *, #5076, .F. ) ;
#6374 = ORIENTED_EDGE ( 'NONE', *, *, #3545, .F. ) ;
#6375 = ORIENTED_EDGE ( 'NONE', *, *, #5317, .T. ) ;
#6376 = DIRECTION ( 'NONE',  ( 1.000000000000000000, -0.000000000000000000, -0.000000000000000000 ) ) ;
#6377 = ORIENTED_EDGE ( 'NONE', *, *, #6781, .F. ) ;
#6378 = DIRECTION ( 'NONE',  ( 0.000000000000000000, 0.000000000000000000, -1.000000000000000000 ) ) ;
#6379 = DIRECTION ( 'NONE',  ( 0.000000000000000000, 0.000000000000000000, 1.000000000000000000 ) ) ;
#6380 = CARTESIAN_POINT ( 'NONE',  ( 18.71049721830912205, -0.2651661214191419758, 20.02824472908326214 ) ) ;
#6381 = EDGE_CURVE ( 'NONE', #1664, #5671, #395, .T. ) ;
#6382 = ORIENTED_EDGE ( 'NONE', *, *, #3304, .F. ) ;
#6383 = ORIENTED_EDGE ( 'NONE', *, *, #1091, .F. ) ;
#6384 = CIRCLE ( 'NONE', #5474, 3.145000000000000018 ) ;
#6385 = FACE_OUTER_BOUND ( 'NONE', #559, .T. ) ;
#6386 = CYLINDRICAL_SURFACE ( 'NONE', #1026, 10.00000000000000000 ) ;
#6387 = CARTESIAN_POINT ( 'NONE',  ( 19.91049721830912134, 20.76792786991645201, -24.17894386957444297 ) ) ;
#6388 = CARTESIAN_POINT ( 'NONE',  ( 25.52624695367774521, -30.26683409500843780, -11.83928857090812059 ) ) ;
#6389 = DIRECTION ( 'NONE',  ( 0.000000000000000000, 0.9096319953545164427, -0.4154150130018907650 ) ) ;
#6390 = EDGE_CURVE ( 'NONE', #5525, #2942, #590, .T. ) ;
#6391 = CARTESIAN_POINT ( 'NONE',  ( 16.01049721830911921, -29.17147211914303995, 12.14830385089026343 ) ) ;
#6392 = EDGE_CURVE ( 'NONE', #1953, #6347, #5253, .T. ) ;
#6393 = VECTOR ( 'NONE', #1811, 999.9999999999998863 ) ;
#6394 = DIRECTION ( 'NONE',  ( -1.000000000000000000, 0.000000000000000000, 0.000000000000000000 ) ) ;
#6395 = CARTESIAN_POINT ( 'NONE',  ( 25.36049721830912418, -16.05699361465334718, 8.613124784825870961 ) ) ;
#6396 = EDGE_CURVE ( 'NONE', #6944, #288, #3788, .T. ) ;
#6397 = EDGE_LOOP ( 'NONE', ( #6860, #3723, #1310, #3991 ) ) ;
#6398 = VERTEX_POINT ( 'NONE', #2674 ) ;
#6399 = VECTOR ( 'NONE', #4012, 1000.000000000000000 ) ;
#6400 = CARTESIAN_POINT ( 'NONE',  ( 16.01049721830911921, -12.82037349327345588, 29.59223755468604722 ) ) ;
#6401 = ORIENTED_EDGE ( 'NONE', *, *, #5461, .T. ) ;
#6402 = CYLINDRICAL_SURFACE ( 'NONE', #322, 0.5000000000000004441 ) ;
#6403 = DIRECTION ( 'NONE',  ( 0.000000000000000000, 0.000000000000000000, 1.000000000000000000 ) ) ;
#6404 = AXIS2_PLACEMENT_3D ( 'NONE', #3821, #3288, #675 ) ;
#6405 = CARTESIAN_POINT ( 'NONE',  ( 16.01049721830911921, 15.77293792475527923, 27.55498011652006696 ) ) ;
#6406 = EDGE_CURVE ( 'NONE', #4712, #2044, #6985, .T. ) ;
#6407 = CIRCLE ( 'NONE', #3245, 20.02999999999999758 ) ;
#6408 = ORIENTED_EDGE ( 'NONE', *, *, #2487, .F. ) ;
#6409 = VERTEX_POINT ( 'NONE', #1518 ) ;
#6410 = ORIENTED_EDGE ( 'NONE', *, *, #4315, .T. ) ;
#6411 = DIRECTION ( 'NONE',  ( 0.000000000000000000, 0.000000000000000000, 1.000000000000000000 ) ) ;
#6412 = CARTESIAN_POINT ( 'NONE',  ( 16.01049721830911921, 29.51923325979057466, -12.19090962047324211 ) ) ;
#6413 = EDGE_CURVE ( 'NONE', #5240, #3930, #1414, .T. ) ;
#6414 = DIRECTION ( 'NONE',  ( 0.000000000000000000, 0.000000000000000000, 1.000000000000000000 ) ) ;
#6415 = ORIENTED_EDGE ( 'NONE', *, *, #2128, .F. ) ;
#6416 = ORIENTED_EDGE ( 'NONE', *, *, #4387, .F. ) ;
#6417 = FACE_OUTER_BOUND ( 'NONE', #5884, .T. ) ;
#6418 = CARTESIAN_POINT ( 'NONE',  ( 16.01049721830911921, 13.11468518961689256, -29.05052817136596133 ) ) ;
#6419 = DIRECTION ( 'NONE',  ( 0.000000000000000000, -0.5339499451778404460, -0.8455160885782017077 ) ) ;
#6420 = DIRECTION ( 'NONE',  ( 1.000000000000000000, -0.000000000000000000, -0.000000000000000000 ) ) ;
#6421 = VECTOR ( 'NONE', #277, 1000.000000000000000 ) ;
#6422 = DIRECTION ( 'NONE',  ( -1.000000000000000000, 0.000000000000000000, -0.000000000000000000 ) ) ;
#6423 = ADVANCED_FACE ( 'NONE', ( #4208 ), #5335, .T. ) ;
#6424 = CARTESIAN_POINT ( 'NONE',  ( 89.00010752509841438, -15.93129415377253189, 5.410590687343962202 ) ) ;
#6425 = DIRECTION ( 'NONE',  ( 0.000000000000000000, 0.000000000000000000, 1.000000000000000000 ) ) ;
#6426 = DIRECTION ( 'NONE',  ( 0.000000000000000000, 0.000000000000000000, 1.000000000000000000 ) ) ;
#6427 = EDGE_CURVE ( 'NONE', #2454, #6961, #2108, .T. ) ;
#6428 = ORIENTED_EDGE ( 'NONE', *, *, #458, .F. ) ;
#6429 = ORIENTED_EDGE ( 'NONE', *, *, #892, .T. ) ;
#6430 = ADVANCED_FACE ( 'NONE', ( #6455 ), #3685, .T. ) ;
#6431 = DIRECTION ( 'NONE',  ( 0.000000000000000000, 0.000000000000000000, 1.000000000000000000 ) ) ;
#6432 = EDGE_LOOP ( 'NONE', ( #5734, #6178, #3875, #4497 ) ) ;
#6433 = CARTESIAN_POINT ( 'NONE',  ( 16.01049721830911921, -4.432578430805260261, 31.28751061535984235 ) ) ;
#6434 = CARTESIAN_POINT ( 'NONE',  ( 19.91049721830912134, 31.61720675843442052, -2.900816573726812120 ) ) ;
#6435 = VECTOR ( 'NONE', #2614, 1000.000000000000000 ) ;
#6436 = VECTOR ( 'NONE', #898, 1000.000000000000114 ) ;
#6437 = DIRECTION ( 'NONE',  ( 1.000000000000000000, -0.000000000000000000, -0.000000000000000000 ) ) ;
#6438 = VERTEX_POINT ( 'NONE', #2611 ) ;
#6439 = EDGE_CURVE ( 'NONE', #1475, #4834, #615, .T. ) ;
#6440 = ORIENTED_EDGE ( 'NONE', *, *, #1915, .F. ) ;
#6441 = VECTOR ( 'NONE', #3222, 1000.000000000000000 ) ;
#6442 = VERTEX_POINT ( 'NONE', #3780 ) ;
#6443 = CARTESIAN_POINT ( 'NONE',  ( 19.91049721830912134, 0.000000000000000000, 0.000000000000000000 ) ) ;
#6444 = LINE ( 'NONE', #2031, #2132 ) ;
#6445 = DIRECTION ( 'NONE',  ( 1.000000000000000000, -0.000000000000000000, 0.000000000000000000 ) ) ;
#6446 = AXIS2_PLACEMENT_3D ( 'NONE', #3395, #707, #4450 ) ;
#6447 = EDGE_LOOP ( 'NONE', ( #1820, #2726, #3468, #1073 ) ) ;
#6448 = ORIENTED_EDGE ( 'NONE', *, *, #4148, .T. ) ;
#6449 = ADVANCED_FACE ( 'NONE', ( #4307 ), #2078, .F. ) ;
#6450 = CYLINDRICAL_SURFACE ( 'NONE', #1867, 0.5000000000000004441 ) ;
#6451 = VECTOR ( 'NONE', #2615, 1000.000000000000114 ) ;
#6452 = DIRECTION ( 'NONE',  ( -1.000000000000000000, 0.000000000000000000, -0.000000000000000000 ) ) ;
#6453 = AXIS2_PLACEMENT_3D ( 'NONE', #3405, #716, #6275 ) ;
#6454 = CARTESIAN_POINT ( 'NONE',  ( 25.36049721830912418, 6.180339887498944584, 19.02113032590307284 ) ) ;
#6455 = FACE_OUTER_BOUND ( 'NONE', #164, .T. ) ;
#6456 = VECTOR ( 'NONE', #6571, 999.9999999999998863 ) ;
#6457 = CYLINDRICAL_SURFACE ( 'NONE', #356, 0.5000000000000004441 ) ;
#6458 = DIRECTION ( 'NONE',  ( -1.000000000000000000, -0.000000000000000000, -0.000000000000000000 ) ) ;
#6459 = DIRECTION ( 'NONE',  ( 0.000000000000000000, 0.000000000000000000, 1.000000000000000000 ) ) ;
#6460 = EDGE_CURVE ( 'NONE', #6764, #2363, #3749, .T. ) ;
#6461 = ORIENTED_EDGE ( 'NONE', *, *, #851, .F. ) ;
#6462 = CARTESIAN_POINT ( 'NONE',  ( 19.91049721830912134, 0.000000000000000000, 0.000000000000000000 ) ) ;
#6463 = EDGE_LOOP ( 'NONE', ( #3198, #634, #5150, #4224 ) ) ;
#6464 = FACE_OUTER_BOUND ( 'NONE', #1043, .T. ) ;
#6465 = DIRECTION ( 'NONE',  ( 0.000000000000000000, 0.000000000000000000, 1.000000000000000000 ) ) ;
#6466 = DIRECTION ( 'NONE',  ( 0.000000000000000000, 0.000000000000000000, 1.000000000000000000 ) ) ;
#6467 = AXIS2_PLACEMENT_3D ( 'NONE', #6861, #507, #2015 ) ;
#6468 = EDGE_CURVE ( 'NONE', #5208, #1945, #5399, .T. ) ;
#6469 = ORIENTED_EDGE ( 'NONE', *, *, #1293, .T. ) ;
#6470 = ORIENTED_EDGE ( 'NONE', *, *, #2812, .T. ) ;
#6471 = CARTESIAN_POINT ( 'NONE',  ( 16.01049721830911921, -1.653949856271460517, 32.20756044584779687 ) ) ;
#6472 = CIRCLE ( 'NONE', #33, 0.5000000000000004441 ) ;
#6473 = EDGE_CURVE ( 'NONE', #4080, #3491, #3144, .T. ) ;
#6474 = DIRECTION ( 'NONE',  ( 1.000000000000000000, -0.000000000000000000, -0.000000000000000000 ) ) ;
#6475 = DIRECTION ( 'NONE',  ( -1.000000000000000000, -0.000000000000000000, -0.000000000000000000 ) ) ;
#6476 = EDGE_CURVE ( 'NONE', #1286, #4637, #4272, .T. ) ;
#6477 = ORIENTED_EDGE ( 'NONE', *, *, #2717, .T. ) ;
#6478 = ORIENTED_EDGE ( 'NONE', *, *, #2583, .T. ) ;
#6479 = CARTESIAN_POINT ( 'NONE',  ( 16.01049721830911921, -18.80411296740775029, 26.20053120661807711 ) ) ;
#6480 = CARTESIAN_POINT ( 'NONE',  ( 89.00010752509841438, 0.000000000000000000, 0.000000000000000000 ) ) ;
#6481 = CARTESIAN_POINT ( 'NONE',  ( 89.00010752509841438, 0.000000000000000000, 0.000000000000000000 ) ) ;
#6482 = LINE ( 'NONE', #3810, #6698 ) ;
#6483 = FACE_OUTER_BOUND ( 'NONE', #3999, .T. ) ;
#6484 = EDGE_CURVE ( 'NONE', #966, #6204, #3307, .T. ) ;
#6485 = ORIENTED_EDGE ( 'NONE', *, *, #5885, .T. ) ;
#6486 = FACE_OUTER_BOUND ( 'NONE', #69, .T. ) ;
#6487 = FACE_OUTER_BOUND ( 'NONE', #2525, .T. ) ;
#6488 = DIRECTION ( 'NONE',  ( 0.000000000000000000, -1.387778780781444413E-14, 1.000000000000000000 ) ) ;
#6489 = VECTOR ( 'NONE', #2606, 1000.000000000000000 ) ;
#6490 = EDGE_CURVE ( 'NONE', #1945, #2033, #5890, .T. ) ;
#6491 = ORIENTED_EDGE ( 'NONE', *, *, #503, .F. ) ;
#6492 = CIRCLE ( 'NONE', #6957, 0.5000000000000004441 ) ;
#6493 = CARTESIAN_POINT ( 'NONE',  ( 16.01049721830911921, -5.132756202141048441, -31.33236846727968583 ) ) ;
#6494 = ORIENTED_EDGE ( 'NONE', *, *, #778, .F. ) ;
#6495 = DIRECTION ( 'NONE',  ( 1.000000000000000000, 0.000000000000000000, 0.000000000000000000 ) ) ;
#6496 = CARTESIAN_POINT ( 'NONE',  ( 16.01049721830911921, 32.37632768798173544, 2.832561639298896594 ) ) ;
#6497 = DIRECTION ( 'NONE',  ( -1.000000000000000000, 0.000000000000000000, 0.000000000000000000 ) ) ;
#6498 = DIRECTION ( 'NONE',  ( 0.000000000000000000, 0.000000000000000000, 1.000000000000000000 ) ) ;
#6499 = VECTOR ( 'NONE', #5845, 1000.000000000000114 ) ;
#6500 = VERTEX_POINT ( 'NONE', #4339 ) ;
#6501 = ORIENTED_EDGE ( 'NONE', *, *, #4874, .F. ) ;
#6502 = CARTESIAN_POINT ( 'NONE',  ( 25.36049721830912418, 10.06881816610630409, 13.47959664596413987 ) ) ;
#6503 = ORIENTED_EDGE ( 'NONE', *, *, #2796, .F. ) ;
#6504 = CARTESIAN_POINT ( 'NONE',  ( 16.01049721830911921, -3.963961536968730215, 32.00546061117434959 ) ) ;
#6505 = VECTOR ( 'NONE', #2300, 1000.000000000000000 ) ;
#6506 = ADVANCED_FACE ( 'NONE', ( #6483 ), #1646, .T. ) ;
#6507 = AXIS2_PLACEMENT_3D ( 'NONE', #3274, #206, #1677 ) ;
#6508 = CARTESIAN_POINT ( 'NONE',  ( 16.01049721830911921, -31.87332702518261840, 0.1384882805420117602 ) ) ;
#6509 = CARTESIAN_POINT ( 'NONE',  ( 19.91049721830912134, -23.31991615829123532, -21.72808470685696491 ) ) ;
#6510 = VERTEX_POINT ( 'NONE', #2323 ) ;
#6511 = ORIENTED_EDGE ( 'NONE', *, *, #1519, .T. ) ;
#6512 = EDGE_CURVE ( 'NONE', #1064, #1932, #4907, .T. ) ;
#6513 = DIRECTION ( 'NONE',  ( -1.000000000000000000, 0.000000000000000000, 0.000000000000000000 ) ) ;
#6514 = EDGE_CURVE ( 'NONE', #2464, #4396, #201, .T. ) ;
#6515 = DIRECTION ( 'NONE',  ( -1.000000000000000000, 0.000000000000000000, 0.000000000000000000 ) ) ;
#6516 = FACE_OUTER_BOUND ( 'NONE', #781, .T. ) ;
#6517 = DIRECTION ( 'NONE',  ( -1.000000000000000000, -0.000000000000000000, -0.000000000000000000 ) ) ;
#6518 = CARTESIAN_POINT ( 'NONE',  ( 19.91049721830912134, -13.06773822222154458, 28.77134494261581921 ) ) ;
#6519 = ORIENTED_EDGE ( 'NONE', *, *, #6556, .F. ) ;
#6520 = ADVANCED_FACE ( 'NONE', ( #1817 ), #62, .F. ) ;
#6521 = AXIS2_PLACEMENT_3D ( 'NONE', #4160, #3771, #2665 ) ;
#6522 = DIRECTION ( 'NONE',  ( 0.000000000000000000, 2.312964634635740689E-15, 1.000000000000000000 ) ) ;
#6523 = CARTESIAN_POINT ( 'NONE',  ( 25.36049721830912418, 0.000000000000000000, 0.000000000000000000 ) ) ;
#6524 = FACE_BOUND ( 'NONE', #4575, .T. ) ;
#6525 = ORIENTED_EDGE ( 'NONE', *, *, #5672, .F. ) ;
#6526 = CIRCLE ( 'NONE', #344, 32.25000000000000000 ) ;
#6527 = CIRCLE ( 'NONE', #5962, 3.000000000000002665 ) ;
#6528 = FACE_OUTER_BOUND ( 'NONE', #1212, .T. ) ;
#6529 = ORIENTED_EDGE ( 'NONE', *, *, #2806, .T. ) ;
#6530 = EDGE_CURVE ( 'NONE', #6961, #565, #4151, .T. ) ;
#6531 = CARTESIAN_POINT ( 'NONE',  ( 25.60010050217467636, 23.16875334171638201, 21.48871658899622616 ) ) ;
#6532 = DIRECTION ( 'NONE',  ( -1.000000000000000000, 0.000000000000000000, 0.000000000000000000 ) ) ;
#6533 = CARTESIAN_POINT ( 'NONE',  ( 19.91049721830912134, -31.41239523350686369, 3.437658759308480416 ) ) ;
#6534 = CARTESIAN_POINT ( 'NONE',  ( 19.91049721830912134, 28.76809848777853418, -12.12106178141850243 ) ) ;
#6535 = CIRCLE ( 'NONE', #1468, 3.000000000000004885 ) ;
#6536 = ORIENTED_EDGE ( 'NONE', *, *, #3294, .T. ) ;
#6537 = ORIENTED_EDGE ( 'NONE', *, *, #3145, .T. ) ;
#6538 = APPLICATION_CONTEXT ( 'automotive_design' ) ;
#6539 = CARTESIAN_POINT ( 'NONE',  ( 89.00010752509841438, -18.96605182169769321, -6.441255956463578514 ) ) ;
#6540 = ORIENTED_EDGE ( 'NONE', *, *, #5783, .T. ) ;
#6541 = CIRCLE ( 'NONE', #2257, 3.000000000000002665 ) ;
#6542 = CARTESIAN_POINT ( 'NONE',  ( 16.01049721830911921, 0.000000000000000000, 0.000000000000000000 ) ) ;
#6543 = CARTESIAN_POINT ( 'NONE',  ( 19.91049721830912134, 26.54824439462987584, -17.13904290252226303 ) ) ;
#6544 = DIRECTION ( 'NONE',  ( 0.000000000000000000, 0.000000000000000000, -1.000000000000000000 ) ) ;
#6545 = DIRECTION ( 'NONE',  ( 1.000000000000000000, -0.000000000000000000, -0.000000000000000000 ) ) ;
#6546 = ORIENTED_EDGE ( 'NONE', *, *, #6277, .F. ) ;
#6547 = VECTOR ( 'NONE', #2832, 1000.000000000000000 ) ;
#6548 = EDGE_CURVE ( 'NONE', #3197, #975, #5164, .T. ) ;
#6549 = VERTEX_POINT ( 'NONE', #4477 ) ;
#6550 = DIRECTION ( 'NONE',  ( 0.000000000000000000, 0.000000000000000000, 1.000000000000000000 ) ) ;
#6551 = DIRECTION ( 'NONE',  ( 0.000000000000000000, 3.469446951953611033E-15, 1.000000000000000000 ) ) ;
#6552 = VECTOR ( 'NONE', #3786, 1000.000000000000000 ) ;
#6553 = CARTESIAN_POINT ( 'NONE',  ( 89.00010752509841438, 0.2227368943023859127, 16.82352558995636116 ) ) ;
#6554 = DIRECTION ( 'NONE',  ( 0.000000000000000000, 0.000000000000000000, 1.000000000000000000 ) ) ;
#6555 = DIRECTION ( 'NONE',  ( 0.000000000000000000, 0.000000000000000000, -1.000000000000000000 ) ) ;
#6556 = EDGE_CURVE ( 'NONE', #1222, #5261, #2680, .T. ) ;
#6557 = EDGE_CURVE ( 'NONE', #3661, #2542, #1267, .T. ) ;
#6558 = VECTOR ( 'NONE', #2010, 1000.000000000000000 ) ;
#6559 = AXIS2_PLACEMENT_3D ( 'NONE', #185, #2869, #5022 ) ;
#6560 = DIRECTION ( 'NONE',  ( 0.000000000000000000, 0.000000000000000000, 1.000000000000000000 ) ) ;
#6561 = CARTESIAN_POINT ( 'NONE',  ( 16.01049721830911921, -32.24382171527122409, 0.6312378266579862229 ) ) ;
#6562 = DIRECTION ( 'NONE',  ( 1.000000000000000000, -0.000000000000000000, -0.000000000000000000 ) ) ;
#6563 = ADVANCED_FACE ( 'NONE', ( #5010 ), #3424, .F. ) ;
#6564 = ORIENTED_EDGE ( 'NONE', *, *, #1739, .T. ) ;
#6565 = AXIS2_PLACEMENT_3D ( 'NONE', #77, #4852, #43 ) ;
#6566 = CARTESIAN_POINT ( 'NONE',  ( 16.01049721830911921, 30.75988013140190347, -9.689802593540619569 ) ) ;
#6567 = ORIENTED_EDGE ( 'NONE', *, *, #1134, .T. ) ;
#6568 = LINE ( 'NONE', #1727, #85 ) ;
#6569 = DIRECTION ( 'NONE',  ( 0.000000000000000000, 0.000000000000000000, 1.000000000000000000 ) ) ;
#6570 = CARTESIAN_POINT ( 'NONE',  ( 25.36049721830912418, -6.180339887498946361, -15.87613032590306972 ) ) ;
#6571 = DIRECTION ( 'NONE',  ( 0.000000000000000000, -0.2741118111742888996, -0.9616978293490898722 ) ) ;
#6572 = VERTEX_POINT ( 'NONE', #1190 ) ;
#6573 = EDGE_CURVE ( 'NONE', #3425, #260, #3844, .T. ) ;
#6574 = VERTEX_POINT ( 'NONE', #4515 ) ;
#6575 = VECTOR ( 'NONE', #5464, 1000.000000000000000 ) ;
#6576 = CARTESIAN_POINT ( 'NONE',  ( 16.01049721830911921, 13.06773822222175241, -28.77134494261572684 ) ) ;
#6577 = ORIENTED_EDGE ( 'NONE', *, *, #2007, .F. ) ;
#6578 = DIRECTION ( 'NONE',  ( 1.000000000000000000, -0.000000000000000000, -0.000000000000000000 ) ) ;
#6579 = AXIS2_PLACEMENT_3D ( 'NONE', #3648, #4772, #426 ) ;
#6580 = CARTESIAN_POINT ( 'NONE',  ( 89.00010752509841438, -16.18033988749895258, 11.75570504584946363 ) ) ;
#6581 = AXIS2_PLACEMENT_3D ( 'NONE', #2653, #968, #6431 ) ;
#6582 = LINE ( 'NONE', #4895, #2364 ) ;
#6583 = CARTESIAN_POINT ( 'NONE',  ( 19.91049721830912134, 18.51257633225432642, -26.29432142046882959 ) ) ;
#6584 = VERTEX_POINT ( 'NONE', #6518 ) ;
#6585 = VERTEX_POINT ( 'NONE', #5497 ) ;
#6586 = ORIENTED_EDGE ( 'NONE', *, *, #6213, .T. ) ;
#6587 = DIRECTION ( 'NONE',  ( -1.000000000000000000, 0.000000000000000000, 0.000000000000000000 ) ) ;
#6588 = DIRECTION ( 'NONE',  ( 0.000000000000000000, 0.000000000000000000, 1.000000000000000000 ) ) ;
#6589 = EDGE_CURVE ( 'NONE', #1709, #2764, #6286, .T. ) ;
#6590 = DIRECTION ( 'NONE',  ( -1.000000000000000000, 0.000000000000000000, 0.000000000000000000 ) ) ;
#6591 = CARTESIAN_POINT ( 'NONE',  ( 16.01049721830911921, 20.31818363896114832, -24.39741612575911844 ) ) ;
#6592 = DIRECTION ( 'NONE',  ( -1.000000000000000000, 0.000000000000000000, 0.000000000000000000 ) ) ;
#6593 = VECTOR ( 'NONE', #6882, 1000.000000000000000 ) ;
#6594 = DIRECTION ( 'NONE',  ( 0.000000000000000000, 0.000000000000000000, 1.000000000000000000 ) ) ;
#6595 = EDGE_CURVE ( 'NONE', #4947, #4923, #5568, .T. ) ;
#6596 = CARTESIAN_POINT ( 'NONE',  ( 19.91049721830912134, 10.49558678852170068, -29.96506562590191436 ) ) ;
#6597 = CARTESIAN_POINT ( 'NONE',  ( 16.01049721830911921, 10.49558678852170068, -30.46506562590191436 ) ) ;
#6598 = VERTEX_POINT ( 'NONE', #5465 ) ;
#6599 = ORIENTED_EDGE ( 'NONE', *, *, #2812, .F. ) ;
#6600 = CIRCLE ( 'NONE', #6947, 0.5000000000000004441 ) ;
#6601 = EDGE_CURVE ( 'NONE', #1906, #6105, #5942, .T. ) ;
#6602 = DIRECTION ( 'NONE',  ( 0.000000000000000000, 0.000000000000000000, 1.000000000000000000 ) ) ;
#6603 = ORIENTED_EDGE ( 'NONE', *, *, #4025, .F. ) ;
#6604 = DIRECTION ( 'NONE',  ( 0.000000000000000000, 0.000000000000000000, 1.000000000000000000 ) ) ;
#6605 = AXIS2_PLACEMENT_3D ( 'NONE', #4666, #916, #847 ) ;
#6606 = EDGE_CURVE ( 'NONE', #6549, #2875, #2113, .T. ) ;
#6607 = CARTESIAN_POINT ( 'NONE',  ( 19.91049721830912134, 7.370888110118346326, 30.88255994033065832 ) ) ;
#6608 = LINE ( 'NONE', #3860, #2382 ) ;
#6609 = CARTESIAN_POINT ( 'NONE',  ( 25.36049721830912418, 7.927712988149142603, -16.40622836844383770 ) ) ;
#6610 = VERTEX_POINT ( 'NONE', #662 ) ;
#6611 = CIRCLE ( 'NONE', #3576, 3.000000000000003109 ) ;
#6612 = DIRECTION ( 'NONE',  ( 0.000000000000000000, 0.000000000000000000, 1.000000000000000000 ) ) ;
#6613 = ORIENTED_EDGE ( 'NONE', *, *, #2570, .T. ) ;
#6614 = DIRECTION ( 'NONE',  ( 1.000000000000000000, -0.000000000000000000, -0.000000000000000000 ) ) ;
#6615 = EDGE_CURVE ( 'NONE', #4558, #2239, #433, .T. ) ;
#6616 = DIRECTION ( 'NONE',  ( 0.000000000000000000, 0.000000000000000000, 1.000000000000000000 ) ) ;
#6617 = FACE_OUTER_BOUND ( 'NONE', #1587, .T. ) ;
#6618 = CARTESIAN_POINT ( 'NONE',  ( 19.91049721830912134, 20.74280126569541949, 23.83888142726834047 ) ) ;
#6619 = ORIENTED_EDGE ( 'NONE', *, *, #6688, .F. ) ;
#6620 = ORIENTED_EDGE ( 'NONE', *, *, #633, .F. ) ;
#6621 = VECTOR ( 'NONE', #3767, 1000.000000000000000 ) ;
#6622 = ORIENTED_EDGE ( 'NONE', *, *, #1999, .T. ) ;
#6623 = FACE_OUTER_BOUND ( 'NONE', #5025, .T. ) ;
#6624 = EDGE_CURVE ( 'NONE', #6105, #1906, #6854, .T. ) ;
#6625 = CARTESIAN_POINT ( 'NONE',  ( 19.91049721830912134, 3.963961536968961585, -32.00546061117432117 ) ) ;
#6626 = DIRECTION ( 'NONE',  ( 0.000000000000000000, 0.000000000000000000, 1.000000000000000000 ) ) ;
#6627 = DIRECTION ( 'NONE',  ( 0.000000000000000000, 0.000000000000000000, 1.000000000000000000 ) ) ;
#6628 = CARTESIAN_POINT ( 'NONE',  ( 18.71049721830912205, 0.2227368943023859127, 16.82352558995636116 ) ) ;
#6629 = AXIS2_PLACEMENT_3D ( 'NONE', #2589, #6935, #4285 ) ;
#6630 = ORIENTED_EDGE ( 'NONE', *, *, #4880, .F. ) ;
#6631 = PLANE ( 'NONE',  #5521 ) ;
#6632 = CARTESIAN_POINT ( 'NONE',  ( 19.91049721830912134, -9.922176177769852501, 30.00177481331382268 ) ) ;
#6633 = CARTESIAN_POINT ( 'NONE',  ( 16.01049721830911921, 32.24382171527122409, -0.6312378266579862229 ) ) ;
#6634 = ORIENTED_EDGE ( 'NONE', *, *, #2420, .T. ) ;
#6635 = VERTEX_POINT ( 'NONE', #3918 ) ;
#6636 = EDGE_CURVE ( 'NONE', #2222, #2353, #6407, .T. ) ;
#6637 = DIRECTION ( 'NONE',  ( 0.000000000000000000, 0.000000000000000000, 1.000000000000000000 ) ) ;
#6638 = VERTEX_POINT ( 'NONE', #171 ) ;
#6639 = DIRECTION ( 'NONE',  ( 0.000000000000000000, -0.9096319953545135562, 0.4154150130018968157 ) ) ;
#6640 = LINE ( 'NONE', #4527, #2617 ) ;
#6641 = DIRECTION ( 'NONE',  ( 1.000000000000000000, -0.000000000000000000, -0.000000000000000000 ) ) ;
#6642 = DIRECTION ( 'NONE',  ( 0.000000000000000000, 0.000000000000000000, 1.000000000000000000 ) ) ;
#6643 = AXIS2_PLACEMENT_3D ( 'NONE', #487, #5388, #6379 ) ;
#6644 = VERTEX_POINT ( 'NONE', #1995 ) ;
#6645 = ORIENTED_EDGE ( 'NONE', *, *, #4636, .T. ) ;
#6646 = AXIS2_PLACEMENT_3D ( 'NONE', #1894, #6169, #1336 ) ;
#6647 = CARTESIAN_POINT ( 'NONE',  ( 16.01049721830911921, 31.64435231366889667, 6.220728787561618844 ) ) ;
#6648 = ORIENTED_EDGE ( 'NONE', *, *, #3699, .T. ) ;
#6649 = FACE_OUTER_BOUND ( 'NONE', #4124, .T. ) ;
#6650 = DIRECTION ( 'NONE',  ( 1.000000000000000000, -0.000000000000000000, -0.000000000000000000 ) ) ;
#6651 = AXIS2_PLACEMENT_3D ( 'NONE', #425, #2105, #2572 ) ;
#6652 = FACE_OUTER_BOUND ( 'NONE', #3574, .T. ) ;
#6653 = CARTESIAN_POINT ( 'NONE',  ( 25.59583794145657976, -16.17618497092529495, -27.14566469692546846 ) ) ;
#6654 = ORIENTED_EDGE ( 'NONE', *, *, #5161, .F. ) ;
#6655 = VERTEX_POINT ( 'NONE', #4695 ) ;
#6656 = AXIS2_PLACEMENT_3D ( 'NONE', #5504, #2824, #4980 ) ;
#6657 = VERTEX_POINT ( 'NONE', #386 ) ;
#6658 = LINE ( 'NONE', #3877, #1647 ) ;
#6659 = CARTESIAN_POINT ( 'NONE',  ( 89.00010752509841438, 19.12993349739970128, 5.936880021110813921 ) ) ;
#6660 = DIRECTION ( 'NONE',  ( 0.000000000000000000, 1.734723475976805517E-15, 1.000000000000000000 ) ) ;
#6661 = ORIENTED_EDGE ( 'NONE', *, *, #4094, .T. ) ;
#6662 = FACE_OUTER_BOUND ( 'NONE', #4114, .T. ) ;
#6663 = CIRCLE ( 'NONE', #9, 3.000000000000002665 ) ;
#6664 = CARTESIAN_POINT ( 'NONE',  ( 25.36049721830912418, 0.000000000000000000, 0.000000000000000000 ) ) ;
#6665 = VECTOR ( 'NONE', #6641, 1000.000000000000000 ) ;
#6666 = EDGE_LOOP ( 'NONE', ( #3336, #4092, #1604, #1001 ) ) ;
#6667 = EDGE_CURVE ( 'NONE', #975, #3743, #3533, .T. ) ;
#6668 = CARTESIAN_POINT ( 'NONE',  ( 19.91049721830912134, -1.628307222840894797, 31.70821842343154984 ) ) ;
#6669 = LINE ( 'NONE', #3394, #1148 ) ;
#6670 = DIRECTION ( 'NONE',  ( -1.000000000000000000, 0.000000000000000000, 0.000000000000000000 ) ) ;
#6671 = CIRCLE ( 'NONE', #800, 20.02999999999999758 ) ;
#6672 = EDGE_CURVE ( 'NONE', #6032, #3765, #1215, .T. ) ;
#6673 = VERTEX_POINT ( 'NONE', #2463 ) ;
#6674 = ORIENTED_EDGE ( 'NONE', *, *, #2119, .T. ) ;
#6675 = FACE_OUTER_BOUND ( 'NONE', #3623, .T. ) ;
#6676 = CARTESIAN_POINT ( 'NONE',  ( 18.71049721830912205, -6.180339887498946361, -15.87613032590306972 ) ) ;
#6677 = VECTOR ( 'NONE', #5433, 1000.000000000000000 ) ;
#6678 = DIRECTION ( 'NONE',  ( -1.000000000000000000, 0.000000000000000000, 0.000000000000000000 ) ) ;
#6679 = CARTESIAN_POINT ( 'NONE',  ( 25.36049721830912418, -9.708422300576447839, -13.74143956918888243 ) ) ;
#6680 = ADVANCED_FACE ( 'NONE', ( #4161 ), #2532, .F. ) ;
#6681 = VERTEX_POINT ( 'NONE', #911 ) ;
#6682 = ORIENTED_EDGE ( 'NONE', *, *, #4275, .F. ) ;
#6683 = CARTESIAN_POINT ( 'NONE',  ( 19.91049721830912134, -13.96876174088619038, -29.06778621474903446 ) ) ;
#6684 = ORIENTED_EDGE ( 'NONE', *, *, #4366, .T. ) ;
#6685 = DIRECTION ( 'NONE',  ( 0.000000000000000000, 0.000000000000000000, -1.000000000000000000 ) ) ;
#6686 = CARTESIAN_POINT ( 'NONE',  ( 16.01049721830911921, 23.34269296543707739, -22.61346247528969755 ) ) ;
#6687 = CARTESIAN_POINT ( 'NONE',  ( 89.00010752509841438, 0.000000000000000000, 0.000000000000000000 ) ) ;
#6688 = EDGE_CURVE ( 'NONE', #5633, #4290, #4940, .T. ) ;
#6689 = AXIS2_PLACEMENT_3D ( 'NONE', #4512, #6699, #841 ) ;
#6690 = ORIENTED_EDGE ( 'NONE', *, *, #174, .T. ) ;
#6691 = ORIENTED_EDGE ( 'NONE', *, *, #3420, .F. ) ;
#6692 = VERTEX_POINT ( 'NONE', #4127 ) ;
#6693 = CIRCLE ( 'NONE', #1833, 3.000000000000002665 ) ;
#6694 = EDGE_CURVE ( 'NONE', #6079, #3854, #5643, .T. ) ;
#6695 = CARTESIAN_POINT ( 'NONE',  ( 18.71049721830912205, -19.12993349739970483, -5.936880021110806815 ) ) ;
#6696 = ORIENTED_EDGE ( 'NONE', *, *, #2385, .T. ) ;
#6697 = VERTEX_POINT ( 'NONE', #6803 ) ;
#6698 = VECTOR ( 'NONE', #4514, 1000.000000000000000 ) ;
#6699 = DIRECTION ( 'NONE',  ( -1.000000000000000000, 0.000000000000000000, 0.000000000000000000 ) ) ;
#6700 = CARTESIAN_POINT ( 'NONE',  ( 19.91049721830912134, -1.067781597599591681, 31.58189219333323194 ) ) ;
#6701 = ADVANCED_FACE ( 'NONE', ( #2991 ), #1472, .F. ) ;
#6702 = DIRECTION ( 'NONE',  ( 0.000000000000000000, 0.000000000000000000, 1.000000000000000000 ) ) ;
#6703 = DIRECTION ( 'NONE',  ( -1.000000000000000000, 0.000000000000000000, 0.000000000000000000 ) ) ;
#6704 = ORIENTED_EDGE ( 'NONE', *, *, #3411, .T. ) ;
#6705 = CIRCLE ( 'NONE', #5459, 3.145000000000001794 ) ;
#6706 = CARTESIAN_POINT ( 'NONE',  ( 16.01049721830911921, 27.46650186456416876, 16.90129507830371125 ) ) ;
#6707 = VECTOR ( 'NONE', #464, 999.9999999999998863 ) ;
#6708 = CARTESIAN_POINT ( 'NONE',  ( 18.71049721830912205, 0.000000000000000000, 0.000000000000000000 ) ) ;
#6709 = EDGE_CURVE ( 'NONE', #1634, #1350, #878, .T. ) ;
#6710 = VECTOR ( 'NONE', #1745, 1000.000000000000000 ) ;
#6711 = DIRECTION ( 'NONE',  ( 1.000000000000000000, 0.000000000000000000, 0.000000000000000000 ) ) ;
#6712 = ORIENTED_EDGE ( 'NONE', *, *, #2600, .T. ) ;
#6713 = DIRECTION ( 'NONE',  ( -1.000000000000000000, 0.000000000000000000, 0.000000000000000000 ) ) ;
#6714 = CARTESIAN_POINT ( 'NONE',  ( 25.51733603988022736, 10.87302389153651383, 30.62723218728843477 ) ) ;
#6715 = ADVANCED_FACE ( 'NONE', ( #5080 ), #6736, .F. ) ;
#6716 = CARTESIAN_POINT ( 'NONE',  ( 18.71049721830912205, -10.06881816610630587, -13.47959664596413987 ) ) ;
#6717 = VERTEX_POINT ( 'NONE', #1438 ) ;
#6718 = ORIENTED_EDGE ( 'NONE', *, *, #5481, .T. ) ;
#6719 = CARTESIAN_POINT ( 'NONE',  ( 25.52624695367774521, -30.33822718764673709, -8.840138186828731648 ) ) ;
#6720 = ORIENTED_EDGE ( 'NONE', *, *, #805, .T. ) ;
#6721 = CARTESIAN_POINT ( 'NONE',  ( 16.01049721830911921, 7.873118297266509913, 30.60343249259373977 ) ) ;
#6722 = DIRECTION ( 'NONE',  ( 1.000000000000000000, -0.000000000000000000, -0.000000000000000000 ) ) ;
#6723 = CARTESIAN_POINT ( 'NONE',  ( 19.91049721830912134, 7.486965088230446597, 31.36889946695004028 ) ) ;
#6724 = AXIS2_PLACEMENT_3D ( 'NONE', #3807, #5918, #4237 ) ;
#6725 = ORIENTED_EDGE ( 'NONE', *, *, #3633, .T. ) ;
#6726 = ORIENTED_EDGE ( 'NONE', *, *, #5048, .F. ) ;
#6727 = EDGE_CURVE ( 'NONE', #2845, #1798, #3058, .T. ) ;
#6728 = ORIENTED_EDGE ( 'NONE', *, *, #3242, .F. ) ;
#6729 = DIRECTION ( 'NONE',  ( 1.000000000000000000, -0.000000000000000000, -0.000000000000000000 ) ) ;
#6730 = AXIS2_PLACEMENT_3D ( 'NONE', #6870, #5217, #2527 ) ;
#6731 = VERTEX_POINT ( 'NONE', #3025 ) ;
#6732 = CARTESIAN_POINT ( 'NONE',  ( 19.91049721830912134, -31.41239523350686369, 3.437658759308480416 ) ) ;
#6733 = ADVANCED_FACE ( 'NONE', ( #2396 ), #1890, .F. ) ;
#6734 = CARTESIAN_POINT ( 'NONE',  ( 19.91049721830912134, -31.10847290275963672, -5.551485000408850290 ) ) ;
#6735 = DIRECTION ( 'NONE',  ( -1.000000000000000000, -0.000000000000000000, 0.000000000000000000 ) ) ;
#6736 = CYLINDRICAL_SURFACE ( 'NONE', #5284, 3.000000000000002665 ) ;
#6737 = EDGE_LOOP ( 'NONE', ( #5843, #4298, #767, #5437 ) ) ;
#6738 = ADVANCED_FACE ( 'NONE', ( #4626 ), #5182, .T. ) ;
#6739 = CIRCLE ( 'NONE', #3705, 0.5000000000000004441 ) ;
#6740 = EDGE_CURVE ( 'NONE', #4226, #2880, #1769, .T. ) ;
#6741 = DIRECTION ( 'NONE',  ( 0.000000000000000000, 0.000000000000000000, -1.000000000000000000 ) ) ;
#6742 = AXIS2_PLACEMENT_3D ( 'NONE', #6531, #4567, #6215 ) ;
#6743 = FACE_OUTER_BOUND ( 'NONE', #2938, .T. ) ;
#6744 = AXIS2_PLACEMENT_3D ( 'NONE', #2699, #4861, #6344 ) ;
#6745 = CARTESIAN_POINT ( 'NONE',  ( 16.01049721830911921, -26.88842138021879435, -17.11551782266247557 ) ) ;
#6746 = ORIENTED_EDGE ( 'NONE', *, *, #5066, .T. ) ;
#6747 = ORIENTED_EDGE ( 'NONE', *, *, #6062, .F. ) ;
#6748 = DIRECTION ( 'NONE',  ( 0.000000000000000000, 0.000000000000000000, 1.000000000000000000 ) ) ;
#6749 = DIRECTION ( 'NONE',  ( 0.000000000000000000, 0.000000000000000000, -1.000000000000000000 ) ) ;
#6750 = CARTESIAN_POINT ( 'NONE',  ( 25.36049721830912418, -16.18033988749894903, -11.75570504584946541 ) ) ;
#6751 = VERTEX_POINT ( 'NONE', #3496 ) ;
#6752 = ORIENTED_EDGE ( 'NONE', *, *, #1387, .F. ) ;
#6753 = EDGE_CURVE ( 'NONE', #2454, #1726, #6172, .T. ) ;
#6754 = DIRECTION ( 'NONE',  ( 0.000000000000000000, 0.000000000000000000, 1.000000000000000000 ) ) ;
#6755 = ORIENTED_EDGE ( 'NONE', *, *, #3069, .T. ) ;
#6756 = LINE ( 'NONE', #5103, #5936 ) ;
#6757 = CARTESIAN_POINT ( 'NONE',  ( 25.60010050217467636, 23.16875334171638201, 21.48871658899622616 ) ) ;
#6758 = AXIS2_PLACEMENT_3D ( 'NONE', #4260, #4797, #3133 ) ;
#6759 = DIRECTION ( 'NONE',  ( -1.000000000000000000, 0.000000000000000000, 0.000000000000000000 ) ) ;
#6760 = ORIENTED_EDGE ( 'NONE', *, *, #5512, .T. ) ;
#6761 = ORIENTED_EDGE ( 'NONE', *, *, #5872, .F. ) ;
#6762 = EDGE_CURVE ( 'NONE', #5569, #5240, #279, .T. ) ;
#6763 = AXIS2_PLACEMENT_3D ( 'NONE', #4078, #5667, #6229 ) ;
#6764 = VERTEX_POINT ( 'NONE', #843 ) ;
#6765 = DIRECTION ( 'NONE',  ( 0.000000000000000000, 0.000000000000000000, -1.000000000000000000 ) ) ;
#6766 = ORIENTED_EDGE ( 'NONE', *, *, #2331, .F. ) ;
#6767 = CIRCLE ( 'NONE', #4635, 3.204999999999997851 ) ;
#6768 = DIRECTION ( 'NONE',  ( -1.000000000000000000, 0.000000000000000000, 0.000000000000000000 ) ) ;
#6769 = LINE ( 'NONE', #2530, #5910 ) ;
#6770 = LINE ( 'NONE', #548, #5841 ) ;
#6771 = EDGE_CURVE ( 'NONE', #5623, #2515, #6770, .T. ) ;
#6772 = EDGE_LOOP ( 'NONE', ( #6401, #2330, #5595, #3455 ) ) ;
#6773 = EDGE_LOOP ( 'NONE', ( #2388, #363, #1077, #6805 ) ) ;
#6774 = DIRECTION ( 'NONE',  ( -1.000000000000000000, -0.000000000000000000, -0.000000000000000000 ) ) ;
#6775 = CARTESIAN_POINT ( 'NONE',  ( 16.01049721830911921, -25.42395691472519204, 19.84149477227452607 ) ) ;
#6776 = DIRECTION ( 'NONE',  ( 1.000000000000000000, -0.000000000000000000, -0.000000000000000000 ) ) ;
#6777 = CARTESIAN_POINT ( 'NONE',  ( 19.91049721830912134, -31.61720675843440631, 2.900816573727038605 ) ) ;
#6778 = ADVANCED_FACE ( 'NONE', ( #3232 ), #6976, .F. ) ;
#6779 = VERTEX_POINT ( 'NONE', #3740 ) ;
#6780 = CARTESIAN_POINT ( 'NONE',  ( 25.60010050217467636, -26.61876108426052312, -17.02931679165527967 ) ) ;
#6781 = EDGE_CURVE ( 'NONE', #834, #2975, #4765, .T. ) ;
#6782 = DIRECTION ( 'NONE',  ( 0.000000000000000000, 0.1187190626573184221, 0.9929278846732866315 ) ) ;
#6783 = DIRECTION ( 'NONE',  ( 1.000000000000000000, -0.000000000000000000, 0.000000000000000000 ) ) ;
#6784 = VECTOR ( 'NONE', #2182, 1000.000000000000000 ) ;
#6785 = CIRCLE ( 'NONE', #5774, 10.00000000000000000 ) ;
#6786 = ORIENTED_EDGE ( 'NONE', *, *, #6953, .F. ) ;
#6787 = VERTEX_POINT ( 'NONE', #5880 ) ;
#6788 = CARTESIAN_POINT ( 'NONE',  ( 18.71049721830912205, 13.15345235776983834, -12.60950647614247977 ) ) ;
#6789 = ORIENTED_EDGE ( 'NONE', *, *, #856, .F. ) ;
#6790 = AXIS2_PLACEMENT_3D ( 'NONE', #3994, #3429, #3463 ) ;
#6791 = CARTESIAN_POINT ( 'NONE',  ( 16.01049721830911921, -31.69228817970152434, 3.395147212247967783 ) ) ;
#6792 = DIRECTION ( 'NONE',  ( -1.000000000000000000, -0.000000000000000000, -0.000000000000000000 ) ) ;
#6793 = DIRECTION ( 'NONE',  ( 1.000000000000000000, -0.000000000000000000, -0.000000000000000000 ) ) ;
#6794 = EDGE_CURVE ( 'NONE', #1953, #5761, #649, .T. ) ;
#6795 = VERTEX_POINT ( 'NONE', #5389 ) ;
#6796 = ORIENTED_EDGE ( 'NONE', *, *, #2647, .T. ) ;
#6797 = VERTEX_POINT ( 'NONE', #4830 ) ;
#6798 = DIRECTION ( 'NONE',  ( 0.000000000000000000, -0.2893355710634500921, 0.9572277301234995983 ) ) ;
#6799 = ORIENTED_EDGE ( 'NONE', *, *, #3131, .F. ) ;
#6800 = DIRECTION ( 'NONE',  ( 1.000000000000000000, -0.000000000000000000, -0.000000000000000000 ) ) ;
#6801 = FACE_OUTER_BOUND ( 'NONE', #1849, .T. ) ;
#6802 = ADVANCED_FACE ( 'NONE', ( #518 ), #3772, .T. ) ;
#6803 = CARTESIAN_POINT ( 'NONE',  ( 16.01049721830911921, 30.33822718764679749, 8.840138186828504274 ) ) ;
#6804 = ORIENTED_EDGE ( 'NONE', *, *, #1966, .F. ) ;
#6805 = ORIENTED_EDGE ( 'NONE', *, *, #430, .F. ) ;
#6806 = AXIS2_PLACEMENT_3D ( 'NONE', #1746, #3951, #1713 ) ;
#6807 = AXIS2_PLACEMENT_3D ( 'NONE', #5567, #681, #721 ) ;
#6808 = CARTESIAN_POINT ( 'NONE',  ( 19.91049721830912134, -31.15374220027868191, -6.124283380002523813 ) ) ;
#6809 = ADVANCED_FACE ( 'NONE', ( #5292 ), #1015, .T. ) ;
#6810 = CARTESIAN_POINT ( 'NONE',  ( 19.91049721830912134, -25.70530160745082071, -19.88686675346286847 ) ) ;
#6811 = DIRECTION ( 'NONE',  ( 0.000000000000000000, -0.7609209538359903435, 0.6488445900316397452 ) ) ;
#6812 = DIRECTION ( 'NONE',  ( 1.000000000000000000, -0.000000000000000000, -0.000000000000000000 ) ) ;
#6813 = CARTESIAN_POINT ( 'NONE',  ( 19.91049721830912134, 21.25750658918260427, 23.58348815614132121 ) ) ;
#6814 = CIRCLE ( 'NONE', #4790, 0.5000000000000004441 ) ;
#6815 = AXIS2_PLACEMENT_3D ( 'NONE', #1117, #60, #5427 ) ;
#6816 = EDGE_CURVE ( 'NONE', #3497, #1198, #4487, .T. ) ;
#6817 = ORIENTED_EDGE ( 'NONE', *, *, #4488, .F. ) ;
#6818 = AXIS2_PLACEMENT_3D ( 'NONE', #2189, #3637, #5933 ) ;
#6819 = LINE ( 'NONE', #1450, #6182 ) ;
#6820 = DIRECTION ( 'NONE',  ( -1.000000000000000000, 0.000000000000000000, 0.000000000000000000 ) ) ;
#6821 = CYLINDRICAL_SURFACE ( 'NONE', #5095, 3.000000000000006217 ) ;
#6822 = ORIENTED_EDGE ( 'NONE', *, *, #6427, .T. ) ;
#6823 = ORIENTED_EDGE ( 'NONE', *, *, #6176, .F. ) ;
#6824 = EDGE_CURVE ( 'NONE', #4782, #6037, #3604, .T. ) ;
#6825 = EDGE_CURVE ( 'NONE', #1951, #4762, #4329, .T. ) ;
#6826 = DIRECTION ( 'NONE',  ( -0.000000000000000000, 0.9861543537181887142, 0.1658300052543617009 ) ) ;
#6827 = ORIENTED_EDGE ( 'NONE', *, *, #4025, .T. ) ;
#6828 = CARTESIAN_POINT ( 'NONE',  ( 25.51733603988022736, -13.36663193154239160, -28.93546794964192870 ) ) ;
#6829 = DIRECTION ( 'NONE',  ( -1.000000000000000000, 0.000000000000000000, 0.000000000000000000 ) ) ;
#6830 = DIRECTION ( 'NONE',  ( -1.000000000000000000, 0.000000000000000000, 0.000000000000000000 ) ) ;
#6831 = APPLICATION_PROTOCOL_DEFINITION ( 'draft international standard', 'automotive_design', 1998, #6538 ) ;
#6832 = ORIENTED_EDGE ( 'NONE', *, *, #1210, .F. ) ;
#6833 = ORIENTED_EDGE ( 'NONE', *, *, #5481, .F. ) ;
#6834 = EDGE_LOOP ( 'NONE', ( #2491, #4318, #3151, #448 ) ) ;
#6835 = ADVANCED_FACE ( 'NONE', ( #4798 ), #3802, .T. ) ;
#6836 = CARTESIAN_POINT ( 'NONE',  ( 25.60753480350601308, 24.56724982311119021, -19.87476561321764024 ) ) ;
#6837 = ORIENTED_EDGE ( 'NONE', *, *, #4946, .F. ) ;
#6838 = CARTESIAN_POINT ( 'NONE',  ( 25.60753480350601663, -24.56724982311104810, 19.87476561321781432 ) ) ;
#6839 = CIRCLE ( 'NONE', #2549, 3.204999999999997851 ) ;
#6840 = CARTESIAN_POINT ( 'NONE',  ( 25.36049721830912418, 15.93129415377253189, -5.410590687343960425 ) ) ;
#6841 = DIRECTION ( 'NONE',  ( 0.000000000000000000, 6.938893903907222067E-15, 1.000000000000000000 ) ) ;
#6842 = VERTEX_POINT ( 'NONE', #6911 ) ;
#6843 = EDGE_LOOP ( 'NONE', ( #6972, #3925, #4818, #5458 ) ) ;
#6844 = CIRCLE ( 'NONE', #2670, 3.145000000000001794 ) ;
#6845 = ADVANCED_FACE ( 'NONE', ( #5816 ), #5260, .F. ) ;
#6846 = DIRECTION ( 'NONE',  ( -1.000000000000000000, 0.000000000000000000, 0.000000000000000000 ) ) ;
#6847 = DIRECTION ( 'NONE',  ( 0.000000000000000000, 0.000000000000000000, 1.000000000000000000 ) ) ;
#6848 = CARTESIAN_POINT ( 'NONE',  ( 19.91049721830912134, 31.64435231366889667, 6.220728787561617956 ) ) ;
#6849 = DIRECTION ( 'NONE',  ( 0.000000000000000000, 0.000000000000000000, 1.000000000000000000 ) ) ;
#6850 = CARTESIAN_POINT ( 'NONE',  ( 25.41204637760865026, 1.067781597599826604, -31.58189219333323194 ) ) ;
#6851 = AXIS2_PLACEMENT_3D ( 'NONE', #614, #6614, #4924 ) ;
#6852 = VERTEX_POINT ( 'NONE', #983 ) ;
#6853 = ORIENTED_EDGE ( 'NONE', *, *, #5011, .F. ) ;
#6854 = CIRCLE ( 'NONE', #5498, 10.00000000000000000 ) ;
#6855 = DIRECTION ( 'NONE',  ( 0.000000000000000000, -3.469446951953611033E-15, 1.000000000000000000 ) ) ;
#6856 = CARTESIAN_POINT ( 'NONE',  ( 19.91049721830912134, 23.16875334171638201, 21.48871658899622616 ) ) ;
#6857 = CARTESIAN_POINT ( 'NONE',  ( 16.01049721830911921, 4.432578430805485858, -31.28751061535981037 ) ) ;
#6858 = ADVANCED_FACE ( 'NONE', ( #6943 ), #3203, .T. ) ;
#6859 = ORIENTED_EDGE ( 'NONE', *, *, #561, .T. ) ;
#6860 = ORIENTED_EDGE ( 'NONE', *, *, #2465, .F. ) ;
#6861 = CARTESIAN_POINT ( 'NONE',  ( 19.91049721830912134, 29.51923325979057466, -11.69090962047324211 ) ) ;
#6862 = VERTEX_POINT ( 'NONE', #1611 ) ;
#6863 = DIRECTION ( 'NONE',  ( -1.000000000000000000, -0.000000000000000000, -0.000000000000000000 ) ) ;
#6864 = LINE ( 'NONE', #4147, #801 ) ;
#6865 = EDGE_CURVE ( 'NONE', #4121, #6867, #1775, .T. ) ;
#6866 = FACE_OUTER_BOUND ( 'NONE', #6194, .T. ) ;
#6867 = VERTEX_POINT ( 'NONE', #3134 ) ;
#6868 = ORIENTED_EDGE ( 'NONE', *, *, #237, .F. ) ;
#6869 = VERTEX_POINT ( 'NONE', #4232 ) ;
#6870 = CARTESIAN_POINT ( 'NONE',  ( 16.01049721830911921, -5.132756202141048441, -31.33236846727968583 ) ) ;
#6871 = VERTEX_POINT ( 'NONE', #6380 ) ;
#6872 = CARTESIAN_POINT ( 'NONE',  ( 25.57328953618975831, -13.06773822222154458, 28.77134494261581921 ) ) ;
#6873 = CARTESIAN_POINT ( 'NONE',  ( 19.91049721830912134, -10.87302389153628823, -27.62723218728851293 ) ) ;
#6874 = DIRECTION ( 'NONE',  ( 0.000000000000000000, 0.000000000000000000, -1.000000000000000000 ) ) ;
#6875 = FACE_OUTER_BOUND ( 'NONE', #5850, .T. ) ;
#6876 = AXIS2_PLACEMENT_3D ( 'NONE', #1814, #350, #3563 ) ;
#6877 = VERTEX_POINT ( 'NONE', #1542 ) ;
#6878 = DIRECTION ( 'NONE',  ( 0.000000000000000000, 0.000000000000000000, -1.000000000000000000 ) ) ;
#6879 = CARTESIAN_POINT ( 'NONE',  ( 16.01049721830911921, 1.628307222841127277, -32.20821842343153918 ) ) ;
#6880 = CARTESIAN_POINT ( 'NONE',  ( 25.41204637760865381, -1.149693357779144165, 31.85288620896327316 ) ) ;
#6881 = DIRECTION ( 'NONE',  ( 1.000000000000000000, -0.000000000000000000, -0.000000000000000000 ) ) ;
#6882 = DIRECTION ( 'NONE',  ( 1.000000000000000000, -0.000000000000000000, -0.000000000000000000 ) ) ;
#6883 = EDGE_CURVE ( 'NONE', #3561, #5155, #1079, .T. ) ;
#6884 = CIRCLE ( 'NONE', #4973, 0.5000000000000004441 ) ;
#6885 = AXIS2_PLACEMENT_3D ( 'NONE', #6580, #160, #5555 ) ;
#6886 = ORIENTED_EDGE ( 'NONE', *, *, #6299, .T. ) ;
#6887 = CARTESIAN_POINT ( 'NONE',  ( 16.01049721830911921, -26.78395599533724791, 17.96335718176971241 ) ) ;
#6888 = CYLINDRICAL_SURFACE ( 'NONE', #6343, 32.25000000000000000 ) ;
#6889 = CARTESIAN_POINT ( 'NONE',  ( 25.41204637760865026, 1.149693357779377534, -31.85288620896325895 ) ) ;
#6890 = AXIS2_PLACEMENT_3D ( 'NONE', #6040, #3368, #114 ) ;
#6891 = ORIENTED_EDGE ( 'NONE', *, *, #2021, .F. ) ;
#6892 = ORIENTED_EDGE ( 'NONE', *, *, #5443, .F. ) ;
#6893 = DIRECTION ( 'NONE',  ( -1.000000000000000000, 0.000000000000000000, 0.000000000000000000 ) ) ;
#6894 = ORIENTED_EDGE ( 'NONE', *, *, #1561, .T. ) ;
#6895 = CARTESIAN_POINT ( 'NONE',  ( 19.91049721830912134, 26.61876108426065457, 17.02931679165508427 ) ) ;
#6896 = CIRCLE ( 'NONE', #2500, 20.02999999999999758 ) ;
#6897 = EDGE_CURVE ( 'NONE', #55, #5553, #2912, .T. ) ;
#6898 = LINE ( 'NONE', #5967, #123 ) ;
#6899 = CYLINDRICAL_SURFACE ( 'NONE', #591, 3.000000000000002665 ) ;
#6900 = ORIENTED_EDGE ( 'NONE', *, *, #4303, .F. ) ;
#6901 = CIRCLE ( 'NONE', #1795, 3.144999999999998685 ) ;
#6902 = ORIENTED_EDGE ( 'NONE', *, *, #5797, .T. ) ;
#6903 = VECTOR ( 'NONE', #6820, 1000.000000000000000 ) ;
#6904 = ORIENTED_EDGE ( 'NONE', *, *, #5231, .F. ) ;
#6905 = DIRECTION ( 'NONE',  ( 0.000000000000000000, 0.9063077870366494926, 0.4226182617407003295 ) ) ;
#6906 = ORIENTED_EDGE ( 'NONE', *, *, #1721, .F. ) ;
#6907 = ADVANCED_FACE ( 'NONE', ( #4505 ), #3305, .F. ) ;
#6908 = DIRECTION ( 'NONE',  ( 0.000000000000000000, -0.4081856192247103055, -0.9128989540240145528 ) ) ;
#6909 = CARTESIAN_POINT ( 'NONE',  ( 19.91049721830912134, -30.33822718764673709, -8.840138186828731648 ) ) ;
#6910 = CIRCLE ( 'NONE', #2278, 3.204999999999999627 ) ;
#6911 = CARTESIAN_POINT ( 'NONE',  ( 25.36049721830912418, -11.55778298249901859, -16.35905108890659321 ) ) ;
#6912 = ORIENTED_EDGE ( 'NONE', *, *, #2548, .F. ) ;
#6913 = VERTEX_POINT ( 'NONE', #5488 ) ;
#6914 = VECTOR ( 'NONE', #678, 1000.000000000000000 ) ;
#6915 = EDGE_CURVE ( 'NONE', #4644, #1155, #3266, .T. ) ;
#6916 = CARTESIAN_POINT ( 'NONE',  ( 16.01049721830911921, 26.36870086362671728, -17.68485552003666328 ) ) ;
#6917 = EDGE_CURVE ( 'NONE', #974, #5569, #6177, .T. ) ;
#6918 = CARTESIAN_POINT ( 'NONE',  ( 25.36049721830912418, 0.000000000000000000, 0.000000000000000000 ) ) ;
#6919 = DIRECTION ( 'NONE',  ( 1.000000000000000000, 0.000000000000000000, 0.000000000000000000 ) ) ;
#6920 = ORIENTED_EDGE ( 'NONE', *, *, #1776, .T. ) ;
#6921 = DIRECTION ( 'NONE',  ( -1.000000000000000000, 0.000000000000000000, 0.000000000000000000 ) ) ;
#6922 = CARTESIAN_POINT ( 'NONE',  ( 16.01049721830911921, 18.51257633225432642, -25.79432142046882959 ) ) ;
#6923 = ADVANCED_FACE ( 'NONE', ( #5524 ), #4999, .T. ) ;
#6924 = AXIS2_PLACEMENT_3D ( 'NONE', #6708, #1862, #5332 ) ;
#6925 = DIRECTION ( 'NONE',  ( 0.000000000000000000, 0.000000000000000000, -1.000000000000000000 ) ) ;
#6926 = CIRCLE ( 'NONE', #3885, 32.25000000000000000 ) ;
#6927 = CARTESIAN_POINT ( 'NONE',  ( 16.01049721830911921, -21.59227047247664544, -23.95488167041142802 ) ) ;
#6928 = LINE ( 'NONE', #6889, #6784 ) ;
#6929 = ORIENTED_EDGE ( 'NONE', *, *, #3437, .F. ) ;
#6930 = VERTEX_POINT ( 'NONE', #6018 ) ;
#6931 = CIRCLE ( 'NONE', #2980, 32.25000000000000000 ) ;
#6932 = CARTESIAN_POINT ( 'NONE',  ( 25.60010050217467636, -23.31991615829123532, -21.72808470685696491 ) ) ;
#6933 = ORIENTED_EDGE ( 'NONE', *, *, #6624, .T. ) ;
#6934 = EDGE_CURVE ( 'NONE', #4612, #6549, #92, .T. ) ;
#6935 = DIRECTION ( 'NONE',  ( -0.000000000000000000, 0.9999685314233331956, 0.007933231564906108660 ) ) ;
#6936 = LINE ( 'NONE', #1131, #2495 ) ;
#6937 = DIRECTION ( 'NONE',  ( -1.000000000000000000, 0.000000000000000000, 0.000000000000000000 ) ) ;
#6938 = ORIENTED_EDGE ( 'NONE', *, *, #118, .T. ) ;
#6939 = VERTEX_POINT ( 'NONE', #6583 ) ;
#6940 = ORIENTED_EDGE ( 'NONE', *, *, #392, .T. ) ;
#6941 = CARTESIAN_POINT ( 'NONE',  ( 25.49807105772856630, -31.41239523350686369, 3.437658759308480416 ) ) ;
#6942 = DIRECTION ( 'NONE',  ( 0.000000000000000000, -0.9997167946931293514, -0.02379769754609800669 ) ) ;
#6943 = FACE_OUTER_BOUND ( 'NONE', #6463, .T. ) ;
#6944 = VERTEX_POINT ( 'NONE', #653 ) ;
#6945 = EDGE_CURVE ( 'NONE', #1976, #1397, #5170, .T. ) ;
#6946 = ORIENTED_EDGE ( 'NONE', *, *, #6246, .F. ) ;
#6947 = AXIS2_PLACEMENT_3D ( 'NONE', #3108, #1794, #2577 ) ;
#6948 = DIRECTION ( 'NONE',  ( -1.000000000000000000, 0.000000000000000000, -0.000000000000000000 ) ) ;
#6949 = CARTESIAN_POINT ( 'NONE',  ( 16.01049721830911921, 13.96876174088640177, 29.06778621474893498 ) ) ;
#6950 = LINE ( 'NONE', #4737, #2177 ) ;
#6951 = CARTESIAN_POINT ( 'NONE',  ( 19.91049721830912134, 10.49558678852170068, -30.46506562590191436 ) ) ;
#6952 = DIRECTION ( 'NONE',  ( 0.000000000000000000, 0.000000000000000000, -1.000000000000000000 ) ) ;
#6953 = EDGE_CURVE ( 'NONE', #4284, #5864, #2120, .T. ) ;
#6954 = CIRCLE ( 'NONE', #2892, 3.000000000000002665 ) ;
#6955 = EDGE_CURVE ( 'NONE', #6971, #4656, #2797, .T. ) ;
#6956 = CARTESIAN_POINT ( 'NONE',  ( 25.36049721830912418, -18.05304843749999932, 2.469899717251450078 ) ) ;
#6957 = AXIS2_PLACEMENT_3D ( 'NONE', #5111, #2426, #6339 ) ;
#6958 = CARTESIAN_POINT ( 'NONE',  ( 19.91049721830912134, -21.25750658918243019, -24.08348815614147753 ) ) ;
#6959 = CARTESIAN_POINT ( 'NONE',  ( 16.01049721830911921, -31.10847290275963672, -5.551485000408850290 ) ) ;
#6960 = EDGE_LOOP ( 'NONE', ( #6150, #4188, #3444, #3528 ) ) ;
#6961 = VERTEX_POINT ( 'NONE', #5032 ) ;
#6962 = VECTOR ( 'NONE', #3166, 1000.000000000000000 ) ;
#6963 = DIRECTION ( 'NONE',  ( -1.000000000000000000, 0.000000000000000000, 0.000000000000000000 ) ) ;
#6964 = ORIENTED_EDGE ( 'NONE', *, *, #5128, .T. ) ;
#6965 = DIRECTION ( 'NONE',  ( -1.000000000000000000, 0.000000000000000000, -0.000000000000000000 ) ) ;
#6966 = CARTESIAN_POINT ( 'NONE',  ( 19.91049721830912134, 7.873118297266509913, 30.60343249259373977 ) ) ;
#6967 = DIRECTION ( 'NONE',  ( -0.000000000000000000, 0.7399513643828913301, 0.6726603737012442075 ) ) ;
#6968 = VECTOR ( 'NONE', #243, 1000.000000000000000 ) ;
#6969 = EDGE_CURVE ( 'NONE', #3078, #6255, #999, .T. ) ;
#6970 = ORIENTED_EDGE ( 'NONE', *, *, #2989, .T. ) ;
#6971 = VERTEX_POINT ( 'NONE', #6509 ) ;
#6972 = ORIENTED_EDGE ( 'NONE', *, *, #5717, .F. ) ;
#6973 = AXIS2_PLACEMENT_3D ( 'NONE', #1111, #1740, #2842 ) ;
#6974 = DIRECTION ( 'NONE',  ( -1.000000000000000000, -0.000000000000000000, -0.000000000000000000 ) ) ;
#6975 = DIRECTION ( 'NONE',  ( -1.000000000000000000, 0.000000000000000000, 0.000000000000000000 ) ) ;
#6976 = PLANE ( 'NONE',  #6744 ) ;
#6977 = EDGE_CURVE ( 'NONE', #5081, #2994, #4963, .T. ) ;
#6978 = VERTEX_POINT ( 'NONE', #4467 ) ;
#6979 = ORIENTED_EDGE ( 'NONE', *, *, #1186, .F. ) ;
#6980 = CARTESIAN_POINT ( 'NONE',  ( 19.91049721830912134, -31.36505133114902932, -5.671129486484199234 ) ) ;
#6981 = EDGE_CURVE ( 'NONE', #4049, #783, #1772, .T. ) ;
#6982 = CARTESIAN_POINT ( 'NONE',  ( 89.00010752509841438, 11.98683077962016874, -16.04732961775106403 ) ) ;
#6983 = DIRECTION ( 'NONE',  ( 0.000000000000000000, 0.000000000000000000, -1.000000000000000000 ) ) ;
#6984 = VECTOR ( 'NONE', #547, 1000.000000000000000 ) ;
#6985 = LINE ( 'NONE', #4241, #6593 ) ;
#6986 = AXIS2_PLACEMENT_3D ( 'NONE', #1929, #4521, #1411 ) ;
#6987 = AXIS2_PLACEMENT_3D ( 'NONE', #1948, #3555, #4651 ) ;
#6988 = CARTESIAN_POINT ( 'NONE',  ( 89.00010752509841438, -9.708422300576447839, -13.74143956918888243 ) ) ;
#6989 = ADVANCED_FACE ( 'NONE', ( #2807 ), #196, .F. ) ;
#6990 = DIRECTION ( 'NONE',  ( 0.000000000000000000, 0.000000000000000000, 1.000000000000000000 ) ) ;
#6991 = CARTESIAN_POINT ( 'NONE',  ( 25.41204637760865026, -4.561682503515669396, -31.26894825203774175 ) ) ;
ENDSEC;
END-ISO-10303-21;
