ISO-10303-21;
HEADER;
FILE_DESCRIPTION (( 'STEP AP214' ),
    '1' );
FILE_NAME ('Enclosure.STEP',
    '2026-05-07T02:44:15',
    ( '' ),
    ( '' ),
    'SwSTEP 2.0',
    'SolidWorks 2024',
    '' );
FILE_SCHEMA (( 'AUTOMOTIVE_DESIGN' ));
ENDSEC;

DATA;
#1 = ADVANCED_FACE ( 'NONE', ( #1870 ), #496, .T. ) ;
#2 = DIRECTION ( 'NONE',  ( 0.000000000000000000, 0.08715574274765360008, -0.9961946980917459893 ) ) ;
#3 = DIRECTION ( 'NONE',  ( -1.000000000000000000, -0.000000000000000000, -0.000000000000000000 ) ) ;
#4 = LINE ( 'NONE', #1351, #397 ) ;
#5 = ORIENTED_EDGE ( 'NONE', *, *, #2736, .F. ) ;
#6 = PLANE ( 'NONE',  #2313 ) ;
#7 = DIRECTION ( 'NONE',  ( 0.000000000000000000, 0.000000000000000000, 1.000000000000000000 ) ) ;
#8 = LINE ( 'NONE', #498, #1254 ) ;
#9 = CARTESIAN_POINT ( 'NONE',  ( 23.41049721830912489, 35.56415072187535031, 3.111460016091061043 ) ) ;
#10 = VECTOR ( 'NONE', #1852, 1000.000000000000000 ) ;
#11 = ORIENTED_EDGE ( 'NONE', *, *, #2255, .F. ) ;
#12 = AXIS2_PLACEMENT_3D ( 'NONE', #1703, #2614, #852 ) ;
#13 = AXIS2_PLACEMENT_3D ( 'NONE', #2132, #104, #1021 ) ;
#14 = DIRECTION ( 'NONE',  ( -1.000000000000000000, 0.000000000000000000, 0.000000000000000000 ) ) ;
#15 = EDGE_CURVE ( 'NONE', #701, #965, #1405, .T. ) ;
#16 = VERTEX_POINT ( 'NONE', #2302 ) ;
#18 = EDGE_CURVE ( 'NONE', #1857, #263, #1666, .T. ) ;
#17 = PLANE ( 'NONE',  #547 ) ;
#19 = CARTESIAN_POINT ( 'NONE',  ( 22.41049721830912134, 69.27901904206717631, -2.471339832740976128 ) ) ;
#20 = ORIENTED_EDGE ( 'NONE', *, *, #1026, .T. ) ;
#21 = DIRECTION ( 'NONE',  ( 0.000000000000000000, 0.000000000000000000, 1.000000000000000000 ) ) ;
#22 = DIRECTION ( 'NONE',  ( 0.000000000000000000, 0.000000000000000000, 1.000000000000000000 ) ) ;
#23 = CYLINDRICAL_SURFACE ( 'NONE', #1138, 2.000000000000000000 ) ;
#24 = LINE ( 'NONE', #2485, #251 ) ;
#25 = ORIENTED_EDGE ( 'NONE', *, *, #577, .T. ) ;
#26 = ORIENTED_EDGE ( 'NONE', *, *, #989, .T. ) ;
#27 = VECTOR ( 'NONE', #975, 1000.000000000000000 ) ;
#28 = DIRECTION ( 'NONE',  ( 0.000000000000000000, 0.000000000000000000, -1.000000000000000000 ) ) ;
#29 = EDGE_LOOP ( 'NONE', ( #1389, #1178, #2043, #305 ) ) ;
#30 = DIRECTION ( 'NONE',  ( 0.000000000000000000, 0.000000000000000000, 1.000000000000000000 ) ) ;
#31 = LINE ( 'NONE', #1837, #1436 ) ;
#32 = ADVANCED_FACE ( 'NONE', ( #1674 ), #269, .F. ) ;
#33 = DIRECTION ( 'NONE',  ( 1.000000000000000000, 0.000000000000000000, 0.000000000000000000 ) ) ;
#34 = ORIENTED_EDGE ( 'NONE', *, *, #2606, .F. ) ;
#35 = CARTESIAN_POINT ( 'NONE',  ( 18.33066118493420404, 50.23323058463008550, 14.43303658387234911 ) ) ;
#36 = DIRECTION ( 'NONE',  ( -1.000000000000000000, -0.000000000000000000, 0.000000000000000000 ) ) ;
#37 = B_SPLINE_CURVE_WITH_KNOTS ( 'NONE', 3,
 ( #80, #1045, #1662, #995, #112, #346, #2783, #2365 ),
 .UNSPECIFIED., .F., .F.,
 ( 4, 2, 2, 4 ),
 ( -6.324569375183252140E-06, 0.0005847297117379994611, 0.0008802568522945982289, 0.001175783992851196780 ),
 .UNSPECIFIED. ) ;
#38 = DIRECTION ( 'NONE',  ( 0.000000000000000000, 0.08715574274765523766, -0.9961946980917457672 ) ) ;
#39 = VECTOR ( 'NONE', #1599, 1000.000000000000000 ) ;
#40 = DIRECTION ( 'NONE',  ( 0.000000000000000000, 0.9961946980917459893, 0.08715574274765348906 ) ) ;
#41 = ORIENTED_EDGE ( 'NONE', *, *, #1937, .T. ) ;
#42 = AXIS2_PLACEMENT_3D ( 'NONE', #78, #2565, #1658 ) ;
#43 = VERTEX_POINT ( 'NONE', #535 ) ;
#44 = LINE ( 'NONE', #1209, #39 ) ;
#45 = ORIENTED_EDGE ( 'NONE', *, *, #1774, .T. ) ;
#46 = DIRECTION ( 'NONE',  ( -1.000000000000000000, -0.000000000000000000, -0.000000000000000000 ) ) ;
#47 = EDGE_CURVE ( 'NONE', #829, #259, #1160, .T. ) ;
#48 = LINE ( 'NONE', #89, #784 ) ;
#49 = CIRCLE ( 'NONE', #1701, 0.9999999999999973355 ) ;
#50 = CARTESIAN_POINT ( 'NONE',  ( 5.471138476320504651, 67.73505278004942909, 9.939418672986148451 ) ) ;
#51 = DIRECTION ( 'NONE',  ( 0.000000000000000000, 0.000000000000000000, 1.000000000000000000 ) ) ;
#52 = ORIENTED_EDGE ( 'NONE', *, *, #1453, .T. ) ;
#53 = EDGE_CURVE ( 'NONE', #1106, #2710, #875, .T. ) ;
#54 = EDGE_CURVE ( 'NONE', #1764, #1099, #1214, .T. ) ;
#55 = AXIS2_PLACEMENT_3D ( 'NONE', #570, #1873, #1464 ) ;
#56 = CARTESIAN_POINT ( 'NONE',  ( 2.060497218309119916, 67.69147490867560180, 9.937516022032019336 ) ) ;
#57 = EDGE_CURVE ( 'NONE', #1451, #2734, #77, .T. ) ;
#58 = ORIENTED_EDGE ( 'NONE', *, *, #2511, .F. ) ;
#59 = ORIENTED_EDGE ( 'NONE', *, *, #509, .F. ) ;
#60 = CARTESIAN_POINT ( 'NONE',  ( 15.65746309435434114, 34.42035572212171957, 0.9982124806907780590 ) ) ;
#61 = ORIENTED_EDGE ( 'NONE', *, *, #2181, .F. ) ;
#62 = DIRECTION ( 'NONE',  ( 0.000000000000000000, -0.08715574274765193474, 0.9961946980917459893 ) ) ;
#63 = AXIS2_PLACEMENT_3D ( 'NONE', #2469, #2012, #2888 ) ;
#64 = CARTESIAN_POINT ( 'NONE',  ( 5.764749372956406326, 38.25064778383262620, -7.185603156638119771 ) ) ;
#65 = ORIENTED_EDGE ( 'NONE', *, *, #284, .F. ) ;
#66 = PLANE ( 'NONE',  #2488 ) ;
#67 = VECTOR ( 'NONE', #687, 1000.000000000000114 ) ;
#68 = VERTEX_POINT ( 'NONE', #50 ) ;
#69 = DIRECTION ( 'NONE',  ( 0.000000000000000000, 0.08715574274765129636, -0.9961946980917461003 ) ) ;
#70 = EDGE_CURVE ( 'NONE', #1563, #1764, #762, .T. ) ;
#71 = ORIENTED_EDGE ( 'NONE', *, *, #1333, .T. ) ;
#72 = DIRECTION ( 'NONE',  ( -1.000000000000000000, 0.000000000000000000, 0.000000000000000000 ) ) ;
#73 = EDGE_LOOP ( 'NONE', ( #2784, #816, #1583, #2262 ) ) ;
#74 = CARTESIAN_POINT ( 'NONE',  ( 13.94799721830912098, 54.44809142087867571, -10.79561673197187055 ) ) ;
#75 = B_SPLINE_CURVE_WITH_KNOTS ( 'NONE', 3,
 ( #2434, #1748, #1720, #622, #581, #2375, #181, #1097, #1258, #1978 ),
 .UNSPECIFIED., .F., .F.,
 ( 4, 2, 2, 2, 4 ),
 ( 0.000000000000000000, 0.0002926702286854224611, 0.0005853404573708449223, 0.0008780106860562673834, 0.001170680914741689845 ),
 .UNSPECIFIED. ) ;
#76 = CARTESIAN_POINT ( 'NONE',  ( 2.360497218309119738, 72.22402526496860276, -1.711775255452132605 ) ) ;
#77 = LINE ( 'NONE', #2763, #1992 ) ;
#78 = CARTESIAN_POINT ( 'NONE',  ( 12.36049721830912063, 34.42035572212171957, -0.4517875193092205643 ) ) ;
#79 = VERTEX_POINT ( 'NONE', #1446 ) ;
#80 = CARTESIAN_POINT ( 'NONE',  ( 22.41049721830912134, 68.84324032832890339, 2.509633657717752264 ) ) ;
#81 = EDGE_CURVE ( 'NONE', #1857, #2094, #2344, .T. ) ;
#82 = ORIENTED_EDGE ( 'NONE', *, *, #2389, .F. ) ;
#83 = AXIS2_PLACEMENT_3D ( 'NONE', #2054, #1429, #929 ) ;
#84 = DIRECTION ( 'NONE',  ( -1.000000000000000000, -0.000000000000000000, -0.000000000000000000 ) ) ;
#85 = AXIS2_PLACEMENT_3D ( 'NONE', #141, #1782, #198 ) ;
#86 = ORIENTED_EDGE ( 'NONE', *, *, #2328, .F. ) ;
#87 = AXIS2_PLACEMENT_3D ( 'NONE', #2125, #99, #2399 ) ;
#88 = DIRECTION ( 'NONE',  ( -1.000000000000000000, 0.000000000000000000, -0.000000000000000000 ) ) ;
#89 = CARTESIAN_POINT ( 'NONE',  ( 15.36049721830912063, 54.18662419263570484, -7.807032637696646127 ) ) ;
#90 = CARTESIAN_POINT ( 'NONE',  ( 2.360497218309119738, 67.73505278004942909, 9.439418672986146674 ) ) ;
#91 = ADVANCED_FACE ( 'NONE', ( #1228, #2805 ), #550, .F. ) ;
#92 = DIRECTION ( 'NONE',  ( 0.000000000000000000, 0.000000000000000000, 1.000000000000000000 ) ) ;
#93 = CARTESIAN_POINT ( 'NONE',  ( 22.85324894164176257, 38.35946106571551439, -7.181883432193131966 ) ) ;
#94 = EDGE_LOOP ( 'NONE', ( #2174, #1483, #1275, #1874, #2165 ) ) ;
#95 = CARTESIAN_POINT ( 'NONE',  ( 2.060497218309119916, 37.50668520981274412, -0.7338695878793102256 ) ) ;
#96 = VERTEX_POINT ( 'NONE', #1913 ) ;
#97 = CARTESIAN_POINT ( 'NONE',  ( 2.060497218309118583, 43.95101729646281541, 15.74678357070749612 ) ) ;
#98 = CARTESIAN_POINT ( 'NONE',  ( 5.310497218309119916, 43.95101729646281541, 17.39678357070749470 ) ) ;
#99 = DIRECTION ( 'NONE',  ( -0.000000000000000000, -0.08715574274765740259, 0.9961946980917456562 ) ) ;
#100 = ORIENTED_EDGE ( 'NONE', *, *, #1334, .F. ) ;
#101 = DIRECTION ( 'NONE',  ( 0.000000000000000000, 0.000000000000000000, 1.000000000000000000 ) ) ;
#102 = CARTESIAN_POINT ( 'NONE',  ( 26.66049721830912134, 35.95025522073351709, 10.17197864548132813 ) ) ;
#103 = EDGE_CURVE ( 'NONE', #2734, #2700, #2044, .T. ) ;
#104 = DIRECTION ( 'NONE',  ( 1.000000000000000000, 0.000000000000000000, 0.000000000000000000 ) ) ;
#105 = AXIS2_PLACEMENT_3D ( 'NONE', #420, #1391, #2234 ) ;
#106 = ORIENTED_EDGE ( 'NONE', *, *, #2770, .F. ) ;
#107 = CARTESIAN_POINT ( 'NONE',  ( 23.27652262209356593, 68.38872085065685269, 1.967958437298052532 ) ) ;
#108 = AXIS2_PLACEMENT_3D ( 'NONE', #506, #2301, #1418 ) ;
#109 = VECTOR ( 'NONE', #2577, 1000.000000000000000 ) ;
#110 = CARTESIAN_POINT ( 'NONE',  ( 18.33066118493420404, 53.09717740829008648, 4.645401088449874649 ) ) ;
#111 = ORIENTED_EDGE ( 'NONE', *, *, #1206, .T. ) ;
#112 = CARTESIAN_POINT ( 'NONE',  ( 23.03096686294333395, 68.66983732892859393, 2.079114070986897822 ) ) ;
#113 = VECTOR ( 'NONE', #1462, 1000.000000000000000 ) ;
#114 = VERTEX_POINT ( 'NONE', #1083 ) ;
#115 = PLANE ( 'NONE',  #1710 ) ;
#116 = DIRECTION ( 'NONE',  ( 1.000000000000000000, 0.000000000000000000, 0.000000000000000000 ) ) ;
#117 = FACE_OUTER_BOUND ( 'NONE', #991, .T. ) ;
#118 = VERTEX_POINT ( 'NONE', #565 ) ;
#119 = DIRECTION ( 'NONE',  ( 0.000000000000000000, 0.9961946980917456562, 0.08715574274765619522 ) ) ;
#120 = CARTESIAN_POINT ( 'NONE',  ( 26.66049721830912134, 38.29736393141389783, -7.181883432193085781 ) ) ;
#121 = LINE ( 'NONE', #341, #1157 ) ;
#122 = CARTESIAN_POINT ( 'NONE',  ( 15.65746309435434114, 33.81898109716289014, 6.421955897523905499 ) ) ;
#123 = CIRCLE ( 'NONE', #2346, 1.000000000000000000 ) ;
#124 = DIRECTION ( 'NONE',  ( -1.000000000000000000, -0.000000000000000000, -0.000000000000000000 ) ) ;
#125 = ORIENTED_EDGE ( 'NONE', *, *, #1382, .F. ) ;
#126 = CARTESIAN_POINT ( 'NONE',  ( 5.310497218309119916, 70.77331108920479608, -2.340606218619491141 ) ) ;
#127 = ORIENTED_EDGE ( 'NONE', *, *, #1716, .T. ) ;
#128 = EDGE_CURVE ( 'NONE', #118, #1123, #2195, .T. ) ;
#129 = DIRECTION ( 'NONE',  ( 0.000000000000000000, 1.734723475976799403E-15, 1.000000000000000000 ) ) ;
#130 = DIRECTION ( 'NONE',  ( 0.000000000000000000, 0.08715574274765360008, -0.9961946980917459893 ) ) ;
#131 = ORIENTED_EDGE ( 'NONE', *, *, #2376, .F. ) ;
#132 = AXIS2_PLACEMENT_3D ( 'NONE', #1485, #1033, #1886 ) ;
#133 = CARTESIAN_POINT ( 'NONE',  ( 6.149277260200442186, 68.84346983525087182, 2.395208760046733332 ) ) ;
#134 = VECTOR ( 'NONE', #130, 999.9999999999998863 ) ;
#135 = DIRECTION ( 'NONE',  ( 0.000000000000000000, -0.08715574274765247598, 0.9961946980917461003 ) ) ;
#136 = ORIENTED_EDGE ( 'NONE', *, *, #416, .F. ) ;
#137 = CIRCLE ( 'NONE', #1791, 2.000000000000000000 ) ;
#138 = ADVANCED_FACE ( 'NONE', ( #2177 ), #2881, .T. ) ;
#139 = CARTESIAN_POINT ( 'NONE',  ( 23.41049721830912489, 67.19337755962975223, 9.893938150658193820 ) ) ;
#140 = ORIENTED_EDGE ( 'NONE', *, *, #1292, .T. ) ;
#141 = CARTESIAN_POINT ( 'NONE',  ( 23.41049721830912489, 39.32476312050092560, 1.432831293799494921 ) ) ;
#142 = EDGE_CURVE ( 'NONE', #912, #1248, #1270, .T. ) ;
#143 = EDGE_CURVE ( 'NONE', #114, #2157, #2149, .T. ) ;
#144 = EDGE_CURVE ( 'NONE', #2925, #987, #585, .T. ) ;
#145 = ADVANCED_FACE ( 'NONE', ( #2404 ), #853, .F. ) ;
#146 = ORIENTED_EDGE ( 'NONE', *, *, #57, .T. ) ;
#147 = CARTESIAN_POINT ( 'NONE',  ( 2.060497218309119916, 38.45320569302441527, 11.39477827471698212 ) ) ;
#148 = ADVANCED_FACE ( 'NONE', ( #2654 ), #386, .F. ) ;
#149 = LINE ( 'NONE', #1061, #1554 ) ;
#150 = ORIENTED_EDGE ( 'NONE', *, *, #1867, .F. ) ;
#151 = LINE ( 'NONE', #327, #2187 ) ;
#152 = CARTESIAN_POINT ( 'NONE',  ( 22.41049721830912134, 68.28282434397544876, -2.558495575488735962 ) ) ;
#153 = VECTOR ( 'NONE', #2918, 1000.000000000000000 ) ;
#154 = CARTESIAN_POINT ( 'NONE',  ( 5.453064884432158976, 67.70630190562874873, 9.938813216179550381 ) ) ;
#155 = EDGE_LOOP ( 'NONE', ( #1410, #1717, #1413, #1386, #350 ) ) ;
#156 = AXIS2_PLACEMENT_3D ( 'NONE', #2367, #788, #281 ) ;
#157 = DIRECTION ( 'NONE',  ( -1.000000000000000000, 0.000000000000000000, 0.000000000000000000 ) ) ;
#158 = AXIS2_PLACEMENT_3D ( 'NONE', #1319, #1929, #1516 ) ;
#159 = ORIENTED_EDGE ( 'NONE', *, *, #81, .T. ) ;
#160 = DIRECTION ( 'NONE',  ( 0.000000000000000000, 0.08715574274765620910, -0.9961946980917458783 ) ) ;
#161 = ADVANCED_FACE ( 'NONE', ( #1945 ), #610, .T. ) ;
#162 = PLANE ( 'NONE',  #2545 ) ;
#163 = VERTEX_POINT ( 'NONE', #1304 ) ;
#164 = VECTOR ( 'NONE', #599, 1000.000000000000000 ) ;
#165 = EDGE_CURVE ( 'NONE', #1526, #1563, #75, .T. ) ;
#166 = EDGE_LOOP ( 'NONE', ( #2452, #1048, #2059, #2408 ) ) ;
#167 = CARTESIAN_POINT ( 'NONE',  ( 5.360497218309119738, 40.27128360371258964, 13.56147915639577661 ) ) ;
#168 = FILL_AREA_STYLE ('',( #1095 ) ) ;
#169 = DIRECTION ( 'NONE',  ( 1.000000000000000000, 0.000000000000000000, -0.000000000000000000 ) ) ;
#170 = ADVANCED_FACE ( 'NONE', ( #1477 ), #342, .F. ) ;
#171 = DIRECTION ( 'NONE',  ( -1.000000000000000000, 0.000000000000000000, -0.000000000000000000 ) ) ;
#172 = ORIENTED_EDGE ( 'NONE', *, *, #2481, .T. ) ;
#173 = DIRECTION ( 'NONE',  ( -1.000000000000000000, -0.000000000000000000, -0.000000000000000000 ) ) ;
#174 = CIRCLE ( 'NONE', #1729, 1.449999999999999956 ) ;
#175 = CARTESIAN_POINT ( 'NONE',  ( 23.26453140367603467, 37.72274970067493172, -7.101966987748526527 ) ) ;
#176 = CARTESIAN_POINT ( 'NONE',  ( 2.060497218309119916, 68.34514297928302540, 2.466055786343924972 ) ) ;
#177 = CYLINDRICAL_SURFACE ( 'NONE', #901, 2.099999999999892619 ) ;
#178 = VERTEX_POINT ( 'NONE', #2854 ) ;
#179 = VERTEX_POINT ( 'NONE', #825 ) ;
#180 = SURFACE_STYLE_FILL_AREA ( #168 ) ;
#181 = CARTESIAN_POINT ( 'NONE',  ( 22.72942834061355555, 68.16515421385483364, 9.700879402642577531 ) ) ;
#182 = VERTEX_POINT ( 'NONE', #2627 ) ;
#183 = EDGE_CURVE ( 'NONE', #1530, #179, #972, .T. ) ;
#184 = CYLINDRICAL_SURFACE ( 'NONE', #2047, 1.650000000000000355 ) ;
#185 = EDGE_LOOP ( 'NONE', ( #1916, #45, #872, #2849 ) ) ;
#186 = VECTOR ( 'NONE', #1841, 1000.000000000000000 ) ;
#187 = CARTESIAN_POINT ( 'NONE',  ( 13.94799721830912098, 58.43287021324564989, -10.44699376098125398 ) ) ;
#188 = CARTESIAN_POINT ( 'NONE',  ( 5.310497218309119916, 31.08127458046248748, 2.719259173726842338 ) ) ;
#189 = FACE_OUTER_BOUND ( 'NONE', #523, .T. ) ;
#190 = ORIENTED_EDGE ( 'NONE', *, *, #1218, .F. ) ;
#191 = VERTEX_POINT ( 'NONE', #1159 ) ;
#192 = DIRECTION ( 'NONE',  ( -0.000000000000000000, -0.08715574274764821550, 0.9961946980917464334 ) ) ;
#193 = ORIENTED_EDGE ( 'NONE', *, *, #2605, .T. ) ;
#194 = ADVANCED_FACE ( 'NONE', ( #706 ), #940, .F. ) ;
#195 = EDGE_CURVE ( 'NONE', #503, #2106, #8, .T. ) ;
#196 = FACE_OUTER_BOUND ( 'NONE', #2798, .T. ) ;
#197 = VERTEX_POINT ( 'NONE', #482 ) ;
#198 = DIRECTION ( 'NONE',  ( 0.000000000000000000, 0.000000000000000000, -1.000000000000000000 ) ) ;
#199 = CARTESIAN_POINT ( 'NONE',  ( 12.36049721830912063, 33.81898109716289724, 6.421955897523908163 ) ) ;
#200 = PLANE ( 'NONE',  #921 ) ;
#201 = DIRECTION ( 'NONE',  ( 1.000000000000000000, 0.000000000000000000, 0.000000000000000000 ) ) ;
#202 = AXIS2_PLACEMENT_3D ( 'NONE', #2840, #135, #1704 ) ;
#203 = VERTEX_POINT ( 'NONE', #257 ) ;
#204 = CARTESIAN_POINT ( 'NONE',  ( 20.59799721830912134, 52.19423479645220709, -7.981344123191947304 ) ) ;
#205 = VECTOR ( 'NONE', #1098, 1000.000000000000000 ) ;
#206 = VERTEX_POINT ( 'NONE', #289 ) ;
#207 = LINE ( 'NONE', #867, #673 ) ;
#208 = DIRECTION ( 'NONE',  ( 1.000000000000000000, -0.000000000000000000, -0.000000000000000000 ) ) ;
#209 = DIRECTION ( 'NONE',  ( 0.000000000000000000, 0.000000000000000000, -1.000000000000000000 ) ) ;
#210 = ORIENTED_EDGE ( 'NONE', *, *, #195, .T. ) ;
#211 = DIRECTION ( 'NONE',  ( 1.000000000000000000, 0.000000000000000000, 0.000000000000000000 ) ) ;
#212 = CARTESIAN_POINT ( 'NONE',  ( 2.060497218309119916, 68.84324032832890339, 2.509633657717752264 ) ) ;
#213 = DIRECTION ( 'NONE',  ( -1.000000000000000000, -0.000000000000000000, -0.000000000000000000 ) ) ;
#214 = EDGE_CURVE ( 'NONE', #739, #2904, #2621, .T. ) ;
#215 = ORIENTED_EDGE ( 'NONE', *, *, #2851, .T. ) ;
#216 = ORIENTED_EDGE ( 'NONE', *, *, #583, .F. ) ;
#217 = LINE ( 'NONE', #2022, #804 ) ;
#218 = ORIENTED_EDGE ( 'NONE', *, *, #1591, .T. ) ;
#219 = CARTESIAN_POINT ( 'NONE',  ( 2.060497218309119916, 35.86483803435474726, -0.3254116923251193505 ) ) ;
#220 = CARTESIAN_POINT ( 'NONE',  ( 23.41049721830912489, 67.89062350161100312, 1.924380565924226127 ) ) ;
#221 = DIRECTION ( 'NONE',  ( -1.000000000000000000, 0.000000000000000000, 0.000000000000000000 ) ) ;
#222 = ORIENTED_EDGE ( 'NONE', *, *, #415, .T. ) ;
#223 = AXIS2_PLACEMENT_3D ( 'NONE', #2193, #1570, #384 ) ;
#224 = ADVANCED_FACE ( 'NONE', ( #2768 ), #2079, .F. ) ;
#225 = DIRECTION ( 'NONE',  ( 1.000000000000000000, 0.000000000000000000, 0.000000000000000000 ) ) ;
#226 = AXIS2_PLACEMENT_3D ( 'NONE', #2228, #201, #1787 ) ;
#227 = LINE ( 'NONE', #1129, #1203 ) ;
#228 = FACE_OUTER_BOUND ( 'NONE', #2769, .T. ) ;
#229 = ADVANCED_FACE ( 'NONE', ( #228 ), #2030, .F. ) ;
#230 = CARTESIAN_POINT ( 'NONE',  ( 5.310497218309119916, 31.47984280638213406, 10.78468807548338226 ) ) ;
#231 = VERTEX_POINT ( 'NONE', #56 ) ;
#232 = ORIENTED_EDGE ( 'NONE', *, *, #1654, .F. ) ;
#233 = DIRECTION ( 'NONE',  ( 0.000000000000000000, 0.000000000000000000, -1.000000000000000000 ) ) ;
#234 = ORIENTED_EDGE ( 'NONE', *, *, #1680, .F. ) ;
#235 = CARTESIAN_POINT ( 'NONE',  ( -1.587499999999999911, 72.06836419672411864, -2.227303753047533252 ) ) ;
#236 = CARTESIAN_POINT ( 'NONE',  ( 2.060497218309119916, 67.73505278004942909, 9.439418672986146674 ) ) ;
#237 = ORIENTED_EDGE ( 'NONE', *, *, #555, .T. ) ;
#238 = DIRECTION ( 'NONE',  ( 0.000000000000000000, -0.9961946980917456562, -0.08715574274765627849 ) ) ;
#239 = CARTESIAN_POINT ( 'NONE',  ( 18.33066118493420404, 43.95101729646281541, 17.39678357070749470 ) ) ;
#240 = CYLINDRICAL_SURFACE ( 'NONE', #1580, 0.5000000000000004441 ) ;
#241 = AXIS2_PLACEMENT_3D ( 'NONE', #2706, #675, #7 ) ;
#242 = VERTEX_POINT ( 'NONE', #1190 ) ;
#243 = EDGE_CURVE ( 'NONE', #2755, #1231, #721, .T. ) ;
#244 = ORIENTED_EDGE ( 'NONE', *, *, #686, .F. ) ;
#245 = AXIS2_PLACEMENT_3D ( 'NONE', #2403, #169, #794 ) ;
#246 = AXIS2_PLACEMENT_3D ( 'NONE', #1055, #1702, #1039 ) ;
#247 = AXIS2_PLACEMENT_3D ( 'NONE', #90, #1185, #2115 ) ;
#248 = CARTESIAN_POINT ( 'NONE',  ( 20.59799721830912134, 0.000000000000000000, 0.000000000000000000 ) ) ;
#249 = ORIENTED_EDGE ( 'NONE', *, *, #1422, .F. ) ;
#250 = CARTESIAN_POINT ( 'NONE',  ( 5.471138476320504651, 67.73505278004942909, 9.939418672986148451 ) ) ;
#251 = VECTOR ( 'NONE', #1798, 1000.000000000000000 ) ;
#252 = CARTESIAN_POINT ( 'NONE',  ( 2.360497218309119738, 37.50668520981274412, -0.7338695878793102256 ) ) ;
#253 = ORIENTED_EDGE ( 'NONE', *, *, #2830, .T. ) ;
#254 = EDGE_CURVE ( 'NONE', #1093, #2094, #2928, .T. ) ;
#255 = CARTESIAN_POINT ( 'NONE',  ( 6.310497218309117251, 68.23315012909530708, 9.482996544359975744 ) ) ;
#256 = LINE ( 'NONE', #2063, #343 ) ;
#257 = CARTESIAN_POINT ( 'NONE',  ( 5.310497218309119916, 36.98375075332683082, 5.243298600671163712 ) ) ;
#258 = CARTESIAN_POINT ( 'NONE',  ( 5.987621562776836548, 38.47167541690921411, -7.174272828376577316 ) ) ;
#259 = VERTEX_POINT ( 'NONE', #2289 ) ;
#260 = ORIENTED_EDGE ( 'NONE', *, *, #2736, .T. ) ;
#261 = AXIS2_PLACEMENT_3D ( 'NONE', #2504, #476, #30 ) ;
#262 = CARTESIAN_POINT ( 'NONE',  ( 26.66049721830912134, 38.80182866401500519, 7.409999482349958200 ) ) ;
#263 = VERTEX_POINT ( 'NONE', #2048 ) ;
#264 = CARTESIAN_POINT ( 'NONE',  ( 26.66049721830912134, 71.90023940141803394, -3.747742523009451876 ) ) ;
#265 = CARTESIAN_POINT ( 'NONE',  ( 7.310497218309123468, 38.79546128045976872, -5.138305560819259377 ) ) ;
#266 = EDGE_CURVE ( 'NONE', #2700, #1132, #1145, .T. ) ;
#267 = ADVANCED_FACE ( 'NONE', ( #737 ), #23, .T. ) ;
#268 = LINE ( 'NONE', #1184, #2817 ) ;
#269 = CYLINDRICAL_SURFACE ( 'NONE', #247, 0.5000000000000004441 ) ;
#270 = DIRECTION ( 'NONE',  ( 0.000000000000000000, 0.000000000000000000, -1.000000000000000000 ) ) ;
#271 = EDGE_CURVE ( 'NONE', #1299, #191, #1366, .T. ) ;
#272 = CIRCLE ( 'NONE', #2642, 2.000000000000000000 ) ;
#273 = DIRECTION ( 'NONE',  ( 0.000000000000000000, -0.08715574274765638951, 0.9961946980917456562 ) ) ;
#274 = AXIS2_PLACEMENT_3D ( 'NONE', #2430, #399, #2695 ) ;
#275 = ORIENTED_EDGE ( 'NONE', *, *, #2592, .T. ) ;
#276 = CIRCLE ( 'NONE', #1557, 2.600000000000000089 ) ;
#277 = ORIENTED_EDGE ( 'NONE', *, *, #1842, .F. ) ;
#278 = DIRECTION ( 'NONE',  ( 0.000000000000000000, 0.000000000000000000, 1.000000000000000000 ) ) ;
#279 = ORIENTED_EDGE ( 'NONE', *, *, #892, .F. ) ;
#280 = PLANE ( 'NONE',  #1084 ) ;
#281 = DIRECTION ( 'NONE',  ( 0.000000000000000000, 0.000000000000000000, 1.000000000000000000 ) ) ;
#282 = DIRECTION ( 'NONE',  ( 1.000000000000000000, 0.000000000000000000, 0.000000000000000000 ) ) ;
#283 = ORIENTED_EDGE ( 'NONE', *, *, #956, .F. ) ;
#284 = EDGE_CURVE ( 'NONE', #2447, #1347, #2538, .T. ) ;
#285 = ADVANCED_FACE ( 'NONE', ( #1426 ), #2753, .T. ) ;
#286 = CARTESIAN_POINT ( 'NONE',  ( 2.060497218309119916, 72.28529737164417668, 14.35470275996589073 ) ) ;
#287 = ORIENTED_EDGE ( 'NONE', *, *, #800, .T. ) ;
#288 = EDGE_CURVE ( 'NONE', #885, #1141, #2484, .T. ) ;
#289 = CARTESIAN_POINT ( 'NONE',  ( 2.060497218309120360, 34.42035572212171957, 0.9982124806907793912 ) ) ;
#290 = ORIENTED_EDGE ( 'NONE', *, *, #2464, .F. ) ;
#291 = ORIENTED_EDGE ( 'NONE', *, *, #1623, .F. ) ;
#292 = AXIS2_PLACEMENT_3D ( 'NONE', #1785, #603, #1117 ) ;
#293 = FACE_OUTER_BOUND ( 'NONE', #960, .T. ) ;
#294 = ORIENTED_EDGE ( 'NONE', *, *, #468, .T. ) ;
#295 = CARTESIAN_POINT ( 'NONE',  ( -1.587499999999999911, 72.28529737164419089, 14.35470275996589073 ) ) ;
#296 = AXIS2_PLACEMENT_3D ( 'NONE', #2533, #2749, #1894 ) ;
#297 = AXIS2_PLACEMENT_3D ( 'NONE', #2146, #1474, #2802 ) ;
#298 = DIRECTION ( 'NONE',  ( 0.000000000000000000, -0.9961946980917456562, -0.08715574274765719442 ) ) ;
#299 = ORIENTED_EDGE ( 'NONE', *, *, #1867, .T. ) ;
#300 = CARTESIAN_POINT ( 'NONE',  ( 15.65746309435434114, 34.42035572212171957, -0.4517875193092218411 ) ) ;
#301 = AXIS2_PLACEMENT_3D ( 'NONE', #304, #2569, #1935 ) ;
#302 = VECTOR ( 'NONE', #2164, 1000.000000000000000 ) ;
#303 = VERTEX_POINT ( 'NONE', #693 ) ;
#304 = CARTESIAN_POINT ( 'NONE',  ( 19.03174405331234098, 32.16462502130188028, 1.810220218382857960 ) ) ;
#305 = ORIENTED_EDGE ( 'NONE', *, *, #2901, .T. ) ;
#306 = ADVANCED_FACE ( 'NONE', ( #1595 ), #2739, .F. ) ;
#307 = DIRECTION ( 'NONE',  ( 0.000000000000000000, 0.000000000000000000, -1.000000000000000000 ) ) ;
#308 = ORIENTED_EDGE ( 'NONE', *, *, #1291, .F. ) ;
#309 = FACE_OUTER_BOUND ( 'NONE', #1781, .T. ) ;
#310 = VECTOR ( 'NONE', #1434, 1000.000000000000000 ) ;
#311 = PLANE ( 'NONE',  #2429 ) ;
#312 = DIRECTION ( 'NONE',  ( -1.000000000000000000, 0.000000000000000000, 0.000000000000000000 ) ) ;
#313 = EDGE_LOOP ( 'NONE', ( #2221, #1219, #1173, #1264 ) ) ;
#314 = CARTESIAN_POINT ( 'NONE',  ( 5.360497218309119738, 67.69147490867560180, 9.937516022032019336 ) ) ;
#315 = DIRECTION ( 'NONE',  ( 0.000000000000000000, 0.08715574274765360008, -0.9961946980917459893 ) ) ;
#316 = EDGE_LOOP ( 'NONE', ( #324, #1037, #150, #835 ) ) ;
#317 = LINE ( 'NONE', #767, #1424 ) ;
#318 = VERTEX_POINT ( 'NONE', #363 ) ;
#319 = EDGE_CURVE ( 'NONE', #1141, #1272, #981, .T. ) ;
#320 = EDGE_CURVE ( 'NONE', #1025, #2891, #2380, .T. ) ;
#321 = EDGE_CURVE ( 'NONE', #1498, #2528, #2349, .T. ) ;
#322 = DIRECTION ( 'NONE',  ( 0.000000000000000000, 0.000000000000000000, 1.000000000000000000 ) ) ;
#323 = AXIS2_PLACEMENT_3D ( 'NONE', #35, #1127, #2738 ) ;
#324 = ORIENTED_EDGE ( 'NONE', *, *, #2241, .F. ) ;
#325 = DIRECTION ( 'NONE',  ( -0.000000000000000000, 0.08715574274765688911, -0.9961946980917457672 ) ) ;
#326 = CYLINDRICAL_SURFACE ( 'NONE', #2040, 0.9999999999999991118 ) ;
#327 = CARTESIAN_POINT ( 'NONE',  ( 2.060497218309119916, 70.94762257470010525, -4.332995614802982232 ) ) ;
#328 = DIRECTION ( 'NONE',  ( 0.000000000000000000, 0.000000000000000000, 1.000000000000000000 ) ) ;
#329 = ORIENTED_EDGE ( 'NONE', *, *, #936, .T. ) ;
#330 = CARTESIAN_POINT ( 'NONE',  ( 5.785324341265076775, 68.05747605960264934, 9.826173530836115333 ) ) ;
#331 = DIRECTION ( 'NONE',  ( 1.000000000000000000, 0.000000000000000000, 0.000000000000000000 ) ) ;
#332 = ORIENTED_EDGE ( 'NONE', *, *, #2096, .F. ) ;
#333 = LINE ( 'NONE', #2138, #633 ) ;
#334 = ORIENTED_EDGE ( 'NONE', *, *, #952, .T. ) ;
#335 = DIRECTION ( 'NONE',  ( -1.000000000000000000, 0.000000000000000000, 0.000000000000000000 ) ) ;
#336 = DIRECTION ( 'NONE',  ( 0.000000000000000000, -0.08715574274765698626, 0.9961946980917456562 ) ) ;
#337 = ORIENTED_EDGE ( 'NONE', *, *, #2771, .F. ) ;
#338 = DIRECTION ( 'NONE',  ( 1.000000000000000000, 0.000000000000000000, 0.000000000000000000 ) ) ;
#339 = ADVANCED_BREP_SHAPE_REPRESENTATION ( 'Enclosure', ( #1843, #12 ), #922 ) ;
#340 = CARTESIAN_POINT ( 'NONE',  ( 5.310497218309119916, 34.29397989513761047, 0.9926947929238090218 ) ) ;
#341 = CARTESIAN_POINT ( 'NONE',  ( 18.33066118493420404, 47.93579608882981091, 17.74540654169809883 ) ) ;
#342 = CYLINDRICAL_SURFACE ( 'NONE', #2523, 1.449999999999999956 ) ;
#343 = VECTOR ( 'NONE', #36, 1000.000000000000000 ) ;
#344 = DIRECTION ( 'NONE',  ( 1.000000000000000000, -0.000000000000000000, -0.000000000000000000 ) ) ;
#345 = ORIENTED_EDGE ( 'NONE', *, *, #2735, .T. ) ;
#346 = CARTESIAN_POINT ( 'NONE',  ( 23.16605801257382424, 68.54789475108644581, 2.003409019570649097 ) ) ;
#347 = CIRCLE ( 'NONE', #589, 1.449999999999999956 ) ;
#348 = EDGE_LOOP ( 'NONE', ( #818, #836, #2689, #1762, #2321, #1072, #82, #553 ) ) ;
#349 = LINE ( 'NONE', #2558, #2448 ) ;
#350 = ORIENTED_EDGE ( 'NONE', *, *, #723, .T. ) ;
#351 = VERTEX_POINT ( 'NONE', #1437 ) ;
#352 = DIRECTION ( 'NONE',  ( -1.000000000000000000, 0.000000000000000000, -0.000000000000000000 ) ) ;
#353 = CARTESIAN_POINT ( 'NONE',  ( 26.66049721830912134, 70.37501390333405027, 13.68566469359610238 ) ) ;
#354 = EDGE_CURVE ( 'NONE', #203, #2417, #1479, .T. ) ;
#355 = ORIENTED_EDGE ( 'NONE', *, *, #2074, .F. ) ;
#356 = EDGE_CURVE ( 'NONE', #1223, #1625, #2156, .T. ) ;
#357 = EDGE_CURVE ( 'NONE', #1132, #790, #37, .T. ) ;
#358 = EDGE_CURVE ( 'NONE', #2800, #1777, #398, .T. ) ;
#359 = AXIS2_PLACEMENT_3D ( 'NONE', #1390, #2491, #2518 ) ;
#360 = LINE ( 'NONE', #586, #2387 ) ;
#361 = ORIENTED_EDGE ( 'NONE', *, *, #2001, .F. ) ;
#362 = EDGE_CURVE ( 'NONE', #1283, #96, #2093, .T. ) ;
#363 = CARTESIAN_POINT ( 'NONE',  ( 23.41049721830912489, 66.84475458863914810, 13.87871694302518399 ) ) ;
#364 = ORIENTED_EDGE ( 'NONE', *, *, #2865, .F. ) ;
#365 = DIRECTION ( 'NONE',  ( 1.000000000000000000, 0.000000000000000000, 0.000000000000000000 ) ) ;
#366 = CYLINDRICAL_SURFACE ( 'NONE', #653, 0.9999999999999972244 ) ;
#367 = ORIENTED_EDGE ( 'NONE', *, *, #1047, .F. ) ;
#368 = CIRCLE ( 'NONE', #2740, 0.9999999999999974465 ) ;
#369 = ORIENTED_EDGE ( 'NONE', *, *, #1128, .F. ) ;
#370 = AXIS2_PLACEMENT_3D ( 'NONE', #1844, #2091, #1635 ) ;
#371 = CARTESIAN_POINT ( 'NONE',  ( 22.41049721830912134, 67.89062350161098891, 1.924380565924225461 ) ) ;
#372 = CARTESIAN_POINT ( 'NONE',  ( 15.65746309435434114, 34.42035572212171957, -0.4517875193092218411 ) ) ;
#373 = AXIS2_PLACEMENT_3D ( 'NONE', #1156, #2045, #21 ) ;
#374 = CARTESIAN_POINT ( 'NONE',  ( 5.310497218309119916, 3.804739632025896337E-17, -4.613246803831399948E-16 ) ) ;
#375 = ORIENTED_EDGE ( 'NONE', *, *, #2337, .T. ) ;
#376 = ADVANCED_FACE ( 'NONE', ( #2338 ), #1263, .T. ) ;
#377 = DIRECTION ( 'NONE',  ( -0.000000000000000000, 0.9961946980917461003, 0.08715574274765175433 ) ) ;
#378 = VERTEX_POINT ( 'NONE', #542 ) ;
#379 = DIRECTION ( 'NONE',  ( 0.000000000000000000, 0.9961946980917456562, 0.08715574274765723606 ) ) ;
#380 = CARTESIAN_POINT ( 'NONE',  ( -30.14652396192871464, 38.79546128045976872, -5.138305560819258488 ) ) ;
#381 = EDGE_CURVE ( 'NONE', #1208, #864, #333, .T. ) ;
#382 = ORIENTED_EDGE ( 'NONE', *, *, #1153, .F. ) ;
#383 = ORIENTED_EDGE ( 'NONE', *, *, #183, .F. ) ;
#384 = DIRECTION ( 'NONE',  ( 0.000000000000000000, 0.9961946980917455452, 0.08715574274765738871 ) ) ;
#385 = LINE ( 'NONE', #580, #674 ) ;
#386 = CYLINDRICAL_SURFACE ( 'NONE', #2809, 1.449999999999999956 ) ;
#387 = CIRCLE ( 'NONE', #63, 1.450000000000000844 ) ;
#388 = CARTESIAN_POINT ( 'NONE',  ( 5.310497218309119916, 30.99411883771481513, 3.715453871818774623 ) ) ;
#389 = ORIENTED_EDGE ( 'NONE', *, *, #2499, .T. ) ;
#390 = VECTOR ( 'NONE', #2072, 1000.000000000000000 ) ;
#391 = VECTOR ( 'NONE', #1197, 1000.000000000000114 ) ;
#392 = EDGE_CURVE ( 'NONE', #1947, #739, #1247, .T. ) ;
#393 = DIRECTION ( 'NONE',  ( 0.000000000000000000, -5.337610695313252173E-15, 1.000000000000000000 ) ) ;
#394 = AXIS2_PLACEMENT_3D ( 'NONE', #1004, #2073, #1432 ) ;
#395 = CARTESIAN_POINT ( 'NONE',  ( 5.310497218309119916, 34.29397989513762468, 0.9926947929238096879 ) ) ;
#396 = FACE_BOUND ( 'NONE', #866, .T. ) ;
#397 = VECTOR ( 'NONE', #2210, 1000.000000000000000 ) ;
#398 = CIRCLE ( 'NONE', #442, 4.000000000000021316 ) ;
#399 = DIRECTION ( 'NONE',  ( 0.000000000000000000, -0.08715574274765683360, 0.9961946980917456562 ) ) ;
#400 = ORIENTED_EDGE ( 'NONE', *, *, #1738, .F. ) ;
#401 = AXIS2_PLACEMENT_3D ( 'NONE', #1154, #1824, #1110 ) ;
#402 = ORIENTED_EDGE ( 'NONE', *, *, #1505, .T. ) ;
#403 = EDGE_CURVE ( 'NONE', #2032, #2904, #317, .T. ) ;
#404 = CYLINDRICAL_SURFACE ( 'NONE', #2785, 1.649999999999998579 ) ;
#405 = DIRECTION ( 'NONE',  ( 0.000000000000000000, 0.000000000000000000, 1.000000000000000000 ) ) ;
#406 = DIRECTION ( 'NONE',  ( 0.000000000000000000, -0.08715574274764872897, 0.9961946980917463224 ) ) ;
#407 = ORIENTED_EDGE ( 'NONE', *, *, #760, .T. ) ;
#408 = CARTESIAN_POINT ( 'NONE',  ( 5.360497218309119738, 39.49907460599624187, -0.5595581023839957258 ) ) ;
#409 = CIRCLE ( 'NONE', #501, 0.9999999999999973355 ) ;
#410 = DIRECTION ( 'NONE',  ( 0.000000000000000000, 0.9961946980917456562, 0.08715574274765719442 ) ) ;
#411 = DIRECTION ( 'NONE',  ( 0.000000000000000000, -0.08715574274765246210, 0.9961946980917461003 ) ) ;
#412 = DIRECTION ( 'NONE',  ( 0.000000000000000000, 0.000000000000000000, 1.000000000000000000 ) ) ;
#413 = EDGE_CURVE ( 'NONE', #2442, #1746, #137, .T. ) ;
#414 = ORIENTED_EDGE ( 'NONE', *, *, #1823, .F. ) ;
#415 = EDGE_CURVE ( 'NONE', #351, #1746, #554, .T. ) ;
#416 = EDGE_CURVE ( 'NONE', #1108, #2274, #1273, .T. ) ;
#417 = ORIENTED_EDGE ( 'NONE', *, *, #2389, .T. ) ;
#418 = DIRECTION ( 'NONE',  ( 0.000000000000000000, -1.387778780781445676E-14, -1.000000000000000000 ) ) ;
#419 = B_SPLINE_CURVE_WITH_KNOTS ( 'NONE', 3,
 ( #724, #2363, #93, #783 ),
 .UNSPECIFIED., .F., .F.,
 ( 4, 4 ),
 ( 0.002232898518323040392, 0.002479448673182214381 ),
 .UNSPECIFIED. ) ;
#420 = CARTESIAN_POINT ( 'NONE',  ( 15.65746309435434114, 38.29736393141389783, -5.181883432193085781 ) ) ;
#421 = ORIENTED_EDGE ( 'NONE', *, *, #362, .T. ) ;
#422 = DIRECTION ( 'NONE',  ( 0.000000000000000000, 0.08715574274765026941, -0.9961946980917462113 ) ) ;
#423 = ORIENTED_EDGE ( 'NONE', *, *, #468, .F. ) ;
#424 = AXIS2_PLACEMENT_3D ( 'NONE', #2673, #2438, #2911 ) ;
#425 = CARTESIAN_POINT ( 'NONE',  ( 14.42299721830911885, 68.72122228848222392, 3.904306235046160367 ) ) ;
#426 = DIRECTION ( 'NONE',  ( -1.000000000000000000, -0.000000000000000000, -0.000000000000000000 ) ) ;
#427 = DIRECTION ( 'NONE',  ( -1.000000000000000000, 0.000000000000000000, 0.000000000000000000 ) ) ;
#428 = VERTEX_POINT ( 'NONE', #1707 ) ;
#429 = VERTEX_POINT ( 'NONE', #1493 ) ;
#430 =( LENGTH_UNIT ( ) NAMED_UNIT ( * ) SI_UNIT ( .MILLI., .METRE. ) );
#431 = ORIENTED_EDGE ( 'NONE', *, *, #2241, .T. ) ;
#432 = FACE_OUTER_BOUND ( 'NONE', #736, .T. ) ;
#433 = ORIENTED_EDGE ( 'NONE', *, *, #481, .T. ) ;
#434 = CARTESIAN_POINT ( 'NONE',  ( 2.060497218309118583, 47.93579608882981091, 17.74540654169809883 ) ) ;
#435 = DIRECTION ( 'NONE',  ( -1.000000000000000000, 0.000000000000000000, 0.000000000000000000 ) ) ;
#436 = CIRCLE ( 'NONE', #1899, 4.000000000000017764 ) ;
#437 = DIRECTION ( 'NONE',  ( 0.000000000000000000, 0.000000000000000000, 1.000000000000000000 ) ) ;
#438 = CARTESIAN_POINT ( 'NONE',  ( 5.310497218309119916, 43.95101729646281541, 17.39678357070749470 ) ) ;
#439 = FACE_OUTER_BOUND ( 'NONE', #971, .T. ) ;
#440 = ORIENTED_EDGE ( 'NONE', *, *, #1422, .T. ) ;
#441 = VERTEX_POINT ( 'NONE', #2394 ) ;
#442 = AXIS2_PLACEMENT_3D ( 'NONE', #1681, #1884, #1649 ) ;
#443 = CARTESIAN_POINT ( 'NONE',  ( 21.41049721830912489, 38.79546128045976872, -5.138305560819258488 ) ) ;
#444 = CIRCLE ( 'NONE', #2433, 1.649999999999998579 ) ;
#445 = VERTEX_POINT ( 'NONE', #1009 ) ;
#446 = ADVANCED_FACE ( 'NONE', ( #1900 ), #2813, .T. ) ;
#447 = DIRECTION ( 'NONE',  ( 0.000000000000000000, 0.9961946980917455452, 0.08715574274765797158 ) ) ;
#448 = CARTESIAN_POINT ( 'NONE',  ( 2.360497218309120182, 35.86483803435474726, -0.3254116923251193505 ) ) ;
#449 = ORIENTED_EDGE ( 'NONE', *, *, #2683, .T. ) ;
#450 = EDGE_CURVE ( 'NONE', #303, #1640, #1984, .T. ) ;
#451 = EDGE_CURVE ( 'NONE', #2017, #1832, #615, .T. ) ;
#452 = CYLINDRICAL_SURFACE ( 'NONE', #2215, 2.000000000000000000 ) ;
#453 = EDGE_CURVE ( 'NONE', #2528, #1526, #49, .T. ) ;
#454 = CARTESIAN_POINT ( 'NONE',  ( 22.41049721830912134, 68.88681819970273068, 2.011536308671881379 ) ) ;
#455 = DIRECTION ( 'NONE',  ( -0.000000000000000000, 0.9961946980917457672, 0.08715574274765619522 ) ) ;
#456 = EDGE_LOOP ( 'NONE', ( #2843, #463, #2335, #361 ) ) ;
#457 = EDGE_LOOP ( 'NONE', ( #1819, #159, #1472, #696 ) ) ;
#458 = PLANE ( 'NONE',  #1550 ) ;
#459 = VERTEX_POINT ( 'NONE', #1073 ) ;
#460 = FACE_OUTER_BOUND ( 'NONE', #2341, .T. ) ;
#461 = DIRECTION ( 'NONE',  ( -1.000000000000000000, -0.000000000000000000, -0.000000000000000000 ) ) ;
#462 = CYLINDRICAL_SURFACE ( 'NONE', #401, 1.999999999999999556 ) ;
#463 = ORIENTED_EDGE ( 'NONE', *, *, #722, .T. ) ;
#464 = FACE_OUTER_BOUND ( 'NONE', #1133, .T. ) ;
#465 = VECTOR ( 'NONE', #1565, 1000.000000000000000 ) ;
#466 = LINE ( 'NONE', #480, #582 ) ;
#467 = AXIS2_PLACEMENT_3D ( 'NONE', #834, #2415, #1728 ) ;
#468 = EDGE_CURVE ( 'NONE', #428, #734, #814, .T. ) ;
#469 = DIRECTION ( 'NONE',  ( 0.000000000000000000, 0.000000000000000000, -1.000000000000000000 ) ) ;
#470 = DIRECTION ( 'NONE',  ( 0.000000000000000000, 0.9961946980917458783, 0.08715574274765529317 ) ) ;
#471 = DIRECTION ( 'NONE',  ( 0.000000000000000000, 0.000000000000000000, -1.000000000000000000 ) ) ;
#472 = ORIENTED_EDGE ( 'NONE', *, *, #1165, .T. ) ;
#473 = ORIENTED_EDGE ( 'NONE', *, *, #1654, .T. ) ;
#474 = CYLINDRICAL_SURFACE ( 'NONE', #2358, 0.5000000000000000000 ) ;
#475 = ORIENTED_EDGE ( 'NONE', *, *, #2564, .F. ) ;
#476 = DIRECTION ( 'NONE',  ( -1.000000000000000000, 0.000000000000000000, 0.000000000000000000 ) ) ;
#477 = CARTESIAN_POINT ( 'NONE',  ( 5.583868445391003910, 37.99032810952645889, -7.162490444362033415 ) ) ;
#478 = ORIENTED_EDGE ( 'NONE', *, *, #403, .F. ) ;
#479 = FACE_BOUND ( 'NONE', #1370, .T. ) ;
#480 = CARTESIAN_POINT ( 'NONE',  ( 12.36049721830912063, 36.30497453523040718, -5.356194917688399393 ) ) ;
#481 = EDGE_CURVE ( 'NONE', #2277, #898, #2686, .T. ) ;
#482 = CARTESIAN_POINT ( 'NONE',  ( 5.310497218309119916, 34.95406052264178243, 10.08482290273368065 ) ) ;
#483 = DIRECTION ( 'NONE',  ( 0.000000000000000000, 0.000000000000000000, 1.000000000000000000 ) ) ;
#484 = AXIS2_PLACEMENT_3D ( 'NONE', #877, #411, #2216 ) ;
#485 = EDGE_LOOP ( 'NONE', ( #1708, #1539, #234, #136, #931, #726, #2004, #1811, #2910, #671, #127, #529, #421, #345, #1372, #1546, #2273, #1621, #1636, #1750, #2034, #1556, #2037, #1486, #2077, #2325, #1216, #2698, #942 ) ) ;
#486 = ADVANCED_FACE ( 'NONE', ( #1339 ), #830, .F. ) ;
#487 = ORIENTED_EDGE ( 'NONE', *, *, #781, .F. ) ;
#488 = AXIS2_PLACEMENT_3D ( 'NONE', #2670, #2923, #869 ) ;
#489 = AXIS2_PLACEMENT_3D ( 'NONE', #1644, #978, #521 ) ;
#490 = DIRECTION ( 'NONE',  ( 0.000000000000000000, 0.9961946980917459893, 0.08715574274765348906 ) ) ;
#491 = ORIENTED_EDGE ( 'NONE', *, *, #2643, .T. ) ;
#492 = DIRECTION ( 'NONE',  ( 0.000000000000000000, -0.9961946980917456562, -0.08715574274765687524 ) ) ;
#493 = ADVANCED_FACE ( 'NONE', ( #1059 ), #1506, .F. ) ;
#494 = AXIS2_PLACEMENT_3D ( 'NONE', #2671, #1545, #209 ) ;
#495 = DIRECTION ( 'NONE',  ( 0.000000000000000000, 0.9961946980917456562, 0.08715574274765618135 ) ) ;
#496 = PLANE ( 'NONE',  #1018 ) ;
#497 = DIRECTION ( 'NONE',  ( -0.000000000000000000, -0.08715574274765523766, 0.9961946980917457672 ) ) ;
#498 = CARTESIAN_POINT ( 'NONE',  ( 14.42299721830911885, -38.69410596700927840, -5.493317276224514600 ) ) ;
#499 = ORIENTED_EDGE ( 'NONE', *, *, #2865, .T. ) ;
#500 = ORIENTED_EDGE ( 'NONE', *, *, #1629, .F. ) ;
#501 = AXIS2_PLACEMENT_3D ( 'NONE', #630, #325, #1238 ) ;
#502 = CARTESIAN_POINT ( 'NONE',  ( 23.41049721830912489, 33.81898109716289014, 6.421955897523905499 ) ) ;
#503 = VERTEX_POINT ( 'NONE', #425 ) ;
#505 = EDGE_CURVE ( 'NONE', #263, #1093, #1996, .T. ) ;
#504 = CARTESIAN_POINT ( 'NONE',  ( 23.41049721830912489, 31.16843032321013141, 1.723064475635200488 ) ) ;
#506 = CARTESIAN_POINT ( 'NONE',  ( 2.360497218309119738, 67.73505278004942909, 9.439418672986144898 ) ) ;
#507 = ORIENTED_EDGE ( 'NONE', *, *, #2723, .F. ) ;
#508 = CARTESIAN_POINT ( 'NONE',  ( 2.060497218309119916, 68.23315012909530708, 9.482996544359975744 ) ) ;
#509 = EDGE_CURVE ( 'NONE', #2537, #318, #1737, .T. ) ;
#510 = ORIENTED_EDGE ( 'NONE', *, *, #827, .F. ) ;
#511 = AXIS2_PLACEMENT_3D ( 'NONE', #1956, #88, #2402 ) ;
#512 = CARTESIAN_POINT ( 'NONE',  ( 26.66049721830912134, 31.08127458046248037, 2.719259173726899625 ) ) ;
#513 = VECTOR ( 'NONE', #2188, 1000.000000000000114 ) ;
#514 = ORIENTED_EDGE ( 'NONE', *, *, #1733, .T. ) ;
#515 = CIRCLE ( 'NONE', #657, 0.9999999999999974465 ) ;
#516 = ORIENTED_EDGE ( 'NONE', *, *, #1171, .T. ) ;
#517 = DIRECTION ( 'NONE',  ( 1.000000000000000000, 0.000000000000000000, 0.000000000000000000 ) ) ;
#518 = VERTEX_POINT ( 'NONE', #887 ) ;
#519 = CYLINDRICAL_SURFACE ( 'NONE', #740, 2.600000000000000089 ) ;
#520 = CYLINDRICAL_SURFACE ( 'NONE', #1167, 1.000000000000000000 ) ;
#521 = DIRECTION ( 'NONE',  ( 0.000000000000000000, 0.000000000000000000, -1.000000000000000000 ) ) ;
#522 = DIRECTION ( 'NONE',  ( 1.000000000000000000, -0.000000000000000000, -0.000000000000000000 ) ) ;
#523 = EDGE_LOOP ( 'NONE', ( #2218, #2555, #2575, #962 ) ) ;
#524 = EDGE_CURVE ( 'NONE', #2750, #1078, #2071, .T. ) ;
#525 = DIRECTION ( 'NONE',  ( 0.000000000000000000, 0.9961946980917455452, 0.08715574274765738871 ) ) ;
#526 = ORIENTED_EDGE ( 'NONE', *, *, #1661, .F. ) ;
#527 = AXIS2_PLACEMENT_3D ( 'NONE', #2649, #1742, #2414 ) ;
#528 = DIRECTION ( 'NONE',  ( 0.000000000000000000, 0.9961946980917456562, 0.08715574274765723606 ) ) ;
#529 = ORIENTED_EDGE ( 'NONE', *, *, #2424, .F. ) ;
#530 = CARTESIAN_POINT ( 'NONE',  ( 6.310497218309119027, 67.89062350161098891, 1.924380565924225905 ) ) ;
#531 = VECTOR ( 'NONE', #2131, 1000.000000000000000 ) ;
#532 = VECTOR ( 'NONE', #2612, 999.9999999999998863 ) ;
#533 = VECTOR ( 'NONE', #522, 1000.000000000000000 ) ;
#534 = CARTESIAN_POINT ( 'NONE',  ( 19.03174405331234098, 32.16462502130188028, 1.810220218382857960 ) ) ;
#535 = CARTESIAN_POINT ( 'NONE',  ( 26.66049721830912134, 33.94535692414699213, 4.977473585290876024 ) ) ;
#536 = DIRECTION ( 'NONE',  ( 1.000000000000000000, -0.000000000000000000, -0.000000000000000000 ) ) ;
#537 = CARTESIAN_POINT ( 'NONE',  ( 2.060497218309118583, 43.95101729646281541, 17.39678357070749470 ) ) ;
#538 = CIRCLE ( 'NONE', #494, 1.000000000000000000 ) ;
#539 = ORIENTED_EDGE ( 'NONE', *, *, #1590, .F. ) ;
#540 = EDGE_CURVE ( 'NONE', #584, #885, #1695, .T. ) ;
#541 = EDGE_CURVE ( 'NONE', #1248, #993, #1289, .T. ) ;
#542 = CARTESIAN_POINT ( 'NONE',  ( 20.59799721830912134, 52.01992331095689792, -5.988954727008453105 ) ) ;
#543 = VERTEX_POINT ( 'NONE', #434 ) ;
#544 = CARTESIAN_POINT ( 'NONE',  ( 15.65746309435434114, 31.90315779305891297, 4.798804312658178084 ) ) ;
#545 = DIRECTION ( 'NONE',  ( 0.000000000000000000, -0.08715574274765797158, 0.9961946980917455452 ) ) ;
#546 = FACE_OUTER_BOUND ( 'NONE', #1692, .T. ) ;
#547 = AXIS2_PLACEMENT_3D ( 'NONE', #1374, #2732, #492 ) ;
#548 = CARTESIAN_POINT ( 'NONE',  ( 18.33066118493420404, 43.95101729646281541, 21.39678357070751247 ) ) ;
#549 = APPLICATION_PROTOCOL_DEFINITION ( 'draft international standard', 'automotive_design', 1998, #2178 ) ;
#550 = PLANE ( 'NONE',  #13 ) ;
#551 = DIRECTION ( 'NONE',  ( 1.000000000000000000, 0.000000000000000000, 0.000000000000000000 ) ) ;
#552 = LINE ( 'NONE', #2065, #113 ) ;
#553 = ORIENTED_EDGE ( 'NONE', *, *, #583, .T. ) ;
#554 = LINE ( 'NONE', #95, #754 ) ;
#555 = EDGE_CURVE ( 'NONE', #895, #607, #1423, .T. ) ;
#556 = ORIENTED_EDGE ( 'NONE', *, *, #2723, .T. ) ;
#557 = CARTESIAN_POINT ( 'NONE',  ( 22.41049721830912134, 68.23315012909530708, 9.482996544359973967 ) ) ;
#558 = CARTESIAN_POINT ( 'NONE',  ( 13.94799721830912098, 64.14857117355319360, -6.935475210220069187 ) ) ;
#559 = CIRCLE ( 'NONE', #1232, 0.9999999999999991118 ) ;
#560 = PLANE ( 'NONE',  #1186 ) ;
#561 = EDGE_LOOP ( 'NONE', ( #2475, #1309, #2080, #1419 ) ) ;
#562 = DIRECTION ( 'NONE',  ( 0.000000000000000000, 0.08715574274764824325, -0.9961946980917464334 ) ) ;
#563 = CARTESIAN_POINT ( 'NONE',  ( 26.66049721830912134, 68.53819522871212655, 5.996315101038682371 ) ) ;
#564 = CARTESIAN_POINT ( 'NONE',  ( 13.94799721830912098, 46.04275512240643309, -6.511889183494393052 ) ) ;
#565 = CARTESIAN_POINT ( 'NONE',  ( 2.060497218309120360, 31.16843032321013141, 1.723064475635200710 ) ) ;
#566 = ORIENTED_EDGE ( 'NONE', *, *, #892, .T. ) ;
#567 = DIRECTION ( 'NONE',  ( 0.000000000000000000, 0.08715574274765523766, -0.9961946980917457672 ) ) ;
#568 = CARTESIAN_POINT ( 'NONE',  ( 22.90801181340004433, 38.29736393141389783, -7.181883432193085781 ) ) ;
#569 = ORIENTED_EDGE ( 'NONE', *, *, #2356, .F. ) ;
#570 = CARTESIAN_POINT ( 'NONE',  ( 5.310497218309119916, 38.97614014951032146, 5.417610086166466665 ) ) ;
#571 = ORIENTED_EDGE ( 'NONE', *, *, #1113, .T. ) ;
#572 = AXIS2_PLACEMENT_3D ( 'NONE', #2527, #1797, #2707 ) ;
#573 = DIRECTION ( 'NONE',  ( 0.000000000000000000, 0.000000000000000000, 1.000000000000000000 ) ) ;
#574 = DIRECTION ( 'NONE',  ( 0.000000000000000000, 0.08715574274765620910, -0.9961946980917458783 ) ) ;
#575 = ORIENTED_EDGE ( 'NONE', *, *, #2151, .T. ) ;
#576 = ORIENTED_EDGE ( 'NONE', *, *, #1754, .F. ) ;
#577 = EDGE_CURVE ( 'NONE', #1060, #881, #2647, .T. ) ;
#578 = EDGE_CURVE ( 'NONE', #2094, #1093, #850, .T. ) ;
#579 = LINE ( 'NONE', #563, #1069 ) ;
#580 = CARTESIAN_POINT ( 'NONE',  ( 5.360497218309119738, 68.84324032832890339, 2.509633657717752264 ) ) ;
#581 = CARTESIAN_POINT ( 'NONE',  ( 22.95835872074355066, 68.04240139570077872, 9.838780939956066618 ) ) ;
#582 = VECTOR ( 'NONE', #2286, 1000.000000000000000 ) ;
#583 = EDGE_CURVE ( 'NONE', #2656, #441, #276, .T. ) ;
#584 = VERTEX_POINT ( 'NONE', #1752 ) ;
#585 = CIRCLE ( 'NONE', #2236, 0.5000000000000004441 ) ;
#586 = CARTESIAN_POINT ( 'NONE',  ( 19.03174405331234098, 32.16462502130188028, 0.8102202183828579596 ) ) ;
#587 = ORIENTED_EDGE ( 'NONE', *, *, #819, .T. ) ;
#588 = DIRECTION ( 'NONE',  ( -1.000000000000000000, 0.000000000000000000, 0.000000000000000000 ) ) ;
#589 = AXIS2_PLACEMENT_3D ( 'NONE', #909, #331, #1816 ) ;
#590 = ORIENTED_EDGE ( 'NONE', *, *, #2830, .F. ) ;
#591 = DIRECTION ( 'NONE',  ( 1.000000000000000000, -0.000000000000000000, -0.000000000000000000 ) ) ;
#592 = CARTESIAN_POINT ( 'NONE',  ( 26.36049721830912063, 39.32476312050092560, 1.432831293799494921 ) ) ;
#593 = EDGE_LOOP ( 'NONE', ( #2229, #2862, #709, #1864, #1597, #2486, #1288, #1189, #2796, #2878, #26, #2932, #1650, #2874, #287, #1442, #2171, #1799, #472, #1120, #2559, #1605, #478, #571 ) ) ;
#594 = VERTEX_POINT ( 'NONE', #2200 ) ;
#595 = CARTESIAN_POINT ( 'NONE',  ( 5.444471814524673547, 68.38872085065685269, 1.967958437298052532 ) ) ;
#596 = ADVANCED_FACE ( 'NONE', ( #1971 ), #2886, .T. ) ;
#597 = CARTESIAN_POINT ( 'NONE',  ( 5.310497218309119916, 34.42035572212171957, -0.4517875193092205643 ) ) ;
#598 = EDGE_LOOP ( 'NONE', ( #2462, #1966, #713, #1284, #2238 ) ) ;
#599 = DIRECTION ( 'NONE',  ( -1.000000000000000000, -0.000000000000000000, 0.000000000000000000 ) ) ;
#600 = ORIENTED_EDGE ( 'NONE', *, *, #358, .T. ) ;
#601 = DIRECTION ( 'NONE',  ( 0.000000000000000000, 0.000000000000000000, -1.000000000000000000 ) ) ;
#602 = ORIENTED_EDGE ( 'NONE', *, *, #1079, .T. ) ;
#603 = DIRECTION ( 'NONE',  ( 0.000000000000000000, -0.9961946980917457672, -0.08715574274765514051 ) ) ;
#604 = DIRECTION ( 'NONE',  ( 0.000000000000000000, 0.000000000000000000, -1.000000000000000000 ) ) ;
#605 = ORIENTED_EDGE ( 'NONE', *, *, #1286, .T. ) ;
#606 = VECTOR ( 'NONE', #192, 1000.000000000000000 ) ;
#607 = VERTEX_POINT ( 'NONE', #1796 ) ;
#608 = DIRECTION ( 'NONE',  ( 0.000000000000000000, 0.000000000000000000, -1.000000000000000000 ) ) ;
#609 = CIRCLE ( 'NONE', #2814, 1.649999999999998579 ) ;
#610 = PLANE ( 'NONE',  #158 ) ;
#611 = ADVANCED_FACE ( 'NONE', ( #1855 ), #1576, .T. ) ;
#612 = ORIENTED_EDGE ( 'NONE', *, *, #2564, .T. ) ;
#613 = CARTESIAN_POINT ( 'NONE',  ( 20.59799721830912134, 70.80460592688321242, 12.21751936928279392 ) ) ;
#614 = ORIENTED_EDGE ( 'NONE', *, *, #819, .F. ) ;
#615 = LINE ( 'NONE', #2449, #2604 ) ;
#616 = CARTESIAN_POINT ( 'NONE',  ( 2.060497218309119916, 31.47984280638213406, 10.78468807548338226 ) ) ;
#617 = EDGE_CURVE ( 'NONE', #1498, #1194, #954, .T. ) ;
#618 = CARTESIAN_POINT ( 'NONE',  ( 2.360497218309119738, 67.73505278004942909, 9.939418672986148451 ) ) ;
#619 = CYLINDRICAL_SURFACE ( 'NONE', #1420, 1.000000000000000222 ) ;
#620 = ORIENTED_EDGE ( 'NONE', *, *, #1680, .T. ) ;
#621 = ORIENTED_EDGE ( 'NONE', *, *, #2550, .F. ) ;
#622 = CARTESIAN_POINT ( 'NONE',  ( 23.03095219077689038, 67.98763524180976958, 9.876857630930347298 ) ) ;
#623 = CIRCLE ( 'NONE', #2331, 2.000000000000000000 ) ;
#624 = DIRECTION ( 'NONE',  ( 0.000000000000000000, 0.000000000000000000, 1.000000000000000000 ) ) ;
#625 = EDGE_LOOP ( 'NONE', ( #1015, #2782, #1207, #58 ) ) ;
#626 = VECTOR ( 'NONE', #1256, 1000.000000000000000 ) ;
#627 = DIRECTION ( 'NONE',  ( 1.000000000000000000, 0.000000000000000000, 0.000000000000000000 ) ) ;
#628 = EDGE_CURVE ( 'NONE', #1108, #1758, #2765, .T. ) ;
#629 = ADVANCED_FACE ( 'NONE', ( #1812 ), #452, .F. ) ;
#630 = CARTESIAN_POINT ( 'NONE',  ( 6.310497218309119027, 67.89062350161098891, 1.924380565924224573 ) ) ;
#631 = CARTESIAN_POINT ( 'NONE',  ( 22.41049721830912134, 66.84475458863913389, 13.87871694302518222 ) ) ;
#632 = VECTOR ( 'NONE', #655, 1000.000000000000000 ) ;
#633 = VECTOR ( 'NONE', #2797, 1000.000000000000114 ) ;
#634 = DIRECTION ( 'NONE',  ( 0.000000000000000000, -0.9961946980917459893, -0.08715574274765360008 ) ) ;
#635 = ORIENTED_EDGE ( 'NONE', *, *, #403, .T. ) ;
#636 = ORIENTED_EDGE ( 'NONE', *, *, #1467, .F. ) ;
#637 = ORIENTED_EDGE ( 'NONE', *, *, #143, .F. ) ;
#638 = FACE_OUTER_BOUND ( 'NONE', #166, .T. ) ;
#639 = DIRECTION ( 'NONE',  ( 0.000000000000000000, 0.08715574274764890939, -0.9961946980917463224 ) ) ;
#640 = ORIENTED_EDGE ( 'NONE', *, *, #142, .F. ) ;
#641 = DIRECTION ( 'NONE',  ( -1.000000000000000000, 0.000000000000000000, 0.000000000000000000 ) ) ;
#642 = CIRCLE ( 'NONE', #2303, 2.600000000000000089 ) ;
#643 = DIRECTION ( 'NONE',  ( -1.000000000000000000, -0.000000000000000000, -0.000000000000000000 ) ) ;
#644 = DIRECTION ( 'NONE',  ( 0.000000000000000000, 0.08715574274765611196, -0.9961946980917457672 ) ) ;
#645 = DIRECTION ( 'NONE',  ( 0.000000000000000000, 0.08715574274765638951, -0.9961946980917456562 ) ) ;
#646 = EDGE_LOOP ( 'NONE', ( #500, #1817, #1155, #1730 ) ) ;
#647 = VERTEX_POINT ( 'NONE', #2494 ) ;
#648 = CYLINDRICAL_SURFACE ( 'NONE', #2258, 1.449999999999999956 ) ;
#649 = ORIENTED_EDGE ( 'NONE', *, *, #1828, .T. ) ;
#650 = MECHANICAL_DESIGN_GEOMETRIC_PRESENTATION_REPRESENTATION (  '', ( #1274 ), #2213 ) ;
#651 = EDGE_CURVE ( 'NONE', #607, #1563, #689, .T. ) ;
#652 = EDGE_CURVE ( 'NONE', #734, #378, #2304, .T. ) ;
#653 = AXIS2_PLACEMENT_3D ( 'NONE', #789, #2818, #2159 ) ;
#654 = CYLINDRICAL_SURFACE ( 'NONE', #488, 2.000000000000000000 ) ;
#655 = DIRECTION ( 'NONE',  ( -1.000000000000000000, -0.000000000000000000, -0.000000000000000000 ) ) ;
#656 = EDGE_LOOP ( 'NONE', ( #2133, #614, #61, #34 ) ) ;
#657 = AXIS2_PLACEMENT_3D ( 'NONE', #2705, #672, #1142 ) ;
#658 = CARTESIAN_POINT ( 'NONE',  ( 5.310497218309119916, 43.95101729646281541, 17.39678357070749470 ) ) ;
#659 = CARTESIAN_POINT ( 'NONE',  ( 6.310497218309119027, 68.84324032832890339, 2.509633657717752264 ) ) ;
#660 = CARTESIAN_POINT ( 'NONE',  ( 26.66049721830912134, 35.56415072187533610, 3.111460016091334158 ) ) ;
#661 = ORIENTED_EDGE ( 'NONE', *, *, #2298, .T. ) ;
#662 = DIRECTION ( 'NONE',  ( 0.000000000000000000, 0.9961946980917464334, 0.08715574274764824325 ) ) ;
#663 = ADVANCED_FACE ( 'NONE', ( #464, #479 ), #2076, .F. ) ;
#664 = VERTEX_POINT ( 'NONE', #2242 ) ;
#665 = ADVANCED_FACE ( 'NONE', ( #1592 ), #2285, .F. ) ;
#666 = CARTESIAN_POINT ( 'NONE',  ( 26.66049721830912134, 0.1743114854953090598, -1.992389396183438688 ) ) ;
#667 = DIRECTION ( 'NONE',  ( 1.000000000000000000, -0.000000000000000000, 0.000000000000000000 ) ) ;
#668 = LINE ( 'NONE', #1573, #1763 ) ;
#669 = ADVANCED_FACE ( 'NONE', ( #1407 ), #1378, .T. ) ;
#670 = DIRECTION ( 'NONE',  ( -0.000000000000000000, -0.9961946980917456562, -0.08715574274765687524 ) ) ;
#671 = ORIENTED_EDGE ( 'NONE', *, *, #1770, .T. ) ;
#672 = DIRECTION ( 'NONE',  ( -1.000000000000000000, 0.000000000000000000, 0.000000000000000000 ) ) ;
#673 = VECTOR ( 'NONE', #667, 1000.000000000000000 ) ;
#674 = VECTOR ( 'NONE', #838, 1000.000000000000000 ) ;
#675 = DIRECTION ( 'NONE',  ( 1.000000000000000000, -0.000000000000000000, -0.000000000000000000 ) ) ;
#676 = VECTOR ( 'NONE', #1457, 1000.000000000000000 ) ;
#677 = DIRECTION ( 'NONE',  ( 0.000000000000000000, 0.000000000000000000, 1.000000000000000000 ) ) ;
#678 = DIRECTION ( 'NONE',  ( -0.000000000000000000, -0.9961946980917461003, -0.08715574274765178209 ) ) ;
#679 = ORIENTED_EDGE ( 'NONE', *, *, #854, .F. ) ;
#680 = VERTEX_POINT ( 'NONE', #255 ) ;
#681 = FACE_OUTER_BOUND ( 'NONE', #1091, .T. ) ;
#682 = AXIS2_PLACEMENT_3D ( 'NONE', #374, #1287, #1071 ) ;
#683 = EDGE_LOOP ( 'NONE', ( #2211, #2490, #291, #785 ) ) ;
#684 = CARTESIAN_POINT ( 'NONE',  ( 2.060497218309119916, 68.38872085065685269, 1.967958437298052532 ) ) ;
#685 = CARTESIAN_POINT ( 'NONE',  ( 2.360497218309119738, 38.47167541690922121, -7.174272828376576427 ) ) ;
#686 = EDGE_CURVE ( 'NONE', #1237, #2506, #515, .T. ) ;
#687 = DIRECTION ( 'NONE',  ( 0.000000000000000000, -0.08715574274765129636, 0.9961946980917461003 ) ) ;
#688 = ORIENTED_EDGE ( 'NONE', *, *, #2683, .F. ) ;
#689 = LINE ( 'NONE', #935, #1603 ) ;
#690 = CARTESIAN_POINT ( 'NONE',  ( 5.310497218309119916, 39.32476312050092560, 1.432831293799494476 ) ) ;
#691 = AXIS2_PLACEMENT_3D ( 'NONE', #1804, #2936, #1152 ) ;
#692 = EDGE_CURVE ( 'NONE', #2787, #2531, #2360, .T. ) ;
#693 = CARTESIAN_POINT ( 'NONE',  ( 14.42299721830911885, 68.35516816894208603, 8.088323967031278983 ) ) ;
#694 = CARTESIAN_POINT ( 'NONE',  ( 26.66049721830912134, 38.97614014951032146, 5.417610086166466665 ) ) ;
#695 = ORIENTED_EDGE ( 'NONE', *, *, #652, .F. ) ;
#696 = ORIENTED_EDGE ( 'NONE', *, *, #505, .F. ) ;
#697 = DIRECTION ( 'NONE',  ( 0.000000000000000000, 0.000000000000000000, 1.000000000000000000 ) ) ;
#698 = EDGE_LOOP ( 'NONE', ( #1338, #1614, #2651, #2087 ) ) ;
#699 = LINE ( 'NONE', #2297, #1543 ) ;
#700 = CARTESIAN_POINT ( 'NONE',  ( 26.36049721830912063, 66.39633145447336915, 1.793646951802739364 ) ) ;
#701 = VERTEX_POINT ( 'NONE', #2028 ) ;
#702 = AXIS2_PLACEMENT_3D ( 'NONE', #1150, #2036, #490 ) ;
#703 = FACE_OUTER_BOUND ( 'NONE', #2140, .T. ) ;
#704 = AXIS2_PLACEMENT_3D ( 'NONE', #2270, #225, #2009 ) ;
#705 = CYLINDRICAL_SURFACE ( 'NONE', #1856, 2.600000000000000089 ) ;
#706 = FACE_OUTER_BOUND ( 'NONE', #1821, .T. ) ;
#707 = CARTESIAN_POINT ( 'NONE',  ( 5.310497218309119916, 38.80182866401500519, 7.409999482349957312 ) ) ;
#708 = ADVANCED_FACE ( 'NONE', ( #703 ), #6, .T. ) ;
#709 = ORIENTED_EDGE ( 'NONE', *, *, #381, .T. ) ;
#710 = ORIENTED_EDGE ( 'NONE', *, *, #2832, .T. ) ;
#711 = FACE_OUTER_BOUND ( 'NONE', #1657, .T. ) ;
#712 = CYLINDRICAL_SURFACE ( 'NONE', #105, 2.000000000000000000 ) ;
#713 = ORIENTED_EDGE ( 'NONE', *, *, #103, .F. ) ;
#714 = CARTESIAN_POINT ( 'NONE',  ( 26.66049721830912134, 67.69147490867560180, 9.937516022032019336 ) ) ;
#715 = DIRECTION ( 'NONE',  ( 0.000000000000000000, 0.9961946980917461003, 0.08715574274765129636 ) ) ;
#716 = FACE_OUTER_BOUND ( 'NONE', #698, .T. ) ;
#717 = ORIENTED_EDGE ( 'NONE', *, *, #855, .F. ) ;
#718 = CARTESIAN_POINT ( 'NONE',  ( 23.41049721830912489, 38.29736393141389783, -5.181883432193085781 ) ) ;
#719 = CARTESIAN_POINT ( 'NONE',  ( 23.36049721830912063, 38.80182866401500519, 7.409999482349958200 ) ) ;
#720 = EDGE_CURVE ( 'NONE', #934, #2891, #2743, .T. ) ;
#721 = LINE ( 'NONE', #1176, #1279 ) ;
#722 = EDGE_CURVE ( 'NONE', #2540, #1123, #2061, .T. ) ;
#723 = EDGE_CURVE ( 'NONE', #2017, #1080, #1838, .T. ) ;
#724 = CARTESIAN_POINT ( 'NONE',  ( 22.73337287384138961, 38.47167541690922121, -7.174272828376576427 ) ) ;
#725 = AXIS2_PLACEMENT_3D ( 'NONE', #1536, #1076, #1962 ) ;
#726 = ORIENTED_EDGE ( 'NONE', *, *, #2676, .T. ) ;
#727 = EDGE_CURVE ( 'NONE', #2023, #203, #966, .T. ) ;
#728 = VECTOR ( 'NONE', #312, 1000.000000000000000 ) ;
#729 = CARTESIAN_POINT ( 'NONE',  ( 5.310497218309119916, 35.95025522073351709, 10.17197864548132813 ) ) ;
#730 = ORIENTED_EDGE ( 'NONE', *, *, #541, .T. ) ;
#731 = CARTESIAN_POINT ( 'NONE',  ( 5.310497218309119916, 34.42035572212171957, -0.4517875193092205643 ) ) ;
#732 = AXIS2_PLACEMENT_3D ( 'NONE', #1610, #941, #2513 ) ;
#733 = CARTESIAN_POINT ( 'NONE',  ( 5.310497218309119916, 40.27128360371258964, 13.56147915639577661 ) ) ;
#734 = VERTEX_POINT ( 'NONE', #1229 ) ;
#735 = DIRECTION ( 'NONE',  ( 0.000000000000000000, 0.000000000000000000, 1.000000000000000000 ) ) ;
#736 = EDGE_LOOP ( 'NONE', ( #1696, #649, #2557, #2296, #131 ) ) ;
#737 = FACE_OUTER_BOUND ( 'NONE', #2767, .T. ) ;
#738 = ORIENTED_EDGE ( 'NONE', *, *, #47, .T. ) ;
#739 = VERTEX_POINT ( 'NONE', #286 ) ;
#740 = AXIS2_PLACEMENT_3D ( 'NONE', #235, #1866, #1822 ) ;
#741 = LINE ( 'NONE', #2541, #1305 ) ;
#742 = DIRECTION ( 'NONE',  ( 0.000000000000000000, -0.08715574274765171270, 0.9961946980917461003 ) ) ;
#743 = ORIENTED_EDGE ( 'NONE', *, *, #142, .T. ) ;
#744 = DIRECTION ( 'NONE',  ( 0.000000000000000000, -0.9961946980917459893, -0.08715574274765262863 ) ) ;
#745 = CARTESIAN_POINT ( 'NONE',  ( 5.310497218308955603, 37.03156628976833531, -6.738219701162305064 ) ) ;
#746 = ORIENTED_EDGE ( 'NONE', *, *, #1006, .T. ) ;
#747 = EDGE_CURVE ( 'NONE', #2183, #518, #2794, .T. ) ;
#748 = CARTESIAN_POINT ( 'NONE',  ( 20.59799721830912134, 50.02753391477344991, -6.163266212503762276 ) ) ;
#749 = VERTEX_POINT ( 'NONE', #765 ) ;
#750 = AXIS2_PLACEMENT_3D ( 'NONE', #2861, #574, #528 ) ;
#751 = DIRECTION ( 'NONE',  ( 0.000000000000000000, -0.08715574274764824325, 0.9961946980917464334 ) ) ;
#752 = VECTOR ( 'NONE', #1859, 1000.000000000000114 ) ;
#753 = EDGE_LOOP ( 'NONE', ( #2601, #2035, #809, #2479, #997, #2322, #2493, #1400, #688, #1126, #473, #2922 ) ) ;
#754 = VECTOR ( 'NONE', #2619, 1000.000000000000114 ) ;
#755 = CARTESIAN_POINT ( 'NONE',  ( 20.59799721830912134, 71.94381727279183281, -4.245839872055153563 ) ) ;
#756 = ORIENTED_EDGE ( 'NONE', *, *, #722, .F. ) ;
#757 = DIRECTION ( 'NONE',  ( 0.000000000000000000, 0.9961946980917465444, 0.08715574274764824325 ) ) ;
#758 = ADVANCED_FACE ( 'NONE', ( #1447 ), #1478, .F. ) ;
#759 = PRODUCT_DEFINITION ( 'UNKNOWN', '', #1663, #906 ) ;
#760 = EDGE_CURVE ( 'NONE', #2672, #79, #1461, .T. ) ;
#761 = DIRECTION ( 'NONE',  ( -1.000000000000000000, 0.000000000000000000, 0.000000000000000000 ) ) ;
#762 = LINE ( 'NONE', #1656, #1115 ) ;
#763 = PRODUCT ( 'Enclosure', 'Enclosure', '', ( #2580 ) ) ;
#764 = VERTEX_POINT ( 'NONE', #2825 ) ;
#765 = CARTESIAN_POINT ( 'NONE',  ( 23.41049721830912489, 34.42035572212171957, 0.9982124806907780590 ) ) ;
#766 = ORIENTED_EDGE ( 'NONE', *, *, #416, .T. ) ;
#767 = CARTESIAN_POINT ( 'NONE',  ( 2.060497218309119916, 73.91764659840769980, 6.466956111875517443 ) ) ;
#768 = EDGE_LOOP ( 'NONE', ( #1611, #1757, #1923, #2445 ) ) ;
#769 = CARTESIAN_POINT ( 'NONE',  ( 2.360497218309119738, 68.88681819970273068, 2.011536308671881379 ) ) ;
#770 = AXIS2_PLACEMENT_3D ( 'NONE', #98, #591, #129 ) ;
#771 = CARTESIAN_POINT ( 'NONE',  ( 15.65746309435434114, 33.94535692414699213, 4.977473585290876024 ) ) ;
#772 = ORIENTED_EDGE ( 'NONE', *, *, #254, .T. ) ;
#773 = VECTOR ( 'NONE', #33, 1000.000000000000000 ) ;
#774 = VECTOR ( 'NONE', #2834, 1000.000000000000114 ) ;
#775 = LINE ( 'NONE', #1670, #676 ) ;
#776 = CARTESIAN_POINT ( 'NONE',  ( 2.060497218309120360, 34.42035572212171957, -0.4517875193092205643 ) ) ;
#777 = CARTESIAN_POINT ( 'NONE',  ( 5.363763048462756089, 37.42837273649939078, -6.990079520771129928 ) ) ;
#778 = ORIENTED_EDGE ( 'NONE', *, *, #451, .T. ) ;
#779 = EDGE_LOOP ( 'NONE', ( #1324, #1062, #576, #2432 ) ) ;
#780 = AXIS2_PLACEMENT_3D ( 'NONE', #700, #1794, #670 ) ;
#781 = EDGE_CURVE ( 'NONE', #1099, #680, #2332, .T. ) ;
#782 = DIRECTION ( 'NONE',  ( 1.000000000000000000, 0.000000000000000000, -0.000000000000000000 ) ) ;
#783 = CARTESIAN_POINT ( 'NONE',  ( 22.90801181340004433, 38.29736393141389783, -7.181883432193085781 ) ) ;
#784 = VECTOR ( 'NONE', #761, 1000.000000000000000 ) ;
#785 = ORIENTED_EDGE ( 'NONE', *, *, #2000, .F. ) ;
#786 = DIRECTION ( 'NONE',  ( 0.000000000000000000, -0.9961946980917457672, -0.08715574274765630625 ) ) ;
#787 = ORIENTED_EDGE ( 'NONE', *, *, #356, .T. ) ;
#788 = DIRECTION ( 'NONE',  ( -1.000000000000000000, 0.000000000000000000, 0.000000000000000000 ) ) ;
#789 = CARTESIAN_POINT ( 'NONE',  ( 22.41049721830912134, 67.54200053062038478, 5.909159358291031339 ) ) ;
#790 = VERTEX_POINT ( 'NONE', #107 ) ;
#791 = CARTESIAN_POINT ( 'NONE',  ( 26.36049721830912063, 39.32476312050092560, -0.5671687062005050795 ) ) ;
#792 = VECTOR ( 'NONE', #782, 1000.000000000000000 ) ;
#793 = CARTESIAN_POINT ( 'NONE',  ( 5.310497218309119916, 67.89062350161098891, 1.924380565924224573 ) ) ;
#794 = DIRECTION ( 'NONE',  ( 0.000000000000000000, 0.000000000000000000, -1.000000000000000000 ) ) ;
#795 = DIRECTION ( 'NONE',  ( 0.000000000000000000, -0.9961946980917456562, -0.08715574274765687524 ) ) ;
#796 = CARTESIAN_POINT ( 'NONE',  ( 2.360497218309119738, 50.40754207012539467, 12.44064718768885847 ) ) ;
#797 = LINE ( 'NONE', #2842, #2766 ) ;
#798 = VERTEX_POINT ( 'NONE', #1882 ) ;
#799 = CARTESIAN_POINT ( 'NONE',  ( 5.310497218309119916, 50.23323058463008550, 14.43303658387234911 ) ) ;
#800 = EDGE_CURVE ( 'NONE', #1612, #1272, #2021, .T. ) ;
#801 = AXIS2_PLACEMENT_3D ( 'NONE', #2264, #2097, #742 ) ;
#802 = EDGE_LOOP ( 'NONE', ( #2310, #2431, #279, #2815 ) ) ;
#803 = FACE_OUTER_BOUND ( 'NONE', #2568, .T. ) ;
#804 = VECTOR ( 'NONE', #913, 1000.000000000000000 ) ;
#805 = EDGE_CURVE ( 'NONE', #459, #378, #2345, .T. ) ;
#806 = DIRECTION ( 'NONE',  ( 1.000000000000000000, 0.000000000000000000, 0.000000000000000000 ) ) ;
#807 = VECTOR ( 'NONE', #1725, 999.9999999999998863 ) ;
#808 = ORIENTED_EDGE ( 'NONE', *, *, #1951, .F. ) ;
#809 = ORIENTED_EDGE ( 'NONE', *, *, #54, .T. ) ;
#810 = DIRECTION ( 'NONE',  ( 1.000000000000000000, -0.000000000000000000, -0.000000000000000000 ) ) ;
#811 = CARTESIAN_POINT ( 'NONE',  ( 23.36049721830912063, 37.33237372431743495, 1.258519808304191523 ) ) ;
#812 = DIRECTION ( 'NONE',  ( 0.000000000000000000, 0.000000000000000000, -1.000000000000000000 ) ) ;
#813 = ORIENTED_EDGE ( 'NONE', *, *, #886, .T. ) ;
#814 = CIRCLE ( 'NONE', #2078, 2.000000000000000000 ) ;
#815 = LINE ( 'NONE', #1518, #2863 ) ;
#816 = ORIENTED_EDGE ( 'NONE', *, *, #2001, .T. ) ;
#817 = CARTESIAN_POINT ( 'NONE',  ( 2.060497218309119916, 31.47984280638213406, 10.78468807548338226 ) ) ;
#818 = ORIENTED_EDGE ( 'NONE', *, *, #1101, .F. ) ;
#819 = EDGE_CURVE ( 'NONE', #1947, #1283, #1198, .T. ) ;
#820 = ADVANCED_FACE ( 'NONE', ( #1005 ), #66, .F. ) ;
#821 = DIRECTION ( 'NONE',  ( 0.000000000000000000, 0.9961946980917456562, 0.08715574274765716667 ) ) ;
#822 = ORIENTED_EDGE ( 'NONE', *, *, #1260, .T. ) ;
#823 = ORIENTED_EDGE ( 'NONE', *, *, #827, .T. ) ;
#824 = CARTESIAN_POINT ( 'NONE',  ( 26.66049721830912134, 39.49907460599624187, -0.5595581023839957258 ) ) ;
#825 = CARTESIAN_POINT ( 'NONE',  ( 5.310497218309119916, 35.86483803435474726, -0.3254116923251197946 ) ) ;
#826 = CIRCLE ( 'NONE', #2618, 2.000000000000000000 ) ;
#827 = EDGE_CURVE ( 'NONE', #231, #2811, #2316, .T. ) ;
#828 = PLANE ( 'NONE',  #682 ) ;
#829 = VERTEX_POINT ( 'NONE', #508 ) ;
#830 = CYLINDRICAL_SURFACE ( 'NONE', #1297, 2.000000000000000000 ) ;
#831 = VECTOR ( 'NONE', #2844, 999.9999999999998863 ) ;
#832 = AXIS2_PLACEMENT_3D ( 'NONE', #252, #2762, #947 ) ;
#833 = ORIENTED_EDGE ( 'NONE', *, *, #2901, .F. ) ;
#834 = CARTESIAN_POINT ( 'NONE',  ( 2.060497218309118583, 50.23323058463008550, 14.43303658387234911 ) ) ;
#835 = ORIENTED_EDGE ( 'NONE', *, *, #2696, .F. ) ;
#836 = ORIENTED_EDGE ( 'NONE', *, *, #2548, .T. ) ;
#837 = DIRECTION ( 'NONE',  ( 0.000000000000000000, 0.08715574274765501561, -0.9961946980917458783 ) ) ;
#838 = DIRECTION ( 'NONE',  ( 1.000000000000000000, 0.000000000000000000, 0.000000000000000000 ) ) ;
#839 = DIRECTION ( 'NONE',  ( 0.000000000000000000, -0.08715574274765246210, 0.9961946980917461003 ) ) ;
#840 = VECTOR ( 'NONE', #1443, 1000.000000000000000 ) ;
#841 = ADVANCED_FACE ( 'NONE', ( #1690 ), #2119, .F. ) ;
#842 = LINE ( 'NONE', #2688, #205 ) ;
#843 = ORIENTED_EDGE ( 'NONE', *, *, #53, .F. ) ;
#844 = DIRECTION ( 'NONE',  ( 3.469446951953623261E-15, 0.9961946980917456562, 0.08715574274765723606 ) ) ;
#845 = CARTESIAN_POINT ( 'NONE',  ( 22.99890576996322622, 38.19429676114530281, -7.181883432193130190 ) ) ;
#846 = CARTESIAN_POINT ( 'NONE',  ( 26.66049721830912134, 30.99411883771481158, 3.715453871818774179 ) ) ;
#847 = LINE ( 'NONE', #1744, #2166 ) ;
#848 = ORIENTED_EDGE ( 'NONE', *, *, #1769, .T. ) ;
#849 = ORIENTED_EDGE ( 'NONE', *, *, #1218, .T. ) ;
#850 = CIRCLE ( 'NONE', #1282, 1.650000000000000355 ) ;
#851 = PRESENTATION_STYLE_ASSIGNMENT (( #1301 ) ) ;
#852 = DIRECTION ( 'NONE',  ( 1.000000000000000000, 0.000000000000000000, 0.000000000000000000 ) ) ;
#853 = PLANE ( 'NONE',  #2665 ) ;
#854 = EDGE_CURVE ( 'NONE', #2588, #1766, #1896, .T. ) ;
#855 = EDGE_CURVE ( 'NONE', #680, #68, #2041, .T. ) ;
#856 = EDGE_CURVE ( 'NONE', #1148, #118, #2005, .T. ) ;
#857 = CARTESIAN_POINT ( 'NONE',  ( 22.73337287384138961, 38.47167541690922121, -7.174272828376576427 ) ) ;
#858 = EDGE_LOOP ( 'NONE', ( #1317, #299, #2117, #1010, #1509, #218, #237, #2003, #1994 ) ) ;
#859 = CARTESIAN_POINT ( 'NONE',  ( 26.66049721830912134, 0.9151352988503812513, -10.46004432996321754 ) ) ;
#860 = CARTESIAN_POINT ( 'NONE',  ( 23.41049721830912489, 39.32476312050092560, -0.5671687062005050795 ) ) ;
#861 = FACE_BOUND ( 'NONE', #2586, .T. ) ;
#862 = LINE ( 'NONE', #2876, #513 ) ;
#863 = VERTEX_POINT ( 'NONE', #2266 ) ;
#864 = VERTEX_POINT ( 'NONE', #219 ) ;
#865 = CARTESIAN_POINT ( 'NONE',  ( 26.66049721830912134, 37.15806223882215420, 3.250909204487420823 ) ) ;
#866 = EDGE_LOOP ( 'NONE', ( #2348, #1293 ) ) ;
#867 = CARTESIAN_POINT ( 'NONE',  ( 5.360497218309119738, 36.98375075332683082, 5.243298600671164600 ) ) ;
#868 = ORIENTED_EDGE ( 'NONE', *, *, #70, .F. ) ;
#869 = DIRECTION ( 'NONE',  ( 0.000000000000000000, 0.000000000000000000, -1.000000000000000000 ) ) ;
#870 = AXIS2_PLACEMENT_3D ( 'NONE', #1028, #2092, #410 ) ;
#871 = DIRECTION ( 'NONE',  ( 1.000000000000000000, -0.000000000000000000, -0.000000000000000000 ) ) ;
#872 = ORIENTED_EDGE ( 'NONE', *, *, #450, .T. ) ;
#873 = AXIS2_PLACEMENT_3D ( 'NONE', #1124, #3, #2006 ) ;
#874 = CARTESIAN_POINT ( 'NONE',  ( 13.94799721830912098, 52.19423479645220709, -7.981344123191947304 ) ) ;
#875 = CIRCLE ( 'NONE', #394, 0.5000000000000000000 ) ;
#876 = CARTESIAN_POINT ( 'NONE',  ( 20.59799721830912134, 70.87311125238002774, 13.72924256496993856 ) ) ;
#877 = CARTESIAN_POINT ( 'NONE',  ( 6.310497218309119027, 68.28282434397543454, -2.558495575488734630 ) ) ;
#878 = VECTOR ( 'NONE', #2741, 1000.000000000000114 ) ;
#879 = DIRECTION ( 'NONE',  ( -1.000000000000000000, -0.000000000000000000, -0.000000000000000000 ) ) ;
#880 = ORIENTED_EDGE ( 'NONE', *, *, #1552, .F. ) ;
#881 = VERTEX_POINT ( 'NONE', #1615 ) ;
#882 = CARTESIAN_POINT ( 'NONE',  ( 21.41049721830912489, 38.79546128045976872, -5.138305560819258488 ) ) ;
#883 = ORIENTED_EDGE ( 'NONE', *, *, #453, .F. ) ;
#884 = LINE ( 'NONE', #1765, #1356 ) ;
#885 = VERTEX_POINT ( 'NONE', #2777 ) ;
#886 = EDGE_CURVE ( 'NONE', #2378, #2672, #2584, .T. ) ;
#887 = CARTESIAN_POINT ( 'NONE',  ( 5.310497218309119916, 33.94535692414699923, 4.977473585290877800 ) ) ;
#888 = AXIS2_PLACEMENT_3D ( 'NONE', #2070, #2546, #744 ) ;
#889 = FACE_OUTER_BOUND ( 'NONE', #1949, .T. ) ;
#890 = FACE_OUTER_BOUND ( 'NONE', #155, .T. ) ;
#891 = EDGE_CURVE ( 'NONE', #1231, #197, #2278, .T. ) ;
#892 = EDGE_CURVE ( 'NONE', #1060, #701, #2441, .T. ) ;
#893 = EDGE_CURVE ( 'NONE', #2183, #2540, #1682, .T. ) ;
#894 = DIRECTION ( 'NONE',  ( 0.000000000000000000, -0.9961946980917459893, -0.08715574274765262863 ) ) ;
#895 = VERTEX_POINT ( 'NONE', #714 ) ;
#896 = EDGE_CURVE ( 'NONE', #2750, #1194, #1182, .T. ) ;
#897 = PLANE ( 'NONE',  #899 ) ;
#898 = VERTEX_POINT ( 'NONE', #504 ) ;
#899 = AXIS2_PLACEMENT_3D ( 'NONE', #1584, #662, #2474 ) ;
#900 = LINE ( 'NONE', #666, #10 ) ;
#901 = AXIS2_PLACEMENT_3D ( 'NONE', #1974, #2217, #1103 ) ;
#902 = CARTESIAN_POINT ( 'NONE',  ( 5.310497218309119916, 66.39633145447336915, 1.793646951802738920 ) ) ;
#903 = EDGE_LOOP ( 'NONE', ( #449, #2205, #766, #2857, #710, #334, #526, #982 ) ) ;
#904 = VECTOR ( 'NONE', #1421, 1000.000000000000000 ) ;
#905 = CARTESIAN_POINT ( 'NONE',  ( 18.33066118493420404, 43.95101729646281541, 17.39678357070749470 ) ) ;
#906 = PRODUCT_DEFINITION_CONTEXT ( 'detailed design', #2178, 'design' ) ;
#907 = CARTESIAN_POINT ( 'NONE',  ( 23.41049721830912489, 36.98375075332683082, 5.243298600671163712 ) ) ;
#908 = DIRECTION ( 'NONE',  ( 0.000000000000000000, -0.08715574274765698626, 0.9961946980917456562 ) ) ;
#909 = CARTESIAN_POINT ( 'NONE',  ( 23.41049721830912489, 34.42035572212171957, -0.4517875193092218411 ) ) ;
#910 = ORIENTED_EDGE ( 'NONE', *, *, #2657, .T. ) ;
#911 = ADVANCED_FACE ( 'NONE', ( #915 ), #519, .T. ) ;
#912 = VERTEX_POINT ( 'NONE', #684 ) ;
#913 = DIRECTION ( 'NONE',  ( -1.000000000000000000, -0.000000000000000000, -0.000000000000000000 ) ) ;
#914 = ORIENTED_EDGE ( 'NONE', *, *, #243, .F. ) ;
#915 = FACE_OUTER_BOUND ( 'NONE', #2742, .T. ) ;
#916 = LINE ( 'NONE', #2718, #2855 ) ;
#917 = LINE ( 'NONE', #1810, #67 ) ;
#918 = ORIENTED_EDGE ( 'NONE', *, *, #1433, .F. ) ;
#919 = ADVANCED_FACE ( 'NONE', ( #460 ), #17, .T. ) ;
#920 = CARTESIAN_POINT ( 'NONE',  ( 19.01049721830912276, 52.01992331095689792, -5.988954727008456658 ) ) ;
#921 = AXIS2_PLACEMENT_3D ( 'NONE', #1773, #2227, #1567 ) ;
#922 =( GEOMETRIC_REPRESENTATION_CONTEXT ( 3 ) GLOBAL_UNCERTAINTY_ASSIGNED_CONTEXT ( ( #1379 ) ) GLOBAL_UNIT_ASSIGNED_CONTEXT ( ( #2419, #1020, #1082 ) ) REPRESENTATION_CONTEXT ( 'NONE', 'WORKASPACE' ) );
#923 = CIRCLE ( 'NONE', #2281, 0.9999999999999991118 ) ;
#924 = CARTESIAN_POINT ( 'NONE',  ( 15.65746309435434114, 38.29736393141389783, -5.181883432193085781 ) ) ;
#925 = VECTOR ( 'NONE', #2552, 1000.000000000000000 ) ;
#926 = DIRECTION ( 'NONE',  ( 0.000000000000000000, 0.000000000000000000, -1.000000000000000000 ) ) ;
#927 = ORIENTED_EDGE ( 'NONE', *, *, #2336, .T. ) ;
#928 = ORIENTED_EDGE ( 'NONE', *, *, #1754, .T. ) ;
#929 = DIRECTION ( 'NONE',  ( 0.000000000000000000, 0.9961946980917456562, 0.08715574274765618135 ) ) ;
#930 = CIRCLE ( 'NONE', #732, 2.000000000000000000 ) ;
#931 = ORIENTED_EDGE ( 'NONE', *, *, #628, .T. ) ;
#932 = CARTESIAN_POINT ( 'NONE',  ( 5.310497218309119916, 31.16843032321013141, 1.723064475635200710 ) ) ;
#933 = CARTESIAN_POINT ( 'NONE',  ( 23.41049721830912489, 68.28282434397546297, -2.558495575488627605 ) ) ;
#934 = VERTEX_POINT ( 'NONE', #932 ) ;
#935 = CARTESIAN_POINT ( 'NONE',  ( 23.36049721830912063, 68.23315012909530708, 9.482996544359973967 ) ) ;
#936 = EDGE_CURVE ( 'NONE', #459, #1162, #2056, .T. ) ;
#937 = CARTESIAN_POINT ( 'NONE',  ( -1.587499999999999911, 70.80460592688321242, 12.21751936928279392 ) ) ;
#938 = CYLINDRICAL_SURFACE ( 'NONE', #2039, 1.450000000000000844 ) ;
#939 = CIRCLE ( 'NONE', #1408, 2.099999999999893063 ) ;
#940 = PLANE ( 'NONE',  #2714 ) ;
#941 = DIRECTION ( 'NONE',  ( 1.000000000000000000, 0.000000000000000000, 0.000000000000000000 ) ) ;
#942 = ORIENTED_EDGE ( 'NONE', *, *, #183, .T. ) ;
#943 = ORIENTED_EDGE ( 'NONE', *, *, #886, .F. ) ;
#944 = CARTESIAN_POINT ( 'NONE',  ( 26.66049721830912134, 37.33237372431743495, 1.258519808304191523 ) ) ;
#945 = ORIENTED_EDGE ( 'NONE', *, *, #1334, .T. ) ;
#946 = CARTESIAN_POINT ( 'NONE',  ( 5.522100722075848012, 67.81404606622791675, 9.939418672986150227 ) ) ;
#947 = DIRECTION ( 'NONE',  ( 0.000000000000000000, -0.08715574274765194862, 0.9961946980917459893 ) ) ;
#948 = EDGE_LOOP ( 'NONE', ( #1169, #41, #389, #1377, #2711, #2160 ) ) ;
#949 = EDGE_CURVE ( 'NONE', #2307, #2539, #699, .T. ) ;
#950 = EDGE_CURVE ( 'NONE', #1123, #1713, #1220, .T. ) ;
#951 = AXIS2_PLACEMENT_3D ( 'NONE', #2309, #2757, #697 ) ;
#952 = EDGE_CURVE ( 'NONE', #1939, #1399, #2158, .T. ) ;
#953 = CARTESIAN_POINT ( 'NONE',  ( 9.533169552247086287, 30.99411883771481513, 3.715453871818774623 ) ) ;
#954 = CIRCLE ( 'NONE', #2841, 2.000000000000000000 ) ;
#955 = CARTESIAN_POINT ( 'NONE',  ( 23.27652262209356593, 67.69147490867560180, 9.937516022032019336 ) ) ;
#956 = EDGE_CURVE ( 'NONE', #2126, #2503, #123, .T. ) ;
#957 = DIRECTION ( 'NONE',  ( 0.000000000000000000, 0.9961946980917456562, 0.08715574274765638951 ) ) ;
#958 = DIRECTION ( 'NONE',  ( -1.000000000000000000, 0.000000000000000000, 0.000000000000000000 ) ) ;
#959 = ORIENTED_EDGE ( 'NONE', *, *, #144, .T. ) ;
#960 = EDGE_LOOP ( 'NONE', ( #843, #232, #2890, #2019 ) ) ;
#961 = DIRECTION ( 'NONE',  ( 0.000000000000000000, 0.000000000000000000, -1.000000000000000000 ) ) ;
#962 = ORIENTED_EDGE ( 'NONE', *, *, #1890, .T. ) ;
#963 = CARTESIAN_POINT ( 'NONE',  ( 23.41049721830912489, 31.99031353580656400, 3.802609614566432317 ) ) ;
#964 = PLANE ( 'NONE',  #832 ) ;
#965 = VERTEX_POINT ( 'NONE', #2760 ) ;
#966 = LINE ( 'NONE', #2553, #2169 ) ;
#967 = ORIENTED_EDGE ( 'NONE', *, *, #2300, .T. ) ;
#968 = CARTESIAN_POINT ( 'NONE',  ( 6.310497218309119027, 67.89062350161098891, 1.924380565924225905 ) ) ;
#969 = VECTOR ( 'NONE', #2010, 1000.000000000000114 ) ;
#970 = ORIENTED_EDGE ( 'NONE', *, *, #893, .F. ) ;
#971 = EDGE_LOOP ( 'NONE', ( #605, #1345, #215, #2669 ) ) ;
#972 = CIRCLE ( 'NONE', #2284, 1.449999999999999956 ) ;
#973 = FACE_OUTER_BOUND ( 'NONE', #2283, .T. ) ;
#974 = ORIENTED_EDGE ( 'NONE', *, *, #2000, .T. ) ;
#975 = DIRECTION ( 'NONE',  ( -1.000000000000000000, 0.000000000000000000, 0.000000000000000000 ) ) ;
#976 = AXIS2_PLACEMENT_3D ( 'NONE', #110, #2421, #2870 ) ;
#977 = CARTESIAN_POINT ( 'NONE',  ( 5.512053611338899373, 37.85349191365294530, -7.137589679742431414 ) ) ;
#978 = DIRECTION ( 'NONE',  ( -1.000000000000000000, 0.000000000000000000, -0.000000000000000000 ) ) ;
#979 = DIRECTION ( 'NONE',  ( 0.000000000000000000, -0.9961946980917456562, -0.08715574274765666707 ) ) ;
#980 = ORIENTED_EDGE ( 'NONE', *, *, #2550, .T. ) ;
#981 = LINE ( 'NONE', #1694, #1104 ) ;
#982 = ORIENTED_EDGE ( 'NONE', *, *, #103, .T. ) ;
#983 = EDGE_CURVE ( 'NONE', #1025, #1530, #174, .T. ) ;
#984 = ADVANCED_FACE ( 'NONE', ( #1414, #2312 ), #280, .T. ) ;
#985 = EDGE_CURVE ( 'NONE', #1795, #2531, #1753, .T. ) ;
#986 = DIRECTION ( 'NONE',  ( 0.000000000000000000, 0.000000000000000000, 1.000000000000000000 ) ) ;
#987 = VERTEX_POINT ( 'NONE', #2789 ) ;
#988 = CARTESIAN_POINT ( 'NONE',  ( 2.060497218309120360, 33.81898109716289724, 6.421955897523908163 ) ) ;
#989 = EDGE_CURVE ( 'NONE', #798, #2755, #1589, .T. ) ;
#990 = DIRECTION ( 'NONE',  ( 0.000000000000000000, -0.9961946980917457672, -0.08715574274765611196 ) ) ;
#991 = EDGE_LOOP ( 'NONE', ( #1652, #2466, #2250, #1525 ) ) ;
#992 = DIRECTION ( 'NONE',  ( 0.000000000000000000, -0.08715574274765193474, 0.9961946980917459893 ) ) ;
#993 = VERTEX_POINT ( 'NONE', #1687 ) ;
#994 = AXIS2_PLACEMENT_3D ( 'NONE', #1065, #352, #608 ) ;
#995 = CARTESIAN_POINT ( 'NONE',  ( 22.95837837672692316, 68.71715870780298019, 2.126118451154797473 ) ) ;
#996 = VECTOR ( 'NONE', #1236, 1000.000000000000000 ) ;
#997 = ORIENTED_EDGE ( 'NONE', *, *, #2571, .T. ) ;
#998 = CYLINDRICAL_SURFACE ( 'NONE', #132, 2.000000000000000000 ) ;
#999 = VERTEX_POINT ( 'NONE', #74 ) ;
#1001 = EDGE_CURVE ( 'NONE', #1640, #2106, #939, .T. ) ;
#1000 = CARTESIAN_POINT ( 'NONE',  ( 23.41049721830912489, 37.01819134327510596, -6.725487194145921777 ) ) ;
#1002 = CARTESIAN_POINT ( 'NONE',  ( 19.03174405331234098, 31.16843032321013141, 1.723064475635200488 ) ) ;
#1003 = LINE ( 'NONE', #2058, #390 ) ;
#1004 = CARTESIAN_POINT ( 'NONE',  ( 26.66049721830912134, 68.34514297928302540, 2.466055786343924972 ) ) ;
#1005 = FACE_OUTER_BOUND ( 'NONE', #2393, .T. ) ;
#1006 = EDGE_CURVE ( 'NONE', #2307, #739, #2326, .T. ) ;
#1007 = DIRECTION ( 'NONE',  ( -1.000000000000000000, -0.000000000000000000, -0.000000000000000000 ) ) ;
#1008 = ORIENTED_EDGE ( 'NONE', *, *, #1951, .T. ) ;
#1009 = CARTESIAN_POINT ( 'NONE',  ( 5.310497218309119916, 43.95101729646281541, 19.04678357070749328 ) ) ;
#1010 = ORIENTED_EDGE ( 'NONE', *, *, #1861, .T. ) ;
#1011 = DIRECTION ( 'NONE',  ( 1.000000000000000000, -0.000000000000000000, -0.000000000000000000 ) ) ;
#1012 = LINE ( 'NONE', #2590, #391 ) ;
#1013 = AXIS2_PLACEMENT_3D ( 'NONE', #2327, #2476, #2057 ) ;
#1014 = FACE_OUTER_BOUND ( 'NONE', #2190, .T. ) ;
#1015 = ORIENTED_EDGE ( 'NONE', *, *, #214, .F. ) ;
#1016 = CARTESIAN_POINT ( 'NONE',  ( 14.42299721830911885, 73.91764659840764295, 6.466956111876045021 ) ) ;
#1017 = CIRCLE ( 'NONE', #297, 1.449999999999999956 ) ;
#1018 = AXIS2_PLACEMENT_3D ( 'NONE', #1460, #2315, #1880 ) ;
#1019 = DIRECTION ( 'NONE',  ( 0.000000000000000000, 0.000000000000000000, -1.000000000000000000 ) ) ;
#1020 =( NAMED_UNIT ( * ) PLANE_ANGLE_UNIT ( ) SI_UNIT ( $, .RADIAN. ) );
#1021 = DIRECTION ( 'NONE',  ( 0.000000000000000000, 0.000000000000000000, -1.000000000000000000 ) ) ;
#1022 = AXIS2_PLACEMENT_3D ( 'NONE', #2585, #2931, #926 ) ;
#1023 = CARTESIAN_POINT ( 'NONE',  ( 6.310497218309119027, 68.88681819970273068, 2.011536308671880935 ) ) ;
#1024 = LINE ( 'NONE', #2600, #164 ) ;
#1025 = VERTEX_POINT ( 'NONE', #395 ) ;
#1026 = EDGE_CURVE ( 'NONE', #1147, #2925, #2201, .T. ) ;
#1027 = CARTESIAN_POINT ( 'NONE',  ( 12.36049721830912063, 35.95025522073351709, 10.17197864548132813 ) ) ;
#1028 = CARTESIAN_POINT ( 'NONE',  ( 15.65746309435434114, -0.1743114854953251303, 1.992389396183614325 ) ) ;
#1029 = ORIENTED_EDGE ( 'NONE', *, *, #1257, .T. ) ;
#1030 = PLANE ( 'NONE',  #2139 ) ;
#1031 = LINE ( 'NONE', #1277, #774 ) ;
#1032 = DIRECTION ( 'NONE',  ( 0.000000000000000000, 0.000000000000000000, -1.000000000000000000 ) ) ;
#1033 = DIRECTION ( 'NONE',  ( 1.000000000000000000, -0.000000000000000000, 0.000000000000000000 ) ) ;
#1034 = ORIENTED_EDGE ( 'NONE', *, *, #1624, .F. ) ;
#1035 = DIRECTION ( 'NONE',  ( 0.000000000000000000, 0.9961946980917458783, 0.08715574274765529317 ) ) ;
#1036 = CARTESIAN_POINT ( 'NONE',  ( 23.36049721830912063, 68.38872085065685269, 1.967958437298052532 ) ) ;
#1037 = ORIENTED_EDGE ( 'NONE', *, *, #1047, .T. ) ;
#1038 = AXIS2_PLACEMENT_3D ( 'NONE', #690, #2243, #22 ) ;
#1039 = DIRECTION ( 'NONE',  ( 0.000000000000000000, 0.000000000000000000, 1.000000000000000000 ) ) ;
#1040 = DIRECTION ( 'NONE',  ( -1.000000000000000000, 0.000000000000000000, 0.000000000000000000 ) ) ;
#1041 = DIRECTION ( 'NONE',  ( 1.000000000000000000, 0.000000000000000000, 0.000000000000000000 ) ) ;
#1042 = LINE ( 'NONE', #2179, #302 ) ;
#1043 = ORIENTED_EDGE ( 'NONE', *, *, #1715, .F. ) ;
#1044 = ADVANCED_FACE ( 'NONE', ( #309 ), #1312, .F. ) ;
#1045 = CARTESIAN_POINT ( 'NONE',  ( 22.57136235431458715, 68.85315415893929014, 2.396318055320354024 ) ) ;
#1046 = VECTOR ( 'NONE', #2786, 1000.000000000000000 ) ;
#1047 = EDGE_CURVE ( 'NONE', #1078, #1402, #2426, .T. ) ;
#1048 = ORIENTED_EDGE ( 'NONE', *, *, #2413, .F. ) ;
#1049 = AXIS2_PLACEMENT_3D ( 'NONE', #2889, #1756, #894 ) ;
#1050 = DIRECTION ( 'NONE',  ( -1.000000000000000000, 0.000000000000000000, 0.000000000000000000 ) ) ;
#1051 = AXIS2_PLACEMENT_3D ( 'NONE', #718, #2525, #270 ) ;
#1052 = EDGE_CURVE ( 'NONE', #2588, #1080, #2578, .T. ) ;
#1053 = ORIENTED_EDGE ( 'NONE', *, *, #524, .F. ) ;
#1054 = ORIENTED_EDGE ( 'NONE', *, *, #2255, .T. ) ;
#1055 = CARTESIAN_POINT ( 'NONE',  ( 2.360497218309119738, 38.97614014951032146, 5.417610086166467553 ) ) ;
#1056 = DIRECTION ( 'NONE',  ( 0.000000000000000000, -0.08715574274765514051, 0.9961946980917457672 ) ) ;
#1057 = FACE_BOUND ( 'NONE', #2829, .T. ) ;
#1058 = ORIENTED_EDGE ( 'NONE', *, *, #1890, .F. ) ;
#1059 = FACE_OUTER_BOUND ( 'NONE', #598, .T. ) ;
#1060 = VERTEX_POINT ( 'NONE', #1253 ) ;
#1061 = CARTESIAN_POINT ( 'NONE',  ( 19.03174405331234098, 30.99411883771481158, 3.715453871818774179 ) ) ;
#1062 = ORIENTED_EDGE ( 'NONE', *, *, #983, .F. ) ;
#1063 = CIRCLE ( 'NONE', #2379, 1.000000000000000000 ) ;
#1064 = ADVANCED_FACE ( 'NONE', ( #1669 ), #1972, .T. ) ;
#1065 = CARTESIAN_POINT ( 'NONE',  ( 20.59799721830912134, 58.43287021324564989, -10.44699376098125398 ) ) ;
#1066 = CYLINDRICAL_SURFACE ( 'NONE', #245, 2.000000000000000000 ) ;
#1067 = AXIS2_PLACEMENT_3D ( 'NONE', #1476, #1040, #2148 ) ;
#1068 = CARTESIAN_POINT ( 'NONE',  ( 23.41049721830912489, 0.1743114854953090598, -1.992389396183438688 ) ) ;
#1069 = VECTOR ( 'NONE', #1499, 1000.000000000000114 ) ;
#1070 = AXIS2_PLACEMENT_3D ( 'NONE', #2318, #1609, #1579 ) ;
#1071 = DIRECTION ( 'NONE',  ( 0.000000000000000000, 0.000000000000000000, 1.000000000000000000 ) ) ;
#1072 = ORIENTED_EDGE ( 'NONE', *, *, #2163, .T. ) ;
#1073 = CARTESIAN_POINT ( 'NONE',  ( 20.59799721830912134, 63.97425968805787733, -4.943085814036570547 ) ) ;
#1074 = VECTOR ( 'NONE', #1323, 1000.000000000000000 ) ;
#1075 = ORIENTED_EDGE ( 'NONE', *, *, #2356, .T. ) ;
#1076 = DIRECTION ( 'NONE',  ( -1.000000000000000000, 0.000000000000000000, 0.000000000000000000 ) ) ;
#1077 = CARTESIAN_POINT ( 'NONE',  ( 5.310497218309119916, 31.90315779305891297, 4.798804312658179860 ) ) ;
#1078 = VERTEX_POINT ( 'NONE', #860 ) ;
#1079 = EDGE_CURVE ( 'NONE', #1758, #2544, #409, .T. ) ;
#1080 = VERTEX_POINT ( 'NONE', #2145 ) ;
#1081 = FACE_OUTER_BOUND ( 'NONE', #1439, .T. ) ;
#1082 =( NAMED_UNIT ( * ) SI_UNIT ( $, .STERADIAN. ) SOLID_ANGLE_UNIT ( ) );
#1083 = CARTESIAN_POINT ( 'NONE',  ( 23.41049721830912489, 32.25178076404954197, 0.8140255202911130805 ) ) ;
#1084 = AXIS2_PLACEMENT_3D ( 'NONE', #1195, #2085, #1877 ) ;
#1085 = DIRECTION ( 'NONE',  ( -1.000000000000000000, -0.000000000000000000, -0.000000000000000000 ) ) ;
#1086 = ORIENTED_EDGE ( 'NONE', *, *, #1255, .F. ) ;
#1087 = CARTESIAN_POINT ( 'NONE',  ( 31.57820022431283391, 58.43287021324564989, -8.796993760981253629 ) ) ;
#1088 = CARTESIAN_POINT ( 'NONE',  ( 23.40434587773422592, 37.12601226084746031, -6.808636301712067684 ) ) ;
#1089 = DIRECTION ( 'NONE',  ( -0.000000000000000000, 0.9961946980917456562, 0.08715574274765719442 ) ) ;
#1090 = CARTESIAN_POINT ( 'NONE',  ( 9.533169552247086287, 32.16462502130188028, 1.810220218382857960 ) ) ;
#1091 = EDGE_LOOP ( 'NONE', ( #635, #1542, #1435, #1637 ) ) ;
#1092 = CIRCLE ( 'NONE', #2014, 2.099999999999892619 ) ;
#1093 = VERTEX_POINT ( 'NONE', #2127 ) ;
#1094 = LINE ( 'NONE', #1926, #532 ) ;
#1095 = FILL_AREA_STYLE_COLOUR ( '', #2690 ) ;
#1096 = EDGE_CURVE ( 'NONE', #2106, #1640, #2917, .T. ) ;
#1097 = CARTESIAN_POINT ( 'NONE',  ( 22.57171717641782749, 68.21350647433115455, 9.595722924182750191 ) ) ;
#1098 = DIRECTION ( 'NONE',  ( -1.000000000000000000, -0.000000000000000000, -0.000000000000000000 ) ) ;
#1099 = VERTEX_POINT ( 'NONE', #1211 ) ;
#1100 = CARTESIAN_POINT ( 'NONE',  ( 20.59799721830912134, 72.06836419672411864, -2.227303753047533252 ) ) ;
#1101 = EDGE_CURVE ( 'NONE', #647, #441, #2595, .T. ) ;
#1102 = CARTESIAN_POINT ( 'NONE',  ( 26.66049721830912134, 71.52677932298735186, 6.257782329281710076 ) ) ;
#1103 = DIRECTION ( 'NONE',  ( 0.000000000000000000, -0.08715574274765171270, 0.9961946980917461003 ) ) ;
#1104 = VECTOR ( 'NONE', #69, 1000.000000000000114 ) ;
#1105 = ORIENTED_EDGE ( 'NONE', *, *, #1769, .F. ) ;
#1106 = VERTEX_POINT ( 'NONE', #1473 ) ;
#1107 = CARTESIAN_POINT ( 'NONE',  ( 20.59799721830912134, 62.24333752011735044, -8.105981393807150326 ) ) ;
#1108 = VERTEX_POINT ( 'NONE', #1960 ) ;
#1109 = VECTOR ( 'NONE', #2, 999.9999999999998863 ) ;
#1110 = DIRECTION ( 'NONE',  ( 0.000000000000000000, 0.000000000000000000, 1.000000000000000000 ) ) ;
#1111 = EDGE_LOOP ( 'NONE', ( #1745, #1307, #2620, #823, #575 ) ) ;
#1112 = EDGE_CURVE ( 'NONE', #2506, #1612, #1740, .T. ) ;
#1113 = EDGE_CURVE ( 'NONE', #2032, #1363, #642, .T. ) ;
#1114 = CARTESIAN_POINT ( 'NONE',  ( 23.41049721830912489, 32.16462502130188028, 1.810220218382857960 ) ) ;
#1115 = VECTOR ( 'NONE', #2562, 1000.000000000000114 ) ;
#1116 = EDGE_CURVE ( 'NONE', #993, #2023, #2060, .T. ) ;
#1117 = DIRECTION ( 'NONE',  ( 0.000000000000000000, 0.08715574274765514051, -0.9961946980917457672 ) ) ;
#1118 = AXIS2_PLACEMENT_3D ( 'NONE', #1245, #1677, #483 ) ;
#1119 = CYLINDRICAL_SURFACE ( 'NONE', #1788, 1.000000000000001332 ) ;
#1120 = ORIENTED_EDGE ( 'NONE', *, *, #2181, .T. ) ;
#1121 = ORIENTED_EDGE ( 'NONE', *, *, #288, .F. ) ;
#1122 = FACE_BOUND ( 'NONE', #1862, .T. ) ;
#1123 = VERTEX_POINT ( 'NONE', #2029 ) ;
#1124 = CARTESIAN_POINT ( 'NONE',  ( 23.41049721830912489, 32.16462502130188028, 1.810220218382857960 ) ) ;
#1125 = LINE ( 'NONE', #2446, #1074 ) ;
#1126 = ORIENTED_EDGE ( 'NONE', *, *, #266, .T. ) ;
#1127 = DIRECTION ( 'NONE',  ( -1.000000000000000000, 0.000000000000000000, 0.000000000000000000 ) ) ;
#1128 = EDGE_CURVE ( 'NONE', #1402, #1942, #2427, .T. ) ;
#1129 = CARTESIAN_POINT ( 'NONE',  ( 2.060497218309119916, 49.11239861592313360, 4.296778117459212787 ) ) ;
#1130 = DIRECTION ( 'NONE',  ( -1.000000000000000000, 0.000000000000000000, 0.000000000000000000 ) ) ;
#1131 = DIRECTION ( 'NONE',  ( 0.000000000000000000, 0.000000000000000000, 1.000000000000000000 ) ) ;
#1132 = VERTEX_POINT ( 'NONE', #1784 ) ;
#1133 = EDGE_LOOP ( 'NONE', ( #2836, #943, #2223, #400, #2471, #417, #2247, #25, #1344, #1600 ) ) ;
#1134 = ADVANCED_FACE ( 'NONE', ( #889 ), #938, .F. ) ;
#1135 = PLANE ( 'NONE',  #223 ) ;
#1136 = ORIENTED_EDGE ( 'NONE', *, *, #628, .F. ) ;
#1137 = DIRECTION ( 'NONE',  ( 1.000000000000000000, 0.000000000000000000, 0.000000000000000000 ) ) ;
#1138 = AXIS2_PLACEMENT_3D ( 'NONE', #924, #1619, #2064 ) ;
#1139 = AXIS2_PLACEMENT_3D ( 'NONE', #2142, #1050, #1922 ) ;
#1140 = DIRECTION ( 'NONE',  ( 0.000000000000000000, -0.08715574274765601481, 0.9961946980917456562 ) ) ;
#1141 = VERTEX_POINT ( 'NONE', #1354 ) ;
#1142 = DIRECTION ( 'NONE',  ( 0.000000000000000000, 0.000000000000000000, 1.000000000000000000 ) ) ;
#1143 = UNCERTAINTY_MEASURE_WITH_UNIT (LENGTH_MEASURE( 1.000000000000000082E-05 ), #430, 'distance_accuracy_value', 'NONE');
#1144 = DIRECTION ( 'NONE',  ( -1.000000000000000000, 0.000000000000000000, 0.000000000000000000 ) ) ;
#1145 = LINE ( 'NONE', #454, #752 ) ;
#1146 = DIRECTION ( 'NONE',  ( 0.000000000000000000, -0.08715574274764890939, 0.9961946980917463224 ) ) ;
#1147 = VERTEX_POINT ( 'NONE', #876 ) ;
#1148 = VERTEX_POINT ( 'NONE', #2724 ) ;
#1149 = ORIENTED_EDGE ( 'NONE', *, *, #2571, .F. ) ;
#1150 = CARTESIAN_POINT ( 'NONE',  ( 21.41049721830912134, 36.06224807092124252, 3.155037887465063307 ) ) ;
#1151 = ORIENTED_EDGE ( 'NONE', *, *, #2770, .T. ) ;
#1152 = DIRECTION ( 'NONE',  ( 0.000000000000000000, -0.9961946980917457672, -0.08715574274765608420 ) ) ;
#1153 = EDGE_CURVE ( 'NONE', #2366, #543, #436, .T. ) ;
#1154 = CARTESIAN_POINT ( 'NONE',  ( 12.36049721830912063, 38.29736393141389783, -5.181883432193085781 ) ) ;
#1155 = ORIENTED_EDGE ( 'NONE', *, *, #144, .F. ) ;
#1156 = CARTESIAN_POINT ( 'NONE',  ( 5.310497218309119916, 38.27889420752909899, 13.38716767090047277 ) ) ;
#1157 = VECTOR ( 'NONE', #1928, 1000.000000000000000 ) ;
#1158 = VECTOR ( 'NONE', #1458, 1000.000000000000000 ) ;
#1159 = CARTESIAN_POINT ( 'NONE',  ( 6.310497218309119027, 69.27901904206717631, -2.471339832740976128 ) ) ;
#1160 = CIRCLE ( 'NONE', #2382, 0.5000000000000004441 ) ;
#1161 = DIRECTION ( 'NONE',  ( 1.000000000000000000, 0.000000000000000000, 0.000000000000000000 ) ) ;
#1162 = VERTEX_POINT ( 'NONE', #2674 ) ;
#1163 = VECTOR ( 'NONE', #639, 1000.000000000000114 ) ;
#1164 = VERTEX_POINT ( 'NONE', #1997 ) ;
#1165 = EDGE_CURVE ( 'NONE', #543, #594, #227, .T. ) ;
#1166 = DIRECTION ( 'NONE',  ( 1.000000000000000000, -0.000000000000000000, 0.000000000000000000 ) ) ;
#1167 = AXIS2_PLACEMENT_3D ( 'NONE', #534, #2282, #1879 ) ;
#1168 = EDGE_CURVE ( 'NONE', #2055, #1223, #2496, .T. ) ;
#1169 = ORIENTED_EDGE ( 'NONE', *, *, #805, .T. ) ;
#1171 = EDGE_CURVE ( 'NONE', #863, #1700, #2226, .T. ) ;
#1170 = CARTESIAN_POINT ( 'NONE',  ( 5.310497218309119916, 31.99031353580656400, 3.802609614566432317 ) ) ;
#1172 = LINE ( 'NONE', #1392, #773 ) ;
#1173 = ORIENTED_EDGE ( 'NONE', *, *, #381, .F. ) ;
#1174 = DIRECTION ( 'NONE',  ( 1.000000000000000000, -0.000000000000000000, -0.000000000000000000 ) ) ;
#1175 = AXIS2_PLACEMENT_3D ( 'NONE', #1170, #2717, #1586 ) ;
#1176 = CARTESIAN_POINT ( 'NONE',  ( 5.310497218309119916, 35.26346340939593205, 6.548331724507999496 ) ) ;
#1177 = CARTESIAN_POINT ( 'NONE',  ( 23.41049721830912489, 67.54200053062038478, 5.909159358291031339 ) ) ;
#1178 = ORIENTED_EDGE ( 'NONE', *, *, #2413, .T. ) ;
#1179 = ORIENTED_EDGE ( 'NONE', *, *, #1716, .F. ) ;
#1180 = CARTESIAN_POINT ( 'NONE',  ( 26.66049721830912134, 36.98375075332683082, 5.243298600671163712 ) ) ;
#1181 = ORIENTED_EDGE ( 'NONE', *, *, #509, .T. ) ;
#1182 = LINE ( 'NONE', #2024, #1452 ) ;
#1183 = VECTOR ( 'NONE', #2715, 999.9999999999998863 ) ;
#1184 = CARTESIAN_POINT ( 'NONE',  ( 15.65746309435434114, 35.26346340939592494, 6.548331724507995943 ) ) ;
#1185 = DIRECTION ( 'NONE',  ( -1.000000000000000000, 0.000000000000000000, 0.000000000000000000 ) ) ;
#1186 = AXIS2_PLACEMENT_3D ( 'NONE', #2369, #1471, #336 ) ;
#1187 = CARTESIAN_POINT ( 'NONE',  ( 5.310497218309119916, 67.54200053062038478, 5.909159358291030451 ) ) ;
#1188 = AXIS2_PLACEMENT_3D ( 'NONE', #1353, #1364, #238 ) ;
#1189 = ORIENTED_EDGE ( 'NONE', *, *, #128, .T. ) ;
#1190 = CARTESIAN_POINT ( 'NONE',  ( 2.060497218309118583, 43.95101729646281541, 19.04678357070749328 ) ) ;
#1191 = ORIENTED_EDGE ( 'NONE', *, *, #541, .F. ) ;
#1192 = ORIENTED_EDGE ( 'NONE', *, *, #1116, .F. ) ;
#1193 = DIRECTION ( 'NONE',  ( 1.000000000000000000, 0.000000000000000000, 0.000000000000000000 ) ) ;
#1194 = VERTEX_POINT ( 'NONE', #907 ) ;
#1195 = CARTESIAN_POINT ( 'NONE',  ( 26.66049721830912134, 0.000000000000000000, 0.000000000000000000 ) ) ;
#1196 = CARTESIAN_POINT ( 'NONE',  ( 5.987621562776836548, 38.47167541690921411, -7.174272828376577316 ) ) ;
#1197 = DIRECTION ( 'NONE',  ( 0.000000000000000000, -0.08715574274765129636, 0.9961946980917461003 ) ) ;
#1198 = LINE ( 'NONE', #796, #533 ) ;
#1199 = ORIENTED_EDGE ( 'NONE', *, *, #956, .T. ) ;
#1200 = PRODUCT_RELATED_PRODUCT_CATEGORY ( 'part', '', ( #763 ) ) ;
#1201 = EDGE_CURVE ( 'NONE', #351, #1248, #1759, .T. ) ;
#1202 = EDGE_CURVE ( 'NONE', #2529, #79, #1660, .T. ) ;
#1203 = VECTOR ( 'NONE', #1548, 1000.000000000000114 ) ;
#1204 = DIRECTION ( 'NONE',  ( 1.000000000000000000, 0.000000000000000000, -0.000000000000000000 ) ) ;
#1205 = AXIS2_PLACEMENT_3D ( 'NONE', #1667, #1684, #2573 ) ;
#1206 = EDGE_CURVE ( 'NONE', #1746, #203, #207, .T. ) ;
#1207 = ORIENTED_EDGE ( 'NONE', *, *, #2548, .F. ) ;
#1208 = VERTEX_POINT ( 'NONE', #1361 ) ;
#1209 = CARTESIAN_POINT ( 'NONE',  ( 9.533169552247086287, 31.90315779305891297, 4.798804312658177196 ) ) ;
#1210 = ORIENTED_EDGE ( 'NONE', *, *, #2481, .F. ) ;
#1211 = CARTESIAN_POINT ( 'NONE',  ( 6.310497218309119027, 67.84094928673087566, 13.96587268577272845 ) ) ;
#1212 = VECTOR ( 'NONE', #455, 999.9999999999998863 ) ;
#1213 = FACE_OUTER_BOUND ( 'NONE', #1585, .T. ) ;
#1214 = LINE ( 'NONE', #1895, #1306 ) ;
#1215 = CARTESIAN_POINT ( 'NONE',  ( 2.060497218309119916, 38.27889420752909899, 13.38716767090047277 ) ) ;
#1216 = ORIENTED_EDGE ( 'NONE', *, *, #320, .F. ) ;
#1217 = DIRECTION ( 'NONE',  ( 1.000000000000000000, -0.000000000000000000, -0.000000000000000000 ) ) ;
#1218 = EDGE_CURVE ( 'NONE', #445, #242, #916, .T. ) ;
#1219 = ORIENTED_EDGE ( 'NONE', *, *, #2640, .T. ) ;
#1220 = CIRCLE ( 'NONE', #261, 1.000000000000001332 ) ;
#1221 = ADVANCED_FACE ( 'NONE', ( #1250, #2141 ), #115, .T. ) ;
#1222 = CARTESIAN_POINT ( 'NONE',  ( 2.360497218309119738, 39.32476312050092560, 1.432831293799494921 ) ) ;
#1223 = VERTEX_POINT ( 'NONE', #1905 ) ;
#1224 = CARTESIAN_POINT ( 'NONE',  ( 22.90801181340004433, 38.29736393141389783, -7.181883432193085781 ) ) ;
#1225 = EDGE_CURVE ( 'NONE', #764, #43, #2519, .T. ) ;
#1226 = CARTESIAN_POINT ( 'NONE',  ( 2.060497218309119916, 36.98375075332683082, 5.243298600671164600 ) ) ;
#1227 = CARTESIAN_POINT ( 'NONE',  ( 5.444471814524675324, 67.69147490867560180, 9.937516022032019336 ) ) ;
#1228 = FACE_OUTER_BOUND ( 'NONE', #2776, .T. ) ;
#1229 = CARTESIAN_POINT ( 'NONE',  ( 13.94799721830912098, 52.01992331095689792, -5.988954727008456658 ) ) ;
#1230 = CARTESIAN_POINT ( 'NONE',  ( 26.66049721830912134, -0.6972459419812601089, 7.969557584734086042 ) ) ;
#1231 = VERTEX_POINT ( 'NONE', #2384 ) ;
#1232 = AXIS2_PLACEMENT_3D ( 'NONE', #2542, #2083, #28 ) ;
#1233 = CARTESIAN_POINT ( 'NONE',  ( 2.060497218309119916, 38.97614014951032146, 5.417610086166467553 ) ) ;
#1234 = VECTOR ( 'NONE', #497, 1000.000000000000114 ) ;
#1235 = ORIENTED_EDGE ( 'NONE', *, *, #1774, .F. ) ;
#1236 = DIRECTION ( 'NONE',  ( 1.000000000000000000, 0.000000000000000000, 0.000000000000000000 ) ) ;
#1237 = VERTEX_POINT ( 'NONE', #2352 ) ;
#1238 = DIRECTION ( 'NONE',  ( -2.602085213965217741E-15, -0.9961946980917456562, -0.08715574274765701401 ) ) ;
#1239 = DIRECTION ( 'NONE',  ( 0.000000000000000000, -0.9961946980917457672, -0.08715574274765630625 ) ) ;
#1240 = FACE_OUTER_BOUND ( 'NONE', #1991, .T. ) ;
#1241 = ORIENTED_EDGE ( 'NONE', *, *, #1368, .T. ) ;
#1242 = EDGE_CURVE ( 'NONE', #2800, #2055, #1265, .T. ) ;
#1243 = ORIENTED_EDGE ( 'NONE', *, *, #2851, .F. ) ;
#1244 = CARTESIAN_POINT ( 'NONE',  ( 5.714678475406729241, 68.00694635455676007, 9.864343791753229951 ) ) ;
#1245 = CARTESIAN_POINT ( 'NONE',  ( 2.360497218309119738, 68.34514297928302540, 2.466055786343924972 ) ) ;
#1246 = ORIENTED_EDGE ( 'NONE', *, *, #540, .F. ) ;
#1247 = LINE ( 'NONE', #817, #831 ) ;
#1248 = VERTEX_POINT ( 'NONE', #2124 ) ;
#1249 = FACE_OUTER_BOUND ( 'NONE', #94, .T. ) ;
#1250 = FACE_BOUND ( 'NONE', #2756, .T. ) ;
#1251 = CARTESIAN_POINT ( 'NONE',  ( 13.94799721830912098, 62.41764900561268092, -10.09837078999061433 ) ) ;
#1252 = EDGE_LOOP ( 'NONE', ( #1575, #980, #2721, #2645 ) ) ;
#1253 = CARTESIAN_POINT ( 'NONE',  ( 26.66049721830912134, 71.94381727279184702, -4.245839872055324982 ) ) ;
#1254 = VECTOR ( 'NONE', #2497, 1000.000000000000000 ) ;
#1255 = EDGE_CURVE ( 'NONE', #178, #584, #1484, .T. ) ;
#1256 = DIRECTION ( 'NONE',  ( 1.000000000000000000, 0.000000000000000000, 0.000000000000000000 ) ) ;
#1257 = EDGE_CURVE ( 'NONE', #1162, #1223, #623, .T. ) ;
#1258 = CARTESIAN_POINT ( 'NONE',  ( 22.49015223080418835, 68.22824113314695182, 9.539106624804063017 ) ) ;
#1259 = AXIS2_PLACEMENT_3D ( 'NONE', #613, #1957, #624 ) ;
#1260 = EDGE_CURVE ( 'NONE', #2537, #1430, #1921, .T. ) ;
#1261 = CARTESIAN_POINT ( 'NONE',  ( 5.444471814524675324, 67.69147490867560180, 9.937516022032019336 ) ) ;
#1262 = ORIENTED_EDGE ( 'NONE', *, *, #2583, .T. ) ;
#1263 = CYLINDRICAL_SURFACE ( 'NONE', #301, 1.000000000000000000 ) ;
#1264 = ORIENTED_EDGE ( 'NONE', *, *, #1505, .F. ) ;
#1265 = LINE ( 'NONE', #2591, #1989 ) ;
#1266 = DIRECTION ( 'NONE',  ( -1.000000000000000000, -0.000000000000000000, -0.000000000000000000 ) ) ;
#1267 = ORIENTED_EDGE ( 'NONE', *, *, #81, .F. ) ;
#1268 = VECTOR ( 'NONE', #338, 1000.000000000000000 ) ;
#1269 = CARTESIAN_POINT ( 'NONE',  ( 5.991566096004705244, 68.81411238511257977, 2.283253562862263664 ) ) ;
#1270 = LINE ( 'NONE', #2615, #1860 ) ;
#1271 = LINE ( 'NONE', #1915, #2287 ) ;
#1272 = VERTEX_POINT ( 'NONE', #1278 ) ;
#1273 = LINE ( 'NONE', #126, #2411 ) ;
#1274 = STYLED_ITEM ( 'NONE', ( #851 ), #1843 ) ;
#1275 = ORIENTED_EDGE ( 'NONE', *, *, #321, .T. ) ;
#1276 = ADVANCED_FACE ( 'NONE', ( #2439 ), #200, .T. ) ;
#1277 = CARTESIAN_POINT ( 'NONE',  ( 26.66049721830912134, -0.3486229709906327190, 3.984778792367018152 ) ) ;
#1278 = CARTESIAN_POINT ( 'NONE',  ( 2.060497218309119916, 40.27128360371258964, 13.56147915639577661 ) ) ;
#1279 = VECTOR ( 'NONE', #1397, 1000.000000000000000 ) ;
#1280 = AXIS2_PLACEMENT_3D ( 'NONE', #1964, #2634, #604 ) ;
#1281 = FACE_OUTER_BOUND ( 'NONE', #2635, .T. ) ;
#1282 = AXIS2_PLACEMENT_3D ( 'NONE', #187, #1521, #2212 ) ;
#1283 = VERTEX_POINT ( 'NONE', #1727 ) ;
#1284 = ORIENTED_EDGE ( 'NONE', *, *, #57, .F. ) ;
#1285 = DIRECTION ( 'NONE',  ( 0.000000000000000000, 0.9961946980917455452, 0.08715574274765738871 ) ) ;
#1286 = EDGE_CURVE ( 'NONE', #16, #43, #2930, .T. ) ;
#1287 = DIRECTION ( 'NONE',  ( -1.000000000000000000, 0.000000000000000000, 0.000000000000000000 ) ) ;
#1288 = ORIENTED_EDGE ( 'NONE', *, *, #856, .T. ) ;
#1289 = LINE ( 'NONE', #408, #465 ) ;
#1290 = ADVANCED_FACE ( 'NONE', ( #1313 ), #2675, .T. ) ;
#1291 = EDGE_CURVE ( 'NONE', #197, #1237, #1510, .T. ) ;
#1292 = EDGE_CURVE ( 'NONE', #912, #1387, #2563, .T. ) ;
#1293 = ORIENTED_EDGE ( 'NONE', *, *, #1577, .F. ) ;
#1294 = LINE ( 'NONE', #618, #1572 ) ;
#1295 = EDGE_CURVE ( 'NONE', #2540, #934, #2694, .T. ) ;
#1296 = LINE ( 'NONE', #2203, #2839 ) ;
#1297 = AXIS2_PLACEMENT_3D ( 'NONE', #1325, #157, #1310 ) ;
#1298 = ORIENTED_EDGE ( 'NONE', *, *, #985, .T. ) ;
#1299 = VERTEX_POINT ( 'NONE', #659 ) ;
#1300 = CIRCLE ( 'NONE', #1618, 4.000000000000021316 ) ;
#1301 = SURFACE_STYLE_USAGE ( .BOTH. , #2667 ) ;
#1302 = CARTESIAN_POINT ( 'NONE',  ( 5.310497218309119916, 32.25178076404954197, 0.8140255202911121923 ) ) ;
#1303 = VECTOR ( 'NONE', #2823, 1000.000000000000000 ) ;
#1304 = CARTESIAN_POINT ( 'NONE',  ( 26.66049721830912134, 32.25178076404954197, 0.8140255202911130805 ) ) ;
#1305 = VECTOR ( 'NONE', #1638, 999.9999999999998863 ) ;
#1306 = VECTOR ( 'NONE', #2101, 1000.000000000000000 ) ;
#1307 = ORIENTED_EDGE ( 'NONE', *, *, #2628, .T. ) ;
#1308 = CARTESIAN_POINT ( 'NONE',  ( 5.444471814524673547, 68.38872085065685269, 1.967958437298052532 ) ) ;
#1309 = ORIENTED_EDGE ( 'NONE', *, *, #243, .T. ) ;
#1310 = DIRECTION ( 'NONE',  ( 0.000000000000000000, 0.000000000000000000, 1.000000000000000000 ) ) ;
#1311 = AXIS2_PLACEMENT_3D ( 'NONE', #236, #2026, #2222 ) ;
#1312 = CYLINDRICAL_SURFACE ( 'NONE', #2679, 0.9999999999999971134 ) ;
#1313 = FACE_OUTER_BOUND ( 'NONE', #456, .T. ) ;
#1314 = EDGE_CURVE ( 'NONE', #1231, #518, #387, .T. ) ;
#1315 = CARTESIAN_POINT ( 'NONE',  ( 23.41049721830912489, 32.16462502130188028, 0.8102202183828579596 ) ) ;
#1316 = ORIENTED_EDGE ( 'NONE', *, *, #2244, .T. ) ;
#1317 = ORIENTED_EDGE ( 'NONE', *, *, #2376, .T. ) ;
#1318 = CARTESIAN_POINT ( 'NONE',  ( 18.33066118493420404, 43.95101729646281541, 17.39678357070749470 ) ) ;
#1319 = CARTESIAN_POINT ( 'NONE',  ( 26.36049721830912063, 37.50668520981274412, -0.7338695878793102256 ) ) ;
#1320 = AXIS2_PLACEMENT_3D ( 'NONE', #264, #1137, #2038 ) ;
#1321 = ADVANCED_FACE ( 'NONE', ( #396, #861, #1755 ), #2661, .T. ) ;
#1322 = ORIENTED_EDGE ( 'NONE', *, *, #1981, .T. ) ;
#1323 = DIRECTION ( 'NONE',  ( -1.000000000000000000, 0.000000000000000000, 0.000000000000000000 ) ) ;
#1324 = ORIENTED_EDGE ( 'NONE', *, *, #1555, .F. ) ;
#1325 = CARTESIAN_POINT ( 'NONE',  ( 2.360497218309119738, 64.14857117355319360, -6.935475210220069187 ) ) ;
#1326 = LINE ( 'NONE', #1102, #2279 ) ;
#1327 = FACE_OUTER_BOUND ( 'NONE', #2833, .T. ) ;
#1328 = ORIENTED_EDGE ( 'NONE', *, *, #1096, .F. ) ;
#1329 = CIRCLE ( 'NONE', #1507, 0.9999999999999973355 ) ;
#1330 = ORIENTED_EDGE ( 'NONE', *, *, #2827, .T. ) ;
#1331 = VECTOR ( 'NONE', #979, 1000.000000000000000 ) ;
#1332 = DIRECTION ( 'NONE',  ( 0.000000000000000000, 0.000000000000000000, 1.000000000000000000 ) ) ;
#1333 = EDGE_CURVE ( 'NONE', #68, #259, #1294, .T. ) ;
#1334 = EDGE_CURVE ( 'NONE', #1764, #318, #2660, .T. ) ;
#1335 = ORIENTED_EDGE ( 'NONE', *, *, #47, .F. ) ;
#1336 = EDGE_CURVE ( 'NONE', #2871, #1208, #1950, .T. ) ;
#1337 = DIRECTION ( 'NONE',  ( 0.000000000000000000, 0.000000000000000000, 1.000000000000000000 ) ) ;
#1338 = ORIENTED_EDGE ( 'NONE', *, *, #555, .F. ) ;
#1339 = FACE_OUTER_BOUND ( 'NONE', #1627, .T. ) ;
#1340 = DIRECTION ( 'NONE',  ( -1.000000000000000000, 0.000000000000000000, 0.000000000000000000 ) ) ;
#1341 = CARTESIAN_POINT ( 'NONE',  ( 26.66049721830912134, 31.99031353580656400, 3.802609614566432317 ) ) ;
#1342 = CYLINDRICAL_SURFACE ( 'NONE', #226, 1.000000000000000000 ) ;
#1343 = VECTOR ( 'NONE', #1482, 1000.000000000000114 ) ;
#1344 = ORIENTED_EDGE ( 'NONE', *, *, #1467, .T. ) ;
#1345 = ORIENTED_EDGE ( 'NONE', *, *, #2053, .T. ) ;
#1346 = DIRECTION ( 'NONE',  ( 0.000000000000000000, 0.000000000000000000, 1.000000000000000000 ) ) ;
#1347 = VERTEX_POINT ( 'NONE', #846 ) ;
#1348 = EDGE_CURVE ( 'NONE', #1832, #1766, #826, .T. ) ;
#1349 = CARTESIAN_POINT ( 'NONE',  ( 26.36049721830912063, 68.84324032832890339, 2.509633657717752264 ) ) ;
#1350 = AXIS2_PLACEMENT_3D ( 'NONE', #1578, #2483, #1813 ) ;
#1351 = CARTESIAN_POINT ( 'NONE',  ( 2.360497218309119738, 69.27901904206717631, -2.471339832740976128 ) ) ;
#1352 = ORIENTED_EDGE ( 'NONE', *, *, #1805, .F. ) ;
#1353 = CARTESIAN_POINT ( 'NONE',  ( 2.360497218309119738, 70.94762257470010525, -4.332995614802982232 ) ) ;
#1354 = CARTESIAN_POINT ( 'NONE',  ( 2.060497218309118583, 39.96623850409581280, 17.04816059971689057 ) ) ;
#1355 = DIRECTION ( 'NONE',  ( 0.000000000000000000, 0.000000000000000000, -1.000000000000000000 ) ) ;
#1356 = VECTOR ( 'NONE', #1140, 1000.000000000000114 ) ;
#1357 = DIRECTION ( 'NONE',  ( -1.000000000000000000, 0.000000000000000000, 0.000000000000000000 ) ) ;
#1358 = EDGE_LOOP ( 'NONE', ( #2897, #1054, #244, #308 ) ) ;
#1359 = ORIENTED_EDGE ( 'NONE', *, *, #1679, .T. ) ;
#1360 = ORIENTED_EDGE ( 'NONE', *, *, #1823, .T. ) ;
#1361 = CARTESIAN_POINT ( 'NONE',  ( 2.060497218309120360, 36.30497453523040718, -5.356194917688399393 ) ) ;
#1362 = CARTESIAN_POINT ( 'NONE',  ( 20.59799721830912134, 72.13686952222096238, -0.7155805573605142911 ) ) ;
#1363 = VERTEX_POINT ( 'NONE', #2428 ) ;
#1364 = DIRECTION ( 'NONE',  ( 0.000000000000000000, -0.08715574274765629237, 0.9961946980917457672 ) ) ;
#1365 = DIRECTION ( 'NONE',  ( 0.000000000000000000, 0.000000000000000000, 1.000000000000000000 ) ) ;
#1366 = LINE ( 'NONE', #1381, #2409 ) ;
#1367 = DIRECTION ( 'NONE',  ( 0.000000000000000000, 0.9961946980917456562, 0.08715574274765619522 ) ) ;
#1368 = EDGE_CURVE ( 'NONE', #2925, #701, #1326, .T. ) ;
#1369 = ORIENTED_EDGE ( 'NONE', *, *, #2096, .T. ) ;
#1370 = EDGE_LOOP ( 'NONE', ( #499, #2104, #2819, #329 ) ) ;
#1371 = FACE_OUTER_BOUND ( 'NONE', #185, .T. ) ;
#1372 = ORIENTED_EDGE ( 'NONE', *, *, #1255, .T. ) ;
#1373 = CIRCLE ( 'NONE', #1878, 2.000000000000000000 ) ;
#1374 = CARTESIAN_POINT ( 'NONE',  ( 2.360497218309119738, 66.39633145447336915, 1.793646951802739364 ) ) ;
#1375 = CIRCLE ( 'NONE', #467, 2.000000000000001776 ) ;
#1376 = FACE_OUTER_BOUND ( 'NONE', #1976, .T. ) ;
#1377 = ORIENTED_EDGE ( 'NONE', *, *, #358, .F. ) ;
#1378 = CYLINDRICAL_SURFACE ( 'NONE', #704, 0.5000000000000004441 ) ;
#1379 = UNCERTAINTY_MEASURE_WITH_UNIT (LENGTH_MEASURE( 1.000000000000000082E-05 ), #2419, 'distance_accuracy_value', 'NONE');
#1380 = CARTESIAN_POINT ( 'NONE',  ( 5.310497218309119916, 34.42035572212171957, 0.9982124806907793912 ) ) ;
#1381 = CARTESIAN_POINT ( 'NONE',  ( 6.310497218309119027, 68.88681819970273068, 2.011536308671880935 ) ) ;
#1382 = EDGE_CURVE ( 'NONE', #191, #1108, #2230, .T. ) ;
#1383 = EDGE_CURVE ( 'NONE', #2055, #999, #1300, .T. ) ;
#1384 = CARTESIAN_POINT ( 'NONE',  ( 2.060497218309119916, 38.80182866401500519, 7.409999482349958200 ) ) ;
#1385 = ORIENTED_EDGE ( 'NONE', *, *, #2583, .F. ) ;
#1386 = ORIENTED_EDGE ( 'NONE', *, *, #451, .F. ) ;
#1387 = VERTEX_POINT ( 'NONE', #212 ) ;
#1388 = FACE_OUTER_BOUND ( 'NONE', #948, .T. ) ;
#1389 = ORIENTED_EDGE ( 'NONE', *, *, #896, .T. ) ;
#1390 = CARTESIAN_POINT ( 'NONE',  ( 2.060497218309120360, 32.16462502130188028, 1.810220218382857960 ) ) ;
#1391 = DIRECTION ( 'NONE',  ( 1.000000000000000000, 0.000000000000000000, -0.000000000000000000 ) ) ;
#1392 = CARTESIAN_POINT ( 'NONE',  ( -30.14652396192871464, 38.79546128045976872, -5.138305560819258488 ) ) ;
#1393 = ORIENTED_EDGE ( 'NONE', *, *, #2173, .F. ) ;
#1394 = DIRECTION ( 'NONE',  ( 1.000000000000000000, 0.000000000000000000, -0.000000000000000000 ) ) ;
#1395 = VECTOR ( 'NONE', #1089, 1000.000000000000000 ) ;
#1396 = VECTOR ( 'NONE', #1285, 1000.000000000000227 ) ;
#1397 = DIRECTION ( 'NONE',  ( 1.000000000000000000, 0.000000000000000000, 0.000000000000000000 ) ) ;
#1398 = FACE_OUTER_BOUND ( 'NONE', #802, .T. ) ;
#1399 = VERTEX_POINT ( 'NONE', #1549 ) ;
#1400 = ORIENTED_EDGE ( 'NONE', *, *, #271, .T. ) ;
#1401 = CYLINDRICAL_SURFACE ( 'NONE', #1693, 4.000000000000021316 ) ;
#1402 = VERTEX_POINT ( 'NONE', #2455 ) ;
#1403 = CARTESIAN_POINT ( 'NONE',  ( 2.360497218309119738, 63.97425968805786312, -4.943085814036577652 ) ) ;
#1404 = DIRECTION ( 'NONE',  ( 0.000000000000000000, 0.08715574274765619522, -0.9961946980917457672 ) ) ;
#1405 = LINE ( 'NONE', #2359, #925 ) ;
#1406 = PRODUCT_DEFINITION_SHAPE ( 'NONE', 'NONE',  #759 ) ;
#1407 = FACE_OUTER_BOUND ( 'NONE', #646, .T. ) ;
#1408 = AXIS2_PLACEMENT_3D ( 'NONE', #2560, #757, #1653 ) ;
#1409 = DIRECTION ( 'NONE',  ( 0.000000000000000000, 0.08715574274765525153, -0.9961946980917458783 ) ) ;
#1410 = ORIENTED_EDGE ( 'NONE', *, *, #1052, .F. ) ;
#1411 = EDGE_CURVE ( 'NONE', #16, #1347, #1063, .T. ) ;
#1412 = CYLINDRICAL_SURFACE ( 'NONE', #702, 2.000000000000000888 ) ;
#1413 = ORIENTED_EDGE ( 'NONE', *, *, #1348, .F. ) ;
#1414 = FACE_BOUND ( 'NONE', #858, .T. ) ;
#1415 = ADVANCED_FACE ( 'NONE', ( #890 ), #712, .T. ) ;
#1416 = EDGE_CURVE ( 'NONE', #1463, #163, #900, .T. ) ;
#1417 = CIRCLE ( 'NONE', #1930, 1.449999999999999956 ) ;
#1418 = DIRECTION ( 'NONE',  ( 0.000000000000000000, 0.000000000000000000, -1.000000000000000000 ) ) ;
#1419 = ORIENTED_EDGE ( 'NONE', *, *, #1291, .T. ) ;
#1420 = AXIS2_PLACEMENT_3D ( 'NONE', #1090, #427, #412 ) ;
#1421 = DIRECTION ( 'NONE',  ( 0.000000000000000000, 0.9961946980917455452, 0.08715574274765797158 ) ) ;
#1422 = EDGE_CURVE ( 'NONE', #2759, #749, #2709, .T. ) ;
#1423 = CIRCLE ( 'NONE', #2885, 0.5000000000000004441 ) ;
#1424 = VECTOR ( 'NONE', #751, 1000.000000000000114 ) ;
#1425 = ORIENTED_EDGE ( 'NONE', *, *, #1891, .F. ) ;
#1426 = FACE_OUTER_BOUND ( 'NONE', #561, .T. ) ;
#1427 = ORIENTED_EDGE ( 'NONE', *, *, #1416, .F. ) ;
#1428 = ORIENTED_EDGE ( 'NONE', *, *, #1891, .T. ) ;
#1429 = DIRECTION ( 'NONE',  ( 0.000000000000000000, 0.08715574274765619522, -0.9961946980917457672 ) ) ;
#1430 = VERTEX_POINT ( 'NONE', #2025 ) ;
#1431 = CARTESIAN_POINT ( 'NONE',  ( 26.66049721830912134, 32.16462502130188028, 1.810220218382857960 ) ) ;
#1432 = DIRECTION ( 'NONE',  ( 0.000000000000000000, 0.000000000000000000, -1.000000000000000000 ) ) ;
#1433 = EDGE_CURVE ( 'NONE', #2442, #231, #31, .T. ) ;
#1434 = DIRECTION ( 'NONE',  ( 1.000000000000000000, 0.000000000000000000, 0.000000000000000000 ) ) ;
#1435 = ORIENTED_EDGE ( 'NONE', *, *, #1101, .T. ) ;
#1436 = VECTOR ( 'NONE', #1793, 1000.000000000000114 ) ;
#1437 = CARTESIAN_POINT ( 'NONE',  ( 2.060497218309119916, 37.33237372431743495, 1.258519808304191523 ) ) ;
#1438 = VECTOR ( 'NONE', #298, 1000.000000000000000 ) ;
#1439 = EDGE_LOOP ( 'NONE', ( #2893, #967, #849, #2219 ) ) ;
#1440 = ADVANCED_FACE ( 'NONE', ( #2701 ), #2748, .T. ) ;
#1441 = CARTESIAN_POINT ( 'NONE',  ( 14.42299721830911885, 74.10067365817768348, 4.374947245883483049 ) ) ;
#1442 = ORIENTED_EDGE ( 'NONE', *, *, #319, .F. ) ;
#1443 = DIRECTION ( 'NONE',  ( 1.000000000000000000, 0.000000000000000000, -0.000000000000000000 ) ) ;
#1444 = AXIS2_PLACEMENT_3D ( 'NONE', #694, #1007, #471 ) ;
#1445 = CARTESIAN_POINT ( 'NONE',  ( 23.41049721830912489, 66.39633145447336915, 1.793646951802739364 ) ) ;
#1446 = CARTESIAN_POINT ( 'NONE',  ( 21.41049721830912489, 38.96977276595507789, -7.130694957002747358 ) ) ;
#1447 = FACE_OUTER_BOUND ( 'NONE', #2351, .T. ) ;
#1448 = CARTESIAN_POINT ( 'NONE',  ( 2.060497218309118583, 43.95101729646281541, 21.39678357070751247 ) ) ;
#1449 = ORIENTED_EDGE ( 'NONE', *, *, #2337, .F. ) ;
#1450 = CARTESIAN_POINT ( 'NONE',  ( 5.310497218309119916, 0.1743114854953106696, -1.992389396183449568 ) ) ;
#1451 = VERTEX_POINT ( 'NONE', #220 ) ;
#1452 = VECTOR ( 'NONE', #62, 1000.000000000000227 ) ;
#1453 = EDGE_CURVE ( 'NONE', #664, #2672, #1807, .T. ) ;
#1454 = CARTESIAN_POINT ( 'NONE',  ( 23.41049721830912489, 30.99411883771481158, 3.715453871818774179 ) ) ;
#1455 = ORIENTED_EDGE ( 'NONE', *, *, #855, .T. ) ;
#1456 = DIRECTION ( 'NONE',  ( 0.000000000000000000, -0.9961946980917455452, -0.08715574274765797158 ) ) ;
#1457 = DIRECTION ( 'NONE',  ( -1.000000000000000000, 0.000000000000000000, 0.000000000000000000 ) ) ;
#1458 = DIRECTION ( 'NONE',  ( -1.000000000000000000, 0.000000000000000000, 0.000000000000000000 ) ) ;
#1459 = LINE ( 'NONE', #811, #531 ) ;
#1460 = CARTESIAN_POINT ( 'NONE',  ( 12.36049721830912063, 35.56415072187534321, 3.111460016091320835 ) ) ;
#1461 = LINE ( 'NONE', #1871, #2547 ) ;
#1462 = DIRECTION ( 'NONE',  ( 1.000000000000000000, -0.000000000000000000, -0.000000000000000000 ) ) ;
#1463 = VERTEX_POINT ( 'NONE', #2235 ) ;
#1464 = DIRECTION ( 'NONE',  ( 0.000000000000000000, 0.000000000000000000, 1.000000000000000000 ) ) ;
#1465 = AXIS2_PLACEMENT_3D ( 'NONE', #2507, #1174, #51 ) ;
#1466 = ORIENTED_EDGE ( 'NONE', *, *, #2896, .F. ) ;
#1467 = EDGE_CURVE ( 'NONE', #881, #2529, #2719, .T. ) ;
#1468 = LINE ( 'NONE', #1904, #2566 ) ;
#1469 = EDGE_CURVE ( 'NONE', #441, #2032, #2267, .T. ) ;
#1470 = ADVANCED_FACE ( 'NONE', ( #439 ), #2416, .F. ) ;
#1471 = DIRECTION ( 'NONE',  ( -0.000000000000000000, 0.9961946980917456562, 0.08715574274765698626 ) ) ;
#1472 = ORIENTED_EDGE ( 'NONE', *, *, #578, .T. ) ;
#1473 = CARTESIAN_POINT ( 'NONE',  ( 26.66049721830912134, 68.84324032832890339, 2.509633657717752264 ) ) ;
#1474 = DIRECTION ( 'NONE',  ( 1.000000000000000000, -0.000000000000000000, -0.000000000000000000 ) ) ;
#1475 = CARTESIAN_POINT ( 'NONE',  ( 14.42299721830911885, 68.53819522871214076, 5.996315101038732109 ) ) ;
#1476 = CARTESIAN_POINT ( 'NONE',  ( 2.060497218309118583, 43.95101729646281541, 17.39678357070749470 ) ) ;
#1477 = FACE_OUTER_BOUND ( 'NONE', #768, .T. ) ;
#1478 = CYLINDRICAL_SURFACE ( 'NONE', #42, 1.449999999999999956 ) ;
#1479 = CIRCLE ( 'NONE', #55, 2.000000000000000000 ) ;
#1480 = CARTESIAN_POINT ( 'NONE',  ( 5.310497218309119916, 43.95101729646281541, 17.39678357070749470 ) ) ;
#1481 = EDGE_LOOP ( 'NONE', ( #2008, #1571, #1360, #1848 ) ) ;
#1482 = DIRECTION ( 'NONE',  ( 0.000000000000000000, -0.9961946980917456562, -0.08715574274765716667 ) ) ;
#1483 = ORIENTED_EDGE ( 'NONE', *, *, #1501, .T. ) ;
#1484 = CIRCLE ( 'NONE', #770, 4.000000000000017764 ) ;
#1485 = CARTESIAN_POINT ( 'NONE',  ( 2.360497218309119738, 38.27889420752909899, 13.38716767090047277 ) ) ;
#1486 = ORIENTED_EDGE ( 'NONE', *, *, #893, .T. ) ;
#1487 = VECTOR ( 'NONE', #1056, 1000.000000000000114 ) ;
#1488 = CARTESIAN_POINT ( 'NONE',  ( 5.690042245841353541, 68.66984862378707533, 2.079122993286194099 ) ) ;
#1489 = DIRECTION ( 'NONE',  ( -1.000000000000000000, 0.000000000000000000, 0.000000000000000000 ) ) ;
#1490 = CIRCLE ( 'NONE', #1022, 1.449999999999999956 ) ;
#1491 = PLANE ( 'NONE',  #976 ) ;
#1492 = ORIENTED_EDGE ( 'NONE', *, *, #354, .F. ) ;
#1493 = CARTESIAN_POINT ( 'NONE',  ( 26.66049721830912134, 32.16462502130188028, 0.8102202183828579596 ) ) ;
#1494 = ORIENTED_EDGE ( 'NONE', *, *, #1079, .F. ) ;
#1495 = CYLINDRICAL_SURFACE ( 'NONE', #1953, 0.5000000000000004441 ) ;
#1496 = CYLINDRICAL_SURFACE ( 'NONE', #1743, 2.000000000000000000 ) ;
#1497 = ORIENTED_EDGE ( 'NONE', *, *, #1453, .F. ) ;
#1498 = VERTEX_POINT ( 'NONE', #1508 ) ;
#1499 = DIRECTION ( 'NONE',  ( 0.000000000000000000, 0.08715574274765523766, -0.9961946980917457672 ) ) ;
#1500 = EDGE_LOOP ( 'NONE', ( #621, #1034, #1058, #106 ) ) ;
#1501 = EDGE_CURVE ( 'NONE', #1987, #1498, #1607, .T. ) ;
#1502 = ADVANCED_FACE ( 'NONE', ( #2046 ), #705, .T. ) ;
#1503 = LINE ( 'NONE', #1529, #1815 ) ;
#1504 = ORIENTED_EDGE ( 'NONE', *, *, #2336, .F. ) ;
#1505 = EDGE_CURVE ( 'NONE', #1847, #1208, #466, .T. ) ;
#1506 = CYLINDRICAL_SURFACE ( 'NONE', #424, 0.9999999999999972244 ) ;
#1507 = AXIS2_PLACEMENT_3D ( 'NONE', #371, #1732, #2638 ) ;
#1508 = CARTESIAN_POINT ( 'NONE',  ( 23.41049721830912489, 38.80182866401500519, 7.409999482349958200 ) ) ;
#1509 = ORIENTED_EDGE ( 'NONE', *, *, #2425, .T. ) ;
#1510 = LINE ( 'NONE', #2202, #1806 ) ;
#1511 = CARTESIAN_POINT ( 'NONE',  ( 23.41049721830912489, 34.95406052264177532, 10.08482290273367887 ) ) ;
#1512 = EDGE_LOOP ( 'NONE', ( #275, #516, #2603, #190 ) ) ;
#1513 = ORIENTED_EDGE ( 'NONE', *, *, #949, .F. ) ;
#1514 = CARTESIAN_POINT ( 'NONE',  ( 26.66049721830912134, 36.30497453523040718, -5.356194917688397616 ) ) ;
#1515 = CARTESIAN_POINT ( 'NONE',  ( 26.66049721830912134, 70.87311125237992826, 13.72924256496992967 ) ) ;
#1516 = DIRECTION ( 'NONE',  ( 0.000000000000000000, -0.08715574274765194862, 0.9961946980917459893 ) ) ;
#1517 = ORIENTED_EDGE ( 'NONE', *, *, #1469, .F. ) ;
#1518 = CARTESIAN_POINT ( 'NONE',  ( 26.36049721830912063, 34.29397989513761047, 0.9926947929238099100 ) ) ;
#1519 = EDGE_LOOP ( 'NONE', ( #1043, #1086, #2121, #382 ) ) ;
#1520 = EDGE_CURVE ( 'NONE', #518, #798, #256, .T. ) ;
#1521 = DIRECTION ( 'NONE',  ( -1.000000000000000000, -0.000000000000000000, -0.000000000000000000 ) ) ;
#1522 = DIRECTION ( 'NONE',  ( 0.000000000000000000, 0.9961946980917457672, 0.08715574274765619522 ) ) ;
#1523 = DIRECTION ( 'NONE',  ( 1.000000000000000000, 0.000000000000000000, 0.000000000000000000 ) ) ;
#1524 = CARTESIAN_POINT ( 'NONE',  ( 5.310497218309119916, 36.80307188427627807, -5.312617046314564107 ) ) ;
#1525 = ORIENTED_EDGE ( 'NONE', *, *, #2641, .F. ) ;
#1526 = VERTEX_POINT ( 'NONE', #955 ) ;
#1527 = AXIS2_PLACEMENT_3D ( 'NONE', #631, #160, #379 ) ;
#1528 = VECTOR ( 'NONE', #1719, 1000.000000000000114 ) ;
#1529 = CARTESIAN_POINT ( 'NONE',  ( 2.360497218309119738, 37.33237372431743495, 1.258519808304191523 ) ) ;
#1530 = VERTEX_POINT ( 'NONE', #1380 ) ;
#1531 = CIRCLE ( 'NONE', #2907, 1.649999999999998579 ) ;
#1532 = EDGE_CURVE ( 'NONE', #2710, #790, #1924, .T. ) ;
#1533 = DIRECTION ( 'NONE',  ( 0.000000000000000000, 0.9961946980917456562, 0.08715574274765619522 ) ) ;
#1534 = AXIS2_PLACEMENT_3D ( 'NONE', #799, #588, #1917 ) ;
#1535 = VECTOR ( 'NONE', #2779, 1000.000000000000114 ) ;
#1536 = CARTESIAN_POINT ( 'NONE',  ( 2.060497218309120360, 38.29736393141389783, -5.181883432193085781 ) ) ;
#1537 = DIRECTION ( 'NONE',  ( 0.000000000000000000, 0.08715574274765358620, -0.9961946980917458783 ) ) ;
#1538 = ORIENTED_EDGE ( 'NONE', *, *, #1771, .F. ) ;
#1539 = ORIENTED_EDGE ( 'NONE', *, *, #2206, .T. ) ;
#1540 = ADVANCED_FACE ( 'NONE', ( #546 ), #326, .T. ) ;
#1541 = DIRECTION ( 'NONE',  ( -1.000000000000000000, -0.000000000000000000, -0.000000000000000000 ) ) ;
#1542 = ORIENTED_EDGE ( 'NONE', *, *, #2511, .T. ) ;
#1543 = VECTOR ( 'NONE', #1602, 1000.000000000000114 ) ;
#1544 = LINE ( 'NONE', #1349, #1809 ) ;
#1545 = DIRECTION ( 'NONE',  ( 1.000000000000000000, 0.000000000000000000, 0.000000000000000000 ) ) ;
#1546 = ORIENTED_EDGE ( 'NONE', *, *, #540, .T. ) ;
#1547 = DIRECTION ( 'NONE',  ( 0.000000000000000000, 0.000000000000000000, 1.000000000000000000 ) ) ;
#1548 = DIRECTION ( 'NONE',  ( 0.000000000000000000, 0.08715574274765129636, -0.9961946980917461003 ) ) ;
#1549 = CARTESIAN_POINT ( 'NONE',  ( 23.41049721830912489, 36.80307188427625675, -5.312617046314571212 ) ) ;
#1550 = AXIS2_PLACEMENT_3D ( 'NONE', #248, #1166, #961 ) ;
#1551 = CARTESIAN_POINT ( 'NONE',  ( 9.533169552247086287, 31.99031353580656400, 3.802609614566432317 ) ) ;
#1552 = EDGE_CURVE ( 'NONE', #864, #206, #1017, .T. ) ;
#1553 = VERTEX_POINT ( 'NONE', #2821 ) ;
#1554 = VECTOR ( 'NONE', #213, 1000.000000000000000 ) ;
#1555 = EDGE_CURVE ( 'NONE', #1530, #206, #775, .T. ) ;
#1556 = ORIENTED_EDGE ( 'NONE', *, *, #1314, .T. ) ;
#1557 = AXIS2_PLACEMENT_3D ( 'NONE', #1100, #2423, #393 ) ;
#1558 = CARTESIAN_POINT ( 'NONE',  ( 12.36049721830912063, 34.42035572212171957, -0.4517875193092205643 ) ) ;
#1559 = ORIENTED_EDGE ( 'NONE', *, *, #723, .F. ) ;
#1560 = EDGE_CURVE ( 'NONE', #1526, #895, #1468, .T. ) ;
#1561 = DIRECTION ( 'NONE',  ( -1.000000000000000000, 0.000000000000000000, 0.000000000000000000 ) ) ;
#1562 = CARTESIAN_POINT ( 'NONE',  ( 23.41049721830912489, 31.08127458046248037, 2.719259173726899181 ) ) ;
#1563 = VERTEX_POINT ( 'NONE', #557 ) ;
#1564 = ADVANCED_FACE ( 'NONE', ( #1249 ), #1030, .T. ) ;
#1565 = DIRECTION ( 'NONE',  ( 1.000000000000000000, 0.000000000000000000, -0.000000000000000000 ) ) ;
#1566 = AXIS2_PLACEMENT_3D ( 'NONE', #1027, #2831, #2898 ) ;
#1567 = DIRECTION ( 'NONE',  ( 0.000000000000000000, -0.08715574274765129636, 0.9961946980917461003 ) ) ;
#1568 = DIRECTION ( 'NONE',  ( 0.000000000000000000, -0.08715574274765638951, 0.9961946980917456562 ) ) ;
#1569 = ORIENTED_EDGE ( 'NONE', *, *, #2151, .F. ) ;
#1570 = DIRECTION ( 'NONE',  ( 0.000000000000000000, 0.08715574274765740259, -0.9961946980917456562 ) ) ;
#1571 = ORIENTED_EDGE ( 'NONE', *, *, #2512, .F. ) ;
#1572 = VECTOR ( 'NONE', #1130, 1000.000000000000000 ) ;
#1573 = CARTESIAN_POINT ( 'NONE',  ( 2.060497218309119916, -0.1743114854953244919, 1.992389396183588790 ) ) ;
#1574 = LINE ( 'NONE', #2478, #2625 ) ;
#1575 = ORIENTED_EDGE ( 'NONE', *, *, #481, .F. ) ;
#1576 = CYLINDRICAL_SURFACE ( 'NONE', #2454, 4.000000000000017764 ) ;
#1577 = EDGE_CURVE ( 'NONE', #1700, #242, #2662, .T. ) ;
#1578 = CARTESIAN_POINT ( 'NONE',  ( 21.41049721830912134, 36.97738336977158724, -7.305006442498061858 ) ) ;
#1579 = DIRECTION ( 'NONE',  ( 0.000000000000000000, 0.000000000000000000, 1.000000000000000000 ) ) ;
#1580 = AXIS2_PLACEMENT_3D ( 'NONE', #1897, #1161, #2050 ) ;
#1581 = LINE ( 'NONE', #2290, #878 ) ;
#1582 = ORIENTED_EDGE ( 'NONE', *, *, #2108, .F. ) ;
#1583 = ORIENTED_EDGE ( 'NONE', *, *, #856, .F. ) ;
#1584 = CARTESIAN_POINT ( 'NONE',  ( -1.587499999999999911, 73.91764659840769980, 6.466956111875517443 ) ) ;
#1585 = EDGE_LOOP ( 'NONE', ( #2051, #1724, #1513, #746, #1789, #587, #2458, #1369, #2624, #945, #59, #822 ) ) ;
#1586 = DIRECTION ( 'NONE',  ( 0.000000000000000000, 0.000000000000000000, 1.000000000000000000 ) ) ;
#1587 = LINE ( 'NONE', #2492, #1163 ) ;
#1588 = ORIENTED_EDGE ( 'NONE', *, *, #18, .T. ) ;
#1589 = CIRCLE ( 'NONE', #1826, 1.450000000000000844 ) ;
#1590 = EDGE_CURVE ( 'NONE', #428, #999, #1683, .T. ) ;
#1591 = EDGE_CURVE ( 'NONE', #1987, #895, #1031, .T. ) ;
#1592 = FACE_OUTER_BOUND ( 'NONE', #656, .T. ) ;
#1593 = DIRECTION ( 'NONE',  ( -1.000000000000000000, 0.000000000000000000, 0.000000000000000000 ) ) ;
#1594 = DIRECTION ( 'NONE',  ( 0.000000000000000000, 0.000000000000000000, 1.000000000000000000 ) ) ;
#1595 = FACE_OUTER_BOUND ( 'NONE', #1512, .T. ) ;
#1596 = FACE_OUTER_BOUND ( 'NONE', #1481, .T. ) ;
#1597 = ORIENTED_EDGE ( 'NONE', *, *, #1802, .T. ) ;
#1598 = EDGE_LOOP ( 'NONE', ( #1241, #1751, #2746, #20 ) ) ;
#1599 = DIRECTION ( 'NONE',  ( -1.000000000000000000, 0.000000000000000000, 0.000000000000000000 ) ) ;
#1600 = ORIENTED_EDGE ( 'NONE', *, *, #1202, .T. ) ;
#1601 = VECTOR ( 'NONE', #1747, 1000.000000000000114 ) ;
#1602 = DIRECTION ( 'NONE',  ( -0.000000000000000000, -0.9961946980917461003, -0.08715574274765178209 ) ) ;
#1603 = VECTOR ( 'NONE', #1632, 1000.000000000000000 ) ;
#1604 = CARTESIAN_POINT ( 'NONE',  ( 26.66049721830912134, 68.38872085065685269, 1.967958437298052532 ) ) ;
#1605 = ORIENTED_EDGE ( 'NONE', *, *, #214, .T. ) ;
#1606 = CARTESIAN_POINT ( 'NONE',  ( 15.65746309435434114, 35.56415072187535031, 3.111460016091061043 ) ) ;
#1607 = LINE ( 'NONE', #719, #2473 ) ;
#1608 = ADVANCED_FACE ( 'NONE', ( #803 ), #1495, .F. ) ;
#1609 = DIRECTION ( 'NONE',  ( -1.000000000000000000, 0.000000000000000000, 0.000000000000000000 ) ) ;
#1610 = CARTESIAN_POINT ( 'NONE',  ( 26.66049721830912134, 38.29736393141389783, -5.181883432193085781 ) ) ;
#1611 = ORIENTED_EDGE ( 'NONE', *, *, #1981, .F. ) ;
#1612 = VERTEX_POINT ( 'NONE', #147 ) ;
#1613 = CARTESIAN_POINT ( 'NONE',  ( 2.060497218309119916, 50.40754207012539467, 12.44064718768885847 ) ) ;
#1614 = ORIENTED_EDGE ( 'NONE', *, *, #1560, .F. ) ;
#1615 = CARTESIAN_POINT ( 'NONE',  ( 26.66049721830912134, 38.47167541690922121, -7.174272828376576427 ) ) ;
#1616 = CYLINDRICAL_SURFACE ( 'NONE', #108, 0.5000000000000004441 ) ;
#1617 = DIRECTION ( 'NONE',  ( 0.000000000000000000, 0.08715574274764890939, -0.9961946980917463224 ) ) ;
#1618 = AXIS2_PLACEMENT_3D ( 'NONE', #1985, #2902, #2245 ) ;
#1619 = DIRECTION ( 'NONE',  ( 1.000000000000000000, 0.000000000000000000, -0.000000000000000000 ) ) ;
#1620 = FACE_OUTER_BOUND ( 'NONE', #1918, .T. ) ;
#1621 = ORIENTED_EDGE ( 'NONE', *, *, #692, .T. ) ;
#1622 = VECTOR ( 'NONE', #1146, 1000.000000000000114 ) ;
#1623 = EDGE_CURVE ( 'NONE', #1713, #798, #668, .T. ) ;
#1624 = EDGE_CURVE ( 'NONE', #114, #2277, #2713, .T. ) ;
#1625 = VERTEX_POINT ( 'NONE', #1808 ) ;
#1626 = CARTESIAN_POINT ( 'NONE',  ( 31.57820022431283391, 58.43287021324564989, -10.44699376098125398 ) ) ;
#1627 = EDGE_LOOP ( 'NONE', ( #1538, #2772, #2175, #2437 ) ) ;
#1628 = DIRECTION ( 'NONE',  ( -1.000000000000000000, 0.000000000000000000, 0.000000000000000000 ) ) ;
#1629 = EDGE_CURVE ( 'NONE', #2539, #1147, #2520, .T. ) ;
#1630 = LINE ( 'NONE', #1445, #1535 ) ;
#1631 = EDGE_LOOP ( 'NONE', ( #332, #1179, #1569, #1210, #717, #487 ) ) ;
#1632 = DIRECTION ( 'NONE',  ( -1.000000000000000000, 0.000000000000000000, 0.000000000000000000 ) ) ;
#1633 = ORIENTED_EDGE ( 'NONE', *, *, #1712, .T. ) ;
#1634 = AXIS2_PLACEMENT_3D ( 'NONE', #300, #2102, #92 ) ;
#1635 = DIRECTION ( 'NONE',  ( 0.000000000000000000, 0.000000000000000000, -1.000000000000000000 ) ) ;
#1636 = ORIENTED_EDGE ( 'NONE', *, *, #985, .F. ) ;
#1637 = ORIENTED_EDGE ( 'NONE', *, *, #1469, .T. ) ;
#1638 = DIRECTION ( 'NONE',  ( 0.000000000000000000, 0.08715574274765360008, -0.9961946980917459893 ) ) ;
#1639 = CARTESIAN_POINT ( 'NONE',  ( 14.42299721830911885, 68.53819522871214076, 5.996315101038732109 ) ) ;
#1640 = VERTEX_POINT ( 'NONE', #1779 ) ;
#1641 = ADVANCED_FACE ( 'NONE', ( #638 ), #654, .F. ) ;
#1642 = VECTOR ( 'NONE', #84, 1000.000000000000000 ) ;
#1643 = CARTESIAN_POINT ( 'NONE',  ( 5.310497218309123468, 36.91836809459345403, -6.630458760587118583 ) ) ;
#1644 = CARTESIAN_POINT ( 'NONE',  ( 20.59799721830912134, 58.43287021324564989, -10.44699376098125398 ) ) ;
#1645 = VECTOR ( 'NONE', #1568, 1000.000000000000114 ) ;
#1646 = DIRECTION ( 'NONE',  ( 0.000000000000000000, -0.08715574274765129636, 0.9961946980917461003 ) ) ;
#1647 = AXIS2_PLACEMENT_3D ( 'NONE', #1215, #536, #2134 ) ;
#1648 = ORIENTED_EDGE ( 'NONE', *, *, #1052, .T. ) ;
#1649 = DIRECTION ( 'NONE',  ( 0.000000000000000000, 0.000000000000000000, -1.000000000000000000 ) ) ;
#1650 = ORIENTED_EDGE ( 'NONE', *, *, #686, .T. ) ;
#1651 = DIRECTION ( 'NONE',  ( 1.000000000000000000, 0.000000000000000000, -0.000000000000000000 ) ) ;
#1652 = ORIENTED_EDGE ( 'NONE', *, *, #692, .F. ) ;
#1653 = DIRECTION ( 'NONE',  ( 0.000000000000000000, -0.08715574274764838203, 0.9961946980917464334 ) ) ;
#1654 = EDGE_CURVE ( 'NONE', #1132, #1106, #1544, .T. ) ;
#1655 = LINE ( 'NONE', #564, #2712 ) ;
#1656 = CARTESIAN_POINT ( 'NONE',  ( 22.41049721830912134, 68.88681819970273068, 2.011536308671881379 ) ) ;
#1657 = EDGE_LOOP ( 'NONE', ( #2837, #600, #1262, #2306 ) ) ;
#1658 = DIRECTION ( 'NONE',  ( 0.000000000000000000, 0.000000000000000000, 1.000000000000000000 ) ) ;
#1659 = ORIENTED_EDGE ( 'NONE', *, *, #2477, .F. ) ;
#1660 = CIRCLE ( 'NONE', #1350, 2.000000000000001332 ) ;
#1661 = EDGE_CURVE ( 'NONE', #2734, #1399, #1094, .T. ) ;
#1662 = CARTESIAN_POINT ( 'NONE',  ( 22.73073076255097291, 68.82602843829882033, 2.280148412114851197 ) ) ;
#1663 = PRODUCT_DEFINITION_FORMATION_WITH_SPECIFIED_SOURCE ( 'ANY', '', #763, .NOT_KNOWN. ) ;
#1664 = VECTOR ( 'NONE', #2383, 1000.000000000000114 ) ;
#1665 = ORIENTED_EDGE ( 'NONE', *, *, #2778, .T. ) ;
#1666 = CIRCLE ( 'NONE', #489, 1.650000000000000355 ) ;
#1667 = CARTESIAN_POINT ( 'NONE',  ( 26.66049721830912134, 33.81898109716289014, 6.421955897523905499 ) ) ;
#1668 = FACE_OUTER_BOUND ( 'NONE', #316, .T. ) ;
#1669 = FACE_OUTER_BOUND ( 'NONE', #683, .T. ) ;
#1670 = CARTESIAN_POINT ( 'NONE',  ( 12.36049721830912063, 34.42035572212171957, 0.9982124806907793912 ) ) ;
#1671 = VECTOR ( 'NONE', #1780, 1000.000000000000000 ) ;
#1672 = CARTESIAN_POINT ( 'NONE',  ( 5.914409295489549301, 68.78974929351335277, 2.228824639213802694 ) ) ;
#1673 = DIRECTION ( 'NONE',  ( 1.000000000000000000, 0.000000000000000000, 0.000000000000000000 ) ) ;
#1674 = FACE_OUTER_BOUND ( 'NONE', #1885, .T. ) ;
#1675 = ORIENTED_EDGE ( 'NONE', *, *, #288, .T. ) ;
#1676 = CARTESIAN_POINT ( 'NONE',  ( 6.310497218309117251, 68.23315012909530708, 9.482996544359975744 ) ) ;
#1677 = DIRECTION ( 'NONE',  ( -1.000000000000000000, 0.000000000000000000, 0.000000000000000000 ) ) ;
#1678 = VERTEX_POINT ( 'NONE', #2850 ) ;
#1679 = EDGE_CURVE ( 'NONE', #1272, #2787, #1718, .T. ) ;
#1680 = EDGE_CURVE ( 'NONE', #2274, #2824, #741, .T. ) ;
#1681 = CARTESIAN_POINT ( 'NONE',  ( 20.59799721830912134, 58.43287021324564989, -10.44699376098125398 ) ) ;
#1682 = CIRCLE ( 'NONE', #1175, 1.000000000000001332 ) ;
#1683 = LINE ( 'NONE', #1920, #1664 ) ;
#1684 = DIRECTION ( 'NONE',  ( -1.000000000000000000, -0.000000000000000000, -0.000000000000000000 ) ) ;
#1685 = LINE ( 'NONE', #771, #1642 ) ;
#1686 = ORIENTED_EDGE ( 'NONE', *, *, #2107, .F. ) ;
#1687 = CARTESIAN_POINT ( 'NONE',  ( 5.310497218309119916, 39.49907460599623477, -0.5595581023839966139 ) ) ;
#1688 = DIRECTION ( 'NONE',  ( 1.000000000000000000, 0.000000000000000000, 0.000000000000000000 ) ) ;
#1689 = CARTESIAN_POINT ( 'NONE',  ( 20.59799721830912134, 74.62735626745033812, -0.4976912004913923715 ) ) ;
#1690 = FACE_OUTER_BOUND ( 'NONE', #1970, .T. ) ;
#1691 = CARTESIAN_POINT ( 'NONE',  ( 5.471138476320504651, 67.73505278004942909, 9.939418672986148451 ) ) ;
#1692 = EDGE_LOOP ( 'NONE', ( #808, #1932, #1105, #2632 ) ) ;
#1693 = AXIS2_PLACEMENT_3D ( 'NONE', #1626, #2294, #278 ) ;
#1694 = CARTESIAN_POINT ( 'NONE',  ( 2.060497218309119916, 41.14284103118912839, 3.599532175477999196 ) ) ;
#1695 = CIRCLE ( 'NONE', #1741, 4.000000000000017764 ) ;
#1696 = ORIENTED_EDGE ( 'NONE', *, *, #1532, .T. ) ;
#1697 = CARTESIAN_POINT ( 'NONE',  ( 26.36049721830912063, 36.80943926783152875, 7.235687996854644588 ) ) ;
#1698 = PLANE ( 'NONE',  #2311 ) ;
#1699 = VERTEX_POINT ( 'NONE', #2323 ) ;
#1700 = VERTEX_POINT ( 'NONE', #97 ) ;
#1701 = AXIS2_PLACEMENT_3D ( 'NONE', #2168, #2872, #844 ) ;
#1702 = DIRECTION ( 'NONE',  ( -1.000000000000000000, 0.000000000000000000, 0.000000000000000000 ) ) ;
#1703 = CARTESIAN_POINT ( 'NONE',  ( 0.000000000000000000, 0.000000000000000000, 0.000000000000000000 ) ) ;
#1704 = DIRECTION ( 'NONE',  ( 0.000000000000000000, -0.9961946980917459893, -0.08715574274765246210 ) ) ;
#1705 = CARTESIAN_POINT ( 'NONE',  ( -1.587499999999999911, 73.39471214192175808, 12.44412430042668127 ) ) ;
#1706 = ORIENTED_EDGE ( 'NONE', *, *, #2592, .F. ) ;
#1707 = CARTESIAN_POINT ( 'NONE',  ( 13.94799721830912098, 54.18662419263570484, -7.807032637696646127 ) ) ;
#1708 = ORIENTED_EDGE ( 'NONE', *, *, #2704, .F. ) ;
#1709 = DIRECTION ( 'NONE',  ( 0.000000000000000000, 0.08715574274765523766, -0.9961946980917457672 ) ) ;
#1710 = AXIS2_PLACEMENT_3D ( 'NONE', #769, #2368, #1709 ) ;
#1711 = LINE ( 'NONE', #544, #996 ) ;
#1712 = EDGE_CURVE ( 'NONE', #2787, #885, #1012, .T. ) ;
#1713 = VERTEX_POINT ( 'NONE', #2374 ) ;
#1714 = EDGE_CURVE ( 'NONE', #607, #1106, #579, .T. ) ;
#1715 = EDGE_CURVE ( 'NONE', #584, #2366, #2866, .T. ) ;
#1716 = EDGE_CURVE ( 'NONE', #1678, #2275, #2626, .T. ) ;
#1717 = ORIENTED_EDGE ( 'NONE', *, *, #854, .T. ) ;
#1718 = LINE ( 'NONE', #167, #2333 ) ;
#1719 = DIRECTION ( 'NONE',  ( -0.000000000000000000, -0.08715574274765523766, 0.9961946980917457672 ) ) ;
#1720 = CARTESIAN_POINT ( 'NONE',  ( 23.16605140363258641, 67.85439484488584583, 9.930242687758061848 ) ) ;
#1721 = ADVANCED_FACE ( 'NONE', ( #2176 ), #2161, .F. ) ;
#1722 = VECTOR ( 'NONE', #406, 1000.000000000000114 ) ;
#1723 = CARTESIAN_POINT ( 'NONE',  ( 2.060497218309120360, 35.86309947798586251, 11.16817334357307345 ) ) ;
#1724 = ORIENTED_EDGE ( 'NONE', *, *, #2636, .T. ) ;
#1725 = DIRECTION ( 'NONE',  ( 0.000000000000000000, -0.9961946980917457672, -0.08715574274765630625 ) ) ;
#1726 = ORIENTED_EDGE ( 'NONE', *, *, #1881, .F. ) ;
#1727 = CARTESIAN_POINT ( 'NONE',  ( 5.310497218309119916, 50.40754207012539467, 12.44064718768885847 ) ) ;
#1728 = DIRECTION ( 'NONE',  ( 0.000000000000000000, 0.000000000000000000, 1.000000000000000000 ) ) ;
#1729 = AXIS2_PLACEMENT_3D ( 'NONE', #731, #1628, #2532 ) ;
#1730 = ORIENTED_EDGE ( 'NONE', *, *, #1026, .F. ) ;
#1731 = ORIENTED_EDGE ( 'NONE', *, *, #2192, .F. ) ;
#1732 = DIRECTION ( 'NONE',  ( -0.000000000000000000, 0.08715574274765688911, -0.9961946980917457672 ) ) ;
#1733 = EDGE_CURVE ( 'NONE', #898, #2447, #1911, .T. ) ;
#1734 = CARTESIAN_POINT ( 'NONE',  ( 2.060497218309120360, 73.39471214192175808, 12.44412430042668127 ) ) ;
#1735 = FACE_OUTER_BOUND ( 'NONE', #2487, .T. ) ;
#1736 = VERTEX_POINT ( 'NONE', #2418 ) ;
#1737 = LINE ( 'NONE', #2631, #2693 ) ;
#1738 = EDGE_CURVE ( 'NONE', #1363, #2871, #151, .T. ) ;
#1739 = VECTOR ( 'NONE', #1977, 1000.000000000000114 ) ;
#1740 = LINE ( 'NONE', #616, #2204 ) ;
#1741 = AXIS2_PLACEMENT_3D ( 'NONE', #658, #2410, #2467 ) ;
#1742 = DIRECTION ( 'NONE',  ( -1.000000000000000000, 0.000000000000000000, 0.000000000000000000 ) ) ;
#1743 = AXIS2_PLACEMENT_3D ( 'NONE', #1222, #2109, #322 ) ;
#1744 = CARTESIAN_POINT ( 'NONE',  ( 12.36049721830912063, 35.86309947798586251, 11.16817334357307345 ) ) ;
#1745 = ORIENTED_EDGE ( 'NONE', *, *, #1770, .F. ) ;
#1746 = VERTEX_POINT ( 'NONE', #1226 ) ;
#1747 = DIRECTION ( 'NONE',  ( 0.000000000000000000, -0.9961946980917456562, -0.08715574274765716667 ) ) ;
#1748 = CARTESIAN_POINT ( 'NONE',  ( 23.22667358779441216, 67.77748741498915308, 9.945041141255906325 ) ) ;
#1749 = CARTESIAN_POINT ( 'NONE',  ( 23.41049721830912489, 35.86309947798586251, 11.16817334357307345 ) ) ;
#1750 = ORIENTED_EDGE ( 'NONE', *, *, #2011, .F. ) ;
#1751 = ORIENTED_EDGE ( 'NONE', *, *, #15, .T. ) ;
#1752 = CARTESIAN_POINT ( 'NONE',  ( 5.310497218309119916, 43.95101729646281541, 21.39678357070751247 ) ) ;
#1753 = LINE ( 'NONE', #2801, #2729 ) ;
#1754 = EDGE_CURVE ( 'NONE', #1736, #1025, #2579, .T. ) ;
#1755 = FACE_OUTER_BOUND ( 'NONE', #593, .T. ) ;
#1756 = DIRECTION ( 'NONE',  ( -0.000000000000000000, 0.08715574274765246210, -0.9961946980917461003 ) ) ;
#1757 = ORIENTED_EDGE ( 'NONE', *, *, #2053, .F. ) ;
#1758 = VERTEX_POINT ( 'NONE', #793 ) ;
#1759 = CIRCLE ( 'NONE', #241, 2.000000000000000000 ) ;
#1760 = CARTESIAN_POINT ( 'NONE',  ( 26.66049721830912134, 39.32476312050092560, 1.432831293799494921 ) ) ;
#1761 = CIRCLE ( 'NONE', #1901, 1.000000000000000000 ) ;
#1762 = ORIENTED_EDGE ( 'NONE', *, *, #1629, .T. ) ;
#1763 = VECTOR ( 'NONE', #447, 1000.000000000000000 ) ;
#1764 = VERTEX_POINT ( 'NONE', #2130 ) ;
#1765 = CARTESIAN_POINT ( 'NONE',  ( 5.310497218309119916, 35.56415072187534321, 3.111460016091320391 ) ) ;
#1766 = VERTEX_POINT ( 'NONE', #120 ) ;
#1767 = VECTOR ( 'NONE', #1845, 1000.000000000000114 ) ;
#1768 = CARTESIAN_POINT ( 'NONE',  ( 18.33066118493420404, 43.95101729646281541, 17.39678357070749470 ) ) ;
#1769 = EDGE_CURVE ( 'NONE', #1430, #2066, #923, .T. ) ;
#1770 = EDGE_CURVE ( 'NONE', #2417, #1678, #2822, .T. ) ;
#1771 = EDGE_CURVE ( 'NONE', #1625, #459, #2113, .T. ) ;
#1772 = CARTESIAN_POINT ( 'NONE',  ( 2.060497218309118583, 43.95101729646281541, 17.39678357070749470 ) ) ;
#1773 = CARTESIAN_POINT ( 'NONE',  ( 18.33066118493420404, 61.06673499302408459, 5.342647030431088240 ) ) ;
#1774 = EDGE_CURVE ( 'NONE', #503, #303, #2162, .T. ) ;
#1775 = FACE_OUTER_BOUND ( 'NONE', #2703, .T. ) ;
#1776 = ORIENTED_EDGE ( 'NONE', *, *, #2628, .F. ) ;
#1777 = VERTEX_POINT ( 'NONE', #1927 ) ;
#1778 = AXIS2_PLACEMENT_3D ( 'NONE', #2576, #545, #1456 ) ;
#1779 = CARTESIAN_POINT ( 'NONE',  ( 14.42299721830911885, 73.73461953863757401, 8.558964977868603441 ) ) ;
#1780 = DIRECTION ( 'NONE',  ( -1.000000000000000000, -0.000000000000000000, -0.000000000000000000 ) ) ;
#1781 = EDGE_LOOP ( 'NONE', ( #1494, #1136, #125, #2869, #414 ) ) ;
#1782 = DIRECTION ( 'NONE',  ( 1.000000000000000000, 0.000000000000000000, 0.000000000000000000 ) ) ;
#1783 = AXIS2_PLACEMENT_3D ( 'NONE', #1114, #173, #2182 ) ;
#1784 = CARTESIAN_POINT ( 'NONE',  ( 22.41049721830912134, 68.84324032832890339, 2.509633657717752264 ) ) ;
#1785 = CARTESIAN_POINT ( 'NONE',  ( 9.533169552247086287, 31.08127458046248748, 2.719259173726842338 ) ) ;
#1786 = CIRCLE ( 'NONE', #750, 0.9999999999999973355 ) ;
#1787 = DIRECTION ( 'NONE',  ( 0.000000000000000000, 0.000000000000000000, -1.000000000000000000 ) ) ;
#1788 = AXIS2_PLACEMENT_3D ( 'NONE', #1551, #1357, #2678 ) ;
#1789 = ORIENTED_EDGE ( 'NONE', *, *, #392, .F. ) ;
#1790 = VECTOR ( 'NONE', #2254, 1000.000000000000000 ) ;
#1791 = AXIS2_PLACEMENT_3D ( 'NONE', #1233, #2122, #2587 ) ;
#1792 = EDGE_LOOP ( 'NONE', ( #1246, #2685, #2594, #1121 ) ) ;
#1793 = DIRECTION ( 'NONE',  ( 0.000000000000000000, 0.9961946980917455452, 0.08715574274765738871 ) ) ;
#1794 = DIRECTION ( 'NONE',  ( 0.000000000000000000, -0.08715574274765687524, 0.9961946980917456562 ) ) ;
#1795 = VERTEX_POINT ( 'NONE', #2838 ) ;
#1796 = CARTESIAN_POINT ( 'NONE',  ( 26.66049721830912134, 68.23315012909530708, 9.482996544359973967 ) ) ;
#1797 = DIRECTION ( 'NONE',  ( 0.000000000000000000, -0.9961946980917464334, -0.08715574274764874285 ) ) ;
#1798 = DIRECTION ( 'NONE',  ( -1.000000000000000000, 0.000000000000000000, -0.000000000000000000 ) ) ;
#1799 = ORIENTED_EDGE ( 'NONE', *, *, #1153, .T. ) ;
#1800 = ORIENTED_EDGE ( 'NONE', *, *, #2300, .F. ) ;
#1801 = DIRECTION ( 'NONE',  ( 0.000000000000000000, 0.000000000000000000, -1.000000000000000000 ) ) ;
#1802 = EDGE_CURVE ( 'NONE', #206, #1736, #2308, .T. ) ;
#1803 = EDGE_LOOP ( 'NONE', ( #2652, #1588 ) ) ;
#1805 = EDGE_CURVE ( 'NONE', #263, #1857, #2597, .T. ) ;
#1804 = CARTESIAN_POINT ( 'NONE',  ( 7.310497218309123468, 36.97738336977158724, -7.305006442498060970 ) ) ;
#1806 = VECTOR ( 'NONE', #426, 1000.000000000000000 ) ;
#1807 = LINE ( 'NONE', #265, #1109 ) ;
#1808 = CARTESIAN_POINT ( 'NONE',  ( 20.59799721830912134, 62.15618177736969585, -7.109786695715368587 ) ) ;
#1809 = VECTOR ( 'NONE', #208, 1000.000000000000000 ) ;
#1810 = CARTESIAN_POINT ( 'NONE',  ( 5.310497218309119916, 49.11239861592313360, 4.296778117459211899 ) ) ;
#1811 = ORIENTED_EDGE ( 'NONE', *, *, #727, .T. ) ;
#1812 = FACE_OUTER_BOUND ( 'NONE', #2443, .T. ) ;
#1813 = DIRECTION ( 'NONE',  ( 0.000000000000000000, -0.9961946980917457672, -0.08715574274765608420 ) ) ;
#1814 = CARTESIAN_POINT ( 'NONE',  ( 18.33066118493420404, 39.96623850409581280, 17.04816059971689057 ) ) ;
#1815 = VECTOR ( 'NONE', #171, 1000.000000000000000 ) ;
#1816 = DIRECTION ( 'NONE',  ( 0.000000000000000000, 0.000000000000000000, -1.000000000000000000 ) ) ;
#1817 = ORIENTED_EDGE ( 'NONE', *, *, #2636, .F. ) ;
#1818 = ORIENTED_EDGE ( 'NONE', *, *, #577, .F. ) ;
#1819 = ORIENTED_EDGE ( 'NONE', *, *, #18, .F. ) ;
#1820 = PLANE ( 'NONE',  #83 ) ;
#1821 = EDGE_LOOP ( 'NONE', ( #2522, #2405, #1559, #1975, #440, #1075, #637, #2136, #433, #2269, #1199, #1243, #1322, #1898, #1008, #1181, #2143, #2260, #2501, #2381, #2069, #431, #337, #146 ) ) ;
#1822 = DIRECTION ( 'NONE',  ( 0.000000000000000000, 0.000000000000000000, -1.000000000000000000 ) ) ;
#1823 = EDGE_CURVE ( 'NONE', #2544, #1299, #1868, .T. ) ;
#1824 = DIRECTION ( 'NONE',  ( -1.000000000000000000, -0.000000000000000000, -0.000000000000000000 ) ) ;
#1825 = VERTEX_POINT ( 'NONE', #824 ) ;
#1826 = AXIS2_PLACEMENT_3D ( 'NONE', #988, #2659, #101 ) ;
#1827 = CARTESIAN_POINT ( 'NONE',  ( 18.33066118493420404, 52.19423479645220709, -7.981344123191947304 ) ) ;
#1828 = EDGE_CURVE ( 'NONE', #790, #1451, #1329, .T. ) ;
#1829 = DIRECTION ( 'NONE',  ( -1.000000000000000000, 0.000000000000000000, 0.000000000000000000 ) ) ;
#1830 = LINE ( 'NONE', #1230, #1212 ) ;
#1831 = ORIENTED_EDGE ( 'NONE', *, *, #1411, .T. ) ;
#1832 = VERTEX_POINT ( 'NONE', #1514 ) ;
#1833 = LINE ( 'NONE', #2324, #1046 ) ;
#1834 = ORIENTED_EDGE ( 'NONE', *, *, #2015, .T. ) ;
#1835 = PRESENTATION_LAYER_ASSIGNMENT (  '', '', ( #1274 ) ) ;
#1836 = CARTESIAN_POINT ( 'NONE',  ( 5.310497218309119916, 35.56415072187535031, 3.111460016091055714 ) ) ;
#1837 = CARTESIAN_POINT ( 'NONE',  ( 2.060497218309119916, 36.80943926783152875, 7.235687996854644588 ) ) ;
#1838 = CIRCLE ( 'NONE', #1051, 2.000000000000000000 ) ;
#1839 = CARTESIAN_POINT ( 'NONE',  ( 2.360497218309119738, 31.47984280638213406, 10.78468807548338226 ) ) ;
#1840 = ORIENTED_EDGE ( 'NONE', *, *, #1520, .F. ) ;
#1841 = DIRECTION ( 'NONE',  ( -1.000000000000000000, 0.000000000000000000, 0.000000000000000000 ) ) ;
#1842 = EDGE_CURVE ( 'NONE', #1736, #1148, #2892, .T. ) ;
#1843 = MANIFOLD_SOLID_BREP ( 'Move Face41', #2334 ) ;
#1844 = CARTESIAN_POINT ( 'NONE',  ( 13.94799721830912098, 58.43287021324564989, -10.44699376098125398 ) ) ;
#1845 = DIRECTION ( 'NONE',  ( 0.000000000000000000, 0.08715574274765523766, -0.9961946980917457672 ) ) ;
#1846 = ADVANCED_FACE ( 'NONE', ( #1990 ), #1135, .T. ) ;
#1847 = VERTEX_POINT ( 'NONE', #2699 ) ;
#1848 = ORIENTED_EDGE ( 'NONE', *, *, #2880, .F. ) ;
#1849 = FACE_OUTER_BOUND ( 'NONE', #457, .T. ) ;
#1850 = ORIENTED_EDGE ( 'NONE', *, *, #2549, .F. ) ;
#1851 = DIRECTION ( 'NONE',  ( 0.000000000000000000, 0.000000000000000000, -1.000000000000000000 ) ) ;
#1852 = DIRECTION ( 'NONE',  ( 0.000000000000000000, -0.9961946980917456562, -0.08715574274765683360 ) ) ;
#1853 = CARTESIAN_POINT ( 'NONE',  ( 23.41049721830912489, 35.86483803435474726, -0.3254116923251211269 ) ) ;
#1854 = CARTESIAN_POINT ( 'NONE',  ( 31.57820022431283391, 58.43287021324564989, -12.09699376098125434 ) ) ;
#1855 = FACE_OUTER_BOUND ( 'NONE', #1519, .T. ) ;
#1856 = AXIS2_PLACEMENT_3D ( 'NONE', #937, #1593, #2495 ) ;
#1857 = VERTEX_POINT ( 'NONE', #2208 ) ;
#1858 = ADVANCED_FACE ( 'NONE', ( #1081 ), #404, .F. ) ;
#1859 = DIRECTION ( 'NONE',  ( -0.000000000000000000, -0.08715574274765523766, 0.9961946980917457672 ) ) ;
#1860 = VECTOR ( 'NONE', #795, 1000.000000000000114 ) ;
#1861 = EDGE_CURVE ( 'NONE', #1942, #1958, #2249, .T. ) ;
#1862 = EDGE_LOOP ( 'NONE', ( #1903, #1328 ) ) ;
#1863 = VECTOR ( 'NONE', #1982, 1000.000000000000000 ) ;
#1864 = ORIENTED_EDGE ( 'NONE', *, *, #1552, .T. ) ;
#1865 = CARTESIAN_POINT ( 'NONE',  ( 5.310497218309119916, 37.33237372431743495, 1.258519808304190635 ) ) ;
#1866 = DIRECTION ( 'NONE',  ( 1.000000000000000000, 0.000000000000000000, -0.000000000000000000 ) ) ;
#1867 = EDGE_CURVE ( 'NONE', #1825, #1402, #1373, .T. ) ;
#1868 = B_SPLINE_CURVE_WITH_KNOTS ( 'NONE', 3,
 ( #595, #2803, #2613, #1488, #2388, #1672, #1269, #133, #1943, #2852 ),
 .UNSPECIFIED., .F., .F.,
 ( 4, 2, 2, 2, 4 ),
 ( 0.000000000000000000, 0.0002926702286854233827, 0.0005853404573708467654, 0.0008780106860562702023, 0.001170680914741693531 ),
 .UNSPECIFIED. ) ;
#1869 = CARTESIAN_POINT ( 'NONE',  ( 5.318315679512093830, 37.15650460285120005, -6.832083051638977444 ) ) ;
#1870 = FACE_OUTER_BOUND ( 'NONE', #313, .T. ) ;
#1871 = CARTESIAN_POINT ( 'NONE',  ( -30.14652396192871464, 38.96977276595507789, -7.130694957002748247 ) ) ;
#1872 = ORIENTED_EDGE ( 'NONE', *, *, #2173, .T. ) ;
#1873 = DIRECTION ( 'NONE',  ( -1.000000000000000000, 0.000000000000000000, 0.000000000000000000 ) ) ;
#1874 = ORIENTED_EDGE ( 'NONE', *, *, #453, .T. ) ;
#1875 = FACE_OUTER_BOUND ( 'NONE', #2292, .T. ) ;
#1876 = ORIENTED_EDGE ( 'NONE', *, *, #1168, .T. ) ;
#1877 = DIRECTION ( 'NONE',  ( 0.000000000000000000, 0.000000000000000000, 1.000000000000000000 ) ) ;
#1878 = AXIS2_PLACEMENT_3D ( 'NONE', #1760, #1541, #418 ) ;
#1879 = DIRECTION ( 'NONE',  ( 0.000000000000000000, 0.000000000000000000, -1.000000000000000000 ) ) ;
#1880 = DIRECTION ( 'NONE',  ( 0.000000000000000000, 0.08715574274765601481, -0.9961946980917456562 ) ) ;
#1881 = EDGE_CURVE ( 'NONE', #2800, #1625, #2220, .T. ) ;
#1882 = CARTESIAN_POINT ( 'NONE',  ( 2.060497218309119916, 33.94535692414699923, 4.977473585290877800 ) ) ;
#1883 = ORIENTED_EDGE ( 'NONE', *, *, #2676, .F. ) ;
#1884 = DIRECTION ( 'NONE',  ( -1.000000000000000000, 0.000000000000000000, -0.000000000000000000 ) ) ;
#1885 = EDGE_LOOP ( 'NONE', ( #1455, #71, #1335, #1149 ) ) ;
#1886 = DIRECTION ( 'NONE',  ( 0.000000000000000000, 0.000000000000000000, -1.000000000000000000 ) ) ;
#1887 = ORIENTED_EDGE ( 'NONE', *, *, #1368, .F. ) ;
#1888 = CARTESIAN_POINT ( 'NONE',  ( 23.41049721830912489, 36.91836809459698543, -6.630458760590479450 ) ) ;
#1889 = DIRECTION ( 'NONE',  ( -1.000000000000000000, 0.000000000000000000, 0.000000000000000000 ) ) ;
#1890 = EDGE_CURVE ( 'NONE', #163, #114, #217, .T. ) ;
#1891 = EDGE_CURVE ( 'NONE', #79, #1939, #2906, .T. ) ;
#1892 = DIRECTION ( 'NONE',  ( 0.000000000000000000, 0.000000000000000000, 1.000000000000000000 ) ) ;
#1893 = ADVANCED_FACE ( 'NONE', ( #2684 ), #648, .F. ) ;
#1894 = DIRECTION ( 'NONE',  ( 0.000000000000000000, 0.000000000000000000, -1.000000000000000000 ) ) ;
#1895 = CARTESIAN_POINT ( 'NONE',  ( 40.51354262550622565, 67.84094928673087566, 13.96587268577272845 ) ) ;
#1896 = LINE ( 'NONE', #2807, #792 ) ;
#1897 = CARTESIAN_POINT ( 'NONE',  ( 2.360497218309119738, 71.90023940141803394, -3.747742523009451876 ) ) ;
#1898 = ORIENTED_EDGE ( 'NONE', *, *, #2328, .T. ) ;
#1899 = AXIS2_PLACEMENT_3D ( 'NONE', #1772, #1340, #1365 ) ;
#1900 = FACE_OUTER_BOUND ( 'NONE', #1358, .T. ) ;
#1901 = AXIS2_PLACEMENT_3D ( 'NONE', #1431, #1673, #2343 ) ;
#1902 = VECTOR ( 'NONE', #2112, 1000.000000000000000 ) ;
#1903 = ORIENTED_EDGE ( 'NONE', *, *, #1001, .F. ) ;
#1904 = CARTESIAN_POINT ( 'NONE',  ( 26.36049721830912063, 67.69147490867560180, 9.937516022032019336 ) ) ;
#1905 = CARTESIAN_POINT ( 'NONE',  ( 13.94799721830912098, 62.15618177736969585, -7.109786695715368587 ) ) ;
#1906 = FACE_OUTER_BOUND ( 'NONE', #2895, .T. ) ;
#1907 = EDGE_LOOP ( 'NONE', ( #283, #1393, #2515, #1582 ) ) ;
#1908 = CIRCLE ( 'NONE', #1259, 2.600000000000000089 ) ;
#1909 = DIRECTION ( 'NONE',  ( 0.000000000000000000, 0.9961946980917465444, 0.08715574274764824325 ) ) ;
#1910 = DIRECTION ( 'NONE',  ( 0.000000000000000000, 0.000000000000000000, 1.000000000000000000 ) ) ;
#1911 = LINE ( 'NONE', #1002, #1902 ) ;
#1912 = CARTESIAN_POINT ( 'NONE',  ( 11.32924721830912063, 73.89767861247570124, -4.074899154731417283 ) ) ;
#1913 = CARTESIAN_POINT ( 'NONE',  ( 5.310497218309119916, 48.24084118844658775, 14.25872509837704527 ) ) ;
#1914 = CARTESIAN_POINT ( 'NONE',  ( 5.583144865903443055, 67.88550474490394038, 9.920928463840917644 ) ) ;
#1915 = CARTESIAN_POINT ( 'NONE',  ( 31.57820022431283391, 54.44809142087867571, -10.79561673197187055 ) ) ;
#1916 = ORIENTED_EDGE ( 'NONE', *, *, #195, .F. ) ;
#1917 = DIRECTION ( 'NONE',  ( 0.000000000000000000, 0.000000000000000000, 1.000000000000000000 ) ) ;
#1918 = EDGE_LOOP ( 'NONE', ( #590, #813, #1497, #1731, #620 ) ) ;
#1919 = AXIS2_PLACEMENT_3D ( 'NONE', #1016, #1909, #2820 ) ;
#1920 = CARTESIAN_POINT ( 'NONE',  ( 13.94799721830912098, 53.09717740829008648, 4.645401088449874649 ) ) ;
#1921 = LINE ( 'NONE', #2398, #2089 ) ;
#1922 = DIRECTION ( 'NONE',  ( 0.000000000000000000, 0.000000000000000000, 1.000000000000000000 ) ) ;
#1923 = ORIENTED_EDGE ( 'NONE', *, *, #1225, .F. ) ;
#1924 = LINE ( 'NONE', #1036, #109 ) ;
#1925 = VERTEX_POINT ( 'NONE', #2231 ) ;
#1926 = CARTESIAN_POINT ( 'NONE',  ( 23.41049721830912489, 0.7408238133550687499, -8.467654933779728665 ) ) ;
#1927 = CARTESIAN_POINT ( 'NONE',  ( 20.59799721830912134, 54.44809142087867571, -10.79561673197187055 ) ) ;
#1928 = DIRECTION ( 'NONE',  ( -1.000000000000000000, 0.000000000000000000, 0.000000000000000000 ) ) ;
#1929 = DIRECTION ( 'NONE',  ( 0.000000000000000000, 0.9961946980917461003, 0.08715574274765196250 ) ) ;
#1930 = AXIS2_PLACEMENT_3D ( 'NONE', #502, #517, #233 ) ;
#1931 = CARTESIAN_POINT ( 'NONE',  ( 5.310497218309119916, 38.45320569302441527, 11.39477827471698212 ) ) ;
#1932 = ORIENTED_EDGE ( 'NONE', *, *, #2605, .F. ) ;
#1933 = AXIS2_PLACEMENT_3D ( 'NONE', #2305, #957, #273 ) ;
#1934 = CIRCLE ( 'NONE', #1049, 2.000000000000000888 ) ;
#1935 = DIRECTION ( 'NONE',  ( 0.000000000000000000, 0.000000000000000000, -1.000000000000000000 ) ) ;
#1936 = AXIS2_PLACEMENT_3D ( 'NONE', #1768, #641, #1547 ) ;
#1937 = EDGE_CURVE ( 'NONE', #378, #1699, #272, .T. ) ;
#1938 = ADVANCED_FACE ( 'NONE', ( #681, #1122 ), #897, .T. ) ;
#1939 = VERTEX_POINT ( 'NONE', #443 ) ;
#1940 = ADVANCED_FACE ( 'NONE', ( #973 ), #1820, .F. ) ;
#1941 = DIRECTION ( 'NONE',  ( -0.000000000000000000, -0.9961946980917458783, -0.08715574274765525153 ) ) ;
#1942 = VERTEX_POINT ( 'NONE', #944 ) ;
#1943 = CARTESIAN_POINT ( 'NONE',  ( 6.230842205828032832, 68.84814932427903500, 2.453523577253974519 ) ) ;
#1944 = DIRECTION ( 'NONE',  ( 0.000000000000000000, -0.9961946980917457672, -0.08715574274765630625 ) ) ;
#1945 = FACE_OUTER_BOUND ( 'NONE', #29, .T. ) ;
#1946 = FACE_OUTER_BOUND ( 'NONE', #485, .T. ) ;
#1947 = VERTEX_POINT ( 'NONE', #1613 ) ;
#1948 = CARTESIAN_POINT ( 'NONE',  ( 26.66049721830912134, 67.73505278004942909, 9.439418672986144898 ) ) ;
#1949 = EDGE_LOOP ( 'NONE', ( #2199, #1840, #2500, #914 ) ) ;
#1950 = CIRCLE ( 'NONE', #725, 1.999999999999999556 ) ;
#1951 = EDGE_CURVE ( 'NONE', #2317, #2537, #559, .T. ) ;
#1952 = AXIS2_PLACEMENT_3D ( 'NONE', #76, #990, #2792 ) ;
#1953 = AXIS2_PLACEMENT_3D ( 'NONE', #2847, #2397, #573 ) ;
#1954 = CARTESIAN_POINT ( 'NONE',  ( 23.41049721830912489, 34.29397989513761047, 0.9926947929238092438 ) ) ;
#1955 = VERTEX_POINT ( 'NONE', #2502 ) ;
#1956 = CARTESIAN_POINT ( 'NONE',  ( 20.59799721830912134, 64.14857117355319360, -6.935475210220069187 ) ) ;
#1957 = DIRECTION ( 'NONE',  ( 1.000000000000000000, -0.000000000000000000, -0.000000000000000000 ) ) ;
#1958 = VERTEX_POINT ( 'NONE', #1180 ) ;
#1959 = DIRECTION ( 'NONE',  ( -1.000000000000000000, -0.000000000000000000, -0.000000000000000000 ) ) ;
#1960 = CARTESIAN_POINT ( 'NONE',  ( 5.310497218309119916, 68.28282434397543454, -2.558495575488630713 ) ) ;
#1961 = ORIENTED_EDGE ( 'NONE', *, *, #2499, .F. ) ;
#1962 = DIRECTION ( 'NONE',  ( 0.000000000000000000, 0.000000000000000000, 1.000000000000000000 ) ) ;
#1963 = ADVANCED_FACE ( 'NONE', ( #293 ), #474, .F. ) ;
#1964 = CARTESIAN_POINT ( 'NONE',  ( 23.41049721830912489, 39.32476312050092560, 1.432831293799494921 ) ) ;
#1965 = VERTEX_POINT ( 'NONE', #755 ) ;
#1966 = ORIENTED_EDGE ( 'NONE', *, *, #266, .F. ) ;
#1967 = DIRECTION ( 'NONE',  ( 0.000000000000000000, 0.000000000000000000, -1.000000000000000000 ) ) ;
#1968 = ADVANCED_FACE ( 'NONE', ( #2516, #1388 ), #458, .T. ) ;
#1969 = DIRECTION ( 'NONE',  ( 0.000000000000000000, 0.08715574274765175433, -0.9961946980917461003 ) ) ;
#1970 = EDGE_LOOP ( 'NONE', ( #2361, #2123, #1850, #569 ) ) ;
#1971 = FACE_OUTER_BOUND ( 'NONE', #1792, .T. ) ;
#1972 = PLANE ( 'NONE',  #1778 ) ;
#1973 = DIRECTION ( 'NONE',  ( 1.000000000000000000, -0.000000000000000000, -0.000000000000000000 ) ) ;
#1974 = CARTESIAN_POINT ( 'NONE',  ( 14.42299721830911885, -38.87713302677934024, -3.401308410231955737 ) ) ;
#1975 = ORIENTED_EDGE ( 'NONE', *, *, #2244, .F. ) ;
#1976 = EDGE_LOOP ( 'NONE', ( #253, #2386, #402, #2682, #355 ) ) ;
#1977 = DIRECTION ( 'NONE',  ( 0.000000000000000000, -0.08715574274765194862, 0.9961946980917459893 ) ) ;
#1978 = CARTESIAN_POINT ( 'NONE',  ( 22.41049721830912134, 68.23315012909530708, 9.482996544359973967 ) ) ;
#1979 = ADVANCED_FACE ( 'NONE', ( #1371 ), #2068, .F. ) ;
#1980 = ADVANCED_FACE ( 'NONE', ( #1849 ), #2730, .F. ) ;
#1981 = EDGE_CURVE ( 'NONE', #1553, #1925, #1417, .T. ) ;
#1982 = DIRECTION ( 'NONE',  ( 0.000000000000000000, 0.08715574274765698626, -0.9961946980917456562 ) ) ;
#1983 = ORIENTED_EDGE ( 'NONE', *, *, #2832, .F. ) ;
#1984 = LINE ( 'NONE', #2859, #2846 ) ;
#1985 = CARTESIAN_POINT ( 'NONE',  ( 13.94799721830912098, 58.43287021324564989, -10.44699376098125398 ) ) ;
#1986 = FACE_OUTER_BOUND ( 'NONE', #1907, .T. ) ;
#1987 = VERTEX_POINT ( 'NONE', #262 ) ;
#1988 = ORIENTED_EDGE ( 'NONE', *, *, #727, .F. ) ;
#1989 = VECTOR ( 'NONE', #2622, 1000.000000000000000 ) ;
#1990 = FACE_OUTER_BOUND ( 'NONE', #1111, .T. ) ;
#1991 = EDGE_LOOP ( 'NONE', ( #367, #1053, #833, #369 ) ) ;
#1992 = VECTOR ( 'NONE', #2793, 1000.000000000000114 ) ;
#1993 = CARTESIAN_POINT ( 'NONE',  ( 23.41049721830912489, 37.33237372431743495, 1.258519808304191079 ) ) ;
#1994 = ORIENTED_EDGE ( 'NONE', *, *, #53, .T. ) ;
#1995 = AXIS2_PLACEMENT_3D ( 'NONE', #2726, #315, #40 ) ;
#1996 = LINE ( 'NONE', #1087, #2116 ) ;
#1997 = CARTESIAN_POINT ( 'NONE',  ( 23.41049721830912489, 39.49907460599623477, -0.5595581023839961698 ) ) ;
#1998 = DIRECTION ( 'NONE',  ( 1.000000000000000000, 0.000000000000000000, 0.000000000000000000 ) ) ;
#1999 = PLANE ( 'NONE',  #274 ) ;
#2000 = EDGE_CURVE ( 'NONE', #2183, #1713, #44, .T. ) ;
#2001 = EDGE_CURVE ( 'NONE', #934, #118, #1833, .T. ) ;
#2002 = EDGE_LOOP ( 'NONE', ( #2731, #2877 ) ) ;
#2003 = ORIENTED_EDGE ( 'NONE', *, *, #1714, .T. ) ;
#2004 = ORIENTED_EDGE ( 'NONE', *, *, #1116, .T. ) ;
#2005 = CIRCLE ( 'NONE', #359, 1.000000000000000222 ) ;
#2006 = DIRECTION ( 'NONE',  ( 0.000000000000000000, -1.387778780781445676E-14, -1.000000000000000000 ) ) ;
#2007 = CARTESIAN_POINT ( 'NONE',  ( 20.59799721830912134, 73.89767861247588598, -4.074899154731237871 ) ) ;
#2008 = ORIENTED_EDGE ( 'NONE', *, *, #1292, .F. ) ;
#2009 = DIRECTION ( 'NONE',  ( 0.000000000000000000, 0.000000000000000000, -1.000000000000000000 ) ) ;
#2010 = DIRECTION ( 'NONE',  ( 0.000000000000000000, -0.08715574274765129636, 0.9961946980917461003 ) ) ;
#2011 = EDGE_CURVE ( 'NONE', #197, #1795, #368, .T. ) ;
#2012 = DIRECTION ( 'NONE',  ( -1.000000000000000000, 0.000000000000000000, 0.000000000000000000 ) ) ;
#2013 = ADVANCED_FACE ( 'NONE', ( #1875 ), #1412, .F. ) ;
#2014 = AXIS2_PLACEMENT_3D ( 'NONE', #1639, #1941, #2385 ) ;
#2015 = EDGE_CURVE ( 'NONE', #182, #749, #2276, .T. ) ;
#2016 = CARTESIAN_POINT ( 'NONE',  ( 20.59799721830912134, 72.28529737164396352, 14.35470275996603817 ) ) ;
#2017 = VERTEX_POINT ( 'NONE', #2745 ) ;
#2018 = CIRCLE ( 'NONE', #2118, 1.999999999999999556 ) ;
#2019 = ORIENTED_EDGE ( 'NONE', *, *, #1532, .F. ) ;
#2020 = ADVANCED_FACE ( 'NONE', ( #711 ), #1401, .T. ) ;
#2021 = CIRCLE ( 'NONE', #1647, 2.000000000000000000 ) ;
#2022 = CARTESIAN_POINT ( 'NONE',  ( 15.65746309435434114, 32.25178076404954197, 0.8140255202911130805 ) ) ;
#2023 = VERTEX_POINT ( 'NONE', #1865 ) ;
#2024 = CARTESIAN_POINT ( 'NONE',  ( 23.41049721830912489, 37.50668520981274412, -0.7338695878793102256 ) ) ;
#2025 = CARTESIAN_POINT ( 'NONE',  ( 26.66049721830912134, 35.86309947798586251, 11.16817334357307345 ) ) ;
#2026 = DIRECTION ( 'NONE',  ( 1.000000000000000000, -0.000000000000000000, -0.000000000000000000 ) ) ;
#2027 = EDGE_LOOP ( 'NONE', ( #2935, #1834, #249, #1504 ) ) ;
#2028 = CARTESIAN_POINT ( 'NONE',  ( 26.66049721830912134, 72.39833675046391193, -3.704164651635621475 ) ) ;
#2029 = CARTESIAN_POINT ( 'NONE',  ( 2.060497218309120360, 30.99411883771481513, 3.715453871818774623 ) ) ;
#2030 = PLANE ( 'NONE',  #1933 ) ;
#2031 = DIRECTION ( 'NONE',  ( 0.000000000000000000, 0.000000000000000000, 1.000000000000000000 ) ) ;
#2032 = VERTEX_POINT ( 'NONE', #2775 ) ;
#2033 = EDGE_CURVE ( 'NONE', #303, #503, #1092, .T. ) ;
#2034 = ORIENTED_EDGE ( 'NONE', *, *, #891, .F. ) ;
#2035 = ORIENTED_EDGE ( 'NONE', *, *, #70, .T. ) ;
#2036 = DIRECTION ( 'NONE',  ( 0.000000000000000000, 0.08715574274765360008, -0.9961946980917459893 ) ) ;
#2037 = ORIENTED_EDGE ( 'NONE', *, *, #747, .F. ) ;
#2038 = DIRECTION ( 'NONE',  ( 0.000000000000000000, 0.000000000000000000, -1.000000000000000000 ) ) ;
#2039 = AXIS2_PLACEMENT_3D ( 'NONE', #199, #2914, #2899 ) ;
#2040 = AXIS2_PLACEMENT_3D ( 'NONE', #2129, #1889, #1910 ) ;
#2041 = B_SPLINE_CURVE_WITH_KNOTS ( 'NONE', 3,
 ( #1676, #2582, #2362, #330, #1244, #1914, #946, #250 ),
 .UNSPECIFIED., .F., .F.,
 ( 4, 2, 2, 4 ),
 ( -6.324569375180584833E-06, 0.0005592566131794045499, 0.0008420472044566980558, 0.001124837795733991778 ),
 .UNSPECIFIED. ) ;
#2042 = LINE ( 'NONE', #902, #2197 ) ;
#2043 = ORIENTED_EDGE ( 'NONE', *, *, #1861, .F. ) ;
#2044 = CIRCLE ( 'NONE', #2764, 0.9999999999999970024 ) ;
#2045 = DIRECTION ( 'NONE',  ( -1.000000000000000000, 0.000000000000000000, 0.000000000000000000 ) ) ;
#2046 = FACE_OUTER_BOUND ( 'NONE', #625, .T. ) ;
#2047 = AXIS2_PLACEMENT_3D ( 'NONE', #2237, #221, #1337 ) ;
#2048 = CARTESIAN_POINT ( 'NONE',  ( 20.59799721830912134, 58.43287021324564989, -8.796993760981253629 ) ) ;
#2049 = CIRCLE ( 'NONE', #1311, 0.5000000000000004441 ) ;
#2050 = DIRECTION ( 'NONE',  ( 0.000000000000000000, 0.000000000000000000, -1.000000000000000000 ) ) ;
#2051 = ORIENTED_EDGE ( 'NONE', *, *, #2464, .T. ) ;
#2052 = ORIENTED_EDGE ( 'NONE', *, *, #2461, .F. ) ;
#2053 = EDGE_CURVE ( 'NONE', #43, #1553, #1685, .T. ) ;
#2054 = CARTESIAN_POINT ( 'NONE',  ( 2.360497218309119738, 31.47984280638213406, 10.78468807548338226 ) ) ;
#2055 = VERTEX_POINT ( 'NONE', #1251 ) ;
#2056 = LINE ( 'NONE', #1403, #27 ) ;
#2057 = DIRECTION ( 'NONE',  ( 0.000000000000000000, 0.000000000000000000, -1.000000000000000000 ) ) ;
#2058 = CARTESIAN_POINT ( 'NONE',  ( 9.533169552247086287, 32.25178076404954197, 0.8140255202911117483 ) ) ;
#2059 = ORIENTED_EDGE ( 'NONE', *, *, #617, .F. ) ;
#2060 = CIRCLE ( 'NONE', #1038, 2.000000000000000000 ) ;
#2061 = LINE ( 'NONE', #953, #186 ) ;
#2062 = ADVANCED_FACE ( 'NONE', ( #1668 ), #2574, .F. ) ;
#2063 = CARTESIAN_POINT ( 'NONE',  ( 2.360497218309120182, 33.94535692414699923, 4.977473585290877800 ) ) ;
#2064 = DIRECTION ( 'NONE',  ( 0.000000000000000000, 0.000000000000000000, -1.000000000000000000 ) ) ;
#2065 = CARTESIAN_POINT ( 'NONE',  ( 26.36049721830912063, 36.98375075332683082, 5.243298600671163712 ) ) ;
#2066 = VERTEX_POINT ( 'NONE', #2607 ) ;
#2067 = ORIENTED_EDGE ( 'NONE', *, *, #165, .F. ) ;
#2068 = CYLINDRICAL_SURFACE ( 'NONE', #801, 2.099999999999892619 ) ;
#2069 = ORIENTED_EDGE ( 'NONE', *, *, #524, .T. ) ;
#2070 = CARTESIAN_POINT ( 'NONE',  ( 21.41049721830912134, 36.80307188427627807, -5.312617046314564107 ) ) ;
#2071 = CIRCLE ( 'NONE', #85, 2.000000000000000000 ) ;
#2072 = DIRECTION ( 'NONE',  ( -1.000000000000000000, 0.000000000000000000, 0.000000000000000000 ) ) ;
#2073 = DIRECTION ( 'NONE',  ( -1.000000000000000000, -0.000000000000000000, -0.000000000000000000 ) ) ;
#2074 = EDGE_CURVE ( 'NONE', #2378, #2871, #349, .T. ) ;
#2075 = ADVANCED_FACE ( 'NONE', ( #117 ), #998, .F. ) ;
#2076 = PLANE ( 'NONE',  #1188 ) ;
#2077 = ORIENTED_EDGE ( 'NONE', *, *, #1295, .T. ) ;
#2078 = AXIS2_PLACEMENT_3D ( 'NONE', #874, #627, #601 ) ;
#2079 = CYLINDRICAL_SURFACE ( 'NONE', #2543, 0.9999999999999971134 ) ;
#2080 = ORIENTED_EDGE ( 'NONE', *, *, #891, .T. ) ;
#2081 = ORIENTED_EDGE ( 'NONE', *, *, #2512, .T. ) ;
#2082 = AXIS2_PLACEMENT_3D ( 'NONE', #239, #2271, #2556 ) ;
#2083 = DIRECTION ( 'NONE',  ( -1.000000000000000000, -0.000000000000000000, -0.000000000000000000 ) ) ;
#2084 = ORIENTED_EDGE ( 'NONE', *, *, #413, .F. ) ;
#2085 = DIRECTION ( 'NONE',  ( 1.000000000000000000, 0.000000000000000000, -0.000000000000000000 ) ) ;
#2086 = CARTESIAN_POINT ( 'NONE',  ( 5.869220803662078545, 38.36765311066695006, -7.183373600926595159 ) ) ;
#2087 = ORIENTED_EDGE ( 'NONE', *, *, #651, .F. ) ;
#2088 = CARTESIAN_POINT ( 'NONE',  ( 5.310497218309119916, -0.1743114854953244919, 1.992389396183588790 ) ) ;
#2089 = VECTOR ( 'NONE', #365, 1000.000000000000000 ) ;
#2090 = ORIENTED_EDGE ( 'NONE', *, *, #284, .T. ) ;
#2091 = DIRECTION ( 'NONE',  ( -1.000000000000000000, -0.000000000000000000, -0.000000000000000000 ) ) ;
#2092 = DIRECTION ( 'NONE',  ( 0.000000000000000000, 0.08715574274765719442, -0.9961946980917456562 ) ) ;
#2093 = CIRCLE ( 'NONE', #1534, 2.000000000000001776 ) ;
#2094 = VERTEX_POINT ( 'NONE', #2799 ) ;
#2095 = CIRCLE ( 'NONE', #1444, 2.000000000000000000 ) ;
#2096 = EDGE_CURVE ( 'NONE', #2275, #1099, #1786, .T. ) ;
#2097 = DIRECTION ( 'NONE',  ( -0.000000000000000000, 0.9961946980917461003, 0.08715574274765175433 ) ) ;
#2098 = ORIENTED_EDGE ( 'NONE', *, *, #2640, .F. ) ;
#2099 = CARTESIAN_POINT ( 'NONE',  ( 20.59799721830912134, 74.52773679764118242, -0.5064067747661541441 ) ) ;
#2100 = FACE_OUTER_BOUND ( 'NONE', #1598, .T. ) ;
#2101 = DIRECTION ( 'NONE',  ( -1.000000000000000000, -0.000000000000000000, -0.000000000000000000 ) ) ;
#2102 = DIRECTION ( 'NONE',  ( -1.000000000000000000, 0.000000000000000000, 0.000000000000000000 ) ) ;
#2103 = VECTOR ( 'NONE', #2342, 1000.000000000000000 ) ;
#2104 = ORIENTED_EDGE ( 'NONE', *, *, #652, .T. ) ;
#2105 = CARTESIAN_POINT ( 'NONE',  ( 18.33066118493420404, 62.15618177736969585, -7.109786695715368587 ) ) ;
#2106 = VERTEX_POINT ( 'NONE', #1441 ) ;
#2107 = EDGE_CURVE ( 'NONE', #1399, #1080, #2340, .T. ) ;
#2108 = EDGE_CURVE ( 'NONE', #2503, #16, #1711, .T. ) ;
#2109 = DIRECTION ( 'NONE',  ( -1.000000000000000000, 0.000000000000000000, 0.000000000000000000 ) ) ;
#2110 = ORIENTED_EDGE ( 'NONE', *, *, #415, .F. ) ;
#2111 = CARTESIAN_POINT ( 'NONE',  ( 23.34426115226996146, 37.47900743189946127, -7.011417529766736934 ) ) ;
#2112 = DIRECTION ( 'NONE',  ( 1.000000000000000000, 0.000000000000000000, 0.000000000000000000 ) ) ;
#2113 = CIRCLE ( 'NONE', #511, 2.000000000000000000 ) ;
#2114 = CARTESIAN_POINT ( 'NONE',  ( 5.310497218309123468, 36.91836809459345403, -6.630458760587118583 ) ) ;
#2115 = DIRECTION ( 'NONE',  ( 0.000000000000000000, 0.000000000000000000, 1.000000000000000000 ) ) ;
#2116 = VECTOR ( 'NONE', #2691, 1000.000000000000000 ) ;
#2117 = ORIENTED_EDGE ( 'NONE', *, *, #1128, .T. ) ;
#2118 = AXIS2_PLACEMENT_3D ( 'NONE', #2663, #2440, #2650 ) ;
#2119 = CYLINDRICAL_SURFACE ( 'NONE', #1634, 1.449999999999999956 ) ;
#2120 = LINE ( 'NONE', #9, #1622 ) ;
#2121 = ORIENTED_EDGE ( 'NONE', *, *, #2920, .T. ) ;
#2122 = DIRECTION ( 'NONE',  ( 1.000000000000000000, -0.000000000000000000, -0.000000000000000000 ) ) ;
#2123 = ORIENTED_EDGE ( 'NONE', *, *, #2790, .F. ) ;
#2124 = CARTESIAN_POINT ( 'NONE',  ( 2.060497218309119916, 39.49907460599624187, -0.5595581023839957258 ) ) ;
#2125 = CARTESIAN_POINT ( 'NONE',  ( 6.310497218309119027, 67.19337755962973802, 9.893938150658190267 ) ) ;
#2126 = VERTEX_POINT ( 'NONE', #1454 ) ;
#2128 = ADVANCED_FACE ( 'NONE', ( #1906 ), #1496, .F. ) ;
#2127 = CARTESIAN_POINT ( 'NONE',  ( 13.94799721830912098, 58.43287021324564989, -8.796993760981253629 ) ) ;
#2129 = CARTESIAN_POINT ( 'NONE',  ( 2.360497218309119738, 35.95025522073351709, 10.17197864548132813 ) ) ;
#2130 = CARTESIAN_POINT ( 'NONE',  ( 22.41049721830912134, 67.84094928673087566, 13.96587268577272845 ) ) ;
#2131 = DIRECTION ( 'NONE',  ( -1.000000000000000000, 0.000000000000000000, 0.000000000000000000 ) ) ;
#2132 = CARTESIAN_POINT ( 'NONE',  ( 13.94799721830912098, 46.30422235064939684, -9.500473277769629021 ) ) ;
#2133 = ORIENTED_EDGE ( 'NONE', *, *, #362, .F. ) ;
#2134 = DIRECTION ( 'NONE',  ( 0.000000000000000000, 0.000000000000000000, 1.000000000000000000 ) ) ;
#2135 = CARTESIAN_POINT ( 'NONE',  ( 20.59799721830912134, 54.01231270714039567, -5.814643241513143934 ) ) ;
#2136 = ORIENTED_EDGE ( 'NONE', *, *, #1624, .T. ) ;
#2137 = AXIS2_PLACEMENT_3D ( 'NONE', #2251, #715, #2299 ) ;
#2138 = CARTESIAN_POINT ( 'NONE',  ( 2.060497218309119916, 35.56415072187535031, 3.111460016091321723 ) ) ;
#2139 = AXIS2_PLACEMENT_3D ( 'NONE', #1697, #2816, #2589 ) ;
#2140 = EDGE_LOOP ( 'NONE', ( #86, #2412, #5, #193 ) ) ;
#2141 = FACE_OUTER_BOUND ( 'NONE', #753, .T. ) ;
#2142 = CARTESIAN_POINT ( 'NONE',  ( 20.59799721830912134, 71.90023940141803394, -3.747742523009451876 ) ) ;
#2143 = ORIENTED_EDGE ( 'NONE', *, *, #2461, .T. ) ;
#2144 = VECTOR ( 'NONE', #422, 1000.000000000000000 ) ;
#2145 = CARTESIAN_POINT ( 'NONE',  ( 23.41049721830912489, 36.91836809459698543, -6.630458760590479450 ) ) ;
#2146 = CARTESIAN_POINT ( 'NONE',  ( 2.060497218309120360, 34.42035572212171957, -0.4517875193092205643 ) ) ;
#2147 = DIRECTION ( 'NONE',  ( -0.000000000000000000, -0.9961946980917458783, -0.08715574274765525153 ) ) ;
#2148 = DIRECTION ( 'NONE',  ( 0.000000000000000000, 0.000000000000000000, 1.000000000000000000 ) ) ;
#2149 = LINE ( 'NONE', #1068, #2189 ) ;
#2150 = EDGE_LOOP ( 'NONE', ( #910, #514, #2090, #1872 ) ) ;
#2151 = EDGE_CURVE ( 'NONE', #2811, #1678, #2261, .T. ) ;
#2152 = ADVANCED_FACE ( 'NONE', ( #1014 ), #366, .F. ) ;
#2153 = DIRECTION ( 'NONE',  ( 0.000000000000000000, 0.000000000000000000, 1.000000000000000000 ) ) ;
#2154 = ORIENTED_EDGE ( 'NONE', *, *, #1202, .F. ) ;
#2155 = ADVANCED_FACE ( 'NONE', ( #2593 ), #560, .F. ) ;
#2156 = LINE ( 'NONE', #2105, #2196 ) ;
#2157 = VERTEX_POINT ( 'NONE', #1954 ) ;
#2158 = CIRCLE ( 'NONE', #888, 2.000000000000000888 ) ;
#2159 = DIRECTION ( 'NONE',  ( 0.000000000000000000, 0.9961946980917457672, 0.08715574274765550133 ) ) ;
#2160 = ORIENTED_EDGE ( 'NONE', *, *, #1771, .T. ) ;
#2161 = CYLINDRICAL_SURFACE ( 'NONE', #246, 2.000000000000000000 ) ;
#2162 = CIRCLE ( 'NONE', #2406, 2.099999999999892619 ) ;
#2163 = EDGE_CURVE ( 'NONE', #965, #1965, #2692, .T. ) ;
#2164 = DIRECTION ( 'NONE',  ( -1.000000000000000000, 0.000000000000000000, 0.000000000000000000 ) ) ;
#2165 = ORIENTED_EDGE ( 'NONE', *, *, #1560, .T. ) ;
#2166 = VECTOR ( 'NONE', #879, 1000.000000000000000 ) ;
#2167 = EDGE_CURVE ( 'NONE', #1965, #1060, #2623, .T. ) ;
#2168 = CARTESIAN_POINT ( 'NONE',  ( 22.41049721830912134, 67.19337755962973802, 9.893938150658192043 ) ) ;
#2169 = VECTOR ( 'NONE', #992, 1000.000000000000227 ) ;
#2170 = ADVANCED_FACE ( 'NONE', ( #1281 ), #1698, .T. ) ;
#2171 = ORIENTED_EDGE ( 'NONE', *, *, #2913, .T. ) ;
#2172 = DIRECTION ( 'NONE',  ( 0.000000000000000000, 0.08715574274765716667, -0.9961946980917456562 ) ) ;
#2173 = EDGE_CURVE ( 'NONE', #1347, #2126, #149, .T. ) ;
#2174 = ORIENTED_EDGE ( 'NONE', *, *, #1591, .F. ) ;
#2175 = ORIENTED_EDGE ( 'NONE', *, *, #1257, .F. ) ;
#2176 = FACE_OUTER_BOUND ( 'NONE', #2919, .T. ) ;
#2177 = FACE_OUTER_BOUND ( 'NONE', #903, .T. ) ;
#2178 = APPLICATION_CONTEXT ( 'automotive_design' ) ;
#2179 = CARTESIAN_POINT ( 'NONE',  ( 18.33066118493420404, 48.24084118844658775, 14.25872509837704172 ) ) ;
#2180 = ORIENTED_EDGE ( 'NONE', *, *, #1555, .T. ) ;
#2181 = EDGE_CURVE ( 'NONE', #594, #1947, #1375, .T. ) ;
#2182 = DIRECTION ( 'NONE',  ( 0.000000000000000000, 0.000000000000000000, -1.000000000000000000 ) ) ;
#2183 = VERTEX_POINT ( 'NONE', #1077 ) ;
#2184 = VECTOR ( 'NONE', #1144, 1000.000000000000000 ) ;
#2185 = DIRECTION ( 'NONE',  ( 0.000000000000000000, 0.08715574274765514051, -0.9961946980917457672 ) ) ;
#2186 = CIRCLE ( 'NONE', #1067, 4.000000000000017764 ) ;
#2187 = VECTOR ( 'NONE', #1239, 999.9999999999998863 ) ;
#2188 = DIRECTION ( 'NONE',  ( 0.000000000000000000, 0.08715574274765523766, -0.9961946980917457672 ) ) ;
#2189 = VECTOR ( 'NONE', #2420, 1000.000000000000000 ) ;
#2190 = EDGE_LOOP ( 'NONE', ( #100, #868, #2067, #883, #2052 ) ) ;
#2191 = ORIENTED_EDGE ( 'NONE', *, *, #950, .F. ) ;
#2192 = EDGE_CURVE ( 'NONE', #2274, #664, #1934, .T. ) ;
#2193 = CARTESIAN_POINT ( 'NONE',  ( 2.360497218309119738, 36.80943926783152875, 7.235687996854644588 ) ) ;
#2194 = LINE ( 'NONE', #1912, #1303 ) ;
#2195 = LINE ( 'NONE', #2639, #1487 ) ;
#2196 = VECTOR ( 'NONE', #1217, 1000.000000000000000 ) ;
#2197 = VECTOR ( 'NONE', #2252, 1000.000000000000114 ) ;
#2198 = CARTESIAN_POINT ( 'NONE',  ( 2.060497218309119916, 35.56415072187535031, 3.111460016091060155 ) ) ;
#2199 = ORIENTED_EDGE ( 'NONE', *, *, #989, .F. ) ;
#2200 = CARTESIAN_POINT ( 'NONE',  ( 2.060497218309118583, 48.24084118844658775, 14.25872509837704172 ) ) ;
#2201 = LINE ( 'NONE', #2648, #1268 ) ;
#2202 = CARTESIAN_POINT ( 'NONE',  ( 12.36049721830912063, 34.95406052264178243, 10.08482290273368065 ) ) ;
#2203 = CARTESIAN_POINT ( 'NONE',  ( 23.41049721830912489, 35.56415072187533610, 3.111460016091333269 ) ) ;
#2204 = VECTOR ( 'NONE', #1522, 999.9999999999998863 ) ;
#2205 = ORIENTED_EDGE ( 'NONE', *, *, #1382, .T. ) ;
#2206 = EDGE_CURVE ( 'NONE', #1847, #2824, #2018, .T. ) ;
#2207 = ORIENTED_EDGE ( 'NONE', *, *, #2606, .T. ) ;
#2208 = CARTESIAN_POINT ( 'NONE',  ( 20.59799721830912134, 58.43287021324564989, -12.09699376098125434 ) ) ;
#2209 = DIRECTION ( 'NONE',  ( 0.000000000000000000, -0.9961946980917459893, -0.08715574274765293394 ) ) ;
#2210 = DIRECTION ( 'NONE',  ( -1.000000000000000000, 0.000000000000000000, 0.000000000000000000 ) ) ;
#2211 = ORIENTED_EDGE ( 'NONE', *, *, #747, .T. ) ;
#2212 = DIRECTION ( 'NONE',  ( 0.000000000000000000, 0.000000000000000000, -1.000000000000000000 ) ) ;
#2213 =( GEOMETRIC_REPRESENTATION_CONTEXT ( 3 ) GLOBAL_UNCERTAINTY_ASSIGNED_CONTEXT ( ( #1143 ) ) GLOBAL_UNIT_ASSIGNED_CONTEXT ( ( #430, #2879, #2921 ) ) REPRESENTATION_CONTEXT ( 'NONE', 'WORKASPACE' ) );
#2214 = CARTESIAN_POINT ( 'NONE',  ( 26.66049721830912134, 39.32476312050092560, 1.432831293799494921 ) ) ;
#2215 = AXIS2_PLACEMENT_3D ( 'NONE', #1827, #1394, #2536 ) ;
#2216 = DIRECTION ( 'NONE',  ( 0.000000000000000000, -0.9961946980917459893, -0.08715574274765293394 ) ) ;
#2217 = DIRECTION ( 'NONE',  ( -0.000000000000000000, 0.9961946980917461003, 0.08715574274765175433 ) ) ;
#2218 = ORIENTED_EDGE ( 'NONE', *, *, #143, .T. ) ;
#2219 = ORIENTED_EDGE ( 'NONE', *, *, #2319, .T. ) ;
#2220 = LINE ( 'NONE', #1107, #606 ) ;
#2221 = ORIENTED_EDGE ( 'NONE', *, *, #2704, .T. ) ;
#2222 = DIRECTION ( 'NONE',  ( 0.000000000000000000, 0.000000000000000000, 1.000000000000000000 ) ) ;
#2223 = ORIENTED_EDGE ( 'NONE', *, *, #2074, .T. ) ;
#2224 = DIRECTION ( 'NONE',  ( 1.000000000000000000, 0.000000000000000000, -0.000000000000000000 ) ) ;
#2225 = EDGE_CURVE ( 'NONE', #829, #1387, #862, .T. ) ;
#2226 = LINE ( 'NONE', #2256, #2184 ) ;
#2227 = DIRECTION ( 'NONE',  ( 0.000000000000000000, 0.9961946980917461003, 0.08715574274765129636 ) ) ;
#2228 = CARTESIAN_POINT ( 'NONE',  ( 15.65746309435434114, 31.99031353580656400, 3.802609614566432317 ) ) ;
#2229 = ORIENTED_EDGE ( 'NONE', *, *, #1738, .T. ) ;
#2230 = CIRCLE ( 'NONE', #484, 0.9999999999999970024 ) ;
#2231 = CARTESIAN_POINT ( 'NONE',  ( 23.41049721830912489, 35.26346340939592494, 6.548331724507997720 ) ) ;
#2232 = ORIENTED_EDGE ( 'NONE', *, *, #505, .T. ) ;
#2233 = ADVANCED_FACE ( 'NONE', ( #2470 ), #1119, .T. ) ;
#2234 = DIRECTION ( 'NONE',  ( 0.000000000000000000, 0.000000000000000000, -1.000000000000000000 ) ) ;
#2235 = CARTESIAN_POINT ( 'NONE',  ( 26.66049721830912134, 34.29397989513761047, 0.9926947929238099100 ) ) ;
#2236 = AXIS2_PLACEMENT_3D ( 'NONE', #353, #2868, #1967 ) ;
#2237 = CARTESIAN_POINT ( 'NONE',  ( 31.57820022431283391, 58.43287021324564989, -10.44699376098125398 ) ) ;
#2238 = ORIENTED_EDGE ( 'NONE', *, *, #1828, .F. ) ;
#2239 = VECTOR ( 'NONE', #678, 1000.000000000000114 ) ;
#2240 = ADVANCED_FACE ( 'NONE', ( #1775 ), #162, .T. ) ;
#2241 = EDGE_CURVE ( 'NONE', #1078, #1164, #2788, .T. ) ;
#2242 = CARTESIAN_POINT ( 'NONE',  ( 7.310497218309123468, 38.79546128045976872, -5.138305560819259377 ) ) ;
#2243 = DIRECTION ( 'NONE',  ( -1.000000000000000000, 0.000000000000000000, 0.000000000000000000 ) ) ;
#2244 = EDGE_CURVE ( 'NONE', #2759, #2017, #1296, .T. ) ;
#2245 = DIRECTION ( 'NONE',  ( 0.000000000000000000, 0.000000000000000000, -1.000000000000000000 ) ) ;
#2246 = DIRECTION ( 'NONE',  ( 1.000000000000000000, -0.000000000000000000, -0.000000000000000000 ) ) ;
#2247 = ORIENTED_EDGE ( 'NONE', *, *, #2167, .T. ) ;
#2248 = ORIENTED_EDGE ( 'NONE', *, *, #1113, .F. ) ;
#2249 = LINE ( 'NONE', #865, #1739 ) ;
#2250 = ORIENTED_EDGE ( 'NONE', *, *, #800, .F. ) ;
#2251 = CARTESIAN_POINT ( 'NONE',  ( 18.33066118493420404, 49.11239861592313360, 4.296778117459212787 ) ) ;
#2252 = DIRECTION ( 'NONE',  ( 0.000000000000000000, -0.9961946980917456562, -0.08715574274765687524 ) ) ;
#2253 = ORIENTED_EDGE ( 'NONE', *, *, #1225, .T. ) ;
#2254 = DIRECTION ( 'NONE',  ( 1.000000000000000000, -0.000000000000000000, -0.000000000000000000 ) ) ;
#2255 = EDGE_CURVE ( 'NONE', #1795, #2506, #847, .T. ) ;
#2256 = CARTESIAN_POINT ( 'NONE',  ( 18.33066118493420404, 43.95101729646281541, 15.74678357070749612 ) ) ;
#2257 = CARTESIAN_POINT ( 'NONE',  ( 23.41049721830912489, 0.000000000000000000, 0.000000000000000000 ) ) ;
#2258 = AXIS2_PLACEMENT_3D ( 'NONE', #1558, #2459, #1346 ) ;
#2259 = CYLINDRICAL_SURFACE ( 'NONE', #1118, 0.5000000000000000000 ) ;
#2260 = ORIENTED_EDGE ( 'NONE', *, *, #321, .F. ) ;
#2261 = CIRCLE ( 'NONE', #87, 0.9999999999999973355 ) ;
#2262 = ORIENTED_EDGE ( 'NONE', *, *, #2778, .F. ) ;
#2263 = ADVANCED_FACE ( 'NONE', ( #2456 ), #619, .T. ) ;
#2264 = CARTESIAN_POINT ( 'NONE',  ( 14.42299721830911885, -38.87713302677934024, -3.401308410231955737 ) ) ;
#2265 = ORIENTED_EDGE ( 'NONE', *, *, #1937, .F. ) ;
#2266 = CARTESIAN_POINT ( 'NONE',  ( 5.310497218309119916, 43.95101729646281541, 15.74678357070749612 ) ) ;
#2267 = LINE ( 'NONE', #2680, #153 ) ;
#2268 = LINE ( 'NONE', #448, #1671 ) ;
#2269 = ORIENTED_EDGE ( 'NONE', *, *, #2657, .F. ) ;
#2270 = CARTESIAN_POINT ( 'NONE',  ( 2.360497218309119738, 70.37501390333405027, 13.68566469359610238 ) ) ;
#2271 = DIRECTION ( 'NONE',  ( -1.000000000000000000, 0.000000000000000000, 0.000000000000000000 ) ) ;
#2272 = CARTESIAN_POINT ( 'NONE',  ( 26.66049721830912134, 31.16843032321013141, 1.723064475635200488 ) ) ;
#2273 = ORIENTED_EDGE ( 'NONE', *, *, #1712, .F. ) ;
#2274 = VERTEX_POINT ( 'NONE', #1524 ) ;
#2275 = VERTEX_POINT ( 'NONE', #2903 ) ;
#2276 = LINE ( 'NONE', #60, #2926 ) ;
#2277 = VERTEX_POINT ( 'NONE', #1315 ) ;
#2278 = LINE ( 'NONE', #1836, #2535 ) ;
#2279 = VECTOR ( 'NONE', #644, 999.9999999999998863 ) ;
#2280 = ADVANCED_FACE ( 'NONE', ( #189 ), #1999, .F. ) ;
#2281 = AXIS2_PLACEMENT_3D ( 'NONE', #102, #1688, #1019 ) ;
#2282 = DIRECTION ( 'NONE',  ( 1.000000000000000000, 0.000000000000000000, 0.000000000000000000 ) ) ;
#2283 = EDGE_LOOP ( 'NONE', ( #11, #1298, #2884, #2354 ) ) ;
#2284 = AXIS2_PLACEMENT_3D ( 'NONE', #597, #1829, #2510 ) ;
#2285 = CYLINDRICAL_SURFACE ( 'NONE', #323, 2.000000000000001776 ) ;
#2286 = DIRECTION ( 'NONE',  ( -1.000000000000000000, -0.000000000000000000, -0.000000000000000000 ) ) ;
#2287 = VECTOR ( 'NONE', #2629, 1000.000000000000000 ) ;
#2288 = B_SPLINE_CURVE_WITH_KNOTS ( 'NONE', 3,
 ( #1691, #2644, #154, #1261 ),
 .UNSPECIFIED., .F., .F.,
 ( 4, 4 ),
 ( 0.001124837795733991778, 0.001175783992851192443 ),
 .UNSPECIFIED. ) ;
#2289 = CARTESIAN_POINT ( 'NONE',  ( 2.060497218309119916, 67.73505278004942909, 9.939418672986148451 ) ) ;
#2290 = CARTESIAN_POINT ( 'NONE',  ( 26.66049721830912134, 0.3486229709906214502, -3.984778792366912903 ) ) ;
#2291 = ORIENTED_EDGE ( 'NONE', *, *, #413, .T. ) ;
#2292 = EDGE_LOOP ( 'NONE', ( #1425, #2154, #2514, #1648, #1686, #2396 ) ) ;
#2293 = ADVANCED_FACE ( 'NONE', ( #1327 ), #177, .F. ) ;
#2294 = DIRECTION ( 'NONE',  ( -1.000000000000000000, 0.000000000000000000, 0.000000000000000000 ) ) ;
#2295 = ADVANCED_FACE ( 'NONE', ( #1986 ), #1342, .T. ) ;
#2296 = ORIENTED_EDGE ( 'NONE', *, *, #2696, .T. ) ;
#2298 = EDGE_CURVE ( 'NONE', #1832, #1955, #2916, .T. ) ;
#2297 = CARTESIAN_POINT ( 'NONE',  ( 20.59799721830912134, 73.32002012623551934, 14.44522927088510933 ) ) ;
#2299 = DIRECTION ( 'NONE',  ( 0.000000000000000000, -0.08715574274765129636, 0.9961946980917461003 ) ) ;
#2300 = EDGE_CURVE ( 'NONE', #863, #445, #609, .T. ) ;
#2301 = DIRECTION ( 'NONE',  ( 1.000000000000000000, 0.000000000000000000, 0.000000000000000000 ) ) ;
#2302 = CARTESIAN_POINT ( 'NONE',  ( 26.66049721830912134, 31.90315779305891297, 4.798804312658178084 ) ) ;
#2303 = AXIS2_PLACEMENT_3D ( 'NONE', #2468, #435, #1594 ) ;
#2304 = LINE ( 'NONE', #920, #1790 ) ;
#2305 = CARTESIAN_POINT ( 'NONE',  ( 15.65746309435434114, 35.56415072187533610, 3.111460016091333269 ) ) ;
#2306 = ORIENTED_EDGE ( 'NONE', *, *, #1383, .F. ) ;
#2307 = VERTEX_POINT ( 'NONE', #2016 ) ;
#2308 = CIRCLE ( 'NONE', #2882, 1.449999999999999956 ) ;
#2309 = CARTESIAN_POINT ( 'NONE',  ( 31.57820022431283391, 58.43287021324564989, -10.44699376098125398 ) ) ;
#2310 = ORIENTED_EDGE ( 'NONE', *, *, #2163, .F. ) ;
#2311 = AXIS2_PLACEMENT_3D ( 'NONE', #2848, #2172, #821 ) ;
#2312 = FACE_OUTER_BOUND ( 'NONE', #2681, .T. ) ;
#2313 = AXIS2_PLACEMENT_3D ( 'NONE', #1606, #2751, #1617 ) ;
#2314 = FACE_OUTER_BOUND ( 'NONE', #1252, .T. ) ;
#2315 = DIRECTION ( 'NONE',  ( 0.000000000000000000, -0.9961946980917457672, -0.08715574274765602869 ) ) ;
#2316 = LINE ( 'NONE', #314, #310 ) ;
#2317 = VERTEX_POINT ( 'NONE', #1511 ) ;
#2318 = CARTESIAN_POINT ( 'NONE',  ( 2.060497218309119916, 70.80460592688321242, 12.21751936928279392 ) ) ;
#2319 = EDGE_CURVE ( 'NONE', #242, #1700, #1531, .T. ) ;
#2320 = B_SPLINE_CURVE_WITH_KNOTS ( 'NONE', 3,
 ( #1196, #2086, #64, #477, #977, #2804, #777, #1869, #745, #1643 ),
 .UNSPECIFIED., .F., .F.,
 ( 4, 2, 2, 2, 4 ),
 ( 0.002727081682647565768, 0.003198850151361473312, 0.003670618620075380423, 0.004142387088789287533, 0.004614155557503195511 ),
 .UNSPECIFIED. ) ;
#2321 = ORIENTED_EDGE ( 'NONE', *, *, #2664, .T. ) ;
#2322 = ORIENTED_EDGE ( 'NONE', *, *, #2225, .T. ) ;
#2323 = CARTESIAN_POINT ( 'NONE',  ( 20.59799721830912134, 54.18662419263570484, -7.807032637696646127 ) ) ;
#2324 = CARTESIAN_POINT ( 'NONE',  ( 9.533169552247086287, 31.16843032321013141, 1.723064475635200710 ) ) ;
#2325 = ORIENTED_EDGE ( 'NONE', *, *, #720, .T. ) ;
#2326 = LINE ( 'NONE', #295, #2103 ) ;
#2327 = CARTESIAN_POINT ( 'NONE',  ( 23.41049721830912489, 34.42035572212171957, -0.4517875193092218411 ) ) ;
#2328 = EDGE_CURVE ( 'NONE', #1925, #2317, #2120, .T. ) ;
#2329 = CARTESIAN_POINT ( 'NONE',  ( 23.41049721830912489, -0.1743114854953251303, 1.992389396183614325 ) ) ;
#2330 = CARTESIAN_POINT ( 'NONE',  ( 2.060497218309119916, 67.73505278004942909, 9.439418672986146674 ) ) ;
#2331 = AXIS2_PLACEMENT_3D ( 'NONE', #558, #116, #1032 ) ;
#2332 = LINE ( 'NONE', #1023, #2929 ) ;
#2333 = VECTOR ( 'NONE', #2774, 1000.000000000000000 ) ;
#2334 = CLOSED_SHELL ( 'NONE', ( #758, #148, #1415, #1980, #2062, #2795, #32, #596, #306, #2293, #1321, #2609, #1940, #2373, #2864, #2773, #194, #984, #663, #919, #2758, #1846, #1221, #2677, #161, #1564, #1979, #820, #1440, #1858, #611, #1276, #2509, #665, #2075, #1963, #2791, #1608, #2395, #229, #2280, #708, #1470, #2155, #376, #2295, #1540, #1641, #2912, #1721, #2128, #138, #2240, #1968, #91, #1938, #145, #2152, #224, #1044, #493, #2020, #2697, #2013, #629, #486, #267, #1502, #911, #2460, #669, #2170, #1, #2737, #285, #1064, #446, #2233, #1290, #2263, #170, #841, #1134, #1893 ) ) ;
#2335 = ORIENTED_EDGE ( 'NONE', *, *, #128, .F. ) ;
#2336 = EDGE_CURVE ( 'NONE', #1955, #2759, #24, .T. ) ;
#2337 = EDGE_CURVE ( 'NONE', #1766, #881, #930, .T. ) ;
#2338 = FACE_OUTER_BOUND ( 'NONE', #1500, .T. ) ;
#2339 = ORIENTED_EDGE ( 'NONE', *, *, #2735, .F. ) ;
#2340 = LINE ( 'NONE', #2353, #134 ) ;
#2341 = EDGE_LOOP ( 'NONE', ( #743, #730, #1883, #602, #2081 ) ) ;
#2342 = DIRECTION ( 'NONE',  ( -1.000000000000000000, 0.000000000000000000, 0.000000000000000000 ) ) ;
#2343 = DIRECTION ( 'NONE',  ( 0.000000000000000000, 0.000000000000000000, -1.000000000000000000 ) ) ;
#2344 = LINE ( 'NONE', #1854, #728 ) ;
#2345 = LINE ( 'NONE', #748, #1331 ) ;
#2346 = AXIS2_PLACEMENT_3D ( 'NONE', #963, #46, #1851 ) ;
#2347 = CYLINDRICAL_SURFACE ( 'NONE', #1995, 2.000000000000000888 ) ;
#2348 = ORIENTED_EDGE ( 'NONE', *, *, #2319, .F. ) ;
#2349 = LINE ( 'NONE', #2602, #2752 ) ;
#2350 = EDGE_CURVE ( 'NONE', #182, #1955, #1490, .T. ) ;
#2351 = EDGE_LOOP ( 'NONE', ( #383, #2180, #880, #2098 ) ) ;
#2352 = CARTESIAN_POINT ( 'NONE',  ( 2.060497218309120360, 34.95406052264178243, 10.08482290273368065 ) ) ;
#2353 = CARTESIAN_POINT ( 'NONE',  ( 23.41049721830912489, 36.06224807092124252, 3.155037887465063307 ) ) ;
#2354 = ORIENTED_EDGE ( 'NONE', *, *, #1112, .F. ) ;
#2355 = DIRECTION ( 'NONE',  ( 0.000000000000000000, 0.08715574274765525153, -0.9961946980917458783 ) ) ;
#2356 = EDGE_CURVE ( 'NONE', #749, #2157, #347, .T. ) ;
#2357 = CARTESIAN_POINT ( 'NONE',  ( 5.310497218309119916, 67.54200053062037057, 5.909159358291029562 ) ) ;
#2358 = AXIS2_PLACEMENT_3D ( 'NONE', #2530, #1193, #2489 ) ;
#2359 = CARTESIAN_POINT ( 'NONE',  ( 2.360497218309119738, 72.39833675046391193, -3.704164651635621475 ) ) ;
#2360 = CIRCLE ( 'NONE', #373, 2.000000000000000000 ) ;
#2361 = ORIENTED_EDGE ( 'NONE', *, *, #2015, .F. ) ;
#2362 = CARTESIAN_POINT ( 'NONE',  ( 6.003799566760515738, 68.18005125766696040, 9.696558168185948290 ) ) ;
#2363 = CARTESIAN_POINT ( 'NONE',  ( 22.79501565212335734, 38.41751846717333763, -7.179010947529610220 ) ) ;
#2364 = ORIENTED_EDGE ( 'NONE', *, *, #2920, .F. ) ;
#2365 = CARTESIAN_POINT ( 'NONE',  ( 23.27652262209356593, 68.38872085065685269, 1.967958437298052532 ) ) ;
#2366 = VERTEX_POINT ( 'NONE', #1448 ) ;
#2367 = CARTESIAN_POINT ( 'NONE',  ( 2.060497218309118583, 43.95101729646281541, 17.39678357070749470 ) ) ;
#2368 = DIRECTION ( 'NONE',  ( 0.000000000000000000, -0.9961946980917457672, -0.08715574274765523766 ) ) ;
#2369 = CARTESIAN_POINT ( 'NONE',  ( 19.03174405331234098, 31.08127458046248037, 2.719259173726899181 ) ) ;
#2370 = ORIENTED_EDGE ( 'NONE', *, *, #2827, .F. ) ;
#2371 = ORIENTED_EDGE ( 'NONE', *, *, #1201, .T. ) ;
#2373 = ADVANCED_FACE ( 'NONE', ( #1620 ), #2347, .F. ) ;
#2372 = CARTESIAN_POINT ( 'NONE',  ( 23.07807842271825649, 38.08230377447253545, -7.173854497886496873 ) ) ;
#2374 = CARTESIAN_POINT ( 'NONE',  ( 2.060497218309120360, 31.90315779305891297, 4.798804312658177196 ) ) ;
#2375 = CARTESIAN_POINT ( 'NONE',  ( 22.80658514112870705, 68.13170976895666797, 9.750250822181158128 ) ) ;
#2376 = EDGE_CURVE ( 'NONE', #2710, #1825, #1581, .T. ) ;
#2377 = DIRECTION ( 'NONE',  ( 1.000000000000000000, 0.000000000000000000, -0.000000000000000000 ) ) ;
#2378 = VERTEX_POINT ( 'NONE', #258 ) ;
#2379 = AXIS2_PLACEMENT_3D ( 'NONE', #1341, #1998, #2915 ) ;
#2380 = LINE ( 'NONE', #1450, #1343 ) ;
#2381 = ORIENTED_EDGE ( 'NONE', *, *, #896, .F. ) ;
#2382 = AXIS2_PLACEMENT_3D ( 'NONE', #2330, #2581, #328 ) ;
#2383 = DIRECTION ( 'NONE',  ( 0.000000000000000000, 0.08715574274765129636, -0.9961946980917461003 ) ) ;
#2384 = CARTESIAN_POINT ( 'NONE',  ( 5.310497218309119916, 35.26346340939593205, 6.548331724507999496 ) ) ;
#2385 = DIRECTION ( 'NONE',  ( 0.000000000000000000, 0.08715574274765501561, -0.9961946980917458783 ) ) ;
#2386 = ORIENTED_EDGE ( 'NONE', *, *, #2206, .F. ) ;
#2387 = VECTOR ( 'NONE', #2436, 1000.000000000000000 ) ;
#2388 = CARTESIAN_POINT ( 'NONE',  ( 5.762635715874691478, 68.71717080874228145, 2.126131256587711960 ) ) ;
#2389 = EDGE_CURVE ( 'NONE', #2656, #1965, #2708, .T. ) ;
#2390 = CARTESIAN_POINT ( 'NONE',  ( 2.060497218309120360, 38.47167541690923542, -7.174272828376572875 ) ) ;
#2391 = DIRECTION ( 'NONE',  ( 0.000000000000000000, 0.000000000000000000, 1.000000000000000000 ) ) ;
#2392 = LINE ( 'NONE', #2198, #1722 ) ;
#2393 = EDGE_LOOP ( 'NONE', ( #2608, #1359, #1633, #1675 ) ) ;
#2394 = CARTESIAN_POINT ( 'NONE',  ( 20.59799721830912844, 74.65847041176265009, -2.000698821903655666 ) ) ;
#2395 = ADVANCED_FACE ( 'NONE', ( #1596 ), #2259, .F. ) ;
#2396 = ORIENTED_EDGE ( 'NONE', *, *, #952, .F. ) ;
#2397 = DIRECTION ( 'NONE',  ( -1.000000000000000000, 0.000000000000000000, 0.000000000000000000 ) ) ;
#2398 = CARTESIAN_POINT ( 'NONE',  ( 26.36049721830912063, 35.86309947798586251, 11.16817334357307345 ) ) ;
#2399 = DIRECTION ( 'NONE',  ( 8.673617379884058152E-16, 0.9961946980917456562, 0.08715574274765723606 ) ) ;
#2400 = EDGE_LOOP ( 'NONE', ( #1876, #787, #1726, #2908 ) ) ;
#2401 = ORIENTED_EDGE ( 'NONE', *, *, #1096, .T. ) ;
#2402 = DIRECTION ( 'NONE',  ( 0.000000000000000000, 0.000000000000000000, -1.000000000000000000 ) ) ;
#2403 = CARTESIAN_POINT ( 'NONE',  ( 26.36049721830912063, 39.32476312050092560, 1.432831293799494921 ) ) ;
#2404 = FACE_OUTER_BOUND ( 'NONE', #348, .T. ) ;
#2405 = ORIENTED_EDGE ( 'NONE', *, *, #2107, .T. ) ;
#2406 = AXIS2_PLACEMENT_3D ( 'NONE', #1475, #2147, #837 ) ;
#2407 = CARTESIAN_POINT ( 'NONE',  ( 23.36049721830912063, 34.95406052264177532, 10.08482290273367887 ) ) ;
#2408 = ORIENTED_EDGE ( 'NONE', *, *, #1501, .F. ) ;
#2409 = VECTOR ( 'NONE', #38, 1000.000000000000114 ) ;
#2410 = DIRECTION ( 'NONE',  ( 1.000000000000000000, -0.000000000000000000, -0.000000000000000000 ) ) ;
#2411 = VECTOR ( 'NONE', #786, 999.9999999999998863 ) ;
#2412 = ORIENTED_EDGE ( 'NONE', *, *, #2812, .T. ) ;
#2413 = EDGE_CURVE ( 'NONE', #1194, #1958, #552, .T. ) ;
#2414 = DIRECTION ( 'NONE',  ( 0.000000000000000000, 0.000000000000000000, 1.000000000000000000 ) ) ;
#2415 = DIRECTION ( 'NONE',  ( 1.000000000000000000, -0.000000000000000000, -0.000000000000000000 ) ) ;
#2416 = PLANE ( 'NONE',  #870 ) ;
#2417 = VERTEX_POINT ( 'NONE', #707 ) ;
#2418 = CARTESIAN_POINT ( 'NONE',  ( 2.060497218309119916, 34.29397989513761047, 0.9926947929238090218 ) ) ;
#2419 =( LENGTH_UNIT ( ) NAMED_UNIT ( * ) SI_UNIT ( .MILLI., .METRE. ) );
#2420 = DIRECTION ( 'NONE',  ( -0.000000000000000000, 0.9961946980917456562, 0.08715574274765683360 ) ) ;
#2421 = DIRECTION ( 'NONE',  ( 0.000000000000000000, 0.9961946980917461003, 0.08715574274765129636 ) ) ;
#2422 = ORIENTED_EDGE ( 'NONE', *, *, #1590, .T. ) ;
#2423 = DIRECTION ( 'NONE',  ( 1.000000000000000000, -0.000000000000000000, -0.000000000000000000 ) ) ;
#2424 = EDGE_CURVE ( 'NONE', #1283, #2275, #2498, .T. ) ;
#2425 = EDGE_CURVE ( 'NONE', #1958, #1987, #2095, .T. ) ;
#2426 = LINE ( 'NONE', #791, #840 ) ;
#2427 = CIRCLE ( 'NONE', #2761, 2.000000000000000000 ) ;
#2428 = CARTESIAN_POINT ( 'NONE',  ( 2.060497218309119916, 73.89767861247570124, -4.074899154731418172 ) ) ;
#2429 = AXIS2_PLACEMENT_3D ( 'NONE', #1839, #1404, #495 ) ;
#2430 = CARTESIAN_POINT ( 'NONE',  ( 15.65746309435434114, 0.1743114854953090598, -1.992389396183438688 ) ) ;
#2431 = ORIENTED_EDGE ( 'NONE', *, *, #15, .F. ) ;
#2432 = ORIENTED_EDGE ( 'NONE', *, *, #1802, .F. ) ;
#2433 = AXIS2_PLACEMENT_3D ( 'NONE', #1480, #344, #2153 ) ;
#2434 = CARTESIAN_POINT ( 'NONE',  ( 23.27652262209356593, 67.69147490867560180, 9.937516022032019336 ) ) ;
#2435 = CIRCLE ( 'NONE', #296, 1.449999999999999956 ) ;
#2436 = DIRECTION ( 'NONE',  ( 1.000000000000000000, 0.000000000000000000, 0.000000000000000000 ) ) ;
#2437 = ORIENTED_EDGE ( 'NONE', *, *, #936, .F. ) ;
#2438 = DIRECTION ( 'NONE',  ( 0.000000000000000000, 0.08715574274765525153, -0.9961946980917458783 ) ) ;
#2439 = FACE_OUTER_BOUND ( 'NONE', #2400, .T. ) ;
#2440 = DIRECTION ( 'NONE',  ( 1.000000000000000000, -0.000000000000000000, -0.000000000000000000 ) ) ;
#2441 = CIRCLE ( 'NONE', #1320, 0.5000000000000004441 ) ;
#2442 = VERTEX_POINT ( 'NONE', #1384 ) ;
#2443 = EDGE_LOOP ( 'NONE', ( #2265, #695, #423, #2370 ) ) ;
#2444 = DIRECTION ( 'NONE',  ( -1.000000000000000000, 0.000000000000000000, 0.000000000000000000 ) ) ;
#2445 = ORIENTED_EDGE ( 'NONE', *, *, #2812, .F. ) ;
#2446 = CARTESIAN_POINT ( 'NONE',  ( 2.360497218309119738, 38.45320569302441527, 11.39477827471698212 ) ) ;
#2447 = VERTEX_POINT ( 'NONE', #2272 ) ;
#2448 = VECTOR ( 'NONE', #1266, 1000.000000000000000 ) ;
#2449 = CARTESIAN_POINT ( 'NONE',  ( 15.65746309435434114, 36.30497453523040718, -5.356194917688397616 ) ) ;
#2450 = VECTOR ( 'NONE', #908, 1000.000000000000000 ) ;
#2451 = AXIS2_PLACEMENT_3D ( 'NONE', #592, #1651, #307 ) ;
#2452 = ORIENTED_EDGE ( 'NONE', *, *, #2425, .F. ) ;
#2453 = CARTESIAN_POINT ( 'NONE',  ( 13.94799721830912098, 62.24333752011735044, -8.105981393807207169 ) ) ;
#2454 = AXIS2_PLACEMENT_3D ( 'NONE', #905, #2927, #735 ) ;
#2455 = CARTESIAN_POINT ( 'NONE',  ( 26.66049721830912134, 39.32476312050092560, -0.5671687062005050795 ) ) ;
#2456 = FACE_OUTER_BOUND ( 'NONE', #73, .T. ) ;
#2457 = ORIENTED_EDGE ( 'NONE', *, *, #1348, .T. ) ;
#2458 = ORIENTED_EDGE ( 'NONE', *, *, #2424, .T. ) ;
#2459 = DIRECTION ( 'NONE',  ( -1.000000000000000000, 0.000000000000000000, 0.000000000000000000 ) ) ;
#2460 = ADVANCED_FACE ( 'NONE', ( #1398 ), #240, .T. ) ;
#2461 = EDGE_CURVE ( 'NONE', #318, #2528, #2810, .T. ) ;
#2462 = ORIENTED_EDGE ( 'NONE', *, *, #357, .F. ) ;
#2463 = DIRECTION ( 'NONE',  ( 0.000000000000000000, 0.000000000000000000, 1.000000000000000000 ) ) ;
#2464 = EDGE_CURVE ( 'NONE', #1430, #987, #1830, .T. ) ;
#2465 = LINE ( 'NONE', #2720, #632 ) ;
#2466 = ORIENTED_EDGE ( 'NONE', *, *, #1679, .F. ) ;
#2467 = DIRECTION ( 'NONE',  ( 0.000000000000000000, 0.000000000000000000, 1.000000000000000000 ) ) ;
#2468 = CARTESIAN_POINT ( 'NONE',  ( 2.060497218309119916, 72.06836419672411864, -2.227303753047533252 ) ) ;
#2469 = CARTESIAN_POINT ( 'NONE',  ( 5.310497218309119916, 33.81898109716289724, 6.421955897523908163 ) ) ;
#2470 = FACE_OUTER_BOUND ( 'NONE', #2534, .T. ) ;
#2471 = ORIENTED_EDGE ( 'NONE', *, *, #2896, .T. ) ;
#2472 = EDGE_LOOP ( 'NONE', ( #222, #111, #1988, #612 ) ) ;
#2473 = VECTOR ( 'NONE', #2508, 1000.000000000000000 ) ;
#2474 = DIRECTION ( 'NONE',  ( 0.000000000000000000, -0.08715574274764824325, 0.9961946980917464334 ) ) ;
#2475 = ORIENTED_EDGE ( 'NONE', *, *, #2554, .F. ) ;
#2476 = DIRECTION ( 'NONE',  ( 1.000000000000000000, 0.000000000000000000, 0.000000000000000000 ) ) ;
#2477 = EDGE_CURVE ( 'NONE', #2529, #2588, #419, .T. ) ;
#2478 = CARTESIAN_POINT ( 'NONE',  ( 26.36049721830912063, 39.49907460599624187, -0.5595581023839957258 ) ) ;
#2479 = ORIENTED_EDGE ( 'NONE', *, *, #781, .T. ) ;
#2480 = VECTOR ( 'NONE', #1367, 1000.000000000000114 ) ;
#2481 = EDGE_CURVE ( 'NONE', #68, #2811, #2288, .T. ) ;
#2482 = DIRECTION ( 'NONE',  ( 0.000000000000000000, 0.000000000000000000, -1.000000000000000000 ) ) ;
#2483 = DIRECTION ( 'NONE',  ( 0.000000000000000000, -0.08715574274765630625, 0.9961946980917458783 ) ) ;
#2484 = LINE ( 'NONE', #1814, #2611 ) ;
#2485 = CARTESIAN_POINT ( 'NONE',  ( 23.41049721830912489, 35.86483803435474726, -0.3254116923251207938 ) ) ;
#2486 = ORIENTED_EDGE ( 'NONE', *, *, #1842, .T. ) ;
#2487 = EDGE_LOOP ( 'NONE', ( #1961, #1330, #2422, #1385 ) ) ;
#2488 = AXIS2_PLACEMENT_3D ( 'NONE', #2781, #2599, #1646 ) ;
#2489 = DIRECTION ( 'NONE',  ( 0.000000000000000000, 0.000000000000000000, -1.000000000000000000 ) ) ;
#2490 = ORIENTED_EDGE ( 'NONE', *, *, #1520, .T. ) ;
#2491 = DIRECTION ( 'NONE',  ( -1.000000000000000000, 0.000000000000000000, 0.000000000000000000 ) ) ;
#2492 = CARTESIAN_POINT ( 'NONE',  ( 26.66049721830912134, 35.56415072187534321, 3.111460016091065928 ) ) ;
#2493 = ORIENTED_EDGE ( 'NONE', *, *, #2880, .T. ) ;
#2494 = CARTESIAN_POINT ( 'NONE',  ( 20.59799721830912134, 73.39471214192175808, 12.44412430042667950 ) ) ;
#2495 = DIRECTION ( 'NONE',  ( 0.000000000000000000, 0.000000000000000000, 1.000000000000000000 ) ) ;
#2496 = LINE ( 'NONE', #2453, #969 ) ;
#2497 = DIRECTION ( 'NONE',  ( -0.000000000000000000, 0.9961946980917461003, 0.08715574274765175433 ) ) ;
#2498 = LINE ( 'NONE', #230, #2480 ) ;
#2499 = EDGE_CURVE ( 'NONE', #1699, #1777, #2754, .T. ) ;
#2500 = ORIENTED_EDGE ( 'NONE', *, *, #1314, .F. ) ;
#2501 = ORIENTED_EDGE ( 'NONE', *, *, #617, .T. ) ;
#2502 = CARTESIAN_POINT ( 'NONE',  ( 26.66049721830912134, 35.86483803435474726, -0.3254116923251207938 ) ) ;
#2503 = VERTEX_POINT ( 'NONE', #2655 ) ;
#2504 = CARTESIAN_POINT ( 'NONE',  ( 2.060497218309120360, 31.99031353580656400, 3.802609614566432317 ) ) ;
#2505 = CARTESIAN_POINT ( 'NONE',  ( 7.310497218309109257, 38.96977276595507789, -7.130694957002748247 ) ) ;
#2506 = VERTEX_POINT ( 'NONE', #1723 ) ;
#2507 = CARTESIAN_POINT ( 'NONE',  ( 5.310497218309119916, 32.16462502130188028, 1.810220218382857960 ) ) ;
#2508 = DIRECTION ( 'NONE',  ( -1.000000000000000000, 0.000000000000000000, 0.000000000000000000 ) ) ;
#2509 = ADVANCED_FACE ( 'NONE', ( #1735 ), #1491, .F. ) ;
#2510 = DIRECTION ( 'NONE',  ( 0.000000000000000000, 0.000000000000000000, 1.000000000000000000 ) ) ;
#2511 = EDGE_CURVE ( 'NONE', #2904, #647, #2883, .T. ) ;
#2512 = EDGE_CURVE ( 'NONE', #2544, #912, #1024, .T. ) ;
#2513 = DIRECTION ( 'NONE',  ( 0.000000000000000000, 0.000000000000000000, -1.000000000000000000 ) ) ;
#2514 = ORIENTED_EDGE ( 'NONE', *, *, #2477, .T. ) ;
#2515 = ORIENTED_EDGE ( 'NONE', *, *, #1411, .F. ) ;
#2516 = FACE_BOUND ( 'NONE', #1803, .T. ) ;
#2517 = ORIENTED_EDGE ( 'NONE', *, *, #1201, .F. ) ;
#2518 = DIRECTION ( 'NONE',  ( 0.000000000000000000, 0.000000000000000000, 1.000000000000000000 ) ) ;
#2519 = CIRCLE ( 'NONE', #1205, 1.449999999999999956 ) ;
#2520 = CIRCLE ( 'NONE', #2808, 0.5000000000000004441 ) ;
#2521 = CARTESIAN_POINT ( 'NONE',  ( 20.59799721830912134, 62.41764900561268092, -10.09837078999061255 ) ) ;
#2522 = ORIENTED_EDGE ( 'NONE', *, *, #1661, .T. ) ;
#2523 = AXIS2_PLACEMENT_3D ( 'NONE', #122, #1041, #812 ) ;
#2524 = APPLICATION_CONTEXT ( 'automotive_design' ) ;
#2525 = DIRECTION ( 'NONE',  ( 1.000000000000000000, 0.000000000000000000, 0.000000000000000000 ) ) ;
#2526 = VECTOR ( 'NONE', #1969, 1000.000000000000114 ) ;
#2527 = CARTESIAN_POINT ( 'NONE',  ( 12.36049721830912063, 35.56415072187535031, 3.111460016091056158 ) ) ;
#2528 = VERTEX_POINT ( 'NONE', #139 ) ;
#2529 = VERTEX_POINT ( 'NONE', #857 ) ;
#2530 = CARTESIAN_POINT ( 'NONE',  ( 26.36049721830912063, 68.34514297928302540, 2.466055786343924972 ) ) ;
#2531 = VERTEX_POINT ( 'NONE', #1931 ) ;
#2532 = DIRECTION ( 'NONE',  ( 0.000000000000000000, 0.000000000000000000, 1.000000000000000000 ) ) ;
#2533 = CARTESIAN_POINT ( 'NONE',  ( 26.66049721830912134, 34.42035572212171957, -0.4517875193092218411 ) ) ;
#2534 = EDGE_LOOP ( 'NONE', ( #970, #974, #2191, #756 ) ) ;
#2535 = VECTOR ( 'NONE', #2747, 1000.000000000000114 ) ;
#2536 = DIRECTION ( 'NONE',  ( 0.000000000000000000, 0.000000000000000000, -1.000000000000000000 ) ) ;
#2537 = VERTEX_POINT ( 'NONE', #1749 ) ;
#2538 = LINE ( 'NONE', #512, #2450 ) ;
#2539 = VERTEX_POINT ( 'NONE', #2616 ) ;
#2540 = VERTEX_POINT ( 'NONE', #388 ) ;
#2541 = CARTESIAN_POINT ( 'NONE',  ( 5.310497218309121692, 36.80307188427627807, -5.312617046314565883 ) ) ;
#2542 = CARTESIAN_POINT ( 'NONE',  ( 23.41049721830912489, 35.95025522073351709, 10.17197864548132813 ) ) ;
#2543 = AXIS2_PLACEMENT_3D ( 'NONE', #968, #1409, #470 ) ;
#2544 = VERTEX_POINT ( 'NONE', #1308 ) ;
#2545 = AXIS2_PLACEMENT_3D ( 'NONE', #380, #634, #1537 ) ;
#2546 = DIRECTION ( 'NONE',  ( -0.000000000000000000, 0.08715574274765246210, -0.9961946980917461003 ) ) ;
#2547 = VECTOR ( 'NONE', #551, 1000.000000000000000 ) ;
#2548 = EDGE_CURVE ( 'NONE', #647, #2307, #1908, .T. ) ;
#2549 = EDGE_CURVE ( 'NONE', #2157, #1463, #815, .T. ) ;
#2550 = EDGE_CURVE ( 'NONE', #2277, #429, #360, .T. ) ;
#2551 = LINE ( 'NONE', #2329, #1438 ) ;
#2552 = DIRECTION ( 'NONE',  ( -1.000000000000000000, -0.000000000000000000, -0.000000000000000000 ) ) ;
#2553 = CARTESIAN_POINT ( 'NONE',  ( 5.310497218309119916, 37.50668520981274412, -0.7338695878793105587 ) ) ;
#2554 = EDGE_CURVE ( 'NONE', #2755, #1237, #2392, .T. ) ;
#2555 = ORIENTED_EDGE ( 'NONE', *, *, #2549, .T. ) ;
#2556 = DIRECTION ( 'NONE',  ( 0.000000000000000000, 0.000000000000000000, 1.000000000000000000 ) ) ;
#2557 = ORIENTED_EDGE ( 'NONE', *, *, #2771, .T. ) ;
#2558 = CARTESIAN_POINT ( 'NONE',  ( 12.36049721830912063, 38.47167541690923542, -7.174272828376572875 ) ) ;
#2559 = ORIENTED_EDGE ( 'NONE', *, *, #392, .T. ) ;
#2560 = CARTESIAN_POINT ( 'NONE',  ( 14.42299721830911885, 73.91764659840764295, 6.466956111876045021 ) ) ;
#2561 = PLANE ( 'NONE',  #1952 ) ;
#2562 = DIRECTION ( 'NONE',  ( -0.000000000000000000, -0.08715574274765523766, 0.9961946980917457672 ) ) ;
#2563 = CIRCLE ( 'NONE', #2806, 0.5000000000000000000 ) ;
#2564 = EDGE_CURVE ( 'NONE', #2023, #351, #1503, .T. ) ;
#2565 = DIRECTION ( 'NONE',  ( -1.000000000000000000, 0.000000000000000000, 0.000000000000000000 ) ) ;
#2566 = VECTOR ( 'NONE', #1011, 1000.000000000000000 ) ;
#2567 = CARTESIAN_POINT ( 'NONE',  ( 20.59799721830912134, 74.93240136706708654, -3.984372643812197801 ) ) ;
#2568 = EDGE_LOOP ( 'NONE', ( #2744, #172, #510, #507 ) ) ;
#2569 = DIRECTION ( 'NONE',  ( 1.000000000000000000, 0.000000000000000000, 0.000000000000000000 ) ) ;
#2570 = ORIENTED_EDGE ( 'NONE', *, *, #2033, .F. ) ;
#2571 = EDGE_CURVE ( 'NONE', #680, #829, #797, .T. ) ;
#2572 = VECTOR ( 'NONE', #2377, 1000.000000000000000 ) ;
#2573 = DIRECTION ( 'NONE',  ( 0.000000000000000000, 0.000000000000000000, -1.000000000000000000 ) ) ;
#2574 = CYLINDRICAL_SURFACE ( 'NONE', #2451, 2.000000000000000000 ) ;
#2575 = ORIENTED_EDGE ( 'NONE', *, *, #1416, .T. ) ;
#2576 = CARTESIAN_POINT ( 'NONE',  ( 12.36049721830912063, -0.1743114854953244641, 1.992389396183588790 ) ) ;
#2577 = DIRECTION ( 'NONE',  ( -1.000000000000000000, 0.000000000000000000, 0.000000000000000000 ) ) ;
#2578 = B_SPLINE_CURVE_WITH_KNOTS ( 'NONE', 3,
 ( #1224, #845, #2372, #2873, #175, #2111, #2887, #1088, #1000, #1888 ),
 .UNSPECIFIED., .F., .F.,
 ( 4, 2, 2, 2, 4 ),
 ( 0.002479448673182214381, 0.002888666056180884401, 0.003297883439179554853, 0.003707100822178225306, 0.004116318205176895326 ),
 .UNSPECIFIED. ) ;
#2579 = LINE ( 'NONE', #340, #626 ) ;
#2580 = PRODUCT_CONTEXT ( 'NONE', #2524, 'mechanical' ) ;
#2581 = DIRECTION ( 'NONE',  ( 1.000000000000000000, -0.000000000000000000, -0.000000000000000000 ) ) ;
#2582 = CARTESIAN_POINT ( 'NONE',  ( 6.156565004695592869, 68.22366356209298033, 9.591428501370481641 ) ) ;
#2583 = EDGE_CURVE ( 'NONE', #1777, #999, #1271, .T. ) ;
#2584 = CIRCLE ( 'NONE', #691, 2.000000000000001332 ) ;
#2585 = CARTESIAN_POINT ( 'NONE',  ( 26.66049721830912134, 34.42035572212171957, -0.4517875193092218411 ) ) ;
#2586 = EDGE_LOOP ( 'NONE', ( #2110, #2371, #640, #140, #2727, #738, #556, #918, #2291 ) ) ;
#2587 = DIRECTION ( 'NONE',  ( 0.000000000000000000, 0.000000000000000000, 1.000000000000000000 ) ) ;
#2588 = VERTEX_POINT ( 'NONE', #568 ) ;
#2589 = DIRECTION ( 'NONE',  ( 0.000000000000000000, 0.9961946980917455452, 0.08715574274765738871 ) ) ;
#2590 = CARTESIAN_POINT ( 'NONE',  ( 5.310497218309119916, 41.14284103118913549, 3.599532175477999196 ) ) ;
#2591 = CARTESIAN_POINT ( 'NONE',  ( 31.57820022431283391, 62.41764900561268092, -10.09837078999061433 ) ) ;
#2592 = EDGE_CURVE ( 'NONE', #445, #863, #444, .T. ) ;
#2593 = FACE_OUTER_BOUND ( 'NONE', #2150, .T. ) ;
#2594 = ORIENTED_EDGE ( 'NONE', *, *, #2913, .F. ) ;
#2595 = LINE ( 'NONE', #2099, #2826 ) ;
#2596 = CARTESIAN_POINT ( 'NONE',  ( 5.310497218309119916, 36.80943926783152875, 7.235687996854643700 ) ) ;
#2597 = CIRCLE ( 'NONE', #994, 1.650000000000000355 ) ;
#2598 = DIRECTION ( 'NONE',  ( -1.000000000000000000, 0.000000000000000000, 0.000000000000000000 ) ) ;
#2599 = DIRECTION ( 'NONE',  ( 0.000000000000000000, 0.9961946980917461003, 0.08715574274765129636 ) ) ;
#2600 = CARTESIAN_POINT ( 'NONE',  ( 2.360497218309119738, 68.38872085065685269, 1.967958437298052532 ) ) ;
#2601 = ORIENTED_EDGE ( 'NONE', *, *, #651, .T. ) ;
#2602 = CARTESIAN_POINT ( 'NONE',  ( 23.41049721830912489, 36.80943926783152875, 7.235687996854644588 ) ) ;
#2603 = ORIENTED_EDGE ( 'NONE', *, *, #1577, .T. ) ;
#2604 = VECTOR ( 'NONE', #2224, 1000.000000000000000 ) ;
#2605 = EDGE_CURVE ( 'NONE', #2066, #2317, #2856, .T. ) ;
#2606 = EDGE_CURVE ( 'NONE', #96, #594, #1042, .T. ) ;
#2607 = CARTESIAN_POINT ( 'NONE',  ( 26.66049721830912134, 34.95406052264177532, 10.08482290273367887 ) ) ;
#2608 = ORIENTED_EDGE ( 'NONE', *, *, #319, .T. ) ;
#2609 = ADVANCED_FACE ( 'NONE', ( #1057, #1946 ), #828, .F. ) ;
#2610 = ORIENTED_EDGE ( 'NONE', *, *, #320, .T. ) ;
#2611 = VECTOR ( 'NONE', #2725, 1000.000000000000000 ) ;
#2612 = DIRECTION ( 'NONE',  ( 0.000000000000000000, -0.9961946980917457672, -0.08715574274765630625 ) ) ;
#2613 = CARTESIAN_POINT ( 'NONE',  ( 5.554943032985665496, 68.54790266571471591, 2.003412023309810497 ) ) ;
#2614 = DIRECTION ( 'NONE',  ( 0.000000000000000000, 0.000000000000000000, 1.000000000000000000 ) ) ;
#2615 = CARTESIAN_POINT ( 'NONE',  ( 2.060497218309119916, 66.39633145447336915, 1.793646951802739364 ) ) ;
#2616 = CARTESIAN_POINT ( 'NONE',  ( 20.59799721830912134, 70.33143603196020877, 14.18376204264214735 ) ) ;
#2617 = ORIENTED_EDGE ( 'NONE', *, *, #2350, .T. ) ;
#2618 = AXIS2_PLACEMENT_3D ( 'NONE', #2875, #1523, #1355 ) ;
#2619 = DIRECTION ( 'NONE',  ( 0.000000000000000000, -0.08715574274765194862, 0.9961946980917459893 ) ) ;
#2620 = ORIENTED_EDGE ( 'NONE', *, *, #1433, .T. ) ;
#2621 = CIRCLE ( 'NONE', #1070, 2.600000000000000089 ) ;
#2622 = DIRECTION ( 'NONE',  ( -1.000000000000000000, 0.000000000000000000, 0.000000000000000000 ) ) ;
#2623 = LINE ( 'NONE', #2835, #2646 ) ;
#2624 = ORIENTED_EDGE ( 'NONE', *, *, #54, .F. ) ;
#2625 = VECTOR ( 'NONE', #871, 1000.000000000000000 ) ;
#2626 = LINE ( 'NONE', #2357, #1528 ) ;
#2627 = CARTESIAN_POINT ( 'NONE',  ( 26.66049721830912134, 34.42035572212171957, 0.9982124806907780590 ) ) ;
#2628 = EDGE_CURVE ( 'NONE', #2417, #2442, #842, .T. ) ;
#2629 = DIRECTION ( 'NONE',  ( -1.000000000000000000, 0.000000000000000000, 0.000000000000000000 ) ) ;
#2630 = ORIENTED_EDGE ( 'NONE', *, *, #1286, .F. ) ;
#2631 = CARTESIAN_POINT ( 'NONE',  ( 23.41049721830912489, 31.47984280638213406, 10.78468807548338226 ) ) ;
#2632 = ORIENTED_EDGE ( 'NONE', *, *, #1260, .F. ) ;
#2633 = CARTESIAN_POINT ( 'NONE',  ( 26.66049721830912134, -0.1743114854953251580, 1.992389396183614325 ) ) ;
#2634 = DIRECTION ( 'NONE',  ( 1.000000000000000000, 0.000000000000000000, 0.000000000000000000 ) ) ;
#2635 = EDGE_LOOP ( 'NONE', ( #277, #928, #2610, #1665 ) ) ;
#2636 = EDGE_CURVE ( 'NONE', #987, #2539, #2465, .T. ) ;
#2637 = ORIENTED_EDGE ( 'NONE', *, *, #1383, .T. ) ;
#2638 = DIRECTION ( 'NONE',  ( 6.938893903907246521E-15, -0.9961946980917456562, -0.08715574274765701401 ) ) ;
#2639 = CARTESIAN_POINT ( 'NONE',  ( 2.060497218309119916, 31.08127458046248748, 2.719259173726842338 ) ) ;
#2640 = EDGE_CURVE ( 'NONE', #179, #864, #2268, .T. ) ;
#2641 = EDGE_CURVE ( 'NONE', #2531, #1612, #1125, .T. ) ;
#2642 = AXIS2_PLACEMENT_3D ( 'NONE', #204, #2934, #1801 ) ;
#2643 = EDGE_CURVE ( 'NONE', #2447, #429, #538, .T. ) ;
#2644 = CARTESIAN_POINT ( 'NONE',  ( 5.461957362457910747, 67.72082172833583513, 9.939418672986148451 ) ) ;
#2645 = ORIENTED_EDGE ( 'NONE', *, *, #1733, .F. ) ;
#2646 = VECTOR ( 'NONE', #806, 1000.000000000000000 ) ;
#2647 = LINE ( 'NONE', #859, #807 ) ;
#2648 = CARTESIAN_POINT ( 'NONE',  ( 2.360497218309119738, 70.87311125237992826, 13.72924256496992967 ) ) ;
#2649 = CARTESIAN_POINT ( 'NONE',  ( 2.060497218309119916, 0.000000000000000000, 0.000000000000000000 ) ) ;
#2650 = DIRECTION ( 'NONE',  ( 0.000000000000000000, 3.469446951953614978E-15, 1.000000000000000000 ) ) ;
#2651 = ORIENTED_EDGE ( 'NONE', *, *, #165, .T. ) ;
#2652 = ORIENTED_EDGE ( 'NONE', *, *, #1805, .T. ) ;
#2653 = CARTESIAN_POINT ( 'NONE',  ( 2.060497218309119916, 0.1743114854953106696, -1.992389396183449568 ) ) ;
#2654 = FACE_OUTER_BOUND ( 'NONE', #2027, .T. ) ;
#2655 = CARTESIAN_POINT ( 'NONE',  ( 23.41049721830912489, 31.90315779305891297, 4.798804312658178084 ) ) ;
#2656 = VERTEX_POINT ( 'NONE', #2007 ) ;
#2657 = EDGE_CURVE ( 'NONE', #2126, #898, #2924, .T. ) ;
#2658 = DIRECTION ( 'NONE',  ( 0.000000000000000000, 0.000000000000000000, -1.000000000000000000 ) ) ;
#2659 = DIRECTION ( 'NONE',  ( 1.000000000000000000, -0.000000000000000000, -0.000000000000000000 ) ) ;
#2660 = CIRCLE ( 'NONE', #1527, 0.9999999999999973355 ) ;
#2661 = PLANE ( 'NONE',  #527 ) ;
#2662 = CIRCLE ( 'NONE', #156, 1.649999999999998579 ) ;
#2663 = CARTESIAN_POINT ( 'NONE',  ( 5.310497218309119916, 38.29736393141389783, -5.181883432193085781 ) ) ;
#2664 = EDGE_CURVE ( 'NONE', #1147, #965, #2702, .T. ) ;
#2665 = AXIS2_PLACEMENT_3D ( 'NONE', #1689, #1489, #2391 ) ;
#2666 = ORIENTED_EDGE ( 'NONE', *, *, #1168, .F. ) ;
#2667 = SURFACE_SIDE_STYLE ('',( #180 ) ) ;
#2668 = VECTOR ( 'NONE', #124, 1000.000000000000000 ) ;
#2669 = ORIENTED_EDGE ( 'NONE', *, *, #2108, .T. ) ;
#2670 = CARTESIAN_POINT ( 'NONE',  ( 26.36049721830912063, 38.97614014951032146, 5.417610086166466665 ) ) ;
#2671 = CARTESIAN_POINT ( 'NONE',  ( 26.66049721830912134, 32.16462502130188028, 1.810220218382857960 ) ) ;
#2672 = VERTEX_POINT ( 'NONE', #2505 ) ;
#2673 = CARTESIAN_POINT ( 'NONE',  ( 22.41049721830912134, 67.54200053062038478, 5.909159358291031339 ) ) ;
#2674 = CARTESIAN_POINT ( 'NONE',  ( 13.94799721830912098, 63.97425968805786312, -4.943085814036577652 ) ) ;
#2675 = PLANE ( 'NONE',  #292 ) ;
#2676 = EDGE_CURVE ( 'NONE', #1758, #993, #2042, .T. ) ;
#2677 = ADVANCED_FACE ( 'NONE', ( #432 ), #2894, .T. ) ;
#2678 = DIRECTION ( 'NONE',  ( 0.000000000000000000, 0.000000000000000000, 1.000000000000000000 ) ) ;
#2679 = AXIS2_PLACEMENT_3D ( 'NONE', #530, #2355, #1035 ) ;
#2680 = CARTESIAN_POINT ( 'NONE',  ( -1.587499999999999911, 74.65847041176265009, -2.000698821903655666 ) ) ;
#2681 = EDGE_LOOP ( 'NONE', ( #1818, #566, #1887, #959, #290, #848, #260, #2253, #2630, #1831, #65, #491, #1151, #1427, #2728, #2617, #2780, #2457, #375 ) ) ;
#2682 = ORIENTED_EDGE ( 'NONE', *, *, #1336, .F. ) ;
#2683 = EDGE_CURVE ( 'NONE', #2700, #191, #4, .T. ) ;
#2684 = FACE_OUTER_BOUND ( 'NONE', #779, .T. ) ;
#2685 = ORIENTED_EDGE ( 'NONE', *, *, #1715, .T. ) ;
#2686 = CIRCLE ( 'NONE', #1783, 1.000000000000000000 ) ;
#2687 = CARTESIAN_POINT ( 'NONE',  ( 20.59799721830912134, 70.37501390333405027, 13.68566469359610238 ) ) ;
#2688 = CARTESIAN_POINT ( 'NONE',  ( 2.360497218309119738, 38.80182866401500519, 7.409999482349958200 ) ) ;
#2689 = ORIENTED_EDGE ( 'NONE', *, *, #949, .T. ) ;
#2690 = COLOUR_RGB ( '',0.7921568627450980005, 0.8196078431372548767, 0.9333333333333333481 ) ;
#2691 = DIRECTION ( 'NONE',  ( -1.000000000000000000, 0.000000000000000000, 0.000000000000000000 ) ) ;
#2692 = CIRCLE ( 'NONE', #1139, 0.5000000000000000000 ) ;
#2693 = VECTOR ( 'NONE', #1533, 1000.000000000000114 ) ;
#2694 = LINE ( 'NONE', #188, #2858 ) ;
#2695 = DIRECTION ( 'NONE',  ( 0.000000000000000000, -0.9961946980917456562, -0.08715574274765683360 ) ) ;
#2696 = EDGE_CURVE ( 'NONE', #1164, #1825, #1574, .T. ) ;
#2697 = ADVANCED_FACE ( 'NONE', ( #196 ), #184, .F. ) ;
#2698 = ORIENTED_EDGE ( 'NONE', *, *, #983, .T. ) ;
#2699 = CARTESIAN_POINT ( 'NONE',  ( 5.310497218309119916, 36.30497453523040718, -5.356194917688397616 ) ) ;
#2700 = VERTEX_POINT ( 'NONE', #19 ) ;
#2701 = FACE_OUTER_BOUND ( 'NONE', #2845, .T. ) ;
#2702 = LINE ( 'NONE', #1362, #2144 ) ;
#2703 = EDGE_LOOP ( 'NONE', ( #407, #1428, #1983, #52 ) ) ;
#2704 = EDGE_CURVE ( 'NONE', #1847, #179, #884, .T. ) ;
#2705 = CARTESIAN_POINT ( 'NONE',  ( 2.060497218309120360, 35.95025522073351709, 10.17197864548132813 ) ) ;
#2706 = CARTESIAN_POINT ( 'NONE',  ( 2.060497218309119916, 39.32476312050092560, 1.432831293799494921 ) ) ;
#2707 = DIRECTION ( 'NONE',  ( 0.000000000000000000, 0.08715574274764872897, -0.9961946980917463224 ) ) ;
#2708 = LINE ( 'NONE', #2567, #2239 ) ;
#2709 = CIRCLE ( 'NONE', #1013, 1.449999999999999956 ) ;
#2710 = VERTEX_POINT ( 'NONE', #1604 ) ;
#2711 = ORIENTED_EDGE ( 'NONE', *, *, #1881, .T. ) ;
#2712 = VECTOR ( 'NONE', #1944, 999.9999999999998863 ) ;
#2713 = CIRCLE ( 'NONE', #873, 1.000000000000000000 ) ;
#2714 = AXIS2_PLACEMENT_3D ( 'NONE', #2257, #1204, #677 ) ;
#2715 = DIRECTION ( 'NONE',  ( -0.000000000000000000, -0.08715574274765360008, 0.9961946980917459893 ) ) ;
#2716 = ORIENTED_EDGE ( 'NONE', *, *, #1206, .F. ) ;
#2717 = DIRECTION ( 'NONE',  ( 1.000000000000000000, -0.000000000000000000, -0.000000000000000000 ) ) ;
#2718 = CARTESIAN_POINT ( 'NONE',  ( 18.33066118493420404, 43.95101729646281541, 19.04678357070749328 ) ) ;
#2719 = LINE ( 'NONE', #685, #2900 ) ;
#2720 = CARTESIAN_POINT ( 'NONE',  ( 2.360497218309119738, 70.33143603196022298, 14.18376204264197327 ) ) ;
#2721 = ORIENTED_EDGE ( 'NONE', *, *, #2643, .F. ) ;
#2722 = CARTESIAN_POINT ( 'NONE',  ( 23.41049721830912489, 38.97614014951032146, 5.417610086166466665 ) ) ;
#2723 = EDGE_CURVE ( 'NONE', #259, #231, #2049, .T. ) ;
#2724 = CARTESIAN_POINT ( 'NONE',  ( 2.060497218309120360, 32.25178076404954197, 0.8140255202911117483 ) ) ;
#2725 = DIRECTION ( 'NONE',  ( -1.000000000000000000, 0.000000000000000000, 0.000000000000000000 ) ) ;
#2726 = CARTESIAN_POINT ( 'NONE',  ( 7.310497218309123468, 36.80307188427627807, -5.312617046314565883 ) ) ;
#2727 = ORIENTED_EDGE ( 'NONE', *, *, #2225, .F. ) ;
#2728 = ORIENTED_EDGE ( 'NONE', *, *, #2790, .T. ) ;
#2729 = VECTOR ( 'NONE', #119, 1000.000000000000114 ) ;
#2730 = CYLINDRICAL_SURFACE ( 'NONE', #951, 1.650000000000000355 ) ;
#2731 = ORIENTED_EDGE ( 'NONE', *, *, #254, .F. ) ;
#2732 = DIRECTION ( 'NONE',  ( 0.000000000000000000, -0.08715574274765687524, 0.9961946980917456562 ) ) ;
#2733 = CARTESIAN_POINT ( 'NONE',  ( 2.060497218309119916, 35.26346340939593205, 6.548331724507999496 ) ) ;
#2734 = VERTEX_POINT ( 'NONE', #933 ) ;
#2735 = EDGE_CURVE ( 'NONE', #96, #178, #917, .T. ) ;
#2736 = EDGE_CURVE ( 'NONE', #2066, #764, #1587, .T. ) ;
#2737 = ADVANCED_FACE ( 'NONE', ( #1376 ), #462, .T. ) ;
#2738 = DIRECTION ( 'NONE',  ( 0.000000000000000000, 0.000000000000000000, 1.000000000000000000 ) ) ;
#2739 = CYLINDRICAL_SURFACE ( 'NONE', #2082, 1.649999999999998579 ) ;
#2740 = AXIS2_PLACEMENT_3D ( 'NONE', #729, #72, #986 ) ;
#2741 = DIRECTION ( 'NONE',  ( 0.000000000000000000, -0.9961946980917456562, -0.08715574274765687524 ) ) ;
#2742 = EDGE_LOOP ( 'NONE', ( #216, #1466, #2248, #1517 ) ) ;
#2743 = CIRCLE ( 'NONE', #1465, 1.000000000000000222 ) ;
#2744 = ORIENTED_EDGE ( 'NONE', *, *, #1333, .F. ) ;
#2745 = CARTESIAN_POINT ( 'NONE',  ( 23.41049721830912489, 36.30497453523040718, -5.356194917688397616 ) ) ;
#2746 = ORIENTED_EDGE ( 'NONE', *, *, #2664, .F. ) ;
#2747 = DIRECTION ( 'NONE',  ( 0.000000000000000000, -0.08715574274764872897, 0.9961946980917463224 ) ) ;
#2748 = PLANE ( 'NONE',  #2137 ) ;
#2749 = DIRECTION ( 'NONE',  ( -1.000000000000000000, -0.000000000000000000, -0.000000000000000000 ) ) ;
#2750 = VERTEX_POINT ( 'NONE', #1993 ) ;
#2751 = DIRECTION ( 'NONE',  ( 0.000000000000000000, -0.9961946980917463224, -0.08715574274764890939 ) ) ;
#2752 = VECTOR ( 'NONE', #525, 1000.000000000000227 ) ;
#2753 = PLANE ( 'NONE',  #572 ) ;
#2754 = LINE ( 'NONE', #2135, #2526 ) ;
#2755 = VERTEX_POINT ( 'NONE', #2733 ) ;
#2756 = EDGE_LOOP ( 'NONE', ( #2570, #1235 ) ) ;
#2757 = DIRECTION ( 'NONE',  ( -1.000000000000000000, 0.000000000000000000, 0.000000000000000000 ) ) ;
#2758 = ADVANCED_FACE ( 'NONE', ( #2909 ), #964, .T. ) ;
#2759 = VERTEX_POINT ( 'NONE', #1853 ) ;
#2760 = CARTESIAN_POINT ( 'NONE',  ( 20.59799721830912134, 72.39833675046391193, -3.704164651635621475 ) ) ;
#2761 = AXIS2_PLACEMENT_3D ( 'NONE', #2214, #643, #469 ) ;
#2762 = DIRECTION ( 'NONE',  ( 0.000000000000000000, 0.9961946980917461003, 0.08715574274765196250 ) ) ;
#2763 = CARTESIAN_POINT ( 'NONE',  ( 23.41049721830912489, 67.54200053062038478, 5.909159358291031339 ) ) ;
#2764 = AXIS2_PLACEMENT_3D ( 'NONE', #152, #839, #2209 ) ;
#2765 = LINE ( 'NONE', #1187, #1234 ) ;
#2766 = VECTOR ( 'NONE', #1085, 1000.000000000000000 ) ;
#2767 = EDGE_LOOP ( 'NONE', ( #679, #1659, #636, #1449 ) ) ;
#2768 = FACE_OUTER_BOUND ( 'NONE', #1631, .T. ) ;
#2769 = EDGE_LOOP ( 'NONE', ( #661, #927, #1316, #778 ) ) ;
#2770 = EDGE_CURVE ( 'NONE', #429, #163, #1761, .T. ) ;
#2771 = EDGE_CURVE ( 'NONE', #1451, #1164, #1630, .T. ) ;
#2772 = ORIENTED_EDGE ( 'NONE', *, *, #356, .F. ) ;
#2773 = ADVANCED_FACE ( 'NONE', ( #1213 ), #311, .F. ) ;
#2774 = DIRECTION ( 'NONE',  ( 1.000000000000000000, -0.000000000000000000, -0.000000000000000000 ) ) ;
#2775 = CARTESIAN_POINT ( 'NONE',  ( 2.060497218309119916, 74.65847041176265009, -2.000698821903648117 ) ) ;
#2776 = EDGE_LOOP ( 'NONE', ( #2666, #2637, #539, #294, #364, #1029 ) ) ;
#2777 = CARTESIAN_POINT ( 'NONE',  ( 5.310497218309119916, 39.96623850409581280, 17.04816059971689057 ) ) ;
#2778 = EDGE_CURVE ( 'NONE', #2891, #1148, #1003, .T. ) ;
#2779 = DIRECTION ( 'NONE',  ( -0.000000000000000000, -0.9961946980917456562, -0.08715574274765687524 ) ) ;
#2780 = ORIENTED_EDGE ( 'NONE', *, *, #2298, .F. ) ;
#2781 = CARTESIAN_POINT ( 'NONE',  ( 18.33066118493420404, 41.14284103118913549, 3.599532175477999640 ) ) ;
#2782 = ORIENTED_EDGE ( 'NONE', *, *, #1006, .F. ) ;
#2783 = CARTESIAN_POINT ( 'NONE',  ( 23.22667620524484278, 68.47472884066486642, 1.975483161396403231 ) ) ;
#2784 = ORIENTED_EDGE ( 'NONE', *, *, #720, .F. ) ;
#2785 = AXIS2_PLACEMENT_3D ( 'NONE', #1318, #2444, #1332 ) ;
#2786 = DIRECTION ( 'NONE',  ( -1.000000000000000000, 0.000000000000000000, 0.000000000000000000 ) ) ;
#2787 = VERTEX_POINT ( 'NONE', #733 ) ;
#2788 = CIRCLE ( 'NONE', #1280, 2.000000000000000000 ) ;
#2790 = EDGE_CURVE ( 'NONE', #1463, #182, #2435, .T. ) ;
#2789 = CARTESIAN_POINT ( 'NONE',  ( 26.66049721830912134, 70.33143603196022298, 14.18376204264197327 ) ) ;
#2791 = ADVANCED_FACE ( 'NONE', ( #716 ), #1616, .F. ) ;
#2792 = DIRECTION ( 'NONE',  ( 0.000000000000000000, 0.08715574274765609808, -0.9961946980917456562 ) ) ;
#2793 = DIRECTION ( 'NONE',  ( 0.000000000000000000, 0.08715574274765523766, -0.9961946980917457672 ) ) ;
#2794 = LINE ( 'NONE', #2088, #904 ) ;
#2795 = ADVANCED_FACE ( 'NONE', ( #2314 ), #520, .T. ) ;
#2796 = ORIENTED_EDGE ( 'NONE', *, *, #950, .T. ) ;
#2797 = DIRECTION ( 'NONE',  ( 0.000000000000000000, -0.08715574274765601481, 0.9961946980917456562 ) ) ;
#2798 = EDGE_LOOP ( 'NONE', ( #1267, #1352, #2232, #772 ) ) ;
#2799 = CARTESIAN_POINT ( 'NONE',  ( 13.94799721830912098, 58.43287021324564989, -12.09699376098125434 ) ) ;
#2800 = VERTEX_POINT ( 'NONE', #2521 ) ;
#2801 = CARTESIAN_POINT ( 'NONE',  ( 5.310497218309119916, 31.47984280638213406, 10.78468807548338226 ) ) ;
#2802 = DIRECTION ( 'NONE',  ( 0.000000000000000000, 0.000000000000000000, 1.000000000000000000 ) ) ;
#2803 = CARTESIAN_POINT ( 'NONE',  ( 5.494320848823824655, 68.47473335697040397, 1.975483556521939743 ) ) ;
#2804 = CARTESIAN_POINT ( 'NONE',  ( 5.401205645245578779, 37.57105400545167839, -7.051183618440200362 ) ) ;
#2805 = FACE_BOUND ( 'NONE', #2002, .T. ) ;
#2806 = AXIS2_PLACEMENT_3D ( 'NONE', #176, #1973, #437 ) ;
#2807 = CARTESIAN_POINT ( 'NONE',  ( 15.65746309435434114, 38.29736393141389783, -7.181883432193085781 ) ) ;
#2808 = AXIS2_PLACEMENT_3D ( 'NONE', #2687, #1561, #2463 ) ;
#2809 = AXIS2_PLACEMENT_3D ( 'NONE', #372, #2598, #405 ) ;
#2810 = LINE ( 'NONE', #1177, #1767 ) ;
#2811 = VERTEX_POINT ( 'NONE', #1227 ) ;
#2812 = EDGE_CURVE ( 'NONE', #1925, #764, #268, .T. ) ;
#2813 = CYLINDRICAL_SURFACE ( 'NONE', #1566, 0.9999999999999974465 ) ;
#2814 = AXIS2_PLACEMENT_3D ( 'NONE', #438, #2246, #1131 ) ;
#2815 = ORIENTED_EDGE ( 'NONE', *, *, #2167, .F. ) ;
#2816 = DIRECTION ( 'NONE',  ( 0.000000000000000000, 0.08715574274765740259, -0.9961946980917456562 ) ) ;
#2817 = VECTOR ( 'NONE', #282, 1000.000000000000000 ) ;
#2818 = DIRECTION ( 'NONE',  ( 0.000000000000000000, 0.08715574274765525153, -0.9961946980917458783 ) ) ;
#2819 = ORIENTED_EDGE ( 'NONE', *, *, #805, .F. ) ;
#2820 = DIRECTION ( 'NONE',  ( 0.000000000000000000, -0.08715574274764838203, 0.9961946980917464334 ) ) ;
#2821 = CARTESIAN_POINT ( 'NONE',  ( 23.41049721830912489, 33.94535692414699213, 4.977473585290876024 ) ) ;
#2822 = LINE ( 'NONE', #2596, #1396 ) ;
#2823 = DIRECTION ( 'NONE',  ( 1.000000000000000000, 0.000000000000000000, -0.000000000000000000 ) ) ;
#2824 = VERTEX_POINT ( 'NONE', #2114 ) ;
#2825 = CARTESIAN_POINT ( 'NONE',  ( 26.66049721830912134, 35.26346340939592494, 6.548331724507995943 ) ) ;
#2826 = VECTOR ( 'NONE', #562, 1000.000000000000114 ) ;
#2827 = EDGE_CURVE ( 'NONE', #1699, #428, #48, .T. ) ;
#2828 = DIRECTION ( 'NONE',  ( 1.000000000000000000, 0.000000000000000000, -0.000000000000000000 ) ) ;
#2829 = EDGE_LOOP ( 'NONE', ( #1706, #1800 ) ) ;
#2830 = EDGE_CURVE ( 'NONE', #2378, #2824, #2320, .T. ) ;
#2831 = DIRECTION ( 'NONE',  ( -1.000000000000000000, -0.000000000000000000, -0.000000000000000000 ) ) ;
#2832 = EDGE_CURVE ( 'NONE', #664, #1939, #1172, .T. ) ;
#2833 = EDGE_LOOP ( 'NONE', ( #2860, #210, #2401, #2905 ) ) ;
#2834 = DIRECTION ( 'NONE',  ( -0.000000000000000000, 0.9961946980917455452, 0.08715574274765738871 ) ) ;
#2835 = CARTESIAN_POINT ( 'NONE',  ( 2.360497218309119738, 71.94381727279184702, -4.245839872055324982 ) ) ;
#2836 = ORIENTED_EDGE ( 'NONE', *, *, #760, .F. ) ;
#2837 = ORIENTED_EDGE ( 'NONE', *, *, #1242, .F. ) ;
#2838 = CARTESIAN_POINT ( 'NONE',  ( 5.310497218309119916, 35.86309947798586251, 11.16817334357307345 ) ) ;
#2839 = VECTOR ( 'NONE', #645, 1000.000000000000114 ) ;
#2840 = CARTESIAN_POINT ( 'NONE',  ( -30.14652396192871464, 70.77331108920473923, -2.340606218619620371 ) ) ;
#2841 = AXIS2_PLACEMENT_3D ( 'NONE', #2722, #211, #2482 ) ;
#2842 = CARTESIAN_POINT ( 'NONE',  ( 2.360497218309119738, 68.23315012909530708, 9.482996544359975744 ) ) ;
#2843 = ORIENTED_EDGE ( 'NONE', *, *, #1295, .F. ) ;
#2844 = DIRECTION ( 'NONE',  ( 0.000000000000000000, 0.9961946980917457672, 0.08715574274765619522 ) ) ;
#2845 = EDGE_LOOP ( 'NONE', ( #2339, #2207, #2933, #2364 ) ) ;
#2846 = VECTOR ( 'NONE', #377, 1000.000000000000000 ) ;
#2847 = CARTESIAN_POINT ( 'NONE',  ( 2.360497218309119738, 67.73505278004942909, 9.439418672986146674 ) ) ;
#2848 = CARTESIAN_POINT ( 'NONE',  ( 12.36049721830912063, 0.1743114854953106418, -1.992389396183449568 ) ) ;
#2849 = ORIENTED_EDGE ( 'NONE', *, *, #1001, .T. ) ;
#2850 = CARTESIAN_POINT ( 'NONE',  ( 5.310497218309119916, 67.19337755962973802, 9.893938150658192043 ) ) ;
#2851 = EDGE_CURVE ( 'NONE', #1553, #2503, #2551, .T. ) ;
#2852 = CARTESIAN_POINT ( 'NONE',  ( 6.310497218309119027, 68.84324032832890339, 2.509633657717752264 ) ) ;
#2853 = SHAPE_DEFINITION_REPRESENTATION ( #1406, #339 ) ;
#2854 = CARTESIAN_POINT ( 'NONE',  ( 5.310497218309119916, 47.93579608882981091, 17.74540654169809883 ) ) ;
#2855 = VECTOR ( 'NONE', #335, 1000.000000000000000 ) ;
#2856 = LINE ( 'NONE', #2407, #2668 ) ;
#2857 = ORIENTED_EDGE ( 'NONE', *, *, #2192, .T. ) ;
#2858 = VECTOR ( 'NONE', #2185, 1000.000000000000114 ) ;
#2859 = CARTESIAN_POINT ( 'NONE',  ( 14.42299721830911885, -39.06016008654939498, -1.309299544239395985 ) ) ;
#2860 = ORIENTED_EDGE ( 'NONE', *, *, #2033, .T. ) ;
#2861 = CARTESIAN_POINT ( 'NONE',  ( 6.310497218309119027, 66.84475458863911967, 13.87871694302518044 ) ) ;
#2862 = ORIENTED_EDGE ( 'NONE', *, *, #1336, .T. ) ;
#2863 = VECTOR ( 'NONE', #2828, 1000.000000000000000 ) ;
#2864 = ADVANCED_FACE ( 'NONE', ( #2100 ), #2561, .F. ) ;
#2865 = EDGE_CURVE ( 'NONE', #1162, #734, #1655, .T. ) ;
#2866 = LINE ( 'NONE', #548, #1158 ) ;
#2867 = APPLICATION_PROTOCOL_DEFINITION ( 'draft international standard', 'automotive_design', 1998, #2524 ) ;
#2868 = DIRECTION ( 'NONE',  ( 1.000000000000000000, 0.000000000000000000, 0.000000000000000000 ) ) ;
#2869 = ORIENTED_EDGE ( 'NONE', *, *, #271, .F. ) ;
#2870 = DIRECTION ( 'NONE',  ( 0.000000000000000000, -0.08715574274765129636, 0.9961946980917461003 ) ) ;
#2871 = VERTEX_POINT ( 'NONE', #2390 ) ;
#2872 = DIRECTION ( 'NONE',  ( -0.000000000000000000, -0.08715574274765740259, 0.9961946980917456562 ) ) ;
#2873 = CARTESIAN_POINT ( 'NONE',  ( 23.21068473592409376, 37.84729752187318041, -7.134225570412334072 ) ) ;
#2874 = ORIENTED_EDGE ( 'NONE', *, *, #1112, .T. ) ;
#2875 = CARTESIAN_POINT ( 'NONE',  ( 26.66049721830912134, 38.29736393141389783, -5.181883432193085781 ) ) ;
#2876 = CARTESIAN_POINT ( 'NONE',  ( 2.060497218309119916, 68.88681819970273068, 2.011536308671881379 ) ) ;
#2877 = ORIENTED_EDGE ( 'NONE', *, *, #578, .F. ) ;
#2878 = ORIENTED_EDGE ( 'NONE', *, *, #1623, .T. ) ;
#2879 =( NAMED_UNIT ( * ) PLANE_ANGLE_UNIT ( ) SI_UNIT ( $, .RADIAN. ) );
#2880 = EDGE_CURVE ( 'NONE', #1387, #1299, #385, .T. ) ;
#2881 = PLANE ( 'NONE',  #202 ) ;
#2882 = AXIS2_PLACEMENT_3D ( 'NONE', #776, #810, #1892 ) ;
#2883 = LINE ( 'NONE', #1705, #2572 ) ;
#2884 = ORIENTED_EDGE ( 'NONE', *, *, #2641, .T. ) ;
#2885 = AXIS2_PLACEMENT_3D ( 'NONE', #1948, #1959, #2658 ) ;
#2886 = CYLINDRICAL_SURFACE ( 'NONE', #1936, 4.000000000000017764 ) ;
#2887 = CARTESIAN_POINT ( 'NONE',  ( 23.37145277721382897, 37.35632511585146176, -6.951865234989893949 ) ) ;
#2888 = DIRECTION ( 'NONE',  ( 0.000000000000000000, 0.000000000000000000, 1.000000000000000000 ) ) ;
#2889 = CARTESIAN_POINT ( 'NONE',  ( 7.310497218309123468, 36.80307188427627807, -5.312617046314564107 ) ) ;
#2890 = ORIENTED_EDGE ( 'NONE', *, *, #357, .T. ) ;
#2891 = VERTEX_POINT ( 'NONE', #1302 ) ;
#2892 = LINE ( 'NONE', #2653, #1601 ) ;
#2893 = ORIENTED_EDGE ( 'NONE', *, *, #1171, .F. ) ;
#2894 = PLANE ( 'NONE',  #780 ) ;
#2895 = EDGE_LOOP ( 'NONE', ( #2517, #475, #1192, #1191 ) ) ;
#2896 = EDGE_CURVE ( 'NONE', #1363, #2656, #2194, .T. ) ;
#2897 = ORIENTED_EDGE ( 'NONE', *, *, #2011, .T. ) ;
#2898 = DIRECTION ( 'NONE',  ( 0.000000000000000000, 0.000000000000000000, 1.000000000000000000 ) ) ;
#2899 = DIRECTION ( 'NONE',  ( 0.000000000000000000, 0.000000000000000000, 1.000000000000000000 ) ) ;
#2900 = VECTOR ( 'NONE', #461, 1000.000000000000000 ) ;
#2901 = EDGE_CURVE ( 'NONE', #1942, #2750, #1459, .T. ) ;
#2902 = DIRECTION ( 'NONE',  ( -1.000000000000000000, -0.000000000000000000, -0.000000000000000000 ) ) ;
#2903 = CARTESIAN_POINT ( 'NONE',  ( 5.310497218309119916, 66.84475458863911967, 13.87871694302518044 ) ) ;
#2904 = VERTEX_POINT ( 'NONE', #1734 ) ;
#2905 = ORIENTED_EDGE ( 'NONE', *, *, #450, .F. ) ;
#2906 = LINE ( 'NONE', #882, #1183 ) ;
#2907 = AXIS2_PLACEMENT_3D ( 'NONE', #537, #958, #2031 ) ;
#2908 = ORIENTED_EDGE ( 'NONE', *, *, #1242, .T. ) ;
#2909 = FACE_OUTER_BOUND ( 'NONE', #2472, .T. ) ;
#2910 = ORIENTED_EDGE ( 'NONE', *, *, #354, .T. ) ;
#2911 = DIRECTION ( 'NONE',  ( 0.000000000000000000, 0.9961946980917457672, 0.08715574274765550133 ) ) ;
#2912 = ADVANCED_FACE ( 'NONE', ( #1240 ), #1066, .F. ) ;
#2913 = EDGE_CURVE ( 'NONE', #1141, #2366, #2186, .T. ) ;
#2914 = DIRECTION ( 'NONE',  ( -1.000000000000000000, 0.000000000000000000, 0.000000000000000000 ) ) ;
#2915 = DIRECTION ( 'NONE',  ( 0.000000000000000000, 0.000000000000000000, -1.000000000000000000 ) ) ;
#2916 = LINE ( 'NONE', #660, #1645 ) ;
#2917 = CIRCLE ( 'NONE', #1919, 2.099999999999893063 ) ;
#2918 = DIRECTION ( 'NONE',  ( -1.000000000000000000, -0.000000000000000000, 0.000000000000000000 ) ) ;
#2919 = EDGE_LOOP ( 'NONE', ( #2084, #1776, #1492, #2716 ) ) ;
#2920 = EDGE_CURVE ( 'NONE', #178, #543, #121, .T. ) ;
#2921 =( NAMED_UNIT ( * ) SI_UNIT ( $, .STERADIAN. ) SOLID_ANGLE_UNIT ( ) );
#2922 = ORIENTED_EDGE ( 'NONE', *, *, #1714, .F. ) ;
#2923 = DIRECTION ( 'NONE',  ( 1.000000000000000000, -0.000000000000000000, 0.000000000000000000 ) ) ;
#2924 = LINE ( 'NONE', #1562, #1863 ) ;
#2925 = VERTEX_POINT ( 'NONE', #1515 ) ;
#2926 = VECTOR ( 'NONE', #14, 1000.000000000000000 ) ;
#2927 = DIRECTION ( 'NONE',  ( -1.000000000000000000, 0.000000000000000000, 0.000000000000000000 ) ) ;
#2928 = CIRCLE ( 'NONE', #370, 1.650000000000000355 ) ;
#2929 = VECTOR ( 'NONE', #567, 1000.000000000000114 ) ;
#2930 = LINE ( 'NONE', #2633, #1395 ) ;
#2931 = DIRECTION ( 'NONE',  ( -1.000000000000000000, -0.000000000000000000, -0.000000000000000000 ) ) ;
#2932 = ORIENTED_EDGE ( 'NONE', *, *, #2554, .T. ) ;
#2933 = ORIENTED_EDGE ( 'NONE', *, *, #1165, .F. ) ;
#2934 = DIRECTION ( 'NONE',  ( -1.000000000000000000, 0.000000000000000000, -0.000000000000000000 ) ) ;
#2935 = ORIENTED_EDGE ( 'NONE', *, *, #2350, .F. ) ;
#2936 = DIRECTION ( 'NONE',  ( -0.000000000000000000, 0.08715574274765630625, -0.9961946980917458783 ) ) ;
ENDSEC;
END-ISO-10303-21;
