ISO-10303-21;
HEADER;
FILE_DESCRIPTION (( 'STEP AP214' ),
    '1' );
FILE_NAME ('TallStopper.STEP',
    '2026-09-02T06:29:12',
    ( '' ),
    ( '' ),
    'SwSTEP 2.0',
    'SolidWorks 2026',
    '' );
FILE_SCHEMA (( 'AUTOMOTIVE_DESIGN' ));
ENDSEC;

DATA;
#1 = CARTESIAN_POINT ( 'NONE',  ( -110.0050000000000097, 1.624912349303897496, 120.0342451900004050 ) ) ;
#2 = ORIENTED_EDGE ( 'NONE', *, *, #1903, .F. ) ;
#3 = AXIS2_PLACEMENT_3D ( 'NONE', #1208, #521, #1386 ) ;
#4 = CARTESIAN_POINT ( 'NONE',  ( -121.0050000000000239, 54.14087767517231242, 97.11952756699363931 ) ) ;
#5 = ORIENTED_EDGE ( 'NONE', *, *, #542, .T. ) ;
#6 = EDGE_CURVE ( 'NONE', #529, #743, #1580, .T. ) ;
#7 = CARTESIAN_POINT ( 'NONE',  ( -110.0050000000000097, 9.454614042075800029, 59.81485559184040568 ) ) ;
#8 = EDGE_CURVE ( 'NONE', #1188, #1115, #1870, .T. ) ;
#9 = CARTESIAN_POINT ( 'NONE',  ( -110.0050000000000097, 9.454614042075800029, 59.81485559184040568 ) ) ;
#10 = CARTESIAN_POINT ( 'NONE',  ( -118.5049999999999955, 3.700841197825064821, 67.52145518999999751 ) ) ;
#11 = ADVANCED_FACE ( 'NONE', ( #1539 ), #1332, .F. ) ;
#12 = ORIENTED_EDGE ( 'NONE', *, *, #331, .F. ) ;
#13 = DIRECTION ( 'NONE',  ( -1.000000000000000000, -0.000000000000000000, -0.000000000000000000 ) ) ;
#14 = ORIENTED_EDGE ( 'NONE', *, *, #186, .F. ) ;
#15 = AXIS2_PLACEMENT_3D ( 'NONE', #79, #512, #1686 ) ;
#16 = CARTESIAN_POINT ( 'NONE',  ( -140.7227413872501529, 12.12935584125365729, 127.3658309388120671 ) ) ;
#17 = FACE_BOUND ( 'NONE', #800, .T. ) ;
#18 = LINE ( 'NONE', #1807, #1775 ) ;
#19 = ORIENTED_EDGE ( 'NONE', *, *, #1726, .F. ) ;
#20 = EDGE_CURVE ( 'NONE', #1551, #372, #959, .T. ) ;
#21 = DIRECTION ( 'NONE',  ( 1.000000000000000000, -0.000000000000000000, -0.000000000000000000 ) ) ;
#22 = ORIENTED_EDGE ( 'NONE', *, *, #1844, .F. ) ;
#23 =( NAMED_UNIT ( * ) PLANE_ANGLE_UNIT ( ) SI_UNIT ( $, .RADIAN. ) );
#24 = VECTOR ( 'NONE', #181, 1000.000000000000000 ) ;
#25 = CARTESIAN_POINT ( 'NONE',  ( -110.0050000000000097, 1.989098184684026993, 105.7889004077676702 ) ) ;
#26 = DIRECTION ( 'NONE',  ( 1.000000000000000000, 0.000000000000000000, 0.000000000000000000 ) ) ;
#27 = CARTESIAN_POINT ( 'NONE',  ( -110.0050000000000097, 2.717343760482673787, 67.51257320853839872 ) ) ;
#28 = ORIENTED_EDGE ( 'NONE', *, *, #958, .F. ) ;
#29 = DIRECTION ( 'NONE',  ( 0.000000000000000000, 3.559804613186955399E-15, -1.000000000000000000 ) ) ;
#30 = EDGE_CURVE ( 'NONE', #1530, #949, #592, .T. ) ;
#31 = ORIENTED_EDGE ( 'NONE', *, *, #1033, .T. ) ;
#32 = DIRECTION ( 'NONE',  ( 1.000000000000000000, -0.000000000000000000, -0.000000000000000000 ) ) ;
#33 = CIRCLE ( 'NONE', #789, 4.000000000000003553 ) ;
#34 = CARTESIAN_POINT ( 'NONE',  ( -139.7049999999999841, 9.861213396968993905, 73.55383869614963999 ) ) ;
#35 = FACE_OUTER_BOUND ( 'NONE', #1225, .T. ) ;
#36 = CIRCLE ( 'NONE', #1107, 19.99999999999998934 ) ;
#37 = DIRECTION ( 'NONE',  ( 0.000000000000000000, 0.000000000000000000, -1.000000000000000000 ) ) ;
#38 = ORIENTED_EDGE ( 'NONE', *, *, #196, .T. ) ;
#39 = PLANE ( 'NONE',  #977 ) ;
#40 = ORIENTED_EDGE ( 'NONE', *, *, #43, .F. ) ;
#41 = AXIS2_PLACEMENT_3D ( 'NONE', #590, #1343, #1034 ) ;
#42 = CARTESIAN_POINT ( 'NONE',  ( -131.3685591599889904, 32.90925376060825869, 109.1390340861804447 ) ) ;
#43 = EDGE_CURVE ( 'NONE', #1310, #346, #51, .T. ) ;
#44 = CARTESIAN_POINT ( 'NONE',  ( -131.2049999999999841, 14.72350603000970004, 60.93961737530270284 ) ) ;
#45 = CIRCLE ( 'NONE', #1608, 3.263900000000000023 ) ;
#46 = DIRECTION ( 'NONE',  ( 0.000000000000000000, 0.000000000000000000, -1.000000000000000000 ) ) ;
#47 = LINE ( 'NONE', #884, #243 ) ;
#48 = ORIENTED_EDGE ( 'NONE', *, *, #1894, .F. ) ;
#49 = DIRECTION ( 'NONE',  ( 1.000000000000000000, -0.000000000000000000, -0.000000000000000000 ) ) ;
#50 = ORIENTED_EDGE ( 'NONE', *, *, #532, .T. ) ;
#51 = CIRCLE ( 'NONE', #353, 3.263899999999986257 ) ;
#52 = CARTESIAN_POINT ( 'NONE',  ( -181.2050000000000125, 2.717343760482674231, 70.77647320853840540 ) ) ;
#53 = ORIENTED_EDGE ( 'NONE', *, *, #1491, .F. ) ;
#54 = DIRECTION ( 'NONE',  ( 0.000000000000000000, -0.7517803434846782595, 0.6594136146229158113 ) ) ;
#55 = ADVANCED_FACE ( 'NONE', ( #585 ), #295, .F. ) ;
#56 = CARTESIAN_POINT ( 'NONE',  ( -121.0050000000000239, 40.95260538271400463, 102.0839206973000870 ) ) ;
#57 = AXIS2_PLACEMENT_3D ( 'NONE', #1767, #461, #766 ) ;
#58 = LINE ( 'NONE', #349, #477 ) ;
#59 = ORIENTED_EDGE ( 'NONE', *, *, #1364, .F. ) ;
#60 = CARTESIAN_POINT ( 'NONE',  ( -110.0050000000000097, 54.14087767517231242, 86.11952756699368194 ) ) ;
#61 = ORIENTED_EDGE ( 'NONE', *, *, #237, .F. ) ;
#62 = CIRCLE ( 'NONE', #935, 3.263899999999986257 ) ;
#63 = CARTESIAN_POINT ( 'NONE',  ( -131.2049999999999841, 1.624912349303897496, 120.0342451900004050 ) ) ;
#64 = ORIENTED_EDGE ( 'NONE', *, *, #1121, .F. ) ;
#65 = CIRCLE ( 'NONE', #454, 19.99999999999998934 ) ;
#66 = LINE ( 'NONE', #44, #1697 ) ;
#67 = CARTESIAN_POINT ( 'NONE',  ( -55.81822477298735663, 12.75008366506263968, 125.4911924354130406 ) ) ;
#68 = ADVANCED_FACE ( 'NONE', ( #432, #720, #1751, #1036, #1778 ), #1629, .F. ) ;
#69 = DIRECTION ( 'NONE',  ( 0.000000000000000000, 0.000000000000000000, -1.000000000000000000 ) ) ;
#70 = VERTEX_POINT ( 'NONE', #154 ) ;
#71 = CIRCLE ( 'NONE', #1136, 9.617566184310422983 ) ;
#72 = EDGE_CURVE ( 'NONE', #265, #483, #125, .T. ) ;
#73 = DIRECTION ( 'NONE',  ( 0.000000000000000000, 0.7517803434846781485, -0.6594136146229158113 ) ) ;
#74 = EDGE_LOOP ( 'NONE', ( #1851, #767 ) ) ;
#75 = CARTESIAN_POINT ( 'NONE',  ( -181.2050000000000125, 1.624912349303897496, 116.7703451900004268 ) ) ;
#76 = AXIS2_PLACEMENT_3D ( 'NONE', #259, #710, #516 ) ;
#77 = ORIENTED_EDGE ( 'NONE', *, *, #8, .F. ) ;
#78 = CARTESIAN_POINT ( 'NONE',  ( -131.2049999999999841, 2.353220972583350168, 81.75488680815304576 ) ) ;
#79 = CARTESIAN_POINT ( 'NONE',  ( -118.5049999999999955, 2.317225707232374532, 102.5214551899999975 ) ) ;
#80 = AXIS2_PLACEMENT_3D ( 'NONE', #540, #222, #1097 ) ;
#81 = DIRECTION ( 'NONE',  ( 0.000000000000000000, 0.000000000000000000, 1.000000000000000000 ) ) ;
#82 = ORIENTED_EDGE ( 'NONE', *, *, #446, .F. ) ;
#83 = LINE ( 'NONE', #561, #231 ) ;
#84 = EDGE_CURVE ( 'NONE', #1286, #819, #728, .T. ) ;
#85 = VERTEX_POINT ( 'NONE', #891 ) ;
#86 = DIRECTION ( 'NONE',  ( -0.000000000000000000, -0.9063077870366480493, -0.4226182617407036046 ) ) ;
#87 = VERTEX_POINT ( 'NONE', #1743 ) ;
#88 = CARTESIAN_POINT ( 'NONE',  ( -139.7049999999999841, 59.18131927730301811, 97.76509788137619239 ) ) ;
#89 = FACE_OUTER_BOUND ( 'NONE', #1111, .T. ) ;
#90 = DIRECTION ( 'NONE',  ( 0.000000000000000000, 0.9063077870366480493, 0.4226182617407036046 ) ) ;
#91 = EDGE_LOOP ( 'NONE', ( #979, #263 ) ) ;
#92 = ORIENTED_EDGE ( 'NONE', *, *, #30, .T. ) ;
#93 = ADVANCED_FACE ( 'NONE', ( #163, #17, #1905, #882, #144 ), #1766, .T. ) ;
#94 = CARTESIAN_POINT ( 'NONE',  ( -131.2049999999998988, 9.201224378581176921, 129.9342005013121764 ) ) ;
#95 = VERTEX_POINT ( 'NONE', #700 ) ;
#96 = VECTOR ( 'NONE', #1709, 1000.000000000000114 ) ;
#97 = CARTESIAN_POINT ( 'NONE',  ( -131.2049999999999841, 12.28784703058827255, 113.7977446801280905 ) ) ;
#98 = CARTESIAN_POINT ( 'NONE',  ( -115.3145269530371735, 150.5250000000000057, 127.6275971666042608 ) ) ;
#99 = CARTESIAN_POINT ( 'NONE',  ( -110.0050000000000097, 90.52499999999999147, 80.92787998577402675 ) ) ;
#100 = EDGE_LOOP ( 'NONE', ( #809, #306, #1239, #1810 ) ) ;
#101 = ORIENTED_EDGE ( 'NONE', *, *, #1391, .T. ) ;
#102 = CARTESIAN_POINT ( 'NONE',  ( -181.2050000000000125, 2.717343760482674231, 70.77647320853840540 ) ) ;
#103 = ORIENTED_EDGE ( 'NONE', *, *, #497, .F. ) ;
#104 = CARTESIAN_POINT ( 'NONE',  ( -132.2718618071159540, 150.5250000000000057, 129.9707429171118918 ) ) ;
#105 = EDGE_CURVE ( 'NONE', #1023, #274, #1867, .T. ) ;
#106 = FACE_BOUND ( 'NONE', #198, .T. ) ;
#107 = EDGE_CURVE ( 'NONE', #1612, #1276, #442, .T. ) ;
#108 = DIRECTION ( 'NONE',  ( -1.000000000000000000, 0.000000000000000000, 0.000000000000000000 ) ) ;
#109 = EDGE_LOOP ( 'NONE', ( #623, #304, #156, #583 ) ) ;
#110 = VERTEX_POINT ( 'NONE', #441 ) ;
#111 = CARTESIAN_POINT ( 'NONE',  ( -139.7049999999999841, 14.71224090861394984, 61.18409052239854873 ) ) ;
#112 = ORIENTED_EDGE ( 'NONE', *, *, #1176, .F. ) ;
#113 = CARTESIAN_POINT ( 'NONE',  ( -118.5049999999999955, 12.03019091127106677, 126.1852777493611200 ) ) ;
#114 = VECTOR ( 'NONE', #285, 1000.000000000000227 ) ;
#115 = EDGE_CURVE ( 'NONE', #967, #1458, #1759, .T. ) ;
#116 = CARTESIAN_POINT ( 'NONE',  ( -110.0050000000000097, 9.454614042075800029, 59.81485559184040568 ) ) ;
#117 = VERTEX_POINT ( 'NONE', #1149 ) ;
#118 = LINE ( 'NONE', #693, #1183 ) ;
#119 = VERTEX_POINT ( 'NONE', #9 ) ;
#120 = AXIS2_PLACEMENT_3D ( 'NONE', #1473, #1346, #312 ) ;
#121 = PLANE ( 'NONE',  #133 ) ;
#122 = ORIENTED_EDGE ( 'NONE', *, *, #509, .F. ) ;
#123 = CARTESIAN_POINT ( 'NONE',  ( -181.2050000000000125, 1.624912349303897496, 120.0342451900004050 ) ) ;
#124 = VECTOR ( 'NONE', #1088, 1000.000000000000000 ) ;
#125 = LINE ( 'NONE', #1166, #840 ) ;
#126 = CIRCLE ( 'NONE', #1815, 3.263899999999986257 ) ;
#127 = DIRECTION ( 'NONE',  ( 0.000000000000000000, 0.000000000000000000, 1.000000000000000000 ) ) ;
#128 = ORIENTED_EDGE ( 'NONE', *, *, #1316, .F. ) ;
#129 = EDGE_CURVE ( 'NONE', #811, #796, #1245, .T. ) ;
#130 =( BOUNDED_CURVE ( )  B_SPLINE_CURVE ( 3, ( #774, #347, #1086, #1063 ),
 .UNSPECIFIED., .F., .T. ) 
 B_SPLINE_CURVE_WITH_KNOTS ( ( 4, 4 ),
 ( 3.704128898133649983, 4.712388980384691450 ),
 .UNSPECIFIED. ) 
 CURVE ( )  GEOMETRIC_REPRESENTATION_ITEM ( )  RATIONAL_B_SPLINE_CURVE ( ( 1.000000000000000000, 0.9170633571806086071, 0.9170633571806086071, 1.000000000000000000 ) ) 
 REPRESENTATION_ITEM ( '' )  );
#131 = CARTESIAN_POINT ( 'NONE',  ( -142.5049999999999955, -6.680558252839261080, 126.2129959983954990 ) ) ;
#132 = ORIENTED_EDGE ( 'NONE', *, *, #1446, .F. ) ;
#133 = AXIS2_PLACEMENT_3D ( 'NONE', #695, #1884, #556 ) ;
#134 = CARTESIAN_POINT ( 'NONE',  ( -142.5049999999999955, 2.717343760482673787, 64.24867320853840624 ) ) ;
#135 = FACE_OUTER_BOUND ( 'NONE', #1216, .T. ) ;
#136 = AXIS2_PLACEMENT_3D ( 'NONE', #310, #1314, #870 ) ;
#137 = DIRECTION ( 'NONE',  ( 1.000000000000000000, -0.000000000000000000, -0.000000000000000000 ) ) ;
#138 = EDGE_LOOP ( 'NONE', ( #626, #444, #848, #1882 ) ) ;
#139 = FACE_OUTER_BOUND ( 'NONE', #100, .T. ) ;
#140 = ADVANCED_FACE ( 'NONE', ( #277 ), #1471, .F. ) ;
#141 = CIRCLE ( 'NONE', #988, 28.26390000000000668 ) ;
#142 = VERTEX_POINT ( 'NONE', #426 ) ;
#143 = CARTESIAN_POINT ( 'NONE',  ( -181.2050000000000125, 1.989098184684026993, 105.7889004077676702 ) ) ;
#144 = FACE_BOUND ( 'NONE', #548, .T. ) ;
#145 = AXIS2_PLACEMENT_3D ( 'NONE', #1299, #1898, #571 ) ;
#146 = LINE ( 'NONE', #1734, #1879 ) ;
#147 = ORIENTED_EDGE ( 'NONE', *, *, #1806, .T. ) ;
#148 = CARTESIAN_POINT ( 'NONE',  ( -121.0050000000000239, 144.8345269530371695, 131.2528283147508716 ) ) ;
#149 = VECTOR ( 'NONE', #1399, 1000.000000000000000 ) ;
#150 = ORIENTED_EDGE ( 'NONE', *, *, #1351, .F. ) ;
#151 = ADVANCED_FACE ( 'NONE', ( #135 ), #711, .T. ) ;
#152 = EDGE_CURVE ( 'NONE', #1139, #1745, #824, .T. ) ;
#153 = DIRECTION ( 'NONE',  ( 0.000000000000000000, 0.000000000000000000, 1.000000000000000000 ) ) ;
#154 = CARTESIAN_POINT ( 'NONE',  ( -131.2049999999999841, 2.353220972583350612, 88.28268680815301650 ) ) ;
#155 = DIRECTION ( 'NONE',  ( -0.7071067811865493491, 0.2988362387301213841, -0.6408563820557857671 ) ) ;
#156 = ORIENTED_EDGE ( 'NONE', *, *, #760, .F. ) ;
#157 = AXIS2_PLACEMENT_3D ( 'NONE', #1855, #385, #964 ) ;
#158 = CARTESIAN_POINT ( 'NONE',  ( -121.0050000000000239, 144.8345269530371695, 131.2528283147508716 ) ) ;
#159 = ORIENTED_EDGE ( 'NONE', *, *, #436, .T. ) ;
#160 = CIRCLE ( 'NONE', #399, 28.26390000000000668 ) ;
#161 = CARTESIAN_POINT ( 'NONE',  ( -139.7049999999999841, 16.15539990020439021, 123.8344426968183001 ) ) ;
#162 = ADVANCED_FACE ( 'NONE', ( #503 ), #1087, .F. ) ;
#163 = FACE_OUTER_BOUND ( 'NONE', #1042, .T. ) ;
#164 = DIRECTION ( 'NONE',  ( 1.000000000000000000, 0.000000000000000000, 0.000000000000000000 ) ) ;
#165 = VECTOR ( 'NONE', #240, 1000.000000000000000 ) ;
#166 = EDGE_LOOP ( 'NONE', ( #48, #835, #398, #383 ) ) ;
#167 = CARTESIAN_POINT ( 'NONE',  ( -110.0050000000000097, 90.17262644291547247, 80.83611193238934334 ) ) ;
#168 = ORIENTED_EDGE ( 'NONE', *, *, #1482, .T. ) ;
#169 = VECTOR ( 'NONE', #537, 1000.000000000000000 ) ;
#170 = PLANE ( 'NONE',  #708 ) ;
#171 = FACE_OUTER_BOUND ( 'NONE', #390, .T. ) ;
#172 = ADVANCED_FACE ( 'NONE', ( #180 ), #765, .F. ) ;
#173 = CARTESIAN_POINT ( 'NONE',  ( -142.5049999999999955, -5.038872033973481379, -0.06550795675992583667 ) ) ;
#174 = ORIENTED_EDGE ( 'NONE', *, *, #598, .T. ) ;
#175 = CIRCLE ( 'NONE', #1207, 9.617566184310422983 ) ;
#176 = CARTESIAN_POINT ( 'NONE',  ( -131.2049999999999841, 2.317225707232374532, 102.5214551899999975 ) ) ;
#177 = EDGE_LOOP ( 'NONE', ( #527, #192, #456, #381, #1113, #1004, #1682, #1267, #1691, #1099, #1822, #893 ) ) ;
#178 = VECTOR ( 'NONE', #611, 1000.000000000000114 ) ;
#179 = LINE ( 'NONE', #7, #559 ) ;
#180 = FACE_OUTER_BOUND ( 'NONE', #921, .T. ) ;
#181 = DIRECTION ( 'NONE',  ( 1.000000000000000000, 0.000000000000000000, 0.000000000000000000 ) ) ;
#182 = CIRCLE ( 'NONE', #1494, 4.000000000000003553 ) ;
#183 = ORIENTED_EDGE ( 'NONE', *, *, #1662, .T. ) ;
#184 = DIRECTION ( 'NONE',  ( 0.000000000000000000, 0.000000000000000000, 1.000000000000000000 ) ) ;
#185 = EDGE_LOOP ( 'NONE', ( #2, #1222, #1565, #1347 ) ) ;
#186 = EDGE_CURVE ( 'NONE', #489, #419, #470, .T. ) ;
#187 = CARTESIAN_POINT ( 'NONE',  ( -130.1029100022226146, 35.22212055560486732, 107.1103353224423245 ) ) ;
#188 = DIRECTION ( 'NONE',  ( 0.000000000000000000, 0.000000000000000000, -1.000000000000000000 ) ) ;
#189 = DIRECTION ( 'NONE',  ( 0.000000000000000000, -0.9989400423776123583, -0.04603033493918996105 ) ) ;
#190 = AXIS2_PLACEMENT_3D ( 'NONE', #315, #49, #193 ) ;
#191 = CARTESIAN_POINT ( 'NONE',  ( -128.7049999999999557, 59.18131927730301811, 97.76509788137619239 ) ) ;
#192 = ORIENTED_EDGE ( 'NONE', *, *, #152, .T. ) ;
#193 = DIRECTION ( 'NONE',  ( 0.000000000000000000, 0.000000000000000000, 1.000000000000000000 ) ) ;
#194 = EDGE_LOOP ( 'NONE', ( #38, #1141, #1465, #769, #1401, #657, #5, #962 ) ) ;
#195 = CIRCLE ( 'NONE', #1733, 3.263899999999986257 ) ;
#196 = EDGE_CURVE ( 'NONE', #1322, #1178, #1488, .T. ) ;
#197 = CARTESIAN_POINT ( 'NONE',  ( -130.4957822173364548, 34.43891837902385333, 107.7973101585306210 ) ) ;
#198 = EDGE_LOOP ( 'NONE', ( #1073, #682 ) ) ;
#199 = DIRECTION ( 'NONE',  ( 1.000000000000000000, 0.000000000000000000, 0.000000000000000000 ) ) ;
#200 = AXIS2_PLACEMENT_3D ( 'NONE', #822, #1387, #1252 ) ;
#201 = CARTESIAN_POINT ( 'NONE',  ( -117.8507509668018827, 32.15985495481773881, 109.7963587683208289 ) ) ;
#202 = CARTESIAN_POINT ( 'NONE',  ( -139.7049999999999841, 17.44370827204450691, 61.89544197822205973 ) ) ;
#203 = ORIENTED_EDGE ( 'NONE', *, *, #646, .T. ) ;
#204 = DIRECTION ( 'NONE',  ( -1.000000000000000000, 0.000000000000000000, 0.000000000000000000 ) ) ;
#205 = ORIENTED_EDGE ( 'NONE', *, *, #1699, .T. ) ;
#206 = CARTESIAN_POINT ( 'NONE',  ( -128.7049999999999557, 40.95260538271400463, 102.0839206973000870 ) ) ;
#207 = ORIENTED_EDGE ( 'NONE', *, *, #380, .F. ) ;
#208 = EDGE_CURVE ( 'NONE', #419, #529, #1344, .T. ) ;
#209 = EDGE_CURVE ( 'NONE', #1380, #725, #175, .T. ) ;
#210 = DIRECTION ( 'NONE',  ( 1.000000000000000000, 0.000000000000000000, 0.000000000000000000 ) ) ;
#211 = DIRECTION ( 'NONE',  ( 0.000000000000000000, 0.000000000000000000, -1.000000000000000000 ) ) ;
#212 = AXIS2_PLACEMENT_3D ( 'NONE', #370, #360, #1538 ) ;
#213 = ADVANCED_FACE ( 'NONE', ( #35 ), #492, .T. ) ;
#214 = DIRECTION ( 'NONE',  ( 1.000000000000000000, 0.000000000000000000, 0.000000000000000000 ) ) ;
#215 = EDGE_LOOP ( 'NONE', ( #293, #1264, #219, #22 ) ) ;
#216 = DIRECTION ( 'NONE',  ( -1.000000000000000000, -0.000000000000000000, -0.000000000000000000 ) ) ;
#217 = ORIENTED_EDGE ( 'NONE', *, *, #1327, .F. ) ;
#218 = CARTESIAN_POINT ( 'NONE',  ( -118.5049999999999955, 14.72350603000970004, 60.93961737530270284 ) ) ;
#219 = ORIENTED_EDGE ( 'NONE', *, *, #1108, .F. ) ;
#220 = AXIS2_PLACEMENT_3D ( 'NONE', #830, #847, #1160 ) ;
#221 = DIRECTION ( 'NONE',  ( 0.000000000000000000, 0.000000000000000000, 1.000000000000000000 ) ) ;
#222 = DIRECTION ( 'NONE',  ( 1.000000000000000000, 0.000000000000000000, 0.000000000000000000 ) ) ;
#223 = PRODUCT_DEFINITION_SHAPE ( 'NONE', 'NONE',  #508 ) ;
#224 = ADVANCED_FACE ( 'NONE', ( #358 ), #460, .T. ) ;
#225 = CARTESIAN_POINT ( 'NONE',  ( -131.2049999999999841, -2.680896237038563168, 126.2649936845082976 ) ) ;
#226 = VERTEX_POINT ( 'NONE', #348 ) ;
#227 = VECTOR ( 'NONE', #204, 1000.000000000000000 ) ;
#228 = DIRECTION ( 'NONE',  ( 1.000000000000000000, 0.000000000000000000, 0.000000000000000000 ) ) ;
#229 = ORIENTED_EDGE ( 'NONE', *, *, #6, .T. ) ;
#230 = CARTESIAN_POINT ( 'NONE',  ( -131.2049999999999841, 3.700841197825064821, 67.52145518999999751 ) ) ;
#231 = VECTOR ( 'NONE', #656, 1000.000000000000000 ) ;
#232 = VERTEX_POINT ( 'NONE', #1047 ) ;
#233 = FACE_OUTER_BOUND ( 'NONE', #1272, .T. ) ;
#234 = DIRECTION ( 'NONE',  ( 0.000000000000000000, 0.000000000000000000, -1.000000000000000000 ) ) ;
#235 = CARTESIAN_POINT ( 'NONE',  ( -142.5049999999999955, 1.989098184684026549, 102.5250004077676920 ) ) ;
#236 = CARTESIAN_POINT ( 'NONE',  ( -110.0050000000000097, 54.14087767517231242, 117.1195275669936535 ) ) ;
#237 = EDGE_CURVE ( 'NONE', #1674, #1532, #473, .T. ) ;
#238 = ORIENTED_EDGE ( 'NONE', *, *, #1024, .F. ) ;
#239 = CYLINDRICAL_SURFACE ( 'NONE', #952, 6.000000000000000888 ) ;
#240 = DIRECTION ( 'NONE',  ( 1.000000000000000000, 0.000000000000000000, -0.000000000000000000 ) ) ;
#241 = DIRECTION ( 'NONE',  ( 0.000000000000000000, -0.9997837578322145147, -0.02079513344260804086 ) ) ;
#242 = CARTESIAN_POINT ( 'NONE',  ( -121.0050000000000239, 40.95260538271400463, 102.0839206973000870 ) ) ;
#243 = VECTOR ( 'NONE', #164, 1000.000000000000000 ) ;
#244 = LINE ( 'NONE', #813, #686 ) ;
#245 = VERTEX_POINT ( 'NONE', #1064 ) ;
#246 = CARTESIAN_POINT ( 'NONE',  ( -142.5049999999999955, 2.353220972583350612, 88.28268680815301650 ) ) ;
#247 = ADVANCED_FACE ( 'NONE', ( #1210 ), #479, .F. ) ;
#248 = ORIENTED_EDGE ( 'NONE', *, *, #911, .T. ) ;
#249 = DIRECTION ( 'NONE',  ( 0.000000000000000000, -0.2520220801065353733, 0.9677214842808725681 ) ) ;
#250 = AXIS2_PLACEMENT_3D ( 'NONE', #502, #1441, #1865 ) ;
#251 = FACE_OUTER_BOUND ( 'NONE', #166, .T. ) ;
#252 = ORIENTED_EDGE ( 'NONE', *, *, #1283, .F. ) ;
#253 = ORIENTED_EDGE ( 'NONE', *, *, #632, .T. ) ;
#254 = AXIS2_PLACEMENT_3D ( 'NONE', #340, #1359, #184 ) ;
#255 = CARTESIAN_POINT ( 'NONE',  ( -139.7049999999999841, -2.680896237038563168, 126.2649936845082976 ) ) ;
#256 = ORIENTED_EDGE ( 'NONE', *, *, #749, .T. ) ;
#257 = CIRCLE ( 'NONE', #1388, 30.99999999999998579 ) ;
#258 = DIRECTION ( 'NONE',  ( 0.000000000000000000, 0.000000000000000000, 1.000000000000000000 ) ) ;
#259 = CARTESIAN_POINT ( 'NONE',  ( -55.81822477298735663, 68.41376061093905037, 77.99675243372347211 ) ) ;
#260 = EDGE_LOOP ( 'NONE', ( #1764, #12, #463, #925 ) ) ;
#261 = CIRCLE ( 'NONE', #1703, 3.263899999999986257 ) ;
#262 = DIRECTION ( 'NONE',  ( 0.000000000000000000, 0.000000000000000000, 1.000000000000000000 ) ) ;
#263 = ORIENTED_EDGE ( 'NONE', *, *, #20, .T. ) ;
#264 = CARTESIAN_POINT ( 'NONE',  ( -110.0050000000000097, 2.717343760482674231, 70.77647320853840540 ) ) ;
#265 = VERTEX_POINT ( 'NONE', #1677 ) ;
#266 = DIRECTION ( 'NONE',  ( 0.000000000000000000, -0.9677214842808724571, -0.2520220801065353733 ) ) ;
#267 = FACE_OUTER_BOUND ( 'NONE', #177, .T. ) ;
#268 = ADVANCED_FACE ( 'NONE', ( #171 ), #601, .T. ) ;
#269 = ORIENTED_EDGE ( 'NONE', *, *, #1808, .T. ) ;
#270 = CARTESIAN_POINT ( 'NONE',  ( -142.5049999999999955, 2.353220972583350168, 85.01878680815302403 ) ) ;
#271 = ORIENTED_EDGE ( 'NONE', *, *, #1672, .F. ) ;
#272 = AXIS2_PLACEMENT_3D ( 'NONE', #235, #663, #81 ) ;
#273 = DIRECTION ( 'NONE',  ( -0.000000000000000000, -0.000000000000000000, -1.000000000000000000 ) ) ;
#274 = VERTEX_POINT ( 'NONE', #319 ) ;
#275 = FACE_OUTER_BOUND ( 'NONE', #1123, .T. ) ;
#276 = LINE ( 'NONE', #362, #827 ) ;
#277 = FACE_OUTER_BOUND ( 'NONE', #1362, .T. ) ;
#278 = ADVANCED_FACE ( 'NONE', ( #337 ), #915, .F. ) ;
#279 = CARTESIAN_POINT ( 'NONE',  ( -139.7049999999999841, 89.16453812248933275, 109.7069978695128327 ) ) ;
#280 = ORIENTED_EDGE ( 'NONE', *, *, #702, .T. ) ;
#281 = DIRECTION ( 'NONE',  ( 0.000000000000000000, -0.9063077870366479383, -0.4226182617407037712 ) ) ;
#282 = ORIENTED_EDGE ( 'NONE', *, *, #678, .F. ) ;
#283 = CIRCLE ( 'NONE', #1349, 3.263900000000000023 ) ;
#284 = LINE ( 'NONE', #143, #1288 ) ;
#285 = DIRECTION ( 'NONE',  ( 0.000000000000000000, -0.02079513344260803739, 0.9997837578322144036 ) ) ;
#286 = VECTOR ( 'NONE', #1392, 1000.000000000000114 ) ;
#287 = CARTESIAN_POINT ( 'NONE',  ( -110.0050000000000097, 1.989098184684026549, 102.5250004077676920 ) ) ;
#288 = EDGE_CURVE ( 'NONE', #949, #1474, #244, .T. ) ;
#289 = ORIENTED_EDGE ( 'NONE', *, *, #1711, .T. ) ;
#290 = ADVANCED_FACE ( 'NONE', ( #1269, #106, #386, #965, #1261 ), #679, .T. ) ;
#291 = CARTESIAN_POINT ( 'NONE',  ( -142.5049999999999955, 2.717343760482674231, 70.77647320853840540 ) ) ;
#292 = AXIS2_PLACEMENT_3D ( 'NONE', #467, #1062, #1523 ) ;
#293 = ORIENTED_EDGE ( 'NONE', *, *, #368, .F. ) ;
#294 = CARTESIAN_POINT ( 'NONE',  ( -121.0050000000000239, 75.52499999999999147, 102.0214551899999975 ) ) ;
#295 = CYLINDRICAL_SURFACE ( 'NONE', #1675, 3.263899999999986257 ) ;
#296 = DIRECTION ( 'NONE',  ( 0.000000000000000000, 0.9677214842808724571, 0.2520220801065353733 ) ) ;
#297 = ORIENTED_EDGE ( 'NONE', *, *, #999, .F. ) ;
#298 = CARTESIAN_POINT ( 'NONE',  ( -121.0050000000000239, 54.14087767517231242, 117.1195275669936535 ) ) ;
#299 = VECTOR ( 'NONE', #320, 1000.000000000000000 ) ;
#300 = ORIENTED_EDGE ( 'NONE', *, *, #1567, .T. ) ;
#301 = ADVANCED_FACE ( 'NONE', ( #89 ), #805, .F. ) ;
#302 = DIRECTION ( 'NONE',  ( 0.000000000000000000, 0.000000000000000000, 1.000000000000000000 ) ) ;
#303 = DIRECTION ( 'NONE',  ( 0.000000000000000000, 0.000000000000000000, 1.000000000000000000 ) ) ;
#304 = ORIENTED_EDGE ( 'NONE', *, *, #772, .T. ) ;
#305 = VECTOR ( 'NONE', #296, 1000.000000000000114 ) ;
#306 = ORIENTED_EDGE ( 'NONE', *, *, #898, .F. ) ;
#307 = PRODUCT_RELATED_PRODUCT_CATEGORY ( 'part', '', ( #1850 ) ) ;
#308 = AXIS2_PLACEMENT_3D ( 'NONE', #474, #464, #1799 ) ;
#309 = EDGE_CURVE ( 'NONE', #1571, #1369, #1237, .T. ) ;
#310 = CARTESIAN_POINT ( 'NONE',  ( -142.5049999999999955, 1.624912349303897496, 120.0342451900004050 ) ) ;
#311 = CARTESIAN_POINT ( 'NONE',  ( -110.0050000000000097, 2.317225707232374532, 102.5214551899999975 ) ) ;
#312 = DIRECTION ( 'NONE',  ( 0.000000000000000000, 0.9677214842808725681, 0.2520220801065353733 ) ) ;
#313 = AXIS2_PLACEMENT_3D ( 'NONE', #889, #1015, #1487 ) ;
#314 = ORIENTED_EDGE ( 'NONE', *, *, #1009, .F. ) ;
#315 = CARTESIAN_POINT ( 'NONE',  ( -118.5049999999999955, 1.624912349303897496, 120.0342451900004050 ) ) ;
#316 = ORIENTED_EDGE ( 'NONE', *, *, #484, .F. ) ;
#317 = CIRCLE ( 'NONE', #1204, 3.263899999999972490 ) ;
#318 = DIRECTION ( 'NONE',  ( -1.000000000000000000, -0.000000000000000000, -0.000000000000000000 ) ) ;
#319 = CARTESIAN_POINT ( 'NONE',  ( -110.0050000000000097, 1.989098184684026549, 99.26110040776769949 ) ) ;
#320 = DIRECTION ( 'NONE',  ( -1.000000000000000000, 0.000000000000000000, 0.000000000000000000 ) ) ;
#321 = ADVANCED_FACE ( 'NONE', ( #1128 ), #1242, .F. ) ;
#322 = VERTEX_POINT ( 'NONE', #394 ) ;
#323 = DIRECTION ( 'NONE',  ( 1.000000000000000000, -0.000000000000000000, -0.000000000000000000 ) ) ;
#324 = ORIENTED_EDGE ( 'NONE', *, *, #1712, .F. ) ;
#325 = CARTESIAN_POINT ( 'NONE',  ( -128.7049999999999841, 39.26323666070054230, 103.5657268459554246 ) ) ;
#326 = DIRECTION ( 'NONE',  ( -0.000000000000000000, 0.9677214842808724571, 0.2520220801065353733 ) ) ;
#327 = DIRECTION ( 'NONE',  ( 1.000000000000000000, 0.000000000000000000, 0.000000000000000000 ) ) ;
#328 = CARTESIAN_POINT ( 'NONE',  ( -121.0050000000000239, 75.52499999999999147, 102.0214551899999975 ) ) ;
#329 = CIRCLE ( 'NONE', #1719, 9.617566184310422983 ) ;
#330 = ORIENTED_EDGE ( 'NONE', *, *, #898, .T. ) ;
#331 = EDGE_CURVE ( 'NONE', #1738, #1789, #317, .T. ) ;
#332 = FACE_OUTER_BOUND ( 'NONE', #761, .T. ) ;
#333 = ORIENTED_EDGE ( 'NONE', *, *, #1687, .F. ) ;
#334 = DIRECTION ( 'NONE',  ( -1.000000000000000000, -0.000000000000000000, -0.000000000000000000 ) ) ;
#335 = EDGE_LOOP ( 'NONE', ( #771, #1393, #589, #594, #938, #515, #777, #339, #1169, #77 ) ) ;
#336 = CARTESIAN_POINT ( 'NONE',  ( -67.50805407609416875, 150.5250000000000057, 74.87899061070621087 ) ) ;
#337 = FACE_OUTER_BOUND ( 'NONE', #1360, .T. ) ;
#338 = CARTESIAN_POINT ( 'NONE',  ( -118.5049999999999955, 14.71224090861394984, 61.18409052239854873 ) ) ;
#339 = ORIENTED_EDGE ( 'NONE', *, *, #209, .F. ) ;
#340 = CARTESIAN_POINT ( 'NONE',  ( -110.0050000000000097, 54.14087767517231242, 117.1195275669936535 ) ) ;
#341 = ADVANCED_FACE ( 'NONE', ( #794 ), #1405, .T. ) ;
#342 = EDGE_CURVE ( 'NONE', #322, #1061, #1240, .T. ) ;
#343 = ORIENTED_EDGE ( 'NONE', *, *, #1760, .F. ) ;
#344 = DIRECTION ( 'NONE',  ( 0.000000000000000000, 0.000000000000000000, -1.000000000000000000 ) ) ;
#345 = EDGE_CURVE ( 'NONE', #1280, #1519, #1394, .T. ) ;
#346 = VERTEX_POINT ( 'NONE', #1846 ) ;
#347 = CARTESIAN_POINT ( 'NONE',  ( -140.7227413872502098, 13.51241088893910636, 60.87162080642709583 ) ) ;
#348 = CARTESIAN_POINT ( 'NONE',  ( -110.0050000000000097, 150.5250000000000057, 111.4546205183042531 ) ) ;
#349 = CARTESIAN_POINT ( 'NONE',  ( -118.5049999999999955, 14.64846086594761942, 0.3046825836585791980 ) ) ;
#350 = EDGE_LOOP ( 'NONE', ( #1872, #597, #816, #1385 ) ) ;
#351 = DIRECTION ( 'NONE',  ( 0.000000000000000000, -0.01299942152821343365, 0.9999155039501745890 ) ) ;
#352 = ORIENTED_EDGE ( 'NONE', *, *, #414, .F. ) ;
#353 = AXIS2_PLACEMENT_3D ( 'NONE', #591, #862, #1008 ) ;
#354 = LINE ( 'NONE', #608, #1479 ) ;
#355 = ORIENTED_EDGE ( 'NONE', *, *, #1662, .F. ) ;
#356 = ADVANCED_FACE ( 'NONE', ( #369 ), #944, .F. ) ;
#357 = LINE ( 'NONE', #1096, #1824 ) ;
#358 = FACE_OUTER_BOUND ( 'NONE', #615, .T. ) ;
#359 = CIRCLE ( 'NONE', #420, 3.263900000000000023 ) ;
#360 = DIRECTION ( 'NONE',  ( 1.000000000000000000, -0.000000000000000000, -0.000000000000000000 ) ) ;
#361 = ORIENTED_EDGE ( 'NONE', *, *, #1108, .T. ) ;
#362 = CARTESIAN_POINT ( 'NONE',  ( -139.7049999999999841, 16.59252633306344293, 102.8183761782856607 ) ) ;
#363 = VERTEX_POINT ( 'NONE', #1398 ) ;
#364 = DIRECTION ( 'NONE',  ( 1.000000000000000000, 0.000000000000000000, 0.000000000000000000 ) ) ;
#365 = ORIENTED_EDGE ( 'NONE', *, *, #469, .T. ) ;
#366 = FACE_BOUND ( 'NONE', #960, .T. ) ;
#367 = ADVANCED_FACE ( 'NONE', ( #1109 ), #1696, .T. ) ;
#368 = EDGE_CURVE ( 'NONE', #363, #826, #941, .T. ) ;
#369 = FACE_OUTER_BOUND ( 'NONE', #1849, .T. ) ;
#370 = CARTESIAN_POINT ( 'NONE',  ( -110.0050000000000097, 89.16453812248933275, 109.7069978695128327 ) ) ;
#371 = ORIENTED_EDGE ( 'NONE', *, *, #1351, .T. ) ;
#372 = VERTEX_POINT ( 'NONE', #1072 ) ;
#373 = DIRECTION ( 'NONE',  ( 1.000000000000000000, 0.000000000000000000, 0.000000000000000000 ) ) ;
#374 = AXIS2_PLACEMENT_3D ( 'NONE', #406, #1531, #842 ) ;
#375 = ORIENTED_EDGE ( 'NONE', *, *, #107, .F. ) ;
#376 = DIRECTION ( 'NONE',  ( 0.000000000000000000, -0.7517803434846782595, 0.6594136146229158113 ) ) ;
#377 = CARTESIAN_POINT ( 'NONE',  ( -158.5280715342438498, 14.64846086594761942, 0.3046825836585791980 ) ) ;
#378 = VECTOR ( 'NONE', #373, 1000.000000000000000 ) ;
#379 = CARTESIAN_POINT ( 'NONE',  ( -131.2049999999999841, 9.454614042075800029, 59.81485559184040568 ) ) ;
#380 = EDGE_CURVE ( 'NONE', #536, #1433, #501, .T. ) ;
#381 = ORIENTED_EDGE ( 'NONE', *, *, #484, .T. ) ;
#382 = DIRECTION ( 'NONE',  ( 0.000000000000000000, -0.9677214842808724571, -0.2520220801065353733 ) ) ;
#383 = ORIENTED_EDGE ( 'NONE', *, *, #867, .T. ) ;
#384 = AXIS2_PLACEMENT_3D ( 'NONE', #1786, #189, #1640 ) ;
#385 = DIRECTION ( 'NONE',  ( -1.000000000000000000, 0.000000000000000000, 0.000000000000000000 ) ) ;
#386 = FACE_BOUND ( 'NONE', #1864, .T. ) ;
#387 = DIRECTION ( 'NONE',  ( 0.000000000000000000, -2.428612866367527723E-14, 1.000000000000000000 ) ) ;
#388 = ORIENTED_EDGE ( 'NONE', *, *, #820, .F. ) ;
#389 = EDGE_CURVE ( 'NONE', #245, #412, #1534, .T. ) ;
#390 = EDGE_LOOP ( 'NONE', ( #606, #352, #1181, #1101 ) ) ;
#391 = DIRECTION ( 'NONE',  ( 0.000000000000000000, 0.000000000000000000, 1.000000000000000000 ) ) ;
#392 = ORIENTED_EDGE ( 'NONE', *, *, #1615, .F. ) ;
#393 = CYLINDRICAL_SURFACE ( 'NONE', #1469, 3.263899999999972490 ) ;
#394 = CARTESIAN_POINT ( 'NONE',  ( -120.6302311481466063, 146.5249999999999773, 131.6275971666042608 ) ) ;
#395 = VECTOR ( 'NONE', #1592, 1000.000000000000000 ) ;
#396 = ORIENTED_EDGE ( 'NONE', *, *, #1773, .T. ) ;
#397 = CARTESIAN_POINT ( 'NONE',  ( -139.7049999999999841, 9.861213396968993905, 73.55383869614963999 ) ) ;
#398 = ORIENTED_EDGE ( 'NONE', *, *, #368, .T. ) ;
#399 = AXIS2_PLACEMENT_3D ( 'NONE', #176, #1659, #29 ) ;
#400 = EDGE_CURVE ( 'NONE', #1433, #536, #652, .T. ) ;
#401 = DIRECTION ( 'NONE',  ( 1.000000000000000000, -0.000000000000000000, -0.000000000000000000 ) ) ;
#402 = ORIENTED_EDGE ( 'NONE', *, *, #331, .T. ) ;
#403 = EDGE_CURVE ( 'NONE', #346, #1310, #261, .T. ) ;
#404 = CIRCLE ( 'NONE', #136, 3.263899999999972490 ) ;
#405 = CARTESIAN_POINT ( 'NONE',  ( -110.0050000000000097, 89.16453812248926170, 84.70699786951281851 ) ) ;
#406 = CARTESIAN_POINT ( 'NONE',  ( -139.7049999999999841, 3.700841197825064821, 67.52145518999999751 ) ) ;
#407 = DIRECTION ( 'NONE',  ( 0.000000000000000000, -0.9063077870366479383, -0.4226182617407037712 ) ) ;
#408 = VERTEX_POINT ( 'NONE', #912 ) ;
#409 = DIRECTION ( 'NONE',  ( 1.000000000000000000, 0.000000000000000000, 0.000000000000000000 ) ) ;
#410 = ORIENTED_EDGE ( 'NONE', *, *, #705, .T. ) ;
#411 = LINE ( 'NONE', #1143, #1260 ) ;
#412 = VERTEX_POINT ( 'NONE', #1341 ) ;
#413 = CARTESIAN_POINT ( 'NONE',  ( -129.0797688518534017, 146.5249999999999773, 131.6275971666042608 ) ) ;
#414 = EDGE_CURVE ( 'NONE', #1800, #1690, #1083, .T. ) ;
#415 = AXIS2_PLACEMENT_3D ( 'NONE', #417, #1610, #1290 ) ;
#416 = CARTESIAN_POINT ( 'NONE',  ( -139.7049999999999841, 21.41574514320261358, 61.56454808807603030 ) ) ;
#417 = CARTESIAN_POINT ( 'NONE',  ( -110.0050000000000097, 1.989098184684026549, 102.5250004077676920 ) ) ;
#418 = DIRECTION ( 'NONE',  ( 0.000000000000000000, 0.000000000000000000, -1.000000000000000000 ) ) ;
#419 = VERTEX_POINT ( 'NONE', #1673 ) ;
#420 = AXIS2_PLACEMENT_3D ( 'NONE', #27, #1797, #1650 ) ;
#421 = PLANE ( 'NONE',  #1630 ) ;
#422 = EDGE_LOOP ( 'NONE', ( #1717, #1418, #150, #1014 ) ) ;
#423 = CARTESIAN_POINT ( 'NONE',  ( -139.7049999999999841, 90.17262644291547247, 105.8361119323893433 ) ) ;
#424 = DIRECTION ( 'NONE',  ( 1.000000000000000000, 0.000000000000000000, 0.000000000000000000 ) ) ;
#425 = EDGE_CURVE ( 'NONE', #666, #1337, #1639, .T. ) ;
#426 = CARTESIAN_POINT ( 'NONE',  ( -110.0050000000000097, 2.353220972583350168, 81.75488680815304576 ) ) ;
#427 = LINE ( 'NONE', #553, #1529 ) ;
#428 = ORIENTED_EDGE ( 'NONE', *, *, #1223, .F. ) ;
#429 = DIRECTION ( 'NONE',  ( 1.000000000000000000, 0.000000000000000000, 0.000000000000000000 ) ) ;
#430 = ORIENTED_EDGE ( 'NONE', *, *, #342, .T. ) ;
#431 = CARTESIAN_POINT ( 'NONE',  ( -139.7049999999999841, 68.41376061093905037, 77.99675243372347211 ) ) ;
#432 = FACE_OUTER_BOUND ( 'NONE', #1616, .T. ) ;
#433 = FACE_OUTER_BOUND ( 'NONE', #1350, .T. ) ;
#434 = ORIENTED_EDGE ( 'NONE', *, *, #1262, .T. ) ;
#435 = EDGE_CURVE ( 'NONE', #725, #1842, #354, .T. ) ;
#436 = EDGE_CURVE ( 'NONE', #226, #851, #1238, .T. ) ;
#437 = DIRECTION ( 'NONE',  ( 0.000000000000000000, 0.000000000000000000, 1.000000000000000000 ) ) ;
#438 = ORIENTED_EDGE ( 'NONE', *, *, #1903, .T. ) ;
#439 =( BOUNDED_CURVE ( )  B_SPLINE_CURVE ( 3, ( #161, #736, #16, #1180 ),
 .UNSPECIFIED., .F., .T. ) 
 B_SPLINE_CURVE_WITH_KNOTS ( ( 4, 4 ),
 ( 4.712388980384689674, 5.720649062635729365 ),
 .UNSPECIFIED. ) 
 CURVE ( )  GEOMETRIC_REPRESENTATION_ITEM ( )  RATIONAL_B_SPLINE_CURVE ( ( 1.000000000000000000, 0.9170633571806089401, 0.9170633571806089401, 1.000000000000000000 ) ) 
 REPRESENTATION_ITEM ( '' )  );
#440 = DIRECTION ( 'NONE',  ( -1.000000000000000000, -0.000000000000000000, 0.000000000000000000 ) ) ;
#441 = CARTESIAN_POINT ( 'NONE',  ( -142.5049999999999955, 2.353220972583350168, 81.75488680815304576 ) ) ;
#442 = CIRCLE ( 'NONE', #1801, 9.617566184310422983 ) ;
#443 = DIRECTION ( 'NONE',  ( -0.7071067811865494601, -0.2988362387301217171, 0.6408563820557856561 ) ) ;
#444 = ORIENTED_EDGE ( 'NONE', *, *, #403, .F. ) ;
#445 = CARTESIAN_POINT ( 'NONE',  ( -118.5049999999999955, -5.915912340133839820, 67.39643239309469891 ) ) ;
#446 = EDGE_CURVE ( 'NONE', #796, #486, #1361, .T. ) ;
#447 = VECTOR ( 'NONE', #1356, 1000.000000000000000 ) ;
#448 = ORIENTED_EDGE ( 'NONE', *, *, #1423, .F. ) ;
#449 = DIRECTION ( 'NONE',  ( 0.000000000000000000, 0.000000000000000000, -1.000000000000000000 ) ) ;
#450 = ORIENTED_EDGE ( 'NONE', *, *, #1084, .T. ) ;
#451 = DIRECTION ( 'NONE',  ( -1.000000000000000000, 0.000000000000000000, 0.000000000000000000 ) ) ;
#452 = DIRECTION ( 'NONE',  ( -1.000000000000000000, 0.000000000000000000, 0.000000000000000000 ) ) ;
#453 = ORIENTED_EDGE ( 'NONE', *, *, #84, .F. ) ;
#454 = AXIS2_PLACEMENT_3D ( 'NONE', #1895, #1876, #1135 ) ;
#455 = FACE_OUTER_BOUND ( 'NONE', #931, .T. ) ;
#456 = ORIENTED_EDGE ( 'NONE', *, *, #890, .T. ) ;
#457 = AXIS2_PLACEMENT_3D ( 'NONE', #706, #1614, #1330 ) ;
#458 = ADVANCED_FACE ( 'NONE', ( #1793 ), #790, .F. ) ;
#459 = DIRECTION ( 'NONE',  ( 0.000000000000000000, 8.673617379884027583E-16, 1.000000000000000000 ) ) ;
#460 = CYLINDRICAL_SURFACE ( 'NONE', #1515, 1.000000000000000888 ) ;
#461 = DIRECTION ( 'NONE',  ( -1.000000000000000000, 0.000000000000000000, 0.000000000000000000 ) ) ;
#462 = PRESENTATION_LAYER_ASSIGNMENT (  '', '', ( #860 ) ) ;
#463 = ORIENTED_EDGE ( 'NONE', *, *, #1540, .T. ) ;
#464 = DIRECTION ( 'NONE',  ( 0.000000000000000000, 0.9999155039501747000, 0.01299942152821343885 ) ) ;
#465 = EDGE_LOOP ( 'NONE', ( #1679, #731, #1777, #50 ) ) ;
#466 = VECTOR ( 'NONE', #1352, 1000.000000000000000 ) ;
#467 = CARTESIAN_POINT ( 'NONE',  ( -181.2050000000000125, 1.624912349303897496, 120.0342451900004050 ) ) ;
#468 = DIRECTION ( 'NONE',  ( 0.000000000000000000, -0.9677214842808724571, -0.2520220801065353733 ) ) ;
#469 = EDGE_CURVE ( 'NONE', #1151, #1161, #1832, .T. ) ;
#470 = LINE ( 'NONE', #1055, #1835 ) ;
#471 = DIRECTION ( 'NONE',  ( -1.000000000000000000, 0.000000000000000000, 0.000000000000000000 ) ) ;
#472 = ORIENTED_EDGE ( 'NONE', *, *, #1155, .T. ) ;
#473 = CIRCLE ( 'NONE', #1547, 4.000000000000003553 ) ;
#474 = CARTESIAN_POINT ( 'NONE',  ( -110.0050000000000097, -5.915912340133839820, 67.39643239309469891 ) ) ;
#475 = ORIENTED_EDGE ( 'NONE', *, *, #1567, .F. ) ;
#476 = CARTESIAN_POINT ( 'NONE',  ( -134.5789686766588886, 28.57019884618097905, 112.9449754225917957 ) ) ;
#477 = VECTOR ( 'NONE', #1828, 1000.000000000000227 ) ;
#478 = LINE ( 'NONE', #88, #939 ) ;
#479 = CYLINDRICAL_SURFACE ( 'NONE', #718, 4.000000000000003553 ) ;
#480 = EDGE_CURVE ( 'NONE', #538, #554, #510, .T. ) ;
#481 = ADVANCED_FACE ( 'NONE', ( #1092 ), #627, .F. ) ;
#482 = DIRECTION ( 'NONE',  ( 0.000000000000000000, 0.9063077870366479383, 0.4226182617407038267 ) ) ;
#483 = VERTEX_POINT ( 'NONE', #1683 ) ;
#484 = EDGE_CURVE ( 'NONE', #1369, #1724, #1342, .T. ) ;
#485 = DIRECTION ( 'NONE',  ( 0.000000000000000000, 0.000000000000000000, -1.000000000000000000 ) ) ;
#486 = VERTEX_POINT ( 'NONE', #264 ) ;
#487 = VECTOR ( 'NONE', #266, 1000.000000000000114 ) ;
#488 = DIRECTION ( 'NONE',  ( 1.000000000000000000, 0.000000000000000000, 0.000000000000000000 ) ) ;
#489 = VERTEX_POINT ( 'NONE', #1853 ) ;
#490 = DIRECTION ( 'NONE',  ( 1.000000000000000000, 0.000000000000000000, 0.000000000000000000 ) ) ;
#491 = VECTOR ( 'NONE', #1381, 1000.000000000000000 ) ;
#492 = CYLINDRICAL_SURFACE ( 'NONE', #926, 4.000000000000003553 ) ;
#493 = CARTESIAN_POINT ( 'NONE',  ( -110.0050000000000097, 54.14087767517231242, 117.1195275669936535 ) ) ;
#494 = EDGE_LOOP ( 'NONE', ( #1596, #1705 ) ) ;
#495 = AXIS2_PLACEMENT_3D ( 'NONE', #1462, #584, #153 ) ;
#496 = DIRECTION ( 'NONE',  ( 0.000000000000000000, 0.000000000000000000, 1.000000000000000000 ) ) ;
#497 = EDGE_CURVE ( 'NONE', #1151, #1437, #518, .T. ) ;
#498 = VERTEX_POINT ( 'NONE', #658 ) ;
#499 = DIRECTION ( 'NONE',  ( 0.000000000000000000, 0.02079513344260803739, -0.9997837578322144036 ) ) ;
#500 = VERTEX_POINT ( 'NONE', #1275 ) ;
#501 = CIRCLE ( 'NONE', #1542, 3.263899999999972490 ) ;
#502 = CARTESIAN_POINT ( 'NONE',  ( -131.2049999999999841, 2.717343760482673787, 67.51257320853839872 ) ) ;
#503 = FACE_OUTER_BOUND ( 'NONE', #138, .T. ) ;
#504 = DIRECTION ( 'NONE',  ( 0.000000000000000000, 0.000000000000000000, 1.000000000000000000 ) ) ;
#505 = ORIENTED_EDGE ( 'NONE', *, *, #446, .T. ) ;
#506 = FILL_AREA_STYLE ('',( #1137 ) ) ;
#507 = ORIENTED_EDGE ( 'NONE', *, *, #1883, .T. ) ;
#508 = PRODUCT_DEFINITION ( 'UNKNOWN', '', #1811, #1774 ) ;
#509 = EDGE_CURVE ( 'NONE', #265, #1674, #969, .T. ) ;
#510 = LINE ( 'NONE', #1053, #466 ) ;
#511 = LINE ( 'NONE', #953, #1112 ) ;
#512 = DIRECTION ( 'NONE',  ( -1.000000000000000000, 0.000000000000000000, 0.000000000000000000 ) ) ;
#513 = AXIS2_PLACEMENT_3D ( 'NONE', #892, #602, #907 ) ;
#514 = DIRECTION ( 'NONE',  ( 1.000000000000000000, -0.000000000000000000, -0.000000000000000000 ) ) ;
#515 = ORIENTED_EDGE ( 'NONE', *, *, #1844, .T. ) ;
#516 = DIRECTION ( 'NONE',  ( 0.000000000000000000, -0.7517803434846782595, 0.6594136146229157003 ) ) ;
#517 = ORIENTED_EDGE ( 'NONE', *, *, #1672, .T. ) ;
#518 = LINE ( 'NONE', #1103, #1737 ) ;
#519 = EDGE_LOOP ( 'NONE', ( #1129, #734, #280, #428, #1780 ) ) ;
#520 = AXIS2_PLACEMENT_3D ( 'NONE', #1005, #1597, #1259 ) ;
#521 = DIRECTION ( 'NONE',  ( -1.000000000000000000, -0.000000000000000000, -0.000000000000000000 ) ) ;
#522 = CARTESIAN_POINT ( 'NONE',  ( -139.7049999999999841, 9.454614042075800029, 59.81485559184040568 ) ) ;
#523 = ADVANCED_FACE ( 'NONE', ( #547 ), #239, .F. ) ;
#524 = DIRECTION ( 'NONE',  ( -0.7071067811865492381, 0.1782065218520696714, -0.6842824238349144439 ) ) ;
#525 = DIRECTION ( 'NONE',  ( 0.000000000000000000, 0.9063077870366479383, 0.4226182617407037712 ) ) ;
#526 = AXIS2_PLACEMENT_3D ( 'NONE', #894, #1348, #496 ) ;
#527 = ORIENTED_EDGE ( 'NONE', *, *, #1248, .F. ) ;
#528 = CARTESIAN_POINT ( 'NONE',  ( -142.5049999999999955, 2.317225707232374532, 102.5214551899999975 ) ) ;
#529 = VERTEX_POINT ( 'NONE', #1249 ) ;
#530 = CARTESIAN_POINT ( 'NONE',  ( -139.7049999999999841, 92.94486932408734958, 95.19117560529976174 ) ) ;
#531 = DIRECTION ( 'NONE',  ( 0.000000000000000000, 0.000000000000000000, 1.000000000000000000 ) ) ;
#532 = EDGE_CURVE ( 'NONE', #1455, #1571, #1257, .T. ) ;
#533 = AXIS2_PLACEMENT_3D ( 'NONE', #1215, #1645, #1663 ) ;
#534 = CARTESIAN_POINT ( 'NONE',  ( -118.5049999999999955, 12.75008366506263968, 125.4911924354130406 ) ) ;
#535 = DIRECTION ( 'NONE',  ( -1.000000000000000000, 0.000000000000000000, 0.000000000000000000 ) ) ;
#536 = VERTEX_POINT ( 'NONE', #828 ) ;
#537 = DIRECTION ( 'NONE',  ( 1.000000000000000000, 0.000000000000000000, 0.000000000000000000 ) ) ;
#538 = VERTEX_POINT ( 'NONE', #1284 ) ;
#539 = CARTESIAN_POINT ( 'NONE',  ( -29.96302869831711391, 146.5249999999999773, 111.4546205183042531 ) ) ;
#540 = CARTESIAN_POINT ( 'NONE',  ( -181.2050000000000125, 2.717343760482673787, 67.51257320853839872 ) ) ;
#541 = DIRECTION ( 'NONE',  ( 0.000000000000000000, -0.9677214842808724571, -0.2520220801065353733 ) ) ;
#542 = EDGE_CURVE ( 'NONE', #363, #917, #141, .T. ) ;
#543 = EDGE_CURVE ( 'NONE', #666, #581, #961, .T. ) ;
#544 = CARTESIAN_POINT ( 'NONE',  ( -29.96302869831711391, 150.5250000000000057, 108.9063394750742759 ) ) ;
#545 = ORIENTED_EDGE ( 'NONE', *, *, #1504, .F. ) ;
#546 = ADVANCED_FACE ( 'NONE', ( #674 ), #810, .T. ) ;
#547 = FACE_OUTER_BOUND ( 'NONE', #640, .T. ) ;
#548 = EDGE_LOOP ( 'NONE', ( #1772, #1684 ) ) ;
#549 = LINE ( 'NONE', #987, #758 ) ;
#550 = CIRCLE ( 'NONE', #1784, 3.263899999999986257 ) ;
#551 = LINE ( 'NONE', #1147, #1294 ) ;
#552 = ORIENTED_EDGE ( 'NONE', *, *, #1235, .F. ) ;
#553 = CARTESIAN_POINT ( 'NONE',  ( -158.5280715342438498, 12.03019091127106677, 126.1852777493611200 ) ) ;
#554 = VERTEX_POINT ( 'NONE', #1266 ) ;
#555 = CIRCLE ( 'NONE', #793, 3.263899999999986257 ) ;
#556 = DIRECTION ( 'NONE',  ( 0.000000000000000000, -0.01299942152821343712, 0.9999155039501745890 ) ) ;
#557 = EDGE_CURVE ( 'NONE', #1188, #1690, #1564, .T. ) ;
#558 = ORIENTED_EDGE ( 'NONE', *, *, #1550, .T. ) ;
#559 = VECTOR ( 'NONE', #468, 1000.000000000000114 ) ;
#560 = DIRECTION ( 'NONE',  ( 0.000000000000000000, 0.000000000000000000, -1.000000000000000000 ) ) ;
#561 = CARTESIAN_POINT ( 'NONE',  ( -181.2050000000000125, 2.717343760482673787, 64.24867320853840624 ) ) ;
#562 = DIRECTION ( 'NONE',  ( 1.000000000000000000, 0.000000000000000000, 0.000000000000000000 ) ) ;
#563 = AXIS2_PLACEMENT_3D ( 'NONE', #781, #32, #770 ) ;
#564 = CARTESIAN_POINT ( 'NONE',  ( -139.7049999999999841, -5.915912340133839820, 67.39643239309469891 ) ) ;
#565 = ORIENTED_EDGE ( 'NONE', *, *, #646, .F. ) ;
#566 = DIRECTION ( 'NONE',  ( 1.000000000000000000, -0.000000000000000000, -0.000000000000000000 ) ) ;
#567 = EDGE_LOOP ( 'NONE', ( #1085, #714, #434, #903 ) ) ;
#568 = EDGE_CURVE ( 'NONE', #796, #811, #45, .T. ) ;
#569 = LINE ( 'NONE', #1413, #487 ) ;
#570 = DIRECTION ( 'NONE',  ( 0.000000000000000000, 0.000000000000000000, 1.000000000000000000 ) ) ;
#571 = DIRECTION ( 'NONE',  ( 0.000000000000000000, 0.000000000000000000, -1.000000000000000000 ) ) ;
#572 = CARTESIAN_POINT ( 'NONE',  ( -110.0050000000000097, 95.50381204859988316, 96.11238106396314151 ) ) ;
#573 = VERTEX_POINT ( 'NONE', #246 ) ;
#574 = CARTESIAN_POINT ( 'NONE',  ( -139.7049999999999841, 90.85501116945208366, 81.08176672136622187 ) ) ;
#575 = VERTEX_POINT ( 'NONE', #94 ) ;
#576 = AXIS2_PLACEMENT_3D ( 'NONE', #1043, #1636, #1731 ) ;
#577 = CARTESIAN_POINT ( 'NONE',  ( -115.3145269530371735, 150.5250000000000057, 127.6275971666042608 ) ) ;
#578 = ADVANCED_FACE ( 'NONE', ( #818 ), #667, .T. ) ;
#579 = DIRECTION ( 'NONE',  ( 0.000000000000000000, 0.000000000000000000, -1.000000000000000000 ) ) ;
#580 = FACE_OUTER_BOUND ( 'NONE', #1125, .T. ) ;
#581 = VERTEX_POINT ( 'NONE', #1736 ) ;
#582 = CYLINDRICAL_SURFACE ( 'NONE', #1692, 9.617566184310422983 ) ;
#583 = ORIENTED_EDGE ( 'NONE', *, *, #1687, .T. ) ;
#584 = DIRECTION ( 'NONE',  ( -1.000000000000000000, 0.000000000000000000, 0.000000000000000000 ) ) ;
#585 = FACE_OUTER_BOUND ( 'NONE', #752, .T. ) ;
#586 = CARTESIAN_POINT ( 'NONE',  ( -110.0050000000000097, 61.95356215847489523, 87.12016155428662501 ) ) ;
#587 = ORIENTED_EDGE ( 'NONE', *, *, #1671, .F. ) ;
#588 = CARTESIAN_POINT ( 'NONE',  ( -118.5049999999999955, 3.700841197825064821, 67.52145518999999751 ) ) ;
#589 = ORIENTED_EDGE ( 'NONE', *, *, #820, .T. ) ;
#590 = CARTESIAN_POINT ( 'NONE',  ( -139.7049999999999841, 54.14087767517231242, 117.1195275669936535 ) ) ;
#591 = CARTESIAN_POINT ( 'NONE',  ( -118.5049999999999955, 2.353220972583350168, 85.01878680815302403 ) ) ;
#592 = CIRCLE ( 'NONE', #1582, 9.617566184310422983 ) ;
#593 = LINE ( 'NONE', #328, #178 ) ;
#594 = ORIENTED_EDGE ( 'NONE', *, *, #857, .F. ) ;
#595 = DIRECTION ( 'NONE',  ( -1.000000000000000000, 0.000000000000000000, 0.000000000000000000 ) ) ;
#596 = VECTOR ( 'NONE', #443, 999.9999999999998863 ) ;
#597 = ORIENTED_EDGE ( 'NONE', *, *, #115, .T. ) ;
#598 = EDGE_CURVE ( 'NONE', #1690, #408, #1575, .T. ) ;
#599 = CARTESIAN_POINT ( 'NONE',  ( -181.2050000000000125, 2.353220972583350612, 88.28268680815301650 ) ) ;
#600 = FACE_OUTER_BOUND ( 'NONE', #260, .T. ) ;
#601 = PLANE ( 'NONE',  #384 ) ;
#602 = DIRECTION ( 'NONE',  ( -1.000000000000000000, -0.000000000000000000, -0.000000000000000000 ) ) ;
#603 = EDGE_LOOP ( 'NONE', ( #40, #1485, #147, #859 ) ) ;
#604 = CIRCLE ( 'NONE', #1595, 3.263899999999972490 ) ;
#605 = FACE_OUTER_BOUND ( 'NONE', #1153, .T. ) ;
#606 = ORIENTED_EDGE ( 'NONE', *, *, #557, .T. ) ;
#607 = ADVANCED_FACE ( 'NONE', ( #950 ), #121, .F. ) ;
#608 = CARTESIAN_POINT ( 'NONE',  ( -131.2049999999999841, -5.915912340133839820, 67.39643239309469891 ) ) ;
#609 = DIRECTION ( 'NONE',  ( 0.7071067811865463515, 0.1782065218520707817, -0.6842824238349171084 ) ) ;
#610 = CARTESIAN_POINT ( 'NONE',  ( -118.3391989170928014, 32.90543030212857900, 109.1423877793147454 ) ) ;
#611 = DIRECTION ( 'NONE',  ( 0.000000000000000000, 0.9677214842808724571, 0.2520220801065353733 ) ) ;
#612 = AXIS2_PLACEMENT_3D ( 'NONE', #881, #1776, #449 ) ;
#613 = EDGE_LOOP ( 'NONE', ( #703, #1893, #908, #1331, #1577, #985, #217, #782, #1372, #1274 ) ) ;
#614 = CARTESIAN_POINT ( 'NONE',  ( -118.5049999999999955, 1.624912349303897496, 120.0342451900004050 ) ) ;
#615 = EDGE_LOOP ( 'NONE', ( #388, #1502, #343, #112 ) ) ;
#616 = VECTOR ( 'NONE', #364, 1000.000000000000000 ) ;
#617 = CARTESIAN_POINT ( 'NONE',  ( -110.0050000000000097, 9.861213396968985023, 73.55383869614968262 ) ) ;
#618 = EDGE_CURVE ( 'NONE', #1530, #1661, #411, .T. ) ;
#619 = EDGE_CURVE ( 'NONE', #1115, #1380, #1787, .T. ) ;
#620 = CARTESIAN_POINT ( 'NONE',  ( -129.0797688518534017, 146.5249999999999773, 131.6275971666042608 ) ) ;
#621 = DIRECTION ( 'NONE',  ( 0.000000000000000000, 0.000000000000000000, -1.000000000000000000 ) ) ;
#622 = DIRECTION ( 'NONE',  ( -1.000000000000000000, 0.000000000000000000, 0.000000000000000000 ) ) ;
#623 = ORIENTED_EDGE ( 'NONE', *, *, #702, .F. ) ;
#624 = AXIS2_PLACEMENT_3D ( 'NONE', #1308, #451, #579 ) ;
#625 = CARTESIAN_POINT ( 'NONE',  ( -139.7049999999999841, 2.317225707232374532, 102.5214551899999975 ) ) ;
#626 = ORIENTED_EDGE ( 'NONE', *, *, #1270, .F. ) ;
#627 = CYLINDRICAL_SURFACE ( 'NONE', #533, 19.99999999999998934 ) ;
#628 = CIRCLE ( 'NONE', #1126, 3.263899999999986257 ) ;
#629 = ORIENTED_EDGE ( 'NONE', *, *, #435, .T. ) ;
#630 = DIRECTION ( 'NONE',  ( 0.000000000000000000, 0.000000000000000000, 1.000000000000000000 ) ) ;
#631 = DIRECTION ( 'NONE',  ( 1.000000000000000000, -0.000000000000000000, -0.000000000000000000 ) ) ;
#632 = EDGE_CURVE ( 'NONE', #1312, #1674, #1543, .T. ) ;
#633 = FACE_OUTER_BOUND ( 'NONE', #109, .T. ) ;
#634 = AXIS2_PLACEMENT_3D ( 'NONE', #1389, #214, #1859 ) ;
#635 = VERTEX_POINT ( 'NONE', #1186 ) ;
#636 = CARTESIAN_POINT ( 'NONE',  ( -131.2049999999999272, 68.41376061093905037, 77.99675243372347211 ) ) ;
#637 = VERTEX_POINT ( 'NONE', #1170 ) ;
#638 = AXIS2_PLACEMENT_3D ( 'NONE', #287, #1761, #1454 ) ;
#639 = CARTESIAN_POINT ( 'NONE',  ( -137.0508644618223570, 25.81748615979221384, 115.3594788587100766 ) ) ;
#640 = EDGE_LOOP ( 'NONE', ( #928, #1628, #1175, #1522 ) ) ;
#641 = DIRECTION ( 'NONE',  ( 0.000000000000000000, 0.000000000000000000, 1.000000000000000000 ) ) ;
#642 = CIRCLE ( 'NONE', #1383, 3.263899999999986257 ) ;
#643 = DIRECTION ( 'NONE',  ( 1.000000000000000000, 0.000000000000000000, 0.000000000000000000 ) ) ;
#644 = LINE ( 'NONE', #1232, #124 ) ;
#645 = ORIENTED_EDGE ( 'NONE', *, *, #618, .T. ) ;
#646 = EDGE_CURVE ( 'NONE', #743, #322, #1091, .T. ) ;
#647 = EDGE_CURVE ( 'NONE', #419, #1455, #1533, .T. ) ;
#648 = VECTOR ( 'NONE', #440, 1000.000000000000000 ) ;
#649 = DIRECTION ( 'NONE',  ( 0.000000000000000000, 0.000000000000000000, -1.000000000000000000 ) ) ;
#650 = VERTEX_POINT ( 'NONE', #4 ) ;
#651 = DIRECTION ( 'NONE',  ( -0.000000000000000000, 0.04603033493918996105, -0.9989400423776122473 ) ) ;
#652 = CIRCLE ( 'NONE', #1082, 3.263899999999972490 ) ;
#653 = LINE ( 'NONE', #1655, #1439 ) ;
#654 = CARTESIAN_POINT ( 'NONE',  ( -120.6302311481466063, 146.5249999999999773, 131.6275971666042608 ) ) ;
#655 = ORIENTED_EDGE ( 'NONE', *, *, #1435, .F. ) ;
#656 = DIRECTION ( 'NONE',  ( 1.000000000000000000, 0.000000000000000000, 0.000000000000000000 ) ) ;
#657 = ORIENTED_EDGE ( 'NONE', *, *, #1579, .T. ) ;
#658 = CARTESIAN_POINT ( 'NONE',  ( -110.0050000000000097, 54.14087767517231242, 86.11952756699368194 ) ) ;
#659 = EDGE_CURVE ( 'NONE', #408, #1661, #71, .T. ) ;
#660 = ORIENTED_EDGE ( 'NONE', *, *, #669, .T. ) ;
#661 = DIRECTION ( 'NONE',  ( 1.000000000000000000, -0.000000000000000000, -0.000000000000000000 ) ) ;
#662 = CARTESIAN_POINT ( 'NONE',  ( -119.6399749640619632, 148.8681457505076082, 131.6275971666042608 ) ) ;
#663 = DIRECTION ( 'NONE',  ( 1.000000000000000000, -0.000000000000000000, -0.000000000000000000 ) ) ;
#664 = ORIENTED_EDGE ( 'NONE', *, *, #30, .F. ) ;
#665 = AXIS2_PLACEMENT_3D ( 'NONE', #416, #834, #407 ) ;
#666 = VERTEX_POINT ( 'NONE', #291 ) ;
#667 = CYLINDRICAL_SURFACE ( 'NONE', #1017, 4.000000000000003553 ) ;
#668 = ORIENTED_EDGE ( 'NONE', *, *, #677, .F. ) ;
#669 = EDGE_CURVE ( 'NONE', #1214, #489, #1156, .T. ) ;
#670 = DIRECTION ( 'NONE',  ( 0.000000000000000000, -0.01299942152821343365, 0.9999155039501745890 ) ) ;
#671 = DIRECTION ( 'NONE',  ( 1.000000000000000000, -0.000000000000000000, -0.000000000000000000 ) ) ;
#672 = VERTEX_POINT ( 'NONE', #445 ) ;
#673 = ORIENTED_EDGE ( 'NONE', *, *, #717, .T. ) ;
#674 = FACE_OUTER_BOUND ( 'NONE', #215, .T. ) ;
#675 = ORIENTED_EDGE ( 'NONE', *, *, #1715, .T. ) ;
#676 = FACE_OUTER_BOUND ( 'NONE', #185, .T. ) ;
#677 = EDGE_CURVE ( 'NONE', #1193, #87, #1781, .T. ) ;
#678 = EDGE_CURVE ( 'NONE', #1532, #685, #1302, .T. ) ;
#679 = PLANE ( 'NONE',  #1613 ) ;
#680 = SHAPE_DEFINITION_REPRESENTATION ( #223, #974 ) ;
#681 = ADVANCED_FACE ( 'NONE', ( #455 ), #582, .T. ) ;
#682 = ORIENTED_EDGE ( 'NONE', *, *, #400, .T. ) ;
#683 = VERTEX_POINT ( 'NONE', #131 ) ;
#684 = CARTESIAN_POINT ( 'NONE',  ( -138.3594187803583679, 24.47033739459503821, 116.5411115581976134 ) ) ;
#685 = VERTEX_POINT ( 'NONE', #167 ) ;
#686 = VECTOR ( 'NONE', #670, 1000.000000000000227 ) ;
#687 = CARTESIAN_POINT ( 'NONE',  ( -142.5049999999999955, 10.98453328779425142, 128.3699960312103485 ) ) ;
#688 = CARTESIAN_POINT ( 'NONE',  ( -131.2049999999999841, 1.989098184684026993, 105.7889004077676702 ) ) ;
#689 = CARTESIAN_POINT ( 'NONE',  ( -110.0050000000000097, 150.5250000000000057, 108.9063394750742759 ) ) ;
#690 = VECTOR ( 'NONE', #1620, 1000.000000000000000 ) ;
#691 = ORIENTED_EDGE ( 'NONE', *, *, #1871, .F. ) ;
#692 = ADVANCED_FACE ( 'NONE', ( #1022 ), #742, .T. ) ;
#693 = CARTESIAN_POINT ( 'NONE',  ( -181.2050000000000125, 1.624912349303897496, 116.7703451900004268 ) ) ;
#694 = ORIENTED_EDGE ( 'NONE', *, *, #72, .T. ) ;
#695 = CARTESIAN_POINT ( 'NONE',  ( -139.7049999999999841, -5.915912340133839820, 67.39643239309469891 ) ) ;
#696 = ORIENTED_EDGE ( 'NONE', *, *, #1491, .T. ) ;
#697 = CYLINDRICAL_SURFACE ( 'NONE', #520, 3.263899999999986257 ) ;
#698 = CIRCLE ( 'NONE', #638, 3.263899999999986257 ) ;
#699 = CYLINDRICAL_SURFACE ( 'NONE', #374, 9.617566184310422983 ) ;
#700 = CARTESIAN_POINT ( 'NONE',  ( -121.0050000000000239, 59.18131927730301811, 97.76509788137619239 ) ) ;
#701 = CARTESIAN_POINT ( 'NONE',  ( -118.5049999999999955, 1.989098184684026993, 105.7889004077676702 ) ) ;
#702 = EDGE_CURVE ( 'NONE', #650, #95, #36, .T. ) ;
#703 = ORIENTED_EDGE ( 'NONE', *, *, #1044, .T. ) ;
#704 = VECTOR ( 'NONE', #1763, 1000.000000000000000 ) ;
#705 = EDGE_CURVE ( 'NONE', #1193, #851, #1892, .T. ) ;
#706 = CARTESIAN_POINT ( 'NONE',  ( -29.96302869831711391, 89.16453812248926170, 84.70699786951281851 ) ) ;
#707 = ORIENTED_EDGE ( 'NONE', *, *, #1033, .F. ) ;
#708 = AXIS2_PLACEMENT_3D ( 'NONE', #294, #1324, #1200 ) ;
#709 = DIRECTION ( 'NONE',  ( -1.000000000000000000, -0.000000000000000000, -0.000000000000000000 ) ) ;
#710 = DIRECTION ( 'NONE',  ( 0.000000000000000000, 0.6594136146229157003, 0.7517803434846782595 ) ) ;
#711 = CYLINDRICAL_SURFACE ( 'NONE', #145, 9.617566184310422983 ) ;
#712 = VECTOR ( 'NONE', #382, 1000.000000000000114 ) ;
#713 = DIRECTION ( 'NONE',  ( 1.000000000000000000, -0.000000000000000000, -0.000000000000000000 ) ) ;
#714 = ORIENTED_EDGE ( 'NONE', *, *, #1106, .F. ) ;
#715 = CARTESIAN_POINT ( 'NONE',  ( -110.0050000000000097, 90.17262644291538720, 80.83611193238932913 ) ) ;
#716 = ORIENTED_EDGE ( 'NONE', *, *, #105, .F. ) ;
#717 = EDGE_CURVE ( 'NONE', #87, #1061, #1901, .T. ) ;
#718 = AXIS2_PLACEMENT_3D ( 'NONE', #784, #1656, #1497 ) ;
#719 = DIRECTION ( 'NONE',  ( 0.000000000000000000, 0.000000000000000000, 1.000000000000000000 ) ) ;
#720 = FACE_BOUND ( 'NONE', #1409, .T. ) ;
#721 = AXIS2_PLACEMENT_3D ( 'NONE', #279, #1436, #1444 ) ;
#722 = CARTESIAN_POINT ( 'NONE',  ( -181.2050000000000125, 2.353220972583350168, 81.75488680815304576 ) ) ;
#723 = EDGE_LOOP ( 'NONE', ( #453, #1233, #1813, #1644 ) ) ;
#724 = CARTESIAN_POINT ( 'NONE',  ( -128.7050000000000125, 145.3660217388775493, 131.5006684036576701 ) ) ;
#725 = VERTEX_POINT ( 'NONE', #1152 ) ;
#726 = ADVANCED_FACE ( 'NONE', ( #1746 ), #421, .T. ) ;
#727 = FACE_OUTER_BOUND ( 'NONE', #895, .T. ) ;
#728 = LINE ( 'NONE', #1173, #114 ) ;
#729 = CIRCLE ( 'NONE', #3, 3.263899999999986257 ) ;
#730 = PLANE ( 'NONE',  #1805 ) ;
#731 = ORIENTED_EDGE ( 'NONE', *, *, #1563, .T. ) ;
#732 = CARTESIAN_POINT ( 'NONE',  ( -128.7049999999999557, 144.8345269530371695, 131.2528283147508716 ) ) ;
#733 = AXIS2_PLACEMENT_3D ( 'NONE', #614, #323, #1234 ) ;
#734 = ORIENTED_EDGE ( 'NONE', *, *, #1304, .T. ) ;
#735 = CIRCLE ( 'NONE', #495, 9.617566184310422983 ) ;
#736 = CARTESIAN_POINT ( 'NONE',  ( -139.7049999999999841, 14.00885761246798822, 125.7172522450650547 ) ) ;
#737 = DIRECTION ( 'NONE',  ( 1.000000000000000000, -0.000000000000000000, -0.000000000000000000 ) ) ;
#738 = FACE_OUTER_BOUND ( 'NONE', #465, .T. ) ;
#739 = ADVANCED_FACE ( 'NONE', ( #139 ), #1457, .F. ) ;
#740 = VERTEX_POINT ( 'NONE', #1606 ) ;
#741 = VECTOR ( 'NONE', #929, 1000.000000000000114 ) ;
#742 = CYLINDRICAL_SURFACE ( 'NONE', #457, 4.000000000000003553 ) ;
#743 = VERTEX_POINT ( 'NONE', #148 ) ;
#744 = DIRECTION ( 'NONE',  ( 1.000000000000000000, 0.000000000000000000, 0.000000000000000000 ) ) ;
#745 = CARTESIAN_POINT ( 'NONE',  ( -120.6201074832083009, 37.62288508701209366, 105.0045382884633227 ) ) ;
#746 = AXIS2_PLACEMENT_3D ( 'NONE', #1190, #327, #211 ) ;
#747 = DIRECTION ( 'NONE',  ( 0.000000000000000000, -0.01299942152821343365, 0.9999155039501745890 ) ) ;
#748 = ORIENTED_EDGE ( 'NONE', *, *, #1121, .T. ) ;
#749 = EDGE_CURVE ( 'NONE', #581, #740, #283, .T. ) ;
#750 = CARTESIAN_POINT ( 'NONE',  ( -131.2049999999999841, 12.75008366506263968, 125.4911924354130406 ) ) ;
#751 = AXIS2_PLACEMENT_3D ( 'NONE', #534, #806, #966 ) ;
#752 = EDGE_LOOP ( 'NONE', ( #475, #324, #1293, #696 ) ) ;
#753 = CARTESIAN_POINT ( 'NONE',  ( -118.5049999999999955, 2.353220972583350168, 85.01878680815302403 ) ) ;
#754 = FACE_OUTER_BOUND ( 'NONE', #1860, .T. ) ;
#755 = CARTESIAN_POINT ( 'NONE',  ( -142.5049999999999955, 13.64867710811540213, 0.2838874502159710045 ) ) ;
#756 = LINE ( 'NONE', #1328, #299 ) ;
#757 = ORIENTED_EDGE ( 'NONE', *, *, #880, .F. ) ;
#758 = VECTOR ( 'NONE', #1116, 1000.000000000000000 ) ;
#759 = DIRECTION ( 'NONE',  ( -1.000000000000000000, -0.000000000000000000, -0.000000000000000000 ) ) ;
#760 = EDGE_CURVE ( 'NONE', #1161, #498, #1728, .T. ) ;
#761 = EDGE_LOOP ( 'NONE', ( #450, #1039, #1664, #31, #183, #410, #1702, #1891, #992, #269, #248 ) ) ;
#762 = DIRECTION ( 'NONE',  ( 0.000000000000000000, 0.000000000000000000, 1.000000000000000000 ) ) ;
#763 = AXIS2_PLACEMENT_3D ( 'NONE', #230, #801, #1395 ) ;
#764 = CARTESIAN_POINT ( 'NONE',  ( -110.0050000000000097, 21.41574514320260647, 61.56454808807604451 ) ) ;
#765 = CYLINDRICAL_SURFACE ( 'NONE', #746, 3.263900000000000023 ) ;
#766 = DIRECTION ( 'NONE',  ( 0.000000000000000000, 0.000000000000000000, 1.000000000000000000 ) ) ;
#767 = ORIENTED_EDGE ( 'NONE', *, *, #1806, .F. ) ;
#768 = CARTESIAN_POINT ( 'NONE',  ( -118.5049999999999955, -5.915912340133839820, 67.39643239309469891 ) ) ;
#769 = ORIENTED_EDGE ( 'NONE', *, *, #107, .T. ) ;
#770 = DIRECTION ( 'NONE',  ( 0.000000000000000000, 0.000000000000000000, 1.000000000000000000 ) ) ;
#771 = ORIENTED_EDGE ( 'NONE', *, *, #1145, .T. ) ;
#772 = EDGE_CURVE ( 'NONE', #650, #498, #787, .T. ) ;
#773 = EDGE_CURVE ( 'NONE', #637, #1151, #1852, .T. ) ;
#774 = CARTESIAN_POINT ( 'NONE',  ( -142.5049999999999955, 12.39452995106680078, 60.58049295213194085 ) ) ;
#775 = DIRECTION ( 'NONE',  ( -1.000000000000000000, 0.000000000000000000, 0.000000000000000000 ) ) ;
#776 = LINE ( 'NONE', #1174, #596 ) ;
#777 = ORIENTED_EDGE ( 'NONE', *, *, #435, .F. ) ;
#778 = VECTOR ( 'NONE', #631, 1000.000000000000000 ) ;
#779 = CARTESIAN_POINT ( 'NONE',  ( -142.5049999999999955, 1.989098184684026549, 102.5250004077676920 ) ) ;
#780 = ORIENTED_EDGE ( 'NONE', *, *, #1768, .T. ) ;
#781 = CARTESIAN_POINT ( 'NONE',  ( -142.5049999999999955, 2.717343760482673787, 67.51257320853839872 ) ) ;
#782 = ORIENTED_EDGE ( 'NONE', *, *, #1187, .T. ) ;
#783 = FACE_BOUND ( 'NONE', #494, .T. ) ;
#784 = CARTESIAN_POINT ( 'NONE',  ( -139.7049999999999841, 89.16453812248933275, 109.7069978695128327 ) ) ;
#785 = DIRECTION ( 'NONE',  ( 1.000000000000000000, 0.000000000000000000, 0.000000000000000000 ) ) ;
#786 = ORIENTED_EDGE ( 'NONE', *, *, #129, .T. ) ;
#787 = LINE ( 'NONE', #60, #491 ) ;
#788 = ORIENTED_EDGE ( 'NONE', *, *, #659, .F. ) ;
#789 = AXIS2_PLACEMENT_3D ( 'NONE', #1581, #1281, #1010 ) ;
#790 = CYLINDRICAL_SURFACE ( 'NONE', #292, 3.263899999999972490 ) ;
#791 = ORIENTED_EDGE ( 'NONE', *, *, #568, .F. ) ;
#792 = FACE_BOUND ( 'NONE', #829, .T. ) ;
#793 = AXIS2_PLACEMENT_3D ( 'NONE', #779, #1371, #719 ) ;
#794 = FACE_OUTER_BOUND ( 'NONE', #567, .T. ) ;
#795 = DIRECTION ( 'NONE',  ( 1.000000000000000000, 0.000000000000000000, 0.000000000000000000 ) ) ;
#796 = VERTEX_POINT ( 'NONE', #1078 ) ;
#797 = ADVANCED_FACE ( 'NONE', ( #332 ), #39, .F. ) ;
#798 = AXIS2_PLACEMENT_3D ( 'NONE', #764, #1478, #1627 ) ;
#799 = DIRECTION ( 'NONE',  ( -1.000000000000000000, 0.000000000000000000, 0.000000000000000000 ) ) ;
#800 = EDGE_LOOP ( 'NONE', ( #786, #973 ) ) ;
#801 = DIRECTION ( 'NONE',  ( -1.000000000000000000, 0.000000000000000000, 0.000000000000000000 ) ) ;
#802 = ORIENTED_EDGE ( 'NONE', *, *, #208, .T. ) ;
#803 = VECTOR ( 'NONE', #1503, 1000.000000000000000 ) ;
#804 = CYLINDRICAL_SURFACE ( 'NONE', #1560, 4.000000000000003553 ) ;
#805 = CYLINDRICAL_SURFACE ( 'NONE', #80, 3.263900000000000023 ) ;
#806 = DIRECTION ( 'NONE',  ( 1.000000000000000000, -0.000000000000000000, -0.000000000000000000 ) ) ;
#807 = DIRECTION ( 'NONE',  ( 1.000000000000000000, -0.000000000000000000, -0.000000000000000000 ) ) ;
#808 = EDGE_CURVE ( 'NONE', #672, #1171, #909, .T. ) ;
#809 = ORIENTED_EDGE ( 'NONE', *, *, #899, .F. ) ;
#810 = CYLINDRICAL_SURFACE ( 'NONE', #863, 4.000000000000003553 ) ;
#811 = VERTEX_POINT ( 'NONE', #1069 ) ;
#812 = CARTESIAN_POINT ( 'NONE',  ( -118.5049999999999955, 2.353220972583350612, 88.28268680815301650 ) ) ;
#813 = CARTESIAN_POINT ( 'NONE',  ( -110.0050000000000097, -5.915912340133839820, 67.39643239309469891 ) ) ;
#814 = CARTESIAN_POINT ( 'NONE',  ( -128.7049999999999557, 90.17262644291547247, 105.8361119323893433 ) ) ;
#815 = DIRECTION ( 'NONE',  ( 0.000000000000000000, 0.000000000000000000, 1.000000000000000000 ) ) ;
#816 = ORIENTED_EDGE ( 'NONE', *, *, #1435, .T. ) ;
#817 = EDGE_CURVE ( 'NONE', #917, #1322, #927, .T. ) ;
#818 = FACE_OUTER_BOUND ( 'NONE', #1081, .T. ) ;
#819 = VERTEX_POINT ( 'NONE', #1484 ) ;
#820 = EDGE_CURVE ( 'NONE', #819, #117, #1472, .T. ) ;
#821 = FACE_OUTER_BOUND ( 'NONE', #1668, .T. ) ;
#822 = CARTESIAN_POINT ( 'NONE',  ( -139.7049999999999841, 3.700841197825064821, 67.52145518999999751 ) ) ;
#823 = APPLICATION_PROTOCOL_DEFINITION ( 'draft international standard', 'automotive_design', 1998, #981 ) ;
#824 = B_SPLINE_CURVE_WITH_KNOTS ( 'NONE', 3,
 ( #1159, #1376, #1230, #1517, #1796, #201, #610, #897, #1218, #745, #1201, #56 ),
 .UNSPECIFIED., .F., .F.,
 ( 4, 2, 2, 2, 2, 4 ),
 ( 2.221529986854170653E-17, 0.006608783951466811607, 0.01321756790293360066, 0.01652195987866700647, 0.01982635185440041400, 0.02643513580586722561 ),
 .UNSPECIFIED. ) ;
#825 = ORIENTED_EDGE ( 'NONE', *, *, #20, .F. ) ;
#826 = VERTEX_POINT ( 'NONE', #1338 ) ;
#827 = VECTOR ( 'NONE', #1588, 1000.000000000000114 ) ;
#828 = CARTESIAN_POINT ( 'NONE',  ( -131.2049999999999841, 1.624912349303897496, 116.7703451900004268 ) ) ;
#829 = EDGE_LOOP ( 'NONE', ( #330, #1854 ) ) ;
#830 = CARTESIAN_POINT ( 'NONE',  ( -110.0050000000000097, 2.717343760482673787, 67.51257320853839872 ) ) ;
#831 = EDGE_CURVE ( 'NONE', #245, #967, #1886, .T. ) ;
#832 = AXIS2_PLACEMENT_3D ( 'NONE', #1536, #1546, #234 ) ;
#833 =( LENGTH_UNIT ( ) NAMED_UNIT ( * ) SI_UNIT ( .MILLI., .METRE. ) );
#834 = DIRECTION ( 'NONE',  ( -0.7071067811865460184, -0.2988362387301236045, 0.6408563820557886537 ) ) ;
#835 = ORIENTED_EDGE ( 'NONE', *, *, #542, .F. ) ;
#836 = CARTESIAN_POINT ( 'NONE',  ( -139.7049999999999841, 90.17262644291547247, 80.83611193238934334 ) ) ;
#837 = VERTEX_POINT ( 'NONE', #1633 ) ;
#838 = CARTESIAN_POINT ( 'NONE',  ( -118.5049999999999955, 9.454614042075800029, 59.81485559184040568 ) ) ;
#839 = ORIENTED_EDGE ( 'NONE', *, *, #414, .T. ) ;
#840 = VECTOR ( 'NONE', #737, 1000.000000000000000 ) ;
#841 = DIRECTION ( 'NONE',  ( 1.000000000000000000, -0.000000000000000000, -0.000000000000000000 ) ) ;
#842 = DIRECTION ( 'NONE',  ( 0.000000000000000000, 0.000000000000000000, -1.000000000000000000 ) ) ;
#843 =( LENGTH_UNIT ( ) NAMED_UNIT ( * ) SI_UNIT ( .MILLI., .METRE. ) );
#844 = EDGE_CURVE ( 'NONE', #967, #245, #1195, .T. ) ;
#845 = CIRCLE ( 'NONE', #1370, 4.000000000000003553 ) ;
#846 = ORIENTED_EDGE ( 'NONE', *, *, #309, .F. ) ;
#847 = DIRECTION ( 'NONE',  ( 1.000000000000000000, -0.000000000000000000, -0.000000000000000000 ) ) ;
#848 = ORIENTED_EDGE ( 'NONE', *, *, #970, .T. ) ;
#849 = AXIS2_PLACEMENT_3D ( 'NONE', #1818, #785, #69 ) ;
#850 = CARTESIAN_POINT ( 'NONE',  ( -29.96302869831711391, 150.5250000000000057, 127.6275971666042608 ) ) ;
#851 = VERTEX_POINT ( 'NONE', #1500 ) ;
#852 = DIRECTION ( 'NONE',  ( 0.000000000000000000, 0.000000000000000000, -1.000000000000000000 ) ) ;
#853 = DIRECTION ( 'NONE',  ( 1.000000000000000000, 0.000000000000000000, 0.000000000000000000 ) ) ;
#854 = CARTESIAN_POINT ( 'NONE',  ( -110.0050000000000097, 1.624912349303897940, 123.2981451900003833 ) ) ;
#855 = ORIENTED_EDGE ( 'NONE', *, *, #186, .T. ) ;
#856 = AXIS2_PLACEMENT_3D ( 'NONE', #1162, #13, #1031 ) ;
#857 = EDGE_CURVE ( 'NONE', #575, #117, #1830, .T. ) ;
#858 = DIRECTION ( 'NONE',  ( 0.6715429342378188560, 0.000000000000000000, 0.7409656452732883425 ) ) ;
#859 = ORIENTED_EDGE ( 'NONE', *, *, #970, .F. ) ;
#860 = STYLED_ITEM ( 'NONE', ( #1681 ), #940 ) ;
#861 = DIRECTION ( 'NONE',  ( 0.000000000000000000, 6.938893903907222067E-15, 1.000000000000000000 ) ) ;
#862 = DIRECTION ( 'NONE',  ( 1.000000000000000000, -0.000000000000000000, -0.000000000000000000 ) ) ;
#863 = AXIS2_PLACEMENT_3D ( 'NONE', #255, #1124, #1402 ) ;
#864 = DIRECTION ( 'NONE',  ( 1.000000000000000000, 0.000000000000000000, 0.000000000000000000 ) ) ;
#865 = ORIENTED_EDGE ( 'NONE', *, *, #1562, .T. ) ;
#866 = CARTESIAN_POINT ( 'NONE',  ( -129.0797688518534017, 146.5249999999999773, 131.6275971666042608 ) ) ;
#867 = EDGE_CURVE ( 'NONE', #826, #575, #160, .T. ) ;
#868 = ORIENTED_EDGE ( 'NONE', *, *, #1715, .F. ) ;
#869 = AXIS2_PLACEMENT_3D ( 'NONE', #1701, #956, #815 ) ;
#870 = DIRECTION ( 'NONE',  ( 0.000000000000000000, 0.000000000000000000, 1.000000000000000000 ) ) ;
#871 = CARTESIAN_POINT ( 'NONE',  ( -142.5049999999999955, 3.700841197825064821, 67.52145518999999751 ) ) ;
#872 = VECTOR ( 'NONE', #747, 1000.000000000000227 ) ;
#873 = LINE ( 'NONE', #572, #1221 ) ;
#874 = ORIENTED_EDGE ( 'NONE', *, *, #288, .F. ) ;
#875 = CARTESIAN_POINT ( 'NONE',  ( -139.7049999999999841, 150.5250000000000057, 108.9063394750742759 ) ) ;
#876 = ORIENTED_EDGE ( 'NONE', *, *, #1604, .T. ) ;
#877 = ADVANCED_FACE ( 'NONE', ( #605 ), #1194, .F. ) ;
#878 = ADVANCED_FACE ( 'NONE', ( #1790 ), #1051, .F. ) ;
#879 = AXIS2_PLACEMENT_3D ( 'NONE', #1271, #1158, #861 ) ;
#880 = EDGE_CURVE ( 'NONE', #110, #573, #642, .T. ) ;
#881 = CARTESIAN_POINT ( 'NONE',  ( -131.2049999999999841, 2.353220972583350168, 85.01878680815302403 ) ) ;
#882 = FACE_BOUND ( 'NONE', #91, .T. ) ;
#883 = CIRCLE ( 'NONE', #1379, 3.263900000000000023 ) ;
#884 = CARTESIAN_POINT ( 'NONE',  ( -181.2050000000000125, 1.989098184684026993, 105.7889004077676702 ) ) ;
#885 = ORIENTED_EDGE ( 'NONE', *, *, #669, .F. ) ;
#886 = CARTESIAN_POINT ( 'NONE',  ( -120.6302311481466063, 146.5249999999999773, 131.6275971666042608 ) ) ;
#887 = ORIENTED_EDGE ( 'NONE', *, *, #986, .T. ) ;
#888 = MECHANICAL_DESIGN_GEOMETRIC_PRESENTATION_REPRESENTATION (  '', ( #860 ), #1858 ) ;
#889 = CARTESIAN_POINT ( 'NONE',  ( -139.7049999999999841, 89.16453812248933275, 109.7069978695128327 ) ) ;
#890 = EDGE_CURVE ( 'NONE', #1745, #1369, #918, .T. ) ;
#891 = CARTESIAN_POINT ( 'NONE',  ( -110.0050000000000097, 2.353220972583350612, 88.28268680815301650 ) ) ;
#892 = CARTESIAN_POINT ( 'NONE',  ( -139.7049999999999841, 146.5249999999999773, 111.4546205183042531 ) ) ;
#893 = ORIENTED_EDGE ( 'NONE', *, *, #1562, .F. ) ;
#894 = CARTESIAN_POINT ( 'NONE',  ( -110.0050000000000097, 89.16453812248933275, 109.7069978695128327 ) ) ;
#895 = EDGE_LOOP ( 'NONE', ( #289, #448, #1244, #1541 ) ) ;
#896 = DIRECTION ( 'NONE',  ( 0.000000000000000000, 0.000000000000000000, -1.000000000000000000 ) ) ;
#897 = CARTESIAN_POINT ( 'NONE',  ( -119.2271300986816556, 34.43696096818979413, 107.7990270740693148 ) ) ;
#898 = EDGE_CURVE ( 'NONE', #538, #232, #555, .T. ) ;
#899 = EDGE_CURVE ( 'NONE', #232, #1011, #284, .T. ) ;
#900 = CARTESIAN_POINT ( 'NONE',  ( -181.2050000000000125, 1.989098184684026549, 99.26110040776769949 ) ) ;
#901 = ORIENTED_EDGE ( 'NONE', *, *, #1235, .T. ) ;
#902 = DIRECTION ( 'NONE',  ( 0.000000000000000000, 1.040834085586083310E-14, -1.000000000000000000 ) ) ;
#903 = ORIENTED_EDGE ( 'NONE', *, *, #619, .T. ) ;
#904 = CARTESIAN_POINT ( 'NONE',  ( -129.0888394248490272, 37.62400055958710254, 105.0035598672940580 ) ) ;
#905 = FACE_OUTER_BOUND ( 'NONE', #1747, .T. ) ;
#906 = DIRECTION ( 'NONE',  ( 0.000000000000000000, -5.551115123125777653E-14, -1.000000000000000000 ) ) ;
#907 = DIRECTION ( 'NONE',  ( 0.000000000000000000, 6.938893903907222067E-15, -1.000000000000000000 ) ) ;
#908 = ORIENTED_EDGE ( 'NONE', *, *, #598, .F. ) ;
#909 = LINE ( 'NONE', #768, #1566 ) ;
#910 = ORIENTED_EDGE ( 'NONE', *, *, #808, .T. ) ;
#911 = EDGE_CURVE ( 'NONE', #1694, #837, #276, .T. ) ;
#912 = CARTESIAN_POINT ( 'NONE',  ( -118.5049999999999955, 9.454614042075800029, 59.81485559184040568 ) ) ;
#913 = ORIENTED_EDGE ( 'NONE', *, *, #1198, .F. ) ;
#914 = DIRECTION ( 'NONE',  ( 0.6715429342378188560, 0.000000000000000000, -0.7409656452732881204 ) ) ;
#915 = CYLINDRICAL_SURFACE ( 'NONE', #1025, 3.263899999999972490 ) ;
#916 = CARTESIAN_POINT ( 'NONE',  ( -142.5049999999999955, 3.700841197825064821, 57.90388900568957098 ) ) ;
#917 = VERTEX_POINT ( 'NONE', #997 ) ;
#918 = LINE ( 'NONE', #1510, #227 ) ;
#919 = ORIENTED_EDGE ( 'NONE', *, *, #1446, .T. ) ;
#920 = DIRECTION ( 'NONE',  ( -1.000000000000000000, -0.000000000000000000, -0.000000000000000000 ) ) ;
#921 = EDGE_LOOP ( 'NONE', ( #1089, #1875, #252, #297 ) ) ;
#922 = CARTESIAN_POINT ( 'NONE',  ( -142.5049999999999955, 0.000000000000000000, 0.000000000000000000 ) ) ;
#923 = DIRECTION ( 'NONE',  ( 0.000000000000000000, -0.9063077870366479383, -0.4226182617407037712 ) ) ;
#924 = CARTESIAN_POINT ( 'NONE',  ( -110.0050000000000097, 2.353220972583350168, 85.01878680815302403 ) ) ;
#925 = ORIENTED_EDGE ( 'NONE', *, *, #400, .F. ) ;
#926 = AXIS2_PLACEMENT_3D ( 'NONE', #1075, #775, #1366 ) ;
#927 = LINE ( 'NONE', #1521, #1598 ) ;
#928 = ORIENTED_EDGE ( 'NONE', *, *, #1187, .F. ) ;
#929 = DIRECTION ( 'NONE',  ( 0.000000000000000000, -0.9677214842808724571, -0.2520220801065353733 ) ) ;
#930 = VECTOR ( 'NONE', #524, 1000.000000000000000 ) ;
#931 = EDGE_LOOP ( 'NONE', ( #1468, #92, #1212, #1163 ) ) ;
#932 = CARTESIAN_POINT ( 'NONE',  ( -142.5049999999999955, 12.39452995106680078, 60.58049295213194085 ) ) ;
#933 = CARTESIAN_POINT ( 'NONE',  ( -128.7049999999999557, 54.14087767517231242, 117.1195275669936535 ) ) ;
#934 = ADVANCED_FACE ( 'NONE', ( #267 ), #978, .T. ) ;
#935 = AXIS2_PLACEMENT_3D ( 'NONE', #924, #1076, #504 ) ;
#936 = CARTESIAN_POINT ( 'NONE',  ( -121.0050000000000239, 89.16453812248933275, 109.7069978695128327 ) ) ;
#937 = EDGE_LOOP ( 'NONE', ( #1493, #1090 ) ) ;
#938 = ORIENTED_EDGE ( 'NONE', *, *, #867, .F. ) ;
#939 = VECTOR ( 'NONE', #661, 1000.000000000000000 ) ;
#940 = MANIFOLD_SOLID_BREP ( 'Chamfer1', #1292 ) ;
#941 = LINE ( 'NONE', #1823, #1358 ) ;
#942 = ORIENTED_EDGE ( 'NONE', *, *, #1460, .T. ) ;
#943 = VECTOR ( 'NONE', #566, 1000.000000000000000 ) ;
#944 = CYLINDRICAL_SURFACE ( 'NONE', #832, 3.263899999999986257 ) ;
#945 = ADVANCED_FACE ( 'NONE', ( #1289 ), #699, .T. ) ;
#946 = CARTESIAN_POINT ( 'NONE',  ( -29.96302869831711391, 144.8345269530371695, 131.2528283147508716 ) ) ;
#947 = CARTESIAN_POINT ( 'NONE',  ( -121.0050000000000239, 144.8345269530371695, 131.2528283147508716 ) ) ;
#948 = COLOUR_RGB ( '',0.7921568627450980005, 0.8196078431372548767, 0.9333333333333333481 ) ;
#949 = VERTEX_POINT ( 'NONE', #1306 ) ;
#950 = FACE_OUTER_BOUND ( 'NONE', #1035, .T. ) ;
#951 = ORIENTED_EDGE ( 'NONE', *, *, #1019, .F. ) ;
#952 = AXIS2_PLACEMENT_3D ( 'NONE', #1114, #1704, #1716 ) ;
#953 = CARTESIAN_POINT ( 'NONE',  ( -181.2050000000000125, 2.717343760482673787, 64.24867320853840624 ) ) ;
#954 = DIRECTION ( 'NONE',  ( 1.000000000000000000, 0.000000000000000000, 0.000000000000000000 ) ) ;
#955 = FACE_OUTER_BOUND ( 'NONE', #1593, .T. ) ;
#956 = DIRECTION ( 'NONE',  ( 1.000000000000000000, -0.000000000000000000, -0.000000000000000000 ) ) ;
#957 = EDGE_CURVE ( 'NONE', #322, #1214, #1896, .T. ) ;
#958 = EDGE_CURVE ( 'NONE', #1724, #1411, #257, .T. ) ;
#959 = CIRCLE ( 'NONE', #869, 3.263899999999986257 ) ;
#960 = EDGE_LOOP ( 'NONE', ( #1651, #558 ) ) ;
#961 = LINE ( 'NONE', #102, #169 ) ;
#962 = ORIENTED_EDGE ( 'NONE', *, *, #817, .T. ) ;
#963 = AXIS2_PLACEMENT_3D ( 'NONE', #10, #622, #1202 ) ;
#964 = DIRECTION ( 'NONE',  ( 0.000000000000000000, 0.000000000000000000, 1.000000000000000000 ) ) ;
#965 = FACE_BOUND ( 'NONE', #1134, .T. ) ;
#966 = DIRECTION ( 'NONE',  ( 0.000000000000000000, 4.683753385137374737E-14, 1.000000000000000000 ) ) ;
#967 = VERTEX_POINT ( 'NONE', #1422 ) ;
#968 = EDGE_LOOP ( 'NONE', ( #1196, #1642, #1144, #865 ) ) ;
#969 = LINE ( 'NONE', #1417, #1827 ) ;
#970 = EDGE_CURVE ( 'NONE', #346, #142, #1246, .T. ) ;
#971 = EDGE_CURVE ( 'NONE', #119, #408, #1720, .T. ) ;
#972 = AXIS2_PLACEMENT_3D ( 'NONE', #1740, #1154, #1127 ) ;
#973 = ORIENTED_EDGE ( 'NONE', *, *, #568, .T. ) ;
#974 = ADVANCED_BREP_SHAPE_REPRESENTATION ( 'TallStopper', ( #940, #576 ), #1557 ) ;
#975 = CARTESIAN_POINT ( 'NONE',  ( -130.0700250359380732, 148.8681457505076082, 131.6275971666042608 ) ) ;
#976 = CARTESIAN_POINT ( 'NONE',  ( -142.5049999999999955, 1.624912349303897496, 120.0342451900004050 ) ) ;
#977 = AXIS2_PLACEMENT_3D ( 'NONE', #625, #1669, #1224 ) ;
#978 = PLANE ( 'NONE',  #76 ) ;
#979 = ORIENTED_EDGE ( 'NONE', *, *, #1712, .T. ) ;
#980 = CARTESIAN_POINT ( 'NONE',  ( -118.5049999999999955, 9.201224378581180474, 129.9342005013121764 ) ) ;
#981 = APPLICATION_CONTEXT ( 'automotive_design' ) ;
#982 = ORIENTED_EDGE ( 'NONE', *, *, #1883, .F. ) ;
#983 = AXIS2_PLACEMENT_3D ( 'NONE', #922, #1665, #630 ) ;
#984 = DIRECTION ( 'NONE',  ( 0.000000000000000000, 0.000000000000000000, 1.000000000000000000 ) ) ;
#985 = ORIENTED_EDGE ( 'NONE', *, *, #1262, .F. ) ;
#986 = EDGE_CURVE ( 'NONE', #1571, #1411, #1888, .T. ) ;
#987 = CARTESIAN_POINT ( 'NONE',  ( -181.2050000000000125, 1.624912349303897940, 123.2981451900003691 ) ) ;
#988 = AXIS2_PLACEMENT_3D ( 'NONE', #528, #1863, #1693 ) ;
#989 = CARTESIAN_POINT ( 'NONE',  ( -29.96302869831711391, 146.5249999999999773, 131.6275971666042608 ) ) ;
#990 = ORIENTED_EDGE ( 'NONE', *, *, #1604, .F. ) ;
#991 = DIRECTION ( 'NONE',  ( 1.000000000000000000, -0.000000000000000000, -0.000000000000000000 ) ) ;
#992 = ORIENTED_EDGE ( 'NONE', *, *, #237, .T. ) ;
#993 = DIRECTION ( 'NONE',  ( -1.000000000000000000, 0.000000000000000000, 0.000000000000000000 ) ) ;
#994 = ORIENTED_EDGE ( 'NONE', *, *, #1377, .F. ) ;
#995 = VECTOR ( 'NONE', #1666, 1000.000000000000227 ) ;
#996 = DIRECTION ( 'NONE',  ( 0.000000000000000000, -2.428612866367527723E-14, 1.000000000000000000 ) ) ;
#997 = CARTESIAN_POINT ( 'NONE',  ( -142.5049999999999955, 9.201224378581187580, 129.9342005013121764 ) ) ;
#998 = CARTESIAN_POINT ( 'NONE',  ( -139.7049999999999841, 9.201224378581187580, 129.9342005013121764 ) ) ;
#999 = EDGE_CURVE ( 'NONE', #1337, #740, #83, .T. ) ;
#1000 = DIRECTION ( 'NONE',  ( 1.000000000000000000, 0.000000000000000000, 0.000000000000000000 ) ) ;
#1001 = LINE ( 'NONE', #722, #1840 ) ;
#1002 = ORIENTED_EDGE ( 'NONE', *, *, #152, .F. ) ;
#1003 = CARTESIAN_POINT ( 'NONE',  ( -29.96302869831711391, 90.52499999999999147, 105.9278799857740125 ) ) ;
#1004 = ORIENTED_EDGE ( 'NONE', *, *, #1120, .T. ) ;
#1005 = CARTESIAN_POINT ( 'NONE',  ( -181.2050000000000125, 2.353220972583350168, 85.01878680815302403 ) ) ;
#1006 = CIRCLE ( 'NONE', #220, 3.263900000000000023 ) ;
#1007 = FACE_OUTER_BOUND ( 'NONE', #1070, .T. ) ;
#1008 = DIRECTION ( 'NONE',  ( 0.000000000000000000, 0.000000000000000000, 1.000000000000000000 ) ) ;
#1009 = EDGE_CURVE ( 'NONE', #1474, #1171, #551, .T. ) ;
#1010 = DIRECTION ( 'NONE',  ( 0.000000000000000000, 0.000000000000000000, 1.000000000000000000 ) ) ;
#1011 = VERTEX_POINT ( 'NONE', #688 ) ;
#1012 = AXIS2_PLACEMENT_3D ( 'NONE', #750, #759, #902 ) ;
#1013 = DIRECTION ( 'NONE',  ( 0.000000000000000000, -0.4226182617407037712, 0.9063077870366479383 ) ) ;
#1014 = ORIENTED_EDGE ( 'NONE', *, *, #480, .F. ) ;
#1015 = DIRECTION ( 'NONE',  ( 1.000000000000000000, 0.000000000000000000, 0.000000000000000000 ) ) ;
#1016 = DIRECTION ( 'NONE',  ( -1.000000000000000000, 0.000000000000000000, 0.000000000000000000 ) ) ;
#1017 = AXIS2_PLACEMENT_3D ( 'NONE', #1410, #1725, #984 ) ;
#1018 = DIRECTION ( 'NONE',  ( 1.000000000000000000, 0.000000000000000000, 0.000000000000000000 ) ) ;
#1019 = EDGE_CURVE ( 'NONE', #1809, #1474, #1537, .T. ) ;
#1020 = ORIENTED_EDGE ( 'NONE', *, *, #1165, .F. ) ;
#1021 = ADVANCED_FACE ( 'NONE', ( #600 ), #1637, .F. ) ;
#1022 = FACE_OUTER_BOUND ( 'NONE', #1254, .T. ) ;
#1023 = VERTEX_POINT ( 'NONE', #25 ) ;
#1024 = EDGE_CURVE ( 'NONE', #1247, #70, #195, .T. ) ;
#1025 = AXIS2_PLACEMENT_3D ( 'NONE', #1507, #954, #1707 ) ;
#1026 = FACE_OUTER_BOUND ( 'NONE', #422, .T. ) ;
#1027 = CARTESIAN_POINT ( 'NONE',  ( -118.5049999999999955, 2.717343760482673787, 67.51257320853839872 ) ) ;
#1028 = CIRCLE ( 'NONE', #1873, 3.263899999999986257 ) ;
#1029 = CARTESIAN_POINT ( 'NONE',  ( -139.7049999999999841, 149.4833278321848979, 121.2834426573477486 ) ) ;
#1030 = ORIENTED_EDGE ( 'NONE', *, *, #1421, .T. ) ;
#1031 = DIRECTION ( 'NONE',  ( 0.000000000000000000, -5.898059818321139072E-14, -1.000000000000000000 ) ) ;
#1032 = ORIENTED_EDGE ( 'NONE', *, *, #1482, .F. ) ;
#1033 = EDGE_CURVE ( 'NONE', #1329, #635, #1477, .T. ) ;
#1034 = DIRECTION ( 'NONE',  ( 0.000000000000000000, 0.000000000000000000, 1.000000000000000000 ) ) ;
#1035 = EDGE_LOOP ( 'NONE', ( #629, #361, #1049, #919 ) ) ;
#1036 = FACE_BOUND ( 'NONE', #1762, .T. ) ;
#1037 = AXIS2_PLACEMENT_3D ( 'NONE', #405, #1578, #996 ) ;
#1038 = CARTESIAN_POINT ( 'NONE',  ( -110.0050000000000097, 2.317225707232374532, 102.5214551899999975 ) ) ;
#1039 = ORIENTED_EDGE ( 'NONE', *, *, #958, .T. ) ;
#1040 = DIRECTION ( 'NONE',  ( 0.000000000000000000, 0.7517803434846782595, -0.6594136146229157003 ) ) ;
#1041 = AXIS2_PLACEMENT_3D ( 'NONE', #1643, #1213, #485 ) ;
#1042 = EDGE_LOOP ( 'NONE', ( #839, #174, #1424, #1258, #910, #942, #1390, #1020, #1205, #780 ) ) ;
#1043 = CARTESIAN_POINT ( 'NONE',  ( 0.000000000000000000, 0.000000000000000000, 0.000000000000000000 ) ) ;
#1044 = EDGE_CURVE ( 'NONE', #685, #119, #179, .T. ) ;
#1045 = ADVANCED_FACE ( 'NONE', ( #1026 ), #1054, .F. ) ;
#1046 = CARTESIAN_POINT ( 'NONE',  ( -131.2049999999999841, 2.353220972583350168, 85.01878680815302403 ) ) ;
#1047 = CARTESIAN_POINT ( 'NONE',  ( -142.5049999999999955, 1.989098184684026993, 105.7889004077676702 ) ) ;
#1048 = CARTESIAN_POINT ( 'NONE',  ( -110.0050000000000097, 9.201224378581187580, 129.9342005013121764 ) ) ;
#1049 = ORIENTED_EDGE ( 'NONE', *, *, #1638, .F. ) ;
#1050 = AXIS2_PLACEMENT_3D ( 'NONE', #522, #249, #1718 ) ;
#1051 = CYLINDRICAL_SURFACE ( 'NONE', #1041, 3.263900000000000023 ) ;
#1052 = ORIENTED_EDGE ( 'NONE', *, *, #1095, .T. ) ;
#1053 = CARTESIAN_POINT ( 'NONE',  ( -181.2050000000000125, 1.989098184684026549, 99.26110040776769949 ) ) ;
#1054 = CYLINDRICAL_SURFACE ( 'NONE', #1447, 3.263899999999986257 ) ;
#1055 = CARTESIAN_POINT ( 'NONE',  ( -128.7049999999999557, 90.85501116945214051, 106.0817667213662361 ) ) ;
#1056 = LINE ( 'NONE', #173, #872 ) ;
#1057 = ADVANCED_FACE ( 'NONE', ( #754 ), #1635, .F. ) ;
#1058 = ORIENTED_EDGE ( 'NONE', *, *, #1563, .F. ) ;
#1059 = VECTOR ( 'NONE', #1498, 1000.000000000000114 ) ;
#1060 = CARTESIAN_POINT ( 'NONE',  ( -142.5049999999999955, 2.353220972583350168, 85.01878680815302403 ) ) ;
#1061 = VERTEX_POINT ( 'NONE', #577 ) ;
#1062 = DIRECTION ( 'NONE',  ( 1.000000000000000000, 0.000000000000000000, 0.000000000000000000 ) ) ;
#1063 = CARTESIAN_POINT ( 'NONE',  ( -139.7049999999999841, 17.44370827204450691, 61.89544197822205973 ) ) ;
#1064 = CARTESIAN_POINT ( 'NONE',  ( -118.5049999999999955, 1.624912349303897496, 116.7703451900004126 ) ) ;
#1065 = CARTESIAN_POINT ( 'NONE',  ( -139.7049999999999841, 90.85501116945208366, 81.08176672136622187 ) ) ;
#1066 = VECTOR ( 'NONE', #490, 1000.000000000000000 ) ;
#1067 = ORIENTED_EDGE ( 'NONE', *, *, #208, .F. ) ;
#1068 = ADVANCED_FACE ( 'NONE', ( #727 ), #1646, .F. ) ;
#1069 = CARTESIAN_POINT ( 'NONE',  ( -118.5049999999999955, 2.717343760482673787, 64.24867320853840624 ) ) ;
#1070 = EDGE_LOOP ( 'NONE', ( #668, #355, #1583, #14, #885, #1839 ) ) ;
#1071 = VECTOR ( 'NONE', #273, 1000.000000000000000 ) ;
#1072 = CARTESIAN_POINT ( 'NONE',  ( -118.5049999999999955, 1.989098184684026549, 99.26110040776769949 ) ) ;
#1073 = ORIENTED_EDGE ( 'NONE', *, *, #380, .T. ) ;
#1074 = CARTESIAN_POINT ( 'NONE',  ( -110.0050000000000097, 92.94486932408734958, 95.19117560529979016 ) ) ;
#1075 = CARTESIAN_POINT ( 'NONE',  ( -29.96302869831711391, 146.5249999999999773, 127.6275971666042608 ) ) ;
#1076 = DIRECTION ( 'NONE',  ( 1.000000000000000000, -0.000000000000000000, -0.000000000000000000 ) ) ;
#1077 = ORIENTED_EDGE ( 'NONE', *, *, #1421, .F. ) ;
#1078 = CARTESIAN_POINT ( 'NONE',  ( -118.5049999999999955, 2.717343760482674231, 70.77647320853840540 ) ) ;
#1079 = ADVANCED_FACE ( 'NONE', ( #1164 ), #170, .F. ) ;
#1080 = ADVANCED_FACE ( 'NONE', ( #905 ), #1496, .T. ) ;
#1081 = EDGE_LOOP ( 'NONE', ( #1415, #430, #1374, #101 ) ) ;
#1082 = AXIS2_PLACEMENT_3D ( 'NONE', #63, #334, #344 ) ;
#1083 = LINE ( 'NONE', #218, #1325 ) ;
#1084 = EDGE_CURVE ( 'NONE', #837, #1724, #1758, .T. ) ;
#1085 = ORIENTED_EDGE ( 'NONE', *, *, #1833, .F. ) ;
#1086 = CARTESIAN_POINT ( 'NONE',  ( -139.7049999999999841, 15.34768151353395105, 61.34957725141862284 ) ) ;
#1087 = CYLINDRICAL_SURFACE ( 'NONE', #1486, 3.263899999999986257 ) ;
#1088 = DIRECTION ( 'NONE',  ( 1.000000000000000000, 0.000000000000000000, 0.000000000000000000 ) ) ;
#1089 = ORIENTED_EDGE ( 'NONE', *, *, #425, .F. ) ;
#1090 = ORIENTED_EDGE ( 'NONE', *, *, #43, .T. ) ;
#1091 =( BOUNDED_CURVE ( )  B_SPLINE_CURVE ( 3, ( #158, #1321, #1448, #886 ),
 .UNSPECIFIED., .F., .T. ) 
 B_SPLINE_CURVE_WITH_KNOTS ( ( 4, 4 ),
 ( -1.776356839400250465E-15, 0.4363323129985869353 ),
 .UNSPECIFIED. ) 
 CURVE ( )  GEOMETRIC_REPRESENTATION_ITEM ( )  RATIONAL_B_SPLINE_CURVE ( ( 1.000000000000000000, 0.9841973380799551308, 0.9841973380799551308, 1.000000000000000000 ) ) 
 REPRESENTATION_ITEM ( '' )  );
#1092 = FACE_OUTER_BOUND ( 'NONE', #519, .T. ) ;
#1093 = CIRCLE ( 'NONE', #272, 3.263899999999986257 ) ;
#1094 = UNCERTAINTY_MEASURE_WITH_UNIT (LENGTH_MEASURE( 1.000000000000000082E-05 ), #843, 'distance_accuracy_value', 'NONE');
#1095 = EDGE_CURVE ( 'NONE', #1789, #1738, #404, .T. ) ;
#1096 = CARTESIAN_POINT ( 'NONE',  ( -118.5049999999999955, 68.41376061093905037, 77.99675243372347211 ) ) ;
#1097 = DIRECTION ( 'NONE',  ( 0.000000000000000000, 0.000000000000000000, -1.000000000000000000 ) ) ;
#1098 = DIRECTION ( 'NONE',  ( 0.000000000000000000, 0.000000000000000000, 1.000000000000000000 ) ) ;
#1099 = ORIENTED_EDGE ( 'NONE', *, *, #1176, .T. ) ;
#1100 = DIRECTION ( 'NONE',  ( 1.000000000000000000, 0.000000000000000000, 0.000000000000000000 ) ) ;
#1101 = ORIENTED_EDGE ( 'NONE', *, *, #1145, .F. ) ;
#1102 = AXIS2_PLACEMENT_3D ( 'NONE', #1319, #864, #418 ) ;
#1103 = CARTESIAN_POINT ( 'NONE',  ( -110.0050000000000097, 92.94486932408734958, 95.19117560529979016 ) ) ;
#1104 = EDGE_LOOP ( 'NONE', ( #59, #1754, #1067, #1296 ) ) ;
#1105 = FACE_OUTER_BOUND ( 'NONE', #194, .T. ) ;
#1106 = EDGE_CURVE ( 'NONE', #1524, #1612, #735, .T. ) ;
#1107 = AXIS2_PLACEMENT_3D ( 'NONE', #298, #21, #1584 ) ;
#1108 = EDGE_CURVE ( 'NONE', #1842, #683, #1172, .T. ) ;
#1109 = FACE_OUTER_BOUND ( 'NONE', #723, .T. ) ;
#1110 = DIRECTION ( 'NONE',  ( 1.000000000000000000, -0.000000000000000000, -0.000000000000000000 ) ) ;
#1111 = EDGE_LOOP ( 'NONE', ( #82, #1440, #472, #517 ) ) ;
#1112 = VECTOR ( 'NONE', #210, 1000.000000000000000 ) ;
#1113 = ORIENTED_EDGE ( 'NONE', *, *, #1084, .F. ) ;
#1114 = CARTESIAN_POINT ( 'NONE',  ( -145.7050000000000125, 18.72301060208982193, 0.3894317154761817723 ) ) ;
#1115 = VERTEX_POINT ( 'NONE', #1618 ) ;
#1116 = DIRECTION ( 'NONE',  ( 1.000000000000000000, 0.000000000000000000, 0.000000000000000000 ) ) ;
#1117 = DIRECTION ( 'NONE',  ( 0.000000000000000000, 0.000000000000000000, -1.000000000000000000 ) ) ;
#1118 = CARTESIAN_POINT ( 'NONE',  ( -139.7049999999999841, 9.454614042075800029, 59.81485559184040568 ) ) ;
#1119 = ORIENTED_EDGE ( 'NONE', *, *, #1699, .F. ) ;
#1120 = EDGE_CURVE ( 'NONE', #837, #1322, #439, .T. ) ;
#1121 = EDGE_CURVE ( 'NONE', #70, #1247, #1199, .T. ) ;
#1122 = AXIS2_PLACEMENT_3D ( 'NONE', #1027, #1591, #1619 ) ;
#1123 = EDGE_LOOP ( 'NONE', ( #1396, #253, #122, #694 ) ) ;
#1124 = DIRECTION ( 'NONE',  ( 1.000000000000000000, 0.000000000000000000, 0.000000000000000000 ) ) ;
#1125 = EDGE_LOOP ( 'NONE', ( #1722, #707, #1282, #1357 ) ) ;
#1126 = AXIS2_PLACEMENT_3D ( 'NONE', #270, #991, #127 ) ;
#1127 = DIRECTION ( 'NONE',  ( 0.000000000000000000, 0.9063077870366480493, 0.4226182617407036046 ) ) ;
#1128 = FACE_OUTER_BOUND ( 'NONE', #613, .T. ) ;
#1129 = ORIENTED_EDGE ( 'NONE', *, *, #890, .F. ) ;
#1130 = CARTESIAN_POINT ( 'NONE',  ( -110.0050000000000097, 1.624912349303897496, 120.0342451900004050 ) ) ;
#1131 = ORIENTED_EDGE ( 'NONE', *, *, #1540, .F. ) ;
#1132 = DIRECTION ( 'NONE',  ( -0.7071067811865496822, -0.1782065218520700323, 0.6842824238349138888 ) ) ;
#1133 = VECTOR ( 'NONE', #1404, 1000.000000000000000 ) ;
#1134 = EDGE_LOOP ( 'NONE', ( #1476, #748 ) ) ;
#1135 = DIRECTION ( 'NONE',  ( 0.000000000000000000, 1.734723475976808080E-15, 1.000000000000000000 ) ) ;
#1136 = AXIS2_PLACEMENT_3D ( 'NONE', #588, #1622, #437 ) ;
#1137 = FILL_AREA_STYLE_COLOUR ( '', #948 ) ;
#1138 = DIRECTION ( 'NONE',  ( 1.000000000000000000, 0.000000000000000000, 0.000000000000000000 ) ) ;
#1139 = VERTEX_POINT ( 'NONE', #1695 ) ;
#1140 = DIRECTION ( 'NONE',  ( 0.000000000000000000, -0.9063077870366479383, -0.4226182617407038267 ) ) ;
#1141 = ORIENTED_EDGE ( 'NONE', *, *, #1327, .T. ) ;
#1142 = VECTOR ( 'NONE', #799, 1000.000000000000000 ) ;
#1143 = CARTESIAN_POINT ( 'NONE',  ( -110.0050000000000097, 3.700841197825064821, 57.90388900568957098 ) ) ;
#1144 = ORIENTED_EDGE ( 'NONE', *, *, #1377, .T. ) ;
#1145 = EDGE_CURVE ( 'NONE', #1188, #1286, #66, .T. ) ;
#1146 = CARTESIAN_POINT ( 'NONE',  ( -134.3954730469628487, 150.5250000000000057, 127.6275971666042608 ) ) ;
#1147 = CARTESIAN_POINT ( 'NONE',  ( -110.0050000000000097, -6.680558252839259303, 126.2129959983954421 ) ) ;
#1148 =( NAMED_UNIT ( * ) SI_UNIT ( $, .STERADIAN. ) SOLID_ANGLE_UNIT ( ) );
#1149 = CARTESIAN_POINT ( 'NONE',  ( -131.2049999999999272, 13.40949727968555116, 126.2429727788977374 ) ) ;
#1150 = LINE ( 'NONE', #564, #395 ) ;
#1151 = VERTEX_POINT ( 'NONE', #1074 ) ;
#1152 = CARTESIAN_POINT ( 'NONE',  ( -131.2049999999999841, -5.915912340133839820, 67.39643239309469891 ) ) ;
#1153 = EDGE_LOOP ( 'NONE', ( #1831, #1819, #1658, #392 ) ) ;
#1154 = DIRECTION ( 'NONE',  ( 0.000000000000000000, 0.4226182617407036046, -0.9063077870366480493 ) ) ;
#1155 = EDGE_CURVE ( 'NONE', #811, #1791, #511, .T. ) ;
#1156 =( BOUNDED_CURVE ( )  B_SPLINE_CURVE ( 3, ( #866, #1771, #724, #732 ),
 .UNSPECIFIED., .F., .T. ) 
 B_SPLINE_CURVE_WITH_KNOTS ( ( 4, 4 ),
 ( 2.705260340591206347, 3.141592653589794892 ),
 .UNSPECIFIED. ) 
 CURVE ( )  GEOMETRIC_REPRESENTATION_ITEM ( )  RATIONAL_B_SPLINE_CURVE ( ( 1.000000000000000000, 0.9841973380799551308, 0.9841973380799551308, 1.000000000000000000 ) ) 
 REPRESENTATION_ITEM ( '' )  );
#1157 = CARTESIAN_POINT ( 'NONE',  ( -181.2050000000000125, 2.353220972583350168, 81.75488680815304576 ) ) ;
#1158 = DIRECTION ( 'NONE',  ( 1.000000000000000000, -0.000000000000000000, -0.000000000000000000 ) ) ;
#1159 = CARTESIAN_POINT ( 'NONE',  ( -110.0050000000000097, 23.14635824299315914, 117.7024213551475924 ) ) ;
#1160 = DIRECTION ( 'NONE',  ( 0.000000000000000000, 0.000000000000000000, 1.000000000000000000 ) ) ;
#1161 = VERTEX_POINT ( 'NONE', #1375 ) ;
#1162 = CARTESIAN_POINT ( 'NONE',  ( -128.7049999999999557, 89.16453812248933275, 109.7069978695128327 ) ) ;
#1163 = ORIENTED_EDGE ( 'NONE', *, *, #1649, .F. ) ;
#1164 = FACE_OUTER_BOUND ( 'NONE', #1902, .T. ) ;
#1165 = EDGE_CURVE ( 'NONE', #1505, #1519, #357, .T. ) ;
#1166 = CARTESIAN_POINT ( 'NONE',  ( -29.96302869831711391, 148.2154730469628134, 107.8293893701576565 ) ) ;
#1167 = CARTESIAN_POINT ( 'NONE',  ( -121.0050000000000239, 90.17262644291547247, 105.8361119323893433 ) ) ;
#1168 = ADVANCED_FACE ( 'NONE', ( #783, #792, #1676, #366, #1105 ), #1365, .T. ) ;
#1169 = ORIENTED_EDGE ( 'NONE', *, *, #619, .F. ) ;
#1170 = CARTESIAN_POINT ( 'NONE',  ( -110.0050000000000097, 95.50381204859988316, 96.11238106396314151 ) ) ;
#1171 = VERTEX_POINT ( 'NONE', #1685 ) ;
#1172 = LINE ( 'NONE', #1765, #648 ) ;
#1173 = CARTESIAN_POINT ( 'NONE',  ( -131.2049999999999841, 14.64846086594761942, 0.3046825836585791980 ) ) ;
#1174 = CARTESIAN_POINT ( 'NONE',  ( -110.0050000000000097, 95.50381204859988316, 96.11238106396314151 ) ) ;
#1175 = ORIENTED_EDGE ( 'NONE', *, *, #1120, .F. ) ;
#1176 = EDGE_CURVE ( 'NONE', #117, #1505, #1836, .T. ) ;
#1177 = DIRECTION ( 'NONE',  ( 0.000000000000000000, 0.000000000000000000, -1.000000000000000000 ) ) ;
#1178 = VERTEX_POINT ( 'NONE', #932 ) ;
#1179 = AXIS2_PLACEMENT_3D ( 'NONE', #311, #1016, #1182 ) ;
#1180 = CARTESIAN_POINT ( 'NONE',  ( -142.5049999999999955, 10.98453328779425142, 128.3699960312103485 ) ) ;
#1181 = ORIENTED_EDGE ( 'NONE', *, *, #1648, .F. ) ;
#1182 = DIRECTION ( 'NONE',  ( 0.000000000000000000, 0.000000000000000000, -1.000000000000000000 ) ) ;
#1183 = VECTOR ( 'NONE', #409, 1000.000000000000000 ) ;
#1184 = LINE ( 'NONE', #900, #24 ) ;
#1185 = ORIENTED_EDGE ( 'NONE', *, *, #1881, .F. ) ;
#1186 = CARTESIAN_POINT ( 'NONE',  ( -139.7049999999999841, 95.50381204859988316, 96.11238106396312730 ) ) ;
#1187 = EDGE_CURVE ( 'NONE', #1178, #1694, #130, .T. ) ;
#1188 = VERTEX_POINT ( 'NONE', #1845 ) ;
#1189 = CARTESIAN_POINT ( 'NONE',  ( -181.2050000000000125, 1.624912349303897496, 120.0342451900004050 ) ) ;
#1190 = CARTESIAN_POINT ( 'NONE',  ( -181.2050000000000125, 2.717343760482673787, 67.51257320853839872 ) ) ;
#1191 = CIRCLE ( 'NONE', #157, 28.26390000000000668 ) ;
#1192 = FACE_OUTER_BOUND ( 'NONE', #968, .T. ) ;
#1193 = VERTEX_POINT ( 'NONE', #1535 ) ;
#1194 = PLANE ( 'NONE',  #308 ) ;
#1195 = CIRCLE ( 'NONE', #190, 3.263899999999972490 ) ;
#1196 = ORIENTED_EDGE ( 'NONE', *, *, #345, .F. ) ;
#1197 = CARTESIAN_POINT ( 'NONE',  ( -29.96302869831711391, 150.5250000000000057, 111.4546205183042531 ) ) ;
#1198 = EDGE_CURVE ( 'NONE', #1337, #666, #883, .T. ) ;
#1199 = CIRCLE ( 'NONE', #612, 3.263899999999986257 ) ;
#1200 = DIRECTION ( 'NONE',  ( 0.000000000000000000, 0.9677214842808724571, 0.2520220801065353733 ) ) ;
#1201 = CARTESIAN_POINT ( 'NONE',  ( -121.0050000000000523, 39.25973289106840269, 103.5688001284879221 ) ) ;
#1202 = DIRECTION ( 'NONE',  ( 0.000000000000000000, 0.000000000000000000, 1.000000000000000000 ) ) ;
#1203 = ORIENTED_EDGE ( 'NONE', *, *, #1248, .T. ) ;
#1204 = AXIS2_PLACEMENT_3D ( 'NONE', #976, #1527, #531 ) ;
#1205 = ORIENTED_EDGE ( 'NONE', *, *, #1760, .T. ) ;
#1206 = CARTESIAN_POINT ( 'NONE',  ( -131.8553627591860504, 32.16570359497621467, 109.7912287153991144 ) ) ;
#1207 = AXIS2_PLACEMENT_3D ( 'NONE', #1334, #1355, #1826 ) ;
#1208 = CARTESIAN_POINT ( 'NONE',  ( -131.2049999999999841, 1.989098184684026549, 102.5250004077676920 ) ) ;
#1209 = ADVANCED_FACE ( 'NONE', ( #233 ), #804, .T. ) ;
#1210 = FACE_OUTER_BOUND ( 'NONE', #1104, .T. ) ;
#1211 = CYLINDRICAL_SURFACE ( 'NONE', #1250, 28.26390000000000668 ) ;
#1212 = ORIENTED_EDGE ( 'NONE', *, *, #1615, .T. ) ;
#1213 = DIRECTION ( 'NONE',  ( 1.000000000000000000, 0.000000000000000000, 0.000000000000000000 ) ) ;
#1214 = VERTEX_POINT ( 'NONE', #620 ) ;
#1215 = CARTESIAN_POINT ( 'NONE',  ( -55.81822477298735663, 54.14087767517231242, 117.1195275669936535 ) ) ;
#1216 = EDGE_LOOP ( 'NONE', ( #1585, #645, #788, #1301 ) ) ;
#1217 = LINE ( 'NONE', #1816, #1066 ) ;
#1218 = CARTESIAN_POINT ( 'NONE',  ( -119.6282194252879947, 35.22795488678242748, 107.1052178204431584 ) ) ;
#1219 = EDGE_CURVE ( 'NONE', #1011, #554, #729, .T. ) ;
#1220 = CARTESIAN_POINT ( 'NONE',  ( -118.5049999999999955, 12.28784703058845551, 113.7977446801226336 ) ) ;
#1221 = VECTOR ( 'NONE', #1140, 1000.000000000000114 ) ;
#1222 = ORIENTED_EDGE ( 'NONE', *, *, #72, .F. ) ;
#1223 = EDGE_CURVE ( 'NONE', #1571, #95, #478, .T. ) ;
#1224 = DIRECTION ( 'NONE',  ( 0.000000000000000000, 0.000000000000000000, -1.000000000000000000 ) ) ;
#1225 = EDGE_LOOP ( 'NONE', ( #203, #1427, #660, #868 ) ) ;
#1226 = VECTOR ( 'NONE', #858, 1000.000000000000000 ) ;
#1227 = CARTESIAN_POINT ( 'NONE',  ( -131.2049999999999841, 1.624912349303897496, 120.0342451900004050 ) ) ;
#1228 = ORIENTED_EDGE ( 'NONE', *, *, #1412, .F. ) ;
#1229 = LINE ( 'NONE', #336, #1345 ) ;
#1230 = CARTESIAN_POINT ( 'NONE',  ( -112.6546244794104012, 25.81282989667077743, 115.3635630347891095 ) ) ;
#1231 = VECTOR ( 'NONE', #1100, 1000.000000000000000 ) ;
#1232 = CARTESIAN_POINT ( 'NONE',  ( -139.7049999999999841, 3.700841197825064821, 57.90388900568957098 ) ) ;
#1233 = ORIENTED_EDGE ( 'NONE', *, *, #1648, .T. ) ;
#1234 = DIRECTION ( 'NONE',  ( 0.000000000000000000, 0.000000000000000000, 1.000000000000000000 ) ) ;
#1235 = EDGE_CURVE ( 'NONE', #1061, #500, #1229, .T. ) ;
#1236 = ORIENTED_EDGE ( 'NONE', *, *, #1295, .T. ) ;
#1237 = CIRCLE ( 'NONE', #1450, 20.00000000000000355 ) ;
#1238 = LINE ( 'NONE', #1197, #803 ) ;
#1239 = ORIENTED_EDGE ( 'NONE', *, *, #480, .T. ) ;
#1240 =( BOUNDED_CURVE ( )  B_SPLINE_CURVE ( 3, ( #654, #662, #1837, #98 ),
 .UNSPECIFIED., .F., .T. ) 
 B_SPLINE_CURVE_WITH_KNOTS ( ( 4, 4 ),
 ( 0.4363323129985869353, 2.007128639793485547 ),
 .UNSPECIFIED. ) 
 CURVE ( )  GEOMETRIC_REPRESENTATION_ITEM ( )  RATIONAL_B_SPLINE_CURVE ( ( 1.000000000000000000, 0.8047378541243644934, 0.8047378541243644934, 1.000000000000000000 ) ) 
 REPRESENTATION_ITEM ( '' )  );
#1241 = CARTESIAN_POINT ( 'NONE',  ( -118.5049999999999955, -3.504856432105461828, 130.1792100296973729 ) ) ;
#1242 = PLANE ( 'NONE',  #1050 ) ;
#1243 = LINE ( 'NONE', #1118, #96 ) ;
#1244 = ORIENTED_EDGE ( 'NONE', *, *, #986, .F. ) ;
#1245 = CIRCLE ( 'NONE', #1122, 3.263900000000000023 ) ;
#1246 = LINE ( 'NONE', #1157, #1231 ) ;
#1247 = VERTEX_POINT ( 'NONE', #78 ) ;
#1248 = EDGE_CURVE ( 'NONE', #1139, #1634, #653, .T. ) ;
#1249 = CARTESIAN_POINT ( 'NONE',  ( -121.0050000000000239, 90.85501116945214051, 106.0817667213662361 ) ) ;
#1250 = AXIS2_PLACEMENT_3D ( 'NONE', #1038, #452, #37 ) ;
#1251 = LINE ( 'NONE', #1506, #1256 ) ;
#1252 = DIRECTION ( 'NONE',  ( 0.000000000000000000, 0.000000000000000000, -1.000000000000000000 ) ) ;
#1253 = DIRECTION ( 'NONE',  ( 0.000000000000000000, 0.000000000000000000, -1.000000000000000000 ) ) ;
#1254 = EDGE_LOOP ( 'NONE', ( #128, #282, #61, #1554 ) ) ;
#1255 = ORIENTED_EDGE ( 'NONE', *, *, #772, .F. ) ;
#1256 = VECTOR ( 'NONE', #199, 1000.000000000000000 ) ;
#1257 = LINE ( 'NONE', #1843, #712 ) ;
#1258 = ORIENTED_EDGE ( 'NONE', *, *, #1649, .T. ) ;
#1259 = DIRECTION ( 'NONE',  ( 0.000000000000000000, 0.000000000000000000, -1.000000000000000000 ) ) ;
#1260 = VECTOR ( 'NONE', #993, 1000.000000000000000 ) ;
#1261 = FACE_BOUND ( 'NONE', #1885, .T. ) ;
#1262 = EDGE_CURVE ( 'NONE', #1524, #1115, #1251, .T. ) ;
#1263 = CYLINDRICAL_SURFACE ( 'NONE', #634, 3.263899999999986257 ) ;
#1264 = ORIENTED_EDGE ( 'NONE', *, *, #1579, .F. ) ;
#1265 = EDGE_LOOP ( 'NONE', ( #791, #505, #1559, #1416 ) ) ;
#1266 = CARTESIAN_POINT ( 'NONE',  ( -131.2049999999999841, 1.989098184684026549, 99.26110040776769949 ) ) ;
#1267 = ORIENTED_EDGE ( 'NONE', *, *, #1894, .T. ) ;
#1268 = CYLINDRICAL_SURFACE ( 'NONE', #1848, 4.000000000000003553 ) ;
#1269 = FACE_OUTER_BOUND ( 'NONE', #335, .T. ) ;
#1270 = EDGE_CURVE ( 'NONE', #1310, #85, #1217, .T. ) ;
#1271 = CARTESIAN_POINT ( 'NONE',  ( -110.0050000000000097, 146.5249999999999773, 111.4546205183042531 ) ) ;
#1272 = EDGE_LOOP ( 'NONE', ( #951, #1798, #1900, #314 ) ) ;
#1273 = VECTOR ( 'NONE', #562, 1000.000000000000000 ) ;
#1274 = ORIENTED_EDGE ( 'NONE', *, *, #678, .T. ) ;
#1275 = CARTESIAN_POINT ( 'NONE',  ( -110.0050000000000097, 150.5250000000000057, 121.7691823664868735 ) ) ;
#1276 = VERTEX_POINT ( 'NONE', #1825 ) ;
#1277 = CIRCLE ( 'NONE', #513, 4.000000000000003553 ) ;
#1278 = CARTESIAN_POINT ( 'NONE',  ( -139.7049999999999841, 61.95356215847490944, 87.12016155428659658 ) ) ;
#1279 = SURFACE_SIDE_STYLE ('',( #1599 ) ) ;
#1280 = VERTEX_POINT ( 'NONE', #1241 ) ;
#1281 = DIRECTION ( 'NONE',  ( -1.000000000000000000, 0.000000000000000000, 0.000000000000000000 ) ) ;
#1282 = ORIENTED_EDGE ( 'NONE', *, *, #1711, .F. ) ;
#1283 = EDGE_CURVE ( 'NONE', #740, #581, #1285, .T. ) ;
#1284 = CARTESIAN_POINT ( 'NONE',  ( -142.5049999999999955, 1.989098184684026549, 99.26110040776769949 ) ) ;
#1285 = CIRCLE ( 'NONE', #250, 3.263900000000000023 ) ;
#1286 = VERTEX_POINT ( 'NONE', #97 ) ;
#1287 = FACE_OUTER_BOUND ( 'NONE', #1499, .T. ) ;
#1288 = VECTOR ( 'NONE', #424, 1000.000000000000000 ) ;
#1289 = FACE_OUTER_BOUND ( 'NONE', #1574, .T. ) ;
#1290 = DIRECTION ( 'NONE',  ( 0.000000000000000000, 0.000000000000000000, 1.000000000000000000 ) ) ;
#1291 = LINE ( 'NONE', #1048, #447 ) ;
#1292 = CLOSED_SHELL ( 'NONE', ( #1783, #172, #1367, #1045, #278, #878, #1794, #356, #458, #213, #151, #945, #268, #367, #797, #224, #934, #290, #1820, #1624, #321, #341, #607, #93, #68, #1660, #681, #877, #726, #1315, #1526, #247, #692, #1403, #578, #1209, #546, #481, #1363, #55, #162, #301, #1021, #739, #1459, #140, #1168, #523, #1080, #1739, #1079, #11, #1856, #1514, #1068, #1057 ) ) ;
#1293 = ORIENTED_EDGE ( 'NONE', *, *, #1671, .T. ) ;
#1294 = VECTOR ( 'NONE', #1841, 1000.000000000000000 ) ;
#1295 = EDGE_CURVE ( 'NONE', #1789, #1433, #549, .T. ) ;
#1296 = ORIENTED_EDGE ( 'NONE', *, *, #647, .T. ) ;
#1297 = LINE ( 'NONE', #423, #1133 ) ;
#1298 = AXIS2_PLACEMENT_3D ( 'NONE', #377, #241, #499 ) ;
#1299 = CARTESIAN_POINT ( 'NONE',  ( -110.0050000000000097, 3.700841197825064821, 67.52145518999999751 ) ) ;
#1300 = CARTESIAN_POINT ( 'NONE',  ( -110.0050000000000097, 3.700841197825064821, 57.90388900568957098 ) ) ;
#1301 = ORIENTED_EDGE ( 'NONE', *, *, #971, .F. ) ;
#1302 = LINE ( 'NONE', #715, #704 ) ;
#1303 = ORIENTED_EDGE ( 'NONE', *, *, #749, .F. ) ;
#1304 = EDGE_CURVE ( 'NONE', #1745, #650, #65, .T. ) ;
#1305 = CIRCLE ( 'NONE', #751, 1.000000000000000888 ) ;
#1306 = CARTESIAN_POINT ( 'NONE',  ( -110.0050000000000097, -5.915912340133839820, 67.39643239309469891 ) ) ;
#1307 = DIRECTION ( 'NONE',  ( 0.000000000000000000, 0.000000000000000000, 1.000000000000000000 ) ) ;
#1308 = CARTESIAN_POINT ( 'NONE',  ( -118.5049999999999955, 2.317225707232374532, 102.5214551899999975 ) ) ;
#1309 = CARTESIAN_POINT ( 'NONE',  ( -118.5049999999999955, 13.40949727968555294, 126.2429727788977374 ) ) ;
#1310 = VERTEX_POINT ( 'NONE', #812 ) ;
#1311 = CARTESIAN_POINT ( 'NONE',  ( -131.2049999999999841, 2.717343760482673787, 67.51257320853839872 ) ) ;
#1312 = VERTEX_POINT ( 'NONE', #1729 ) ;
#1313 = CIRCLE ( 'NONE', #1037, 4.000000000000003553 ) ;
#1314 = DIRECTION ( 'NONE',  ( 1.000000000000000000, -0.000000000000000000, -0.000000000000000000 ) ) ;
#1315 = ADVANCED_FACE ( 'NONE', ( #275 ), #1887, .T. ) ;
#1316 = EDGE_CURVE ( 'NONE', #685, #1312, #1313, .T. ) ;
#1317 = CARTESIAN_POINT ( 'NONE',  ( -181.2050000000000125, 1.624912349303897940, 123.2981451900003691 ) ) ;
#1318 = AXIS2_PLACEMENT_3D ( 'NONE', #1755, #429, #1467 ) ;
#1319 = CARTESIAN_POINT ( 'NONE',  ( -181.2050000000000125, 2.353220972583350168, 85.01878680815302403 ) ) ;
#1320 = VERTEX_POINT ( 'NONE', #113 ) ;
#1321 = CARTESIAN_POINT ( 'NONE',  ( -121.0050000000000239, 145.3660217388775493, 131.5006684036576701 ) ) ;
#1322 = VERTEX_POINT ( 'NONE', #687 ) ;
#1323 = AXIS2_PLACEMENT_3D ( 'NONE', #34, #609, #326 ) ;
#1324 = DIRECTION ( 'NONE',  ( -0.7071067811865457964, 0.1782065218520709204, -0.6842824238349176635 ) ) ;
#1325 = VECTOR ( 'NONE', #651, 1000.000000000000114 ) ;
#1326 = CARTESIAN_POINT ( 'NONE',  ( -181.2050000000000125, 1.989098184684026549, 102.5250004077676920 ) ) ;
#1327 = EDGE_CURVE ( 'NONE', #1178, #1524, #569, .T. ) ;
#1328 = CARTESIAN_POINT ( 'NONE',  ( -110.0050000000000097, -5.915912340133839820, 67.39643239309469891 ) ) ;
#1329 = VERTEX_POINT ( 'NONE', #530 ) ;
#1330 = DIRECTION ( 'NONE',  ( 0.000000000000000000, 0.000000000000000000, -1.000000000000000000 ) ) ;
#1331 = ORIENTED_EDGE ( 'NONE', *, *, #557, .F. ) ;
#1332 = CONICAL_SURFACE ( 'NONE', #1708, 30.99999999999997158, 0.7853981633974463916 ) ;
#1333 = CARTESIAN_POINT ( 'NONE',  ( -181.2050000000000125, 1.989098184684026549, 102.5250004077676920 ) ) ;
#1334 = CARTESIAN_POINT ( 'NONE',  ( -131.2049999999999841, 3.700841197825064821, 67.52145518999999751 ) ) ;
#1335 = CONICAL_SURFACE ( 'NONE', #721, 15.00000000000000000, 0.7853981633974463916 ) ;
#1336 = LINE ( 'NONE', #1029, #1430 ) ;
#1337 = VERTEX_POINT ( 'NONE', #134 ) ;
#1338 = CARTESIAN_POINT ( 'NONE',  ( -131.2049999999999841, -3.504856432105461828, 130.1792100296973729 ) ) ;
#1339 = ORIENTED_EDGE ( 'NONE', *, *, #389, .T. ) ;
#1340 = EDGE_CURVE ( 'NONE', #142, #85, #550, .T. ) ;
#1341 = CARTESIAN_POINT ( 'NONE',  ( -110.0050000000000097, 1.624912349303897496, 116.7703451900004126 ) ) ;
#1342 = B_SPLINE_CURVE_WITH_KNOTS ( 'NONE', 3,
 ( #206, #325, #904, #1495, #187, #197, #1373, #42, #1206, #1802, #476, #639, #684, #1874 ),
 .UNSPECIFIED., .F., .F.,
 ( 4, 2, 2, 2, 2, 2, 4 ),
 ( 6.938893903907228378E-18, 0.006641980365055653694, 0.008302475456319576008, 0.009962970547583500924, 0.01328396073011137331, 0.01992594109516711634, 0.02656792146022286458 ),
 .UNSPECIFIED. ) ;
#1343 = DIRECTION ( 'NONE',  ( -1.000000000000000000, -0.000000000000000000, -0.000000000000000000 ) ) ;
#1344 = LINE ( 'NONE', #1817, #778 ) ;
#1345 = VECTOR ( 'NONE', #914, 1000.000000000000114 ) ;
#1346 = DIRECTION ( 'NONE',  ( 0.000000000000000000, 0.2520220801065353733, -0.9677214842808725681 ) ) ;
#1347 = ORIENTED_EDGE ( 'NONE', *, *, #436, .F. ) ;
#1348 = DIRECTION ( 'NONE',  ( -1.000000000000000000, 0.000000000000000000, 0.000000000000000000 ) ) ;
#1349 = AXIS2_PLACEMENT_3D ( 'NONE', #1311, #216, #649 ) ;
#1350 = EDGE_LOOP ( 'NONE', ( #673, #901, #691, #159, #1549, #1670 ) ) ;
#1351 = EDGE_CURVE ( 'NONE', #554, #1011, #126, .T. ) ;
#1352 = DIRECTION ( 'NONE',  ( 1.000000000000000000, 0.000000000000000000, 0.000000000000000000 ) ) ;
#1353 = AXIS2_PLACEMENT_3D ( 'NONE', #1904, #1795, #459 ) ;
#1354 = DIRECTION ( 'NONE',  ( -1.000000000000000000, 0.000000000000000000, 0.000000000000000000 ) ) ;
#1355 = DIRECTION ( 'NONE',  ( -1.000000000000000000, 0.000000000000000000, 0.000000000000000000 ) ) ;
#1356 = DIRECTION ( 'NONE',  ( -1.000000000000000000, 0.000000000000000000, 0.000000000000000000 ) ) ;
#1357 = ORIENTED_EDGE ( 'NONE', *, *, #647, .F. ) ;
#1358 = VECTOR ( 'NONE', #1384, 1000.000000000000000 ) ;
#1359 = DIRECTION ( 'NONE',  ( -1.000000000000000000, 0.000000000000000000, 0.000000000000000000 ) ) ;
#1360 = EDGE_LOOP ( 'NONE', ( #1429, #1236, #207, #1131 ) ) ;
#1361 = LINE ( 'NONE', #52, #1576 ) ;
#1362 = EDGE_LOOP ( 'NONE', ( #1544, #913, #1732, #1303 ) ) ;
#1363 = ADVANCED_FACE ( 'NONE', ( #1287 ), #393, .F. ) ;
#1364 = EDGE_CURVE ( 'NONE', #1437, #1455, #1297, .T. ) ;
#1365 = PLANE ( 'NONE',  #983 ) ;
#1366 = DIRECTION ( 'NONE',  ( 0.000000000000000000, 0.000000000000000000, 1.000000000000000000 ) ) ;
#1367 = ADVANCED_FACE ( 'NONE', ( #821 ), #697, .F. ) ;
#1368 = CYLINDRICAL_SURFACE ( 'NONE', #849, 28.26390000000000668 ) ;
#1369 = VERTEX_POINT ( 'NONE', #1419 ) ;
#1370 = AXIS2_PLACEMENT_3D ( 'NONE', #936, #1110, #387 ) ;
#1371 = DIRECTION ( 'NONE',  ( 1.000000000000000000, -0.000000000000000000, -0.000000000000000000 ) ) ;
#1372 = ORIENTED_EDGE ( 'NONE', *, *, #1808, .F. ) ;
#1373 = CARTESIAN_POINT ( 'NONE',  ( -130.7055277522770496, 34.05293570640444756, 108.1358694618425744 ) ) ;
#1374 = ORIENTED_EDGE ( 'NONE', *, *, #717, .F. ) ;
#1375 = CARTESIAN_POINT ( 'NONE',  ( -110.0050000000000097, 61.95356215847489523, 87.12016155428662501 ) ) ;
#1376 = CARTESIAN_POINT ( 'NONE',  ( -111.3504629134648951, 24.47022098771513043, 116.5412136628643793 ) ) ;
#1377 = EDGE_CURVE ( 'NONE', #1809, #1634, #1191, .T. ) ;
#1378 = CARTESIAN_POINT ( 'NONE',  ( -110.0050000000000097, 2.717343760482673787, 64.24867320853840624 ) ) ;
#1379 = AXIS2_PLACEMENT_3D ( 'NONE', #1525, #1516, #221 ) ;
#1380 = VERTEX_POINT ( 'NONE', #1555 ) ;
#1381 = DIRECTION ( 'NONE',  ( 0.7071067811865489050, 0.000000000000000000, -0.7071067811865462405 ) ) ;
#1382 = ORIENTED_EDGE ( 'NONE', *, *, #497, .T. ) ;
#1383 = AXIS2_PLACEMENT_3D ( 'NONE', #1060, #1492, #1652 ) ;
#1384 = DIRECTION ( 'NONE',  ( 1.000000000000000000, 0.000000000000000000, 0.000000000000000000 ) ) ;
#1385 = ORIENTED_EDGE ( 'NONE', *, *, #389, .F. ) ;
#1386 = DIRECTION ( 'NONE',  ( 0.000000000000000000, 0.000000000000000000, -1.000000000000000000 ) ) ;
#1387 = DIRECTION ( 'NONE',  ( 1.000000000000000000, 0.000000000000000000, 0.000000000000000000 ) ) ;
#1388 = AXIS2_PLACEMENT_3D ( 'NONE', #1432, #228, #1570 ) ;
#1389 = CARTESIAN_POINT ( 'NONE',  ( -181.2050000000000125, 2.353220972583350168, 85.01878680815302403 ) ) ;
#1390 = ORIENTED_EDGE ( 'NONE', *, *, #345, .T. ) ;
#1391 = EDGE_CURVE ( 'NONE', #87, #1214, #1698, .T. ) ;
#1392 = DIRECTION ( 'NONE',  ( -0.7071067811865485719, 0.1782065218520704208, -0.6842824238349147770 ) ) ;
#1393 = ORIENTED_EDGE ( 'NONE', *, *, #84, .T. ) ;
#1394 = CIRCLE ( 'NONE', #15, 28.26390000000000668 ) ;
#1395 = DIRECTION ( 'NONE',  ( 0.000000000000000000, 0.000000000000000000, 1.000000000000000000 ) ) ;
#1396 = ORIENTED_EDGE ( 'NONE', *, *, #1773, .F. ) ;
#1397 = CARTESIAN_POINT ( 'NONE',  ( -110.0050000000000097, -2.680896237038563168, 126.2649936845082976 ) ) ;
#1398 = CARTESIAN_POINT ( 'NONE',  ( -142.5049999999999955, -3.504856432105459163, 130.1792100296973729 ) ) ;
#1399 = DIRECTION ( 'NONE',  ( -1.000000000000000000, 0.000000000000000000, 0.000000000000000000 ) ) ;
#1400 = DIRECTION ( 'NONE',  ( 0.000000000000000000, 0.000000000000000000, -1.000000000000000000 ) ) ;
#1401 = ORIENTED_EDGE ( 'NONE', *, *, #1638, .T. ) ;
#1402 = DIRECTION ( 'NONE',  ( 0.000000000000000000, 0.000000000000000000, -1.000000000000000000 ) ) ;
#1403 = ADVANCED_FACE ( 'NONE', ( #676 ), #1268, .T. ) ;
#1404 = DIRECTION ( 'NONE',  ( -1.000000000000000000, 0.000000000000000000, 0.000000000000000000 ) ) ;
#1405 = CYLINDRICAL_SURFACE ( 'NONE', #200, 9.617566184310422983 ) ;
#1406 = CIRCLE ( 'NONE', #879, 4.000000000000003553 ) ;
#1407 = LINE ( 'NONE', #99, #1552 ) ;
#1408 = CARTESIAN_POINT ( 'NONE',  ( -110.0050000000000097, 3.700841197825064821, 67.52145518999999751 ) ) ;
#1409 = EDGE_LOOP ( 'NONE', ( #271, #1228 ) ) ;
#1410 = CARTESIAN_POINT ( 'NONE',  ( -29.96302869831711391, 146.5249999999999773, 127.6275971666042608 ) ) ;
#1411 = VERTEX_POINT ( 'NONE', #1278 ) ;
#1412 = EDGE_CURVE ( 'NONE', #486, #1791, #1006, .T. ) ;
#1413 = CARTESIAN_POINT ( 'NONE',  ( -142.5049999999999955, -13.98756550885538452, 53.70984816085746161 ) ) ;
#1414 = PRODUCT_CONTEXT ( 'NONE', #981, 'mechanical' ) ;
#1415 = ORIENTED_EDGE ( 'NONE', *, *, #957, .F. ) ;
#1416 = ORIENTED_EDGE ( 'NONE', *, *, #1155, .F. ) ;
#1417 = CARTESIAN_POINT ( 'NONE',  ( -139.7049999999999841, 90.52499999999999147, 80.92787998577402675 ) ) ;
#1418 = ORIENTED_EDGE ( 'NONE', *, *, #899, .T. ) ;
#1419 = CARTESIAN_POINT ( 'NONE',  ( -128.7049999999999557, 40.95260538271400463, 102.0839206973000870 ) ) ;
#1420 = EDGE_CURVE ( 'NONE', #819, #1320, #427, .T. ) ;
#1421 = EDGE_CURVE ( 'NONE', #500, #637, #873, .T. ) ;
#1422 = CARTESIAN_POINT ( 'NONE',  ( -118.5049999999999955, 1.624912349303897940, 123.2981451900003833 ) ) ;
#1423 = EDGE_CURVE ( 'NONE', #1411, #1329, #1611, .T. ) ;
#1424 = ORIENTED_EDGE ( 'NONE', *, *, #659, .T. ) ;
#1425 = CARTESIAN_POINT ( 'NONE',  ( -110.0050000000000097, -6.680558252839260192, 126.2129959983954706 ) ) ;
#1426 = VECTOR ( 'NONE', #541, 1000.000000000000114 ) ;
#1427 = ORIENTED_EDGE ( 'NONE', *, *, #957, .T. ) ;
#1428 = DIRECTION ( 'NONE',  ( 0.000000000000000000, -0.9677214842808724571, -0.2520220801065353733 ) ) ;
#1429 = ORIENTED_EDGE ( 'NONE', *, *, #1095, .F. ) ;
#1430 = VECTOR ( 'NONE', #482, 1000.000000000000114 ) ;
#1431 = DIRECTION ( 'NONE',  ( 0.000000000000000000, 0.000000000000000000, 1.000000000000000000 ) ) ;
#1432 = CARTESIAN_POINT ( 'NONE',  ( -139.7049999999999841, 54.14087767517231242, 117.1195275669936535 ) ) ;
#1433 = VERTEX_POINT ( 'NONE', #1464 ) ;
#1434 = VECTOR ( 'NONE', #1138, 1000.000000000000000 ) ;
#1435 = EDGE_CURVE ( 'NONE', #1458, #412, #1625, .T. ) ;
#1436 = DIRECTION ( 'NONE',  ( -1.000000000000000000, -0.000000000000000000, -0.000000000000000000 ) ) ;
#1437 = VERTEX_POINT ( 'NONE', #1167 ) ;
#1438 = DIRECTION ( 'NONE',  ( -1.000000000000000000, 0.000000000000000000, 0.000000000000000000 ) ) ;
#1439 = VECTOR ( 'NONE', #54, 999.9999999999998863 ) ;
#1440 = ORIENTED_EDGE ( 'NONE', *, *, #129, .F. ) ;
#1441 = DIRECTION ( 'NONE',  ( -1.000000000000000000, -0.000000000000000000, -0.000000000000000000 ) ) ;
#1442 = VECTOR ( 'NONE', #1438, 1000.000000000000000 ) ;
#1443 = DIRECTION ( 'NONE',  ( 0.000000000000000000, 0.000000000000000000, -1.000000000000000000 ) ) ;
#1444 = DIRECTION ( 'NONE',  ( 0.000000000000000000, 0.000000000000000000, 1.000000000000000000 ) ) ;
#1445 = ORIENTED_EDGE ( 'NONE', *, *, #469, .F. ) ;
#1446 = EDGE_CURVE ( 'NONE', #1276, #725, #1150, .T. ) ;
#1447 = AXIS2_PLACEMENT_3D ( 'NONE', #1333, #744, #1470 ) ;
#1448 = CARTESIAN_POINT ( 'NONE',  ( -120.8780712370534616, 145.9385603892599761, 131.6275971666042608 ) ) ;
#1449 = ORIENTED_EDGE ( 'NONE', *, *, #1550, .F. ) ;
#1450 = AXIS2_PLACEMENT_3D ( 'NONE', #933, #1556, #1569 ) ;
#1451 =( NAMED_UNIT ( * ) PLANE_ANGLE_UNIT ( ) SI_UNIT ( $, .RADIAN. ) );
#1452 = PLANE ( 'NONE',  #665 ) ;
#1453 = DIRECTION ( 'NONE',  ( 0.000000000000000000, 0.000000000000000000, -1.000000000000000000 ) ) ;
#1454 = DIRECTION ( 'NONE',  ( 0.000000000000000000, 0.000000000000000000, 1.000000000000000000 ) ) ;
#1455 = VERTEX_POINT ( 'NONE', #1723 ) ;
#1456 = VECTOR ( 'NONE', #525, 1000.000000000000114 ) ;
#1457 = CYLINDRICAL_SURFACE ( 'NONE', #1318, 3.263899999999986257 ) ;
#1458 = VERTEX_POINT ( 'NONE', #854 ) ;
#1459 = ADVANCED_FACE ( 'NONE', ( #1602 ), #1753, .F. ) ;
#1460 = EDGE_CURVE ( 'NONE', #1171, #1280, #33, .T. ) ;
#1461 = CONICAL_SURFACE ( 'NONE', #1757, 30.99999999999997158, 0.7853981633974463916 ) ;
#1462 = CARTESIAN_POINT ( 'NONE',  ( -142.5049999999999955, 3.700841197825064821, 67.52145518999999751 ) ) ;
#1463 = DIRECTION ( 'NONE',  ( 0.000000000000000000, 0.000000000000000000, 1.000000000000000000 ) ) ;
#1464 = CARTESIAN_POINT ( 'NONE',  ( -131.2049999999999841, 1.624912349303897940, 123.2981451900003833 ) ) ;
#1465 = ORIENTED_EDGE ( 'NONE', *, *, #1106, .T. ) ;
#1466 = VECTOR ( 'NONE', #1589, 1000.000000000000000 ) ;
#1467 = DIRECTION ( 'NONE',  ( 0.000000000000000000, 0.000000000000000000, -1.000000000000000000 ) ) ;
#1468 = ORIENTED_EDGE ( 'NONE', *, *, #618, .F. ) ;
#1469 = AXIS2_PLACEMENT_3D ( 'NONE', #123, #1587, #852 ) ;
#1470 = DIRECTION ( 'NONE',  ( 0.000000000000000000, 0.000000000000000000, -1.000000000000000000 ) ) ;
#1471 = CYLINDRICAL_SURFACE ( 'NONE', #1770, 3.263900000000000023 ) ;
#1472 = CIRCLE ( 'NONE', #1012, 1.000000000000000888 ) ;
#1473 = CARTESIAN_POINT ( 'NONE',  ( -139.7049999999999841, 75.52499999999999147, 102.0214551899999975 ) ) ;
#1474 = VERTEX_POINT ( 'NONE', #1425 ) ;
#1475 = CARTESIAN_POINT ( 'NONE',  ( -110.0050000000000097, 3.700841197825064821, 67.52145518999999751 ) ) ;
#1476 = ORIENTED_EDGE ( 'NONE', *, *, #1024, .T. ) ;
#1477 = CIRCLE ( 'NONE', #313, 15.00000000000000000 ) ;
#1478 = DIRECTION ( 'NONE',  ( 0.7071067811865457964, -0.2988362387301236045, 0.6408563820557886537 ) ) ;
#1479 = VECTOR ( 'NONE', #1512, 1000.000000000000227 ) ;
#1480 = DIRECTION ( 'NONE',  ( -1.000000000000000000, -0.000000000000000000, -0.000000000000000000 ) ) ;
#1481 = LINE ( 'NONE', #1508, #690 ) ;
#1482 = EDGE_CURVE ( 'NONE', #412, #1458, #604, .T. ) ;
#1483 = EDGE_LOOP ( 'NONE', ( #402, #1052 ) ) ;
#1484 = CARTESIAN_POINT ( 'NONE',  ( -131.2049999999999841, 12.03019091127107387, 126.1852777493611200 ) ) ;
#1485 = ORIENTED_EDGE ( 'NONE', *, *, #1270, .T. ) ;
#1486 = AXIS2_PLACEMENT_3D ( 'NONE', #1804, #643, #621 ) ;
#1487 = DIRECTION ( 'NONE',  ( 0.000000000000000000, 0.000000000000000000, -1.000000000000000000 ) ) ;
#1488 = LINE ( 'NONE', #755, #995 ) ;
#1489 = CARTESIAN_POINT ( 'NONE',  ( -118.5049999999999955, 3.700841197825064821, 57.90388900568957098 ) ) ;
#1490 = ORIENTED_EDGE ( 'NONE', *, *, #760, .T. ) ;
#1491 = EDGE_CURVE ( 'NONE', #274, #1023, #698, .T. ) ;
#1492 = DIRECTION ( 'NONE',  ( 1.000000000000000000, -0.000000000000000000, -0.000000000000000000 ) ) ;
#1493 = ORIENTED_EDGE ( 'NONE', *, *, #403, .T. ) ;
#1494 = AXIS2_PLACEMENT_3D ( 'NONE', #225, #795, #1838 ) ;
#1495 = CARTESIAN_POINT ( 'NONE',  ( -129.9192496064666216, 35.62074813249381577, 106.7606847181895802 ) ) ;
#1496 = PLANE ( 'NONE',  #798 ) ;
#1497 = DIRECTION ( 'NONE',  ( 0.000000000000000000, 0.000000000000000000, 1.000000000000000000 ) ) ;
#1498 = DIRECTION ( 'NONE',  ( -0.7071067811865491270, -0.1782065218520698657, 0.6842824238349143329 ) ) ;
#1499 = EDGE_LOOP ( 'NONE', ( #1607, #1769, #1339, #168 ) ) ;
#1500 = CARTESIAN_POINT ( 'NONE',  ( -139.7049999999999841, 150.5250000000000057, 111.4546205183042531 ) ) ;
#1501 = EDGE_CURVE ( 'NONE', #419, #635, #146, .T. ) ;
#1502 = ORIENTED_EDGE ( 'NONE', *, *, #1420, .T. ) ;
#1503 = DIRECTION ( 'NONE',  ( -1.000000000000000000, 0.000000000000000000, 0.000000000000000000 ) ) ;
#1504 = EDGE_CURVE ( 'NONE', #110, #1247, #1001, .T. ) ;
#1505 = VERTEX_POINT ( 'NONE', #1309 ) ;
#1506 = CARTESIAN_POINT ( 'NONE',  ( -139.7049999999999841, 9.454614042075800029, 59.81485559184040568 ) ) ;
#1507 = CARTESIAN_POINT ( 'NONE',  ( -181.2050000000000125, 1.624912349303897496, 120.0342451900004050 ) ) ;
#1508 = CARTESIAN_POINT ( 'NONE',  ( -110.0050000000000097, -3.504856432105461828, 130.1792100296973729 ) ) ;
#1509 = EDGE_LOOP ( 'NONE', ( #802, #229, #675, #855 ) ) ;
#1510 = CARTESIAN_POINT ( 'NONE',  ( -55.81822477298735663, 40.95260538271400463, 102.0839206973000870 ) ) ;
#1511 = ORIENTED_EDGE ( 'NONE', *, *, #1019, .T. ) ;
#1512 = DIRECTION ( 'NONE',  ( 0.000000000000000000, -0.01299942152821343365, 0.9999155039501745890 ) ) ;
#1513 = EDGE_LOOP ( 'NONE', ( #982, #757, #1710, #64 ) ) ;
#1514 = ADVANCED_FACE ( 'NONE', ( #580 ), #1335, .F. ) ;
#1515 = AXIS2_PLACEMENT_3D ( 'NONE', #67, #26, #46 ) ;
#1516 = DIRECTION ( 'NONE',  ( 1.000000000000000000, -0.000000000000000000, -0.000000000000000000 ) ) ;
#1517 = CARTESIAN_POINT ( 'NONE',  ( -115.1234328703231284, 28.56137170773184408, 112.9527180236347306 ) ) ;
#1518 = CARTESIAN_POINT ( 'NONE',  ( -142.5049999999999955, 1.624912349303897496, 116.7703451900004126 ) ) ;
#1519 = VERTEX_POINT ( 'NONE', #980 ) ;
#1520 = CIRCLE ( 'NONE', #1714, 30.99999999999997158 ) ;
#1521 = CARTESIAN_POINT ( 'NONE',  ( -142.5049999999999955, 68.41376061093905037, 77.99675243372347211 ) ) ;
#1522 = ORIENTED_EDGE ( 'NONE', *, *, #911, .F. ) ;
#1523 = DIRECTION ( 'NONE',  ( 0.000000000000000000, 0.000000000000000000, -1.000000000000000000 ) ) ;
#1524 = VERTEX_POINT ( 'NONE', #1880 ) ;
#1525 = CARTESIAN_POINT ( 'NONE',  ( -142.5049999999999955, 2.717343760482673787, 67.51257320853839872 ) ) ;
#1526 = ADVANCED_FACE ( 'NONE', ( #433 ), #730, .T. ) ;
#1527 = DIRECTION ( 'NONE',  ( 1.000000000000000000, -0.000000000000000000, -0.000000000000000000 ) ) ;
#1528 = FACE_OUTER_BOUND ( 'NONE', #603, .T. ) ;
#1529 = VECTOR ( 'NONE', #1018, 1000.000000000000000 ) ;
#1530 = VERTEX_POINT ( 'NONE', #1300 ) ;
#1531 = DIRECTION ( 'NONE',  ( 1.000000000000000000, 0.000000000000000000, 0.000000000000000000 ) ) ;
#1532 = VERTEX_POINT ( 'NONE', #836 ) ;
#1533 = CIRCLE ( 'NONE', #856, 4.000000000000003553 ) ;
#1534 = LINE ( 'NONE', #75, #616 ) ;
#1535 = CARTESIAN_POINT ( 'NONE',  ( -139.7049999999999841, 150.5250000000000057, 121.7691823664868451 ) ) ;
#1536 = CARTESIAN_POINT ( 'NONE',  ( -181.2050000000000125, 1.989098184684026549, 102.5250004077676920 ) ) ;
#1537 = CIRCLE ( 'NONE', #1353, 4.000000000000003553 ) ;
#1538 = DIRECTION ( 'NONE',  ( 0.000000000000000000, 0.000000000000000000, -1.000000000000000000 ) ) ;
#1539 = FACE_OUTER_BOUND ( 'NONE', #1632, .T. ) ;
#1540 = EDGE_CURVE ( 'NONE', #1738, #536, #118, .T. ) ;
#1541 = ORIENTED_EDGE ( 'NONE', *, *, #532, .F. ) ;
#1542 = AXIS2_PLACEMENT_3D ( 'NONE', #1227, #920, #1654 ) ;
#1543 = LINE ( 'NONE', #574, #1442 ) ;
#1544 = ORIENTED_EDGE ( 'NONE', *, *, #543, .F. ) ;
#1545 = CARTESIAN_POINT ( 'NONE',  ( -55.81822477298735663, 13.40949727968555827, 126.2429727788977374 ) ) ;
#1546 = DIRECTION ( 'NONE',  ( 1.000000000000000000, 0.000000000000000000, 0.000000000000000000 ) ) ;
#1547 = AXIS2_PLACEMENT_3D ( 'NONE', #1647, #1480, #906 ) ;
#1548 = LINE ( 'NONE', #946, #149 ) ;
#1549 = ORIENTED_EDGE ( 'NONE', *, *, #705, .F. ) ;
#1550 = EDGE_CURVE ( 'NONE', #573, #110, #628, .T. ) ;
#1551 = VERTEX_POINT ( 'NONE', #701 ) ;
#1552 = VECTOR ( 'NONE', #90, 1000.000000000000000 ) ;
#1553 = CARTESIAN_POINT ( 'NONE',  ( -118.5049999999999955, 2.717343760482673787, 67.51257320853839872 ) ) ;
#1554 = ORIENTED_EDGE ( 'NONE', *, *, #632, .F. ) ;
#1555 = CARTESIAN_POINT ( 'NONE',  ( -131.2049999999999841, 3.700841197825064821, 57.90388900568957098 ) ) ;
#1556 = DIRECTION ( 'NONE',  ( -1.000000000000000000, -0.000000000000000000, -0.000000000000000000 ) ) ;
#1557 =( GEOMETRIC_REPRESENTATION_CONTEXT ( 3 ) GLOBAL_UNCERTAINTY_ASSIGNED_CONTEXT ( ( #1094 ) ) GLOBAL_UNIT_ASSIGNED_CONTEXT ( ( #843, #23, #1148 ) ) REPRESENTATION_CONTEXT ( 'NONE', 'WORKASPACE' ) );
#1558 = CARTESIAN_POINT ( 'NONE',  ( -110.0050000000000097, -3.504856432105461828, 130.1792100296973729 ) ) ;
#1559 = ORIENTED_EDGE ( 'NONE', *, *, #1412, .T. ) ;
#1560 = AXIS2_PLACEMENT_3D ( 'NONE', #1397, #1354, #641 ) ;
#1561 = ORIENTED_EDGE ( 'NONE', *, *, #105, .T. ) ;
#1562 = EDGE_CURVE ( 'NONE', #1634, #1519, #1291, .T. ) ;
#1563 = EDGE_CURVE ( 'NONE', #95, #1437, #593, .T. ) ;
#1564 = LINE ( 'NONE', #111, #378 ) ;
#1565 = ORIENTED_EDGE ( 'NONE', *, *, #1590, .F. ) ;
#1566 = VECTOR ( 'NONE', #351, 1000.000000000000227 ) ;
#1567 = EDGE_CURVE ( 'NONE', #1551, #1023, #47, .T. ) ;
#1568 = DIRECTION ( 'NONE',  ( -1.000000000000000000, 0.000000000000000000, 0.000000000000000000 ) ) ;
#1569 = DIRECTION ( 'NONE',  ( 0.000000000000000000, 0.000000000000000000, -1.000000000000000000 ) ) ;
#1570 = DIRECTION ( 'NONE',  ( 0.000000000000000000, 0.000000000000000000, -1.000000000000000000 ) ) ;
#1571 = VERTEX_POINT ( 'NONE', #191 ) ;
#1572 = VECTOR ( 'NONE', #1877, 1000.000000000000000 ) ;
#1573 = DIRECTION ( 'NONE',  ( 0.000000000000000000, 1.000000000000000000, -0.000000000000000000 ) ) ;
#1574 = EDGE_LOOP ( 'NONE', ( #375, #1727, #1878, #132 ) ) ;
#1575 = LINE ( 'NONE', #838, #1862 ) ;
#1576 = VECTOR ( 'NONE', #488, 1000.000000000000000 ) ;
#1577 = ORIENTED_EDGE ( 'NONE', *, *, #8, .T. ) ;
#1578 = DIRECTION ( 'NONE',  ( 1.000000000000000000, -0.000000000000000000, -0.000000000000000000 ) ) ;
#1579 = EDGE_CURVE ( 'NONE', #683, #363, #1586, .T. ) ;
#1580 = LINE ( 'NONE', #947, #1456 ) ;
#1581 = CARTESIAN_POINT ( 'NONE',  ( -118.5049999999999955, -2.680896237038563168, 126.2649936845082976 ) ) ;
#1582 = AXIS2_PLACEMENT_3D ( 'NONE', #1408, #535, #302 ) ;
#1583 = ORIENTED_EDGE ( 'NONE', *, *, #1501, .F. ) ;
#1584 = DIRECTION ( 'NONE',  ( 0.000000000000000000, 0.000000000000000000, 1.000000000000000000 ) ) ;
#1585 = ORIENTED_EDGE ( 'NONE', *, *, #1881, .T. ) ;
#1586 = CIRCLE ( 'NONE', #57, 4.000000000000003553 ) ;
#1587 = DIRECTION ( 'NONE',  ( 1.000000000000000000, 0.000000000000000000, 0.000000000000000000 ) ) ;
#1588 = DIRECTION ( 'NONE',  ( 0.000000000000000000, -0.02079513344260802699, 0.9997837578322144036 ) ) ;
#1589 = DIRECTION ( 'NONE',  ( 1.000000000000000000, 0.000000000000000000, 0.000000000000000000 ) ) ;
#1590 = EDGE_CURVE ( 'NONE', #851, #265, #1277, .T. ) ;
#1591 = DIRECTION ( 'NONE',  ( 1.000000000000000000, -0.000000000000000000, -0.000000000000000000 ) ) ;
#1592 = DIRECTION ( 'NONE',  ( 1.000000000000000000, 0.000000000000000000, 0.000000000000000000 ) ) ;
#1593 = EDGE_LOOP ( 'NONE', ( #205, #19, #103, #1713 ) ) ;
#1594 = CARTESIAN_POINT ( 'NONE',  ( -96.61509792946577591, 150.5250000000000057, 169.3136288413703596 ) ) ;
#1595 = AXIS2_PLACEMENT_3D ( 'NONE', #1130, #137, #262 ) ;
#1596 = ORIENTED_EDGE ( 'NONE', *, *, #1198, .T. ) ;
#1597 = DIRECTION ( 'NONE',  ( 1.000000000000000000, 0.000000000000000000, 0.000000000000000000 ) ) ;
#1598 = VECTOR ( 'NONE', #73, 1000.000000000000114 ) ;
#1599 = SURFACE_STYLE_FILL_AREA ( #506 ) ;
#1600 = LINE ( 'NONE', #599, #1434 ) ;
#1601 = CARTESIAN_POINT ( 'NONE',  ( -181.2050000000000125, 2.717343760482673787, 67.51257320853839872 ) ) ;
#1602 = FACE_OUTER_BOUND ( 'NONE', #1513, .T. ) ;
#1603 = ORIENTED_EDGE ( 'NONE', *, *, #1871, .T. ) ;
#1604 = EDGE_CURVE ( 'NONE', #498, #1139, #1520, .T. ) ;
#1605 = AXIS2_PLACEMENT_3D ( 'NONE', #1189, #1785, #188 ) ;
#1606 = CARTESIAN_POINT ( 'NONE',  ( -131.2049999999999841, 2.717343760482673787, 64.24867320853840624 ) ) ;
#1607 = ORIENTED_EDGE ( 'NONE', *, *, #115, .F. ) ;
#1608 = AXIS2_PLACEMENT_3D ( 'NONE', #1553, #401, #391 ) ;
#1609 = DIRECTION ( 'NONE',  ( 0.000000000000000000, 0.7517803434846781485, -0.6594136146229158113 ) ) ;
#1610 = DIRECTION ( 'NONE',  ( 1.000000000000000000, -0.000000000000000000, -0.000000000000000000 ) ) ;
#1611 = LINE ( 'NONE', #397, #305 ) ;
#1612 = VERTEX_POINT ( 'NONE', #916 ) ;
#1613 = AXIS2_PLACEMENT_3D ( 'NONE', #1866, #1857, #1117 ) ;
#1614 = DIRECTION ( 'NONE',  ( 1.000000000000000000, 0.000000000000000000, 0.000000000000000000 ) ) ;
#1615 = EDGE_CURVE ( 'NONE', #949, #672, #756, .T. ) ;
#1616 = EDGE_LOOP ( 'NONE', ( #365, #1490, #876, #1203, #994, #1511, #874, #664, #1185, #1756, #1621, #396, #438, #1603, #1030, #1623 ) ) ;
#1617 = CONICAL_SURFACE ( 'NONE', #212, 14.99999999999997158, 0.7853981633974458365 ) ;
#1618 = CARTESIAN_POINT ( 'NONE',  ( -131.2049999999999841, 9.454614042075800029, 59.81485559184040568 ) ) ;
#1619 = DIRECTION ( 'NONE',  ( 0.000000000000000000, 0.000000000000000000, 1.000000000000000000 ) ) ;
#1620 = DIRECTION ( 'NONE',  ( 1.000000000000000000, -0.000000000000000000, -0.000000000000000000 ) ) ;
#1621 = ORIENTED_EDGE ( 'NONE', *, *, #1316, .T. ) ;
#1622 = DIRECTION ( 'NONE',  ( -1.000000000000000000, 0.000000000000000000, 0.000000000000000000 ) ) ;
#1623 = ORIENTED_EDGE ( 'NONE', *, *, #773, .T. ) ;
#1624 = ADVANCED_FACE ( 'NONE', ( #738 ), #1631, .F. ) ;
#1625 = CIRCLE ( 'NONE', #1689, 3.263899999999972490 ) ;
#1626 = EDGE_CURVE ( 'NONE', #1280, #1809, #1481, .T. ) ;
#1627 = DIRECTION ( 'NONE',  ( 0.000000000000000000, 0.9063077870366479383, 0.4226182617407037712 ) ) ;
#1628 = ORIENTED_EDGE ( 'NONE', *, *, #196, .F. ) ;
#1629 = PLANE ( 'NONE',  #1179 ) ;
#1630 = AXIS2_PLACEMENT_3D ( 'NONE', #1003, #1013, #281 ) ;
#1631 = PLANE ( 'NONE',  #120 ) ;
#1632 = EDGE_LOOP ( 'NONE', ( #1255, #1829, #1002, #990 ) ) ;
#1633 = CARTESIAN_POINT ( 'NONE',  ( -139.7049999999999841, 16.15539990020439021, 123.8344426968183001 ) ) ;
#1634 = VERTEX_POINT ( 'NONE', #1788 ) ;
#1635 = CONICAL_SURFACE ( 'NONE', #41, 31.00000000000000000, 0.7853981633974461696 ) ;
#1636 = DIRECTION ( 'NONE',  ( 0.000000000000000000, 0.000000000000000000, 1.000000000000000000 ) ) ;
#1637 = CYLINDRICAL_SURFACE ( 'NONE', #1605, 3.263899999999972490 ) ;
#1638 = EDGE_CURVE ( 'NONE', #1276, #683, #1056, .T. ) ;
#1639 = CIRCLE ( 'NONE', #563, 3.263900000000000023 ) ;
#1640 = DIRECTION ( 'NONE',  ( 0.000000000000000000, 0.04603033493918996105, -0.9989400423776123583 ) ) ;
#1641 = CARTESIAN_POINT ( 'NONE',  ( -110.0050000000000097, 54.14087767517231242, 117.1195275669936535 ) ) ;
#1642 = ORIENTED_EDGE ( 'NONE', *, *, #1626, .T. ) ;
#1643 = CARTESIAN_POINT ( 'NONE',  ( -181.2050000000000125, 2.717343760482673787, 67.51257320853839872 ) ) ;
#1644 = ORIENTED_EDGE ( 'NONE', *, *, #1420, .F. ) ;
#1645 = DIRECTION ( 'NONE',  ( -1.000000000000000000, 0.000000000000000000, 0.000000000000000000 ) ) ;
#1646 = PLANE ( 'NONE',  #1323 ) ;
#1647 = CARTESIAN_POINT ( 'NONE',  ( -139.7049999999999841, 89.16453812248926170, 84.70699786951281851 ) ) ;
#1648 = EDGE_CURVE ( 'NONE', #1286, #1800, #18, .T. ) ;
#1649 = EDGE_CURVE ( 'NONE', #1661, #672, #1680, .T. ) ;
#1650 = DIRECTION ( 'NONE',  ( 0.000000000000000000, 0.000000000000000000, 1.000000000000000000 ) ) ;
#1651 = ORIENTED_EDGE ( 'NONE', *, *, #880, .T. ) ;
#1652 = DIRECTION ( 'NONE',  ( 0.000000000000000000, 0.000000000000000000, 1.000000000000000000 ) ) ;
#1653 = EDGE_LOOP ( 'NONE', ( #1032, #655 ) ) ;
#1654 = DIRECTION ( 'NONE',  ( 0.000000000000000000, 0.000000000000000000, -1.000000000000000000 ) ) ;
#1655 = CARTESIAN_POINT ( 'NONE',  ( -110.0050000000000097, 68.41376061093905037, 77.99675243372347211 ) ) ;
#1656 = DIRECTION ( 'NONE',  ( -1.000000000000000000, 0.000000000000000000, 0.000000000000000000 ) ) ;
#1657 = LINE ( 'NONE', #586, #1059 ) ;
#1658 = ORIENTED_EDGE ( 'NONE', *, *, #808, .F. ) ;
#1659 = DIRECTION ( 'NONE',  ( -1.000000000000000000, -0.000000000000000000, -0.000000000000000000 ) ) ;
#1660 = ADVANCED_FACE ( 'NONE', ( #1192 ), #1211, .T. ) ;
#1661 = VERTEX_POINT ( 'NONE', #1489 ) ;
#1662 = EDGE_CURVE ( 'NONE', #635, #1193, #1336, .T. ) ;
#1663 = DIRECTION ( 'NONE',  ( 0.000000000000000000, 0.000000000000000000, 1.000000000000000000 ) ) ;
#1664 = ORIENTED_EDGE ( 'NONE', *, *, #1423, .T. ) ;
#1665 = DIRECTION ( 'NONE',  ( -1.000000000000000000, 0.000000000000000000, 0.000000000000000000 ) ) ;
#1666 = DIRECTION ( 'NONE',  ( 0.000000000000000000, 0.02079513344260802699, -0.9997837578322144036 ) ) ;
#1667 = CARTESIAN_POINT ( 'NONE',  ( -139.7049999999999841, 23.14635824299315203, 117.7024213551476066 ) ) ;
#1668 = EDGE_LOOP ( 'NONE', ( #1449, #507, #238, #545 ) ) ;
#1669 = DIRECTION ( 'NONE',  ( 1.000000000000000000, 0.000000000000000000, 0.000000000000000000 ) ) ;
#1670 = ORIENTED_EDGE ( 'NONE', *, *, #677, .T. ) ;
#1671 = EDGE_CURVE ( 'NONE', #372, #274, #1184, .T. ) ;
#1672 = EDGE_CURVE ( 'NONE', #1791, #486, #359, .T. ) ;
#1673 = CARTESIAN_POINT ( 'NONE',  ( -128.7049999999999557, 90.85501116945214051, 106.0817667213662361 ) ) ;
#1674 = VERTEX_POINT ( 'NONE', #1065 ) ;
#1675 = AXIS2_PLACEMENT_3D ( 'NONE', #1326, #1000, #1453 ) ;
#1676 = FACE_BOUND ( 'NONE', #1483, .T. ) ;
#1677 = CARTESIAN_POINT ( 'NONE',  ( -139.7049999999999841, 148.2154730469628134, 107.8293893701576565 ) ) ;
#1678 = CARTESIAN_POINT ( 'NONE',  ( -131.2049999999999841, -6.680558252839260192, 126.2129959983954706 ) ) ;
#1679 = ORIENTED_EDGE ( 'NONE', *, *, #1223, .T. ) ;
#1680 = CIRCLE ( 'NONE', #963, 9.617566184310422983 ) ;
#1681 = PRESENTATION_STYLE_ASSIGNMENT (( #1730 ) ) ;
#1682 = ORIENTED_EDGE ( 'NONE', *, *, #817, .F. ) ;
#1683 = CARTESIAN_POINT ( 'NONE',  ( -110.0050000000000097, 148.2154730469628134, 107.8293893701576565 ) ) ;
#1684 = ORIENTED_EDGE ( 'NONE', *, *, #844, .T. ) ;
#1685 = CARTESIAN_POINT ( 'NONE',  ( -118.5049999999999955, -6.680558252839260192, 126.2129959983954706 ) ) ;
#1686 = DIRECTION ( 'NONE',  ( 0.000000000000000000, 0.000000000000000000, 1.000000000000000000 ) ) ;
#1687 = EDGE_CURVE ( 'NONE', #1161, #95, #1657, .T. ) ;
#1688 = LINE ( 'NONE', #814, #930 ) ;
#1689 = AXIS2_PLACEMENT_3D ( 'NONE', #1, #713, #1744 ) ;
#1690 = VERTEX_POINT ( 'NONE', #338 ) ;
#1691 = ORIENTED_EDGE ( 'NONE', *, *, #857, .T. ) ;
#1692 = AXIS2_PLACEMENT_3D ( 'NONE', #1475, #595, #1177 ) ;
#1693 = DIRECTION ( 'NONE',  ( 0.000000000000000000, 0.000000000000000000, 1.000000000000000000 ) ) ;
#1694 = VERTEX_POINT ( 'NONE', #202 ) ;
#1695 = CARTESIAN_POINT ( 'NONE',  ( -110.0050000000000097, 23.14635824299315914, 117.7024213551475924 ) ) ;
#1696 = PLANE ( 'NONE',  #1298 ) ;
#1697 = VECTOR ( 'NONE', #1803, 1000.000000000000114 ) ;
#1698 =( BOUNDED_CURVE ( )  B_SPLINE_CURVE ( 3, ( #1146, #104, #975, #413 ),
 .UNSPECIFIED., .F., .T. ) 
 B_SPLINE_CURVE_WITH_KNOTS ( ( 4, 4 ),
 ( 1.134464013796309567, 2.705260340591206347 ),
 .UNSPECIFIED. ) 
 CURVE ( )  GEOMETRIC_REPRESENTATION_ITEM ( )  RATIONAL_B_SPLINE_CURVE ( ( 1.000000000000000000, 0.8047378541243649375, 0.8047378541243649375, 1.000000000000000000 ) ) 
 REPRESENTATION_ITEM ( '' )  );
#1699 = EDGE_CURVE ( 'NONE', #637, #529, #776, .T. ) ;
#1700 = CARTESIAN_POINT ( 'NONE',  ( -118.5049999999999955, 1.989098184684026549, 102.5250004077676920 ) ) ;
#1701 = CARTESIAN_POINT ( 'NONE',  ( -118.5049999999999955, 1.989098184684026549, 102.5250004077676920 ) ) ;
#1702 = ORIENTED_EDGE ( 'NONE', *, *, #1590, .T. ) ;
#1703 = AXIS2_PLACEMENT_3D ( 'NONE', #753, #1812, #762 ) ;
#1704 = DIRECTION ( 'NONE',  ( 0.000000000000000000, -0.02079513344260803046, 0.9997837578322145147 ) ) ;
#1705 = ORIENTED_EDGE ( 'NONE', *, *, #425, .T. ) ;
#1706 = CARTESIAN_POINT ( 'NONE',  ( -131.2049999999999841, 1.989098184684026549, 102.5250004077676920 ) ) ;
#1707 = DIRECTION ( 'NONE',  ( 0.000000000000000000, 0.000000000000000000, -1.000000000000000000 ) ) ;
#1708 = AXIS2_PLACEMENT_3D ( 'NONE', #236, #807, #1400 ) ;
#1709 = DIRECTION ( 'NONE',  ( 0.000000000000000000, -0.9677214842808724571, -0.2520220801065353733 ) ) ;
#1710 = ORIENTED_EDGE ( 'NONE', *, *, #1504, .T. ) ;
#1711 = EDGE_CURVE ( 'NONE', #1455, #1329, #1688, .T. ) ;
#1712 = EDGE_CURVE ( 'NONE', #372, #1551, #1028, .T. ) ;
#1713 = ORIENTED_EDGE ( 'NONE', *, *, #773, .F. ) ;
#1714 = AXIS2_PLACEMENT_3D ( 'NONE', #1641, #471, #303 ) ;
#1715 = EDGE_CURVE ( 'NONE', #743, #489, #1548, .T. ) ;
#1716 = DIRECTION ( 'NONE',  ( 0.000000000000000000, -0.9997837578322145147, -0.02079513344260802699 ) ) ;
#1717 = ORIENTED_EDGE ( 'NONE', *, *, #1750, .F. ) ;
#1718 = DIRECTION ( 'NONE',  ( 0.000000000000000000, -0.9677214842808725681, -0.2520220801065353733 ) ) ;
#1719 = AXIS2_PLACEMENT_3D ( 'NONE', #1721, #108, #1307 ) ;
#1720 = LINE ( 'NONE', #116, #1142 ) ;
#1721 = CARTESIAN_POINT ( 'NONE',  ( -110.0050000000000097, 3.700841197825064821, 67.52145518999999751 ) ) ;
#1722 = ORIENTED_EDGE ( 'NONE', *, *, #1501, .T. ) ;
#1723 = CARTESIAN_POINT ( 'NONE',  ( -128.7049999999999557, 90.17262644291547247, 105.8361119323893433 ) ) ;
#1724 = VERTEX_POINT ( 'NONE', #1667 ) ;
#1725 = DIRECTION ( 'NONE',  ( -1.000000000000000000, 0.000000000000000000, 0.000000000000000000 ) ) ;
#1726 = EDGE_CURVE ( 'NONE', #1437, #529, #845, .T. ) ;
#1727 = ORIENTED_EDGE ( 'NONE', *, *, #1833, .T. ) ;
#1728 = CIRCLE ( 'NONE', #254, 30.99999999999997158 ) ;
#1729 = CARTESIAN_POINT ( 'NONE',  ( -110.0050000000000097, 90.85501116945208366, 81.08176672136622187 ) ) ;
#1730 = SURFACE_STYLE_USAGE ( .BOTH. , #1279 ) ;
#1731 = DIRECTION ( 'NONE',  ( 1.000000000000000000, 0.000000000000000000, 0.000000000000000000 ) ) ;
#1732 = ORIENTED_EDGE ( 'NONE', *, *, #999, .T. ) ;
#1733 = AXIS2_PLACEMENT_3D ( 'NONE', #1046, #318, #896 ) ;
#1734 = CARTESIAN_POINT ( 'NONE',  ( -128.7049999999999557, 90.85501116945215472, 106.0817667213662361 ) ) ;
#1735 = ORIENTED_EDGE ( 'NONE', *, *, #6, .F. ) ;
#1736 = CARTESIAN_POINT ( 'NONE',  ( -131.2049999999999841, 2.717343760482674231, 70.77647320853840540 ) ) ;
#1737 = VECTOR ( 'NONE', #1132, 1000.000000000000114 ) ;
#1738 = VERTEX_POINT ( 'NONE', #1518 ) ;
#1739 = ADVANCED_FACE ( 'NONE', ( #955 ), #1617, .F. ) ;
#1740 = CARTESIAN_POINT ( 'NONE',  ( -29.96302869831711391, 90.52499999999999147, 80.92787998577402675 ) ) ;
#1741 =( NAMED_UNIT ( * ) SI_UNIT ( $, .STERADIAN. ) SOLID_ANGLE_UNIT ( ) );
#1742 = APPLICATION_PROTOCOL_DEFINITION ( 'draft international standard', 'automotive_design', 1998, #1869 ) ;
#1743 = CARTESIAN_POINT ( 'NONE',  ( -134.3954730469628487, 150.5250000000000057, 127.6275971666042608 ) ) ;
#1744 = DIRECTION ( 'NONE',  ( 0.000000000000000000, 0.000000000000000000, 1.000000000000000000 ) ) ;
#1745 = VERTEX_POINT ( 'NONE', #242 ) ;
#1746 = FACE_OUTER_BOUND ( 'NONE', #1509, .T. ) ;
#1747 = EDGE_LOOP ( 'NONE', ( #565, #1735, #1119, #1077, #552, #1834 ) ) ;
#1748 = CARTESIAN_POINT ( 'NONE',  ( -110.0050000000000097, 2.353220972583350168, 85.01878680815302403 ) ) ;
#1749 = CARTESIAN_POINT ( 'NONE',  ( -128.7049999999999557, 59.18131927730301811, 97.76509788137619239 ) ) ;
#1750 = EDGE_CURVE ( 'NONE', #232, #538, #1093, .T. ) ;
#1751 = FACE_BOUND ( 'NONE', #74, .T. ) ;
#1752 = VECTOR ( 'NONE', #570, 1000.000000000000000 ) ;
#1753 = CYLINDRICAL_SURFACE ( 'NONE', #1102, 3.263899999999986257 ) ;
#1754 = ORIENTED_EDGE ( 'NONE', *, *, #1726, .T. ) ;
#1755 = CARTESIAN_POINT ( 'NONE',  ( -181.2050000000000125, 1.989098184684026549, 102.5250004077676920 ) ) ;
#1756 = ORIENTED_EDGE ( 'NONE', *, *, #1044, .F. ) ;
#1757 = AXIS2_PLACEMENT_3D ( 'NONE', #493, #671, #1253 ) ;
#1758 = LINE ( 'NONE', #431, #1792 ) ;
#1759 = LINE ( 'NONE', #1317, #1273 ) ;
#1760 = EDGE_CURVE ( 'NONE', #1505, #1320, #1305, .T. ) ;
#1761 = DIRECTION ( 'NONE',  ( 1.000000000000000000, -0.000000000000000000, -0.000000000000000000 ) ) ;
#1762 = EDGE_LOOP ( 'NONE', ( #53, #716 ) ) ;
#1763 = DIRECTION ( 'NONE',  ( 1.000000000000000000, -0.000000000000000000, -0.000000000000000000 ) ) ;
#1764 = ORIENTED_EDGE ( 'NONE', *, *, #1295, .F. ) ;
#1765 = CARTESIAN_POINT ( 'NONE',  ( -139.7049999999999841, -6.680558252839259303, 126.2129959983954421 ) ) ;
#1766 = PLANE ( 'NONE',  #624 ) ;
#1767 = CARTESIAN_POINT ( 'NONE',  ( -142.5049999999999955, -2.680896237038563168, 126.2649936845082976 ) ) ;
#1768 = EDGE_CURVE ( 'NONE', #1320, #1800, #58, .T. ) ;
#1769 = ORIENTED_EDGE ( 'NONE', *, *, #831, .F. ) ;
#1770 = AXIS2_PLACEMENT_3D ( 'NONE', #1601, #853, #1443 ) ;
#1771 = CARTESIAN_POINT ( 'NONE',  ( -128.8319287629465748, 145.9385603892599761, 131.6275971666042608 ) ) ;
#1772 = ORIENTED_EDGE ( 'NONE', *, *, #831, .T. ) ;
#1773 = EDGE_CURVE ( 'NONE', #1312, #483, #1407, .T. ) ;
#1774 = PRODUCT_DEFINITION_CONTEXT ( 'detailed design', #1869, 'design' ) ;
#1775 = VECTOR ( 'NONE', #1779, 1000.000000000000000 ) ;
#1776 = DIRECTION ( 'NONE',  ( -1.000000000000000000, -0.000000000000000000, -0.000000000000000000 ) ) ;
#1777 = ORIENTED_EDGE ( 'NONE', *, *, #1364, .T. ) ;
#1778 = FACE_BOUND ( 'NONE', #1653, .T. ) ;
#1779 = DIRECTION ( 'NONE',  ( 1.000000000000000000, 0.000000000000000000, 0.000000000000000000 ) ) ;
#1780 = ORIENTED_EDGE ( 'NONE', *, *, #309, .T. ) ;
#1781 = LINE ( 'NONE', #1594, #1226 ) ;
#1782 = ORIENTED_EDGE ( 'NONE', *, *, #1219, .T. ) ;
#1783 = ADVANCED_FACE ( 'NONE', ( #633 ), #1461, .F. ) ;
#1784 = AXIS2_PLACEMENT_3D ( 'NONE', #1748, #841, #1431 ) ;
#1785 = DIRECTION ( 'NONE',  ( 1.000000000000000000, 0.000000000000000000, 0.000000000000000000 ) ) ;
#1786 = CARTESIAN_POINT ( 'NONE',  ( -175.9499987404327328, 14.72350603000970004, 60.93961737530270284 ) ) ;
#1787 = CIRCLE ( 'NONE', #763, 9.617566184310422983 ) ;
#1788 = CARTESIAN_POINT ( 'NONE',  ( -110.0050000000000097, 9.201224378581178698, 129.9342005013121764 ) ) ;
#1789 = VERTEX_POINT ( 'NONE', #1847 ) ;
#1790 = FACE_OUTER_BOUND ( 'NONE', #1265, .T. ) ;
#1791 = VERTEX_POINT ( 'NONE', #1378 ) ;
#1792 = VECTOR ( 'NONE', #1609, 1000.000000000000000 ) ;
#1793 = FACE_OUTER_BOUND ( 'NONE', #350, .T. ) ;
#1794 = ADVANCED_FACE ( 'NONE', ( #1528 ), #1263, .F. ) ;
#1795 = DIRECTION ( 'NONE',  ( 1.000000000000000000, -0.000000000000000000, -0.000000000000000000 ) ) ;
#1796 = CARTESIAN_POINT ( 'NONE',  ( -116.2896319844823125, 29.96660004521945098, 111.7201416395566866 ) ) ;
#1797 = DIRECTION ( 'NONE',  ( 1.000000000000000000, -0.000000000000000000, -0.000000000000000000 ) ) ;
#1798 = ORIENTED_EDGE ( 'NONE', *, *, #1626, .F. ) ;
#1799 = DIRECTION ( 'NONE',  ( 0.000000000000000000, -0.01299942152821343712, 0.9999155039501745890 ) ) ;
#1800 = VERTEX_POINT ( 'NONE', #1220 ) ;
#1801 = AXIS2_PLACEMENT_3D ( 'NONE', #871, #1889, #1463 ) ;
#1802 = CARTESIAN_POINT ( 'NONE',  ( -133.4130457901880504, 29.97611540863661261, 111.7117953716079057 ) ) ;
#1803 = DIRECTION ( 'NONE',  ( 0.000000000000000000, -0.04603033493918996105, 0.9989400423776123583 ) ) ;
#1804 = CARTESIAN_POINT ( 'NONE',  ( -181.2050000000000125, 2.353220972583350168, 85.01878680815302403 ) ) ;
#1805 = AXIS2_PLACEMENT_3D ( 'NONE', #544, #1573, #1890 ) ;
#1806 = EDGE_CURVE ( 'NONE', #85, #142, #62, .T. ) ;
#1807 = CARTESIAN_POINT ( 'NONE',  ( -158.5280715342438498, 12.28784703058827432, 113.7977446801280479 ) ) ;
#1808 = EDGE_CURVE ( 'NONE', #1532, #1694, #1243, .T. ) ;
#1809 = VERTEX_POINT ( 'NONE', #1558 ) ;
#1810 = ORIENTED_EDGE ( 'NONE', *, *, #1219, .F. ) ;
#1811 = PRODUCT_DEFINITION_FORMATION_WITH_SPECIFIED_SOURCE ( 'ANY', '', #1850, .NOT_KNOWN. ) ;
#1812 = DIRECTION ( 'NONE',  ( 1.000000000000000000, -0.000000000000000000, -0.000000000000000000 ) ) ;
#1813 = ORIENTED_EDGE ( 'NONE', *, *, #1768, .F. ) ;
#1814 = UNCERTAINTY_MEASURE_WITH_UNIT (LENGTH_MEASURE( 1.000000000000000082E-05 ), #833, 'distance_accuracy_value', 'NONE');
#1815 = AXIS2_PLACEMENT_3D ( 'NONE', #1706, #709, #560 ) ;
#1816 = CARTESIAN_POINT ( 'NONE',  ( -181.2050000000000125, 2.353220972583350612, 88.28268680815301650 ) ) ;
#1817 = CARTESIAN_POINT ( 'NONE',  ( -29.96302869831711391, 90.85501116945214051, 106.0817667213662361 ) ) ;
#1818 = CARTESIAN_POINT ( 'NONE',  ( -139.7049999999999841, 2.317225707232374532, 102.5214551899999975 ) ) ;
#1819 = ORIENTED_EDGE ( 'NONE', *, *, #1009, .T. ) ;
#1820 = ADVANCED_FACE ( 'NONE', ( #251 ), #1368, .T. ) ;
#1821 = VECTOR ( 'NONE', #1040, 1000.000000000000000 ) ;
#1822 = ORIENTED_EDGE ( 'NONE', *, *, #1165, .T. ) ;
#1823 = CARTESIAN_POINT ( 'NONE',  ( -139.7049999999999841, -3.504856432105461828, 130.1792100296973729 ) ) ;
#1824 = VECTOR ( 'NONE', #376, 999.9999999999998863 ) ;
#1825 = CARTESIAN_POINT ( 'NONE',  ( -142.5049999999999955, -5.915912340133840708, 67.39643239309469891 ) ) ;
#1826 = DIRECTION ( 'NONE',  ( 0.000000000000000000, 0.000000000000000000, 1.000000000000000000 ) ) ;
#1827 = VECTOR ( 'NONE', #86, 1000.000000000000000 ) ;
#1828 = DIRECTION ( 'NONE',  ( 0.000000000000000000, 0.02079513344260803739, -0.9997837578322144036 ) ) ;
#1829 = ORIENTED_EDGE ( 'NONE', *, *, #1304, .F. ) ;
#1830 = LINE ( 'NONE', #636, #1821 ) ;
#1831 = ORIENTED_EDGE ( 'NONE', *, *, #288, .T. ) ;
#1832 = LINE ( 'NONE', #617, #741 ) ;
#1833 = EDGE_CURVE ( 'NONE', #1612, #1380, #644, .T. ) ;
#1834 = ORIENTED_EDGE ( 'NONE', *, *, #342, .F. ) ;
#1835 = VECTOR ( 'NONE', #923, 1000.000000000000114 ) ;
#1836 = LINE ( 'NONE', #1545, #165 ) ;
#1837 = CARTESIAN_POINT ( 'NONE',  ( -117.4381381928840682, 150.5250000000000057, 129.9707429171118918 ) ) ;
#1838 = DIRECTION ( 'NONE',  ( 0.000000000000000000, 0.000000000000000000, -1.000000000000000000 ) ) ;
#1839 = ORIENTED_EDGE ( 'NONE', *, *, #1391, .F. ) ;
#1840 = VECTOR ( 'NONE', #1899, 1000.000000000000000 ) ;
#1841 = DIRECTION ( 'NONE',  ( -1.000000000000000000, 0.000000000000000000, 0.000000000000000000 ) ) ;
#1842 = VERTEX_POINT ( 'NONE', #1678 ) ;
#1843 = CARTESIAN_POINT ( 'NONE',  ( -128.7049999999999557, 75.52499999999999147, 102.0214551899999975 ) ) ;
#1844 = EDGE_CURVE ( 'NONE', #826, #1842, #182, .T. ) ;
#1845 = CARTESIAN_POINT ( 'NONE',  ( -131.2049999999999841, 14.71224090861394984, 61.18409052239854873 ) ) ;
#1846 = CARTESIAN_POINT ( 'NONE',  ( -118.5049999999999955, 2.353220972583350168, 81.75488680815304576 ) ) ;
#1847 = CARTESIAN_POINT ( 'NONE',  ( -142.5049999999999955, 1.624912349303897940, 123.2981451900003833 ) ) ;
#1848 = AXIS2_PLACEMENT_3D ( 'NONE', #539, #1568, #258 ) ;
#1849 = EDGE_LOOP ( 'NONE', ( #825, #300, #1561, #587 ) ) ;
#1850 = PRODUCT ( 'TallStopper', 'TallStopper', '', ( #1414 ) ) ;
#1851 = ORIENTED_EDGE ( 'NONE', *, *, #1340, .F. ) ;
#1852 = CIRCLE ( 'NONE', #526, 14.99999999999997158 ) ;
#1853 = CARTESIAN_POINT ( 'NONE',  ( -128.7049999999999557, 144.8345269530371695, 131.2528283147508716 ) ) ;
#1854 = ORIENTED_EDGE ( 'NONE', *, *, #1750, .T. ) ;
#1855 = CARTESIAN_POINT ( 'NONE',  ( -110.0050000000000097, 2.317225707232374532, 102.5214551899999975 ) ) ;
#1856 = ADVANCED_FACE ( 'NONE', ( #1007 ), #1452, .T. ) ;
#1857 = DIRECTION ( 'NONE',  ( 1.000000000000000000, 0.000000000000000000, 0.000000000000000000 ) ) ;
#1858 =( GEOMETRIC_REPRESENTATION_CONTEXT ( 3 ) GLOBAL_UNCERTAINTY_ASSIGNED_CONTEXT ( ( #1814 ) ) GLOBAL_UNIT_ASSIGNED_CONTEXT ( ( #833, #1451, #1741 ) ) REPRESENTATION_CONTEXT ( 'NONE', 'WORKASPACE' ) );
#1859 = DIRECTION ( 'NONE',  ( 0.000000000000000000, 0.000000000000000000, -1.000000000000000000 ) ) ;
#1860 = EDGE_LOOP ( 'NONE', ( #316, #846, #887, #28 ) ) ;
#1861 = ORIENTED_EDGE ( 'NONE', *, *, #1283, .T. ) ;
#1862 = VECTOR ( 'NONE', #1428, 1000.000000000000114 ) ;
#1863 = DIRECTION ( 'NONE',  ( -1.000000000000000000, 0.000000000000000000, 0.000000000000000000 ) ) ;
#1864 = EDGE_LOOP ( 'NONE', ( #371, #1782 ) ) ;
#1865 = DIRECTION ( 'NONE',  ( 0.000000000000000000, 0.000000000000000000, -1.000000000000000000 ) ) ;
#1866 = CARTESIAN_POINT ( 'NONE',  ( -131.2049999999999841, 2.317225707232374532, 102.5214551899999975 ) ) ;
#1867 = CIRCLE ( 'NONE', #415, 3.263899999999986257 ) ;
#1868 = LINE ( 'NONE', #998, #1466 ) ;
#1869 = APPLICATION_CONTEXT ( 'automotive_design' ) ;
#1870 = LINE ( 'NONE', #379, #1426 ) ;
#1871 = EDGE_CURVE ( 'NONE', #226, #500, #1897, .T. ) ;
#1872 = ORIENTED_EDGE ( 'NONE', *, *, #844, .F. ) ;
#1873 = AXIS2_PLACEMENT_3D ( 'NONE', #1700, #514, #1098 ) ;
#1874 = CARTESIAN_POINT ( 'NONE',  ( -139.7049999999999841, 23.14635824299315203, 117.7024213551476066 ) ) ;
#1875 = ORIENTED_EDGE ( 'NONE', *, *, #543, .T. ) ;
#1876 = DIRECTION ( 'NONE',  ( 1.000000000000000000, -0.000000000000000000, -0.000000000000000000 ) ) ;
#1877 = DIRECTION ( 'NONE',  ( -1.000000000000000000, 0.000000000000000000, 0.000000000000000000 ) ) ;
#1878 = ORIENTED_EDGE ( 'NONE', *, *, #209, .T. ) ;
#1879 = VECTOR ( 'NONE', #155, 1000.000000000000114 ) ;
#1880 = CARTESIAN_POINT ( 'NONE',  ( -142.5049999999999955, 9.454614042075814240, 59.81485559184038436 ) ) ;
#1881 = EDGE_CURVE ( 'NONE', #119, #1530, #329, .T. ) ;
#1882 = ORIENTED_EDGE ( 'NONE', *, *, #1340, .T. ) ;
#1883 = EDGE_CURVE ( 'NONE', #573, #70, #1600, .T. ) ;
#1884 = DIRECTION ( 'NONE',  ( 0.000000000000000000, 0.9999155039501747000, 0.01299942152821343885 ) ) ;
#1885 = EDGE_LOOP ( 'NONE', ( #1861, #256 ) ) ;
#1886 = CIRCLE ( 'NONE', #733, 3.263899999999972490 ) ;
#1887 = PLANE ( 'NONE',  #972 ) ;
#1888 = LINE ( 'NONE', #1749, #286 ) ;
#1889 = DIRECTION ( 'NONE',  ( -1.000000000000000000, 0.000000000000000000, 0.000000000000000000 ) ) ;
#1890 = DIRECTION ( 'NONE',  ( 0.000000000000000000, 0.000000000000000000, 1.000000000000000000 ) ) ;
#1891 = ORIENTED_EDGE ( 'NONE', *, *, #509, .T. ) ;
#1892 = LINE ( 'NONE', #875, #1071 ) ;
#1893 = ORIENTED_EDGE ( 'NONE', *, *, #971, .T. ) ;
#1894 = EDGE_CURVE ( 'NONE', #917, #575, #1868, .T. ) ;
#1895 = CARTESIAN_POINT ( 'NONE',  ( -121.0050000000000239, 54.14087767517231242, 117.1195275669936535 ) ) ;
#1896 = LINE ( 'NONE', #989, #1572 ) ;
#1897 = LINE ( 'NONE', #689, #1752 ) ;
#1898 = DIRECTION ( 'NONE',  ( -1.000000000000000000, 0.000000000000000000, 0.000000000000000000 ) ) ;
#1899 = DIRECTION ( 'NONE',  ( 1.000000000000000000, 0.000000000000000000, 0.000000000000000000 ) ) ;
#1900 = ORIENTED_EDGE ( 'NONE', *, *, #1460, .F. ) ;
#1901 = LINE ( 'NONE', #850, #943 ) ;
#1902 = EDGE_LOOP ( 'NONE', ( #1382, #1058, #333, #1445 ) ) ;
#1903 = EDGE_CURVE ( 'NONE', #483, #226, #1406, .T. ) ;
#1904 = CARTESIAN_POINT ( 'NONE',  ( -110.0050000000000097, -2.680896237038563168, 126.2649936845082976 ) ) ;
#1905 = FACE_BOUND ( 'NONE', #937, .T. ) ;
ENDSEC;
END-ISO-10303-21;
