ISO-10303-21;
HEADER;
FILE_DESCRIPTION (( 'STEP AP214' ),
    '1' );
FILE_NAME ('V4 Fork TPU MIRROR FOR LEFT SIDE.STEP',
    '2026-05-20T06:28:45',
    ( '' ),
    ( '' ),
    'SwSTEP 2.0',
    'SolidWorks 2024',
    '' );
FILE_SCHEMA (( 'AUTOMOTIVE_DESIGN' ));
ENDSEC;

DATA;
#1 = LINE ( 'NONE', #5517, #1515 ) ;
#2 = EDGE_CURVE ( 'NONE', #420, #4113, #6337, .T. ) ;
#3 = EDGE_CURVE ( 'NONE', #2139, #903, #1339, .T. ) ;
#4 = AXIS2_PLACEMENT_3D ( 'NONE', #249, #5084, #282 ) ;
#5 = ORIENTED_EDGE ( 'NONE', *, *, #3574, .F. ) ;
#6 = VERTEX_POINT ( 'NONE', #787 ) ;
#7 = DIRECTION ( 'NONE',  ( 0.000000000000000000, -1.000000000000000000, 0.000000000000000000 ) ) ;
#8 = VERTEX_POINT ( 'NONE', #2325 ) ;
#9 = CARTESIAN_POINT ( 'NONE',  ( -83.24999999999998579, 36.51499999999999346, -45.78104481000000447 ) ) ;
#10 = DIRECTION ( 'NONE',  ( 0.000000000000000000, 0.000000000000000000, -1.000000000000000000 ) ) ;
#11 = LINE ( 'NONE', #3582, #5651 ) ;
#12 = AXIS2_PLACEMENT_3D ( 'NONE', #6347, #897, #3338 ) ;
#13 = CARTESIAN_POINT ( 'NONE',  ( -108.2850000000000392, 10.16250000000252918, -52.23104480999999311 ) ) ;
#14 = DIRECTION ( 'NONE',  ( 1.000000000000000000, 0.000000000000000000, 0.000000000000000000 ) ) ;
#15 = ORIENTED_EDGE ( 'NONE', *, *, #1372, .F. ) ;
#16 = VERTEX_POINT ( 'NONE', #1273 ) ;
#17 = DIRECTION ( 'NONE',  ( -1.000000000000000000, 0.000000000000000000, 0.000000000000000000 ) ) ;
#18 = DIRECTION ( 'NONE',  ( 1.000000000000000000, 0.000000000000000000, 6.427877632151207979E-16 ) ) ;
#19 = FACE_OUTER_BOUND ( 'NONE', #6014, .T. ) ;
#20 = EDGE_CURVE ( 'NONE', #4835, #3038, #6308, .T. ) ;
#21 = AXIS2_PLACEMENT_3D ( 'NONE', #3630, #1612, #1147 ) ;
#22 = ORIENTED_EDGE ( 'NONE', *, *, #2095, .F. ) ;
#23 = ORIENTED_EDGE ( 'NONE', *, *, #1561, .T. ) ;
#24 = CARTESIAN_POINT ( 'NONE',  ( -164.9900000000000091, 18.22984139532879766, -61.46854480999999737 ) ) ;
#25 = CARTESIAN_POINT ( 'NONE',  ( -70.25000000000000000, 36.51499999999998636, -48.31636328254618462 ) ) ;
#26 = CIRCLE ( 'NONE', #2616, 5.199221067670991125 ) ;
#27 = ORIENTED_EDGE ( 'NONE', *, *, #4165, .T. ) ;
#28 = CARTESIAN_POINT ( 'NONE',  ( -114.0000000000000000, 11.00000000000000000, -4.841044810000000531 ) ) ;
#29 = CONICAL_SURFACE ( 'NONE', #5733, 4.912500000000000533, 0.7853981633974405074 ) ;
#30 = DIRECTION ( 'NONE',  ( 1.000000000000000000, 0.000000000000000000, 0.000000000000000000 ) ) ;
#31 = CARTESIAN_POINT ( 'NONE',  ( -113.2899764350194260, 52.30972641597546158, -32.91615726479885495 ) ) ;
#32 = CARTESIAN_POINT ( 'NONE',  ( -159.9899999999999807, 36.51499999999999346, -40.86854481000000305 ) ) ;
#33 = CIRCLE ( 'NONE', #3365, 5.662500000000014744 ) ;
#34 = ORIENTED_EDGE ( 'NONE', *, *, #3696, .F. ) ;
#35 = VERTEX_POINT ( 'NONE', #4721 ) ;
#36 = EDGE_CURVE ( 'NONE', #417, #3828, #1034, .T. ) ;
#37 = CARTESIAN_POINT ( 'NONE',  ( -108.2850000000000392, 10.16250000000252918, -52.23104480999999311 ) ) ;
#38 = EDGE_CURVE ( 'NONE', #6057, #226, #1374, .T. ) ;
#39 = ORIENTED_EDGE ( 'NONE', *, *, #5438, .F. ) ;
#40 = CYLINDRICAL_SURFACE ( 'NONE', #4914, 4.912500000000000533 ) ;
#41 = FACE_OUTER_BOUND ( 'NONE', #3847, .T. ) ;
#42 = VECTOR ( 'NONE', #789, 1000.000000000000000 ) ;
#43 = DIRECTION ( 'NONE',  ( 1.000000000000000000, -0.000000000000000000, 0.000000000000000000 ) ) ;
#44 = FACE_BOUND ( 'NONE', #5458, .T. ) ;
#45 =( BOUNDED_CURVE ( )  B_SPLINE_CURVE ( 3, ( #3388, #4355, #3907, #4846 ),
 .UNSPECIFIED., .F., .T. ) 
 B_SPLINE_CURVE_WITH_KNOTS ( ( 4, 4 ),
 ( 0.1636799894597048277, 0.7944512366104850010 ),
 .UNSPECIFIED. ) 
 CURVE ( )  GEOMETRIC_REPRESENTATION_ITEM ( )  RATIONAL_B_SPLINE_CURVE ( ( 1.000000000000000000, 0.9671178904582135027, 0.9671178904582135027, 1.000000000000000000 ) ) 
 REPRESENTATION_ITEM ( '' )  );
#46 = CIRCLE ( 'NONE', #2341, 3.000000000000002665 ) ;
#47 = ORIENTED_EDGE ( 'NONE', *, *, #997, .F. ) ;
#48 = ORIENTED_EDGE ( 'NONE', *, *, #2252, .T. ) ;
#49 = DIRECTION ( 'NONE',  ( 1.000000000000000000, -0.000000000000000000, -0.000000000000000000 ) ) ;
#50 = LINE ( 'NONE', #1047, #2920 ) ;
#51 = CARTESIAN_POINT ( 'NONE',  ( -128.2199999999999704, 36.51499999999999346, -46.53104481000002579 ) ) ;
#52 = AXIS2_PLACEMENT_3D ( 'NONE', #4836, #3735, #3769 ) ;
#53 = ORIENTED_EDGE ( 'NONE', *, *, #6269, .T. ) ;
#54 = ADVANCED_FACE ( 'NONE', ( #1406 ), #4816, .F. ) ;
#55 = ORIENTED_EDGE ( 'NONE', *, *, #3162, .F. ) ;
#56 = DIRECTION ( 'NONE',  ( -1.000000000000000000, 0.000000000000000000, 0.000000000000000000 ) ) ;
#57 = DIRECTION ( 'NONE',  ( 0.000000000000000000, -1.000000000000000000, 0.000000000000000000 ) ) ;
#58 = EDGE_CURVE ( 'NONE', #299, #2473, #5208, .T. ) ;
#59 = VECTOR ( 'NONE', #3965, 1000.000000000000227 ) ;
#60 = ORIENTED_EDGE ( 'NONE', *, *, #4234, .F. ) ;
#61 = FACE_OUTER_BOUND ( 'NONE', #3050, .T. ) ;
#62 = CARTESIAN_POINT ( 'NONE',  ( -132.9056362101498507, 1.003379200504158162E-16, -34.74811518587787873 ) ) ;
#63 = CARTESIAN_POINT ( 'NONE',  ( -114.0000000000000000, 23.98696133190903268, 21.32107122362669571 ) ) ;
#64 = CARTESIAN_POINT ( 'NONE',  ( -108.3481117593051692, 52.56765894952388152, -40.72460237342138356 ) ) ;
#65 = EDGE_CURVE ( 'NONE', #1572, #644, #3514, .T. ) ;
#66 = VERTEX_POINT ( 'NONE', #916 ) ;
#67 = ORIENTED_EDGE ( 'NONE', *, *, #1893, .F. ) ;
#68 = CARTESIAN_POINT ( 'NONE',  ( -158.9899999999998954, 22.07999999999999829, 22.36145518999998671 ) ) ;
#69 = ORIENTED_EDGE ( 'NONE', *, *, #5015, .F. ) ;
#70 = DIRECTION ( 'NONE',  ( 0.000000000000000000, -1.000000000000000000, 0.000000000000000000 ) ) ;
#71 = FACE_OUTER_BOUND ( 'NONE', #4313, .T. ) ;
#72 = CARTESIAN_POINT ( 'NONE',  ( -104.4566971537378777, 50.45134779713349360, -49.88087203357972044 ) ) ;
#73 = FACE_OUTER_BOUND ( 'NONE', #5479, .T. ) ;
#74 = EDGE_CURVE ( 'NONE', #5399, #214, #2421, .T. ) ;
#75 = EDGE_CURVE ( 'NONE', #4819, #1093, #1464, .T. ) ;
#76 = ORIENTED_EDGE ( 'NONE', *, *, #1982, .T. ) ;
#77 = ORIENTED_EDGE ( 'NONE', *, *, #2794, .F. ) ;
#78 = LINE ( 'NONE', #3591, #1387 ) ;
#79 = CARTESIAN_POINT ( 'NONE',  ( -162.6407430120163440, 51.96418031886327782, -45.23104481000287791 ) ) ;
#80 = CARTESIAN_POINT ( 'NONE',  ( -108.2850000000000392, 10.16250000000252918, -52.23104480999999311 ) ) ;
#81 = EDGE_CURVE ( 'NONE', #3902, #4968, #4910, .T. ) ;
#82 = AXIS2_PLACEMENT_3D ( 'NONE', #4087, #1119, #425 ) ;
#83 = ORIENTED_EDGE ( 'NONE', *, *, #884, .F. ) ;
#84 = EDGE_LOOP ( 'NONE', ( #4489, #4759, #3138, #179 ) ) ;
#85 = CARTESIAN_POINT ( 'NONE',  ( -129.2399999999999807, 11.00000000000000000, 1.071455189999986901 ) ) ;
#86 = CARTESIAN_POINT ( 'NONE',  ( -155.7105728809890763, 7.216403430905559802, -56.23104481000000021 ) ) ;
#87 = DIRECTION ( 'NONE',  ( 0.000000000000000000, 3.623650399333143762E-18, -1.000000000000000000 ) ) ;
#88 = ORIENTED_EDGE ( 'NONE', *, *, #928, .F. ) ;
#89 = CARTESIAN_POINT ( 'NONE',  ( -114.0000000000000000, -15.00000000000000000, 17.01667390910194655 ) ) ;
#90 = CARTESIAN_POINT ( 'NONE',  ( -113.4607931559448701, 14.88887487192723036, -53.93771287695719963 ) ) ;
#91 = CARTESIAN_POINT ( 'NONE',  ( -114.8113720165046203, 10.16250000000252918, -52.23104480999999311 ) ) ;
#92 = ORIENTED_EDGE ( 'NONE', *, *, #1730, .F. ) ;
#93 = EDGE_CURVE ( 'NONE', #5705, #5539, #6035, .T. ) ;
#94 = CARTESIAN_POINT ( 'NONE',  ( -111.1674612229020909, 41.27750000000251163, -56.23104481000000021 ) ) ;
#95 = VERTEX_POINT ( 'NONE', #487 ) ;
#96 = CARTESIAN_POINT ( 'NONE',  ( -83.25000000000000000, 36.51499999999999346, -46.78104480999999026 ) ) ;
#97 = FACE_OUTER_BOUND ( 'NONE', #5000, .T. ) ;
#98 = CARTESIAN_POINT ( 'NONE',  ( -113.4607931559448701, 35.91612512807778046, -53.93771287695718541 ) ) ;
#99 = DIRECTION ( 'NONE',  ( 6.427877632151207979E-16, 0.000000000000000000, -1.000000000000000000 ) ) ;
#100 = AXIS2_PLACEMENT_3D ( 'NONE', #6192, #4740, #4802 ) ;
#101 = ORIENTED_EDGE ( 'NONE', *, *, #6220, .T. ) ;
#102 = EDGE_LOOP ( 'NONE', ( #6013, #900, #4440, #5159 ) ) ;
#103 = AXIS2_PLACEMENT_3D ( 'NONE', #5960, #4555, #2985 ) ;
#104 = CARTESIAN_POINT ( 'NONE',  ( -167.9900000000000091, 0.000000000000000000, -53.56854480999999879 ) ) ;
#105 = CYLINDRICAL_SURFACE ( 'NONE', #3747, 3.325000000000022382 ) ;
#106 = CYLINDRICAL_SURFACE ( 'NONE', #6023, 5.199221067670991125 ) ;
#107 = VERTEX_POINT ( 'NONE', #3450 ) ;
#108 = ORIENTED_EDGE ( 'NONE', *, *, #4564, .F. ) ;
#109 = EDGE_CURVE ( 'NONE', #6022, #5599, #4582, .T. ) ;
#110 = ORIENTED_EDGE ( 'NONE', *, *, #1505, .F. ) ;
#111 = EDGE_CURVE ( 'NONE', #488, #4705, #3551, .T. ) ;
#112 = DIRECTION ( 'NONE',  ( -1.000000000000000000, 0.000000000000000000, 0.000000000000000000 ) ) ;
#113 = CARTESIAN_POINT ( 'NONE',  ( -158.6750000000000398, 18.16484582764473998, -61.46854480999999737 ) ) ;
#114 = CARTESIAN_POINT ( 'NONE',  ( -114.0000000000000000, -2.213114754098358894, -7.031852683641989898 ) ) ;
#115 = CIRCLE ( 'NONE', #1472, 6.526372016504591755 ) ;
#116 = VERTEX_POINT ( 'NONE', #2049 ) ;
#117 = DIRECTION ( 'NONE',  ( 1.000000000000000000, -0.000000000000000000, 0.000000000000000000 ) ) ;
#118 = CARTESIAN_POINT ( 'NONE',  ( -100.9000000000000625, 41.27750000000251163, -58.16854481000000021 ) ) ;
#119 = DIRECTION ( 'NONE',  ( -5.123939793633151980E-16, 0.000000000000000000, -1.000000000000000000 ) ) ;
#120 = AXIS2_PLACEMENT_3D ( 'NONE', #4079, #1048, #2612 ) ;
#121 = ORIENTED_EDGE ( 'NONE', *, *, #4114, .F. ) ;
#122 = DIRECTION ( 'NONE',  ( 0.000000000000000000, 1.000000000000000000, 0.000000000000000000 ) ) ;
#123 = CARTESIAN_POINT ( 'NONE',  ( -108.2850000000000392, 40.64250000000248519, -52.23104480999999311 ) ) ;
#124 = DIRECTION ( 'NONE',  ( 0.7071067811865503483, 0.000000000000000000, -0.7071067811865446862 ) ) ;
#125 = LINE ( 'NONE', #5685, #5446 ) ;
#126 = CARTESIAN_POINT ( 'NONE',  ( -154.8305633438184259, 10.16250000000252918, -56.23104481000000021 ) ) ;
#127 = AXIS2_PLACEMENT_3D ( 'NONE', #2491, #5959, #1046 ) ;
#128 = EDGE_CURVE ( 'NONE', #5139, #2480, #2545, .T. ) ;
#129 = B_SPLINE_CURVE_WITH_KNOTS ( 'NONE', 3,
 ( #614, #79, #3524, #3077, #3465, #2583, #1601, #1537 ),
 .UNSPECIFIED., .F., .F.,
 ( 4, 2, 2, 4 ),
 ( 0.000000000000000000, 0.003333105049725918530, 0.004999657574588916610, 0.006666210099451914256 ),
 .UNSPECIFIED. ) ;
#130 = ORIENTED_EDGE ( 'NONE', *, *, #2145, .T. ) ;
#131 = ORIENTED_EDGE ( 'NONE', *, *, #5549, .F. ) ;
#132 = CIRCLE ( 'NONE', #3369, 6.526372016504591755 ) ;
#133 = VERTEX_POINT ( 'NONE', #4392 ) ;
#134 = DIRECTION ( 'NONE',  ( -1.000000000000000000, 0.000000000000000000, 0.000000000000000000 ) ) ;
#135 = CARTESIAN_POINT ( 'NONE',  ( -167.9900000000000091, 11.00000000000000000, -6.928544810000015097 ) ) ;
#136 = CARTESIAN_POINT ( 'NONE',  ( -155.7105728809890763, 7.216403430905560690, -54.16854481000000021 ) ) ;
#137 = ADVANCED_FACE ( 'NONE', ( #2482 ), #5520, .F. ) ;
#138 = CIRCLE ( 'NONE', #976, 162.3849632677970476 ) ;
#139 = ORIENTED_EDGE ( 'NONE', *, *, #2544, .F. ) ;
#140 = DIRECTION ( 'NONE',  ( 0.000000000000000000, 0.000000000000000000, 1.000000000000000000 ) ) ;
#141 = EDGE_LOOP ( 'NONE', ( #234, #3463, #4943, #6114, #210, #2856 ) ) ;
#142 = EDGE_LOOP ( 'NONE', ( #1806, #4221, #34, #4733, #4594 ) ) ;
#143 = CIRCLE ( 'NONE', #3792, 3.000000000000002665 ) ;
#144 = LINE ( 'NONE', #1953, #4484 ) ;
#145 = CARTESIAN_POINT ( 'NONE',  ( -128.9699999999999989, 14.28999999999999737, -35.95604481000000163 ) ) ;
#146 = CARTESIAN_POINT ( 'NONE',  ( -158.9899999999999807, 11.00000000000000000, 5.983955189999987212 ) ) ;
#147 = EDGE_CURVE ( 'NONE', #3276, #4376, #26, .T. ) ;
#148 = EDGE_CURVE ( 'NONE', #1520, #6157, #857, .T. ) ;
#149 = VECTOR ( 'NONE', #1164, 1000.000000000000000 ) ;
#150 = VERTEX_POINT ( 'NONE', #5001 ) ;
#151 = DIRECTION ( 'NONE',  ( 0.000000000000000000, -0.8660254037844389297, 0.4999999999999994449 ) ) ;
#152 = AXIS2_PLACEMENT_3D ( 'NONE', #3539, #2932, #1984 ) ;
#153 = FACE_OUTER_BOUND ( 'NONE', #2939, .T. ) ;
#154 = DIRECTION ( 'NONE',  ( 1.000000000000000000, 0.000000000000000000, 0.000000000000000000 ) ) ;
#155 = ORIENTED_EDGE ( 'NONE', *, *, #2077, .F. ) ;
#156 = DIRECTION ( 'NONE',  ( 0.000000000000000000, 0.8660254037844383745, 0.5000000000000004441 ) ) ;
#157 = CYLINDRICAL_SURFACE ( 'NONE', #2859, 15.49999999999999289 ) ;
#158 = DIRECTION ( 'NONE',  ( -1.000000000000000000, -0.000000000000000000, -0.000000000000000000 ) ) ;
#159 = AXIS2_PLACEMENT_3D ( 'NONE', #5553, #1955, #5974 ) ;
#160 = LINE ( 'NONE', #6236, #3073 ) ;
#161 = LINE ( 'NONE', #4616, #2878 ) ;
#162 = ORIENTED_EDGE ( 'NONE', *, *, #1411, .F. ) ;
#163 = ORIENTED_EDGE ( 'NONE', *, *, #2665, .T. ) ;
#164 = ORIENTED_EDGE ( 'NONE', *, *, #5761, .T. ) ;
#165 = FACE_OUTER_BOUND ( 'NONE', #6202, .T. ) ;
#166 = LINE ( 'NONE', #683, #2298 ) ;
#167 = DIRECTION ( 'NONE',  ( 1.000000000000000000, -0.000000000000000000, -0.000000000000000000 ) ) ;
#168 = CIRCLE ( 'NONE', #5051, 6.540563343818389441 ) ;
#169 = ORIENTED_EDGE ( 'NONE', *, *, #3996, .T. ) ;
#170 = CARTESIAN_POINT ( 'NONE',  ( -111.1674612229020909, 47.56698729810777593, -56.23104481000000021 ) ) ;
#171 = EDGE_LOOP ( 'NONE', ( #6069, #3926 ) ) ;
#172 = DIRECTION ( 'NONE',  ( -1.000000000000000000, 0.000000000000000000, -6.427877632151207979E-16 ) ) ;
#173 = EDGE_CURVE ( 'NONE', #5053, #2691, #1498, .T. ) ;
#174 = DIRECTION ( 'NONE',  ( -1.000000000000000000, 0.000000000000000000, -0.000000000000000000 ) ) ;
#175 = ORIENTED_EDGE ( 'NONE', *, *, #4149, .T. ) ;
#176 = CARTESIAN_POINT ( 'NONE',  ( -107.6500000000000483, 41.27750000000251163, -56.23104481000000021 ) ) ;
#177 = FACE_BOUND ( 'NONE', #1496, .T. ) ;
#178 = DIRECTION ( 'NONE',  ( 0.7071067811865531239, 0.000000000000000000, -0.7071067811865420216 ) ) ;
#179 = ORIENTED_EDGE ( 'NONE', *, *, #3215, .T. ) ;
#180 = LINE ( 'NONE', #1094, #4716 ) ;
#181 = DIRECTION ( 'NONE',  ( 1.000000000000000000, 0.000000000000000000, 6.427877632151207979E-16 ) ) ;
#182 = CARTESIAN_POINT ( 'NONE',  ( -158.6750000000000398, 18.16484582764473998, -56.23104481000000021 ) ) ;
#183 = ORIENTED_EDGE ( 'NONE', *, *, #3996, .F. ) ;
#184 = DIRECTION ( 'NONE',  ( 0.000000000000000000, 0.000000000000000000, 1.000000000000000000 ) ) ;
#185 = FACE_OUTER_BOUND ( 'NONE', #5441, .T. ) ;
#186 = FACE_OUTER_BOUND ( 'NONE', #4719, .T. ) ;
#187 = ADVANCED_FACE ( 'NONE', ( #1959 ), #6370, .T. ) ;
#188 = EDGE_CURVE ( 'NONE', #133, #485, #3448, .T. ) ;
#189 = CARTESIAN_POINT ( 'NONE',  ( -99.43035240958606380, 32.91224528593252074, 44.43872317678169992 ) ) ;
#190 = DIRECTION ( 'NONE',  ( 0.000000000000000000, -1.000000000000000000, 0.000000000000000000 ) ) ;
#191 = ORIENTED_EDGE ( 'NONE', *, *, #2578, .F. ) ;
#192 = ORIENTED_EDGE ( 'NONE', *, *, #2909, .F. ) ;
#193 = VERTEX_POINT ( 'NONE', #4037 ) ;
#194 = CARTESIAN_POINT ( 'NONE',  ( -164.9900000000000091, 18.22984139532879766, -61.46854480999999737 ) ) ;
#195 = CYLINDRICAL_SURFACE ( 'NONE', #3018, 15.00000000000000000 ) ;
#196 = VECTOR ( 'NONE', #4790, 1000.000000000000114 ) ;
#197 = CARTESIAN_POINT ( 'NONE',  ( -114.2699999999999818, 14.28999999999999737, -45.78104481000000447 ) ) ;
#198 = VECTOR ( 'NONE', #4137, 1000.000000000000000 ) ;
#199 = VERTEX_POINT ( 'NONE', #1929 ) ;
#200 = CARTESIAN_POINT ( 'NONE',  ( -158.9899999999999807, 11.00000000000000000, 1.071455189999986901 ) ) ;
#201 = EDGE_LOOP ( 'NONE', ( #1695, #4125, #4782, #3109, #1126, #1649, #3081, #1669, #5900, #1349, #309, #5172 ) ) ;
#202 = DIRECTION ( 'NONE',  ( -1.000000000000000000, -0.000000000000000000, -0.000000000000000000 ) ) ;
#203 = VERTEX_POINT ( 'NONE', #3910 ) ;
#204 = DIRECTION ( 'NONE',  ( 0.000000000000000000, 0.000000000000000000, 1.000000000000000000 ) ) ;
#205 = LINE ( 'NONE', #4735, #1186 ) ;
#206 = DIRECTION ( 'NONE',  ( 1.000000000000000000, 0.000000000000000000, 0.000000000000000000 ) ) ;
#207 = ADVANCED_FACE ( 'NONE', ( #5885 ), #1436, .T. ) ;
#208 = AXIS2_PLACEMENT_3D ( 'NONE', #5062, #605, #1652 ) ;
#209 = ORIENTED_EDGE ( 'NONE', *, *, #3181, .F. ) ;
#210 = ORIENTED_EDGE ( 'NONE', *, *, #3713, .T. ) ;
#211 = CARTESIAN_POINT ( 'NONE',  ( -159.9899999999999807, 14.28999999999999737, -40.86854481000000305 ) ) ;
#212 = FACE_OUTER_BOUND ( 'NONE', #6204, .T. ) ;
#213 = CARTESIAN_POINT ( 'NONE',  ( -100.9000000000000625, -2.557710141896462799E-17, -9.268247377061549921E-35 ) ) ;
#214 = VERTEX_POINT ( 'NONE', #4424 ) ;
#215 = FACE_OUTER_BOUND ( 'NONE', #3299, .T. ) ;
#216 = AXIS2_PLACEMENT_3D ( 'NONE', #2688, #2722, #1183 ) ;
#217 = DIRECTION ( 'NONE',  ( 0.000000000000000000, 0.000000000000000000, -1.000000000000000000 ) ) ;
#218 = LINE ( 'NONE', #638, #3129 ) ;
#219 = CARTESIAN_POINT ( 'NONE',  ( -71.75000000000002842, 0.000000000000000000, -61.46854480999999737 ) ) ;
#220 = CARTESIAN_POINT ( 'NONE',  ( -128.9699999999999989, 36.51499999999999346, -40.86854481000000305 ) ) ;
#221 = CIRCLE ( 'NONE', #746, 4.912500000000000533 ) ;
#222 = AXIS2_PLACEMENT_3D ( 'NONE', #5555, #4126, #2079 ) ;
#223 = ORIENTED_EDGE ( 'NONE', *, *, #5157, .F. ) ;
#224 = EDGE_CURVE ( 'NONE', #2853, #5991, #6400, .T. ) ;
#225 = EDGE_CURVE ( 'NONE', #5139, #35, #2573, .T. ) ;
#226 = VERTEX_POINT ( 'NONE', #4545 ) ;
#227 = EDGE_LOOP ( 'NONE', ( #1580, #3656, #1731, #3482 ) ) ;
#228 = LINE ( 'NONE', #2193, #2223 ) ;
#229 = DIRECTION ( 'NONE',  ( 1.000000000000000000, -0.000000000000000000, -0.000000000000000000 ) ) ;
#230 = AXIS2_PLACEMENT_3D ( 'NONE', #6321, #1479, #1841 ) ;
#231 = VECTOR ( 'NONE', #1773, 1000.000000000000000 ) ;
#232 = CARTESIAN_POINT ( 'NONE',  ( -167.9900000000000091, 14.28999999999999737, -48.86854481000000305 ) ) ;
#233 = VECTOR ( 'NONE', #713, 1000.000000000000000 ) ;
#234 = ORIENTED_EDGE ( 'NONE', *, *, #3596, .F. ) ;
#235 = CARTESIAN_POINT ( 'NONE',  ( -136.7698271970080555, 52.56257309086866059, -40.15742040542096447 ) ) ;
#236 = EDGE_LOOP ( 'NONE', ( #2541, #2905, #404, #3804 ) ) ;
#237 = CARTESIAN_POINT ( 'NONE',  ( -95.31885724504729751, 33.83664327886375389, 41.42656148226254942 ) ) ;
#238 = DIRECTION ( 'NONE',  ( -0.000000000000000000, -0.000000000000000000, 1.000000000000000000 ) ) ;
#239 = ORIENTED_EDGE ( 'NONE', *, *, #1893, .T. ) ;
#240 = DIRECTION ( 'NONE',  ( 0.000000000000000000, 0.000000000000000000, 1.000000000000000000 ) ) ;
#241 = DIRECTION ( 'NONE',  ( 0.000000000000000000, 0.000000000000000000, 1.000000000000000000 ) ) ;
#242 = VECTOR ( 'NONE', #4268, 1000.000000000000000 ) ;
#243 = DIRECTION ( 'NONE',  ( 0.000000000000000000, 0.000000000000000000, -1.000000000000000000 ) ) ;
#244 = VECTOR ( 'NONE', #1679, 1000.000000000000000 ) ;
#245 = ORIENTED_EDGE ( 'NONE', *, *, #581, .T. ) ;
#246 = ORIENTED_EDGE ( 'NONE', *, *, #3245, .F. ) ;
#247 = CARTESIAN_POINT ( 'NONE',  ( -98.89930536414762230, 36.21572031860439012, 40.24838216664138457 ) ) ;
#248 = EDGE_CURVE ( 'NONE', #1413, #1775, #2632, .T. ) ;
#249 = CARTESIAN_POINT ( 'NONE',  ( -70.25000000000000000, 30.06499999999998707, -44.59245404627309739 ) ) ;
#250 = DIRECTION ( 'NONE',  ( 0.000000000000000000, 0.000000000000000000, 1.000000000000000000 ) ) ;
#251 = VECTOR ( 'NONE', #378, 1000.000000000000000 ) ;
#252 = EDGE_LOOP ( 'NONE', ( #1938, #3391, #4477, #2240 ) ) ;
#253 = CARTESIAN_POINT ( 'NONE',  ( -101.8216882372216787, 35.53942059792636599, 42.77236708535640730 ) ) ;
#254 = CIRCLE ( 'NONE', #3283, 4.912500000000000533 ) ;
#255 = CARTESIAN_POINT ( 'NONE',  ( -142.6354944599391104, 32.78497658735828679, 45.26060361115622044 ) ) ;
#256 = EDGE_CURVE ( 'NONE', #6117, #5675, #3913, .T. ) ;
#257 = LINE ( 'NONE', #4614, #3862 ) ;
#258 = DIRECTION ( 'NONE',  ( -1.000000000000000000, 0.000000000000000000, -0.000000000000000000 ) ) ;
#259 = CARTESIAN_POINT ( 'NONE',  ( -115.2700000000000529, 47.56698729810777593, -37.73026587767386530 ) ) ;
#260 = ORIENTED_EDGE ( 'NONE', *, *, #5480, .F. ) ;
#261 = ORIENTED_EDGE ( 'NONE', *, *, #5015, .T. ) ;
#262 = ORIENTED_EDGE ( 'NONE', *, *, #4942, .F. ) ;
#263 = CARTESIAN_POINT ( 'NONE',  ( -98.81780523035983776, 45.40725005916344514, -56.23104481000000021 ) ) ;
#264 = CARTESIAN_POINT ( 'NONE',  ( -112.0949999999999989, 47.76698729810777166, -31.97854481000000249 ) ) ;
#265 = CARTESIAN_POINT ( 'NONE',  ( -98.81780523035983776, 45.40725005916344514, -56.23104481000000021 ) ) ;
#266 = EDGE_CURVE ( 'NONE', #5869, #4376, #2698, .T. ) ;
#267 = EDGE_CURVE ( 'NONE', #3325, #6083, #6164, .T. ) ;
#268 = EDGE_LOOP ( 'NONE', ( #162, #4034, #352, #4199 ) ) ;
#269 = LINE ( 'NONE', #3108, #3634 ) ;
#270 = VERTEX_POINT ( 'NONE', #3064 ) ;
#271 = CARTESIAN_POINT ( 'NONE',  ( -98.05833121417873599, 33.28362561117215535, 43.11129966796190871 ) ) ;
#272 = LINE ( 'NONE', #3725, #4151 ) ;
#273 = EDGE_LOOP ( 'NONE', ( #3661, #885, #3689, #3958 ) ) ;
#274 = DIRECTION ( 'NONE',  ( 0.000000000000000000, -0.8660254037844387076, -0.4999999999999997224 ) ) ;
#275 = DIRECTION ( 'NONE',  ( 0.000000000000000000, 0.000000000000000000, -1.000000000000000000 ) ) ;
#276 = EDGE_CURVE ( 'NONE', #3684, #3297, #4678, .T. ) ;
#277 = ADVANCED_FACE ( 'NONE', ( #4611 ), #4096, .T. ) ;
#278 = ORIENTED_EDGE ( 'NONE', *, *, #4318, .T. ) ;
#279 = ORIENTED_EDGE ( 'NONE', *, *, #4600, .F. ) ;
#280 = CONICAL_SURFACE ( 'NONE', #2474, 4.912500000000000533, 0.7853981633974405074 ) ;
#281 = LINE ( 'NONE', #5287, #5020 ) ;
#282 = DIRECTION ( 'NONE',  ( 0.000000000000000000, -0.8660254037844387076, 0.4999999999999997224 ) ) ;
#283 = CARTESIAN_POINT ( 'NONE',  ( -129.2399999999999807, -2.213114754098358894, 9.174763063641963257 ) ) ;
#284 = ORIENTED_EDGE ( 'NONE', *, *, #995, .T. ) ;
#285 = DIRECTION ( 'NONE',  ( 0.000000000000000000, -1.000000000000000000, -3.623650399333143762E-18 ) ) ;
#286 = FACE_OUTER_BOUND ( 'NONE', #1840, .T. ) ;
#287 = DIRECTION ( 'NONE',  ( 0.000000000000000000, 0.000000000000000000, -1.000000000000000000 ) ) ;
#288 = DIRECTION ( 'NONE',  ( 1.000000000000000000, 0.000000000000000000, 0.000000000000000000 ) ) ;
#289 = ORIENTED_EDGE ( 'NONE', *, *, #5558, .F. ) ;
#290 = EDGE_CURVE ( 'NONE', #4825, #918, #3243, .T. ) ;
#291 = EDGE_LOOP ( 'NONE', ( #1084, #101 ) ) ;
#292 = EDGE_LOOP ( 'NONE', ( #4083, #1134, #6175, #2333 ) ) ;
#293 = CARTESIAN_POINT ( 'NONE',  ( -70.25000000000000000, 49.76698729810777166, -53.56854480999999879 ) ) ;
#294 = CARTESIAN_POINT ( 'NONE',  ( -158.9899999999999807, 11.00000000000000000, -3.841044810000013410 ) ) ;
#295 = LINE ( 'NONE', #4654, #4898 ) ;
#296 = CIRCLE ( 'NONE', #748, 1.000000000000014655 ) ;
#297 = ORIENTED_EDGE ( 'NONE', *, *, #2795, .T. ) ;
#298 = CARTESIAN_POINT ( 'NONE',  ( -102.3367945223101430, 35.45874516183976510, 43.07345191175432575 ) ) ;
#299 = VERTEX_POINT ( 'NONE', #3675 ) ;
#300 = CARTESIAN_POINT ( 'NONE',  ( -83.25000000000000000, 36.51499999999999346, -34.95604481000001584 ) ) ;
#301 = CARTESIAN_POINT ( 'NONE',  ( -70.25000000000000000, 28.53000000000000469, 18.63754595372690304 ) ) ;
#302 = ORIENTED_EDGE ( 'NONE', *, *, #4409, .T. ) ;
#303 = CARTESIAN_POINT ( 'NONE',  ( -159.9899999999999807, 22.07999999999999829, 22.36145518999998671 ) ) ;
#304 = CARTESIAN_POINT ( 'NONE',  ( -115.0199999999999818, 14.28999999999999737, -40.86854481000001016 ) ) ;
#305 = CIRCLE ( 'NONE', #3948, 15.00000000000000000 ) ;
#306 = VECTOR ( 'NONE', #4244, 1000.000000000000000 ) ;
#307 = EDGE_CURVE ( 'NONE', #2707, #2581, #5060, .T. ) ;
#308 = ADVANCED_FACE ( 'NONE', ( #1621 ), #5584, .T. ) ;
#309 = ORIENTED_EDGE ( 'NONE', *, *, #3559, .T. ) ;
#310 = ORIENTED_EDGE ( 'NONE', *, *, #4130, .T. ) ;
#311 = VECTOR ( 'NONE', #926, 1000.000000000000114 ) ;
#312 = DIRECTION ( 'NONE',  ( 0.000000000000000000, 0.000000000000000000, 1.000000000000000000 ) ) ;
#313 = CARTESIAN_POINT ( 'NONE',  ( -158.9899999999998954, 22.07999999999999829, 27.25145518999998373 ) ) ;
#314 = ADVANCED_FACE ( 'NONE', ( #215 ), #1650, .T. ) ;
#315 = ORIENTED_EDGE ( 'NONE', *, *, #2771, .F. ) ;
#316 = LINE ( 'NONE', #5193, #634 ) ;
#317 = CARTESIAN_POINT ( 'NONE',  ( -139.6734732337511105, 32.62922672394422108, 46.26638106056261535 ) ) ;
#318 = DIRECTION ( 'NONE',  ( -1.000000000000000000, 0.000000000000000000, 0.000000000000000000 ) ) ;
#319 = CARTESIAN_POINT ( 'NONE',  ( -83.25000000000000000, 0.000000000000000000, 0.000000000000000000 ) ) ;
#320 = VECTOR ( 'NONE', #5294, 1000.000000000000000 ) ;
#321 = DIRECTION ( 'NONE',  ( 1.000000000000000000, -0.000000000000000000, -0.000000000000000000 ) ) ;
#322 = ORIENTED_EDGE ( 'NONE', *, *, #2665, .F. ) ;
#323 = AXIS2_PLACEMENT_3D ( 'NONE', #3893, #3430, #2464 ) ;
#324 = ORIENTED_EDGE ( 'NONE', *, *, #4088, .T. ) ;
#325 = ORIENTED_EDGE ( 'NONE', *, *, #2086, .F. ) ;
#326 = DIRECTION ( 'NONE',  ( 0.000000000000000000, 0.000000000000000000, -1.000000000000000000 ) ) ;
#327 = CARTESIAN_POINT ( 'NONE',  ( -436.5514533695703108, 28.66175773381078429, 29.89282434557923551 ) ) ;
#328 = CARTESIAN_POINT ( 'NONE',  ( -107.6500000000000483, 9.527500000002524061, -56.23104481000000021 ) ) ;
#329 = EDGE_CURVE ( 'NONE', #1442, #5621, #3122, .T. ) ;
#330 = CIRCLE ( 'NONE', #2210, 3.000000000000002665 ) ;
#331 = VECTOR ( 'NONE', #3941, 1000.000000000000114 ) ;
#332 = CARTESIAN_POINT ( 'NONE',  ( -129.2399999999999807, 20.27825333458327961, 0.1973736182366955527 ) ) ;
#333 = VECTOR ( 'NONE', #4964, 1000.000000000000000 ) ;
#334 = EDGE_LOOP ( 'NONE', ( #3628, #1881, #2420, #246 ) ) ;
#335 = FACE_OUTER_BOUND ( 'NONE', #5014, .T. ) ;
#336 = CARTESIAN_POINT ( 'NONE',  ( -114.0000000000000000, 11.00000000000000000, 1.071455189999986901 ) ) ;
#337 = ORIENTED_EDGE ( 'NONE', *, *, #1648, .F. ) ;
#338 = DIRECTION ( 'NONE',  ( -0.000000000000000000, 1.000000000000000000, 2.329169920522730154E-16 ) ) ;
#339 = LINE ( 'NONE', #4181, #4927 ) ;
#340 = ADVANCED_FACE ( 'NONE', ( #1127 ), #3641, .T. ) ;
#341 = VECTOR ( 'NONE', #2556, 999.9999999999998863 ) ;
#342 = VERTEX_POINT ( 'NONE', #5122 ) ;
#343 = ORIENTED_EDGE ( 'NONE', *, *, #1648, .T. ) ;
#344 = CIRCLE ( 'NONE', #552, 5.912499999999987210 ) ;
#345 = DIRECTION ( 'NONE',  ( 0.000000000000000000, 0.000000000000000000, -1.000000000000000000 ) ) ;
#346 = LINE ( 'NONE', #6226, #2594 ) ;
#347 = PLANE ( 'NONE',  #2785 ) ;
#348 = EDGE_CURVE ( 'NONE', #1958, #5076, #1059, .T. ) ;
#349 = EDGE_CURVE ( 'NONE', #3066, #4574, #741, .T. ) ;
#350 = VECTOR ( 'NONE', #181, 1000.000000000000000 ) ;
#351 = VECTOR ( 'NONE', #4228, 1000.000000000000000 ) ;
#352 = ORIENTED_EDGE ( 'NONE', *, *, #4291, .T. ) ;
#353 = FACE_OUTER_BOUND ( 'NONE', #2375, .T. ) ;
#354 = DIRECTION ( 'NONE',  ( 0.000000000000000000, -1.000000000000000000, 0.000000000000000000 ) ) ;
#355 = LINE ( 'NONE', #4327, #2721 ) ;
#356 = CONICAL_SURFACE ( 'NONE', #2021, 5.912499999999987210, 0.7853981633974405074 ) ;
#357 = CARTESIAN_POINT ( 'NONE',  ( -436.5514533695703108, 18.97849306496316757, 9.005867306901837566 ) ) ;
#358 = CARTESIAN_POINT ( 'NONE',  ( -128.2199999999999704, 14.28999999999999737, -46.53104481000002579 ) ) ;
#359 = EDGE_CURVE ( 'NONE', #2114, #5271, #4192, .T. ) ;
#360 = ORIENTED_EDGE ( 'NONE', *, *, #5540, .F. ) ;
#361 = VECTOR ( 'NONE', #2551, 1000.000000000000000 ) ;
#362 = AXIS2_PLACEMENT_3D ( 'NONE', #5200, #4198, #5719 ) ;
#363 = ORIENTED_EDGE ( 'NONE', *, *, #1600, .T. ) ;
#364 = VERTEX_POINT ( 'NONE', #5522 ) ;
#365 = DIRECTION ( 'NONE',  ( 0.000000000000000000, 0.000000000000000000, -1.000000000000000000 ) ) ;
#366 = FACE_BOUND ( 'NONE', #915, .T. ) ;
#367 = LINE ( 'NONE', #950, #2000 ) ;
#368 = EDGE_CURVE ( 'NONE', #3501, #2030, #1070, .T. ) ;
#369 = CARTESIAN_POINT ( 'NONE',  ( -99.41500248717019872, 32.91454181016463565, 44.42391729587189531 ) ) ;
#370 = ORIENTED_EDGE ( 'NONE', *, *, #3738, .T. ) ;
#371 = DIRECTION ( 'NONE',  ( 0.000000000000000000, 1.000000000000000000, 0.000000000000000000 ) ) ;
#372 = DIRECTION ( 'NONE',  ( 0.000000000000000000, 0.000000000000000000, -1.000000000000000000 ) ) ;
#373 = VERTEX_POINT ( 'NONE', #1724 ) ;
#374 = CARTESIAN_POINT ( 'NONE',  ( -206.3715696155272212, -2.213114754098357118, 9.174763063641961480 ) ) ;
#375 = ADVANCED_FACE ( 'NONE', ( #6300 ), #4840, .F. ) ;
#376 = ORIENTED_EDGE ( 'NONE', *, *, #5759, .F. ) ;
#377 = ORIENTED_EDGE ( 'NONE', *, *, #928, .T. ) ;
#378 = DIRECTION ( 'NONE',  ( -1.000000000000000000, -0.000000000000000000, -0.000000000000000000 ) ) ;
#379 = CARTESIAN_POINT ( 'NONE',  ( -134.4249999999889837, 0.000000000000000000, 17.01667390910194655 ) ) ;
#380 = DIRECTION ( 'NONE',  ( 0.000000000000000000, 0.000000000000000000, -1.000000000000000000 ) ) ;
#381 = ORIENTED_EDGE ( 'NONE', *, *, #3638, .F. ) ;
#382 = AXIS2_PLACEMENT_3D ( 'NONE', #1485, #533, #3567 ) ;
#383 = CARTESIAN_POINT ( 'NONE',  ( -100.9000000000000625, 89.76698729810775035, -58.36708106719408562 ) ) ;
#384 = CARTESIAN_POINT ( 'NONE',  ( -167.9900000000000091, 52.56830429459234466, -43.74306552843802365 ) ) ;
#385 = CYLINDRICAL_SURFACE ( 'NONE', #5202, 162.3849632677970476 ) ;
#386 = CARTESIAN_POINT ( 'NONE',  ( -115.2700000000000529, 52.56830429459234466, -37.73026587767386530 ) ) ;
#387 = DIRECTION ( 'NONE',  ( 0.000000000000000000, 1.000000000000000000, 0.000000000000000000 ) ) ;
#388 = ORIENTED_EDGE ( 'NONE', *, *, #5628, .T. ) ;
#389 = EDGE_CURVE ( 'NONE', #5229, #770, #3358, .T. ) ;
#390 = ORIENTED_EDGE ( 'NONE', *, *, #4827, .T. ) ;
#391 = ADVANCED_FACE ( 'NONE', ( #2803 ), #29, .F. ) ;
#392 = AXIS2_PLACEMENT_3D ( 'NONE', #2479, #1096, #3090 ) ;
#393 = ORIENTED_EDGE ( 'NONE', *, *, #4391, .T. ) ;
#394 = CARTESIAN_POINT ( 'NONE',  ( -70.25000000000000000, 14.29000000000000448, -48.31636328254617752 ) ) ;
#395 = DIRECTION ( 'NONE',  ( 0.000000000000000000, 0.000000000000000000, 1.000000000000000000 ) ) ;
#396 = CARTESIAN_POINT ( 'NONE',  ( -158.9899999999999523, 14.28999999999999737, -40.86854481000000305 ) ) ;
#397 =( NAMED_UNIT ( * ) PLANE_ANGLE_UNIT ( ) SI_UNIT ( $, .RADIAN. ) );
#398 = CARTESIAN_POINT ( 'NONE',  ( -101.8401269402080231, 35.54530197554621651, 42.75041748526061980 ) ) ;
#399 = VERTEX_POINT ( 'NONE', #3810 ) ;
#400 = CYLINDRICAL_SURFACE ( 'NONE', #5327, 8.000000000000000000 ) ;
#401 = CARTESIAN_POINT ( 'NONE',  ( -128.6466836438567327, 47.56698729810777593, -32.53104481000285375 ) ) ;
#402 = DIRECTION ( 'NONE',  ( 0.000000000000000000, -1.000000000000000000, 0.000000000000000000 ) ) ;
#403 = ORIENTED_EDGE ( 'NONE', *, *, #20, .F. ) ;
#404 = ORIENTED_EDGE ( 'NONE', *, *, #5156, .T. ) ;
#405 = LINE ( 'NONE', #3994, #3273 ) ;
#406 = AXIS2_PLACEMENT_3D ( 'NONE', #3203, #3233, #5664 ) ;
#407 = CARTESIAN_POINT ( 'NONE',  ( -155.6750000000000682, 32.64015417236026195, -58.16854481000000021 ) ) ;
#408 = ADVANCED_FACE ( 'NONE', ( #353 ), #2284, .F. ) ;
#409 = AXIS2_PLACEMENT_3D ( 'NONE', #4109, #2611, #3105 ) ;
#410 = VERTEX_POINT ( 'NONE', #6233 ) ;
#411 = DIRECTION ( 'NONE',  ( 1.000000000000000000, 0.000000000000000000, 0.000000000000000000 ) ) ;
#412 = CARTESIAN_POINT ( 'NONE',  ( -106.1570624262682117, 51.76602520085979364, -45.88001256880247780 ) ) ;
#413 = DIRECTION ( 'NONE',  ( 0.000000000000000000, -1.000000000000000000, 0.000000000000000000 ) ) ;
#414 = PLANE ( 'NONE',  #662 ) ;
#415 = FACE_OUTER_BOUND ( 'NONE', #5058, .T. ) ;
#416 = EDGE_CURVE ( 'NONE', #563, #2496, #3666, .T. ) ;
#417 = VERTEX_POINT ( 'NONE', #3291 ) ;
#418 = ORIENTED_EDGE ( 'NONE', *, *, #2518, .F. ) ;
#419 = DIRECTION ( 'NONE',  ( -1.000000000000000000, 0.000000000000000000, 0.000000000000000000 ) ) ;
#420 = VERTEX_POINT ( 'NONE', #3776 ) ;
#421 = AXIS2_PLACEMENT_3D ( 'NONE', #890, #2912, #2328 ) ;
#422 = DIRECTION ( 'NONE',  ( 0.000000000000000000, 0.000000000000000000, -1.000000000000000000 ) ) ;
#423 = CARTESIAN_POINT ( 'NONE',  ( -114.8113720165046203, 10.16250000000252918, -52.58713401639744234 ) ) ;
#424 = LINE ( 'NONE', #891, #4797 ) ;
#425 = DIRECTION ( 'NONE',  ( 0.000000000000000000, 0.000000000000000000, 1.000000000000000000 ) ) ;
#426 = EDGE_CURVE ( 'NONE', #1211, #6, #316, .T. ) ;
#427 = ADVANCED_FACE ( 'NONE', ( #2735 ), #5714, .F. ) ;
#428 = VECTOR ( 'NONE', #6088, 1000.000000000000000 ) ;
#429 = DIRECTION ( 'NONE',  ( 0.000000000000000000, -1.000000000000000000, 0.000000000000000000 ) ) ;
#430 = ORIENTED_EDGE ( 'NONE', *, *, #1246, .T. ) ;
#431 = FACE_BOUND ( 'NONE', #2124, .T. ) ;
#432 = DIRECTION ( 'NONE',  ( 0.7071067811865531239, 0.000000000000000000, -0.7071067811865420216 ) ) ;
#433 = CIRCLE ( 'NONE', #4073, 6.749999999999992006 ) ;
#434 = AXIS2_PLACEMENT_3D ( 'NONE', #5613, #3155, #1194 ) ;
#435 = CARTESIAN_POINT ( 'NONE',  ( -161.9250000000000398, 9.210000000002505516, -56.23104481000000021 ) ) ;
#436 = CIRCLE ( 'NONE', #3242, 9.802499999999991331 ) ;
#437 = PRESENTATION_LAYER_ASSIGNMENT (  '', '', ( #1796 ) ) ;
#438 = VERTEX_POINT ( 'NONE', #1228 ) ;
#439 = EDGE_LOOP ( 'NONE', ( #3154, #1546, #2906, #761 ) ) ;
#440 = LINE ( 'NONE', #2531, #3163 ) ;
#441 = VECTOR ( 'NONE', #5379, 1000.000000000000000 ) ;
#442 = PLANE ( 'NONE',  #6405 ) ;
#443 = AXIS2_PLACEMENT_3D ( 'NONE', #1557, #4946, #3977 ) ;
#444 = ORIENTED_EDGE ( 'NONE', *, *, #4558, .T. ) ;
#445 = EDGE_CURVE ( 'NONE', #978, #2428, #1382, .T. ) ;
#446 = DIRECTION ( 'NONE',  ( -0.000000000000000000, -0.000000000000000000, -1.000000000000000000 ) ) ;
#447 = CARTESIAN_POINT ( 'NONE',  ( -138.6262915010152881, 35.30168919948090434, 43.65959274290923986 ) ) ;
#448 = CARTESIAN_POINT ( 'NONE',  ( -83.25000000000000000, 32.62124113080948007, 46.31794919243127140 ) ) ;
#449 = CARTESIAN_POINT ( 'NONE',  ( -167.9900000000000091, -1.535338484941077507E-15, -14.87376352910197497 ) ) ;
#450 = CARTESIAN_POINT ( 'NONE',  ( -129.2399999999999807, -0.8386154695166593287, -9.928544809996907361 ) ) ;
#451 = VECTOR ( 'NONE', #2148, 1000.000000000000000 ) ;
#452 =( BOUNDED_CURVE ( )  B_SPLINE_CURVE ( 3, ( #5767, #1314, #3757, #3306 ),
 .UNSPECIFIED., .F., .T. ) 
 B_SPLINE_CURVE_WITH_KNOTS ( ( 4, 4 ),
 ( 4.666602016389703067, 4.692202779275772784 ),
 .UNSPECIFIED. ) 
 CURVE ( )  GEOMETRIC_REPRESENTATION_ITEM ( )  RATIONAL_B_SPLINE_CURVE ( ( 1.000000000000000000, 0.9999453841573764379, 0.9999453841573764379, 1.000000000000000000 ) ) 
 REPRESENTATION_ITEM ( '' )  );
#453 = VERTEX_POINT ( 'NONE', #5262 ) ;
#454 = ORIENTED_EDGE ( 'NONE', *, *, #685, .T. ) ;
#455 = EDGE_CURVE ( 'NONE', #1500, #2707, #3707, .T. ) ;
#456 = DIRECTION ( 'NONE',  ( 0.000000000000000000, 0.8660254037844389297, -0.4999999999999992784 ) ) ;
#457 = VECTOR ( 'NONE', #5506, 1000.000000000000000 ) ;
#458 = VERTEX_POINT ( 'NONE', #3320 ) ;
#459 = DIRECTION ( 'NONE',  ( 0.000000000000000000, -0.8660254037844382635, -0.5000000000000007772 ) ) ;
#460 = CARTESIAN_POINT ( 'NONE',  ( -101.5216720865119697, 6.697995275715473262, -58.16854481000000021 ) ) ;
#461 = CARTESIAN_POINT ( 'NONE',  ( -70.25000000000000000, 7.618210501533695781E-16, -59.96854480999999737 ) ) ;
#462 = CARTESIAN_POINT ( 'NONE',  ( -84.25000000000000000, 36.51499999999999346, -40.86854481000000305 ) ) ;
#463 = CARTESIAN_POINT ( 'NONE',  ( -100.9000000000000625, 47.56698729810777593, -58.24957121884516908 ) ) ;
#464 = AXIS2_PLACEMENT_3D ( 'NONE', #319, #3814, #1367 ) ;
#465 = EDGE_LOOP ( 'NONE', ( #4518, #1605, #4620, #381 ) ) ;
#466 = ORIENTED_EDGE ( 'NONE', *, *, #2565, .T. ) ;
#467 = LINE ( 'NONE', #5443, #3149 ) ;
#468 = EDGE_CURVE ( 'NONE', #6117, #2080, #3296, .T. ) ;
#469 = DIRECTION ( 'NONE',  ( 0.000000000000000000, 0.000000000000000000, 1.000000000000000000 ) ) ;
#470 = VECTOR ( 'NONE', #6217, 1000.000000000000000 ) ;
#471 = CARTESIAN_POINT ( 'NONE',  ( 0.000000000000000000, -36.03001699971844829, -61.46854480999999737 ) ) ;
#472 = VECTOR ( 'NONE', #1594, 1000.000000000000114 ) ;
#473 = EDGE_LOOP ( 'NONE', ( #1151, #4456, #5309, #4799, #1106 ) ) ;
#474 = EDGE_CURVE ( 'NONE', #5260, #3349, #6249, .T. ) ;
#475 = VERTEX_POINT ( 'NONE', #5230 ) ;
#476 = EDGE_CURVE ( 'NONE', #1770, #116, #1061, .T. ) ;
#477 = CARTESIAN_POINT ( 'NONE',  ( -83.25000000000000000, 22.07999999999999829, 28.25145518999998018 ) ) ;
#478 = DIRECTION ( 'NONE',  ( 0.000000000000000000, 0.000000000000000000, -1.000000000000000000 ) ) ;
#479 = ORIENTED_EDGE ( 'NONE', *, *, #3938, .F. ) ;
#480 = DIRECTION ( 'NONE',  ( 0.000000000000000000, 0.000000000000000000, -1.000000000000000000 ) ) ;
#481 = CARTESIAN_POINT ( 'NONE',  ( -108.3481117593051692, 52.56765894952388152, -40.72460237342138356 ) ) ;
#482 = DIRECTION ( 'NONE',  ( 0.000000000000000000, 0.000000000000000000, -1.000000000000000000 ) ) ;
#483 = CARTESIAN_POINT ( 'NONE',  ( -111.4336748325612518, 52.37866185399889929, -34.21190961136318265 ) ) ;
#484 = CARTESIAN_POINT ( 'NONE',  ( -128.2199999999999989, 6.352500000002568648, -29.60604481000281396 ) ) ;
#485 = VERTEX_POINT ( 'NONE', #1851 ) ;
#486 = EDGE_LOOP ( 'NONE', ( #2843, #1371, #4562, #22 ) ) ;
#487 = CARTESIAN_POINT ( 'NONE',  ( -159.9899999999999807, 22.07999999999999829, 16.47145518999992575 ) ) ;
#488 = VERTEX_POINT ( 'NONE', #3840 ) ;
#489 = DIRECTION ( 'NONE',  ( -0.7071067811865442421, -0.000000000000000000, 0.7071067811865507924 ) ) ;
#490 = CYLINDRICAL_SURFACE ( 'NONE', #2607, 3.000000000000002665 ) ;
#491 = CARTESIAN_POINT ( 'NONE',  ( -167.9900000000000091, 22.07999999999999829, 30.36145518999998316 ) ) ;
#492 = VECTOR ( 'NONE', #1863, 1000.000000000000000 ) ;
#493 = FACE_OUTER_BOUND ( 'NONE', #5270, .T. ) ;
#494 = DIRECTION ( 'NONE',  ( -0.7071067811865507924, -0.000000000000000000, -0.7071067811865442421 ) ) ;
#495 = ADVANCED_FACE ( 'NONE', ( #5811 ), #1364, .F. ) ;
#496 = ORIENTED_EDGE ( 'NONE', *, *, #2233, .T. ) ;
#497 = EDGE_LOOP ( 'NONE', ( #1553, #2447, #4066, #4176 ) ) ;
#498 = LINE ( 'NONE', #104, #5942 ) ;
#499 = CARTESIAN_POINT ( 'NONE',  ( -158.9899999999999807, 11.00000000000000000, 1.071455189999986901 ) ) ;
#500 = DIRECTION ( 'NONE',  ( 0.000000000000000000, -1.000000000000000000, 0.000000000000000000 ) ) ;
#501 = ORIENTED_EDGE ( 'NONE', *, *, #5108, .T. ) ;
#502 = ORIENTED_EDGE ( 'NONE', *, *, #2570, .T. ) ;
#503 = CYLINDRICAL_SURFACE ( 'NONE', #2860, 3.325000000000015277 ) ;
#504 = CARTESIAN_POINT ( 'NONE',  ( -159.9899999999999807, 22.07999999999999829, 22.36145518999998671 ) ) ;
#505 = EDGE_CURVE ( 'NONE', #3646, #6112, #3457, .T. ) ;
#506 = ADVANCED_FACE ( 'NONE', ( #5358 ), #961, .F. ) ;
#507 = ORIENTED_EDGE ( 'NONE', *, *, #4114, .T. ) ;
#508 = CARTESIAN_POINT ( 'NONE',  ( -164.9900000000000091, 32.57515860467621138, -54.16854481000000021 ) ) ;
#509 = CARTESIAN_POINT ( 'NONE',  ( -129.2399999999999523, 23.93565672252110232, 32.30089308771269430 ) ) ;
#510 = CARTESIAN_POINT ( 'NONE',  ( -112.1864763405301773, 52.34401094983068248, -33.53651516334039684 ) ) ;
#511 = PLANE ( 'NONE',  #2154 ) ;
#512 = EDGE_CURVE ( 'NONE', #4894, #214, #6393, .T. ) ;
#513 = AXIS2_PLACEMENT_3D ( 'NONE', #5736, #174, #4178 ) ;
#514 = ORIENTED_EDGE ( 'NONE', *, *, #1486, .T. ) ;
#515 = VERTEX_POINT ( 'NONE', #3440 ) ;
#516 = CARTESIAN_POINT ( 'NONE',  ( -158.6750000000000682, 32.64015417236026195, -61.46854480999999737 ) ) ;
#517 = ORIENTED_EDGE ( 'NONE', *, *, #997, .T. ) ;
#518 = DIRECTION ( 'NONE',  ( -1.000000000000000000, -0.000000000000000000, -0.000000000000000000 ) ) ;
#519 = CARTESIAN_POINT ( 'NONE',  ( -101.5216720865119697, 6.697995275715473262, -61.46854480999999737 ) ) ;
#520 = CARTESIAN_POINT ( 'NONE',  ( -181.2271884819318188, 44.45250000000256563, -29.60604481000284594 ) ) ;
#521 = DIRECTION ( 'NONE',  ( -1.000000000000000000, 0.000000000000000000, -0.000000000000000000 ) ) ;
#522 = ORIENTED_EDGE ( 'NONE', *, *, #2009, .F. ) ;
#523 = ORIENTED_EDGE ( 'NONE', *, *, #6356, .F. ) ;
#524 = LINE ( 'NONE', #4077, #1802 ) ;
#525 = DIRECTION ( 'NONE',  ( -1.000000000000000000, 0.000000000000000000, 0.000000000000000000 ) ) ;
#526 = CARTESIAN_POINT ( 'NONE',  ( -93.71097648571355876, 36.84741673246099936, 37.89085905516942177 ) ) ;
#527 = VECTOR ( 'NONE', #2669, 1000.000000000000000 ) ;
#528 = AXIS2_PLACEMENT_3D ( 'NONE', #3322, #413, #1303 ) ;
#529 = EDGE_LOOP ( 'NONE', ( #6215, #1079 ) ) ;
#530 = ADVANCED_FACE ( 'NONE', ( #1397 ), #2948, .F. ) ;
#531 = ORIENTED_EDGE ( 'NONE', *, *, #1246, .F. ) ;
#532 = DIRECTION ( 'NONE',  ( 1.000000000000000000, -0.000000000000000000, -0.000000000000000000 ) ) ;
#533 = DIRECTION ( 'NONE',  ( -1.000000000000000000, -0.000000000000000000, -0.000000000000000000 ) ) ;
#534 = AXIS2_PLACEMENT_3D ( 'NONE', #1378, #2913, #4883 ) ;
#535 = AXIS2_PLACEMENT_3D ( 'NONE', #1037, #6004, #2020 ) ;
#536 = ORIENTED_EDGE ( 'NONE', *, *, #5373, .T. ) ;
#537 = CARTESIAN_POINT ( 'NONE',  ( -115.0200000000000102, 47.56698729810776882, -7.393344852500320616E-14 ) ) ;
#538 = VECTOR ( 'NONE', #5876, 1000.000000000000000 ) ;
#539 = LINE ( 'NONE', #2013, #4303 ) ;
#540 = EDGE_CURVE ( 'NONE', #2277, #2139, #2929, .T. ) ;
#541 = EDGE_CURVE ( 'NONE', #4808, #4399, #2624, .T. ) ;
#542 = CARTESIAN_POINT ( 'NONE',  ( -70.25000000000000000, 49.76698729810777166, -10.32563470779485826 ) ) ;
#543 = LINE ( 'NONE', #1033, #6231 ) ;
#544 = VECTOR ( 'NONE', #5278, 1000.000000000000114 ) ;
#545 = ORIENTED_EDGE ( 'NONE', *, *, #476, .F. ) ;
#546 = ORIENTED_EDGE ( 'NONE', *, *, #3460, .F. ) ;
#547 = DIRECTION ( 'NONE',  ( -0.000000000000000000, -0.000000000000000000, 1.000000000000000000 ) ) ;
#548 = ORIENTED_EDGE ( 'NONE', *, *, #4765, .F. ) ;
#549 = CARTESIAN_POINT ( 'NONE',  ( -70.25000000000000000, 36.51499999999998636, -33.42072633745382859 ) ) ;
#550 = CARTESIAN_POINT ( 'NONE',  ( -130.2823762754499057, 52.30248458573992565, -32.79061919339586950 ) ) ;
#551 = EDGE_CURVE ( 'NONE', #5387, #6050, #5454, .T. ) ;
#552 = AXIS2_PLACEMENT_3D ( 'NONE', #4203, #2644, #3229 ) ;
#553 = DIRECTION ( 'NONE',  ( -0.7071067811865485719, 0.000000000000000000, -0.7071067811865465735 ) ) ;
#554 = DIRECTION ( 'NONE',  ( 1.000000000000000000, -0.000000000000000000, 6.427877632151207979E-16 ) ) ;
#555 = AXIS2_PLACEMENT_3D ( 'NONE', #1062, #5083, #1616 ) ;
#556 = VERTEX_POINT ( 'NONE', #6420 ) ;
#557 = ORIENTED_EDGE ( 'NONE', *, *, #5438, .T. ) ;
#558 = CARTESIAN_POINT ( 'NONE',  ( -138.6262915010152312, 0.000000000000000000, 46.31794919243127140 ) ) ;
#559 = EDGE_CURVE ( 'NONE', #2418, #453, #3476, .T. ) ;
#560 = DIRECTION ( 'NONE',  ( 1.000000000000000000, -0.000000000000000000, -0.000000000000000000 ) ) ;
#561 = DIRECTION ( 'NONE',  ( 0.000000000000000000, 0.000000000000000000, -1.000000000000000000 ) ) ;
#562 = VECTOR ( 'NONE', #5257, 1000.000000000000227 ) ;
#563 = VERTEX_POINT ( 'NONE', #969 ) ;
#564 = VECTOR ( 'NONE', #1231, 1000.000000000000000 ) ;
#565 = VERTEX_POINT ( 'NONE', #3507 ) ;
#566 = EDGE_LOOP ( 'NONE', ( #3015, #1615, #5644, #5768, #1028, #817 ) ) ;
#567 = DIRECTION ( 'NONE',  ( -0.7071067811865531239, 8.659560562354866298E-17, -0.7071067811865420216 ) ) ;
#568 = CARTESIAN_POINT ( 'NONE',  ( -70.25000000000000000, -4.606015454823232718E-15, -14.87376352910197141 ) ) ;
#569 = EDGE_CURVE ( 'NONE', #4082, #438, #3932, .T. ) ;
#570 = EDGE_LOOP ( 'NONE', ( #92, #4661, #2291, #1844, #1890, #4202 ) ) ;
#571 = CARTESIAN_POINT ( 'NONE',  ( -150.6418346865630724, 34.23109815390986910, 40.16915381341304681 ) ) ;
#572 = DIRECTION ( 'NONE',  ( 0.1502904589462209783, -0.7050440556634549605, -0.6930553062515005802 ) ) ;
#573 = LINE ( 'NONE', #484, #1338 ) ;
#574 = VERTEX_POINT ( 'NONE', #2900 ) ;
#575 = DIRECTION ( 'NONE',  ( 0.000000000000000000, 0.8660254037844389297, 0.4999999999999995559 ) ) ;
#576 = ORIENTED_EDGE ( 'NONE', *, *, #6252, .F. ) ;
#577 = DIRECTION ( 'NONE',  ( 0.000000000000000000, -1.000000000000000000, 0.000000000000000000 ) ) ;
#578 = CARTESIAN_POINT ( 'NONE',  ( -131.7507525393471894, 52.34493324203620546, -33.55416791137284349 ) ) ;
#579 = CARTESIAN_POINT ( 'NONE',  ( -152.8740853889376581, 47.56698729810777593, -56.23104481000000021 ) ) ;
#580 = LINE ( 'NONE', #3037, #3594 ) ;
#581 = EDGE_CURVE ( 'NONE', #914, #16, #3980, .T. ) ;
#582 = ADVANCED_FACE ( 'NONE', ( #2536 ), #1980, .F. ) ;
#583 = ORIENTED_EDGE ( 'NONE', *, *, #2395, .F. ) ;
#584 = ORIENTED_EDGE ( 'NONE', *, *, #4333, .T. ) ;
#585 = AXIS2_PLACEMENT_3D ( 'NONE', #5259, #873, #808 ) ;
#586 = CARTESIAN_POINT ( 'NONE',  ( -83.25000000000000000, 0.000000000000000000, 0.000000000000000000 ) ) ;
#587 = LINE ( 'NONE', #5444, #2598 ) ;
#588 = DIRECTION ( 'NONE',  ( 0.000000000000000000, 2.329169920522730647E-16, -1.000000000000000000 ) ) ;
#589 = EDGE_CURVE ( 'NONE', #1448, #1845, #6330, .T. ) ;
#590 = ORIENTED_EDGE ( 'NONE', *, *, #1506, .T. ) ;
#591 = ORIENTED_EDGE ( 'NONE', *, *, #4806, .T. ) ;
#592 = EDGE_LOOP ( 'NONE', ( #3880, #3383 ) ) ;
#593 = DIRECTION ( 'NONE',  ( 0.000000000000000000, 0.000000000000000000, -1.000000000000000000 ) ) ;
#594 = FACE_OUTER_BOUND ( 'NONE', #102, .T. ) ;
#595 = DIRECTION ( 'NONE',  ( 0.000000000000000000, -1.000000000000000000, -3.623650399333143762E-18 ) ) ;
#596 = ORIENTED_EDGE ( 'NONE', *, *, #389, .F. ) ;
#597 = CARTESIAN_POINT ( 'NONE',  ( -114.0000000000000142, 2.832021773285248729E-17, -14.87376352910197141 ) ) ;
#598 = EDGE_CURVE ( 'NONE', #1018, #5387, #3046, .T. ) ;
#599 = LINE ( 'NONE', #118, #5115 ) ;
#600 = DIRECTION ( 'NONE',  ( 0.000000000000000000, 0.000000000000000000, 1.000000000000000000 ) ) ;
#601 = ORIENTED_EDGE ( 'NONE', *, *, #1541, .F. ) ;
#602 = CARTESIAN_POINT ( 'NONE',  ( -70.25000000000000000, 28.53000000000000469, 26.08536442627307750 ) ) ;
#603 = LINE ( 'NONE', #2081, #1168 ) ;
#604 = EDGE_CURVE ( 'NONE', #1798, #770, #4417, .T. ) ;
#605 = DIRECTION ( 'NONE',  ( -0.000000000000000000, -0.000000000000000000, -1.000000000000000000 ) ) ;
#606 = CARTESIAN_POINT ( 'NONE',  ( -70.25000000000000000, 20.73999999999998067, -37.14463557372693003 ) ) ;
#607 = CARTESIAN_POINT ( 'NONE',  ( -138.6262915010152312, 0.000000000000000000, 46.31794919243127140 ) ) ;
#608 = VECTOR ( 'NONE', #2346, 1000.000000000000000 ) ;
#609 = EDGE_LOOP ( 'NONE', ( #2235, #27, #557, #5121 ) ) ;
#610 = ORIENTED_EDGE ( 'NONE', *, *, #329, .F. ) ;
#611 = VERTEX_POINT ( 'NONE', #5481 ) ;
#612 = VECTOR ( 'NONE', #4981, 1000.000000000000000 ) ;
#613 = DIRECTION ( 'NONE',  ( -1.000000000000000000, 0.000000000000000000, 0.000000000000000000 ) ) ;
#614 = CARTESIAN_POINT ( 'NONE',  ( -161.5131842133284295, 51.96418031886325650, -45.23104481000285659 ) ) ;
#615 = CARTESIAN_POINT ( 'NONE',  ( -94.60782474442646617, 19.94906956167434231, 34.01786087644886436 ) ) ;
#616 = EDGE_CURVE ( 'NONE', #3314, #342, #4382, .T. ) ;
#617 = EDGE_CURVE ( 'NONE', #3001, #4133, #937, .T. ) ;
#618 = ORIENTED_EDGE ( 'NONE', *, *, #3021, .T. ) ;
#619 = DIRECTION ( 'NONE',  ( 1.000000000000000000, 0.000000000000000000, 0.000000000000000000 ) ) ;
#620 = ORIENTED_EDGE ( 'NONE', *, *, #3738, .F. ) ;
#621 = ORIENTED_EDGE ( 'NONE', *, *, #2950, .T. ) ;
#622 = VECTOR ( 'NONE', #743, 1000.000000000000114 ) ;
#623 = LINE ( 'NONE', #4116, #428 ) ;
#624 = DIRECTION ( 'NONE',  ( 0.000000000000000000, 0.000000000000000000, 1.000000000000000000 ) ) ;
#625 = CARTESIAN_POINT ( 'NONE',  ( -98.81780523035983776, 45.40725005916344514, -80.65604481000288217 ) ) ;
#626 = CIRCLE ( 'NONE', #4374, 4.912500000000000533 ) ;
#627 = VERTEX_POINT ( 'NONE', #2475 ) ;
#628 = CARTESIAN_POINT ( 'NONE',  ( -70.25000000000000000, 28.39900948664812574, -59.96854480999999737 ) ) ;
#629 = AXIS2_PLACEMENT_3D ( 'NONE', #5340, #4337, #2425 ) ;
#630 = DIRECTION ( 'NONE',  ( 0.000000000000000000, -1.000000000000000000, 0.000000000000000000 ) ) ;
#631 = CLOSED_SHELL ( 'NONE', ( #2751, #6351, #391, #6391, #4028, #530, #6031, #6385, #2354, #3619, #1241, #4640, #4983, #3326, #137, #6306, #5711, #4743, #5838, #4876, #5508, #1746, #408, #818, #1120, #3654, #2373, #3289, #6029, #3041, #495, #5073, #6332, #2353, #427, #3739, #1849, #5031, #5088, #4046, #3070, #6076, #3731, #5396, #4710, #2585, #4903, #3389, #2659, #1983, #4466, #4447, #4548, #2506, #5437, #6068, #2826, #2546, #792, #1643, #5349, #1388, #4365, #5990, #6143, #996, #1433, #5953, #2773, #277, #3789, #3730, #4528, #6097, #54, #3101, #4656, #1569, #6413, #4639, #5109, #375, #5138, #3916, #5702, #2152, #340, #308, #3135, #5657, #5398, #1828, #4861, #4481, #827, #4789, #909, #1218, #6084, #3801, #314, #874, #3137, #5363, #5424, #3937, #5510, #207, #4769, #729, #2107, #3831, #4015, #1226, #3520, #4924, #5955, #1585, #3956, #6414, #2907, #4218, #5341, #4482, #5609, #5779, #5873, #6100, #1199, #5040, #5196, #5741, #2270, #4931, #2494, #4249, #2935, #3304, #5220, #858, #5436, #582, #1579, #6054, #1786, #3573, #2850, #3020, #5566, #4217, #738, #1659, #1160, #5356, #2273, #5476, #187, #3458, #1424, #1689, #3437, #6020, #3818, #4187, #506, #4832, #2626, #2380, #2085, #4194, #3201, #3100, #2060, #6221, #3267, #4411, #2507, #5165, #3930, #4996, #4349, #835, #1049, #2858, #750, #5148, #6342, #2949, #1907, #1290, #1625, #2371, #3414, #5065, #6179, #2388, #3182, #971, #5972, #2323 ) ) ;
#632 = LINE ( 'NONE', #213, #6309 ) ;
#633 = CONICAL_SURFACE ( 'NONE', #845, 5.889999999999992575, 0.7853981633974445042 ) ;
#634 = VECTOR ( 'NONE', #1331, 1000.000000000000000 ) ;
#635 = ORIENTED_EDGE ( 'NONE', *, *, #6229, .T. ) ;
#636 = CARTESIAN_POINT ( 'NONE',  ( -115.0200000000000102, 47.76698729810777166, -7.393344852500319354E-14 ) ) ;
#637 = DIRECTION ( 'NONE',  ( 0.7071067811865524577, 0.000000000000000000, -0.7071067811865426878 ) ) ;
#638 = CARTESIAN_POINT ( 'NONE',  ( -128.2199999999999704, -36.03001699971844829, -32.53104481000286086 ) ) ;
#639 = DIRECTION ( 'NONE',  ( 1.000000000000000000, -0.000000000000000000, -0.000000000000000000 ) ) ;
#640 = CARTESIAN_POINT ( 'NONE',  ( -159.9899999999999807, 14.28999999999999737, -40.86854481000000305 ) ) ;
#641 = AXIS2_PLACEMENT_3D ( 'NONE', #4370, #6346, #2334 ) ;
#642 = ORIENTED_EDGE ( 'NONE', *, *, #1778, .T. ) ;
#643 = EDGE_CURVE ( 'NONE', #5344, #475, #1029, .T. ) ;
#644 = VERTEX_POINT ( 'NONE', #1951 ) ;
#645 = VECTOR ( 'NONE', #3912, 1000.000000000000000 ) ;
#646 = ORIENTED_EDGE ( 'NONE', *, *, #5860, .F. ) ;
#647 = CARTESIAN_POINT ( 'NONE',  ( -167.9900000000000091, -2.213114754098358894, 9.174763063641963257 ) ) ;
#648 = CARTESIAN_POINT ( 'NONE',  ( -158.9899999999998954, 22.07999999999999829, 17.47145518999998970 ) ) ;
#649 = CARTESIAN_POINT ( 'NONE',  ( -128.2199999999999989, 47.76698729810777166, -31.97854481000000249 ) ) ;
#650 = AXIS2_PLACEMENT_3D ( 'NONE', #4060, #2211, #4606 ) ;
#651 = AXIS2_PLACEMENT_3D ( 'NONE', #1456, #1952, #5905 ) ;
#652 = ORIENTED_EDGE ( 'NONE', *, *, #6270, .F. ) ;
#653 = CARTESIAN_POINT ( 'NONE',  ( -132.0725387770978330, 3.300000000000000266, -56.23104481000000021 ) ) ;
#654 = ORIENTED_EDGE ( 'NONE', *, *, #720, .T. ) ;
#655 = DIRECTION ( 'NONE',  ( 0.000000000000000000, 0.000000000000000000, 1.000000000000000000 ) ) ;
#656 = CARTESIAN_POINT ( 'NONE',  ( -167.9900000000000091, -2.213114754098358894, -7.031852683641989898 ) ) ;
#657 = ORIENTED_EDGE ( 'NONE', *, *, #3413, .F. ) ;
#658 = VECTOR ( 'NONE', #3503, 1000.000000000000114 ) ;
#659 = DIRECTION ( 'NONE',  ( -1.000000000000000000, -0.000000000000000000, -0.000000000000000000 ) ) ;
#660 = CARTESIAN_POINT ( 'NONE',  ( -69.41899135999115344, 22.07999999999999829, 22.36145518999998671 ) ) ;
#661 = DIRECTION ( 'NONE',  ( 0.000000000000000000, 0.8660254037844384856, 0.5000000000000001110 ) ) ;
#662 = AXIS2_PLACEMENT_3D ( 'NONE', #1825, #4297, #6364 ) ;
#663 = VECTOR ( 'NONE', #4748, 1000.000000000000114 ) ;
#664 = EDGE_CURVE ( 'NONE', #2530, #731, #4449, .T. ) ;
#665 = EDGE_CURVE ( 'NONE', #4574, #1193, #4142, .T. ) ;
#666 = VERTEX_POINT ( 'NONE', #2166 ) ;
#667 = MANIFOLD_SOLID_BREP ( 'Fillet29', #631 ) ;
#668 = CARTESIAN_POINT ( 'NONE',  ( -143.0063062308674660, 35.96224338964157852, 41.19437094407703626 ) ) ;
#669 = CIRCLE ( 'NONE', #4317, 15.49999999999999289 ) ;
#670 = DIRECTION ( 'NONE',  ( 0.000000000000000000, 0.000000000000000000, 1.000000000000000000 ) ) ;
#671 = DIRECTION ( 'NONE',  ( -1.000000000000000000, -0.000000000000000000, -0.000000000000000000 ) ) ;
#672 = CIRCLE ( 'NONE', #5350, 8.000000000000000000 ) ;
#673 = ORIENTED_EDGE ( 'NONE', *, *, #2586, .F. ) ;
#674 = DIRECTION ( 'NONE',  ( -0.000000000000000000, -3.623650399333143762E-18, 1.000000000000000000 ) ) ;
#675 = DIRECTION ( 'NONE',  ( 0.000000000000000000, 0.000000000000000000, -1.000000000000000000 ) ) ;
#676 = DIRECTION ( 'NONE',  ( 0.000000000000000000, 1.000000000000000000, 0.000000000000000000 ) ) ;
#677 = CARTESIAN_POINT ( 'NONE',  ( -99.04663244449228898, 32.96973858619520570, 44.06747606764520953 ) ) ;
#678 = DIRECTION ( 'NONE',  ( 0.000000000000000000, 0.000000000000000000, 1.000000000000000000 ) ) ;
#679 = EDGE_LOOP ( 'NONE', ( #6096, #2928, #3522, #1310 ) ) ;
#680 = ORIENTED_EDGE ( 'NONE', *, *, #5128, .T. ) ;
#681 = ORIENTED_EDGE ( 'NONE', *, *, #3224, .T. ) ;
#682 = DIRECTION ( 'NONE',  ( 0.000000000000000000, -1.000000000000000000, 0.000000000000000000 ) ) ;
#683 = CARTESIAN_POINT ( 'NONE',  ( -152.8539656710590009, 3.300000000000000266, -93.25604481000284807 ) ) ;
#684 = CARTESIAN_POINT ( 'NONE',  ( -95.25838311852579920, 33.85131717208651736, 41.38191432683270676 ) ) ;
#685 = EDGE_CURVE ( 'NONE', #373, #3622, #5214, .T. ) ;
#686 = AXIS2_PLACEMENT_3D ( 'NONE', #3084, #1642, #695 ) ;
#687 = EDGE_LOOP ( 'NONE', ( #4393, #2869, #2895, #759 ) ) ;
#688 = CARTESIAN_POINT ( 'NONE',  ( -115.2700000000000529, 47.76698729810777166, -32.53104481000286796 ) ) ;
#689 = EDGE_LOOP ( 'NONE', ( #1135, #4340, #1461, #4106 ) ) ;
#690 = CARTESIAN_POINT ( 'NONE',  ( -96.97055306500091376, 33.54239453788699166, 42.32299213760436629 ) ) ;
#691 = LINE ( 'NONE', #4371, #4670 ) ;
#692 = VERTEX_POINT ( 'NONE', #3142 ) ;
#693 = CARTESIAN_POINT ( 'NONE',  ( -70.25000000000000000, 4.549999999999997158, 4.795364426273063252 ) ) ;
#694 = LINE ( 'NONE', #5637, #457 ) ;
#695 = DIRECTION ( 'NONE',  ( 0.000000000000000000, 0.000000000000000000, 1.000000000000000000 ) ) ;
#696 =( BOUNDED_CURVE ( )  B_SPLINE_CURVE ( 3, ( #4348, #3348, #4865, #6296 ),
 .UNSPECIFIED., .F., .T. ) 
 B_SPLINE_CURVE_WITH_KNOTS ( ( 4, 4 ),
 ( 2.337916537190432020, 2.941372574458289701 ),
 .UNSPECIFIED. ) 
 CURVE ( )  GEOMETRIC_REPRESENTATION_ITEM ( )  RATIONAL_B_SPLINE_CURVE ( ( 1.000000000000000000, 0.9698829324105302518, 0.9698829324105302518, 1.000000000000000000 ) ) 
 REPRESENTATION_ITEM ( '' )  );
#697 = ORIENTED_EDGE ( 'NONE', *, *, #4072, .F. ) ;
#698 = ORIENTED_EDGE ( 'NONE', *, *, #4679, .T. ) ;
#699 = CARTESIAN_POINT ( 'NONE',  ( -146.8215952110872422, 36.63057812279992476, 38.70011176346724113 ) ) ;
#700 = DIRECTION ( 'NONE',  ( 0.000000000000000000, 0.000000000000000000, -1.000000000000000000 ) ) ;
#701 = CARTESIAN_POINT ( 'NONE',  ( -167.9900000000000091, 18.22984139532879766, -59.96854480999999737 ) ) ;
#702 = EDGE_CURVE ( 'NONE', #5643, #3949, #3981, .T. ) ;
#703 = EDGE_CURVE ( 'NONE', #3143, #1051, #5529, .T. ) ;
#704 = ORIENTED_EDGE ( 'NONE', *, *, #349, .F. ) ;
#705 = CARTESIAN_POINT ( 'NONE',  ( -83.25000000000000000, 14.29000000000000448, -48.31636328254617752 ) ) ;
#706 = CYLINDRICAL_SURFACE ( 'NONE', #5228, 14.83999999999999275 ) ;
#707 = CARTESIAN_POINT ( 'NONE',  ( -154.8163720165046016, 40.64250000000248519, -56.23104481000000021 ) ) ;
#708 = CARTESIAN_POINT ( 'NONE',  ( -101.2121870826449168, 32.73821411443907436, 45.56272396480942177 ) ) ;
#709 = CARTESIAN_POINT ( 'NONE',  ( -83.25000000000000000, 0.000000000000000000, 0.000000000000000000 ) ) ;
#710 = ORIENTED_EDGE ( 'NONE', *, *, #3610, .F. ) ;
#711 = ORIENTED_EDGE ( 'NONE', *, *, #5355, .T. ) ;
#712 = VERTEX_POINT ( 'NONE', #1212 ) ;
#713 = DIRECTION ( 'NONE',  ( -1.000000000000000000, -0.000000000000000000, -0.000000000000000000 ) ) ;
#714 = DIRECTION ( 'NONE',  ( -1.000000000000000000, -0.000000000000000000, -0.000000000000000000 ) ) ;
#715 = AXIS2_PLACEMENT_3D ( 'NONE', #2864, #5323, #6261 ) ;
#716 = PLANE ( 'NONE',  #1899 ) ;
#717 = EDGE_CURVE ( 'NONE', #6157, #1520, #2733, .T. ) ;
#718 = CIRCLE ( 'NONE', #1552, 6.526372016504591755 ) ;
#719 = ORIENTED_EDGE ( 'NONE', *, *, #2579, .T. ) ;
#720 = EDGE_CURVE ( 'NONE', #1957, #5855, #2329, .T. ) ;
#721 = LINE ( 'NONE', #2753, #1133 ) ;
#722 = VERTEX_POINT ( 'NONE', #1245 ) ;
#723 = FACE_OUTER_BOUND ( 'NONE', #2588, .T. ) ;
#724 = CARTESIAN_POINT ( 'NONE',  ( -113.0000000000000000, 22.07999999999999829, 22.36145518999998671 ) ) ;
#725 = ORIENTED_EDGE ( 'NONE', *, *, #5128, .F. ) ;
#726 = CARTESIAN_POINT ( 'NONE',  ( -1.687484540486452350E-14, 47.76698729810777166, -32.53104481000292481 ) ) ;
#727 = CARTESIAN_POINT ( 'NONE',  ( -100.9000000000000625, 9.527500000002524061, -58.16854481000000021 ) ) ;
#728 = LINE ( 'NONE', #2104, #1112 ) ;
#729 = ADVANCED_FACE ( 'NONE', ( #723 ), #5513, .T. ) ;
#730 = AXIS2_PLACEMENT_3D ( 'NONE', #1897, #4306, #395 ) ;
#731 = VERTEX_POINT ( 'NONE', #6178 ) ;
#732 = ORIENTED_EDGE ( 'NONE', *, *, #3596, .T. ) ;
#733 = DIRECTION ( 'NONE',  ( 0.000000000000000000, 0.000000000000000000, -1.000000000000000000 ) ) ;
#734 = FACE_OUTER_BOUND ( 'NONE', #6322, .T. ) ;
#735 = CARTESIAN_POINT ( 'NONE',  ( -167.9900000000000091, 28.39900948664829983, -54.16854481000000021 ) ) ;
#736 = CIRCLE ( 'NONE', #4994, 6.749999999999992006 ) ;
#737 = ORIENTED_EDGE ( 'NONE', *, *, #1354, .T. ) ;
#738 = ADVANCED_FACE ( 'NONE', ( #61 ), #1144, .T. ) ;
#739 = DIRECTION ( 'NONE',  ( 1.000000000000000000, 0.000000000000000000, 0.000000000000000000 ) ) ;
#740 = EDGE_CURVE ( 'NONE', #3909, #299, #1671, .T. ) ;
#741 = CIRCLE ( 'NONE', #4074, 3.000000000000002665 ) ;
#742 = DIRECTION ( 'NONE',  ( 0.000000000000000000, 0.000000000000000000, -1.000000000000000000 ) ) ;
#743 = DIRECTION ( 'NONE',  ( 0.9583225744651340250, 0.000000000000000000, 0.2856883674049708888 ) ) ;
#744 = LINE ( 'NONE', #1653, #564 ) ;
#745 = FACE_OUTER_BOUND ( 'NONE', #988, .T. ) ;
#746 = AXIS2_PLACEMENT_3D ( 'NONE', #396, #2363, #3853 ) ;
#747 = AXIS2_PLACEMENT_3D ( 'NONE', #2870, #2502, #3384 ) ;
#748 = AXIS2_PLACEMENT_3D ( 'NONE', #3214, #2142, #3637 ) ;
#749 = ORIENTED_EDGE ( 'NONE', *, *, #953, .T. ) ;
#750 = ADVANCED_FACE ( 'NONE', ( #1807 ), #1384, .F. ) ;
#751 = EDGE_LOOP ( 'NONE', ( #3434, #6369 ) ) ;
#752 = EDGE_CURVE ( 'NONE', #1667, #1780, #1939, .T. ) ;
#753 = ORIENTED_EDGE ( 'NONE', *, *, #276, .T. ) ;
#754 = LINE ( 'NONE', #2747, #42 ) ;
#755 = CARTESIAN_POINT ( 'NONE',  ( -70.25000000000000000, 49.76698729810777166, -58.36708106719408562 ) ) ;
#756 = AXIS2_PLACEMENT_3D ( 'NONE', #5830, #3372, #5345 ) ;
#757 = DIRECTION ( 'NONE',  ( 0.000000000000000000, 0.000000000000000000, -1.000000000000000000 ) ) ;
#758 = VECTOR ( 'NONE', #371, 1000.000000000000000 ) ;
#759 = ORIENTED_EDGE ( 'NONE', *, *, #6220, .F. ) ;
#760 = FACE_OUTER_BOUND ( 'NONE', #2410, .T. ) ;
#761 = ORIENTED_EDGE ( 'NONE', *, *, #3612, .T. ) ;
#762 = DIRECTION ( 'NONE',  ( -0.000000000000000000, -0.000000000000000000, -1.000000000000000000 ) ) ;
#763 = CARTESIAN_POINT ( 'NONE',  ( -114.0000000000000000, 22.07999999999999829, 28.25145518999998018 ) ) ;
#764 = VERTEX_POINT ( 'NONE', #300 ) ;
#765 = CARTESIAN_POINT ( 'NONE',  ( -144.7725510868672529, 33.14250799008725323, 43.48539810556398777 ) ) ;
#766 = DIRECTION ( 'NONE',  ( -0.000000000000000000, 0.9999526351392764578, 0.009732804221661681479 ) ) ;
#767 = AXIS2_PLACEMENT_3D ( 'NONE', #5556, #1651, #3676 ) ;
#768 = LINE ( 'NONE', #4884, #3717 ) ;
#769 = AXIS2_PLACEMENT_3D ( 'NONE', #4605, #1717, #4059 ) ;
#770 = VERTEX_POINT ( 'NONE', #895 ) ;
#771 = ORIENTED_EDGE ( 'NONE', *, *, #1873, .T. ) ;
#772 = CARTESIAN_POINT ( 'NONE',  ( -149.6771849604237161, 36.91154622258130757, 37.65152453977703573 ) ) ;
#773 = CARTESIAN_POINT ( 'NONE',  ( -121.2087306114493970, 3.300000000000000266, -46.18977542145263016 ) ) ;
#774 = CARTESIAN_POINT ( 'NONE',  ( -161.5131842133284295, 52.56830429459234466, -45.23104481000287080 ) ) ;
#775 = EDGE_CURVE ( 'NONE', #1957, #1781, #3920, .T. ) ;
#776 = AXIS2_PLACEMENT_3D ( 'NONE', #5049, #1613, #2591 ) ;
#777 = ORIENTED_EDGE ( 'NONE', *, *, #1712, .T. ) ;
#778 = DIRECTION ( 'NONE',  ( 0.000000000000000000, 3.623650399333144532E-18, -1.000000000000000000 ) ) ;
#779 = AXIS2_PLACEMENT_3D ( 'NONE', #1964, #3549, #1041 ) ;
#780 = CARTESIAN_POINT ( 'NONE',  ( -114.0000000000000000, 11.00000000000000000, -9.928544809995356601 ) ) ;
#781 = CARTESIAN_POINT ( 'NONE',  ( -114.0000000000000000, 23.90422363157352947, 32.31389457485497729 ) ) ;
#782 = FACE_OUTER_BOUND ( 'NONE', #4284, .T. ) ;
#783 = DIRECTION ( 'NONE',  ( 0.000000000000000000, 0.000000000000000000, 1.000000000000000000 ) ) ;
#784 = AXIS2_PLACEMENT_3D ( 'NONE', #32, #4967, #600 ) ;
#785 = ORIENTED_EDGE ( 'NONE', *, *, #4298, .F. ) ;
#786 = VECTOR ( 'NONE', #1994, 1000.000000000000000 ) ;
#787 = CARTESIAN_POINT ( 'NONE',  ( -83.25000000000000000, 42.96500000000000341, -37.14463557372691582 ) ) ;
#788 = ORIENTED_EDGE ( 'NONE', *, *, #3982, .T. ) ;
#789 = DIRECTION ( 'NONE',  ( 0.000000000000000000, -0.000000000000000000, 1.000000000000000000 ) ) ;
#790 = DIRECTION ( 'NONE',  ( 1.000000000000000000, -0.000000000000000000, -0.000000000000000000 ) ) ;
#791 = CARTESIAN_POINT ( 'NONE',  ( 0.000000000000000000, -36.03001699971844829, -61.46854480999999737 ) ) ;
#792 = ADVANCED_FACE ( 'NONE', ( #431, #5310 ), #3795, .T. ) ;
#793 = EDGE_CURVE ( 'NONE', #5280, #5344, #2302, .T. ) ;
#794 = EDGE_CURVE ( 'NONE', #3622, #5643, #3826, .T. ) ;
#795 = EDGE_LOOP ( 'NONE', ( #1716, #6329, #5221, #1967 ) ) ;
#796 = CARTESIAN_POINT ( 'NONE',  ( -140.4097769552925854, 52.40432538864810397, -43.16985916968522474 ) ) ;
#797 = ORIENTED_EDGE ( 'NONE', *, *, #875, .T. ) ;
#798 = DIRECTION ( 'NONE',  ( 1.000000000000000000, -0.000000000000000000, 0.000000000000000000 ) ) ;
#799 = CARTESIAN_POINT ( 'NONE',  ( -114.0000000000000000, 19.83721193742468714, 45.51016294905394943 ) ) ;
#800 = ORIENTED_EDGE ( 'NONE', *, *, #2673, .T. ) ;
#801 = CARTESIAN_POINT ( 'NONE',  ( -145.2464692714675039, 33.27901518483061949, 43.06931956815758866 ) ) ;
#802 = CARTESIAN_POINT ( 'NONE',  ( -100.9000000000000625, 1.971634155282191267E-16, -61.46854480999999737 ) ) ;
#803 = AXIS2_PLACEMENT_3D ( 'NONE', #2934, #5756, #4906 ) ;
#804 = ORIENTED_EDGE ( 'NONE', *, *, #3603, .T. ) ;
#805 = VERTEX_POINT ( 'NONE', #3308 ) ;
#806 = CARTESIAN_POINT ( 'NONE',  ( -96.03721210738530090, 36.63726655141784505, 38.67515020804231085 ) ) ;
#807 = CARTESIAN_POINT ( 'NONE',  ( -159.6984746221445732, 35.46017184922439469, -56.23104481000000021 ) ) ;
#808 = DIRECTION ( 'NONE',  ( 0.000000000000000000, 0.000000000000000000, -1.000000000000000000 ) ) ;
#809 = CONICAL_SURFACE ( 'NONE', #82, 5.912499999999987210, 0.7853981633974405074 ) ;
#810 = EDGE_LOOP ( 'NONE', ( #1732, #3433, #2490, #2727 ) ) ;
#811 = EDGE_CURVE ( 'NONE', #1309, #6258, #2952, .T. ) ;
#812 = CARTESIAN_POINT ( 'NONE',  ( -104.6092703718782388, 35.30168919948091144, 43.65959274290920433 ) ) ;
#813 = CARTESIAN_POINT ( 'NONE',  ( -143.9129283805851287, 32.92675161511351689, 44.34507070037552268 ) ) ;
#814 = FACE_OUTER_BOUND ( 'NONE', #5931, .T. ) ;
#815 = FACE_BOUND ( 'NONE', #5395, .T. ) ;
#816 = DIRECTION ( 'NONE',  ( 0.000000000000000000, -1.000000000000000000, 0.000000000000000000 ) ) ;
#817 = ORIENTED_EDGE ( 'NONE', *, *, #2297, .T. ) ;
#818 = ADVANCED_FACE ( 'NONE', ( #335 ), #4401, .F. ) ;
#819 = EDGE_LOOP ( 'NONE', ( #4350, #4862, #2820, #2845, #6087, #5630, #2094, #6003 ) ) ;
#820 = VERTEX_POINT ( 'NONE', #5795 ) ;
#821 = DIRECTION ( 'NONE',  ( 0.3919008597271336769, -0.7119728928424833292, -0.5826734213971316301 ) ) ;
#822 = FACE_BOUND ( 'NONE', #592, .T. ) ;
#823 = FACE_OUTER_BOUND ( 'NONE', #3918, .T. ) ;
#824 = CARTESIAN_POINT ( 'NONE',  ( -104.6092703718782388, 35.30168919948090434, 43.65959274290922565 ) ) ;
#825 = ORIENTED_EDGE ( 'NONE', *, *, #4391, .F. ) ;
#826 = CARTESIAN_POINT ( 'NONE',  ( -159.9899999999999807, 0.000000000000000000, 0.000000000000000000 ) ) ;
#827 = ADVANCED_FACE ( 'NONE', ( #5894 ), #1838, .T. ) ;
#828 = CARTESIAN_POINT ( 'NONE',  ( -158.9899999999999523, 36.51499999999999346, -35.95604481000000163 ) ) ;
#829 = ORIENTED_EDGE ( 'NONE', *, *, #2315, .T. ) ;
#830 = EDGE_CURVE ( 'NONE', #5042, #2131, #33, .T. ) ;
#831 = DIRECTION ( 'NONE',  ( 0.000000000000000000, 0.000000000000000000, 1.000000000000000000 ) ) ;
#832 = DIRECTION ( 'NONE',  ( 0.000000000000000000, -0.009732804221661679744, 0.9999526351392763468 ) ) ;
#833 = AXIS2_PLACEMENT_3D ( 'NONE', #3793, #6344, #3855 ) ;
#834 = ORIENTED_EDGE ( 'NONE', *, *, #6209, .F. ) ;
#835 = ADVANCED_FACE ( 'NONE', ( #1444 ), #400, .T. ) ;
#836 = VERTEX_POINT ( 'NONE', #4792 ) ;
#837 = VECTOR ( 'NONE', #991, 999.9999999999998863 ) ;
#838 = LINE ( 'NONE', #6293, #562 ) ;
#839 = LINE ( 'NONE', #2832, #2177 ) ;
#840 = CARTESIAN_POINT ( 'NONE',  ( -167.9900000000000091, 32.57515860467621138, -59.96854480999999737 ) ) ;
#841 = EDGE_CURVE ( 'NONE', #4275, #2741, #4858, .T. ) ;
#842 = ORIENTED_EDGE ( 'NONE', *, *, #4445, .T. ) ;
#843 = DIRECTION ( 'NONE',  ( -1.000000000000000000, 0.000000000000000000, 0.000000000000000000 ) ) ;
#844 = CARTESIAN_POINT ( 'NONE',  ( -141.6264241352765509, 32.71164314683209540, 45.73416803026641020 ) ) ;
#845 = AXIS2_PLACEMENT_3D ( 'NONE', #1908, #5835, #3859 ) ;
#846 = DIRECTION ( 'NONE',  ( -1.000000000000000000, 0.000000000000000000, 0.000000000000000000 ) ) ;
#847 = CARTESIAN_POINT ( 'NONE',  ( -144.2831457505076003, 32.98408942375561992, 43.97480344192364754 ) ) ;
#848 = AXIS2_PLACEMENT_3D ( 'NONE', #2515, #4493, #10 ) ;
#849 = CARTESIAN_POINT ( 'NONE',  ( -92.12764461915041636, 34.21811950339824193, 40.26452068413706797 ) ) ;
#850 = ORIENTED_EDGE ( 'NONE', *, *, #1753, .F. ) ;
#851 = AXIS2_PLACEMENT_3D ( 'NONE', #2656, #2102, #1089 ) ;
#852 = CARTESIAN_POINT ( 'NONE',  ( -141.7636279834954678, 40.64250000000248519, -61.46854480999999737 ) ) ;
#853 = ORIENTED_EDGE ( 'NONE', *, *, #4958, .T. ) ;
#854 = PLANE ( 'NONE',  #5639 ) ;
#855 = FACE_OUTER_BOUND ( 'NONE', #4454, .T. ) ;
#856 = PLANE ( 'NONE',  #629 ) ;
#857 = CIRCLE ( 'NONE', #1155, 5.912500000000014744 ) ;
#858 = ADVANCED_FACE ( 'NONE', ( #2399 ), #2821, .F. ) ;
#859 = AXIS2_PLACEMENT_3D ( 'NONE', #3466, #2891, #4860 ) ;
#860 = CARTESIAN_POINT ( 'NONE',  ( -102.5778174561036877, 32.65922138109400663, 46.07268618916666725 ) ) ;
#861 = ORIENTED_EDGE ( 'NONE', *, *, #1463, .T. ) ;
#862 = DIRECTION ( 'NONE',  ( -1.000000000000000000, 0.000000000000000000, 0.000000000000000000 ) ) ;
#863 = PLANE ( 'NONE',  #2500 ) ;
#864 = ORIENTED_EDGE ( 'NONE', *, *, #188, .F. ) ;
#865 = DIRECTION ( 'NONE',  ( 0.000000000000000000, 0.000000000000000000, -1.000000000000000000 ) ) ;
#866 = PLANE ( 'NONE',  #4515 ) ;
#867 = AXIS2_PLACEMENT_3D ( 'NONE', #586, #3523, #3040 ) ;
#868 = ORIENTED_EDGE ( 'NONE', *, *, #4585, .F. ) ;
#869 = EDGE_LOOP ( 'NONE', ( #924, #2063, #2953, #4497 ) ) ;
#870 = AXIS2_PLACEMENT_3D ( 'NONE', #394, #2846, #4754 ) ;
#871 = CARTESIAN_POINT ( 'NONE',  ( -70.25000000000000000, 15.63000000000001144, 18.63754595372690304 ) ) ;
#872 = DIRECTION ( 'NONE',  ( 0.000000000000000000, 0.000000000000000000, 1.000000000000000000 ) ) ;
#873 = DIRECTION ( 'NONE',  ( 1.000000000000000000, -0.000000000000000000, 0.000000000000000000 ) ) ;
#874 = ADVANCED_FACE ( 'NONE', ( #6285 ), #1904, .T. ) ;
#875 = EDGE_CURVE ( 'NONE', #3622, #3909, #3952, .T. ) ;
#876 = AXIS2_PLACEMENT_3D ( 'NONE', #6362, #2968, #3508 ) ;
#877 = EDGE_LOOP ( 'NONE', ( #4334, #3692, #1143, #4699, #1875 ) ) ;
#878 = DIRECTION ( 'NONE',  ( 0.000000000000000000, 0.000000000000000000, 1.000000000000000000 ) ) ;
#879 = LINE ( 'NONE', #5715, #3786 ) ;
#880 = DIRECTION ( 'NONE',  ( -1.000000000000000000, -0.000000000000000000, -0.000000000000000000 ) ) ;
#881 = CIRCLE ( 'NONE', #4511, 14.83999999999999453 ) ;
#882 = CARTESIAN_POINT ( 'NONE',  ( -167.9900000000000091, 14.28999999999999915, -32.86854481000000305 ) ) ;
#883 = CARTESIAN_POINT ( 'NONE',  ( -167.9900000000000091, 47.04105340123315671, -0.1523109065847367272 ) ) ;
#884 = EDGE_CURVE ( 'NONE', #4825, #2062, #3495, .T. ) ;
#885 = ORIENTED_EDGE ( 'NONE', *, *, #1912, .T. ) ;
#886 = AXIS2_PLACEMENT_3D ( 'NONE', #1744, #2204, #3800 ) ;
#887 = ORIENTED_EDGE ( 'NONE', *, *, #1001, .T. ) ;
#888 = EDGE_LOOP ( 'NONE', ( #1187, #2708 ) ) ;
#889 = DIRECTION ( 'NONE',  ( 5.187305081475804110E-16, 0.000000000000000000, 1.000000000000000000 ) ) ;
#890 = CARTESIAN_POINT ( 'NONE',  ( -114.2699999999999818, 14.28999999999999737, -40.86854481000000305 ) ) ;
#891 = CARTESIAN_POINT ( 'NONE',  ( -104.6092703718782246, 0.000000000000000000, 46.31794919243127140 ) ) ;
#892 = CIRCLE ( 'NONE', #1721, 4.912500000000000533 ) ;
#893 = CARTESIAN_POINT ( 'NONE',  ( -145.4860381518549275, 52.01991873588507787, -45.02986012866355736 ) ) ;
#894 = ORIENTED_EDGE ( 'NONE', *, *, #4282, .T. ) ;
#895 = CARTESIAN_POINT ( 'NONE',  ( -135.8148612484233126, 1.153355932508685963E-16, -38.90291912545238517 ) ) ;
#896 = EDGE_CURVE ( 'NONE', #3298, #5351, #5104, .T. ) ;
#897 = DIRECTION ( 'NONE',  ( 1.000000000000000000, -0.000000000000000000, -0.000000000000000000 ) ) ;
#898 = CYLINDRICAL_SURFACE ( 'NONE', #859, 6.526372016504577545 ) ;
#899 = ORIENTED_EDGE ( 'NONE', *, *, #3780, .T. ) ;
#900 = ORIENTED_EDGE ( 'NONE', *, *, #4558, .F. ) ;
#901 = CARTESIAN_POINT ( 'NONE',  ( -141.9329556207563598, 35.67456220303814973, 42.26801174886279000 ) ) ;
#902 = DIRECTION ( 'NONE',  ( 0.000000000000000000, -0.9242641634451537191, 0.3817535280400566888 ) ) ;
#903 = VERTEX_POINT ( 'NONE', #1511 ) ;
#904 = VECTOR ( 'NONE', #5147, 1000.000000000000000 ) ;
#905 = DIRECTION ( 'NONE',  ( -1.000000000000000000, -0.000000000000000000, -0.000000000000000000 ) ) ;
#906 = LINE ( 'NONE', #3292, #3472 ) ;
#907 = DIRECTION ( 'NONE',  ( -1.000000000000000000, -0.000000000000000000, -0.000000000000000000 ) ) ;
#908 = EDGE_CURVE ( 'NONE', #3722, #1255, #6359, .T. ) ;
#909 = ADVANCED_FACE ( 'NONE', ( #990 ), #1475, .T. ) ;
#910 = PLANE ( 'NONE',  #3802 ) ;
#911 = LINE ( 'NONE', #3295, #6194 ) ;
#912 = AXIS2_PLACEMENT_3D ( 'NONE', #3424, #14, #4397 ) ;
#913 =( BOUNDED_CURVE ( )  B_SPLINE_CURVE ( 3, ( #4974, #98, #1993, #2083 ),
 .UNSPECIFIED., .F., .F. ) 
 B_SPLINE_CURVE_WITH_KNOTS ( ( 4, 4 ),
 ( 5.169841107194700136, 6.283185307179586232 ),
 .UNSPECIFIED. ) 
 CURVE ( )  GEOMETRIC_REPRESENTATION_ITEM ( )  RATIONAL_B_SPLINE_CURVE ( ( 1.000000000000000000, 0.8993454337775125262, 0.8993454337775125262, 1.000000000000000000 ) ) 
 REPRESENTATION_ITEM ( '' )  );
#914 = VERTEX_POINT ( 'NONE', #6015 ) ;
#915 = EDGE_LOOP ( 'NONE', ( #5695, #4220 ) ) ;
#916 = CARTESIAN_POINT ( 'NONE',  ( -83.25000000000000000, 15.63000000000000789, 26.08536442627307750 ) ) ;
#917 = CIRCLE ( 'NONE', #4646, 6.540563343818389441 ) ;
#918 = VERTEX_POINT ( 'NONE', #2032 ) ;
#919 = PLANE ( 'NONE',  #870 ) ;
#920 = DIRECTION ( 'NONE',  ( 0.000000000000000000, 0.000000000000000000, 1.000000000000000000 ) ) ;
#921 = DIRECTION ( 'NONE',  ( -1.000000000000000000, -0.000000000000000000, -0.000000000000000000 ) ) ;
#922 = APPLICATION_PROTOCOL_DEFINITION ( 'draft international standard', 'automotive_design', 1998, #2996 ) ;
#923 = FACE_OUTER_BOUND ( 'NONE', #1036, .T. ) ;
#924 = ORIENTED_EDGE ( 'NONE', *, *, #3117, .T. ) ;
#925 = CARTESIAN_POINT ( 'NONE',  ( -70.25000000000000000, -1.951563910473907981E-15, 38.07145519000000888 ) ) ;
#926 = DIRECTION ( 'NONE',  ( 0.000000000000000000, 0.8660254037844383745, 0.5000000000000003331 ) ) ;
#927 = PLANE ( 'NONE',  #2732 ) ;
#928 = EDGE_CURVE ( 'NONE', #3029, #2983, #498, .T. ) ;
#929 = ORIENTED_EDGE ( 'NONE', *, *, #4072, .T. ) ;
#930 = ORIENTED_EDGE ( 'NONE', *, *, #3432, .F. ) ;
#931 = DIRECTION ( 'NONE',  ( 0.000000000000000000, 3.623650399333141451E-18, -1.000000000000000000 ) ) ;
#932 = CONICAL_SURFACE ( 'NONE', #100, 4.912500000000000533, 0.7853981633974473908 ) ;
#933 = CARTESIAN_POINT ( 'NONE',  ( -158.9899999999999523, 14.28999999999999737, -40.86854481000000305 ) ) ;
#934 = EDGE_CURVE ( 'NONE', #6212, #3646, #3464, .T. ) ;
#935 = CIRCLE ( 'NONE', #5808, 8.000000000000001776 ) ;
#936 = ORIENTED_EDGE ( 'NONE', *, *, #2909, .T. ) ;
#937 = LINE ( 'NONE', #3872, #1685 ) ;
#938 = DIRECTION ( 'NONE',  ( 0.000000000000000000, -0.8660254037844383745, -0.5000000000000003331 ) ) ;
#939 = CYLINDRICAL_SURFACE ( 'NONE', #4172, 4.889999999999998792 ) ;
#940 = DIRECTION ( 'NONE',  ( 0.9555270187070830090, -0.07632666078932133502, 0.2848549760378177864 ) ) ;
#941 = CARTESIAN_POINT ( 'NONE',  ( -144.2831457505076003, 0.000000000000000000, 43.97480344192365465 ) ) ;
#942 = ORIENTED_EDGE ( 'NONE', *, *, #6142, .T. ) ;
#943 = EDGE_CURVE ( 'NONE', #1448, #2468, #524, .T. ) ;
#944 = EDGE_CURVE ( 'NONE', #5502, #3284, #467, .T. ) ;
#945 = ORIENTED_EDGE ( 'NONE', *, *, #2231, .T. ) ;
#946 = DIRECTION ( 'NONE',  ( 0.000000000000000000, -0.000000000000000000, 1.000000000000000000 ) ) ;
#947 = VERTEX_POINT ( 'NONE', #1565 ) ;
#948 = LINE ( 'NONE', #9, #3672 ) ;
#949 = CARTESIAN_POINT ( 'NONE',  ( -129.2399999999999807, 22.07999999999999829, 22.36145518999998671 ) ) ;
#950 = CARTESIAN_POINT ( 'NONE',  ( -83.25000000000000000, 0.000000000000000000, 46.31794919243127140 ) ) ;
#951 = PRODUCT_CONTEXT ( 'NONE', #2996, 'mechanical' ) ;
#952 = CIRCLE ( 'NONE', #2416, 4.912500000000000533 ) ;
#953 = EDGE_CURVE ( 'NONE', #1281, #2404, #1019, .T. ) ;
#954 = EDGE_CURVE ( 'NONE', #1571, #947, #5531, .T. ) ;
#955 = EDGE_LOOP ( 'NONE', ( #2754, #2977, #1166, #1656 ) ) ;
#956 = ORIENTED_EDGE ( 'NONE', *, *, #4609, .T. ) ;
#957 = DIRECTION ( 'NONE',  ( -1.000000000000000000, 0.000000000000000000, 0.000000000000000000 ) ) ;
#958 = CARTESIAN_POINT ( 'NONE',  ( -154.8163720165046016, 40.64250000000248519, -52.23104480999999311 ) ) ;
#959 = AXIS2_PLACEMENT_3D ( 'NONE', #1471, #5434, #4788 ) ;
#960 = CARTESIAN_POINT ( 'NONE',  ( -83.25000000000000000, 11.00000000000000000, 6.983955189999973889 ) ) ;
#961 = CONICAL_SURFACE ( 'NONE', #5841, 5.912499999999987210, 0.7853981633974415066 ) ;
#962 = ORIENTED_EDGE ( 'NONE', *, *, #4585, .T. ) ;
#963 = ORIENTED_EDGE ( 'NONE', *, *, #2926, .F. ) ;
#964 = CARTESIAN_POINT ( 'NONE',  ( -167.9900000000000091, -5.204170427930421283E-15, 11.99162002392075088 ) ) ;
#965 = CIRCLE ( 'NONE', #4498, 33.80250000000000199 ) ;
#966 = CARTESIAN_POINT ( 'NONE',  ( -115.2699999999999818, 14.28999999999999737, -46.78104480999999026 ) ) ;
#967 = AXIS2_PLACEMENT_3D ( 'NONE', #194, #1698, #6172 ) ;
#968 = ORIENTED_EDGE ( 'NONE', *, *, #5591, .F. ) ;
#969 = CARTESIAN_POINT ( 'NONE',  ( -100.9000000000000625, 49.76715990553590530, -58.24957121884516908 ) ) ;
#970 = DIRECTION ( 'NONE',  ( -1.000000000000000000, -0.000000000000000000, -0.000000000000000000 ) ) ;
#971 = ADVANCED_FACE ( 'NONE', ( #1969 ), #3076, .F. ) ;
#972 = CARTESIAN_POINT ( 'NONE',  ( -115.0199999999999818, 3.299999999999997158, -52.37850603290208085 ) ) ;
#973 = CARTESIAN_POINT ( 'NONE',  ( -111.1674612229020909, 16.01783508830278180, -56.23104481000000021 ) ) ;
#974 = CARTESIAN_POINT ( 'NONE',  ( -84.25000000000000000, 14.28999999999999737, -40.86854481000000305 ) ) ;
#975 = AXIS2_PLACEMENT_3D ( 'NONE', #5999, #5879, #3026 ) ;
#976 = AXIS2_PLACEMENT_3D ( 'NONE', #2280, #4346, #6225 ) ;
#977 = EDGE_LOOP ( 'NONE', ( #673, #48, #6078, #5320 ) ) ;
#978 = VERTEX_POINT ( 'NONE', #5043 ) ;
#979 = DIRECTION ( 'NONE',  ( -1.000000000000000000, 0.000000000000000000, 0.000000000000000000 ) ) ;
#980 = AXIS2_PLACEMENT_3D ( 'NONE', #660, #2657, #2339 ) ;
#981 = ORIENTED_EDGE ( 'NONE', *, *, #2466, .T. ) ;
#982 = AXIS2_PLACEMENT_3D ( 'NONE', #3261, #5588, #3746 ) ;
#983 = DIRECTION ( 'NONE',  ( -1.000000000000000000, -0.000000000000000000, -0.000000000000000000 ) ) ;
#984 = CARTESIAN_POINT ( 'NONE',  ( -130.6736727773190978, 52.31094748428943575, -32.93788496591690773 ) ) ;
#985 = CARTESIAN_POINT ( 'NONE',  ( -106.1570624262682117, 51.76602520085979364, -45.88001256880247780 ) ) ;
#986 = PLANE ( 'NONE',  #5452 ) ;
#987 = VECTOR ( 'NONE', #6044, 1000.000000000000000 ) ;
#988 = EDGE_LOOP ( 'NONE', ( #1554, #4179, #1821, #5328, #5184 ) ) ;
#989 = VERTEX_POINT ( 'NONE', #5986 ) ;
#990 = FACE_OUTER_BOUND ( 'NONE', #4815, .T. ) ;
#991 = DIRECTION ( 'NONE',  ( 0.7071067811865531239, 0.000000000000000000, -0.7071067811865420216 ) ) ;
#992 = VECTOR ( 'NONE', #2538, 1000.000000000000114 ) ;
#993 = FACE_OUTER_BOUND ( 'NONE', #4619, .T. ) ;
#994 = CIRCLE ( 'NONE', #5249, 8.000000000000000000 ) ;
#995 = EDGE_CURVE ( 'NONE', #6298, #5383, #4465, .T. ) ;
#996 = ADVANCED_FACE ( 'NONE', ( #4500, #1536 ), #1998, .T. ) ;
#997 = EDGE_CURVE ( 'NONE', #3722, #1292, #6051, .T. ) ;
#998 = ORIENTED_EDGE ( 'NONE', *, *, #3, .T. ) ;
#999 = ORIENTED_EDGE ( 'NONE', *, *, #4256, .T. ) ;
#1000 = CARTESIAN_POINT ( 'NONE',  ( -101.8178052303598378, 45.40725005916344514, -61.46854480999999737 ) ) ;
#1001 = EDGE_CURVE ( 'NONE', #5583, #627, #78, .T. ) ;
#1002 = DIRECTION ( 'NONE',  ( -0.1227646968924826498, -0.7047450389817080385, -0.6987583697012635930 ) ) ;
#1003 = EDGE_LOOP ( 'NONE', ( #1789, #5898, #2593, #4425, #2643, #5097 ) ) ;
#1004 = DIRECTION ( 'NONE',  ( -1.000000000000000000, 0.000000000000000000, 0.000000000000000000 ) ) ;
#1005 = DIRECTION ( 'NONE',  ( 0.000000000000000000, 0.000000000000000000, 1.000000000000000000 ) ) ;
#1006 = DIRECTION ( 'NONE',  ( 0.000000000000000000, -1.000000000000000000, -3.623650399333143762E-18 ) ) ;
#1007 = FACE_OUTER_BOUND ( 'NONE', #2304, .T. ) ;
#1008 = EDGE_LOOP ( 'NONE', ( #894, #2572, #2022, #3530, #6039, #1858, #962, #5620, #4604, #3659, #4400, #1895, #2791, #4519, #1799, #719, #1996, #4016, #4369 ) ) ;
#1009 = ORIENTED_EDGE ( 'NONE', *, *, #2702, .F. ) ;
#1010 = CARTESIAN_POINT ( 'NONE',  ( -83.25000000000000000, 4.549999999999998934, -2.652454046273100552 ) ) ;
#1011 = ORIENTED_EDGE ( 'NONE', *, *, #512, .F. ) ;
#1012 = LINE ( 'NONE', #5035, #1280 ) ;
#1013 = CARTESIAN_POINT ( 'NONE',  ( -129.4775479428320750, 52.29022790335186954, -32.58113138461823155 ) ) ;
#1014 = CARTESIAN_POINT ( 'NONE',  ( -129.2399999999999807, 20.16208467296088003, 23.25379511268386423 ) ) ;
#1015 = PLANE ( 'NONE',  #6071 ) ;
#1016 = EDGE_CURVE ( 'NONE', #5351, #3298, #5629, .T. ) ;
#1017 = ORIENTED_EDGE ( 'NONE', *, *, #1411, .T. ) ;
#1018 = VERTEX_POINT ( 'NONE', #5069 ) ;
#1019 = LINE ( 'NONE', #3986, #2109 ) ;
#1020 = PLANE ( 'NONE',  #1769 ) ;
#1021 = CARTESIAN_POINT ( 'NONE',  ( -70.25000000000000000, 36.51499999999998636, -48.31636328254618462 ) ) ;
#1022 = EDGE_CURVE ( 'NONE', #3957, #5947, #965, .T. ) ;
#1023 = EDGE_CURVE ( 'NONE', #3404, #5337, #1663, .T. ) ;
#1024 = ORIENTED_EDGE ( 'NONE', *, *, #348, .F. ) ;
#1025 = ORIENTED_EDGE ( 'NONE', *, *, #2687, .F. ) ;
#1026 = DIRECTION ( 'NONE',  ( -1.000000000000000000, 0.000000000000000000, 0.000000000000000000 ) ) ;
#1027 = CARTESIAN_POINT ( 'NONE',  ( -114.0000000000000000, 19.22993632290816279, 8.369958332485904151 ) ) ;
#1028 = ORIENTED_EDGE ( 'NONE', *, *, #6228, .F. ) ;
#1029 = LINE ( 'NONE', #4901, #6140 ) ;
#1030 = AXIS2_PLACEMENT_3D ( 'NONE', #4593, #4112, #1637 ) ;
#1031 = DIRECTION ( 'NONE',  ( -0.000000000000000000, 1.000000000000000000, -0.000000000000000000 ) ) ;
#1032 = CARTESIAN_POINT ( 'NONE',  ( -148.2900000000000205, 10.16250000000252918, -61.46854480999999737 ) ) ;
#1033 = CARTESIAN_POINT ( 'NONE',  ( -59.90828083111568247, 39.02799741610052564, 29.75282115382366754 ) ) ;
#1034 = B_SPLINE_CURVE_WITH_KNOTS ( 'NONE', 1,
 ( #3749, #5300 ),
 .UNSPECIFIED., .F., .F.,
 ( 2, 2 ),
 ( 0.000000000000000000, 1.000000000000000000 ),
 .UNSPECIFIED. ) ;
#1035 = EDGE_LOOP ( 'NONE', ( #6247, #5106 ) ) ;
#1036 = EDGE_LOOP ( 'NONE', ( #2941, #5930, #3063, #4285 ) ) ;
#1037 = CARTESIAN_POINT ( 'NONE',  ( -158.9899999999998954, 22.07999999999999829, 22.36145518999998671 ) ) ;
#1038 = ORIENTED_EDGE ( 'NONE', *, *, #4014, .T. ) ;
#1039 = CARTESIAN_POINT ( 'NONE',  ( -134.4249999999889837, 0.000000000000000000, 46.31794919243127140 ) ) ;
#1040 = LINE ( 'NONE', #5036, #5307 ) ;
#1041 = DIRECTION ( 'NONE',  ( 0.000000000000000000, 0.000000000000000000, -1.000000000000000000 ) ) ;
#1042 = CARTESIAN_POINT ( 'NONE',  ( -98.79797079162837292, 5.440437620476783920, -93.25604481000284807 ) ) ;
#1043 = VECTOR ( 'NONE', #1163, 1000.000000000000000 ) ;
#1044 = EDGE_LOOP ( 'NONE', ( #929, #2640, #5523, #5067 ) ) ;
#1045 = EDGE_LOOP ( 'NONE', ( #39, #6188, #4375, #5240 ) ) ;
#1046 = DIRECTION ( 'NONE',  ( 0.000000000000000000, 0.000000000000000000, 1.000000000000000000 ) ) ;
#1047 = CARTESIAN_POINT ( 'NONE',  ( -70.25000000000000000, 35.30168919948091144, 43.65959274290921144 ) ) ;
#1048 = DIRECTION ( 'NONE',  ( -1.000000000000000000, -0.000000000000000000, -0.000000000000000000 ) ) ;
#1049 = ADVANCED_FACE ( 'NONE', ( #2159 ), #5660, .F. ) ;
#1050 = EDGE_CURVE ( 'NONE', #1500, #1667, #2610, .T. ) ;
#1051 = VERTEX_POINT ( 'NONE', #6108 ) ;
#1052 = CIRCLE ( 'NONE', #4576, 3.000000000000002665 ) ;
#1053 = ORIENTED_EDGE ( 'NONE', *, *, #4557, .T. ) ;
#1054 = CIRCLE ( 'NONE', #1116, 7.999999999999996447 ) ;
#1055 = ORIENTED_EDGE ( 'NONE', *, *, #2543, .T. ) ;
#1056 = DIRECTION ( 'NONE',  ( -0.000000000000000000, -0.000000000000000000, -1.000000000000000000 ) ) ;
#1057 = DIRECTION ( 'NONE',  ( 1.000000000000000000, -0.000000000000000000, 6.427877632151207979E-16 ) ) ;
#1058 = VECTOR ( 'NONE', #3396, 1000.000000000000000 ) ;
#1059 = CIRCLE ( 'NONE', #4283, 8.000000000000000000 ) ;
#1060 = ORIENTED_EDGE ( 'NONE', *, *, #6316, .T. ) ;
#1061 = CIRCLE ( 'NONE', #5212, 5.199221067671011554 ) ;
#1062 = CARTESIAN_POINT ( 'NONE',  ( -129.2399999999999807, 11.00000000000000000, 1.071455189999986901 ) ) ;
#1063 = DIRECTION ( 'NONE',  ( 0.000000000000000000, 0.000000000000000000, 1.000000000000000000 ) ) ;
#1064 = CARTESIAN_POINT ( 'NONE',  ( -110.4849960995217515, 52.44468306463144813, -35.69663921997059219 ) ) ;
#1065 = EDGE_CURVE ( 'NONE', #989, #1739, #3132, .T. ) ;
#1066 = EDGE_CURVE ( 'NONE', #5475, #410, #4807, .T. ) ;
#1067 = AXIS2_PLACEMENT_3D ( 'NONE', #2954, #2057, #2462 ) ;
#1068 = ORIENTED_EDGE ( 'NONE', *, *, #5157, .T. ) ;
#1069 = ORIENTED_EDGE ( 'NONE', *, *, #3478, .T. ) ;
#1070 = LINE ( 'NONE', #5032, #2938 ) ;
#1071 = ORIENTED_EDGE ( 'NONE', *, *, #5373, .F. ) ;
#1072 = DIRECTION ( 'NONE',  ( -0.9555270187070830090, 0.07632666078932132114, -0.2848549760378177864 ) ) ;
#1073 = CARTESIAN_POINT ( 'NONE',  ( -128.6466836438567327, 52.28722406661574951, -32.53104481000285375 ) ) ;
#1074 = DIRECTION ( 'NONE',  ( 0.000000000000000000, 1.000000000000000000, 0.000000000000000000 ) ) ;
#1075 = CARTESIAN_POINT ( 'NONE',  ( -167.9900000000000091, 32.57515860467621138, -54.16854481000000021 ) ) ;
#1076 = EDGE_CURVE ( 'NONE', #4563, #2481, #6144, .T. ) ;
#1077 = VECTOR ( 'NONE', #1645, 1000.000000000000000 ) ;
#1078 = ORIENTED_EDGE ( 'NONE', *, *, #5559, .T. ) ;
#1079 = ORIENTED_EDGE ( 'NONE', *, *, #109, .T. ) ;
#1080 = DIRECTION ( 'NONE',  ( 0.000000000000000000, -7.825820192376537148E-16, -1.000000000000000000 ) ) ;
#1081 = DIRECTION ( 'NONE',  ( -1.000000000000000000, 0.000000000000000000, 0.000000000000000000 ) ) ;
#1082 = LINE ( 'NONE', #5071, #1670 ) ;
#1083 = CIRCLE ( 'NONE', #52, 5.199221067671011554 ) ;
#1084 = ORIENTED_EDGE ( 'NONE', *, *, #4624, .T. ) ;
#1085 = EDGE_CURVE ( 'NONE', #5983, #1516, #228, .T. ) ;
#1086 = VECTOR ( 'NONE', #5755, 1000.000000000000000 ) ;
#1087 = ORIENTED_EDGE ( 'NONE', *, *, #5072, .T. ) ;
#1088 = ORIENTED_EDGE ( 'NONE', *, *, #2086, .T. ) ;
#1089 = DIRECTION ( 'NONE',  ( 0.000000000000000000, 0.000000000000000000, -1.000000000000000000 ) ) ;
#1090 = CARTESIAN_POINT ( 'NONE',  ( -83.24999999999998579, 14.28999999999999737, -40.86854481000000305 ) ) ;
#1091 = LINE ( 'NONE', #2205, #1956 ) ;
#1092 = EDGE_CURVE ( 'NONE', #4376, #438, #5565, .T. ) ;
#1093 = VERTEX_POINT ( 'NONE', #1137 ) ;
#1094 = CARTESIAN_POINT ( 'NONE',  ( -101.5354036210183608, 44.13655773326777876, -58.16854481000000021 ) ) ;
#1095 = CARTESIAN_POINT ( 'NONE',  ( -69.35535174968433125, 11.00000000000000000, 1.071455189999986901 ) ) ;
#1096 = DIRECTION ( 'NONE',  ( 0.000000000000000000, 0.000000000000000000, -1.000000000000000000 ) ) ;
#1097 = ORIENTED_EDGE ( 'NONE', *, *, #2893, .F. ) ;
#1098 = EDGE_CURVE ( 'NONE', #3775, #712, #4169, .T. ) ;
#1099 = DIRECTION ( 'NONE',  ( 6.427877632151207979E-16, 0.000000000000000000, -1.000000000000000000 ) ) ;
#1100 = EDGE_CURVE ( 'NONE', #3506, #3269, #1632, .T. ) ;
#1101 = DIRECTION ( 'NONE',  ( -1.000000000000000000, 0.000000000000000000, -0.000000000000000000 ) ) ;
#1102 = DIRECTION ( 'NONE',  ( -0.6947465906068663877, 0.1861567878973881818, -0.6947465906068643893 ) ) ;
#1103 = FACE_BOUND ( 'NONE', #5984, .T. ) ;
#1104 = DIRECTION ( 'NONE',  ( 0.000000000000000000, -0.8660254037844383745, -0.5000000000000003331 ) ) ;
#1105 = ORIENTED_EDGE ( 'NONE', *, *, #5628, .F. ) ;
#1106 = ORIENTED_EDGE ( 'NONE', *, *, #4885, .F. ) ;
#1107 = ORIENTED_EDGE ( 'NONE', *, *, #3265, .T. ) ;
#1108 = AXIS2_PLACEMENT_3D ( 'NONE', #774, #119, #2112 ) ;
#1109 = CARTESIAN_POINT ( 'NONE',  ( -69.35535174968433125, 11.00000000000000000, 5.983955189999987212 ) ) ;
#1110 = DIRECTION ( 'NONE',  ( 0.000000000000000000, 0.000000000000000000, -1.000000000000000000 ) ) ;
#1111 = DIRECTION ( 'NONE',  ( 0.000000000000000000, -1.000000000000000000, 0.000000000000000000 ) ) ;
#1112 = VECTOR ( 'NONE', #2171, 1000.000000000000227 ) ;
#1113 = CARTESIAN_POINT ( 'NONE',  ( -160.3815696155272406, -2.213114754098357118, -7.031852683641988122 ) ) ;
#1114 = ORIENTED_EDGE ( 'NONE', *, *, #2877, .F. ) ;
#1115 = ORIENTED_EDGE ( 'NONE', *, *, #1182, .T. ) ;
#1116 = AXIS2_PLACEMENT_3D ( 'NONE', #1647, #1192, #2695 ) ;
#1117 = CARTESIAN_POINT ( 'NONE',  ( -69.41899135999115344, 22.07999999999999829, 22.36145518999998671 ) ) ;
#1118 = CARTESIAN_POINT ( 'NONE',  ( -168.2750000000000057, 3.300000000000000266, -54.16854481000000021 ) ) ;
#1119 = DIRECTION ( 'NONE',  ( -1.000000000000000000, -0.000000000000000000, -0.000000000000000000 ) ) ;
#1120 = ADVANCED_FACE ( 'NONE', ( #4136 ), #5690, .F. ) ;
#1121 = ORIENTED_EDGE ( 'NONE', *, *, #4805, .F. ) ;
#1122 = CARTESIAN_POINT ( 'NONE',  ( -115.0199999999999818, 44.45250000000255852, -32.93104481000285944 ) ) ;
#1123 = CARTESIAN_POINT ( 'NONE',  ( -70.25000000000000000, 11.00000000000000000, 1.071455189999986901 ) ) ;
#1124 = CARTESIAN_POINT ( 'NONE',  ( -110.4849960995217515, 3.299999999999999822, -35.69663921997060640 ) ) ;
#1125 = EDGE_CURVE ( 'NONE', #3849, #4432, #5740, .T. ) ;
#1126 = ORIENTED_EDGE ( 'NONE', *, *, #3216, .T. ) ;
#1127 = FACE_OUTER_BOUND ( 'NONE', #4301, .T. ) ;
#1128 = FACE_OUTER_BOUND ( 'NONE', #2344, .T. ) ;
#1129 = CARTESIAN_POINT ( 'NONE',  ( -92.12764461915041636, 0.000000000000000000, 40.26452068413706797 ) ) ;
#1130 = VECTOR ( 'NONE', #5296, 1000.000000000000000 ) ;
#1131 = DIRECTION ( 'NONE',  ( -1.000000000000000000, 0.000000000000000000, 0.000000000000000000 ) ) ;
#1132 = CARTESIAN_POINT ( 'NONE',  ( -139.2336062271097887, 35.30167823593802012, 43.65963365940829988 ) ) ;
#1133 = VECTOR ( 'NONE', #619, 1000.000000000000000 ) ;
#1134 = ORIENTED_EDGE ( 'NONE', *, *, #6021, .F. ) ;
#1135 = ORIENTED_EDGE ( 'NONE', *, *, #2432, .F. ) ;
#1136 = VERTEX_POINT ( 'NONE', #647 ) ;
#1137 = CARTESIAN_POINT ( 'NONE',  ( -83.25000000000000000, 28.53000000000000469, 18.63754595372690304 ) ) ;
#1138 = CARTESIAN_POINT ( 'NONE',  ( -161.9250000000000398, 9.210000000002505516, -54.16854481000000021 ) ) ;
#1139 = CARTESIAN_POINT ( 'NONE',  ( -83.25000000000000000, 4.549999999999997158, 4.795364426273063252 ) ) ;
#1140 = EDGE_CURVE ( 'NONE', #5271, #453, #344, .T. ) ;
#1141 = EDGE_CURVE ( 'NONE', #4470, #2734, #3166, .T. ) ;
#1142 = CARTESIAN_POINT ( 'NONE',  ( -161.9250000000000398, 41.59500000000250708, -54.16854481000000021 ) ) ;
#1143 = ORIENTED_EDGE ( 'NONE', *, *, #3832, .T. ) ;
#1144 = CYLINDRICAL_SURFACE ( 'NONE', #2848, 3.000000000000002665 ) ;
#1145 = ORIENTED_EDGE ( 'NONE', *, *, #4527, .F. ) ;
#1146 = AXIS2_PLACEMENT_3D ( 'NONE', #1801, #3790, #1558 ) ;
#1147 = DIRECTION ( 'NONE',  ( -1.000000000000000000, 0.000000000000000000, 0.000000000000000000 ) ) ;
#1148 = DIRECTION ( 'NONE',  ( -0.000000000000000000, 0.7010175437140164778, -0.7131440271117517327 ) ) ;
#1149 = LINE ( 'NONE', #3180, #1324 ) ;
#1150 = CIRCLE ( 'NONE', #323, 6.526372016504577545 ) ;
#1151 = ORIENTED_EDGE ( 'NONE', *, *, #416, .F. ) ;
#1152 = DIRECTION ( 'NONE',  ( -1.000000000000000000, -1.856736647935775747E-33, 5.123939793633151980E-16 ) ) ;
#1153 = AXIS2_PLACEMENT_3D ( 'NONE', #5136, #1206, #2230 ) ;
#1154 = FACE_OUTER_BOUND ( 'NONE', #1797, .T. ) ;
#1155 = AXIS2_PLACEMENT_3D ( 'NONE', #5977, #5428, #3031 ) ;
#1156 = CARTESIAN_POINT ( 'NONE',  ( -167.9900000000000091, 17.13176518397547099, -59.96854480999999026 ) ) ;
#1157 = VECTOR ( 'NONE', #1972, 1000.000000000000000 ) ;
#1158 = AXIS2_PLACEMENT_3D ( 'NONE', #5419, #3410, #480 ) ;
#1159 = VERTEX_POINT ( 'NONE', #4621 ) ;
#1160 = ADVANCED_FACE ( 'NONE', ( #165 ), #5133, .T. ) ;
#1161 = CARTESIAN_POINT ( 'NONE',  ( -135.4687768754712636, 47.56698729810777593, -56.23104481000000021 ) ) ;
#1162 = LINE ( 'NONE', #3613, #1592 ) ;
#1163 = DIRECTION ( 'NONE',  ( 0.7071067811865524577, 8.659560562354874926E-17, 0.7071067811865426878 ) ) ;
#1164 = DIRECTION ( 'NONE',  ( 0.000000000000000000, 4.658339841045452419E-16, -1.000000000000000000 ) ) ;
#1165 = DIRECTION ( 'NONE',  ( 0.000000000000000000, 1.000000000000000000, 0.000000000000000000 ) ) ;
#1166 = ORIENTED_EDGE ( 'NONE', *, *, #2061, .F. ) ;
#1167 = ORIENTED_EDGE ( 'NONE', *, *, #276, .F. ) ;
#1168 = VECTOR ( 'NONE', #4068, 1000.000000000000000 ) ;
#1169 = ORIENTED_EDGE ( 'NONE', *, *, #4431, .T. ) ;
#1170 = CARTESIAN_POINT ( 'NONE',  ( -115.0199999999999818, 52.56830429459234466, -32.53705880395594363 ) ) ;
#1171 = DIRECTION ( 'NONE',  ( 0.8191520442889935749, 0.000000000000000000, -0.5735764363510437169 ) ) ;
#1172 = CARTESIAN_POINT ( 'NONE',  ( -100.9000000000000625, 47.56698729810777593, -61.46854480999999737 ) ) ;
#1173 = AXIS2_PLACEMENT_3D ( 'NONE', #5646, #6034, #700 ) ;
#1174 = AXIS2_PLACEMENT_3D ( 'NONE', #3964, #970, #3441 ) ;
#1175 = ORIENTED_EDGE ( 'NONE', *, *, #3982, .F. ) ;
#1176 = PLANE ( 'NONE',  #1030 ) ;
#1177 = ORIENTED_EDGE ( 'NONE', *, *, #147, .T. ) ;
#1178 = CARTESIAN_POINT ( 'NONE',  ( -95.58124172787709938, 33.79212124287086993, 41.56222785445725521 ) ) ;
#1179 = EDGE_CURVE ( 'NONE', #3062, #2114, #5205, .T. ) ;
#1180 = CARTESIAN_POINT ( 'NONE',  ( -114.0000000000000000, 20.63717404553610635, 45.51794919243126714 ) ) ;
#1181 = ORIENTED_EDGE ( 'NONE', *, *, #717, .T. ) ;
#1182 = EDGE_CURVE ( 'NONE', #2581, #5663, #754, .T. ) ;
#1183 = DIRECTION ( 'NONE',  ( 1.000000000000000000, 0.000000000000000000, 0.000000000000000000 ) ) ;
#1184 = DIRECTION ( 'NONE',  ( -1.000000000000000000, 0.000000000000000000, -0.000000000000000000 ) ) ;
#1185 = DIRECTION ( 'NONE',  ( -1.000000000000000000, -0.000000000000000000, -0.000000000000000000 ) ) ;
#1186 = VECTOR ( 'NONE', #3282, 1000.000000000000000 ) ;
#1187 = ORIENTED_EDGE ( 'NONE', *, *, #5712, .T. ) ;
#1188 = EDGE_LOOP ( 'NONE', ( #4689, #6345, #2011, #4267 ) ) ;
#1189 = CARTESIAN_POINT ( 'NONE',  ( -148.2222468237333146, 36.79538441339884258, 38.08504631354502834 ) ) ;
#1190 = AXIS2_PLACEMENT_3D ( 'NONE', #386, #4354, #6422 ) ;
#1191 = FACE_OUTER_BOUND ( 'NONE', #6401, .T. ) ;
#1192 = DIRECTION ( 'NONE',  ( -1.000000000000000000, 0.000000000000000000, 0.000000000000000000 ) ) ;
#1193 = VERTEX_POINT ( 'NONE', #5763 ) ;
#1194 = DIRECTION ( 'NONE',  ( 0.000000000000000000, -0.000000000000000000, -1.000000000000000000 ) ) ;
#1195 = CARTESIAN_POINT ( 'NONE',  ( -70.25000000000000000, 17.44999999999999929, -2.652454046273097887 ) ) ;
#1196 = DIRECTION ( 'NONE',  ( -1.000000000000000000, -0.000000000000000000, -0.000000000000000000 ) ) ;
#1197 = CARTESIAN_POINT ( 'NONE',  ( -132.0725387770978330, 47.56698729810777593, -56.23104481000000021 ) ) ;
#1198 = CARTESIAN_POINT ( 'NONE',  ( -101.8178052303598378, 45.40725005916344514, -56.23104481000000021 ) ) ;
#1199 = ADVANCED_FACE ( 'NONE', ( #4335 ), #2781, .F. ) ;
#1200 = CIRCLE ( 'NONE', #2885, 5.199221067670991125 ) ;
#1201 = VERTEX_POINT ( 'NONE', #4850 ) ;
#1202 = ORIENTED_EDGE ( 'NONE', *, *, #569, .T. ) ;
#1203 = ORIENTED_EDGE ( 'NONE', *, *, #1465, .T. ) ;
#1204 = CARTESIAN_POINT ( 'NONE',  ( -147.9245763361036552, 11.00000000000000000, -9.928544809996907361 ) ) ;
#1205 = CARTESIAN_POINT ( 'NONE',  ( -69.35535174968433125, 11.00000000000000000, -3.841044810000013410 ) ) ;
#1206 = DIRECTION ( 'NONE',  ( -1.000000000000000000, -0.000000000000000000, -0.000000000000000000 ) ) ;
#1207 = EDGE_CURVE ( 'NONE', #3884, #5839, #4190, .T. ) ;
#1208 = VECTOR ( 'NONE', #2470, 999.9999999999998863 ) ;
#1209 = ORIENTED_EDGE ( 'NONE', *, *, #3136, .T. ) ;
#1210 = CARTESIAN_POINT ( 'NONE',  ( -113.0000000000000000, 11.00000000000000000, 1.071455189999986901 ) ) ;
#1211 = VERTEX_POINT ( 'NONE', #6279 ) ;
#1212 = CARTESIAN_POINT ( 'NONE',  ( -83.25000000000000000, 42.96499999999999631, -44.59245404627308318 ) ) ;
#1213 = DIRECTION ( 'NONE',  ( -1.000000000000000000, -0.000000000000000000, -0.000000000000000000 ) ) ;
#1214 = ORIENTED_EDGE ( 'NONE', *, *, #4445, .F. ) ;
#1215 = FACE_BOUND ( 'NONE', #529, .T. ) ;
#1216 = DIRECTION ( 'NONE',  ( 0.000000000000000000, -1.000000000000000000, 0.000000000000000000 ) ) ;
#1217 = DIRECTION ( 'NONE',  ( 0.000000000000000000, 0.000000000000000000, -1.000000000000000000 ) ) ;
#1218 = ADVANCED_FACE ( 'NONE', ( #2293 ), #919, .T. ) ;
#1219 = EDGE_CURVE ( 'NONE', #5280, #1571, #3360, .T. ) ;
#1220 = ORIENTED_EDGE ( 'NONE', *, *, #3975, .T. ) ;
#1221 = ORIENTED_EDGE ( 'NONE', *, *, #995, .F. ) ;
#1222 = CARTESIAN_POINT ( 'NONE',  ( -83.25000000000000000, 14.28999999999999737, -40.86854481000000305 ) ) ;
#1223 = DIRECTION ( 'NONE',  ( 0.000000000000000000, 0.000000000000000000, -1.000000000000000000 ) ) ;
#1224 = DIRECTION ( 'NONE',  ( 1.000000000000000000, 0.000000000000000000, 0.000000000000000000 ) ) ;
#1225 = EDGE_CURVE ( 'NONE', #5668, #2862, #4820, .T. ) ;
#1226 = ADVANCED_FACE ( 'NONE', ( #5338 ), #854, .T. ) ;
#1227 = EDGE_LOOP ( 'NONE', ( #5236, #800, #583, #4499, #5453, #4007, #5151, #2191, #2358, #5532 ) ) ;
#1228 = CARTESIAN_POINT ( 'NONE',  ( -115.0199999999999818, 47.56698729810777593, -32.53705880395594363 ) ) ;
#1229 = CARTESIAN_POINT ( 'NONE',  ( -141.2553265043050317, 32.68975271862623089, 45.87564603242631023 ) ) ;
#1230 = CARTESIAN_POINT ( 'NONE',  ( -70.25000000000000000, 52.56765894952388152, -40.72460237342138356 ) ) ;
#1231 = DIRECTION ( 'NONE',  ( 0.000000000000000000, -1.000000000000000000, 0.000000000000000000 ) ) ;
#1232 = PLANE ( 'NONE',  #5026 ) ;
#1233 = EDGE_CURVE ( 'NONE', #5589, #3962, #5856, .T. ) ;
#1234 = ORIENTED_EDGE ( 'NONE', *, *, #740, .F. ) ;
#1235 = EDGE_LOOP ( 'NONE', ( #4655, #5368, #2374, #1987, #5241, #3471, #1473, #5797 ) ) ;
#1236 = ORIENTED_EDGE ( 'NONE', *, *, #2172, .T. ) ;
#1237 = CARTESIAN_POINT ( 'NONE',  ( -70.25000000000000000, 11.00000000000000533, -6.376363282546184230 ) ) ;
#1238 = DIRECTION ( 'NONE',  ( -0.7071067811865552333, 8.659560562354837948E-17, -0.7071067811865398012 ) ) ;
#1239 = VECTOR ( 'NONE', #2281, 1000.000000000000000 ) ;
#1240 = DIRECTION ( 'NONE',  ( 0.000000000000000000, 0.000000000000000000, 1.000000000000000000 ) ) ;
#1241 = ADVANCED_FACE ( 'NONE', ( #5788 ), #5223, .F. ) ;
#1242 = ORIENTED_EDGE ( 'NONE', *, *, #74, .F. ) ;
#1243 = DIRECTION ( 'NONE',  ( -1.000000000000000000, 0.000000000000000000, 0.000000000000000000 ) ) ;
#1244 = ORIENTED_EDGE ( 'NONE', *, *, #368, .T. ) ;
#1245 = CARTESIAN_POINT ( 'NONE',  ( -83.25000000000000000, 17.44999999999999929, -2.652454046273097887 ) ) ;
#1246 = EDGE_CURVE ( 'NONE', #627, #1442, #2361, .T. ) ;
#1247 = LINE ( 'NONE', #4763, #4979 ) ;
#1248 = ORIENTED_EDGE ( 'NONE', *, *, #5810, .F. ) ;
#1249 = CARTESIAN_POINT ( 'NONE',  ( -147.2126324351758342, 33.73520652847628298, 41.67979336490394360 ) ) ;
#1250 = CARTESIAN_POINT ( 'NONE',  ( 0.000000000000000000, 47.76698729810777166, 0.000000000000000000 ) ) ;
#1251 = CONICAL_SURFACE ( 'NONE', #4887, 5.912499999999987210, 0.7853981633974405074 ) ;
#1252 = LINE ( 'NONE', #463, #492 ) ;
#1253 = AXIS2_PLACEMENT_3D ( 'NONE', #6333, #5360, #5783 ) ;
#1254 = ORIENTED_EDGE ( 'NONE', *, *, #3721, .F. ) ;
#1255 = VERTEX_POINT ( 'NONE', #3300 ) ;
#1256 = CARTESIAN_POINT ( 'NONE',  ( -108.2850000000000392, 10.16250000000252918, -56.23104481000000021 ) ) ;
#1257 = DIRECTION ( 'NONE',  ( 1.000000000000000000, 0.000000000000000000, 6.427877632151207979E-16 ) ) ;
#1258 = DIRECTION ( 'NONE',  ( -0.3911406403448521307, -3.334957500190689711E-18, 0.9203309184584743674 ) ) ;
#1259 = AXIS2_PLACEMENT_3D ( 'NONE', #2128, #2002, #561 ) ;
#1260 = VECTOR ( 'NONE', #5179, 1000.000000000000000 ) ;
#1261 = ORIENTED_EDGE ( 'NONE', *, *, #5474, .F. ) ;
#1262 = CIRCLE ( 'NONE', #5210, 33.80250000000000199 ) ;
#1263 = DIRECTION ( 'NONE',  ( 1.000000000000000000, 0.000000000000000000, 0.000000000000000000 ) ) ;
#1264 = CARTESIAN_POINT ( 'NONE',  ( -141.6588465553877825, 32.71368782562463196, 45.72096136260625343 ) ) ;
#1265 = DIRECTION ( 'NONE',  ( 0.000000000000000000, 0.000000000000000000, 1.000000000000000000 ) ) ;
#1266 = EDGE_CURVE ( 'NONE', #4618, #1525, #6311, .T. ) ;
#1267 = EDGE_CURVE ( 'NONE', #5844, #4091, #1408, .T. ) ;
#1268 = DIRECTION ( 'NONE',  ( 0.000000000000000000, 0.000000000000000000, -1.000000000000000000 ) ) ;
#1269 = CARTESIAN_POINT ( 'NONE',  ( -167.9900000000000091, -15.00000000000000000, 17.01667390910194655 ) ) ;
#1270 = VECTOR ( 'NONE', #588, 1000.000000000000000 ) ;
#1271 = VECTOR ( 'NONE', #5633, 1000.000000000000000 ) ;
#1272 = ORIENTED_EDGE ( 'NONE', *, *, #5720, .T. ) ;
#1273 = CARTESIAN_POINT ( 'NONE',  ( -111.1674612229020909, 46.49783508830273604, -56.23104481000000021 ) ) ;
#1274 = EDGE_LOOP ( 'NONE', ( #5335, #853, #2178, #4889, #163, #4278, #5426, #4909 ) ) ;
#1275 = CARTESIAN_POINT ( 'NONE',  ( -152.8539656710590009, 6.299999999999999822, -56.23104481000000021 ) ) ;
#1276 = EDGE_CURVE ( 'NONE', #4911, #2190, #3054, .T. ) ;
#1277 = CARTESIAN_POINT ( 'NONE',  ( -114.0000000000000000, 22.07999999999999829, 22.36145518999998671 ) ) ;
#1278 = AXIS2_PLACEMENT_3D ( 'NONE', #263, #1733, #134 ) ;
#1279 = FACE_OUTER_BOUND ( 'NONE', #1283, .T. ) ;
#1280 = VECTOR ( 'NONE', #577, 1000.000000000000000 ) ;
#1281 = VERTEX_POINT ( 'NONE', #5822 ) ;
#1282 = CARTESIAN_POINT ( 'NONE',  ( -129.2399999999999523, 18.91430187482100678, 11.33148174129684449 ) ) ;
#1283 = EDGE_LOOP ( 'NONE', ( #6135, #6136, #3976, #4696, #621, #6162, #3794, #1145 ) ) ;
#1284 = SURFACE_STYLE_FILL_AREA ( #4513 ) ;
#1285 = DIRECTION ( 'NONE',  ( 0.000000000000000000, -1.000000000000000000, 0.000000000000000000 ) ) ;
#1286 = ORIENTED_EDGE ( 'NONE', *, *, #1578, .T. ) ;
#1287 = CARTESIAN_POINT ( 'NONE',  ( -108.2850000000000392, 10.16250000000252918, -56.23104481000000021 ) ) ;
#1288 = LINE ( 'NONE', #5282, #4001 ) ;
#1289 = VECTOR ( 'NONE', #2567, 1000.000000000000000 ) ;
#1290 = ADVANCED_FACE ( 'NONE', ( #3270 ), #2423, .F. ) ;
#1291 = VECTOR ( 'NONE', #4739, 1000.000000000000000 ) ;
#1292 = VERTEX_POINT ( 'NONE', #1376 ) ;
#1293 = ORIENTED_EDGE ( 'NONE', *, *, #3499, .T. ) ;
#1294 = CARTESIAN_POINT ( 'NONE',  ( -148.2229848678281314, 36.79544333861026928, 38.08482640166216981 ) ) ;
#1295 = CARTESIAN_POINT ( 'NONE',  ( -135.8148612484233126, 52.56830429459234466, -38.90291912545238517 ) ) ;
#1296 = FACE_OUTER_BOUND ( 'NONE', #268, .T. ) ;
#1297 = VECTOR ( 'NONE', #5739, 1000.000000000000000 ) ;
#1298 = EDGE_CURVE ( 'NONE', #3626, #2451, #3752, .T. ) ;
#1299 = ORIENTED_EDGE ( 'NONE', *, *, #3610, .T. ) ;
#1300 = DIRECTION ( 'NONE',  ( 0.000000000000000000, 0.000000000000000000, -1.000000000000000000 ) ) ;
#1301 = AXIS2_PLACEMENT_3D ( 'NONE', #5055, #3606, #670 ) ;
#1302 = CARTESIAN_POINT ( 'NONE',  ( -139.8250652840102077, 35.34131159285810497, 43.51171995770801715 ) ) ;
#1303 = DIRECTION ( 'NONE',  ( 0.000000000000000000, 0.000000000000000000, -1.000000000000000000 ) ) ;
#1304 = DIRECTION ( 'NONE',  ( 0.000000000000000000, 0.000000000000000000, 1.000000000000000000 ) ) ;
#1305 = LINE ( 'NONE', #5267, #4437 ) ;
#1306 = ORIENTED_EDGE ( 'NONE', *, *, #1417, .F. ) ;
#1307 = EDGE_CURVE ( 'NONE', #2031, #1868, #4300, .T. ) ;
#1308 = EDGE_CURVE ( 'NONE', #5502, #2310, #3888, .T. ) ;
#1309 = VERTEX_POINT ( 'NONE', #3034 ) ;
#1310 = ORIENTED_EDGE ( 'NONE', *, *, #6091, .F. ) ;
#1311 = DIRECTION ( 'NONE',  ( -1.000000000000000000, -0.000000000000000000, -0.000000000000000000 ) ) ;
#1312 = CARTESIAN_POINT ( 'NONE',  ( -115.2699999999999818, 14.28999999999999737, -40.86854481000000305 ) ) ;
#1313 = CARTESIAN_POINT ( 'NONE',  ( -70.25000000000000000, 0.000000000000000000, 34.99744111674249325 ) ) ;
#1314 = CARTESIAN_POINT ( 'NONE',  ( -133.8749417821923089, 52.46742868970959961, -36.13242700651430539 ) ) ;
#1315 = EDGE_LOOP ( 'NONE', ( #2778, #4344, #2227, #262 ) ) ;
#1316 = CARTESIAN_POINT ( 'NONE',  ( -128.2199999999999704, 36.51499999999999346, -40.86854481000001016 ) ) ;
#1317 = CARTESIAN_POINT ( 'NONE',  ( -101.7578737237592463, 3.299999999999999822, -56.23104480999999311 ) ) ;
#1318 = ORIENTED_EDGE ( 'NONE', *, *, #841, .F. ) ;
#1319 = PLANE ( 'NONE',  #4893 ) ;
#1320 = FACE_OUTER_BOUND ( 'NONE', #2365, .T. ) ;
#1321 = AXIS2_PLACEMENT_3D ( 'NONE', #5354, #2008, #87 ) ;
#1322 = ORIENTED_EDGE ( 'NONE', *, *, #3808, .T. ) ;
#1323 = EDGE_LOOP ( 'NONE', ( #2324, #5406 ) ) ;
#1324 = VECTOR ( 'NONE', #3113, 1000.000000000000114 ) ;
#1325 = LINE ( 'NONE', #2345, #1291 ) ;
#1326 = CARTESIAN_POINT ( 'NONE',  ( -128.6466836438567327, 52.56830429459234466, -32.53104481000285375 ) ) ;
#1327 = APPLICATION_CONTEXT ( 'automotive_design' ) ;
#1328 = DIRECTION ( 'NONE',  ( 1.000000000000000000, 0.000000000000000000, 0.000000000000000000 ) ) ;
#1329 = B_SPLINE_CURVE_WITH_KNOTS ( 'NONE', 3,
 ( #677, #189, #3222, #2119, #2670, #5163, #708, #6199, #4100, #4131, #4647, #4160, #6132, #1691 ),
 .UNSPECIFIED., .F., .F.,
 ( 4, 2, 2, 1, 1, 2, 2, 4 ),
 ( 0.000000000000000000, 0.2500000000000155431, 0.3750000000000233147, 0.4375000000000280886, 0.4687500000000265898, 0.4843750000000283107, 0.5000000000000300870, 1.000000000000000000 ),
 .UNSPECIFIED. ) ;
#1330 = ORIENTED_EDGE ( 'NONE', *, *, #3057, .T. ) ;
#1331 = DIRECTION ( 'NONE',  ( -1.000000000000000000, -0.000000000000000000, -0.000000000000000000 ) ) ;
#1332 = DIRECTION ( 'NONE',  ( 1.000000000000000000, 0.000000000000000000, 0.000000000000000000 ) ) ;
#1333 = EDGE_CURVE ( 'NONE', #5801, #1571, #1931, .T. ) ;
#1334 = CARTESIAN_POINT ( 'NONE',  ( -161.9250000000000398, 9.210000000002505516, -61.46854480999999737 ) ) ;
#1335 = DIRECTION ( 'NONE',  ( 1.000000000000000000, -0.000000000000000000, -0.000000000000000000 ) ) ;
#1336 = PLANE ( 'NONE',  #4559 ) ;
#1337 = ORIENTED_EDGE ( 'NONE', *, *, #6378, .T. ) ;
#1338 = VECTOR ( 'NONE', #4543, 1000.000000000000000 ) ;
#1339 = LINE ( 'NONE', #4783, #2001 ) ;
#1340 = ORIENTED_EDGE ( 'NONE', *, *, #5761, .F. ) ;
#1341 = CARTESIAN_POINT ( 'NONE',  ( -115.1866422094724953, 3.051647837302728483, -32.53104481000286796 ) ) ;
#1342 = CARTESIAN_POINT ( 'NONE',  ( -167.9900000000000091, 28.39900948664829983, 40.84498563909247082 ) ) ;
#1343 = LINE ( 'NONE', #2330, #1477 ) ;
#1344 = CARTESIAN_POINT ( 'NONE',  ( -138.0168342454498145, 52.57409833484488360, -41.44273150100508474 ) ) ;
#1345 = ORIENTED_EDGE ( 'NONE', *, *, #3973, .T. ) ;
#1346 = VECTOR ( 'NONE', #4175, 999.9999999999998863 ) ;
#1347 = DIRECTION ( 'NONE',  ( -1.000000000000000000, 0.000000000000000000, -1.285575526430241596E-15 ) ) ;
#1348 = CARTESIAN_POINT ( 'NONE',  ( -167.9900000000000091, 36.51499999999999346, -40.86854481000000305 ) ) ;
#1349 = ORIENTED_EDGE ( 'NONE', *, *, #703, .T. ) ;
#1350 = PLANE ( 'NONE',  #3878 ) ;
#1351 = DIRECTION ( 'NONE',  ( 0.000000000000000000, 1.000000000000000000, 0.000000000000000000 ) ) ;
#1352 = EDGE_CURVE ( 'NONE', #3828, #2404, #1438, .T. ) ;
#1353 = EDGE_CURVE ( 'NONE', #5046, #2674, #2010, .T. ) ;
#1354 = EDGE_CURVE ( 'NONE', #3376, #2530, #3262, .T. ) ;
#1355 = AXIS2_PLACEMENT_3D ( 'NONE', #2681, #5211, #2715 ) ;
#1356 = AXIS2_PLACEMENT_3D ( 'NONE', #4673, #3607, #2768 ) ;
#1357 = ORIENTED_EDGE ( 'NONE', *, *, #3585, .T. ) ;
#1358 = ORIENTED_EDGE ( 'NONE', *, *, #3049, .T. ) ;
#1359 = CIRCLE ( 'NONE', #3639, 4.889999999999998792 ) ;
#1360 = CARTESIAN_POINT ( 'NONE',  ( -436.5514533695703108, 18.91430187482100322, 11.33148174129684449 ) ) ;
#1361 = CARTESIAN_POINT ( 'NONE',  ( -83.25000000000000000, 42.96499999999999631, -44.59245404627308318 ) ) ;
#1362 = CARTESIAN_POINT ( 'NONE',  ( -141.7636279834954678, 40.64250000000248519, -56.23104481000000021 ) ) ;
#1363 = ORIENTED_EDGE ( 'NONE', *, *, #1076, .F. ) ;
#1364 = CYLINDRICAL_SURFACE ( 'NONE', #5324, 4.912500000000000533 ) ;
#1365 = PLANE ( 'NONE',  #3678 ) ;
#1366 = CARTESIAN_POINT ( 'NONE',  ( -167.9900000000000091, 33.67323481602954161, -59.96854480999999026 ) ) ;
#1367 = DIRECTION ( 'NONE',  ( 0.000000000000000000, 0.000000000000000000, -1.000000000000000000 ) ) ;
#1368 = VECTOR ( 'NONE', #158, 1000.000000000000000 ) ;
#1369 = DIRECTION ( 'NONE',  ( 0.000000000000000000, 0.000000000000000000, 1.000000000000000000 ) ) ;
#1370 =( BOUNDED_CURVE ( )  B_SPLINE_CURVE ( 3, ( #64, #3510, #2569, #1064 ),
 .UNSPECIFIED., .F., .T. ) 
 B_SPLINE_CURVE_WITH_KNOTS ( ( 4, 4 ),
 ( 4.721355630664497482, 4.752329359858102009 ),
 .UNSPECIFIED. ) 
 CURVE ( )  GEOMETRIC_REPRESENTATION_ITEM ( )  RATIONAL_B_SPLINE_CURVE ( ( 1.000000000000000000, 0.9999200539395476373, 0.9999200539395476373, 1.000000000000000000 ) ) 
 REPRESENTATION_ITEM ( '' )  );
#1371 = ORIENTED_EDGE ( 'NONE', *, *, #4761, .F. ) ;
#1372 = EDGE_CURVE ( 'NONE', #3392, #66, #1501, .T. ) ;
#1373 = AXIS2_PLACEMENT_3D ( 'NONE', #5421, #659, #6025 ) ;
#1374 = LINE ( 'NONE', #852, #5934 ) ;
#1375 = ORIENTED_EDGE ( 'NONE', *, *, #2458, .T. ) ;
#1376 = CARTESIAN_POINT ( 'NONE',  ( -159.9899999999999807, 36.51499999999999346, -34.95604480999997321 ) ) ;
#1377 = CARTESIAN_POINT ( 'NONE',  ( -135.4687768754712636, 47.56698729810777593, -80.65604481000288217 ) ) ;
#1378 = CARTESIAN_POINT ( 'NONE',  ( -154.9271601976376473, 0.000000000000000000, 54.54399243039005540 ) ) ;
#1379 = AXIS2_PLACEMENT_3D ( 'NONE', #1933, #1965, #3366 ) ;
#1380 = VECTOR ( 'NONE', #1099, 1000.000000000000000 ) ;
#1381 = CARTESIAN_POINT ( 'NONE',  ( -70.25000000000000000, 11.00000000000000533, -6.376363282546184230 ) ) ;
#1382 = CIRCLE ( 'NONE', #5102, 5.889999999999992575 ) ;
#1383 = ORIENTED_EDGE ( 'NONE', *, *, #2648, .T. ) ;
#1384 = CYLINDRICAL_SURFACE ( 'NONE', #3462, 15.00000000000000000 ) ;
#1385 = DIRECTION ( 'NONE',  ( 0.000000000000000000, 0.000000000000000000, -1.000000000000000000 ) ) ;
#1386 = PLANE ( 'NONE',  #2215 ) ;
#1387 = VECTOR ( 'NONE', #2582, 1000.000000000000000 ) ;
#1388 = ADVANCED_FACE ( 'NONE', ( #3516 ), #40, .F. ) ;
#1389 = EDGE_CURVE ( 'NONE', #3983, #6041, #3568, .T. ) ;
#1390 = ORIENTED_EDGE ( 'NONE', *, *, #4564, .T. ) ;
#1391 = ORIENTED_EDGE ( 'NONE', *, *, #5590, .F. ) ;
#1392 = AXIS2_PLACEMENT_3D ( 'NONE', #2911, #4305, #326 ) ;
#1393 = LINE ( 'NONE', #3928, #1400 ) ;
#1394 = FACE_OUTER_BOUND ( 'NONE', #141, .T. ) ;
#1395 = AXIS2_PLACEMENT_3D ( 'NONE', #4121, #5153, #5580 ) ;
#1396 = ORIENTED_EDGE ( 'NONE', *, *, #5935, .T. ) ;
#1397 = FACE_OUTER_BOUND ( 'NONE', #4634, .T. ) ;
#1398 = FACE_OUTER_BOUND ( 'NONE', #6106, .T. ) ;
#1399 = CYLINDRICAL_SURFACE ( 'NONE', #528, 14.83999999999997144 ) ;
#1400 = VECTOR ( 'NONE', #4896, 1000.000000000000000 ) ;
#1401 = DIRECTION ( 'NONE',  ( 1.000000000000000000, -0.000000000000000000, -0.000000000000000000 ) ) ;
#1402 = PLANE ( 'NONE',  #2495 ) ;
#1403 = ORIENTED_EDGE ( 'NONE', *, *, #4805, .T. ) ;
#1404 = VECTOR ( 'NONE', #5654, 1000.000000000000000 ) ;
#1405 = EDGE_LOOP ( 'NONE', ( #1242, #1071, #1038, #5724 ) ) ;
#1406 = FACE_OUTER_BOUND ( 'NONE', #3080, .T. ) ;
#1407 = ORIENTED_EDGE ( 'NONE', *, *, #1666, .T. ) ;
#1408 = LINE ( 'NONE', #1800, #2331 ) ;
#1409 = CARTESIAN_POINT ( 'NONE',  ( -111.1674612229020909, 4.307164911702273891, -56.23104481000000021 ) ) ;
#1410 = DIRECTION ( 'NONE',  ( 0.000000000000000000, 1.000000000000000000, 0.000000000000000000 ) ) ;
#1411 = EDGE_CURVE ( 'NONE', #5046, #1255, #948, .T. ) ;
#1412 = CARTESIAN_POINT ( 'NONE',  ( -147.4711443833242299, 51.96418031886326361, -45.23104481000287080 ) ) ;
#1413 = VERTEX_POINT ( 'NONE', #2484 ) ;
#1414 = DIRECTION ( 'NONE',  ( 0.000000000000000000, 1.000000000000000000, -2.329169920522730154E-16 ) ) ;
#1415 = CARTESIAN_POINT ( 'NONE',  ( -159.9899999999999807, 22.07999999999999829, 14.36145518999998849 ) ) ;
#1416 = FACE_OUTER_BOUND ( 'NONE', #3599, .T. ) ;
#1417 = EDGE_CURVE ( 'NONE', #1526, #6372, #6402, .T. ) ;
#1418 = ORIENTED_EDGE ( 'NONE', *, *, #3860, .T. ) ;
#1419 = ORIENTED_EDGE ( 'NONE', *, *, #4409, .F. ) ;
#1420 = LINE ( 'NONE', #1976, #4200 ) ;
#1421 = PRODUCT_DEFINITION ( 'UNKNOWN', '', #5272, #4461 ) ;
#1422 = DIRECTION ( 'NONE',  ( -0.000000000000000000, -0.000000000000000000, 1.000000000000000000 ) ) ;
#1423 = EDGE_CURVE ( 'NONE', #4388, #3700, #3547, .T. ) ;
#1424 = ADVANCED_FACE ( 'NONE', ( #4426 ), #6006, .F. ) ;
#1425 = ORIENTED_EDGE ( 'NONE', *, *, #4827, .F. ) ;
#1426 = CIRCLE ( 'NONE', #3091, 5.912499999999987210 ) ;
#1427 = DIRECTION ( 'NONE',  ( -1.000000000000000000, 0.000000000000000000, 0.000000000000000000 ) ) ;
#1428 = CARTESIAN_POINT ( 'NONE',  ( -111.1674612229020909, 34.78716491170222724, -56.23104481000000021 ) ) ;
#1429 = DIRECTION ( 'NONE',  ( 0.000000000000000000, -0.4999999999999995004, -0.8660254037844390407 ) ) ;
#1430 = FACE_OUTER_BOUND ( 'NONE', #1044, .T. ) ;
#1431 = CARTESIAN_POINT ( 'NONE',  ( -70.25000000000000000, 15.63000000000000789, 26.08536442627307750 ) ) ;
#1432 = EDGE_CURVE ( 'NONE', #5855, #3128, #3452, .T. ) ;
#1433 = ADVANCED_FACE ( 'NONE', ( #1991 ), #5489, .F. ) ;
#1434 = VERTEX_POINT ( 'NONE', #5524 ) ;
#1435 = ORIENTED_EDGE ( 'NONE', *, *, #1543, .T. ) ;
#1436 = PLANE ( 'NONE',  #6246 ) ;
#1437 = ORIENTED_EDGE ( 'NONE', *, *, #2144, .F. ) ;
#1438 = LINE ( 'NONE', #4912, #4814 ) ;
#1439 = CARTESIAN_POINT ( 'NONE',  ( -167.9900000000000091, 52.56765894952388152, -40.72460237342138356 ) ) ;
#1440 = FACE_OUTER_BOUND ( 'NONE', #2922, .T. ) ;
#1441 = VECTOR ( 'NONE', #3540, 1000.000000000000114 ) ;
#1442 = VERTEX_POINT ( 'NONE', #5948 ) ;
#1443 = VERTEX_POINT ( 'NONE', #3488 ) ;
#1444 = FACE_OUTER_BOUND ( 'NONE', #5743, .T. ) ;
#1445 = DIRECTION ( 'NONE',  ( -1.000000000000000000, -8.741913579725645257E-16, 0.000000000000000000 ) ) ;
#1446 = CARTESIAN_POINT ( 'NONE',  ( -70.25000000000000000, 17.44999999999999929, -2.652454046273097887 ) ) ;
#1447 = EDGE_CURVE ( 'NONE', #2674, #2131, #5003, .T. ) ;
#1448 = VERTEX_POINT ( 'NONE', #549 ) ;
#1449 = ORIENTED_EDGE ( 'NONE', *, *, #5197, .F. ) ;
#1450 = AXIS2_PLACEMENT_3D ( 'NONE', #3251, #2176, #250 ) ;
#1451 = DIRECTION ( 'NONE',  ( 0.000000000000000000, 1.995476733188569796E-16, 1.000000000000000000 ) ) ;
#1452 = CARTESIAN_POINT ( 'NONE',  ( -83.25000000000000000, 36.51499999999999346, -34.95604481000001584 ) ) ;
#1453 = AXIS2_PLACEMENT_3D ( 'NONE', #1348, #3373, #6411 ) ;
#1454 = EDGE_LOOP ( 'NONE', ( #5592, #5945, #1214, #5622 ) ) ;
#1455 = DIRECTION ( 'NONE',  ( 0.000000000000000000, 0.000000000000000000, 1.000000000000000000 ) ) ;
#1456 = CARTESIAN_POINT ( 'NONE',  ( -148.2900000000000205, 40.64250000000248519, -52.23104480999999311 ) ) ;
#1457 = DIRECTION ( 'NONE',  ( -1.000000000000000000, -0.000000000000000000, -0.000000000000000000 ) ) ;
#1458 = FACE_OUTER_BOUND ( 'NONE', #3107, .T. ) ;
#1459 = CARTESIAN_POINT ( 'NONE',  ( -129.2399999999999523, 19.91392116212127661, 11.35907305256145605 ) ) ;
#1460 = VECTOR ( 'NONE', #5304, 999.9999999999998863 ) ;
#1461 = ORIENTED_EDGE ( 'NONE', *, *, #6386, .F. ) ;
#1462 = ORIENTED_EDGE ( 'NONE', *, *, #3021, .F. ) ;
#1463 = EDGE_CURVE ( 'NONE', #5144, #770, #1012, .T. ) ;
#1464 = LINE ( 'NONE', #5487, #2419 ) ;
#1465 = EDGE_CURVE ( 'NONE', #3371, #3884, #4492, .T. ) ;
#1466 = ORIENTED_EDGE ( 'NONE', *, *, #3529, .F. ) ;
#1467 = VECTOR ( 'NONE', #124, 1000.000000000000114 ) ;
#1468 = CARTESIAN_POINT ( 'NONE',  ( -129.2399999999999807, 23.98696133190903268, 21.32107122362669571 ) ) ;
#1469 = LINE ( 'NONE', #3453, #6237 ) ;
#1470 = CARTESIAN_POINT ( 'NONE',  ( -168.6862693885504143, 3.300000000000000266, -92.84477542145245366 ) ) ;
#1471 = CARTESIAN_POINT ( 'NONE',  ( -168.2750000000000057, 3.300000000000000266, -93.25604481000284807 ) ) ;
#1472 = AXIS2_PLACEMENT_3D ( 'NONE', #1287, #5636, #4215 ) ;
#1473 = ORIENTED_EDGE ( 'NONE', *, *, #4390, .F. ) ;
#1474 = EDGE_LOOP ( 'NONE', ( #6336, #2951, #4895, #3968 ) ) ;
#1475 = PLANE ( 'NONE',  #1581 ) ;
#1476 = CARTESIAN_POINT ( 'NONE',  ( -128.9699999999999989, 36.51499999999999346, -45.78104481000000447 ) ) ;
#1477 = VECTOR ( 'NONE', #921, 1000.000000000000000 ) ;
#1478 = AXIS2_PLACEMENT_3D ( 'NONE', #2812, #547, #2450 ) ;
#1479 = DIRECTION ( 'NONE',  ( -1.000000000000000000, 0.000000000000000000, -0.000000000000000000 ) ) ;
#1480 = AXIS2_PLACEMENT_3D ( 'NONE', #4936, #5970, #4381 ) ;
#1481 = ORIENTED_EDGE ( 'NONE', *, *, #3181, .T. ) ;
#1482 = EDGE_LOOP ( 'NONE', ( #2625, #5697, #4584, #3809 ) ) ;
#1483 = LINE ( 'NONE', #3473, #5861 ) ;
#1484 = VECTOR ( 'NONE', #1870, 1000.000000000000000 ) ;
#1485 = CARTESIAN_POINT ( 'NONE',  ( -69.41899135999115344, 22.07999999999999829, 22.36145518999998671 ) ) ;
#1486 = EDGE_CURVE ( 'NONE', #1638, #1525, #4547, .T. ) ;
#1487 = AXIS2_PLACEMENT_3D ( 'NONE', #3718, #5594, #5100 ) ;
#1488 = ORIENTED_EDGE ( 'NONE', *, *, #884, .T. ) ;
#1489 = CARTESIAN_POINT ( 'NONE',  ( -83.24999999999998579, 14.28999999999999737, -35.95604481000000163 ) ) ;
#1490 = CARTESIAN_POINT ( 'NONE',  ( -166.4899999999999807, 35.17323481602954161, -61.46854480999999737 ) ) ;
#1491 = DIRECTION ( 'NONE',  ( 0.000000000000000000, 0.000000000000000000, -1.000000000000000000 ) ) ;
#1492 = DIRECTION ( 'NONE',  ( -1.000000000000000000, 0.000000000000000000, 0.000000000000000000 ) ) ;
#1493 = EDGE_CURVE ( 'NONE', #2310, #5028, #603, .T. ) ;
#1494 = AXIS2_PLACEMENT_3D ( 'NONE', #4637, #3089, #5610 ) ;
#1495 = AXIS2_PLACEMENT_3D ( 'NONE', #2182, #217, #1101 ) ;
#1496 = EDGE_LOOP ( 'NONE', ( #3536, #6171 ) ) ;
#1497 = EDGE_LOOP ( 'NONE', ( #3032, #2460, #5285, #1293, #5512, #4951 ) ) ;
#1498 = LINE ( 'NONE', #1010, #4379 ) ;
#1499 = AXIS2_PLACEMENT_3D ( 'NONE', #4085, #3145, #2622 ) ;
#1500 = VERTEX_POINT ( 'NONE', #5090 ) ;
#1501 = LINE ( 'NONE', #3004, #2226 ) ;
#1502 = CARTESIAN_POINT ( 'NONE',  ( -110.4849960995217657, 52.56830429459234466, -35.69663921997059219 ) ) ;
#1503 = DIRECTION ( 'NONE',  ( 0.000000000000000000, 0.000000000000000000, -1.000000000000000000 ) ) ;
#1504 = FACE_OUTER_BOUND ( 'NONE', #1227, .T. ) ;
#1505 = EDGE_CURVE ( 'NONE', #5621, #5399, #2219, .T. ) ;
#1506 = EDGE_CURVE ( 'NONE', #203, #2190, #5652, .T. ) ;
#1507 = EDGE_CURVE ( 'NONE', #5337, #4592, #5061, .T. ) ;
#1508 = VECTOR ( 'NONE', #2840, 1000.000000000000000 ) ;
#1509 = VERTEX_POINT ( 'NONE', #96 ) ;
#1510 = EDGE_LOOP ( 'NONE', ( #5334, #1829, #2162, #2649 ) ) ;
#1511 = CARTESIAN_POINT ( 'NONE',  ( -159.9899999999999807, 14.28999999999999737, -34.95604480999997321 ) ) ;
#1512 = CYLINDRICAL_SURFACE ( 'NONE', #409, 33.80250000000000199 ) ;
#1513 = AXIS2_PLACEMENT_3D ( 'NONE', #4032, #4451, #5391 ) ;
#1514 = CARTESIAN_POINT ( 'NONE',  ( -134.4249999999889837, 0.000000000000000000, 17.01667390910194655 ) ) ;
#1515 = VECTOR ( 'NONE', #2597, 1000.000000000000000 ) ;
#1516 = VERTEX_POINT ( 'NONE', #6042 ) ;
#1517 = ORIENTED_EDGE ( 'NONE', *, *, #3085, .F. ) ;
#1518 = CARTESIAN_POINT ( 'NONE',  ( -70.25000000000000000, 7.840000000000005187, -44.59245404627309028 ) ) ;
#1519 = CARTESIAN_POINT ( 'NONE',  ( -138.6262915010152312, 32.62124113080947296, 46.31794919243127140 ) ) ;
#1520 = VERTEX_POINT ( 'NONE', #4613 ) ;
#1521 = DIRECTION ( 'NONE',  ( 0.000000000000000000, 0.8660254037844389297, -0.4999999999999995559 ) ) ;
#1522 = DIRECTION ( 'NONE',  ( -1.000000000000000000, 0.000000000000000000, 0.000000000000000000 ) ) ;
#1523 = CARTESIAN_POINT ( 'NONE',  ( -114.7589727106120279, 52.28722406661574240, -32.53104481000287507 ) ) ;
#1524 = VECTOR ( 'NONE', #2963, 999.9999999999998863 ) ;
#1525 = VERTEX_POINT ( 'NONE', #5614 ) ;
#1526 = VERTEX_POINT ( 'NONE', #5585 ) ;
#1527 = EDGE_CURVE ( 'NONE', #1737, #3039, #132, .T. ) ;
#1528 = DIRECTION ( 'NONE',  ( 0.000000000000000000, 1.000000000000000000, 0.000000000000000000 ) ) ;
#1529 = EDGE_LOOP ( 'NONE', ( #2561, #6222, #169, #390, #502, #2509 ) ) ;
#1530 = DIRECTION ( 'NONE',  ( 0.000000000000000000, 0.000000000000000000, -1.000000000000000000 ) ) ;
#1531 = CARTESIAN_POINT ( 'NONE',  ( -132.6650785542658184, 52.38825972183713731, -34.40456324912057084 ) ) ;
#1532 = CARTESIAN_POINT ( 'NONE',  ( -114.0000000000000000, 0.000000000000000000, 19.05000000000000071 ) ) ;
#1533 = FACE_BOUND ( 'NONE', #2652, .T. ) ;
#1534 = ORIENTED_EDGE ( 'NONE', *, *, #1609, .T. ) ;
#1535 = ORIENTED_EDGE ( 'NONE', *, *, #1179, .T. ) ;
#1536 = FACE_OUTER_BOUND ( 'NONE', #1003, .T. ) ;
#1537 = CARTESIAN_POINT ( 'NONE',  ( -167.9900000000000091, 52.30885036696396639, -43.74306552843802365 ) ) ;
#1538 = CARTESIAN_POINT ( 'NONE',  ( -154.9271601976376473, 52.57418684766347639, 54.54399243039005540 ) ) ;
#1539 = EDGE_LOOP ( 'NONE', ( #5321, #77, #1628, #2619 ) ) ;
#1540 = ORIENTED_EDGE ( 'NONE', *, *, #2660, .F. ) ;
#1541 = EDGE_CURVE ( 'NONE', #3269, #4235, #4098, .T. ) ;
#1542 = ORIENTED_EDGE ( 'NONE', *, *, #5882, .F. ) ;
#1543 = EDGE_CURVE ( 'NONE', #4563, #2251, #6366, .T. ) ;
#1544 = CARTESIAN_POINT ( 'NONE',  ( -107.6500000000000483, 41.27750000000251163, -56.23104481000000021 ) ) ;
#1545 = DIRECTION ( 'NONE',  ( 0.000000000000000000, 0.000000000000000000, 1.000000000000000000 ) ) ;
#1546 = ORIENTED_EDGE ( 'NONE', *, *, #2794, .T. ) ;
#1547 = DIRECTION ( 'NONE',  ( -0.000000000000000000, -0.000000000000000000, 1.000000000000000000 ) ) ;
#1548 = CIRCLE ( 'NONE', #1655, 4.889999999999998792 ) ;
#1549 = FACE_OUTER_BOUND ( 'NONE', #1975, .T. ) ;
#1550 = PLANE ( 'NONE',  #4006 ) ;
#1551 = CARTESIAN_POINT ( 'NONE',  ( -129.2399999999999523, 18.91430187482100678, 11.33148174129684449 ) ) ;
#1552 = AXIS2_PLACEMENT_3D ( 'NONE', #2890, #372, #4403 ) ;
#1553 = ORIENTED_EDGE ( 'NONE', *, *, #6201, .F. ) ;
#1554 = ORIENTED_EDGE ( 'NONE', *, *, #6315, .F. ) ;
#1555 = CARTESIAN_POINT ( 'NONE',  ( -115.2700000000000529, 47.76698729810777166, -37.73026587767386530 ) ) ;
#1556 = ORIENTED_EDGE ( 'NONE', *, *, #4667, .T. ) ;
#1557 = CARTESIAN_POINT ( 'NONE',  ( -146.2479066943897976, 11.00000000000000000, 1.071455189999986901 ) ) ;
#1558 = DIRECTION ( 'NONE',  ( 0.000000000000000000, 0.000000000000000000, 1.000000000000000000 ) ) ;
#1559 = DIRECTION ( 'NONE',  ( 0.000000000000000000, 0.000000000000000000, 1.000000000000000000 ) ) ;
#1560 = CARTESIAN_POINT ( 'NONE',  ( -129.2399999999999807, 11.00000000000000000, -9.928544809995356601 ) ) ;
#1561 = EDGE_CURVE ( 'NONE', #4141, #4819, #1162, .T. ) ;
#1562 = AXIS2_PLACEMENT_3D ( 'NONE', #4681, #6166, #2117 ) ;
#1563 = ORIENTED_EDGE ( 'NONE', *, *, #2570, .F. ) ;
#1564 = ORIENTED_EDGE ( 'NONE', *, *, #2966, .F. ) ;
#1565 = CARTESIAN_POINT ( 'NONE',  ( -115.0199999999999960, 6.352500000002560654, -29.60604481000279264 ) ) ;
#1566 = FACE_OUTER_BOUND ( 'NONE', #3409, .T. ) ;
#1567 = FACE_OUTER_BOUND ( 'NONE', #1045, .T. ) ;
#1568 = AXIS2_PLACEMENT_3D ( 'NONE', #2286, #318, #2873 ) ;
#1569 = ADVANCED_FACE ( 'NONE', ( #185 ), #157, .T. ) ;
#1570 =( BOUNDED_CURVE ( )  B_SPLINE_CURVE ( 3, ( #3644, #4197, #5092, #4717 ),
 .UNSPECIFIED., .F., .T. ) 
 B_SPLINE_CURVE_WITH_KNOTS ( ( 4, 4 ),
 ( 0.000000000000000000, 1.113344199984885874 ),
 .UNSPECIFIED. ) 
 CURVE ( )  GEOMETRIC_REPRESENTATION_ITEM ( )  RATIONAL_B_SPLINE_CURVE ( ( 1.000000000000000000, 0.8993454337775125262, 0.8993454337775125262, 1.000000000000000000 ) ) 
 REPRESENTATION_ITEM ( '' )  );
#1571 = VERTEX_POINT ( 'NONE', #3156 ) ;
#1572 = VERTEX_POINT ( 'NONE', #6072 ) ;
#1573 = EDGE_LOOP ( 'NONE', ( #963, #3726, #1608, #2780 ) ) ;
#1574 = DIRECTION ( 'NONE',  ( 0.000000000000000000, -0.8660254037844389297, 0.4999999999999994449 ) ) ;
#1575 = DIRECTION ( 'NONE',  ( 0.7071067811865484609, 0.000000000000000000, 0.7071067811865465735 ) ) ;
#1576 = CARTESIAN_POINT ( 'NONE',  ( -159.9899999999999807, 11.00000000000000000, -4.841044810000028065 ) ) ;
#1577 = VECTOR ( 'NONE', #762, 1000.000000000000000 ) ;
#1578 = EDGE_CURVE ( 'NONE', #914, #3039, #3642, .T. ) ;
#1579 = ADVANCED_FACE ( 'NONE', ( #5683 ), #4644, .T. ) ;
#1580 = ORIENTED_EDGE ( 'NONE', *, *, #604, .T. ) ;
#1581 = AXIS2_PLACEMENT_3D ( 'NONE', #4045, #4921, #3011 ) ;
#1582 = CARTESIAN_POINT ( 'NONE',  ( -144.2135314915589106, 36.21399268847116559, 40.25482977007526131 ) ) ;
#1583 = DIRECTION ( 'NONE',  ( 0.000000000000000000, 0.8660254037844381525, 0.5000000000000007772 ) ) ;
#1584 = CARTESIAN_POINT ( 'NONE',  ( -101.8178052303598378, 45.40725005916344514, -80.65604481000288217 ) ) ;
#1585 = ADVANCED_FACE ( 'NONE', ( #1128 ), #706, .T. ) ;
#1586 = VECTOR ( 'NONE', #1590, 1000.000000000000000 ) ;
#1587 = ORIENTED_EDGE ( 'NONE', *, *, #1747, .F. ) ;
#1588 = CARTESIAN_POINT ( 'NONE',  ( -114.0000000000000000, 11.00000000000000000, 6.983955189999973889 ) ) ;
#1589 = ORIENTED_EDGE ( 'NONE', *, *, #3136, .F. ) ;
#1590 = DIRECTION ( 'NONE',  ( 0.000000000000000000, 0.000000000000000000, 1.000000000000000000 ) ) ;
#1591 = FACE_OUTER_BOUND ( 'NONE', #5488, .T. ) ;
#1592 = VECTOR ( 'NONE', #2602, 1000.000000000000000 ) ;
#1593 = DIRECTION ( 'NONE',  ( 0.000000000000000000, 0.000000000000000000, 1.000000000000000000 ) ) ;
#1594 = DIRECTION ( 'NONE',  ( 0.000000000000000000, 0.009732804221661679744, -0.9999526351392763468 ) ) ;
#1595 = ORIENTED_EDGE ( 'NONE', *, *, #3838, .T. ) ;
#1596 = CIRCLE ( 'NONE', #6264, 5.662500000000014744 ) ;
#1597 = ORIENTED_EDGE ( 'NONE', *, *, #2448, .F. ) ;
#1598 = VERTEX_POINT ( 'NONE', #3123 ) ;
#1599 = DIRECTION ( 'NONE',  ( 0.000000000000000000, -3.967817969548801118E-17, 1.000000000000000000 ) ) ;
#1600 = EDGE_CURVE ( 'NONE', #1868, #3983, #6130, .T. ) ;
#1601 = CARTESIAN_POINT ( 'NONE',  ( -167.4845600909431198, 52.26422708569229769, -43.98824498488338719 ) ) ;
#1602 = EDGE_CURVE ( 'NONE', #2403, #6399, #4127, .T. ) ;
#1603 = FACE_BOUND ( 'NONE', #2225, .T. ) ;
#1604 = VECTOR ( 'NONE', #2897, 999.9999999999998863 ) ;
#1605 = ORIENTED_EDGE ( 'NONE', *, *, #3382, .F. ) ;
#1606 = CYLINDRICAL_SURFACE ( 'NONE', #4873, 4.912500000000000533 ) ;
#1607 = CIRCLE ( 'NONE', #2647, 5.912500000000028955 ) ;
#1608 = ORIENTED_EDGE ( 'NONE', *, *, #4609, .F. ) ;
#1609 = EDGE_CURVE ( 'NONE', #6298, #2862, #2810, .T. ) ;
#1610 = EDGE_CURVE ( 'NONE', #2251, #5110, #46, .T. ) ;
#1611 = EDGE_LOOP ( 'NONE', ( #3218, #4879, #4985, #3196 ) ) ;
#1612 = DIRECTION ( 'NONE',  ( 0.000000000000000000, 0.000000000000000000, -1.000000000000000000 ) ) ;
#1613 = DIRECTION ( 'NONE',  ( 1.000000000000000000, -0.000000000000000000, -0.000000000000000000 ) ) ;
#1614 = DIRECTION ( 'NONE',  ( 0.000000000000000000, 0.000000000000000000, -1.000000000000000000 ) ) ;
#1615 = ORIENTED_EDGE ( 'NONE', *, *, #793, .F. ) ;
#1616 = DIRECTION ( 'NONE',  ( 0.000000000000000000, 0.000000000000000000, -1.000000000000000000 ) ) ;
#1617 = EDGE_CURVE ( 'NONE', #3756, #4835, #5263, .T. ) ;
#1618 = CARTESIAN_POINT ( 'NONE',  ( -143.5246908601450571, 33.88759682392386452, 43.38093105801547011 ) ) ;
#1619 = CARTESIAN_POINT ( 'NONE',  ( -161.9250000000000398, 41.59500000000250708, -61.46854480999999737 ) ) ;
#1620 = ORIENTED_EDGE ( 'NONE', *, *, #5509, .F. ) ;
#1621 = FACE_OUTER_BOUND ( 'NONE', #1510, .T. ) ;
#1622 = DIRECTION ( 'NONE',  ( 0.000000000000000000, -1.000000000000000000, 0.000000000000000000 ) ) ;
#1623 = LINE ( 'NONE', #3259, #4166 ) ;
#1624 = EDGE_CURVE ( 'NONE', #6050, #3762, #879, .T. ) ;
#1625 = ADVANCED_FACE ( 'NONE', ( #1398 ), #3868, .T. ) ;
#1626 = CARTESIAN_POINT ( 'NONE',  ( -128.9699999999999989, 36.51499999999999346, -35.95604481000000163 ) ) ;
#1627 = PLANE ( 'NONE',  #5868 ) ;
#1628 = ORIENTED_EDGE ( 'NONE', *, *, #4366, .T. ) ;
#1629 = ORIENTED_EDGE ( 'NONE', *, *, #1947, .T. ) ;
#1630 = ORIENTED_EDGE ( 'NONE', *, *, #4207, .T. ) ;
#1631 = AXIS2_PLACEMENT_3D ( 'NONE', #4988, #3504, #6390 ) ;
#1632 = LINE ( 'NONE', #6138, #4907 ) ;
#1633 = DIRECTION ( 'NONE',  ( -0.7071067811865426878, 8.659560562354994488E-17, -0.7071067811865524577 ) ) ;
#1634 = CARTESIAN_POINT ( 'NONE',  ( -100.8082808554851937, 35.80215621344355270, 41.79182441928828950 ) ) ;
#1635 = AXIS2_PLACEMENT_3D ( 'NONE', #6376, #4854, #4736 ) ;
#1636 = ORIENTED_EDGE ( 'NONE', *, *, #598, .T. ) ;
#1637 = DIRECTION ( 'NONE',  ( 0.000000000000000000, 0.000000000000000000, 1.000000000000000000 ) ) ;
#1638 = VERTEX_POINT ( 'NONE', #3743 ) ;
#1639 = ORIENTED_EDGE ( 'NONE', *, *, #1417, .T. ) ;
#1640 = DIRECTION ( 'NONE',  ( -1.000000000000000000, -1.856736647935775747E-33, 5.123939793633151980E-16 ) ) ;
#1641 = FACE_OUTER_BOUND ( 'NONE', #5578, .T. ) ;
#1642 = DIRECTION ( 'NONE',  ( -1.000000000000000000, 0.000000000000000000, 0.000000000000000000 ) ) ;
#1643 = ADVANCED_FACE ( 'NONE', ( #5812, #1792 ), #1365, .T. ) ;
#1644 = EDGE_LOOP ( 'NONE', ( #737, #4448, #4236, #5301 ) ) ;
#1645 = DIRECTION ( 'NONE',  ( -1.000000000000000000, -0.000000000000000000, -0.000000000000000000 ) ) ;
#1646 = DIRECTION ( 'NONE',  ( -0.000000000000000000, -0.000000000000000000, -1.000000000000000000 ) ) ;
#1647 = CARTESIAN_POINT ( 'NONE',  ( -167.9900000000000091, 22.07999999999999829, 22.36145518999998671 ) ) ;
#1648 = EDGE_CURVE ( 'NONE', #3404, #2691, #906, .T. ) ;
#1649 = ORIENTED_EDGE ( 'NONE', *, *, #4875, .T. ) ;
#1650 = PLANE ( 'NONE',  #2524 ) ;
#1651 = DIRECTION ( 'NONE',  ( 0.000000000000000000, 0.000000000000000000, -1.000000000000000000 ) ) ;
#1652 = DIRECTION ( 'NONE',  ( -1.000000000000000000, 0.000000000000000000, 0.000000000000000000 ) ) ;
#1653 = CARTESIAN_POINT ( 'NONE',  ( -115.0199999999999818, 41.27750000000251163, -52.37850603290208795 ) ) ;
#1654 = DIRECTION ( 'NONE',  ( 0.000000000000000000, 0.000000000000000000, -1.000000000000000000 ) ) ;
#1655 = AXIS2_PLACEMENT_3D ( 'NONE', #724, #202, #2685 ) ;
#1656 = ORIENTED_EDGE ( 'NONE', *, *, #5792, .F. ) ;
#1657 = EDGE_CURVE ( 'NONE', #6057, #4388, #3268, .T. ) ;
#1658 = EDGE_CURVE ( 'NONE', #5774, #3143, #3375, .T. ) ;
#1659 = ADVANCED_FACE ( 'NONE', ( #1823 ), #6331, .T. ) ;
#1660 = ORIENTED_EDGE ( 'NONE', *, *, #147, .F. ) ;
#1661 = EDGE_LOOP ( 'NONE', ( #3359, #4022, #4214, #2337 ) ) ;
#1662 = VECTOR ( 'NONE', #1808, 1000.000000000000000 ) ;
#1663 = LINE ( 'NONE', #1237, #5425 ) ;
#1664 = CARTESIAN_POINT ( 'NONE',  ( -70.25000000000000000, -1.721534276948423534E-15, 34.99744111674249325 ) ) ;
#1665 = CARTESIAN_POINT ( 'NONE',  ( -160.3815696155272406, -15.00000000000000000, 17.01667390910194655 ) ) ;
#1666 = EDGE_CURVE ( 'NONE', #666, #4505, #3321, .T. ) ;
#1667 = VERTEX_POINT ( 'NONE', #5231 ) ;
#1668 = DIRECTION ( 'NONE',  ( 1.000000000000000000, 0.000000000000000000, 0.000000000000000000 ) ) ;
#1669 = ORIENTED_EDGE ( 'NONE', *, *, #2181, .T. ) ;
#1670 = VECTOR ( 'NONE', #3525, 1000.000000000000000 ) ;
#1671 = LINE ( 'NONE', #925, #4292 ) ;
#1672 = DIRECTION ( 'NONE',  ( -0.7071067811865482389, 8.659560562354927928E-17, -0.7071067811865469066 ) ) ;
#1673 = ORIENTED_EDGE ( 'NONE', *, *, #717, .F. ) ;
#1674 = CARTESIAN_POINT ( 'NONE',  ( -114.0000000000000000, 20.63717404553610635, 46.31794919243127140 ) ) ;
#1675 = LINE ( 'NONE', #3532, #2964 ) ;
#1676 = DIRECTION ( 'NONE',  ( -1.000000000000000000, -0.000000000000000000, -0.000000000000000000 ) ) ;
#1677 = CIRCLE ( 'NONE', #6343, 5.912499999999987210 ) ;
#1678 = EDGE_LOOP ( 'NONE', ( #2064, #3897 ) ) ;
#1679 = DIRECTION ( 'NONE',  ( 0.000000000000000000, 1.000000000000000000, 0.000000000000000000 ) ) ;
#1680 = AXIS2_PLACEMENT_3D ( 'NONE', #4205, #3231, #5727 ) ;
#1681 = DIRECTION ( 'NONE',  ( 0.000000000000000000, 0.000000000000000000, -1.000000000000000000 ) ) ;
#1682 = VECTOR ( 'NONE', #6128, 1000.000000000000000 ) ;
#1683 = CARTESIAN_POINT ( 'NONE',  ( -129.2399999999999523, 20.18440237676226445, 23.24456397027082133 ) ) ;
#1684 = VECTOR ( 'NONE', #2956, 1000.000000000000000 ) ;
#1685 = VECTOR ( 'NONE', #1521, 1000.000000000000000 ) ;
#1686 = VERTEX_POINT ( 'NONE', #780 ) ;
#1687 = DIRECTION ( 'NONE',  ( 0.000000000000000000, 0.000000000000000000, 1.000000000000000000 ) ) ;
#1688 = CARTESIAN_POINT ( 'NONE',  ( -139.1429571584055509, 32.62123574042143304, 46.31794919243127850 ) ) ;
#1689 = ADVANCED_FACE ( 'NONE', ( #286 ), #1981, .F. ) ;
#1690 = DIRECTION ( 'NONE',  ( 0.000000000000000000, 0.000000000000000000, 1.000000000000000000 ) ) ;
#1691 = CARTESIAN_POINT ( 'NONE',  ( -104.6092703718782246, 32.62124113080948007, 46.31794919243127140 ) ) ;
#1692 = LINE ( 'NONE', #1759, #663 ) ;
#1693 = AXIS2_PLACEMENT_3D ( 'NONE', #2718, #5142, #172 ) ;
#1694 = ORIENTED_EDGE ( 'NONE', *, *, #4583, .F. ) ;
#1695 = ORIENTED_EDGE ( 'NONE', *, *, #307, .F. ) ;
#1696 = AXIS2_PLACEMENT_3D ( 'NONE', #1275, #6243, #4522 ) ;
#1697 = ORIENTED_EDGE ( 'NONE', *, *, #775, .T. ) ;
#1698 = DIRECTION ( 'NONE',  ( 0.000000000000000000, 0.000000000000000000, 1.000000000000000000 ) ) ;
#1699 = PLANE ( 'NONE',  #2192 ) ;
#1700 = DIRECTION ( 'NONE',  ( 0.000000000000000000, 0.000000000000000000, -1.000000000000000000 ) ) ;
#1701 = EDGE_CURVE ( 'NONE', #2190, #4911, #3993, .T. ) ;
#1702 = EDGE_CURVE ( 'NONE', #722, #3950, #2412, .T. ) ;
#1703 = CIRCLE ( 'NONE', #651, 6.526372016504577545 ) ;
#1704 = EDGE_LOOP ( 'NONE', ( #2829, #1060, #5503, #4627, #3009, #6265 ) ) ;
#1705 = CARTESIAN_POINT ( 'NONE',  ( -135.8148612484233126, 52.54110343822539164, -38.90291912545238517 ) ) ;
#1706 = ORIENTED_EDGE ( 'NONE', *, *, #5908, .F. ) ;
#1707 = DIRECTION ( 'NONE',  ( 0.000000000000000000, 0.000000000000000000, 1.000000000000000000 ) ) ;
#1708 = ORIENTED_EDGE ( 'NONE', *, *, #1016, .F. ) ;
#1709 = VECTOR ( 'NONE', #4987, 1000.000000000000000 ) ;
#1710 = DIRECTION ( 'NONE',  ( 1.285575526430241596E-15, 0.000000000000000000, -1.000000000000000000 ) ) ;
#1711 = LINE ( 'NONE', #2760, #1927 ) ;
#1712 = EDGE_CURVE ( 'NONE', #1443, #1926, #4443, .T. ) ;
#1713 = DIRECTION ( 'NONE',  ( 0.000000000000000000, 0.000000000000000000, -1.000000000000000000 ) ) ;
#1714 = VECTOR ( 'NONE', #4070, 1000.000000000000114 ) ;
#1715 = EDGE_LOOP ( 'NONE', ( #1358, #1261, #3285, #1660, #1837, #1462 ) ) ;
#1716 = ORIENTED_EDGE ( 'NONE', *, *, #5415, .F. ) ;
#1717 = DIRECTION ( 'NONE',  ( 0.000000000000000000, 0.000000000000000000, -1.000000000000000000 ) ) ;
#1718 = EDGE_CURVE ( 'NONE', #1986, #1968, #4418, .T. ) ;
#1719 = PLANE ( 'NONE',  #3483 ) ;
#1720 = FACE_OUTER_BOUND ( 'NONE', #227, .T. ) ;
#1721 = AXIS2_PLACEMENT_3D ( 'NONE', #220, #3680, #5164 ) ;
#1722 = AXIS2_PLACEMENT_3D ( 'NONE', #1042, #4526, #5561 ) ;
#1723 = ORIENTED_EDGE ( 'NONE', *, *, #188, .T. ) ;
#1724 = CARTESIAN_POINT ( 'NONE',  ( -70.25000000000000000, 38.36086121368950330, 32.24260735679008150 ) ) ;
#1725 = CARTESIAN_POINT ( 'NONE',  ( -141.0672336654676258, 32.68017398973979226, 45.93760559652778142 ) ) ;
#1726 = DIRECTION ( 'NONE',  ( -0.000000000000000000, -1.000000000000000000, 0.000000000000000000 ) ) ;
#1727 = CARTESIAN_POINT ( 'NONE',  ( -159.9899999999999807, 36.51499999999999346, -40.86854481000000305 ) ) ;
#1728 = DIRECTION ( 'NONE',  ( -1.000000000000000000, 0.000000000000000000, 0.000000000000000000 ) ) ;
#1729 = EDGE_LOOP ( 'NONE', ( #4144, #3561, #2587, #5222 ) ) ;
#1730 = EDGE_CURVE ( 'NONE', #5312, #5583, #2901, .T. ) ;
#1731 = ORIENTED_EDGE ( 'NONE', *, *, #5364, .F. ) ;
#1732 = ORIENTED_EDGE ( 'NONE', *, *, #2181, .F. ) ;
#1733 = DIRECTION ( 'NONE',  ( -0.000000000000000000, -0.000000000000000000, 1.000000000000000000 ) ) ;
#1734 = DIRECTION ( 'NONE',  ( 0.000000000000000000, 0.000000000000000000, 1.000000000000000000 ) ) ;
#1735 = CARTESIAN_POINT ( 'NONE',  ( -92.77493290818793525, 34.16696866378958219, 40.42034200291893598 ) ) ;
#1736 = VECTOR ( 'NONE', #4568, 1000.000000000000114 ) ;
#1737 = VERTEX_POINT ( 'NONE', #4450 ) ;
#1738 = CYLINDRICAL_SURFACE ( 'NONE', #6219, 6.526372016504591755 ) ;
#1739 = VERTEX_POINT ( 'NONE', #1490 ) ;
#1740 = SURFACE_SIDE_STYLE ('',( #1284 ) ) ;
#1741 = DIRECTION ( 'NONE',  ( 1.000000000000000000, 0.000000000000000000, 0.000000000000000000 ) ) ;
#1742 = ORIENTED_EDGE ( 'NONE', *, *, #3146, .F. ) ;
#1743 = LINE ( 'NONE', #726, #1260 ) ;
#1744 = CARTESIAN_POINT ( 'NONE',  ( -107.6500000000000483, 41.27750000000251163, -58.16854481000000021 ) ) ;
#1745 = DIRECTION ( 'NONE',  ( -1.000000000000000000, 0.000000000000000000, -0.000000000000000000 ) ) ;
#1746 = ADVANCED_FACE ( 'NONE', ( #2997 ), #3477, .F. ) ;
#1747 = EDGE_CURVE ( 'NONE', #3700, #226, #1703, .T. ) ;
#1748 = EDGE_LOOP ( 'NONE', ( #5277, #4768, #1589, #4029 ) ) ;
#1749 = EDGE_LOOP ( 'NONE', ( #3865, #4265, #3871, #1587 ) ) ;
#1750 = CARTESIAN_POINT ( 'NONE',  ( -101.3944691809015524, 35.65018665486662996, 42.35898253310126194 ) ) ;
#1751 = DIRECTION ( 'NONE',  ( -1.000000000000000000, -0.000000000000000000, -0.000000000000000000 ) ) ;
#1752 = CARTESIAN_POINT ( 'NONE',  ( -114.0000000000000000, 28.66175773381078429, 29.89282434557923551 ) ) ;
#1753 = EDGE_CURVE ( 'NONE', #4835, #666, #2017, .T. ) ;
#1754 = EDGE_LOOP ( 'NONE', ( #5252, #4357, #1542, #6241 ) ) ;
#1755 = DIRECTION ( 'NONE',  ( 0.6947465906068662767, -0.1861567878973881540, 0.6947465906068643893 ) ) ;
#1756 = CARTESIAN_POINT ( 'NONE',  ( -140.9433199712143505, 35.46542465602798444, 43.04852370007495210 ) ) ;
#1757 = LINE ( 'NONE', #3744, #1043 ) ;
#1758 = FACE_OUTER_BOUND ( 'NONE', #1644, .T. ) ;
#1759 = CARTESIAN_POINT ( 'NONE',  ( -114.0000000000000000, 22.07999999999999829, 28.25145518999998018 ) ) ;
#1760 = ORIENTED_EDGE ( 'NONE', *, *, #4404, .T. ) ;
#1761 = ADVANCED_BREP_SHAPE_REPRESENTATION ( 'V4 Fork TPU MIRROR FOR LEFT SIDE', ( #667, #2158 ), #3097 ) ;
#1762 = EDGE_LOOP ( 'NONE', ( #3971, #1772, #4024, #3545 ) ) ;
#1763 = VERTEX_POINT ( 'NONE', #509 ) ;
#1764 = DIRECTION ( 'NONE',  ( 0.000000000000000000, 0.000000000000000000, 1.000000000000000000 ) ) ;
#1765 = CARTESIAN_POINT ( 'NONE',  ( -155.6750000000000682, 41.27750000000251163, -61.46854480999999737 ) ) ;
#1766 = CIRCLE ( 'NONE', #1355, 1.000000000000000888 ) ;
#1767 = DIRECTION ( 'NONE',  ( -1.734723475976807094E-15, 0.000000000000000000, 1.000000000000000000 ) ) ;
#1768 = EDGE_CURVE ( 'NONE', #3506, #836, #2503, .T. ) ;
#1769 = AXIS2_PLACEMENT_3D ( 'NONE', #4047, #1999, #5499 ) ;
#1770 = VERTEX_POINT ( 'NONE', #2443 ) ;
#1771 = CARTESIAN_POINT ( 'NONE',  ( -100.9000000000000625, 9.527500000002524061, -56.23104481000000021 ) ) ;
#1772 = ORIENTED_EDGE ( 'NONE', *, *, #2784, .T. ) ;
#1773 = DIRECTION ( 'NONE',  ( 1.000000000000000000, 0.000000000000000000, 0.000000000000000000 ) ) ;
#1774 = LINE ( 'NONE', #2756, #5183 ) ;
#1775 = VERTEX_POINT ( 'NONE', #1428 ) ;
#1776 = CARTESIAN_POINT ( 'NONE',  ( -150.6418346865630724, 34.23109815390987620, 40.16915381341304681 ) ) ;
#1777 = LINE ( 'NONE', #2944, #5245 ) ;
#1778 = EDGE_CURVE ( 'NONE', #458, #3828, #539, .T. ) ;
#1779 = CIRCLE ( 'NONE', #1146, 5.912500000000028955 ) ;
#1780 = VERTEX_POINT ( 'NONE', #3411 ) ;
#1781 = VERTEX_POINT ( 'NONE', #4000 ) ;
#1782 = CARTESIAN_POINT ( 'NONE',  ( -141.8955428914244692, 35.66453749242704419, 42.30542447819460250 ) ) ;
#1783 = LINE ( 'NONE', #2800, #5912 ) ;
#1784 = CARTESIAN_POINT ( 'NONE',  ( -83.25000000000000000, 20.73999999999998067, -44.59245404627310450 ) ) ;
#1785 = EDGE_CURVE ( 'NONE', #5076, #1958, #5336, .T. ) ;
#1786 = ADVANCED_FACE ( 'NONE', ( #3025 ), #4992, .T. ) ;
#1787 = VECTOR ( 'NONE', #1574, 1000.000000000000114 ) ;
#1788 =( BOUNDED_CURVE ( )  B_SPLINE_CURVE ( 3, ( #701, #1156, #2664, #2250 ),
 .UNSPECIFIED., .F., .T. ) 
 B_SPLINE_CURVE_WITH_KNOTS ( ( 4, 4 ),
 ( 0.000000000000000000, 1.047197551196608067 ),
 .UNSPECIFIED. ) 
 CURVE ( )  GEOMETRIC_REPRESENTATION_ITEM ( )  RATIONAL_B_SPLINE_CURVE ( ( 1.000000000000000000, 0.9106836025229574361, 0.9106836025229574361, 1.000000000000000000 ) ) 
 REPRESENTATION_ITEM ( '' )  );
#1789 = ORIENTED_EDGE ( 'NONE', *, *, #2077, .T. ) ;
#1790 = DIRECTION ( 'NONE',  ( 0.000000000000000000, 0.000000000000000000, 1.000000000000000000 ) ) ;
#1791 = AXIS2_PLACEMENT_3D ( 'NONE', #68, #419, #4944 ) ;
#1792 = FACE_OUTER_BOUND ( 'NONE', #5706, .T. ) ;
#1793 = DIRECTION ( 'NONE',  ( 0.000000000000000000, 0.000000000000000000, 1.000000000000000000 ) ) ;
#1794 = DIRECTION ( 'NONE',  ( 1.000000000000000000, -0.000000000000000000, -0.000000000000000000 ) ) ;
#1795 = CARTESIAN_POINT ( 'NONE',  ( -101.7586279834954439, 10.16250000000252918, -52.23104480999999311 ) ) ;
#1796 = STYLED_ITEM ( 'NONE', ( #2755 ), #667 ) ;
#1797 = EDGE_LOOP ( 'NONE', ( #479, #1068, #1535, #3016 ) ) ;
#1798 = VERTEX_POINT ( 'NONE', #62 ) ;
#1799 = ORIENTED_EDGE ( 'NONE', *, *, #65, .F. ) ;
#1800 = CARTESIAN_POINT ( 'NONE',  ( -83.25000000000000000, 30.06499999999998707, -37.14463557372690872 ) ) ;
#1801 = CARTESIAN_POINT ( 'NONE',  ( -159.9899999999999807, 14.28999999999999737, -40.86854481000000305 ) ) ;
#1802 = VECTOR ( 'NONE', #4018, 1000.000000000000000 ) ;
#1803 = CARTESIAN_POINT ( 'NONE',  ( -98.56815251426425561, 33.12170814477213554, 43.60452966806842312 ) ) ;
#1804 = VECTOR ( 'NONE', #1832, 1000.000000000000000 ) ;
#1805 = CARTESIAN_POINT ( 'NONE',  ( -99.04663244449228898, 32.96973858619520570, 44.06747606764521663 ) ) ;
#1806 = ORIENTED_EDGE ( 'NONE', *, *, #2618, .T. ) ;
#1807 = FACE_OUTER_BOUND ( 'NONE', #1235, .T. ) ;
#1808 = DIRECTION ( 'NONE',  ( 0.000000000000000000, 0.000000000000000000, 1.000000000000000000 ) ) ;
#1809 = ORIENTED_EDGE ( 'NONE', *, *, #908, .F. ) ;
#1810 = CARTESIAN_POINT ( 'NONE',  ( -128.2200000000000273, -36.03001699971844829, -1.648364939988856185E-13 ) ) ;
#1811 = DIRECTION ( 'NONE',  ( 0.000000000000000000, 0.000000000000000000, -1.000000000000000000 ) ) ;
#1812 = AXIS2_PLACEMENT_3D ( 'NONE', #63, #4420, #6396 ) ;
#1813 = EDGE_CURVE ( 'NONE', #4235, #66, #2042, .T. ) ;
#1814 = AXIS2_PLACEMENT_3D ( 'NONE', #5802, #4321, #733 ) ;
#1815 = ORIENTED_EDGE ( 'NONE', *, *, #1813, .T. ) ;
#1816 = VERTEX_POINT ( 'NONE', #447 ) ;
#1817 = CARTESIAN_POINT ( 'NONE',  ( -64.91366932516041288, 36.51499999999999346, -40.86854481000000305 ) ) ;
#1818 = FACE_OUTER_BOUND ( 'NONE', #679, .T. ) ;
#1819 = DIRECTION ( 'NONE',  ( 1.000000000000000000, 0.000000000000000000, 0.000000000000000000 ) ) ;
#1820 = AXIS2_PLACEMENT_3D ( 'NONE', #2150, #3159, #4682 ) ;
#1821 = ORIENTED_EDGE ( 'NONE', *, *, #551, .F. ) ;
#1822 = CARTESIAN_POINT ( 'NONE',  ( -167.9900000000000091, 11.00000000000000000, 1.071455189999986901 ) ) ;
#1823 = FACE_OUTER_BOUND ( 'NONE', #1754, .T. ) ;
#1824 = CYLINDRICAL_SURFACE ( 'NONE', #6028, 4.912500000000000533 ) ;
#1825 = CARTESIAN_POINT ( 'NONE',  ( -436.5514533695703108, 18.91430187482100678, 11.33148174129684449 ) ) ;
#1826 = CARTESIAN_POINT ( 'NONE',  ( -129.2399999999999807, 22.07999999999999829, 27.25145518999998373 ) ) ;
#1827 = ORIENTED_EDGE ( 'NONE', *, *, #5057, .F. ) ;
#1828 = ADVANCED_FACE ( 'NONE', ( #1549 ), #5877, .T. ) ;
#1829 = ORIENTED_EDGE ( 'NONE', *, *, #1768, .F. ) ;
#1830 = EDGE_CURVE ( 'NONE', #3950, #4676, #5514, .T. ) ;
#1831 = ORIENTED_EDGE ( 'NONE', *, *, #476, .T. ) ;
#1832 = DIRECTION ( 'NONE',  ( -0.000000000000000000, 1.000000000000000000, -0.000000000000000000 ) ) ;
#1833 = LINE ( 'NONE', #6312, #1460 ) ;
#1834 = DIRECTION ( 'NONE',  ( -0.9583225744651340250, 0.000000000000000000, -0.2856883674049708888 ) ) ;
#1835 = FACE_OUTER_BOUND ( 'NONE', #3079, .T. ) ;
#1836 = VECTOR ( 'NONE', #6200, 1000.000000000000000 ) ;
#1837 = ORIENTED_EDGE ( 'NONE', *, *, #6378, .F. ) ;
#1838 = PLANE ( 'NONE',  #756 ) ;
#1839 = DIRECTION ( 'NONE',  ( -1.000000000000000000, -0.000000000000000000, -0.000000000000000000 ) ) ;
#1840 = EDGE_LOOP ( 'NONE', ( #139, #279, #3103, #1597 ) ) ;
#1841 = DIRECTION ( 'NONE',  ( 0.000000000000000000, 0.000000000000000000, -1.000000000000000000 ) ) ;
#1842 = DIRECTION ( 'NONE',  ( -1.000000000000000000, 0.000000000000000000, 0.000000000000000000 ) ) ;
#1843 = AXIS2_PLACEMENT_3D ( 'NONE', #4444, #6418, #3960 ) ;
#1844 = ORIENTED_EDGE ( 'NONE', *, *, #3603, .F. ) ;
#1845 = VERTEX_POINT ( 'NONE', #5054 ) ;
#1846 = CARTESIAN_POINT ( 'NONE',  ( -92.91798013572721970, 36.89856757206966620, 37.69996152290014635 ) ) ;
#1847 = DIRECTION ( 'NONE',  ( 0.000000000000000000, -1.000000000000000000, 0.000000000000000000 ) ) ;
#1848 = DIRECTION ( 'NONE',  ( -1.000000000000000000, 0.000000000000000000, 0.000000000000000000 ) ) ;
#1849 = ADVANCED_FACE ( 'NONE', ( #3185, #2073, #3669 ), #5118, .T. ) ;
#1850 = VERTEX_POINT ( 'NONE', #2110 ) ;
#1851 = CARTESIAN_POINT ( 'NONE',  ( -101.7578737237592463, 4.951587303546227226, -56.23104481000000021 ) ) ;
#1852 = CARTESIAN_POINT ( 'NONE',  ( -142.1715038567993190, 32.74657123771381606, 45.50861175551196425 ) ) ;
#1853 = CARTESIAN_POINT ( 'NONE',  ( -70.25000000000000000, 17.44999999999999929, -2.652454046273097887 ) ) ;
#1854 = CARTESIAN_POINT ( 'NONE',  ( -167.9900000000000091, 11.00000000000000178, 9.071455189999989344 ) ) ;
#1855 = DIRECTION ( 'NONE',  ( 5.123939793633152966E-16, 0.000000000000000000, 1.000000000000000000 ) ) ;
#1856 = ORIENTED_EDGE ( 'NONE', *, *, #6067, .F. ) ;
#1857 = CIRCLE ( 'NONE', #392, 6.749999999999992006 ) ;
#1858 = ORIENTED_EDGE ( 'NONE', *, *, #4542, .F. ) ;
#1859 = ORIENTED_EDGE ( 'NONE', *, *, #3655, .F. ) ;
#1860 = DIRECTION ( 'NONE',  ( 0.000000000000000000, -1.000000000000000000, 0.000000000000000000 ) ) ;
#1861 = CARTESIAN_POINT ( 'NONE',  ( -70.25000000000000000, -15.00000000000000000, -14.87376352910197141 ) ) ;
#1862 = CARTESIAN_POINT ( 'NONE',  ( -100.9000000000000625, 49.76698729810777166, -61.46854480999999737 ) ) ;
#1863 = DIRECTION ( 'NONE',  ( 0.000000000000000000, 0.000000000000000000, -1.000000000000000000 ) ) ;
#1864 = EDGE_CURVE ( 'NONE', #2031, #6041, #2140, .T. ) ;
#1865 = EDGE_CURVE ( 'NONE', #820, #2581, #5440, .T. ) ;
#1866 = EDGE_CURVE ( 'NONE', #3484, #3406, #3056, .T. ) ;
#1867 = CARTESIAN_POINT ( 'NONE',  ( -103.4352379544463219, 35.33966944976675961, 43.51784851915822117 ) ) ;
#1868 = VERTEX_POINT ( 'NONE', #5022 ) ;
#1869 = VECTOR ( 'NONE', #5770, 1000.000000000000000 ) ;
#1870 = DIRECTION ( 'NONE',  ( -1.000000000000000000, -0.000000000000000000, -0.000000000000000000 ) ) ;
#1871 = CARTESIAN_POINT ( 'NONE',  ( -70.25000000000000000, 30.06499999999998707, -44.59245404627309739 ) ) ;
#1872 = CARTESIAN_POINT ( 'NONE',  ( -70.25000000000000000, 7.840000000000005187, -44.59245404627309028 ) ) ;
#1873 = EDGE_CURVE ( 'NONE', #4275, #4113, #4196, .T. ) ;
#1874 = AXIS2_PLACEMENT_3D ( 'NONE', #1180, #3236, #2167 ) ;
#1875 = ORIENTED_EDGE ( 'NONE', *, *, #4885, .T. ) ;
#1876 = ORIENTED_EDGE ( 'NONE', *, *, #5928, .T. ) ;
#1877 = CYLINDRICAL_SURFACE ( 'NONE', #3682, 16.05330429459235830 ) ;
#1878 = FACE_OUTER_BOUND ( 'NONE', #4240, .T. ) ;
#1879 = VECTOR ( 'NONE', #6102, 1000.000000000000000 ) ;
#1880 = CIRCLE ( 'NONE', #4675, 1.000000000000005995 ) ;
#1881 = ORIENTED_EDGE ( 'NONE', *, *, #3217, .F. ) ;
#1882 = EDGE_CURVE ( 'NONE', #6127, #4111, #4406, .T. ) ;
#1883 = DIRECTION ( 'NONE',  ( -1.000000000000000000, -0.000000000000000000, -0.000000000000000000 ) ) ;
#1884 = CARTESIAN_POINT ( 'NONE',  ( -141.8955428914244976, 35.66453749242702997, 42.30542447819462382 ) ) ;
#1885 = CARTESIAN_POINT ( 'NONE',  ( -158.9899999999999523, 36.51499999999999346, -40.86854481000000305 ) ) ;
#1886 = DIRECTION ( 'NONE',  ( 0.000000000000000000, 0.000000000000000000, -1.000000000000000000 ) ) ;
#1887 = VECTOR ( 'NONE', #274, 1000.000000000000114 ) ;
#1888 = CARTESIAN_POINT ( 'NONE',  ( -114.0000000000000000, 23.98696133190903268, 21.32107122362669571 ) ) ;
#1889 = PRODUCT_DEFINITION_SHAPE ( 'NONE', 'NONE',  #1421 ) ;
#1890 = ORIENTED_EDGE ( 'NONE', *, *, #2743, .F. ) ;
#1891 = VECTOR ( 'NONE', #1528, 1000.000000000000000 ) ;
#1892 = ORIENTED_EDGE ( 'NONE', *, *, #1353, .F. ) ;
#1893 = EDGE_CURVE ( 'NONE', #5957, #4258, #4541, .T. ) ;
#1894 = CARTESIAN_POINT ( 'NONE',  ( -29.30303181239982280, 52.56765894952388152, -40.72460237342138356 ) ) ;
#1895 = ORIENTED_EDGE ( 'NONE', *, *, #1354, .F. ) ;
#1896 = CARTESIAN_POINT ( 'NONE',  ( -144.2831457505076003, 52.57418684766347639, 43.97480344192364754 ) ) ;
#1897 = CARTESIAN_POINT ( 'NONE',  ( -167.9900000000000091, 36.51499999999999346, -40.86854481000000305 ) ) ;
#1898 = CARTESIAN_POINT ( 'NONE',  ( -159.9899999999999807, 11.00000000000000000, -6.928544810000015097 ) ) ;
#1899 = AXIS2_PLACEMENT_3D ( 'NONE', #791, #3272, #2195 ) ;
#1900 = CYLINDRICAL_SURFACE ( 'NONE', #5579, 15.49999999999999289 ) ;
#1901 = VECTOR ( 'NONE', #5819, 1000.000000000000000 ) ;
#1902 = CARTESIAN_POINT ( 'NONE',  ( -167.9900000000000091, 28.39900948664829983, -59.96854480999999737 ) ) ;
#1903 = ORIENTED_EDGE ( 'NONE', *, *, #3500, .F. ) ;
#1904 = PLANE ( 'NONE',  #2740 ) ;
#1905 = EDGE_CURVE ( 'NONE', #2574, #5589, #5645, .T. ) ;
#1906 = CARTESIAN_POINT ( 'NONE',  ( -155.6750000000000398, 18.16484582764474354, -56.23104481000000021 ) ) ;
#1907 = ADVANCED_FACE ( 'NONE', ( #3150 ), #2777, .T. ) ;
#1908 = CARTESIAN_POINT ( 'NONE',  ( -83.25000000000000000, 22.07999999999999829, 22.36145518999998671 ) ) ;
#1909 = VECTOR ( 'NONE', #5498, 1000.000000000000000 ) ;
#1910 = EDGE_LOOP ( 'NONE', ( #5659, #4738, #3393, #1272, #5837, #1636 ) ) ;
#1911 = EDGE_CURVE ( 'NONE', #4168, #6275, #1917, .T. ) ;
#1912 = EDGE_CURVE ( 'NONE', #410, #4563, #180, .T. ) ;
#1913 = ORIENTED_EDGE ( 'NONE', *, *, #4602, .T. ) ;
#1914 = VECTOR ( 'NONE', #2116, 999.9999999999998863 ) ;
#1915 = DIRECTION ( 'NONE',  ( 0.000000000000000000, 0.000000000000000000, 1.000000000000000000 ) ) ;
#1916 = CYLINDRICAL_SURFACE ( 'NONE', #5371, 4.889999999999998792 ) ;
#1917 = CIRCLE ( 'NONE', #4603, 3.325000000000022382 ) ;
#1918 = ORIENTED_EDGE ( 'NONE', *, *, #2067, .F. ) ;
#1919 = EDGE_CURVE ( 'NONE', #3029, #2101, #2636, .T. ) ;
#1920 = CARTESIAN_POINT ( 'NONE',  ( -114.0000000000000000, 11.00000000000000000, 1.071455189999986901 ) ) ;
#1921 = CARTESIAN_POINT ( 'NONE',  ( -108.2850000000000392, 40.64250000000248519, -61.46854480999999737 ) ) ;
#1922 = FACE_OUTER_BOUND ( 'NONE', #4139, .T. ) ;
#1923 = CIRCLE ( 'NONE', #2241, 5.199221067671011554 ) ;
#1924 = FACE_OUTER_BOUND ( 'NONE', #2661, .T. ) ;
#1925 = FACE_OUTER_BOUND ( 'NONE', #751, .T. ) ;
#1926 = VERTEX_POINT ( 'NONE', #6064 ) ;
#1927 = VECTOR ( 'NONE', #1216, 1000.000000000000000 ) ;
#1928 = VERTEX_POINT ( 'NONE', #3088 ) ;
#1929 = CARTESIAN_POINT ( 'NONE',  ( -101.7586279834954439, 10.16250000000252918, -56.23104481000000021 ) ) ;
#1930 = EDGE_LOOP ( 'NONE', ( #2173, #4587, #545, #2279 ) ) ;
#1931 = LINE ( 'NONE', #2942, #2958 ) ;
#1932 = DIRECTION ( 'NONE',  ( -0.000000000000000000, -1.000000000000000000, -0.000000000000000000 ) ) ;
#1933 = CARTESIAN_POINT ( 'NONE',  ( -128.2199999999999704, 36.51499999999999346, -40.86854481000001016 ) ) ;
#1934 = VECTOR ( 'NONE', #5582, 1000.000000000000000 ) ;
#1935 = DIRECTION ( 'NONE',  ( 0.000000000000000000, -1.000000000000000000, 0.000000000000000000 ) ) ;
#1936 = EDGE_CURVE ( 'NONE', #2881, #2155, #2750, .T. ) ;
#1937 = EDGE_LOOP ( 'NONE', ( #4934, #4540, #1202, #4569, #2535 ) ) ;
#1938 = ORIENTED_EDGE ( 'NONE', *, *, #5908, .T. ) ;
#1939 = LINE ( 'NONE', #6319, #758 ) ;
#1940 = LINE ( 'NONE', #1871, #4155 ) ;
#1941 = DIRECTION ( 'NONE',  ( -1.000000000000000000, 0.000000000000000000, -0.000000000000000000 ) ) ;
#1942 = B_SPLINE_CURVE_WITH_KNOTS ( 'NONE', 3,
 ( #5119, #4672, #1618, #2175 ),
 .UNSPECIFIED., .F., .F.,
 ( 4, 4 ),
 ( 0.000000000000000000, 1.000000000000000000 ),
 .UNSPECIFIED. ) ;
#1943 = EDGE_LOOP ( 'NONE', ( #1121, #2786, #5099, #4103 ) ) ;
#1944 = ORIENTED_EDGE ( 'NONE', *, *, #2877, .T. ) ;
#1945 = DIRECTION ( 'NONE',  ( -1.000000000000000000, -0.000000000000000000, -0.000000000000000000 ) ) ;
#1946 = CARTESIAN_POINT ( 'NONE',  ( -115.0199999999999818, 36.51499999999999346, -40.86854481000001016 ) ) ;
#1947 = EDGE_CURVE ( 'NONE', #6189, #2983, #6158, .T. ) ;
#1948 = EDGE_CURVE ( 'NONE', #5599, #6022, #1596, .T. ) ;
#1949 = ORIENTED_EDGE ( 'NONE', *, *, #5791, .F. ) ;
#1950 = AXIS2_PLACEMENT_3D ( 'NONE', #4255, #902, #3900 ) ;
#1951 = CARTESIAN_POINT ( 'NONE',  ( -129.2399999999999523, 23.90420763446055119, 32.31385584421555990 ) ) ;
#1952 = DIRECTION ( 'NONE',  ( 0.000000000000000000, 0.000000000000000000, -1.000000000000000000 ) ) ;
#1953 = CARTESIAN_POINT ( 'NONE',  ( -128.6466836438567327, 3.299999999999999822, -32.53104481000285375 ) ) ;
#1954 = CARTESIAN_POINT ( 'NONE',  ( -147.9710775856719636, 3.299999999999999822, -30.39104481000288160 ) ) ;
#1955 = DIRECTION ( 'NONE',  ( 1.000000000000000000, 0.000000000000000000, 0.000000000000000000 ) ) ;
#1956 = VECTOR ( 'NONE', #4182, 1000.000000000000227 ) ;
#1957 = VERTEX_POINT ( 'NONE', #4771 ) ;
#1958 = VERTEX_POINT ( 'NONE', #3805 ) ;
#1959 = FACE_OUTER_BOUND ( 'NONE', #3911, .T. ) ;
#1960 = VECTOR ( 'NONE', #671, 1000.000000000000000 ) ;
#1961 = ORIENTED_EDGE ( 'NONE', *, *, #1022, .F. ) ;
#1962 = DIRECTION ( 'NONE',  ( -1.000000000000000000, 0.000000000000000000, -0.000000000000000000 ) ) ;
#1963 = CARTESIAN_POINT ( 'NONE',  ( -114.0000000000000000, 22.07999999999999829, 22.36145518999998671 ) ) ;
#1964 = CARTESIAN_POINT ( 'NONE',  ( -84.25000000000000000, 11.00000000000000000, 1.071455189999986901 ) ) ;
#1965 = DIRECTION ( 'NONE',  ( -1.000000000000000000, 0.000000000000000000, -1.285575526430241596E-15 ) ) ;
#1966 = CARTESIAN_POINT ( 'NONE',  ( -160.3815696155272406, 11.00000000000000000, 1.071455189999986901 ) ) ;
#1967 = ORIENTED_EDGE ( 'NONE', *, *, #4957, .F. ) ;
#1968 = VERTEX_POINT ( 'NONE', #3835 ) ;
#1969 = FACE_OUTER_BOUND ( 'NONE', #3629, .T. ) ;
#1970 = EDGE_CURVE ( 'NONE', #515, #3604, #2118, .T. ) ;
#1971 = DIRECTION ( 'NONE',  ( 1.000000000000000000, -0.000000000000000000, 0.000000000000000000 ) ) ;
#1972 = DIRECTION ( 'NONE',  ( 0.000000000000000000, 0.000000000000000000, 1.000000000000000000 ) ) ;
#1973 = ORIENTED_EDGE ( 'NONE', *, *, #2827, .F. ) ;
#1974 = EDGE_CURVE ( 'NONE', #3595, #4399, #138, .T. ) ;
#1975 = EDGE_LOOP ( 'NONE', ( #6048, #337, #2519, #302 ) ) ;
#1976 = CARTESIAN_POINT ( 'NONE',  ( -94.60782474442646617, 19.83721193742468714, 45.51016294905394233 ) ) ;
#1977 = DIRECTION ( 'NONE',  ( 0.000000000000000000, -1.000000000000000000, 0.000000000000000000 ) ) ;
#1978 = VECTOR ( 'NONE', #4312, 999.9999999999998863 ) ;
#1979 = ORIENTED_EDGE ( 'NONE', *, *, #665, .F. ) ;
#1980 = CYLINDRICAL_SURFACE ( 'NONE', #2216, 6.526372016504577545 ) ;
#1981 = PLANE ( 'NONE',  #876 ) ;
#1982 = EDGE_CURVE ( 'NONE', #3762, #3066, #281, .T. ) ;
#1983 = ADVANCED_FACE ( 'NONE', ( #2311 ), #1877, .T. ) ;
#1984 = DIRECTION ( 'NONE',  ( -1.000000000000000000, 0.000000000000000000, 0.000000000000000000 ) ) ;
#1985 = DIRECTION ( 'NONE',  ( 0.000000000000000000, 0.000000000000000000, -1.000000000000000000 ) ) ;
#1986 = VERTEX_POINT ( 'NONE', #5187 ) ;
#1987 = ORIENTED_EDGE ( 'NONE', *, *, #3350, .F. ) ;
#1988 = DIRECTION ( 'NONE',  ( 0.000000000000000000, 0.000000000000000000, 1.000000000000000000 ) ) ;
#1989 = ORIENTED_EDGE ( 'NONE', *, *, #1225, .F. ) ;
#1990 = CIRCLE ( 'NONE', #730, 16.05330429459235475 ) ;
#1991 = FACE_OUTER_BOUND ( 'NONE', #3767, .T. ) ;
#1992 = CARTESIAN_POINT ( 'NONE',  ( -158.9899999999999807, 11.00000000000000000, 1.071455189999986901 ) ) ;
#1993 = CARTESIAN_POINT ( 'NONE',  ( -114.8113720165046345, 38.08634614601159285, -52.58713401639744234 ) ) ;
#1994 = DIRECTION ( 'NONE',  ( -1.000000000000000000, -0.000000000000000000, -0.000000000000000000 ) ) ;
#1995 = CIRCLE ( 'NONE', #1450, 5.912500000000028955 ) ;
#1996 = ORIENTED_EDGE ( 'NONE', *, *, #6030, .F. ) ;
#1997 = ORIENTED_EDGE ( 'NONE', *, *, #225, .F. ) ;
#1998 = PLANE ( 'NONE',  #867 ) ;
#1999 = DIRECTION ( 'NONE',  ( 0.000000000000000000, -0.5000000000000004441, -0.8660254037844383745 ) ) ;
#2000 = VECTOR ( 'NONE', #2817, 1000.000000000000000 ) ;
#2001 = VECTOR ( 'NONE', #5853, 999.9999999999998863 ) ;
#2002 = DIRECTION ( 'NONE',  ( 1.000000000000000000, -0.000000000000000000, 0.000000000000000000 ) ) ;
#2003 = AXIS2_PLACEMENT_3D ( 'NONE', #6266, #4713, #4351 ) ;
#2004 = ORIENTED_EDGE ( 'NONE', *, *, #5237, .F. ) ;
#2005 = ORIENTED_EDGE ( 'NONE', *, *, #2687, .T. ) ;
#2006 = DIRECTION ( 'NONE',  ( 0.000000000000000000, -0.8660254037844384856, -0.5000000000000002220 ) ) ;
#2007 = VECTOR ( 'NONE', #2521, 1000.000000000000000 ) ;
#2008 = DIRECTION ( 'NONE',  ( 0.000000000000000000, -1.000000000000000000, -3.623650399333143762E-18 ) ) ;
#2009 = EDGE_CURVE ( 'NONE', #1845, #3992, #1325, .T. ) ;
#2010 = CIRCLE ( 'NONE', #3467, 4.912500000000000533 ) ;
#2011 = ORIENTED_EDGE ( 'NONE', *, *, #2684, .T. ) ;
#2012 = CARTESIAN_POINT ( 'NONE',  ( -132.0710727482644700, 9.601896308850977905E-17, -33.55623504128642764 ) ) ;
#2013 = CARTESIAN_POINT ( 'NONE',  ( -150.6418346865630724, 35.94639769783142214, 40.16915381341304681 ) ) ;
#2014 = CARTESIAN_POINT ( 'NONE',  ( -113.5253392310344367, 52.30453135228143680, -32.82602846776705974 ) ) ;
#2015 = DIRECTION ( 'NONE',  ( -1.000000000000000000, 0.000000000000000000, 0.000000000000000000 ) ) ;
#2016 = CONICAL_SURFACE ( 'NONE', #1301, 5.912499999999987210, 0.7853981633974405074 ) ;
#2017 = CIRCLE ( 'NONE', #5233, 14.83999999999996788 ) ;
#2018 = ORIENTED_EDGE ( 'NONE', *, *, #3881, .T. ) ;
#2019 = ORIENTED_EDGE ( 'NONE', *, *, #5874, .T. ) ;
#2020 = DIRECTION ( 'NONE',  ( 0.000000000000000000, 0.000000000000000000, 1.000000000000000000 ) ) ;
#2021 = AXIS2_PLACEMENT_3D ( 'NONE', #1222, #3212, #5745 ) ;
#2022 = ORIENTED_EDGE ( 'NONE', *, *, #2742, .T. ) ;
#2023 = DIRECTION ( 'NONE',  ( -1.000000000000000000, -0.000000000000000000, -0.000000000000000000 ) ) ;
#2024 = DIRECTION ( 'NONE',  ( 0.000000000000000000, 0.000000000000000000, 1.000000000000000000 ) ) ;
#2025 = FACE_OUTER_BOUND ( 'NONE', #5352, .T. ) ;
#2026 = PLANE ( 'NONE',  #2457 ) ;
#2027 = AXIS2_PLACEMENT_3D ( 'NONE', #3518, #43, #5037 ) ;
#2028 = EDGE_CURVE ( 'NONE', #2080, #2861, #3195, .T. ) ;
#2029 = EDGE_CURVE ( 'NONE', #556, #3404, #838, .T. ) ;
#2030 = VERTEX_POINT ( 'NONE', #1782 ) ;
#2031 = VERTEX_POINT ( 'NONE', #2799 ) ;
#2032 = CARTESIAN_POINT ( 'NONE',  ( -167.9900000000000091, 36.51499999999999346, -48.86854481000000305 ) ) ;
#2033 = CARTESIAN_POINT ( 'NONE',  ( -167.9900000000000091, 18.22984139532879766, -59.96854480999999737 ) ) ;
#2034 = CIRCLE ( 'NONE', #4933, 14.83999999999999275 ) ;
#2035 = CARTESIAN_POINT ( 'NONE',  ( -128.9699999999999989, 36.51499999999999346, -45.78104481000000447 ) ) ;
#2036 = VERTEX_POINT ( 'NONE', #4800 ) ;
#2037 = ORIENTED_EDGE ( 'NONE', *, *, #2067, .T. ) ;
#2038 = EDGE_LOOP ( 'NONE', ( #523, #55, #6210, #2261, #1903 ) ) ;
#2039 = CARTESIAN_POINT ( 'NONE',  ( -161.5131842133284295, 51.96418031886325650, -45.23104481000285659 ) ) ;
#2040 = CARTESIAN_POINT ( 'NONE',  ( -70.25000000000000000, 22.08000000000001251, 14.91363671745381936 ) ) ;
#2041 = ORIENTED_EDGE ( 'NONE', *, *, #5264, .F. ) ;
#2042 = LINE ( 'NONE', #4031, #2540 ) ;
#2043 = EDGE_CURVE ( 'NONE', #6392, #3724, #1083, .T. ) ;
#2044 = FACE_OUTER_BOUND ( 'NONE', #1661, .T. ) ;
#2045 = CARTESIAN_POINT ( 'NONE',  ( -70.25000000000000000, 15.63000000000001144, 18.63754595372690304 ) ) ;
#2046 = AXIS2_PLACEMENT_3D ( 'NONE', #1946, #1057, #4026 ) ;
#2047 = ORIENTED_EDGE ( 'NONE', *, *, #6230, .F. ) ;
#2048 = EDGE_LOOP ( 'NONE', ( #191, #584, #2099, #2508 ) ) ;
#2049 = CARTESIAN_POINT ( 'NONE',  ( -132.9056362101498507, 3.299999999999999822, -34.74811518587787873 ) ) ;
#2050 = ORIENTED_EDGE ( 'NONE', *, *, #841, .T. ) ;
#2051 = DIRECTION ( 'NONE',  ( 1.000000000000000000, 0.000000000000000000, 0.000000000000000000 ) ) ;
#2052 = DIRECTION ( 'NONE',  ( -1.000000000000000000, -0.000000000000000000, -0.000000000000000000 ) ) ;
#2053 = CARTESIAN_POINT ( 'NONE',  ( -102.6898051431298740, 49.77953170780154579, -54.03826499971617636 ) ) ;
#2054 = DIRECTION ( 'NONE',  ( 0.000000000000000000, -0.5000000000000004441, 0.8660254037844384856 ) ) ;
#2055 = ORIENTED_EDGE ( 'NONE', *, *, #3216, .F. ) ;
#2056 = ORIENTED_EDGE ( 'NONE', *, *, #3381, .T. ) ;
#2057 = DIRECTION ( 'NONE',  ( -0.000000000000000000, -0.000000000000000000, 1.000000000000000000 ) ) ;
#2058 = LINE ( 'NONE', #135, #4984 ) ;
#2059 = CARTESIAN_POINT ( 'NONE',  ( -115.2700000000000529, 3.299999999999999822, -37.73026587767386530 ) ) ;
#2060 = ADVANCED_FACE ( 'NONE', ( #2765 ), #5648, .F. ) ;
#2061 = EDGE_CURVE ( 'NONE', #3461, #3531, #2248, .T. ) ;
#2062 = VERTEX_POINT ( 'NONE', #5708 ) ;
#2063 = ORIENTED_EDGE ( 'NONE', *, *, #4165, .F. ) ;
#2064 = ORIENTED_EDGE ( 'NONE', *, *, #830, .T. ) ;
#2065 = DIRECTION ( 'NONE',  ( 0.000000000000000000, -1.000000000000000000, 0.000000000000000000 ) ) ;
#2066 = CARTESIAN_POINT ( 'NONE',  ( -100.9000000000000625, 47.56698729810777593, -58.24957121884516908 ) ) ;
#2067 = EDGE_CURVE ( 'NONE', #3001, #4141, #5322, .T. ) ;
#2068 = CIRCLE ( 'NONE', #5181, 9.802499999999994884 ) ;
#2069 = DIRECTION ( 'NONE',  ( 0.000000000000000000, -0.000000000000000000, -1.000000000000000000 ) ) ;
#2070 = VECTOR ( 'NONE', #2151, 1000.000000000000000 ) ;
#2071 = ORIENTED_EDGE ( 'NONE', *, *, #1023, .F. ) ;
#2072 = AXIS2_PLACEMENT_3D ( 'NONE', #200, #1243, #3171 ) ;
#2073 = FACE_BOUND ( 'NONE', #5593, .T. ) ;
#2074 = CARTESIAN_POINT ( 'NONE',  ( -91.15394920580013149, 32.23676144278434208, 55.09805885242869294 ) ) ;
#2075 = DIRECTION ( 'NONE',  ( 0.9703147485327333621, 0.06259424433291430057, -0.2336049001118126467 ) ) ;
#2076 = AXIS2_PLACEMENT_3D ( 'NONE', #5567, #525, #3987 ) ;
#2077 = EDGE_CURVE ( 'NONE', #4091, #5780, #2377, .T. ) ;
#2078 = ORIENTED_EDGE ( 'NONE', *, *, #4088, .F. ) ;
#2079 = DIRECTION ( 'NONE',  ( 0.000000000000000000, 0.000000000000000000, -1.000000000000000000 ) ) ;
#2080 = VERTEX_POINT ( 'NONE', #6325 ) ;
#2081 = CARTESIAN_POINT ( 'NONE',  ( -155.7105728809890763, 7.216403430905559802, -61.46854480999999737 ) ) ;
#2082 = PLANE ( 'NONE',  #3438 ) ;
#2083 = CARTESIAN_POINT ( 'NONE',  ( -114.8113720165046203, 40.64250000000248519, -52.58713401639744234 ) ) ;
#2084 = FACE_OUTER_BOUND ( 'NONE', #5924, .T. ) ;
#2085 = ADVANCED_FACE ( 'NONE', ( #5678 ), #356, .F. ) ;
#2086 = EDGE_CURVE ( 'NONE', #199, #1413, #2758, .T. ) ;
#2087 = VECTOR ( 'NONE', #1102, 1000.000000000000000 ) ;
#2088 = ORIENTED_EDGE ( 'NONE', *, *, #5833, .F. ) ;
#2089 = EDGE_LOOP ( 'NONE', ( #2422, #777, #5394, #3695 ) ) ;
#2090 = DIRECTION ( 'NONE',  ( -0.000000000000000000, -0.000000000000000000, 1.000000000000000000 ) ) ;
#2091 = CARTESIAN_POINT ( 'NONE',  ( -159.9899999999999807, 11.00000000000000000, 1.071455189999986901 ) ) ;
#2092 = CARTESIAN_POINT ( 'NONE',  ( -100.1842588688584357, 35.94364492371277464, 41.26378136386622941 ) ) ;
#2093 = AXIS2_PLACEMENT_3D ( 'NONE', #693, #338, #6288 ) ;
#2094 = ORIENTED_EDGE ( 'NONE', *, *, #3049, .F. ) ;
#2095 = EDGE_CURVE ( 'NONE', #417, #3501, #5188, .T. ) ;
#2096 = CIRCLE ( 'NONE', #3766, 4.912500000000000533 ) ;
#2097 = EDGE_CURVE ( 'NONE', #1526, #1770, #1393, .T. ) ;
#2098 = AXIS2_PLACEMENT_3D ( 'NONE', #5089, #2667, #1687 ) ;
#2099 = ORIENTED_EDGE ( 'NONE', *, *, #1701, .F. ) ;
#2100 = AXIS2_PLACEMENT_3D ( 'NONE', #182, #3671, #4709 ) ;
#2101 = VERTEX_POINT ( 'NONE', #5840 ) ;
#2102 = DIRECTION ( 'NONE',  ( 1.000000000000000000, -0.000000000000000000, 6.427877632151207979E-16 ) ) ;
#2103 = PLANE ( 'NONE',  #1499 ) ;
#2104 = CARTESIAN_POINT ( 'NONE',  ( -70.25000000000000000, 17.44999999999999929, 4.795364426273074798 ) ) ;
#2105 =( GEOMETRIC_REPRESENTATION_CONTEXT ( 3 ) GLOBAL_UNCERTAINTY_ASSIGNED_CONTEXT ( ( #2459 ) ) GLOBAL_UNIT_ASSIGNED_CONTEXT ( ( #6148, #4659, #5666 ) ) REPRESENTATION_CONTEXT ( 'NONE', 'WORKASPACE' ) );
#2106 = EDGE_CURVE ( 'NONE', #515, #2428, #4961, .T. ) ;
#2107 = ADVANCED_FACE ( 'NONE', ( #2962 ), #503, .F. ) ;
#2108 = EDGE_LOOP ( 'NONE', ( #4389, #732, #3328, #1944 ) ) ;
#2109 = VECTOR ( 'NONE', #4531, 1000.000000000000000 ) ;
#2110 = CARTESIAN_POINT ( 'NONE',  ( -128.9699999999999989, 14.28999999999999737, -45.78104481000000447 ) ) ;
#2111 = FACE_OUTER_BOUND ( 'NONE', #497, .T. ) ;
#2112 = DIRECTION ( 'NONE',  ( -1.000000000000000000, 0.000000000000000000, 5.123939793633151980E-16 ) ) ;
#2113 = VECTOR ( 'NONE', #2549, 1000.000000000000000 ) ;
#2114 = VERTEX_POINT ( 'NONE', #5353 ) ;
#2115 = DIRECTION ( 'NONE',  ( 0.000000000000000000, 0.5000000000000004441, -0.8660254037844383745 ) ) ;
#2116 = DIRECTION ( 'NONE',  ( 0.000000000000000000, -0.8660254037844384856, -0.5000000000000004441 ) ) ;
#2117 = DIRECTION ( 'NONE',  ( 0.000000000000000000, -8.904913843347609225E-15, -1.000000000000000000 ) ) ;
#2118 = CIRCLE ( 'NONE', #2961, 4.889999999999998792 ) ;
#2119 = CARTESIAN_POINT ( 'NONE',  ( -100.4897203622682298, 32.79747430261463848, 45.18052842716380724 ) ) ;
#2120 = CARTESIAN_POINT ( 'NONE',  ( -70.25000000000000000, 42.96499999999999631, -44.59245404627308318 ) ) ;
#2121 = ORIENTED_EDGE ( 'NONE', *, *, #5319, .T. ) ;
#2122 = UNCERTAINTY_MEASURE_WITH_UNIT (LENGTH_MEASURE( 1.000000000000000082E-05 ), #5404, 'distance_accuracy_value', 'NONE');
#2123 = AXIS2_PLACEMENT_3D ( 'NONE', #3407, #2469, #2006 ) ;
#2124 = EDGE_LOOP ( 'NONE', ( #2387, #5976 ) ) ;
#2125 = ORIENTED_EDGE ( 'NONE', *, *, #5549, .T. ) ;
#2126 = DIRECTION ( 'NONE',  ( -1.000000000000000000, 0.000000000000000000, 0.000000000000000000 ) ) ;
#2127 = CARTESIAN_POINT ( 'NONE',  ( -70.25000000000000000, 89.76698729810775035, -58.36708106719408562 ) ) ;
#2128 = CARTESIAN_POINT ( 'NONE',  ( -114.0000000000000000, 11.00000000000000000, 1.071455189999986901 ) ) ;
#2129 = EDGE_CURVE ( 'NONE', #3417, #1281, #3017, .T. ) ;
#2130 = VECTOR ( 'NONE', #2184, 1000.000000000000000 ) ;
#2131 = VERTEX_POINT ( 'NONE', #2924 ) ;
#2132 = LINE ( 'NONE', #1113, #4356 ) ;
#2133 = CIRCLE ( 'NONE', #1812, 9.763640355059006737 ) ;
#2134 = ORIENTED_EDGE ( 'NONE', *, *, #2684, .F. ) ;
#2135 = ORIENTED_EDGE ( 'NONE', *, *, #2097, .T. ) ;
#2136 = FACE_OUTER_BOUND ( 'NONE', #977, .T. ) ;
#2137 = FACE_OUTER_BOUND ( 'NONE', #201, .T. ) ;
#2138 = DIRECTION ( 'NONE',  ( 0.000000000000000000, 0.000000000000000000, -1.000000000000000000 ) ) ;
#2139 = VERTEX_POINT ( 'NONE', #4508 ) ;
#2140 = LINE ( 'NONE', #2628, #1077 ) ;
#2141 = CARTESIAN_POINT ( 'NONE',  ( -129.2399999999999807, 11.00000000000000000, 1.071455189999986901 ) ) ;
#2142 = DIRECTION ( 'NONE',  ( -1.000000000000000000, 0.000000000000000000, -0.000000000000000000 ) ) ;
#2143 = EDGE_CURVE ( 'NONE', #2277, #6022, #3435, .T. ) ;
#2144 = EDGE_CURVE ( 'NONE', #475, #1798, #1923, .T. ) ;
#2145 = EDGE_CURVE ( 'NONE', #399, #6083, #4823, .T. ) ;
#2146 = ORIENTED_EDGE ( 'NONE', *, *, #4542, .T. ) ;
#2147 = CARTESIAN_POINT ( 'NONE',  ( -83.25000000000000000, 20.73999999999998067, -37.14463557372693003 ) ) ;
#2148 = DIRECTION ( 'NONE',  ( -1.000000000000000000, -0.000000000000000000, -0.000000000000000000 ) ) ;
#2149 = LINE ( 'NONE', #4128, #2409 ) ;
#2150 = CARTESIAN_POINT ( 'NONE',  ( -138.6262915010152312, 0.000000000000000000, 38.31794919243127140 ) ) ;
#2151 = DIRECTION ( 'NONE',  ( 0.000000000000000000, -0.8660254037844389297, 0.4999999999999996114 ) ) ;
#2152 = ADVANCED_FACE ( 'NONE', ( #2498 ), #4864, .T. ) ;
#2153 = AXIS2_PLACEMENT_3D ( 'NONE', #3288, #1328, #3408 ) ;
#2154 = AXIS2_PLACEMENT_3D ( 'NONE', #2045, #4033, #5056 ) ;
#2155 = VERTEX_POINT ( 'NONE', #6417 ) ;
#2156 = ORIENTED_EDGE ( 'NONE', *, *, #5928, .F. ) ;
#2157 = ORIENTED_EDGE ( 'NONE', *, *, #2259, .F. ) ;
#2158 = AXIS2_PLACEMENT_3D ( 'NONE', #5374, #2947, #5703 ) ;
#2159 = FACE_OUTER_BOUND ( 'NONE', #2936, .T. ) ;
#2160 = DIRECTION ( 'NONE',  ( 0.000000000000000000, 0.8660254037844389297, -0.4999999999999995559 ) ) ;
#2161 = DIRECTION ( 'NONE',  ( -1.000000000000000000, 0.000000000000000000, 0.000000000000000000 ) ) ;
#2162 = ORIENTED_EDGE ( 'NONE', *, *, #1100, .T. ) ;
#2163 = EDGE_CURVE ( 'NONE', #1193, #989, #5754, .T. ) ;
#2164 = DIRECTION ( 'NONE',  ( -1.000000000000000000, -0.000000000000000000, -0.000000000000000000 ) ) ;
#2165 = ORIENTED_EDGE ( 'NONE', *, *, #20, .T. ) ;
#2166 = CARTESIAN_POINT ( 'NONE',  ( -161.5131842133284295, 47.56698729810777593, -45.23104481000285659 ) ) ;
#2167 = DIRECTION ( 'NONE',  ( 0.000000000000000000, 0.000000000000000000, -1.000000000000000000 ) ) ;
#2168 = ORIENTED_EDGE ( 'NONE', *, *, #5638, .F. ) ;
#2169 = CARTESIAN_POINT ( 'NONE',  ( -134.4249999999889837, 0.000000000000000000, -31.97854481000000249 ) ) ;
#2170 = DIRECTION ( 'NONE',  ( 0.000000000000000000, 0.000000000000000000, -1.000000000000000000 ) ) ;
#2171 = DIRECTION ( 'NONE',  ( 0.000000000000000000, -0.8660254037844389297, 0.4999999999999994449 ) ) ;
#2172 = EDGE_CURVE ( 'NONE', #4894, #5312, #4473, .T. ) ;
#2173 = ORIENTED_EDGE ( 'NONE', *, *, #2144, .T. ) ;
#2174 = CARTESIAN_POINT ( 'NONE',  ( -145.1966877078846494, 33.28179532097015425, 43.06102461130697634 ) ) ;
#2175 = CARTESIAN_POINT ( 'NONE',  ( -144.3205584798394341, 32.99411413436673257, 43.93739071259182793 ) ) ;
#2176 = DIRECTION ( 'NONE',  ( 1.000000000000000000, -0.000000000000000000, -0.000000000000000000 ) ) ;
#2177 = VECTOR ( 'NONE', #4287, 1000.000000000000000 ) ;
#2178 = ORIENTED_EDGE ( 'NONE', *, *, #3584, .F. ) ;
#2179 = EDGE_CURVE ( 'NONE', #947, #4168, #405, .T. ) ;
#2180 = CARTESIAN_POINT ( 'NONE',  ( -164.9900000000000091, 18.22984139532879766, -54.16854481000000021 ) ) ;
#2181 = EDGE_CURVE ( 'NONE', #3626, #5774, #5477, .T. ) ;
#2182 = CARTESIAN_POINT ( 'NONE',  ( -161.9250000000000398, 9.210000000002505516, -54.16854481000000021 ) ) ;
#2183 = CARTESIAN_POINT ( 'NONE',  ( -114.8113720165046203, 40.64250000000248519, -52.58713401639744234 ) ) ;
#2184 = DIRECTION ( 'NONE',  ( 1.000000000000000000, 0.000000000000000000, 6.427877632151207979E-16 ) ) ;
#2185 = CARTESIAN_POINT ( 'NONE',  ( -129.2399999999999807, 19.94906956167435297, 34.01786087644886436 ) ) ;
#2186 = VECTOR ( 'NONE', #2336, 1000.000000000000000 ) ;
#2187 = CIRCLE ( 'NONE', #4364, 9.802499999999994884 ) ;
#2188 = EDGE_LOOP ( 'NONE', ( #3552, #4044 ) ) ;
#2189 = EDGE_CURVE ( 'NONE', #2734, #2480, #440, .T. ) ;
#2190 = VERTEX_POINT ( 'NONE', #3867 ) ;
#2191 = ORIENTED_EDGE ( 'NONE', *, *, #2586, .T. ) ;
#2192 = AXIS2_PLACEMENT_3D ( 'NONE', #5624, #4204, #2160 ) ;
#2193 = CARTESIAN_POINT ( 'NONE',  ( -70.25000000000000000, 4.549999999999997158, 4.795364426273063252 ) ) ;
#2194 = CARTESIAN_POINT ( 'NONE',  ( -70.25000000000000000, 28.39900948664812574, 40.84498563909248503 ) ) ;
#2195 = DIRECTION ( 'NONE',  ( -1.000000000000000000, 0.000000000000000000, -0.000000000000000000 ) ) ;
#2196 = ORIENTED_EDGE ( 'NONE', *, *, #4727, .F. ) ;
#2197 = CARTESIAN_POINT ( 'NONE',  ( -84.25000000000000000, 14.28999999999999737, -35.95604481000000163 ) ) ;
#2198 = ORIENTED_EDGE ( 'NONE', *, *, #3068, .F. ) ;
#2199 = CARTESIAN_POINT ( 'NONE',  ( -94.32714172627886740, 33.98536254964110981, 40.97334745392430477 ) ) ;
#2200 = CARTESIAN_POINT ( 'NONE',  ( -100.9000000000000625, -36.03001699971844829, -61.46854480999999737 ) ) ;
#2201 = ORIENTED_EDGE ( 'NONE', *, *, #1610, .T. ) ;
#2202 = AXIS2_PLACEMENT_3D ( 'NONE', #5684, #1196, #2700 ) ;
#2203 = CARTESIAN_POINT ( 'NONE',  ( -144.3205584798394341, 32.99411413436673257, 43.93739071259182793 ) ) ;
#2204 = DIRECTION ( 'NONE',  ( -0.000000000000000000, -0.000000000000000000, -1.000000000000000000 ) ) ;
#2205 = CARTESIAN_POINT ( 'NONE',  ( -83.25000000000000000, 11.00000000000000000, 8.519273662546156700 ) ) ;
#2206 = VECTOR ( 'NONE', #4795, 1000.000000000000000 ) ;
#2207 = ORIENTED_EDGE ( 'NONE', *, *, #2145, .F. ) ;
#2208 = EDGE_LOOP ( 'NONE', ( #2802, #164, #192, #2788, #2050, #1078, #4998, #1244, #5203, #3833, #4990 ) ) ;
#2209 = DIRECTION ( 'NONE',  ( -1.000000000000000000, 0.000000000000000000, 0.000000000000000000 ) ) ;
#2210 = AXIS2_PLACEMENT_3D ( 'NONE', #265, #5662, #3754 ) ;
#2211 = DIRECTION ( 'NONE',  ( 1.000000000000000000, -0.000000000000000000, 1.285575526430241596E-15 ) ) ;
#2212 = VECTOR ( 'NONE', #4302, 1000.000000000000000 ) ;
#2213 = CYLINDRICAL_SURFACE ( 'NONE', #5500, 6.526372016504577545 ) ;
#2214 = EDGE_CURVE ( 'NONE', #4668, #5851, #2406, .T. ) ;
#2215 = AXIS2_PLACEMENT_3D ( 'NONE', #1446, #500, #2493 ) ;
#2216 = AXIS2_PLACEMENT_3D ( 'NONE', #3963, #4991, #411 ) ;
#2217 = ORIENTED_EDGE ( 'NONE', *, *, #1266, .F. ) ;
#2218 = DIRECTION ( 'NONE',  ( -0.000000000000000000, -0.000000000000000000, 1.000000000000000000 ) ) ;
#2219 = LINE ( 'NONE', #2633, #1914 ) ;
#2220 = LINE ( 'NONE', #1129, #2308 ) ;
#2221 = CARTESIAN_POINT ( 'NONE',  ( -167.9900000000000091, 38.37435783780347265, 32.19223726986611922 ) ) ;
#2222 = DIRECTION ( 'NONE',  ( 0.000000000000000000, -0.8660254037844382635, -0.5000000000000004441 ) ) ;
#2223 = VECTOR ( 'NONE', #3198, 1000.000000000000000 ) ;
#2224 = ORIENTED_EDGE ( 'NONE', *, *, #3337, .F. ) ;
#2225 = EDGE_LOOP ( 'NONE', ( #5448, #5687 ) ) ;
#2226 = VECTOR ( 'NONE', #459, 999.9999999999998863 ) ;
#2227 = ORIENTED_EDGE ( 'NONE', *, *, #1125, .F. ) ;
#2228 = DIRECTION ( 'NONE',  ( 1.000000000000000000, -0.000000000000000000, -0.000000000000000000 ) ) ;
#2229 = DIRECTION ( 'NONE',  ( 0.000000000000000000, 0.000000000000000000, -1.000000000000000000 ) ) ;
#2230 = DIRECTION ( 'NONE',  ( 0.000000000000000000, 0.000000000000000000, -1.000000000000000000 ) ) ;
#2231 = EDGE_CURVE ( 'NONE', #4505, #1201, #881, .T. ) ;
#2232 = EDGE_CURVE ( 'NONE', #3579, #692, #1420, .T. ) ;
#2233 = EDGE_CURVE ( 'NONE', #66, #4141, #1483, .T. ) ;
#2234 = AXIS2_PLACEMENT_3D ( 'NONE', #89, #117, #3605 ) ;
#2235 = ORIENTED_EDGE ( 'NONE', *, *, #1225, .T. ) ;
#2236 = CARTESIAN_POINT ( 'NONE',  ( -111.1674612229020909, 4.307164911702273891, -56.23104481000000021 ) ) ;
#2237 = EDGE_LOOP ( 'NONE', ( #3748, #5248, #5518, #4530 ) ) ;
#2238 = CARTESIAN_POINT ( 'NONE',  ( -164.0247847025006536, 15.38935562182574479, -61.46854480999999737 ) ) ;
#2239 = PLANE ( 'NONE',  #513 ) ;
#2240 = ORIENTED_EDGE ( 'NONE', *, *, #4404, .F. ) ;
#2241 = AXIS2_PLACEMENT_3D ( 'NONE', #4930, #5966, #931 ) ;
#2242 = LINE ( 'NONE', #3207, #1887 ) ;
#2243 = FACE_OUTER_BOUND ( 'NONE', #795, .T. ) ;
#2244 = LINE ( 'NONE', #4633, #3302 ) ;
#2245 = VECTOR ( 'NONE', #2604, 999.9999999999998863 ) ;
#2246 = ORIENTED_EDGE ( 'NONE', *, *, #3460, .T. ) ;
#2247 = ORIENTED_EDGE ( 'NONE', *, *, #1865, .F. ) ;
#2248 = LINE ( 'NONE', #1360, #4720 ) ;
#2249 = CARTESIAN_POINT ( 'NONE',  ( -181.2271884819317904, 6.352500000002560654, -29.60604481000283528 ) ) ;
#2250 = CARTESIAN_POINT ( 'NONE',  ( -166.4899999999999807, 15.63176518397546566, -61.46854480999999737 ) ) ;
#2251 = VERTEX_POINT ( 'NONE', #1000 ) ;
#2252 = EDGE_CURVE ( 'NONE', #6275, #3902, #694, .T. ) ;
#2253 = DIRECTION ( 'NONE',  ( 0.000000000000000000, 0.000000000000000000, 1.000000000000000000 ) ) ;
#2254 = CARTESIAN_POINT ( 'NONE',  ( -161.5131842133284295, 47.56698729810777593, -45.23104481000287080 ) ) ;
#2255 = CARTESIAN_POINT ( 'NONE',  ( -144.3205584798394341, 32.99411413436673257, 43.93739071259182793 ) ) ;
#2256 = CARTESIAN_POINT ( 'NONE',  ( -70.25000000000000000, 15.63000000000000789, 26.08536442627307750 ) ) ;
#2257 = CARTESIAN_POINT ( 'NONE',  ( -138.6262915010152881, 35.30168919948090434, 43.65959274290923986 ) ) ;
#2258 = ORIENTED_EDGE ( 'NONE', *, *, #1507, .F. ) ;
#2259 = EDGE_CURVE ( 'NONE', #1434, #4505, #4632, .T. ) ;
#2260 = ORIENTED_EDGE ( 'NONE', *, *, #2565, .F. ) ;
#2261 = ORIENTED_EDGE ( 'NONE', *, *, #3244, .F. ) ;
#2262 = DIRECTION ( 'NONE',  ( -0.000000000000000000, 0.000000000000000000, -1.000000000000000000 ) ) ;
#2263 = FACE_OUTER_BOUND ( 'NONE', #2237, .T. ) ;
#2264 = CARTESIAN_POINT ( 'NONE',  ( -135.8148612484233126, 3.299999999999999822, -38.90291912545238517 ) ) ;
#2265 = VECTOR ( 'NONE', #6193, 1000.000000000000000 ) ;
#2266 = VERTEX_POINT ( 'NONE', #2039 ) ;
#2267 = CARTESIAN_POINT ( 'NONE',  ( -137.3201063584309622, 52.56765894952388152, -40.72460237342139777 ) ) ;
#2268 = VERTEX_POINT ( 'NONE', #4025 ) ;
#2269 = CARTESIAN_POINT ( 'NONE',  ( -161.9250000000000398, 41.59500000000250708, -56.23104481000000021 ) ) ;
#2270 = ADVANCED_FACE ( 'NONE', ( #177, #5574, #2137 ), #5994, .T. ) ;
#2271 = LINE ( 'NONE', #5634, #4148 ) ;
#2272 = ORIENTED_EDGE ( 'NONE', *, *, #2673, .F. ) ;
#2273 = ADVANCED_FACE ( 'NONE', ( #4056 ), #6026, .T. ) ;
#2274 = FACE_OUTER_BOUND ( 'NONE', #2208, .T. ) ;
#2275 = DIRECTION ( 'NONE',  ( 1.000000000000000000, -0.000000000000000000, 6.427877632151207979E-16 ) ) ;
#2276 = CYLINDRICAL_SURFACE ( 'NONE', #1635, 5.199221067671011554 ) ;
#2277 = VERTEX_POINT ( 'NONE', #145 ) ;
#2278 = EDGE_CURVE ( 'NONE', #5649, #4952, #3178, .T. ) ;
#2279 = ORIENTED_EDGE ( 'NONE', *, *, #4583, .T. ) ;
#2280 = CARTESIAN_POINT ( 'NONE',  ( -70.25000000000000000, -109.8107764201335783, -42.18063203856440424 ) ) ;
#2281 = DIRECTION ( 'NONE',  ( 0.7071067811865445751, 2.562307770017817616E-18, -0.7071067811865504593 ) ) ;
#2282 = PLANE ( 'NONE',  #1950 ) ;
#2283 = ORIENTED_EDGE ( 'NONE', *, *, #3585, .F. ) ;
#2284 = CYLINDRICAL_SURFACE ( 'NONE', #2842, 7.999999999999998224 ) ;
#2285 = DIRECTION ( 'NONE',  ( 0.000000000000000000, -1.000000000000000000, 0.000000000000000000 ) ) ;
#2286 = CARTESIAN_POINT ( 'NONE',  ( -64.91366932516041288, 89.76698729810775035, -58.36708106719408562 ) ) ;
#2287 = CYLINDRICAL_SURFACE ( 'NONE', #5968, 15.00000000000000000 ) ;
#2288 = CARTESIAN_POINT ( 'NONE',  ( -159.9899999999999807, 36.51499999999999346, -48.86854481000000305 ) ) ;
#2289 = EDGE_CURVE ( 'NONE', #6041, #4432, #6119, .T. ) ;
#2290 = EDGE_LOOP ( 'NONE', ( #3469, #223, #590, #3335 ) ) ;
#2291 = ORIENTED_EDGE ( 'NONE', *, *, #4014, .F. ) ;
#2292 = ORIENTED_EDGE ( 'NONE', *, *, #128, .F. ) ;
#2293 = FACE_OUTER_BOUND ( 'NONE', #1474, .T. ) ;
#2294 = FACE_OUTER_BOUND ( 'NONE', #5875, .T. ) ;
#2295 = CONICAL_SURFACE ( 'NONE', #2072, 4.912500000000000533, 0.7853981633974552734 ) ;
#2296 = CARTESIAN_POINT ( 'NONE',  ( -94.65355072274896031, 33.94381773090658783, 41.10012894122268534 ) ) ;
#2297 = EDGE_CURVE ( 'NONE', #5851, #611, #1675, .T. ) ;
#2298 = VECTOR ( 'NONE', #5691, 1000.000000000000000 ) ;
#2299 = ORIENTED_EDGE ( 'NONE', *, *, #3179, .F. ) ;
#2300 = CARTESIAN_POINT ( 'NONE',  ( -104.3130314791034579, 35.30168418119676232, 43.65961147140051679 ) ) ;
#2301 = ORIENTED_EDGE ( 'NONE', *, *, #5730, .T. ) ;
#2302 = LINE ( 'NONE', #2429, #441 ) ;
#2303 = LINE ( 'NONE', #5143, #1662 ) ;
#2304 = EDGE_LOOP ( 'NONE', ( #2682, #1918, #4304, #4757 ) ) ;
#2305 = DIRECTION ( 'NONE',  ( 0.000000000000000000, -0.9659258262890673130, -0.2588190451025247363 ) ) ;
#2306 = FACE_OUTER_BOUND ( 'NONE', #273, .T. ) ;
#2307 = AXIS2_PLACEMENT_3D ( 'NONE', #1138, #4336, #5401 ) ;
#2308 = VECTOR ( 'NONE', #3614, 1000.000000000000000 ) ;
#2309 = ORIENTED_EDGE ( 'NONE', *, *, #3701, .F. ) ;
#2310 = VERTEX_POINT ( 'NONE', #86 ) ;
#2311 = FACE_OUTER_BOUND ( 'NONE', #2089, .T. ) ;
#2312 = LINE ( 'NONE', #1361, #3014 ) ;
#2313 = CYLINDRICAL_SURFACE ( 'NONE', #4120, 6.526372016504577545 ) ;
#2314 = CIRCLE ( 'NONE', #5722, 6.526372016504577545 ) ;
#2315 = EDGE_CURVE ( 'NONE', #2404, #2741, #3663, .T. ) ;
#2316 = EDGE_CURVE ( 'NONE', #2451, #1159, #143, .T. ) ;
#2317 = ORIENTED_EDGE ( 'NONE', *, *, #2232, .F. ) ;
#2318 = CARTESIAN_POINT ( 'NONE',  ( -104.0155220443885327, 35.30167914138969820, 43.65963028021663916 ) ) ;
#2319 = CARTESIAN_POINT ( 'NONE',  ( -143.5062122704050012, 32.87507057202989813, 44.67880857054705501 ) ) ;
#2320 = PLANE ( 'NONE',  #2834 ) ;
#2321 = CARTESIAN_POINT ( 'NONE',  ( -92.91798013572721970, 36.89856757206966620, 37.69996152290014635 ) ) ;
#2322 = CARTESIAN_POINT ( 'NONE',  ( -99.04663244449228898, 0.000000000000000000, 44.06747606764520953 ) ) ;
#2323 = ADVANCED_FACE ( 'NONE', ( #2563 ), #5146, .T. ) ;
#2324 = ORIENTED_EDGE ( 'NONE', *, *, #5550, .F. ) ;
#2325 = CARTESIAN_POINT ( 'NONE',  ( -155.3986279834954587, 9.210000000002505516, -54.16854481000000021 ) ) ;
#2326 = ORIENTED_EDGE ( 'NONE', *, *, #1718, .T. ) ;
#2327 = CARTESIAN_POINT ( 'NONE',  ( -70.25000000000000000, 20.73999999999998067, -37.14463557372693003 ) ) ;
#2328 = DIRECTION ( 'NONE',  ( 0.000000000000000000, 0.000000000000000000, -1.000000000000000000 ) ) ;
#2329 = CIRCLE ( 'NONE', #3566, 4.912500000000000533 ) ;
#2330 = CARTESIAN_POINT ( 'NONE',  ( -70.25000000000000000, 4.549999999999998934, -2.652454046273100552 ) ) ;
#2331 = VECTOR ( 'NONE', #3394, 1000.000000000000000 ) ;
#2332 = CARTESIAN_POINT ( 'NONE',  ( -100.6771577468716288, 32.77829709316989693, 45.30373741866572601 ) ) ;
#2333 = ORIENTED_EDGE ( 'NONE', *, *, #109, .F. ) ;
#2334 = DIRECTION ( 'NONE',  ( 1.000000000000000000, 0.000000000000000000, 0.000000000000000000 ) ) ;
#2335 = EDGE_CURVE ( 'NONE', #4704, #5668, #2689, .T. ) ;
#2336 = DIRECTION ( 'NONE',  ( 0.000000000000000000, -1.000000000000000000, 0.000000000000000000 ) ) ;
#2337 = ORIENTED_EDGE ( 'NONE', *, *, #5559, .F. ) ;
#2338 = CARTESIAN_POINT ( 'NONE',  ( -146.7978611535614846, 33.65099581953990793, 41.93627766204131291 ) ) ;
#2339 = DIRECTION ( 'NONE',  ( 0.000000000000000000, 0.000000000000000000, 1.000000000000000000 ) ) ;
#2340 = VECTOR ( 'NONE', #5234, 1000.000000000000000 ) ;
#2341 = AXIS2_PLACEMENT_3D ( 'NONE', #4810, #4841, #4714 ) ;
#2342 = VECTOR ( 'NONE', #3959, 1000.000000000000114 ) ;
#2343 = ORIENTED_EDGE ( 'NONE', *, *, #3245, .T. ) ;
#2344 = EDGE_LOOP ( 'NONE', ( #657, #2973, #681, #6105, #2157 ) ) ;
#2345 = CARTESIAN_POINT ( 'NONE',  ( -70.25000000000000000, 30.06499999999998707, -37.14463557372690872 ) ) ;
#2346 = DIRECTION ( 'NONE',  ( 1.000000000000000000, 0.000000000000000000, 0.000000000000000000 ) ) ;
#2347 = DIRECTION ( 'NONE',  ( 1.000000000000000000, 0.000000000000000000, 0.000000000000000000 ) ) ;
#2348 = CIRCLE ( 'NONE', #4097, 9.802499999999991331 ) ;
#2349 = VERTEX_POINT ( 'NONE', #2066 ) ;
#2350 = DIRECTION ( 'NONE',  ( -1.000000000000000000, -0.000000000000000000, -0.000000000000000000 ) ) ;
#2351 = CARTESIAN_POINT ( 'NONE',  ( -139.1498932031031188, 32.62123566805745156, 46.31798446894871546 ) ) ;
#2352 = DIRECTION ( 'NONE',  ( -1.000000000000000000, -0.000000000000000000, -0.000000000000000000 ) ) ;
#2353 = ADVANCED_FACE ( 'NONE', ( #3565 ), #5544, .F. ) ;
#2354 = ADVANCED_FACE ( 'NONE', ( #6089 ), #3065, .F. ) ;
#2355 = CIRCLE ( 'NONE', #2874, 1.000000000000005995 ) ;
#2356 = CARTESIAN_POINT ( 'NONE',  ( -155.7243565925128337, 43.63106312058576464, -61.46854480999999737 ) ) ;
#2357 = DIRECTION ( 'NONE',  ( -1.000000000000000000, 0.000000000000000000, 0.000000000000000000 ) ) ;
#2358 = ORIENTED_EDGE ( 'NONE', *, *, #266, .T. ) ;
#2359 = CARTESIAN_POINT ( 'NONE',  ( -134.4249999999889837, 0.000000000000000000, 19.05000000000000071 ) ) ;
#2360 = ORIENTED_EDGE ( 'NONE', *, *, #1919, .T. ) ;
#2361 = LINE ( 'NONE', #2327, #2434 ) ;
#2362 = LINE ( 'NONE', #3822, #5922 ) ;
#2363 = DIRECTION ( 'NONE',  ( -1.000000000000000000, 0.000000000000000000, 0.000000000000000000 ) ) ;
#2364 = CARTESIAN_POINT ( 'NONE',  ( -147.9710775856719636, 51.96418031886327071, -45.23104481000287791 ) ) ;
#2365 = EDGE_LOOP ( 'NONE', ( #548, #1177, #4491, #6409, #3003 ) ) ;
#2366 = B_SPLINE_SURFACE_WITH_KNOTS ( 'NONE', 1, 3, ( 
 ( #1805, #369, #4758, #2332, #4339, #5308, #860, #2852, #5377, #2887 ),
 ( #3275, #6283, #398, #298, #4309, #6317, #1867, #2915, #2300, #824 ) ),
 .UNSPECIFIED., .F., .F., .F.,
 ( 2, 2 ),
 ( 4, 2, 2, 2, 4 ),
 ( 0.000000000000000000, 1.000000000000000000 ),
 ( 2.372714046827145484, 2.564933698517807059, 2.757153350208469078, 2.949373001899131097, 3.141592653589793116 ),
 .UNSPECIFIED. ) ;
#2367 = DIRECTION ( 'NONE',  ( 0.000000000000000000, 7.483037749457138582E-17, -1.000000000000000000 ) ) ;
#2368 = LINE ( 'NONE', #5408, #2705 ) ;
#2369 = EDGE_LOOP ( 'NONE', ( #4649, #4941, #5749, #3451 ) ) ;
#2370 = LINE ( 'NONE', #3829, #5007 ) ;
#2371 = ADVANCED_FACE ( 'NONE', ( #594 ), #2103, .F. ) ;
#2372 = AXIS2_PLACEMENT_3D ( 'NONE', #3317, #3773, #5872 ) ;
#2373 = ADVANCED_FACE ( 'NONE', ( #1641 ), #3631, .F. ) ;
#2374 = ORIENTED_EDGE ( 'NONE', *, *, #4021, .F. ) ;
#2375 = EDGE_LOOP ( 'NONE', ( #1169, #5418, #3377, #4731 ) ) ;
#2376 = CONICAL_SURFACE ( 'NONE', #912, 4.912500000000000533, 0.7853981633974405074 ) ;
#2377 = LINE ( 'NONE', #2728, #4407 ) ;
#2378 = LINE ( 'NONE', #5225, #3951 ) ;
#2379 = CARTESIAN_POINT ( 'NONE',  ( -83.25000000000000000, 0.000000000000000000, 0.000000000000000000 ) ) ;
#2380 = ADVANCED_FACE ( 'NONE', ( #6256 ), #2762, .F. ) ;
#2381 = ORIENTED_EDGE ( 'NONE', *, *, #3760, .T. ) ;
#2382 = CARTESIAN_POINT ( 'NONE',  ( -103.4255890196052974, 35.33248081994116774, 43.54467685090413198 ) ) ;
#2383 = DIRECTION ( 'NONE',  ( -0.000000000000000000, -0.000000000000000000, 1.000000000000000000 ) ) ;
#2384 = FACE_OUTER_BOUND ( 'NONE', #6239, .T. ) ;
#2385 = LINE ( 'NONE', #2356, #3172 ) ;
#2386 = DIRECTION ( 'NONE',  ( 0.000000000000000000, 0.000000000000000000, -1.000000000000000000 ) ) ;
#2387 = ORIENTED_EDGE ( 'NONE', *, *, #3535, .T. ) ;
#2388 = ADVANCED_FACE ( 'NONE', ( #2243 ), #3208, .F. ) ;
#2389 = EDGE_CURVE ( 'NONE', #3406, #2036, #5180, .T. ) ;
#2390 = ORIENTED_EDGE ( 'NONE', *, *, #3264, .F. ) ;
#2391 = ORIENTED_EDGE ( 'NONE', *, *, #1140, .F. ) ;
#2392 = CARTESIAN_POINT ( 'NONE',  ( -115.2700000000000529, 3.051647837302728483, -32.53104481000286796 ) ) ;
#2393 = DIRECTION ( 'NONE',  ( 0.000000000000000000, 0.000000000000000000, 1.000000000000000000 ) ) ;
#2394 = CARTESIAN_POINT ( 'NONE',  ( -167.9900000000000091, 3.300000000000000711, 40.84498563909247082 ) ) ;
#2395 = EDGE_CURVE ( 'NONE', #5801, #4595, #5799, .T. ) ;
#2396 = CARTESIAN_POINT ( 'NONE',  ( -139.9896458421644923, 52.44022382113075764, -42.91160395245758963 ) ) ;
#2397 = ORIENTED_EDGE ( 'NONE', *, *, #2701, .F. ) ;
#2398 = CIRCLE ( 'NONE', #6011, 6.526372016504577545 ) ;
#2399 = FACE_OUTER_BOUND ( 'NONE', #5829, .T. ) ;
#2400 = CARTESIAN_POINT ( 'NONE',  ( -111.1674612229020909, 3.300000000000000266, -56.23104481000000021 ) ) ;
#2401 = LINE ( 'NONE', #3402, #5528 ) ;
#2402 = CIRCLE ( 'NONE', #2076, 8.000000000000001776 ) ;
#2403 = VERTEX_POINT ( 'NONE', #5315 ) ;
#2404 = VERTEX_POINT ( 'NONE', #3240 ) ;
#2405 = CIRCLE ( 'NONE', #3228, 15.00000000000000000 ) ;
#2406 = LINE ( 'NONE', #4377, #5546 ) ;
#2407 = AXIS2_PLACEMENT_3D ( 'NONE', #5941, #4995, #4517 ) ;
#2408 = CARTESIAN_POINT ( 'NONE',  ( -148.2900000000000205, 10.16250000000252918, -52.23104480999999311 ) ) ;
#2409 = VECTOR ( 'NONE', #3125, 1000.000000000000000 ) ;
#2410 = EDGE_LOOP ( 'NONE', ( #4095, #1383, #2797, #1286, #2714 ) ) ;
#2411 = DIRECTION ( 'NONE',  ( -0.000000000000000000, -0.000000000000000000, 1.000000000000000000 ) ) ;
#2412 = LINE ( 'NONE', #5420, #4507 ) ;
#2413 = EDGE_CURVE ( 'NONE', #2501, #6399, #5123, .T. ) ;
#2414 = DIRECTION ( 'NONE',  ( 0.000000000000000000, 0.000000000000000000, 1.000000000000000000 ) ) ;
#2415 = LINE ( 'NONE', #5784, #3470 ) ;
#2416 = AXIS2_PLACEMENT_3D ( 'NONE', #1885, #2805, #2414 ) ;
#2417 = PLANE ( 'NONE',  #4855 ) ;
#2418 = VERTEX_POINT ( 'NONE', #4316 ) ;
#2419 = VECTOR ( 'NONE', #4008, 1000.000000000000227 ) ;
#2420 = ORIENTED_EDGE ( 'NONE', *, *, #58, .F. ) ;
#2421 = LINE ( 'NONE', #4970, #3970 ) ;
#2422 = ORIENTED_EDGE ( 'NONE', *, *, #5149, .T. ) ;
#2423 = PLANE ( 'NONE',  #4086 ) ;
#2424 = DIRECTION ( 'NONE',  ( 0.000000000000000000, -0.000000000000000000, 1.000000000000000000 ) ) ;
#2425 = DIRECTION ( 'NONE',  ( 0.3911406403448521862, 0.000000000000000000, -0.9203309184584744784 ) ) ;
#2426 = VECTOR ( 'NONE', #446, 1000.000000000000000 ) ;
#2427 = AXIS2_PLACEMENT_3D ( 'NONE', #5533, #4434, #1080 ) ;
#2428 = VERTEX_POINT ( 'NONE', #2825 ) ;
#2429 = CARTESIAN_POINT ( 'NONE',  ( -115.2700000000000529, 3.299999999999999822, -32.53104481000286796 ) ) ;
#2430 = LINE ( 'NONE', #3429, #1978 ) ;
#2431 = CYLINDRICAL_SURFACE ( 'NONE', #3343, 14.83999999999997144 ) ;
#2432 = EDGE_CURVE ( 'NONE', #2734, #2574, #1288, .T. ) ;
#2433 = EDGE_CURVE ( 'NONE', #3038, #5387, #1711, .T. ) ;
#2434 = VECTOR ( 'NONE', #1311, 1000.000000000000000 ) ;
#2435 = ORIENTED_EDGE ( 'NONE', *, *, #3896, .T. ) ;
#2436 = ORIENTED_EDGE ( 'NONE', *, *, #74, .T. ) ;
#2437 = VECTOR ( 'NONE', #2595, 1000.000000000000000 ) ;
#2438 = DIRECTION ( 'NONE',  ( -0.3911406403448521307, -3.334957500190689711E-18, 0.9203309184584743674 ) ) ;
#2439 = CARTESIAN_POINT ( 'NONE',  ( -70.25000000000000000, 20.73999999999998067, -44.59245404627310450 ) ) ;
#2440 = VECTOR ( 'NONE', #2476, 1000.000000000000114 ) ;
#2441 = ORIENTED_EDGE ( 'NONE', *, *, #4223, .F. ) ;
#2442 = DIRECTION ( 'NONE',  ( 0.000000000000000000, -0.8660254037844387076, -0.4999999999999997224 ) ) ;
#2443 = CARTESIAN_POINT ( 'NONE',  ( -128.6466836438567327, 3.299999999999999822, -32.53104481000285375 ) ) ;
#2444 = DIRECTION ( 'NONE',  ( -1.000000000000000000, -0.000000000000000000, -0.000000000000000000 ) ) ;
#2445 = CARTESIAN_POINT ( 'NONE',  ( -114.8113720165046345, 12.71865385399341974, -52.58713401639744234 ) ) ;
#2446 = DIRECTION ( 'NONE',  ( 1.000000000000000000, 0.000000000000000000, 0.000000000000000000 ) ) ;
#2447 = ORIENTED_EDGE ( 'NONE', *, *, #4054, .F. ) ;
#2448 = EDGE_CURVE ( 'NONE', #6372, #1500, #1777, .T. ) ;
#2449 = ORIENTED_EDGE ( 'NONE', *, *, #2061, .T. ) ;
#2450 = DIRECTION ( 'NONE',  ( -1.000000000000000000, 0.000000000000000000, 0.000000000000000000 ) ) ;
#2451 = VERTEX_POINT ( 'NONE', #5218 ) ;
#2452 = DIRECTION ( 'NONE',  ( 0.000000000000000000, 0.000000000000000000, 1.000000000000000000 ) ) ;
#2453 = DIRECTION ( 'NONE',  ( -1.000000000000000000, -0.000000000000000000, -0.000000000000000000 ) ) ;
#2454 = LINE ( 'NONE', #3454, #2970 ) ;
#2455 = DIRECTION ( 'NONE',  ( 1.000000000000000000, -0.000000000000000000, -0.000000000000000000 ) ) ;
#2456 = CARTESIAN_POINT ( 'NONE',  ( -83.25000000000000000, 14.28999999999999737, -40.86854481000000305 ) ) ;
#2457 = AXIS2_PLACEMENT_3D ( 'NONE', #3072, #554, #99 ) ;
#2458 = EDGE_CURVE ( 'NONE', #1850, #5757, #5670, .T. ) ;
#2459 = UNCERTAINTY_MEASURE_WITH_UNIT (LENGTH_MEASURE( 1.000000000000000082E-05 ), #6148, 'distance_accuracy_value', 'NONE');
#2460 = ORIENTED_EDGE ( 'NONE', *, *, #2297, .F. ) ;
#2461 = ORIENTED_EDGE ( 'NONE', *, *, #4004, .F. ) ;
#2462 = DIRECTION ( 'NONE',  ( -1.000000000000000000, 0.000000000000000000, 0.000000000000000000 ) ) ;
#2463 = CARTESIAN_POINT ( 'NONE',  ( -167.9900000000000091, 3.299999999999999822, -43.74306552843802365 ) ) ;
#2464 = DIRECTION ( 'NONE',  ( -1.000000000000000000, 0.000000000000000000, 0.000000000000000000 ) ) ;
#2465 = EDGE_CURVE ( 'NONE', #1434, #2266, #205, .T. ) ;
#2466 = EDGE_CURVE ( 'NONE', #193, #4857, #339, .T. ) ;
#2467 = EDGE_LOOP ( 'NONE', ( #2894, #6388, #4104, #6291 ) ) ;
#2468 = VERTEX_POINT ( 'NONE', #6289 ) ;
#2469 = DIRECTION ( 'NONE',  ( 0.000000000000000000, -0.5000000000000003331, 0.8660254037844385966 ) ) ;
#2470 = DIRECTION ( 'NONE',  ( 0.7071067811865531239, 8.659560562354866298E-17, 0.7071067811865420216 ) ) ;
#2471 = CIRCLE ( 'NONE', #3712, 5.199221067670991125 ) ;
#2472 = EDGE_CURVE ( 'NONE', #2888, #2483, #4830, .T. ) ;
#2473 = VERTEX_POINT ( 'NONE', #4216 ) ;
#2474 = AXIS2_PLACEMENT_3D ( 'NONE', #3632, #5182, #1614 ) ;
#2475 = CARTESIAN_POINT ( 'NONE',  ( -70.25000000000000000, 20.73999999999998067, -37.14463557372693003 ) ) ;
#2476 = DIRECTION ( 'NONE',  ( 0.000000000000000000, 0.8660254037844389297, 0.4999999999999995559 ) ) ;
#2477 = VECTOR ( 'NONE', #321, 1000.000000000000000 ) ;
#2478 = CARTESIAN_POINT ( 'NONE',  ( -111.6115747555327431, 52.36945956409745406, -34.02736316346726397 ) ) ;
#2479 = CARTESIAN_POINT ( 'NONE',  ( -107.6500000000000483, 9.527500000002524061, -61.46854480999999737 ) ) ;
#2480 = VERTEX_POINT ( 'NONE', #802 ) ;
#2481 = VERTEX_POINT ( 'NONE', #6185 ) ;
#2482 = FACE_OUTER_BOUND ( 'NONE', #1943, .T. ) ;
#2483 = VERTEX_POINT ( 'NONE', #2793 ) ;
#2484 = CARTESIAN_POINT ( 'NONE',  ( -111.1674612229020909, 16.01783508830278180, -56.23104481000000021 ) ) ;
#2485 = DIRECTION ( 'NONE',  ( 0.000000000000000000, -1.000000000000000000, 0.000000000000000000 ) ) ;
#2486 = CARTESIAN_POINT ( 'NONE',  ( -129.2399999999999807, 23.98696133190903268, 11.55743086856768720 ) ) ;
#2487 = PLANE ( 'NONE',  #5039 ) ;
#2488 = FACE_OUTER_BOUND ( 'NONE', #5820, .T. ) ;
#2489 = ORIENTED_EDGE ( 'NONE', *, *, #643, .F. ) ;
#2490 = ORIENTED_EDGE ( 'NONE', *, *, #3972, .T. ) ;
#2491 = CARTESIAN_POINT ( 'NONE',  ( -94.60782474442646617, 20.16208467296088003, 23.25379511268386423 ) ) ;
#2492 = LINE ( 'NONE', #4954, #837 ) ;
#2493 = DIRECTION ( 'NONE',  ( 0.000000000000000000, -0.000000000000000000, -1.000000000000000000 ) ) ;
#2494 = ADVANCED_FACE ( 'NONE', ( #2306 ), #4281, .F. ) ;
#2495 = AXIS2_PLACEMENT_3D ( 'NONE', #4421, #2386, #5333 ) ;
#2496 = VERTEX_POINT ( 'NONE', #3830 ) ;
#2497 = ORIENTED_EDGE ( 'NONE', *, *, #4471, .F. ) ;
#2498 = FACE_OUTER_BOUND ( 'NONE', #5204, .T. ) ;
#2499 = LINE ( 'NONE', #25, #4232 ) ;
#2500 = AXIS2_PLACEMENT_3D ( 'NONE', #5471, #5070, #2522 ) ;
#2501 = VERTEX_POINT ( 'NONE', #5773 ) ;
#2502 = DIRECTION ( 'NONE',  ( -1.000000000000000000, 0.000000000000000000, 0.000000000000000000 ) ) ;
#2503 = LINE ( 'NONE', #4869, #5642 ) ;
#2504 = CARTESIAN_POINT ( 'NONE',  ( -112.6073923512401223, 52.32889313262408137, -33.25743861505260668 ) ) ;
#2505 = FACE_OUTER_BOUND ( 'NONE', #2527, .T. ) ;
#2506 = ADVANCED_FACE ( 'NONE', ( #1320 ), #6152, .F. ) ;
#2507 = ADVANCED_FACE ( 'NONE', ( #3312 ), #866, .F. ) ;
#2508 = ORIENTED_EDGE ( 'NONE', *, *, #1506, .F. ) ;
#2509 = ORIENTED_EDGE ( 'NONE', *, *, #2278, .F. ) ;
#2510 = VECTOR ( 'NONE', #3988, 1000.000000000000000 ) ;
#2511 = DIRECTION ( 'NONE',  ( 0.000000000000000000, 0.000000000000000000, 1.000000000000000000 ) ) ;
#2512 = ORIENTED_EDGE ( 'NONE', *, *, #4925, .T. ) ;
#2513 = CIRCLE ( 'NONE', #421, 4.912500000000000533 ) ;
#2514 = CARTESIAN_POINT ( 'NONE',  ( -83.24999999999998579, 36.51499999999999346, -40.86854481000000305 ) ) ;
#2515 = CARTESIAN_POINT ( 'NONE',  ( -83.25000000000000000, 14.28999999999999737, -40.86854481000000305 ) ) ;
#2516 = LINE ( 'NONE', #5560, #3798 ) ;
#2517 = LINE ( 'NONE', #4495, #472 ) ;
#2518 = EDGE_CURVE ( 'NONE', #1525, #4111, #6009, .T. ) ;
#2519 = ORIENTED_EDGE ( 'NONE', *, *, #1023, .T. ) ;
#2520 = ORIENTED_EDGE ( 'NONE', *, *, #2926, .T. ) ;
#2521 = DIRECTION ( 'NONE',  ( 0.000000000000000000, -1.000000000000000000, 0.000000000000000000 ) ) ;
#2522 = DIRECTION ( 'NONE',  ( -1.000000000000000000, 0.000000000000000000, -0.000000000000000000 ) ) ;
#2523 = AXIS2_PLACEMENT_3D ( 'NONE', #6375, #5403, #1834 ) ;
#2524 = AXIS2_PLACEMENT_3D ( 'NONE', #4065, #2115, #156 ) ;
#2525 = CARTESIAN_POINT ( 'NONE',  ( -92.91798013572721970, 36.89856757206966620, 37.69996152290013214 ) ) ;
#2526 = AXIS2_PLACEMENT_3D ( 'NONE', #4776, #285, #778 ) ;
#2527 = EDGE_LOOP ( 'NONE', ( #1708, #3834, #2088, #2680 ) ) ;
#2528 = EDGE_CURVE ( 'NONE', #3513, #574, #4102, .T. ) ;
#2529 = VERTEX_POINT ( 'NONE', #491 ) ;
#2530 = VERTEX_POINT ( 'NONE', #2486 ) ;
#2531 = CARTESIAN_POINT ( 'NONE',  ( 0.000000000000000000, 0.000000000000000000, -61.46854480999999737 ) ) ;
#2532 = AXIS2_PLACEMENT_3D ( 'NONE', #6410, #17, #5470 ) ;
#2533 = FACE_OUTER_BOUND ( 'NONE', #1930, .T. ) ;
#2534 = VECTOR ( 'NONE', #5463, 999.9999999999998863 ) ;
#2535 = ORIENTED_EDGE ( 'NONE', *, *, #3319, .T. ) ;
#2536 = FACE_OUTER_BOUND ( 'NONE', #3919, .T. ) ;
#2537 = DIRECTION ( 'NONE',  ( 0.000000000000000000, 0.000000000000000000, -1.000000000000000000 ) ) ;
#2538 = DIRECTION ( 'NONE',  ( 0.000000000000000000, -0.2588190451025246808, 0.9659258262890672020 ) ) ;
#2539 = LINE ( 'NONE', #1551, #1441 ) ;
#2540 = VECTOR ( 'NONE', #5998, 1000.000000000000000 ) ;
#2541 = ORIENTED_EDGE ( 'NONE', *, *, #5326, .T. ) ;
#2542 = EDGE_LOOP ( 'NONE', ( #1175, #5066, #5213, #1673 ) ) ;
#2543 = EDGE_CURVE ( 'NONE', #199, #5539, #2516, .T. ) ;
#2544 = EDGE_CURVE ( 'NONE', #3284, #6372, #4428, .T. ) ;
#2545 = LINE ( 'NONE', #5461, #3044 ) ;
#2546 = ADVANCED_FACE ( 'NONE', ( #1103, #4012 ), #4459, .T. ) ;
#2547 = VECTOR ( 'NONE', #567, 999.9999999999998863 ) ;
#2548 = ORIENTED_EDGE ( 'NONE', *, *, #1066, .T. ) ;
#2549 = DIRECTION ( 'NONE',  ( -1.000000000000000000, 0.000000000000000000, 0.000000000000000000 ) ) ;
#2550 = LINE ( 'NONE', #4523, #2713 ) ;
#2551 = DIRECTION ( 'NONE',  ( 0.000000000000000000, 0.000000000000000000, -1.000000000000000000 ) ) ;
#2552 = CARTESIAN_POINT ( 'NONE',  ( -114.0000000000000000, 19.91392116212127661, 11.35907305256145605 ) ) ;
#2553 = AXIS2_PLACEMENT_3D ( 'NONE', #3698, #5701, #275 ) ;
#2554 = ORIENTED_EDGE ( 'NONE', *, *, #1982, .F. ) ;
#2555 = ORIENTED_EDGE ( 'NONE', *, *, #5712, .F. ) ;
#2556 = DIRECTION ( 'NONE',  ( -0.7071067811865482389, 0.000000000000000000, 0.7071067811865469066 ) ) ;
#2557 = CARTESIAN_POINT ( 'NONE',  ( -181.2271884819317904, 44.45250000000255852, -32.93104481000290207 ) ) ;
#2558 = CYLINDRICAL_SURFACE ( 'NONE', #4590, 15.00000000000000000 ) ;
#2559 = ORIENTED_EDGE ( 'NONE', *, *, #6228, .T. ) ;
#2560 = ORIENTED_EDGE ( 'NONE', *, *, #1098, .T. ) ;
#2561 = ORIENTED_EDGE ( 'NONE', *, *, #5874, .F. ) ;
#2562 = CARTESIAN_POINT ( 'NONE',  ( -167.9900000000000091, -15.00000000000000000, -14.87376352910197141 ) ) ;
#2563 = FACE_OUTER_BOUND ( 'NONE', #3290, .T. ) ;
#2564 = CARTESIAN_POINT ( 'NONE',  ( -167.9900000000000091, 22.07999999999999829, 14.36145518999998849 ) ) ;
#2565 = EDGE_CURVE ( 'NONE', #6318, #5621, #11, .T. ) ;
#2566 = ORIENTED_EDGE ( 'NONE', *, *, #4677, .T. ) ;
#2567 = DIRECTION ( 'NONE',  ( 0.000000000000000000, -1.000000000000000000, 0.000000000000000000 ) ) ;
#2568 = CARTESIAN_POINT ( 'NONE',  ( -70.25000000000000000, 28.53000000000000469, 18.63754595372690304 ) ) ;
#2569 = CARTESIAN_POINT ( 'NONE',  ( -109.7729996108002268, 52.51163022001649239, -37.37192507578601663 ) ) ;
#2570 = EDGE_CURVE ( 'NONE', #5028, #4952, #6383, .T. ) ;
#2571 = VECTOR ( 'NONE', #2925, 1000.000000000000000 ) ;
#2572 = ORIENTED_EDGE ( 'NONE', *, *, #3584, .T. ) ;
#2573 = LINE ( 'NONE', #3093, #4488 ) ;
#2574 = VERTEX_POINT ( 'NONE', #461 ) ;
#2575 = DIRECTION ( 'NONE',  ( 0.7071067811865531239, 8.659560562354866298E-17, 0.7071067811865420216 ) ) ;
#2576 = CARTESIAN_POINT ( 'NONE',  ( -70.25000000000000000, 22.08000000000001251, 14.91363671745381936 ) ) ;
#2577 = LINE ( 'NONE', #5952, #786 ) ;
#2578 = EDGE_CURVE ( 'NONE', #3062, #203, #5551, .T. ) ;
#2579 = EDGE_CURVE ( 'NONE', #1572, #4874, #2348, .T. ) ;
#2580 = ORIENTED_EDGE ( 'NONE', *, *, #248, .F. ) ;
#2581 = VERTEX_POINT ( 'NONE', #579 ) ;
#2582 = DIRECTION ( 'NONE',  ( 0.000000000000000000, 0.000000000000000000, 1.000000000000000000 ) ) ;
#2583 = CARTESIAN_POINT ( 'NONE',  ( -166.9669871321827941, 52.21913755247993549, -44.20398248573859945 ) ) ;
#2584 = DIRECTION ( 'NONE',  ( 0.000000000000000000, 0.000000000000000000, 1.000000000000000000 ) ) ;
#2585 = ADVANCED_FACE ( 'NONE', ( #2025 ), #3945, .T. ) ;
#2586 = EDGE_CURVE ( 'NONE', #6275, #5869, #2454, .T. ) ;
#2587 = ORIENTED_EDGE ( 'NONE', *, *, #5672, .T. ) ;
#2588 = EDGE_LOOP ( 'NONE', ( #3318, #2655, #2299, #1248 ) ) ;
#2589 = ORIENTED_EDGE ( 'NONE', *, *, #5989, .F. ) ;
#2590 = CARTESIAN_POINT ( 'NONE',  ( -101.5354036210183750, 44.13655773326777165, -61.46854480999999737 ) ) ;
#2591 = DIRECTION ( 'NONE',  ( 0.000000000000000000, 0.000000000000000000, -1.000000000000000000 ) ) ;
#2592 = LINE ( 'NONE', #3699, #1736 ) ;
#2593 = ORIENTED_EDGE ( 'NONE', *, *, #3264, .T. ) ;
#2594 = VECTOR ( 'NONE', #872, 1000.000000000000000 ) ;
#2595 = DIRECTION ( 'NONE',  ( -1.000000000000000000, 0.000000000000000000, 0.000000000000000000 ) ) ;
#2596 = CARTESIAN_POINT ( 'NONE',  ( -101.7586279834954439, 40.64250000000248519, -52.23104480999999311 ) ) ;
#2597 = DIRECTION ( 'NONE',  ( 1.000000000000000000, 0.000000000000000000, 0.000000000000000000 ) ) ;
#2598 = VECTOR ( 'NONE', #4078, 1000.000000000000000 ) ;
#2599 = ORIENTED_EDGE ( 'NONE', *, *, #5615, .T. ) ;
#2600 = EDGE_CURVE ( 'NONE', #1443, #563, #4479, .T. ) ;
#2601 = CARTESIAN_POINT ( 'NONE',  ( -111.1674612229020909, 41.27750000000251163, -56.23104481000000021 ) ) ;
#2602 = DIRECTION ( 'NONE',  ( 0.000000000000000000, 0.8660254037844389297, -0.4999999999999995559 ) ) ;
#2603 = CYLINDRICAL_SURFACE ( 'NONE', #3541, 8.000000000000000000 ) ;
#2604 = DIRECTION ( 'NONE',  ( 0.000000000000000000, -0.8660254037844384856, 0.5000000000000004441 ) ) ;
#2605 = DIRECTION ( 'NONE',  ( 0.000000000000000000, -0.8660254037844390407, 0.4999999999999992784 ) ) ;
#2606 = ORIENTED_EDGE ( 'NONE', *, *, #4331, .T. ) ;
#2607 = AXIS2_PLACEMENT_3D ( 'NONE', #3517, #3069, #3978 ) ;
#2608 = ORIENTED_EDGE ( 'NONE', *, *, #1352, .T. ) ;
#2609 = ORIENTED_EDGE ( 'NONE', *, *, #540, .T. ) ;
#2610 = LINE ( 'NONE', #4107, #3253 ) ;
#2611 = DIRECTION ( 'NONE',  ( 1.000000000000000000, 0.000000000000000000, 0.000000000000000000 ) ) ;
#2612 = DIRECTION ( 'NONE',  ( 0.000000000000000000, 0.000000000000000000, 1.000000000000000000 ) ) ;
#2613 = CONICAL_SURFACE ( 'NONE', #1373, 5.912499999999987210, 0.7853981633974415066 ) ;
#2614 = ORIENTED_EDGE ( 'NONE', *, *, #4290, .F. ) ;
#2615 = FACE_OUTER_BOUND ( 'NONE', #877, .T. ) ;
#2616 = AXIS2_PLACEMENT_3D ( 'NONE', #1555, #3974, #1988 ) ;
#2617 = ORIENTED_EDGE ( 'NONE', *, *, #2163, .F. ) ;
#2618 = EDGE_CURVE ( 'NONE', #1775, #4359, #913, .T. ) ;
#2619 = ORIENTED_EDGE ( 'NONE', *, *, #3087, .F. ) ;
#2620 = EDGE_CURVE ( 'NONE', #5076, #2881, #5433, .T. ) ;
#2621 = CARTESIAN_POINT ( 'NONE',  ( -101.7578737237592463, 3.300000000000000266, -56.23104480999999311 ) ) ;
#2622 = DIRECTION ( 'NONE',  ( 1.000000000000000000, 0.000000000000000000, 0.000000000000000000 ) ) ;
#2623 = DIRECTION ( 'NONE',  ( 0.000000000000000000, 0.000000000000000000, -1.000000000000000000 ) ) ;
#2624 = CIRCLE ( 'NONE', #1158, 16.05330429459235475 ) ;
#2625 = ORIENTED_EDGE ( 'NONE', *, *, #4886, .T. ) ;
#2626 = ADVANCED_FACE ( 'NONE', ( #2980 ), #3380, .F. ) ;
#2627 = VECTOR ( 'NONE', #4980, 1000.000000000000000 ) ;
#2628 = CARTESIAN_POINT ( 'NONE',  ( -83.24999999999998579, 36.51499999999999346, -45.78104481000000447 ) ) ;
#2629 = LINE ( 'NONE', #4153, #2871 ) ;
#2630 = FACE_OUTER_BOUND ( 'NONE', #2108, .T. ) ;
#2631 = ORIENTED_EDGE ( 'NONE', *, *, #2433, .T. ) ;
#2632 = LINE ( 'NONE', #2601, #1682 ) ;
#2633 = CARTESIAN_POINT ( 'NONE',  ( -83.25000000000000000, 14.28999999999999382, -33.42072633745384991 ) ) ;
#2634 = LINE ( 'NONE', #3221, #1879 ) ;
#2635 = CIRCLE ( 'NONE', #152, 3.000000000000002665 ) ;
#2636 = CIRCLE ( 'NONE', #5542, 14.83999999999997144 ) ;
#2637 = CARTESIAN_POINT ( 'NONE',  ( -159.6984746221445448, 15.34482815078060547, -56.23104481000000021 ) ) ;
#2638 = CARTESIAN_POINT ( 'NONE',  ( -70.25000000000000000, 42.96499999999999631, -37.14463557372691582 ) ) ;
#2639 = EDGE_CURVE ( 'NONE', #4156, #4168, #5465, .T. ) ;
#2640 = ORIENTED_EDGE ( 'NONE', *, *, #2389, .F. ) ;
#2641 = AXIS2_PLACEMENT_3D ( 'NONE', #1256, #3248, #5224 ) ;
#2642 = ORIENTED_EDGE ( 'NONE', *, *, #2725, .F. ) ;
#2643 = ORIENTED_EDGE ( 'NONE', *, *, #4762, .T. ) ;
#2644 = DIRECTION ( 'NONE',  ( 1.000000000000000000, -0.000000000000000000, 0.000000000000000000 ) ) ;
#2645 = FACE_OUTER_BOUND ( 'NONE', #1482, .T. ) ;
#2646 = CARTESIAN_POINT ( 'NONE',  ( -152.8539656710590009, 3.300000000000000266, -54.16854481000000021 ) ) ;
#2647 = AXIS2_PLACEMENT_3D ( 'NONE', #1727, #639, #5198 ) ;
#2648 = EDGE_CURVE ( 'NONE', #4359, #16, #1570, .T. ) ;
#2649 = ORIENTED_EDGE ( 'NONE', *, *, #2771, .T. ) ;
#2650 = DIRECTION ( 'NONE',  ( 0.000000000000000000, 0.000000000000000000, 1.000000000000000000 ) ) ;
#2651 = AXIS2_PLACEMENT_3D ( 'NONE', #1095, #4093, #4708 ) ;
#2652 = EDGE_LOOP ( 'NONE', ( #3621, #1220 ) ) ;
#2653 = CARTESIAN_POINT ( 'NONE',  ( -70.25000000000000000, 29.12139440974021198, 41.56123404558847056 ) ) ;
#2654 = FACE_OUTER_BOUND ( 'NONE', #2038, .T. ) ;
#2655 = ORIENTED_EDGE ( 'NONE', *, *, #2179, .F. ) ;
#2656 = CARTESIAN_POINT ( 'NONE',  ( -115.0199999999999818, 14.28999999999999737, -40.86854481000001016 ) ) ;
#2657 = DIRECTION ( 'NONE',  ( -1.000000000000000000, -0.000000000000000000, -0.000000000000000000 ) ) ;
#2658 = FACE_OUTER_BOUND ( 'NONE', #4135, .T. ) ;
#2659 = ADVANCED_FACE ( 'NONE', ( #3126 ), #3192, .T. ) ;
#2660 = EDGE_CURVE ( 'NONE', #4235, #3001, #5617, .T. ) ;
#2661 = EDGE_LOOP ( 'NONE', ( #131, #4969, #4345, #5612 ) ) ;
#2662 = CARTESIAN_POINT ( 'NONE',  ( -141.9329556207563314, 35.67456220303815684, 42.26801174886277579 ) ) ;
#2663 = CARTESIAN_POINT ( 'NONE',  ( -167.9900000000000091, 47.56698729810777593, -54.16854481000000021 ) ) ;
#2664 = CARTESIAN_POINT ( 'NONE',  ( -167.4409618943233511, 16.18080328965211834, -60.51758291567667669 ) ) ;
#2665 = EDGE_CURVE ( 'NONE', #5383, #5668, #4612, .T. ) ;
#2666 = ORIENTED_EDGE ( 'NONE', *, *, #5460, .F. ) ;
#2667 = DIRECTION ( 'NONE',  ( -1.000000000000000000, 0.000000000000000000, 0.000000000000000000 ) ) ;
#2668 = CARTESIAN_POINT ( 'NONE',  ( -101.7586279834954439, 40.64250000000248519, -61.46854480999999737 ) ) ;
#2669 = DIRECTION ( 'NONE',  ( -1.000000000000000000, 0.000000000000000000, 0.000000000000000000 ) ) ;
#2670 = CARTESIAN_POINT ( 'NONE',  ( -100.7095514541025381, 32.77777836102669085, 45.30759678999608298 ) ) ;
#2671 = CARTESIAN_POINT ( 'NONE',  ( -91.15394920580011728, 32.23676144278434919, 55.09805885242869294 ) ) ;
#2672 = CIRCLE ( 'NONE', #686, 8.000000000000000000 ) ;
#2673 = EDGE_CURVE ( 'NONE', #4082, #4595, #744, .T. ) ;
#2674 = VERTEX_POINT ( 'NONE', #1626 ) ;
#2675 = ORIENTED_EDGE ( 'NONE', *, *, #505, .T. ) ;
#2676 = ORIENTED_EDGE ( 'NONE', *, *, #2389, .T. ) ;
#2677 = CARTESIAN_POINT ( 'NONE',  ( -167.9900000000000091, 14.28999999999999737, -40.86854481000000305 ) ) ;
#2678 = CARTESIAN_POINT ( 'NONE',  ( -88.61668633064364542, 52.57418684766347639, 54.84783895867136039 ) ) ;
#2679 = CARTESIAN_POINT ( 'NONE',  ( -144.2831457505076003, 32.98408942375561992, 43.97480344192364754 ) ) ;
#2680 = ORIENTED_EDGE ( 'NONE', *, *, #3760, .F. ) ;
#2681 = CARTESIAN_POINT ( 'NONE',  ( -129.2399999999999523, 19.97811235226344806, 9.033458618166445575 ) ) ;
#2682 = ORIENTED_EDGE ( 'NONE', *, *, #1561, .F. ) ;
#2683 = DIRECTION ( 'NONE',  ( 1.000000000000000000, -0.000000000000000000, -0.000000000000000000 ) ) ;
#2684 = EDGE_CURVE ( 'NONE', #5602, #488, #125, .T. ) ;
#2685 = DIRECTION ( 'NONE',  ( 0.000000000000000000, 0.000000000000000000, -1.000000000000000000 ) ) ;
#2686 = VERTEX_POINT ( 'NONE', #2637 ) ;
#2687 = EDGE_CURVE ( 'NONE', #3949, #5675, #1329, .T. ) ;
#2688 = CARTESIAN_POINT ( 'NONE',  ( -148.2900000000000205, 40.64250000000248519, -61.46854480999999737 ) ) ;
#2689 = LINE ( 'NONE', #4538, #4608 ) ;
#2690 = CYLINDRICAL_SURFACE ( 'NONE', #4338, 9.763640355059006737 ) ;
#2691 = VERTEX_POINT ( 'NONE', #3710 ) ;
#2692 = EDGE_LOOP ( 'NONE', ( #3047, #3130, #1540, #601, #3165, #1564 ) ) ;
#2693 = CARTESIAN_POINT ( 'NONE',  ( -148.3109414826334955, 33.95013005415734852, 41.02506977049278447 ) ) ;
#2694 = CARTESIAN_POINT ( 'NONE',  ( -110.4849960995217515, 52.44468306463144813, -35.69663921997059219 ) ) ;
#2695 = DIRECTION ( 'NONE',  ( 0.000000000000000000, 0.000000000000000000, 1.000000000000000000 ) ) ;
#2696 = CIRCLE ( 'NONE', #715, 4.912500000000000533 ) ;
#2697 = EDGE_LOOP ( 'NONE', ( #3227, #1892, #4005, #2041 ) ) ;
#2698 = LINE ( 'NONE', #636, #1380 ) ;
#2699 = CARTESIAN_POINT ( 'NONE',  ( -139.6631425832162847, 32.62909147846983871, 46.26773507075191105 ) ) ;
#2700 = DIRECTION ( 'NONE',  ( 0.000000000000000000, 0.000000000000000000, 1.000000000000000000 ) ) ;
#2701 = EDGE_CURVE ( 'NONE', #1292, #3390, #1607, .T. ) ;
#2702 = EDGE_CURVE ( 'NONE', #1309, #1686, #3679, .T. ) ;
#2703 = CARTESIAN_POINT ( 'NONE',  ( -114.0000000000000000, 11.00000000000000000, -9.928544809996907361 ) ) ;
#2704 = DIRECTION ( 'NONE',  ( 1.000000000000000000, -0.000000000000000000, -0.000000000000000000 ) ) ;
#2705 = VECTOR ( 'NONE', #3827, 1000.000000000000000 ) ;
#2706 = ORIENTED_EDGE ( 'NONE', *, *, #1219, .F. ) ;
#2707 = VERTEX_POINT ( 'NONE', #1197 ) ;
#2708 = ORIENTED_EDGE ( 'NONE', *, *, #6297, .T. ) ;
#2709 = CARTESIAN_POINT ( 'NONE',  ( -71.75000000000002842, -36.03001699971844829, -61.46854480999999737 ) ) ;
#2710 = DIRECTION ( 'NONE',  ( 0.000000000000000000, 0.000000000000000000, -1.000000000000000000 ) ) ;
#2711 = CIRCLE ( 'NONE', #6098, 4.912500000000000533 ) ;
#2712 = CARTESIAN_POINT ( 'NONE',  ( -93.41181852879053338, 34.10164193200814253, 40.61934748505327519 ) ) ;
#2713 = VECTOR ( 'NONE', #4040, 1000.000000000000000 ) ;
#2714 = ORIENTED_EDGE ( 'NONE', *, *, #1527, .F. ) ;
#2715 = DIRECTION ( 'NONE',  ( 0.000000000000000000, 0.000000000000000000, -1.000000000000000000 ) ) ;
#2716 = ORIENTED_EDGE ( 'NONE', *, *, #2660, .T. ) ;
#2717 = B_SPLINE_SURFACE_WITH_KNOTS ( 'NONE', 1, 3, ( 
 ( #4556, #1634, #2092, #3625, #3134, #5103, #3497, #4982, #526, #2525 ),
 ( #5275, #1803, #4270, #6174, #5765, #684, #2296, #2712, #1735, #2783 ) ),
 .UNSPECIFIED., .F., .F., .F.,
 ( 2, 2 ),
 ( 4, 2, 2, 2, 4 ),
 ( 0.000000000000000000, 1.000000000000000000 ),
 ( 5.514306700416939933, 5.647462453330570398, 5.780618206244200863, 5.913773959157831328, 6.046929712071461793 ),
 .UNSPECIFIED. ) ;
#2718 = CARTESIAN_POINT ( 'NONE',  ( -181.2271884819318188, 6.352500000002568648, -29.60604481000284594 ) ) ;
#2719 = DIRECTION ( 'NONE',  ( 1.000000000000000000, -0.000000000000000000, -0.000000000000000000 ) ) ;
#2720 = ORIENTED_EDGE ( 'NONE', *, *, #1830, .F. ) ;
#2721 = VECTOR ( 'NONE', #2902, 1000.000000000000000 ) ;
#2722 = DIRECTION ( 'NONE',  ( 0.000000000000000000, 0.000000000000000000, 1.000000000000000000 ) ) ;
#2723 = CARTESIAN_POINT ( 'NONE',  ( -83.24999999999998579, 14.28999999999999737, -45.78104481000000447 ) ) ;
#2724 = DIRECTION ( 'NONE',  ( -1.000000000000000000, -0.000000000000000000, -0.000000000000000000 ) ) ;
#2725 = EDGE_CURVE ( 'NONE', #3048, #4676, #5063, .T. ) ;
#2726 = ORIENTED_EDGE ( 'NONE', *, *, #5126, .T. ) ;
#2727 = ORIENTED_EDGE ( 'NONE', *, *, #6002, .T. ) ;
#2728 = CARTESIAN_POINT ( 'NONE',  ( -83.25000000000000000, 30.06499999999998707, -44.59245404627309739 ) ) ;
#2729 = CARTESIAN_POINT ( 'NONE',  ( -158.9899999999999807, 11.00000000000000000, 5.983955189999987212 ) ) ;
#2730 = AXIS2_PLACEMENT_3D ( 'NONE', #383, #739, #1790 ) ;
#2731 = DIRECTION ( 'NONE',  ( 0.000000000000000000, 0.000000000000000000, -1.000000000000000000 ) ) ;
#2732 = AXIS2_PLACEMENT_3D ( 'NONE', #2919, #6384, #1941 ) ;
#2733 = CIRCLE ( 'NONE', #6357, 5.912500000000014744 ) ;
#2734 = VERTEX_POINT ( 'NONE', #219 ) ;
#2735 = FACE_OUTER_BOUND ( 'NONE', #5562, .T. ) ;
#2736 = DIRECTION ( 'NONE',  ( 1.000000000000000000, 0.000000000000000000, 0.000000000000000000 ) ) ;
#2737 = CARTESIAN_POINT ( 'NONE',  ( -128.2199999999999989, 6.352500000002560654, -32.93104481000281680 ) ) ;
#2738 = CARTESIAN_POINT ( 'NONE',  ( -129.2399999999999807, -15.00000000000000000, 17.01667390910194655 ) ) ;
#2739 = DIRECTION ( 'NONE',  ( 0.000000000000000000, 0.4999999999999997780, -0.8660254037844388186 ) ) ;
#2740 = AXIS2_PLACEMENT_3D ( 'NONE', #3891, #1414, #3399 ) ;
#2741 = VERTEX_POINT ( 'NONE', #2221 ) ;
#2742 = EDGE_CURVE ( 'NONE', #5852, #6047, #3479, .T. ) ;
#2743 = EDGE_CURVE ( 'NONE', #627, #6318, #3615, .T. ) ;
#2744 = ORIENTED_EDGE ( 'NONE', *, *, #4223, .T. ) ;
#2745 = VECTOR ( 'NONE', #5124, 999.9999999999998863 ) ;
#2746 = ORIENTED_EDGE ( 'NONE', *, *, #1432, .T. ) ;
#2747 = CARTESIAN_POINT ( 'NONE',  ( -152.8740853889376581, 47.56698729810777593, -80.65604481000288217 ) ) ;
#2748 = DIRECTION ( 'NONE',  ( 0.000000000000000000, -1.000000000000000000, -3.623650399333143762E-18 ) ) ;
#2749 = CYLINDRICAL_SURFACE ( 'NONE', #4487, 7.999999999999998224 ) ;
#2750 = CIRCLE ( 'NONE', #6371, 8.000000000000000000 ) ;
#2751 = ADVANCED_FACE ( 'NONE', ( #1758 ), #5717, .F. ) ;
#2752 = EDGE_LOOP ( 'NONE', ( #610, #531, #5255, #466 ) ) ;
#2753 = CARTESIAN_POINT ( 'NONE',  ( -436.5514533695703108, 23.93565672252109877, 32.30089308771268719 ) ) ;
#2754 = ORIENTED_EDGE ( 'NONE', *, *, #2867, .T. ) ;
#2755 = PRESENTATION_STYLE_ASSIGNMENT (( #3537 ) ) ;
#2756 = CARTESIAN_POINT ( 'NONE',  ( -147.9710775856719636, 3.299999999999999822, -45.23104481000287791 ) ) ;
#2757 = EDGE_LOOP ( 'NONE', ( #4610, #5958, #3487, #4729 ) ) ;
#2758 = CIRCLE ( 'NONE', #2641, 6.526372016504591755 ) ;
#2759 = DIRECTION ( 'NONE',  ( -1.000000000000000000, 0.000000000000000000, 0.000000000000000000 ) ) ;
#2760 = CARTESIAN_POINT ( 'NONE',  ( -167.9900000000000091, 28.39900948664829983, -54.16854481000000021 ) ) ;
#2761 = FACE_OUTER_BOUND ( 'NONE', #1748, .T. ) ;
#2762 = CONICAL_SURFACE ( 'NONE', #2553, 5.912499999999987210, 0.7853981633974405074 ) ;
#2763 = EDGE_LOOP ( 'NONE', ( #1913, #5688, #67, #4075 ) ) ;
#2764 = EDGE_LOOP ( 'NONE', ( #3732, #4669, #5785, #1340 ) ) ;
#2765 = FACE_OUTER_BOUND ( 'NONE', #292, .T. ) ;
#2766 = EDGE_CURVE ( 'NONE', #1780, #4968, #160, .T. ) ;
#2767 = DIRECTION ( 'NONE',  ( -1.000000000000000000, -0.000000000000000000, -0.000000000000000000 ) ) ;
#2768 = DIRECTION ( 'NONE',  ( 0.5735764363510434949, 0.000000000000000000, 0.8191520442889934639 ) ) ;
#2769 = EDGE_LOOP ( 'NONE', ( #596, #1466, #6001, #861 ) ) ;
#2770 = CARTESIAN_POINT ( 'NONE',  ( -167.9900000000000091, 22.07999999999999829, 22.36145518999998671 ) ) ;
#2771 = EDGE_CURVE ( 'NONE', #3269, #3392, #5848, .T. ) ;
#2772 = CARTESIAN_POINT ( 'NONE',  ( -141.4465317011053287, 35.55551864070304902, 42.71228837181139681 ) ) ;
#2773 = ADVANCED_FACE ( 'NONE', ( #5295 ), #414, .T. ) ;
#2774 = PLANE ( 'NONE',  #1253 ) ;
#2775 = LINE ( 'NONE', #3294, #5641 ) ;
#2776 = CARTESIAN_POINT ( 'NONE',  ( -167.9900000000000091, 36.51499999999999346, -40.86854481000000305 ) ) ;
#2777 = B_SPLINE_SURFACE_WITH_KNOTS ( 'NONE', 1, 3, ( 
 ( #6033, #1189, #699, #1582, #668, #2662 ),
 ( #571, #3570, #2693, #3703, #2174, #4092 ) ),
 .UNSPECIFIED., .F., .F., .F.,
 ( 2, 2 ),
 ( 4, 2, 4 ),
 ( 0.000000000000000000, 1.000000000000000000 ),
 ( 0.2897246558310567766, 0.5375614096142518061, 0.7853981633974468357 ),
 .UNSPECIFIED. ) ;
#2778 = ORIENTED_EDGE ( 'NONE', *, *, #5156, .F. ) ;
#2779 = CARTESIAN_POINT ( 'NONE',  ( -167.9900000000000091, 47.56698729810777593, 40.84498563909247082 ) ) ;
#2780 = ORIENTED_EDGE ( 'NONE', *, *, #38, .F. ) ;
#2781 = PLANE ( 'NONE',  #4598 ) ;
#2782 = DIRECTION ( 'NONE',  ( 0.000000000000000000, 0.000000000000000000, 1.000000000000000000 ) ) ;
#2783 = CARTESIAN_POINT ( 'NONE',  ( -92.12764461915041636, 34.21811950339824193, 40.26452068413706797 ) ) ;
#2784 = EDGE_CURVE ( 'NONE', #5787, #3371, #254, .T. ) ;
#2785 = AXIS2_PLACEMENT_3D ( 'NONE', #2379, #2347, #4323 ) ;
#2786 = ORIENTED_EDGE ( 'NONE', *, *, #3895, .T. ) ;
#2787 = CARTESIAN_POINT ( 'NONE',  ( -144.0319382844575102, 52.09760301837827257, -44.73286203278009765 ) ) ;
#2788 = ORIENTED_EDGE ( 'NONE', *, *, #5590, .T. ) ;
#2789 = DIRECTION ( 'NONE',  ( 0.000000000000000000, -1.000000000000000000, 0.000000000000000000 ) ) ;
#2790 = CARTESIAN_POINT ( 'NONE',  ( -159.9899999999999807, 14.28999999999999737, -40.86854481000000305 ) ) ;
#2791 = ORIENTED_EDGE ( 'NONE', *, *, #5197, .T. ) ;
#2792 = CARTESIAN_POINT ( 'NONE',  ( -83.25000000000000000, 22.08000000000001251, 14.91363671745381758 ) ) ;
#2793 = CARTESIAN_POINT ( 'NONE',  ( -167.9900000000000091, 11.00000000000000000, -6.928544810000015097 ) ) ;
#2794 = EDGE_CURVE ( 'NONE', #3604, #515, #3901, .T. ) ;
#2795 = EDGE_CURVE ( 'NONE', #1958, #2155, #3387, .T. ) ;
#2796 = AXIS2_PLACEMENT_3D ( 'NONE', #6121, #1676, #3664 ) ;
#2797 = ORIENTED_EDGE ( 'NONE', *, *, #581, .F. ) ;
#2798 = ORIENTED_EDGE ( 'NONE', *, *, #3779, .F. ) ;
#2799 = CARTESIAN_POINT ( 'NONE',  ( -84.25000000000000000, 36.51499999999999346, -45.78104481000000447 ) ) ;
#2800 = CARTESIAN_POINT ( 'NONE',  ( -100.9000000000000625, 52.56830429459234466, -58.24957121884516908 ) ) ;
#2801 = DIRECTION ( 'NONE',  ( -1.000000000000000000, 0.000000000000000000, 0.000000000000000000 ) ) ;
#2802 = ORIENTED_EDGE ( 'NONE', *, *, #2028, .T. ) ;
#2803 = FACE_OUTER_BOUND ( 'NONE', #3588, .T. ) ;
#2804 = CARTESIAN_POINT ( 'NONE',  ( -139.2314865766879564, 35.30967479261406083, 43.62979010360763965 ) ) ;
#2805 = DIRECTION ( 'NONE',  ( -1.000000000000000000, 0.000000000000000000, 0.000000000000000000 ) ) ;
#2806 = DIRECTION ( 'NONE',  ( 0.000000000000000000, 0.000000000000000000, -1.000000000000000000 ) ) ;
#2807 = CARTESIAN_POINT ( 'NONE',  ( -104.6092703718782246, 32.62124113080948007, 46.31794919243127140 ) ) ;
#2808 = B_SPLINE_CURVE_WITH_KNOTS ( 'NONE', 3,
 ( #5006, #4975, #3007, #3617 ),
 .UNSPECIFIED., .F., .F.,
 ( 4, 4 ),
 ( 0.000000000000000000, 1.000000000000000000 ),
 .UNSPECIFIED. ) ;
#2809 = ORIENTED_EDGE ( 'NONE', *, *, #2990, .F. ) ;
#2810 = B_SPLINE_CURVE_WITH_KNOTS ( 'NONE', 3,
 ( #5161, #1688, #2699, #4680, #6165, #1725, #1229, #6234, #4326, #844, #1264, #3812, #2838, #5293 ),
 .UNSPECIFIED., .F., .F.,
 ( 4, 2, 2, 1, 1, 2, 2, 4 ),
 ( 0.000000000000000000, 0.2500000000000778821, 0.3750000000001169065, 0.4375000000001358358, 0.4687500000001448841, 0.4843750000001493250, 0.5000000000001537659, 1.000000000000000000 ),
 .UNSPECIFIED. ) ;
#2811 = EDGE_CURVE ( 'NONE', #3274, #4082, #4871, .T. ) ;
#2812 = CARTESIAN_POINT ( 'NONE',  ( -98.79797079162837292, 5.440437620476783920, -56.23104481000000021 ) ) ;
#2813 = ORIENTED_EDGE ( 'NONE', *, *, #1389, .T. ) ;
#2814 = CARTESIAN_POINT ( 'NONE',  ( -115.1032599990438996, 3.051402914330760385, -32.53305068345053996 ) ) ;
#2815 = PLANE ( 'NONE',  #3751 ) ;
#2816 = VECTOR ( 'NONE', #4322, 1000.000000000000114 ) ;
#2817 = DIRECTION ( 'NONE',  ( 1.000000000000000000, -0.000000000000000000, 0.000000000000000000 ) ) ;
#2818 = AXIS2_PLACEMENT_3D ( 'NONE', #4622, #2748, #5661 ) ;
#2819 = LINE ( 'NONE', #6211, #4464 ) ;
#2820 = ORIENTED_EDGE ( 'NONE', *, *, #3162, .T. ) ;
#2821 = CYLINDRICAL_SURFACE ( 'NONE', #641, 6.526372016504591755 ) ;
#2822 = FACE_OUTER_BOUND ( 'NONE', #810, .T. ) ;
#2823 = ORIENTED_EDGE ( 'NONE', *, *, #2028, .F. ) ;
#2824 = PLANE ( 'NONE',  #2093 ) ;
#2825 = CARTESIAN_POINT ( 'NONE',  ( -83.25000000000000000, 22.07999999999999829, 28.25145518999998018 ) ) ;
#2826 = ADVANCED_FACE ( 'NONE', ( #815, #3844 ), #6272, .T. ) ;
#2827 = EDGE_CURVE ( 'NONE', #3715, #3274, #2415, .T. ) ;
#2828 = CIRCLE ( 'NONE', #3647, 4.889999999999998792 ) ;
#2829 = ORIENTED_EDGE ( 'NONE', *, *, #173, .T. ) ;
#2830 = ORIENTED_EDGE ( 'NONE', *, *, #2106, .T. ) ;
#2831 = CARTESIAN_POINT ( 'NONE',  ( -94.50642127237527745, 36.79610796073619383, 38.08234599812046639 ) ) ;
#2832 = CARTESIAN_POINT ( 'NONE',  ( -160.3815696155272406, -2.213114754098357118, 9.174763063641961480 ) ) ;
#2833 = DIRECTION ( 'NONE',  ( 0.000000000000000000, 0.000000000000000000, -1.000000000000000000 ) ) ;
#2834 = AXIS2_PLACEMENT_3D ( 'NONE', #4353, #1429, #3412 ) ;
#2835 = EDGE_CURVE ( 'NONE', #5021, #5705, #2775, .T. ) ;
#2836 = ORIENTED_EDGE ( 'NONE', *, *, #267, .T. ) ;
#2837 = CARTESIAN_POINT ( 'NONE',  ( -145.9831578262859750, 47.56698729810777593, -70.14166385918811386 ) ) ;
#2838 = CARTESIAN_POINT ( 'NONE',  ( -143.5102998565884604, 32.86440215874742421, 44.74764933584279447 ) ) ;
#2839 = CARTESIAN_POINT ( 'NONE',  ( -69.35535174968433125, 11.00000000000000000, 1.071455189999986901 ) ) ;
#2840 = DIRECTION ( 'NONE',  ( -0.7071067811865445751, 0.000000000000000000, 0.7071067811865504593 ) ) ;
#2841 = CARTESIAN_POINT ( 'NONE',  ( -179.9943429362479037, 3.299999999999999822, -45.23104481000286370 ) ) ;
#2842 = AXIS2_PLACEMENT_3D ( 'NONE', #2770, #4259, #5781 ) ;
#2843 = ORIENTED_EDGE ( 'NONE', *, *, #36, .T. ) ;
#2844 = DIRECTION ( 'NONE',  ( 0.000000000000000000, 0.000000000000000000, 1.000000000000000000 ) ) ;
#2845 = ORIENTED_EDGE ( 'NONE', *, *, #5989, .T. ) ;
#2846 = DIRECTION ( 'NONE',  ( 0.000000000000000000, -0.4999999999999995559, 0.8660254037844389297 ) ) ;
#2847 = LINE ( 'NONE', #2883, #5611 ) ;
#2848 = AXIS2_PLACEMENT_3D ( 'NONE', #5107, #655, #6115 ) ;
#2849 = DIRECTION ( 'NONE',  ( 0.000000000000000000, 0.000000000000000000, -1.000000000000000000 ) ) ;
#2850 = ADVANCED_FACE ( 'NONE', ( #782 ), #910, .T. ) ;
#2851 = AXIS2_PLACEMENT_3D ( 'NONE', #3363, #4786, #5725 ) ;
#2852 = CARTESIAN_POINT ( 'NONE',  ( -103.5841131227329299, 32.62889332356483152, 46.26853404211814080 ) ) ;
#2853 = VERTEX_POINT ( 'NONE', #4385 ) ;
#2854 = DIRECTION ( 'NONE',  ( 0.000000000000000000, 0.000000000000000000, -1.000000000000000000 ) ) ;
#2855 = CARTESIAN_POINT ( 'NONE',  ( -70.25000000000000000, 35.62942921995211520, 34.99744111674249325 ) ) ;
#2856 = ORIENTED_EDGE ( 'NONE', *, *, #3400, .F. ) ;
#2857 = FACE_OUTER_BOUND ( 'NONE', #4521, .T. ) ;
#2858 = ADVANCED_FACE ( 'NONE', ( #1924 ), #2287, .F. ) ;
#2859 = AXIS2_PLACEMENT_3D ( 'NONE', #4158, #2736, #675 ) ;
#2860 = AXIS2_PLACEMENT_3D ( 'NONE', #3378, #5901, #3899 ) ;
#2861 = VERTEX_POINT ( 'NONE', #2321 ) ;
#2862 = VERTEX_POINT ( 'NONE', #847 ) ;
#2863 = DIRECTION ( 'NONE',  ( 0.000000000000000000, 0.000000000000000000, 1.000000000000000000 ) ) ;
#2864 = CARTESIAN_POINT ( 'NONE',  ( -158.9899999999999523, 14.28999999999999737, -40.86854481000000305 ) ) ;
#2865 = CARTESIAN_POINT ( 'NONE',  ( -83.24999999999998579, 36.51499999999999346, -40.86854481000000305 ) ) ;
#2866 = EDGE_CURVE ( 'NONE', #2080, #3949, #3252, .T. ) ;
#2867 = EDGE_CURVE ( 'NONE', #364, #399, #3781, .T. ) ;
#2868 = AXIS2_PLACEMENT_3D ( 'NONE', #4524, #6404, #4494 ) ;
#2869 = ORIENTED_EDGE ( 'NONE', *, *, #1307, .F. ) ;
#2870 = CARTESIAN_POINT ( 'NONE',  ( -159.9899999999999807, 22.07999999999999829, 22.36145518999998671 ) ) ;
#2871 = VECTOR ( 'NONE', #630, 1000.000000000000000 ) ;
#2872 = CARTESIAN_POINT ( 'NONE',  ( -144.2831457505076003, 32.98408942375560571, 43.97480344192366175 ) ) ;
#2873 = DIRECTION ( 'NONE',  ( 0.000000000000000000, 0.000000000000000000, 1.000000000000000000 ) ) ;
#2874 = AXIS2_PLACEMENT_3D ( 'NONE', #2552, #4551, #3583 ) ;
#2875 = FACE_OUTER_BOUND ( 'NONE', #1715, .T. ) ;
#2876 = CARTESIAN_POINT ( 'NONE',  ( -70.25000000000000000, 49.76698729810777166, -59.96854480999999737 ) ) ;
#2877 = EDGE_CURVE ( 'NONE', #3446, #820, #2385, .T. ) ;
#2878 = VECTOR ( 'NONE', #2222, 1000.000000000000227 ) ;
#2879 = ORIENTED_EDGE ( 'NONE', *, *, #3257, .F. ) ;
#2880 = ORIENTED_EDGE ( 'NONE', *, *, #5111, .T. ) ;
#2881 = VERTEX_POINT ( 'NONE', #6303 ) ;
#2882 = CARTESIAN_POINT ( 'NONE',  ( -128.6466836438567896, 52.56830429459234466, -32.53104481000286086 ) ) ;
#2883 = CARTESIAN_POINT ( 'NONE',  ( -100.9000000000000625, 9.527500000002524061, -61.46854480999999737 ) ) ;
#2884 = DIRECTION ( 'NONE',  ( 1.000000000000000000, -0.000000000000000000, 0.000000000000000000 ) ) ;
#2885 = AXIS2_PLACEMENT_3D ( 'NONE', #259, #1165, #783 ) ;
#2886 = CARTESIAN_POINT ( 'NONE',  ( -132.9056362101498507, 47.56698729810777593, -34.74811518587787873 ) ) ;
#2887 = CARTESIAN_POINT ( 'NONE',  ( -104.6092703718782246, 32.62124113080948007, 46.31794919243127850 ) ) ;
#2888 = VERTEX_POINT ( 'NONE', #1854 ) ;
#2889 = DIRECTION ( 'NONE',  ( 0.000000000000000000, 0.000000000000000000, -1.000000000000000000 ) ) ;
#2890 = CARTESIAN_POINT ( 'NONE',  ( -108.2850000000000392, 40.64250000000248519, -52.23104480999999311 ) ) ;
#2891 = DIRECTION ( 'NONE',  ( 0.000000000000000000, 0.000000000000000000, 1.000000000000000000 ) ) ;
#2892 = CIRCLE ( 'NONE', #5268, 5.890000000000061853 ) ;
#2893 = EDGE_CURVE ( 'NONE', #5991, #1442, #5814, .T. ) ;
#2894 = ORIENTED_EDGE ( 'NONE', *, *, #2578, .T. ) ;
#2895 = ORIENTED_EDGE ( 'NONE', *, *, #3779, .T. ) ;
#2896 = AXIS2_PLACEMENT_3D ( 'NONE', #4118, #2623, #4147 ) ;
#2897 = DIRECTION ( 'NONE',  ( 0.7071067811865531239, 8.659560562354866298E-17, 0.7071067811865420216 ) ) ;
#2898 = CARTESIAN_POINT ( 'NONE',  ( -128.2199999999999704, 14.28999999999999737, -35.20604480999999453 ) ) ;
#2899 = ORIENTED_EDGE ( 'NONE', *, *, #1936, .F. ) ;
#2900 = CARTESIAN_POINT ( 'NONE',  ( -114.0000000000000000, 22.07999999999999829, 16.47145518999999325 ) ) ;
#2901 = LINE ( 'NONE', #5482, #2440 ) ;
#2902 = DIRECTION ( 'NONE',  ( 0.000000000000000000, -1.000000000000000000, 0.000000000000000000 ) ) ;
#2903 = DIRECTION ( 'NONE',  ( -1.000000000000000000, 0.000000000000000000, -0.000000000000000000 ) ) ;
#2904 = CARTESIAN_POINT ( 'NONE',  ( -167.9900000000000091, 3.300000000000000711, -54.16854481000000021 ) ) ;
#2905 = ORIENTED_EDGE ( 'NONE', *, *, #1864, .T. ) ;
#2906 = ORIENTED_EDGE ( 'NONE', *, *, #4727, .T. ) ;
#2907 = ADVANCED_FACE ( 'NONE', ( #2875 ), #4845, .F. ) ;
#2908 = DIRECTION ( 'NONE',  ( 0.000000000000000000, 0.000000000000000000, -1.000000000000000000 ) ) ;
#2909 = EDGE_CURVE ( 'NONE', #3595, #373, #5483, .T. ) ;
#2910 = ORIENTED_EDGE ( 'NONE', *, *, #81, .F. ) ;
#2911 = CARTESIAN_POINT ( 'NONE',  ( -83.25000000000000000, 14.28999999999999737, -40.86854481000000305 ) ) ;
#2912 = DIRECTION ( 'NONE',  ( -1.000000000000000000, -0.000000000000000000, -0.000000000000000000 ) ) ;
#2913 = DIRECTION ( 'NONE',  ( 0.000000000000000000, 1.000000000000000000, 0.000000000000000000 ) ) ;
#2914 = EDGE_CURVE ( 'NONE', #1201, #6392, #5024, .T. ) ;
#2915 = CARTESIAN_POINT ( 'NONE',  ( -104.0168038499924421, 35.30934139223492707, 43.63103437076187419 ) ) ;
#2916 = ORIENTED_EDGE ( 'NONE', *, *, #6163, .F. ) ;
#2917 = CARTESIAN_POINT ( 'NONE',  ( -160.3815696155272406, -15.00000000000000000, -14.87376352910197141 ) ) ;
#2918 = PLANE ( 'NONE',  #4882 ) ;
#2919 = CARTESIAN_POINT ( 'NONE',  ( -107.6500000000000483, 41.27750000000251163, -56.23104481000000021 ) ) ;
#2920 = VECTOR ( 'NONE', #3042, 1000.000000000000000 ) ;
#2921 = EDGE_LOOP ( 'NONE', ( #23, #6257, #3927, #1556, #6419, #496 ) ) ;
#2922 = EDGE_LOOP ( 'NONE', ( #6379, #4463 ) ) ;
#2923 = VECTOR ( 'NONE', #920, 1000.000000000000000 ) ;
#2924 = CARTESIAN_POINT ( 'NONE',  ( -128.2199999999999704, 36.51499999999999346, -35.20604480999999453 ) ) ;
#2925 = DIRECTION ( 'NONE',  ( -1.000000000000000000, -0.000000000000000000, -0.000000000000000000 ) ) ;
#2926 = EDGE_CURVE ( 'NONE', #4388, #6057, #3691, .T. ) ;
#2927 = VECTOR ( 'NONE', #2485, 1000.000000000000000 ) ;
#2928 = ORIENTED_EDGE ( 'NONE', *, *, #1389, .F. ) ;
#2929 = LINE ( 'NONE', #1489, #538 ) ;
#2930 = CARTESIAN_POINT ( 'NONE',  ( -107.6024073616866445, 52.58339224305460391, -42.47920095605315538 ) ) ;
#2931 = FACE_OUTER_BOUND ( 'NONE', #439, .T. ) ;
#2932 = DIRECTION ( 'NONE',  ( 0.000000000000000000, 0.000000000000000000, -1.000000000000000000 ) ) ;
#2933 = CIRCLE ( 'NONE', #21, 6.526372016504577545 ) ;
#2934 = CARTESIAN_POINT ( 'NONE',  ( -114.2699999999999818, 14.28999999999999737, -40.86854481000000305 ) ) ;
#2935 = ADVANCED_FACE ( 'NONE', ( #1430 ), #3415, .F. ) ;
#2936 = EDGE_LOOP ( 'NONE', ( #5734, #2146, #5863, #5699 ) ) ;
#2937 = CIRCLE ( 'NONE', #534, 15.00000000000000000 ) ;
#2938 = VECTOR ( 'NONE', #1755, 1000.000000000000114 ) ;
#2939 = EDGE_LOOP ( 'NONE', ( #698, #1697, #6310, #6415 ) ) ;
#2940 = CARTESIAN_POINT ( 'NONE',  ( -129.2399999999999807, 9.018853248667547007, -3.725102825279746011 ) ) ;
#2941 = ORIENTED_EDGE ( 'NONE', *, *, #4446, .F. ) ;
#2942 = CARTESIAN_POINT ( 'NONE',  ( -115.0199999999999818, 3.299999999999999822, -32.53705880395594363 ) ) ;
#2943 = CARTESIAN_POINT ( 'NONE',  ( -111.1674612229020909, 41.27750000000251163, -56.23104481000000021 ) ) ;
#2944 = CARTESIAN_POINT ( 'NONE',  ( -128.2199999999999704, -36.03001699971844829, -52.37850603290216611 ) ) ;
#2945 = DIRECTION ( 'NONE',  ( -1.000000000000000000, 0.000000000000000000, 0.000000000000000000 ) ) ;
#2946 = CONICAL_SURFACE ( 'NONE', #120, 5.889999999999992575, 0.7853981633974445042 ) ;
#2947 = DIRECTION ( 'NONE',  ( 0.000000000000000000, 0.000000000000000000, 1.000000000000000000 ) ) ;
#2948 = CONICAL_SURFACE ( 'NONE', #5938, 4.912500000000000533, 0.7853981633974473908 ) ;
#2949 = ADVANCED_FACE ( 'NONE', ( #2044 ), #1550, .F. ) ;
#2950 = EDGE_CURVE ( 'NONE', #3314, #805, #2635, .T. ) ;
#2951 = ORIENTED_EDGE ( 'NONE', *, *, #3512, .F. ) ;
#2952 = CIRCLE ( 'NONE', #3774, 15.00000000000000000 ) ;
#2953 = ORIENTED_EDGE ( 'NONE', *, *, #5072, .F. ) ;
#2954 = CARTESIAN_POINT ( 'NONE',  ( -148.2900000000000205, 10.16250000000252918, -56.23104481000000021 ) ) ;
#2955 = DIRECTION ( 'NONE',  ( 8.741913579725645257E-16, -1.000000000000000000, 0.000000000000000000 ) ) ;
#2956 = DIRECTION ( 'NONE',  ( 1.000000000000000000, -0.000000000000000000, 0.000000000000000000 ) ) ;
#2957 = EDGE_CURVE ( 'NONE', #5983, #556, #4966, .T. ) ;
#2958 = VECTOR ( 'NONE', #70, 1000.000000000000000 ) ;
#2959 = ORIENTED_EDGE ( 'NONE', *, *, #643, .T. ) ;
#2960 = ORIENTED_EDGE ( 'NONE', *, *, #664, .F. ) ;
#2961 = AXIS2_PLACEMENT_3D ( 'NONE', #4222, #6260, #4707 ) ;
#2962 = FACE_OUTER_BOUND ( 'NONE', #4245, .T. ) ;
#2963 = DIRECTION ( 'NONE',  ( -0.7071067811865531239, 8.659560562354866298E-17, -0.7071067811865420216 ) ) ;
#2964 = VECTOR ( 'NONE', #5018, 1000.000000000000000 ) ;
#2965 = ORIENTED_EDGE ( 'NONE', *, *, #2866, .F. ) ;
#2966 = EDGE_CURVE ( 'NONE', #3590, #3506, #3480, .T. ) ;
#2967 = CARTESIAN_POINT ( 'NONE',  ( -158.9899999999999523, 36.51499999999999346, -40.86854481000000305 ) ) ;
#2968 = DIRECTION ( 'NONE',  ( -0.7071067811865461294, 0.000000000000000000, 0.7071067811865489050 ) ) ;
#2969 = DIRECTION ( 'NONE',  ( -1.000000000000000000, 0.000000000000000000, 0.000000000000000000 ) ) ;
#2970 = VECTOR ( 'NONE', #1074, 1000.000000000000000 ) ;
#2971 = CARTESIAN_POINT ( 'NONE',  ( -110.9473419686279954, 52.40670531154506051, -34.79703986518848779 ) ) ;
#2972 = CARTESIAN_POINT ( 'NONE',  ( -115.0199999999999818, 3.299999999999999822, -32.53705880395594363 ) ) ;
#2973 = ORIENTED_EDGE ( 'NONE', *, *, #3381, .F. ) ;
#2974 = ORIENTED_EDGE ( 'NONE', *, *, #2988, .F. ) ;
#2975 = EDGE_CURVE ( 'NONE', #5957, #5144, #2034, .T. ) ;
#2976 = DIRECTION ( 'NONE',  ( 0.000000000000000000, 0.000000000000000000, -1.000000000000000000 ) ) ;
#2977 = ORIENTED_EDGE ( 'NONE', *, *, #4130, .F. ) ;
#2978 = CARTESIAN_POINT ( 'NONE',  ( -69.35535174968433125, 11.00000000000000000, 5.983955189999987212 ) ) ;
#2979 = CARTESIAN_POINT ( 'NONE',  ( -131.4077409876140905, 52.33229909788282441, -33.31986903877390915 ) ) ;
#2980 = FACE_OUTER_BOUND ( 'NONE', #2290, .T. ) ;
#2981 = DIRECTION ( 'NONE',  ( 0.000000000000000000, -0.000000000000000000, -1.000000000000000000 ) ) ;
#2982 = EDGE_LOOP ( 'NONE', ( #3176, #3202, #3985, #5632 ) ) ;
#2983 = VERTEX_POINT ( 'NONE', #449 ) ;
#2984 = DIRECTION ( 'NONE',  ( 1.000000000000000000, 0.000000000000000000, 0.000000000000000000 ) ) ;
#2985 = DIRECTION ( 'NONE',  ( 0.000000000000000000, 0.000000000000000000, 1.000000000000000000 ) ) ;
#2986 = CARTESIAN_POINT ( 'NONE',  ( -70.25000000000000000, 49.76698729810777166, -58.36708106719408562 ) ) ;
#2987 = ORIENTED_EDGE ( 'NONE', *, *, #6230, .T. ) ;
#2988 = EDGE_CURVE ( 'NONE', #5021, #1413, #5135, .T. ) ;
#2989 = ORIENTED_EDGE ( 'NONE', *, *, #128, .T. ) ;
#2990 = EDGE_CURVE ( 'NONE', #1968, #731, #2133, .T. ) ;
#2991 = CARTESIAN_POINT ( 'NONE',  ( -128.9699999999999989, 14.28999999999999737, -35.95604481000000163 ) ) ;
#2992 = LINE ( 'NONE', #966, #1524 ) ;
#2993 = VECTOR ( 'NONE', #178, 999.9999999999998863 ) ;
#2994 = ORIENTED_EDGE ( 'NONE', *, *, #2214, .T. ) ;
#2995 = CARTESIAN_POINT ( 'NONE',  ( -167.9900000000000091, 32.57515860467621138, 40.84498563909247082 ) ) ;
#2996 = APPLICATION_CONTEXT ( 'automotive_design' ) ;
#2997 = FACE_OUTER_BOUND ( 'NONE', #142, .T. ) ;
#2998 = CARTESIAN_POINT ( 'NONE',  ( -111.9873246590365454, 52.35217437166204490, -33.69051261960665045 ) ) ;
#2999 = CARTESIAN_POINT ( 'NONE',  ( -158.9899999999999523, 14.28999999999999737, -45.78104481000000447 ) ) ;
#3000 = ORIENTED_EDGE ( 'NONE', *, *, #943, .T. ) ;
#3001 = VERTEX_POINT ( 'NONE', #5940 ) ;
#3002 = CARTESIAN_POINT ( 'NONE',  ( -128.2199999999999989, -36.03001699971844829, -31.97854481000000249 ) ) ;
#3003 = ORIENTED_EDGE ( 'NONE', *, *, #2766, .F. ) ;
#3004 = CARTESIAN_POINT ( 'NONE',  ( -83.25000000000000000, 22.07999999999999474, 29.80927366254616473 ) ) ;
#3005 = CARTESIAN_POINT ( 'NONE',  ( -83.25000000000000000, 15.63000000000001144, 18.63754595372690304 ) ) ;
#3006 = DIRECTION ( 'NONE',  ( 0.000000000000000000, 0.000000000000000000, -1.000000000000000000 ) ) ;
#3007 = CARTESIAN_POINT ( 'NONE',  ( -92.39108979134267940, 35.11160219295539520, 39.40966763039141796 ) ) ;
#3008 = EDGE_CURVE ( 'NONE', #4770, #5602, #4817, .T. ) ;
#3009 = ORIENTED_EDGE ( 'NONE', *, *, #6350, .T. ) ;
#3010 = ORIENTED_EDGE ( 'NONE', *, *, #1541, .T. ) ;
#3011 = DIRECTION ( 'NONE',  ( 0.000000000000000000, -0.8660254037844389297, 0.4999999999999996114 ) ) ;
#3012 = CARTESIAN_POINT ( 'NONE',  ( -180.9476847028322197, 49.76698729810777166, -61.46854480999999737 ) ) ;
#3013 = DIRECTION ( 'NONE',  ( -1.000000000000000000, 0.000000000000000000, 0.000000000000000000 ) ) ;
#3014 = VECTOR ( 'NONE', #3347, 1000.000000000000000 ) ;
#3015 = ORIENTED_EDGE ( 'NONE', *, *, #3432, .T. ) ;
#3016 = ORIENTED_EDGE ( 'NONE', *, *, #3382, .T. ) ;
#3017 = LINE ( 'NONE', #964, #6062 ) ;
#3018 = AXIS2_PLACEMENT_3D ( 'NONE', #2678, #4653, #1734 ) ;
#3019 = CARTESIAN_POINT ( 'NONE',  ( -114.0000000000000000, -2.213114754098358894, 9.174763063641963257 ) ) ;
#3020 = ADVANCED_FACE ( 'NONE', ( #1458 ), #5456, .F. ) ;
#3021 = EDGE_CURVE ( 'NONE', #3121, #193, #6274, .T. ) ;
#3022 = AXIS2_PLACEMENT_3D ( 'NONE', #5101, #1171, #4269 ) ;
#3023 = ORIENTED_EDGE ( 'NONE', *, *, #6183, .F. ) ;
#3024 = DIRECTION ( 'NONE',  ( -6.427877632151207979E-16, 0.000000000000000000, 1.000000000000000000 ) ) ;
#3025 = FACE_OUTER_BOUND ( 'NONE', #1910, .T. ) ;
#3026 = DIRECTION ( 'NONE',  ( -1.000000000000000000, 0.000000000000000000, 0.000000000000000000 ) ) ;
#3027 = CARTESIAN_POINT ( 'NONE',  ( -155.6750000000000682, 32.64015417236026195, -56.23104481000000021 ) ) ;
#3028 = CIRCLE ( 'NONE', #4367, 5.890000000000061853 ) ;
#3029 = VERTEX_POINT ( 'NONE', #5154 ) ;
#3030 = ORIENTED_EDGE ( 'NONE', *, *, #1050, .T. ) ;
#3031 = DIRECTION ( 'NONE',  ( 0.000000000000000000, 0.000000000000000000, 1.000000000000000000 ) ) ;
#3032 = ORIENTED_EDGE ( 'NONE', *, *, #5881, .T. ) ;
#3033 = CIRCLE ( 'NONE', #4683, 7.999999999999996447 ) ;
#3034 = CARTESIAN_POINT ( 'NONE',  ( -114.0000000000000000, -0.8386154695166591067, -9.928544809996907361 ) ) ;
#3035 = CARTESIAN_POINT ( 'NONE',  ( -128.2199999999999989, 44.45250000000256563, -29.60604481000281396 ) ) ;
#3036 = CARTESIAN_POINT ( 'NONE',  ( -179.9943429362478753, -2.557710141896462799E-17, -9.268247377061549921E-35 ) ) ;
#3037 = CARTESIAN_POINT ( 'NONE',  ( -132.0710727482644700, 3.299999999999999822, -33.55623504128642764 ) ) ;
#3038 = VERTEX_POINT ( 'NONE', #2663 ) ;
#3039 = VERTEX_POINT ( 'NONE', #2596 ) ;
#3040 = DIRECTION ( 'NONE',  ( 0.000000000000000000, 0.000000000000000000, -1.000000000000000000 ) ) ;
#3041 = ADVANCED_FACE ( 'NONE', ( #153 ), #4571, .F. ) ;
#3042 = DIRECTION ( 'NONE',  ( 1.000000000000000000, 0.000000000000000000, 0.000000000000000000 ) ) ;
#3043 = CIRCLE ( 'NONE', #1680, 4.912500000000000533 ) ;
#3044 = VECTOR ( 'NONE', #7, 1000.000000000000000 ) ;
#3045 = CARTESIAN_POINT ( 'NONE',  ( -155.3986279834954587, 9.210000000002505516, -56.23104481000000021 ) ) ;
#3046 = CIRCLE ( 'NONE', #4288, 3.000000000000002665 ) ;
#3047 = ORIENTED_EDGE ( 'NONE', *, *, #6269, .F. ) ;
#3048 = VERTEX_POINT ( 'NONE', #5552 ) ;
#3049 = EDGE_CURVE ( 'NONE', #3121, #5378, #2629, .T. ) ;
#3050 = EDGE_LOOP ( 'NONE', ( #1563, #6387, #6005, #3866 ) ) ;
#3051 = DIRECTION ( 'NONE',  ( 0.000000000000000000, 0.000000000000000000, -1.000000000000000000 ) ) ;
#3052 = VECTOR ( 'NONE', #682, 1000.000000000000000 ) ;
#3053 = FACE_OUTER_BOUND ( 'NONE', #2764, .T. ) ;
#3054 = CIRCLE ( 'NONE', #6049, 5.912499999999987210 ) ;
#3055 = ORIENTED_EDGE ( 'NONE', *, *, #559, .T. ) ;
#3056 = LINE ( 'NONE', #3635, #1289 ) ;
#3057 = EDGE_CURVE ( 'NONE', #3902, #4156, #5954, .T. ) ;
#3058 = EDGE_CURVE ( 'NONE', #3484, #2481, #599, .T. ) ;
#3059 = DIRECTION ( 'NONE',  ( 0.000000000000000000, 2.329169920522730647E-16, -1.000000000000000000 ) ) ;
#3060 = DIRECTION ( 'NONE',  ( 0.000000000000000000, 0.000000000000000000, 1.000000000000000000 ) ) ;
#3061 = AXIS2_PLACEMENT_3D ( 'NONE', #4745, #5782, #4352 ) ;
#3062 = VERTEX_POINT ( 'NONE', #3636 ) ;
#3063 = ORIENTED_EDGE ( 'NONE', *, *, #5909, .F. ) ;
#3064 = CARTESIAN_POINT ( 'NONE',  ( -101.7578737237592605, 46.00390511371343649, -56.23104481000000021 ) ) ;
#3065 = CONICAL_SURFACE ( 'NONE', #776, 5.912499999999987210, 0.7853981633974405074 ) ;
#3066 = VERTEX_POINT ( 'NONE', #3213 ) ;
#3067 = CARTESIAN_POINT ( 'NONE',  ( -128.9699999999999989, 36.51499999999999346, -35.95604481000000163 ) ) ;
#3068 = EDGE_CURVE ( 'NONE', #6047, #3310, #4617, .T. ) ;
#3069 = DIRECTION ( 'NONE',  ( 0.000000000000000000, 0.000000000000000000, 1.000000000000000000 ) ) ;
#3070 = ADVANCED_FACE ( 'NONE', ( #1191 ), #4188, .T. ) ;
#3071 = DIRECTION ( 'NONE',  ( -1.000000000000000000, 0.000000000000000000, 0.000000000000000000 ) ) ;
#3072 = CARTESIAN_POINT ( 'NONE',  ( -115.0200000000000102, -36.03001699971844829, -7.393344852500320616E-14 ) ) ;
#3073 = VECTOR ( 'NONE', #5266, 1000.000000000000000 ) ;
#3074 = EDGE_LOOP ( 'NONE', ( #5572, #788, #5676, #576 ) ) ;
#3075 = ORIENTED_EDGE ( 'NONE', *, *, #5033, .F. ) ;
#3076 = CYLINDRICAL_SURFACE ( 'NONE', #127, 9.802499999999991331 ) ;
#3077 = CARTESIAN_POINT ( 'NONE',  ( -165.3702166766127846, 52.09704607301399903, -44.73181312796931763 ) ) ;
#3078 = DIRECTION ( 'NONE',  ( -1.000000000000000000, -4.625929269271481378E-15, 0.000000000000000000 ) ) ;
#3079 = EDGE_LOOP ( 'NONE', ( #5786, #1025, #2965, #6380 ) ) ;
#3080 = EDGE_LOOP ( 'NONE', ( #3576, #2343, #1234, #725, #2599, #501, #514 ) ) ;
#3081 = ORIENTED_EDGE ( 'NONE', *, *, #5882, .T. ) ;
#3082 = DIRECTION ( 'NONE',  ( 0.000000000000000000, 0.000000000000000000, -1.000000000000000000 ) ) ;
#3083 = DIRECTION ( 'NONE',  ( -1.000000000000000000, -0.000000000000000000, -0.000000000000000000 ) ) ;
#3084 = CARTESIAN_POINT ( 'NONE',  ( -159.9899999999999807, 36.51499999999999346, -40.86854481000000305 ) ) ;
#3085 = EDGE_CURVE ( 'NONE', #107, #5280, #3670, .T. ) ;
#3086 = ORIENTED_EDGE ( 'NONE', *, *, #5108, .F. ) ;
#3087 = EDGE_CURVE ( 'NONE', #2428, #978, #3991, .T. ) ;
#3088 = CARTESIAN_POINT ( 'NONE',  ( -114.0000000000000000, 20.87617447417045824, 33.03025060564286264 ) ) ;
#3089 = DIRECTION ( 'NONE',  ( -1.000000000000000000, -0.000000000000000000, -0.000000000000000000 ) ) ;
#3090 = DIRECTION ( 'NONE',  ( -1.000000000000000000, 0.000000000000000000, 0.000000000000000000 ) ) ;
#3091 = AXIS2_PLACEMENT_3D ( 'NONE', #4057, #1185, #2138 ) ;
#3092 = ORIENTED_EDGE ( 'NONE', *, *, #794, .T. ) ;
#3093 = CARTESIAN_POINT ( 'NONE',  ( -100.9000000000000625, 3.299999999999999822, -9.268247377061549921E-35 ) ) ;
#3094 = CARTESIAN_POINT ( 'NONE',  ( -147.9710775856719636, 52.56830429459234466, -30.39104481000288160 ) ) ;
#3095 = CYLINDRICAL_SURFACE ( 'NONE', #208, 6.749999999999992006 ) ;
#3096 = CARTESIAN_POINT ( 'NONE',  ( -152.0098049200396702, 23.98696133190903268, 21.32107122362669571 ) ) ;
#3097 =( GEOMETRIC_REPRESENTATION_CONTEXT ( 3 ) GLOBAL_UNCERTAINTY_ASSIGNED_CONTEXT ( ( #2122 ) ) GLOBAL_UNIT_ASSIGNED_CONTEXT ( ( #5404, #397, #6314 ) ) REPRESENTATION_CONTEXT ( 'NONE', 'WORKASPACE' ) );
#3098 = DIRECTION ( 'NONE',  ( -0.5735764363510436059, 2.968320632402372190E-18, -0.8191520442889934639 ) ) ;
#3099 = ORIENTED_EDGE ( 'NONE', *, *, #3895, .F. ) ;
#3100 = ADVANCED_FACE ( 'NONE', ( #2111 ), #2016, .F. ) ;
#3101 = ADVANCED_FACE ( 'NONE', ( #1154 ), #3151, .F. ) ;
#3102 = ORIENTED_EDGE ( 'NONE', *, *, #4527, .T. ) ;
#3103 = ORIENTED_EDGE ( 'NONE', *, *, #455, .F. ) ;
#3104 = DIRECTION ( 'NONE',  ( -1.000000000000000000, -0.000000000000000000, -0.000000000000000000 ) ) ;
#3105 = DIRECTION ( 'NONE',  ( 0.000000000000000000, 0.000000000000000000, -1.000000000000000000 ) ) ;
#3106 = DIRECTION ( 'NONE',  ( 0.000000000000000000, 0.000000000000000000, -1.000000000000000000 ) ) ;
#3107 = EDGE_LOOP ( 'NONE', ( #4043, #6182, #2381, #4658 ) ) ;
#3108 = CARTESIAN_POINT ( 'NONE',  ( -83.25000000000000000, 42.96499999999999631, -37.14463557372691582 ) ) ;
#3109 = ORIENTED_EDGE ( 'NONE', *, *, #1308, .T. ) ;
#3110 = ORIENTED_EDGE ( 'NONE', *, *, #1267, .F. ) ;
#3111 = DIRECTION ( 'NONE',  ( 0.000000000000000000, 0.000000000000000000, 1.000000000000000000 ) ) ;
#3112 = CARTESIAN_POINT ( 'NONE',  ( -115.2699999999999818, 36.51499999999999346, -46.78104480999999026 ) ) ;
#3113 = DIRECTION ( 'NONE',  ( 0.000000000000000000, 0.8660254037844384856, 0.5000000000000003331 ) ) ;
#3114 = ORIENTED_EDGE ( 'NONE', *, *, #2766, .T. ) ;
#3115 = VECTOR ( 'NONE', #1257, 1000.000000000000000 ) ;
#3116 = DIRECTION ( 'NONE',  ( 0.000000000000000000, 3.623650399333142992E-18, -1.000000000000000000 ) ) ;
#3117 = EDGE_CURVE ( 'NONE', #3501, #4310, #1942, .T. ) ;
#3118 = PLANE ( 'NONE',  #4 ) ;
#3119 = CARTESIAN_POINT ( 'NONE',  ( -133.9693348530389017, -9.645798045997803908E-17, 19.56062843536383511 ) ) ;
#3120 = VECTOR ( 'NONE', #5987, 1000.000000000000000 ) ;
#3121 = VERTEX_POINT ( 'NONE', #2694 ) ;
#3122 = LINE ( 'NONE', #2147, #3873 ) ;
#3123 = CARTESIAN_POINT ( 'NONE',  ( -159.9899999999999807, 22.07999999999999829, 28.25145519000004768 ) ) ;
#3124 = EDGE_CURVE ( 'NONE', #6083, #1686, #5451, .T. ) ;
#3125 = DIRECTION ( 'NONE',  ( -1.000000000000000000, -0.000000000000000000, -0.000000000000000000 ) ) ;
#3126 = FACE_OUTER_BOUND ( 'NONE', #4167, .T. ) ;
#3127 = LINE ( 'NONE', #5655, #5137 ) ;
#3128 = VERTEX_POINT ( 'NONE', #2729 ) ;
#3129 = VECTOR ( 'NONE', #1726, 1000.000000000000000 ) ;
#3130 = ORIENTED_EDGE ( 'NONE', *, *, #617, .F. ) ;
#3131 = ORIENTED_EDGE ( 'NONE', *, *, #4624, .F. ) ;
#3132 = LINE ( 'NONE', #4723, #3984 ) ;
#3133 = CARTESIAN_POINT ( 'NONE',  ( -159.9899999999999807, 22.07999999999999829, 22.36145518999998671 ) ) ;
#3134 = CARTESIAN_POINT ( 'NONE',  ( -98.18305283096499636, 36.32122162926469855, 39.85464591499199827 ) ) ;
#3135 = ADVANCED_FACE ( 'NONE', ( #212 ), #1719, .T. ) ;
#3136 = EDGE_CURVE ( 'NONE', #2473, #565, #669, .T. ) ;
#3137 = ADVANCED_FACE ( 'NONE', ( #734 ), #3118, .T. ) ;
#3138 = ORIENTED_EDGE ( 'NONE', *, *, #589, .T. ) ;
#3139 = CIRCLE ( 'NONE', #4999, 8.000000000000000000 ) ;
#3140 = DIRECTION ( 'NONE',  ( 0.000000000000000000, 0.000000000000000000, -1.000000000000000000 ) ) ;
#3141 = ORIENTED_EDGE ( 'NONE', *, *, #5577, .T. ) ;
#3142 = CARTESIAN_POINT ( 'NONE',  ( -129.2399999999999807, 19.83721193742468714, 45.51016294905394943 ) ) ;
#3143 = VERTEX_POINT ( 'NONE', #807 ) ;
#3144 = DIRECTION ( 'NONE',  ( 0.000000000000000000, 0.000000000000000000, -1.000000000000000000 ) ) ;
#3145 = DIRECTION ( 'NONE',  ( 0.000000000000000000, -0.7041747916160973064, -0.7100266634799188292 ) ) ;
#3146 = EDGE_CURVE ( 'NONE', #4857, #3724, #4837, .T. ) ;
#3147 = CARTESIAN_POINT ( 'NONE',  ( -70.25000000000000000, 14.28999999999999382, -33.42072633745384991 ) ) ;
#3148 = ORIENTED_EDGE ( 'NONE', *, *, #2029, .F. ) ;
#3149 = VECTOR ( 'NONE', #2984, 1000.000000000000000 ) ;
#3150 = FACE_OUTER_BOUND ( 'NONE', #486, .T. ) ;
#3151 = CYLINDRICAL_SURFACE ( 'NONE', #2651, 4.912500000000000533 ) ;
#3152 = CARTESIAN_POINT ( 'NONE',  ( -129.2399999999999807, 0.000000000000000000, 17.01667390909733513 ) ) ;
#3153 = VECTOR ( 'NONE', #3104, 1000.000000000000000 ) ;
#3154 = ORIENTED_EDGE ( 'NONE', *, *, #6229, .F. ) ;
#3155 = DIRECTION ( 'NONE',  ( 0.000000000000000000, -1.000000000000000000, 0.000000000000000000 ) ) ;
#3156 = CARTESIAN_POINT ( 'NONE',  ( -115.0199999999999818, 3.050924614366280263, -32.53705880395594363 ) ) ;
#3157 = LINE ( 'NONE', #5195, #4062 ) ;
#3158 = AXIS2_PLACEMENT_3D ( 'NONE', #2141, #6124, #1681 ) ;
#3159 = DIRECTION ( 'NONE',  ( -0.000000000000000000, -1.000000000000000000, -0.000000000000000000 ) ) ;
#3160 = CYLINDRICAL_SURFACE ( 'NONE', #362, 6.526372016504591755 ) ;
#3161 = ORIENTED_EDGE ( 'NONE', *, *, #6290, .F. ) ;
#3162 = EDGE_CURVE ( 'NONE', #563, #2349, #1783, .T. ) ;
#3163 = VECTOR ( 'NONE', #56, 1000.000000000000000 ) ;
#3164 = ORIENTED_EDGE ( 'NONE', *, *, #455, .T. ) ;
#3165 = ORIENTED_EDGE ( 'NONE', *, *, #1100, .F. ) ;
#3166 = LINE ( 'NONE', #2709, #6259 ) ;
#3167 = FACE_OUTER_BOUND ( 'NONE', #4642, .T. ) ;
#3168 = LINE ( 'NONE', #3200, #5095 ) ;
#3169 = AXIS2_PLACEMENT_3D ( 'NONE', #304, #2275, #1811 ) ;
#3170 = ORIENTED_EDGE ( 'NONE', *, *, #3305, .F. ) ;
#3171 = DIRECTION ( 'NONE',  ( 0.000000000000000000, 0.000000000000000000, 1.000000000000000000 ) ) ;
#3172 = VECTOR ( 'NONE', #4328, 1000.000000000000000 ) ;
#3173 = ORIENTED_EDGE ( 'NONE', *, *, #875, .F. ) ;
#3174 = CARTESIAN_POINT ( 'NONE',  ( -92.12764461915041636, 34.21811950339824193, 40.26452068413706797 ) ) ;
#3175 = CARTESIAN_POINT ( 'NONE',  ( -84.25000000000000000, 22.07999999999999829, 17.47145518999998970 ) ) ;
#3176 = ORIENTED_EDGE ( 'NONE', *, *, #1465, .F. ) ;
#3177 = DIRECTION ( 'NONE',  ( 0.000000000000000000, 0.2588190451025246808, -0.9659258262890672020 ) ) ;
#3178 = LINE ( 'NONE', #1118, #4926 ) ;
#3179 = EDGE_CURVE ( 'NONE', #3890, #947, #5288, .T. ) ;
#3180 = CARTESIAN_POINT ( 'NONE',  ( -83.25000000000000000, 11.00000000000000533, -6.376363282546184230 ) ) ;
#3181 = EDGE_CURVE ( 'NONE', #4595, #3684, #6294, .T. ) ;
#3182 = ADVANCED_FACE ( 'NONE', ( #3287 ), #3249, .T. ) ;
#3183 = ORIENTED_EDGE ( 'NONE', *, *, #1098, .F. ) ;
#3184 = ORIENTED_EDGE ( 'NONE', *, *, #65, .T. ) ;
#3185 = FACE_OUTER_BOUND ( 'NONE', #1008, .T. ) ;
#3186 = DIRECTION ( 'NONE',  ( 0.000000000000000000, 1.000000000000000000, 0.000000000000000000 ) ) ;
#3187 = CARTESIAN_POINT ( 'NONE',  ( -83.25000000000000000, 30.06499999999998707, -37.14463557372690872 ) ) ;
#3188 = EDGE_LOOP ( 'NONE', ( #5405, #753, #591, #1088, #5965, #4586, #245, #3361, #1973, #942, #2726, #2548, #2566, #5944, #2121, #1723, #6250 ) ) ;
#3189 = CARTESIAN_POINT ( 'NONE',  ( -167.9900000000000091, 14.28999999999999737, -40.86854481000000305 ) ) ;
#3190 = CARTESIAN_POINT ( 'NONE',  ( -83.24999999999998579, 36.51499999999999346, -35.95604481000000163 ) ) ;
#3191 = LINE ( 'NONE', #4578, #1467 ) ;
#3192 = CYLINDRICAL_SURFACE ( 'NONE', #4208, 16.05330429459235830 ) ;
#3193 = DIRECTION ( 'NONE',  ( -1.000000000000000000, 0.000000000000000000, 0.000000000000000000 ) ) ;
#3194 = ORIENTED_EDGE ( 'NONE', *, *, #1873, .F. ) ;
#3195 = B_SPLINE_CURVE_WITH_KNOTS ( 'NONE', 3,
 ( #1750, #3315, #247, #806, #2831, #1846 ),
 .UNSPECIFIED., .F., .F.,
 ( 4, 2, 4 ),
 ( 0.000000000000000000, 0.5000000000000000000, 1.000000000000000000 ),
 .UNSPECIFIED. ) ;
#3196 = ORIENTED_EDGE ( 'NONE', *, *, #1912, .F. ) ;
#3197 = ORIENTED_EDGE ( 'NONE', *, *, #4080, .T. ) ;
#3198 = DIRECTION ( 'NONE',  ( -1.000000000000000000, -0.000000000000000000, -0.000000000000000000 ) ) ;
#3199 = LINE ( 'NONE', #648, #3333 ) ;
#3200 = CARTESIAN_POINT ( 'NONE',  ( -64.91366932516041288, 51.76602520085979364, -45.88001256880247780 ) ) ;
#3201 = ADVANCED_FACE ( 'NONE', ( #4224 ), #932, .F. ) ;
#3202 = ORIENTED_EDGE ( 'NONE', *, *, #2784, .F. ) ;
#3203 = CARTESIAN_POINT ( 'NONE',  ( -129.2399999999999807, 23.98696133190903268, 21.32107122362669571 ) ) ;
#3204 = EDGE_LOOP ( 'NONE', ( #6195, #3237, #5141, #4829 ) ) ;
#3205 = CARTESIAN_POINT ( 'NONE',  ( -148.2900000000000205, 40.64250000000248519, -61.46854480999999737 ) ) ;
#3206 = ORIENTED_EDGE ( 'NONE', *, *, #3498, .T. ) ;
#3207 = CARTESIAN_POINT ( 'NONE',  ( -83.25000000000000000, 36.51499999999998636, -33.42072633745382859 ) ) ;
#3208 = PLANE ( 'NONE',  #3997 ) ;
#3209 = DIRECTION ( 'NONE',  ( -0.000000000000000000, -0.000000000000000000, -1.000000000000000000 ) ) ;
#3210 = EDGE_LOOP ( 'NONE', ( #4324, #4764 ) ) ;
#3211 = EDGE_LOOP ( 'NONE', ( #4900, #3750, #363, #2813 ) ) ;
#3212 = DIRECTION ( 'NONE',  ( 1.000000000000000000, -0.000000000000000000, -0.000000000000000000 ) ) ;
#3213 = CARTESIAN_POINT ( 'NONE',  ( -167.9900000000000091, 18.22984139532879766, -54.16854481000000021 ) ) ;
#3214 = CARTESIAN_POINT ( 'NONE',  ( -114.0000000000000000, 20.94902219681364741, 34.02759368067057011 ) ) ;
#3215 = EDGE_CURVE ( 'NONE', #1845, #5844, #2378, .T. ) ;
#3216 = EDGE_CURVE ( 'NONE', #2310, #5041, #5290, .T. ) ;
#3217 = EDGE_CURVE ( 'NONE', #2473, #6127, #839, .T. ) ;
#3218 = ORIENTED_EDGE ( 'NONE', *, *, #1066, .F. ) ;
#3219 = CARTESIAN_POINT ( 'NONE',  ( -128.9699999999999989, 36.51499999999999346, -40.86854481000000305 ) ) ;
#3220 = DIRECTION ( 'NONE',  ( 0.000000000000000000, 0.000000000000000000, 1.000000000000000000 ) ) ;
#3221 = CARTESIAN_POINT ( 'NONE',  ( -29.30303181239982280, 52.56765894952388152, -40.72460237342138356 ) ) ;
#3222 = CARTESIAN_POINT ( 'NONE',  ( -99.84350653494958294, 32.86199255250453177, 44.76389669371157964 ) ) ;
#3223 = CARTESIAN_POINT ( 'NONE',  ( -113.0000000000000000, 22.07999999999999829, 17.47145518999998970 ) ) ;
#3224 = EDGE_CURVE ( 'NONE', #5521, #1201, #4254, .T. ) ;
#3225 = EDGE_LOOP ( 'NONE', ( #6063, #1375, #6156, #4839 ) ) ;
#3226 = ORIENTED_EDGE ( 'NONE', *, *, #307, .T. ) ;
#3227 = ORIENTED_EDGE ( 'NONE', *, *, #1447, .F. ) ;
#3228 = AXIS2_PLACEMENT_3D ( 'NONE', #1861, #5764, #5823 ) ;
#3229 = DIRECTION ( 'NONE',  ( 0.000000000000000000, 0.000000000000000000, -1.000000000000000000 ) ) ;
#3230 = PLANE ( 'NONE',  #3022 ) ;
#3231 = DIRECTION ( 'NONE',  ( 1.000000000000000000, -0.000000000000000000, -0.000000000000000000 ) ) ;
#3232 = ORIENTED_EDGE ( 'NONE', *, *, #3257, .T. ) ;
#3233 = DIRECTION ( 'NONE',  ( -1.000000000000000000, 0.000000000000000000, -0.000000000000000000 ) ) ;
#3234 = ORIENTED_EDGE ( 'NONE', *, *, #1974, .F. ) ;
#3235 = CARTESIAN_POINT ( 'NONE',  ( -99.04663244449228898, 32.96973858619520570, 44.06747606764520953 ) ) ;
#3236 = DIRECTION ( 'NONE',  ( 1.000000000000000000, -0.000000000000000000, 0.000000000000000000 ) ) ;
#3237 = ORIENTED_EDGE ( 'NONE', *, *, #3528, .T. ) ;
#3238 = AXIS2_PLACEMENT_3D ( 'NONE', #85, #6059, #3082 ) ;
#3239 = FACE_OUTER_BOUND ( 'NONE', #6254, .T. ) ;
#3240 = CARTESIAN_POINT ( 'NONE',  ( -167.9900000000000091, 35.61685439446856094, 34.99744111674249325 ) ) ;
#3241 = DIRECTION ( 'NONE',  ( 1.000000000000000000, -0.000000000000000000, -0.000000000000000000 ) ) ;
#3242 = AXIS2_PLACEMENT_3D ( 'NONE', #4916, #3887, #4396 ) ;
#3243 = CIRCLE ( 'NONE', #2098, 8.000000000000000000 ) ;
#3244 = EDGE_CURVE ( 'NONE', #5256, #2496, #346, .T. ) ;
#3245 = EDGE_CURVE ( 'NONE', #4111, #299, #5258, .T. ) ;
#3246 = ORIENTED_EDGE ( 'NONE', *, *, #953, .F. ) ;
#3247 = EDGE_LOOP ( 'NONE', ( #1856, #5298, #6287, #2461 ) ) ;
#3248 = DIRECTION ( 'NONE',  ( -0.000000000000000000, -0.000000000000000000, 1.000000000000000000 ) ) ;
#3249 = CYLINDRICAL_SURFACE ( 'NONE', #5805, 1.000000000000014655 ) ;
#3250 = VECTOR ( 'NONE', #3999, 1000.000000000000114 ) ;
#3251 = CARTESIAN_POINT ( 'NONE',  ( -159.9899999999999807, 36.51499999999999346, -40.86854481000000305 ) ) ;
#3252 = B_SPLINE_CURVE_WITH_KNOTS ( 'NONE', 1,
 ( #4262, #3260 ),
 .UNSPECIFIED., .F., .F.,
 ( 2, 2 ),
 ( 0.000000000000000000, 1.000000000000000000 ),
 .UNSPECIFIED. ) ;
#3253 = VECTOR ( 'NONE', #5623, 1000.000000000000000 ) ;
#3254 = ORIENTED_EDGE ( 'NONE', *, *, #5693, .F. ) ;
#3255 = EDGE_CURVE ( 'NONE', #488, #1598, #4772, .T. ) ;
#3256 = CARTESIAN_POINT ( 'NONE',  ( -101.3944691809015524, 35.65018665486662996, 42.35898253310126194 ) ) ;
#3257 = EDGE_CURVE ( 'NONE', #5041, #8, #3836, .T. ) ;
#3258 = DIRECTION ( 'NONE',  ( 0.000000000000000000, 0.000000000000000000, 1.000000000000000000 ) ) ;
#3259 = CARTESIAN_POINT ( 'NONE',  ( -83.25000000000000000, 20.63717404553610635, 46.31794919243127140 ) ) ;
#3260 = CARTESIAN_POINT ( 'NONE',  ( -99.04663244449228898, 32.96973858619520570, 44.06747606764520953 ) ) ;
#3261 = CARTESIAN_POINT ( 'NONE',  ( -164.9900000000000091, 32.57515860467621138, -61.46854480999999737 ) ) ;
#3262 = CIRCLE ( 'NONE', #5432, 9.763640355059006737 ) ;
#3263 = ORIENTED_EDGE ( 'NONE', *, *, #6201, .T. ) ;
#3264 = EDGE_CURVE ( 'NONE', #712, #6, #2312, .T. ) ;
#3265 = EDGE_CURVE ( 'NONE', #2139, #5757, #2696, .T. ) ;
#3266 = DIRECTION ( 'NONE',  ( 0.000000000000000000, 1.000000000000000000, 0.000000000000000000 ) ) ;
#3267 = ADVANCED_FACE ( 'NONE', ( #1818 ), #4560, .F. ) ;
#3268 = CIRCLE ( 'NONE', #5956, 6.526372016504577545 ) ;
#3269 = VERTEX_POINT ( 'NONE', #4730 ) ;
#3270 = FACE_OUTER_BOUND ( 'NONE', #869, .T. ) ;
#3271 = DIRECTION ( 'NONE',  ( 1.000000000000000000, -0.000000000000000000, 0.000000000000000000 ) ) ;
#3272 = DIRECTION ( 'NONE',  ( 0.000000000000000000, 0.000000000000000000, -1.000000000000000000 ) ) ;
#3273 = VECTOR ( 'NONE', #6389, 1000.000000000000000 ) ;
#3274 = VERTEX_POINT ( 'NONE', #170 ) ;
#3275 = CARTESIAN_POINT ( 'NONE',  ( -101.3944691809015382, 35.65018665486662996, 42.35898253310124062 ) ) ;
#3276 = VERTEX_POINT ( 'NONE', #688 ) ;
#3277 = CARTESIAN_POINT ( 'NONE',  ( -95.09178909970417237, 33.87280722902266206, 41.31634867573034597 ) ) ;
#3278 = CARTESIAN_POINT ( 'NONE',  ( -141.9329556207563598, 35.67456220303814973, 42.26801174886279000 ) ) ;
#3279 = EDGE_LOOP ( 'NONE', ( #4552, #4561, #2609, #1107 ) ) ;
#3280 = AXIS2_PLACEMENT_3D ( 'NONE', #5413, #532, #5932 ) ;
#3281 = FACE_BOUND ( 'NONE', #1678, .T. ) ;
#3282 = DIRECTION ( 'NONE',  ( -1.000000000000000000, 0.000000000000000000, 0.000000000000000000 ) ) ;
#3283 = AXIS2_PLACEMENT_3D ( 'NONE', #4812, #1401, #287 ) ;
#3284 = VERTEX_POINT ( 'NONE', #653 ) ;
#3285 = ORIENTED_EDGE ( 'NONE', *, *, #1092, .F. ) ;
#3286 = CARTESIAN_POINT ( 'NONE',  ( -144.2137732618412826, 36.21404523854969426, 40.25463365051218290 ) ) ;
#3287 = FACE_OUTER_BOUND ( 'NONE', #252, .T. ) ;
#3288 = CARTESIAN_POINT ( 'NONE',  ( -128.9699999999999989, 14.28999999999999737, -40.86854481000000305 ) ) ;
#3289 = ADVANCED_FACE ( 'NONE', ( #5173 ), #1606, .F. ) ;
#3290 = EDGE_LOOP ( 'NONE', ( #3161, #2317, #2283, #2614 ) ) ;
#3291 = CARTESIAN_POINT ( 'NONE',  ( -149.6771849604237161, 36.91154622258130757, 37.65152453977703573 ) ) ;
#3292 = CARTESIAN_POINT ( 'NONE',  ( -70.25000000000000000, 11.00000000000000533, -6.376363282546184230 ) ) ;
#3293 = LINE ( 'NONE', #5265, #6129 ) ;
#3294 = CARTESIAN_POINT ( 'NONE',  ( -114.8113720165046203, 10.16250000000252918, -61.46854480999999737 ) ) ;
#3295 = CARTESIAN_POINT ( 'NONE',  ( -70.25000000000000000, -5.204170427930421283E-15, -9.848709643920777523 ) ) ;
#3296 = B_SPLINE_CURVE_WITH_KNOTS ( 'NONE', 3,
 ( #812, #2318, #2382, #4294, #253, #3256 ),
 .UNSPECIFIED., .F., .F.,
 ( 4, 2, 4 ),
 ( 0.000000000000000000, 0.5000000000000000000, 1.000000000000000000 ),
 .UNSPECIFIED. ) ;
#3297 = VERTEX_POINT ( 'NONE', #2236 ) ;
#3298 = VERTEX_POINT ( 'NONE', #4241 ) ;
#3299 = EDGE_LOOP ( 'NONE', ( #110, #2260, #804, #536 ) ) ;
#3300 = CARTESIAN_POINT ( 'NONE',  ( -158.9899999999999523, 36.51499999999999346, -45.78104481000000447 ) ) ;
#3301 = CARTESIAN_POINT ( 'NONE',  ( -159.6984746221445448, 15.34482815078060547, -61.46854480999999737 ) ) ;
#3302 = VECTOR ( 'NONE', #661, 1000.000000000000227 ) ;
#3303 = CARTESIAN_POINT ( 'NONE',  ( -100.9000000000000625, 3.300000000000000266, -61.46854480999999737 ) ) ;
#3304 = ADVANCED_FACE ( 'NONE', ( #760 ), #1738, .F. ) ;
#3305 = EDGE_CURVE ( 'NONE', #3325, #364, #1766, .T. ) ;
#3306 = CARTESIAN_POINT ( 'NONE',  ( -135.8148612484233126, 52.54110343822539164, -38.90291912545238517 ) ) ;
#3307 = ORIENTED_EDGE ( 'NONE', *, *, #6002, .F. ) ;
#3308 = CARTESIAN_POINT ( 'NONE',  ( -155.6750000000000682, 32.64015417236026195, -61.46854480999999737 ) ) ;
#3309 = CARTESIAN_POINT ( 'NONE',  ( -70.25000000000000000, 28.53000000000000469, 26.08536442627307750 ) ) ;
#3310 = VERTEX_POINT ( 'NONE', #4140 ) ;
#3311 = LINE ( 'NONE', #3697, #2206 ) ;
#3312 = FACE_OUTER_BOUND ( 'NONE', #609, .T. ) ;
#3313 = EDGE_LOOP ( 'NONE', ( #1097, #6416, #887, #430 ) ) ;
#3314 = VERTEX_POINT ( 'NONE', #6113 ) ;
#3315 = CARTESIAN_POINT ( 'NONE',  ( -100.2208037289244942, 35.95445989423432565, 41.22341934439746325 ) ) ;
#3316 = DIRECTION ( 'NONE',  ( 0.000000000000000000, -1.000000000000000000, 0.000000000000000000 ) ) ;
#3317 = CARTESIAN_POINT ( 'NONE',  ( -158.9899999999998954, 22.07999999999999829, 22.36145518999998671 ) ) ;
#3318 = ORIENTED_EDGE ( 'NONE', *, *, #2639, .T. ) ;
#3319 = EDGE_CURVE ( 'NONE', #5378, #3715, #4626, .T. ) ;
#3320 = CARTESIAN_POINT ( 'NONE',  ( -150.6418346865630724, 0.000000000000000000, 40.16915381341304681 ) ) ;
#3321 = LINE ( 'NONE', #2254, #351 ) ;
#3322 = CARTESIAN_POINT ( 'NONE',  ( -161.5131842133284295, 3.299999999999999822, -30.39104481000288160 ) ) ;
#3323 = CARTESIAN_POINT ( 'NONE',  ( -111.1056190491851510, 47.56698729810777593, -56.29288698371695432 ) ) ;
#3324 = CARTESIAN_POINT ( 'NONE',  ( -167.9900000000000091, 22.07999999999999829, 30.36145518999998316 ) ) ;
#3325 = VERTEX_POINT ( 'NONE', #5140 ) ;
#3326 = ADVANCED_FACE ( 'NONE', ( #3723 ), #2295, .F. ) ;
#3327 = ORIENTED_EDGE ( 'NONE', *, *, #1657, .T. ) ;
#3328 = ORIENTED_EDGE ( 'NONE', *, *, #5720, .F. ) ;
#3329 = CARTESIAN_POINT ( 'NONE',  ( -83.25000000000000000, 22.07999999999999829, 22.36145518999998671 ) ) ;
#3330 = DIRECTION ( 'NONE',  ( 1.000000000000000000, 0.000000000000000000, 0.000000000000000000 ) ) ;
#3331 = CIRCLE ( 'NONE', #4257, 5.199221067670991125 ) ;
#3332 = DIRECTION ( 'NONE',  ( -0.000000000000000000, -0.000000000000000000, -1.000000000000000000 ) ) ;
#3333 = VECTOR ( 'NONE', #1238, 1000.000000000000114 ) ;
#3334 = CARTESIAN_POINT ( 'NONE',  ( -141.2794617293023407, 52.32804818392023805, -43.64599259914872675 ) ) ;
#3335 = ORIENTED_EDGE ( 'NONE', *, *, #1276, .F. ) ;
#3336 = CARTESIAN_POINT ( 'NONE',  ( -138.6262915010152312, 0.000000000000000000, 38.31794919243127140 ) ) ;
#3337 = EDGE_CURVE ( 'NONE', #6, #2468, #269, .T. ) ;
#3338 = DIRECTION ( 'NONE',  ( 0.000000000000000000, 0.000000000000000000, -1.000000000000000000 ) ) ;
#3339 = ORIENTED_EDGE ( 'NONE', *, *, #3842, .T. ) ;
#3340 = EDGE_CURVE ( 'NONE', #2530, #1986, #3740, .T. ) ;
#3341 = CARTESIAN_POINT ( 'NONE',  ( -167.9900000000000091, 3.299999999999999822, -43.74306552843802365 ) ) ;
#3342 = DIRECTION ( 'NONE',  ( 0.000000000000000000, -0.000000000000000000, 1.000000000000000000 ) ) ;
#3343 = AXIS2_PLACEMENT_3D ( 'NONE', #4831, #402, #4343 ) ;
#3344 = EDGE_LOOP ( 'NONE', ( #3110, #4422, #4252, #5366 ) ) ;
#3345 = EDGE_LOOP ( 'NONE', ( #5286, #1024 ) ) ;
#3346 = DIRECTION ( 'NONE',  ( 1.000000000000000000, 0.000000000000000000, 0.000000000000000000 ) ) ;
#3347 = DIRECTION ( 'NONE',  ( 0.000000000000000000, 0.000000000000000000, 1.000000000000000000 ) ) ;
#3348 = CARTESIAN_POINT ( 'NONE',  ( -101.3411600603627392, 47.14166649810607623, -57.21154754740360460 ) ) ;
#3349 = VERTEX_POINT ( 'NONE', #4657 ) ;
#3350 = EDGE_CURVE ( 'NONE', #6258, #565, #2132, .T. ) ;
#3351 = AXIS2_PLACEMENT_3D ( 'NONE', #5244, #4239, #1240 ) ;
#3352 = CARTESIAN_POINT ( 'NONE',  ( -83.24999999999998579, 36.51499999999999346, -40.86854481000000305 ) ) ;
#3353 = AXIS2_PLACEMENT_3D ( 'NONE', #4455, #3486, #5946 ) ;
#3354 = DIRECTION ( 'NONE',  ( -1.000000000000000000, 0.000000000000000000, 0.000000000000000000 ) ) ;
#3355 = CARTESIAN_POINT ( 'NONE',  ( -29.30303181239982280, -109.8107764201335783, -42.18063203856440424 ) ) ;
#3356 = CARTESIAN_POINT ( 'NONE',  ( -83.25000000000000000, 20.73999999999998067, -44.59245404627310450 ) ) ;
#3357 = CARTESIAN_POINT ( 'NONE',  ( -167.9900000000000091, 36.51499999999999346, -48.86854481000000305 ) ) ;
#3358 = CIRCLE ( 'NONE', #2526, 14.83999999999999275 ) ;
#3359 = ORIENTED_EDGE ( 'NONE', *, *, #2315, .F. ) ;
#3360 = B_SPLINE_CURVE_WITH_KNOTS ( 'NONE', 3,
 ( #2392, #1341, #2814, #5369 ),
 .UNSPECIFIED., .F., .F.,
 ( 4, 4 ),
 ( 0.000000000000000000, 0.0002500733715826582680 ),
 .UNSPECIFIED. ) ;
#3361 = ORIENTED_EDGE ( 'NONE', *, *, #4108, .T. ) ;
#3362 = ORIENTED_EDGE ( 'NONE', *, *, #2957, .F. ) ;
#3363 = CARTESIAN_POINT ( 'NONE',  ( -84.25000000000000000, 36.51499999999999346, -40.86854481000000305 ) ) ;
#3364 = FACE_BOUND ( 'NONE', #1323, .T. ) ;
#3365 = AXIS2_PLACEMENT_3D ( 'NONE', #1316, #1347, #4276 ) ;
#3366 = DIRECTION ( 'NONE',  ( 0.000000000000000000, 0.000000000000000000, -1.000000000000000000 ) ) ;
#3367 = DIRECTION ( 'NONE',  ( 0.000000000000000000, 0.000000000000000000, -1.000000000000000000 ) ) ;
#3368 = EDGE_CURVE ( 'NONE', #1763, #3957, #721, .T. ) ;
#3369 = AXIS2_PLACEMENT_3D ( 'NONE', #123, #742, #3708 ) ;
#3370 = CARTESIAN_POINT ( 'NONE',  ( -138.7720214127962493, 52.53249921565314651, -42.07741213232240796 ) ) ;
#3371 = VERTEX_POINT ( 'NONE', #2197 ) ;
#3372 = DIRECTION ( 'NONE',  ( 0.000000000000000000, 0.5000000000000006661, -0.8660254037844383745 ) ) ;
#3373 = DIRECTION ( 'NONE',  ( 1.000000000000000000, -0.000000000000000000, -0.000000000000000000 ) ) ;
#3374 = CARTESIAN_POINT ( 'NONE',  ( -129.2399999999999807, 20.87617447417045824, 33.03025060564286974 ) ) ;
#3375 = CIRCLE ( 'NONE', #3061, 3.000000000000002665 ) ;
#3376 = VERTEX_POINT ( 'NONE', #4695 ) ;
#3377 = ORIENTED_EDGE ( 'NONE', *, *, #505, .F. ) ;
#3378 = CARTESIAN_POINT ( 'NONE',  ( -181.2271884819317904, 6.352500000002560654, -32.93104481000285233 ) ) ;
#3379 = FACE_OUTER_BOUND ( 'NONE', #4963, .T. ) ;
#3380 = CONICAL_SURFACE ( 'NONE', #5758, 5.912499999999987210, 0.7853981633974415066 ) ;
#3381 = EDGE_CURVE ( 'NONE', #5521, #420, #4413, .T. ) ;
#3382 = EDGE_CURVE ( 'NONE', #2114, #2418, #5393, .T. ) ;
#3383 = ORIENTED_EDGE ( 'NONE', *, *, #5895, .F. ) ;
#3384 = DIRECTION ( 'NONE',  ( 0.000000000000000000, 0.000000000000000000, 1.000000000000000000 ) ) ;
#3385 = CARTESIAN_POINT ( 'NONE',  ( -140.1160281458534484, 35.36496149039303560, 43.42345733851381340 ) ) ;
#3386 = DIRECTION ( 'NONE',  ( 0.000000000000000000, -1.000000000000000000, 0.000000000000000000 ) ) ;
#3387 = LINE ( 'NONE', #882, #4314 ) ;
#3388 = CARTESIAN_POINT ( 'NONE',  ( -101.7578737237592463, 4.951587303546227226, -56.23104481000000021 ) ) ;
#3389 = ADVANCED_FACE ( 'NONE', ( #2615 ), #1176, .T. ) ;
#3390 = VERTEX_POINT ( 'NONE', #3627 ) ;
#3391 = ORIENTED_EDGE ( 'NONE', *, *, #4957, .T. ) ;
#3392 = VERTEX_POINT ( 'NONE', #5600 ) ;
#3393 = ORIENTED_EDGE ( 'NONE', *, *, #5057, .T. ) ;
#3394 = DIRECTION ( 'NONE',  ( 0.000000000000000000, 0.000000000000000000, -1.000000000000000000 ) ) ;
#3395 = DIRECTION ( 'NONE',  ( 0.000000000000000000, 1.000000000000000000, 0.000000000000000000 ) ) ;
#3396 = DIRECTION ( 'NONE',  ( 0.000000000000000000, -3.623650399333143762E-18, 1.000000000000000000 ) ) ;
#3397 = LINE ( 'NONE', #332, #196 ) ;
#3398 = EDGE_LOOP ( 'NONE', ( #6019, #2642, #5809, #3733 ) ) ;
#3399 = DIRECTION ( 'NONE',  ( 0.000000000000000000, 2.329169920522730154E-16, 1.000000000000000000 ) ) ;
#3400 = EDGE_CURVE ( 'NONE', #4320, #1018, #4665, .T. ) ;
#3401 = DIRECTION ( 'NONE',  ( 0.000000000000000000, 1.000000000000000000, 0.000000000000000000 ) ) ;
#3402 = CARTESIAN_POINT ( 'NONE',  ( -147.9245763361036552, 11.00000000000000000, -9.928544809996907361 ) ) ;
#3403 = AXIS2_PLACEMENT_3D ( 'NONE', #5680, #1224, #5190 ) ;
#3404 = VERTEX_POINT ( 'NONE', #1381 ) ;
#3405 = EDGE_CURVE ( 'NONE', #5467, #692, #3397, .T. ) ;
#3406 = VERTEX_POINT ( 'NONE', #1771 ) ;
#3407 = CARTESIAN_POINT ( 'NONE',  ( -70.25000000000000000, 22.08000000000001251, 14.91363671745381936 ) ) ;
#3408 = DIRECTION ( 'NONE',  ( 0.000000000000000000, 0.000000000000000000, -1.000000000000000000 ) ) ;
#3409 = EDGE_LOOP ( 'NONE', ( #3640, #5601, #4722, #4977 ) ) ;
#3410 = DIRECTION ( 'NONE',  ( 1.000000000000000000, 0.000000000000000000, 0.000000000000000000 ) ) ;
#3411 = CARTESIAN_POINT ( 'NONE',  ( -128.2199999999999704, 47.76698729810777166, -32.53104481000286086 ) ) ;
#3412 = DIRECTION ( 'NONE',  ( 0.000000000000000000, 0.8660254037844389297, -0.4999999999999994449 ) ) ;
#3413 = EDGE_CURVE ( 'NONE', #420, #1434, #5342, .T. ) ;
#3414 = ADVANCED_FACE ( 'NONE', ( #1835 ), #2366, .T. ) ;
#3415 = PLANE ( 'NONE',  #1513 ) ;
#3416 = DIRECTION ( 'NONE',  ( -0.000000000000000000, 1.000000000000000000, 4.658339841045452419E-16 ) ) ;
#3417 = VERTEX_POINT ( 'NONE', #5343 ) ;
#3418 = ORIENTED_EDGE ( 'NONE', *, *, #3721, .T. ) ;
#3419 = CARTESIAN_POINT ( 'NONE',  ( -70.25000000000000000, 30.06499999999998707, -37.14463557372690872 ) ) ;
#3420 = ORIENTED_EDGE ( 'NONE', *, *, #5509, .T. ) ;
#3421 = DIRECTION ( 'NONE',  ( -1.000000000000000000, -0.000000000000000000, -0.000000000000000000 ) ) ;
#3422 = LINE ( 'NONE', #460, #5718 ) ;
#3423 = LINE ( 'NONE', #2394, #1058 ) ;
#3424 = CARTESIAN_POINT ( 'NONE',  ( -128.9699999999999989, 14.28999999999999737, -40.86854481000000305 ) ) ;
#3425 = EDGE_LOOP ( 'NONE', ( #2071, #3148, #3362, #260, #5665, #2258 ) ) ;
#3426 = ORIENTED_EDGE ( 'NONE', *, *, #954, .F. ) ;
#3427 = AXIS2_PLACEMENT_3D ( 'NONE', #1210, #3597, #5570 ) ;
#3428 = CARTESIAN_POINT ( 'NONE',  ( -69.22084119362546062, 35.69581944836097875, 34.74966941119451036 ) ) ;
#3429 = CARTESIAN_POINT ( 'NONE',  ( -158.9899999999999523, 36.51499999999999346, -45.78104481000000447 ) ) ;
#3430 = DIRECTION ( 'NONE',  ( 0.000000000000000000, 0.000000000000000000, -1.000000000000000000 ) ) ;
#3431 = AXIS2_PLACEMENT_3D ( 'NONE', #2127, #714, #2710 ) ;
#3432 = EDGE_CURVE ( 'NONE', #611, #5344, #3331, .T. ) ;
#3433 = ORIENTED_EDGE ( 'NONE', *, *, #1298, .T. ) ;
#3434 = ORIENTED_EDGE ( 'NONE', *, *, #5833, .T. ) ;
#3435 = LINE ( 'NONE', #2991, #1604 ) ;
#3436 = PLANE ( 'NONE',  #3505 ) ;
#3437 = ADVANCED_FACE ( 'NONE', ( #6248 ), #4368, .T. ) ;
#3438 = AXIS2_PLACEMENT_3D ( 'NONE', #1502, #5949, #6403 ) ;
#3439 = ORIENTED_EDGE ( 'NONE', *, *, #224, .T. ) ;
#3440 = CARTESIAN_POINT ( 'NONE',  ( -84.25000000000000000, 22.07999999999999829, 27.25145518999998373 ) ) ;
#3441 = DIRECTION ( 'NONE',  ( 0.000000000000000000, 0.000000000000000000, -1.000000000000000000 ) ) ;
#3442 = CARTESIAN_POINT ( 'NONE',  ( -164.0247847025006536, 15.38935562182574479, -54.16854481000000021 ) ) ;
#3443 = CARTESIAN_POINT ( 'NONE',  ( -110.4849960995217515, 52.44468306463144813, -35.69663921997059219 ) ) ;
#3444 = AXIS2_PLACEMENT_3D ( 'NONE', #1810, #4662, #1710 ) ;
#3445 = DIRECTION ( 'NONE',  ( 1.000000000000000000, 0.000000000000000000, 0.000000000000000000 ) ) ;
#3446 = VERTEX_POINT ( 'NONE', #5793 ) ;
#3447 = CIRCLE ( 'NONE', #1153, 4.912500000000000533 ) ;
#3448 = CIRCLE ( 'NONE', #1478, 3.000000000000002665 ) ;
#3449 = ORIENTED_EDGE ( 'NONE', *, *, #5415, .T. ) ;
#3450 = CARTESIAN_POINT ( 'NONE',  ( -128.2199999999999989, 3.051647837302737809, -32.53104481000279691 ) ) ;
#3451 = ORIENTED_EDGE ( 'NONE', *, *, #4207, .F. ) ;
#3452 = LINE ( 'NONE', #2978, #3989 ) ;
#3453 = CARTESIAN_POINT ( 'NONE',  ( -114.0000000000000000, 18.91430187482100678, 11.33148174129684449 ) ) ;
#3454 = CARTESIAN_POINT ( 'NONE',  ( -115.0199999999999960, -36.03001699971844829, -31.97854481000000249 ) ) ;
#3455 = CARTESIAN_POINT ( 'NONE',  ( -115.2700000000000529, 3.051647837302728483, -32.53104481000286796 ) ) ;
#3456 = APPLICATION_PROTOCOL_DEFINITION ( 'draft international standard', 'automotive_design', 1998, #1327 ) ;
#3457 = CIRCLE ( 'NONE', #747, 7.999999999999996447 ) ;
#3458 = ADVANCED_FACE ( 'NONE', ( #923 ), #3889, .F. ) ;
#3459 = EDGE_CURVE ( 'NONE', #4319, #5521, #452, .T. ) ;
#3460 = EDGE_CURVE ( 'NONE', #4408, #1572, #2819, .T. ) ;
#3461 = VERTEX_POINT ( 'NONE', #1282 ) ;
#3462 = AXIS2_PLACEMENT_3D ( 'NONE', #2917, #4341, #5864 ) ;
#3463 = ORIENTED_EDGE ( 'NONE', *, *, #703, .F. ) ;
#3464 = LINE ( 'NONE', #3554, #1909 ) ;
#3465 = CARTESIAN_POINT ( 'NONE',  ( -165.9070468571603385, 52.13530876606332498, -44.57678358451169487 ) ) ;
#3466 = CARTESIAN_POINT ( 'NONE',  ( -161.9250000000000398, 9.210000000002505516, -61.46854480999999737 ) ) ;
#3467 = AXIS2_PLACEMENT_3D ( 'NONE', #4457, #2051, #3943 ) ;
#3468 = B_SPLINE_CURVE_WITH_KNOTS ( 'NONE', 3,
 ( #4962, #3534, #5414, #1519 ),
 .UNSPECIFIED., .F., .F.,
 ( 4, 4 ),
 ( 0.000000000000000000, 1.000000000000000000 ),
 .UNSPECIFIED. ) ;
#3469 = ORIENTED_EDGE ( 'NONE', *, *, #4333, .F. ) ;
#3470 = VECTOR ( 'NONE', #5361, 1000.000000000000000 ) ;
#3471 = ORIENTED_EDGE ( 'NONE', *, *, #5673, .F. ) ;
#3472 = VECTOR ( 'NONE', #6267, 1000.000000000000000 ) ;
#3473 = CARTESIAN_POINT ( 'NONE',  ( -83.25000000000000000, 15.63000000000000789, 26.08536442627307750 ) ) ;
#3474 = FACE_OUTER_BOUND ( 'NONE', #3313, .T. ) ;
#3475 = ORIENTED_EDGE ( 'NONE', *, *, #1266, .T. ) ;
#3476 = LINE ( 'NONE', #28, #333 ) ;
#3477 = CYLINDRICAL_SURFACE ( 'NONE', #4918, 6.526372016504591755 ) ;
#3478 = EDGE_CURVE ( 'NONE', #3724, #1667, #272, .T. ) ;
#3479 = CIRCLE ( 'NONE', #5023, 15.00000000000000000 ) ;
#3480 = LINE ( 'NONE', #2568, #5129 ) ;
#3481 = PLANE ( 'NONE',  #159 ) ;
#3482 = ORIENTED_EDGE ( 'NONE', *, *, #4728, .T. ) ;
#3483 = AXIS2_PLACEMENT_3D ( 'NONE', #5581, #3704, #1583 ) ;
#3484 = VERTEX_POINT ( 'NONE', #4660 ) ;
#3485 = AXIS2_PLACEMENT_3D ( 'NONE', #1269, #2704, #4684 ) ;
#3486 = DIRECTION ( 'NONE',  ( -1.000000000000000000, -0.000000000000000000, -0.000000000000000000 ) ) ;
#3487 = ORIENTED_EDGE ( 'NONE', *, *, #2620, .T. ) ;
#3488 = CARTESIAN_POINT ( 'NONE',  ( -106.1570624262682117, 51.76602520085979364, -45.88001256880247780 ) ) ;
#3489 = DIRECTION ( 'NONE',  ( -1.000000000000000000, 0.000000000000000000, 0.000000000000000000 ) ) ;
#3490 = AXIS2_PLACEMENT_3D ( 'NONE', #4003, #1985, #2015 ) ;
#3491 = CARTESIAN_POINT ( 'NONE',  ( -147.0044413214376107, 52.57418684766347639, 41.25350787099365135 ) ) ;
#3492 = DIRECTION ( 'NONE',  ( 0.000000000000000000, 0.000000000000000000, -1.000000000000000000 ) ) ;
#3493 = ORIENTED_EDGE ( 'NONE', *, *, #4164, .T. ) ;
#3494 = ORIENTED_EDGE ( 'NONE', *, *, #5597, .F. ) ;
#3495 = LINE ( 'NONE', #4953, #3668 ) ;
#3496 = CARTESIAN_POINT ( 'NONE',  ( -141.7494366561816435, 10.16250000000252918, -61.46854480999999737 ) ) ;
#3497 = CARTESIAN_POINT ( 'NONE',  ( -96.01248123281571623, 36.62426579957845263, 38.72366967444352071 ) ) ;
#3498 = EDGE_CURVE ( 'NONE', #5541, #4266, #1548, .T. ) ;
#3499 = EDGE_CURVE ( 'NONE', #4668, #485, #4698, .T. ) ;
#3500 = EDGE_CURVE ( 'NONE', #5110, #5256, #6116, .T. ) ;
#3501 = VERTEX_POINT ( 'NONE', #3278 ) ;
#3502 = ORIENTED_EDGE ( 'NONE', *, *, #3861, .T. ) ;
#3503 = DIRECTION ( 'NONE',  ( 0.000000000000000000, 0.8660254037844388186, -0.4999999999999996114 ) ) ;
#3504 = DIRECTION ( 'NONE',  ( -1.000000000000000000, -0.000000000000000000, -0.000000000000000000 ) ) ;
#3505 = AXIS2_PLACEMENT_3D ( 'NONE', #6027, #1002, #5019 ) ;
#3506 = VERTEX_POINT ( 'NONE', #3309 ) ;
#3507 = CARTESIAN_POINT ( 'NONE',  ( -70.25000000000000000, -2.213114754098358894, -7.031852683641989898 ) ) ;
#3508 = DIRECTION ( 'NONE',  ( 0.000000000000000000, 1.000000000000000000, 0.000000000000000000 ) ) ;
#3509 = CARTESIAN_POINT ( 'NONE',  ( -115.2700000000000529, 52.28722406661574951, -32.53104481000286796 ) ) ;
#3510 = CARTESIAN_POINT ( 'NONE',  ( -109.0606478810135513, 52.55262545905516447, -39.04804679293110325 ) ) ;
#3511 = EDGE_LOOP ( 'NONE', ( #4534, #2830, #5167, #5132 ) ) ;
#3512 = EDGE_CURVE ( 'NONE', #5312, #2853, #6214, .T. ) ;
#3513 = VERTEX_POINT ( 'NONE', #763 ) ;
#3514 = LINE ( 'NONE', #2940, #331 ) ;
#3515 = VERTEX_POINT ( 'NONE', #5251 ) ;
#3516 = FACE_OUTER_BOUND ( 'NONE', #3211, .T. ) ;
#3517 = CARTESIAN_POINT ( 'NONE',  ( -152.8740853889376581, 44.56698729810776882, -61.46854480999999737 ) ) ;
#3518 = CARTESIAN_POINT ( 'NONE',  ( -114.0000000000000000, 22.07999999999999829, 22.36145518999998671 ) ) ;
#3519 = FACE_OUTER_BOUND ( 'NONE', #5884, .T. ) ;
#3520 = ADVANCED_FACE ( 'NONE', ( #2654 ), #2239, .T. ) ;
#3521 = ORIENTED_EDGE ( 'NONE', *, *, #3500, .T. ) ;
#3522 = ORIENTED_EDGE ( 'NONE', *, *, #4942, .T. ) ;
#3523 = DIRECTION ( 'NONE',  ( 1.000000000000000000, 0.000000000000000000, 0.000000000000000000 ) ) ;
#3524 = CARTESIAN_POINT ( 'NONE',  ( -163.7454308037285386, 52.00155224413463628, -45.10422314268573274 ) ) ;
#3525 = DIRECTION ( 'NONE',  ( -1.000000000000000000, -0.000000000000000000, -0.000000000000000000 ) ) ;
#3526 = AXIS2_PLACEMENT_3D ( 'NONE', #1902, #5862, #429 ) ;
#3527 = ORIENTED_EDGE ( 'NONE', *, *, #4602, .F. ) ;
#3528 = EDGE_CURVE ( 'NONE', #5757, #5936, #2271, .T. ) ;
#3529 = EDGE_CURVE ( 'NONE', #5957, #5229, #1774, .T. ) ;
#3530 = ORIENTED_EDGE ( 'NONE', *, *, #3068, .T. ) ;
#3531 = VERTEX_POINT ( 'NONE', #5667 ) ;
#3532 = CARTESIAN_POINT ( 'NONE',  ( -110.4849960995217515, 3.299999999999999822, -35.69663921997060640 ) ) ;
#3533 = CIRCLE ( 'NONE', #3955, 5.912499999999987210 ) ;
#3534 = CARTESIAN_POINT ( 'NONE',  ( -138.6262915010152312, 34.40820650992376528, 44.54571155941656002 ) ) ;
#3535 = EDGE_CURVE ( 'NONE', #903, #5936, #4976, .T. ) ;
#3536 = ORIENTED_EDGE ( 'NONE', *, *, #896, .T. ) ;
#3537 = SURFACE_STYLE_USAGE ( .BOTH. , #1740 ) ;
#3538 = CARTESIAN_POINT ( 'NONE',  ( -70.25000000000000000, 11.00000000000000533, -6.376363282546184230 ) ) ;
#3539 = CARTESIAN_POINT ( 'NONE',  ( -158.6750000000000682, 32.64015417236026195, -61.46854480999999737 ) ) ;
#3540 = DIRECTION ( 'NONE',  ( -0.000000000000000000, -0.02759131126461155520, 0.9996192873002697210 ) ) ;
#3541 = AXIS2_PLACEMENT_3D ( 'NONE', #5125, #676, #1690 ) ;
#3542 = ORIENTED_EDGE ( 'NONE', *, *, #4806, .F. ) ;
#3543 = ORIENTED_EDGE ( 'NONE', *, *, #1141, .T. ) ;
#3544 = DIRECTION ( 'NONE',  ( -0.7071067811865524577, 0.000000000000000000, 0.7071067811865426878 ) ) ;
#3545 = ORIENTED_EDGE ( 'NONE', *, *, #4054, .T. ) ;
#3546 = VECTOR ( 'NONE', #3386, 1000.000000000000000 ) ;
#3547 = LINE ( 'NONE', #5887, #5850 ) ;
#3548 = CARTESIAN_POINT ( 'NONE',  ( -149.4437590319275841, 34.36687158496144434, 38.81419016050369208 ) ) ;
#3549 = DIRECTION ( 'NONE',  ( 1.000000000000000000, -0.000000000000000000, -0.000000000000000000 ) ) ;
#3550 = PLANE ( 'NONE',  #4581 ) ;
#3551 = CIRCLE ( 'NONE', #535, 4.889999999999998792 ) ;
#3552 = ORIENTED_EDGE ( 'NONE', *, *, #1936, .T. ) ;
#3553 = ORIENTED_EDGE ( 'NONE', *, *, #4557, .F. ) ;
#3554 = CARTESIAN_POINT ( 'NONE',  ( -167.9900000000000091, 22.07999999999999829, 14.36145518999998849 ) ) ;
#3555 = DIRECTION ( 'NONE',  ( 0.000000000000000000, 0.000000000000000000, 1.000000000000000000 ) ) ;
#3556 = AXIS2_PLACEMENT_3D ( 'NONE', #4853, #2849, #5824 ) ;
#3557 = VECTOR ( 'NONE', #4227, 1000.000000000000114 ) ;
#3558 = DIRECTION ( 'NONE',  ( -0.000000000000000000, -0.000000000000000000, 1.000000000000000000 ) ) ;
#3559 = EDGE_CURVE ( 'NONE', #1051, #820, #2398, .T. ) ;
#3560 = AXIS2_PLACEMENT_3D ( 'NONE', #3650, #4652, #2126 ) ;
#3561 = ORIENTED_EDGE ( 'NONE', *, *, #6368, .T. ) ;
#3562 = EDGE_LOOP ( 'NONE', ( #2836, #2207, #4017, #3170 ) ) ;
#3563 = VERTEX_POINT ( 'NONE', #656 ) ;
#3564 = CARTESIAN_POINT ( 'NONE',  ( -179.9943429362479037, 1.383243921690575368E-16, -45.23104481000286370 ) ) ;
#3565 = FACE_OUTER_BOUND ( 'NONE', #3225, .T. ) ;
#3566 = AXIS2_PLACEMENT_3D ( 'NONE', #5175, #798, #4212 ) ;
#3567 = DIRECTION ( 'NONE',  ( 0.000000000000000000, 0.000000000000000000, 1.000000000000000000 ) ) ;
#3568 = CIRCLE ( 'NONE', #4398, 4.912500000000000533 ) ;
#3569 = ORIENTED_EDGE ( 'NONE', *, *, #3838, .F. ) ;
#3570 = CARTESIAN_POINT ( 'NONE',  ( -149.4542322251268160, 34.11493634472743253, 40.52301870473012713 ) ) ;
#3571 = CARTESIAN_POINT ( 'NONE',  ( -114.0000000000000000, 11.00000000000000000, 1.071455189999986901 ) ) ;
#3572 = DIRECTION ( 'NONE',  ( -0.000000000000000000, -0.000000000000000000, -1.000000000000000000 ) ) ;
#3573 = ADVANCED_FACE ( 'NONE', ( #6181 ), #4629, .F. ) ;
#3574 = EDGE_CURVE ( 'NONE', #2888, #3349, #5177, .T. ) ;
#3575 = AXIS2_PLACEMENT_3D ( 'NONE', #5971, #1522, #4383 ) ;
#3576 = ORIENTED_EDGE ( 'NONE', *, *, #2518, .T. ) ;
#3577 = CARTESIAN_POINT ( 'NONE',  ( -436.5514533695703108, 19.22993632290816279, 8.369958332485904151 ) ) ;
#3578 = AXIS2_PLACEMENT_3D ( 'NONE', #1544, #2170, #1184 ) ;
#3579 = VERTEX_POINT ( 'NONE', #799 ) ;
#3580 = CARTESIAN_POINT ( 'NONE',  ( -70.25000000000000000, 22.07999999999999474, 29.80927366254616473 ) ) ;
#3581 = CARTESIAN_POINT ( 'NONE',  ( -131.9171607846793393, 52.35175796614969812, -33.68312122196996938 ) ) ;
#3582 = CARTESIAN_POINT ( 'NONE',  ( -70.25000000000000000, 14.28999999999999382, -33.42072633745384991 ) ) ;
#3583 = DIRECTION ( 'NONE',  ( 0.000000000000000000, 0.000000000000000000, 1.000000000000000000 ) ) ;
#3584 = EDGE_CURVE ( 'NONE', #3816, #5852, #1247, .T. ) ;
#3585 = EDGE_CURVE ( 'NONE', #4618, #3579, #4781, .T. ) ;
#3586 = AXIS2_PLACEMENT_3D ( 'NONE', #1250, #1351, #3342 ) ;
#3587 = ORIENTED_EDGE ( 'NONE', *, *, #1702, .F. ) ;
#3588 = EDGE_LOOP ( 'NONE', ( #360, #4226, #3819, #3673 ) ) ;
#3589 = AXIS2_PLACEMENT_3D ( 'NONE', #3936, #3060, #3445 ) ;
#3590 = VERTEX_POINT ( 'NONE', #301 ) ;
#3591 = CARTESIAN_POINT ( 'NONE',  ( -70.25000000000000000, 20.73999999999998067, -44.59245404627310450 ) ) ;
#3592 = FACE_OUTER_BOUND ( 'NONE', #5554, .T. ) ;
#3593 = PLANE ( 'NONE',  #1259 ) ;
#3594 = VECTOR ( 'NONE', #3098, 1000.000000000000114 ) ;
#3595 = VERTEX_POINT ( 'NONE', #5215 ) ;
#3596 = EDGE_CURVE ( 'NONE', #1051, #4320, #2303, .T. ) ;
#3597 = DIRECTION ( 'NONE',  ( -1.000000000000000000, -0.000000000000000000, -0.000000000000000000 ) ) ;
#3598 = EDGE_LOOP ( 'NONE', ( #2449, #5002, #5201, #376 ) ) ;
#3599 = EDGE_LOOP ( 'NONE', ( #5504, #3543, #5365, #2292, #1053, #5737, #697, #1363, #1435, #2201, #3521 ) ) ;
#3600 = DIRECTION ( 'NONE',  ( 1.000000000000000000, -0.000000000000000000, -0.000000000000000000 ) ) ;
#3601 = CARTESIAN_POINT ( 'NONE',  ( -83.25000000000000000, 20.63717404553610635, 45.51794919243126714 ) ) ;
#3602 = FACE_OUTER_BOUND ( 'NONE', #1315, .T. ) ;
#3603 = EDGE_CURVE ( 'NONE', #6318, #3515, #4277, .T. ) ;
#3604 = VERTEX_POINT ( 'NONE', #3175 ) ;
#3605 = DIRECTION ( 'NONE',  ( 0.000000000000000000, 0.000000000000000000, -1.000000000000000000 ) ) ;
#3606 = DIRECTION ( 'NONE',  ( -1.000000000000000000, -0.000000000000000000, -0.000000000000000000 ) ) ;
#3607 = DIRECTION ( 'NONE',  ( -0.8191520442889935749, 0.000000000000000000, 0.5735764363510436059 ) ) ;
#3608 = AXIS2_PLACEMENT_3D ( 'NONE', #2865, #5325, #6227 ) ;
#3609 = ORIENTED_EDGE ( 'NONE', *, *, #3340, .T. ) ;
#3610 = EDGE_CURVE ( 'NONE', #4847, #644, #691, .T. ) ;
#3611 = DIRECTION ( 'NONE',  ( 0.000000000000000000, -0.4999999999999995004, -0.8660254037844389297 ) ) ;
#3612 = EDGE_CURVE ( 'NONE', #4266, #5541, #1359, .T. ) ;
#3613 = CARTESIAN_POINT ( 'NONE',  ( -83.25000000000000000, 15.63000000000001144, 18.63754595372690304 ) ) ;
#3614 = DIRECTION ( 'NONE',  ( 0.000000000000000000, -1.000000000000000000, 0.000000000000000000 ) ) ;
#3615 = LINE ( 'NONE', #606, #2245 ) ;
#3616 = CIRCLE ( 'NONE', #2896, 3.000000000000002665 ) ;
#3617 = CARTESIAN_POINT ( 'NONE',  ( -92.12764461915041636, 34.21811950339824193, 40.26452068413706797 ) ) ;
#3618 = ORIENTED_EDGE ( 'NONE', *, *, #1507, .T. ) ;
#3619 = ADVANCED_FACE ( 'NONE', ( #5380 ), #5497, .F. ) ;
#3620 = EDGE_CURVE ( 'NONE', #4770, #4705, #2368, .T. ) ;
#3621 = ORIENTED_EDGE ( 'NONE', *, *, #6180, .T. ) ;
#3622 = VERTEX_POINT ( 'NONE', #2855 ) ;
#3623 = DIRECTION ( 'NONE',  ( 0.000000000000000000, 0.000000000000000000, -1.000000000000000000 ) ) ;
#3624 = CARTESIAN_POINT ( 'NONE',  ( -114.2699999999999818, 36.51499999999999346, -35.95604481000000163 ) ) ;
#3625 = CARTESIAN_POINT ( 'NONE',  ( -98.87164506901545735, 36.20318042410654868, 40.29518169002891170 ) ) ;
#3626 = VERTEX_POINT ( 'NONE', #1906 ) ;
#3627 = CARTESIAN_POINT ( 'NONE',  ( -159.9899999999999807, 36.51499999999999346, -46.78104481000003290 ) ) ;
#3628 = ORIENTED_EDGE ( 'NONE', *, *, #1882, .F. ) ;
#3629 = EDGE_LOOP ( 'NONE', ( #1760, #5468, #546, #4506 ) ) ;
#3630 = CARTESIAN_POINT ( 'NONE',  ( -148.2900000000000205, 40.64250000000248519, -52.23104480999999311 ) ) ;
#3631 = CYLINDRICAL_SURFACE ( 'NONE', #980, 4.889999999999998792 ) ;
#3632 = CARTESIAN_POINT ( 'NONE',  ( -128.9699999999999989, 36.51499999999999346, -40.86854481000000305 ) ) ;
#3633 = EDGE_LOOP ( 'NONE', ( #1639, #4688, #3030, #6079, #3114, #2910, #1330, #5357, #2606, #825 ) ) ;
#3634 = VECTOR ( 'NONE', #4210, 1000.000000000000000 ) ;
#3635 = CARTESIAN_POINT ( 'NONE',  ( -100.9000000000000625, 41.27750000000251163, -56.23104481000000021 ) ) ;
#3636 = CARTESIAN_POINT ( 'NONE',  ( -84.25000000000000000, 11.00000000000000000, 5.983955189999987212 ) ) ;
#3637 = DIRECTION ( 'NONE',  ( 0.000000000000000000, 0.000000000000000000, -1.000000000000000000 ) ) ;
#3638 = EDGE_CURVE ( 'NONE', #453, #5271, #3533, .T. ) ;
#3639 = AXIS2_PLACEMENT_3D ( 'NONE', #4891, #1839, #6382 ) ;
#3640 = ORIENTED_EDGE ( 'NONE', *, *, #1911, .F. ) ;
#3641 = PLANE ( 'NONE',  #434 ) ;
#3642 = LINE ( 'NONE', #2668, #1586 ) ;
#3643 = CARTESIAN_POINT ( 'NONE',  ( -167.9900000000000091, 47.04105340123315671, -0.1523109065847405574 ) ) ;
#3644 = CARTESIAN_POINT ( 'NONE',  ( -114.8113720165046203, 40.64250000000248519, -52.58713401639744234 ) ) ;
#3645 = CYLINDRICAL_SURFACE ( 'NONE', #982, 3.000000000000002665 ) ;
#3646 = VERTEX_POINT ( 'NONE', #1415 ) ;
#3647 = AXIS2_PLACEMENT_3D ( 'NONE', #949, #3851, #4821 ) ;
#3648 = ORIENTED_EDGE ( 'NONE', *, *, #4402, .T. ) ;
#3649 = ORIENTED_EDGE ( 'NONE', *, *, #2957, .T. ) ;
#3650 = CARTESIAN_POINT ( 'NONE',  ( -107.6500000000000483, 41.27750000000251163, -61.46854480999999737 ) ) ;
#3651 = DIRECTION ( 'NONE',  ( 1.000000000000000000, 0.000000000000000000, 0.000000000000000000 ) ) ;
#3652 = DIRECTION ( 'NONE',  ( 1.000000000000000000, 0.000000000000000000, 0.000000000000000000 ) ) ;
#3653 = VECTOR ( 'NONE', #1640, 1000.000000000000000 ) ;
#3654 = ADVANCED_FACE ( 'NONE', ( #5796 ), #4435, .F. ) ;
#3655 = EDGE_CURVE ( 'NONE', #4834, #3029, #3953, .T. ) ;
#3656 = ORIENTED_EDGE ( 'NONE', *, *, #1463, .F. ) ;
#3657 = CARTESIAN_POINT ( 'NONE',  ( -115.2699999999999818, 36.51499999999999346, -40.86854481000000305 ) ) ;
#3658 = VECTOR ( 'NONE', #575, 1000.000000000000114 ) ;
#3659 = ORIENTED_EDGE ( 'NONE', *, *, #5759, .T. ) ;
#3660 = DIRECTION ( 'NONE',  ( 0.000000000000000000, 0.000000000000000000, -1.000000000000000000 ) ) ;
#3661 = ORIENTED_EDGE ( 'NONE', *, *, #4677, .F. ) ;
#3662 = DIRECTION ( 'NONE',  ( -1.000000000000000000, 0.000000000000000000, 0.000000000000000000 ) ) ;
#3663 = LINE ( 'NONE', #4117, #5239 ) ;
#3664 = DIRECTION ( 'NONE',  ( 0.000000000000000000, 0.000000000000000000, 1.000000000000000000 ) ) ;
#3665 = AXIS2_PLACEMENT_3D ( 'NONE', #435, #3954, #4923 ) ;
#3666 = CIRCLE ( 'NONE', #2730, 40.00000000000000000 ) ;
#3667 = ORIENTED_EDGE ( 'NONE', *, *, #3973, .F. ) ;
#3668 = VECTOR ( 'NONE', #49, 1000.000000000000000 ) ;
#3669 = FACE_BOUND ( 'NONE', #3210, .T. ) ;
#3670 = LINE ( 'NONE', #6094, #350 ) ;
#3671 = DIRECTION ( 'NONE',  ( -0.000000000000000000, -0.000000000000000000, 1.000000000000000000 ) ) ;
#3672 = VECTOR ( 'NONE', #2023, 1000.000000000000000 ) ;
#3673 = ORIENTED_EDGE ( 'NONE', *, *, #3674, .F. ) ;
#3674 = EDGE_CURVE ( 'NONE', #5046, #5042, #4828, .T. ) ;
#3675 = CARTESIAN_POINT ( 'NONE',  ( -70.25000000000000000, -3.760266791586707970E-16, 17.01667390910194655 ) ) ;
#3676 = DIRECTION ( 'NONE',  ( -1.000000000000000000, 0.000000000000000000, 0.000000000000000000 ) ) ;
#3677 = DIRECTION ( 'NONE',  ( 1.000000000000000000, -0.000000000000000000, 1.285575526430241596E-15 ) ) ;
#3678 = AXIS2_PLACEMENT_3D ( 'NONE', #5752, #3354, #4295 ) ;
#3679 = LINE ( 'NONE', #2703, #1404 ) ;
#3680 = DIRECTION ( 'NONE',  ( 1.000000000000000000, 0.000000000000000000, 0.000000000000000000 ) ) ;
#3681 = ORIENTED_EDGE ( 'NONE', *, *, #4687, .T. ) ;
#3682 = AXIS2_PLACEMENT_3D ( 'NONE', #1817, #5776, #2863 ) ;
#3683 = EDGE_LOOP ( 'NONE', ( #2744, #2246, #3184, #710 ) ) ;
#3684 = VERTEX_POINT ( 'NONE', #2400 ) ;
#3685 = CARTESIAN_POINT ( 'NONE',  ( -114.0000000000000000, 10.99999999999999645, 1.071455189999990454 ) ) ;
#3686 = CARTESIAN_POINT ( 'NONE',  ( -99.04663244449228898, 32.96973858619520570, 44.06747606764520953 ) ) ;
#3687 = DIRECTION ( 'NONE',  ( 0.000000000000000000, 0.8660254037844388186, -0.4999999999999996114 ) ) ;
#3688 = AXIS2_PLACEMENT_3D ( 'NONE', #5491, #3071, #1559 ) ;
#3689 = ORIENTED_EDGE ( 'NONE', *, *, #1076, .T. ) ;
#3690 = CARTESIAN_POINT ( 'NONE',  ( -136.2680811302321047, 52.55417103610404439, -39.55018419627351989 ) ) ;
#3691 = CIRCLE ( 'NONE', #975, 6.526372016504577545 ) ;
#3692 = ORIENTED_EDGE ( 'NONE', *, *, #6386, .T. ) ;
#3693 = EDGE_CURVE ( 'NONE', #1255, #3390, #2430, .T. ) ;
#3694 = DIRECTION ( 'NONE',  ( 0.000000000000000000, 0.000000000000000000, 1.000000000000000000 ) ) ;
#3695 = ORIENTED_EDGE ( 'NONE', *, *, #541, .F. ) ;
#3696 = EDGE_CURVE ( 'NONE', #3039, #1737, #718, .T. ) ;
#3697 = CARTESIAN_POINT ( 'NONE',  ( -69.41899135999115344, 22.07999999999999829, 27.25145518999998373 ) ) ;
#3698 = CARTESIAN_POINT ( 'NONE',  ( -83.25000000000000000, 36.51499999999999346, -40.86854481000000305 ) ) ;
#3699 = CARTESIAN_POINT ( 'NONE',  ( -114.0000000000000000, 22.07999999999999829, 16.47145518999999325 ) ) ;
#3700 = VERTEX_POINT ( 'NONE', #958 ) ;
#3701 = EDGE_CURVE ( 'NONE', #5780, #712, #4342, .T. ) ;
#3702 = ORIENTED_EDGE ( 'NONE', *, *, #5550, .T. ) ;
#3703 = CARTESIAN_POINT ( 'NONE',  ( -146.1820929665247206, 33.53354461977089329, 42.29411818236734177 ) ) ;
#3704 = DIRECTION ( 'NONE',  ( 0.000000000000000000, 0.5000000000000008882, -0.8660254037844382635 ) ) ;
#3705 = DIRECTION ( 'NONE',  ( 1.000000000000000000, -0.000000000000000000, 0.000000000000000000 ) ) ;
#3706 = ORIENTED_EDGE ( 'NONE', *, *, #6297, .F. ) ;
#3707 = LINE ( 'NONE', #2837, #3557 ) ;
#3708 = DIRECTION ( 'NONE',  ( -1.000000000000000000, 0.000000000000000000, 0.000000000000000000 ) ) ;
#3709 = DIRECTION ( 'NONE',  ( 0.000000000000000000, -1.000000000000000000, 0.000000000000000000 ) ) ;
#3710 = CARTESIAN_POINT ( 'NONE',  ( -83.25000000000000000, 11.00000000000000533, -6.376363282546184230 ) ) ;
#3711 = LINE ( 'NONE', #5686, #1836 ) ;
#3712 = AXIS2_PLACEMENT_3D ( 'NONE', #6090, #595, #243 ) ;
#3713 = EDGE_CURVE ( 'NONE', #342, #1018, #3858, .T. ) ;
#3714 = ORIENTED_EDGE ( 'NONE', *, *, #3459, .T. ) ;
#3715 = VERTEX_POINT ( 'NONE', #5279 ) ;
#3716 = ORIENTED_EDGE ( 'NONE', *, *, #5906, .T. ) ;
#3717 = VECTOR ( 'NONE', #1935, 1000.000000000000000 ) ;
#3718 = CARTESIAN_POINT ( 'NONE',  ( -115.0199999999999818, 36.51499999999999346, -40.86854481000001016 ) ) ;
#3719 = CARTESIAN_POINT ( 'NONE',  ( -83.25000000000000000, 17.44999999999999929, 4.795364426273073022 ) ) ;
#3720 = CARTESIAN_POINT ( 'NONE',  ( -92.12764461915041636, 0.000000000000000000, 40.26452068413706797 ) ) ;
#3721 = EDGE_CURVE ( 'NONE', #3992, #4650, #1940, .T. ) ;
#3722 = VERTEX_POINT ( 'NONE', #828 ) ;
#3723 = FACE_OUTER_BOUND ( 'NONE', #3074, .T. ) ;
#3724 = VERTEX_POINT ( 'NONE', #401 ) ;
#3725 = CARTESIAN_POINT ( 'NONE',  ( -128.6466836438567896, 47.56698729810777593, -32.53104481000286086 ) ) ;
#3726 = ORIENTED_EDGE ( 'NONE', *, *, #1423, .T. ) ;
#3727 = CARTESIAN_POINT ( 'NONE',  ( -158.9899999999998954, 22.07999999999999829, 17.47145518999998970 ) ) ;
#3728 = DIRECTION ( 'NONE',  ( 0.7071067811865507924, -2.562307770017794505E-18, 0.7071067811865441310 ) ) ;
#3729 = CYLINDRICAL_SURFACE ( 'NONE', #2796, 4.912500000000000533 ) ;
#3730 = ADVANCED_FACE ( 'NONE', ( #5832 ), #6286, .F. ) ;
#3731 = ADVANCED_FACE ( 'NONE', ( #2822 ), #2918, .F. ) ;
#3732 = ORIENTED_EDGE ( 'NONE', *, *, #5382, .T. ) ;
#3733 = ORIENTED_EDGE ( 'NONE', *, *, #1085, .T. ) ;
#3734 = AXIS2_PLACEMENT_3D ( 'NONE', #1888, #6304, #4386 ) ;
#3735 = DIRECTION ( 'NONE',  ( 0.000000000000000000, 1.000000000000000000, 0.000000000000000000 ) ) ;
#3736 = DIRECTION ( 'NONE',  ( 0.000000000000000000, 0.000000000000000000, 1.000000000000000000 ) ) ;
#3737 = FACE_OUTER_BOUND ( 'NONE', #1454, .T. ) ;
#3738 = EDGE_CURVE ( 'NONE', #3563, #1136, #5186, .T. ) ;
#3739 = ADVANCED_FACE ( 'NONE', ( #5311 ), #863, .F. ) ;
#3740 = CIRCLE ( 'NONE', #406, 9.763640355059006737 ) ;
#3741 = ORIENTED_EDGE ( 'NONE', *, *, #2043, .T. ) ;
#3742 = DIRECTION ( 'NONE',  ( 0.000000000000000000, 0.000000000000000000, -1.000000000000000000 ) ) ;
#3743 = CARTESIAN_POINT ( 'NONE',  ( -104.6092703718782246, 0.000000000000000000, 46.31794919243127140 ) ) ;
#3744 = CARTESIAN_POINT ( 'NONE',  ( -83.25000000000000000, 11.00000000000000000, 6.983955189999973889 ) ) ;
#3745 = DIRECTION ( 'NONE',  ( -1.000000000000000000, -0.000000000000000000, -0.000000000000000000 ) ) ;
#3746 = DIRECTION ( 'NONE',  ( 1.000000000000000000, 0.000000000000000000, 0.000000000000000000 ) ) ;
#3747 = AXIS2_PLACEMENT_3D ( 'NONE', #2557, #18, #1110 ) ;
#3748 = ORIENTED_EDGE ( 'NONE', *, *, #4256, .F. ) ;
#3749 = CARTESIAN_POINT ( 'NONE',  ( -149.6771849604237161, 36.91154622258130757, 37.65152453977703573 ) ) ;
#3750 = ORIENTED_EDGE ( 'NONE', *, *, #1307, .T. ) ;
#3751 = AXIS2_PLACEMENT_3D ( 'NONE', #1342, #6340, #4787 ) ;
#3752 = LINE ( 'NONE', #5242, #242 ) ;
#3753 = DIRECTION ( 'NONE',  ( -8.741913579725644271E-16, 1.000000000000000000, -0.000000000000000000 ) ) ;
#3754 = DIRECTION ( 'NONE',  ( -1.000000000000000000, 0.000000000000000000, 0.000000000000000000 ) ) ;
#3755 = VECTOR ( 'NONE', #5888, 1000.000000000000000 ) ;
#3756 = VERTEX_POINT ( 'NONE', #6052 ) ;
#3757 = CARTESIAN_POINT ( 'NONE',  ( -134.8447364277684812, 52.51313202400176294, -37.51743729654315018 ) ) ;
#3758 = EDGE_LOOP ( 'NONE', ( #2880, #3439, #4038, #6277, #5486, #2436 ) ) ;
#3759 = CARTESIAN_POINT ( 'NONE',  ( -93.39542901110391426, 34.10338108390573097, 40.61383461142960272 ) ) ;
#3760 = EDGE_CURVE ( 'NONE', #3298, #4293, #6081, .T. ) ;
#3761 = CARTESIAN_POINT ( 'NONE',  ( -70.25000000000000000, 14.29000000000000448, -48.31636328254617752 ) ) ;
#3762 = VERTEX_POINT ( 'NONE', #2033 ) ;
#3763 = CIRCLE ( 'NONE', #3238, 10.99999999999999822 ) ;
#3764 = CARTESIAN_POINT ( 'NONE',  ( -70.25000000000000000, 49.76698729810777166, -10.32563470779485826 ) ) ;
#3765 = CARTESIAN_POINT ( 'NONE',  ( -115.0200000000000102, 3.299999999999997158, -7.379093029319639035E-14 ) ) ;
#3766 = AXIS2_PLACEMENT_3D ( 'NONE', #462, #2455, #4429 ) ;
#3767 = EDGE_LOOP ( 'NONE', ( #4712, #868, #2512, #4512 ) ) ;
#3768 = ORIENTED_EDGE ( 'NONE', *, *, #4021, .T. ) ;
#3769 = DIRECTION ( 'NONE',  ( 0.000000000000000000, 0.000000000000000000, 1.000000000000000000 ) ) ;
#3770 = CIRCLE ( 'NONE', #230, 15.49999999999999289 ) ;
#3771 = DIRECTION ( 'NONE',  ( 0.000000000000000000, -1.000000000000000000, 0.000000000000000000 ) ) ;
#3772 = AXIS2_PLACEMENT_3D ( 'NONE', #5292, #843, #2253 ) ;
#3773 = DIRECTION ( 'NONE',  ( -1.000000000000000000, 0.000000000000000000, 0.000000000000000000 ) ) ;
#3774 = AXIS2_PLACEMENT_3D ( 'NONE', #5407, #6251, #2854 ) ;
#3775 = VERTEX_POINT ( 'NONE', #4019 ) ;
#3776 = CARTESIAN_POINT ( 'NONE',  ( -137.3201063584309622, 52.56765894952388152, -40.72460237342139777 ) ) ;
#3777 = CARTESIAN_POINT ( 'NONE',  ( -138.6262915010152312, 32.62124113080947296, 46.31794919243127850 ) ) ;
#3778 = DIRECTION ( 'NONE',  ( -1.000000000000000000, 0.000000000000000000, 0.000000000000000000 ) ) ;
#3779 = EDGE_CURVE ( 'NONE', #2031, #1509, #2492, .T. ) ;
#3780 = EDGE_CURVE ( 'NONE', #2266, #3756, #129, .T. ) ;
#3781 = LINE ( 'NONE', #357, #2340 ) ;
#3782 = CARTESIAN_POINT ( 'NONE',  ( -114.0000000000000000, 20.18440237676226445, 23.24456397027082133 ) ) ;
#3783 = AXIS2_PLACEMENT_3D ( 'NONE', #2677, #2228, #3623 ) ;
#3784 = ORIENTED_EDGE ( 'NONE', *, *, #5906, .F. ) ;
#3785 = ORIENTED_EDGE ( 'NONE', *, *, #752, .F. ) ;
#3786 = VECTOR ( 'NONE', #2285, 1000.000000000000000 ) ;
#3787 = ORIENTED_EDGE ( 'NONE', *, *, #4679, .F. ) ;
#3788 = DIRECTION ( 'NONE',  ( 1.000000000000000000, -0.000000000000000000, -0.000000000000000000 ) ) ;
#3789 = ADVANCED_FACE ( 'NONE', ( #3592 ), #1512, .F. ) ;
#3790 = DIRECTION ( 'NONE',  ( 1.000000000000000000, -0.000000000000000000, -0.000000000000000000 ) ) ;
#3791 = DIRECTION ( 'NONE',  ( 0.9722212183022856946, -0.000000000000000000, -0.2340638859004507133 ) ) ;
#3792 = AXIS2_PLACEMENT_3D ( 'NONE', #113, #4597, #5079 ) ;
#3793 = CARTESIAN_POINT ( 'NONE',  ( -110.5999806114510307, 41.27750000000251163, -56.79852542145106753 ) ) ;
#3794 = ORIENTED_EDGE ( 'NONE', *, *, #2316, .T. ) ;
#3795 = PLANE ( 'NONE',  #4185 ) ;
#3796 = DIRECTION ( 'NONE',  ( 1.000000000000000000, 0.000000000000000000, -5.187305081475803124E-16 ) ) ;
#3797 = ORIENTED_EDGE ( 'NONE', *, *, #3478, .F. ) ;
#3798 = VECTOR ( 'NONE', #1593, 1000.000000000000000 ) ;
#3799 = FACE_OUTER_BOUND ( 'NONE', #1573, .T. ) ;
#3800 = DIRECTION ( 'NONE',  ( -1.000000000000000000, 0.000000000000000000, 0.000000000000000000 ) ) ;
#3801 = ADVANCED_FACE ( 'NONE', ( #4501 ), #1020, .T. ) ;
#3802 = AXIS2_PLACEMENT_3D ( 'NONE', #6334, #2806, #2903 ) ;
#3803 = ORIENTED_EDGE ( 'NONE', *, *, #1905, .T. ) ;
#3804 = ORIENTED_EDGE ( 'NONE', *, *, #1600, .F. ) ;
#3805 = CARTESIAN_POINT ( 'NONE',  ( -167.9900000000000091, 14.28999999999999915, -32.86854481000000305 ) ) ;
#3806 = DIRECTION ( 'NONE',  ( -0.000000000000000000, -0.000000000000000000, 1.000000000000000000 ) ) ;
#3807 = CARTESIAN_POINT ( 'NONE',  ( -128.9699999999999989, 14.28999999999999737, -40.86854481000000305 ) ) ;
#3808 = EDGE_CURVE ( 'NONE', #2483, #2888, #2402, .T. ) ;
#3809 = ORIENTED_EDGE ( 'NONE', *, *, #3459, .F. ) ;
#3810 = CARTESIAN_POINT ( 'NONE',  ( -114.0000000000000000, 18.97849306496316757, 9.005867306901837566 ) ) ;
#3811 = AXIS2_PLACEMENT_3D ( 'NONE', #709, #288, #1654 ) ;
#3812 = CARTESIAN_POINT ( 'NONE',  ( -142.6129559054773495, 32.77488646073518908, 45.32575632981215108 ) ) ;
#3813 = CARTESIAN_POINT ( 'NONE',  ( -115.0199999999999818, 36.51499999999999346, -46.53104480999999026 ) ) ;
#3814 = DIRECTION ( 'NONE',  ( 1.000000000000000000, 0.000000000000000000, 0.000000000000000000 ) ) ;
#3815 = DIRECTION ( 'NONE',  ( 0.000000000000000000, 0.000000000000000000, 1.000000000000000000 ) ) ;
#3816 = VERTEX_POINT ( 'NONE', #4467 ) ;
#3817 = EDGE_CURVE ( 'NONE', #1816, #6117, #50, .T. ) ;
#3818 = ADVANCED_FACE ( 'NONE', ( #5011 ), #6120, .F. ) ;
#3819 = ORIENTED_EDGE ( 'NONE', *, *, #830, .F. ) ;
#3820 = ORIENTED_EDGE ( 'NONE', *, *, #5881, .F. ) ;
#3821 = DIRECTION ( 'NONE',  ( -1.000000000000000000, 0.000000000000000000, 5.187305081475803124E-16 ) ) ;
#3822 = CARTESIAN_POINT ( 'NONE',  ( -70.25000000000000000, 7.840000000000006963, -37.14463557372693003 ) ) ;
#3823 = CARTESIAN_POINT ( 'NONE',  ( -114.0000000000000000, 11.00000000000000000, 6.983955189999973889 ) ) ;
#3824 = CARTESIAN_POINT ( 'NONE',  ( -145.9805448900238787, 51.99919758344160670, -45.10539743843318661 ) ) ;
#3825 = ORIENTED_EDGE ( 'NONE', *, *, #5126, .F. ) ;
#3826 = LINE ( 'NONE', #3428, #4706 ) ;
#3827 = DIRECTION ( 'NONE',  ( -1.000000000000000000, -0.000000000000000000, -0.000000000000000000 ) ) ;
#3828 = VERTEX_POINT ( 'NONE', #6016 ) ;
#3829 = CARTESIAN_POINT ( 'NONE',  ( -132.9056362101498507, 52.56830429459234466, -34.74811518587787873 ) ) ;
#3830 = CARTESIAN_POINT ( 'NONE',  ( -100.9000000000000625, 49.76698729810775035, -58.36708106719408562 ) ) ;
#3831 = ADVANCED_FACE ( 'NONE', ( #1566 ), #105, .F. ) ;
#3832 = EDGE_CURVE ( 'NONE', #4470, #5256, #5044, .T. ) ;
#3833 = ORIENTED_EDGE ( 'NONE', *, *, #3817, .T. ) ;
#3834 = ORIENTED_EDGE ( 'NONE', *, *, #4866, .T. ) ;
#3835 = CARTESIAN_POINT ( 'NONE',  ( -114.0000000000000000, 20.24958831241624679, 12.30105371277315207 ) ) ;
#3836 = LINE ( 'NONE', #5804, #6326 ) ;
#3837 = CYLINDRICAL_SURFACE ( 'NONE', #3608, 4.912500000000000533 ) ;
#3838 = EDGE_CURVE ( 'NONE', #2483, #5260, #2058, .T. ) ;
#3839 = ORIENTED_EDGE ( 'NONE', *, *, #2648, .F. ) ;
#3840 = CARTESIAN_POINT ( 'NONE',  ( -158.9899999999998954, 22.07999999999999829, 27.25145518999998373 ) ) ;
#3841 = CARTESIAN_POINT ( 'NONE',  ( -138.6262915010152597, 35.30168919948089723, 43.65959274290922565 ) ) ;
#3842 = EDGE_CURVE ( 'NONE', #3128, #1781, #4469, .T. ) ;
#3843 = CARTESIAN_POINT ( 'NONE',  ( -166.4899999999999807, 35.17323481602954161, -61.46854480999999737 ) ) ;
#3844 = FACE_OUTER_BOUND ( 'NONE', #3758, .T. ) ;
#3845 = CARTESIAN_POINT ( 'NONE',  ( -88.61668633064364542, 0.000000000000000000, 54.84783895867136039 ) ) ;
#3846 = VECTOR ( 'NONE', #1213, 1000.000000000000000 ) ;
#3847 = EDGE_LOOP ( 'NONE', ( #2047, #6122, #3420, #3667 ) ) ;
#3848 = EDGE_LOOP ( 'NONE', ( #3587, #1419, #3618, #1396 ) ) ;
#3849 = VERTEX_POINT ( 'NONE', #5535 ) ;
#3850 = CARTESIAN_POINT ( 'NONE',  ( -83.25000000000000000, 11.00000000000000000, 1.071455189999986901 ) ) ;
#3851 = DIRECTION ( 'NONE',  ( 1.000000000000000000, -0.000000000000000000, 0.000000000000000000 ) ) ;
#3852 = AXIS2_PLACEMENT_3D ( 'NONE', #3205, #3694, #1741 ) ;
#3853 = DIRECTION ( 'NONE',  ( 0.000000000000000000, 0.000000000000000000, 1.000000000000000000 ) ) ;
#3854 = DIRECTION ( 'NONE',  ( 0.000000000000000000, 0.000000000000000000, -1.000000000000000000 ) ) ;
#3855 = DIRECTION ( 'NONE',  ( 0.000000000000000000, -1.000000000000000000, 0.000000000000000000 ) ) ;
#3856 = EDGE_LOOP ( 'NONE', ( #209, #2272, #5485, #4928, #3839, #5964, #2580, #2974, #4453, #1167 ) ) ;
#3857 = DIRECTION ( 'NONE',  ( 0.000000000000000000, 0.000000000000000000, -1.000000000000000000 ) ) ;
#3858 = LINE ( 'NONE', #3892, #5707 ) ;
#3859 = DIRECTION ( 'NONE',  ( 0.000000000000000000, 0.000000000000000000, -1.000000000000000000 ) ) ;
#3860 = EDGE_CURVE ( 'NONE', #3349, #5260, #935, .T. ) ;
#3861 = EDGE_CURVE ( 'NONE', #3563, #3310, #587, .T. ) ;
#3862 = VECTOR ( 'NONE', #3709, 1000.000000000000000 ) ;
#3863 = CIRCLE ( 'NONE', #5818, 6.526372016504591755 ) ;
#3864 = CIRCLE ( 'NONE', #5827, 4.912500000000000533 ) ;
#3865 = ORIENTED_EDGE ( 'NONE', *, *, #1423, .F. ) ;
#3866 = ORIENTED_EDGE ( 'NONE', *, *, #3923, .F. ) ;
#3867 = CARTESIAN_POINT ( 'NONE',  ( -83.25000000000000000, 11.00000000000000000, -4.841044810000000531 ) ) ;
#3868 = B_SPLINE_SURFACE_WITH_KNOTS ( 'NONE', 1, 3, ( 
 ( #3777, #2351, #317, #6301, #5330, #1852, #255, #2319, #813, #2872 ),
 ( #3841, #3874, #2804, #1302, #3385, #4777, #1756, #2772, #5359, #1884 ) ),
 .UNSPECIFIED., .F., .F., .F.,
 ( 2, 2 ),
 ( 4, 2, 2, 2, 4 ),
 ( 0.000000000000000000, 1.000000000000000000 ),
 ( 0.000000000000000000, 0.1963495408493618477, 0.3926990816987236954, 0.5890486225480855431, 0.7853981633974473908 ),
 .UNSPECIFIED. ) ;
#3869 = PLANE ( 'NONE',  #1321 ) ;
#3870 = CIRCLE ( 'NONE', #4686, 7.999999999999996447 ) ;
#3871 = ORIENTED_EDGE ( 'NONE', *, *, #38, .T. ) ;
#3872 = CARTESIAN_POINT ( 'NONE',  ( -70.25000000000000000, 15.63000000000001144, 18.63754595372690304 ) ) ;
#3873 = VECTOR ( 'NONE', #6040, 999.9999999999998863 ) ;
#3874 = CARTESIAN_POINT ( 'NONE',  ( -138.9288953011264311, 35.30168373672889004, 43.65961313017725587 ) ) ;
#3875 = CYLINDRICAL_SURFACE ( 'NONE', #1568, 40.00000000000000000 ) ;
#3876 = CARTESIAN_POINT ( 'NONE',  ( -70.25000000000000000, 22.07999999999999474, 29.80927366254616473 ) ) ;
#3877 = DIRECTION ( 'NONE',  ( 1.000000000000000000, 0.000000000000000000, -5.123939793633152966E-16 ) ) ;
#3878 = AXIS2_PLACEMENT_3D ( 'NONE', #471, #865, #4468 ) ;
#3879 = COLOUR_RGB ( '',0.7921568627450980005, 0.8196078431372548767, 0.9333333333333333481 ) ;
#3880 = ORIENTED_EDGE ( 'NONE', *, *, #4431, .F. ) ;
#3881 = EDGE_CURVE ( 'NONE', #3962, #4808, #6224, .T. ) ;
#3882 = ORIENTED_EDGE ( 'NONE', *, *, #5319, .F. ) ;
#3883 = EDGE_LOOP ( 'NONE', ( #834, #1254, #522, #6408, #289, #2666 ) ) ;
#3884 = VERTEX_POINT ( 'NONE', #6109 ) ;
#3885 = DIRECTION ( 'NONE',  ( -5.187305081475803124E-16, 0.000000000000000000, -1.000000000000000000 ) ) ;
#3886 = FACE_OUTER_BOUND ( 'NONE', #5742, .T. ) ;
#3887 = DIRECTION ( 'NONE',  ( -1.000000000000000000, 0.000000000000000000, -0.000000000000000000 ) ) ;
#3888 = CIRCLE ( 'NONE', #1696, 3.000000000000002665 ) ;
#3889 = PLANE ( 'NONE',  #3526 ) ;
#3890 = VERTEX_POINT ( 'NONE', #6206 ) ;
#3891 = CARTESIAN_POINT ( 'NONE',  ( -70.25000000000000000, 7.840000000000006963, -37.14463557372693003 ) ) ;
#3892 = CARTESIAN_POINT ( 'NONE',  ( -164.0247847025006536, 35.41564437817926603, -61.46854480999999737 ) ) ;
#3893 = CARTESIAN_POINT ( 'NONE',  ( -161.9250000000000398, 9.210000000002505516, -54.16854481000000021 ) ) ;
#3894 = AXIS2_PLACEMENT_3D ( 'NONE', #3904, #2537, #4514 ) ;
#3895 = EDGE_CURVE ( 'NONE', #4705, #95, #3199, .T. ) ;
#3896 = EDGE_CURVE ( 'NONE', #4834, #4258, #5605, .T. ) ;
#3897 = ORIENTED_EDGE ( 'NONE', *, *, #5264, .T. ) ;
#3898 = ORIENTED_EDGE ( 'NONE', *, *, #1207, .T. ) ;
#3899 = DIRECTION ( 'NONE',  ( 0.000000000000000000, 0.000000000000000000, -1.000000000000000000 ) ) ;
#3900 = DIRECTION ( 'NONE',  ( 0.000000000000000000, -0.3817535280400566333, -0.9242641634451536081 ) ) ;
#3901 = CIRCLE ( 'NONE', #4726, 4.889999999999998792 ) ;
#3902 = VERTEX_POINT ( 'NONE', #4724 ) ;
#3903 = DIRECTION ( 'NONE',  ( -1.000000000000000000, -1.879698012995263886E-33, 5.187305081475803124E-16 ) ) ;
#3904 = CARTESIAN_POINT ( 'NONE',  ( -161.9250000000000398, 41.59500000000250708, -54.16854481000000021 ) ) ;
#3905 = CARTESIAN_POINT ( 'NONE',  ( -161.5131842133284295, 52.56830429459234466, -45.23104481000285659 ) ) ;
#3906 = DIRECTION ( 'NONE',  ( 1.000000000000000000, 0.000000000000000000, 0.000000000000000000 ) ) ;
#3907 = CARTESIAN_POINT ( 'NONE',  ( -101.3576674523102099, 3.749454982137110370, -57.17270662517418600 ) ) ;
#3908 = ORIENTED_EDGE ( 'NONE', *, *, #1813, .F. ) ;
#3909 = VERTEX_POINT ( 'NONE', #1664 ) ;
#3910 = CARTESIAN_POINT ( 'NONE',  ( -84.25000000000000000, 11.00000000000000000, -3.841044810000013410 ) ) ;
#3911 = EDGE_LOOP ( 'NONE', ( #4035, #3307, #6323, #5914 ) ) ;
#3912 = DIRECTION ( 'NONE',  ( 1.285575526430241596E-15, 3.623650399333143762E-18, -1.000000000000000000 ) ) ;
#3913 = B_SPLINE_CURVE_WITH_KNOTS ( 'NONE', 1,
 ( #5160, #6099 ),
 .UNSPECIFIED., .F., .F.,
 ( 2, 2 ),
 ( 0.000000000000000000, 1.000000000000000000 ),
 .UNSPECIFIED. ) ;
#3914 = LINE ( 'NONE', #2943, #3755 ) ;
#3915 = LINE ( 'NONE', #5790, #6037 ) ;
#3916 = ADVANCED_FACE ( 'NONE', ( #2294, #5726, #6139, #4691, #4755 ), #4170, .T. ) ;
#3917 = LINE ( 'NONE', #5891, #5158 ) ;
#3918 = EDGE_LOOP ( 'NONE', ( #5892, #4009, #5993, #5723 ) ) ;
#3919 = EDGE_LOOP ( 'NONE', ( #2879, #2055, #6147, #1425 ) ) ;
#3920 = LINE ( 'NONE', #4890, #1484 ) ;
#3921 = DIRECTION ( 'NONE',  ( 0.000000000000000000, 0.000000000000000000, 1.000000000000000000 ) ) ;
#3922 = LINE ( 'NONE', #5897, #4475 ) ;
#3923 = EDGE_CURVE ( 'NONE', #4952, #5502, #166, .T. ) ;
#3924 = EDGE_CURVE ( 'NONE', #4968, #5869, #6173, .T. ) ;
#3925 = CONICAL_SURFACE ( 'NONE', #2372, 4.889999999999998792, 0.7853981633974375098 ) ;
#3926 = ORIENTED_EDGE ( 'NONE', *, *, #93, .T. ) ;
#3927 = ORIENTED_EDGE ( 'NONE', *, *, #5693, .T. ) ;
#3928 = CARTESIAN_POINT ( 'NONE',  ( -179.9943429362479037, 3.299999999999999822, -32.53104481000283243 ) ) ;
#3929 = CARTESIAN_POINT ( 'NONE',  ( -101.7578737237592605, 52.56830429459234466, -56.23104481000000021 ) ) ;
#3930 = ADVANCED_FACE ( 'NONE', ( #2263 ), #195, .F. ) ;
#3931 = ORIENTED_EDGE ( 'NONE', *, *, #5494, .F. ) ;
#3932 = LINE ( 'NONE', #537, #6038 ) ;
#3933 = DIRECTION ( 'NONE',  ( 0.000000000000000000, 0.000000000000000000, 1.000000000000000000 ) ) ;
#3934 = CARTESIAN_POINT ( 'NONE',  ( -83.25000000000000000, 11.00000000000000000, 8.519273662546156700 ) ) ;
#3935 = CARTESIAN_POINT ( 'NONE',  ( -129.2399999999999807, 22.07999999999999829, 22.36145518999998671 ) ) ;
#3936 = CARTESIAN_POINT ( 'NONE',  ( -148.2900000000000205, 10.16250000000252918, -61.46854480999999737 ) ) ;
#3937 = ADVANCED_FACE ( 'NONE', ( #3167 ), #1699, .T. ) ;
#3938 = EDGE_CURVE ( 'NONE', #203, #2418, #5170, .T. ) ;
#3939 = ORIENTED_EDGE ( 'NONE', *, *, #58, .T. ) ;
#3940 = ORIENTED_EDGE ( 'NONE', *, *, #2097, .F. ) ;
#3941 = DIRECTION ( 'NONE',  ( 0.000000000000000000, -0.3817535280400566333, -0.9242641634451536081 ) ) ;
#3942 = ORIENTED_EDGE ( 'NONE', *, *, #1785, .T. ) ;
#3943 = DIRECTION ( 'NONE',  ( 0.000000000000000000, 0.000000000000000000, -1.000000000000000000 ) ) ;
#3944 = CARTESIAN_POINT ( 'NONE',  ( -131.2301945220864354, 52.32644318447763254, -33.21361122448951164 ) ) ;
#3945 = PLANE ( 'NONE',  #5347 ) ;
#3946 = FACE_OUTER_BOUND ( 'NONE', #6353, .T. ) ;
#3947 = FACE_OUTER_BOUND ( 'NONE', #2369, .T. ) ;
#3948 = AXIS2_PLACEMENT_3D ( 'NONE', #3845, #387, #1369 ) ;
#3949 = VERTEX_POINT ( 'NONE', #3686 ) ;
#3950 = VERTEX_POINT ( 'NONE', #3719 ) ;
#3951 = VECTOR ( 'NONE', #2767, 1000.000000000000000 ) ;
#3952 = LINE ( 'NONE', #5925, #2627 ) ;
#3953 = LINE ( 'NONE', #2463, #2186 ) ;
#3954 = DIRECTION ( 'NONE',  ( -0.000000000000000000, -0.000000000000000000, 1.000000000000000000 ) ) ;
#3955 = AXIS2_PLACEMENT_3D ( 'NONE', #336, #1971, #1385 ) ;
#3956 = ADVANCED_FACE ( 'NONE', ( #2645 ), #3230, .T. ) ;
#3957 = VERTEX_POINT ( 'NONE', #5206 ) ;
#3958 = ORIENTED_EDGE ( 'NONE', *, *, #3058, .F. ) ;
#3959 = DIRECTION ( 'NONE',  ( 0.7071067811865503483, 8.659560562354900811E-17, 0.7071067811865446862 ) ) ;
#3960 = DIRECTION ( 'NONE',  ( -1.000000000000000000, 1.063208454308060771E-15, 0.000000000000000000 ) ) ;
#3961 = VECTOR ( 'NONE', #880, 1000.000000000000000 ) ;
#3962 = VERTEX_POINT ( 'NONE', #755 ) ;
#3963 = CARTESIAN_POINT ( 'NONE',  ( -161.9250000000000398, 9.210000000002505516, -61.46854480999999737 ) ) ;
#3964 = CARTESIAN_POINT ( 'NONE',  ( -83.25000000000000000, 11.00000000000000000, 1.071455189999986901 ) ) ;
#3965 = DIRECTION ( 'NONE',  ( 0.5735764363510434949, 0.000000000000000000, 0.8191520442889934639 ) ) ;
#3966 = CIRCLE ( 'NONE', #851, 5.662499999999994316 ) ;
#3967 = DIRECTION ( 'NONE',  ( 0.000000000000000000, 0.000000000000000000, -1.000000000000000000 ) ) ;
#3968 = ORIENTED_EDGE ( 'NONE', *, *, #4510, .T. ) ;
#3969 = AXIS2_PLACEMENT_3D ( 'NONE', #1665, #3652, #4692 ) ;
#3970 = VECTOR ( 'NONE', #5915, 1000.000000000000000 ) ;
#3971 = ORIENTED_EDGE ( 'NONE', *, *, #6368, .F. ) ;
#3972 = EDGE_CURVE ( 'NONE', #2451, #805, #4238, .T. ) ;
#3973 = EDGE_CURVE ( 'NONE', #574, #3513, #4161, .T. ) ;
#3974 = DIRECTION ( 'NONE',  ( 0.000000000000000000, 1.000000000000000000, 0.000000000000000000 ) ) ;
#3975 = EDGE_CURVE ( 'NONE', #95, #1598, #3028, .T. ) ;
#3976 = ORIENTED_EDGE ( 'NONE', *, *, #6315, .T. ) ;
#3977 = DIRECTION ( 'NONE',  ( 0.000000000000000000, 0.000000000000000000, -1.000000000000000000 ) ) ;
#3978 = DIRECTION ( 'NONE',  ( 1.000000000000000000, 0.000000000000000000, 0.000000000000000000 ) ) ;
#3979 = CARTESIAN_POINT ( 'NONE',  ( -110.4849960995217515, 47.56698729810777593, -35.69663921997059219 ) ) ;
#3980 = CIRCLE ( 'NONE', #4803, 6.526372016504591755 ) ;
#3981 = B_SPLINE_CURVE_WITH_KNOTS ( 'NONE', 3,
 ( #3174, #4030, #3759, #2199, #4177, #3277, #237, #1178, #4628, #5997, #5250, #690, #271, #3235 ),
 .UNSPECIFIED., .F., .F.,
 ( 4, 2, 2, 1, 1, 2, 2, 4 ),
 ( 0.000000000000000000, 0.2500000000000465183, 0.3750000000000676681, 0.4375000000000755507, 0.4687500000000772715, 0.4843750000000757727, 0.5000000000000741629, 1.000000000000000000 ),
 .UNSPECIFIED. ) ;
#3982 = EDGE_CURVE ( 'NONE', #1781, #6157, #5134, .T. ) ;
#3983 = VERTEX_POINT ( 'NONE', #3624 ) ;
#3984 = VECTOR ( 'NONE', #6205, 1000.000000000000000 ) ;
#3985 = ORIENTED_EDGE ( 'NONE', *, *, #6270, .T. ) ;
#3986 = CARTESIAN_POINT ( 'NONE',  ( -167.9900000000000091, 32.98168958105062387, 34.99744111674249325 ) ) ;
#3987 = DIRECTION ( 'NONE',  ( 0.000000000000000000, 0.000000000000000000, 1.000000000000000000 ) ) ;
#3988 = DIRECTION ( 'NONE',  ( 1.000000000000000000, 0.000000000000000000, 0.000000000000000000 ) ) ;
#3989 = VECTOR ( 'NONE', #518, 1000.000000000000000 ) ;
#3990 = ORIENTED_EDGE ( 'NONE', *, *, #4089, .T. ) ;
#3991 = CIRCLE ( 'NONE', #1173, 5.889999999999992575 ) ;
#3992 = VERTEX_POINT ( 'NONE', #5595 ) ;
#3993 = CIRCLE ( 'NONE', #1174, 5.912499999999987210 ) ;
#3994 = CARTESIAN_POINT ( 'NONE',  ( -115.0199999999999960, -36.03001699971844829, -29.60604481000280686 ) ) ;
#3995 = CYLINDRICAL_SURFACE ( 'NONE', #1631, 4.912500000000000533 ) ;
#3996 = EDGE_CURVE ( 'NONE', #4574, #8, #4674, .T. ) ;
#3997 = AXIS2_PLACEMENT_3D ( 'NONE', #4767, #766, #832 ) ;
#3998 = ORIENTED_EDGE ( 'NONE', *, *, #1609, .F. ) ;
#3999 = DIRECTION ( 'NONE',  ( -0.5735764363510436059, 2.968320632402372190E-18, -0.8191520442889934639 ) ) ;
#4000 = CARTESIAN_POINT ( 'NONE',  ( -158.9899999999999807, 11.00000000000000000, -3.841044810000013410 ) ) ;
#4001 = VECTOR ( 'NONE', #3728, 1000.000000000000114 ) ;
#4002 = CARTESIAN_POINT ( 'NONE',  ( -135.8148612484233126, 47.56698729810777593, -38.90291912545239228 ) ) ;
#4003 = CARTESIAN_POINT ( 'NONE',  ( -161.9250000000000398, 41.59500000000250708, -54.16854481000000021 ) ) ;
#4004 = EDGE_CURVE ( 'NONE', #1850, #5599, #1833, .T. ) ;
#4005 = ORIENTED_EDGE ( 'NONE', *, *, #3674, .T. ) ;
#4006 = AXIS2_PLACEMENT_3D ( 'NONE', #2074, #572, #940 ) ;
#4007 = ORIENTED_EDGE ( 'NONE', *, *, #2179, .T. ) ;
#4008 = DIRECTION ( 'NONE',  ( 0.000000000000000000, 0.8660254037844384856, 0.5000000000000001110 ) ) ;
#4009 = ORIENTED_EDGE ( 'NONE', *, *, #5895, .T. ) ;
#4010 = CARTESIAN_POINT ( 'NONE',  ( -83.25000000000000000, 14.28999999999999737, -34.95604481000001584 ) ) ;
#4011 = CARTESIAN_POINT ( 'NONE',  ( -129.0663905506531250, 52.28722406661574240, -32.53104481000284665 ) ) ;
#4012 = FACE_OUTER_BOUND ( 'NONE', #888, .T. ) ;
#4013 = FACE_OUTER_BOUND ( 'NONE', #2921, .T. ) ;
#4014 = EDGE_CURVE ( 'NONE', #3515, #4894, #2362, .T. ) ;
#4015 = ADVANCED_FACE ( 'NONE', ( #5789 ), #5274, .T. ) ;
#4016 = ORIENTED_EDGE ( 'NONE', *, *, #3405, .T. ) ;
#4017 = ORIENTED_EDGE ( 'NONE', *, *, #2867, .F. ) ;
#4018 = DIRECTION ( 'NONE',  ( -1.000000000000000000, -0.000000000000000000, -0.000000000000000000 ) ) ;
#4019 = CARTESIAN_POINT ( 'NONE',  ( -70.25000000000000000, 42.96499999999999631, -44.59245404627308318 ) ) ;
#4020 = DIRECTION ( 'NONE',  ( -1.000000000000000000, -0.000000000000000000, -0.000000000000000000 ) ) ;
#4021 = EDGE_CURVE ( 'NONE', #565, #6189, #2405, .T. ) ;
#4022 = ORIENTED_EDGE ( 'NONE', *, *, #1352, .F. ) ;
#4023 = ORIENTED_EDGE ( 'NONE', *, *, #6356, .T. ) ;
#4024 = ORIENTED_EDGE ( 'NONE', *, *, #4950, .T. ) ;
#4025 = CARTESIAN_POINT ( 'NONE',  ( -114.0000000000000000, 19.94906956167434231, 34.01786087644886436 ) ) ;
#4026 = DIRECTION ( 'NONE',  ( 0.000000000000000000, 0.000000000000000000, -1.000000000000000000 ) ) ;
#4027 = AXIS2_PLACEMENT_3D ( 'NONE', #4539, #1977, #478 ) ;
#4028 = ADVANCED_FACE ( 'NONE', ( #855 ), #1251, .F. ) ;
#4029 = ORIENTED_EDGE ( 'NONE', *, *, #3217, .T. ) ;
#4030 = CARTESIAN_POINT ( 'NONE',  ( -92.76373170523324063, 34.16785356468427182, 40.41765971498401910 ) ) ;
#4031 = CARTESIAN_POINT ( 'NONE',  ( -70.25000000000000000, 15.63000000000000789, 26.08536442627307750 ) ) ;
#4032 = CARTESIAN_POINT ( 'NONE',  ( -100.9000000000000625, 9.527500000002524061, -58.16854481000000021 ) ) ;
#4033 = DIRECTION ( 'NONE',  ( -0.000000000000000000, 0.4999999999999995004, 0.8660254037844389297 ) ) ;
#4034 = ORIENTED_EDGE ( 'NONE', *, *, #1353, .T. ) ;
#4035 = ORIENTED_EDGE ( 'NONE', *, *, #1658, .F. ) ;
#4036 = EDGE_CURVE ( 'NONE', #1159, #2686, #4395, .T. ) ;
#4037 = CARTESIAN_POINT ( 'NONE',  ( -115.2700000000000529, 52.28722406661574951, -32.53104481000286796 ) ) ;
#4038 = ORIENTED_EDGE ( 'NONE', *, *, #2893, .T. ) ;
#4039 = CARTESIAN_POINT ( 'NONE',  ( -128.2200000000000273, 3.299999999999997158, -1.646939757670788027E-13 ) ) ;
#4040 = DIRECTION ( 'NONE',  ( -0.000000000000000000, -1.000000000000000000, -0.000000000000000000 ) ) ;
#4041 = CARTESIAN_POINT ( 'NONE',  ( -100.9000000000000625, 49.76715990553590530, -58.24957121884516908 ) ) ;
#4042 = DIRECTION ( 'NONE',  ( 0.000000000000000000, 0.000000000000000000, 1.000000000000000000 ) ) ;
#4043 = ORIENTED_EDGE ( 'NONE', *, *, #4866, .F. ) ;
#4044 = ORIENTED_EDGE ( 'NONE', *, *, #5534, .T. ) ;
#4045 = CARTESIAN_POINT ( 'NONE',  ( -70.25000000000000000, 7.840000000000005187, -44.59245404627309028 ) ) ;
#4046 = ADVANCED_FACE ( 'NONE', ( #366, #3364, #4361, #822, #3886 ), #2815, .T. ) ;
#4047 = CARTESIAN_POINT ( 'NONE',  ( -70.25000000000000000, 20.73999999999998067, -37.14463557372693003 ) ) ;
#4048 = DIRECTION ( 'NONE',  ( -1.000000000000000000, -0.000000000000000000, -0.000000000000000000 ) ) ;
#4049 = VECTOR ( 'NONE', #3771, 1000.000000000000000 ) ;
#4050 = ORIENTED_EDGE ( 'NONE', *, *, #2189, .F. ) ;
#4051 = ORIENTED_EDGE ( 'NONE', *, *, #2701, .T. ) ;
#4052 = EDGE_CURVE ( 'NONE', #3376, #5947, #6374, .T. ) ;
#4053 = ORIENTED_EDGE ( 'NONE', *, *, #2472, .T. ) ;
#4054 = EDGE_CURVE ( 'NONE', #2403, #5131, #2513, .T. ) ;
#4055 = CARTESIAN_POINT ( 'NONE',  ( -83.25000000000000000, 28.53000000000000469, 26.08536442627307750 ) ) ;
#4056 = FACE_OUTER_BOUND ( 'NONE', #5870, .T. ) ;
#4057 = CARTESIAN_POINT ( 'NONE',  ( -83.25000000000000000, 36.51499999999999346, -40.86854481000000305 ) ) ;
#4058 = ORIENTED_EDGE ( 'NONE', *, *, #93, .F. ) ;
#4059 = DIRECTION ( 'NONE',  ( -1.000000000000000000, 0.000000000000000000, 0.000000000000000000 ) ) ;
#4060 = CARTESIAN_POINT ( 'NONE',  ( -128.2199999999999989, 44.45250000000255852, -32.93104481000286654 ) ) ;
#4061 = LINE ( 'NONE', #1584, #5059 ) ;
#4062 = VECTOR ( 'NONE', #1265, 1000.000000000000000 ) ;
#4063 = ORIENTED_EDGE ( 'NONE', *, *, #4250, .T. ) ;
#4064 = VECTOR ( 'NONE', #4020, 1000.000000000000000 ) ;
#4065 = CARTESIAN_POINT ( 'NONE',  ( -70.25000000000000000, 14.28999999999999382, -33.42072633745384991 ) ) ;
#4066 = ORIENTED_EDGE ( 'NONE', *, *, #1602, .T. ) ;
#4067 = CIRCLE ( 'NONE', #6240, 15.00000000000000000 ) ;
#4068 = DIRECTION ( 'NONE',  ( 0.000000000000000000, 0.000000000000000000, 1.000000000000000000 ) ) ;
#4069 = DIRECTION ( 'NONE',  ( 0.000000000000000000, 0.3817535280400566333, 0.9242641634451536081 ) ) ;
#4070 = DIRECTION ( 'NONE',  ( 0.7071067811865489050, -2.562307770017801438E-18, 0.7071067811865461294 ) ) ;
#4071 = CARTESIAN_POINT ( 'NONE',  ( -70.25000000000000000, 4.549999999999998934, -2.652454046273100552 ) ) ;
#4072 = EDGE_CURVE ( 'NONE', #2481, #2036, #2847, .T. ) ;
#4073 = AXIS2_PLACEMENT_3D ( 'NONE', #328, #5890, #2945 ) ;
#4074 = AXIS2_PLACEMENT_3D ( 'NONE', #2180, #2218, #4157 ) ;
#4075 = ORIENTED_EDGE ( 'NONE', *, *, #3529, .T. ) ;
#4076 = EDGE_LOOP ( 'NONE', ( #5689, #5923, #4848, #2823 ) ) ;
#4077 = CARTESIAN_POINT ( 'NONE',  ( -70.25000000000000000, 36.51499999999998636, -33.42072633745382859 ) ) ;
#4078 = DIRECTION ( 'NONE',  ( 1.000000000000000000, 0.000000000000000000, 0.000000000000000000 ) ) ;
#4079 = CARTESIAN_POINT ( 'NONE',  ( -114.0000000000000000, 22.07999999999999829, 22.36145518999998671 ) ) ;
#4080 = EDGE_CURVE ( 'NONE', #5602, #4770, #2828, .T. ) ;
#4081 = ORIENTED_EDGE ( 'NONE', *, *, #474, .T. ) ;
#4082 = VERTEX_POINT ( 'NONE', #4851 ) ;
#4083 = ORIENTED_EDGE ( 'NONE', *, *, #2143, .F. ) ;
#4084 = CARTESIAN_POINT ( 'NONE',  ( -98.79797079162837292, 5.440437620476783920, -61.46854480999999737 ) ) ;
#4085 = CARTESIAN_POINT ( 'NONE',  ( -70.25000000000000000, 35.30168919948091144, 43.65959274290920433 ) ) ;
#4086 = AXIS2_PLACEMENT_3D ( 'NONE', #4394, #821, #6373 ) ;
#4087 = CARTESIAN_POINT ( 'NONE',  ( -115.2699999999999818, 36.51499999999999346, -40.86854481000000305 ) ) ;
#4088 = EDGE_CURVE ( 'NONE', #4113, #3756, #1990, .T. ) ;
#4089 = EDGE_CURVE ( 'NONE', #3297, #5021, #5803, .T. ) ;
#4090 = VECTOR ( 'NONE', #151, 1000.000000000000227 ) ;
#4091 = VERTEX_POINT ( 'NONE', #5857 ) ;
#4092 = CARTESIAN_POINT ( 'NONE',  ( -144.3205584798394341, 32.99411413436673257, 43.93739071259182793 ) ) ;
#4093 = DIRECTION ( 'NONE',  ( -1.000000000000000000, -0.000000000000000000, -0.000000000000000000 ) ) ;
#4094 = CARTESIAN_POINT ( 'NONE',  ( -147.9710775856719636, 3.299999999999999822, -45.23104481000287791 ) ) ;
#4095 = ORIENTED_EDGE ( 'NONE', *, *, #4271, .F. ) ;
#4096 = CYLINDRICAL_SURFACE ( 'NONE', #222, 1.000000000000005995 ) ;
#4097 = AXIS2_PLACEMENT_3D ( 'NONE', #1014, #5981, #3006 ) ;
#4098 = LINE ( 'NONE', #3580, #2745 ) ;
#4099 = FACE_OUTER_BOUND ( 'NONE', #1762, .T. ) ;
#4100 = CARTESIAN_POINT ( 'NONE',  ( -101.4952484682422664, 32.71893976218757416, 45.68706144649257084 ) ) ;
#4101 = FACE_BOUND ( 'NONE', #6150, .T. ) ;
#4102 = CIRCLE ( 'NONE', #2027, 5.889999999999992575 ) ;
#4103 = ORIENTED_EDGE ( 'NONE', *, *, #3255, .F. ) ;
#4104 = ORIENTED_EDGE ( 'NONE', *, *, #5052, .T. ) ;
#4105 = CIRCLE ( 'NONE', #784, 8.000000000000000000 ) ;
#4106 = ORIENTED_EDGE ( 'NONE', *, *, #1905, .F. ) ;
#4107 = CARTESIAN_POINT ( 'NONE',  ( -128.2200000000000273, 47.56698729810776882, -1.648364939988856185E-13 ) ) ;
#4108 = EDGE_CURVE ( 'NONE', #16, #3274, #3914, .T. ) ;
#4109 = CARTESIAN_POINT ( 'NONE',  ( -436.5514533695703108, 10.99999999999999645, 1.071455189999990454 ) ) ;
#4110 = DIRECTION ( 'NONE',  ( 0.000000000000000000, 0.000000000000000000, -1.000000000000000000 ) ) ;
#4111 = VERTEX_POINT ( 'NONE', #4913 ) ;
#4112 = DIRECTION ( 'NONE',  ( 0.000000000000000000, 1.000000000000000000, -0.000000000000000000 ) ) ;
#4113 = VERTEX_POINT ( 'NONE', #1439 ) ;
#4114 = EDGE_CURVE ( 'NONE', #4150, #133, #3422, .T. ) ;
#4115 = ORIENTED_EDGE ( 'NONE', *, *, #4052, .T. ) ;
#4116 = CARTESIAN_POINT ( 'NONE',  ( -132.0725387770978330, 41.27750000000251163, -56.23104481000000021 ) ) ;
#4117 = CARTESIAN_POINT ( 'NONE',  ( -167.9900000000000091, 29.14647833872688309, 41.57974433967225991 ) ) ;
#4118 = CARTESIAN_POINT ( 'NONE',  ( -164.9900000000000091, 32.57515860467621138, -61.46854480999999737 ) ) ;
#4119 = ORIENTED_EDGE ( 'NONE', *, *, #1125, .T. ) ;
#4120 = AXIS2_PLACEMENT_3D ( 'NONE', #4289, #6262, #1819 ) ;
#4121 = CARTESIAN_POINT ( 'NONE',  ( -167.9900000000000091, -109.8107764201335783, -42.18063203856440424 ) ) ;
#4122 = CARTESIAN_POINT ( 'NONE',  ( -135.4687768754712636, 47.56698729810777593, -80.65604481000288217 ) ) ;
#4123 = PLANE ( 'NONE',  #1356 ) ;
#4124 = AXIS2_PLACEMENT_3D ( 'NONE', #2456, #3241, #3854 ) ;
#4125 = ORIENTED_EDGE ( 'NONE', *, *, #4600, .T. ) ;
#4126 = DIRECTION ( 'NONE',  ( 1.000000000000000000, 0.000000000000000000, 0.000000000000000000 ) ) ;
#4127 = LINE ( 'NONE', #5194, #5116 ) ;
#4128 = CARTESIAN_POINT ( 'NONE',  ( -70.25000000000000000, 30.06499999999998707, -44.59245404627309739 ) ) ;
#4129 = EDGE_CURVE ( 'NONE', #5936, #903, #1779, .T. ) ;
#4130 = EDGE_CURVE ( 'NONE', #3531, #399, #1469, .T. ) ;
#4131 = CARTESIAN_POINT ( 'NONE',  ( -101.5520577760990761, 32.71526024921530507, 45.71081054467441618 ) ) ;
#4132 = CARTESIAN_POINT ( 'NONE',  ( -141.8955428914244692, 35.66453749242704419, 42.30542447819460250 ) ) ;
#4133 = VERTEX_POINT ( 'NONE', #2576 ) ;
#4134 = EDGE_LOOP ( 'NONE', ( #642, #2608, #3246, #278 ) ) ;
#4135 = EDGE_LOOP ( 'NONE', ( #5530, #1017, #4685, #4553 ) ) ;
#4136 = FACE_OUTER_BOUND ( 'NONE', #4439, .T. ) ;
#4137 = DIRECTION ( 'NONE',  ( -1.000000000000000000, -0.000000000000000000, -0.000000000000000000 ) ) ;
#4138 = DIRECTION ( 'NONE',  ( 1.000000000000000000, -0.000000000000000000, -0.000000000000000000 ) ) ;
#4139 = EDGE_LOOP ( 'NONE', ( #2435, #175, #6223, #1859 ) ) ;
#4140 = CARTESIAN_POINT ( 'NONE',  ( -129.2399999999999807, -2.213114754098358894, -7.031852683641989898 ) ) ;
#4141 = VERTEX_POINT ( 'NONE', #3005 ) ;
#4142 = LINE ( 'NONE', #2238, #1577 ) ;
#4143 = DIRECTION ( 'NONE',  ( 0.000000000000000000, -0.8660254037844384856, -0.5000000000000004441 ) ) ;
#4144 = ORIENTED_EDGE ( 'NONE', *, *, #5791, .T. ) ;
#4145 = DIRECTION ( 'NONE',  ( 0.000000000000000000, 0.000000000000000000, -1.000000000000000000 ) ) ;
#4146 = DIRECTION ( 'NONE',  ( 0.000000000000000000, -1.000000000000000000, 0.000000000000000000 ) ) ;
#4147 = DIRECTION ( 'NONE',  ( -1.000000000000000000, 0.000000000000000000, 0.000000000000000000 ) ) ;
#4148 = VECTOR ( 'NONE', #1672, 999.9999999999998863 ) ;
#4149 = EDGE_CURVE ( 'NONE', #4258, #2101, #4973, .T. ) ;
#4150 = VERTEX_POINT ( 'NONE', #519 ) ;
#4151 = VECTOR ( 'NONE', #3796, 1000.000000000000000 ) ;
#4152 = DIRECTION ( 'NONE',  ( -0.000000000000000000, -0.000000000000000000, -1.000000000000000000 ) ) ;
#4153 = CARTESIAN_POINT ( 'NONE',  ( -110.4849960995217515, 52.56830429459234466, -35.69663921997059219 ) ) ;
#4154 = CARTESIAN_POINT ( 'NONE',  ( -70.25000000000000000, 17.44999999999999929, 4.795364426273074798 ) ) ;
#4155 = VECTOR ( 'NONE', #6320, 1000.000000000000114 ) ;
#4156 = VERTEX_POINT ( 'NONE', #3035 ) ;
#4157 = DIRECTION ( 'NONE',  ( -1.000000000000000000, 0.000000000000000000, 0.000000000000000000 ) ) ;
#4158 = CARTESIAN_POINT ( 'NONE',  ( -206.3715696155272212, 11.00000000000000000, 1.071455189999986901 ) ) ;
#4159 = CARTESIAN_POINT ( 'NONE',  ( -135.4687768754712636, 47.56698729810777593, -54.16854481000000021 ) ) ;
#4160 = CARTESIAN_POINT ( 'NONE',  ( -102.5713215743849247, 32.65137270654821577, 46.12336417133990807 ) ) ;
#4161 = CIRCLE ( 'NONE', #5821, 5.889999999999992575 ) ;
#4162 = CARTESIAN_POINT ( 'NONE',  ( -141.4666505917412280, 35.54960066089594051, 42.73437457312965648 ) ) ;
#4163 = ORIENTED_EDGE ( 'NONE', *, *, #604, .F. ) ;
#4164 = EDGE_CURVE ( 'NONE', #5839, #3884, #5505, .T. ) ;
#4165 = EDGE_CURVE ( 'NONE', #2862, #4310, #4458, .T. ) ;
#4166 = VECTOR ( 'NONE', #5653, 1000.000000000000000 ) ;
#4167 = EDGE_LOOP ( 'NONE', ( #4416, #6305, #6169, #899, #2078 ) ) ;
#4168 = VERTEX_POINT ( 'NONE', #5004 ) ;
#4169 = LINE ( 'NONE', #6080, #233 ) ;
#4170 = PLANE ( 'NONE',  #5080 ) ;
#4171 = DIRECTION ( 'NONE',  ( -0.000000000000000000, -1.000000000000000000, -0.000000000000000000 ) ) ;
#4172 = AXIS2_PLACEMENT_3D ( 'NONE', #1117, #1457, #3111 ) ;
#4173 = ORIENTED_EDGE ( 'NONE', *, *, #5674, .F. ) ;
#4174 = CIRCLE ( 'NONE', #1379, 5.662500000000014744 ) ;
#4175 = DIRECTION ( 'NONE',  ( 0.3911406403448521862, 0.000000000000000000, -0.9203309184584744784 ) ) ;
#4176 = ORIENTED_EDGE ( 'NONE', *, *, #2413, .F. ) ;
#4177 = CARTESIAN_POINT ( 'NONE',  ( -94.63506792796141553, 33.94247140270340424, 41.10404677681864882 ) ) ;
#4178 = DIRECTION ( 'NONE',  ( -0.000000000000000000, 0.000000000000000000, 1.000000000000000000 ) ) ;
#4179 = ORIENTED_EDGE ( 'NONE', *, *, #4446, .T. ) ;
#4180 = CARTESIAN_POINT ( 'NONE',  ( -146.2297211624204749, 33.52528458711879011, 42.31911973651700976 ) ) ;
#4181 = CARTESIAN_POINT ( 'NONE',  ( -29.30303181239981924, 52.28722406661574951, -32.53104481000291059 ) ) ;
#4182 = DIRECTION ( 'NONE',  ( 0.000000000000000000, -0.8660254037844382635, -0.5000000000000004441 ) ) ;
#4183 = ORIENTED_EDGE ( 'NONE', *, *, #5238, .T. ) ;
#4184 = ORIENTED_EDGE ( 'NONE', *, *, #5831, .T. ) ;
#4185 = AXIS2_PLACEMENT_3D ( 'NONE', #826, #862, #4311 ) ;
#4186 = DIRECTION ( 'NONE',  ( 0.000000000000000000, 0.000000000000000000, 1.000000000000000000 ) ) ;
#4187 = ADVANCED_FACE ( 'NONE', ( #41 ), #4373, .F. ) ;
#4188 = PLANE ( 'NONE',  #5766 ) ;
#4189 = CYLINDRICAL_SURFACE ( 'NONE', #3403, 1.000000000000000888 ) ;
#4190 = CIRCLE ( 'NONE', #1392, 5.912499999999987210 ) ;
#4191 = ORIENTED_EDGE ( 'NONE', *, *, #3087, .T. ) ;
#4192 = LINE ( 'NONE', #1588, #4899 ) ;
#4193 = DIRECTION ( 'NONE',  ( 0.000000000000000000, 0.000000000000000000, -1.000000000000000000 ) ) ;
#4194 = ADVANCED_FACE ( 'NONE', ( #71 ), #4476, .F. ) ;
#4195 = CARTESIAN_POINT ( 'NONE',  ( -141.7494366561816435, 10.16250000000252918, -52.23104480999999311 ) ) ;
#4196 = CIRCLE ( 'NONE', #1395, 162.3849632677970476 ) ;
#4197 = CARTESIAN_POINT ( 'NONE',  ( -114.8113720165046345, 43.19865385399337043, -52.58713401639744234 ) ) ;
#4198 = DIRECTION ( 'NONE',  ( 0.000000000000000000, 0.000000000000000000, 1.000000000000000000 ) ) ;
#4199 = ORIENTED_EDGE ( 'NONE', *, *, #908, .T. ) ;
#4200 = VECTOR ( 'NONE', #1945, 1000.000000000000000 ) ;
#4201 = ORIENTED_EDGE ( 'NONE', *, *, #426, .F. ) ;
#4202 = ORIENTED_EDGE ( 'NONE', *, *, #1001, .F. ) ;
#4203 = CARTESIAN_POINT ( 'NONE',  ( -114.0000000000000000, 11.00000000000000000, 1.071455189999986901 ) ) ;
#4204 = DIRECTION ( 'NONE',  ( 0.000000000000000000, -0.4999999999999995559, -0.8660254037844389297 ) ) ;
#4205 = CARTESIAN_POINT ( 'NONE',  ( -84.25000000000000000, 11.00000000000000000, 1.071455189999986901 ) ) ;
#4206 = EDGE_CURVE ( 'NONE', #1781, #3128, #3864, .T. ) ;
#4207 = EDGE_CURVE ( 'NONE', #4857, #4319, #5030, .T. ) ;
#4208 = AXIS2_PLACEMENT_3D ( 'NONE', #6103, #1131, #4579 ) ;
#4209 = ORIENTED_EDGE ( 'NONE', *, *, #3896, .F. ) ;
#4210 = DIRECTION ( 'NONE',  ( 0.000000000000000000, -0.8660254037844389297, 0.4999999999999996114 ) ) ;
#4211 = EDGE_LOOP ( 'NONE', ( #3197, #4971, #1403, #2134 ) ) ;
#4212 = DIRECTION ( 'NONE',  ( 0.000000000000000000, 0.000000000000000000, -1.000000000000000000 ) ) ;
#4213 = DIRECTION ( 'NONE',  ( -1.000000000000000000, 0.000000000000000000, 0.000000000000000000 ) ) ;
#4214 = ORIENTED_EDGE ( 'NONE', *, *, #36, .F. ) ;
#4215 = DIRECTION ( 'NONE',  ( -1.000000000000000000, 0.000000000000000000, 0.000000000000000000 ) ) ;
#4216 = CARTESIAN_POINT ( 'NONE',  ( -70.25000000000000000, -2.213114754098358894, 9.174763063641963257 ) ) ;
#4217 = ADVANCED_FACE ( 'NONE', ( #97 ), #490, .T. ) ;
#4218 = ADVANCED_FACE ( 'NONE', ( #5490 ), #2082, .T. ) ;
#4219 = CARTESIAN_POINT ( 'NONE',  ( -69.41899135999115344, 22.07999999999999829, 17.47145518999998970 ) ) ;
#4220 = ORIENTED_EDGE ( 'NONE', *, *, #2472, .F. ) ;
#4221 = ORIENTED_EDGE ( 'NONE', *, *, #4271, .T. ) ;
#4222 = CARTESIAN_POINT ( 'NONE',  ( -84.25000000000000000, 22.07999999999999829, 22.36145518999998671 ) ) ;
#4223 = EDGE_CURVE ( 'NONE', #4847, #4408, #1040, .T. ) ;
#4224 = FACE_OUTER_BOUND ( 'NONE', #6086, .T. ) ;
#4225 = LINE ( 'NONE', #4154, #2265 ) ;
#4226 = ORIENTED_EDGE ( 'NONE', *, *, #1447, .T. ) ;
#4227 = DIRECTION ( 'NONE',  ( -0.7071067811865489050, 0.000000000000000000, -0.7071067811865461294 ) ) ;
#4228 = DIRECTION ( 'NONE',  ( 1.000000000000000000, 0.000000000000000000, -5.123939793633151980E-16 ) ) ;
#4229 = LINE ( 'NONE', #6131, #1368 ) ;
#4230 = DIRECTION ( 'NONE',  ( 0.000000000000000000, -1.734723475976807094E-15, -1.000000000000000000 ) ) ;
#4231 = DIRECTION ( 'NONE',  ( 0.000000000000000000, 0.000000000000000000, 1.000000000000000000 ) ) ;
#4232 = VECTOR ( 'NONE', #5967, 1000.000000000000114 ) ;
#4233 = ORIENTED_EDGE ( 'NONE', *, *, #720, .F. ) ;
#4234 = EDGE_CURVE ( 'NONE', #3949, #5635, #2550, .T. ) ;
#4235 = VERTEX_POINT ( 'NONE', #6007 ) ;
#4236 = ORIENTED_EDGE ( 'NONE', *, *, #5591, .T. ) ;
#4237 = DIRECTION ( 'NONE',  ( 0.000000000000000000, -0.8660254037844389297, 0.4999999999999994449 ) ) ;
#4238 = LINE ( 'NONE', #1765, #5302 ) ;
#4239 = DIRECTION ( 'NONE',  ( -1.000000000000000000, -0.000000000000000000, -0.000000000000000000 ) ) ;
#4240 = EDGE_LOOP ( 'NONE', ( #6092, #4273, #1306, #2135, #1831, #4330, #5658, #239, #4209, #4536, #4920, #5442 ) ) ;
#4241 = CARTESIAN_POINT ( 'NONE',  ( -141.7494366561816435, 10.16250000000252918, -56.23104481000000021 ) ) ;
#4242 = ORIENTED_EDGE ( 'NONE', *, *, #4036, .T. ) ;
#4243 = DIRECTION ( 'NONE',  ( -1.000000000000000000, 1.063208454308063137E-15, 0.000000000000000000 ) ) ;
#4244 = DIRECTION ( 'NONE',  ( 0.000000000000000000, 1.000000000000000000, 0.000000000000000000 ) ) ;
#4245 = EDGE_LOOP ( 'NONE', ( #1517, #5192, #5760, #3426, #2706 ) ) ;
#4246 = FACE_OUTER_BOUND ( 'NONE', #3633, .T. ) ;
#4247 = DIRECTION ( 'NONE',  ( -0.000000000000000000, -0.000000000000000000, -1.000000000000000000 ) ) ;
#4248 = CARTESIAN_POINT ( 'NONE',  ( -128.2199999999999704, 3.299999999999997158, -52.37850603290216611 ) ) ;
#4249 = ADVANCED_FACE ( 'NONE', ( #1591 ), #3095, .F. ) ;
#4250 = EDGE_CURVE ( 'NONE', #5663, #3038, #4645, .T. ) ;
#4251 = ORIENTED_EDGE ( 'NONE', *, *, #5176, .F. ) ;
#4252 = ORIENTED_EDGE ( 'NONE', *, *, #2009, .T. ) ;
#4253 = CARTESIAN_POINT ( 'NONE',  ( -146.8213534408048986, 36.63052557272137477, 38.70030788303035507 ) ) ;
#4254 = LINE ( 'NONE', #1295, #5598 ) ;
#4255 = CARTESIAN_POINT ( 'NONE',  ( -94.60782474442646617, 9.018853248667547007, -3.725102825279746011 ) ) ;
#4256 = EDGE_CURVE ( 'NONE', #5643, #5087, #2220, .T. ) ;
#4257 = AXIS2_PLACEMENT_3D ( 'NONE', #4856, #4824, #4274 ) ;
#4258 = VERTEX_POINT ( 'NONE', #5586 ) ;
#4259 = DIRECTION ( 'NONE',  ( 1.000000000000000000, -0.000000000000000000, -0.000000000000000000 ) ) ;
#4260 = CARTESIAN_POINT ( 'NONE',  ( -148.2900000000000205, 40.64250000000248519, -56.23104481000000021 ) ) ;
#4261 = DIRECTION ( 'NONE',  ( -1.000000000000000000, 0.000000000000000000, 0.000000000000000000 ) ) ;
#4262 = CARTESIAN_POINT ( 'NONE',  ( -101.3944691809015524, 35.65018665486662996, 42.35898253310126194 ) ) ;
#4263 = CARTESIAN_POINT ( 'NONE',  ( -140.9558426896417700, 35.45819157960755774, 43.07551790877108289 ) ) ;
#4264 = AXIS2_PLACEMENT_3D ( 'NONE', #499, #4532, #3555 ) ;
#4265 = ORIENTED_EDGE ( 'NONE', *, *, #1657, .F. ) ;
#4266 = VERTEX_POINT ( 'NONE', #6073 ) ;
#4267 = ORIENTED_EDGE ( 'NONE', *, *, #111, .T. ) ;
#4268 = DIRECTION ( 'NONE',  ( 0.000000000000000000, 0.000000000000000000, -1.000000000000000000 ) ) ;
#4269 = DIRECTION ( 'NONE',  ( -0.5735764363510436059, 0.000000000000000000, -0.8191520442889934639 ) ) ;
#4270 = CARTESIAN_POINT ( 'NONE',  ( -98.05879061864956725, 33.26319685504110168, 43.17351118243782793 ) ) ;
#4271 = EDGE_CURVE ( 'NONE', #4359, #1737, #3157, .T. ) ;
#4272 = CIRCLE ( 'NONE', #4989, 3.325000000000015277 ) ;
#4273 = ORIENTED_EDGE ( 'NONE', *, *, #2544, .T. ) ;
#4274 = DIRECTION ( 'NONE',  ( 0.000000000000000000, 3.623650399333141451E-18, -1.000000000000000000 ) ) ;
#4275 = VERTEX_POINT ( 'NONE', #3643 ) ;
#4276 = DIRECTION ( 'NONE',  ( 0.000000000000000000, 0.000000000000000000, -1.000000000000000000 ) ) ;
#4277 = LINE ( 'NONE', #4732, #5297 ) ;
#4278 = ORIENTED_EDGE ( 'NONE', *, *, #2335, .F. ) ;
#4279 = CIRCLE ( 'NONE', #5511, 4.889999999999998792 ) ;
#4280 = CARTESIAN_POINT ( 'NONE',  ( -129.2399999999999807, 22.07999999999999829, 17.47145518999998970 ) ) ;
#4281 = CYLINDRICAL_SURFACE ( 'NONE', #886, 6.749999999999992006 ) ;
#4282 = EDGE_CURVE ( 'NONE', #5185, #3816, #257, .T. ) ;
#4283 = AXIS2_PLACEMENT_3D ( 'NONE', #3189, #4643, #184 ) ;
#4284 = EDGE_LOOP ( 'NONE', ( #956, #5903 ) ) ;
#4285 = ORIENTED_EDGE ( 'NONE', *, *, #1624, .F. ) ;
#4286 = DIRECTION ( 'NONE',  ( 0.000000000000000000, 0.8660254037844387076, -0.4999999999999997224 ) ) ;
#4287 = DIRECTION ( 'NONE',  ( -1.000000000000000000, -0.000000000000000000, -0.000000000000000000 ) ) ;
#4288 = AXIS2_PLACEMENT_3D ( 'NONE', #508, #2411, #1427 ) ;
#4289 = CARTESIAN_POINT ( 'NONE',  ( -161.9250000000000398, 41.59500000000250708, -61.46854480999999737 ) ) ;
#4290 = EDGE_CURVE ( 'NONE', #5185, #4618, #1623, .T. ) ;
#4291 = EDGE_CURVE ( 'NONE', #2674, #3722, #4229, .T. ) ;
#4292 = VECTOR ( 'NONE', #2367, 1000.000000000000000 ) ;
#4293 = VERTEX_POINT ( 'NONE', #4195 ) ;
#4294 = CARTESIAN_POINT ( 'NONE',  ( -102.3250224262326498, 35.45174649067288897, 43.09957130813452153 ) ) ;
#4295 = DIRECTION ( 'NONE',  ( 0.000000000000000000, 0.000000000000000000, 1.000000000000000000 ) ) ;
#4296 = FACE_OUTER_BOUND ( 'NONE', #473, .T. ) ;
#4297 = DIRECTION ( 'NONE',  ( 0.000000000000000000, -0.9996192873002698320, -0.02759131126461155867 ) ) ;
#4298 = EDGE_CURVE ( 'NONE', #3992, #4091, #2149, .T. ) ;
#4299 = CARTESIAN_POINT ( 'NONE',  ( -152.8740853889376581, 47.56698729810777593, -54.16854481000000021 ) ) ;
#4300 = CIRCLE ( 'NONE', #2851, 4.912500000000000533 ) ;
#4301 = EDGE_LOOP ( 'NONE', ( #3254, #4410, #5496, #4535 ) ) ;
#4302 = DIRECTION ( 'NONE',  ( 0.000000000000000000, 0.000000000000000000, -1.000000000000000000 ) ) ;
#4303 = VECTOR ( 'NONE', #1031, 1000.000000000000000 ) ;
#4304 = ORIENTED_EDGE ( 'NONE', *, *, #617, .T. ) ;
#4305 = DIRECTION ( 'NONE',  ( -1.000000000000000000, -0.000000000000000000, -0.000000000000000000 ) ) ;
#4306 = DIRECTION ( 'NONE',  ( -1.000000000000000000, 0.000000000000000000, 0.000000000000000000 ) ) ;
#4307 = CARTESIAN_POINT ( 'NONE',  ( -129.2399999999999523, 10.99999999999999645, 1.071455189999990454 ) ) ;
#4308 = AXIS2_PLACEMENT_3D ( 'NONE', #3601, #5113, #3051 ) ;
#4309 = CARTESIAN_POINT ( 'NONE',  ( -102.6006896435551994, 35.42188314933824245, 43.21102281527925726 ) ) ;
#4310 = VERTEX_POINT ( 'NONE', #2255 ) ;
#4311 = DIRECTION ( 'NONE',  ( 0.000000000000000000, 0.000000000000000000, 1.000000000000000000 ) ) ;
#4312 = DIRECTION ( 'NONE',  ( -0.7071067811865482389, 8.659560562354927928E-17, -0.7071067811865469066 ) ) ;
#4313 = EDGE_LOOP ( 'NONE', ( #5996, #4929, #998, #5166 ) ) ;
#4314 = VECTOR ( 'NONE', #1794, 1000.000000000000000 ) ;
#4315 = DIRECTION ( 'NONE',  ( 1.000000000000000000, -0.000000000000000000, -0.000000000000000000 ) ) ;
#4316 = CARTESIAN_POINT ( 'NONE',  ( -113.0000000000000000, 11.00000000000000000, -3.841044810000013410 ) ) ;
#4317 = AXIS2_PLACEMENT_3D ( 'NONE', #1123, #5679, #1223 ) ;
#4318 = EDGE_CURVE ( 'NONE', #1281, #458, #5616, .T. ) ;
#4319 = VERTEX_POINT ( 'NONE', #5091 ) ;
#4320 = VERTEX_POINT ( 'NONE', #6198 ) ;
#4321 = DIRECTION ( 'NONE',  ( 1.000000000000000000, 0.000000000000000000, 0.000000000000000000 ) ) ;
#4322 = DIRECTION ( 'NONE',  ( -0.7071067811865552333, 0.000000000000000000, 0.7071067811865398012 ) ) ;
#4323 = DIRECTION ( 'NONE',  ( 0.000000000000000000, 0.000000000000000000, -1.000000000000000000 ) ) ;
#4324 = ORIENTED_EDGE ( 'NONE', *, *, #4080, .F. ) ;
#4325 = DIRECTION ( 'NONE',  ( 0.000000000000000000, -1.000000000000000000, -3.623650399333143762E-18 ) ) ;
#4326 = CARTESIAN_POINT ( 'NONE',  ( -141.5648952942561891, 32.70783608654419794, 45.75876268425935223 ) ) ;
#4327 = CARTESIAN_POINT ( 'NONE',  ( -129.2399999999999807, 11.00000000000000000, -9.928544809996907361 ) ) ;
#4328 = DIRECTION ( 'NONE',  ( -0.000000000000000000, -0.000000000000000000, -1.000000000000000000 ) ) ;
#4329 = CARTESIAN_POINT ( 'NONE',  ( -70.25000000000000000, 20.73999999999998067, -44.59245404627310450 ) ) ;
#4330 = ORIENTED_EDGE ( 'NONE', *, *, #5364, .T. ) ;
#4331 = EDGE_CURVE ( 'NONE', #3890, #107, #4272, .T. ) ;
#4332 = ORIENTED_EDGE ( 'NONE', *, *, #1970, .T. ) ;
#4333 = EDGE_CURVE ( 'NONE', #3062, #4911, #1757, .T. ) ;
#4334 = ORIENTED_EDGE ( 'NONE', *, *, #1233, .F. ) ;
#4335 = FACE_OUTER_BOUND ( 'NONE', #5893, .T. ) ;
#4336 = DIRECTION ( 'NONE',  ( 0.000000000000000000, 0.000000000000000000, -1.000000000000000000 ) ) ;
#4337 = DIRECTION ( 'NONE',  ( 0.9203309184584744784, 0.000000000000000000, 0.3911406403448521862 ) ) ;
#4338 = AXIS2_PLACEMENT_3D ( 'NONE', #4664, #206, #1713 ) ;
#4339 = CARTESIAN_POINT ( 'NONE',  ( -101.1337810100959587, 32.74143508066483577, 45.54177923844415687 ) ) ;
#4340 = ORIENTED_EDGE ( 'NONE', *, *, #1141, .F. ) ;
#4341 = DIRECTION ( 'NONE',  ( 1.000000000000000000, 0.000000000000000000, 0.000000000000000000 ) ) ;
#4342 = LINE ( 'NONE', #4859, #311 ) ;
#4343 = DIRECTION ( 'NONE',  ( 0.000000000000000000, 0.000000000000000000, -1.000000000000000000 ) ) ;
#4344 = ORIENTED_EDGE ( 'NONE', *, *, #2289, .T. ) ;
#4345 = ORIENTED_EDGE ( 'NONE', *, *, #2742, .F. ) ;
#4346 = DIRECTION ( 'NONE',  ( -1.000000000000000000, -0.000000000000000000, -0.000000000000000000 ) ) ;
#4347 = CARTESIAN_POINT ( 'NONE',  ( -161.9250000000000398, 9.210000000002505516, -56.23104481000000021 ) ) ;
#4348 = CARTESIAN_POINT ( 'NONE',  ( -100.9000000000000625, 47.56698729810777593, -58.24957121884516908 ) ) ;
#4349 = ADVANCED_FACE ( 'NONE', ( #186 ), #2603, .T. ) ;
#4350 = ORIENTED_EDGE ( 'NONE', *, *, #1712, .F. ) ;
#4351 = DIRECTION ( 'NONE',  ( 0.000000000000000000, 0.000000000000000000, -1.000000000000000000 ) ) ;
#4352 = DIRECTION ( 'NONE',  ( -1.000000000000000000, 0.000000000000000000, 0.000000000000000000 ) ) ;
#4353 = CARTESIAN_POINT ( 'NONE',  ( -70.25000000000000000, 17.44999999999999929, 4.795364426273074798 ) ) ;
#4354 = DIRECTION ( 'NONE',  ( 0.000000000000000000, -1.000000000000000000, 0.000000000000000000 ) ) ;
#4355 = CARTESIAN_POINT ( 'NONE',  ( -101.6533479590416533, 4.318702130404877160, -56.47698778580608092 ) ) ;
#4356 = VECTOR ( 'NONE', #6146, 1000.000000000000000 ) ;
#4357 = ORIENTED_EDGE ( 'NONE', *, *, #1298, .F. ) ;
#4358 = ORIENTED_EDGE ( 'NONE', *, *, #1182, .F. ) ;
#4359 = VERTEX_POINT ( 'NONE', #2183 ) ;
#4360 = DIRECTION ( 'NONE',  ( 0.000000000000000000, 0.000000000000000000, 1.000000000000000000 ) ) ;
#4361 = FACE_BOUND ( 'NONE', #3345, .T. ) ;
#4362 = AXIS2_PLACEMENT_3D ( 'NONE', #5865, #3401, #3921 ) ;
#4363 = PLANE ( 'NONE',  #2523 ) ;
#4364 = AXIS2_PLACEMENT_3D ( 'NONE', #1683, #3705, #2731 ) ;
#4365 = ADVANCED_FACE ( 'NONE', ( #4099 ), #5232, .F. ) ;
#4366 = EDGE_CURVE ( 'NONE', #3604, #978, #3191, .T. ) ;
#4367 = AXIS2_PLACEMENT_3D ( 'NONE', #3133, #790, #2782 ) ;
#4368 = PLANE ( 'NONE',  #833 ) ;
#4369 = ORIENTED_EDGE ( 'NONE', *, *, #6290, .T. ) ;
#4370 = CARTESIAN_POINT ( 'NONE',  ( -108.2850000000000392, 10.16250000000252918, -61.46854480999999737 ) ) ;
#4371 = CARTESIAN_POINT ( 'NONE',  ( -436.5514533695703108, 23.90420763446055119, 32.31385584421555990 ) ) ;
#4372 = CARTESIAN_POINT ( 'NONE',  ( -154.8305633438184259, 10.16250000000252918, -61.46854480999999737 ) ) ;
#4373 = CONICAL_SURFACE ( 'NONE', #5410, 5.889999999999992575, 0.7853981633974445042 ) ;
#4374 = AXIS2_PLACEMENT_3D ( 'NONE', #4938, #4596, #482 ) ;
#4375 = ORIENTED_EDGE ( 'NONE', *, *, #1778, .F. ) ;
#4376 = VERTEX_POINT ( 'NONE', #5162 ) ;
#4377 = CARTESIAN_POINT ( 'NONE',  ( -133.9693348530389017, 3.299999999999999822, 19.56062843536383511 ) ) ;
#4378 = FACE_OUTER_BOUND ( 'NONE', #3204, .T. ) ;
#4379 = VECTOR ( 'NONE', #456, 1000.000000000000227 ) ;
#4380 = EDGE_LOOP ( 'NONE', ( #2675, #5027 ) ) ;
#4381 = DIRECTION ( 'NONE',  ( -1.000000000000000000, 0.000000000000000000, 0.000000000000000000 ) ) ;
#4382 = CIRCLE ( 'NONE', #1480, 6.526372016504577545 ) ;
#4383 = DIRECTION ( 'NONE',  ( 0.000000000000000000, 0.000000000000000000, 1.000000000000000000 ) ) ;
#4384 = CARTESIAN_POINT ( 'NONE',  ( -167.9900000000000091, 32.57515860467621138, -59.96854480999999737 ) ) ;
#4385 = CARTESIAN_POINT ( 'NONE',  ( -83.25000000000000000, 14.29000000000000448, -48.31636328254617752 ) ) ;
#4386 = DIRECTION ( 'NONE',  ( 0.000000000000000000, 0.000000000000000000, 1.000000000000000000 ) ) ;
#4387 = AXIS2_PLACEMENT_3D ( 'NONE', #6381, #5769, #3857 ) ;
#4388 = VERTEX_POINT ( 'NONE', #707 ) ;
#4389 = ORIENTED_EDGE ( 'NONE', *, *, #3559, .F. ) ;
#4390 = EDGE_CURVE ( 'NONE', #3310, #4423, #5086, .T. ) ;
#4391 = EDGE_CURVE ( 'NONE', #1526, #107, #218, .T. ) ;
#4392 = CARTESIAN_POINT ( 'NONE',  ( -101.5216720865119697, 6.697995275715473262, -56.23104481000000021 ) ) ;
#4393 = ORIENTED_EDGE ( 'NONE', *, *, #6126, .F. ) ;
#4394 = CARTESIAN_POINT ( 'NONE',  ( -134.5416634514403142, 33.69407143524743020, 49.65930391817875034 ) ) ;
#4395 = LINE ( 'NONE', #3301, #2923 ) ;
#4396 = DIRECTION ( 'NONE',  ( 0.000000000000000000, 4.601153825595207714E-15, -1.000000000000000000 ) ) ;
#4397 = DIRECTION ( 'NONE',  ( 0.000000000000000000, 0.000000000000000000, -1.000000000000000000 ) ) ;
#4398 = AXIS2_PLACEMENT_3D ( 'NONE', #5430, #983, #4972 ) ;
#4399 = VERTEX_POINT ( 'NONE', #1230 ) ;
#4400 = ORIENTED_EDGE ( 'NONE', *, *, #3340, .F. ) ;
#4401 = CYLINDRICAL_SURFACE ( 'NONE', #4387, 8.000000000000001776 ) ;
#4402 = EDGE_CURVE ( 'NONE', #4399, #1926, #2634, .T. ) ;
#4403 = DIRECTION ( 'NONE',  ( -1.000000000000000000, 0.000000000000000000, 0.000000000000000000 ) ) ;
#4404 = EDGE_CURVE ( 'NONE', #1928, #4874, #6363, .T. ) ;
#4405 = DIRECTION ( 'NONE',  ( 1.000000000000000000, -0.000000000000000000, -0.000000000000000000 ) ) ;
#4406 = CIRCLE ( 'NONE', #2234, 15.00000000000000000 ) ;
#4407 = VECTOR ( 'NONE', #4286, 1000.000000000000114 ) ;
#4408 = VERTEX_POINT ( 'NONE', #781 ) ;
#4409 = EDGE_CURVE ( 'NONE', #5337, #722, #6235, .T. ) ;
#4410 = ORIENTED_EDGE ( 'NONE', *, *, #5899, .F. ) ;
#4411 = ADVANCED_FACE ( 'NONE', ( #5847 ), #2774, .F. ) ;
#4412 = CARTESIAN_POINT ( 'NONE',  ( -143.0062704887300242, 35.96223380997543018, 41.19440669587793735 ) ) ;
#4413 = B_SPLINE_CURVE_WITH_KNOTS ( 'NONE', 3,
 ( #1705, #3690, #235, #2267 ),
 .UNSPECIFIED., .F., .F.,
 ( 4, 4 ),
 ( 0.000000000000000000, 0.002363260013691496561 ),
 .UNSPECIFIED. ) ;
#4414 = FACE_OUTER_BOUND ( 'NONE', #3279, .T. ) ;
#4415 = AXIS2_PLACEMENT_3D ( 'NONE', #5254, #1842, #241 ) ;
#4416 = ORIENTED_EDGE ( 'NONE', *, *, #2, .F. ) ;
#4417 = LINE ( 'NONE', #2012, #3250 ) ;
#4418 = LINE ( 'NONE', #6394, #5748 ) ;
#4419 = CARTESIAN_POINT ( 'NONE',  ( -167.9900000000000091, 36.51499999999999346, -40.86854481000000305 ) ) ;
#4420 = DIRECTION ( 'NONE',  ( 1.000000000000000000, -0.000000000000000000, -0.000000000000000000 ) ) ;
#4421 = CARTESIAN_POINT ( 'NONE',  ( -148.2900000000000205, 10.16250000000252918, -52.23104480999999311 ) ) ;
#4422 = ORIENTED_EDGE ( 'NONE', *, *, #3215, .F. ) ;
#4423 = VERTEX_POINT ( 'NONE', #4778 ) ;
#4424 = CARTESIAN_POINT ( 'NONE',  ( -83.25000000000000000, 7.840000000000005187, -44.59245404627309028 ) ) ;
#4425 = ORIENTED_EDGE ( 'NONE', *, *, #3337, .T. ) ;
#4426 = FACE_OUTER_BOUND ( 'NONE', #689, .T. ) ;
#4427 = CARTESIAN_POINT ( 'NONE',  ( -161.5131842133284295, 3.299999999999999822, -45.23104481000285659 ) ) ;
#4428 = LINE ( 'NONE', #1470, #1714 ) ;
#4429 = DIRECTION ( 'NONE',  ( 0.000000000000000000, 0.000000000000000000, -1.000000000000000000 ) ) ;
#4430 = DIRECTION ( 'NONE',  ( 1.000000000000000000, 0.000000000000000000, 0.000000000000000000 ) ) ;
#4431 = EDGE_CURVE ( 'NONE', #6212, #2529, #3033, .T. ) ;
#4432 = VERTEX_POINT ( 'NONE', #3813 ) ;
#4433 = ORIENTED_EDGE ( 'NONE', *, *, #4843, .T. ) ;
#4434 = DIRECTION ( 'NONE',  ( -1.000000000000000000, 0.000000000000000000, -6.427877632151207979E-16 ) ) ;
#4435 = CYLINDRICAL_SURFACE ( 'NONE', #1453, 8.000000000000000000 ) ;
#4436 = DIRECTION ( 'NONE',  ( -0.7071067811865531239, 0.000000000000000000, 0.7071067811865420216 ) ) ;
#4437 = VECTOR ( 'NONE', #816, 1000.000000000000000 ) ;
#4438 = VECTOR ( 'NONE', #57, 1000.000000000000000 ) ;
#4439 = EDGE_LOOP ( 'NONE', ( #3942, #297, #2899, #6107 ) ) ;
#4440 = ORIENTED_EDGE ( 'NONE', *, *, #256, .F. ) ;
#4441 = VECTOR ( 'NONE', #494, 1000.000000000000114 ) ;
#4442 = DIRECTION ( 'NONE',  ( -0.000000000000000000, -1.000000000000000000, -0.000000000000000000 ) ) ;
#4443 =( BOUNDED_CURVE ( )  B_SPLINE_CURVE ( 3, ( #412, #4937, #2930, #481 ),
 .UNSPECIFIED., .F., .F. ) 
 B_SPLINE_CURVE_WITH_KNOTS ( ( 4, 4 ),
 ( 4.394905589549602531, 4.721355630664499259 ),
 .UNSPECIFIED. ) 
 CURVE ( )  GEOMETRIC_REPRESENTATION_ITEM ( )  RATIONAL_B_SPLINE_CURVE ( ( 1.000000000000000000, 0.9911388972155968924, 0.9911388972155968924, 1.000000000000000000 ) ) 
 REPRESENTATION_ITEM ( '' )  );
#4444 = CARTESIAN_POINT ( 'NONE',  ( -108.2850000000000392, 40.64250000000248519, -56.23104481000000021 ) ) ;
#4445 = EDGE_CURVE ( 'NONE', #2266, #666, #4746, .T. ) ;
#4446 = EDGE_CURVE ( 'NONE', #1739, #6050, #5094, .T. ) ;
#4447 = ADVANCED_FACE ( 'NONE', ( #4296 ), #3875, .F. ) ;
#4448 = ORIENTED_EDGE ( 'NONE', *, *, #664, .T. ) ;
#4449 = LINE ( 'NONE', #5845, #231 ) ;
#4450 = CARTESIAN_POINT ( 'NONE',  ( -114.8113720165046203, 40.64250000000248519, -52.23104480999999311 ) ) ;
#4451 = DIRECTION ( 'NONE',  ( 1.000000000000000000, 0.000000000000000000, 0.000000000000000000 ) ) ;
#4452 = CARTESIAN_POINT ( 'NONE',  ( -148.2900000000000205, 10.16250000000252918, -52.23104480999999311 ) ) ;
#4453 = ORIENTED_EDGE ( 'NONE', *, *, #4089, .F. ) ;
#4454 = EDGE_LOOP ( 'NONE', ( #5034, #3263, #108, #4472 ) ) ;
#4455 = CARTESIAN_POINT ( 'NONE',  ( -70.25000000000000000, -15.00000000000000000, 17.01667390910194655 ) ) ;
#4456 = ORIENTED_EDGE ( 'NONE', *, *, #2600, .F. ) ;
#4457 = CARTESIAN_POINT ( 'NONE',  ( -128.9699999999999989, 36.51499999999999346, -40.86854481000000305 ) ) ;
#4458 = LINE ( 'NONE', #3548, #2087 ) ;
#4459 = PLANE ( 'NONE',  #3688 ) ;
#4460 = FACE_OUTER_BOUND ( 'NONE', #4380, .T. ) ;
#4461 = PRODUCT_DEFINITION_CONTEXT ( 'detailed design', #1327, 'design' ) ;
#4462 = EDGE_LOOP ( 'NONE', ( #2989, #3716, #4173, #1997 ) ) ;
#4463 = ORIENTED_EDGE ( 'NONE', *, *, #1527, .T. ) ;
#4464 = VECTOR ( 'NONE', #5732, 1000.000000000000000 ) ;
#4465 = LINE ( 'NONE', #558, #2007 ) ;
#4466 = ADVANCED_FACE ( 'NONE', ( #4842 ), #385, .T. ) ;
#4467 = CARTESIAN_POINT ( 'NONE',  ( -129.2399999999999807, 0.000000000000000000, 46.31794919242793185 ) ) ;
#4468 = DIRECTION ( 'NONE',  ( -1.000000000000000000, 0.000000000000000000, -0.000000000000000000 ) ) ;
#4469 = CIRCLE ( 'NONE', #4264, 4.912500000000000533 ) ;
#4470 = VERTEX_POINT ( 'NONE', #5878 ) ;
#4471 = EDGE_CURVE ( 'NONE', #1255, #3722, #952, .T. ) ;
#4472 = ORIENTED_EDGE ( 'NONE', *, *, #1602, .F. ) ;
#4473 = LINE ( 'NONE', #1518, #658 ) ;
#4474 = LINE ( 'NONE', #3929, #4438 ) ;
#4475 = VECTOR ( 'NONE', #4436, 999.9999999999998863 ) ;
#4476 = CONICAL_SURFACE ( 'NONE', #5199, 4.912500000000000533, 0.7853981633974473908 ) ;
#4477 = ORIENTED_EDGE ( 'NONE', *, *, #6030, .T. ) ;
#4478 = DIRECTION ( 'NONE',  ( -1.000000000000000000, 0.000000000000000000, 0.000000000000000000 ) ) ;
#4479 =( BOUNDED_CURVE ( )  B_SPLINE_CURVE ( 3, ( #985, #72, #2053, #4041 ),
 .UNSPECIFIED., .F., .F. ) 
 B_SPLINE_CURVE_WITH_KNOTS ( ( 4, 4 ),
 ( 1.253312935959809638, 1.567858576360526834 ),
 .UNSPECIFIED. ) 
 CURVE ( )  GEOMETRIC_REPRESENTATION_ITEM ( )  RATIONAL_B_SPLINE_CURVE ( ( 1.000000000000000000, 0.9917720673185874691, 0.9917720673185874691, 1.000000000000000000 ) ) 
 REPRESENTATION_ITEM ( '' )  );
#4480 = DIRECTION ( 'NONE',  ( -1.000000000000000000, -0.000000000000000000, -0.000000000000000000 ) ) ;
#4481 = ADVANCED_FACE ( 'NONE', ( #2384 ), #2320, .T. ) ;
#4482 = ADVANCED_FACE ( 'NONE', ( #1922 ), #1399, .T. ) ;
#4483 = CARTESIAN_POINT ( 'NONE',  ( -112.8311293385459351, 52.32189248982214735, -33.13156552310257297 ) ) ;
#4484 = VECTOR ( 'NONE', #2065, 1000.000000000000000 ) ;
#4485 = CYLINDRICAL_SURFACE ( 'NONE', #3589, 6.540563343818389441 ) ;
#4486 = ORIENTED_EDGE ( 'NONE', *, *, #1617, .T. ) ;
#4487 = AXIS2_PLACEMENT_3D ( 'NONE', #6110, #167, #757 ) ;
#4488 = VECTOR ( 'NONE', #674, 1000.000000000000000 ) ;
#4489 = ORIENTED_EDGE ( 'NONE', *, *, #4762, .F. ) ;
#4490 = DIRECTION ( 'NONE',  ( 0.000000000000000000, 0.000000000000000000, 1.000000000000000000 ) ) ;
#4491 = ORIENTED_EDGE ( 'NONE', *, *, #266, .F. ) ;
#4492 = LINE ( 'NONE', #4010, #4711 ) ;
#4493 = DIRECTION ( 'NONE',  ( -1.000000000000000000, -0.000000000000000000, -0.000000000000000000 ) ) ;
#4494 = DIRECTION ( 'NONE',  ( -1.000000000000000000, 3.469446951953611033E-15, 0.000000000000000000 ) ) ;
#4495 = CARTESIAN_POINT ( 'NONE',  ( -114.0000000000000000, 20.27825333458327961, 0.1973736182366955527 ) ) ;
#4496 = VECTOR ( 'NONE', #2442, 1000.000000000000114 ) ;
#4497 = ORIENTED_EDGE ( 'NONE', *, *, #368, .F. ) ;
#4498 = AXIS2_PLACEMENT_3D ( 'NONE', #3685, #613, #1764 ) ;
#4499 = ORIENTED_EDGE ( 'NONE', *, *, #1333, .T. ) ;
#4500 = FACE_BOUND ( 'NONE', #291, .T. ) ;
#4501 = FACE_OUTER_BOUND ( 'NONE', #2752, .T. ) ;
#4502 = FACE_OUTER_BOUND ( 'NONE', #566, .T. ) ;
#4503 = VECTOR ( 'NONE', #1860, 1000.000000000000000 ) ;
#4504 = EDGE_LOOP ( 'NONE', ( #4625, #1181 ) ) ;
#4505 = VERTEX_POINT ( 'NONE', #5753 ) ;
#4506 = ORIENTED_EDGE ( 'NONE', *, *, #5318, .F. ) ;
#4507 = VECTOR ( 'NONE', #1005, 1000.000000000000000 ) ;
#4508 = CARTESIAN_POINT ( 'NONE',  ( -158.9899999999999523, 14.28999999999999737, -35.95604481000000163 ) ) ;
#4509 = CARTESIAN_POINT ( 'NONE',  ( -159.9899999999999807, 22.07999999999999829, 30.36145518999998316 ) ) ;
#4510 = EDGE_CURVE ( 'NONE', #5583, #5991, #3293, .T. ) ;
#4511 = AXIS2_PLACEMENT_3D ( 'NONE', #6355, #4442, #1915 ) ;
#4512 = ORIENTED_EDGE ( 'NONE', *, *, #3124, .F. ) ;
#4513 = FILL_AREA_STYLE ('',( #4697 ) ) ;
#4514 = DIRECTION ( 'NONE',  ( -1.000000000000000000, 0.000000000000000000, -0.000000000000000000 ) ) ;
#4515 = AXIS2_PLACEMENT_3D ( 'NONE', #3491, #5005, #553 ) ;
#4516 = CARTESIAN_POINT ( 'NONE',  ( -114.8113720165046203, 10.16250000000252918, -52.58713401639744234 ) ) ;
#4517 = DIRECTION ( 'NONE',  ( 0.000000000000000000, 0.000000000000000000, -1.000000000000000000 ) ) ;
#4518 = ORIENTED_EDGE ( 'NONE', *, *, #559, .F. ) ;
#4519 = ORIENTED_EDGE ( 'NONE', *, *, #5860, .T. ) ;
#4520 = DIRECTION ( 'NONE',  ( -1.000000000000000000, 0.000000000000000000, -1.285575526430241596E-15 ) ) ;
#4521 = EDGE_LOOP ( 'NONE', ( #842, #850, #5269, #5538 ) ) ;
#4522 = DIRECTION ( 'NONE',  ( -1.000000000000000000, 0.000000000000000000, 0.000000000000000000 ) ) ;
#4523 = CARTESIAN_POINT ( 'NONE',  ( -99.04663244449228898, 52.57418684766347639, 44.06747606764520953 ) ) ;
#4524 = CARTESIAN_POINT ( 'NONE',  ( -152.8539656710590009, 6.299999999999999822, -54.16854481000000021 ) ) ;
#4525 = VECTOR ( 'NONE', #1258, 1000.000000000000114 ) ;
#4526 = DIRECTION ( 'NONE',  ( 0.000000000000000000, 0.000000000000000000, 1.000000000000000000 ) ) ;
#4527 = EDGE_CURVE ( 'NONE', #1193, #1159, #2314, .T. ) ;
#4528 = ADVANCED_FACE ( 'NONE', ( #814 ), #1824, .F. ) ;
#4529 = ORIENTED_EDGE ( 'NONE', *, *, #1486, .F. ) ;
#4530 = ORIENTED_EDGE ( 'NONE', *, *, #5615, .F. ) ;
#4531 = DIRECTION ( 'NONE',  ( 0.000000000000000000, 1.000000000000000000, 0.000000000000000000 ) ) ;
#4532 = DIRECTION ( 'NONE',  ( -1.000000000000000000, 0.000000000000000000, 0.000000000000000000 ) ) ;
#4533 = CARTESIAN_POINT ( 'NONE',  ( -113.0000000000000000, 11.00000000000000000, 1.071455189999986901 ) ) ;
#4534 = ORIENTED_EDGE ( 'NONE', *, *, #1970, .F. ) ;
#4535 = ORIENTED_EDGE ( 'NONE', *, *, #1768, .T. ) ;
#4536 = ORIENTED_EDGE ( 'NONE', *, *, #5299, .F. ) ;
#4537 = CARTESIAN_POINT ( 'NONE',  ( -83.25000000000000000, 36.51499999999999346, -40.86854481000000305 ) ) ;
#4538 = CARTESIAN_POINT ( 'NONE',  ( -147.0044413214376107, 0.000000000000000000, 41.25350787099365135 ) ) ;
#4539 = CARTESIAN_POINT ( 'NONE',  ( -128.6466836438567327, 3.299999999999999822, -37.73026587767386530 ) ) ;
#4540 = ORIENTED_EDGE ( 'NONE', *, *, #2811, .T. ) ;
#4541 = LINE ( 'NONE', #6093, #5854 ) ;
#4542 = EDGE_CURVE ( 'NONE', #5384, #4423, #355, .T. ) ;
#4543 = DIRECTION ( 'NONE',  ( 0.000000000000000000, -1.000000000000000000, 0.000000000000000000 ) ) ;
#4544 = ORIENTED_EDGE ( 'NONE', *, *, #5935, .F. ) ;
#4545 = CARTESIAN_POINT ( 'NONE',  ( -141.7636279834954678, 40.64250000000248519, -52.23104480999999311 ) ) ;
#4546 = ORIENTED_EDGE ( 'NONE', *, *, #3368, .T. ) ;
#4547 = LINE ( 'NONE', #1039, #2113 ) ;
#4548 = ADVANCED_FACE ( 'NONE', ( #2136 ), #5078, .T. ) ;
#4549 = DIRECTION ( 'NONE',  ( -1.000000000000000000, 0.000000000000000000, 0.000000000000000000 ) ) ;
#4550 = CARTESIAN_POINT ( 'NONE',  ( -167.9900000000000091, 14.28999999999999737, -48.86854481000000305 ) ) ;
#4551 = DIRECTION ( 'NONE',  ( 1.000000000000000000, -0.000000000000000000, -0.000000000000000000 ) ) ;
#4552 = ORIENTED_EDGE ( 'NONE', *, *, #2458, .F. ) ;
#4553 = ORIENTED_EDGE ( 'NONE', *, *, #4291, .F. ) ;
#4554 = CARTESIAN_POINT ( 'NONE',  ( -148.2900000000000205, 10.16250000000252918, -56.23104481000000021 ) ) ;
#4555 = DIRECTION ( 'NONE',  ( -1.000000000000000000, 0.000000000000000000, 0.000000000000000000 ) ) ;
#4556 = CARTESIAN_POINT ( 'NONE',  ( -101.3944691809015382, 35.65018665486662996, 42.35898253310124062 ) ) ;
#4557 = EDGE_CURVE ( 'NONE', #5139, #4150, #1052, .T. ) ;
#4558 = EDGE_CURVE ( 'NONE', #5675, #6298, #4565, .T. ) ;
#4559 = AXIS2_PLACEMENT_3D ( 'NONE', #2841, #1855, #3877 ) ;
#4560 = CONICAL_SURFACE ( 'NONE', #6111, 5.912499999999987210, 0.7853981633974405074 ) ;
#4561 = ORIENTED_EDGE ( 'NONE', *, *, #6021, .T. ) ;
#4562 = ORIENTED_EDGE ( 'NONE', *, *, #3117, .F. ) ;
#4563 = VERTEX_POINT ( 'NONE', #2590 ) ;
#4564 = EDGE_CURVE ( 'NONE', #6399, #2501, #3966, .T. ) ;
#4565 = LINE ( 'NONE', #448, #4693 ) ;
#4566 = DIRECTION ( 'NONE',  ( -1.000000000000000000, 0.000000000000000000, 0.000000000000000000 ) ) ;
#4567 = VECTOR ( 'NONE', #2719, 1000.000000000000000 ) ;
#4568 = DIRECTION ( 'NONE',  ( -0.7071067811865503483, 8.659560562354900811E-17, -0.7071067811865446862 ) ) ;
#4569 = ORIENTED_EDGE ( 'NONE', *, *, #5474, .T. ) ;
#4570 = CARTESIAN_POINT ( 'NONE',  ( -128.2199999999999704, 14.28999999999999737, -40.86854481000001016 ) ) ;
#4571 = CYLINDRICAL_SURFACE ( 'NONE', #1494, 4.912500000000000533 ) ;
#4572 = DIRECTION ( 'NONE',  ( 1.000000000000000000, -0.000000000000000000, -0.000000000000000000 ) ) ;
#4573 = CIRCLE ( 'NONE', #5826, 4.912500000000000533 ) ;
#4574 = VERTEX_POINT ( 'NONE', #3442 ) ;
#4575 = DIRECTION ( 'NONE',  ( 0.000000000000000000, 0.8660254037844389297, -0.4999999999999995004 ) ) ;
#4576 = AXIS2_PLACEMENT_3D ( 'NONE', #4084, #593, #5603 ) ;
#4577 = CARTESIAN_POINT ( 'NONE',  ( -83.25000000000000000, 11.00000000000000000, -4.841044810000000531 ) ) ;
#4578 = CARTESIAN_POINT ( 'NONE',  ( -83.25000000000000000, 22.07999999999999829, 16.47145518999999325 ) ) ;
#4579 = DIRECTION ( 'NONE',  ( 0.000000000000000000, 0.000000000000000000, 1.000000000000000000 ) ) ;
#4580 = DIRECTION ( 'NONE',  ( -1.000000000000000000, 0.000000000000000000, 0.000000000000000000 ) ) ;
#4581 = AXIS2_PLACEMENT_3D ( 'NONE', #5527, #4580, #4042 ) ;
#4582 = CIRCLE ( 'NONE', #6134, 5.662500000000014744 ) ;
#4583 = EDGE_CURVE ( 'NONE', #1770, #475, #144, .T. ) ;
#4584 = ORIENTED_EDGE ( 'NONE', *, *, #3224, .F. ) ;
#4585 = EDGE_CURVE ( 'NONE', #5384, #3325, #3763, .T. ) ;
#4586 = ORIENTED_EDGE ( 'NONE', *, *, #6208, .T. ) ;
#4587 = ORIENTED_EDGE ( 'NONE', *, *, #4728, .F. ) ;
#4588 = DIRECTION ( 'NONE',  ( -1.000000000000000000, 0.000000000000000000, 0.000000000000000000 ) ) ;
#4589 = DIRECTION ( 'NONE',  ( 0.000000000000000000, 0.000000000000000000, 1.000000000000000000 ) ) ;
#4590 = AXIS2_PLACEMENT_3D ( 'NONE', #1538, #6053, #2584 ) ;
#4591 = LINE ( 'NONE', #1021, #4064 ) ;
#4592 = VERTEX_POINT ( 'NONE', #5048 ) ;
#4593 = CARTESIAN_POINT ( 'NONE',  ( -180.9476847028322197, 49.76698729810777166, 0.000000000000000000 ) ) ;
#4594 = ORIENTED_EDGE ( 'NONE', *, *, #6208, .F. ) ;
#4595 = VERTEX_POINT ( 'NONE', #972 ) ;
#4596 = DIRECTION ( 'NONE',  ( 1.000000000000000000, -0.000000000000000000, 0.000000000000000000 ) ) ;
#4597 = DIRECTION ( 'NONE',  ( 0.000000000000000000, 0.000000000000000000, -1.000000000000000000 ) ) ;
#4598 = AXIS2_PLACEMENT_3D ( 'NONE', #5303, #889, #6339 ) ;
#4599 = DIRECTION ( 'NONE',  ( -1.000000000000000000, 0.000000000000000000, 0.000000000000000000 ) ) ;
#4600 = EDGE_CURVE ( 'NONE', #2707, #3284, #623, .T. ) ;
#4601 = VECTOR ( 'NONE', #3059, 1000.000000000000000 ) ;
#4602 = EDGE_CURVE ( 'NONE', #5229, #2101, #4904, .T. ) ;
#4603 = AXIS2_PLACEMENT_3D ( 'NONE', #1122, #4636, #4671 ) ;
#4604 = ORIENTED_EDGE ( 'NONE', *, *, #5792, .T. ) ;
#4605 = CARTESIAN_POINT ( 'NONE',  ( -152.8740853889376581, 44.56698729810776882, -56.23104481000000021 ) ) ;
#4606 = DIRECTION ( 'NONE',  ( 0.000000000000000000, 0.000000000000000000, -1.000000000000000000 ) ) ;
#4607 = DIRECTION ( 'NONE',  ( 0.000000000000000000, -3.623650399333143762E-18, 1.000000000000000000 ) ) ;
#4608 = VECTOR ( 'NONE', #1575, 1000.000000000000000 ) ;
#4609 = EDGE_CURVE ( 'NONE', #226, #3700, #2933, .T. ) ;
#4610 = ORIENTED_EDGE ( 'NONE', *, *, #2795, .F. ) ;
#4611 = FACE_OUTER_BOUND ( 'NONE', #3598, .T. ) ;
#4612 = CIRCLE ( 'NONE', #1820, 8.000000000000000000 ) ;
#4613 = CARTESIAN_POINT ( 'NONE',  ( -159.9899999999999807, 11.00000000000000000, 6.983955190000001423 ) ) ;
#4614 = CARTESIAN_POINT ( 'NONE',  ( -129.2399999999999807, 0.000000000000000000, 46.31794919243127140 ) ) ;
#4615 = DIRECTION ( 'NONE',  ( 0.000000000000000000, 0.000000000000000000, -1.000000000000000000 ) ) ;
#4616 = CARTESIAN_POINT ( 'NONE',  ( -70.25000000000000000, 11.00000000000000000, 8.519273662546156700 ) ) ;
#4617 = CIRCLE ( 'NONE', #3158, 15.49999999999999289 ) ;
#4618 = VERTEX_POINT ( 'NONE', #1674 ) ;
#4619 = EDGE_LOOP ( 'NONE', ( #5547, #3232, #183, #6232, #3102, #4242 ) ) ;
#4620 = ORIENTED_EDGE ( 'NONE', *, *, #359, .T. ) ;
#4621 = CARTESIAN_POINT ( 'NONE',  ( -159.6984746221445448, 15.34482815078060547, -61.46854480999999737 ) ) ;
#4622 = CARTESIAN_POINT ( 'NONE',  ( -161.5131842133284295, 3.299999999999999822, -30.39104481000288160 ) ) ;
#4623 = LINE ( 'NONE', #1313, #5728 ) ;
#4624 = EDGE_CURVE ( 'NONE', #1509, #764, #1677, .T. ) ;
#4625 = ORIENTED_EDGE ( 'NONE', *, *, #148, .T. ) ;
#4626 = LINE ( 'NONE', #5631, #1346 ) ;
#4627 = ORIENTED_EDGE ( 'NONE', *, *, #1830, .T. ) ;
#4628 = CARTESIAN_POINT ( 'NONE',  ( -95.69312165809503767, 33.77254092155806120, 41.62188526291211588 ) ) ;
#4629 = CYLINDRICAL_SURFACE ( 'NONE', #3852, 6.526372016504577545 ) ;
#4630 = EDGE_LOOP ( 'NONE', ( #5016, #2987, #5883, #1620 ) ) ;
#4631 = FACE_OUTER_BOUND ( 'NONE', #5721, .T. ) ;
#4632 = LINE ( 'NONE', #5604, #6377 ) ;
#4633 = CARTESIAN_POINT ( 'NONE',  ( -70.25000000000000000, 22.08000000000001251, 14.91363671745381936 ) ) ;
#4634 = EDGE_LOOP ( 'NONE', ( #2497, #6360, #2397, #47 ) ) ;
#4635 = CIRCLE ( 'NONE', #5469, 0.8000000000000020428 ) ;
#4636 = DIRECTION ( 'NONE',  ( -1.000000000000000000, 0.000000000000000000, -6.427877632151207979E-16 ) ) ;
#4637 = CARTESIAN_POINT ( 'NONE',  ( -69.35535174968433125, 11.00000000000000000, 1.071455189999986901 ) ) ;
#4638 = CARTESIAN_POINT ( 'NONE',  ( -115.0199999999999960, 47.76698729810777166, -31.97854481000000249 ) ) ;
#4639 = ADVANCED_FACE ( 'NONE', ( #4631 ), #5112, .F. ) ;
#4640 = ADVANCED_FACE ( 'NONE', ( #6395 ), #2613, .F. ) ;
#4641 = AXIS2_PLACEMENT_3D ( 'NONE', #625, #3209, #4599 ) ;
#4642 = EDGE_LOOP ( 'NONE', ( #2224, #4201, #5447, #3000 ) ) ;
#4643 = DIRECTION ( 'NONE',  ( -1.000000000000000000, 0.000000000000000000, 0.000000000000000000 ) ) ;
#4644 = PLANE ( 'NONE',  #1495 ) ;
#4645 = LINE ( 'NONE', #4159, #527 ) ;
#4646 = AXIS2_PLACEMENT_3D ( 'NONE', #4452, #3967, #1492 ) ;
#4647 = CARTESIAN_POINT ( 'NONE',  ( -101.5788810156071378, 32.71354973913835806, 45.72185308350128707 ) ) ;
#4648 = DIRECTION ( 'NONE',  ( 0.9555270187070830090, -0.07632666078932133502, 0.2848549760378177864 ) ) ;
#4649 = ORIENTED_EDGE ( 'NONE', *, *, #3146, .T. ) ;
#4650 = VERTEX_POINT ( 'NONE', #5573 ) ;
#4651 = ORIENTED_EDGE ( 'NONE', *, *, #4290, .T. ) ;
#4652 = DIRECTION ( 'NONE',  ( 0.000000000000000000, 0.000000000000000000, -1.000000000000000000 ) ) ;
#4653 = DIRECTION ( 'NONE',  ( 0.000000000000000000, 1.000000000000000000, 0.000000000000000000 ) ) ;
#4654 = CARTESIAN_POINT ( 'NONE',  ( -83.25000000000000000, 7.840000000000005187, -44.59245404627309028 ) ) ;
#4655 = ORIENTED_EDGE ( 'NONE', *, *, #4687, .F. ) ;
#4656 = ADVANCED_FACE ( 'NONE', ( #2931 ), #939, .F. ) ;
#4657 = CARTESIAN_POINT ( 'NONE',  ( -159.9899999999999807, 11.00000000000000178, 9.071455189999989344 ) ) ;
#4658 = ORIENTED_EDGE ( 'NONE', *, *, #6012, .F. ) ;
#4659 =( NAMED_UNIT ( * ) PLANE_ANGLE_UNIT ( ) SI_UNIT ( $, .RADIAN. ) );
#4660 = CARTESIAN_POINT ( 'NONE',  ( -100.9000000000000625, 41.27750000000251163, -56.23104481000000021 ) ) ;
#4661 = ORIENTED_EDGE ( 'NONE', *, *, #2172, .F. ) ;
#4662 = DIRECTION ( 'NONE',  ( 1.000000000000000000, -0.000000000000000000, 1.285575526430241596E-15 ) ) ;
#4663 = CARTESIAN_POINT ( 'NONE',  ( -98.81780523035983776, 45.40725005916344514, -80.65604481000288217 ) ) ;
#4664 = CARTESIAN_POINT ( 'NONE',  ( -152.0098049200396702, 23.98696133190903268, 21.32107122362669571 ) ) ;
#4665 = CIRCLE ( 'NONE', #4774, 6.526372016504577545 ) ;
#4666 = B_SPLINE_CURVE_WITH_KNOTS ( 'NONE', 3,
 ( #2203, #765, #801, #6255, #4180, #4734, #2338, #5253, #6151, #4766, #1249, #4700, #5281, #1776 ),
 .UNSPECIFIED., .F., .F.,
 ( 4, 2, 2, 1, 1, 2, 2, 4 ),
 ( 0.000000000000000000, 0.2500000000000649480, 0.3750000000000974221, 0.4375000000001128542, 0.4687500000001206257, 0.4843750000001190159, 0.5000000000001173506, 1.000000000000000000 ),
 .UNSPECIFIED. ) ;
#4667 = EDGE_CURVE ( 'NONE', #836, #3392, #5390, .T. ) ;
#4668 = VERTEX_POINT ( 'NONE', #2621 ) ;
#4669 = ORIENTED_EDGE ( 'NONE', *, *, #794, .F. ) ;
#4670 = VECTOR ( 'NONE', #5346, 1000.000000000000000 ) ;
#4671 = DIRECTION ( 'NONE',  ( 0.000000000000000000, 0.000000000000000000, -1.000000000000000000 ) ) ;
#4672 = CARTESIAN_POINT ( 'NONE',  ( -142.7288232404506800, 34.78107951348101068, 42.82447140343912650 ) ) ;
#4673 = CARTESIAN_POINT ( 'NONE',  ( -132.0710727482644700, 3.299999999999999822, -33.55623504128642764 ) ) ;
#4674 = CIRCLE ( 'NONE', #2307, 6.526372016504577545 ) ;
#4675 = AXIS2_PLACEMENT_3D ( 'NONE', #1459, #5423, #4940 ) ;
#4676 = VERTEX_POINT ( 'NONE', #3934 ) ;
#4677 = EDGE_CURVE ( 'NONE', #410, #3484, #736, .T. ) ;
#4678 = LINE ( 'NONE', #94, #5836 ) ;
#4679 = EDGE_CURVE ( 'NONE', #5855, #1957, #626, .T. ) ;
#4680 = CARTESIAN_POINT ( 'NONE',  ( -140.4336480746816562, 32.65266677819720798, 46.11551298730189075 ) ) ;
#4681 = CARTESIAN_POINT ( 'NONE',  ( -129.2399999999999807, -15.00000000000000000, -14.87376352910197141 ) ) ;
#4682 = DIRECTION ( 'NONE',  ( 0.000000000000000000, 0.000000000000000000, 1.000000000000000000 ) ) ;
#4683 = AXIS2_PLACEMENT_3D ( 'NONE', #4870, #3778, #6302 ) ;
#4684 = DIRECTION ( 'NONE',  ( 0.000000000000000000, 0.000000000000000000, 1.000000000000000000 ) ) ;
#4685 = ORIENTED_EDGE ( 'NONE', *, *, #4471, .T. ) ;
#4686 = AXIS2_PLACEMENT_3D ( 'NONE', #303, #2759, #204 ) ;
#4687 = EDGE_CURVE ( 'NONE', #2983, #3563, #4067, .T. ) ;
#4688 = ORIENTED_EDGE ( 'NONE', *, *, #2448, .T. ) ;
#4689 = ORIENTED_EDGE ( 'NONE', *, *, #3620, .F. ) ;
#4690 = DIRECTION ( 'NONE',  ( 0.000000000000000000, -1.000000000000000000, 0.000000000000000000 ) ) ;
#4691 = FACE_BOUND ( 'NONE', #570, .T. ) ;
#4692 = DIRECTION ( 'NONE',  ( 0.000000000000000000, 0.000000000000000000, -1.000000000000000000 ) ) ;
#4693 = VECTOR ( 'NONE', #112, 1000.000000000000000 ) ;
#4694 = ORIENTED_EDGE ( 'NONE', *, *, #5052, .F. ) ;
#4695 = CARTESIAN_POINT ( 'NONE',  ( -129.2399999999999807, 28.66175773381078784, 29.89282434557924262 ) ) ;
#4696 = ORIENTED_EDGE ( 'NONE', *, *, #616, .F. ) ;
#4697 = FILL_AREA_STYLE_COLOUR ( '', #3879 ) ;
#4698 = LINE ( 'NONE', #1317, #1869 ) ;
#4699 = ORIENTED_EDGE ( 'NONE', *, *, #3244, .T. ) ;
#4700 = CARTESIAN_POINT ( 'NONE',  ( -148.3308304854837729, 33.95402320857476752, 41.01321354526594121 ) ) ;
#4701 = DIRECTION ( 'NONE',  ( -1.000000000000000000, 0.000000000000000000, 0.000000000000000000 ) ) ;
#4702 = FACE_OUTER_BOUND ( 'NONE', #2697, .T. ) ;
#4703 = MECHANICAL_DESIGN_GEOMETRIC_PRESENTATION_REPRESENTATION (  '', ( #1796 ), #2105 ) ;
#4704 = VERTEX_POINT ( 'NONE', #5217 ) ;
#4705 = VERTEX_POINT ( 'NONE', #3727 ) ;
#4706 = VECTOR ( 'NONE', #4826, 1000.000000000000000 ) ;
#4707 = DIRECTION ( 'NONE',  ( 0.000000000000000000, 0.000000000000000000, -1.000000000000000000 ) ) ;
#4708 = DIRECTION ( 'NONE',  ( 0.000000000000000000, 0.000000000000000000, 1.000000000000000000 ) ) ;
#4709 = DIRECTION ( 'NONE',  ( -1.000000000000000000, 0.000000000000000000, 0.000000000000000000 ) ) ;
#4710 = ADVANCED_FACE ( 'NONE', ( #1215, #3281, #4246 ), #5145, .T. ) ;
#4711 = VECTOR ( 'NONE', #2575, 999.9999999999998863 ) ;
#4712 = ORIENTED_EDGE ( 'NONE', *, *, #267, .F. ) ;
#4713 = DIRECTION ( 'NONE',  ( 1.000000000000000000, 0.000000000000000000, 0.000000000000000000 ) ) ;
#4714 = DIRECTION ( 'NONE',  ( -1.000000000000000000, 0.000000000000000000, 0.000000000000000000 ) ) ;
#4715 = DIRECTION ( 'NONE',  ( 0.000000000000000000, 0.000000000000000000, -1.000000000000000000 ) ) ;
#4716 = VECTOR ( 'NONE', #4152, 1000.000000000000000 ) ;
#4717 = CARTESIAN_POINT ( 'NONE',  ( -111.1674612229020909, 46.49783508830273604, -56.23104481000000021 ) ) ;
#4718 = CARTESIAN_POINT ( 'NONE',  ( -152.8539656710590009, 3.300000000000000266, -56.23104481000000021 ) ) ;
#4719 = EDGE_LOOP ( 'NONE', ( #60, #2005, #4251, #3086 ) ) ;
#4720 = VECTOR ( 'NONE', #3346, 1000.000000000000000 ) ;
#4721 = CARTESIAN_POINT ( 'NONE',  ( -100.9000000000000483, 3.299999999999999822, -58.24957121884516198 ) ) ;
#4722 = ORIENTED_EDGE ( 'NONE', *, *, #3057, .F. ) ;
#4723 = CARTESIAN_POINT ( 'NONE',  ( -166.4899999999999807, -36.03001699971844829, -61.46854480999999737 ) ) ;
#4724 = CARTESIAN_POINT ( 'NONE',  ( -128.2199999999999989, 47.63815044378866759, -31.97854480999996696 ) ) ;
#4725 = CARTESIAN_POINT ( 'NONE',  ( -104.6092703718782246, 0.000000000000000000, 38.31794919243127140 ) ) ;
#4726 = AXIS2_PLACEMENT_3D ( 'NONE', #4747, #1335, #1886 ) ;
#4727 = EDGE_CURVE ( 'NONE', #515, #4266, #3311, .T. ) ;
#4728 = EDGE_CURVE ( 'NONE', #116, #1798, #5772, .T. ) ;
#4729 = ORIENTED_EDGE ( 'NONE', *, *, #5534, .F. ) ;
#4730 = CARTESIAN_POINT ( 'NONE',  ( -70.25000000000000000, 22.07999999999999474, 29.80927366254616473 ) ) ;
#4731 = ORIENTED_EDGE ( 'NONE', *, *, #934, .F. ) ;
#4732 = CARTESIAN_POINT ( 'NONE',  ( -70.25000000000000000, 14.28999999999999382, -33.42072633745384991 ) ) ;
#4733 = ORIENTED_EDGE ( 'NONE', *, *, #1578, .F. ) ;
#4734 = CARTESIAN_POINT ( 'NONE',  ( -146.6076796216245555, 33.60983499171062050, 42.06162556815110776 ) ) ;
#4735 = CARTESIAN_POINT ( 'NONE',  ( -64.91366932516041288, 51.96418031886325650, -45.23104481000291344 ) ) ;
#4736 = DIRECTION ( 'NONE',  ( 0.000000000000000000, 0.000000000000000000, -1.000000000000000000 ) ) ;
#4737 = ORIENTED_EDGE ( 'NONE', *, *, #6209, .T. ) ;
#4738 = ORIENTED_EDGE ( 'NONE', *, *, #4250, .F. ) ;
#4739 = DIRECTION ( 'NONE',  ( 0.000000000000000000, 0.000000000000000000, -1.000000000000000000 ) ) ;
#4740 = DIRECTION ( 'NONE',  ( -1.000000000000000000, 0.000000000000000000, 0.000000000000000000 ) ) ;
#4741 = CARTESIAN_POINT ( 'NONE',  ( -114.2699999999999818, 36.51499999999999346, -45.78104481000000447 ) ) ;
#4742 = EDGE_LOOP ( 'NONE', ( #4863, #5068, #3131, #2798 ) ) ;
#4743 = ADVANCED_FACE ( 'NONE', ( #3799 ), #6216, .F. ) ;
#4744 = DIRECTION ( 'NONE',  ( 1.000000000000000000, -0.000000000000000000, -0.000000000000000000 ) ) ;
#4745 = CARTESIAN_POINT ( 'NONE',  ( -158.6750000000000682, 32.64015417236026195, -56.23104481000000021 ) ) ;
#4746 = LINE ( 'NONE', #3905, #3546 ) ;
#4747 = CARTESIAN_POINT ( 'NONE',  ( -84.25000000000000000, 22.07999999999999829, 22.36145518999998671 ) ) ;
#4748 = DIRECTION ( 'NONE',  ( -0.7071067811865503483, 0.000000000000000000, 0.7071067811865446862 ) ) ;
#4749 = AXIS2_PLACEMENT_3D ( 'NONE', #3807, #6327, #380 ) ;
#4750 = ORIENTED_EDGE ( 'NONE', *, *, #5899, .T. ) ;
#4751 = EDGE_CURVE ( 'NONE', #6112, #3646, #3870, .T. ) ;
#4752 = ORIENTED_EDGE ( 'NONE', *, *, #2990, .T. ) ;
#4753 = ORIENTED_EDGE ( 'NONE', *, *, #290, .T. ) ;
#4754 = DIRECTION ( 'NONE',  ( 0.000000000000000000, -0.8660254037844389297, -0.4999999999999995559 ) ) ;
#4755 = FACE_BOUND ( 'NONE', #3883, .T. ) ;
#4756 = CARTESIAN_POINT ( 'NONE',  ( -167.9900000000000091, 14.28999999999999737, -40.86854481000000305 ) ) ;
#4757 = ORIENTED_EDGE ( 'NONE', *, *, #6163, .T. ) ;
#4758 = CARTESIAN_POINT ( 'NONE',  ( -99.81776341257824470, 32.86485390687322905, 44.74478417526007945 ) ) ;
#4759 = ORIENTED_EDGE ( 'NONE', *, *, #943, .F. ) ;
#4760 = CARTESIAN_POINT ( 'NONE',  ( -167.9900000000000091, 49.76698729810777166, -10.32563470779485826 ) ) ;
#4761 = EDGE_CURVE ( 'NONE', #4310, #3828, #4666, .T. ) ;
#4762 = EDGE_CURVE ( 'NONE', #2468, #5844, #2242, .T. ) ;
#4763 = CARTESIAN_POINT ( 'NONE',  ( -129.2399999999999807, 0.000000000000000000, 400019.0499999999302 ) ) ;
#4764 = ORIENTED_EDGE ( 'NONE', *, *, #3008, .F. ) ;
#4765 = EDGE_CURVE ( 'NONE', #3276, #1780, #1743, .T. ) ;
#4766 = CARTESIAN_POINT ( 'NONE',  ( -147.1821375650744130, 33.72918500321819124, 41.69813565540999889 ) ) ;
#4767 = CARTESIAN_POINT ( 'NONE',  ( -94.60782474442646617, 20.27825333458327961, 0.1973736182366955527 ) ) ;
#4768 = ORIENTED_EDGE ( 'NONE', *, *, #3350, .T. ) ;
#4769 = ADVANCED_FACE ( 'NONE', ( #2274 ), #1319, .F. ) ;
#4770 = VERTEX_POINT ( 'NONE', #4280 ) ;
#4771 = CARTESIAN_POINT ( 'NONE',  ( -129.2399999999999807, 11.00000000000000000, -3.841044810000013410 ) ) ;
#4772 = LINE ( 'NONE', #313, #2816 ) ;
#4773 = CARTESIAN_POINT ( 'NONE',  ( -70.25000000000000000, 4.549999999999999822, 4.795364426273061476 ) ) ;
#4774 = AXIS2_PLACEMENT_3D ( 'NONE', #1142, #3140, #5105 ) ;
#4775 = ORIENTED_EDGE ( 'NONE', *, *, #4765, .T. ) ;
#4776 = CARTESIAN_POINT ( 'NONE',  ( -147.9710775856719636, 8.449153648861645882E-17, -30.39104481000288160 ) ) ;
#4777 = CARTESIAN_POINT ( 'NONE',  ( -140.6751670619511003, 35.42701930638754959, 43.19185441621557686 ) ) ;
#4778 = CARTESIAN_POINT ( 'NONE',  ( -129.2399999999999807, -0.8386154695166591067, -9.928544809996907361 ) ) ;
#4779 = CARTESIAN_POINT ( 'NONE',  ( -206.3715696155272212, -15.00000000000000000, 17.01667390910194655 ) ) ;
#4780 = LINE ( 'NONE', #6273, #6187 ) ;
#4781 = CIRCLE ( 'NONE', #1874, 0.8000000000000020428 ) ;
#4782 = ORIENTED_EDGE ( 'NONE', *, *, #944, .F. ) ;
#4783 = CARTESIAN_POINT ( 'NONE',  ( -158.9899999999999523, 14.28999999999999737, -35.95604481000000163 ) ) ;
#4784 = ORIENTED_EDGE ( 'NONE', *, *, #75, .F. ) ;
#4785 = VECTOR ( 'NONE', #3330, 1000.000000000000000 ) ;
#4786 = DIRECTION ( 'NONE',  ( 1.000000000000000000, -0.000000000000000000, -0.000000000000000000 ) ) ;
#4787 = DIRECTION ( 'NONE',  ( 0.000000000000000000, 0.000000000000000000, 1.000000000000000000 ) ) ;
#4788 = DIRECTION ( 'NONE',  ( 0.000000000000000000, 3.623650399333143762E-18, -1.000000000000000000 ) ) ;
#4789 = ADVANCED_FACE ( 'NONE', ( #3239 ), #2824, .T. ) ;
#4790 = DIRECTION ( 'NONE',  ( -0.000000000000000000, -0.009732804221661679744, 0.9999526351392763468 ) ) ;
#4791 = ORIENTED_EDGE ( 'NONE', *, *, #3574, .T. ) ;
#4792 = CARTESIAN_POINT ( 'NONE',  ( -83.25000000000000000, 28.53000000000000469, 26.08536442627307750 ) ) ;
#4793 = DIRECTION ( 'NONE',  ( -1.000000000000000000, 0.000000000000000000, 0.000000000000000000 ) ) ;
#4794 = ORIENTED_EDGE ( 'NONE', *, *, #5111, .F. ) ;
#4795 = DIRECTION ( 'NONE',  ( -1.000000000000000000, -0.000000000000000000, -0.000000000000000000 ) ) ;
#4796 = DIRECTION ( 'NONE',  ( -0.000000000000000000, 1.000000000000000000, -0.000000000000000000 ) ) ;
#4797 = VECTOR ( 'NONE', #1410, 1000.000000000000000 ) ;
#4798 = ORIENTED_EDGE ( 'NONE', *, *, #1624, .T. ) ;
#4799 = ORIENTED_EDGE ( 'NONE', *, *, #3881, .F. ) ;
#4800 = CARTESIAN_POINT ( 'NONE',  ( -100.9000000000000625, 9.527500000002524061, -61.46854480999999737 ) ) ;
#4801 = CIRCLE ( 'NONE', #3665, 6.526372016504577545 ) ;
#4802 = DIRECTION ( 'NONE',  ( 0.000000000000000000, 0.000000000000000000, 1.000000000000000000 ) ) ;
#4803 = AXIS2_PLACEMENT_3D ( 'NONE', #5388, #4868, #1004 ) ;
#4804 = FACE_OUTER_BOUND ( 'NONE', #1704, .T. ) ;
#4805 = EDGE_CURVE ( 'NONE', #4705, #488, #4279, .T. ) ;
#4806 = EDGE_CURVE ( 'NONE', #3297, #199, #115, .T. ) ;
#4807 = CIRCLE ( 'NONE', #1278, 3.000000000000002665 ) ;
#4808 = VERTEX_POINT ( 'NONE', #5700 ) ;
#4809 = CARTESIAN_POINT ( 'NONE',  ( -128.6466836438567327, 3.299999999999999822, -37.73026587767386530 ) ) ;
#4810 = CARTESIAN_POINT ( 'NONE',  ( -98.81780523035983776, 45.40725005916344514, -61.46854480999999737 ) ) ;
#4811 = DIRECTION ( 'NONE',  ( 0.000000000000000000, 0.000000000000000000, 1.000000000000000000 ) ) ;
#4812 = CARTESIAN_POINT ( 'NONE',  ( -84.25000000000000000, 14.28999999999999737, -40.86854481000000305 ) ) ;
#4813 = DIRECTION ( 'NONE',  ( 0.000000000000000000, 0.000000000000000000, 1.000000000000000000 ) ) ;
#4814 = VECTOR ( 'NONE', #1072, 1000.000000000000114 ) ;
#4815 = EDGE_LOOP ( 'NONE', ( #4794, #1011, #1236, #5771 ) ) ;
#4816 = PLANE ( 'NONE',  #5619 ) ;
#4817 = CIRCLE ( 'NONE', #6263, 4.889999999999998792 ) ;
#4818 = VECTOR ( 'NONE', #354, 1000.000000000000000 ) ;
#4819 = VERTEX_POINT ( 'NONE', #2792 ) ;
#4820 = LINE ( 'NONE', #1896, #1804 ) ;
#4821 = DIRECTION ( 'NONE',  ( 0.000000000000000000, 0.000000000000000000, -1.000000000000000000 ) ) ;
#4822 = CARTESIAN_POINT ( 'NONE',  ( -129.2399999999999807, 20.63717404553610635, 46.31794919243127140 ) ) ;
#4823 = CIRCLE ( 'NONE', #3280, 1.000000000000000888 ) ;
#4824 = DIRECTION ( 'NONE',  ( 0.000000000000000000, -1.000000000000000000, -3.623650399333143762E-18 ) ) ;
#4825 = VERTEX_POINT ( 'NONE', #4955 ) ;
#4826 = DIRECTION ( 'NONE',  ( -0.9703147485327333621, -0.06259424433291430057, 0.2336049001118126467 ) ) ;
#4827 = EDGE_CURVE ( 'NONE', #8, #5028, #1150, .T. ) ;
#4828 = LINE ( 'NONE', #1476, #6328 ) ;
#4829 = ORIENTED_EDGE ( 'NONE', *, *, #3, .F. ) ;
#4830 = CIRCLE ( 'NONE', #4415, 8.000000000000001776 ) ;
#4831 = CARTESIAN_POINT ( 'NONE',  ( -161.5131842133284295, 52.56830429459234466, -30.39104481000288160 ) ) ;
#4832 = ADVANCED_FACE ( 'NONE', ( #5927 ), #633, .F. ) ;
#4833 = VECTOR ( 'NONE', #5332, 1000.000000000000000 ) ;
#4834 = VERTEX_POINT ( 'NONE', #3341 ) ;
#4835 = VERTEX_POINT ( 'NONE', #6349 ) ;
#4836 = CARTESIAN_POINT ( 'NONE',  ( -128.6466836438567327, 47.56698729810777593, -37.73026587767386530 ) ) ;
#4837 = LINE ( 'NONE', #1326, #4049 ) ;
#4838 = LINE ( 'NONE', #407, #5261 ) ;
#4839 = ORIENTED_EDGE ( 'NONE', *, *, #540, .F. ) ;
#4840 = CYLINDRICAL_SURFACE ( 'NONE', #5625, 8.000000000000001776 ) ;
#4841 = DIRECTION ( 'NONE',  ( 0.000000000000000000, 0.000000000000000000, -1.000000000000000000 ) ) ;
#4842 = FACE_OUTER_BOUND ( 'NONE', #6077, .T. ) ;
#4843 = EDGE_CURVE ( 'NONE', #6047, #1136, #5314, .T. ) ;
#4844 = EDGE_CURVE ( 'NONE', #6258, #6127, #3770, .T. ) ;
#4845 = CYLINDRICAL_SURFACE ( 'NONE', #1190, 5.199221067670991125 ) ;
#4846 = CARTESIAN_POINT ( 'NONE',  ( -100.9000000000000483, 3.299999999999999822, -58.24957121884516198 ) ) ;
#4847 = VERTEX_POINT ( 'NONE', #5348 ) ;
#4848 = ORIENTED_EDGE ( 'NONE', *, *, #5382, .F. ) ;
#4849 = EDGE_LOOP ( 'NONE', ( #3702, #1488, #2555, #1105 ) ) ;
#4850 = CARTESIAN_POINT ( 'NONE',  ( -135.8148612484233126, 47.56698729810777593, -38.90291912545238517 ) ) ;
#4851 = CARTESIAN_POINT ( 'NONE',  ( -115.0199999999999818, 47.56698729810776882, -52.37850603290208085 ) ) ;
#4852 = CONICAL_SURFACE ( 'NONE', #5576, 4.912500000000000533, 0.7853981633974473908 ) ;
#4853 = CARTESIAN_POINT ( 'NONE',  ( -108.2850000000000392, 40.64250000000248519, -52.23104480999999311 ) ) ;
#4854 = DIRECTION ( 'NONE',  ( 0.000000000000000000, -1.000000000000000000, 0.000000000000000000 ) ) ;
#4855 = AXIS2_PLACEMENT_3D ( 'NONE', #1431, #3416, #5392 ) ;
#4856 = CARTESIAN_POINT ( 'NONE',  ( -115.2700000000000529, 1.111730743271269195E-16, -37.73026587767386530 ) ) ;
#4857 = VERTEX_POINT ( 'NONE', #4892 ) ;
#4858 = LINE ( 'NONE', #4760, #544 ) ;
#4859 = CARTESIAN_POINT ( 'NONE',  ( -83.25000000000000000, 36.51499999999998636, -48.31636328254618462 ) ) ;
#4860 = DIRECTION ( 'NONE',  ( 1.000000000000000000, 0.000000000000000000, 0.000000000000000000 ) ) ;
#4861 = ADVANCED_FACE ( 'NONE', ( #6412 ), #1386, .T. ) ;
#4862 = ORIENTED_EDGE ( 'NONE', *, *, #2600, .T. ) ;
#4863 = ORIENTED_EDGE ( 'NONE', *, *, #5326, .F. ) ;
#4864 = PLANE ( 'NONE',  #2123 ) ;
#4865 = CARTESIAN_POINT ( 'NONE',  ( -101.6359976107143268, 46.60446001948172068, -56.51781213481164912 ) ) ;
#4866 = EDGE_CURVE ( 'NONE', #5351, #6145, #5409, .T. ) ;
#4867 = EDGE_LOOP ( 'NONE', ( #4694, #3055, #2391, #5975 ) ) ;
#4868 = DIRECTION ( 'NONE',  ( -0.000000000000000000, -0.000000000000000000, 1.000000000000000000 ) ) ;
#4869 = CARTESIAN_POINT ( 'NONE',  ( -70.25000000000000000, 28.53000000000000469, 26.08536442627307750 ) ) ;
#4870 = CARTESIAN_POINT ( 'NONE',  ( -167.9900000000000091, 22.07999999999999829, 22.36145518999998671 ) ) ;
#4871 = LINE ( 'NONE', #3323, #1508 ) ;
#4872 = LINE ( 'NONE', #883, #6008 ) ;
#4873 = AXIS2_PLACEMENT_3D ( 'NONE', #6176, #2164, #140 ) ;
#4874 = VERTEX_POINT ( 'NONE', #3374 ) ;
#4875 = EDGE_CURVE ( 'NONE', #5041, #2686, #4801, .T. ) ;
#4876 = ADVANCED_FACE ( 'NONE', ( #993 ), #898, .F. ) ;
#4877 = ORIENTED_EDGE ( 'NONE', *, *, #5176, .T. ) ;
#4878 = CARTESIAN_POINT ( 'NONE',  ( -128.2199999999999704, 14.28999999999999737, -40.86854481000001016 ) ) ;
#4879 = ORIENTED_EDGE ( 'NONE', *, *, #5817, .T. ) ;
#4880 = DIRECTION ( 'NONE',  ( -1.000000000000000000, -0.000000000000000000, -0.000000000000000000 ) ) ;
#4881 = CARTESIAN_POINT ( 'NONE',  ( -114.8113720165046345, 7.606346146011636833, -52.58713401639744234 ) ) ;
#4882 = AXIS2_PLACEMENT_3D ( 'NONE', #5896, #1445, #2955 ) ;
#4883 = DIRECTION ( 'NONE',  ( 0.000000000000000000, 0.000000000000000000, 1.000000000000000000 ) ) ;
#4884 = CARTESIAN_POINT ( 'NONE',  ( -115.2700000000000529, 52.56830429459234466, -32.53104481000286796 ) ) ;
#4885 = EDGE_CURVE ( 'NONE', #2496, #3962, #5445, .T. ) ;
#4886 = EDGE_CURVE ( 'NONE', #4319, #6392, #2370, .T. ) ;
#4887 = AXIS2_PLACEMENT_3D ( 'NONE', #1312, #2453, #2393 ) ;
#4888 = CARTESIAN_POINT ( 'NONE',  ( -141.7291478385193955, 52.28767490294780629, -43.86352485061121342 ) ) ;
#4889 = ORIENTED_EDGE ( 'NONE', *, *, #5238, .F. ) ;
#4890 = CARTESIAN_POINT ( 'NONE',  ( -69.35535174968433125, 11.00000000000000000, -3.841044810000013410 ) ) ;
#4891 = CARTESIAN_POINT ( 'NONE',  ( -113.0000000000000000, 22.07999999999999829, 22.36145518999998671 ) ) ;
#4892 = CARTESIAN_POINT ( 'NONE',  ( -128.6466836438567327, 52.28722406661574951, -32.53104481000285375 ) ) ;
#4893 = AXIS2_PLACEMENT_3D ( 'NONE', #3764, #2305, #3177 ) ;
#4894 = VERTEX_POINT ( 'NONE', #1872 ) ;
#4895 = ORIENTED_EDGE ( 'NONE', *, *, #1730, .T. ) ;
#4896 = DIRECTION ( 'NONE',  ( -1.000000000000000000, -1.879698012995263886E-33, 5.187305081475803124E-16 ) ) ;
#4897 = CYLINDRICAL_SURFACE ( 'NONE', #382, 4.889999999999998792 ) ;
#4898 = VECTOR ( 'NONE', #3687, 1000.000000000000114 ) ;
#4899 = VECTOR ( 'NONE', #3544, 1000.000000000000000 ) ;
#4900 = ORIENTED_EDGE ( 'NONE', *, *, #1864, .F. ) ;
#4901 = CARTESIAN_POINT ( 'NONE',  ( -179.9943429362479037, 9.230403209752652347E-17, -32.53104481000283243 ) ) ;
#4902 = AXIS2_PLACEMENT_3D ( 'NONE', #2269, #1547, #4243 ) ;
#4903 = ADVANCED_FACE ( 'NONE', ( #1416 ), #1350, .T. ) ;
#4904 = LINE ( 'NONE', #3564, #3653 ) ;
#4905 = CARTESIAN_POINT ( 'NONE',  ( -70.25000000000000000, 4.549999999999997158, 4.795364426273063252 ) ) ;
#4906 = DIRECTION ( 'NONE',  ( 0.000000000000000000, 0.000000000000000000, -1.000000000000000000 ) ) ;
#4907 = VECTOR ( 'NONE', #4237, 1000.000000000000114 ) ;
#4908 = ORIENTED_EDGE ( 'NONE', *, *, #445, .T. ) ;
#4909 = ORIENTED_EDGE ( 'NONE', *, *, #4318, .F. ) ;
#4910 = LINE ( 'NONE', #3002, #1891 ) ;
#4911 = VERTEX_POINT ( 'NONE', #960 ) ;
#4912 = CARTESIAN_POINT ( 'NONE',  ( -169.2267353352553698, 35.71564372912068563, 34.62875430057483328 ) ) ;
#4913 = CARTESIAN_POINT ( 'NONE',  ( -114.0000000000000000, 0.000000000000000000, 17.01667390910194655 ) ) ;
#4914 = AXIS2_PLACEMENT_3D ( 'NONE', #2514, #3421, #5400 ) ;
#4915 = DIRECTION ( 'NONE',  ( -1.000000000000000000, -0.000000000000000000, -0.000000000000000000 ) ) ;
#4916 = CARTESIAN_POINT ( 'NONE',  ( -114.0000000000000000, 20.16208467296088003, 23.25379511268386423 ) ) ;
#4917 = SHAPE_DEFINITION_REPRESENTATION ( #1889, #1761 ) ;
#4918 = AXIS2_PLACEMENT_3D ( 'NONE', #1921, #6421, #30 ) ;
#4919 = EDGE_LOOP ( 'NONE', ( #3990, #5429, #3075, #6292, #3542 ) ) ;
#4920 = ORIENTED_EDGE ( 'NONE', *, *, #2278, .T. ) ;
#4921 = DIRECTION ( 'NONE',  ( -0.000000000000000000, 0.4999999999999996114, 0.8660254037844389297 ) ) ;
#4922 = CARTESIAN_POINT ( 'NONE',  ( -167.9900000000000091, 11.00000000000000000, 1.071455189999986901 ) ) ;
#4923 = DIRECTION ( 'NONE',  ( -1.000000000000000000, 1.860614795039110145E-15, 0.000000000000000000 ) ) ;
#4924 = ADVANCED_FACE ( 'NONE', ( #2857 ), #2431, .T. ) ;
#4925 = EDGE_CURVE ( 'NONE', #5384, #1686, #2401, .T. ) ;
#4926 = VECTOR ( 'NONE', #6060, 1000.000000000000000 ) ;
#4927 = VECTOR ( 'NONE', #4701, 1000.000000000000000 ) ;
#4928 = ORIENTED_EDGE ( 'NONE', *, *, #4108, .F. ) ;
#4929 = ORIENTED_EDGE ( 'NONE', *, *, #3265, .F. ) ;
#4930 = CARTESIAN_POINT ( 'NONE',  ( -128.6466836438567327, 1.111730743271269195E-16, -37.73026587767386530 ) ) ;
#4931 = ADVANCED_FACE ( 'NONE', ( #5381 ), #927, .T. ) ;
#4932 = CYLINDRICAL_SURFACE ( 'NONE', #4027, 5.199221067671011554 ) ;
#4933 = AXIS2_PLACEMENT_3D ( 'NONE', #1954, #1006, #5515 ) ;
#4934 = ORIENTED_EDGE ( 'NONE', *, *, #2827, .T. ) ;
#4935 = CIRCLE ( 'NONE', #2100, 3.000000000000002665 ) ;
#4936 = CARTESIAN_POINT ( 'NONE',  ( -161.9250000000000398, 41.59500000000250708, -61.46854480999999737 ) ) ;
#4937 = CARTESIAN_POINT ( 'NONE',  ( -106.8655280204250460, 52.31379203837553860, -44.21303470019812210 ) ) ;
#4938 = CARTESIAN_POINT ( 'NONE',  ( -129.2399999999999807, 11.00000000000000000, 1.071455189999986901 ) ) ;
#4939 = DIRECTION ( 'NONE',  ( 1.000000000000000000, -0.000000000000000000, 0.000000000000000000 ) ) ;
#4940 = DIRECTION ( 'NONE',  ( 0.000000000000000000, 3.469446951953593284E-15, -1.000000000000000000 ) ) ;
#4941 = ORIENTED_EDGE ( 'NONE', *, *, #2043, .F. ) ;
#4942 = EDGE_CURVE ( 'NONE', #3983, #3849, #3922, .T. ) ;
#4943 = ORIENTED_EDGE ( 'NONE', *, *, #5284, .T. ) ;
#4944 = DIRECTION ( 'NONE',  ( 0.000000000000000000, 0.000000000000000000, 1.000000000000000000 ) ) ;
#4945 = ORIENTED_EDGE ( 'NONE', *, *, #4164, .F. ) ;
#4946 = DIRECTION ( 'NONE',  ( 1.000000000000000000, 0.000000000000000000, 0.000000000000000000 ) ) ;
#4947 = CARTESIAN_POINT ( 'NONE',  ( -132.3876727006743863, 52.37302093559519989, -34.09558513288045845 ) ) ;
#4948 = CARTESIAN_POINT ( 'NONE',  ( -83.25000000000000000, 11.00000000000000000, 1.071455189999986901 ) ) ;
#4949 = FACE_OUTER_BOUND ( 'NONE', #171, .T. ) ;
#4950 = EDGE_CURVE ( 'NONE', #3371, #2403, #1082, .T. ) ;
#4951 = ORIENTED_EDGE ( 'NONE', *, *, #5674, .T. ) ;
#4952 = VERTEX_POINT ( 'NONE', #2646 ) ;
#4953 = CARTESIAN_POINT ( 'NONE',  ( -167.9900000000000091, 36.51499999999999346, -32.86854481000000305 ) ) ;
#4954 = CARTESIAN_POINT ( 'NONE',  ( -83.25000000000000000, 36.51499999999999346, -46.78104480999999026 ) ) ;
#4955 = CARTESIAN_POINT ( 'NONE',  ( -167.9900000000000091, 36.51499999999999346, -32.86854481000000305 ) ) ;
#4956 = VECTOR ( 'NONE', #2446, 1000.000000000000000 ) ;
#4957 = EDGE_CURVE ( 'NONE', #2268, #5467, #5012, .T. ) ;
#4958 = EDGE_CURVE ( 'NONE', #3417, #5852, #5472, .T. ) ;
#4959 = ORIENTED_EDGE ( 'NONE', *, *, #5638, .T. ) ;
#4960 = ORIENTED_EDGE ( 'NONE', *, *, #1233, .T. ) ;
#4961 = LINE ( 'NONE', #477, #2342 ) ;
#4962 = CARTESIAN_POINT ( 'NONE',  ( -138.6262915010152881, 35.30168919948090434, 43.65959274290923986 ) ) ;
#4963 = EDGE_LOOP ( 'NONE', ( #3099, #5607, #5886, #5047 ) ) ;
#4964 = DIRECTION ( 'NONE',  ( -0.7071067811865524577, 8.659560562354874926E-17, -0.7071067811865426878 ) ) ;
#4965 = DIRECTION ( 'NONE',  ( -0.000000000000000000, -1.000000000000000000, -0.000000000000000000 ) ) ;
#4966 = LINE ( 'NONE', #4905, #4601 ) ;
#4967 = DIRECTION ( 'NONE',  ( -1.000000000000000000, 0.000000000000000000, 0.000000000000000000 ) ) ;
#4968 = VERTEX_POINT ( 'NONE', #649 ) ;
#4969 = ORIENTED_EDGE ( 'NONE', *, *, #4843, .F. ) ;
#4970 = CARTESIAN_POINT ( 'NONE',  ( -83.25000000000000000, 7.840000000000006963, -37.14463557372693003 ) ) ;
#4971 = ORIENTED_EDGE ( 'NONE', *, *, #3620, .T. ) ;
#4972 = DIRECTION ( 'NONE',  ( 0.000000000000000000, 0.000000000000000000, -1.000000000000000000 ) ) ;
#4973 = LINE ( 'NONE', #4427, #2927 ) ;
#4974 = CARTESIAN_POINT ( 'NONE',  ( -111.1674612229020909, 34.78716491170222724, -56.23104481000000021 ) ) ;
#4975 = CARTESIAN_POINT ( 'NONE',  ( -92.65453496353495666, 36.00508488251254136, 38.55481457664576794 ) ) ;
#4976 = CIRCLE ( 'NONE', #5493, 5.912500000000028955 ) ;
#4977 = ORIENTED_EDGE ( 'NONE', *, *, #2252, .F. ) ;
#4978 = ORIENTED_EDGE ( 'NONE', *, *, #5909, .T. ) ;
#4979 = VECTOR ( 'NONE', #3660, 1000.000000000000000 ) ;
#4980 = DIRECTION ( 'NONE',  ( 0.000000000000000000, -1.000000000000000000, 0.000000000000000000 ) ) ;
#4981 = DIRECTION ( 'NONE',  ( -1.000000000000000000, 0.000000000000000000, 0.000000000000000000 ) ) ;
#4982 = CARTESIAN_POINT ( 'NONE',  ( -94.49122847088453625, 36.78209000067911916, 38.13466173727191943 ) ) ;
#4983 = ADVANCED_FACE ( 'NONE', ( #5568 ), #2946, .F. ) ;
#4984 = VECTOR ( 'NONE', #560, 1000.000000000000000 ) ;
#4985 = ORIENTED_EDGE ( 'NONE', *, *, #1543, .F. ) ;
#4986 = ORIENTED_EDGE ( 'NONE', *, *, #6091, .T. ) ;
#4987 = DIRECTION ( 'NONE',  ( -8.741913579725645257E-16, 1.000000000000000000, 0.000000000000000000 ) ) ;
#4988 = CARTESIAN_POINT ( 'NONE',  ( -83.24999999999998579, 14.28999999999999737, -40.86854481000000305 ) ) ;
#4989 = AXIS2_PLACEMENT_3D ( 'NONE', #2737, #3677, #4715 ) ;
#4990 = ORIENTED_EDGE ( 'NONE', *, *, #468, .T. ) ;
#4991 = DIRECTION ( 'NONE',  ( 0.000000000000000000, 0.000000000000000000, 1.000000000000000000 ) ) ;
#4992 = PLANE ( 'NONE',  #3894 ) ;
#4993 = DIRECTION ( 'NONE',  ( 0.000000000000000000, 0.000000000000000000, 1.000000000000000000 ) ) ;
#4994 = AXIS2_PLACEMENT_3D ( 'NONE', #176, #5907, #2969 ) ;
#4995 = DIRECTION ( 'NONE',  ( 0.000000000000000000, -1.000000000000000000, 0.000000000000000000 ) ) ;
#4996 = ADVANCED_FACE ( 'NONE', ( #1567 ), #2558, .F. ) ;
#4997 = EDGE_CURVE ( 'NONE', #1516, #5053, #5536, .T. ) ;
#4998 = ORIENTED_EDGE ( 'NONE', *, *, #2095, .T. ) ;
#4999 = AXIS2_PLACEMENT_3D ( 'NONE', #4725, #4171, #1767 ) ;
#5000 = EDGE_LOOP ( 'NONE', ( #2247, #1114, #1827, #4358 ) ) ;
#5001 = CARTESIAN_POINT ( 'NONE',  ( -100.9000000000000483, 1.854989805891880745E-16, -58.24957121884516198 ) ) ;
#5002 = ORIENTED_EDGE ( 'NONE', *, *, #5355, .F. ) ;
#5003 = LINE ( 'NONE', #3067, #2534 ) ;
#5004 = CARTESIAN_POINT ( 'NONE',  ( -115.0199999999999960, 44.45250000000256563, -29.60604481000280686 ) ) ;
#5005 = DIRECTION ( 'NONE',  ( 0.7071067811865465735, 0.000000000000000000, -0.7071067811865485719 ) ) ;
#5006 = CARTESIAN_POINT ( 'NONE',  ( -92.91798013572721970, 36.89856757206966620, 37.69996152290014635 ) ) ;
#5007 = VECTOR ( 'NONE', #5798, 1000.000000000000000 ) ;
#5008 = ORIENTED_EDGE ( 'NONE', *, *, #2029, .T. ) ;
#5009 = ORIENTED_EDGE ( 'NONE', *, *, #2725, .T. ) ;
#5010 = CARTESIAN_POINT ( 'NONE',  ( -158.9899999999999523, 36.51499999999999346, -35.95604481000000163 ) ) ;
#5011 = FACE_OUTER_BOUND ( 'NONE', #2542, .T. ) ;
#5012 = LINE ( 'NONE', #615, #5306 ) ;
#5013 = VECTOR ( 'NONE', #4360, 1000.000000000000000 ) ;
#5014 = EDGE_LOOP ( 'NONE', ( #1322, #4791, #5130, #3569 ) ) ;
#5015 = EDGE_CURVE ( 'NONE', #4650, #5780, #4591, .T. ) ;
#5016 = ORIENTED_EDGE ( 'NONE', *, *, #3498, .F. ) ;
#5017 = ORIENTED_EDGE ( 'NONE', *, *, #1882, .T. ) ;
#5018 = DIRECTION ( 'NONE',  ( 0.000000000000000000, -1.000000000000000000, 0.000000000000000000 ) ) ;
#5019 = DIRECTION ( 'NONE',  ( 0.9703147485327333621, 0.06259424433291430057, -0.2336049001118126744 ) ) ;
#5020 = VECTOR ( 'NONE', #312, 1000.000000000000000 ) ;
#5021 = VERTEX_POINT ( 'NONE', #5961 ) ;
#5022 = CARTESIAN_POINT ( 'NONE',  ( -84.25000000000000000, 36.51499999999999346, -35.95604481000000163 ) ) ;
#5023 = AXIS2_PLACEMENT_3D ( 'NONE', #2738, #258, #4230 ) ;
#5024 = LINE ( 'NONE', #4002, #59 ) ;
#5025 = FACE_OUTER_BOUND ( 'NONE', #2769, .T. ) ;
#5026 = AXIS2_PLACEMENT_3D ( 'NONE', #5127, #2739, #6238 ) ;
#5027 = ORIENTED_EDGE ( 'NONE', *, *, #4751, .T. ) ;
#5028 = VERTEX_POINT ( 'NONE', #136 ) ;
#5029 = CIRCLE ( 'NONE', #3485, 14.99999999999999645 ) ;
#5030 = B_SPLINE_CURVE_WITH_KNOTS ( 'NONE', 3,
 ( #1073, #4011, #1013, #6043, #550, #984, #5980, #3944, #2979, #578, #3581, #4947, #1531, #5557 ),
 .UNSPECIFIED., .F., .F.,
 ( 4, 2, 2, 2, 2, 2, 4 ),
 ( 0.000000000000000000, 0.001241231711040617636, 0.001861847566560966786, 0.002482463422081315936, 0.003103079277601664653, 0.003723695133122014236, 0.004964926844162636209 ),
 .UNSPECIFIED. ) ;
#5031 = ADVANCED_FACE ( 'NONE', ( #19, #5501, #1603 ), #3593, .F. ) ;
#5032 = CARTESIAN_POINT ( 'NONE',  ( -134.5416634514403142, 33.69407143524743020, 49.65930391817875034 ) ) ;
#5033 = EDGE_CURVE ( 'NONE', #5539, #5705, #3863, .T. ) ;
#5034 = ORIENTED_EDGE ( 'NONE', *, *, #5672, .F. ) ;
#5035 = CARTESIAN_POINT ( 'NONE',  ( -135.8148612484233126, 3.299999999999999822, -38.90291912545238517 ) ) ;
#5036 = CARTESIAN_POINT ( 'NONE',  ( -114.0000000000000000, 9.018853248667547007, -3.725102825279746011 ) ) ;
#5037 = DIRECTION ( 'NONE',  ( 0.000000000000000000, 0.000000000000000000, -1.000000000000000000 ) ) ;
#5038 = DIRECTION ( 'NONE',  ( -0.000000000000000000, 0.4999999999999992784, 0.8660254037844390407 ) ) ;
#5039 = AXIS2_PLACEMENT_3D ( 'NONE', #13, #3492, #521 ) ;
#5040 = ADVANCED_FACE ( 'NONE', ( #4502 ), #106, .F. ) ;
#5041 = VERTEX_POINT ( 'NONE', #3045 ) ;
#5042 = VERTEX_POINT ( 'NONE', #51 ) ;
#5043 = CARTESIAN_POINT ( 'NONE',  ( -83.25000000000000000, 22.07999999999999829, 16.47145518999999325 ) ) ;
#5044 = LINE ( 'NONE', #3012, #612 ) ;
#5045 = FACE_OUTER_BOUND ( 'NONE', #4076, .T. ) ;
#5046 = VERTEX_POINT ( 'NONE', #2035 ) ;
#5047 = ORIENTED_EDGE ( 'NONE', *, *, #3975, .F. ) ;
#5048 = CARTESIAN_POINT ( 'NONE',  ( -70.25000000000000000, 17.44999999999999929, 4.795364426273074798 ) ) ;
#5049 = CARTESIAN_POINT ( 'NONE',  ( -83.25000000000000000, 36.51499999999999346, -40.86854481000000305 ) ) ;
#5050 = CARTESIAN_POINT ( 'NONE',  ( -138.6262915010152312, 32.62124113080947296, 46.31794919243127140 ) ) ;
#5051 = AXIS2_PLACEMENT_3D ( 'NONE', #2408, #2833, #1848 ) ;
#5052 = EDGE_CURVE ( 'NONE', #2418, #2114, #4573, .T. ) ;
#5053 = VERTEX_POINT ( 'NONE', #5988 ) ;
#5054 = CARTESIAN_POINT ( 'NONE',  ( -70.25000000000000000, 30.06499999999998707, -37.14463557372690872 ) ) ;
#5055 = CARTESIAN_POINT ( 'NONE',  ( -115.2699999999999818, 14.28999999999999737, -40.86854481000000305 ) ) ;
#5056 = DIRECTION ( 'NONE',  ( 0.000000000000000000, -0.8660254037844389297, 0.4999999999999995004 ) ) ;
#5057 = EDGE_CURVE ( 'NONE', #5663, #3446, #5416, .T. ) ;
#5058 = EDGE_LOOP ( 'NONE', ( #6338, #3908, #2716, #2037 ) ) ;
#5059 = VECTOR ( 'NONE', #3572, 1000.000000000000000 ) ;
#5060 = LINE ( 'NONE', #1161, #6348 ) ;
#5061 = LINE ( 'NONE', #1195, #6153 ) ;
#5062 = CARTESIAN_POINT ( 'NONE',  ( -107.6500000000000483, 9.527500000002524061, -58.16854481000000021 ) ) ;
#5063 = LINE ( 'NONE', #6167, #6276 ) ;
#5064 = CYLINDRICAL_SURFACE ( 'NONE', #1722, 3.000000000000002665 ) ;
#5065 = ADVANCED_FACE ( 'NONE', ( #5045 ), #2717, .T. ) ;
#5066 = ORIENTED_EDGE ( 'NONE', *, *, #3842, .F. ) ;
#5067 = ORIENTED_EDGE ( 'NONE', *, *, #3058, .T. ) ;
#5068 = ORIENTED_EDGE ( 'NONE', *, *, #6126, .T. ) ;
#5069 = CARTESIAN_POINT ( 'NONE',  ( -164.0247847025006536, 35.41564437817926603, -54.16854481000000021 ) ) ;
#5070 = DIRECTION ( 'NONE',  ( 0.000000000000000000, 0.000000000000000000, -1.000000000000000000 ) ) ;
#5071 = CARTESIAN_POINT ( 'NONE',  ( -83.24999999999998579, 14.28999999999999737, -35.95604481000000163 ) ) ;
#5072 = EDGE_CURVE ( 'NONE', #2030, #2862, #5943, .T. ) ;
#5073 = ADVANCED_FACE ( 'NONE', ( #6141 ), #6207, .F. ) ;
#5074 = ORIENTED_EDGE ( 'NONE', *, *, #2914, .T. ) ;
#5075 = CARTESIAN_POINT ( 'NONE',  ( -108.2850000000000392, 40.64250000000248519, -61.46854480999999737 ) ) ;
#5076 = VERTEX_POINT ( 'NONE', #232 ) ;
#5077 = ORIENTED_EDGE ( 'NONE', *, *, #3085, .T. ) ;
#5078 = PLANE ( 'NONE',  #5929 ) ;
#5079 = DIRECTION ( 'NONE',  ( -1.000000000000000000, 0.000000000000000000, 0.000000000000000000 ) ) ;
#5080 = AXIS2_PLACEMENT_3D ( 'NONE', #2194, #3651, #2229 ) ;
#5081 = FACE_OUTER_BOUND ( 'NONE', #1611, .T. ) ;
#5082 = ORIENTED_EDGE ( 'NONE', *, *, #1753, .T. ) ;
#5083 = DIRECTION ( 'NONE',  ( 1.000000000000000000, -0.000000000000000000, 0.000000000000000000 ) ) ;
#5084 = DIRECTION ( 'NONE',  ( -0.000000000000000000, 0.4999999999999997780, 0.8660254037844388186 ) ) ;
#5085 = LINE ( 'NONE', #6160, #1960 ) ;
#5086 = CIRCLE ( 'NONE', #1562, 15.00000000000000000 ) ;
#5087 = VERTEX_POINT ( 'NONE', #3720 ) ;
#5088 = ADVANCED_FACE ( 'NONE', ( #1279 ), #716, .T. ) ;
#5089 = CARTESIAN_POINT ( 'NONE',  ( -167.9900000000000091, 36.51499999999999346, -40.86854481000000305 ) ) ;
#5090 = CARTESIAN_POINT ( 'NONE',  ( -128.2199999999999704, 47.56698729810776882, -52.37850603290216611 ) ) ;
#5091 = CARTESIAN_POINT ( 'NONE',  ( -132.9056362101498507, 52.40400092372722440, -34.74811518587787873 ) ) ;
#5092 = CARTESIAN_POINT ( 'NONE',  ( -113.4607931559448701, 45.36887487192717572, -53.93771287695719963 ) ) ;
#5093 = LINE ( 'NONE', #2638, #2070 ) ;
#5094 =( BOUNDED_CURVE ( )  B_SPLINE_CURVE ( 3, ( #3843, #5813, #1366, #4384 ),
 .UNSPECIFIED., .F., .T. ) 
 B_SPLINE_CURVE_WITH_KNOTS ( ( 4, 4 ),
 ( 5.235987755982979053, 6.283185307179586232 ),
 .UNSPECIFIED. ) 
 CURVE ( )  GEOMETRIC_REPRESENTATION_ITEM ( )  RATIONAL_B_SPLINE_CURVE ( ( 1.000000000000000000, 0.9106836025229574361, 0.9106836025229574361, 1.000000000000000000 ) ) 
 REPRESENTATION_ITEM ( '' )  );
#5095 = VECTOR ( 'NONE', #2161, 1000.000000000000000 ) ;
#5096 = AXIS2_PLACEMENT_3D ( 'NONE', #602, #3611, #4575 ) ;
#5097 = ORIENTED_EDGE ( 'NONE', *, *, #1267, .T. ) ;
#5098 = EDGE_LOOP ( 'NONE', ( #4119, #4986 ) ) ;
#5099 = ORIENTED_EDGE ( 'NONE', *, *, #6180, .F. ) ;
#5100 = DIRECTION ( 'NONE',  ( 0.000000000000000000, 0.000000000000000000, -1.000000000000000000 ) ) ;
#5101 = CARTESIAN_POINT ( 'NONE',  ( -135.8148612484233126, 52.56830429459234466, -38.90291912545239228 ) ) ;
#5102 = AXIS2_PLACEMENT_3D ( 'NONE', #5751, #2350, #1300 ) ;
#5103 = CARTESIAN_POINT ( 'NONE',  ( -96.75346464056789841, 36.53176524075754372, 39.06888645969166163 ) ) ;
#5104 = CIRCLE ( 'NONE', #1067, 6.540563343818389441 ) ;
#5105 = DIRECTION ( 'NONE',  ( -1.000000000000000000, 0.000000000000000000, 0.000000000000000000 ) ) ;
#5106 = ORIENTED_EDGE ( 'NONE', *, *, #1276, .T. ) ;
#5107 = CARTESIAN_POINT ( 'NONE',  ( -152.8539656710590009, 6.299999999999999822, -61.46854480999999737 ) ) ;
#5108 = EDGE_CURVE ( 'NONE', #5635, #1638, #3139, .T. ) ;
#5109 = ADVANCED_FACE ( 'NONE', ( #6245 ), #5692, .F. ) ;
#5110 = VERTEX_POINT ( 'NONE', #1172 ) ;
#5111 = EDGE_CURVE ( 'NONE', #214, #2853, #295, .T. ) ;
#5112 = CYLINDRICAL_SURFACE ( 'NONE', #5313, 8.000000000000000000 ) ;
#5113 = DIRECTION ( 'NONE',  ( 1.000000000000000000, 0.000000000000000000, 0.000000000000000000 ) ) ;
#5114 = LINE ( 'NONE', #4219, #5152 ) ;
#5115 = VECTOR ( 'NONE', #1646, 1000.000000000000000 ) ;
#5116 = VECTOR ( 'NONE', #6101, 999.9999999999998863 ) ;
#5117 = ORIENTED_EDGE ( 'NONE', *, *, #1085, .F. ) ;
#5118 = PLANE ( 'NONE',  #555 ) ;
#5119 = CARTESIAN_POINT ( 'NONE',  ( -141.9329556207563598, 35.67456220303814973, 42.26801174886279000 ) ) ;
#5120 = LINE ( 'NONE', #735, #1934 ) ;
#5121 = ORIENTED_EDGE ( 'NONE', *, *, #2335, .T. ) ;
#5122 = CARTESIAN_POINT ( 'NONE',  ( -164.0247847025006536, 35.41564437817926603, -61.46854480999999737 ) ) ;
#5123 = CIRCLE ( 'NONE', #3169, 5.662499999999994316 ) ;
#5124 = DIRECTION ( 'NONE',  ( 0.000000000000000000, -0.8660254037844382635, -0.5000000000000007772 ) ) ;
#5125 = CARTESIAN_POINT ( 'NONE',  ( -104.6092703718782246, 52.57418684766347639, 38.31794919243127140 ) ) ;
#5126 = EDGE_CURVE ( 'NONE', #270, #5475, #330, .T. ) ;
#5127 = CARTESIAN_POINT ( 'NONE',  ( -70.25000000000000000, 36.51499999999998636, -33.42072633745382859 ) ) ;
#5128 = EDGE_CURVE ( 'NONE', #5087, #3909, #4623, .T. ) ;
#5129 = VECTOR ( 'NONE', #1063, 1000.000000000000000 ) ;
#5130 = ORIENTED_EDGE ( 'NONE', *, *, #474, .F. ) ;
#5131 = VERTEX_POINT ( 'NONE', #197 ) ;
#5132 = ORIENTED_EDGE ( 'NONE', *, *, #4366, .F. ) ;
#5133 = CYLINDRICAL_SURFACE ( 'NONE', #967, 3.000000000000002665 ) ;
#5134 = LINE ( 'NONE', #294, #5191 ) ;
#5135 =( BOUNDED_CURVE ( )  B_SPLINE_CURVE ( 3, ( #4516, #2445, #90, #973 ),
 .UNSPECIFIED., .F., .F. ) 
 B_SPLINE_CURVE_WITH_KNOTS ( ( 4, 4 ),
 ( 0.000000000000000000, 1.113344199984886096 ),
 .UNSPECIFIED. ) 
 CURVE ( )  GEOMETRIC_REPRESENTATION_ITEM ( )  RATIONAL_B_SPLINE_CURVE ( ( 1.000000000000000000, 0.8993454337775125262, 0.8993454337775125262, 1.000000000000000000 ) ) 
 REPRESENTATION_ITEM ( '' )  );
#5136 = CARTESIAN_POINT ( 'NONE',  ( -114.2699999999999818, 36.51499999999999346, -40.86854481000000305 ) ) ;
#5137 = VECTOR ( 'NONE', #190, 1000.000000000000000 ) ;
#5138 = ADVANCED_FACE ( 'NONE', ( #823 ), #2749, .F. ) ;
#5139 = VERTEX_POINT ( 'NONE', #3303 ) ;
#5140 = CARTESIAN_POINT ( 'NONE',  ( -129.2399999999999523, 19.22993632290816279, 8.369958332485904151 ) ) ;
#5141 = ORIENTED_EDGE ( 'NONE', *, *, #3535, .F. ) ;
#5142 = DIRECTION ( 'NONE',  ( 6.427877632151207979E-16, 0.000000000000000000, -1.000000000000000000 ) ) ;
#5143 = CARTESIAN_POINT ( 'NONE',  ( -155.3986279834954587, 41.59500000000250708, -61.46854480999999737 ) ) ;
#5144 = VERTEX_POINT ( 'NONE', #2264 ) ;
#5145 = PLANE ( 'NONE',  #3444 ) ;
#5146 = CYLINDRICAL_SURFACE ( 'NONE', #4308, 0.8000000000000020428 ) ;
#5147 = DIRECTION ( 'NONE',  ( -0.7071067811865426878, 0.000000000000000000, 0.7071067811865524577 ) ) ;
#5148 = ADVANCED_FACE ( 'NONE', ( #5171 ), #5207, .F. ) ;
#5149 = EDGE_CURVE ( 'NONE', #4808, #1443, #3168, .T. ) ;
#5150 = ORIENTED_EDGE ( 'NONE', *, *, #5577, .F. ) ;
#5151 = ORIENTED_EDGE ( 'NONE', *, *, #1911, .T. ) ;
#5152 = VECTOR ( 'NONE', #2724, 1000.000000000000000 ) ;
#5153 = DIRECTION ( 'NONE',  ( -1.000000000000000000, 0.000000000000000000, 0.000000000000000000 ) ) ;
#5154 = CARTESIAN_POINT ( 'NONE',  ( -167.9900000000000091, 1.328745916968783523E-16, -43.74306552843802365 ) ) ;
#5155 = FACE_OUTER_BOUND ( 'NONE', #3562, .T. ) ;
#5156 = EDGE_CURVE ( 'NONE', #6041, #3983, #3447, .T. ) ;
#5157 = EDGE_CURVE ( 'NONE', #203, #3062, #3043, .T. ) ;
#5158 = VECTOR ( 'NONE', #6407, 1000.000000000000000 ) ;
#5159 = ORIENTED_EDGE ( 'NONE', *, *, #3817, .F. ) ;
#5160 = CARTESIAN_POINT ( 'NONE',  ( -104.6092703718782388, 35.30168919948091144, 43.65959274290920433 ) ) ;
#5161 = CARTESIAN_POINT ( 'NONE',  ( -138.6262915010152312, 32.62124113080947296, 46.31794919243127140 ) ) ;
#5162 = CARTESIAN_POINT ( 'NONE',  ( -115.0199999999999818, 47.76698729810777166, -32.53705880395594363 ) ) ;
#5163 = CARTESIAN_POINT ( 'NONE',  ( -101.0438774399292328, 32.75094966120777684, 45.48061060665143174 ) ) ;
#5164 = DIRECTION ( 'NONE',  ( 0.000000000000000000, 0.000000000000000000, -1.000000000000000000 ) ) ;
#5165 = ADVANCED_FACE ( 'NONE', ( #5858 ), #4363, .F. ) ;
#5166 = ORIENTED_EDGE ( 'NONE', *, *, #4129, .F. ) ;
#5167 = ORIENTED_EDGE ( 'NONE', *, *, #445, .F. ) ;
#5168 = ORIENTED_EDGE ( 'NONE', *, *, #2835, .F. ) ;
#5169 = DIRECTION ( 'NONE',  ( 0.000000000000000000, 0.8660254037844384856, 0.5000000000000003331 ) ) ;
#5170 = LINE ( 'NONE', #1205, #198 ) ;
#5171 = FACE_OUTER_BOUND ( 'NONE', #334, .T. ) ;
#5172 = ORIENTED_EDGE ( 'NONE', *, *, #1865, .T. ) ;
#5173 = FACE_OUTER_BOUND ( 'NONE', #2467, .T. ) ;
#5174 = ORIENTED_EDGE ( 'NONE', *, *, #2, .T. ) ;
#5175 = CARTESIAN_POINT ( 'NONE',  ( -129.2399999999999807, 11.00000000000000000, 1.071455189999986901 ) ) ;
#5176 = EDGE_CURVE ( 'NONE', #1638, #5675, #424, .T. ) ;
#5177 = LINE ( 'NONE', #5698, #4567 ) ;
#5178 = ORIENTED_EDGE ( 'NONE', *, *, #3693, .F. ) ;
#5179 = DIRECTION ( 'NONE',  ( -1.000000000000000000, 0.000000000000000000, 5.187305081475803124E-16 ) ) ;
#5180 = LINE ( 'NONE', #727, #5963 ) ;
#5181 = AXIS2_PLACEMENT_3D ( 'NONE', #3782, #2357, #4813 ) ;
#5182 = DIRECTION ( 'NONE',  ( 1.000000000000000000, 0.000000000000000000, 0.000000000000000000 ) ) ;
#5183 = VECTOR ( 'NONE', #1285, 1000.000000000000000 ) ;
#5184 = ORIENTED_EDGE ( 'NONE', *, *, #3713, .F. ) ;
#5185 = VERTEX_POINT ( 'NONE', #4822 ) ;
#5186 = CIRCLE ( 'NONE', #5402, 15.49999999999999289 ) ;
#5187 = CARTESIAN_POINT ( 'NONE',  ( -129.2399999999999807, 20.24958831241624679, 12.30105371277315207 ) ) ;
#5188 = B_SPLINE_CURVE_WITH_KNOTS ( 'NONE', 3,
 ( #772, #1294, #4253, #3286, #4412, #901 ),
 .UNSPECIFIED., .F., .F.,
 ( 4, 2, 4 ),
 ( 0.000000000000000000, 0.5000000000000000000, 1.000000000000000000 ),
 .UNSPECIFIED. ) ;
#5189 = DIRECTION ( 'NONE',  ( 0.000000000000000000, -0.000000000000000000, 1.000000000000000000 ) ) ;
#5190 = DIRECTION ( 'NONE',  ( 0.000000000000000000, 0.000000000000000000, -1.000000000000000000 ) ) ;
#5191 = VECTOR ( 'NONE', #1633, 1000.000000000000000 ) ;
#5192 = ORIENTED_EDGE ( 'NONE', *, *, #4331, .F. ) ;
#5193 = CARTESIAN_POINT ( 'NONE',  ( -70.25000000000000000, 42.96499999999999631, -37.14463557372691582 ) ) ;
#5194 = CARTESIAN_POINT ( 'NONE',  ( -115.2699999999999818, 14.28999999999999737, -34.95604481000001584 ) ) ;
#5195 = CARTESIAN_POINT ( 'NONE',  ( -114.8113720165046203, 40.64250000000248519, -61.46854480999999737 ) ) ;
#5196 = ADVANCED_FACE ( 'NONE', ( #5372 ), #856, .F. ) ;
#5197 = EDGE_CURVE ( 'NONE', #3376, #1763, #1262, .T. ) ;
#5198 = DIRECTION ( 'NONE',  ( 0.000000000000000000, 0.000000000000000000, 1.000000000000000000 ) ) ;
#5199 = AXIS2_PLACEMENT_3D ( 'NONE', #5525, #3489, #5918 ) ;
#5200 = CARTESIAN_POINT ( 'NONE',  ( -108.2850000000000392, 10.16250000000252918, -61.46854480999999737 ) ) ;
#5201 = ORIENTED_EDGE ( 'NONE', *, *, #1718, .F. ) ;
#5202 = AXIS2_PLACEMENT_3D ( 'NONE', #3355, #4261, #1793 ) ;
#5203 = ORIENTED_EDGE ( 'NONE', *, *, #5494, .T. ) ;
#5204 = EDGE_LOOP ( 'NONE', ( #4784, #2916, #53, #4750 ) ) ;
#5205 = LINE ( 'NONE', #1109, #3153 ) ;
#5206 = CARTESIAN_POINT ( 'NONE',  ( -114.0000000000000000, 23.93565672252109877, 32.30089308771268719 ) ) ;
#5207 = CYLINDRICAL_SURFACE ( 'NONE', #3969, 15.00000000000000000 ) ;
#5208 = CIRCLE ( 'NONE', #3353, 15.00000000000000000 ) ;
#5209 = ORIENTED_EDGE ( 'NONE', *, *, #4844, .T. ) ;
#5210 = AXIS2_PLACEMENT_3D ( 'NONE', #4307, #2884, #5305 ) ;
#5211 = DIRECTION ( 'NONE',  ( -1.000000000000000000, 0.000000000000000000, -0.000000000000000000 ) ) ;
#5212 = AXIS2_PLACEMENT_3D ( 'NONE', #4809, #4325, #5682 ) ;
#5213 = ORIENTED_EDGE ( 'NONE', *, *, #6252, .T. ) ;
#5214 = LINE ( 'NONE', #2653, #1271 ) ;
#5215 = CARTESIAN_POINT ( 'NONE',  ( -70.25000000000000000, 47.04105340123315671, -0.1523109065847579047 ) ) ;
#5216 = ORIENTED_EDGE ( 'NONE', *, *, #2988, .T. ) ;
#5217 = CARTESIAN_POINT ( 'NONE',  ( -144.3205584798394341, 0.000000000000000000, 43.93739071259182793 ) ) ;
#5218 = CARTESIAN_POINT ( 'NONE',  ( -155.6750000000000398, 18.16484582764474354, -61.46854480999999737 ) ) ;
#5219 = CARTESIAN_POINT ( 'NONE',  ( -115.0199999999999818, 14.28999999999999737, -35.20604481000000874 ) ) ;
#5220 = ADVANCED_FACE ( 'NONE', ( #1440 ), #6280, .T. ) ;
#5221 = ORIENTED_EDGE ( 'NONE', *, *, #3405, .F. ) ;
#5222 = ORIENTED_EDGE ( 'NONE', *, *, #4950, .F. ) ;
#5223 = CONICAL_SURFACE ( 'NONE', #5744, 5.889999999999992575, 0.7853981633974445042 ) ;
#5224 = DIRECTION ( 'NONE',  ( -1.000000000000000000, 0.000000000000000000, 0.000000000000000000 ) ) ;
#5225 = CARTESIAN_POINT ( 'NONE',  ( -70.25000000000000000, 30.06499999999998707, -37.14463557372690872 ) ) ;
#5226 = PLANE ( 'NONE',  #1108 ) ;
#5227 = EDGE_CURVE ( 'NONE', #4704, #458, #2937, .T. ) ;
#5228 = AXIS2_PLACEMENT_3D ( 'NONE', #3094, #1622, #4193 ) ;
#5229 = VERTEX_POINT ( 'NONE', #6313 ) ;
#5230 = CARTESIAN_POINT ( 'NONE',  ( -128.6466836438567327, 9.233291482903957456E-17, -32.53104481000285375 ) ) ;
#5231 = CARTESIAN_POINT ( 'NONE',  ( -128.2199999999999704, 47.56698729810777593, -32.53104481000286086 ) ) ;
#5232 = CYLINDRICAL_SURFACE ( 'NONE', #2202, 4.912500000000000533 ) ;
#5233 = AXIS2_PLACEMENT_3D ( 'NONE', #5939, #4965, #3933 ) ;
#5234 = DIRECTION ( 'NONE',  ( 1.000000000000000000, 0.000000000000000000, 0.000000000000000000 ) ) ;
#5235 = CARTESIAN_POINT ( 'NONE',  ( -135.8148612484233126, 52.54110343822539164, -38.90291912545238517 ) ) ;
#5236 = ORIENTED_EDGE ( 'NONE', *, *, #569, .F. ) ;
#5237 = EDGE_CURVE ( 'NONE', #556, #5053, #1343, .T. ) ;
#5238 = EDGE_CURVE ( 'NONE', #5383, #3816, #367, .T. ) ;
#5239 = VECTOR ( 'NONE', #1148, 1000.000000000000114 ) ;
#5240 = ORIENTED_EDGE ( 'NONE', *, *, #5227, .F. ) ;
#5241 = ORIENTED_EDGE ( 'NONE', *, *, #811, .F. ) ;
#5242 = CARTESIAN_POINT ( 'NONE',  ( -155.6750000000000398, 18.16484582764474354, -61.46854480999999737 ) ) ;
#5243 = DIRECTION ( 'NONE',  ( 0.000000000000000000, 0.000000000000000000, -1.000000000000000000 ) ) ;
#5244 = CARTESIAN_POINT ( 'NONE',  ( -83.24999999999998579, 14.28999999999999737, -40.86854481000000305 ) ) ;
#5245 = VECTOR ( 'NONE', #4796, 1000.000000000000000 ) ;
#5246 = ORIENTED_EDGE ( 'NONE', *, *, #2395, .T. ) ;
#5247 = CARTESIAN_POINT ( 'NONE',  ( -137.3201063584309622, 52.56765894952388152, -40.72460237342139777 ) ) ;
#5248 = ORIENTED_EDGE ( 'NONE', *, *, #702, .T. ) ;
#5249 = AXIS2_PLACEMENT_3D ( 'NONE', #640, #3193, #678 ) ;
#5250 = CARTESIAN_POINT ( 'NONE',  ( -95.80656598649110833, 33.75240945472885556, 41.68321778934784305 ) ) ;
#5251 = CARTESIAN_POINT ( 'NONE',  ( -70.25000000000000000, 7.840000000000006963, -37.14463557372693003 ) ) ;
#5252 = ORIENTED_EDGE ( 'NONE', *, *, #2316, .F. ) ;
#5253 = CARTESIAN_POINT ( 'NONE',  ( -147.0216095578928730, 33.69706663002420299, 41.79596564496244326 ) ) ;
#5254 = CARTESIAN_POINT ( 'NONE',  ( -167.9900000000000091, 11.00000000000000000, 1.071455189999986901 ) ) ;
#5255 = ORIENTED_EDGE ( 'NONE', *, *, #2743, .T. ) ;
#5256 = VERTEX_POINT ( 'NONE', #1862 ) ;
#5257 = DIRECTION ( 'NONE',  ( 0.000000000000000000, 0.8660254037844389297, -0.4999999999999992784 ) ) ;
#5258 = LINE ( 'NONE', #379, #608 ) ;
#5259 = CARTESIAN_POINT ( 'NONE',  ( -129.2399999999999807, 20.94902219681364741, 34.02759368067057011 ) ) ;
#5260 = VERTEX_POINT ( 'NONE', #1898 ) ;
#5261 = VECTOR ( 'NONE', #1422, 1000.000000000000000 ) ;
#5262 = CARTESIAN_POINT ( 'NONE',  ( -114.0000000000000000, 11.00000000000000000, -4.841044810000000531 ) ) ;
#5263 = LINE ( 'NONE', #384, #4818 ) ;
#5264 = EDGE_CURVE ( 'NONE', #2131, #5042, #4174, .T. ) ;
#5265 = CARTESIAN_POINT ( 'NONE',  ( -70.25000000000000000, 20.73999999999998067, -44.59245404627310450 ) ) ;
#5266 = DIRECTION ( 'NONE',  ( -1.285575526430241596E-15, 0.000000000000000000, 1.000000000000000000 ) ) ;
#5267 = CARTESIAN_POINT ( 'NONE',  ( -100.9000000000000483, 3.299999999999999822, -58.24957121884516198 ) ) ;
#5268 = AXIS2_PLACEMENT_3D ( 'NONE', #504, #5545, #1545 ) ;
#5269 = ORIENTED_EDGE ( 'NONE', *, *, #1617, .F. ) ;
#5270 = EDGE_LOOP ( 'NONE', ( #2390, #3183, #5411, #5462 ) ) ;
#5271 = VERTEX_POINT ( 'NONE', #3823 ) ;
#5272 = PRODUCT_DEFINITION_FORMATION_WITH_SPECIFIED_SOURCE ( 'ANY', '', #6295, .NOT_KNOWN. ) ;
#5273 = CARTESIAN_POINT ( 'NONE',  ( -114.0000000000000000, 0.000000000000000000, 46.31794919243127140 ) ) ;
#5274 = PLANE ( 'NONE',  #6018 ) ;
#5275 = CARTESIAN_POINT ( 'NONE',  ( -99.04663244449228898, 32.96973858619520570, 44.06747606764520242 ) ) ;
#5276 = CARTESIAN_POINT ( 'NONE',  ( -146.9730592246206129, 51.97136140556455786, -45.20584663241152157 ) ) ;
#5277 = ORIENTED_EDGE ( 'NONE', *, *, #4844, .F. ) ;
#5278 = DIRECTION ( 'NONE',  ( 0.000000000000000000, -0.2588190451025246808, 0.9659258262890672020 ) ) ;
#5279 = CARTESIAN_POINT ( 'NONE',  ( -101.7578737237592605, 47.56698729810777593, -56.23104481000000021 ) ) ;
#5280 = VERTEX_POINT ( 'NONE', #3455 ) ;
#5281 = CARTESIAN_POINT ( 'NONE',  ( -149.4765034697028625, 34.11711014755668714, 40.51655413737667999 ) ) ;
#5282 = CARTESIAN_POINT ( 'NONE',  ( -95.13789906312446476, 2.819129853078724280E-16, -84.85644387312422054 ) ) ;
#5283 = EDGE_CURVE ( 'NONE', #5757, #2139, #221, .T. ) ;
#5284 = EDGE_CURVE ( 'NONE', #3143, #3314, #3915, .T. ) ;
#5285 = ORIENTED_EDGE ( 'NONE', *, *, #2214, .F. ) ;
#5286 = ORIENTED_EDGE ( 'NONE', *, *, #1785, .F. ) ;
#5287 = CARTESIAN_POINT ( 'NONE',  ( -167.9900000000000091, 18.22984139532879766, 40.84498563909247082 ) ) ;
#5288 = LINE ( 'NONE', #2249, #3115 ) ;
#5289 = FACE_OUTER_BOUND ( 'NONE', #3683, .T. ) ;
#5290 = CIRCLE ( 'NONE', #5704, 6.526372016504577545 ) ;
#5291 = ORIENTED_EDGE ( 'NONE', *, *, #1974, .T. ) ;
#5292 = CARTESIAN_POINT ( 'NONE',  ( -159.9899999999999807, 11.00000000000000000, 1.071455189999986901 ) ) ;
#5293 = CARTESIAN_POINT ( 'NONE',  ( -144.2831457505076003, 32.98408942375561992, 43.97480344192364754 ) ) ;
#5294 = DIRECTION ( 'NONE',  ( -1.000000000000000000, -0.000000000000000000, -0.000000000000000000 ) ) ;
#5295 = FACE_OUTER_BOUND ( 'NONE', #955, .T. ) ;
#5296 = DIRECTION ( 'NONE',  ( 1.000000000000000000, -0.000000000000000000, -0.000000000000000000 ) ) ;
#5297 = VECTOR ( 'NONE', #4143, 999.9999999999998863 ) ;
#5298 = ORIENTED_EDGE ( 'NONE', *, *, #2143, .T. ) ;
#5299 = EDGE_CURVE ( 'NONE', #5649, #4834, #3423, .T. ) ;
#5300 = CARTESIAN_POINT ( 'NONE',  ( -150.6418346865630724, 34.23109815390987620, 40.16915381341304681 ) ) ;
#5301 = ORIENTED_EDGE ( 'NONE', *, *, #4052, .F. ) ;
#5302 = VECTOR ( 'NONE', #3753, 1000.000000000000000 ) ;
#5303 = CARTESIAN_POINT ( 'NONE',  ( -179.9943429362479037, 3.299999999999999822, -32.53104481000283243 ) ) ;
#5304 = DIRECTION ( 'NONE',  ( 0.7071067811865531239, 0.000000000000000000, -0.7071067811865420216 ) ) ;
#5305 = DIRECTION ( 'NONE',  ( 0.000000000000000000, 0.000000000000000000, -1.000000000000000000 ) ) ;
#5306 = VECTOR ( 'NONE', #5596, 1000.000000000000000 ) ;
#5307 = VECTOR ( 'NONE', #4069, 1000.000000000000000 ) ;
#5308 = CARTESIAN_POINT ( 'NONE',  ( -102.0841289337714670, 32.68189609260639372, 45.92626093388195585 ) ) ;
#5309 = ORIENTED_EDGE ( 'NONE', *, *, #5149, .F. ) ;
#5310 = FACE_OUTER_BOUND ( 'NONE', #2188, .T. ) ;
#5311 = FACE_OUTER_BOUND ( 'NONE', #5913, .T. ) ;
#5312 = VERTEX_POINT ( 'NONE', #6341 ) ;
#5313 = AXIS2_PLACEMENT_3D ( 'NONE', #4419, #3600, #6118 ) ;
#5314 = LINE ( 'NONE', #374, #5731 ) ;
#5315 = CARTESIAN_POINT ( 'NONE',  ( -114.2699999999999818, 14.28999999999999737, -35.95604481000000163 ) ) ;
#5316 = AXIS2_PLACEMENT_3D ( 'NONE', #4756, #4138, #1700 ) ;
#5317 = VECTOR ( 'NONE', #6070, 1000.000000000000000 ) ;
#5318 = EDGE_CURVE ( 'NONE', #1928, #4408, #436, .T. ) ;
#5319 = EDGE_CURVE ( 'NONE', #3406, #133, #433, .T. ) ;
#5320 = ORIENTED_EDGE ( 'NONE', *, *, #3924, .T. ) ;
#5321 = ORIENTED_EDGE ( 'NONE', *, *, #2106, .F. ) ;
#5322 = LINE ( 'NONE', #871, #251 ) ;
#5323 = DIRECTION ( 'NONE',  ( -1.000000000000000000, 0.000000000000000000, 0.000000000000000000 ) ) ;
#5324 = AXIS2_PLACEMENT_3D ( 'NONE', #3352, #5329, #878 ) ;
#5325 = DIRECTION ( 'NONE',  ( -1.000000000000000000, -0.000000000000000000, -0.000000000000000000 ) ) ;
#5326 = EDGE_CURVE ( 'NONE', #1868, #2031, #2096, .T. ) ;
#5327 = AXIS2_PLACEMENT_3D ( 'NONE', #3336, #2789, #2889 ) ;
#5328 = ORIENTED_EDGE ( 'NONE', *, *, #598, .F. ) ;
#5329 = DIRECTION ( 'NONE',  ( -1.000000000000000000, -0.000000000000000000, -0.000000000000000000 ) ) ;
#5330 = CARTESIAN_POINT ( 'NONE',  ( -141.2040140630725489, 32.68451342172392771, 45.90935914953117702 ) ) ;
#5331 = CARTESIAN_POINT ( 'NONE',  ( -94.60782474442646617, 20.87617447417045824, 33.03025060564286974 ) ) ;
#5332 = DIRECTION ( 'NONE',  ( 0.000000000000000000, 0.000000000000000000, 1.000000000000000000 ) ) ;
#5333 = DIRECTION ( 'NONE',  ( -1.000000000000000000, 0.000000000000000000, -0.000000000000000000 ) ) ;
#5334 = ORIENTED_EDGE ( 'NONE', *, *, #4667, .F. ) ;
#5335 = ORIENTED_EDGE ( 'NONE', *, *, #2129, .F. ) ;
#5336 = CIRCLE ( 'NONE', #3575, 8.000000000000000000 ) ;
#5337 = VERTEX_POINT ( 'NONE', #6406 ) ;
#5338 = FACE_OUTER_BOUND ( 'NONE', #6137, .T. ) ;
#5339 = DIRECTION ( 'NONE',  ( 0.000000000000000000, -2.329169920522730647E-16, -1.000000000000000000 ) ) ;
#5340 = CARTESIAN_POINT ( 'NONE',  ( -133.9693348530389017, 3.299999999999999822, 19.56062843536383511 ) ) ;
#5341 = ADVANCED_FACE ( 'NONE', ( #3946 ), #5921, .T. ) ;
#5342 = B_SPLINE_CURVE_WITH_KNOTS ( 'NONE', 3,
 ( #5247, #1344, #3370, #2396, #796, #3334, #4888, #5828, #2787, #893, #3824, #5276, #1412, #2364 ),
 .UNSPECIFIED., .F., .F.,
 ( 4, 2, 2, 2, 2, 2, 4 ),
 ( 6.938893903907228378E-18, 0.002955776177101498200, 0.004433664265652208919, 0.005911552354202919204, 0.008867328531304339775, 0.01034521661985508996, 0.01182310470840584014 ),
 .UNSPECIFIED. ) ;
#5343 = CARTESIAN_POINT ( 'NONE',  ( -167.9900000000000091, -4.201432616840630650E-15, 17.01667390910194655 ) ) ;
#5344 = VERTEX_POINT ( 'NONE', #5492 ) ;
#5345 = DIRECTION ( 'NONE',  ( 0.000000000000000000, 0.8660254037844382635, 0.5000000000000005551 ) ) ;
#5346 = DIRECTION ( 'NONE',  ( -1.000000000000000000, -0.000000000000000000, -0.000000000000000000 ) ) ;
#5347 = AXIS2_PLACEMENT_3D ( 'NONE', #3036, #5526, #5919 ) ;
#5348 = CARTESIAN_POINT ( 'NONE',  ( -114.0000000000000000, 23.90420763446055830, 32.31385584421557411 ) ) ;
#5349 = ADVANCED_FACE ( 'NONE', ( #1533, #4460 ), #3550, .T. ) ;
#5350 = AXIS2_PLACEMENT_3D ( 'NONE', #2776, #1728, #4231 ) ;
#5351 = VERTEX_POINT ( 'NONE', #126 ) ;
#5352 = EDGE_LOOP ( 'NONE', ( #2168, #1629, #88, #2360, #3527, #5816, #4163, #1437, #2489, #930, #3820, #3784, #4050, #5459 ) ) ;
#5353 = CARTESIAN_POINT ( 'NONE',  ( -113.0000000000000000, 11.00000000000000000, 5.983955189999987212 ) ) ;
#5354 = CARTESIAN_POINT ( 'NONE',  ( -168.2750000000000057, 3.300000000000000266, -93.25604481000284807 ) ) ;
#5355 = EDGE_CURVE ( 'NONE', #1968, #3531, #2355, .T. ) ;
#5356 = ADVANCED_FACE ( 'NONE', ( #73 ), #5064, .T. ) ;
#5357 = ORIENTED_EDGE ( 'NONE', *, *, #5810, .T. ) ;
#5358 = FACE_OUTER_BOUND ( 'NONE', #465, .T. ) ;
#5359 = CARTESIAN_POINT ( 'NONE',  ( -141.6815841083285079, 35.60719968378493405, 42.51941209324150606 ) ) ;
#5360 = DIRECTION ( 'NONE',  ( -0.2340638859004507688, 0.000000000000000000, -0.9722212183022858056 ) ) ;
#5361 = DIRECTION ( 'NONE',  ( -1.000000000000000000, 0.000000000000000000, 0.000000000000000000 ) ) ;
#5362 = LINE ( 'NONE', #3357, #2477 ) ;
#5363 = ADVANCED_FACE ( 'NONE', ( #3519 ), #1627, .T. ) ;
#5364 = EDGE_CURVE ( 'NONE', #116, #5144, #580, .T. ) ;
#5365 = ORIENTED_EDGE ( 'NONE', *, *, #2189, .T. ) ;
#5366 = ORIENTED_EDGE ( 'NONE', *, *, #4298, .T. ) ;
#5367 = DIRECTION ( 'NONE',  ( 1.000000000000000000, 0.000000000000000000, 0.000000000000000000 ) ) ;
#5368 = ORIENTED_EDGE ( 'NONE', *, *, #1947, .F. ) ;
#5369 = CARTESIAN_POINT ( 'NONE',  ( -115.0199999999999818, 3.050924614366280263, -32.53705880395594363 ) ) ;
#5370 = CARTESIAN_POINT ( 'NONE',  ( -113.4607931559448701, 5.436125128077831548, -53.93771287695718541 ) ) ;
#5371 = AXIS2_PLACEMENT_3D ( 'NONE', #5842, #5806, #5747 ) ;
#5372 = FACE_OUTER_BOUND ( 'NONE', #1497, .T. ) ;
#5373 = EDGE_CURVE ( 'NONE', #3515, #5399, #2577, .T. ) ;
#5374 = CARTESIAN_POINT ( 'NONE',  ( 0.000000000000000000, 0.000000000000000000, 0.000000000000000000 ) ) ;
#5375 = CIRCLE ( 'NONE', #803, 4.912500000000000533 ) ;
#5376 = CONICAL_SURFACE ( 'NONE', #4124, 5.912499999999987210, 0.7853981633974405074 ) ;
#5377 = CARTESIAN_POINT ( 'NONE',  ( -104.0966820024508905, 32.62123611252533806, 46.31798159873255827 ) ) ;
#5378 = VERTEX_POINT ( 'NONE', #3979 ) ;
#5379 = DIRECTION ( 'NONE',  ( 0.000000000000000000, -1.000000000000000000, 0.000000000000000000 ) ) ;
#5380 = FACE_OUTER_BOUND ( 'NONE', #2048, .T. ) ;
#5381 = FACE_OUTER_BOUND ( 'NONE', #3188, .T. ) ;
#5382 = EDGE_CURVE ( 'NONE', #2861, #5643, #2808, .T. ) ;
#5383 = VERTEX_POINT ( 'NONE', #607 ) ;
#5384 = VERTEX_POINT ( 'NONE', #1560 ) ;
#5385 = DIRECTION ( 'NONE',  ( 0.000000000000000000, 0.000000000000000000, -1.000000000000000000 ) ) ;
#5386 = FACE_OUTER_BOUND ( 'NONE', #4211, .T. ) ;
#5387 = VERTEX_POINT ( 'NONE', #1075 ) ;
#5388 = CARTESIAN_POINT ( 'NONE',  ( -108.2850000000000392, 40.64250000000248519, -56.23104481000000021 ) ) ;
#5389 = DIRECTION ( 'NONE',  ( 0.000000000000000000, -0.5000000000000004441, 0.8660254037844384856 ) ) ;
#5390 = LINE ( 'NONE', #4055, #1787 ) ;
#5391 = DIRECTION ( 'NONE',  ( 0.000000000000000000, 0.000000000000000000, -1.000000000000000000 ) ) ;
#5392 = DIRECTION ( 'NONE',  ( 0.000000000000000000, -4.658339841045452419E-16, 1.000000000000000000 ) ) ;
#5393 = CIRCLE ( 'NONE', #3427, 4.912500000000000533 ) ;
#5394 = ORIENTED_EDGE ( 'NONE', *, *, #4402, .F. ) ;
#5395 = EDGE_LOOP ( 'NONE', ( #3493, #3898 ) ) ;
#5396 = ADVANCED_FACE ( 'NONE', ( #4101, #5466, #1504 ), #2026, .F. ) ;
#5397 = DIRECTION ( 'NONE',  ( -0.000000000000000000, 1.000000000000000000, 0.000000000000000000 ) ) ;
#5398 = ADVANCED_FACE ( 'NONE', ( #2084 ), #1015, .T. ) ;
#5399 = VERTEX_POINT ( 'NONE', #6045 ) ;
#5400 = DIRECTION ( 'NONE',  ( 0.000000000000000000, 0.000000000000000000, 1.000000000000000000 ) ) ;
#5401 = DIRECTION ( 'NONE',  ( -1.000000000000000000, 0.000000000000000000, 0.000000000000000000 ) ) ;
#5402 = AXIS2_PLACEMENT_3D ( 'NONE', #4922, #4793, #469 ) ;
#5403 = DIRECTION ( 'NONE',  ( 0.2856883674049708888, 0.000000000000000000, -0.9583225744651340250 ) ) ;
#5404 =( LENGTH_UNIT ( ) NAMED_UNIT ( * ) SI_UNIT ( .MILLI., .METRE. ) );
#5405 = ORIENTED_EDGE ( 'NONE', *, *, #5730, .F. ) ;
#5406 = ORIENTED_EDGE ( 'NONE', *, *, #290, .F. ) ;
#5407 = CARTESIAN_POINT ( 'NONE',  ( -114.0000000000000000, -15.00000000000000000, -14.87376352910197141 ) ) ;
#5408 = CARTESIAN_POINT ( 'NONE',  ( -69.41899135999115344, 22.07999999999999829, 17.47145518999998970 ) ) ;
#5409 = LINE ( 'NONE', #4372, #1157 ) ;
#5410 = AXIS2_PLACEMENT_3D ( 'NONE', #1963, #2052, #5464 ) ;
#5411 = ORIENTED_EDGE ( 'NONE', *, *, #5460, .T. ) ;
#5412 = ORIENTED_EDGE ( 'NONE', *, *, #5299, .T. ) ;
#5413 = CARTESIAN_POINT ( 'NONE',  ( -114.0000000000000000, 19.97811235226344806, 9.033458618166445575 ) ) ;
#5414 = CARTESIAN_POINT ( 'NONE',  ( -138.6262915010152312, 33.51472382036661912, 45.43183037592391571 ) ) ;
#5415 = EDGE_CURVE ( 'NONE', #3579, #2268, #2517, .T. ) ;
#5416 = CIRCLE ( 'NONE', #5519, 3.000000000000002665 ) ;
#5417 = AXIS2_PLACEMENT_3D ( 'NONE', #516, #4490, #5367 ) ;
#5418 = ORIENTED_EDGE ( 'NONE', *, *, #5627, .T. ) ;
#5419 = CARTESIAN_POINT ( 'NONE',  ( -70.25000000000000000, 36.51499999999999346, -40.86854481000000305 ) ) ;
#5420 = CARTESIAN_POINT ( 'NONE',  ( -83.25000000000000000, 17.44999999999999929, -2.652454046273097887 ) ) ;
#5421 = CARTESIAN_POINT ( 'NONE',  ( -114.0000000000000000, 11.00000000000000000, 1.071455189999986901 ) ) ;
#5422 = CARTESIAN_POINT ( 'NONE',  ( -110.6847389331537812, 52.42590177184136024, -35.22665608201301524 ) ) ;
#5423 = DIRECTION ( 'NONE',  ( -1.000000000000000000, 0.000000000000000000, -0.000000000000000000 ) ) ;
#5424 = ADVANCED_FACE ( 'NONE', ( #493 ), #986, .T. ) ;
#5425 = VECTOR ( 'NONE', #5169, 1000.000000000000114 ) ;
#5426 = ORIENTED_EDGE ( 'NONE', *, *, #5227, .T. ) ;
#5427 = EDGE_LOOP ( 'NONE', ( #5794, #1345 ) ) ;
#5428 = DIRECTION ( 'NONE',  ( 1.000000000000000000, -0.000000000000000000, -0.000000000000000000 ) ) ;
#5429 = ORIENTED_EDGE ( 'NONE', *, *, #2835, .T. ) ;
#5430 = CARTESIAN_POINT ( 'NONE',  ( -114.2699999999999818, 36.51499999999999346, -40.86854481000000305 ) ) ;
#5431 = DIRECTION ( 'NONE',  ( 0.000000000000000000, 0.02759131126461155520, -0.9996192873002697210 ) ) ;
#5432 = AXIS2_PLACEMENT_3D ( 'NONE', #1468, #1962, #1530 ) ;
#5433 = LINE ( 'NONE', #4550, #987 ) ;
#5434 = DIRECTION ( 'NONE',  ( 0.000000000000000000, -1.000000000000000000, -3.623650399333143762E-18 ) ) ;
#5435 = LINE ( 'NONE', #5825, #4441 ) ;
#5436 = ADVANCED_FACE ( 'NONE', ( #4949 ), #2487, .T. ) ;
#5437 = ADVANCED_FACE ( 'NONE', ( #44, #4013 ), #5982, .T. ) ;
#5438 = EDGE_CURVE ( 'NONE', #4310, #4704, #3127, .T. ) ;
#5439 = AXIS2_PLACEMENT_3D ( 'NONE', #1032, #4993, #5910 ) ;
#5440 = CIRCLE ( 'NONE', #769, 3.000000000000002665 ) ;
#5441 = EDGE_LOOP ( 'NONE', ( #2198, #4433, #620, #3502 ) ) ;
#5442 = ORIENTED_EDGE ( 'NONE', *, *, #3923, .T. ) ;
#5443 = CARTESIAN_POINT ( 'NONE',  ( -168.2750000000000057, 3.300000000000000266, -56.23104481000000021 ) ) ;
#5444 = CARTESIAN_POINT ( 'NONE',  ( -148.6150000000000091, -2.213114754098358450, -7.031852683641990787 ) ) ;
#5445 = LINE ( 'NONE', #2986, #1684 ) ;
#5446 = VECTOR ( 'NONE', #3745, 1000.000000000000000 ) ;
#5447 = ORIENTED_EDGE ( 'NONE', *, *, #5558, .T. ) ;
#5448 = ORIENTED_EDGE ( 'NONE', *, *, #1140, .T. ) ;
#5449 = DIRECTION ( 'NONE',  ( 0.000000000000000000, 4.658339841045452419E-16, -1.000000000000000000 ) ) ;
#5450 = CARTESIAN_POINT ( 'NONE',  ( -104.6092703718782388, 35.30168919948091144, 43.65959274290920433 ) ) ;
#5451 = CIRCLE ( 'NONE', #6281, 10.99999999999999822 ) ;
#5452 = AXIS2_PLACEMENT_3D ( 'NONE', #2120, #6075, #2981 ) ;
#5453 = ORIENTED_EDGE ( 'NONE', *, *, #954, .T. ) ;
#5454 = LINE ( 'NONE', #2995, #2426 ) ;
#5455 = DIRECTION ( 'NONE',  ( 1.000000000000000000, 0.000000000000000000, 0.000000000000000000 ) ) ;
#5456 = CYLINDRICAL_SURFACE ( 'NONE', #5439, 6.540563343818389441 ) ;
#5457 = CARTESIAN_POINT ( 'NONE',  ( -83.25000000000000000, 36.51499999999998636, -48.31636328254619173 ) ) ;
#5458 = EDGE_LOOP ( 'NONE', ( #4908, #4191 ) ) ;
#5459 = ORIENTED_EDGE ( 'NONE', *, *, #2432, .T. ) ;
#5460 = EDGE_CURVE ( 'NONE', #3775, #1211, #3711, .T. ) ;
#5461 = CARTESIAN_POINT ( 'NONE',  ( -100.9000000000000625, -36.03001699971844829, -61.46854480999999737 ) ) ;
#5462 = ORIENTED_EDGE ( 'NONE', *, *, #426, .T. ) ;
#5463 = DIRECTION ( 'NONE',  ( 0.7071067811865531239, 8.659560562354866298E-17, 0.7071067811865420216 ) ) ;
#5464 = DIRECTION ( 'NONE',  ( 0.000000000000000000, 0.000000000000000000, 1.000000000000000000 ) ) ;
#5465 = LINE ( 'NONE', #520, #2130 ) ;
#5466 = FACE_BOUND ( 'NONE', #5098, .T. ) ;
#5467 = VERTEX_POINT ( 'NONE', #2185 ) ;
#5468 = ORIENTED_EDGE ( 'NONE', *, *, #2579, .F. ) ;
#5469 = AXIS2_PLACEMENT_3D ( 'NONE', #5606, #1745, #1217 ) ;
#5470 = DIRECTION ( 'NONE',  ( 0.000000000000000000, 0.000000000000000000, 1.000000000000000000 ) ) ;
#5471 = CARTESIAN_POINT ( 'NONE',  ( -83.25000000000000000, 0.000000000000000000, 46.31794919243127140 ) ) ;
#5472 = LINE ( 'NONE', #1514, #2510 ) ;
#5473 = VERTEX_POINT ( 'NONE', #2288 ) ;
#5474 = EDGE_CURVE ( 'NONE', #438, #5378, #1200, .T. ) ;
#5475 = VERTEX_POINT ( 'NONE', #1198 ) ;
#5476 = ADVANCED_FACE ( 'NONE', ( #745 ), #3645, .T. ) ;
#5477 = LINE ( 'NONE', #5871, #1709 ) ;
#5478 = LINE ( 'NONE', #2040, #2571 ) ;
#5479 = EDGE_LOOP ( 'NONE', ( #5762, #3494, #864, #121, #3553 ) ) ;
#5480 = EDGE_CURVE ( 'NONE', #3048, #5983, #161, .T. ) ;
#5481 = CARTESIAN_POINT ( 'NONE',  ( -110.4849960995217515, 1.038039222768459812E-16, -35.69663921997060640 ) ) ;
#5482 = CARTESIAN_POINT ( 'NONE',  ( -70.25000000000000000, 14.29000000000000448, -48.31636328254617752 ) ) ;
#5483 = LINE ( 'NONE', #542, #992 ) ;
#5484 = CYLINDRICAL_SURFACE ( 'NONE', #2407, 14.83999999999999275 ) ;
#5485 = ORIENTED_EDGE ( 'NONE', *, *, #2811, .F. ) ;
#5486 = ORIENTED_EDGE ( 'NONE', *, *, #1505, .T. ) ;
#5487 = CARTESIAN_POINT ( 'NONE',  ( -83.25000000000000000, 22.08000000000001251, 14.91363671745381936 ) ) ;
#5488 = EDGE_LOOP ( 'NONE', ( #4184, #507, #3882, #2676 ) ) ;
#5489 = CYLINDRICAL_SURFACE ( 'NONE', #443, 10.99999999999999822 ) ;
#5490 = FACE_OUTER_BOUND ( 'NONE', #819, .T. ) ;
#5491 = CARTESIAN_POINT ( 'NONE',  ( -159.9899999999999807, 0.000000000000000000, 0.000000000000000000 ) ) ;
#5492 = CARTESIAN_POINT ( 'NONE',  ( -115.2700000000000529, 9.230403209752664673E-17, -32.53104481000286796 ) ) ;
#5493 = AXIS2_PLACEMENT_3D ( 'NONE', #2790, #6149, #1707 ) ;
#5494 = EDGE_CURVE ( 'NONE', #2030, #1816, #5807, .T. ) ;
#5495 = ORIENTED_EDGE ( 'NONE', *, *, #2413, .T. ) ;
#5496 = ORIENTED_EDGE ( 'NONE', *, *, #2966, .T. ) ;
#5497 = CONICAL_SURFACE ( 'NONE', #12, 5.912499999999987210, 0.7853981633974415066 ) ;
#5498 = DIRECTION ( 'NONE',  ( 1.000000000000000000, -0.000000000000000000, -0.000000000000000000 ) ) ;
#5499 = DIRECTION ( 'NONE',  ( 0.000000000000000000, 0.8660254037844383745, -0.5000000000000004441 ) ) ;
#5500 = AXIS2_PLACEMENT_3D ( 'NONE', #1619, #6095, #154 ) ;
#5501 = FACE_BOUND ( 'NONE', #5427, .T. ) ;
#5502 = VERTEX_POINT ( 'NONE', #4718 ) ;
#5503 = ORIENTED_EDGE ( 'NONE', *, *, #1702, .T. ) ;
#5504 = ORIENTED_EDGE ( 'NONE', *, *, #3832, .F. ) ;
#5505 = CIRCLE ( 'NONE', #848, 5.912499999999987210 ) ;
#5506 = DIRECTION ( 'NONE',  ( -1.000000000000000000, -0.000000000000000000, -6.427877632151207979E-16 ) ) ;
#5507 = DIRECTION ( 'NONE',  ( 0.000000000000000000, -1.000000000000000000, 0.000000000000000000 ) ) ;
#5508 = ADVANCED_FACE ( 'NONE', ( #5618 ), #3160, .F. ) ;
#5509 = EDGE_CURVE ( 'NONE', #4266, #3513, #1692, .T. ) ;
#5510 = ADVANCED_FACE ( 'NONE', ( #6168 ), #1232, .T. ) ;
#5511 = AXIS2_PLACEMENT_3D ( 'NONE', #5738, #3662, #240 ) ;
#5512 = ORIENTED_EDGE ( 'NONE', *, *, #5597, .T. ) ;
#5513 = PLANE ( 'NONE',  #1693 ) ;
#5514 = LINE ( 'NONE', #5608, #4090 ) ;
#5515 = DIRECTION ( 'NONE',  ( 0.000000000000000000, 0.000000000000000000, -1.000000000000000000 ) ) ;
#5516 = AXIS2_PLACEMENT_3D ( 'NONE', #37, #2908, #979 ) ;
#5517 = CARTESIAN_POINT ( 'NONE',  ( -168.2750000000000057, 3.300000000000000266, -56.23104481000000021 ) ) ;
#5518 = ORIENTED_EDGE ( 'NONE', *, *, #4234, .T. ) ;
#5519 = AXIS2_PLACEMENT_3D ( 'NONE', #6017, #3558, #3078 ) ;
#5520 = CONICAL_SURFACE ( 'NONE', #1791, 4.889999999999998792, 0.7853981633974375098 ) ;
#5521 = VERTEX_POINT ( 'NONE', #5235 ) ;
#5522 = CARTESIAN_POINT ( 'NONE',  ( -129.2399999999999523, 18.97849306496317467, 9.005867306901837566 ) ) ;
#5523 = ORIENTED_EDGE ( 'NONE', *, *, #1866, .F. ) ;
#5524 = CARTESIAN_POINT ( 'NONE',  ( -147.9710775856719636, 51.96418031886327071, -45.23104481000287791 ) ) ;
#5525 = CARTESIAN_POINT ( 'NONE',  ( -158.9899999999999523, 14.28999999999999737, -40.86854481000000305 ) ) ;
#5526 = DIRECTION ( 'NONE',  ( 0.000000000000000000, -1.000000000000000000, -3.623650399333143762E-18 ) ) ;
#5527 = CARTESIAN_POINT ( 'NONE',  ( -159.9899999999999807, 0.000000000000000000, 0.000000000000000000 ) ) ;
#5528 = VECTOR ( 'NONE', #4405, 1000.000000000000000 ) ;
#5529 = CIRCLE ( 'NONE', #4902, 6.526372016504577545 ) ;
#5530 = ORIENTED_EDGE ( 'NONE', *, *, #5540, .T. ) ;
#5531 = CIRCLE ( 'NONE', #2427, 3.325000000000015277 ) ;
#5532 = ORIENTED_EDGE ( 'NONE', *, *, #1092, .T. ) ;
#5533 = CARTESIAN_POINT ( 'NONE',  ( -115.0199999999999818, 6.352500000002560654, -32.93104481000280970 ) ) ;
#5534 = EDGE_CURVE ( 'NONE', #2155, #2881, #994, .T. ) ;
#5535 = CARTESIAN_POINT ( 'NONE',  ( -115.0199999999999818, 36.51499999999999346, -35.20604481000000874 ) ) ;
#5536 = LINE ( 'NONE', #1139, #1270 ) ;
#5537 = VECTOR ( 'NONE', #637, 1000.000000000000000 ) ;
#5538 = ORIENTED_EDGE ( 'NONE', *, *, #3780, .F. ) ;
#5539 = VERTEX_POINT ( 'NONE', #1795 ) ;
#5540 = EDGE_CURVE ( 'NONE', #2674, #5046, #892, .T. ) ;
#5541 = VERTEX_POINT ( 'NONE', #3223 ) ;
#5542 = AXIS2_PLACEMENT_3D ( 'NONE', #6123, #5548, #3116 ) ;
#5543 = DIRECTION ( 'NONE',  ( -1.000000000000000000, 0.000000000000000000, 0.000000000000000000 ) ) ;
#5544 = CYLINDRICAL_SURFACE ( 'NONE', #6161, 4.912500000000000533 ) ;
#5545 = DIRECTION ( 'NONE',  ( 1.000000000000000000, -0.000000000000000000, -0.000000000000000000 ) ) ;
#5546 = VECTOR ( 'NONE', #2438, 1000.000000000000114 ) ;
#5547 = ORIENTED_EDGE ( 'NONE', *, *, #4875, .F. ) ;
#5548 = DIRECTION ( 'NONE',  ( 0.000000000000000000, -1.000000000000000000, -3.623650399333143762E-18 ) ) ;
#5549 = EDGE_CURVE ( 'NONE', #1136, #3417, #5029, .T. ) ;
#5550 = EDGE_CURVE ( 'NONE', #918, #4825, #672, .T. ) ;
#5551 = CIRCLE ( 'NONE', #779, 4.912500000000000533 ) ;
#5552 = CARTESIAN_POINT ( 'NONE',  ( -70.25000000000000000, 11.00000000000000000, 8.519273662546156700 ) ) ;
#5553 = CARTESIAN_POINT ( 'NONE',  ( -100.9000000000000625, 3.299999999999999822, -9.268247377061549921E-35 ) ) ;
#5554 = EDGE_LOOP ( 'NONE', ( #4115, #1961, #5571, #1449 ) ) ;
#5555 = CARTESIAN_POINT ( 'NONE',  ( -436.5514533695703108, 19.91392116212127661, 11.35907305256145605 ) ) ;
#5556 = CARTESIAN_POINT ( 'NONE',  ( -98.81780523035983776, 45.40725005916344514, -61.46854480999999737 ) ) ;
#5557 = CARTESIAN_POINT ( 'NONE',  ( -132.9056362101498507, 52.40400092372722440, -34.74811518587787873 ) ) ;
#5558 = EDGE_CURVE ( 'NONE', #1211, #1448, #5093, .T. ) ;
#5559 = EDGE_CURVE ( 'NONE', #2741, #417, #6104, .T. ) ;
#5560 = CARTESIAN_POINT ( 'NONE',  ( -101.7586279834954439, 10.16250000000252918, -61.46854480999999737 ) ) ;
#5561 = DIRECTION ( 'NONE',  ( 1.000000000000000000, 0.000000000000000000, 0.000000000000000000 ) ) ;
#5562 = EDGE_LOOP ( 'NONE', ( #5150, #1299, #646, #4546 ) ) ;
#5563 = ORIENTED_EDGE ( 'NONE', *, *, #5750, .T. ) ;
#5564 = ORIENTED_EDGE ( 'NONE', *, *, #793, .T. ) ;
#5565 = LINE ( 'NONE', #1170, #3052 ) ;
#5566 = ADVANCED_FACE ( 'NONE', ( #1925 ), #1402, .T. ) ;
#5567 = CARTESIAN_POINT ( 'NONE',  ( -167.9900000000000091, 11.00000000000000000, 1.071455189999986901 ) ) ;
#5568 = FACE_OUTER_BOUND ( 'NONE', #4630, .T. ) ;
#5569 = ORIENTED_EDGE ( 'NONE', *, *, #173, .F. ) ;
#5570 = DIRECTION ( 'NONE',  ( 0.000000000000000000, 0.000000000000000000, -1.000000000000000000 ) ) ;
#5571 = ORIENTED_EDGE ( 'NONE', *, *, #3368, .F. ) ;
#5572 = ORIENTED_EDGE ( 'NONE', *, *, #4206, .F. ) ;
#5573 = CARTESIAN_POINT ( 'NONE',  ( -70.25000000000000000, 36.51499999999998636, -48.31636328254618462 ) ) ;
#5574 = FACE_BOUND ( 'NONE', #6278, .T. ) ;
#5575 = FACE_OUTER_BOUND ( 'NONE', #6367, .T. ) ;
#5576 = AXIS2_PLACEMENT_3D ( 'NONE', #933, #2801, #6358 ) ;
#5577 = EDGE_CURVE ( 'NONE', #4847, #3957, #2068, .T. ) ;
#5578 = EDGE_LOOP ( 'NONE', ( #4332, #635, #3206, #2196 ) ) ;
#5579 = AXIS2_PLACEMENT_3D ( 'NONE', #1966, #4430, #3367 ) ;
#5580 = DIRECTION ( 'NONE',  ( 0.000000000000000000, 0.000000000000000000, -1.000000000000000000 ) ) ;
#5581 = CARTESIAN_POINT ( 'NONE',  ( -70.25000000000000000, 22.07999999999999474, 29.80927366254616473 ) ) ;
#5582 = DIRECTION ( 'NONE',  ( 0.000000000000000000, -1.000000000000000000, 0.000000000000000000 ) ) ;
#5583 = VERTEX_POINT ( 'NONE', #4329 ) ;
#5584 = PLANE ( 'NONE',  #5096 ) ;
#5585 = CARTESIAN_POINT ( 'NONE',  ( -128.2199999999999989, 3.299999999999999822, -32.53104481000286086 ) ) ;
#5586 = CARTESIAN_POINT ( 'NONE',  ( -161.5131842133284295, 3.299999999999999822, -45.23104481000285659 ) ) ;
#5587 = DIRECTION ( 'NONE',  ( -1.000000000000000000, -0.000000000000000000, -0.000000000000000000 ) ) ;
#5588 = DIRECTION ( 'NONE',  ( 0.000000000000000000, 0.000000000000000000, 1.000000000000000000 ) ) ;
#5589 = VERTEX_POINT ( 'NONE', #2876 ) ;
#5590 = EDGE_CURVE ( 'NONE', #3595, #4275, #4872, .T. ) ;
#5591 = EDGE_CURVE ( 'NONE', #731, #5947, #5694, .T. ) ;
#5592 = ORIENTED_EDGE ( 'NONE', *, *, #2259, .T. ) ;
#5593 = EDGE_LOOP ( 'NONE', ( #3787, #4233 ) ) ;
#5594 = DIRECTION ( 'NONE',  ( 1.000000000000000000, -0.000000000000000000, 6.427877632151207979E-16 ) ) ;
#5595 = CARTESIAN_POINT ( 'NONE',  ( -70.25000000000000000, 30.06499999999998707, -44.59245404627309739 ) ) ;
#5596 = DIRECTION ( 'NONE',  ( -1.000000000000000000, -0.000000000000000000, -0.000000000000000000 ) ) ;
#5597 = EDGE_CURVE ( 'NONE', #485, #35, #45, .T. ) ;
#5598 = VECTOR ( 'NONE', #1847, 1000.000000000000000 ) ;
#5599 = VERTEX_POINT ( 'NONE', #358 ) ;
#5600 = CARTESIAN_POINT ( 'NONE',  ( -83.25000000000000000, 22.07999999999999829, 29.80927366254616828 ) ) ;
#5601 = ORIENTED_EDGE ( 'NONE', *, *, #2639, .F. ) ;
#5602 = VERTEX_POINT ( 'NONE', #1826 ) ;
#5603 = DIRECTION ( 'NONE',  ( -1.000000000000000000, 0.000000000000000000, 0.000000000000000000 ) ) ;
#5604 = CARTESIAN_POINT ( 'NONE',  ( -147.9710775856719636, 52.56830429459234466, -45.23104481000287791 ) ) ;
#5605 = CIRCLE ( 'NONE', #2818, 14.83999999999997144 ) ;
#5606 = CARTESIAN_POINT ( 'NONE',  ( -129.2399999999999807, 20.63717404553610635, 45.51794919243126714 ) ) ;
#5607 = ORIENTED_EDGE ( 'NONE', *, *, #111, .F. ) ;
#5608 = CARTESIAN_POINT ( 'NONE',  ( -83.25000000000000000, 17.44999999999999929, 4.795364426273074798 ) ) ;
#5609 = ADVANCED_FACE ( 'NONE', ( #6335 ), #1336, .F. ) ;
#5610 = DIRECTION ( 'NONE',  ( 0.000000000000000000, 0.000000000000000000, 1.000000000000000000 ) ) ;
#5611 = VECTOR ( 'NONE', #1932, 1000.000000000000000 ) ;
#5612 = ORIENTED_EDGE ( 'NONE', *, *, #4958, .F. ) ;
#5613 = CARTESIAN_POINT ( 'NONE',  ( -70.25000000000000000, 28.53000000000000469, 18.63754595372690304 ) ) ;
#5614 = CARTESIAN_POINT ( 'NONE',  ( -114.0000000000000000, 0.000000000000000000, 46.31794919243127140 ) ) ;
#5615 = EDGE_CURVE ( 'NONE', #5087, #5635, #305, .T. ) ;
#5616 = LINE ( 'NONE', #5716, #622 ) ;
#5617 = LINE ( 'NONE', #2256, #149 ) ;
#5618 = FACE_OUTER_BOUND ( 'NONE', #4919, .T. ) ;
#5619 = AXIS2_PLACEMENT_3D ( 'NONE', #2359, #3266, #2511 ) ;
#5620 = ORIENTED_EDGE ( 'NONE', *, *, #3305, .T. ) ;
#5621 = VERTEX_POINT ( 'NONE', #5880 ) ;
#5622 = ORIENTED_EDGE ( 'NONE', *, *, #2465, .F. ) ;
#5623 = DIRECTION ( 'NONE',  ( -1.285575526430241596E-15, 0.000000000000000000, 1.000000000000000000 ) ) ;
#5624 = CARTESIAN_POINT ( 'NONE',  ( -70.25000000000000000, 42.96499999999999631, -37.14463557372691582 ) ) ;
#5625 = AXIS2_PLACEMENT_3D ( 'NONE', #1822, #4744, #6196 ) ;
#5626 = CARTESIAN_POINT ( 'NONE',  ( -141.8955428914244692, 35.66453749242704419, 42.30542447819460250 ) ) ;
#5627 = EDGE_CURVE ( 'NONE', #2529, #6112, #5849, .T. ) ;
#5628 = EDGE_CURVE ( 'NONE', #918, #5473, #5362, .T. ) ;
#5629 = CIRCLE ( 'NONE', #6046, 6.540563343818389441 ) ;
#5630 = ORIENTED_EDGE ( 'NONE', *, *, #3319, .F. ) ;
#5631 = CARTESIAN_POINT ( 'NONE',  ( -110.4849960995217657, 47.56698729810777593, -35.69663921997059219 ) ) ;
#5632 = ORIENTED_EDGE ( 'NONE', *, *, #1207, .F. ) ;
#5633 = DIRECTION ( 'NONE',  ( -0.000000000000000000, -0.7040841991168238501, 0.7101164978748352175 ) ) ;
#5634 = CARTESIAN_POINT ( 'NONE',  ( -158.9899999999999523, 14.28999999999999737, -45.78104481000000447 ) ) ;
#5635 = VERTEX_POINT ( 'NONE', #2322 ) ;
#5636 = DIRECTION ( 'NONE',  ( -0.000000000000000000, -0.000000000000000000, 1.000000000000000000 ) ) ;
#5637 = CARTESIAN_POINT ( 'NONE',  ( -181.2271884819317904, 47.63815044378866759, -31.97854481000000249 ) ) ;
#5638 = EDGE_CURVE ( 'NONE', #6189, #2574, #911, .T. ) ;
#5639 = AXIS2_PLACEMENT_3D ( 'NONE', #2882, #3885, #3821 ) ;
#5640 = CARTESIAN_POINT ( 'NONE',  ( -83.25000000000000000, 14.28999999999999737, -46.78104480999999026 ) ) ;
#5641 = VECTOR ( 'NONE', #1304, 1000.000000000000000 ) ;
#5642 = VECTOR ( 'NONE', #4480, 1000.000000000000000 ) ;
#5643 = VERTEX_POINT ( 'NONE', #849 ) ;
#5644 = ORIENTED_EDGE ( 'NONE', *, *, #1219, .T. ) ;
#5645 = LINE ( 'NONE', #628, #244 ) ;
#5646 = CARTESIAN_POINT ( 'NONE',  ( -83.25000000000000000, 22.07999999999999829, 22.36145518999998671 ) ) ;
#5647 = CARTESIAN_POINT ( 'NONE',  ( -83.25000000000000000, 14.28999999999999737, -46.78104480999999026 ) ) ;
#5648 = CONICAL_SURFACE ( 'NONE', #1814, 4.912500000000000533, 0.7853981633974405074 ) ;
#5649 = VERTEX_POINT ( 'NONE', #2904 ) ;
#5650 = DIRECTION ( 'NONE',  ( -1.000000000000000000, 0.000000000000000000, 0.000000000000000000 ) ) ;
#5651 = VECTOR ( 'NONE', #4915, 1000.000000000000000 ) ;
#5652 = LINE ( 'NONE', #4577, #5537 ) ;
#5653 = DIRECTION ( 'NONE',  ( 1.000000000000000000, 0.000000000000000000, 0.000000000000000000 ) ) ;
#5654 = DIRECTION ( 'NONE',  ( -0.000000000000000000, 1.000000000000000000, -0.000000000000000000 ) ) ;
#5655 = CARTESIAN_POINT ( 'NONE',  ( -144.3205584798394341, 0.000000000000000000, 43.93739071259182793 ) ) ;
#5656 = ORIENTED_EDGE ( 'NONE', *, *, #2129, .T. ) ;
#5657 = ADVANCED_FACE ( 'NONE', ( #415 ), #2417, .T. ) ;
#5658 = ORIENTED_EDGE ( 'NONE', *, *, #2975, .F. ) ;
#5659 = ORIENTED_EDGE ( 'NONE', *, *, #2433, .F. ) ;
#5660 = PLANE ( 'NONE',  #5843 ) ;
#5661 = DIRECTION ( 'NONE',  ( 0.000000000000000000, 0.000000000000000000, -1.000000000000000000 ) ) ;
#5662 = DIRECTION ( 'NONE',  ( -0.000000000000000000, -0.000000000000000000, 1.000000000000000000 ) ) ;
#5663 = VERTEX_POINT ( 'NONE', #4299 ) ;
#5664 = DIRECTION ( 'NONE',  ( 0.000000000000000000, 0.000000000000000000, -1.000000000000000000 ) ) ;
#5665 = ORIENTED_EDGE ( 'NONE', *, *, #6307, .F. ) ;
#5666 =( NAMED_UNIT ( * ) SI_UNIT ( $, .STERADIAN. ) SOLID_ANGLE_UNIT ( ) );
#5667 = CARTESIAN_POINT ( 'NONE',  ( -114.0000000000000000, 18.91430187482100322, 11.33148174129684449 ) ) ;
#5668 = VERTEX_POINT ( 'NONE', #941 ) ;
#5669 = DIRECTION ( 'NONE',  ( 0.000000000000000000, -1.000000000000000000, 0.000000000000000000 ) ) ;
#5670 = LINE ( 'NONE', #2723, #1297 ) ;
#5671 = CARTESIAN_POINT ( 'NONE',  ( -115.0199999999999960, 47.63815044378866759, -31.97854480999995985 ) ) ;
#5672 = EDGE_CURVE ( 'NONE', #5131, #2403, #5375, .T. ) ;
#5673 = EDGE_CURVE ( 'NONE', #4423, #1309, #6397, .T. ) ;
#5674 = EDGE_CURVE ( 'NONE', #35, #150, #1305, .T. ) ;
#5675 = VERTEX_POINT ( 'NONE', #2807 ) ;
#5676 = ORIENTED_EDGE ( 'NONE', *, *, #148, .F. ) ;
#5677 = CIRCLE ( 'NONE', #2046, 5.662499999999994316 ) ;
#5678 = FACE_OUTER_BOUND ( 'NONE', #2982, .T. ) ;
#5679 = DIRECTION ( 'NONE',  ( 1.000000000000000000, 0.000000000000000000, 0.000000000000000000 ) ) ;
#5680 = CARTESIAN_POINT ( 'NONE',  ( -436.5514533695703108, 19.97811235226344806, 9.033458618166445575 ) ) ;
#5681 = ORIENTED_EDGE ( 'NONE', *, *, #3860, .F. ) ;
#5682 = DIRECTION ( 'NONE',  ( 0.000000000000000000, 0.000000000000000000, -1.000000000000000000 ) ) ;
#5683 = FACE_OUTER_BOUND ( 'NONE', #1529, .T. ) ;
#5684 = CARTESIAN_POINT ( 'NONE',  ( -83.24999999999998579, 14.28999999999999737, -40.86854481000000305 ) ) ;
#5685 = CARTESIAN_POINT ( 'NONE',  ( -69.41899135999115344, 22.07999999999999829, 27.25145518999998373 ) ) ;
#5686 = CARTESIAN_POINT ( 'NONE',  ( -70.25000000000000000, 42.96499999999999631, -44.59245404627308318 ) ) ;
#5687 = ORIENTED_EDGE ( 'NONE', *, *, #3638, .T. ) ;
#5688 = ORIENTED_EDGE ( 'NONE', *, *, #4149, .F. ) ;
#5689 = ORIENTED_EDGE ( 'NONE', *, *, #2866, .T. ) ;
#5690 = CYLINDRICAL_SURFACE ( 'NONE', #3783, 8.000000000000000000 ) ;
#5691 = DIRECTION ( 'NONE',  ( -0.000000000000000000, 3.623650399333143762E-18, -1.000000000000000000 ) ) ;
#5692 = CYLINDRICAL_SURFACE ( 'NONE', #5316, 8.000000000000000000 ) ;
#5693 = EDGE_CURVE ( 'NONE', #1093, #836, #4780, .T. ) ;
#5694 = CIRCLE ( 'NONE', #3734, 9.763640355059006737 ) ;
#5695 = ORIENTED_EDGE ( 'NONE', *, *, #3808, .F. ) ;
#5696 = DIRECTION ( 'NONE',  ( 0.000000000000000000, 0.000000000000000000, 1.000000000000000000 ) ) ;
#5697 = ORIENTED_EDGE ( 'NONE', *, *, #2914, .F. ) ;
#5698 = CARTESIAN_POINT ( 'NONE',  ( -167.9900000000000091, 11.00000000000000178, 9.071455189999989344 ) ) ;
#5699 = ORIENTED_EDGE ( 'NONE', *, *, #2702, .T. ) ;
#5700 = CARTESIAN_POINT ( 'NONE',  ( -70.25000000000000000, 51.76602520085979364, -45.88001256880247780 ) ) ;
#5701 = DIRECTION ( 'NONE',  ( 1.000000000000000000, -0.000000000000000000, -0.000000000000000000 ) ) ;
#5702 = ADVANCED_FACE ( 'NONE', ( #1007 ), #511, .T. ) ;
#5703 = DIRECTION ( 'NONE',  ( 1.000000000000000000, 0.000000000000000000, 0.000000000000000000 ) ) ;
#5704 = AXIS2_PLACEMENT_3D ( 'NONE', #4347, #3806, #5709 ) ;
#5705 = VERTEX_POINT ( 'NONE', #91 ) ;
#5706 = EDGE_LOOP ( 'NONE', ( #4081, #1418 ) ) ;
#5707 = VECTOR ( 'NONE', #5926, 1000.000000000000000 ) ;
#5708 = CARTESIAN_POINT ( 'NONE',  ( -159.9899999999999807, 36.51499999999999346, -32.86854481000000305 ) ) ;
#5709 = DIRECTION ( 'NONE',  ( -1.000000000000000000, 0.000000000000000000, 0.000000000000000000 ) ) ;
#5710 = CARTESIAN_POINT ( 'NONE',  ( -129.2399999999999807, 11.00000000000000000, 5.983955189999987212 ) ) ;
#5711 = ADVANCED_FACE ( 'NONE', ( #2505 ), #4485, .F. ) ;
#5712 = EDGE_CURVE ( 'NONE', #5473, #2062, #4105, .T. ) ;
#5713 = ORIENTED_EDGE ( 'NONE', *, *, #740, .T. ) ;
#5714 = CYLINDRICAL_SURFACE ( 'NONE', #2003, 9.802499999999994884 ) ;
#5715 = CARTESIAN_POINT ( 'NONE',  ( -167.9900000000000091, 28.39900948664829983, -59.96854480999999737 ) ) ;
#5716 = CARTESIAN_POINT ( 'NONE',  ( -167.9900000000000091, 0.000000000000000000, 34.99744111674249325 ) ) ;
#5717 = CYLINDRICAL_SURFACE ( 'NONE', #5866, 9.763640355059006737 ) ;
#5718 = VECTOR ( 'NONE', #6244, 1000.000000000000000 ) ;
#5719 = DIRECTION ( 'NONE',  ( 1.000000000000000000, 0.000000000000000000, 0.000000000000000000 ) ) ;
#5720 = EDGE_CURVE ( 'NONE', #3446, #4320, #6282, .T. ) ;
#5721 = EDGE_LOOP ( 'NONE', ( #83, #4753, #388, #3706 ) ) ;
#5722 = AXIS2_PLACEMENT_3D ( 'NONE', #1334, #6268, #846 ) ;
#5723 = ORIENTED_EDGE ( 'NONE', *, *, #4751, .F. ) ;
#5724 = ORIENTED_EDGE ( 'NONE', *, *, #512, .T. ) ;
#5725 = DIRECTION ( 'NONE',  ( 0.000000000000000000, 0.000000000000000000, -1.000000000000000000 ) ) ;
#5726 = FACE_BOUND ( 'NONE', #2692, .T. ) ;
#5727 = DIRECTION ( 'NONE',  ( 0.000000000000000000, 0.000000000000000000, -1.000000000000000000 ) ) ;
#5728 = VECTOR ( 'NONE', #3791, 1000.000000000000227 ) ;
#5729 = EDGE_LOOP ( 'NONE', ( #5, #4053, #1595, #5681 ) ) ;
#5730 = EDGE_CURVE ( 'NONE', #3684, #4668, #1, .T. ) ;
#5731 = VECTOR ( 'NONE', #5867, 1000.000000000000000 ) ;
#5732 = DIRECTION ( 'NONE',  ( -1.000000000000000000, -0.000000000000000000, -0.000000000000000000 ) ) ;
#5733 = AXIS2_PLACEMENT_3D ( 'NONE', #3219, #1263, #3742 ) ;
#5734 = ORIENTED_EDGE ( 'NONE', *, *, #4925, .F. ) ;
#5735 = DIRECTION ( 'NONE',  ( 0.000000000000000000, 0.000000000000000000, 1.000000000000000000 ) ) ;
#5736 = CARTESIAN_POINT ( 'NONE',  ( -100.9000000000000625, 52.56830429459234466, -58.24957121884516908 ) ) ;
#5737 = ORIENTED_EDGE ( 'NONE', *, *, #5831, .F. ) ;
#5738 = CARTESIAN_POINT ( 'NONE',  ( -158.9899999999998954, 22.07999999999999829, 22.36145518999998671 ) ) ;
#5739 = DIRECTION ( 'NONE',  ( -1.000000000000000000, -0.000000000000000000, -0.000000000000000000 ) ) ;
#5740 = CIRCLE ( 'NONE', #1487, 5.662499999999994316 ) ;
#5741 = ADVANCED_FACE ( 'NONE', ( #5911 ), #3481, .F. ) ;
#5742 = EDGE_LOOP ( 'NONE', ( #749, #829, #1318, #771, #324, #4486, #2165, #2631, #5978, #4798, #76, #2019, #5412, #5800, #377, #3681, #370, #2125, #5656 ) ) ;
#5743 = EDGE_LOOP ( 'NONE', ( #1221, #1534, #1989, #322 ) ) ;
#5744 = AXIS2_PLACEMENT_3D ( 'NONE', #3329, #3788, #365 ) ;
#5745 = DIRECTION ( 'NONE',  ( 0.000000000000000000, 0.000000000000000000, -1.000000000000000000 ) ) ;
#5746 = CARTESIAN_POINT ( 'NONE',  ( -94.60782474442646617, 20.94902219681364741, 34.02759368067057011 ) ) ;
#5747 = DIRECTION ( 'NONE',  ( 0.000000000000000000, 0.000000000000000000, 1.000000000000000000 ) ) ;
#5748 = VECTOR ( 'NONE', #5455, 1000.000000000000000 ) ;
#5749 = ORIENTED_EDGE ( 'NONE', *, *, #4886, .F. ) ;
#5750 = EDGE_CURVE ( 'NONE', #1926, #3121, #1370, .T. ) ;
#5751 = CARTESIAN_POINT ( 'NONE',  ( -83.25000000000000000, 22.07999999999999829, 22.36145518999998671 ) ) ;
#5752 = CARTESIAN_POINT ( 'NONE',  ( -159.9899999999999807, 0.000000000000000000, 0.000000000000000000 ) ) ;
#5753 = CARTESIAN_POINT ( 'NONE',  ( -147.9710775856719636, 47.56698729810777593, -45.23104481000287791 ) ) ;
#5754 = CIRCLE ( 'NONE', #5962, 3.000000000000002665 ) ;
#5755 = DIRECTION ( 'NONE',  ( -1.000000000000000000, -0.000000000000000000, -0.000000000000000000 ) ) ;
#5756 = DIRECTION ( 'NONE',  ( -1.000000000000000000, -0.000000000000000000, -0.000000000000000000 ) ) ;
#5757 = VERTEX_POINT ( 'NONE', #2999 ) ;
#5758 = AXIS2_PLACEMENT_3D ( 'NONE', #4948, #5951, #1503 ) ;
#5759 = EDGE_CURVE ( 'NONE', #3461, #1986, #1880, .T. ) ;
#5760 = ORIENTED_EDGE ( 'NONE', *, *, #3179, .T. ) ;
#5761 = EDGE_CURVE ( 'NONE', #2861, #373, #543, .T. ) ;
#5762 = ORIENTED_EDGE ( 'NONE', *, *, #225, .T. ) ;
#5763 = CARTESIAN_POINT ( 'NONE',  ( -164.0247847025006536, 15.38935562182574479, -61.46854480999999737 ) ) ;
#5764 = DIRECTION ( 'NONE',  ( -1.000000000000000000, -0.000000000000000000, -0.000000000000000000 ) ) ;
#5765 = CARTESIAN_POINT ( 'NONE',  ( -96.42529352588121583, 33.64077356059287638, 42.02329545478761474 ) ) ;
#5766 = AXIS2_PLACEMENT_3D ( 'NONE', #4122, #3186, #5189 ) ;
#5767 = CARTESIAN_POINT ( 'NONE',  ( -132.9056362101498507, 52.40400092372722440, -34.74811518587787873 ) ) ;
#5768 = ORIENTED_EDGE ( 'NONE', *, *, #1333, .F. ) ;
#5769 = DIRECTION ( 'NONE',  ( 1.000000000000000000, -0.000000000000000000, -0.000000000000000000 ) ) ;
#5770 = DIRECTION ( 'NONE',  ( -0.000000000000000000, 1.000000000000000000, 0.000000000000000000 ) ) ;
#5771 = ORIENTED_EDGE ( 'NONE', *, *, #3512, .T. ) ;
#5772 = LINE ( 'NONE', #6184, #5834 ) ;
#5773 = CARTESIAN_POINT ( 'NONE',  ( -115.0199999999999818, 14.28999999999999737, -46.53104480999999026 ) ) ;
#5774 = VERTEX_POINT ( 'NONE', #3027 ) ;
#5775 = ORIENTED_EDGE ( 'NONE', *, *, #3124, .T. ) ;
#5776 = DIRECTION ( 'NONE',  ( -1.000000000000000000, 0.000000000000000000, 0.000000000000000000 ) ) ;
#5777 = DIRECTION ( 'NONE',  ( 0.000000000000000000, 0.000000000000000000, 1.000000000000000000 ) ) ;
#5778 = FACE_BOUND ( 'NONE', #1035, .T. ) ;
#5779 = ADVANCED_FACE ( 'NONE', ( #5025 ), #5484, .T. ) ;
#5780 = VERTEX_POINT ( 'NONE', #5457 ) ;
#5781 = DIRECTION ( 'NONE',  ( 0.000000000000000000, 0.000000000000000000, -1.000000000000000000 ) ) ;
#5782 = DIRECTION ( 'NONE',  ( -0.000000000000000000, -0.000000000000000000, 1.000000000000000000 ) ) ;
#5783 = DIRECTION ( 'NONE',  ( -0.9722212183022856946, 0.000000000000000000, 0.2340638859004507411 ) ) ;
#5784 = CARTESIAN_POINT ( 'NONE',  ( -135.4687768754712636, 47.56698729810777593, -56.23104481000000021 ) ) ;
#5785 = ORIENTED_EDGE ( 'NONE', *, *, #685, .F. ) ;
#5786 = ORIENTED_EDGE ( 'NONE', *, *, #256, .T. ) ;
#5787 = VERTEX_POINT ( 'NONE', #6036 ) ;
#5788 = FACE_OUTER_BOUND ( 'NONE', #3511, .T. ) ;
#5789 = FACE_OUTER_BOUND ( 'NONE', #1937, .T. ) ;
#5790 = CARTESIAN_POINT ( 'NONE',  ( -159.6984746221445732, 35.46017184922439469, -61.46854480999999737 ) ) ;
#5791 = EDGE_CURVE ( 'NONE', #3371, #5787, #2711, .T. ) ;
#5792 = EDGE_CURVE ( 'NONE', #364, #3461, #2539, .T. ) ;
#5793 = CARTESIAN_POINT ( 'NONE',  ( -155.7243565925128337, 43.63106312058576464, -54.16854481000000021 ) ) ;
#5794 = ORIENTED_EDGE ( 'NONE', *, *, #2528, .T. ) ;
#5795 = CARTESIAN_POINT ( 'NONE',  ( -155.7243565925128337, 43.63106312058576464, -56.23104481000000021 ) ) ;
#5796 = FACE_OUTER_BOUND ( 'NONE', #4849, .T. ) ;
#5797 = ORIENTED_EDGE ( 'NONE', *, *, #3861, .F. ) ;
#5798 = DIRECTION ( 'NONE',  ( 0.000000000000000000, -1.000000000000000000, 0.000000000000000000 ) ) ;
#5799 = LINE ( 'NONE', #3765, #470 ) ;
#5800 = ORIENTED_EDGE ( 'NONE', *, *, #3655, .T. ) ;
#5801 = VERTEX_POINT ( 'NONE', #2972 ) ;
#5802 = CARTESIAN_POINT ( 'NONE',  ( -128.9699999999999989, 14.28999999999999737, -40.86854481000000305 ) ) ;
#5803 =( BOUNDED_CURVE ( )  B_SPLINE_CURVE ( 3, ( #1409, #5370, #4881, #423 ),
 .UNSPECIFIED., .F., .T. ) 
 B_SPLINE_CURVE_WITH_KNOTS ( ( 4, 4 ),
 ( 5.169841107194700136, 6.283185307179586232 ),
 .UNSPECIFIED. ) 
 CURVE ( )  GEOMETRIC_REPRESENTATION_ITEM ( )  RATIONAL_B_SPLINE_CURVE ( ( 1.000000000000000000, 0.8993454337775125262, 0.8993454337775125262, 1.000000000000000000 ) ) 
 REPRESENTATION_ITEM ( '' )  );
#5804 = CARTESIAN_POINT ( 'NONE',  ( -155.3986279834954587, 9.210000000002505516, -61.46854480999999737 ) ) ;
#5805 = AXIS2_PLACEMENT_3D ( 'NONE', #5746, #1751, #3736 ) ;
#5806 = DIRECTION ( 'NONE',  ( -1.000000000000000000, -0.000000000000000000, -0.000000000000000000 ) ) ;
#5807 = B_SPLINE_CURVE_WITH_KNOTS ( 'NONE', 3,
 ( #4132, #4162, #4263, #6133, #1132, #2257 ),
 .UNSPECIFIED., .F., .F.,
 ( 4, 2, 4 ),
 ( 0.000000000000000000, 0.5000000000000000000, 1.000000000000000000 ),
 .UNSPECIFIED. ) ;
#5808 = AXIS2_PLACEMENT_3D ( 'NONE', #2091, #1081, #4589 ) ;
#5809 = ORIENTED_EDGE ( 'NONE', *, *, #5480, .T. ) ;
#5810 = EDGE_CURVE ( 'NONE', #4156, #3890, #573, .T. ) ;
#5811 = FACE_OUTER_BOUND ( 'NONE', #236, .T. ) ;
#5812 = FACE_BOUND ( 'NONE', #4504, .T. ) ;
#5813 = CARTESIAN_POINT ( 'NONE',  ( -167.4409618943233511, 34.62419671035288360, -60.51758291567667669 ) ) ;
#5814 = LINE ( 'NONE', #3356, #4833 ) ;
#5815 = DIRECTION ( 'NONE',  ( -1.000000000000000000, 0.000000000000000000, 0.000000000000000000 ) ) ;
#5816 = ORIENTED_EDGE ( 'NONE', *, *, #389, .T. ) ;
#5817 = EDGE_CURVE ( 'NONE', #5475, #2251, #4061, .T. ) ;
#5818 = AXIS2_PLACEMENT_3D ( 'NONE', #80, #4110, #3013 ) ;
#5819 = DIRECTION ( 'NONE',  ( -1.000000000000000000, 0.000000000000000000, 0.000000000000000000 ) ) ;
#5820 = EDGE_LOOP ( 'NONE', ( #1949, #1203, #4945, #652 ) ) ;
#5821 = AXIS2_PLACEMENT_3D ( 'NONE', #1277, #3271, #5243 ) ;
#5822 = CARTESIAN_POINT ( 'NONE',  ( -167.9900000000000091, 0.000000000000000000, 34.99744111674249325 ) ) ;
#5823 = DIRECTION ( 'NONE',  ( 0.000000000000000000, 0.000000000000000000, -1.000000000000000000 ) ) ;
#5824 = DIRECTION ( 'NONE',  ( -1.000000000000000000, 0.000000000000000000, -0.000000000000000000 ) ) ;
#5825 = CARTESIAN_POINT ( 'NONE',  ( -95.61456994641662277, 49.76698729810777166, -85.33311475641637855 ) ) ;
#5826 = AXIS2_PLACEMENT_3D ( 'NONE', #4533, #4048, #3106 ) ;
#5827 = AXIS2_PLACEMENT_3D ( 'NONE', #1992, #4549, #2024 ) ;
#5828 = CARTESIAN_POINT ( 'NONE',  ( -143.0931650691742050, 52.17064219221822441, -44.44119751854326950 ) ) ;
#5829 = EDGE_LOOP ( 'NONE', ( #5168, #5216, #325, #1055, #4058 ) ) ;
#5830 = CARTESIAN_POINT ( 'NONE',  ( -70.25000000000000000, 11.00000000000000000, 8.519273662546156700 ) ) ;
#5831 = EDGE_CURVE ( 'NONE', #2036, #4150, #1857, .T. ) ;
#5832 = FACE_OUTER_BOUND ( 'NONE', #1274, .T. ) ;
#5833 = EDGE_CURVE ( 'NONE', #4293, #6145, #917, .T. ) ;
#5834 = VECTOR ( 'NONE', #5669, 1000.000000000000000 ) ;
#5835 = DIRECTION ( 'NONE',  ( 1.000000000000000000, -0.000000000000000000, -0.000000000000000000 ) ) ;
#5836 = VECTOR ( 'NONE', #122, 1000.000000000000000 ) ;
#5837 = ORIENTED_EDGE ( 'NONE', *, *, #3400, .T. ) ;
#5838 = ADVANCED_FACE ( 'NONE', ( #2630 ), #2213, .F. ) ;
#5839 = VERTEX_POINT ( 'NONE', #5647 ) ;
#5840 = CARTESIAN_POINT ( 'NONE',  ( -161.5131842133284295, 1.382665084147202007E-16, -45.23104481000285659 ) ) ;
#5841 = AXIS2_PLACEMENT_3D ( 'NONE', #1920, #1883, #1455 ) ;
#5842 = CARTESIAN_POINT ( 'NONE',  ( -69.41899135999115344, 22.07999999999999829, 22.36145518999998671 ) ) ;
#5843 = AXIS2_PLACEMENT_3D ( 'NONE', #1204, #2262, #4588 ) ;
#5844 = VERTEX_POINT ( 'NONE', #3187 ) ;
#5845 = CARTESIAN_POINT ( 'NONE',  ( -152.0098049200396702, 23.98696133190903268, 11.55743086856768720 ) ) ;
#5846 = CARTESIAN_POINT ( 'NONE',  ( -158.6750000000000398, 18.16484582764473998, -61.46854480999999737 ) ) ;
#5847 = FACE_OUTER_BOUND ( 'NONE', #6398, .T. ) ;
#5848 = LINE ( 'NONE', #3876, #1086 ) ;
#5849 = LINE ( 'NONE', #3324, #1130 ) ;
#5850 = VECTOR ( 'NONE', #2452, 1000.000000000000000 ) ;
#5851 = VERTEX_POINT ( 'NONE', #1124 ) ;
#5852 = VERTEX_POINT ( 'NONE', #3152 ) ;
#5853 = DIRECTION ( 'NONE',  ( -0.7071067811865482389, 0.000000000000000000, 0.7071067811865469066 ) ) ;
#5854 = VECTOR ( 'NONE', #1152, 1000.000000000000000 ) ;
#5855 = VERTEX_POINT ( 'NONE', #5710 ) ;
#5856 = LINE ( 'NONE', #293, #5013 ) ;
#5857 = CARTESIAN_POINT ( 'NONE',  ( -83.25000000000000000, 30.06499999999998707, -44.59245404627309739 ) ) ;
#5858 = FACE_OUTER_BOUND ( 'NONE', #4134, .T. ) ;
#5859 = FACE_OUTER_BOUND ( 'NONE', #3247, .T. ) ;
#5860 = EDGE_CURVE ( 'NONE', #1763, #644, #2187, .T. ) ;
#5861 = VECTOR ( 'NONE', #5449, 1000.000000000000000 ) ;
#5862 = DIRECTION ( 'NONE',  ( 0.7071067811865410224, 0.000000000000000000, 0.7071067811865541231 ) ) ;
#5863 = ORIENTED_EDGE ( 'NONE', *, *, #5673, .T. ) ;
#5864 = DIRECTION ( 'NONE',  ( 0.000000000000000000, 0.000000000000000000, -1.000000000000000000 ) ) ;
#5865 = CARTESIAN_POINT ( 'NONE',  ( -134.4249999999889837, 0.000000000000000000, 19.05000000000000071 ) ) ;
#5866 = AXIS2_PLACEMENT_3D ( 'NONE', #3096, #6074, #4615 ) ;
#5867 = DIRECTION ( 'NONE',  ( -1.000000000000000000, -0.000000000000000000, -0.000000000000000000 ) ) ;
#5868 = AXIS2_PLACEMENT_3D ( 'NONE', #6010, #2054, #1104 ) ;
#5869 = VERTEX_POINT ( 'NONE', #4638 ) ;
#5870 = EDGE_LOOP ( 'NONE', ( #6056, #3825, #2589, #4023, #5916 ) ) ;
#5871 = CARTESIAN_POINT ( 'NONE',  ( -155.6750000000000682, 41.27750000000246899, -56.23104481000000021 ) ) ;
#5872 = DIRECTION ( 'NONE',  ( 0.000000000000000000, 0.000000000000000000, 1.000000000000000000 ) ) ;
#5873 = ADVANCED_FACE ( 'NONE', ( #1720 ), #4123, .F. ) ;
#5874 = EDGE_CURVE ( 'NONE', #3066, #5649, #5120, .T. ) ;
#5875 = EDGE_LOOP ( 'NONE', ( #936, #454, #797, #5713, #3939, #1209, #3768, #4959, #3803, #4960, #2018, #6170, #3234 ) ) ;
#5876 = DIRECTION ( 'NONE',  ( -1.000000000000000000, -0.000000000000000000, -0.000000000000000000 ) ) ;
#5877 = PLANE ( 'NONE',  #6155 ) ;
#5878 = CARTESIAN_POINT ( 'NONE',  ( -71.75000000000002842, 49.76698729810777166, -61.46854480999999737 ) ) ;
#5879 = DIRECTION ( 'NONE',  ( -0.000000000000000000, -0.000000000000000000, 1.000000000000000000 ) ) ;
#5880 = CARTESIAN_POINT ( 'NONE',  ( -83.25000000000000000, 14.28999999999999382, -33.42072633745385701 ) ) ;
#5881 = EDGE_CURVE ( 'NONE', #150, #611, #6066, .T. ) ;
#5882 = EDGE_CURVE ( 'NONE', #2686, #3626, #4935, .T. ) ;
#5883 = ORIENTED_EDGE ( 'NONE', *, *, #2528, .F. ) ;
#5884 = EDGE_LOOP ( 'NONE', ( #2309, #69, #4737, #2560 ) ) ;
#5885 = FACE_OUTER_BOUND ( 'NONE', #3344, .T. ) ;
#5886 = ORIENTED_EDGE ( 'NONE', *, *, #3255, .T. ) ;
#5887 = CARTESIAN_POINT ( 'NONE',  ( -154.8163720165046016, 40.64250000000248519, -61.46854480999999737 ) ) ;
#5888 = DIRECTION ( 'NONE',  ( 0.000000000000000000, 1.000000000000000000, 0.000000000000000000 ) ) ;
#5889 = CIRCLE ( 'NONE', #2153, 4.912500000000000533 ) ;
#5890 = DIRECTION ( 'NONE',  ( 0.000000000000000000, 0.000000000000000000, -1.000000000000000000 ) ) ;
#5891 = CARTESIAN_POINT ( 'NONE',  ( -83.24999999999998579, 14.28999999999999737, -45.78104481000000447 ) ) ;
#5892 = ORIENTED_EDGE ( 'NONE', *, *, #5627, .F. ) ;
#5893 = EDGE_LOOP ( 'NONE', ( #393, #5077, #5564, #2959, #1694, #3940 ) ) ;
#5894 = FACE_OUTER_BOUND ( 'NONE', #3398, .T. ) ;
#5895 = EDGE_CURVE ( 'NONE', #2529, #6212, #1054, .T. ) ;
#5896 = CARTESIAN_POINT ( 'NONE',  ( -155.6750000000000682, 41.27750000000251163, -58.16854481000000021 ) ) ;
#5897 = CARTESIAN_POINT ( 'NONE',  ( -115.2699999999999818, 36.51499999999999346, -34.95604481000001584 ) ) ;
#5898 = ORIENTED_EDGE ( 'NONE', *, *, #3701, .T. ) ;
#5899 = EDGE_CURVE ( 'NONE', #3590, #1093, #5085, .T. ) ;
#5900 = ORIENTED_EDGE ( 'NONE', *, *, #1658, .T. ) ;
#5901 = DIRECTION ( 'NONE',  ( 1.000000000000000000, 0.000000000000000000, 6.427877632151207979E-16 ) ) ;
#5902 = CARTESIAN_POINT ( 'NONE',  ( -154.8305633438184259, 10.16250000000252918, -52.23104480999999311 ) ) ;
#5903 = ORIENTED_EDGE ( 'NONE', *, *, #1747, .T. ) ;
#5904 = DIRECTION ( 'NONE',  ( 0.000000000000000000, 0.000000000000000000, 1.000000000000000000 ) ) ;
#5905 = DIRECTION ( 'NONE',  ( -1.000000000000000000, 0.000000000000000000, 0.000000000000000000 ) ) ;
#5906 = EDGE_CURVE ( 'NONE', #2480, #150, #632, .T. ) ;
#5907 = DIRECTION ( 'NONE',  ( 0.000000000000000000, 0.000000000000000000, -1.000000000000000000 ) ) ;
#5908 = EDGE_CURVE ( 'NONE', #1928, #2268, #296, .T. ) ;
#5909 = EDGE_CURVE ( 'NONE', #3762, #989, #1788, .T. ) ;
#5910 = DIRECTION ( 'NONE',  ( 1.000000000000000000, 0.000000000000000000, 0.000000000000000000 ) ) ;
#5911 = FACE_OUTER_BOUND ( 'NONE', #4462, .T. ) ;
#5912 = VECTOR ( 'NONE', #3316, 1000.000000000000000 ) ;
#5913 = EDGE_LOOP ( 'NONE', ( #4651, #3475, #4529, #4877, #444, #284, #4183, #6058 ) ) ;
#5914 = ORIENTED_EDGE ( 'NONE', *, *, #5284, .F. ) ;
#5915 = DIRECTION ( 'NONE',  ( 0.000000000000000000, -2.329169920522730647E-16, -1.000000000000000000 ) ) ;
#5916 = ORIENTED_EDGE ( 'NONE', *, *, #1610, .F. ) ;
#5917 = CARTESIAN_POINT ( 'NONE',  ( -70.25000000000000000, 28.39900948664812574, -59.96854480999999737 ) ) ;
#5918 = DIRECTION ( 'NONE',  ( 0.000000000000000000, 0.000000000000000000, 1.000000000000000000 ) ) ;
#5919 = DIRECTION ( 'NONE',  ( 0.000000000000000000, 3.623650399333143762E-18, -1.000000000000000000 ) ) ;
#5920 = VECTOR ( 'NONE', #229, 1000.000000000000000 ) ;
#5921 = PLANE ( 'NONE',  #959 ) ;
#5922 = VECTOR ( 'NONE', #5339, 1000.000000000000000 ) ;
#5923 = ORIENTED_EDGE ( 'NONE', *, *, #702, .F. ) ;
#5924 = EDGE_LOOP ( 'NONE', ( #5569, #2004, #5008, #343 ) ) ;
#5925 = CARTESIAN_POINT ( 'NONE',  ( -70.25000000000000000, 0.000000000000000000, 34.99744111674249325 ) ) ;
#5926 = DIRECTION ( 'NONE',  ( 0.000000000000000000, 0.000000000000000000, 1.000000000000000000 ) ) ;
#5927 = FACE_OUTER_BOUND ( 'NONE', #1539, .T. ) ;
#5928 = EDGE_CURVE ( 'NONE', #3390, #1292, #1995, .T. ) ;
#5929 = AXIS2_PLACEMENT_3D ( 'NONE', #2169, #4145, #5543 ) ;
#5930 = ORIENTED_EDGE ( 'NONE', *, *, #1065, .F. ) ;
#5931 = EDGE_LOOP ( 'NONE', ( #5992, #654, #2746, #3339 ) ) ;
#5932 = DIRECTION ( 'NONE',  ( 0.000000000000000000, 0.000000000000000000, 1.000000000000000000 ) ) ;
#5933 = FACE_OUTER_BOUND ( 'NONE', #1188, .T. ) ;
#5934 = VECTOR ( 'NONE', #2844, 1000.000000000000000 ) ;
#5935 = EDGE_CURVE ( 'NONE', #4592, #3950, #4225, .T. ) ;
#5936 = VERTEX_POINT ( 'NONE', #6125 ) ;
#5937 = CARTESIAN_POINT ( 'NONE',  ( -70.25000000000000000, 7.840000000000005187, -44.59245404627309028 ) ) ;
#5938 = AXIS2_PLACEMENT_3D ( 'NONE', #2967, #4478, #5904 ) ;
#5939 = CARTESIAN_POINT ( 'NONE',  ( -161.5131842133284295, 47.56698729810777593, -30.39104481000288160 ) ) ;
#5940 = CARTESIAN_POINT ( 'NONE',  ( -70.25000000000000000, 15.63000000000001144, 18.63754595372690304 ) ) ;
#5941 = CARTESIAN_POINT ( 'NONE',  ( -147.9710775856719636, 3.299999999999999822, -30.39104481000288160 ) ) ;
#5942 = VECTOR ( 'NONE', #1599, 1000.000000000000000 ) ;
#5943 = B_SPLINE_CURVE_WITH_KNOTS ( 'NONE', 1,
 ( #5626, #2679 ),
 .UNSPECIFIED., .F., .F.,
 ( 2, 2 ),
 ( 0.000000000000000000, 1.000000000000000000 ),
 .UNSPECIFIED. ) ;
#5944 = ORIENTED_EDGE ( 'NONE', *, *, #1866, .T. ) ;
#5945 = ORIENTED_EDGE ( 'NONE', *, *, #1666, .F. ) ;
#5946 = DIRECTION ( 'NONE',  ( 0.000000000000000000, -1.734723475976807094E-15, -1.000000000000000000 ) ) ;
#5947 = VERTEX_POINT ( 'NONE', #1752 ) ;
#5948 = CARTESIAN_POINT ( 'NONE',  ( -83.25000000000000000, 20.73999999999998423, -37.14463557372693714 ) ) ;
#5949 = DIRECTION ( 'NONE',  ( -0.9203309184584744784, 0.000000000000000000, -0.3911406403448521862 ) ) ;
#5950 = AXIS2_PLACEMENT_3D ( 'NONE', #5917, #489, #5979 ) ;
#5951 = DIRECTION ( 'NONE',  ( 1.000000000000000000, -0.000000000000000000, -0.000000000000000000 ) ) ;
#5952 = CARTESIAN_POINT ( 'NONE',  ( -70.25000000000000000, 7.840000000000006963, -37.14463557372693003 ) ) ;
#5953 = ADVANCED_FACE ( 'NONE', ( #5155 ), #4189, .T. ) ;
#5954 = CIRCLE ( 'NONE', #650, 3.325000000000029488 ) ;
#5955 = ADVANCED_FACE ( 'NONE', ( #3737 ), #5226, .T. ) ;
#5956 = AXIS2_PLACEMENT_3D ( 'NONE', #4260, #2383, #6197 ) ;
#5957 = VERTEX_POINT ( 'NONE', #4094 ) ;
#5958 = ORIENTED_EDGE ( 'NONE', *, *, #348, .T. ) ;
#5959 = DIRECTION ( 'NONE',  ( -1.000000000000000000, -0.000000000000000000, -0.000000000000000000 ) ) ;
#5960 = CARTESIAN_POINT ( 'NONE',  ( -158.9899999999999807, 11.00000000000000000, 1.071455189999986901 ) ) ;
#5961 = CARTESIAN_POINT ( 'NONE',  ( -114.8113720165046203, 10.16250000000252918, -52.58713401639744234 ) ) ;
#5962 = AXIS2_PLACEMENT_3D ( 'NONE', #24, #5385, #1026 ) ;
#5963 = VECTOR ( 'NONE', #4247, 1000.000000000000000 ) ;
#5964 = ORIENTED_EDGE ( 'NONE', *, *, #2618, .F. ) ;
#5965 = ORIENTED_EDGE ( 'NONE', *, *, #248, .T. ) ;
#5966 = DIRECTION ( 'NONE',  ( 0.000000000000000000, -1.000000000000000000, -3.623650399333143762E-18 ) ) ;
#5967 = DIRECTION ( 'NONE',  ( 0.000000000000000000, 0.8660254037844383745, 0.5000000000000003331 ) ) ;
#5968 = AXIS2_PLACEMENT_3D ( 'NONE', #4779, #3906, #1268 ) ;
#5969 = ORIENTED_EDGE ( 'NONE', *, *, #5237, .T. ) ;
#5970 = DIRECTION ( 'NONE',  ( 0.000000000000000000, 0.000000000000000000, -1.000000000000000000 ) ) ;
#5971 = CARTESIAN_POINT ( 'NONE',  ( -167.9900000000000091, 14.28999999999999737, -40.86854481000000305 ) ) ;
#5972 = ADVANCED_FACE ( 'NONE', ( #5289 ), #2282, .T. ) ;
#5973 = CARTESIAN_POINT ( 'NONE',  ( -114.2489388996541209, 52.29181986073722044, -32.60744651878499667 ) ) ;
#5974 = DIRECTION ( 'NONE',  ( 0.000000000000000000, 0.000000000000000000, -1.000000000000000000 ) ) ;
#5975 = ORIENTED_EDGE ( 'NONE', *, *, #359, .F. ) ;
#5976 = ORIENTED_EDGE ( 'NONE', *, *, #4129, .T. ) ;
#5977 = CARTESIAN_POINT ( 'NONE',  ( -159.9899999999999807, 11.00000000000000000, 1.071455189999986901 ) ) ;
#5978 = ORIENTED_EDGE ( 'NONE', *, *, #551, .T. ) ;
#5979 = DIRECTION ( 'NONE',  ( -0.000000000000000000, 1.000000000000000000, 0.000000000000000000 ) ) ;
#5980 = CARTESIAN_POINT ( 'NONE',  ( -130.8631599967704062, 52.31576754403149465, -33.02261993824324549 ) ) ;
#5981 = DIRECTION ( 'NONE',  ( 1.000000000000000000, -0.000000000000000000, 0.000000000000000000 ) ) ;
#5982 = PLANE ( 'NONE',  #3811 ) ;
#5983 = VERTEX_POINT ( 'NONE', #4773 ) ;
#5984 = EDGE_LOOP ( 'NONE', ( #4051, #1876 ) ) ;
#5985 = CIRCLE ( 'NONE', #4749, 4.912500000000000533 ) ;
#5986 = CARTESIAN_POINT ( 'NONE',  ( -166.4899999999999807, 15.63176518397546566, -61.46854480999999737 ) ) ;
#5987 = DIRECTION ( 'NONE',  ( 0.000000000000000000, 0.000000000000000000, 1.000000000000000000 ) ) ;
#5988 = CARTESIAN_POINT ( 'NONE',  ( -83.25000000000000000, 4.549999999999998934, -2.652454046273100552 ) ) ;
#5989 = EDGE_CURVE ( 'NONE', #2349, #270, #696, .T. ) ;
#5990 = ADVANCED_FACE ( 'NONE', ( #1296 ), #3837, .F. ) ;
#5991 = VERTEX_POINT ( 'NONE', #1784 ) ;
#5992 = ORIENTED_EDGE ( 'NONE', *, *, #775, .F. ) ;
#5993 = ORIENTED_EDGE ( 'NONE', *, *, #934, .T. ) ;
#5994 = PLANE ( 'NONE',  #3578 ) ;
#5995 = LINE ( 'NONE', #1452, #1208 ) ;
#5996 = ORIENTED_EDGE ( 'NONE', *, *, #3528, .F. ) ;
#5997 = CARTESIAN_POINT ( 'NONE',  ( -95.76757828558255881, 33.75937638540629138, 41.66199304895590672 ) ) ;
#5998 = DIRECTION ( 'NONE',  ( -1.000000000000000000, -0.000000000000000000, -0.000000000000000000 ) ) ;
#5999 = CARTESIAN_POINT ( 'NONE',  ( -148.2900000000000205, 40.64250000000248519, -56.23104481000000021 ) ) ;
#6000 = DIRECTION ( 'NONE',  ( 0.000000000000000000, 0.000000000000000000, -1.000000000000000000 ) ) ;
#6001 = ORIENTED_EDGE ( 'NONE', *, *, #2975, .T. ) ;
#6002 = EDGE_CURVE ( 'NONE', #805, #5774, #4838, .T. ) ;
#6003 = ORIENTED_EDGE ( 'NONE', *, *, #5750, .F. ) ;
#6004 = DIRECTION ( 'NONE',  ( -1.000000000000000000, 0.000000000000000000, 0.000000000000000000 ) ) ;
#6005 = ORIENTED_EDGE ( 'NONE', *, *, #1308, .F. ) ;
#6006 = PLANE ( 'NONE',  #5950 ) ;
#6007 = CARTESIAN_POINT ( 'NONE',  ( -70.25000000000000000, 15.63000000000000789, 26.08536442627307750 ) ) ;
#6008 = VECTOR ( 'NONE', #5815, 1000.000000000000000 ) ;
#6009 = LINE ( 'NONE', #1532, #361 ) ;
#6010 = CARTESIAN_POINT ( 'NONE',  ( -70.25000000000000000, 36.51499999999998636, -48.31636328254618462 ) ) ;
#6011 = AXIS2_PLACEMENT_3D ( 'NONE', #6253, #238, #4213 ) ;
#6012 = EDGE_CURVE ( 'NONE', #6145, #4293, #168, .T. ) ;
#6013 = ORIENTED_EDGE ( 'NONE', *, *, #6183, .T. ) ;
#6014 = EDGE_LOOP ( 'NONE', ( #418, #2217, #1357, #3449, #1706, #6203, #2441, #3141, #6242, #968, #2809, #711, #310, #130, #5775, #1009, #6284, #5209, #5017 ) ) ;
#6015 = CARTESIAN_POINT ( 'NONE',  ( -101.7586279834954439, 40.64250000000248519, -56.23104481000000021 ) ) ;
#6016 = CARTESIAN_POINT ( 'NONE',  ( -150.6418346865630724, 34.23109815390987620, 40.16915381341304681 ) ) ;
#6017 = CARTESIAN_POINT ( 'NONE',  ( -152.8740853889376581, 44.56698729810776882, -54.16854481000000021 ) ) ;
#6018 = AXIS2_PLACEMENT_3D ( 'NONE', #1377, #3395, #2424 ) ;
#6019 = ORIENTED_EDGE ( 'NONE', *, *, #6350, .F. ) ;
#6020 = ADVANCED_FACE ( 'NONE', ( #3379 ), #3925, .F. ) ;
#6021 = EDGE_CURVE ( 'NONE', #1850, #2277, #5889, .T. ) ;
#6022 = VERTEX_POINT ( 'NONE', #2898 ) ;
#6023 = AXIS2_PLACEMENT_3D ( 'NONE', #2059, #1111, #6082 ) ;
#6024 = ORIENTED_EDGE ( 'NONE', *, *, #4997, .F. ) ;
#6025 = DIRECTION ( 'NONE',  ( 0.000000000000000000, 0.000000000000000000, 1.000000000000000000 ) ) ;
#6026 = CYLINDRICAL_SURFACE ( 'NONE', #6271, 3.000000000000002665 ) ;
#6027 = CARTESIAN_POINT ( 'NONE',  ( -59.90828083111567537, 39.02799741610051854, 29.75282115382366754 ) ) ;
#6028 = AXIS2_PLACEMENT_3D ( 'NONE', #2839, #2352, #4811 ) ;
#6029 = ADVANCED_FACE ( 'NONE', ( #5386 ), #1916, .F. ) ;
#6030 = EDGE_CURVE ( 'NONE', #5467, #4874, #6299, .T. ) ;
#6031 = ADVANCED_FACE ( 'NONE', ( #4378 ), #4852, .F. ) ;
#6032 = ORIENTED_EDGE ( 'NONE', *, *, #6307, .T. ) ;
#6033 = CARTESIAN_POINT ( 'NONE',  ( -149.6771849604237161, 36.91154622258130047, 37.65152453977707125 ) ) ;
#6034 = DIRECTION ( 'NONE',  ( -1.000000000000000000, -0.000000000000000000, -0.000000000000000000 ) ) ;
#6035 = CIRCLE ( 'NONE', #5516, 6.526372016504591755 ) ;
#6036 = CARTESIAN_POINT ( 'NONE',  ( -84.25000000000000000, 14.28999999999999737, -45.78104481000000447 ) ) ;
#6037 = VECTOR ( 'NONE', #3332, 1000.000000000000000 ) ;
#6038 = VECTOR ( 'NONE', #3024, 1000.000000000000000 ) ;
#6039 = ORIENTED_EDGE ( 'NONE', *, *, #4390, .T. ) ;
#6040 = DIRECTION ( 'NONE',  ( 0.000000000000000000, -0.8660254037844384856, 0.5000000000000004441 ) ) ;
#6041 = VERTEX_POINT ( 'NONE', #4741 ) ;
#6042 = CARTESIAN_POINT ( 'NONE',  ( -83.25000000000000000, 4.549999999999997158, 4.795364426273063252 ) ) ;
#6043 = CARTESIAN_POINT ( 'NONE',  ( -130.0819103433171620, 52.29888060281692930, -32.72876315531497937 ) ) ;
#6044 = DIRECTION ( 'NONE',  ( 1.000000000000000000, -0.000000000000000000, -0.000000000000000000 ) ) ;
#6045 = CARTESIAN_POINT ( 'NONE',  ( -83.25000000000000000, 7.840000000000006963, -37.14463557372693003 ) ) ;
#6046 = AXIS2_PLACEMENT_3D ( 'NONE', #4554, #2090, #957 ) ;
#6047 = VERTEX_POINT ( 'NONE', #283 ) ;
#6048 = ORIENTED_EDGE ( 'NONE', *, *, #6316, .F. ) ;
#6049 = AXIS2_PLACEMENT_3D ( 'NONE', #3850, #4880, #422 ) ;
#6050 = VERTEX_POINT ( 'NONE', #840 ) ;
#6051 = LINE ( 'NONE', #5010, #341 ) ;
#6052 = CARTESIAN_POINT ( 'NONE',  ( -167.9900000000000091, 52.30885036696396639, -43.74306552843802365 ) ) ;
#6053 = DIRECTION ( 'NONE',  ( 0.000000000000000000, 1.000000000000000000, 0.000000000000000000 ) ) ;
#6054 = ADVANCED_FACE ( 'NONE', ( #1394 ), #2313, .F. ) ;
#6055 = AXIS2_PLACEMENT_3D ( 'NONE', #5846, #3258, #1332 ) ;
#6056 = ORIENTED_EDGE ( 'NONE', *, *, #5817, .F. ) ;
#6057 = VERTEX_POINT ( 'NONE', #1362 ) ;
#6058 = ORIENTED_EDGE ( 'NONE', *, *, #4282, .F. ) ;
#6059 = DIRECTION ( 'NONE',  ( 1.000000000000000000, 0.000000000000000000, 0.000000000000000000 ) ) ;
#6060 = DIRECTION ( 'NONE',  ( 1.000000000000000000, 0.000000000000000000, 0.000000000000000000 ) ) ;
#6061 = LINE ( 'NONE', #146, #904 ) ;
#6062 = VECTOR ( 'NONE', #1451, 1000.000000000000000 ) ;
#6063 = ORIENTED_EDGE ( 'NONE', *, *, #6067, .T. ) ;
#6064 = CARTESIAN_POINT ( 'NONE',  ( -108.3481117593051692, 52.56765894952388152, -40.72460237342138356 ) ) ;
#6065 = DIRECTION ( 'NONE',  ( -1.000000000000000000, 0.000000000000000000, 0.000000000000000000 ) ) ;
#6066 = LINE ( 'NONE', #3119, #4525 ) ;
#6067 = EDGE_CURVE ( 'NONE', #2277, #1850, #5985, .T. ) ;
#6068 = ADVANCED_FACE ( 'NONE', ( #5778, #4804 ), #347, .T. ) ;
#6069 = ORIENTED_EDGE ( 'NONE', *, *, #5033, .T. ) ;
#6070 = DIRECTION ( 'NONE',  ( 1.000000000000000000, 0.000000000000000000, 0.000000000000000000 ) ) ;
#6071 = AXIS2_PLACEMENT_3D ( 'NONE', #4071, #5038, #2605 ) ;
#6072 = CARTESIAN_POINT ( 'NONE',  ( -129.2399999999999807, 23.90422363157352947, 32.31389457485497729 ) ) ;
#6073 = CARTESIAN_POINT ( 'NONE',  ( -113.0000000000000000, 22.07999999999999829, 27.25145518999998373 ) ) ;
#6074 = DIRECTION ( 'NONE',  ( 1.000000000000000000, 0.000000000000000000, 0.000000000000000000 ) ) ;
#6075 = DIRECTION ( 'NONE',  ( 0.000000000000000000, -1.000000000000000000, 0.000000000000000000 ) ) ;
#6076 = ADVANCED_FACE ( 'NONE', ( #1878 ), #3869, .T. ) ;
#6077 = EDGE_LOOP ( 'NONE', ( #3714, #2056, #5174, #3194, #1391, #5291, #3648, #5563, #618, #981, #1630 ) ) ;
#6078 = ORIENTED_EDGE ( 'NONE', *, *, #81, .T. ) ;
#6079 = ORIENTED_EDGE ( 'NONE', *, *, #752, .T. ) ;
#6080 = CARTESIAN_POINT ( 'NONE',  ( -70.25000000000000000, 42.96499999999999631, -44.59245404627308318 ) ) ;
#6081 = LINE ( 'NONE', #3496, #3120 ) ;
#6082 = DIRECTION ( 'NONE',  ( 0.000000000000000000, 0.000000000000000000, -1.000000000000000000 ) ) ;
#6083 = VERTEX_POINT ( 'NONE', #1027 ) ;
#6084 = ADVANCED_FACE ( 'NONE', ( #3474 ), #442, .T. ) ;
#6085 = DIRECTION ( 'NONE',  ( -1.000000000000000000, -0.000000000000000000, -0.000000000000000000 ) ) ;
#6086 = EDGE_LOOP ( 'NONE', ( #5178, #1809, #517, #2156 ) ) ;
#6087 = ORIENTED_EDGE ( 'NONE', *, *, #6142, .F. ) ;
#6088 = DIRECTION ( 'NONE',  ( -0.000000000000000000, -1.000000000000000000, -0.000000000000000000 ) ) ;
#6089 = FACE_OUTER_BOUND ( 'NONE', #4742, .T. ) ;
#6090 = CARTESIAN_POINT ( 'NONE',  ( -115.2700000000000529, 3.299999999999999822, -37.73026587767386530 ) ) ;
#6091 = EDGE_CURVE ( 'NONE', #4432, #3849, #5677, .T. ) ;
#6092 = ORIENTED_EDGE ( 'NONE', *, *, #944, .T. ) ;
#6093 = CARTESIAN_POINT ( 'NONE',  ( -179.9943429362479037, 3.299999999999999822, -45.23104481000286370 ) ) ;
#6094 = CARTESIAN_POINT ( 'NONE',  ( -181.2271884819317904, 3.051647837302737809, -32.53104481000283243 ) ) ;
#6095 = DIRECTION ( 'NONE',  ( 0.000000000000000000, 0.000000000000000000, 1.000000000000000000 ) ) ;
#6096 = ORIENTED_EDGE ( 'NONE', *, *, #2289, .F. ) ;
#6097 = ADVANCED_FACE ( 'NONE', ( #5933 ), #4897, .F. ) ;
#6098 = AXIS2_PLACEMENT_3D ( 'NONE', #974, #4572, #6000 ) ;
#6099 = CARTESIAN_POINT ( 'NONE',  ( -104.6092703718782246, 32.62124113080948007, 46.31794919243127140 ) ) ;
#6100 = ADVANCED_FACE ( 'NONE', ( #2533 ), #4932, .F. ) ;
#6101 = DIRECTION ( 'NONE',  ( -0.7071067811865531239, 0.000000000000000000, 0.7071067811865420216 ) ) ;
#6102 = DIRECTION ( 'NONE',  ( -1.000000000000000000, 0.000000000000000000, 0.000000000000000000 ) ) ;
#6103 = CARTESIAN_POINT ( 'NONE',  ( -64.91366932516041288, 36.51499999999999346, -40.86854481000000305 ) ) ;
#6104 = LINE ( 'NONE', #2671, #6324 ) ;
#6105 = ORIENTED_EDGE ( 'NONE', *, *, #2231, .F. ) ;
#6106 = EDGE_LOOP ( 'NONE', ( #1087, #3998, #3023, #3931 ) ) ;
#6107 = ORIENTED_EDGE ( 'NONE', *, *, #2620, .F. ) ;
#6108 = CARTESIAN_POINT ( 'NONE',  ( -155.3986279834954587, 41.59500000000250708, -56.23104481000000021 ) ) ;
#6109 = CARTESIAN_POINT ( 'NONE',  ( -83.25000000000000000, 14.28999999999999737, -34.95604481000001584 ) ) ;
#6110 = CARTESIAN_POINT ( 'NONE',  ( -167.9900000000000091, 22.07999999999999829, 22.36145518999998671 ) ) ;
#6111 = AXIS2_PLACEMENT_3D ( 'NONE', #3657, #6085, #5696 ) ;
#6112 = VERTEX_POINT ( 'NONE', #4509 ) ;
#6113 = CARTESIAN_POINT ( 'NONE',  ( -159.6984746221445732, 35.46017184922439469, -61.46854480999999737 ) ) ;
#6114 = ORIENTED_EDGE ( 'NONE', *, *, #616, .T. ) ;
#6115 = DIRECTION ( 'NONE',  ( 1.000000000000000000, 0.000000000000000000, 0.000000000000000000 ) ) ;
#6116 = LINE ( 'NONE', #2200, #306 ) ;
#6117 = VERTEX_POINT ( 'NONE', #5450 ) ;
#6118 = DIRECTION ( 'NONE',  ( 0.000000000000000000, 0.000000000000000000, -1.000000000000000000 ) ) ;
#6119 = LINE ( 'NONE', #3112, #2547 ) ;
#6120 = CONICAL_SURFACE ( 'NONE', #103, 4.912500000000000533, 0.7853981633974552734 ) ;
#6121 = CARTESIAN_POINT ( 'NONE',  ( -83.24999999999998579, 36.51499999999999346, -40.86854481000000305 ) ) ;
#6122 = ORIENTED_EDGE ( 'NONE', *, *, #3612, .F. ) ;
#6123 = CARTESIAN_POINT ( 'NONE',  ( -161.5131842133284295, 0.000000000000000000, -30.39104481000288160 ) ) ;
#6124 = DIRECTION ( 'NONE',  ( 1.000000000000000000, -0.000000000000000000, 0.000000000000000000 ) ) ;
#6125 = CARTESIAN_POINT ( 'NONE',  ( -159.9899999999999807, 14.28999999999999737, -46.78104481000003290 ) ) ;
#6126 = EDGE_CURVE ( 'NONE', #1868, #764, #5995, .T. ) ;
#6127 = VERTEX_POINT ( 'NONE', #3019 ) ;
#6128 = DIRECTION ( 'NONE',  ( 0.000000000000000000, 1.000000000000000000, 0.000000000000000000 ) ) ;
#6129 = VECTOR ( 'NONE', #907, 1000.000000000000000 ) ;
#6130 = LINE ( 'NONE', #3190, #451 ) ;
#6131 = CARTESIAN_POINT ( 'NONE',  ( -83.24999999999998579, 36.51499999999999346, -35.95604481000000163 ) ) ;
#6132 = CARTESIAN_POINT ( 'NONE',  ( -103.5970691710326008, 32.62123122127284347, 46.31794919243127850 ) ) ;
#6133 = CARTESIAN_POINT ( 'NONE',  ( -139.8353525181628072, 35.33378921717303456, 43.53979384595832869 ) ) ;
#6134 = AXIS2_PLACEMENT_3D ( 'NONE', #4878, #4520, #2976 ) ;
#6135 = ORIENTED_EDGE ( 'NONE', *, *, #2163, .T. ) ;
#6136 = ORIENTED_EDGE ( 'NONE', *, *, #1065, .T. ) ;
#6137 = EDGE_LOOP ( 'NONE', ( #4775, #3785, #3797, #1742, #6177, #1337 ) ) ;
#6138 = CARTESIAN_POINT ( 'NONE',  ( -70.25000000000000000, 28.53000000000000469, 26.08536442627307750 ) ) ;
#6139 = FACE_BOUND ( 'NONE', #3425, .T. ) ;
#6140 = VECTOR ( 'NONE', #3903, 1000.000000000000000 ) ;
#6141 = FACE_OUTER_BOUND ( 'NONE', #1729, .T. ) ;
#6142 = EDGE_CURVE ( 'NONE', #3715, #270, #4474, .T. ) ;
#6143 = ADVANCED_FACE ( 'NONE', ( #4414 ), #3995, .F. ) ;
#6144 = CIRCLE ( 'NONE', #3560, 6.749999999999992006 ) ;
#6145 = VERTEX_POINT ( 'NONE', #5902 ) ;
#6146 = DIRECTION ( 'NONE',  ( 1.000000000000000000, 0.000000000000000000, 0.000000000000000000 ) ) ;
#6147 = ORIENTED_EDGE ( 'NONE', *, *, #1493, .T. ) ;
#6148 =( LENGTH_UNIT ( ) NAMED_UNIT ( * ) SI_UNIT ( .MILLI., .METRE. ) );
#6149 = DIRECTION ( 'NONE',  ( 1.000000000000000000, -0.000000000000000000, -0.000000000000000000 ) ) ;
#6150 = EDGE_LOOP ( 'NONE', ( #1390, #5495 ) ) ;
#6151 = CARTESIAN_POINT ( 'NONE',  ( -147.1178778445500086, 33.71639337266392999, 41.73709893540185334 ) ) ;
#6152 = PLANE ( 'NONE',  #3586 ) ;
#6153 = VECTOR ( 'NONE', #3220, 1000.000000000000000 ) ;
#6154 = CYLINDRICAL_SURFACE ( 'NONE', #4641, 3.000000000000002665 ) ;
#6155 = AXIS2_PLACEMENT_3D ( 'NONE', #3538, #5389, #938 ) ;
#6156 = ORIENTED_EDGE ( 'NONE', *, *, #5283, .T. ) ;
#6157 = VERTEX_POINT ( 'NONE', #1576 ) ;
#6158 = LINE ( 'NONE', #597, #2437 ) ;
#6159 = DIRECTION ( 'NONE',  ( 0.000000000000000000, 0.000000000000000000, 1.000000000000000000 ) ) ;
#6160 = CARTESIAN_POINT ( 'NONE',  ( -70.25000000000000000, 28.53000000000000469, 18.63754595372690304 ) ) ;
#6161 = AXIS2_PLACEMENT_3D ( 'NONE', #1090, #3083, #624 ) ;
#6162 = ORIENTED_EDGE ( 'NONE', *, *, #3972, .F. ) ;
#6163 = EDGE_CURVE ( 'NONE', #4133, #4819, #5478, .T. ) ;
#6164 = LINE ( 'NONE', #3577, #5317 ) ;
#6165 = CARTESIAN_POINT ( 'NONE',  ( -140.6888444094766442, 32.66249049354875922, 46.05198597580378106 ) ) ;
#6166 = DIRECTION ( 'NONE',  ( -1.000000000000000000, 0.000000000000000000, -0.000000000000000000 ) ) ;
#6167 = CARTESIAN_POINT ( 'NONE',  ( -70.25000000000000000, 11.00000000000000000, 8.519273662546156700 ) ) ;
#6168 = FACE_OUTER_BOUND ( 'NONE', #84, .T. ) ;
#6169 = ORIENTED_EDGE ( 'NONE', *, *, #2465, .T. ) ;
#6170 = ORIENTED_EDGE ( 'NONE', *, *, #541, .T. ) ;
#6171 = ORIENTED_EDGE ( 'NONE', *, *, #1016, .T. ) ;
#6172 = DIRECTION ( 'NONE',  ( 1.000000000000000000, 0.000000000000000000, 0.000000000000000000 ) ) ;
#6173 = LINE ( 'NONE', #264, #5920 ) ;
#6174 = CARTESIAN_POINT ( 'NONE',  ( -96.98736129784167304, 33.52273235543537311, 42.38288556902557502 ) ) ;
#6175 = ORIENTED_EDGE ( 'NONE', *, *, #4004, .T. ) ;
#6176 = CARTESIAN_POINT ( 'NONE',  ( -69.35535174968433125, 11.00000000000000000, 1.071455189999986901 ) ) ;
#6177 = ORIENTED_EDGE ( 'NONE', *, *, #2466, .F. ) ;
#6178 = CARTESIAN_POINT ( 'NONE',  ( -114.0000000000000000, 23.98696133190903268, 11.55743086856768720 ) ) ;
#6179 = ADVANCED_FACE ( 'NONE', ( #3053 ), #3436, .F. ) ;
#6180 = EDGE_CURVE ( 'NONE', #1598, #95, #2892, .T. ) ;
#6181 = FACE_OUTER_BOUND ( 'NONE', #1749, .T. ) ;
#6182 = ORIENTED_EDGE ( 'NONE', *, *, #896, .F. ) ;
#6183 = EDGE_CURVE ( 'NONE', #1816, #6298, #3468, .T. ) ;
#6184 = CARTESIAN_POINT ( 'NONE',  ( -132.9056362101498507, 3.299999999999999822, -34.74811518587787873 ) ) ;
#6185 = CARTESIAN_POINT ( 'NONE',  ( -100.9000000000000625, 41.27750000000251163, -61.46854480999999737 ) ) ;
#6186 = LINE ( 'NONE', #5640, #2993 ) ;
#6187 = VECTOR ( 'NONE', #3815, 1000.000000000000000 ) ;
#6188 = ORIENTED_EDGE ( 'NONE', *, *, #4761, .T. ) ;
#6189 = VERTEX_POINT ( 'NONE', #568 ) ;
#6190 = CIRCLE ( 'NONE', #1843, 6.526372016504591755 ) ;
#6191 = DIRECTION ( 'NONE',  ( -1.000000000000000000, 0.000000000000000000, -1.285575526430241596E-15 ) ) ;
#6192 = CARTESIAN_POINT ( 'NONE',  ( -158.9899999999999523, 36.51499999999999346, -40.86854481000000305 ) ) ;
#6193 = DIRECTION ( 'NONE',  ( -1.000000000000000000, -0.000000000000000000, -0.000000000000000000 ) ) ;
#6194 = VECTOR ( 'NONE', #6365, 1000.000000000000000 ) ;
#6195 = ORIENTED_EDGE ( 'NONE', *, *, #5283, .F. ) ;
#6196 = DIRECTION ( 'NONE',  ( 0.000000000000000000, 0.000000000000000000, -1.000000000000000000 ) ) ;
#6197 = DIRECTION ( 'NONE',  ( -1.000000000000000000, 0.000000000000000000, 0.000000000000000000 ) ) ;
#6198 = CARTESIAN_POINT ( 'NONE',  ( -155.3986279834954587, 41.59500000000250708, -54.16854481000000021 ) ) ;
#6199 = CARTESIAN_POINT ( 'NONE',  ( -101.4101248436412419, 32.72454388203857434, 45.65089770327288932 ) ) ;
#6200 = DIRECTION ( 'NONE',  ( 0.000000000000000000, 0.000000000000000000, 1.000000000000000000 ) ) ;
#6201 = EDGE_CURVE ( 'NONE', #5131, #2501, #2992, .T. ) ;
#6202 = EDGE_LOOP ( 'NONE', ( #2554, #4978, #2617, #1979, #704 ) ) ;
#6203 = ORIENTED_EDGE ( 'NONE', *, *, #5318, .T. ) ;
#6204 = EDGE_LOOP ( 'NONE', ( #15, #315, #3010, #1815 ) ) ;
#6205 = DIRECTION ( 'NONE',  ( 0.000000000000000000, 1.000000000000000000, 0.000000000000000000 ) ) ;
#6206 = CARTESIAN_POINT ( 'NONE',  ( -128.2199999999999989, 6.352500000002560654, -29.60604481000279975 ) ) ;
#6207 = CYLINDRICAL_SURFACE ( 'NONE', #3351, 4.912500000000000533 ) ;
#6208 = EDGE_CURVE ( 'NONE', #1775, #914, #6190, .T. ) ;
#6209 = EDGE_CURVE ( 'NONE', #4650, #3775, #2499, .T. ) ;
#6210 = ORIENTED_EDGE ( 'NONE', *, *, #416, .T. ) ;
#6211 = CARTESIAN_POINT ( 'NONE',  ( -94.60782474442646617, 23.90422363157352947, 32.31389457485497729 ) ) ;
#6212 = VERTEX_POINT ( 'NONE', #2564 ) ;
#6213 = CARTESIAN_POINT ( 'NONE',  ( -159.9899999999999807, 11.00000000000000000, 1.071455189999986901 ) ) ;
#6214 = LINE ( 'NONE', #3761, #3846 ) ;
#6215 = ORIENTED_EDGE ( 'NONE', *, *, #1948, .T. ) ;
#6216 = CYLINDRICAL_SURFACE ( 'NONE', #216, 6.526372016504577545 ) ;
#6217 = DIRECTION ( 'NONE',  ( 6.427877632151207979E-16, 3.623650399333143762E-18, -1.000000000000000000 ) ) ;
#6218 = PRODUCT_RELATED_PRODUCT_CATEGORY ( 'part', '', ( #6295 ) ) ;
#6219 = AXIS2_PLACEMENT_3D ( 'NONE', #5075, #2650, #1668 ) ;
#6220 = EDGE_CURVE ( 'NONE', #764, #1509, #1426, .T. ) ;
#6221 = ADVANCED_FACE ( 'NONE', ( #4702 ), #280, .F. ) ;
#6222 = ORIENTED_EDGE ( 'NONE', *, *, #349, .T. ) ;
#6223 = ORIENTED_EDGE ( 'NONE', *, *, #1919, .F. ) ;
#6224 = CIRCLE ( 'NONE', #3431, 39.99999999999999289 ) ;
#6225 = DIRECTION ( 'NONE',  ( 0.000000000000000000, 3.589415400285384531E-15, -1.000000000000000000 ) ) ;
#6226 = CARTESIAN_POINT ( 'NONE',  ( -100.9000000000000625, 49.76698729810777166, 0.000000000000000000 ) ) ;
#6227 = DIRECTION ( 'NONE',  ( 0.000000000000000000, 0.000000000000000000, 1.000000000000000000 ) ) ;
#6228 = EDGE_CURVE ( 'NONE', #5851, #5801, #2471, .T. ) ;
#6229 = EDGE_CURVE ( 'NONE', #3604, #5541, #5114, .T. ) ;
#6230 = EDGE_CURVE ( 'NONE', #5541, #574, #2592, .T. ) ;
#6231 = VECTOR ( 'NONE', #2075, 999.9999999999998863 ) ;
#6232 = ORIENTED_EDGE ( 'NONE', *, *, #665, .T. ) ;
#6233 = CARTESIAN_POINT ( 'NONE',  ( -101.5354036210183608, 44.13655773326777876, -56.23104481000000021 ) ) ;
#6234 = CARTESIAN_POINT ( 'NONE',  ( -141.4724105776467695, 32.70221761871116684, 45.79506626093386501 ) ) ;
#6235 = LINE ( 'NONE', #1853, #3961 ) ;
#6236 = CARTESIAN_POINT ( 'NONE',  ( -128.2200000000000273, 47.76698729810777166, -1.648364939988856185E-13 ) ) ;
#6237 = VECTOR ( 'NONE', #5431, 1000.000000000000114 ) ;
#6238 = DIRECTION ( 'NONE',  ( 0.000000000000000000, 0.8660254037844387076, 0.4999999999999997224 ) ) ;
#6239 = EDGE_LOOP ( 'NONE', ( #2720, #4544, #6032, #5009 ) ) ;
#6240 = AXIS2_PLACEMENT_3D ( 'NONE', #2562, #4315, #831 ) ;
#6241 = ORIENTED_EDGE ( 'NONE', *, *, #4036, .F. ) ;
#6242 = ORIENTED_EDGE ( 'NONE', *, *, #1022, .T. ) ;
#6243 = DIRECTION ( 'NONE',  ( 0.000000000000000000, 0.000000000000000000, -1.000000000000000000 ) ) ;
#6244 = DIRECTION ( 'NONE',  ( 0.000000000000000000, 0.000000000000000000, 1.000000000000000000 ) ) ;
#6245 = FACE_OUTER_BOUND ( 'NONE', #2757, .T. ) ;
#6246 = AXIS2_PLACEMENT_3D ( 'NONE', #3419, #5397, #946 ) ;
#6247 = ORIENTED_EDGE ( 'NONE', *, *, #1701, .T. ) ;
#6248 = FACE_OUTER_BOUND ( 'NONE', #3856, .T. ) ;
#6249 = CIRCLE ( 'NONE', #3772, 8.000000000000001776 ) ;
#6250 = ORIENTED_EDGE ( 'NONE', *, *, #3499, .F. ) ;
#6251 = DIRECTION ( 'NONE',  ( 1.000000000000000000, -0.000000000000000000, 0.000000000000000000 ) ) ;
#6252 = EDGE_CURVE ( 'NONE', #3128, #1520, #6061, .T. ) ;
#6253 = CARTESIAN_POINT ( 'NONE',  ( -161.9250000000000398, 41.59500000000250708, -56.23104481000000021 ) ) ;
#6254 = EDGE_LOOP ( 'NONE', ( #6024, #5117, #3649, #5969 ) ) ;
#6255 = CARTESIAN_POINT ( 'NONE',  ( -145.9809532504700087, 33.46594598547996213, 42.49985050228777794 ) ) ;
#6256 = FACE_OUTER_BOUND ( 'NONE', #687, .T. ) ;
#6257 = ORIENTED_EDGE ( 'NONE', *, *, #75, .T. ) ;
#6258 = VERTEX_POINT ( 'NONE', #114 ) ;
#6259 = VECTOR ( 'NONE', #4690, 1000.000000000000000 ) ;
#6260 = DIRECTION ( 'NONE',  ( 1.000000000000000000, -0.000000000000000000, -0.000000000000000000 ) ) ;
#6261 = DIRECTION ( 'NONE',  ( 0.000000000000000000, 0.000000000000000000, 1.000000000000000000 ) ) ;
#6262 = DIRECTION ( 'NONE',  ( 0.000000000000000000, 0.000000000000000000, 1.000000000000000000 ) ) ;
#6263 = AXIS2_PLACEMENT_3D ( 'NONE', #3935, #4939, #1491 ) ;
#6264 = AXIS2_PLACEMENT_3D ( 'NONE', #4570, #6191, #345 ) ;
#6265 = ORIENTED_EDGE ( 'NONE', *, *, #4997, .T. ) ;
#6266 = CARTESIAN_POINT ( 'NONE',  ( -436.5514533695703108, 20.18440237676226445, 23.24456397027082133 ) ) ;
#6267 = DIRECTION ( 'NONE',  ( -1.000000000000000000, -0.000000000000000000, -0.000000000000000000 ) ) ;
#6268 = DIRECTION ( 'NONE',  ( 0.000000000000000000, 0.000000000000000000, -1.000000000000000000 ) ) ;
#6269 = EDGE_CURVE ( 'NONE', #4133, #3590, #2244, .T. ) ;
#6270 = EDGE_CURVE ( 'NONE', #5787, #5839, #6186, .T. ) ;
#6271 = AXIS2_PLACEMENT_3D ( 'NONE', #4663, #1056, #4566 ) ;
#6272 = PLANE ( 'NONE',  #464 ) ;
#6273 = CARTESIAN_POINT ( 'NONE',  ( -83.25000000000000000, 28.53000000000000469, 18.63754595372690304 ) ) ;
#6274 = B_SPLINE_CURVE_WITH_KNOTS ( 'NONE', 3,
 ( #3443, #5422, #2971, #483, #2478, #2998, #510, #2504, #4483, #31, #2014, #5973, #1523, #3509 ),
 .UNSPECIFIED., .F., .F.,
 ( 4, 2, 2, 2, 2, 2, 4 ),
 ( 0.000000000000000000, 0.001511286238031079362, 0.002266929357046611020, 0.003022572476062142677, 0.003778215595077673902, 0.004533858714093205559, 0.006045144952124314845 ),
 .UNSPECIFIED. ) ;
#6275 = VERTEX_POINT ( 'NONE', #5671 ) ;
#6276 = VECTOR ( 'NONE', #5587, 1000.000000000000000 ) ;
#6277 = ORIENTED_EDGE ( 'NONE', *, *, #329, .T. ) ;
#6278 = EDGE_LOOP ( 'NONE', ( #3327, #2520 ) ) ;
#6279 = CARTESIAN_POINT ( 'NONE',  ( -70.25000000000000000, 42.96499999999999631, -37.14463557372691582 ) ) ;
#6280 = PLANE ( 'NONE',  #3556 ) ;
#6281 = AXIS2_PLACEMENT_3D ( 'NONE', #3571, #6065, #6159 ) ;
#6282 = CIRCLE ( 'NONE', #3490, 6.526372016504577545 ) ;
#6283 = CARTESIAN_POINT ( 'NONE',  ( -101.6073603428609999, 35.59498987883607413, 42.56497970566122291 ) ) ;
#6284 = ORIENTED_EDGE ( 'NONE', *, *, #811, .T. ) ;
#6285 = FACE_OUTER_BOUND ( 'NONE', #1405, .T. ) ;
#6286 = PLANE ( 'NONE',  #4362 ) ;
#6287 = ORIENTED_EDGE ( 'NONE', *, *, #1948, .F. ) ;
#6288 = DIRECTION ( 'NONE',  ( 0.000000000000000000, -2.329169920522730154E-16, 1.000000000000000000 ) ) ;
#6289 = CARTESIAN_POINT ( 'NONE',  ( -83.25000000000000000, 36.51499999999998636, -33.42072633745383570 ) ) ;
#6290 = EDGE_CURVE ( 'NONE', #692, #5185, #4635, .T. ) ;
#6291 = ORIENTED_EDGE ( 'NONE', *, *, #1179, .F. ) ;
#6292 = ORIENTED_EDGE ( 'NONE', *, *, #2543, .F. ) ;
#6293 = CARTESIAN_POINT ( 'NONE',  ( -70.25000000000000000, 4.549999999999998934, -2.652454046273100552 ) ) ;
#6294 = LINE ( 'NONE', #773, #1239 ) ;
#6295 = PRODUCT ( 'V4 Fork TPU MIRROR FOR LEFT SIDE', 'V4 Fork TPU MIRROR FOR LEFT SIDE', '', ( #951 ) ) ;
#6296 = CARTESIAN_POINT ( 'NONE',  ( -101.7578737237592605, 46.00390511371343649, -56.23104481000000021 ) ) ;
#6297 = EDGE_CURVE ( 'NONE', #2062, #5473, #2672, .T. ) ;
#6298 = VERTEX_POINT ( 'NONE', #5050 ) ;
#6299 = CIRCLE ( 'NONE', #585, 1.000000000000014655 ) ;
#6300 = FACE_OUTER_BOUND ( 'NONE', #5729, .T. ) ;
#6301 = CARTESIAN_POINT ( 'NONE',  ( -140.7005549205373995, 32.66086352418509620, 46.06208181075162855 ) ) ;
#6302 = DIRECTION ( 'NONE',  ( 0.000000000000000000, 0.000000000000000000, 1.000000000000000000 ) ) ;
#6303 = CARTESIAN_POINT ( 'NONE',  ( -159.9899999999999807, 14.28999999999999737, -48.86854481000000305 ) ) ;
#6304 = DIRECTION ( 'NONE',  ( 1.000000000000000000, -0.000000000000000000, -0.000000000000000000 ) ) ;
#6305 = ORIENTED_EDGE ( 'NONE', *, *, #3413, .T. ) ;
#6306 = ADVANCED_FACE ( 'NONE', ( #5081 ), #6154, .T. ) ;
#6307 = EDGE_CURVE ( 'NONE', #4592, #3048, #728, .T. ) ;
#6308 = LINE ( 'NONE', #2779, #2212 ) ;
#6309 = VECTOR ( 'NONE', #4607, 1000.000000000000000 ) ;
#6310 = ORIENTED_EDGE ( 'NONE', *, *, #4206, .T. ) ;
#6311 = LINE ( 'NONE', #5273, #4503 ) ;
#6312 = CARTESIAN_POINT ( 'NONE',  ( -128.9699999999999989, 14.28999999999999737, -45.78104481000000447 ) ) ;
#6313 = CARTESIAN_POINT ( 'NONE',  ( -147.9710775856719636, 1.383243921690575861E-16, -45.23104481000287791 ) ) ;
#6314 =( NAMED_UNIT ( * ) SI_UNIT ( $, .STERADIAN. ) SOLID_ANGLE_UNIT ( ) );
#6315 = EDGE_CURVE ( 'NONE', #1739, #342, #3616, .T. ) ;
#6316 = EDGE_CURVE ( 'NONE', #2691, #722, #1149, .T. ) ;
#6317 = CARTESIAN_POINT ( 'NONE',  ( -103.1499218022827193, 35.36234416127583557, 43.43322534375935362 ) ) ;
#6318 = VERTEX_POINT ( 'NONE', #3147 ) ;
#6319 = CARTESIAN_POINT ( 'NONE',  ( -128.2199999999999704, -36.03001699971844829, -32.53104481000286086 ) ) ;
#6320 = DIRECTION ( 'NONE',  ( 0.000000000000000000, 0.8660254037844387076, -0.4999999999999997224 ) ) ;
#6321 = CARTESIAN_POINT ( 'NONE',  ( -114.0000000000000000, 11.00000000000000000, 1.071455189999986901 ) ) ;
#6322 = EDGE_LOOP ( 'NONE', ( #155, #785, #3418, #261 ) ) ;
#6323 = ORIENTED_EDGE ( 'NONE', *, *, #2950, .F. ) ;
#6324 = VECTOR ( 'NONE', #4648, 1000.000000000000000 ) ;
#6325 = CARTESIAN_POINT ( 'NONE',  ( -101.3944691809015524, 35.65018665486662996, 42.35898253310126194 ) ) ;
#6326 = VECTOR ( 'NONE', #5777, 1000.000000000000000 ) ;
#6327 = DIRECTION ( 'NONE',  ( 1.000000000000000000, 0.000000000000000000, 0.000000000000000000 ) ) ;
#6328 = VECTOR ( 'NONE', #432, 999.9999999999998863 ) ;
#6329 = ORIENTED_EDGE ( 'NONE', *, *, #2232, .T. ) ;
#6330 = LINE ( 'NONE', #6361, #4496 ) ;
#6331 = CYLINDRICAL_SURFACE ( 'NONE', #6055, 3.000000000000002665 ) ;
#6332 = ADVANCED_FACE ( 'NONE', ( #2658 ), #3729, .F. ) ;
#6333 = CARTESIAN_POINT ( 'NONE',  ( -70.25000000000000000, 52.57418684766347639, 34.99744111674249325 ) ) ;
#6334 = CARTESIAN_POINT ( 'NONE',  ( -148.2900000000000205, 40.64250000000248519, -52.23104480999999311 ) ) ;
#6335 = FACE_OUTER_BOUND ( 'NONE', #2763, .T. ) ;
#6336 = ORIENTED_EDGE ( 'NONE', *, *, #224, .F. ) ;
#6337 = LINE ( 'NONE', #1894, #1901 ) ;
#6338 = ORIENTED_EDGE ( 'NONE', *, *, #2233, .F. ) ;
#6339 = DIRECTION ( 'NONE',  ( 1.000000000000000000, 0.000000000000000000, -5.187305081475804110E-16 ) ) ;
#6340 = DIRECTION ( 'NONE',  ( -1.000000000000000000, 0.000000000000000000, 0.000000000000000000 ) ) ;
#6341 = CARTESIAN_POINT ( 'NONE',  ( -70.25000000000000000, 14.29000000000000448, -48.31636328254617752 ) ) ;
#6342 = ADVANCED_FACE ( 'NONE', ( #5575 ), #2690, .F. ) ;
#6343 = AXIS2_PLACEMENT_3D ( 'NONE', #4537, #2444, #3144 ) ;
#6344 = DIRECTION ( 'NONE',  ( -0.7071067811865504593, -0.000000000000000000, -0.7071067811865445751 ) ) ;
#6345 = ORIENTED_EDGE ( 'NONE', *, *, #3008, .T. ) ;
#6346 = DIRECTION ( 'NONE',  ( 0.000000000000000000, 0.000000000000000000, 1.000000000000000000 ) ) ;
#6347 = CARTESIAN_POINT ( 'NONE',  ( -83.25000000000000000, 11.00000000000000000, 1.071455189999986901 ) ) ;
#6348 = VECTOR ( 'NONE', #5650, 1000.000000000000000 ) ;
#6349 = CARTESIAN_POINT ( 'NONE',  ( -167.9900000000000091, 47.56698729810777593, -43.74306552843802365 ) ) ;
#6350 = EDGE_CURVE ( 'NONE', #4676, #1516, #1091, .T. ) ;
#6351 = ADVANCED_FACE ( 'NONE', ( #3602 ), #809, .F. ) ;
#6352 = VECTOR ( 'NONE', #905, 1000.000000000000000 ) ;
#6353 = EDGE_LOOP ( 'NONE', ( #5246, #1481, #2301, #2994, #2559 ) ) ;
#6354 = ORIENTED_EDGE ( 'NONE', *, *, #1050, .F. ) ;
#6355 = CARTESIAN_POINT ( 'NONE',  ( -147.9710775856719636, 47.56698729810777593, -30.39104481000288160 ) ) ;
#6356 = EDGE_CURVE ( 'NONE', #2349, #5110, #1252, .T. ) ;
#6357 = AXIS2_PLACEMENT_3D ( 'NONE', #6213, #2683, #5735 ) ;
#6358 = DIRECTION ( 'NONE',  ( 0.000000000000000000, 0.000000000000000000, 1.000000000000000000 ) ) ;
#6359 = CIRCLE ( 'NONE', #2532, 4.912500000000000533 ) ;
#6360 = ORIENTED_EDGE ( 'NONE', *, *, #3693, .T. ) ;
#6361 = CARTESIAN_POINT ( 'NONE',  ( -70.25000000000000000, 36.51499999999998636, -33.42072633745382859 ) ) ;
#6362 = CARTESIAN_POINT ( 'NONE',  ( -129.3400193885488818, -36.03001699971844829, -53.49852542145107748 ) ) ;
#6363 = LINE ( 'NONE', #5331, #320 ) ;
#6364 = DIRECTION ( 'NONE',  ( 0.000000000000000000, 0.02759131126461155520, -0.9996192873002697210 ) ) ;
#6365 = DIRECTION ( 'NONE',  ( 0.000000000000000000, 1.190345390864640212E-16, -1.000000000000000000 ) ) ;
#6366 = CIRCLE ( 'NONE', #767, 3.000000000000002665 ) ;
#6367 = EDGE_LOOP ( 'NONE', ( #2960, #3609, #2326, #4752 ) ) ;
#6368 = EDGE_CURVE ( 'NONE', #5787, #5131, #3917, .T. ) ;
#6369 = ORIENTED_EDGE ( 'NONE', *, *, #6012, .T. ) ;
#6370 = CYLINDRICAL_SURFACE ( 'NONE', #5417, 3.000000000000002665 ) ;
#6371 = AXIS2_PLACEMENT_3D ( 'NONE', #211, #2209, #4186 ) ;
#6372 = VERTEX_POINT ( 'NONE', #4248 ) ;
#6373 = DIRECTION ( 'NONE',  ( 0.6947465906068663877, -0.1861567878973881818, 0.6947465906068643893 ) ) ;
#6374 = LINE ( 'NONE', #327, #4785 ) ;
#6375 = CARTESIAN_POINT ( 'NONE',  ( -167.9900000000000091, 52.57418684766347639, 34.99744111674249325 ) ) ;
#6376 = CARTESIAN_POINT ( 'NONE',  ( -128.6466836438567327, 52.56830429459234466, -37.73026587767386530 ) ) ;
#6377 = VECTOR ( 'NONE', #4146, 1000.000000000000000 ) ;
#6378 = EDGE_CURVE ( 'NONE', #193, #3276, #768, .T. ) ;
#6379 = ORIENTED_EDGE ( 'NONE', *, *, #3696, .T. ) ;
#6380 = ORIENTED_EDGE ( 'NONE', *, *, #468, .F. ) ;
#6381 = CARTESIAN_POINT ( 'NONE',  ( -167.9900000000000091, 11.00000000000000000, 1.071455189999986901 ) ) ;
#6382 = DIRECTION ( 'NONE',  ( 0.000000000000000000, 0.000000000000000000, -1.000000000000000000 ) ) ;
#6383 = CIRCLE ( 'NONE', #2868, 3.000000000000002665 ) ;
#6384 = DIRECTION ( 'NONE',  ( 0.000000000000000000, 0.000000000000000000, -1.000000000000000000 ) ) ;
#6385 = ADVANCED_FACE ( 'NONE', ( #2488 ), #5376, .F. ) ;
#6386 = EDGE_CURVE ( 'NONE', #5589, #4470, #5435, .T. ) ;
#6387 = ORIENTED_EDGE ( 'NONE', *, *, #1493, .F. ) ;
#6388 = ORIENTED_EDGE ( 'NONE', *, *, #3938, .T. ) ;
#6389 = DIRECTION ( 'NONE',  ( 0.000000000000000000, 1.000000000000000000, 0.000000000000000000 ) ) ;
#6390 = DIRECTION ( 'NONE',  ( 0.000000000000000000, 0.000000000000000000, 1.000000000000000000 ) ) ;
#6391 = ADVANCED_FACE ( 'NONE', ( #5859 ), #2376, .F. ) ;
#6392 = VERTEX_POINT ( 'NONE', #2886 ) ;
#6393 = LINE ( 'NONE', #5937, #6352 ) ;
#6394 = CARTESIAN_POINT ( 'NONE',  ( -436.5514533695703108, 20.24958831241625035, 12.30105371277316451 ) ) ;
#6395 = FACE_OUTER_BOUND ( 'NONE', #4867, .T. ) ;
#6396 = DIRECTION ( 'NONE',  ( 0.000000000000000000, 0.000000000000000000, 1.000000000000000000 ) ) ;
#6397 = LINE ( 'NONE', #450, #4956 ) ;
#6398 = EDGE_LOOP ( 'NONE', ( #3173, #3092, #999, #680 ) ) ;
#6399 = VERTEX_POINT ( 'NONE', #5219 ) ;
#6400 = LINE ( 'NONE', #705, #3658 ) ;
#6401 = EDGE_LOOP ( 'NONE', ( #6354, #3164, #3226, #1115, #4063, #403, #5082, #1407, #945, #5074, #3741, #1069 ) ) ;
#6402 = LINE ( 'NONE', #4039, #645 ) ;
#6403 = DIRECTION ( 'NONE',  ( -0.3911406403448521862, 0.000000000000000000, 0.9203309184584744784 ) ) ;
#6404 = DIRECTION ( 'NONE',  ( -0.000000000000000000, -0.000000000000000000, 1.000000000000000000 ) ) ;
#6405 = AXIS2_PLACEMENT_3D ( 'NONE', #2439, #5507, #2069 ) ;
#6406 = CARTESIAN_POINT ( 'NONE',  ( -70.25000000000000000, 17.44999999999999929, -2.652454046273097887 ) ) ;
#6407 = DIRECTION ( 'NONE',  ( -1.000000000000000000, -0.000000000000000000, -0.000000000000000000 ) ) ;
#6408 = ORIENTED_EDGE ( 'NONE', *, *, #589, .F. ) ;
#6409 = ORIENTED_EDGE ( 'NONE', *, *, #3924, .F. ) ;
#6410 = CARTESIAN_POINT ( 'NONE',  ( -158.9899999999999523, 36.51499999999999346, -40.86854481000000305 ) ) ;
#6411 = DIRECTION ( 'NONE',  ( 0.000000000000000000, 0.000000000000000000, -1.000000000000000000 ) ) ;
#6412 = FACE_OUTER_BOUND ( 'NONE', #3848, .T. ) ;
#6413 = ADVANCED_FACE ( 'NONE', ( #2761 ), #1900, .T. ) ;
#6414 = ADVANCED_FACE ( 'NONE', ( #3947 ), #2276, .F. ) ;
#6415 = ORIENTED_EDGE ( 'NONE', *, *, #1432, .F. ) ;
#6416 = ORIENTED_EDGE ( 'NONE', *, *, #4510, .F. ) ;
#6417 = CARTESIAN_POINT ( 'NONE',  ( -159.9899999999999807, 14.28999999999999915, -32.86854481000000305 ) ) ;
#6418 = DIRECTION ( 'NONE',  ( -0.000000000000000000, -0.000000000000000000, 1.000000000000000000 ) ) ;
#6419 = ORIENTED_EDGE ( 'NONE', *, *, #1372, .T. ) ;
#6420 = CARTESIAN_POINT ( 'NONE',  ( -70.25000000000000000, 4.549999999999998934, -2.652454046273100552 ) ) ;
#6421 = DIRECTION ( 'NONE',  ( 0.000000000000000000, 0.000000000000000000, 1.000000000000000000 ) ) ;
#6422 = DIRECTION ( 'NONE',  ( 0.000000000000000000, 0.000000000000000000, -1.000000000000000000 ) ) ;
ENDSEC;
END-ISO-10303-21;
