ISO-10303-21;
HEADER;
FILE_DESCRIPTION (( 'STEP AP214' ),
    '1' );
FILE_NAME ('5-17 Fixed Holes.STEP',
    '2026-05-18T06:13:20',
    ( '' ),
    ( '' ),
    'SwSTEP 2.0',
    'SolidWorks 2024',
    '' );
FILE_SCHEMA (( 'AUTOMOTIVE_DESIGN' ));
ENDSEC;

DATA;
#1 = CIRCLE ( 'NONE', #2355, 5.999999999999998224 ) ;
#2 = CARTESIAN_POINT ( 'NONE',  ( -28.98069340623909795, -7.753670723829444000, -12.45249999999997748 ) ) ;
#3 = DIRECTION ( 'NONE',  ( -0.000000000000000000, -0.000000000000000000, 1.000000000000000000 ) ) ;
#4 = ORIENTED_EDGE ( 'NONE', *, *, #1964, .T. ) ;
#5 = AXIS2_PLACEMENT_3D ( 'NONE', #1691, #2663, #2344 ) ;
#6 = ADVANCED_FACE ( 'NONE', ( #2908 ), #4098, .T. ) ;
#7 = EDGE_CURVE ( 'NONE', #4142, #1630, #2882, .T. ) ;
#8 = AXIS2_PLACEMENT_3D ( 'NONE', #3887, #3930, #1035 ) ;
#9 = DIRECTION ( 'NONE',  ( 1.000000000000000000, 0.000000000000000000, 0.000000000000000000 ) ) ;
#10 = CARTESIAN_POINT ( 'NONE',  ( 6.041811431885345307, -29.05406835270427379, -12.70513627312270977 ) ) ;
#11 = CARTESIAN_POINT ( 'NONE',  ( -30.69852562299423582, 16.25000000000000711, -6.249999999999994671 ) ) ;
#12 = ORIENTED_EDGE ( 'NONE', *, *, #3217, .T. ) ;
#13 = ORIENTED_EDGE ( 'NONE', *, *, #2947, .F. ) ;
#14 = CARTESIAN_POINT ( 'NONE',  ( 22.28504596091570633, 17.53501430053232113, -20.95249999999998991 ) ) ;
#15 = VECTOR ( 'NONE', #921, 1000.000000000000114 ) ;
#16 = ADVANCED_FACE ( 'NONE', ( #4165 ), #3461, .T. ) ;
#17 = DIRECTION ( 'NONE',  ( 1.000000000000000000, 0.000000000000000000, 0.000000000000000000 ) ) ;
#18 = ORIENTED_EDGE ( 'NONE', *, *, #1603, .F. ) ;
#19 = LINE ( 'NONE', #1875, #2242 ) ;
#20 = AXIS2_PLACEMENT_3D ( 'NONE', #55, #2671, #391 ) ;
#21 = ORIENTED_EDGE ( 'NONE', *, *, #2872, .T. ) ;
#22 = DIRECTION ( 'NONE',  ( -0.000000000000000000, -0.000000000000000000, 1.000000000000000000 ) ) ;
#23 = DIRECTION ( 'NONE',  ( -0.000000000000000000, -0.000000000000000000, -1.000000000000000000 ) ) ;
#24 = B_SPLINE_CURVE_WITH_KNOTS ( 'NONE', 3,
 ( #2714, #1394, #3067, #3042, #3950, #3908, #248, #796, #3959, #1257, #234, #946, #1251, #1505, #3040, #2725, #556, #177, #4012, #1837, #3445, #465, #1468, #533, #194, #2780 ),
 .UNSPECIFIED., .F., .F.,
 ( 4, 2, 2, 2, 2, 2, 2, 2, 2, 2, 2, 2, 4 ),
 ( 0.002276879723715445093, 0.002859267328267099673, 0.003441654932818753818, 0.004606430141922071217, 0.005188817746473729266, 0.005771205351025386447, 0.006935980560128706882, 0.007518368164680361461, 0.008100755769232017775, 0.009265530978335321730, 0.009847918582886975442, 0.01043030618743863089, 0.01159508139654193831 ),
 .UNSPECIFIED. ) ;
#25 = CIRCLE ( 'NONE', #2718, 17.99999999999997513 ) ;
#26 = AXIS2_PLACEMENT_3D ( 'NONE', #546, #2796, #1193 ) ;
#27 = CARTESIAN_POINT ( 'NONE',  ( -2.924422898563109996, 27.24904293511954023, -14.47149204877384143 ) ) ;
#28 = DIRECTION ( 'NONE',  ( 0.000000000000000000, 0.000000000000000000, 1.000000000000000000 ) ) ;
#29 = CIRCLE ( 'NONE', #2112, 8.000000000000000000 ) ;
#30 = DIRECTION ( 'NONE',  ( -0.000000000000000000, -0.000000000000000000, 1.000000000000000000 ) ) ;
#31 = CARTESIAN_POINT ( 'NONE',  ( -32.17337224468786161, 11.80265604994572648, -6.249999999999992006 ) ) ;
#32 = ORIENTED_EDGE ( 'NONE', *, *, #2838, .T. ) ;
#33 = ADVANCED_FACE ( 'NONE', ( #3792 ), #1873, .F. ) ;
#34 = EDGE_CURVE ( 'NONE', #1723, #1210, #2274, .T. ) ;
#35 = ORIENTED_EDGE ( 'NONE', *, *, #3310, .T. ) ;
#36 = DIRECTION ( 'NONE',  ( 0.000000000000000000, 0.000000000000000000, -1.000000000000000000 ) ) ;
#37 = CARTESIAN_POINT ( 'NONE',  ( -21.20522252253546824, 21.22118134717656801, -6.249999999999993783 ) ) ;
#38 = DIRECTION ( 'NONE',  ( 1.000000000000000000, 0.000000000000000000, 0.000000000000000000 ) ) ;
#39 = EDGE_CURVE ( 'NONE', #3296, #780, #2080, .T. ) ;
#40 = ORIENTED_EDGE ( 'NONE', *, *, #322, .T. ) ;
#41 = CARTESIAN_POINT ( 'NONE',  ( 1.469287128875949699, 23.35183689042892752, -17.58746535710914216 ) ) ;
#42 = LINE ( 'NONE', #1985, #1954 ) ;
#43 = DIRECTION ( 'NONE',  ( 0.000000000000000000, 0.000000000000000000, -1.000000000000000000 ) ) ;
#44 = DIRECTION ( 'NONE',  ( -0.000000000000000000, -0.000000000000000000, 1.000000000000000000 ) ) ;
#45 = CARTESIAN_POINT ( 'NONE',  ( -25.78464170832899072, -10.72626766834690315, -14.06575529559464144 ) ) ;
#46 = CYLINDRICAL_SURFACE ( 'NONE', #3450, 4.000000000000000000 ) ;
#47 = CARTESIAN_POINT ( 'NONE',  ( -5.388813505562620954, -28.89158800968447594, -12.92824923591618536 ) ) ;
#48 = CARTESIAN_POINT ( 'NONE',  ( 5.551291480410669443, -28.93490957665019181, -12.87076489622952025 ) ) ;
#49 = ORIENTED_EDGE ( 'NONE', *, *, #1113, .F. ) ;
#50 = VERTEX_POINT ( 'NONE', #1551 ) ;
#51 = DIRECTION ( 'NONE',  ( -0.000000000000000000, -0.000000000000000000, 1.000000000000000000 ) ) ;
#52 = LINE ( 'NONE', #387, #751 ) ;
#53 = DIRECTION ( 'NONE',  ( 1.000000000000000000, 0.000000000000000000, 0.000000000000000000 ) ) ;
#54 = VERTEX_POINT ( 'NONE', #2525 ) ;
#55 = CARTESIAN_POINT ( 'NONE',  ( -1.192622389734054720E-14, -32.50000000000000000, -6.249999999999994671 ) ) ;
#56 = EDGE_CURVE ( 'NONE', #2602, #3895, #3760, .T. ) ;
#57 = ADVANCED_FACE ( 'NONE', ( #610 ), #302, .F. ) ;
#58 = CARTESIAN_POINT ( 'NONE',  ( 26.32829082044214175, -10.53190877639100265, -13.73065561476729890 ) ) ;
#59 = CARTESIAN_POINT ( 'NONE',  ( 0.000000000000000000, -23.00000000000000000, -20.95249999999998991 ) ) ;
#60 = CARTESIAN_POINT ( 'NONE',  ( -18.83507899055581092, -23.35037043431053050, 0.000000000000000000 ) ) ;
#61 = AXIS2_PLACEMENT_3D ( 'NONE', #2108, #2723, #2089 ) ;
#62 = CARTESIAN_POINT ( 'NONE',  ( -1.058248269109886674, 21.93261236630764088, -18.70735316862677777 ) ) ;
#63 = VECTOR ( 'NONE', #2791, 1000.000000000000000 ) ;
#64 = ORIENTED_EDGE ( 'NONE', *, *, #1789, .F. ) ;
#65 = CARTESIAN_POINT ( 'NONE',  ( 37.54343440694599821, -5.872864116540006840, 0.000000000000000000 ) ) ;
#66 = CARTESIAN_POINT ( 'NONE',  ( 22.28504596091627477, -17.53501430053164256, -13.73065561476729712 ) ) ;
#67 = AXIS2_PLACEMENT_3D ( 'NONE', #2398, #2416, #1701 ) ;
#68 = CARTESIAN_POINT ( 'NONE',  ( -23.85776672137069454, 29.57713588346000222, -6.249999999999993783 ) ) ;
#69 =( GEOMETRIC_REPRESENTATION_CONTEXT ( 3 ) GLOBAL_UNCERTAINTY_ASSIGNED_CONTEXT ( ( #2616 ) ) GLOBAL_UNIT_ASSIGNED_CONTEXT ( ( #2859, #2832, #625 ) ) REPRESENTATION_CONTEXT ( 'NONE', 'WORKASPACE' ) );
#70 = DIRECTION ( 'NONE',  ( -0.000000000000000000, -0.000000000000000000, -1.000000000000000000 ) ) ;
#71 = ORIENTED_EDGE ( 'NONE', *, *, #447, .F. ) ;
#72 = EDGE_LOOP ( 'NONE', ( #573, #3548, #2601, #2860, #349, #1617, #3229, #1876, #2728, #2068, #3407, #3892, #2027, #2204, #4060, #1103, #2787, #604, #32, #1828, #2409, #3302, #3359, #786, #485, #2567, #4021, #4005, #955 ) ) ;
#73 = DIRECTION ( 'NONE',  ( 1.000000000000000000, 0.000000000000000000, 0.000000000000000000 ) ) ;
#74 = DIRECTION ( 'NONE',  ( -0.000000000000000000, -0.000000000000000000, -1.000000000000000000 ) ) ;
#75 = AXIS2_PLACEMENT_3D ( 'NONE', #3219, #658, #1945 ) ;
#76 = ORIENTED_EDGE ( 'NONE', *, *, #246, .T. ) ;
#77 = CARTESIAN_POINT ( 'NONE',  ( 10.80447448861208137, -27.98684210526316463, 0.000000000000000000 ) ) ;
#78 = DIRECTION ( 'NONE',  ( -0.000000000000000000, -0.000000000000000000, -1.000000000000000000 ) ) ;
#79 = CARTESIAN_POINT ( 'NONE',  ( 4.043244859525933599, 28.06692307692307864, -20.95249999999998991 ) ) ;
#80 = ORIENTED_EDGE ( 'NONE', *, *, #3496, .T. ) ;
#81 = EDGE_CURVE ( 'NONE', #3031, #1399, #4161, .T. ) ;
#82 = CARTESIAN_POINT ( 'NONE',  ( 34.50000000000000711, 4.714890176717310304E-15, 19.45250000000001123 ) ) ;
#83 = EDGE_CURVE ( 'NONE', #1435, #2833, #3503, .T. ) ;
#84 = AXIS2_PLACEMENT_3D ( 'NONE', #2172, #881, #2760 ) ;
#85 = CARTESIAN_POINT ( 'NONE',  ( 1.248828414728501368, 22.14731106070260935, -18.53303482305396344 ) ) ;
#86 = ORIENTED_EDGE ( 'NONE', *, *, #3286, .F. ) ;
#87 = AXIS2_PLACEMENT_3D ( 'NONE', #1720, #1087, #3514 ) ;
#88 = DIRECTION ( 'NONE',  ( -1.000000000000000000, 0.000000000000000000, 0.000000000000000000 ) ) ;
#89 = CARTESIAN_POINT ( 'NONE',  ( 25.11660095207378518, 6.719847960652559848, -20.95249999999998991 ) ) ;
#90 = ADVANCED_FACE ( 'NONE', ( #982, #2333 ), #2014, .T. ) ;
#91 = CIRCLE ( 'NONE', #1635, 30.00000000000000355 ) ;
#92 = CYLINDRICAL_SURFACE ( 'NONE', #3594, 8.000000000000000000 ) ;
#93 = CARTESIAN_POINT ( 'NONE',  ( -21.20522252253533679, -21.22118134717670301, -6.249999999999993783 ) ) ;
#94 = CARTESIAN_POINT ( 'NONE',  ( -17.99999999999997513, 0.000000000000000000, -16.95249999999998636 ) ) ;
#95 = DIRECTION ( 'NONE',  ( -0.000000000000000000, -0.000000000000000000, 1.000000000000000000 ) ) ;
#96 = ORIENTED_EDGE ( 'NONE', *, *, #1160, .T. ) ;
#97 = DIRECTION ( 'NONE',  ( 1.000000000000000000, 0.000000000000000000, 0.000000000000000000 ) ) ;
#98 = DIRECTION ( 'NONE',  ( 1.000000000000000000, 0.000000000000000000, 0.000000000000000000 ) ) ;
#99 = ORIENTED_EDGE ( 'NONE', *, *, #326, .F. ) ;
#100 = CARTESIAN_POINT ( 'NONE',  ( 0.8256947746902236762, 24.27044149291155861, -16.89851983114226286 ) ) ;
#101 = CARTESIAN_POINT ( 'NONE',  ( 0.000000000000000000, 0.000000000000000000, -10.07749999999998458 ) ) ;
#102 = CARTESIAN_POINT ( 'NONE',  ( -1.192622389734054877E-14, -32.50000000000000711, 13.59381690219166394 ) ) ;
#103 = VERTEX_POINT ( 'NONE', #2946 ) ;
#104 = DIRECTION ( 'NONE',  ( 1.000000000000000000, 0.000000000000000000, 0.000000000000000000 ) ) ;
#105 = ORIENTED_EDGE ( 'NONE', *, *, #3135, .T. ) ;
#106 = EDGE_CURVE ( 'NONE', #3073, #455, #4168, .T. ) ;
#107 = LINE ( 'NONE', #3638, #2821 ) ;
#108 = CARTESIAN_POINT ( 'NONE',  ( 1.500000000000000444, 23.00000000000000000, -17.85894133304158871 ) ) ;
#109 = EDGE_CURVE ( 'NONE', #1901, #279, #1344, .T. ) ;
#110 = FACE_OUTER_BOUND ( 'NONE', #1120, .T. ) ;
#111 = EDGE_CURVE ( 'NONE', #54, #1167, #3436, .T. ) ;
#112 = FACE_BOUND ( 'NONE', #2834, .T. ) ;
#113 = FACE_OUTER_BOUND ( 'NONE', #127, .T. ) ;
#114 = DIRECTION ( 'NONE',  ( 0.7071067811865474617, 8.659560562354932858E-17, -0.7071067811865474617 ) ) ;
#115 = EDGE_LOOP ( 'NONE', ( #508, #3568, #642, #2472, #2058, #3462, #2024, #1959 ) ) ;
#116 = VERTEX_POINT ( 'NONE', #3455 ) ;
#117 = CARTESIAN_POINT ( 'NONE',  ( 0.000000000000000000, 23.00000000000000000, -10.07749999999998458 ) ) ;
#118 = EDGE_LOOP ( 'NONE', ( #3643, #2479 ) ) ;
#119 = DIRECTION ( 'NONE',  ( -1.000000000000000000, 0.000000000000000000, 0.000000000000000000 ) ) ;
#120 = DIRECTION ( 'NONE',  ( -0.000000000000000000, -0.000000000000000000, -1.000000000000000000 ) ) ;
#121 = CARTESIAN_POINT ( 'NONE',  ( 28.88814571031941725, -8.099583839879047176, -12.45249999999998103 ) ) ;
#122 = CARTESIAN_POINT ( 'NONE',  ( -28.14582562299425561, -16.25000000000001066, -23.22056274847715684 ) ) ;
#123 = VERTEX_POINT ( 'NONE', #1238 ) ;
#124 = DIRECTION ( 'NONE',  ( -0.000000000000000000, -0.000000000000000000, 1.000000000000000000 ) ) ;
#125 = CARTESIAN_POINT ( 'NONE',  ( -30.00000000000000355, 3.673940397442059178E-15, -12.45249999999997748 ) ) ;
#126 = B_SPLINE_CURVE_WITH_KNOTS ( 'NONE', 3,
 ( #2729, #1782, #4031, #3005, #3673, #2393, #1472, #181, #456, #769, #1121, #2452, #4016, #3418, #2746, #1145, #1490, #829, #2060, #3024, #139, #3727, #847, #1431, #200, #2707, #3997, #520, #1105, #3691 ),
 .UNSPECIFIED., .F., .F.,
 ( 4, 2, 2, 2, 2, 2, 2, 2, 2, 2, 2, 2, 2, 2, 4 ),
 ( 0.007526411126713043916, 0.007857755587819155452, 0.008189100048925267855, 0.008520444510031380259, 0.008851788971137492662, 0.009183133432243605065, 0.009514477893349717469, 0.01017716681556195615, 0.01083985573777419484, 0.01117120019888031245, 0.01150254465998643005, 0.01183388912109254940, 0.01216523358219866700, 0.01249657804330478635, 0.01282792250441090395 ),
 .UNSPECIFIED. ) ;
#127 = EDGE_LOOP ( 'NONE', ( #1455, #2265, #1598, #1512 ) ) ;
#128 = DIRECTION ( 'NONE',  ( -0.000000000000000000, -0.000000000000000000, -1.000000000000000000 ) ) ;
#129 = AXIS2_PLACEMENT_3D ( 'NONE', #4137, #2129, #2150 ) ;
#130 = CYLINDRICAL_SURFACE ( 'NONE', #1152, 4.000000000000000000 ) ;
#131 = CIRCLE ( 'NONE', #3904, 19.40000000000001279 ) ;
#132 = DIRECTION ( 'NONE',  ( 0.000000000000000000, 0.000000000000000000, -1.000000000000000000 ) ) ;
#133 = CIRCLE ( 'NONE', #3709, 17.50000000000000000 ) ;
#134 = DIRECTION ( 'NONE',  ( -0.000000000000000000, -0.000000000000000000, -1.000000000000000000 ) ) ;
#135 = VERTEX_POINT ( 'NONE', #292 ) ;
#136 = VERTEX_POINT ( 'NONE', #2536 ) ;
#137 = CONICAL_SURFACE ( 'NONE', #1005, 2.552699999999994418, 1.029744258676652535 ) ;
#138 = EDGE_CURVE ( 'NONE', #1040, #288, #3116, .T. ) ;
#139 = CARTESIAN_POINT ( 'NONE',  ( -23.92086339844953713, -1.188056102894902377, -17.15785930138952509 ) ) ;
#140 = EDGE_CURVE ( 'NONE', #1144, #4088, #470, .T. ) ;
#141 = AXIS2_PLACEMENT_3D ( 'NONE', #3406, #3784, #1530 ) ;
#142 = EDGE_LOOP ( 'NONE', ( #13, #773, #567, #1473 ) ) ;
#143 = CARTESIAN_POINT ( 'NONE',  ( 21.74153067887916180, 0.8223294881864314787, -18.86376924817964706 ) ) ;
#144 = AXIS2_PLACEMENT_3D ( 'NONE', #4087, #4157, #1203 ) ;
#145 = CARTESIAN_POINT ( 'NONE',  ( 6.738741432543389642, -25.11153846153841940, -6.249999999999993783 ) ) ;
#146 = ORIENTED_EDGE ( 'NONE', *, *, #2584, .F. ) ;
#147 = AXIS2_PLACEMENT_3D ( 'NONE', #1013, #1336, #2006 ) ;
#148 = CARTESIAN_POINT ( 'NONE',  ( 26.30808609372702023, -21.96162966433999486, -23.22056274847715684 ) ) ;
#149 = EDGE_LOOP ( 'NONE', ( #1869, #305, #1922, #3292 ) ) ;
#150 = CARTESIAN_POINT ( 'NONE',  ( -21.20522252253546824, 21.22118134717656801, -12.45249999999997748 ) ) ;
#151 = VERTEX_POINT ( 'NONE', #1910 ) ;
#152 = DIRECTION ( 'NONE',  ( -0.000000000000000000, -0.000000000000000000, 1.000000000000000000 ) ) ;
#153 = CARTESIAN_POINT ( 'NONE',  ( 0.9850244701028986194, -24.13575058682385688, -16.99806616268168824 ) ) ;
#154 = CARTESIAN_POINT ( 'NONE',  ( 23.85776672137069454, 29.57713588345999867, -6.249999999999993783 ) ) ;
#155 = VECTOR ( 'NONE', #2200, 1000.000000000000000 ) ;
#156 = VECTOR ( 'NONE', #1684, 1000.000000000000000 ) ;
#157 = LINE ( 'NONE', #2761, #1671 ) ;
#158 = CARTESIAN_POINT ( 'NONE',  ( -6.738741432543214671, 25.11153846153846203, -20.95249999999998991 ) ) ;
#159 = ORIENTED_EDGE ( 'NONE', *, *, #1759, .F. ) ;
#160 = AXIS2_PLACEMENT_3D ( 'NONE', #4089, #4140, #2856 ) ;
#161 = ORIENTED_EDGE ( 'NONE', *, *, #2331, .T. ) ;
#162 = DIRECTION ( 'NONE',  ( -1.000000000000000000, 0.000000000000000000, 0.000000000000000000 ) ) ;
#163 = AXIS2_PLACEMENT_3D ( 'NONE', #3233, #23, #3154 ) ;
#164 = AXIS2_PLACEMENT_3D ( 'NONE', #2912, #2868, #4150 ) ;
#165 = EDGE_CURVE ( 'NONE', #173, #2960, #2487, .T. ) ;
#166 = ORIENTED_EDGE ( 'NONE', *, *, #2346, .T. ) ;
#167 = CARTESIAN_POINT ( 'NONE',  ( 24.31138045018899163, 0.7361287743648443627, -16.86847133522507747 ) ) ;
#168 = CARTESIAN_POINT ( 'NONE',  ( 24.50000000000000711, -0.1112406542131880310, -16.73027777777776137 ) ) ;
#169 = CARTESIAN_POINT ( 'NONE',  ( -7.589415207398531038E-16, 0.000000000000000000, -6.249999999999993783 ) ) ;
#170 = EDGE_LOOP ( 'NONE', ( #1597, #2415, #831, #244 ) ) ;
#171 = EDGE_CURVE ( 'NONE', #2473, #3837, #1867, .T. ) ;
#172 = CYLINDRICAL_SURFACE ( 'NONE', #3306, 5.999999999999998224 ) ;
#173 = VERTEX_POINT ( 'NONE', #3831 ) ;
#174 = CARTESIAN_POINT ( 'NONE',  ( 21.93466935541006890, -20.23013866302655828, -12.57781190286296535 ) ) ;
#175 = CARTESIAN_POINT ( 'NONE',  ( -25.11660095207393795, 6.719847960652010066, -6.249999999999993783 ) ) ;
#176 = CARTESIAN_POINT ( 'NONE',  ( 22.14384908099034632, -16.33450028439489188, -14.38425759198051779 ) ) ;
#177 = CARTESIAN_POINT ( 'NONE',  ( 23.88900694746680742, 12.00368264970656362, -14.99384060917682859 ) ) ;
#178 = DIRECTION ( 'NONE',  ( 0.000000000000000000, 0.000000000000000000, -1.000000000000000000 ) ) ;
#179 = CARTESIAN_POINT ( 'NONE',  ( -7.775470883703708758, 28.97485207100591964, -6.249999999999993783 ) ) ;
#180 = VERTEX_POINT ( 'NONE', #932 ) ;
#181 = CARTESIAN_POINT ( 'NONE',  ( -21.86284791297527619, -0.9833365139777880959, -18.76431177934636096 ) ) ;
#182 = B_SPLINE_CURVE_WITH_KNOTS ( 'NONE', 3,
 ( #2465, #1881, #1486, #597, #3804, #3109, #1508, #1162, #2447, #2193, #4066, #3473, #1523, #2128, #3428, #4136, #1258, #4085, #3755, #2149, #3448 ),
 .UNSPECIFIED., .F., .F.,
 ( 4, 2, 2, 2, 2, 2, 1, 2, 2, 2, 4 ),
 ( 0.002276879723715412134, 0.003260356624831808534, 0.004243833525948204066, 0.005227310427064600466, 0.006210787328180996866, 0.006702525778739192031, 0.007194264229297388062, 0.007686002679855583226, 0.008177741130413779258, 0.009161218031530169587, 0.01014469493264656338 ),
 .UNSPECIFIED. ) ;
#183 = EDGE_LOOP ( 'NONE', ( #2066, #659, #1476, #3434 ) ) ;
#184 = CARTESIAN_POINT ( 'NONE',  ( -2.598867966010778741, -27.08902981949738376, -14.62017571105132774 ) ) ;
#185 = DIRECTION ( 'NONE',  ( -0.000000000000000000, -0.000000000000000000, 1.000000000000000000 ) ) ;
#186 = VERTEX_POINT ( 'NONE', #2877 ) ;
#187 = EDGE_LOOP ( 'NONE', ( #2107, #199, #708 ) ) ;
#188 = DIRECTION ( 'NONE',  ( -0.000000000000000000, -0.000000000000000000, 1.000000000000000000 ) ) ;
#189 = EDGE_CURVE ( 'NONE', #587, #3080, #3498, .T. ) ;
#190 = EDGE_CURVE ( 'NONE', #331, #2665, #3160, .T. ) ;
#191 = ORIENTED_EDGE ( 'NONE', *, *, #2685, .T. ) ;
#192 = FACE_OUTER_BOUND ( 'NONE', #2861, .T. ) ;
#193 = CARTESIAN_POINT ( 'NONE',  ( -17.50000000000000000, 2.143131898507868248E-15, -16.45250000000001123 ) ) ;
#194 = CARTESIAN_POINT ( 'NONE',  ( 26.00558660759275043, 10.63448254005641047, -13.93406334752093301 ) ) ;
#195 = CARTESIAN_POINT ( 'NONE',  ( -2.552700000000001079, -32.50000000000000000, -6.249999999999994671 ) ) ;
#196 = AXIS2_PLACEMENT_3D ( 'NONE', #3703, #804, #3086 ) ;
#197 = CARTESIAN_POINT ( 'NONE',  ( -26.32829082044207780, 10.53190877639118561, -6.249999999999993783 ) ) ;
#198 = CARTESIAN_POINT ( 'NONE',  ( 3.984302198030716898E-15, 32.50000000000000000, -6.249999999999993783 ) ) ;
#199 = ORIENTED_EDGE ( 'NONE', *, *, #4072, .T. ) ;
#200 = CARTESIAN_POINT ( 'NONE',  ( -24.31253516207889476, -0.7338372087928400900, -16.86762302863668594 ) ) ;
#201 = VECTOR ( 'NONE', #2755, 1000.000000000000000 ) ;
#202 = AXIS2_PLACEMENT_3D ( 'NONE', #3558, #706, #2579 ) ;
#203 = ORIENTED_EDGE ( 'NONE', *, *, #1527, .T. ) ;
#204 = ORIENTED_EDGE ( 'NONE', *, *, #1841, .T. ) ;
#205 = CARTESIAN_POINT ( 'NONE',  ( 22.81093962906583172, 1.498478697329721498, -18.00575330094407533 ) ) ;
#206 = CYLINDRICAL_SURFACE ( 'NONE', #3791, 6.000000000000000000 ) ;
#207 = AXIS2_PLACEMENT_3D ( 'NONE', #3658, #753, #3985 ) ;
#208 = CARTESIAN_POINT ( 'NONE',  ( -1.500000000000000666, -22.82372434683844276, -17.99575397439628688 ) ) ;
#209 = AXIS2_PLACEMENT_3D ( 'NONE', #3583, #682, #1666 ) ;
#210 = VERTEX_POINT ( 'NONE', #2201 ) ;
#211 = CONICAL_SURFACE ( 'NONE', #2231, 2.552699999999994418, 1.029744258676652535 ) ;
#212 = ORIENTED_EDGE ( 'NONE', *, *, #2609, .F. ) ;
#213 = LINE ( 'NONE', #2125, #1284 ) ;
#214 = ADVANCED_FACE ( 'NONE', ( #4073 ), #2470, .T. ) ;
#215 = ADVANCED_FACE ( 'NONE', ( #264 ), #1570, .F. ) ;
#216 = CARTESIAN_POINT ( 'NONE',  ( 30.00000000000000355, 0.000000000000000000, -12.45249999999997748 ) ) ;
#217 = CARTESIAN_POINT ( 'NONE',  ( 0.000000000000000000, 0.000000000000000000, 0.000000000000000000 ) ) ;
#218 = DIRECTION ( 'NONE',  ( -0.000000000000000000, -0.000000000000000000, 1.000000000000000000 ) ) ;
#219 = VECTOR ( 'NONE', #1563, 1000.000000000000000 ) ;
#220 = CARTESIAN_POINT ( 'NONE',  ( -22.49057833087498892, -14.23888518833652661, -15.08251600114090785 ) ) ;
#221 = EDGE_CURVE ( 'NONE', #3811, #3327, #1665, .T. ) ;
#222 = CYLINDRICAL_SURFACE ( 'NONE', #3036, 6.000000000000001776 ) ;
#223 = ORIENTED_EDGE ( 'NONE', *, *, #1808, .T. ) ;
#224 = ORIENTED_EDGE ( 'NONE', *, *, #171, .T. ) ;
#225 = FACE_OUTER_BOUND ( 'NONE', #2538, .T. ) ;
#226 = DIRECTION ( 'NONE',  ( 0.7071067811865474617, 0.000000000000000000, 0.7071067811865474617 ) ) ;
#227 = VECTOR ( 'NONE', #3885, 1000.000000000000000 ) ;
#228 = ORIENTED_EDGE ( 'NONE', *, *, #1783, .T. ) ;
#229 = CARTESIAN_POINT ( 'NONE',  ( -0.9759045139618325315, -26.57669522575783816, -15.10166245346660041 ) ) ;
#230 = CARTESIAN_POINT ( 'NONE',  ( -42.49999999999999289, 5.204748896376249319E-15, 10.45250000000001656 ) ) ;
#231 = ORIENTED_EDGE ( 'NONE', *, *, #3598, .T. ) ;
#232 = AXIS2_PLACEMENT_3D ( 'NONE', #3252, #2543, #358 ) ;
#233 = ORIENTED_EDGE ( 'NONE', *, *, #2052, .F. ) ;
#234 = CARTESIAN_POINT ( 'NONE',  ( 22.40257593032140804, 14.50291808613082800, -15.02958432439552183 ) ) ;
#235 = ORIENTED_EDGE ( 'NONE', *, *, #2076, .T. ) ;
#236 = DIRECTION ( 'NONE',  ( 1.000000000000000000, 0.000000000000000000, 0.000000000000000000 ) ) ;
#237 = CYLINDRICAL_SURFACE ( 'NONE', #3372, 30.00000000000000355 ) ;
#238 = CARTESIAN_POINT ( 'NONE',  ( 28.14582562299425916, 16.25000000000000000, 12.06000000000000583 ) ) ;
#239 = CARTESIAN_POINT ( 'NONE',  ( 28.14582562299425916, 16.25000000000000000, 12.06000000000000583 ) ) ;
#240 = EDGE_CURVE ( 'NONE', #1741, #1901, #133, .T. ) ;
#241 = FACE_BOUND ( 'NONE', #712, .T. ) ;
#242 = CARTESIAN_POINT ( 'NONE',  ( -22.97722326075390953, -13.18467059132152563, -15.18311879612364201 ) ) ;
#243 = CARTESIAN_POINT ( 'NONE',  ( -30.69852562299423937, 16.25000000000000711, -6.249999999999993783 ) ) ;
#244 = ORIENTED_EDGE ( 'NONE', *, *, #1604, .T. ) ;
#245 = CARTESIAN_POINT ( 'NONE',  ( 37.54343440694599821, -5.872864116540006840, 0.000000000000000000 ) ) ;
#246 = EDGE_CURVE ( 'NONE', #3047, #1949, #2476, .T. ) ;
#247 = ADVANCED_FACE ( 'NONE', ( #3221 ), #2599, .T. ) ;
#248 = CARTESIAN_POINT ( 'NONE',  ( 22.15136777046883765, 15.79726543676274275, -14.62618056027961444 ) ) ;
#249 = CARTESIAN_POINT ( 'NONE',  ( 0.000000000000000000, 0.000000000000000000, 19.05250000000001265 ) ) ;
#250 = ORIENTED_EDGE ( 'NONE', *, *, #981, .T. ) ;
#251 = ORIENTED_EDGE ( 'NONE', *, *, #3366, .T. ) ;
#252 = DIRECTION ( 'NONE',  ( -0.000000000000000000, -0.000000000000000000, -1.000000000000000000 ) ) ;
#253 = CARTESIAN_POINT ( 'NONE',  ( 28.14582562299425916, 16.25000000000000000, 6.250000000000005329 ) ) ;
#254 = ORIENTED_EDGE ( 'NONE', *, *, #656, .T. ) ;
#255 = CARTESIAN_POINT ( 'NONE',  ( 1.500000000000000444, -23.00000000000000000, -10.07749999999998458 ) ) ;
#256 = DIRECTION ( 'NONE',  ( 0.000000000000000000, 0.000000000000000000, -1.000000000000000000 ) ) ;
#257 = CYLINDRICAL_SURFACE ( 'NONE', #1382, 2.552699999999990865 ) ;
#258 = DIRECTION ( 'NONE',  ( -0.000000000000000000, -0.000000000000000000, 1.000000000000000000 ) ) ;
#259 = CARTESIAN_POINT ( 'NONE',  ( -28.75259503537219530, 8.423504256274059188, -12.48427322053269961 ) ) ;
#260 = FACE_OUTER_BOUND ( 'NONE', #2078, .T. ) ;
#261 = ORIENTED_EDGE ( 'NONE', *, *, #3728, .T. ) ;
#262 = CYLINDRICAL_SURFACE ( 'NONE', #3331, 2.552699999999990865 ) ;
#263 = CARTESIAN_POINT ( 'NONE',  ( -7.589415207398531038E-16, 0.000000000000000000, -6.249999999999993783 ) ) ;
#264 = FACE_OUTER_BOUND ( 'NONE', #574, .T. ) ;
#265 = CARTESIAN_POINT ( 'NONE',  ( -42.49999999999999289, 5.204748896376249319E-15, 6.250000000000005329 ) ) ;
#266 = ORIENTED_EDGE ( 'NONE', *, *, #1008, .T. ) ;
#267 = EDGE_CURVE ( 'NONE', #4149, #548, #609, .T. ) ;
#268 = EDGE_CURVE ( 'NONE', #3891, #296, #671, .T. ) ;
#269 = ORIENTED_EDGE ( 'NONE', *, *, #3237, .T. ) ;
#270 = CARTESIAN_POINT ( 'NONE',  ( -21.86076800628441674, 0.9808850841252381159, -18.76601292219753248 ) ) ;
#271 = DIRECTION ( 'NONE',  ( 0.000000000000000000, 0.000000000000000000, -1.000000000000000000 ) ) ;
#272 = VECTOR ( 'NONE', #1156, 1000.000000000000000 ) ;
#273 = ORIENTED_EDGE ( 'NONE', *, *, #3105, .F. ) ;
#274 = AXIS2_PLACEMENT_3D ( 'NONE', #2831, #2858, #3810 ) ;
#275 = ADVANCED_FACE ( 'NONE', ( #3889 ), #1360, .F. ) ;
#276 = ORIENTED_EDGE ( 'NONE', *, *, #2605, .T. ) ;
#277 = DIRECTION ( 'NONE',  ( -0.000000000000000000, -0.000000000000000000, 1.000000000000000000 ) ) ;
#278 = CIRCLE ( 'NONE', #2352, 8.000000000000000000 ) ;
#279 = VERTEX_POINT ( 'NONE', #94 ) ;
#280 = VECTOR ( 'NONE', #3521, 1000.000000000000000 ) ;
#281 = CARTESIAN_POINT ( 'NONE',  ( -21.93328299789297020, -20.23280112395013575, -12.57719980360249323 ) ) ;
#282 = LINE ( 'NONE', #595, #2303 ) ;
#283 = DIRECTION ( 'NONE',  ( -1.000000000000000000, 0.000000000000000000, 0.000000000000000000 ) ) ;
#284 = CIRCLE ( 'NONE', #1359, 6.000000000000012434 ) ;
#285 = DIRECTION ( 'NONE',  ( 1.000000000000000000, 0.000000000000000000, 0.000000000000000000 ) ) ;
#286 = DIRECTION ( 'NONE',  ( -0.000000000000000000, -0.000000000000000000, 1.000000000000000000 ) ) ;
#287 = CARTESIAN_POINT ( 'NONE',  ( -27.45101848717467519, -9.983619178225170643, -13.06768083149657755 ) ) ;
#288 = VERTEX_POINT ( 'NONE', #722 ) ;
#289 = CARTESIAN_POINT ( 'NONE',  ( -22.14582562299429114, 16.24999999999993960, -20.95249999999998991 ) ) ;
#290 = DIRECTION ( 'NONE',  ( -1.000000000000000000, 0.000000000000000000, 0.000000000000000000 ) ) ;
#291 = AXIS2_PLACEMENT_3D ( 'NONE', #4096, #1214, #2499 ) ;
#292 = CARTESIAN_POINT ( 'NONE',  ( 29.63955347916789407, -4.636471670952636792, 6.250000000000003553 ) ) ;
#293 = CYLINDRICAL_SURFACE ( 'NONE', #2092, 42.49999999999999289 ) ;
#294 = ORIENTED_EDGE ( 'NONE', *, *, #3700, .F. ) ;
#295 = VECTOR ( 'NONE', #2783, 1000.000000000000000 ) ;
#296 = VERTEX_POINT ( 'NONE', #2008 ) ;
#297 = CARTESIAN_POINT ( 'NONE',  ( -24.31169502589060016, 0.7353834425417400400, -16.86824063142062968 ) ) ;
#298 = AXIS2_PLACEMENT_3D ( 'NONE', #239, #2404, #2759 ) ;
#299 = CARTESIAN_POINT ( 'NONE',  ( 25.11660095207397703, -6.719847960651844865, -20.95249999999998991 ) ) ;
#300 = EDGE_CURVE ( 'NONE', #3296, #3552, #340, .T. ) ;
#301 = CIRCLE ( 'NONE', #20, 2.552699999999989533 ) ;
#302 = CYLINDRICAL_SURFACE ( 'NONE', #3294, 5.999999999999994671 ) ;
#303 = EDGE_LOOP ( 'NONE', ( #3057, #3438, #3975, #1950, #1176, #2582 ) ) ;
#304 = ADVANCED_FACE ( 'NONE', ( #2980, #1385 ), #2662, .F. ) ;
#305 = ORIENTED_EDGE ( 'NONE', *, *, #1509, .T. ) ;
#306 = CARTESIAN_POINT ( 'NONE',  ( 28.14582562299426272, 16.25000000000000000, 13.59381690219166394 ) ) ;
#307 = CARTESIAN_POINT ( 'NONE',  ( -18.83507899055581092, 23.35037043431053050, 6.250000000000003553 ) ) ;
#308 = AXIS2_PLACEMENT_3D ( 'NONE', #528, #1807, #2697 ) ;
#309 = CARTESIAN_POINT ( 'NONE',  ( -25.59312562299425764, 16.25000000000000711, -6.249999999999993783 ) ) ;
#310 = CARTESIAN_POINT ( 'NONE',  ( -28.39106874445857898, 9.023565401048983858, -12.61573586163175165 ) ) ;
#311 = CARTESIAN_POINT ( 'NONE',  ( -28.98069340623909795, -7.753670723829444000, -12.45249999999997748 ) ) ;
#312 = ORIENTED_EDGE ( 'NONE', *, *, #2628, .T. ) ;
#313 = LINE ( 'NONE', #1848, #2423 ) ;
#314 = ORIENTED_EDGE ( 'NONE', *, *, #2117, .F. ) ;
#315 = EDGE_LOOP ( 'NONE', ( #4019, #3995, #3318, #3117 ) ) ;
#316 = CARTESIAN_POINT ( 'NONE',  ( -28.98069340623915124, 7.753670723829241496, 0.000000000000000000 ) ) ;
#317 = VERTEX_POINT ( 'NONE', #3952 ) ;
#318 = ORIENTED_EDGE ( 'NONE', *, *, #1730, .T. ) ;
#319 = DIRECTION ( 'NONE',  ( 0.000000000000000000, 0.000000000000000000, 1.000000000000000000 ) ) ;
#320 = EDGE_CURVE ( 'NONE', #3706, #1399, #681, .T. ) ;
#321 = DIRECTION ( 'NONE',  ( -0.000000000000000000, -0.000000000000000000, -1.000000000000000000 ) ) ;
#322 = EDGE_CURVE ( 'NONE', #1471, #3522, #3377, .T. ) ;
#323 = DIRECTION ( 'NONE',  ( -1.000000000000000000, 0.000000000000000000, 0.000000000000000000 ) ) ;
#324 = DIRECTION ( 'NONE',  ( -1.000000000000000000, 0.000000000000000000, 0.000000000000000000 ) ) ;
#325 = ORIENTED_EDGE ( 'NONE', *, *, #2637, .T. ) ;
#326 = EDGE_CURVE ( 'NONE', #1204, #1060, #1220, .T. ) ;
#327 = ORIENTED_EDGE ( 'NONE', *, *, #342, .T. ) ;
#328 = ORIENTED_EDGE ( 'NONE', *, *, #4091, .F. ) ;
#329 = CARTESIAN_POINT ( 'NONE',  ( 28.75157537135634556, 8.425753111913458326, -12.48454517327947855 ) ) ;
#330 = CYLINDRICAL_SURFACE ( 'NONE', #3786, 6.000000000000000888 ) ;
#331 = VERTEX_POINT ( 'NONE', #2033 ) ;
#332 = AXIS2_PLACEMENT_3D ( 'NONE', #2173, #3739, #4155 ) ;
#333 = ORIENTED_EDGE ( 'NONE', *, *, #1088, .T. ) ;
#334 = DIRECTION ( 'NONE',  ( -0.000000000000000000, -0.000000000000000000, 1.000000000000000000 ) ) ;
#335 = AXIS2_PLACEMENT_3D ( 'NONE', #2634, #2975, #974 ) ;
#336 = EDGE_LOOP ( 'NONE', ( #3690, #3243, #1736, #3912 ) ) ;
#337 = DIRECTION ( 'NONE',  ( 1.000000000000000000, 0.000000000000000000, 0.000000000000000000 ) ) ;
#338 = VECTOR ( 'NONE', #2887, 1000.000000000000000 ) ;
#339 = CARTESIAN_POINT ( 'NONE',  ( -6.041811431885141026, 29.05406835270432353, -12.70513627312271332 ) ) ;
#340 = CIRCLE ( 'NONE', #2292, 8.000000000000000000 ) ;
#341 = AXIS2_PLACEMENT_3D ( 'NONE', #406, #95, #3266 ) ;
#342 = EDGE_CURVE ( 'NONE', #1566, #186, #1825, .T. ) ;
#343 = EDGE_CURVE ( 'NONE', #2253, #413, #704, .T. ) ;
#344 = CARTESIAN_POINT ( 'NONE',  ( -32.17337224468786161, -11.80265604994573003, -6.249999999999992006 ) ) ;
#345 = CARTESIAN_POINT ( 'NONE',  ( -4.043244859525738200, -28.06692307692310706, -6.249999999999993783 ) ) ;
#346 = CIRCLE ( 'NONE', #2906, 2.552699999999995750 ) ;
#347 = EDGE_CURVE ( 'NONE', #1421, #3228, #411, .T. ) ;
#348 = DIRECTION ( 'NONE',  ( 0.000000000000000000, 0.000000000000000000, 1.000000000000000000 ) ) ;
#349 = ORIENTED_EDGE ( 'NONE', *, *, #2272, .T. ) ;
#350 = ORIENTED_EDGE ( 'NONE', *, *, #803, .T. ) ;
#351 = CARTESIAN_POINT ( 'NONE',  ( 0.000000000000000000, 0.000000000000000000, 0.000000000000000000 ) ) ;
#352 = CIRCLE ( 'NONE', #3316, 4.000000000000000000 ) ;
#353 = DIRECTION ( 'NONE',  ( -0.000000000000000000, -0.000000000000000000, -1.000000000000000000 ) ) ;
#354 = DIRECTION ( 'NONE',  ( 0.000000000000000000, 0.000000000000000000, -1.000000000000000000 ) ) ;
#355 = ORIENTED_EDGE ( 'NONE', *, *, #2843, .F. ) ;
#356 = DIRECTION ( 'NONE',  ( 0.000000000000000000, 0.000000000000000000, -1.000000000000000000 ) ) ;
#357 = ORIENTED_EDGE ( 'NONE', *, *, #2590, .F. ) ;
#358 = DIRECTION ( 'NONE',  ( -1.000000000000000000, 0.000000000000000000, 0.000000000000000000 ) ) ;
#359 = CYLINDRICAL_SURFACE ( 'NONE', #1748, 1.500000000000000444 ) ;
#360 = LINE ( 'NONE', #3660, #3265 ) ;
#361 = LINE ( 'NONE', #1963, #1980 ) ;
#362 = CARTESIAN_POINT ( 'NONE',  ( -10.80447448861207960, -27.98684210526316107, 6.250000000000003553 ) ) ;
#363 = CARTESIAN_POINT ( 'NONE',  ( 29.00000000000000000, 0.000000000000000000, 19.05250000000001265 ) ) ;
#364 = CYLINDRICAL_SURFACE ( 'NONE', #2385, 8.000000000000003553 ) ;
#365 = DIRECTION ( 'NONE',  ( -1.000000000000000000, 0.000000000000000000, 0.000000000000000000 ) ) ;
#366 = DIRECTION ( 'NONE',  ( 0.000000000000000000, 0.000000000000000000, -1.000000000000000000 ) ) ;
#367 = FACE_OUTER_BOUND ( 'NONE', #2541, .T. ) ;
#368 = ORIENTED_EDGE ( 'NONE', *, *, #3655, .F. ) ;
#369 = ORIENTED_EDGE ( 'NONE', *, *, #3825, .F. ) ;
#370 = ADVANCED_FACE ( 'NONE', ( #1469 ), #1778, .T. ) ;
#371 = CARTESIAN_POINT ( 'NONE',  ( 22.18828189157203923, 19.63655806138721260, -12.74137332759510421 ) ) ;
#372 = ADVANCED_FACE ( 'NONE', ( #113 ), #2706, .F. ) ;
#373 = DIRECTION ( 'NONE',  ( -0.000000000000000000, -0.000000000000000000, 1.000000000000000000 ) ) ;
#374 = CARTESIAN_POINT ( 'NONE',  ( 37.54343440694600531, 5.872864116539996182, 6.250000000000003553 ) ) ;
#375 = ORIENTED_EDGE ( 'NONE', *, *, #2562, .T. ) ;
#376 = CARTESIAN_POINT ( 'NONE',  ( -1.186350332408290686, 23.92299336689055522, -17.15626968458948554 ) ) ;
#377 = DIRECTION ( 'NONE',  ( -1.000000000000000000, 0.000000000000000000, 0.000000000000000000 ) ) ;
#378 = CARTESIAN_POINT ( 'NONE',  ( 25.59312562299426830, 16.25000000000000000, -6.249999999999993783 ) ) ;
#379 = CYLINDRICAL_SURFACE ( 'NONE', #3998, 4.000000000000000000 ) ;
#380 = CARTESIAN_POINT ( 'NONE',  ( 0.8322127684726112751, 21.73415467588620231, -18.86974132020687023 ) ) ;
#381 = ORIENTED_EDGE ( 'NONE', *, *, #1113, .T. ) ;
#382 = CARTESIAN_POINT ( 'NONE',  ( 30.69852562299425713, -16.24999999999999289, -6.249999999999993783 ) ) ;
#383 = DIRECTION ( 'NONE',  ( 1.000000000000000000, 0.000000000000000000, 0.000000000000000000 ) ) ;
#384 = DIRECTION ( 'NONE',  ( 1.000000000000000000, 0.000000000000000000, 0.000000000000000000 ) ) ;
#385 = VERTEX_POINT ( 'NONE', #197 ) ;
#386 = CARTESIAN_POINT ( 'NONE',  ( 30.69852562299425358, 16.25000000000000000, 12.06000000000000583 ) ) ;
#387 = CARTESIAN_POINT ( 'NONE',  ( 29.54343440694599821, -5.872864116540006840, 0.000000000000000000 ) ) ;
#388 = ADVANCED_FACE ( 'NONE', ( #1405 ), #451, .F. ) ;
#389 = EDGE_CURVE ( 'NONE', #1210, #1496, #157, .T. ) ;
#390 = ORIENTED_EDGE ( 'NONE', *, *, #749, .F. ) ;
#391 = DIRECTION ( 'NONE',  ( -1.000000000000000000, 0.000000000000000000, 0.000000000000000000 ) ) ;
#392 = AXIS2_PLACEMENT_3D ( 'NONE', #2111, #178, #515 ) ;
#393 = LINE ( 'NONE', #1350, #493 ) ;
#394 = EDGE_CURVE ( 'NONE', #50, #3837, #2215, .T. ) ;
#395 = CYLINDRICAL_SURFACE ( 'NONE', #2753, 2.552699999999990865 ) ;
#396 = ORIENTED_EDGE ( 'NONE', *, *, #3394, .T. ) ;
#397 = CYLINDRICAL_SURFACE ( 'NONE', #2442, 1.500000000000000444 ) ;
#398 = CIRCLE ( 'NONE', #1349, 1.500000000000001332 ) ;
#399 = LINE ( 'NONE', #1068, #156 ) ;
#400 = ORIENTED_EDGE ( 'NONE', *, *, #3598, .F. ) ;
#401 = CARTESIAN_POINT ( 'NONE',  ( -1.544189061540091723, 26.69899590541491463, -14.98570644459168832 ) ) ;
#402 = CARTESIAN_POINT ( 'NONE',  ( 0.000000000000000000, 0.000000000000000000, 12.45250000000002721 ) ) ;
#403 = AXIS2_PLACEMENT_3D ( 'NONE', #643, #3240, #3581 ) ;
#404 = CARTESIAN_POINT ( 'NONE',  ( 0.000000000000000000, 0.000000000000000000, 6.250000000000003553 ) ) ;
#405 = CONICAL_SURFACE ( 'NONE', #478, 29.00000000000000000, 0.7853981633974439491 ) ;
#406 = CARTESIAN_POINT ( 'NONE',  ( -25.11660095207388821, -6.719847960652186813, -6.249999999999993783 ) ) ;
#407 = ORIENTED_EDGE ( 'NONE', *, *, #1892, .F. ) ;
#408 = VERTEX_POINT ( 'NONE', #1140 ) ;
#409 = DIRECTION ( 'NONE',  ( 0.000000000000000000, 0.000000000000000000, 1.000000000000000000 ) ) ;
#410 = DIRECTION ( 'NONE',  ( -1.000000000000000000, 0.000000000000000000, 0.000000000000000000 ) ) ;
#411 = CIRCLE ( 'NONE', #684, 5.999999999999998224 ) ;
#412 = CIRCLE ( 'NONE', #2433, 6.000000000000000000 ) ;
#413 = VERTEX_POINT ( 'NONE', #1074 ) ;
#414 = CARTESIAN_POINT ( 'NONE',  ( -1.241752780193347228, 23.84659020996301493, -17.21340013945048497 ) ) ;
#415 = AXIS2_PLACEMENT_3D ( 'NONE', #2743, #4049, #3347 ) ;
#416 = ADVANCED_FACE ( 'NONE', ( #2365 ), #2426, .F. ) ;
#417 = VECTOR ( 'NONE', #353, 1000.000000000000000 ) ;
#418 = CARTESIAN_POINT ( 'NONE',  ( 32.17337224468786161, -11.80265604994571405, -23.22056274847715684 ) ) ;
#419 = FACE_OUTER_BOUND ( 'NONE', #1438, .T. ) ;
#420 = ORIENTED_EDGE ( 'NONE', *, *, #632, .F. ) ;
#421 = LINE ( 'NONE', #3572, #1313 ) ;
#422 = AXIS2_PLACEMENT_3D ( 'NONE', #3285, #1042, #2622 ) ;
#423 = EDGE_CURVE ( 'NONE', #1040, #2152, #3020, .T. ) ;
#424 = EDGE_CURVE ( 'NONE', #917, #2711, #2142, .T. ) ;
#425 = VERTEX_POINT ( 'NONE', #2703 ) ;
#426 = CARTESIAN_POINT ( 'NONE',  ( 4.043244859525935375, 28.06692307692307864, -13.73065561476729179 ) ) ;
#427 = CARTESIAN_POINT ( 'NONE',  ( -1.500000000000000444, -23.00000000000000000, -17.85894133304158515 ) ) ;
#428 = AXIS2_PLACEMENT_3D ( 'NONE', #3976, #1716, #498 ) ;
#429 = CARTESIAN_POINT ( 'NONE',  ( 21.73962017743363972, -0.8195490524421809031, -18.86533865850544700 ) ) ;
#430 = CARTESIAN_POINT ( 'NONE',  ( 18.83507899055582158, -23.35037043431051984, 6.250000000000003553 ) ) ;
#431 = DIRECTION ( 'NONE',  ( -1.000000000000000000, 0.000000000000000000, 0.000000000000000000 ) ) ;
#432 = CARTESIAN_POINT ( 'NONE',  ( 4.043244859526122781, -28.06692307692305022, -13.73065561476729535 ) ) ;
#433 = VERTEX_POINT ( 'NONE', #3368 ) ;
#434 = VERTEX_POINT ( 'NONE', #3993 ) ;
#435 = CARTESIAN_POINT ( 'NONE',  ( 2.552699999999996638, 32.50000000000000000, -6.249999999999993783 ) ) ;
#436 = ORIENTED_EDGE ( 'NONE', *, *, #4045, .T. ) ;
#437 = CARTESIAN_POINT ( 'NONE',  ( 2.605149293327579052, -27.08227993617932228, -14.62618056027957714 ) ) ;
#438 = LINE ( 'NONE', #3422, #3988 ) ;
#439 = CARTESIAN_POINT ( 'NONE',  ( 26.61997407576365759, -10.43919523840481567, -13.54680109014449130 ) ) ;
#440 = DIRECTION ( 'NONE',  ( -0.000000000000000000, -0.000000000000000000, 1.000000000000000000 ) ) ;
#441 = DIRECTION ( 'NONE',  ( -0.000000000000000000, -0.000000000000000000, -1.000000000000000000 ) ) ;
#442 = ORIENTED_EDGE ( 'NONE', *, *, #3394, .F. ) ;
#443 = DIRECTION ( 'NONE',  ( 1.000000000000000000, 0.000000000000000000, 0.000000000000000000 ) ) ;
#444 = CARTESIAN_POINT ( 'NONE',  ( 25.59312562299426475, 16.25000000000000000, 12.06000000000000583 ) ) ;
#445 = EDGE_LOOP ( 'NONE', ( #545, #1800, #325, #1931 ) ) ;
#446 = CARTESIAN_POINT ( 'NONE',  ( -29.00000000000000000, 3.551475717527324030E-15, 0.000000000000000000 ) ) ;
#447 = EDGE_CURVE ( 'NONE', #288, #2152, #3298, .T. ) ;
#448 = EDGE_CURVE ( 'NONE', #481, #976, #1480, .T. ) ;
#449 = CARTESIAN_POINT ( 'NONE',  ( 25.69037854502796137, -10.77271724661255803, -14.11900392892970935 ) ) ;
#450 = CARTESIAN_POINT ( 'NONE',  ( 21.68558236655506022, -0.7303041265021602557, -18.90986529156959861 ) ) ;
#451 = CYLINDRICAL_SURFACE ( 'NONE', #3505, 29.00000000000000000 ) ;
#452 = EDGE_CURVE ( 'NONE', #983, #180, #4063, .T. ) ;
#453 = DIRECTION ( 'NONE',  ( -0.000000000000000000, -0.000000000000000000, -1.000000000000000000 ) ) ;
#454 = VERTEX_POINT ( 'NONE', #3826 ) ;
#455 = VERTEX_POINT ( 'NONE', #905 ) ;
#456 = CARTESIAN_POINT ( 'NONE',  ( -21.92904934271608752, -1.054607372211681104, -18.71025755351421438 ) ) ;
#457 = ORIENTED_EDGE ( 'NONE', *, *, #757, .T. ) ;
#458 = CARTESIAN_POINT ( 'NONE',  ( 24.13394539885381462, 0.9871914218134655306, -16.99940194546853434 ) ) ;
#459 = ORIENTED_EDGE ( 'NONE', *, *, #4070, .F. ) ;
#460 = DIRECTION ( 'NONE',  ( 1.000000000000000000, -1.598721155460225103E-14, 0.000000000000000000 ) ) ;
#461 = ORIENTED_EDGE ( 'NONE', *, *, #2554, .T. ) ;
#462 = ORIENTED_EDGE ( 'NONE', *, *, #783, .T. ) ;
#463 = CARTESIAN_POINT ( 'NONE',  ( -7.775470883703514247, -28.97485207100596938, -6.249999999999993783 ) ) ;
#464 = CARTESIAN_POINT ( 'NONE',  ( 22.85163672616834418, -13.41979995135610260, -15.17472422670868148 ) ) ;
#465 = CARTESIAN_POINT ( 'NONE',  ( 25.06390304543677772, 11.09883836159408332, -14.46620053625903779 ) ) ;
#466 = ADVANCED_FACE ( 'NONE', ( #924 ), #1231, .F. ) ;
#467 = EDGE_CURVE ( 'NONE', #4079, #317, #2546, .T. ) ;
#468 = VECTOR ( 'NONE', #128, 1000.000000000000000 ) ;
#469 = CARTESIAN_POINT ( 'NONE',  ( 0.000000000000000000, 0.000000000000000000, -19.05249999999998067 ) ) ;
#470 = CIRCLE ( 'NONE', #274, 30.00000000000000355 ) ;
#471 = DIRECTION ( 'NONE',  ( 1.000000000000000000, 0.000000000000000000, 0.000000000000000000 ) ) ;
#472 = ORIENTED_EDGE ( 'NONE', *, *, #320, .F. ) ;
#473 = DIRECTION ( 'NONE',  ( 0.000000000000000000, 0.000000000000000000, -1.000000000000000000 ) ) ;
#474 = EDGE_CURVE ( 'NONE', #1667, #3632, #2687, .T. ) ;
#475 = CONICAL_SURFACE ( 'NONE', #2828, 17.50000000000000000, 0.7853981633974482790 ) ;
#476 = ORIENTED_EDGE ( 'NONE', *, *, #4045, .F. ) ;
#477 = B_SPLINE_CURVE_WITH_KNOTS ( 'NONE', 3,
 ( #3054, #168, #608, #2863, #4145, #3207, #2248, #3119, #2905, #2667, #1632, #687, #1653, #1122, #3084, #2030, #763, #429, #450, #1425, #2702, #2074, #3365, #1186 ),
 .UNSPECIFIED., .F., .F.,
 ( 4, 2, 2, 2, 2, 2, 2, 2, 2, 2, 2, 4 ),
 ( 0.006197098686366464375, 0.006530869372649864002, 0.006864640058933263629, 0.007532181431500058547, 0.008199722804066854331, 0.008867264176633650116, 0.009534805549200445901, 0.01020234692176724169, 0.01053611760805064218, 0.01086988829433404441, 0.01120365898061744664, 0.01153742966690084713 ),
 .UNSPECIFIED. ) ;
#478 = AXIS2_PLACEMENT_3D ( 'NONE', #785, #3045, #3430 ) ;
#479 = CARTESIAN_POINT ( 'NONE',  ( -26.32829082044201030, -10.53190877639136502, -13.73065561476728824 ) ) ;
#480 = DIRECTION ( 'NONE',  ( 0.8571673007021113344, 1.049727191138617463E-16, -0.5150380749100558209 ) ) ;
#481 = VERTEX_POINT ( 'NONE', #3156 ) ;
#482 = DIRECTION ( 'NONE',  ( -1.000000000000000000, 0.000000000000000000, 0.000000000000000000 ) ) ;
#483 = VECTOR ( 'NONE', #28, 1000.000000000000000 ) ;
#484 = CARTESIAN_POINT ( 'NONE',  ( 42.49999999999999289, 0.000000000000000000, 6.250000000000005329 ) ) ;
#485 = ORIENTED_EDGE ( 'NONE', *, *, #2661, .T. ) ;
#486 = CARTESIAN_POINT ( 'NONE',  ( -42.49999999999999289, 5.204748896376249319E-15, -102.6444443027283171 ) ) ;
#487 = AXIS2_PLACEMENT_3D ( 'NONE', #299, #2794, #3790 ) ;
#488 = DIRECTION ( 'NONE',  ( -1.000000000000000000, 0.000000000000000000, 0.000000000000000000 ) ) ;
#489 = AXIS2_PLACEMENT_3D ( 'NONE', #948, #1274, #2694 ) ;
#490 = CARTESIAN_POINT ( 'NONE',  ( -0.2175773209414859077, -24.50065899754862642, -16.72979660483956721 ) ) ;
#491 = DIRECTION ( 'NONE',  ( 1.000000000000000000, 0.000000000000000000, 0.000000000000000000 ) ) ;
#492 = CIRCLE ( 'NONE', #298, 2.552699999999994418 ) ;
#493 = VECTOR ( 'NONE', #2626, 1000.000000000000000 ) ;
#494 = CARTESIAN_POINT ( 'NONE',  ( -22.14582562299419521, -16.69358886702751832, -14.21759700933890613 ) ) ;
#495 = CARTESIAN_POINT ( 'NONE',  ( 29.63955347916790117, -4.636471670952637680, 0.000000000000000000 ) ) ;
#496 = ORIENTED_EDGE ( 'NONE', *, *, #2453, .T. ) ;
#497 = AXIS2_PLACEMENT_3D ( 'NONE', #1643, #1810, #2461 ) ;
#498 = DIRECTION ( 'NONE',  ( 1.000000000000000000, 0.000000000000000000, 0.000000000000000000 ) ) ;
#499 = EDGE_CURVE ( 'NONE', #2674, #1173, #3234, .T. ) ;
#500 = EDGE_CURVE ( 'NONE', #1147, #2368, #3491, .T. ) ;
#501 = EDGE_LOOP ( 'NONE', ( #1429, #3934, #2234, #1628 ) ) ;
#502 = CARTESIAN_POINT ( 'NONE',  ( 23.16409722082066125, 1.501417441062838254, -17.73150922680576969 ) ) ;
#503 = AXIS2_PLACEMENT_3D ( 'NONE', #2823, #1272, #3489 ) ;
#504 = CARTESIAN_POINT ( 'NONE',  ( -1.186444190843187751, -22.07722685349042280, -18.58994183412813328 ) ) ;
#505 = ORIENTED_EDGE ( 'NONE', *, *, #4134, .T. ) ;
#506 = DIRECTION ( 'NONE',  ( 1.000000000000000000, 0.000000000000000000, 0.000000000000000000 ) ) ;
#507 = EDGE_CURVE ( 'NONE', #976, #481, #3025, .T. ) ;
#508 = ORIENTED_EDGE ( 'NONE', *, *, #3237, .F. ) ;
#509 = CARTESIAN_POINT ( 'NONE',  ( -21.40075695856691240, 21.02579395761369341, -12.45249999999997925 ) ) ;
#510 = ORIENTED_EDGE ( 'NONE', *, *, #2708, .T. ) ;
#511 = FACE_OUTER_BOUND ( 'NONE', #2139, .T. ) ;
#512 = CARTESIAN_POINT ( 'NONE',  ( 23.89410324039617350, -12.01219099716746719, -14.98570644459168655 ) ) ;
#513 = CARTESIAN_POINT ( 'NONE',  ( -13.68566768557530189, -35.45000000000000995, -6.249999999999993783 ) ) ;
#514 = FACE_OUTER_BOUND ( 'NONE', #1555, .T. ) ;
#515 = DIRECTION ( 'NONE',  ( -1.000000000000000000, 0.000000000000000000, 0.000000000000000000 ) ) ;
#516 = DIRECTION ( 'NONE',  ( 0.000000000000000000, 0.000000000000000000, -1.000000000000000000 ) ) ;
#517 = ORIENTED_EDGE ( 'NONE', *, *, #3763, .T. ) ;
#518 = DIRECTION ( 'NONE',  ( -0.000000000000000000, -0.000000000000000000, 1.000000000000000000 ) ) ;
#519 = ORIENTED_EDGE ( 'NONE', *, *, #901, .F. ) ;
#520 = CARTESIAN_POINT ( 'NONE',  ( -24.48744515471450356, -0.2226661656776886544, -16.73943881952682133 ) ) ;
#521 = EDGE_LOOP ( 'NONE', ( #3960, #2880, #224, #4017 ) ) ;
#522 = CARTESIAN_POINT ( 'NONE',  ( -1.911750967521295363, -26.80046565089363142, -14.88966685655229405 ) ) ;
#523 = EDGE_CURVE ( 'NONE', #2270, #2084, #898, .T. ) ;
#524 = DIRECTION ( 'NONE',  ( -0.000000000000000000, -0.000000000000000000, -1.000000000000000000 ) ) ;
#525 = EDGE_CURVE ( 'NONE', #935, #1022, #3901, .T. ) ;
#526 = VERTEX_POINT ( 'NONE', #2218 ) ;
#527 = ORIENTED_EDGE ( 'NONE', *, *, #342, .F. ) ;
#528 = CARTESIAN_POINT ( 'NONE',  ( 0.000000000000000000, 0.000000000000000000, 0.000000000000000000 ) ) ;
#529 = AXIS2_PLACEMENT_3D ( 'NONE', #570, #1288, #2565 ) ;
#530 = EDGE_CURVE ( 'NONE', #413, #3654, #996, .T. ) ;
#531 = DIRECTION ( 'NONE',  ( -0.000000000000000000, -0.000000000000000000, 1.000000000000000000 ) ) ;
#532 = DIRECTION ( 'NONE',  ( 0.000000000000000000, 0.000000000000000000, 1.000000000000000000 ) ) ;
#533 = CARTESIAN_POINT ( 'NONE',  ( 25.68543206116866884, 10.76639586072793087, -14.12528043549503742 ) ) ;
#534 = DIRECTION ( 'NONE',  ( -1.000000000000000000, 0.000000000000000000, 0.000000000000000000 ) ) ;
#535 = CARTESIAN_POINT ( 'NONE',  ( -26.61997407576358299, 10.43919523840498975, -13.54680109014448597 ) ) ;
#536 = CARTESIAN_POINT ( 'NONE',  ( 29.63955347916789762, 4.636471670952628799, 6.250000000000003553 ) ) ;
#537 = ORIENTED_EDGE ( 'NONE', *, *, #1036, .T. ) ;
#538 = APPLICATION_CONTEXT ( 'automotive_design' ) ;
#539 = CARTESIAN_POINT ( 'NONE',  ( -28.14582562299425561, -16.24999999999999645, -6.249999999999993783 ) ) ;
#540 = ORIENTED_EDGE ( 'NONE', *, *, #1534, .F. ) ;
#541 = ORIENTED_EDGE ( 'NONE', *, *, #1941, .F. ) ;
#542 = CARTESIAN_POINT ( 'NONE',  ( -4.043244859525739088, -28.06692307692310706, -13.73065561476729357 ) ) ;
#543 = CIRCLE ( 'NONE', #2900, 29.00000000000000000 ) ;
#544 = CARTESIAN_POINT ( 'NONE',  ( -7.589415207398531038E-16, 0.000000000000000000, -6.249999999999993783 ) ) ;
#545 = ORIENTED_EDGE ( 'NONE', *, *, #828, .F. ) ;
#546 = CARTESIAN_POINT ( 'NONE',  ( -37.54343440694599821, -5.872864116540021051, 0.000000000000000000 ) ) ;
#547 = AXIS2_PLACEMENT_3D ( 'NONE', #3994, #1102, #1780 ) ;
#548 = VERTEX_POINT ( 'NONE', #362 ) ;
#549 = EDGE_CURVE ( 'NONE', #1190, #1674, #2818, .T. ) ;
#550 = VECTOR ( 'NONE', #2659, 1000.000000000000000 ) ;
#551 = ORIENTED_EDGE ( 'NONE', *, *, #3573, .T. ) ;
#552 = CARTESIAN_POINT ( 'NONE',  ( 25.59312562299426475, 16.25000000000000000, 12.06000000000000583 ) ) ;
#553 = CARTESIAN_POINT ( 'NONE',  ( 0.000000000000000000, 0.000000000000000000, -19.05249999999998067 ) ) ;
#554 = CARTESIAN_POINT ( 'NONE',  ( 37.54343440694599821, -5.872864116540006840, 6.250000000000003553 ) ) ;
#555 = EDGE_CURVE ( 'NONE', #3837, #50, #3166, .T. ) ;
#556 = CARTESIAN_POINT ( 'NONE',  ( 23.50404547112358244, 12.44318951212037483, -15.10166245346664304 ) ) ;
#557 = ADVANCED_FACE ( 'NONE', ( #3846 ), #1206, .F. ) ;
#558 = AXIS2_PLACEMENT_3D ( 'NONE', #2213, #2463, #860 ) ;
#559 = CARTESIAN_POINT ( 'NONE',  ( 3.984302198030716898E-15, 32.50000000000000000, 6.250000000000005329 ) ) ;
#560 = CARTESIAN_POINT ( 'NONE',  ( 5.388813505562821682, 28.89158800968444396, -12.92824923591618713 ) ) ;
#561 = CARTESIAN_POINT ( 'NONE',  ( 0.000000000000000000, 0.000000000000000000, 12.45250000000002721 ) ) ;
#562 = ORIENTED_EDGE ( 'NONE', *, *, #2022, .F. ) ;
#563 = DIRECTION ( 'NONE',  ( -1.000000000000000000, 0.000000000000000000, 0.000000000000000000 ) ) ;
#564 = CARTESIAN_POINT ( 'NONE',  ( -18.83507899055581092, 23.35037043431053050, 0.000000000000000000 ) ) ;
#565 = VECTOR ( 'NONE', #3961, 1000.000000000000000 ) ;
#566 = AXIS2_PLACEMENT_3D ( 'NONE', #2788, #2177, #2278 ) ;
#567 = ORIENTED_EDGE ( 'NONE', *, *, #3770, .F. ) ;
#568 = LINE ( 'NONE', #316, #823 ) ;
#569 = CARTESIAN_POINT ( 'NONE',  ( -30.00000000000000355, 3.673940397442059178E-15, -12.45249999999997748 ) ) ;
#570 = CARTESIAN_POINT ( 'NONE',  ( -18.37785951953074104, 18.39169050088635871, -20.95249999999998991 ) ) ;
#571 = CARTESIAN_POINT ( 'NONE',  ( -37.54343440694599821, -5.872864116540021051, 6.250000000000003553 ) ) ;
#572 = CIRCLE ( 'NONE', #1846, 24.50000000000000355 ) ;
#573 = ORIENTED_EDGE ( 'NONE', *, *, #1892, .T. ) ;
#574 = EDGE_LOOP ( 'NONE', ( #49, #1519, #2035, #3210 ) ) ;
#575 = CARTESIAN_POINT ( 'NONE',  ( -21.45851822057696623, -20.96807613342345178, -12.45249999999998103 ) ) ;
#576 = DIRECTION ( 'NONE',  ( -0.000000000000000000, -0.000000000000000000, 1.000000000000000000 ) ) ;
#577 = DIRECTION ( 'NONE',  ( -1.000000000000000000, 0.000000000000000000, 0.000000000000000000 ) ) ;
#578 = EDGE_CURVE ( 'NONE', #1282, #1210, #801, .T. ) ;
#579 = PLANE ( 'NONE',  #3192 ) ;
#580 = EDGE_CURVE ( 'NONE', #2739, #1091, #1345, .T. ) ;
#581 = DIRECTION ( 'NONE',  ( -0.000000000000000000, -0.000000000000000000, 1.000000000000000000 ) ) ;
#582 = DIRECTION ( 'NONE',  ( -0.000000000000000000, -0.000000000000000000, 1.000000000000000000 ) ) ;
#583 = ORIENTED_EDGE ( 'NONE', *, *, #1731, .F. ) ;
#584 = CARTESIAN_POINT ( 'NONE',  ( -23.00000000000000000, 0.000000000000000000, -20.95249999999998991 ) ) ;
#585 = EDGE_CURVE ( 'NONE', #2350, #3811, #1419, .T. ) ;
#586 = CARTESIAN_POINT ( 'NONE',  ( 28.98069340623898071, 7.753670723829877431, -12.45249999999997748 ) ) ;
#587 = VERTEX_POINT ( 'NONE', #2596 ) ;
#588 = VERTEX_POINT ( 'NONE', #344 ) ;
#589 = CARTESIAN_POINT ( 'NONE',  ( -24.43869781988680856, 0.4385527703776508357, -16.77508245800501996 ) ) ;
#590 = DIRECTION ( 'NONE',  ( -1.000000000000000000, 0.000000000000000000, 0.000000000000000000 ) ) ;
#591 = EDGE_LOOP ( 'NONE', ( #1299, #1547, #223, #4036 ) ) ;
#592 = FACE_OUTER_BOUND ( 'NONE', #2560, .T. ) ;
#593 = VERTEX_POINT ( 'NONE', #2 ) ;
#594 = CARTESIAN_POINT ( 'NONE',  ( 21.50000000000000000, 1.836970198721030674E-16, -20.95249999999998991 ) ) ;
#595 = CARTESIAN_POINT ( 'NONE',  ( -7.775470883703514247, -28.97485207100596938, 0.000000000000000000 ) ) ;
#596 = DIRECTION ( 'NONE',  ( 1.000000000000000000, 0.000000000000000000, 0.000000000000000000 ) ) ;
#597 = CARTESIAN_POINT ( 'NONE',  ( -25.25386798902885488, 10.98457104893176073, -14.36700742388253360 ) ) ;
#598 = CARTESIAN_POINT ( 'NONE',  ( 5.079441413534958372, 28.76508895876209237, -13.06768083149657755 ) ) ;
#599 = CARTESIAN_POINT ( 'NONE',  ( -26.32829082044201030, -10.53190877639136502, -13.73065561476728824 ) ) ;
#600 = ORIENTED_EDGE ( 'NONE', *, *, #4003, .T. ) ;
#601 = CARTESIAN_POINT ( 'NONE',  ( -2.552699999999989089, 32.50000000000000000, -6.249999999999993783 ) ) ;
#602 = EDGE_CURVE ( 'NONE', #1091, #1000, #3905, .T. ) ;
#603 = DIRECTION ( 'NONE',  ( -0.000000000000000000, -0.000000000000000000, 1.000000000000000000 ) ) ;
#604 = ORIENTED_EDGE ( 'NONE', *, *, #1379, .T. ) ;
#605 = ORIENTED_EDGE ( 'NONE', *, *, #2998, .T. ) ;
#606 = DIRECTION ( 'NONE',  ( -0.000000000000000000, -0.000000000000000000, -1.000000000000000000 ) ) ;
#607 = ADVANCED_FACE ( 'NONE', ( #2005 ), #991, .F. ) ;
#608 = CARTESIAN_POINT ( 'NONE',  ( 24.48745369276277373, -0.2230321108039166333, -16.73943239465255317 ) ) ;
#609 = CIRCLE ( 'NONE', #1003, 30.00000000000000355 ) ;
#610 = FACE_OUTER_BOUND ( 'NONE', #2885, .T. ) ;
#611 = ORIENTED_EDGE ( 'NONE', *, *, #189, .F. ) ;
#612 = STYLED_ITEM ( 'NONE', ( #3181 ), #1192 ) ;
#613 = ORIENTED_EDGE ( 'NONE', *, *, #1727, .F. ) ;
#614 = CARTESIAN_POINT ( 'NONE',  ( -37.54343440694599821, -5.872864116540021051, 0.000000000000000000 ) ) ;
#615 = DIRECTION ( 'NONE',  ( -0.000000000000000000, -0.000000000000000000, 1.000000000000000000 ) ) ;
#616 = CARTESIAN_POINT ( 'NONE',  ( -18.37785951953062380, -18.39169050088647239, -20.95249999999998991 ) ) ;
#617 = CIRCLE ( 'NONE', #4110, 20.99999999999998934 ) ;
#618 = CARTESIAN_POINT ( 'NONE',  ( -37.54343440694599821, 5.872864116540021051, 6.250000000000003553 ) ) ;
#619 = CARTESIAN_POINT ( 'NONE',  ( -22.16825277448355536, -15.64277206206026527, -14.68458330668821610 ) ) ;
#620 = VECTOR ( 'NONE', #2090, 1000.000000000000000 ) ;
#621 = CARTESIAN_POINT ( 'NONE',  ( -28.48714868196783101, -8.880911553883775511, -12.57781190286296358 ) ) ;
#622 = ORIENTED_EDGE ( 'NONE', *, *, #2609, .T. ) ;
#623 = CIRCLE ( 'NONE', #3115, 4.000000000000000000 ) ;
#624 = DIRECTION ( 'NONE',  ( -0.8571673007021113344, 0.000000000000000000, -0.5150380749100558209 ) ) ;
#625 =( NAMED_UNIT ( * ) SI_UNIT ( $, .STERADIAN. ) SOLID_ANGLE_UNIT ( ) );
#626 = ORIENTED_EDGE ( 'NONE', *, *, #1552, .F. ) ;
#627 = AXIS2_PLACEMENT_3D ( 'NONE', #559, #1839, #534 ) ;
#628 = EDGE_LOOP ( 'NONE', ( #3248, #2053, #934, #3623 ) ) ;
#629 = DIRECTION ( 'NONE',  ( -1.000000000000000000, 0.000000000000000000, 0.000000000000000000 ) ) ;
#630 = DIRECTION ( 'NONE',  ( -1.000000000000000000, 0.000000000000000000, 0.000000000000000000 ) ) ;
#631 = VECTOR ( 'NONE', #606, 1000.000000000000000 ) ;
#632 = EDGE_CURVE ( 'NONE', #2902, #3517, #1951, .T. ) ;
#633 = EDGE_CURVE ( 'NONE', #1708, #983, #2210, .T. ) ;
#634 = ORIENTED_EDGE ( 'NONE', *, *, #3442, .T. ) ;
#635 = AXIS2_PLACEMENT_3D ( 'NONE', #2936, #44, #2595 ) ;
#636 = EDGE_LOOP ( 'NONE', ( #1799, #3692, #741 ) ) ;
#637 = EDGE_CURVE ( 'NONE', #2730, #2769, #2658, .T. ) ;
#638 = FACE_OUTER_BOUND ( 'NONE', #3123, .T. ) ;
#639 = LINE ( 'NONE', #1585, #3409 ) ;
#640 = DIRECTION ( 'NONE',  ( -0.000000000000000000, -0.000000000000000000, -1.000000000000000000 ) ) ;
#641 = CARTESIAN_POINT ( 'NONE',  ( 28.14582562299426982, -16.24999999999999289, 13.59381690219166394 ) ) ;
#642 = ORIENTED_EDGE ( 'NONE', *, *, #4091, .T. ) ;
#643 = CARTESIAN_POINT ( 'NONE',  ( -7.589415207398531038E-16, 0.000000000000000000, -6.249999999999993783 ) ) ;
#644 = CARTESIAN_POINT ( 'NONE',  ( 0.000000000000000000, 0.000000000000000000, -102.6444443027283171 ) ) ;
#645 = ORIENTED_EDGE ( 'NONE', *, *, #2331, .F. ) ;
#646 = VERTEX_POINT ( 'NONE', #3411 ) ;
#647 = CARTESIAN_POINT ( 'NONE',  ( 28.14582562299425916, 16.25000000000000000, 6.250000000000005329 ) ) ;
#648 = DIRECTION ( 'NONE',  ( -1.000000000000000000, 0.000000000000000000, 0.000000000000000000 ) ) ;
#649 = ORIENTED_EDGE ( 'NONE', *, *, #240, .F. ) ;
#650 = CYLINDRICAL_SURFACE ( 'NONE', #1835, 30.00000000000000355 ) ;
#651 = EDGE_CURVE ( 'NONE', #2773, #1242, #398, .T. ) ;
#652 = EDGE_CURVE ( 'NONE', #2345, #653, #131, .T. ) ;
#653 = VERTEX_POINT ( 'NONE', #1709 ) ;
#654 = DIRECTION ( 'NONE',  ( 1.000000000000000000, 0.000000000000000000, 0.000000000000000000 ) ) ;
#655 = DIRECTION ( 'NONE',  ( -1.000000000000000000, 0.000000000000000000, 0.000000000000000000 ) ) ;
#656 = EDGE_CURVE ( 'NONE', #899, #2286, #2700, .T. ) ;
#657 = CARTESIAN_POINT ( 'NONE',  ( -25.25481606650872379, -10.98417887742726506, -14.36644228730795270 ) ) ;
#658 = DIRECTION ( 'NONE',  ( 0.000000000000000000, 0.000000000000000000, -1.000000000000000000 ) ) ;
#659 = ORIENTED_EDGE ( 'NONE', *, *, #2608, .F. ) ;
#660 = DIRECTION ( 'NONE',  ( -1.000000000000000000, 0.000000000000000000, 0.000000000000000000 ) ) ;
#661 = DIRECTION ( 'NONE',  ( 1.000000000000000000, 1.953992523340275196E-14, 0.000000000000000000 ) ) ;
#662 = ORIENTED_EDGE ( 'NONE', *, *, #165, .T. ) ;
#663 = EDGE_LOOP ( 'NONE', ( #2119, #2246, #407, #611 ) ) ;
#664 = DIRECTION ( 'NONE',  ( 0.8571673007021113344, 1.049727191138617463E-16, -0.5150380749100558209 ) ) ;
#665 = LINE ( 'NONE', #3244, #417 ) ;
#666 = DIRECTION ( 'NONE',  ( -1.000000000000000000, 0.000000000000000000, -0.000000000000000000 ) ) ;
#667 = VERTEX_POINT ( 'NONE', #3361 ) ;
#668 = CARTESIAN_POINT ( 'NONE',  ( -0.8230752244178324295, 24.25807969143096443, -16.90769077064431158 ) ) ;
#669 = AXIS2_PLACEMENT_3D ( 'NONE', #1114, #152, #1422 ) ;
#670 = ORIENTED_EDGE ( 'NONE', *, *, #757, .F. ) ;
#671 = CIRCLE ( 'NONE', #2552, 8.000000000000000000 ) ;
#672 = CARTESIAN_POINT ( 'NONE',  ( -22.28504596091605450, -17.53501430053193388, -13.73065561476728824 ) ) ;
#673 = CARTESIAN_POINT ( 'NONE',  ( 22.38288470984613099, -18.14373684839456757, -13.37656623630408603 ) ) ;
#674 = LINE ( 'NONE', #564, #2044 ) ;
#675 = DIRECTION ( 'NONE',  ( -1.000000000000000000, 0.000000000000000000, 0.000000000000000000 ) ) ;
#676 = EDGE_CURVE ( 'NONE', #1543, #4088, #2484, .T. ) ;
#677 = ADVANCED_FACE ( 'NONE', ( #2387 ), #819, .F. ) ;
#678 = DIRECTION ( 'NONE',  ( -0.000000000000000000, -0.000000000000000000, 1.000000000000000000 ) ) ;
#679 = AXIS2_PLACEMENT_3D ( 'NONE', #1038, #3003, #2327 ) ;
#680 = AXIS2_PLACEMENT_3D ( 'NONE', #402, #3, #1689 ) ;
#681 = LINE ( 'NONE', #993, #3246 ) ;
#682 = DIRECTION ( 'NONE',  ( -0.000000000000000000, -0.000000000000000000, 1.000000000000000000 ) ) ;
#683 = ORIENTED_EDGE ( 'NONE', *, *, #1731, .T. ) ;
#684 = AXIS2_PLACEMENT_3D ( 'NONE', #3001, #3971, #1117 ) ;
#685 = VERTEX_POINT ( 'NONE', #3343 ) ;
#686 = CIRCLE ( 'NONE', #558, 30.00000000000000355 ) ;
#687 = CARTESIAN_POINT ( 'NONE',  ( 22.80951486316470778, -1.498178511268170476, -18.00687425777215722 ) ) ;
#688 = DIRECTION ( 'NONE',  ( -0.000000000000000000, -0.000000000000000000, 1.000000000000000000 ) ) ;
#689 = ORIENTED_EDGE ( 'NONE', *, *, #3877, .T. ) ;
#690 = DIRECTION ( 'NONE',  ( -0.000000000000000000, -0.000000000000000000, -1.000000000000000000 ) ) ;
#691 = AXIS2_PLACEMENT_3D ( 'NONE', #1447, #3413, #1181 ) ;
#692 = LINE ( 'NONE', #1983, #3049 ) ;
#693 = DIRECTION ( 'NONE',  ( 1.000000000000000000, 0.000000000000000000, 0.000000000000000000 ) ) ;
#694 = CONICAL_SURFACE ( 'NONE', #3055, 17.50000000000000000, 0.7853981633974482790 ) ;
#695 = CARTESIAN_POINT ( 'NONE',  ( 22.19612112945408811, -19.59528855539055670, -12.75755905972785520 ) ) ;
#696 = LINE ( 'NONE', #2994, #1025 ) ;
#697 = EDGE_LOOP ( 'NONE', ( #1518, #3839, #846, #724, #1106, #64, #3077, #80, #250, #855 ) ) ;
#698 = CARTESIAN_POINT ( 'NONE',  ( -28.14582562299424850, 16.25000000000000711, -6.249999999999994671 ) ) ;
#699 = DIRECTION ( 'NONE',  ( -0.000000000000000000, -0.000000000000000000, 1.000000000000000000 ) ) ;
#700 = AXIS2_PLACEMENT_3D ( 'NONE', #1374, #2655, #3254 ) ;
#701 = CIRCLE ( 'NONE', #3063, 6.000000000000000888 ) ;
#702 = EDGE_CURVE ( 'NONE', #385, #2664, #3096, .T. ) ;
#703 = ADVANCED_FACE ( 'NONE', ( #3698 ), #1882, .F. ) ;
#704 = B_SPLINE_CURVE_WITH_KNOTS ( 'NONE', 3,
 ( #3390, #3325, #494, #1712 ),
 .UNSPECIFIED., .F., .F.,
 ( 4, 4 ),
 ( 0.002276879723715405195, 0.003726356871258531146 ),
 .UNSPECIFIED. ) ;
#705 = CARTESIAN_POINT ( 'NONE',  ( -4.043244859525739088, -28.06692307692310706, -13.73065561476729357 ) ) ;
#706 = DIRECTION ( 'NONE',  ( 0.000000000000000000, 0.000000000000000000, 1.000000000000000000 ) ) ;
#707 = DIRECTION ( 'NONE',  ( 0.000000000000000000, 0.000000000000000000, -1.000000000000000000 ) ) ;
#708 = ORIENTED_EDGE ( 'NONE', *, *, #2227, .T. ) ;
#709 = CARTESIAN_POINT ( 'NONE',  ( -30.69852562299424292, 16.25000000000000711, 12.06000000000000583 ) ) ;
#710 = EDGE_CURVE ( 'NONE', #1704, #2017, #2088, .T. ) ;
#711 = CARTESIAN_POINT ( 'NONE',  ( -32.17337224468786161, -11.80265604994573003, 6.250000000000005329 ) ) ;
#712 = EDGE_LOOP ( 'NONE', ( #2883, #4128 ) ) ;
#713 = CARTESIAN_POINT ( 'NONE',  ( -0.9844242937129584758, 24.13627731869874893, -16.99767609419296477 ) ) ;
#714 = CARTESIAN_POINT ( 'NONE',  ( 27.45026611785743498, -9.972661603694874088, -13.07056799948433223 ) ) ;
#715 = ORIENTED_EDGE ( 'NONE', *, *, #1965, .F. ) ;
#716 = CARTESIAN_POINT ( 'NONE',  ( 22.37785951953027563, 18.39169050088682056, -6.249999999999993783 ) ) ;
#717 = DIRECTION ( 'NONE',  ( -1.000000000000000000, 0.000000000000000000, 0.000000000000000000 ) ) ;
#718 = CARTESIAN_POINT ( 'NONE',  ( 0.2257349222286371138, 21.51301799902241285, -19.05277085161733197 ) ) ;
#719 = EDGE_LOOP ( 'NONE', ( #2197, #4143, #1651 ) ) ;
#720 = DIRECTION ( 'NONE',  ( -0.000000000000000000, -0.000000000000000000, -1.000000000000000000 ) ) ;
#721 = CARTESIAN_POINT ( 'NONE',  ( -28.98069340623909795, -7.753670723829444000, 0.000000000000000000 ) ) ;
#722 = CARTESIAN_POINT ( 'NONE',  ( -2.552700000000007741, -32.50000000000000000, 12.06000000000000583 ) ) ;
#723 = DIRECTION ( 'NONE',  ( 1.000000000000000000, 0.000000000000000000, 0.000000000000000000 ) ) ;
#724 = ORIENTED_EDGE ( 'NONE', *, *, #1170, .T. ) ;
#725 = EDGE_CURVE ( 'NONE', #54, #2345, #781, .T. ) ;
#726 = ORIENTED_EDGE ( 'NONE', *, *, #3469, .T. ) ;
#727 = CARTESIAN_POINT ( 'NONE',  ( 21.86714259477727751, 20.36589673919787558, -12.54509241238392825 ) ) ;
#728 = CARTESIAN_POINT ( 'NONE',  ( 28.14582562299426627, -16.24999999999999289, -6.249999999999993783 ) ) ;
#729 = ADVANCED_FACE ( 'NONE', ( #511 ), #3385, .T. ) ;
#730 = ORIENTED_EDGE ( 'NONE', *, *, #3858, .T. ) ;
#731 = DIRECTION ( 'NONE',  ( -1.000000000000000000, 0.000000000000000000, 0.000000000000000000 ) ) ;
#732 = DIRECTION ( 'NONE',  ( -1.000000000000000000, 0.000000000000000000, 0.000000000000000000 ) ) ;
#733 = CARTESIAN_POINT ( 'NONE',  ( 0.000000000000000000, 0.000000000000000000, 11.45250000000002011 ) ) ;
#734 = ORIENTED_EDGE ( 'NONE', *, *, #1553, .T. ) ;
#735 = FACE_OUTER_BOUND ( 'NONE', #3606, .T. ) ;
#736 = VERTEX_POINT ( 'NONE', #1378 ) ;
#737 = CARTESIAN_POINT ( 'NONE',  ( 23.00000000000000000, 0.000000000000000000, -10.07749999999998458 ) ) ;
#738 = CARTESIAN_POINT ( 'NONE',  ( 17.50000000000000000, 0.000000000000000000, -16.45250000000001123 ) ) ;
#739 = CARTESIAN_POINT ( 'NONE',  ( 0.000000000000000000, 0.000000000000000000, 6.250000000000005329 ) ) ;
#740 = VECTOR ( 'NONE', #2922, 1000.000000000000000 ) ;
#741 = ORIENTED_EDGE ( 'NONE', *, *, #853, .T. ) ;
#742 = VERTEX_POINT ( 'NONE', #3947 ) ;
#743 = FACE_OUTER_BOUND ( 'NONE', #1322, .T. ) ;
#744 = AXIS2_PLACEMENT_3D ( 'NONE', #739, #3641, #3724 ) ;
#745 = AXIS2_PLACEMENT_3D ( 'NONE', #2959, #3577, #383 ) ;
#746 = AXIS2_PLACEMENT_3D ( 'NONE', #3764, #271, #1916 ) ;
#747 = ORIENTED_EDGE ( 'NONE', *, *, #221, .T. ) ;
#748 = CARTESIAN_POINT ( 'NONE',  ( 3.371417233411734049, -27.53363858695619726, -14.21109984389635983 ) ) ;
#749 = EDGE_CURVE ( 'NONE', #116, #3047, #3990, .T. ) ;
#750 = EDGE_CURVE ( 'NONE', #3711, #123, #107, .T. ) ;
#751 = VECTOR ( 'NONE', #74, 1000.000000000000000 ) ;
#752 = FACE_OUTER_BOUND ( 'NONE', #3307, .T. ) ;
#753 = DIRECTION ( 'NONE',  ( 0.000000000000000000, 0.000000000000000000, -1.000000000000000000 ) ) ;
#754 = ORIENTED_EDGE ( 'NONE', *, *, #1058, .F. ) ;
#755 = DIRECTION ( 'NONE',  ( -0.000000000000000000, -0.000000000000000000, 1.000000000000000000 ) ) ;
#756 = AXIS2_PLACEMENT_3D ( 'NONE', #3549, #918, #2187 ) ;
#757 = EDGE_CURVE ( 'NONE', #2537, #3296, #1466, .T. ) ;
#758 = VERTEX_POINT ( 'NONE', #463 ) ;
#759 = CIRCLE ( 'NONE', #3996, 4.000000000000000000 ) ;
#760 = DIRECTION ( 'NONE',  ( 0.000000000000000000, 0.000000000000000000, -1.000000000000000000 ) ) ;
#761 = CARTESIAN_POINT ( 'NONE',  ( -2.552699999999991753, 32.50000000000000000, 12.06000000000000583 ) ) ;
#762 = AXIS2_PLACEMENT_3D ( 'NONE', #2935, #1683, #3314 ) ;
#763 = CARTESIAN_POINT ( 'NONE',  ( 21.86097419528894292, -0.9812431720494357856, -18.76584279948433576 ) ) ;
#764 = CARTESIAN_POINT ( 'NONE',  ( 5.088554766783245142, -28.75895860055522846, -13.07056799948432868 ) ) ;
#765 = CIRCLE ( 'NONE', #4121, 42.49999999999999289 ) ;
#766 = DIRECTION ( 'NONE',  ( 0.000000000000000000, 0.000000000000000000, 1.000000000000000000 ) ) ;
#767 = ORIENTED_EDGE ( 'NONE', *, *, #1112, .T. ) ;
#768 = ORIENTED_EDGE ( 'NONE', *, *, #2952, .T. ) ;
#769 = CARTESIAN_POINT ( 'NONE',  ( -22.07153760535733156, -1.181985448977465714, -18.59454682052837882 ) ) ;
#770 = VERTEX_POINT ( 'NONE', #1749 ) ;
#771 = CARTESIAN_POINT ( 'NONE',  ( -0.1960693084954387433, -26.49999789859330335, -15.17472422670867971 ) ) ;
#772 = CARTESIAN_POINT ( 'NONE',  ( 1.500000000000124567, -22.99999999999998579, -17.85894133304159226 ) ) ;
#773 = ORIENTED_EDGE ( 'NONE', *, *, #637, .F. ) ;
#774 = DIRECTION ( 'NONE',  ( 1.000000000000000000, 0.000000000000000000, 0.000000000000000000 ) ) ;
#775 = VERTEX_POINT ( 'NONE', #2402 ) ;
#776 = EDGE_CURVE ( 'NONE', #2103, #3112, #797, .T. ) ;
#777 = SHAPE_DEFINITION_REPRESENTATION ( #1900, #2178 ) ;
#778 = EDGE_CURVE ( 'NONE', #2773, #2473, #213, .T. ) ;
#779 = CARTESIAN_POINT ( 'NONE',  ( 0.9946278356857632952, 21.86098011206455638, -18.76551373662195843 ) ) ;
#780 = VERTEX_POINT ( 'NONE', #2144 ) ;
#781 = LINE ( 'NONE', #4010, #3640 ) ;
#782 = CARTESIAN_POINT ( 'NONE',  ( 26.32829082044214175, -10.53190877639100265, -13.73065561476729890 ) ) ;
#783 = EDGE_CURVE ( 'NONE', #2156, #899, #1812, .T. ) ;
#784 = DIRECTION ( 'NONE',  ( 0.000000000000000000, 0.000000000000000000, -1.000000000000000000 ) ) ;
#785 = CARTESIAN_POINT ( 'NONE',  ( 0.000000000000000000, 0.000000000000000000, 19.05250000000001265 ) ) ;
#786 = ORIENTED_EDGE ( 'NONE', *, *, #499, .F. ) ;
#787 = EDGE_LOOP ( 'NONE', ( #1854, #3213, #634, #2232 ) ) ;
#788 = CARTESIAN_POINT ( 'NONE',  ( 25.59312562299427540, -16.24999999999999289, -6.249999999999993783 ) ) ;
#789 = EDGE_LOOP ( 'NONE', ( #2909, #1283, #1974, #212 ) ) ;
#790 = DIRECTION ( 'NONE',  ( -1.000000000000000000, 0.000000000000000000, 0.000000000000000000 ) ) ;
#791 = CARTESIAN_POINT ( 'NONE',  ( 3.984302198030716898E-15, 32.50000000000000000, 12.06000000000000583 ) ) ;
#792 = EDGE_LOOP ( 'NONE', ( #3381, #2854, #645, #2535, #1501 ) ) ;
#793 = DIRECTION ( 'NONE',  ( -0.000000000000000000, -0.000000000000000000, -1.000000000000000000 ) ) ;
#794 = EDGE_LOOP ( 'NONE', ( #866, #505, #2160, #3183 ) ) ;
#795 = CARTESIAN_POINT ( 'NONE',  ( -18.83507899055581092, -23.35037043431053050, 6.250000000000003553 ) ) ;
#796 = CARTESIAN_POINT ( 'NONE',  ( 22.22778616076315572, 15.24430009143325293, -14.82280109448978678 ) ) ;
#797 = LINE ( 'NONE', #4042, #201 ) ;
#798 = CARTESIAN_POINT ( 'NONE',  ( 1.500000000000124567, -22.99999999999998579, -17.85894133304159226 ) ) ;
#799 = DIRECTION ( 'NONE',  ( 1.000000000000000000, 0.000000000000000000, 0.000000000000000000 ) ) ;
#800 = AXIS2_PLACEMENT_3D ( 'NONE', #1529, #2806, #1822 ) ;
#801 = CIRCLE ( 'NONE', #2217, 7.999999999999998224 ) ;
#802 = ADVANCED_FACE ( 'NONE', ( #900 ), #237, .T. ) ;
#803 = EDGE_CURVE ( 'NONE', #4142, #1939, #1225, .T. ) ;
#804 = DIRECTION ( 'NONE',  ( -0.000000000000000000, -0.000000000000000000, -1.000000000000000000 ) ) ;
#805 = DIRECTION ( 'NONE',  ( 0.000000000000000000, 0.000000000000000000, 1.000000000000000000 ) ) ;
#806 = VERTEX_POINT ( 'NONE', #1811 ) ;
#807 = AXIS2_PLACEMENT_3D ( 'NONE', #2611, #4151, #2571 ) ;
#808 = CARTESIAN_POINT ( 'NONE',  ( 18.83507899055581092, 23.35037043431052339, -6.249999999999993783 ) ) ;
#809 = AXIS2_PLACEMENT_3D ( 'NONE', #733, #2717, #4006 ) ;
#810 = VERTEX_POINT ( 'NONE', #2798 ) ;
#811 = VECTOR ( 'NONE', #1818, 1000.000000000000000 ) ;
#812 = CARTESIAN_POINT ( 'NONE',  ( 0.000000000000000000, 0.000000000000000000, 6.250000000000003553 ) ) ;
#813 = EDGE_LOOP ( 'NONE', ( #2569, #1265, #926, #3078 ) ) ;
#814 = AXIS2_PLACEMENT_3D ( 'NONE', #2343, #2636, #324 ) ;
#815 = CARTESIAN_POINT ( 'NONE',  ( -25.59312562299426475, -16.24999999999999645, -6.249999999999993783 ) ) ;
#816 = EDGE_LOOP ( 'NONE', ( #1377, #355, #2438, #369 ) ) ;
#817 = CARTESIAN_POINT ( 'NONE',  ( 21.20522252253560680, -21.22118134717642945, -12.45249999999997748 ) ) ;
#818 = AXIS2_PLACEMENT_3D ( 'NONE', #3483, #1575, #590 ) ;
#819 = CYLINDRICAL_SURFACE ( 'NONE', #4097, 5.999999999999994671 ) ;
#820 = AXIS2_PLACEMENT_3D ( 'NONE', #728, #2945, #410 ) ;
#821 = CARTESIAN_POINT ( 'NONE',  ( -1.499999999999999334, -23.34753306260371630, -17.58921085466787559 ) ) ;
#822 = DIRECTION ( 'NONE',  ( 0.6643638388299194508, 8.136110486923087579E-17, -0.7474093186836600067 ) ) ;
#823 = VECTOR ( 'NONE', #937, 1000.000000000000000 ) ;
#824 = DIRECTION ( 'NONE',  ( 1.000000000000000000, 0.000000000000000000, 0.000000000000000000 ) ) ;
#825 = FACE_OUTER_BOUND ( 'NONE', #591, .T. ) ;
#826 = EDGE_LOOP ( 'NONE', ( #3741, #76, #3663, #1593 ) ) ;
#827 = AXIS2_PLACEMENT_3D ( 'NONE', #1792, #319, #4130 ) ;
#828 = EDGE_CURVE ( 'NONE', #1566, #917, #1179, .T. ) ;
#829 = CARTESIAN_POINT ( 'NONE',  ( -23.59949903191058951, -1.377942668099398249, -17.39942677602139298 ) ) ;
#830 = ADVANCED_FACE ( 'NONE', ( #4107 ), #3169, .F. ) ;
#831 = ORIENTED_EDGE ( 'NONE', *, *, #1727, .T. ) ;
#832 = CARTESIAN_POINT ( 'NONE',  ( 22.30044822084976275, 1.339011080412276122, -18.40985090504323551 ) ) ;
#833 = EDGE_CURVE ( 'NONE', #3517, #1435, #4081, .T. ) ;
#834 = AXIS2_PLACEMENT_3D ( 'NONE', #4044, #3754, #491 ) ;
#835 = B_SPLINE_CURVE_WITH_KNOTS ( 'NONE', 3,
 ( #1368, #1045, #1698, #1329 ),
 .UNSPECIFIED., .F., .F.,
 ( 4, 4 ),
 ( 0.000000000000000000, 0.0009818401191140988925 ),
 .UNSPECIFIED. ) ;
#836 = CARTESIAN_POINT ( 'NONE',  ( -0.2289708698750096971, -21.51351011576411310, -19.05236141490426860 ) ) ;
#837 = EDGE_LOOP ( 'NONE', ( #1123, #333, #231, #2750, #3481 ) ) ;
#838 = ORIENTED_EDGE ( 'NONE', *, *, #1135, .F. ) ;
#839 =( NAMED_UNIT ( * ) SI_UNIT ( $, .STERADIAN. ) SOLID_ANGLE_UNIT ( ) );
#840 = DIRECTION ( 'NONE',  ( 1.000000000000000000, 0.000000000000000000, 0.000000000000000000 ) ) ;
#841 = DIRECTION ( 'NONE',  ( 0.000000000000000000, 0.000000000000000000, -1.000000000000000000 ) ) ;
#842 = DIRECTION ( 'NONE',  ( 0.000000000000000000, 0.000000000000000000, 1.000000000000000000 ) ) ;
#843 = LINE ( 'NONE', #3777, #295 ) ;
#844 = DIRECTION ( 'NONE',  ( 1.000000000000000000, 0.000000000000000000, 0.000000000000000000 ) ) ;
#845 = DIRECTION ( 'NONE',  ( 1.000000000000000000, 0.000000000000000000, 0.000000000000000000 ) ) ;
#846 = ORIENTED_EDGE ( 'NONE', *, *, #3018, .T. ) ;
#847 = CARTESIAN_POINT ( 'NONE',  ( -24.13431209607848515, -0.9867947745578317109, -16.99913018362450856 ) ) ;
#848 = EDGE_CURVE ( 'NONE', #943, #50, #3103, .T. ) ;
#849 = ORIENTED_EDGE ( 'NONE', *, *, #2815, .F. ) ;
#850 = DIRECTION ( 'NONE',  ( -0.000000000000000000, -0.000000000000000000, -1.000000000000000000 ) ) ;
#851 = FACE_OUTER_BOUND ( 'NONE', #1862, .T. ) ;
#852 = ORIENTED_EDGE ( 'NONE', *, *, #656, .F. ) ;
#853 = EDGE_CURVE ( 'NONE', #2152, #288, #1545, .T. ) ;
#854 = ADVANCED_FACE ( 'NONE', ( #1482 ), #3130, .T. ) ;
#855 = ORIENTED_EDGE ( 'NONE', *, *, #676, .T. ) ;
#856 = CARTESIAN_POINT ( 'NONE',  ( -22.37785951953074104, 18.39169050088635871, -13.25680653369183837 ) ) ;
#857 = VERTEX_POINT ( 'NONE', #3443 ) ;
#858 = LINE ( 'NONE', #552, #1166 ) ;
#859 = DIRECTION ( 'NONE',  ( 1.000000000000000000, 0.000000000000000000, 0.000000000000000000 ) ) ;
#860 = DIRECTION ( 'NONE',  ( -1.000000000000000000, -8.881784197001251337E-16, 0.000000000000000000 ) ) ;
#861 = DIRECTION ( 'NONE',  ( 1.000000000000000000, 0.000000000000000000, 0.000000000000000000 ) ) ;
#862 = DIRECTION ( 'NONE',  ( 0.000000000000000000, 0.000000000000000000, -1.000000000000000000 ) ) ;
#863 = AXIS2_PLACEMENT_3D ( 'NONE', #2195, #581, #3173 ) ;
#864 = CARTESIAN_POINT ( 'NONE',  ( -22.54750176723464250, -14.08523949490777483, -15.10868683303240623 ) ) ;
#865 = DIRECTION ( 'NONE',  ( -1.000000000000000000, 0.000000000000000000, 0.000000000000000000 ) ) ;
#866 = ORIENTED_EDGE ( 'NONE', *, *, #3677, .T. ) ;
#867 = DIRECTION ( 'NONE',  ( -0.000000000000000000, -0.000000000000000000, -1.000000000000000000 ) ) ;
#868 = DIRECTION ( 'NONE',  ( -0.000000000000000000, -0.000000000000000000, 1.000000000000000000 ) ) ;
#869 = AXIS2_PLACEMENT_3D ( 'NONE', #3899, #2318, #1599 ) ;
#870 = ORIENTED_EDGE ( 'NONE', *, *, #3683, .T. ) ;
#871 = FACE_OUTER_BOUND ( 'NONE', #183, .T. ) ;
#872 = CIRCLE ( 'NONE', #1681, 30.00000000000000355 ) ;
#873 = ORIENTED_EDGE ( 'NONE', *, *, #3188, .F. ) ;
#874 = ADVANCED_FACE ( 'NONE', ( #192 ), #3769, .F. ) ;
#875 = ADVANCED_FACE ( 'NONE', ( #3798 ), #2189, .T. ) ;
#876 = CARTESIAN_POINT ( 'NONE',  ( 28.14582562299425916, 16.25000000000000000, -23.22056274847715684 ) ) ;
#877 = AXIS2_PLACEMENT_3D ( 'NONE', #2389, #132, #824 ) ;
#878 = CARTESIAN_POINT ( 'NONE',  ( 2.552699999999977543, -32.50000000000000000, -6.249999999999994671 ) ) ;
#879 = CARTESIAN_POINT ( 'NONE',  ( 21.20522252253560680, -21.22118134717642945, -6.249999999999993783 ) ) ;
#880 = VECTOR ( 'NONE', #1245, 1000.000000000000000 ) ;
#881 = DIRECTION ( 'NONE',  ( -0.000000000000000000, -0.000000000000000000, -1.000000000000000000 ) ) ;
#882 = DIRECTION ( 'NONE',  ( -1.000000000000000000, 0.000000000000000000, 0.000000000000000000 ) ) ;
#883 = DIRECTION ( 'NONE',  ( 1.000000000000000000, 0.000000000000000000, 0.000000000000000000 ) ) ;
#884 = VERTEX_POINT ( 'NONE', #255 ) ;
#885 = CARTESIAN_POINT ( 'NONE',  ( 0.000000000000000000, 0.000000000000000000, -6.249999999999993783 ) ) ;
#886 = CARTESIAN_POINT ( 'NONE',  ( -1.500000000000000444, -23.00000000000000000, -20.95249999999998991 ) ) ;
#887 = CIRCLE ( 'NONE', #3260, 1.500000000000000444 ) ;
#888 = FACE_OUTER_BOUND ( 'NONE', #4101, .T. ) ;
#889 = EDGE_LOOP ( 'NONE', ( #2220, #350, #1656 ) ) ;
#890 = EDGE_LOOP ( 'NONE', ( #3785, #1994, #159, #1048 ) ) ;
#891 = CARTESIAN_POINT ( 'NONE',  ( -24.40240506983558078, 0.5427639160907133942, -16.80164210518984902 ) ) ;
#892 = AXIS2_PLACEMENT_3D ( 'NONE', #2629, #2675, #1352 ) ;
#893 = AXIS2_PLACEMENT_3D ( 'NONE', #1640, #2933, #2295 ) ;
#894 = DIRECTION ( 'NONE',  ( -0.000000000000000000, -0.000000000000000000, 1.000000000000000000 ) ) ;
#895 = DIRECTION ( 'NONE',  ( 0.8571673007021113344, 1.049727191138617463E-16, -0.5150380749100558209 ) ) ;
#896 = AXIS2_PLACEMENT_3D ( 'NONE', #2214, #3512, #903 ) ;
#897 = ORIENTED_EDGE ( 'NONE', *, *, #783, .F. ) ;
#898 = B_SPLINE_CURVE_WITH_KNOTS ( 'NONE', 3,
 ( #2852, #1860, #259, #3756, #310, #1564, #3429, #1541, #1524, #1840, #4112, #2825, #535, #2532 ),
 .UNSPECIFIED., .F., .F.,
 ( 4, 2, 2, 2, 2, 2, 4 ),
 ( 0.000000000000000000, 0.001057616366208094169, 0.001586424549312143856, 0.002115232732416193542, 0.002644040915520242795, 0.003172849098624292916, 0.004230465464832397493 ),
 .UNSPECIFIED. ) ;
#899 = VERTEX_POINT ( 'NONE', #3487 ) ;
#900 = FACE_OUTER_BOUND ( 'NONE', #4158, .T. ) ;
#901 = EDGE_CURVE ( 'NONE', #123, #1242, #3467, .T. ) ;
#902 = FACE_OUTER_BOUND ( 'NONE', #2804, .T. ) ;
#903 = DIRECTION ( 'NONE',  ( 1.000000000000000000, 0.000000000000000000, 0.000000000000000000 ) ) ;
#904 = DIRECTION ( 'NONE',  ( -1.000000000000000000, 0.000000000000000000, 0.000000000000000000 ) ) ;
#905 = CARTESIAN_POINT ( 'NONE',  ( -27.50000000000000355, 3.367778697655222096E-15, 11.95250000000002721 ) ) ;
#906 = EDGE_CURVE ( 'NONE', #2747, #2253, #1457, .T. ) ;
#907 = CARTESIAN_POINT ( 'NONE',  ( 0.000000000000000000, 0.000000000000000000, -12.45249999999997748 ) ) ;
#908 = ORIENTED_EDGE ( 'NONE', *, *, #3850, .T. ) ;
#909 = CARTESIAN_POINT ( 'NONE',  ( 0.000000000000000000, 0.000000000000000000, -19.45249999999998280 ) ) ;
#910 = CARTESIAN_POINT ( 'NONE',  ( 25.59312562299427185, -16.24999999999999289, 12.06000000000000583 ) ) ;
#911 = CARTESIAN_POINT ( 'NONE',  ( 24.50000000000000000, 0.000000000000000000, 11.45250000000002011 ) ) ;
#912 = ORIENTED_EDGE ( 'NONE', *, *, #2375, .F. ) ;
#913 = ORIENTED_EDGE ( 'NONE', *, *, #1864, .F. ) ;
#914 = CARTESIAN_POINT ( 'NONE',  ( -21.74072503572547888, 0.8211039204119867652, -18.86443174187481020 ) ) ;
#915 = CARTESIAN_POINT ( 'NONE',  ( -30.69852562299425003, -16.24999999999999645, 12.06000000000000583 ) ) ;
#916 = DIRECTION ( 'NONE',  ( -0.000000000000000000, -0.000000000000000000, 1.000000000000000000 ) ) ;
#917 = VERTEX_POINT ( 'NONE', #3865 ) ;
#918 = DIRECTION ( 'NONE',  ( -0.000000000000000000, -0.000000000000000000, 1.000000000000000000 ) ) ;
#919 = EDGE_LOOP ( 'NONE', ( #1998, #1582, #4166, #3628 ) ) ;
#920 = CARTESIAN_POINT ( 'NONE',  ( 29.63955347916789762, 4.636471670952628799, 0.000000000000000000 ) ) ;
#921 = DIRECTION ( 'NONE',  ( -0.6643638388299194508, 0.000000000000000000, -0.7474093186836600067 ) ) ;
#922 = CARTESIAN_POINT ( 'NONE',  ( -4.524785015069868521, 28.45817294014158705, -13.37450691810773762 ) ) ;
#923 = CARTESIAN_POINT ( 'NONE',  ( 0.000000000000000000, 0.000000000000000000, 0.000000000000000000 ) ) ;
#924 = FACE_OUTER_BOUND ( 'NONE', #792, .T. ) ;
#925 = CARTESIAN_POINT ( 'NONE',  ( -27.71525592484198697, -9.778944612768276201, -12.92824923591618536 ) ) ;
#926 = ORIENTED_EDGE ( 'NONE', *, *, #2504, .T. ) ;
#927 = ADVANCED_FACE ( 'NONE', ( #3253 ), #1924, .F. ) ;
#928 = EDGE_CURVE ( 'NONE', #2368, #180, #2488, .T. ) ;
#929 = AXIS2_PLACEMENT_3D ( 'NONE', #1426, #3688, #2075 ) ;
#930 = UNCERTAINTY_MEASURE_WITH_UNIT (LENGTH_MEASURE( 1.000000000000000082E-05 ), #4039, 'distance_accuracy_value', 'NONE');
#931 = CARTESIAN_POINT ( 'NONE',  ( 17.99999999999997513, 2.204364238465232667E-15, -16.95249999999998636 ) ) ;
#932 = CARTESIAN_POINT ( 'NONE',  ( 7.775470883703716751, 28.97485207100591964, -12.45249999999997748 ) ) ;
#933 = CARTESIAN_POINT ( 'NONE',  ( 6.738741432543389642, -25.11153846153841940, -20.95249999999998991 ) ) ;
#934 = ORIENTED_EDGE ( 'NONE', *, *, #2790, .F. ) ;
#935 = VERTEX_POINT ( 'NONE', #2258 ) ;
#936 = VECTOR ( 'NONE', #2996, 1000.000000000000000 ) ;
#937 = DIRECTION ( 'NONE',  ( 0.000000000000000000, 0.000000000000000000, -1.000000000000000000 ) ) ;
#938 = ADVANCED_FACE ( 'NONE', ( #638 ), #359, .F. ) ;
#939 = B_SPLINE_CURVE_WITH_KNOTS ( 'NONE', 3,
 ( #798, #1750, #3321, #3736, #2109, #3082, #153, #2421, #3344, #2055, #1710, #490, #4025, #2445, #1729, #1794, #3016, #2029, #821, #427 ),
 .UNSPECIFIED., .F., .F.,
 ( 4, 2, 2, 2, 2, 2, 2, 2, 2, 4 ),
 ( 0.005772032587601514178, 0.006431833934516619118, 0.007091635281431724058, 0.007421535954889273493, 0.007751436628346822059, 0.008411237975261916591, 0.009071039322177010256, 0.009400939995634556220, 0.009730840669092102185, 0.01105044336292228258 ),
 .UNSPECIFIED. ) ;
#940 = DIRECTION ( 'NONE',  ( 1.000000000000000000, 0.000000000000000000, 0.000000000000000000 ) ) ;
#941 = ORIENTED_EDGE ( 'NONE', *, *, #3496, .F. ) ;
#942 = CARTESIAN_POINT ( 'NONE',  ( 24.50000000000000355, 0.000000000000000000, -10.07749999999998458 ) ) ;
#943 = VERTEX_POINT ( 'NONE', #3215 ) ;
#944 = CIRCLE ( 'NONE', #547, 30.00000000000000355 ) ;
#945 = DIRECTION ( 'NONE',  ( 1.000000000000000000, 0.000000000000000000, 0.000000000000000000 ) ) ;
#946 = CARTESIAN_POINT ( 'NONE',  ( 22.58870367812592761, 13.95495214113592475, -15.13660542823464716 ) ) ;
#947 = CARTESIAN_POINT ( 'NONE',  ( -28.14582562299425561, -16.24999999999999645, 12.06000000000000583 ) ) ;
#948 = CARTESIAN_POINT ( 'NONE',  ( -18.37785951953074104, 18.39169050088635871, -6.249999999999993783 ) ) ;
#949 = CARTESIAN_POINT ( 'NONE',  ( -0.3923315034760719300, 26.50000420384685640, -15.17471821226343742 ) ) ;
#950 = CIRCLE ( 'NONE', #4117, 27.50000000000000355 ) ;
#951 = CARTESIAN_POINT ( 'NONE',  ( -26.90437938521262140, -10.31227834450764291, -13.37656623630408426 ) ) ;
#952 = ORIENTED_EDGE ( 'NONE', *, *, #3360, .F. ) ;
#953 = CIRCLE ( 'NONE', #422, 19.40000000000001279 ) ;
#954 = DIRECTION ( 'NONE',  ( 0.000000000000000000, 0.000000000000000000, -1.000000000000000000 ) ) ;
#955 = ORIENTED_EDGE ( 'NONE', *, *, #1036, .F. ) ;
#956 = EDGE_CURVE ( 'NONE', #3501, #2408, #42, .T. ) ;
#957 = EDGE_CURVE ( 'NONE', #2931, #210, #278, .T. ) ;
#958 = CIRCLE ( 'NONE', #1369, 8.000000000000000000 ) ;
#959 = VERTEX_POINT ( 'NONE', #306 ) ;
#960 = CARTESIAN_POINT ( 'NONE',  ( -22.63333863395491008, 1.465491058289885906, -18.14531128425712225 ) ) ;
#961 = DIRECTION ( 'NONE',  ( -0.000000000000000000, -0.000000000000000000, -1.000000000000000000 ) ) ;
#962 = AXIS2_PLACEMENT_3D ( 'NONE', #2120, #3094, #1174 ) ;
#963 = CARTESIAN_POINT ( 'NONE',  ( 2.552699999999999747, 32.50000000000000000, 12.06000000000000583 ) ) ;
#964 = EDGE_CURVE ( 'NONE', #2683, #976, #2297, .T. ) ;
#965 = ORIENTED_EDGE ( 'NONE', *, *, #3317, .F. ) ;
#966 = DIRECTION ( 'NONE',  ( -0.000000000000000000, -0.000000000000000000, -1.000000000000000000 ) ) ;
#967 = AXIS2_PLACEMENT_3D ( 'NONE', #351, #2267, #97 ) ;
#968 =( GEOMETRIC_REPRESENTATION_CONTEXT ( 3 ) GLOBAL_UNCERTAINTY_ASSIGNED_CONTEXT ( ( #930 ) ) GLOBAL_UNIT_ASSIGNED_CONTEXT ( ( #4039, #4008, #839 ) ) REPRESENTATION_CONTEXT ( 'NONE', 'WORKASPACE' ) );
#969 = ORIENTED_EDGE ( 'NONE', *, *, #1479, .F. ) ;
#970 = CONICAL_SURFACE ( 'NONE', #232, 34.50000000000000711, 0.7266423406817251740 ) ;
#971 = CYLINDRICAL_SURFACE ( 'NONE', #1513, 8.000000000000000000 ) ;
#972 = DIRECTION ( 'NONE',  ( 0.000000000000000000, 0.000000000000000000, 1.000000000000000000 ) ) ;
#973 = FACE_OUTER_BOUND ( 'NONE', #501, .T. ) ;
#974 = DIRECTION ( 'NONE',  ( 1.000000000000000000, 7.105427357601001859E-15, 0.000000000000000000 ) ) ;
#975 = DIRECTION ( 'NONE',  ( -1.000000000000000000, 0.000000000000000000, 0.000000000000000000 ) ) ;
#976 = VERTEX_POINT ( 'NONE', #3570 ) ;
#977 = ORIENTED_EDGE ( 'NONE', *, *, #4027, .F. ) ;
#978 = ORIENTED_EDGE ( 'NONE', *, *, #424, .T. ) ;
#979 = CYLINDRICAL_SURFACE ( 'NONE', #2171, 30.00000000000000355 ) ;
#980 = DIRECTION ( 'NONE',  ( 0.000000000000000000, 0.000000000000000000, 1.000000000000000000 ) ) ;
#981 = EDGE_CURVE ( 'NONE', #588, #1543, #2291, .T. ) ;
#982 = FACE_BOUND ( 'NONE', #1649, .T. ) ;
#983 = VERTEX_POINT ( 'NONE', #4170 ) ;
#984 = CARTESIAN_POINT ( 'NONE',  ( 0.9897249330192851025, 24.14369687596850156, -16.99192764090490826 ) ) ;
#985 = ADVANCED_FACE ( 'NONE', ( #1584 ), #3532, .F. ) ;
#986 = ADVANCED_FACE ( 'NONE', ( #1659 ), #137, .F. ) ;
#987 = ORIENTED_EDGE ( 'NONE', *, *, #1920, .T. ) ;
#988 = DIRECTION ( 'NONE',  ( 1.000000000000000000, 0.000000000000000000, 0.000000000000000000 ) ) ;
#989 = CARTESIAN_POINT ( 'NONE',  ( -25.59312562299425409, 16.25000000000000711, 12.06000000000000583 ) ) ;
#990 = DIRECTION ( 'NONE',  ( -0.000000000000000000, -0.000000000000000000, 1.000000000000000000 ) ) ;
#991 = CYLINDRICAL_SURFACE ( 'NONE', #2016, 8.000000000000000000 ) ;
#992 = LINE ( 'NONE', #1320, #2566 ) ;
#993 = CARTESIAN_POINT ( 'NONE',  ( 26.32829082044214175, -10.53190877639100265, -20.95249999999998991 ) ) ;
#994 = DIRECTION ( 'NONE',  ( 0.000000000000000000, 0.000000000000000000, 1.000000000000000000 ) ) ;
#995 = ORIENTED_EDGE ( 'NONE', *, *, #1273, .F. ) ;
#996 = B_SPLINE_CURVE_WITH_KNOTS ( 'NONE', 3,
 ( #4067, #3515, #619, #1183, #1907, #220, #864, #3449, #3138, #242, #1202, #3927, #1966, #2322, #3619, #3235, #2937, #1012, #657, #45, #2917, #1944 ),
 .UNSPECIFIED., .F., .F.,
 ( 4, 2, 2, 2, 2, 2, 2, 2, 2, 2, 4 ),
 ( 0.003726356871258531146, 0.004709947436918934978, 0.005693538002579334040, 0.006185333285409536606, 0.006677128568239740040, 0.007660719133900142572, 0.008152514416730346006, 0.008644309699560551175, 0.009627900265220966716, 0.01061149083088138226, 0.01159508139654179780 ),
 .UNSPECIFIED. ) ;
#997 = DIRECTION ( 'NONE',  ( -1.000000000000000000, 0.000000000000000000, 0.000000000000000000 ) ) ;
#998 = DIRECTION ( 'NONE',  ( -0.000000000000000000, -0.000000000000000000, 1.000000000000000000 ) ) ;
#999 = AXIS2_PLACEMENT_3D ( 'NONE', #698, #1989, #675 ) ;
#1000 = VERTEX_POINT ( 'NONE', #1028 ) ;
#1001 = CARTESIAN_POINT ( 'NONE',  ( 0.2173771714711477121, 24.48824816066803223, -16.73885242774363746 ) ) ;
#1002 = AXIS2_PLACEMENT_3D ( 'NONE', #1537, #1197, #2507 ) ;
#1003 = AXIS2_PLACEMENT_3D ( 'NONE', #404, #1947, #1608 ) ;
#1004 = DIRECTION ( 'NONE',  ( -0.000000000000000000, -0.000000000000000000, 1.000000000000000000 ) ) ;
#1005 = AXIS2_PLACEMENT_3D ( 'NONE', #3921, #1620, #1332 ) ;
#1006 = ADVANCED_FACE ( 'NONE', ( #3195, #1293 ), #3712, .T. ) ;
#1007 = DIRECTION ( 'NONE',  ( 0.000000000000000000, 0.000000000000000000, -1.000000000000000000 ) ) ;
#1008 = EDGE_CURVE ( 'NONE', #1069, #1147, #1888, .T. ) ;
#1009 = DIRECTION ( 'NONE',  ( -0.000000000000000000, -0.000000000000000000, -1.000000000000000000 ) ) ;
#1010 = PRESENTATION_LAYER_ASSIGNMENT (  '', '', ( #612 ) ) ;
#1011 = ORIENTED_EDGE ( 'NONE', *, *, #423, .F. ) ;
#1012 = CARTESIAN_POINT ( 'NONE',  ( -24.99466155273984924, -11.13471880708796924, -14.50477092348424968 ) ) ;
#1013 = CARTESIAN_POINT ( 'NONE',  ( 0.000000000000000000, 0.000000000000000000, -6.249999999999993783 ) ) ;
#1014 = EDGE_CURVE ( 'NONE', #2084, #385, #1940, .T. ) ;
#1015 = VECTOR ( 'NONE', #766, 1000.000000000000000 ) ;
#1016 = AXIS2_PLACEMENT_3D ( 'NONE', #3720, #2701, #2362 ) ;
#1017 = ORIENTED_EDGE ( 'NONE', *, *, #1833, .T. ) ;
#1018 = ORIENTED_EDGE ( 'NONE', *, *, #106, .T. ) ;
#1019 = AXIS2_PLACEMENT_3D ( 'NONE', #3008, #4035, #1740 ) ;
#1020 = FACE_OUTER_BOUND ( 'NONE', #2182, .T. ) ;
#1021 = AXIS2_PLACEMENT_3D ( 'NONE', #2647, #3938, #3875 ) ;
#1022 = VERTEX_POINT ( 'NONE', #2544 ) ;
#1023 = DIRECTION ( 'NONE',  ( -1.000000000000000000, 0.000000000000000000, 0.000000000000000000 ) ) ;
#1024 = CIRCLE ( 'NONE', #3134, 24.50000000000000000 ) ;
#1025 = VECTOR ( 'NONE', #1725, 1000.000000000000000 ) ;
#1026 = DIRECTION ( 'NONE',  ( -0.000000000000000000, -0.000000000000000000, -1.000000000000000000 ) ) ;
#1027 = CARTESIAN_POINT ( 'NONE',  ( 29.63955347916789762, 4.636471670952628799, -6.249999999999993783 ) ) ;
#1028 = CARTESIAN_POINT ( 'NONE',  ( 30.69852562299425713, -16.24999999999999289, -6.249999999999994671 ) ) ;
#1029 = DIRECTION ( 'NONE',  ( 0.000000000000000000, 0.000000000000000000, 1.000000000000000000 ) ) ;
#1030 = CARTESIAN_POINT ( 'NONE',  ( -1.469284452567252597, 22.64792293754001662, -18.13379900070437500 ) ) ;
#1031 = AXIS2_PLACEMENT_3D ( 'NONE', #3922, #1029, #443 ) ;
#1032 = ORIENTED_EDGE ( 'NONE', *, *, #2504, .F. ) ;
#1033 = EDGE_CURVE ( 'NONE', #1242, #2773, #1676, .T. ) ;
#1034 = CARTESIAN_POINT ( 'NONE',  ( -3.515742469160497929, 27.63487907613923156, -14.11900392892970935 ) ) ;
#1035 = DIRECTION ( 'NONE',  ( 1.000000000000000000, 0.000000000000000000, 0.000000000000000000 ) ) ;
#1036 = EDGE_CURVE ( 'NONE', #3080, #2287, #3101, .T. ) ;
#1037 = DIRECTION ( 'NONE',  ( -0.000000000000000000, -0.000000000000000000, 1.000000000000000000 ) ) ;
#1038 = CARTESIAN_POINT ( 'NONE',  ( 0.000000000000000000, 0.000000000000000000, 19.45250000000001123 ) ) ;
#1039 = ORIENTED_EDGE ( 'NONE', *, *, #1330, .T. ) ;
#1040 = VERTEX_POINT ( 'NONE', #102 ) ;
#1041 = CARTESIAN_POINT ( 'NONE',  ( 21.57088277270750609, 20.81598197578438203, -12.47146288889094379 ) ) ;
#1042 = DIRECTION ( 'NONE',  ( -0.000000000000000000, -0.000000000000000000, 1.000000000000000000 ) ) ;
#1043 = DIRECTION ( 'NONE',  ( -1.000000000000000000, 0.000000000000000000, 0.000000000000000000 ) ) ;
#1044 = VERTEX_POINT ( 'NONE', #2354 ) ;
#1045 = CARTESIAN_POINT ( 'NONE',  ( -22.34588024007723561, 17.81247137312376694, -13.56002603974352638 ) ) ;
#1046 = CARTESIAN_POINT ( 'NONE',  ( 28.07089145255100959, -9.421767965293403435, -12.75623029306150968 ) ) ;
#1047 = CARTESIAN_POINT ( 'NONE',  ( -18.37785951953074104, 18.39169050088635871, -6.249999999999993783 ) ) ;
#1048 = ORIENTED_EDGE ( 'NONE', *, *, #3026, .F. ) ;
#1049 = CARTESIAN_POINT ( 'NONE',  ( 0.000000000000000000, 0.000000000000000000, 0.000000000000000000 ) ) ;
#1050 = DIRECTION ( 'NONE',  ( -0.7893522173763264371, 9.666776664097838137E-17, 0.6139406135149202415 ) ) ;
#1051 = ORIENTED_EDGE ( 'NONE', *, *, #3360, .T. ) ;
#1052 = DIRECTION ( 'NONE',  ( 1.000000000000000000, 0.000000000000000000, 0.000000000000000000 ) ) ;
#1053 = DIRECTION ( 'NONE',  ( 0.000000000000000000, 0.000000000000000000, -1.000000000000000000 ) ) ;
#1054 = CARTESIAN_POINT ( 'NONE',  ( 7.429627489742487434, -29.06765997330259665, -12.45249999999997925 ) ) ;
#1055 = CARTESIAN_POINT ( 'NONE',  ( 26.32829082044214175, -10.53190877639100265, -6.249999999999993783 ) ) ;
#1056 = ORIENTED_EDGE ( 'NONE', *, *, #2838, .F. ) ;
#1057 = VERTEX_POINT ( 'NONE', #1742 ) ;
#1058 = EDGE_CURVE ( 'NONE', #1893, #1411, #2673, .T. ) ;
#1059 = ADVANCED_FACE ( 'NONE', ( #419, #1130 ), #3964, .F. ) ;
#1060 = VERTEX_POINT ( 'NONE', #484 ) ;
#1061 = CARTESIAN_POINT ( 'NONE',  ( -0.5412620629442905784, 24.40302176700688364, -16.80118996450107716 ) ) ;
#1062 = ADVANCED_FACE ( 'NONE', ( #3059 ), #395, .F. ) ;
#1063 = LINE ( 'NONE', #3919, #1157 ) ;
#1064 = DIRECTION ( 'NONE',  ( 1.000000000000000000, 0.000000000000000000, 0.000000000000000000 ) ) ;
#1065 = CARTESIAN_POINT ( 'NONE',  ( -24.50000000000000000, 3.000384657911015469E-15, 0.000000000000000000 ) ) ;
#1066 = ORIENTED_EDGE ( 'NONE', *, *, #3189, .T. ) ;
#1067 = CARTESIAN_POINT ( 'NONE',  ( 0.000000000000000000, 0.000000000000000000, -16.95249999999998636 ) ) ;
#1068 = CARTESIAN_POINT ( 'NONE',  ( 30.69852562299425003, 16.25000000000000000, -6.249999999999993783 ) ) ;
#1069 = VERTEX_POINT ( 'NONE', #716 ) ;
#1070 = CARTESIAN_POINT ( 'NONE',  ( -28.14582562299424850, 16.25000000000000711, 12.06000000000000583 ) ) ;
#1071 = LINE ( 'NONE', #3412, #620 ) ;
#1072 = CIRCLE ( 'NONE', #3380, 8.000000000000000000 ) ;
#1073 = DIRECTION ( 'NONE',  ( 0.000000000000000000, 0.000000000000000000, 1.000000000000000000 ) ) ;
#1074 = CARTESIAN_POINT ( 'NONE',  ( -22.14582562299419521, -16.25000000000012790, -14.42170494256395585 ) ) ;
#1075 = VECTOR ( 'NONE', #114, 1000.000000000000114 ) ;
#1076 = DIRECTION ( 'NONE',  ( -1.000000000000000000, 0.000000000000000000, 0.000000000000000000 ) ) ;
#1077 = ORIENTED_EDGE ( 'NONE', *, *, #1033, .F. ) ;
#1078 = ORIENTED_EDGE ( 'NONE', *, *, #702, .F. ) ;
#1079 = LINE ( 'NONE', #1409, #1703 ) ;
#1080 = CIRCLE ( 'NONE', #680, 29.00000000000000000 ) ;
#1081 = EDGE_CURVE ( 'NONE', #1914, #1421, #2222, .T. ) ;
#1082 = ADVANCED_FACE ( 'NONE', ( #1110 ), #3696, .F. ) ;
#1083 = CIRCLE ( 'NONE', #3782, 2.552699999999994418 ) ;
#1084 = ORIENTED_EDGE ( 'NONE', *, *, #928, .F. ) ;
#1085 = CARTESIAN_POINT ( 'NONE',  ( 23.84571240034213702, 1.254033185934078976, -17.21383707083699477 ) ) ;
#1086 = CARTESIAN_POINT ( 'NONE',  ( 1.376139464092756226, -22.29018128263959042, -18.41702369049339438 ) ) ;
#1087 = DIRECTION ( 'NONE',  ( -0.000000000000000000, -0.000000000000000000, -1.000000000000000000 ) ) ;
#1088 = EDGE_CURVE ( 'NONE', #2960, #943, #1416, .T. ) ;
#1089 = CARTESIAN_POINT ( 'NONE',  ( 18.83507899055582158, -23.35037043431051984, -6.249999999999993783 ) ) ;
#1090 = CARTESIAN_POINT ( 'NONE',  ( -22.14582562299419521, -16.25000000000012790, -20.95249999999998991 ) ) ;
#1091 = VERTEX_POINT ( 'NONE', #2065 ) ;
#1092 = APPLICATION_PROTOCOL_DEFINITION ( 'draft international standard', 'automotive_design', 1998, #538 ) ;
#1093 = AXIS2_PLACEMENT_3D ( 'NONE', #1347, #3308, #731 ) ;
#1094 = CARTESIAN_POINT ( 'NONE',  ( 0.5446671993443410464, 21.59836764410000143, -18.98192287863911787 ) ) ;
#1095 = ORIENTED_EDGE ( 'NONE', *, *, #2919, .T. ) ;
#1096 = AXIS2_PLACEMENT_3D ( 'NONE', #1285, #3545, #997 ) ;
#1097 = CARTESIAN_POINT ( 'NONE',  ( 26.30808609372701667, 21.96162966434000552, -23.22056274847715684 ) ) ;
#1098 = CARTESIAN_POINT ( 'NONE',  ( 25.53053909162943569, -10.84708632258683103, -14.21109984389636516 ) ) ;
#1099 = CIRCLE ( 'NONE', #3466, 8.000000000000000000 ) ;
#1100 = CARTESIAN_POINT ( 'NONE',  ( 5.392069417936998121, -28.88158676194969487, -12.93449815022522031 ) ) ;
#1101 = VECTOR ( 'NONE', #842, 1000.000000000000000 ) ;
#1102 = DIRECTION ( 'NONE',  ( -0.000000000000000000, -0.000000000000000000, 1.000000000000000000 ) ) ;
#1103 = ORIENTED_EDGE ( 'NONE', *, *, #39, .F. ) ;
#1104 = EDGE_LOOP ( 'NONE', ( #1498, #2715, #3071, #3500 ) ) ;
#1105 = CARTESIAN_POINT ( 'NONE',  ( -24.50000000000000000, -0.1127861876312626771, -16.73027777777775427 ) ) ;
#1106 = ORIENTED_EDGE ( 'NONE', *, *, #474, .T. ) ;
#1107 = CARTESIAN_POINT ( 'NONE',  ( 23.68019451272926190, 1.349057127895308517, -17.33812404440988075 ) ) ;
#1108 = ORIENTED_EDGE ( 'NONE', *, *, #1403, .T. ) ;
#1109 = CARTESIAN_POINT ( 'NONE',  ( -28.14582562299425561, -16.25000000000001066, -6.249999999999992006 ) ) ;
#1110 = FACE_OUTER_BOUND ( 'NONE', #4069, .T. ) ;
#1111 = ORIENTED_EDGE ( 'NONE', *, *, #710, .F. ) ;
#1112 = EDGE_CURVE ( 'NONE', #4079, #2097, #3645, .T. ) ;
#1113 = EDGE_CURVE ( 'NONE', #413, #433, #1462, .T. ) ;
#1114 = CARTESIAN_POINT ( 'NONE',  ( -37.54343440694599821, -5.872864116540021051, -6.249999999999993783 ) ) ;
#1115 = CARTESIAN_POINT ( 'NONE',  ( 22.33999758734564267, -14.68664556283620648, -14.99384060917679129 ) ) ;
#1116 = DIRECTION ( 'NONE',  ( -0.000000000000000000, -0.000000000000000000, 1.000000000000000000 ) ) ;
#1117 = DIRECTION ( 'NONE',  ( -1.000000000000000000, 0.000000000000000000, 0.000000000000000000 ) ) ;
#1118 = FACE_OUTER_BOUND ( 'NONE', #636, .T. ) ;
#1119 = VERTEX_POINT ( 'NONE', #3337 ) ;
#1120 = EDGE_LOOP ( 'NONE', ( #390, #2372, #1440, #3989 ) ) ;
#1121 = CARTESIAN_POINT ( 'NONE',  ( -22.14817556459365733, -1.238065207279881452, -18.53261368096818629 ) ) ;
#1122 = CARTESIAN_POINT ( 'NONE',  ( 22.30068042426923469, -1.338854429257383183, -18.40967720442338162 ) ) ;
#1123 = ORIENTED_EDGE ( 'NONE', *, *, #3802, .F. ) ;
#1124 = CARTESIAN_POINT ( 'NONE',  ( 23.34052681747724733, 1.471958286111047620, -17.59611122060479005 ) ) ;
#1125 = AXIS2_PLACEMENT_3D ( 'NONE', #3815, #916, #2207 ) ;
#1126 = CARTESIAN_POINT ( 'NONE',  ( -1.500000000000000444, -23.00000000000000000, -10.07749999999998458 ) ) ;
#1127 = ORIENTED_EDGE ( 'NONE', *, *, #2533, .F. ) ;
#1128 = DIRECTION ( 'NONE',  ( -0.000000000000000000, -0.000000000000000000, 1.000000000000000000 ) ) ;
#1129 = B_SPLINE_CURVE_WITH_KNOTS ( 'NONE', 3,
 ( #3896, #3650, #2351, #2625, #748, #3334, #437, #1718, #3917, #3611, #2435, #2082, #3118, #771, #3374, #1456, #229, #1516, #522, #1436, #184, #1493, #2731, #3401, #3435, #542 ),
 .UNSPECIFIED., .F., .F.,
 ( 4, 2, 2, 2, 2, 2, 2, 2, 2, 2, 2, 2, 4 ),
 ( 0.002276879723715536600, 0.002859267328267189011, 0.003441654932818841856, 0.004606430141922146677, 0.005188817746473797787, 0.005771205351025448897, 0.006935980560128751984, 0.007518368164680402227, 0.008100755769232054204, 0.009265530978335354689, 0.009847918582887003197, 0.01043030618743865170, 0.01159508139654194872 ),
 .UNSPECIFIED. ) ;
#1130 = FACE_BOUND ( 'NONE', #1362, .T. ) ;
#1131 = VERTEX_POINT ( 'NONE', #2734 ) ;
#1132 = CARTESIAN_POINT ( 'NONE',  ( -22.18900468915046886, 19.63429481918256769, -12.74211718274732519 ) ) ;
#1133 = DIRECTION ( 'NONE',  ( -0.000000000000000000, -0.000000000000000000, 1.000000000000000000 ) ) ;
#1134 = EDGE_CURVE ( 'NONE', #2711, #186, #2380, .T. ) ;
#1135 = EDGE_CURVE ( 'NONE', #667, #983, #2001, .T. ) ;
#1136 = VECTOR ( 'NONE', #3081, 1000.000000000000000 ) ;
#1137 = CARTESIAN_POINT ( 'NONE',  ( 24.31584422247609467, -11.62767743939278375, -14.82280109448975125 ) ) ;
#1138 = DIRECTION ( 'NONE',  ( -0.000000000000000000, -0.000000000000000000, 1.000000000000000000 ) ) ;
#1139 = AXIS2_PLACEMENT_3D ( 'NONE', #2276, #1641, #945 ) ;
#1140 = CARTESIAN_POINT ( 'NONE',  ( -17.50000000000000355, 2.143131898507868643E-15, -10.07749999999998458 ) ) ;
#1141 = ADVANCED_FACE ( 'NONE', ( #4020 ), #172, .T. ) ;
#1142 = CARTESIAN_POINT ( 'NONE',  ( -29.54343440694599821, -5.872864116540021051, 0.000000000000000000 ) ) ;
#1143 = ORIENTED_EDGE ( 'NONE', *, *, #2590, .T. ) ;
#1144 = VERTEX_POINT ( 'NONE', #3680 ) ;
#1145 = CARTESIAN_POINT ( 'NONE',  ( -23.16538544915078646, -1.501183978980378253, -17.73052117942622274 ) ) ;
#1146 = AXIS2_PLACEMENT_3D ( 'NONE', #1798, #2764, #4050 ) ;
#1147 = VERTEX_POINT ( 'NONE', #3356 ) ;
#1148 = CARTESIAN_POINT ( 'NONE',  ( -1.192622389734054720E-14, -32.50000000000000000, -6.249999999999994671 ) ) ;
#1149 = CIRCLE ( 'NONE', #144, 1.500000000000000444 ) ;
#1150 = CARTESIAN_POINT ( 'NONE',  ( -5.865286150960838718, 33.76428571428571956, 6.250000000000005329 ) ) ;
#1151 = ORIENTED_EDGE ( 'NONE', *, *, #474, .F. ) ;
#1152 = AXIS2_PLACEMENT_3D ( 'NONE', #4043, #2999, #1423 ) ;
#1153 = ORIENTED_EDGE ( 'NONE', *, *, #1402, .T. ) ;
#1154 = AXIS2_PLACEMENT_3D ( 'NONE', #812, #2083, #1764 ) ;
#1155 = ORIENTED_EDGE ( 'NONE', *, *, #3050, .F. ) ;
#1156 = DIRECTION ( 'NONE',  ( 0.000000000000000000, 0.000000000000000000, 1.000000000000000000 ) ) ;
#1157 = VECTOR ( 'NONE', #3845, 1000.000000000000000 ) ;
#1158 = CYLINDRICAL_SURFACE ( 'NONE', #3918, 2.552699999999992642 ) ;
#1159 = DIRECTION ( 'NONE',  ( -0.000000000000000000, -0.000000000000000000, 1.000000000000000000 ) ) ;
#1160 = EDGE_CURVE ( 'NONE', #2286, #296, #1958, .T. ) ;
#1161 = VECTOR ( 'NONE', #1533, 1000.000000000000000 ) ;
#1162 = CARTESIAN_POINT ( 'NONE',  ( -23.77260773622869650, 12.12953419534797916, -15.02963784530540892 ) ) ;
#1163 = FACE_OUTER_BOUND ( 'NONE', #2122, .T. ) ;
#1164 = ORIENTED_EDGE ( 'NONE', *, *, #853, .F. ) ;
#1165 = VECTOR ( 'NONE', #3966, 1000.000000000000000 ) ;
#1166 = VECTOR ( 'NONE', #1831, 1000.000000000000000 ) ;
#1167 = VERTEX_POINT ( 'NONE', #1439 ) ;
#1168 = CARTESIAN_POINT ( 'NONE',  ( -22.14582562299429114, 16.24999999999993960, -14.42170494256398428 ) ) ;
#1169 = EDGE_CURVE ( 'NONE', #2473, #943, #3910, .T. ) ;
#1170 = EDGE_CURVE ( 'NONE', #433, #1667, #1752, .T. ) ;
#1171 = DIRECTION ( 'NONE',  ( -0.7071067811865474617, 0.000000000000000000, -0.7071067811865474617 ) ) ;
#1172 = EDGE_LOOP ( 'NONE', ( #400, #2982, #3913, #3201 ) ) ;
#1173 = VERTEX_POINT ( 'NONE', #2223 ) ;
#1174 = DIRECTION ( 'NONE',  ( 1.000000000000000000, 0.000000000000000000, 0.000000000000000000 ) ) ;
#1175 = CARTESIAN_POINT ( 'NONE',  ( -28.14582562299425206, 16.25000000000001066, 13.59381690219166394 ) ) ;
#1176 = ORIENTED_EDGE ( 'NONE', *, *, #833, .T. ) ;
#1177 = ORIENTED_EDGE ( 'NONE', *, *, #3550, .F. ) ;
#1178 = CARTESIAN_POINT ( 'NONE',  ( -21.86794180718506553, 20.36450232309419306, -12.54537750449063616 ) ) ;
#1179 = LINE ( 'NONE', #2462, #272 ) ;
#1180 = DIRECTION ( 'NONE',  ( -0.000000000000000000, -0.000000000000000000, -1.000000000000000000 ) ) ;
#1181 = DIRECTION ( 'NONE',  ( 1.000000000000000000, 0.000000000000000000, 0.000000000000000000 ) ) ;
#1182 = LINE ( 'NONE', #3738, #2305 ) ;
#1183 = CARTESIAN_POINT ( 'NONE',  ( -22.26526631119368105, -15.01747206593024053, -14.89869266169960582 ) ) ;
#1184 = CARTESIAN_POINT ( 'NONE',  ( 22.37785951953027563, 18.09874098687901878, -13.40147805931295544 ) ) ;
#1185 = ORIENTED_EDGE ( 'NONE', *, *, #2511, .F. ) ;
#1186 = CARTESIAN_POINT ( 'NONE',  ( 21.50000000000000000, 1.658753602626325943E-22, -19.06361111111108997 ) ) ;
#1187 = DIRECTION ( 'NONE',  ( -0.000000000000000000, -0.000000000000000000, 1.000000000000000000 ) ) ;
#1188 = ADVANCED_FACE ( 'NONE', ( #1868 ), #293, .T. ) ;
#1189 = EDGE_CURVE ( 'NONE', #425, #2245, #1889, .T. ) ;
#1190 = VERTEX_POINT ( 'NONE', #11 ) ;
#1191 = CARTESIAN_POINT ( 'NONE',  ( 28.48714868196768890, 8.880911553884207166, -12.57781190286296891 ) ) ;
#1192 = MANIFOLD_SOLID_BREP ( 'DeleteFace2', #1872 ) ;
#1193 = DIRECTION ( 'NONE',  ( 1.000000000000000000, 0.000000000000000000, 0.000000000000000000 ) ) ;
#1194 = ADVANCED_FACE ( 'NONE', ( #4141 ), #1912, .F. ) ;
#1195 = ORIENTED_EDGE ( 'NONE', *, *, #1275, .T. ) ;
#1196 = EDGE_LOOP ( 'NONE', ( #3925, #3935, #1218, #754 ) ) ;
#1197 = DIRECTION ( 'NONE',  ( -0.000000000000000000, -0.000000000000000000, 1.000000000000000000 ) ) ;
#1198 = CARTESIAN_POINT ( 'NONE',  ( 0.000000000000000000, 0.000000000000000000, 19.45250000000001123 ) ) ;
#1199 = CARTESIAN_POINT ( 'NONE',  ( 0.000000000000000000, 0.000000000000000000, -10.07749999999998458 ) ) ;
#1200 = LINE ( 'NONE', #3490, #219 ) ;
#1201 = AXIS2_PLACEMENT_3D ( 'NONE', #2490, #2466, #882 ) ;
#1202 = CARTESIAN_POINT ( 'NONE',  ( -23.15365512750236476, -12.90522919971840032, -15.17061593083987248 ) ) ;
#1203 = DIRECTION ( 'NONE',  ( 1.000000000000000000, 0.000000000000000000, 0.000000000000000000 ) ) ;
#1204 = VERTEX_POINT ( 'NONE', #265 ) ;
#1205 = PLANE ( 'NONE',  #2512 ) ;
#1206 = CONICAL_SURFACE ( 'NONE', #2891, 2.552699999999994418, 1.029744258676652535 ) ;
#1207 = CARTESIAN_POINT ( 'NONE',  ( 29.00000000000000000, 0.000000000000000000, 0.000000000000000000 ) ) ;
#1208 = FILL_AREA_STYLE ('',( #3222 ) ) ;
#1209 = EDGE_LOOP ( 'NONE', ( #2765, #459, #1051, #540 ) ) ;
#1210 = VERTEX_POINT ( 'NONE', #2520 ) ;
#1211 = CARTESIAN_POINT ( 'NONE',  ( 26.32829082044181490, 10.53190877639176293, -13.73065561476731489 ) ) ;
#1212 = CIRCLE ( 'NONE', #4034, 2.552699999999992642 ) ;
#1213 = ADVANCED_FACE ( 'NONE', ( #888 ), #3832, .T. ) ;
#1214 = DIRECTION ( 'NONE',  ( 0.000000000000000000, 0.000000000000000000, -1.000000000000000000 ) ) ;
#1215 = EDGE_CURVE ( 'NONE', #1057, #2664, #872, .T. ) ;
#1216 = CARTESIAN_POINT ( 'NONE',  ( 13.68566768557530189, -35.45000000000000995, 0.000000000000000000 ) ) ;
#1217 = AXIS2_PLACEMENT_3D ( 'NONE', #561, #2174, #1908 ) ;
#1218 = ORIENTED_EDGE ( 'NONE', *, *, #3830, .T. ) ;
#1219 = CARTESIAN_POINT ( 'NONE',  ( 0.000000000000000000, 0.000000000000000000, -19.45249999999998280 ) ) ;
#1220 = CIRCLE ( 'NONE', #744, 42.49999999999999289 ) ;
#1221 = PRODUCT ( '5-17 Fixed Holes', '5-17 Fixed Holes', '', ( #3682 ) ) ;
#1222 = EDGE_CURVE ( 'NONE', #1060, #775, #313, .T. ) ;
#1223 = AXIS2_PLACEMENT_3D ( 'NONE', #2261, #678, #2281 ) ;
#1224 = EDGE_LOOP ( 'NONE', ( #2104, #726, #1453, #420, #2208, #318, #2397, #266, #2786, #908 ) ) ;
#1225 = LINE ( 'NONE', #3425, #1136 ) ;
#1226 = CARTESIAN_POINT ( 'NONE',  ( 22.28504596091627477, -17.53501430053164256, -13.73065561476729712 ) ) ;
#1227 = DIRECTION ( 'NONE',  ( 1.000000000000000000, 0.000000000000000000, 0.000000000000000000 ) ) ;
#1228 = VECTOR ( 'NONE', #1180, 1000.000000000000000 ) ;
#1229 = FACE_OUTER_BOUND ( 'NONE', #663, .T. ) ;
#1230 = CIRCLE ( 'NONE', #2915, 24.50000000000000355 ) ;
#1231 = CYLINDRICAL_SURFACE ( 'NONE', #332, 24.50000000000000000 ) ;
#1232 = CARTESIAN_POINT ( 'NONE',  ( 28.14582562299425916, 16.25000000000000000, -23.22056274847715684 ) ) ;
#1233 = VERTEX_POINT ( 'NONE', #586 ) ;
#1234 = CIRCLE ( 'NONE', #2179, 8.000000000000000000 ) ;
#1235 = LINE ( 'NONE', #2613, #227 ) ;
#1236 = AXIS2_PLACEMENT_3D ( 'NONE', #1746, #2698, #3277 ) ;
#1237 = DIRECTION ( 'NONE',  ( -0.000000000000000000, -0.000000000000000000, 1.000000000000000000 ) ) ;
#1238 = CARTESIAN_POINT ( 'NONE',  ( 21.50000000000000000, 1.658753602626325943E-22, -19.06361111111108997 ) ) ;
#1239 = CIRCLE ( 'NONE', #497, 29.39999999999999503 ) ;
#1240 = SURFACE_STYLE_FILL_AREA ( #1208 ) ;
#1241 = ORIENTED_EDGE ( 'NONE', *, *, #1433, .T. ) ;
#1242 = VERTEX_POINT ( 'NONE', #2202 ) ;
#1243 = CARTESIAN_POINT ( 'NONE',  ( -23.69683083218940922, 1.384911126140899285, -17.32473138875047169 ) ) ;
#1244 = AXIS2_PLACEMENT_3D ( 'NONE', #3230, #1583, #2257 ) ;
#1245 = DIRECTION ( 'NONE',  ( 0.000000000000000000, 0.000000000000000000, -1.000000000000000000 ) ) ;
#1246 = DIRECTION ( 'NONE',  ( -1.000000000000000000, 0.000000000000000000, 0.000000000000000000 ) ) ;
#1247 = CIRCLE ( 'NONE', #3608, 34.50000000000000711 ) ;
#1248 = ORIENTED_EDGE ( 'NONE', *, *, #3830, .F. ) ;
#1249 = CARTESIAN_POINT ( 'NONE',  ( 3.984302198030716898E-15, 32.50000000000000000, -20.95249999999998991 ) ) ;
#1250 = ORIENTED_EDGE ( 'NONE', *, *, #3194, .F. ) ;
#1251 = CARTESIAN_POINT ( 'NONE',  ( 22.75351108918743748, 13.58977115063912322, -15.17471821226348894 ) ) ;
#1252 = CARTESIAN_POINT ( 'NONE',  ( -22.01017124224799204, -20.07560407276704240, -12.61573586163175342 ) ) ;
#1253 = DIRECTION ( 'NONE',  ( 0.000000000000000000, 0.000000000000000000, 1.000000000000000000 ) ) ;
#1254 = EDGE_CURVE ( 'NONE', #806, #3176, #1212, .T. ) ;
#1255 = CARTESIAN_POINT ( 'NONE',  ( 28.14582562299425916, 16.25000000000000000, -6.249999999999993783 ) ) ;
#1256 = ADVANCED_FACE ( 'NONE', ( #4159 ), #475, .F. ) ;
#1257 = CARTESIAN_POINT ( 'NONE',  ( 22.34991417885561305, 14.68680490824769436, -14.98570644459172030 ) ) ;
#1258 = CARTESIAN_POINT ( 'NONE',  ( -22.33959692899395932, 14.70242585266640312, -14.98673395613330150 ) ) ;
#1259 = DIRECTION ( 'NONE',  ( 1.000000000000000000, 0.000000000000000000, 0.000000000000000000 ) ) ;
#1260 = CARTESIAN_POINT ( 'NONE',  ( 22.28504596091570633, 17.53501430053232113, -13.73065561476731489 ) ) ;
#1261 = ORIENTED_EDGE ( 'NONE', *, *, #3194, .T. ) ;
#1262 = DIRECTION ( 'NONE',  ( 0.000000000000000000, 0.000000000000000000, -1.000000000000000000 ) ) ;
#1263 = DIRECTION ( 'NONE',  ( -1.000000000000000000, 0.000000000000000000, 0.000000000000000000 ) ) ;
#1264 = ORIENTED_EDGE ( 'NONE', *, *, #138, .T. ) ;
#1265 = ORIENTED_EDGE ( 'NONE', *, *, #1327, .F. ) ;
#1266 = DIRECTION ( 'NONE',  ( -0.000000000000000000, -0.000000000000000000, 1.000000000000000000 ) ) ;
#1267 = DIRECTION ( 'NONE',  ( -0.000000000000000000, -0.000000000000000000, 1.000000000000000000 ) ) ;
#1268 = ORIENTED_EDGE ( 'NONE', *, *, #523, .T. ) ;
#1269 = CARTESIAN_POINT ( 'NONE',  ( -21.20522252253533679, -21.22118134717670301, -12.45249999999997748 ) ) ;
#1270 = EDGE_LOOP ( 'NONE', ( #3182, #3097, #294, #2970 ) ) ;
#1271 = LINE ( 'NONE', #3569, #2249 ) ;
#1272 = DIRECTION ( 'NONE',  ( 0.000000000000000000, 0.000000000000000000, -1.000000000000000000 ) ) ;
#1273 = EDGE_CURVE ( 'NONE', #3228, #385, #1, .T. ) ;
#1274 = DIRECTION ( 'NONE',  ( -0.000000000000000000, -0.000000000000000000, 1.000000000000000000 ) ) ;
#1275 = EDGE_CURVE ( 'NONE', #2808, #1704, #3716, .T. ) ;
#1276 = CARTESIAN_POINT ( 'NONE',  ( -1.358607526432796808, 26.65265890893364542, -15.02958432439548631 ) ) ;
#1277 = CARTESIAN_POINT ( 'NONE',  ( 2.552699999999999747, 32.50000000000000000, 12.06000000000000583 ) ) ;
#1278 = ORIENTED_EDGE ( 'NONE', *, *, #3468, .F. ) ;
#1279 = EDGE_CURVE ( 'NONE', #2665, #3047, #543, .T. ) ;
#1280 = CARTESIAN_POINT ( 'NONE',  ( -26.30808609372701667, -21.96162966434000552, -23.22056274847715684 ) ) ;
#1281 = DIRECTION ( 'NONE',  ( 0.000000000000000000, 0.000000000000000000, -1.000000000000000000 ) ) ;
#1282 = VERTEX_POINT ( 'NONE', #2600 ) ;
#1283 = ORIENTED_EDGE ( 'NONE', *, *, #3232, .F. ) ;
#1284 = VECTOR ( 'NONE', #1520, 1000.000000000000000 ) ;
#1285 = CARTESIAN_POINT ( 'NONE',  ( -28.14582562299419166, -16.25000000000012790, -6.249999999999993783 ) ) ;
#1286 = CARTESIAN_POINT ( 'NONE',  ( 0.000000000000000000, 0.000000000000000000, -16.95249999999998636 ) ) ;
#1287 = AXIS2_PLACEMENT_3D ( 'NONE', #1047, #3010, #774 ) ;
#1288 = DIRECTION ( 'NONE',  ( 0.000000000000000000, 0.000000000000000000, -1.000000000000000000 ) ) ;
#1289 = EDGE_LOOP ( 'NONE', ( #3637, #2382, #2633, #670 ) ) ;
#1290 = AXIS2_PLACEMENT_3D ( 'NONE', #3633, #2085, #460 ) ;
#1291 = B_SPLINE_CURVE_WITH_KNOTS ( 'NONE', 3,
 ( #3013, #1987, #1353, #3315, #85, #779, #380, #1094, #1420, #718, #1375, #2720, #1661, #2383, #3035, #4009, #62, #2631, #3923, #1030, #2320, #3464 ),
 .UNSPECIFIED., .F., .F.,
 ( 4, 2, 2, 2, 2, 2, 2, 2, 2, 2, 4 ),
 ( 0.007125345695296556384, 0.007794315778973304708, 0.008463285862650053032, 0.009132255946326800489, 0.009466740988165175952, 0.009801226030003549680, 0.01047019611368029887, 0.01080468115551867260, 0.01113916619735704633, 0.01180813628103379379, 0.01247710636471054471 ),
 .UNSPECIFIED. ) ;
#1292 = ORIENTED_EDGE ( 'NONE', *, *, #3395, .F. ) ;
#1293 = FACE_BOUND ( 'NONE', #1373, .T. ) ;
#1294 = DIRECTION ( 'NONE',  ( -0.000000000000000000, -0.000000000000000000, -1.000000000000000000 ) ) ;
#1295 = CIRCLE ( 'NONE', #147, 30.00000000000000355 ) ;
#1296 = CARTESIAN_POINT ( 'NONE',  ( 0.3914483493061742259, 26.50958975622175018, -15.16556875979783392 ) ) ;
#1297 = CONICAL_SURFACE ( 'NONE', #1760, 30.00000000000000355, 0.9097531579442098559 ) ;
#1298 = DIRECTION ( 'NONE',  ( 0.000000000000000000, 0.000000000000000000, -1.000000000000000000 ) ) ;
#1299 = ORIENTED_EDGE ( 'NONE', *, *, #246, .F. ) ;
#1300 = EDGE_CURVE ( 'NONE', #3895, #1173, #1072, .T. ) ;
#1301 = DIRECTION ( 'NONE',  ( 1.000000000000000000, -5.329070518200751394E-15, 0.000000000000000000 ) ) ;
#1302 = CARTESIAN_POINT ( 'NONE',  ( -30.69852562299425003, -16.24999999999999645, 12.06000000000000583 ) ) ;
#1303 = ORIENTED_EDGE ( 'NONE', *, *, #3524, .F. ) ;
#1304 = CIRCLE ( 'NONE', #1699, 8.000000000000000000 ) ;
#1305 = VERTEX_POINT ( 'NONE', #31 ) ;
#1306 = EDGE_CURVE ( 'NONE', #1144, #1714, #3977, .T. ) ;
#1307 = CARTESIAN_POINT ( 'NONE',  ( -5.865286150960838718, 33.76428571428571956, -23.22056274847715684 ) ) ;
#1308 = EDGE_CURVE ( 'NONE', #2924, #2773, #1491, .T. ) ;
#1309 = DIRECTION ( 'NONE',  ( 1.000000000000000000, 0.000000000000000000, 0.000000000000000000 ) ) ;
#1310 = AXIS2_PLACEMENT_3D ( 'NONE', #1544, #990, #3178 ) ;
#1311 = ORIENTED_EDGE ( 'NONE', *, *, #1815, .F. ) ;
#1312 = CARTESIAN_POINT ( 'NONE',  ( 22.28504596091627121, -17.53501430053164256, -20.95249999999998991 ) ) ;
#1313 = VECTOR ( 'NONE', #1418, 1000.000000000000000 ) ;
#1314 = ORIENTED_EDGE ( 'NONE', *, *, #1354, .F. ) ;
#1315 = AXIS2_PLACEMENT_3D ( 'NONE', #3520, #366, #1301 ) ;
#1316 = CARTESIAN_POINT ( 'NONE',  ( -28.14582562299425561, -16.25000000000001066, 6.250000000000005329 ) ) ;
#1317 = DIRECTION ( 'NONE',  ( 0.000000000000000000, 0.000000000000000000, -1.000000000000000000 ) ) ;
#1318 = DIRECTION ( 'NONE',  ( -0.000000000000000000, -0.000000000000000000, -1.000000000000000000 ) ) ;
#1319 = DIRECTION ( 'NONE',  ( -1.000000000000000000, 0.000000000000000000, 0.000000000000000000 ) ) ;
#1320 = CARTESIAN_POINT ( 'NONE',  ( 27.50000000000000355, 0.000000000000000000, 0.000000000000000000 ) ) ;
#1321 = CARTESIAN_POINT ( 'NONE',  ( -28.14582562299425561, -16.24999999999999645, 12.06000000000000583 ) ) ;
#1322 = EDGE_LOOP ( 'NONE', ( #462, #254, #96, #3282, #2299, #3797, #1039, #3780 ) ) ;
#1323 = ORIENTED_EDGE ( 'NONE', *, *, #1711, .F. ) ;
#1324 = DIRECTION ( 'NONE',  ( 0.000000000000000000, 0.000000000000000000, 1.000000000000000000 ) ) ;
#1325 = CARTESIAN_POINT ( 'NONE',  ( -4.200100801819114721E-18, -32.50000000000000000, -23.22056274847715684 ) ) ;
#1326 = ADVANCED_FACE ( 'NONE', ( #3871 ), #2095, .F. ) ;
#1327 = EDGE_CURVE ( 'NONE', #2245, #2808, #2359, .T. ) ;
#1328 = VERTEX_POINT ( 'NONE', #3604 ) ;
#1329 = CARTESIAN_POINT ( 'NONE',  ( -22.37785951953074104, 18.39169050088635871, -13.25680653369183837 ) ) ;
#1330 = EDGE_CURVE ( 'NONE', #3209, #1536, #3776, .T. ) ;
#1331 = DIRECTION ( 'NONE',  ( 0.000000000000000000, 0.000000000000000000, 1.000000000000000000 ) ) ;
#1332 = DIRECTION ( 'NONE',  ( -1.000000000000000000, 0.000000000000000000, 0.000000000000000000 ) ) ;
#1333 = FACE_OUTER_BOUND ( 'NONE', #521, .T. ) ;
#1334 = DIRECTION ( 'NONE',  ( 0.000000000000000000, 0.000000000000000000, -1.000000000000000000 ) ) ;
#1335 = CARTESIAN_POINT ( 'NONE',  ( -1.908464894667083689, 26.80843342224687476, -14.88252092032034923 ) ) ;
#1336 = DIRECTION ( 'NONE',  ( 0.000000000000000000, 0.000000000000000000, -1.000000000000000000 ) ) ;
#1337 = B_SPLINE_CURVE_WITH_KNOTS ( 'NONE', 3,
 ( #2474, #3482, #2812, #589, #891, #297, #2184, #3184, #3163, #1243, #3813, #2561, #960, #2539, #1915, #4163, #270, #914, #1894, #2862, #4144, #3206 ),
 .UNSPECIFIED., .F., .F.,
 ( 4, 2, 2, 2, 2, 2, 2, 2, 2, 2, 4 ),
 ( 0.002224705709799074550, 0.002556062298356199126, 0.002887418886913323268, 0.003218775475470447844, 0.003550132064027572421, 0.004875558418256067256, 0.005538271595370312071, 0.006200984772484555152, 0.006532341361041677993, 0.006863697949598800835, 0.007526411126713043048 ),
 .UNSPECIFIED. ) ;
#1338 = DIRECTION ( 'NONE',  ( 1.000000000000000000, 0.000000000000000000, 0.000000000000000000 ) ) ;
#1339 = CARTESIAN_POINT ( 'NONE',  ( 17.50000000000000000, 2.143131898507868248E-15, -16.45250000000001123 ) ) ;
#1340 = ORIENTED_EDGE ( 'NONE', *, *, #1706, .T. ) ;
#1341 = ORIENTED_EDGE ( 'NONE', *, *, #2451, .T. ) ;
#1342 = CARTESIAN_POINT ( 'NONE',  ( 22.37785951953027919, 18.63624023222038772, -13.13603697774271772 ) ) ;
#1343 = CYLINDRICAL_SURFACE ( 'NONE', #820, 2.552699999999990865 ) ;
#1344 = LINE ( 'NONE', #2623, #3095 ) ;
#1345 = CIRCLE ( 'NONE', #2288, 2.552699999999994418 ) ;
#1346 = ORIENTED_EDGE ( 'NONE', *, *, #2927, .T. ) ;
#1347 = CARTESIAN_POINT ( 'NONE',  ( -1.192622389734054720E-14, -32.50000000000000000, -6.249999999999993783 ) ) ;
#1348 = EDGE_CURVE ( 'NONE', #3618, #935, #4037, .T. ) ;
#1349 = AXIS2_PLACEMENT_3D ( 'NONE', #737, #2740, #1052 ) ;
#1350 = CARTESIAN_POINT ( 'NONE',  ( -29.63955347916789407, 4.636471670952649227, 0.000000000000000000 ) ) ;
#1351 = DIRECTION ( 'NONE',  ( 0.000000000000000000, 0.000000000000000000, -1.000000000000000000 ) ) ;
#1352 = DIRECTION ( 'NONE',  ( -1.000000000000000000, 0.000000000000000000, 0.000000000000000000 ) ) ;
#1353 = CARTESIAN_POINT ( 'NONE',  ( 1.468337605806498525, 22.64510214050340409, -18.13603506160931644 ) ) ;
#1354 = EDGE_CURVE ( 'NONE', #4120, #548, #3326, .T. ) ;
#1355 = AXIS2_PLACEMENT_3D ( 'NONE', #3379, #2807, #1263 ) ;
#1356 = ORIENTED_EDGE ( 'NONE', *, *, #190, .F. ) ;
#1357 = CARTESIAN_POINT ( 'NONE',  ( 28.14582562299426627, -16.24999999999999289, 12.06000000000000583 ) ) ;
#1358 = CARTESIAN_POINT ( 'NONE',  ( -28.14582562299424850, 16.25000000000000711, -6.249999999999993783 ) ) ;
#1359 = AXIS2_PLACEMENT_3D ( 'NONE', #2057, #2407, #845 ) ;
#1360 = CYLINDRICAL_SURFACE ( 'NONE', #3174, 8.000000000000000000 ) ;
#1361 = EDGE_LOOP ( 'NONE', ( #1928, #1606, #3357, #2676, #3433, #1805, #4119, #1830, #2493, #3530 ) ) ;
#1362 = EDGE_LOOP ( 'NONE', ( #86, #2417 ) ) ;
#1363 = CARTESIAN_POINT ( 'NONE',  ( 6.738741432543220888, 25.11153846153846203, -6.249999999999993783 ) ) ;
#1364 = CIRCLE ( 'NONE', #1694, 29.00000000000000000 ) ;
#1365 = LINE ( 'NONE', #2013, #2163 ) ;
#1366 = AXIS2_PLACEMENT_3D ( 'NONE', #1796, #4111, #1816 ) ;
#1367 = ORIENTED_EDGE ( 'NONE', *, *, #2071, .F. ) ;
#1368 = CARTESIAN_POINT ( 'NONE',  ( -22.28504596091616108, 17.53501430053178822, -13.73065561476729357 ) ) ;
#1369 = AXIS2_PLACEMENT_3D ( 'NONE', #3148, #1549, #1594 ) ;
#1370 = DIRECTION ( 'NONE',  ( -0.000000000000000000, -0.000000000000000000, -1.000000000000000000 ) ) ;
#1371 = DIRECTION ( 'NONE',  ( 0.000000000000000000, 0.000000000000000000, 1.000000000000000000 ) ) ;
#1372 = VECTOR ( 'NONE', #4080, 1000.000000000000000 ) ;
#1373 = EDGE_LOOP ( 'NONE', ( #3204, #4092 ) ) ;
#1374 = CARTESIAN_POINT ( 'NONE',  ( 0.000000000000000000, 0.000000000000000000, 19.05250000000001265 ) ) ;
#1375 = CARTESIAN_POINT ( 'NONE',  ( 0.1131482851179352184, 21.50000361996395881, -19.06360809915140919 ) ) ;
#1376 = AXIS2_PLACEMENT_3D ( 'NONE', #1049, #755, #104 ) ;
#1377 = ORIENTED_EDGE ( 'NONE', *, *, #1348, .F. ) ;
#1378 = CARTESIAN_POINT ( 'NONE',  ( -20.99999999999998934, 3.122849337825749828E-15, -19.45249999999998280 ) ) ;
#1379 = EDGE_CURVE ( 'NONE', #3552, #1496, #2228, .T. ) ;
#1380 = EDGE_CURVE ( 'NONE', #1741, #3562, #3890, .T. ) ;
#1381 = DIRECTION ( 'NONE',  ( -1.000000000000000000, 0.000000000000000000, 0.000000000000000000 ) ) ;
#1382 = AXIS2_PLACEMENT_3D ( 'NONE', #1255, #4171, #283 ) ;
#1383 = DIRECTION ( 'NONE',  ( 0.000000000000000000, 0.000000000000000000, 1.000000000000000000 ) ) ;
#1384 = DIRECTION ( 'NONE',  ( 1.000000000000000000, 0.000000000000000000, 0.000000000000000000 ) ) ;
#1385 = FACE_BOUND ( 'NONE', #2203, .T. ) ;
#1386 = ADVANCED_FACE ( 'NONE', ( #367 ), #1648, .F. ) ;
#1387 = CYLINDRICAL_SURFACE ( 'NONE', #5, 1.500000000000001332 ) ;
#1388 = EDGE_LOOP ( 'NONE', ( #626, #2620, #1806, #510, #965, #1268, #2081, #3158, #21, #2114, #897, #730, #2819, #3350, #1084, #3589, #3685, #3695, #3420, #969, #562, #3378, #1726 ) ) ;
#1389 = ORIENTED_EDGE ( 'NONE', *, *, #2349, .F. ) ;
#1390 = FACE_OUTER_BOUND ( 'NONE', #3939, .T. ) ;
#1391 = CARTESIAN_POINT ( 'NONE',  ( 28.14582562299439417, -16.24999999999975131, -6.249999999999993783 ) ) ;
#1392 = ORIENTED_EDGE ( 'NONE', *, *, #803, .F. ) ;
#1393 = CARTESIAN_POINT ( 'NONE',  ( -0.1151633595738441734, 24.49965718889096777, -16.73052808436747796 ) ) ;
#1394 = CARTESIAN_POINT ( 'NONE',  ( 22.24925085015740578, 17.37175755152394885, -13.83105467629718532 ) ) ;
#1395 = CARTESIAN_POINT ( 'NONE',  ( 28.75259503537224148, -8.423504256273872670, -12.48427322053270139 ) ) ;
#1396 = B_SPLINE_CURVE_WITH_KNOTS ( 'NONE', 3,
 ( #3731, #1803, #2770, #1762, #143, #2373, #3981, #1474, #832, #3053, #205, #502, #1124, #1107, #1085, #3421, #458, #1785, #167, #2412, #2748, #2712, #4001, #2395 ),
 .UNSPECIFIED., .F., .F.,
 ( 4, 2, 2, 2, 2, 2, 2, 2, 2, 2, 2, 4 ),
 ( 0.0008451360369965907077, 0.001514131368167834701, 0.001848629033753457348, 0.002183126699339079779, 0.002852122030510312496, 0.003521117361681544780, 0.004190112692852777064, 0.004859108024024010215, 0.005193605689609623322, 0.005528103355195237295, 0.005862601020780851269, 0.006197098686366464375 ),
 .UNSPECIFIED. ) ;
#1397 = ORIENTED_EDGE ( 'NONE', *, *, #1706, .F. ) ;
#1398 = LINE ( 'NONE', #60, #3060 ) ;
#1399 = VERTEX_POINT ( 'NONE', #1055 ) ;
#1400 = DIRECTION ( 'NONE',  ( 1.000000000000000000, 0.000000000000000000, 0.000000000000000000 ) ) ;
#1401 = CARTESIAN_POINT ( 'NONE',  ( 3.984302198030716898E-15, 32.50000000000000000, -6.249999999999993783 ) ) ;
#1402 = EDGE_CURVE ( 'NONE', #1669, #1091, #3301, .T. ) ;
#1403 = EDGE_CURVE ( 'NONE', #1949, #3566, #1686, .T. ) ;
#1404 = CYLINDRICAL_SURFACE ( 'NONE', #2771, 29.00000000000000000 ) ;
#1405 = FACE_OUTER_BOUND ( 'NONE', #1693, .T. ) ;
#1406 = CYLINDRICAL_SURFACE ( 'NONE', #3179, 24.50000000000000000 ) ;
#1407 = ORIENTED_EDGE ( 'NONE', *, *, #906, .T. ) ;
#1408 = ORIENTED_EDGE ( 'NONE', *, *, #1380, .F. ) ;
#1409 = CARTESIAN_POINT ( 'NONE',  ( 7.775470883703717639, 28.97485207100592319, 0.000000000000000000 ) ) ;
#1410 = ADVANCED_FACE ( 'NONE', ( #2307 ), #1387, .F. ) ;
#1411 = VERTEX_POINT ( 'NONE', #2034 ) ;
#1412 = CARTESIAN_POINT ( 'NONE',  ( -1.376519572671353941, 23.60270901409845834, -17.39699892424195582 ) ) ;
#1413 = LINE ( 'NONE', #2137, #3389 ) ;
#1414 = AXIS2_PLACEMENT_3D ( 'NONE', #2726, #3415, #1449 ) ;
#1415 = CARTESIAN_POINT ( 'NONE',  ( 29.54343440694599821, -5.872864116540006840, 6.250000000000003553 ) ) ;
#1416 = LINE ( 'NONE', #1065, #3303 ) ;
#1417 = ORIENTED_EDGE ( 'NONE', *, *, #2170, .T. ) ;
#1418 = DIRECTION ( 'NONE',  ( 0.000000000000000000, 0.000000000000000000, 1.000000000000000000 ) ) ;
#1419 = CIRCLE ( 'NONE', #3575, 30.00000000000000355 ) ;
#1420 = CARTESIAN_POINT ( 'NONE',  ( 0.4399988614697007416, 21.56178140456666270, -19.01227297396664895 ) ) ;
#1421 = VERTEX_POINT ( 'NONE', #2581 ) ;
#1422 = DIRECTION ( 'NONE',  ( 1.000000000000000000, 0.000000000000000000, 0.000000000000000000 ) ) ;
#1423 = DIRECTION ( 'NONE',  ( -1.000000000000000000, 0.000000000000000000, 0.000000000000000000 ) ) ;
#1424 = VECTOR ( 'NONE', #441, 1000.000000000000000 ) ;
#1425 = CARTESIAN_POINT ( 'NONE',  ( 21.59661304746530064, -0.5399471212558137889, -18.98337714903416185 ) ) ;
#1426 = CARTESIAN_POINT ( 'NONE',  ( 28.14582562299425561, -16.24999999999999645, 6.250000000000005329 ) ) ;
#1427 = AXIS2_PLACEMENT_3D ( 'NONE', #198, #1734, #3069 ) ;
#1428 = DIRECTION ( 'NONE',  ( 1.000000000000000000, 0.000000000000000000, 0.000000000000000000 ) ) ;
#1429 = ORIENTED_EDGE ( 'NONE', *, *, #3601, .F. ) ;
#1430 = ADVANCED_FACE ( 'NONE', ( #825 ), #405, .F. ) ;
#1431 = CARTESIAN_POINT ( 'NONE',  ( -24.25758448257581179, -0.8239594210815790465, -16.90805444600661289 ) ) ;
#1432 = EDGE_CURVE ( 'NONE', #2537, #2551, #284, .T. ) ;
#1433 = EDGE_CURVE ( 'NONE', #135, #4079, #4029, .T. ) ;
#1434 = AXIS2_PLACEMENT_3D ( 'NONE', #544, #1550, #940 ) ;
#1435 = VERTEX_POINT ( 'NONE', #536 ) ;
#1436 = CARTESIAN_POINT ( 'NONE',  ( -2.430787559967081179, -27.01127130130083387, -14.69256639169086220 ) ) ;
#1437 = CIRCLE ( 'NONE', #1969, 8.000000000000001776 ) ;
#1438 = EDGE_LOOP ( 'NONE', ( #4051, #327, #3405, #2670, #312, #2347, #3338, #3544, #2266, #3004 ) ) ;
#1439 = CARTESIAN_POINT ( 'NONE',  ( 19.00000000000000000, 2.326828918379970970E-15, -19.05249999999998067 ) ) ;
#1440 = ORIENTED_EDGE ( 'NONE', *, *, #190, .T. ) ;
#1441 = AXIS2_PLACEMENT_3D ( 'NONE', #1148, #850, #790 ) ;
#1442 = CARTESIAN_POINT ( 'NONE',  ( 26.30808609372702023, -21.96162966433999131, 6.250000000000005329 ) ) ;
#1443 = ORIENTED_EDGE ( 'NONE', *, *, #2478, .F. ) ;
#1444 = VECTOR ( 'NONE', #4052, 1000.000000000000000 ) ;
#1445 = CARTESIAN_POINT ( 'NONE',  ( 0.000000000000000000, 0.000000000000000000, -19.45249999999998280 ) ) ;
#1446 = CARTESIAN_POINT ( 'NONE',  ( 26.16900877308249207, -10.58253767564722203, -13.83105467629717111 ) ) ;
#1447 = CARTESIAN_POINT ( 'NONE',  ( 0.000000000000000000, -23.00000000000000000, -10.07749999999998458 ) ) ;
#1448 = CONICAL_SURFACE ( 'NONE', #1031, 24.50000000000000000, 0.7853981633974482790 ) ;
#1449 = DIRECTION ( 'NONE',  ( -1.000000000000000000, 0.000000000000000000, 0.000000000000000000 ) ) ;
#1450 = AXIS2_PLACEMENT_3D ( 'NONE', #154, #3066, #2510 ) ;
#1451 = CARTESIAN_POINT ( 'NONE',  ( 0.000000000000000000, 0.000000000000000000, 0.000000000000000000 ) ) ;
#1452 = ORIENTED_EDGE ( 'NONE', *, *, #2043, .T. ) ;
#1453 = ORIENTED_EDGE ( 'NONE', *, *, #3551, .T. ) ;
#1454 = DIRECTION ( 'NONE',  ( 1.000000000000000000, 0.000000000000000000, 0.000000000000000000 ) ) ;
#1455 = ORIENTED_EDGE ( 'NONE', *, *, #2453, .F. ) ;
#1456 = CARTESIAN_POINT ( 'NONE',  ( -0.7807131518408563231, -26.54779589786436489, -15.12917304405977070 ) ) ;
#1457 = B_SPLINE_CURVE_WITH_KNOTS ( 'NONE', 3,
 ( #2444, #575, #1856, #281, #1252, #2527, #3820, #2212, #3510, #2235, #2593, #1961, #2934, #672 ),
 .UNSPECIFIED., .F., .F.,
 ( 4, 2, 2, 2, 2, 2, 4 ),
 ( 0.000000000000000000, 0.001057616366208106963, 0.001586424549312155999, 0.002115232732416205252, 0.002644040915520254071, 0.003172849098624303758, 0.004230465464832392289 ),
 .UNSPECIFIED. ) ;
#1458 = PRODUCT_DEFINITION ( 'UNKNOWN', '', #2651, #3479 ) ;
#1459 = DIRECTION ( 'NONE',  ( 0.000000000000000000, -0.000000000000000000, 1.000000000000000000 ) ) ;
#1460 = EDGE_CURVE ( 'NONE', #2230, #775, #3586, .T. ) ;
#1461 = EDGE_LOOP ( 'NONE', ( #4123, #1443 ) ) ;
#1462 = LINE ( 'NONE', #1090, #2557 ) ;
#1463 = ORIENTED_EDGE ( 'NONE', *, *, #3211, .F. ) ;
#1464 = CARTESIAN_POINT ( 'NONE',  ( 21.67270392661078304, -20.68671811446111164, -12.48454517327947677 ) ) ;
#1465 = ADVANCED_FACE ( 'NONE', ( #2113 ), #3087, .T. ) ;
#1466 = LINE ( 'NONE', #1097, #1745 ) ;
#1467 = CARTESIAN_POINT ( 'NONE',  ( 22.14382749635596426, -16.15655757454164743, -14.46620053625901470 ) ) ;
#1468 = CARTESIAN_POINT ( 'NONE',  ( 25.21801674490512823, 11.00988569950916762, -14.38425759198054266 ) ) ;
#1469 = FACE_OUTER_BOUND ( 'NONE', #2328, .T. ) ;
#1470 = DIRECTION ( 'NONE',  ( -1.000000000000000000, 0.000000000000000000, 0.000000000000000000 ) ) ;
#1471 = VERTEX_POINT ( 'NONE', #2449 ) ;
#1472 = CARTESIAN_POINT ( 'NONE',  ( -21.74202205955072031, -0.8231385485382620715, -18.86336437641707420 ) ) ;
#1473 = ORIENTED_EDGE ( 'NONE', *, *, #3143, .F. ) ;
#1474 = CARTESIAN_POINT ( 'NONE',  ( 22.14273012187815937, 1.245825277300643741, -18.53672866215131521 ) ) ;
#1475 = DIRECTION ( 'NONE',  ( -1.000000000000000000, 0.000000000000000000, 0.000000000000000000 ) ) ;
#1476 = ORIENTED_EDGE ( 'NONE', *, *, #2661, .F. ) ;
#1477 = ORIENTED_EDGE ( 'NONE', *, *, #1379, .F. ) ;
#1478 = CARTESIAN_POINT ( 'NONE',  ( 22.01202265274332959, -20.07162129008749574, -12.61675967384448960 ) ) ;
#1479 = EDGE_CURVE ( 'NONE', #3811, #1233, #944, .T. ) ;
#1480 = CIRCLE ( 'NONE', #196, 2.552699999999990865 ) ;
#1481 = AXIS2_PLACEMENT_3D ( 'NONE', #1955, #3245, #38 ) ;
#1482 = FACE_OUTER_BOUND ( 'NONE', #787, .T. ) ;
#1483 = CARTESIAN_POINT ( 'NONE',  ( 7.775470883703910374, -28.97485207100586280, -6.249999999999993783 ) ) ;
#1484 = DIRECTION ( 'NONE',  ( 1.000000000000000000, 0.000000000000000000, 0.000000000000000000 ) ) ;
#1485 = ADVANCED_FACE ( 'NONE', ( #2077 ), #3416, .T. ) ;
#1486 = CARTESIAN_POINT ( 'NONE',  ( -25.78786021590972766, 10.72477058083638290, -14.06390152765178847 ) ) ;
#1487 = CARTESIAN_POINT ( 'NONE',  ( 4.269378766357653454, -28.27317141689692193, -13.54680109014449663 ) ) ;
#1488 = CARTESIAN_POINT ( 'NONE',  ( -29.54343440694599821, -5.872864116540021051, -6.249999999999993783 ) ) ;
#1489 = ORIENTED_EDGE ( 'NONE', *, *, #828, .T. ) ;
#1490 = CARTESIAN_POINT ( 'NONE',  ( -23.34550813020905835, -1.470756429624541672, -17.59230423432535062 ) ) ;
#1491 = CIRCLE ( 'NONE', #3518, 24.50000000000000355 ) ;
#1492 = ORIENTED_EDGE ( 'NONE', *, *, #2554, .F. ) ;
#1493 = CARTESIAN_POINT ( 'NONE',  ( -2.920075549081027511, -27.25539593613545364, -14.46620053625901114 ) ) ;
#1494 = CIRCLE ( 'NONE', #814, 5.999999999999998224 ) ;
#1495 = CARTESIAN_POINT ( 'NONE',  ( -1.375264198142412964, -22.39450680932798221, -18.33508199392304050 ) ) ;
#1496 = VERTEX_POINT ( 'NONE', #2096 ) ;
#1497 = AXIS2_PLACEMENT_3D ( 'NONE', #791, #120, #1475 ) ;
#1498 = ORIENTED_EDGE ( 'NONE', *, *, #3744, .F. ) ;
#1499 = CARTESIAN_POINT ( 'NONE',  ( -22.35501353115575895, 18.88843249576477135, -13.02375758767794345 ) ) ;
#1500 = AXIS2_PLACEMENT_3D ( 'NONE', #3627, #3546, #2268 ) ;
#1501 = ORIENTED_EDGE ( 'NONE', *, *, #1169, .T. ) ;
#1502 = CARTESIAN_POINT ( 'NONE',  ( -24.50000000000000000, 3.000384657911015469E-15, 11.45250000000002011 ) ) ;
#1503 = AXIS2_PLACEMENT_3D ( 'NONE', #2817, #2866, #4148 ) ;
#1504 = CARTESIAN_POINT ( 'NONE',  ( -30.69852562299424292, -16.24999999999999645, -6.249999999999994671 ) ) ;
#1505 = CARTESIAN_POINT ( 'NONE',  ( 23.04770603466352696, 13.08019794723745655, -15.17472422670871346 ) ) ;
#1506 = VECTOR ( 'NONE', #409, 1000.000000000000000 ) ;
#1507 = ADVANCED_FACE ( 'NONE', ( #3369 ), #1406, .F. ) ;
#1508 = CARTESIAN_POINT ( 'NONE',  ( -24.23775044968412828, 11.68598624320763690, -14.85884663702077901 ) ) ;
#1509 = EDGE_CURVE ( 'NONE', #1543, #210, #2390, .T. ) ;
#1510 = CARTESIAN_POINT ( 'NONE',  ( 21.20522252253493178, 21.22118134717710092, 0.000000000000000000 ) ) ;
#1511 = CARTESIAN_POINT ( 'NONE',  ( 37.54343440694599821, -5.872864116540006840, -6.249999999999993783 ) ) ;
#1512 = ORIENTED_EDGE ( 'NONE', *, *, #2346, .F. ) ;
#1513 = AXIS2_PLACEMENT_3D ( 'NONE', #614, #3819, #2610 ) ;
#1514 = DIRECTION ( 'NONE',  ( 0.000000000000000000, 0.000000000000000000, -1.000000000000000000 ) ) ;
#1515 = ORIENTED_EDGE ( 'NONE', *, *, #389, .T. ) ;
#1516 = CARTESIAN_POINT ( 'NONE',  ( -1.549009360121389900, -26.69032821254250720, -14.99384060917678241 ) ) ;
#1517 = ORIENTED_EDGE ( 'NONE', *, *, #2555, .T. ) ;
#1518 = ORIENTED_EDGE ( 'NONE', *, *, #140, .F. ) ;
#1519 = ORIENTED_EDGE ( 'NONE', *, *, #343, .F. ) ;
#1520 = DIRECTION ( 'NONE',  ( -0.000000000000000000, -0.000000000000000000, 1.000000000000000000 ) ) ;
#1521 = DIRECTION ( 'NONE',  ( -1.000000000000000000, 0.000000000000000000, 0.000000000000000000 ) ) ;
#1522 = LINE ( 'NONE', #3702, #3937 ) ;
#1523 = CARTESIAN_POINT ( 'NONE',  ( -22.81819946326693582, 13.47544206754739626, -15.17580697166182091 ) ) ;
#1524 = CARTESIAN_POINT ( 'NONE',  ( -27.70822254642123994, 9.771124286072364384, -12.93449815022521676 ) ) ;
#1525 = DIRECTION ( 'NONE',  ( 1.000000000000000000, 0.000000000000000000, 0.000000000000000000 ) ) ;
#1526 = ORIENTED_EDGE ( 'NONE', *, *, #3749, .T. ) ;
#1527 = EDGE_CURVE ( 'NONE', #3112, #2360, #3718, .T. ) ;
#1528 = ADVANCED_FACE ( 'NONE', ( #1118 ), #1960, .F. ) ;
#1529 = CARTESIAN_POINT ( 'NONE',  ( -23.00000000000000000, 0.000000000000000000, -10.07749999999998458 ) ) ;
#1530 = DIRECTION ( 'NONE',  ( -1.000000000000000000, 0.000000000000000000, 0.000000000000000000 ) ) ;
#1531 = ORIENTED_EDGE ( 'NONE', *, *, #3858, .F. ) ;
#1532 = ORIENTED_EDGE ( 'NONE', *, *, #3704, .T. ) ;
#1533 = DIRECTION ( 'NONE',  ( -0.000000000000000000, -0.000000000000000000, 1.000000000000000000 ) ) ;
#1534 = EDGE_CURVE ( 'NONE', #3176, #806, #2155, .T. ) ;
#1535 = DIRECTION ( 'NONE',  ( 0.000000000000000000, 0.000000000000000000, -1.000000000000000000 ) ) ;
#1536 = VERTEX_POINT ( 'NONE', #179 ) ;
#1537 = CARTESIAN_POINT ( 'NONE',  ( 0.000000000000000000, 0.000000000000000000, -12.45249999999997748 ) ) ;
#1538 = DIRECTION ( 'NONE',  ( -0.000000000000000000, -0.000000000000000000, -1.000000000000000000 ) ) ;
#1539 = CARTESIAN_POINT ( 'NONE',  ( -4.043244859525925605, 28.06692307692307864, -13.73065561476729535 ) ) ;
#1540 = DIRECTION ( 'NONE',  ( -0.000000000000000000, -0.000000000000000000, 1.000000000000000000 ) ) ;
#1541 = CARTESIAN_POINT ( 'NONE',  ( -27.83401248979000542, 9.659895342477463842, -12.87076489622952380 ) ) ;
#1542 = DIRECTION ( 'NONE',  ( 0.000000000000000000, 0.000000000000000000, 1.000000000000000000 ) ) ;
#1543 = VERTEX_POINT ( 'NONE', #1488 ) ;
#1544 = CARTESIAN_POINT ( 'NONE',  ( -23.00000000000000000, 0.000000000000000000, -20.95249999999998991 ) ) ;
#1545 = CIRCLE ( 'NONE', #3843, 2.552699999999995750 ) ;
#1546 = DIRECTION ( 'NONE',  ( 1.000000000000000000, 0.000000000000000000, 0.000000000000000000 ) ) ;
#1547 = ORIENTED_EDGE ( 'NONE', *, *, #1279, .F. ) ;
#1548 = ORIENTED_EDGE ( 'NONE', *, *, #1189, .T. ) ;
#1549 = DIRECTION ( 'NONE',  ( -0.000000000000000000, -0.000000000000000000, 1.000000000000000000 ) ) ;
#1550 = DIRECTION ( 'NONE',  ( 0.000000000000000000, -0.000000000000000000, 1.000000000000000000 ) ) ;
#1551 = CARTESIAN_POINT ( 'NONE',  ( -25.00000000000000711, 3.061616997868384226E-15, 11.95250000000002721 ) ) ;
#1552 = EDGE_CURVE ( 'NONE', #736, #3711, #617, .T. ) ;
#1553 = EDGE_CURVE ( 'NONE', #1630, #1939, #346, .T. ) ;
#1554 = AXIS2_PLACEMENT_3D ( 'NONE', #1713, #2009, #384 ) ;
#1555 = EDGE_LOOP ( 'NONE', ( #1018, #3730 ) ) ;
#1556 = CARTESIAN_POINT ( 'NONE',  ( 23.85776672137070520, -29.57713588345999156, -6.249999999999993783 ) ) ;
#1557 = CIRCLE ( 'NONE', #3722, 2.552699999999994418 ) ;
#1558 = ORIENTED_EDGE ( 'NONE', *, *, #3624, .F. ) ;
#1559 = DIRECTION ( 'NONE',  ( -1.000000000000000000, 0.000000000000000000, 0.000000000000000000 ) ) ;
#1560 = DIRECTION ( 'NONE',  ( 0.000000000000000000, -0.000000000000000000, 1.000000000000000000 ) ) ;
#1561 = CYLINDRICAL_SURFACE ( 'NONE', #1578, 1.500000000000000444 ) ;
#1562 = VECTOR ( 'NONE', #1267, 1000.000000000000000 ) ;
#1563 = DIRECTION ( 'NONE',  ( 0.000000000000000000, 0.000000000000000000, -1.000000000000000000 ) ) ;
#1564 = CARTESIAN_POINT ( 'NONE',  ( -28.18246699267404409, 9.294671991464324989, -12.70513627312271332 ) ) ;
#1565 = CARTESIAN_POINT ( 'NONE',  ( -28.06807824818177721, -9.424760485888398875, -12.75755905972785520 ) ) ;
#1566 = VERTEX_POINT ( 'NONE', #2744 ) ;
#1567 = AXIS2_PLACEMENT_3D ( 'NONE', #3580, #1971, #1384 ) ;
#1568 = DIRECTION ( 'NONE',  ( 0.000000000000000000, 0.000000000000000000, -1.000000000000000000 ) ) ;
#1569 = AXIS2_PLACEMENT_3D ( 'NONE', #647, #3526, #2157 ) ;
#1570 = CYLINDRICAL_SURFACE ( 'NONE', #3239, 5.999999999999994671 ) ;
#1571 = SURFACE_SIDE_STYLE ('',( #1240 ) ) ;
#1572 = VERTEX_POINT ( 'NONE', #2428 ) ;
#1573 = ORIENTED_EDGE ( 'NONE', *, *, #602, .T. ) ;
#1574 = CARTESIAN_POINT ( 'NONE',  ( 28.17943617909165965, 9.298287315658884111, -12.70649441957943360 ) ) ;
#1575 = DIRECTION ( 'NONE',  ( 0.000000000000000000, 0.000000000000000000, -1.000000000000000000 ) ) ;
#1576 = DIRECTION ( 'NONE',  ( 1.000000000000000000, 0.000000000000000000, 0.000000000000000000 ) ) ;
#1577 = VECTOR ( 'NONE', #2460, 1000.000000000000000 ) ;
#1578 = AXIS2_PLACEMENT_3D ( 'NONE', #3471, #2849, #596 ) ;
#1579 = ORIENTED_EDGE ( 'NONE', *, *, #343, .T. ) ;
#1580 = ADVANCED_FACE ( 'NONE', ( #3725 ), #3669, .T. ) ;
#1581 = ADVANCED_FACE ( 'NONE', ( #1163 ), #3740, .T. ) ;
#1582 = ORIENTED_EDGE ( 'NONE', *, *, #3107, .F. ) ;
#1583 = DIRECTION ( 'NONE',  ( 0.000000000000000000, 0.000000000000000000, -1.000000000000000000 ) ) ;
#1584 = FACE_OUTER_BOUND ( 'NONE', #170, .T. ) ;
#1585 = CARTESIAN_POINT ( 'NONE',  ( -5.865286150960844047, -33.76428571428571956, -23.22056274847715684 ) ) ;
#1586 = CARTESIAN_POINT ( 'NONE',  ( 26.90789321898851583, -10.31050770035689723, -13.37450691810773762 ) ) ;
#1587 = CARTESIAN_POINT ( 'NONE',  ( -4.200100801819114721E-18, -32.50000000000000000, -6.249999999999992006 ) ) ;
#1588 = DIRECTION ( 'NONE',  ( -0.000000000000000000, -0.000000000000000000, -1.000000000000000000 ) ) ;
#1589 = ORIENTED_EDGE ( 'NONE', *, *, #3800, .T. ) ;
#1590 = CARTESIAN_POINT ( 'NONE',  ( 18.83507899055581092, 23.35037043431052339, 6.250000000000003553 ) ) ;
#1591 = DIRECTION ( 'NONE',  ( 0.000000000000000000, 0.000000000000000000, 1.000000000000000000 ) ) ;
#1592 = EDGE_LOOP ( 'NONE', ( #3610, #2004, #3278, #3750 ) ) ;
#1593 = ORIENTED_EDGE ( 'NONE', *, *, #1808, .F. ) ;
#1594 = DIRECTION ( 'NONE',  ( 1.000000000000000000, 0.000000000000000000, 0.000000000000000000 ) ) ;
#1595 = CARTESIAN_POINT ( 'NONE',  ( -22.28504596091605450, -17.53501430053193388, -13.73065561476728824 ) ) ;
#1596 = CARTESIAN_POINT ( 'NONE',  ( 0.000000000000000000, 0.000000000000000000, -102.6444443027283171 ) ) ;
#1597 = ORIENTED_EDGE ( 'NONE', *, *, #3310, .F. ) ;
#1598 = ORIENTED_EDGE ( 'NONE', *, *, #725, .T. ) ;
#1599 = DIRECTION ( 'NONE',  ( -1.000000000000000000, -1.776356839400250267E-15, 0.000000000000000000 ) ) ;
#1600 = ADVANCED_FACE ( 'NONE', ( #2492 ), #222, .F. ) ;
#1601 = CARTESIAN_POINT ( 'NONE',  ( 24.50000000000000000, -2.974865471069905409E-22, -16.73027777777775782 ) ) ;
#1602 = CARTESIAN_POINT ( 'NONE',  ( -3.919757922924569371, 27.95429522717092752, -13.83105467629716401 ) ) ;
#1603 = EDGE_CURVE ( 'NONE', #646, #3955, #1149, .T. ) ;
#1604 = EDGE_CURVE ( 'NONE', #2188, #454, #2026, .T. ) ;
#1605 = CARTESIAN_POINT ( 'NONE',  ( 0.000000000000000000, 0.000000000000000000, 19.45250000000001123 ) ) ;
#1606 = ORIENTED_EDGE ( 'NONE', *, *, #2528, .T. ) ;
#1607 = FACE_BOUND ( 'NONE', #3251, .T. ) ;
#1608 = DIRECTION ( 'NONE',  ( 1.000000000000000000, 0.000000000000000000, 0.000000000000000000 ) ) ;
#1609 = SURFACE_STYLE_USAGE ( .BOTH. , #1571 ) ;
#1610 = ORIENTED_EDGE ( 'NONE', *, *, #2123, .F. ) ;
#1611 = EDGE_LOOP ( 'NONE', ( #1164, #1143, #3033, #1918 ) ) ;
#1612 = DIRECTION ( 'NONE',  ( -1.000000000000000000, 0.000000000000000000, 0.000000000000000000 ) ) ;
#1613 = DIRECTION ( 'NONE',  ( 0.000000000000000000, 0.000000000000000000, 1.000000000000000000 ) ) ;
#1614 = ORIENTED_EDGE ( 'NONE', *, *, #3367, .T. ) ;
#1615 = DIRECTION ( 'NONE',  ( 1.000000000000000000, 0.000000000000000000, 0.000000000000000000 ) ) ;
#1616 = MECHANICAL_DESIGN_GEOMETRIC_PRESENTATION_REPRESENTATION (  '', ( #612 ), #69 ) ;
#1617 = ORIENTED_EDGE ( 'NONE', *, *, #3079, .T. ) ;
#1618 = DIRECTION ( 'NONE',  ( -0.000000000000000000, -0.000000000000000000, -1.000000000000000000 ) ) ;
#1619 = AXIS2_PLACEMENT_3D ( 'NONE', #1755, #4014, #3111 ) ;
#1620 = DIRECTION ( 'NONE',  ( -0.000000000000000000, -0.000000000000000000, -1.000000000000000000 ) ) ;
#1621 = CARTESIAN_POINT ( 'NONE',  ( 0.000000000000000000, 0.000000000000000000, -16.95249999999998636 ) ) ;
#1622 = AXIS2_PLACEMENT_3D ( 'NONE', #907, #1842, #865 ) ;
#1623 = DIRECTION ( 'NONE',  ( -0.000000000000000000, -0.000000000000000000, 1.000000000000000000 ) ) ;
#1624 = CONICAL_SURFACE ( 'NONE', #2768, 2.552699999999995750, 1.029744258676652535 ) ;
#1625 = LINE ( 'NONE', #2918, #483 ) ;
#1626 = EDGE_CURVE ( 'NONE', #2097, #2350, #2853, .T. ) ;
#1627 = DIRECTION ( 'NONE',  ( 0.000000000000000000, 0.000000000000000000, -1.000000000000000000 ) ) ;
#1628 = ORIENTED_EDGE ( 'NONE', *, *, #2043, .F. ) ;
#1629 = AXIS2_PLACEMENT_3D ( 'NONE', #2000, #3289, #732 ) ;
#1630 = VERTEX_POINT ( 'NONE', #1277 ) ;
#1631 = CARTESIAN_POINT ( 'NONE',  ( 27.50000000000000355, 0.000000000000000000, 11.95250000000002721 ) ) ;
#1632 = CARTESIAN_POINT ( 'NONE',  ( 23.16062958086967427, -1.501672926016348386, -17.73418766287435488 ) ) ;
#1633 = EDGE_CURVE ( 'NONE', #810, #857, #3617, .T. ) ;
#1634 = CYLINDRICAL_SURFACE ( 'NONE', #1021, 4.000000000000000000 ) ;
#1635 = AXIS2_PLACEMENT_3D ( 'NONE', #2586, #36, #3893 ) ;
#1636 = ORIENTED_EDGE ( 'NONE', *, *, #2925, .T. ) ;
#1637 = FACE_OUTER_BOUND ( 'NONE', #2943, .T. ) ;
#1638 = AXIS2_PLACEMENT_3D ( 'NONE', #263, #3783, #9 ) ;
#1639 = CIRCLE ( 'NONE', #4002, 19.00000000000000000 ) ;
#1640 = CARTESIAN_POINT ( 'NONE',  ( 37.54343440694599821, -5.872864116540006840, 6.250000000000003553 ) ) ;
#1641 = DIRECTION ( 'NONE',  ( -0.000000000000000000, -0.000000000000000000, 1.000000000000000000 ) ) ;
#1642 = DIRECTION ( 'NONE',  ( -0.000000000000000000, -0.000000000000000000, 1.000000000000000000 ) ) ;
#1643 = CARTESIAN_POINT ( 'NONE',  ( 0.000000000000000000, 0.000000000000000000, 19.45250000000001123 ) ) ;
#1644 = CARTESIAN_POINT ( 'NONE',  ( -4.043244859525925605, 28.06692307692307864, -13.73065561476729535 ) ) ;
#1645 = DIRECTION ( 'NONE',  ( -0.000000000000000000, -0.000000000000000000, 1.000000000000000000 ) ) ;
#1646 = CARTESIAN_POINT ( 'NONE',  ( 23.85776672137070520, -29.57713588345999156, 0.000000000000000000 ) ) ;
#1647 = CARTESIAN_POINT ( 'NONE',  ( 5.875955319768940477, -29.02098908743133521, -12.75623029306150436 ) ) ;
#1648 = CYLINDRICAL_SURFACE ( 'NONE', #1554, 7.999999999999998224 ) ;
#1649 = EDGE_LOOP ( 'NONE', ( #436, #204 ) ) ;
#1650 = EDGE_CURVE ( 'NONE', #317, #1843, #2296, .T. ) ;
#1651 = ORIENTED_EDGE ( 'NONE', *, *, #580, .T. ) ;
#1652 = CARTESIAN_POINT ( 'NONE',  ( 22.26066045562240703, 19.38626965977190153, -12.82734877312242894 ) ) ;
#1653 = CARTESIAN_POINT ( 'NONE',  ( 22.63287619188702138, -1.465195946369971969, -18.14568404946599145 ) ) ;
#1654 = CARTESIAN_POINT ( 'NONE',  ( 0.000000000000000000, 0.000000000000000000, 0.000000000000000000 ) ) ;
#1655 = ADVANCED_FACE ( 'NONE', ( #2515, #3806 ), #3157, .T. ) ;
#1656 = ORIENTED_EDGE ( 'NONE', *, *, #4070, .T. ) ;
#1657 = FACE_OUTER_BOUND ( 'NONE', #3242, .T. ) ;
#1658 = CARTESIAN_POINT ( 'NONE',  ( 28.98069340623920453, -7.753670723829051425, -12.45249999999997748 ) ) ;
#1659 = FACE_OUTER_BOUND ( 'NONE', #2131, .T. ) ;
#1660 = CARTESIAN_POINT ( 'NONE',  ( 29.63955347916789407, -4.636471670952636792, -6.249999999999993783 ) ) ;
#1661 = CARTESIAN_POINT ( 'NONE',  ( -0.4484812684756956380, 21.55281124552208283, -19.01955831432767141 ) ) ;
#1662 = ORIENTED_EDGE ( 'NONE', *, *, #452, .F. ) ;
#1663 = DIRECTION ( 'NONE',  ( -0.000000000000000000, -0.000000000000000000, -1.000000000000000000 ) ) ;
#1664 = DIRECTION ( 'NONE',  ( -1.000000000000000000, 0.000000000000000000, 0.000000000000000000 ) ) ;
#1665 = LINE ( 'NONE', #3622, #1952 ) ;
#1666 = DIRECTION ( 'NONE',  ( 1.000000000000000000, 0.000000000000000000, 0.000000000000000000 ) ) ;
#1667 = VERTEX_POINT ( 'NONE', #3757 ) ;
#1668 = AXIS2_PLACEMENT_3D ( 'NONE', #374, #2669, #3876 ) ;
#1669 = VERTEX_POINT ( 'NONE', #641 ) ;
#1670 = CARTESIAN_POINT ( 'NONE',  ( 32.17337224468786872, 11.80265604994570694, -6.249999999999992006 ) ) ;
#1671 = VECTOR ( 'NONE', #4028, 1000.000000000000000 ) ;
#1672 = PLANE ( 'NONE',  #2976 ) ;
#1673 = CARTESIAN_POINT ( 'NONE',  ( -28.14582562299419166, -16.25000000000012790, -20.95249999999998991 ) ) ;
#1674 = VERTEX_POINT ( 'NONE', #2550 ) ;
#1675 = CARTESIAN_POINT ( 'NONE',  ( 1.500000000000000444, 23.00000000000000000, -17.85894133304158871 ) ) ;
#1676 = CIRCLE ( 'NONE', #2020, 1.500000000000001332 ) ;
#1677 = ADVANCED_FACE ( 'NONE', ( #260 ), #2826, .T. ) ;
#1678 = EDGE_CURVE ( 'NONE', #2262, #593, #3388, .T. ) ;
#1679 = DIRECTION ( 'NONE',  ( -0.000000000000000000, -0.000000000000000000, -1.000000000000000000 ) ) ;
#1680 = DIRECTION ( 'NONE',  ( -1.000000000000000000, 0.000000000000000000, 0.000000000000000000 ) ) ;
#1681 = AXIS2_PLACEMENT_3D ( 'NONE', #2181, #2901, #4118 ) ;
#1682 = ORIENTED_EDGE ( 'NONE', *, *, #3495, .F. ) ;
#1683 = DIRECTION ( 'NONE',  ( -0.000000000000000000, -0.000000000000000000, -1.000000000000000000 ) ) ;
#1684 = DIRECTION ( 'NONE',  ( -0.000000000000000000, -0.000000000000000000, -1.000000000000000000 ) ) ;
#1685 = ADVANCED_FACE ( 'NONE', ( #2534 ), #211, .F. ) ;
#1686 = CIRCLE ( 'NONE', #679, 29.39999999999999503 ) ;
#1687 = ORIENTED_EDGE ( 'NONE', *, *, #3523, .F. ) ;
#1688 = CARTESIAN_POINT ( 'NONE',  ( 13.68566768557530544, 35.45000000000000995, -6.249999999999993783 ) ) ;
#1689 = DIRECTION ( 'NONE',  ( 1.000000000000000000, 0.000000000000000000, 0.000000000000000000 ) ) ;
#1690 = DIRECTION ( 'NONE',  ( 0.000000000000000000, 0.000000000000000000, -1.000000000000000000 ) ) ;
#1691 = CARTESIAN_POINT ( 'NONE',  ( 23.00000000000000000, 0.000000000000000000, -20.95249999999998991 ) ) ;
#1692 = ORIENTED_EDGE ( 'NONE', *, *, #1626, .T. ) ;
#1693 = EDGE_LOOP ( 'NONE', ( #2772, #2502, #3028, #1356 ) ) ;
#1694 = AXIS2_PLACEMENT_3D ( 'NONE', #4108, #1253, #2167 ) ;
#1695 = DIRECTION ( 'NONE',  ( 1.000000000000000000, 0.000000000000000000, 0.000000000000000000 ) ) ;
#1696 = AXIS2_PLACEMENT_3D ( 'NONE', #101, #2968, #3536 ) ;
#1697 = EDGE_LOOP ( 'NONE', ( #3597, #2811, #1531, #3870 ) ) ;
#1698 = CARTESIAN_POINT ( 'NONE',  ( -22.37785951953074104, 18.09788632130387498, -13.40190013126274948 ) ) ;
#1699 = AXIS2_PLACEMENT_3D ( 'NONE', #3249, #356, #1023 ) ;
#1700 = CARTESIAN_POINT ( 'NONE',  ( 27.83401248979004805, -9.659895342477279101, -12.87076489622952025 ) ) ;
#1701 = DIRECTION ( 'NONE',  ( 1.000000000000000000, 0.000000000000000000, 0.000000000000000000 ) ) ;
#1702 = CIRCLE ( 'NONE', #4057, 17.50000000000000355 ) ;
#1703 = VECTOR ( 'NONE', #1801, 1000.000000000000000 ) ;
#1704 = VERTEX_POINT ( 'NONE', #2151 ) ;
#1705 = CARTESIAN_POINT ( 'NONE',  ( -10.80447448861207960, -27.98684210526316107, -6.249999999999993783 ) ) ;
#1706 = EDGE_CURVE ( 'NONE', #3112, #1190, #3847, .T. ) ;
#1707 = VECTOR ( 'NONE', #1618, 1000.000000000000000 ) ;
#1708 = VERTEX_POINT ( 'NONE', #3828 ) ;
#1709 = CARTESIAN_POINT ( 'NONE',  ( 19.40000000000001279, 2.375814790345866765E-15, -19.45249999999998280 ) ) ;
#1710 = CARTESIAN_POINT ( 'NONE',  ( 0.2265707368277219969, -24.49932752216621523, -16.73076879346511348 ) ) ;
#1711 = EDGE_CURVE ( 'NONE', #3654, #593, #3214, .T. ) ;
#1712 = CARTESIAN_POINT ( 'NONE',  ( -22.14582562299419521, -16.25000000000012790, -14.42170494256395585 ) ) ;
#1713 = CARTESIAN_POINT ( 'NONE',  ( 13.68566768557530544, 35.45000000000000995, 0.000000000000000000 ) ) ;
#1714 = VERTEX_POINT ( 'NONE', #1927 ) ;
#1715 = ORIENTED_EDGE ( 'NONE', *, *, #3135, .F. ) ;
#1716 = DIRECTION ( 'NONE',  ( -0.000000000000000000, -0.000000000000000000, 1.000000000000000000 ) ) ;
#1717 = ORIENTED_EDGE ( 'NONE', *, *, #1058, .T. ) ;
#1718 = CARTESIAN_POINT ( 'NONE',  ( 2.088058061712647184, -26.87197753082577023, -14.82280109448974237 ) ) ;
#1719 = B_SPLINE_CURVE_WITH_KNOTS ( 'NONE', 3,
 ( #2993, #3884, #673, #2612, #3593, #695, #2087, #1478, #174, #1464, #1744, #817 ),
 .UNSPECIFIED., .F., .F.,
 ( 4, 2, 2, 2, 2, 4 ),
 ( 0.000000000000000000, 0.001060649322706243118, 0.002121298645412486236, 0.002651623306765607362, 0.003181947968118728487, 0.004242597290824984615 ),
 .UNSPECIFIED. ) ;
#1720 = CARTESIAN_POINT ( 'NONE',  ( -28.14582562299425561, -16.24999999999999645, 12.06000000000000583 ) ) ;
#1721 = FACE_OUTER_BOUND ( 'NONE', #3873, .T. ) ;
#1722 = CARTESIAN_POINT ( 'NONE',  ( 28.14582562299425916, 16.25000000000000000, -6.249999999999993783 ) ) ;
#1723 = VERTEX_POINT ( 'NONE', #3238 ) ;
#1724 = CARTESIAN_POINT ( 'NONE',  ( 2.220446049250313081E-13, -32.50000000000000000, -6.249999999999993783 ) ) ;
#1725 = DIRECTION ( 'NONE',  ( -0.000000000000000000, -0.000000000000000000, -1.000000000000000000 ) ) ;
#1726 = ORIENTED_EDGE ( 'NONE', *, *, #750, .F. ) ;
#1727 = EDGE_CURVE ( 'NONE', #3073, #2188, #992, .T. ) ;
#1728 = CARTESIAN_POINT ( 'NONE',  ( 3.518743707994883785, 27.62743460251529015, -14.12528043549501433 ) ) ;
#1729 = CARTESIAN_POINT ( 'NONE',  ( -0.8184310407299558721, -24.26116538250997579, -16.90541637736816938 ) ) ;
#1730 = EDGE_CURVE ( 'NONE', #2730, #685, #1494, .T. ) ;
#1731 = EDGE_CURVE ( 'NONE', #593, #1144, #3906, .T. ) ;
#1732 = CARTESIAN_POINT ( 'NONE',  ( -6.552479326557774542, -29.11105021691042793, -12.57781190286296891 ) ) ;
#1733 = CARTESIAN_POINT ( 'NONE',  ( 4.524785015070065697, -28.45817294014155507, -13.37450691810773939 ) ) ;
#1734 = DIRECTION ( 'NONE',  ( -0.000000000000000000, -0.000000000000000000, 1.000000000000000000 ) ) ;
#1735 = ORIENTED_EDGE ( 'NONE', *, *, #2478, .T. ) ;
#1736 = ORIENTED_EDGE ( 'NONE', *, *, #2872, .F. ) ;
#1737 = CARTESIAN_POINT ( 'NONE',  ( 0.000000000000000000, 0.000000000000000000, -16.95249999999998636 ) ) ;
#1738 = ORIENTED_EDGE ( 'NONE', *, *, #1509, .F. ) ;
#1739 = CARTESIAN_POINT ( 'NONE',  ( -13.68566768557529478, 35.45000000000000995, 6.250000000000003553 ) ) ;
#1740 = DIRECTION ( 'NONE',  ( -1.000000000000000000, 0.000000000000000000, -0.000000000000000000 ) ) ;
#1741 = VERTEX_POINT ( 'NONE', #738 ) ;
#1742 = CARTESIAN_POINT ( 'NONE',  ( -29.63955347916789407, 4.636471670952648338, -6.249999999999993783 ) ) ;
#1743 = ORIENTED_EDGE ( 'NONE', *, *, #602, .F. ) ;
#1744 = CARTESIAN_POINT ( 'NONE',  ( 21.45963394444922656, -20.96696124860162413, -12.45249999999998103 ) ) ;
#1745 = VECTOR ( 'NONE', #2069, 1000.000000000000000 ) ;
#1746 = CARTESIAN_POINT ( 'NONE',  ( 0.000000000000000000, 0.000000000000000000, -16.95249999999998636 ) ) ;
#1747 = ORIENTED_EDGE ( 'NONE', *, *, #189, .T. ) ;
#1748 = AXIS2_PLACEMENT_3D ( 'NONE', #59, #22, #988 ) ;
#1749 = CARTESIAN_POINT ( 'NONE',  ( 5.865286150960846712, 33.76428571428571956, 6.250000000000005329 ) ) ;
#1750 = CARTESIAN_POINT ( 'NONE',  ( 1.500000000002858380, -23.17482432250877622, -17.72325511145331944 ) ) ;
#1751 = CARTESIAN_POINT ( 'NONE',  ( 25.00000000000000711, 0.000000000000000000, 11.95250000000002721 ) ) ;
#1752 = CIRCLE ( 'NONE', #1355, 5.999999999999998224 ) ;
#1753 = CARTESIAN_POINT ( 'NONE',  ( 2.552699999999984204, -32.50000000000000000, 12.06000000000000583 ) ) ;
#1754 = VECTOR ( 'NONE', #2240, 1000.000000000000000 ) ;
#1755 = CARTESIAN_POINT ( 'NONE',  ( -28.14582562299424850, 16.25000000000000711, 12.06000000000000583 ) ) ;
#1756 = VERTEX_POINT ( 'NONE', #66 ) ;
#1757 = ADVANCED_FACE ( 'NONE', ( #2597 ), #2893, .F. ) ;
#1758 = CARTESIAN_POINT ( 'NONE',  ( -22.20496348363286643, 17.11750105935303168, -13.97967293629104901 ) ) ;
#1759 = EDGE_CURVE ( 'NONE', #685, #1069, #3519, .T. ) ;
#1760 = AXIS2_PLACEMENT_3D ( 'NONE', #3305, #998, #98 ) ;
#1761 = ORIENTED_EDGE ( 'NONE', *, *, #3189, .F. ) ;
#1762 = CARTESIAN_POINT ( 'NONE',  ( 21.68708528049632633, 0.7330675523356722234, -18.90862559200632376 ) ) ;
#1763 = ADVANCED_FACE ( 'NONE', ( #3620 ), #3280, .F. ) ;
#1764 = DIRECTION ( 'NONE',  ( 1.000000000000000000, 0.000000000000000000, 0.000000000000000000 ) ) ;
#1765 = CIRCLE ( 'NONE', #84, 2.552699999999987757 ) ;
#1766 = ORIENTED_EDGE ( 'NONE', *, *, #1134, .T. ) ;
#1767 = CARTESIAN_POINT ( 'NONE',  ( -28.14582562299425561, -16.24999999999999645, -6.249999999999993783 ) ) ;
#1768 = EDGE_LOOP ( 'NONE', ( #2454, #2496, #1735, #1397 ) ) ;
#1769 = AXIS2_PLACEMENT_3D ( 'NONE', #3667, #3346, #3019 ) ;
#1770 = CARTESIAN_POINT ( 'NONE',  ( 3.984302198030717687E-15, 32.50000000000000711, 13.59381690219166394 ) ) ;
#1771 = CIRCLE ( 'NONE', #1629, 19.00000000000000000 ) ;
#1772 = CIRCLE ( 'NONE', #635, 24.50000000000000355 ) ;
#1773 = CARTESIAN_POINT ( 'NONE',  ( -4.521494675366495741, -28.45601519290231707, -13.37656623630408959 ) ) ;
#1774 = CARTESIAN_POINT ( 'NONE',  ( -21.20522252253547180, 21.22118134717656801, 0.000000000000000000 ) ) ;
#1775 = CARTESIAN_POINT ( 'NONE',  ( 24.75651706379671424, -11.28501449941684953, -14.62618056027958957 ) ) ;
#1776 = DIRECTION ( 'NONE',  ( 0.000000000000000000, 0.000000000000000000, 1.000000000000000000 ) ) ;
#1777 = AXIS2_PLACEMENT_3D ( 'NONE', #571, #2814, #482 ) ;
#1778 = CYLINDRICAL_SURFACE ( 'NONE', #415, 6.000000000000001776 ) ;
#1779 = CIRCLE ( 'NONE', #3676, 29.00000000000000000 ) ;
#1780 = DIRECTION ( 'NONE',  ( -1.000000000000000000, 0.000000000000000000, 0.000000000000000000 ) ) ;
#1781 = EDGE_LOOP ( 'NONE', ( #1919, #472, #2059, #3205 ) ) ;
#1782 = CARTESIAN_POINT ( 'NONE',  ( -21.50000000000001421, -0.1117393604565057735, -19.06361111111107931 ) ) ;
#1783 = EDGE_CURVE ( 'NONE', #454, #2188, #3041, .T. ) ;
#1784 = ORIENTED_EDGE ( 'NONE', *, *, #525, .F. ) ;
#1785 = CARTESIAN_POINT ( 'NONE',  ( 24.25701318570963139, 0.8248011407824041852, -16.90847569653976024 ) ) ;
#1786 = CARTESIAN_POINT ( 'NONE',  ( -0.8340779393460773239, -21.73549842602382043, -18.86863583903496533 ) ) ;
#1787 = DIRECTION ( 'NONE',  ( 0.000000000000000000, 0.000000000000000000, 1.000000000000000000 ) ) ;
#1788 = ORIENTED_EDGE ( 'NONE', *, *, #2889, .T. ) ;
#1789 = EDGE_CURVE ( 'NONE', #1131, #3632, #1295, .T. ) ;
#1790 = ORIENTED_EDGE ( 'NONE', *, *, #2136, .F. ) ;
#1791 = B_SPLINE_CURVE_WITH_KNOTS ( 'NONE', 3,
 ( #1658, #121, #1395, #2650, #2873, #3941, #1046, #1700, #2336, #714, #2951, #1586, #439, #58 ),
 .UNSPECIFIED., .F., .F.,
 ( 4, 2, 2, 2, 2, 2, 4 ),
 ( 0.000000000000000000, 0.001057616366208104144, 0.001586424549312156216, 0.002115232732416208287, 0.002644040915520260576, 0.003172849098624312431, 0.004230465464832403565 ),
 .UNSPECIFIED. ) ;
#1792 = CARTESIAN_POINT ( 'NONE',  ( 28.14582562299386126, 16.25000000000057199, -20.95249999999998991 ) ) ;
#1793 = DIRECTION ( 'NONE',  ( -0.000000000000000000, -0.000000000000000000, 1.000000000000000000 ) ) ;
#1794 = CARTESIAN_POINT ( 'NONE',  ( -0.9813553155211852674, -24.13899483544491886, -16.99566342962308951 ) ) ;
#1795 = DIRECTION ( 'NONE',  ( 1.000000000000000000, 0.000000000000000000, 0.000000000000000000 ) ) ;
#1796 = CARTESIAN_POINT ( 'NONE',  ( -23.85776672137069454, -29.57713588346000222, 0.000000000000000000 ) ) ;
#1797 = DIRECTION ( 'NONE',  ( 0.8571673007021113344, 1.049727191138617463E-16, -0.5150380749100558209 ) ) ;
#1798 = CARTESIAN_POINT ( 'NONE',  ( 0.000000000000000000, 0.000000000000000000, 0.000000000000000000 ) ) ;
#1799 = ORIENTED_EDGE ( 'NONE', *, *, #138, .F. ) ;
#1800 = ORIENTED_EDGE ( 'NONE', *, *, #2252, .F. ) ;
#1801 = DIRECTION ( 'NONE',  ( -0.000000000000000000, -0.000000000000000000, 1.000000000000000000 ) ) ;
#1802 = ORIENTED_EDGE ( 'NONE', *, *, #1815, .T. ) ;
#1803 = CARTESIAN_POINT ( 'NONE',  ( 21.49999999999999645, 0.2256304078828180737, -19.06361111111108997 ) ) ;
#1804 = FACE_OUTER_BOUND ( 'NONE', #3973, .T. ) ;
#1805 = ORIENTED_EDGE ( 'NONE', *, *, #702, .T. ) ;
#1806 = ORIENTED_EDGE ( 'NONE', *, *, #3017, .F. ) ;
#1807 = DIRECTION ( 'NONE',  ( 0.000000000000000000, 0.000000000000000000, 1.000000000000000000 ) ) ;
#1808 = EDGE_CURVE ( 'NONE', #2665, #3566, #3639, .T. ) ;
#1809 = ADVANCED_FACE ( 'NONE', ( #2323 ), #3657, .T. ) ;
#1810 = DIRECTION ( 'NONE',  ( 0.000000000000000000, 0.000000000000000000, -1.000000000000000000 ) ) ;
#1811 = CARTESIAN_POINT ( 'NONE',  ( -2.552699999999989089, 32.50000000000000000, -6.249999999999993783 ) ) ;
#1812 = CIRCLE ( 'NONE', #1002, 30.00000000000000355 ) ;
#1813 = CARTESIAN_POINT ( 'NONE',  ( 22.16668835317418385, -16.86103874178767370, -14.12528043549502144 ) ) ;
#1814 = DIRECTION ( 'NONE',  ( 1.000000000000000000, 0.000000000000000000, 0.000000000000000000 ) ) ;
#1815 = EDGE_CURVE ( 'NONE', #1091, #2739, #1557, .T. ) ;
#1816 = DIRECTION ( 'NONE',  ( -1.000000000000000000, 0.000000000000000000, 0.000000000000000000 ) ) ;
#1817 = CARTESIAN_POINT ( 'NONE',  ( 4.269958013042294276, 28.27369972629050920, -13.54633014297264815 ) ) ;
#1818 = DIRECTION ( 'NONE',  ( 0.000000000000000000, 0.000000000000000000, -1.000000000000000000 ) ) ;
#1819 = ORIENTED_EDGE ( 'NONE', *, *, #1306, .F. ) ;
#1820 = DIRECTION ( 'NONE',  ( 1.000000000000000000, 0.000000000000000000, 0.000000000000000000 ) ) ;
#1821 = AXIS2_PLACEMENT_3D ( 'NONE', #3911, #1627, #661 ) ;
#1822 = DIRECTION ( 'NONE',  ( 1.000000000000000000, 0.000000000000000000, 0.000000000000000000 ) ) ;
#1823 = ORIENTED_EDGE ( 'NONE', *, *, #2630, .F. ) ;
#1824 = AXIS2_PLACEMENT_3D ( 'NONE', #1605, #3258, #1664 ) ;
#1825 = CIRCLE ( 'NONE', #877, 6.000000000000001776 ) ;
#1826 = LINE ( 'NONE', #3186, #1562 ) ;
#1827 = B_SPLINE_CURVE_WITH_KNOTS ( 'NONE', 3,
 ( #856, #4022, #1499, #3382, #1132, #3124, #1178, #2141, #509, #150 ),
 .UNSPECIFIED., .F., .F.,
 ( 4, 2, 2, 2, 4 ),
 ( 0.0009818401191140988925, 0.001797029412041820920, 0.002612218704969543163, 0.003427407997897265191, 0.004242597290824987218 ),
 .UNSPECIFIED. ) ;
#1828 = ORIENTED_EDGE ( 'NONE', *, *, #2505, .F. ) ;
#1829 = CIRCLE ( 'NONE', #746, 6.000000000000001776 ) ;
#1830 = ORIENTED_EDGE ( 'NONE', *, *, #3002, .T. ) ;
#1831 = DIRECTION ( 'NONE',  ( -0.8571673007021113344, 0.000000000000000000, -0.5150380749100558209 ) ) ;
#1832 = DIRECTION ( 'NONE',  ( 0.000000000000000000, 0.000000000000000000, -1.000000000000000000 ) ) ;
#1833 = EDGE_CURVE ( 'NONE', #116, #331, #1080, .T. ) ;
#1834 = ADVANCED_FACE ( 'NONE', ( #2977 ), #46, .T. ) ;
#1835 = AXIS2_PLACEMENT_3D ( 'NONE', #1938, #334, #1615 ) ;
#1836 = CARTESIAN_POINT ( 'NONE',  ( 3.984302198030716898E-15, 32.50000000000000000, 12.06000000000000583 ) ) ;
#1837 = CARTESIAN_POINT ( 'NONE',  ( 24.60784091542342011, 11.40051187251605036, -14.69256639169089951 ) ) ;
#1838 = AXIS2_PLACEMENT_3D ( 'NONE', #245, #867, #290 ) ;
#1839 = DIRECTION ( 'NONE',  ( 0.000000000000000000, 0.000000000000000000, -1.000000000000000000 ) ) ;
#1840 = CARTESIAN_POINT ( 'NONE',  ( -27.45026611785737813, 9.972661603695049948, -13.07056799948432335 ) ) ;
#1841 = EDGE_CURVE ( 'NONE', #3562, #279, #2763, .T. ) ;
#1842 = DIRECTION ( 'NONE',  ( -0.000000000000000000, -0.000000000000000000, 1.000000000000000000 ) ) ;
#1843 = VERTEX_POINT ( 'NONE', #2615 ) ;
#1844 = CIRCLE ( 'NONE', #762, 2.552699999999995750 ) ;
#1845 = DIRECTION ( 'NONE',  ( -0.000000000000000000, -0.000000000000000000, 1.000000000000000000 ) ) ;
#1846 = AXIS2_PLACEMENT_3D ( 'NONE', #1199, #1138, #799 ) ;
#1847 = DIRECTION ( 'NONE',  ( 1.000000000000000000, 0.000000000000000000, 0.000000000000000000 ) ) ;
#1848 = CARTESIAN_POINT ( 'NONE',  ( 42.49999999999999289, 0.000000000000000000, -102.6444443027283171 ) ) ;
#1849 = ORIENTED_EDGE ( 'NONE', *, *, #2997, .T. ) ;
#1850 = EDGE_LOOP ( 'NONE', ( #1682, #2719, #2795, #2656 ) ) ;
#1851 = LINE ( 'NONE', #2793, #631 ) ;
#1852 = CARTESIAN_POINT ( 'NONE',  ( 13.68566768557530189, -35.45000000000000995, 6.250000000000003553 ) ) ;
#1853 = DIRECTION ( 'NONE',  ( 0.000000000000000000, 0.000000000000000000, 1.000000000000000000 ) ) ;
#1854 = ORIENTED_EDGE ( 'NONE', *, *, #3105, .T. ) ;
#1855 = VERTEX_POINT ( 'NONE', #2304 ) ;
#1856 = CARTESIAN_POINT ( 'NONE',  ( -21.67126619250572972, -20.68872559722165860, -12.48427322053269783 ) ) ;
#1857 = DIRECTION ( 'NONE',  ( -1.000000000000000000, 0.000000000000000000, 0.000000000000000000 ) ) ;
#1858 = CARTESIAN_POINT ( 'NONE',  ( -7.775470883703708758, 28.97485207100591964, -12.45249999999997748 ) ) ;
#1859 = DIRECTION ( 'NONE',  ( 1.000000000000000000, 0.000000000000000000, 0.000000000000000000 ) ) ;
#1860 = CARTESIAN_POINT ( 'NONE',  ( -28.88814571031935685, 8.099583839879233693, -12.45249999999997748 ) ) ;
#1861 = DIRECTION ( 'NONE',  ( 0.000000000000000000, 0.000000000000000000, 1.000000000000000000 ) ) ;
#1862 = EDGE_LOOP ( 'NONE', ( #1392, #2745, #734 ) ) ;
#1863 = CARTESIAN_POINT ( 'NONE',  ( 0.000000000000000000, 0.000000000000000000, -16.45250000000001123 ) ) ;
#1864 = EDGE_CURVE ( 'NONE', #1932, #1471, #3556, .T. ) ;
#1865 = EDGE_CURVE ( 'NONE', #1305, #3891, #2632, .T. ) ;
#1866 = PLANE ( 'NONE',  #1638 ) ;
#1867 = LINE ( 'NONE', #911, #2895 ) ;
#1868 = FACE_OUTER_BOUND ( 'NONE', #1937, .T. ) ;
#1869 = ORIENTED_EDGE ( 'NONE', *, *, #676, .F. ) ;
#1870 = DIRECTION ( 'NONE',  ( -0.000000000000000000, -0.000000000000000000, -1.000000000000000000 ) ) ;
#1871 = ORIENTED_EDGE ( 'NONE', *, *, #2400, .F. ) ;
#1872 = CLOSED_SHELL ( 'NONE', ( #3475, #6, #3283, #1410, #3903, #938, #1326, #1507, #4127, #16, #57, #677, #3339, #3423, #370, #1581, #1256, #874, #2199, #388, #4004, #4099, #2279, #2782, #2432, #1082, #2809, #416, #2118, #1763, #1685, #3236, #2657, #2251, #1528, #2302, #830, #3957, #4152, #3974, #2870, #986, #1062, #703, #3699, #2015, #1921, #557, #3949, #2348, #3051, #214, #3723, #802, #1580, #3100, #1006, #3571, #2221, #304, #1059, #3648, #1430, #985, #2425, #3341, #2093, #1943, #2424, #2686, #90, #372, #3345, #854, #2138, #875, #247, #2324, #2301, #1141, #1485, #33, #2471, #2948, #3137, #1194, #275, #1386, #927, #3547, #2405, #607, #3630, #2691, #215, #1996, #1600, #3419, #2737, #729, #3164, #1677, #3878, #3882, #1213, #2377, #1834, #3978, #1917, #1465, #2168, #1655, #466, #4076, #4047, #2762, #1757, #3311, #1188, #1809 ) ) ;
#1873 = CYLINDRICAL_SURFACE ( 'NONE', #2134, 8.000000000000000000 ) ;
#1874 = VERTEX_POINT ( 'NONE', #345 ) ;
#1875 = CARTESIAN_POINT ( 'NONE',  ( -29.63955347916789407, -4.636471670952649227, 0.000000000000000000 ) ) ;
#1876 = ORIENTED_EDGE ( 'NONE', *, *, #424, .F. ) ;
#1877 = CARTESIAN_POINT ( 'NONE',  ( -21.20522252253533679, -21.22118134717670301, 0.000000000000000000 ) ) ;
#1878 = CARTESIAN_POINT ( 'NONE',  ( 28.14582562299426627, -16.24999999999999289, 12.06000000000000583 ) ) ;
#1879 = LINE ( 'NONE', #4064, #1228 ) ;
#1880 = LINE ( 'NONE', #2259, #3202 ) ;
#1881 = CARTESIAN_POINT ( 'NONE',  ( -26.05931151333380313, 10.61740570757290314, -13.90019932953162929 ) ) ;
#1882 = CONICAL_SURFACE ( 'NONE', #2688, 2.552699999999994418, 1.029744258676652535 ) ;
#1883 = CARTESIAN_POINT ( 'NONE',  ( 7.775470883703716751, 28.97485207100591964, -12.45249999999997748 ) ) ;
#1884 = DIRECTION ( 'NONE',  ( 0.000000000000000000, 0.000000000000000000, -1.000000000000000000 ) ) ;
#1885 = EDGE_LOOP ( 'NONE', ( #2041, #3793, #2841, #1871 ) ) ;
#1886 = CARTESIAN_POINT ( 'NONE',  ( 19.00000000000000000, 2.326828918379970970E-15, -16.95249999999998636 ) ) ;
#1887 = DIRECTION ( 'NONE',  ( 0.000000000000000000, 0.000000000000000000, 1.000000000000000000 ) ) ;
#1888 = CIRCLE ( 'NONE', #2896, 4.000000000000000000 ) ;
#1889 = LINE ( 'NONE', #1302, #280 ) ;
#1890 = ORIENTED_EDGE ( 'NONE', *, *, #326, .T. ) ;
#1891 = EDGE_CURVE ( 'NONE', #1305, #2674, #1625, .T. ) ;
#1892 = EDGE_CURVE ( 'NONE', #3080, #4149, #3185, .T. ) ;
#1893 = VERTEX_POINT ( 'NONE', #108 ) ;
#1894 = CARTESIAN_POINT ( 'NONE',  ( -21.68642918646824569, 0.7319090015801292815, -18.90916655543164993 ) ) ;
#1895 = COLOUR_RGB ( '',0.7921568627450980005, 0.8196078431372548767, 0.9333333333333333481 ) ;
#1896 = ORIENTED_EDGE ( 'NONE', *, *, #2555, .F. ) ;
#1897 = EDGE_CURVE ( 'NONE', #3748, #103, #939, .T. ) ;
#1898 = ORIENTED_EDGE ( 'NONE', *, *, #580, .F. ) ;
#1899 = DIRECTION ( 'NONE',  ( 0.000000000000000000, 0.000000000000000000, 1.000000000000000000 ) ) ;
#1900 = PRODUCT_DEFINITION_SHAPE ( 'NONE', 'NONE',  #1458 ) ;
#1901 = VERTEX_POINT ( 'NONE', #193 ) ;
#1902 = CARTESIAN_POINT ( 'NONE',  ( 5.865286150960846712, 33.76428571428571956, -23.22056274847715684 ) ) ;
#1903 = DIRECTION ( 'NONE',  ( 0.000000000000000000, 0.000000000000000000, 1.000000000000000000 ) ) ;
#1904 = DIRECTION ( 'NONE',  ( -0.000000000000000000, -0.000000000000000000, 1.000000000000000000 ) ) ;
#1905 = AXIS2_PLACEMENT_3D ( 'NONE', #3860, #894, #3208 ) ;
#1906 = DIRECTION ( 'NONE',  ( 0.000000000000000000, 0.000000000000000000, -1.000000000000000000 ) ) ;
#1907 = CARTESIAN_POINT ( 'NONE',  ( -22.33973439158599916, -14.70244596365033196, -14.98661307547292587 ) ) ;
#1908 = DIRECTION ( 'NONE',  ( 1.000000000000000000, 0.000000000000000000, 0.000000000000000000 ) ) ;
#1909 = ORIENTED_EDGE ( 'NONE', *, *, #448, .T. ) ;
#1910 = CARTESIAN_POINT ( 'NONE',  ( -4.043244859525925605, 28.06692307692307864, -6.249999999999993783 ) ) ;
#1911 = CIRCLE ( 'NONE', #3867, 8.000000000000000000 ) ;
#1912 = CYLINDRICAL_SURFACE ( 'NONE', #141, 8.000000000000000000 ) ;
#1913 = ORIENTED_EDGE ( 'NONE', *, *, #1864, .T. ) ;
#1914 = VERTEX_POINT ( 'NONE', #3665 ) ;
#1915 = CARTESIAN_POINT ( 'NONE',  ( -22.14213697170831807, 1.245369850125199518, -18.53720855691624081 ) ) ;
#1916 = DIRECTION ( 'NONE',  ( 1.000000000000000000, 0.000000000000000000, 0.000000000000000000 ) ) ;
#1917 = ADVANCED_FACE ( 'NONE', ( #2678 ), #130, .T. ) ;
#1918 = ORIENTED_EDGE ( 'NONE', *, *, #2583, .F. ) ;
#1919 = ORIENTED_EDGE ( 'NONE', *, *, #2192, .F. ) ;
#1920 = EDGE_CURVE ( 'NONE', #2833, #3122, #1071, .T. ) ;
#1921 = ADVANCED_FACE ( 'NONE', ( #2758 ), #1158, .F. ) ;
#1922 = ORIENTED_EDGE ( 'NONE', *, *, #957, .F. ) ;
#1923 = DIRECTION ( 'NONE',  ( 1.000000000000000000, 0.000000000000000000, 0.000000000000000000 ) ) ;
#1924 = CYLINDRICAL_SURFACE ( 'NONE', #2962, 8.000000000000000000 ) ;
#1925 = DIRECTION ( 'NONE',  ( -1.000000000000000000, 0.000000000000000000, 0.000000000000000000 ) ) ;
#1926 = CARTESIAN_POINT ( 'NONE',  ( 0.000000000000000000, 0.000000000000000000, -12.45249999999997748 ) ) ;
#1927 = CARTESIAN_POINT ( 'NONE',  ( -26.32829082044201030, -10.53190877639136680, -6.249999999999993783 ) ) ;
#1928 = ORIENTED_EDGE ( 'NONE', *, *, #1160, .F. ) ;
#1929 = CARTESIAN_POINT ( 'NONE',  ( -29.00000000000000000, 3.551475717527324030E-15, 19.05250000000001265 ) ) ;
#1930 = DIRECTION ( 'NONE',  ( 0.000000000000000000, 0.000000000000000000, 1.000000000000000000 ) ) ;
#1931 = ORIENTED_EDGE ( 'NONE', *, *, #3446, .T. ) ;
#1932 = VERTEX_POINT ( 'NONE', #1483 ) ;
#1933 = CARTESIAN_POINT ( 'NONE',  ( 26.90437938521242955, 10.31227834450805680, -13.37656623630410380 ) ) ;
#1934 = DIRECTION ( 'NONE',  ( 1.000000000000000000, 0.000000000000000000, 0.000000000000000000 ) ) ;
#1935 = ORIENTED_EDGE ( 'NONE', *, *, #3728, .F. ) ;
#1936 = B_SPLINE_CURVE_WITH_KNOTS ( 'NONE', 3,
 ( #3268, #2330, #1041, #727, #3607, #371, #1652, #3956, #1342, #3914 ),
 .UNSPECIFIED., .F., .F.,
 ( 4, 2, 2, 2, 4 ),
 ( 0.000000000000000000, 0.0008138775620699153102, 0.001627755124139830620, 0.002441632686209746148, 0.003255510248279661241 ),
 .UNSPECIFIED. ) ;
#1937 = EDGE_LOOP ( 'NONE', ( #3879, #1890, #3342, #1417 ) ) ;
#1938 = CARTESIAN_POINT ( 'NONE',  ( 0.000000000000000000, 0.000000000000000000, 0.000000000000000000 ) ) ;
#1939 = VERTEX_POINT ( 'NONE', #761 ) ;
#1940 = LINE ( 'NONE', #3614, #3511 ) ;
#1941 = EDGE_CURVE ( 'NONE', #3706, #1756, #2598, .T. ) ;
#1942 = FACE_OUTER_BOUND ( 'NONE', #4124, .T. ) ;
#1943 = ADVANCED_FACE ( 'NONE', ( #902, #2485 ), #4083, .T. ) ;
#1944 = CARTESIAN_POINT ( 'NONE',  ( -26.32829082044201030, -10.53190877639136502, -13.73065561476728824 ) ) ;
#1945 = DIRECTION ( 'NONE',  ( 1.000000000000000000, 0.000000000000000000, 0.000000000000000000 ) ) ;
#1946 = ORIENTED_EDGE ( 'NONE', *, *, #322, .F. ) ;
#1947 = DIRECTION ( 'NONE',  ( -0.000000000000000000, -0.000000000000000000, 1.000000000000000000 ) ) ;
#1948 = DIRECTION ( 'NONE',  ( -0.000000000000000000, -0.000000000000000000, 1.000000000000000000 ) ) ;
#1949 = VERTEX_POINT ( 'NONE', #3470 ) ;
#1950 = ORIENTED_EDGE ( 'NONE', *, *, #632, .T. ) ;
#1951 = CIRCLE ( 'NONE', #335, 30.00000000000000355 ) ;
#1952 = VECTOR ( 'NONE', #2640, 1000.000000000000000 ) ;
#1953 = FACE_OUTER_BOUND ( 'NONE', #1388, .T. ) ;
#1954 = VECTOR ( 'NONE', #1004, 1000.000000000000000 ) ;
#1955 = CARTESIAN_POINT ( 'NONE',  ( 0.000000000000000000, 0.000000000000000000, 11.95250000000002721 ) ) ;
#1956 = ORIENTED_EDGE ( 'NONE', *, *, #964, .F. ) ;
#1957 = CARTESIAN_POINT ( 'NONE',  ( 0.4324678808932695406, 24.44052315302610268, -16.77374690993735840 ) ) ;
#1958 = CIRCLE ( 'NONE', #1290, 30.00000000000000355 ) ;
#1959 = ORIENTED_EDGE ( 'NONE', *, *, #3823, .T. ) ;
#1960 = CONICAL_SURFACE ( 'NONE', #3982, 2.552699999999995750, 1.029744258676652535 ) ;
#1961 = CARTESIAN_POINT ( 'NONE',  ( -22.38310820391848921, -18.14766523978454771, -13.37450691810773051 ) ) ;
#1962 = CARTESIAN_POINT ( 'NONE',  ( 32.17337224468786161, -11.80265604994571227, 6.250000000000005329 ) ) ;
#1963 = CARTESIAN_POINT ( 'NONE',  ( -27.50000000000000355, 3.367778697655222096E-15, 0.000000000000000000 ) ) ;
#1964 = EDGE_CURVE ( 'NONE', #1708, #151, #3753, .T. ) ;
#1965 = EDGE_CURVE ( 'NONE', #3980, #2585, #2840, .T. ) ;
#1966 = CARTESIAN_POINT ( 'NONE',  ( -23.55757834771999271, -12.38026052694130108, -15.08751531998333739 ) ) ;
#1967 = AXIS2_PLACEMENT_3D ( 'NONE', #1852, #2929, #648 ) ;
#1968 = DIRECTION ( 'NONE',  ( -1.000000000000000000, 0.000000000000000000, 0.000000000000000000 ) ) ;
#1969 = AXIS2_PLACEMENT_3D ( 'NONE', #2489, #2801, #904 ) ;
#1970 = EDGE_CURVE ( 'NONE', #1572, #1282, #412, .T. ) ;
#1971 = DIRECTION ( 'NONE',  ( 0.000000000000000000, 0.000000000000000000, 1.000000000000000000 ) ) ;
#1972 = CARTESIAN_POINT ( 'NONE',  ( 7.775470883703910374, -28.97485207100586280, -12.45249999999997748 ) ) ;
#1973 = DIRECTION ( 'NONE',  ( 1.000000000000000000, 0.000000000000000000, 0.000000000000000000 ) ) ;
#1974 = ORIENTED_EDGE ( 'NONE', *, *, #268, .F. ) ;
#1975 = VECTOR ( 'NONE', #1159, 1000.000000000000000 ) ;
#1976 = CIRCLE ( 'NONE', #2847, 4.000000000000000000 ) ;
#1977 = ORIENTED_EDGE ( 'NONE', *, *, #2973, .T. ) ;
#1978 = CARTESIAN_POINT ( 'NONE',  ( 0.000000000000000000, 0.000000000000000000, 0.000000000000000000 ) ) ;
#1979 = FACE_OUTER_BOUND ( 'NONE', #3484, .T. ) ;
#1980 = VECTOR ( 'NONE', #1187, 1000.000000000000000 ) ;
#1981 = ORIENTED_EDGE ( 'NONE', *, *, #2022, .T. ) ;
#1982 = CARTESIAN_POINT ( 'NONE',  ( -1.500000000000118128, 23.17556449180592182, -17.72268064461824366 ) ) ;
#1983 = CARTESIAN_POINT ( 'NONE',  ( -1.500000000000000444, 23.00000000000000000, -20.95249999999998991 ) ) ;
#1984 = AXIS2_PLACEMENT_3D ( 'NONE', #3083, #1776, #3737 ) ;
#1985 = CARTESIAN_POINT ( 'NONE',  ( 18.83507899055582158, -23.35037043431051984, 0.000000000000000000 ) ) ;
#1986 = DIRECTION ( 'NONE',  ( -0.000000000000000000, -0.000000000000000000, 1.000000000000000000 ) ) ;
#1987 = CARTESIAN_POINT ( 'NONE',  ( 1.500000000000000222, 22.82317806891308365, -17.99617795652054753 ) ) ;
#1988 = EDGE_LOOP ( 'NONE', ( #146, #4056, #1717, #3102, #3840 ) ) ;
#1989 = DIRECTION ( 'NONE',  ( -0.000000000000000000, -0.000000000000000000, -1.000000000000000000 ) ) ;
#1990 = DIRECTION ( 'NONE',  ( -0.000000000000000000, -0.000000000000000000, -1.000000000000000000 ) ) ;
#1991 = CARTESIAN_POINT ( 'NONE',  ( -5.871957118727705982, -29.02004904127904439, -12.75755905972785165 ) ) ;
#1992 = DIRECTION ( 'NONE',  ( 1.000000000000000000, 0.000000000000000000, 0.000000000000000000 ) ) ;
#1993 = DIRECTION ( 'NONE',  ( 0.8571673007021113344, 1.049727191138617463E-16, -0.5150380749100558209 ) ) ;
#1994 = ORIENTED_EDGE ( 'NONE', *, *, #2162, .T. ) ;
#1995 = EDGE_CURVE ( 'NONE', #3047, #2665, #1364, .T. ) ;
#1996 = ADVANCED_FACE ( 'NONE', ( #2509 ), #2822, .F. ) ;
#1997 = DIRECTION ( 'NONE',  ( 1.000000000000000000, 0.000000000000000000, 0.000000000000000000 ) ) ;
#1998 = ORIENTED_EDGE ( 'NONE', *, *, #2162, .F. ) ;
#1999 = CARTESIAN_POINT ( 'NONE',  ( 1.343842574474370277, 23.69042088582060401, -17.33041602083486410 ) ) ;
#2000 = CARTESIAN_POINT ( 'NONE',  ( 0.000000000000000000, 0.000000000000000000, -19.05249999999998067 ) ) ;
#2001 = LINE ( 'NONE', #79, #3582 ) ;
#2002 = FACE_OUTER_BOUND ( 'NONE', #919, .T. ) ;
#2003 = CYLINDRICAL_SURFACE ( 'NONE', #2106, 5.999999999999994671 ) ;
#2004 = ORIENTED_EDGE ( 'NONE', *, *, #2757, .F. ) ;
#2005 = FACE_OUTER_BOUND ( 'NONE', #3506, .T. ) ;
#2006 = DIRECTION ( 'NONE',  ( 1.000000000000000000, 9.769962616701375978E-15, 0.000000000000000000 ) ) ;
#2007 = CARTESIAN_POINT ( 'NONE',  ( 10.80447448861207960, -27.98684210526316107, -6.249999999999993783 ) ) ;
#2008 = CARTESIAN_POINT ( 'NONE',  ( -18.83507899055580737, 23.35037043431052695, -6.249999999999993783 ) ) ;
#2009 = DIRECTION ( 'NONE',  ( 0.000000000000000000, 0.000000000000000000, 1.000000000000000000 ) ) ;
#2010 = EDGE_LOOP ( 'NONE', ( #1408, #1492, #2961, #2911 ) ) ;
#2011 = ORIENTED_EDGE ( 'NONE', *, *, #3929, .T. ) ;
#2012 = DIRECTION ( 'NONE',  ( 1.000000000000000000, 0.000000000000000000, 0.000000000000000000 ) ) ;
#2013 = CARTESIAN_POINT ( 'NONE',  ( -30.00000000000000355, 3.673940397442059178E-15, -12.45249999999997748 ) ) ;
#2014 = PLANE ( 'NONE',  #2547 ) ;
#2015 = ADVANCED_FACE ( 'NONE', ( #3153 ), #1624, .F. ) ;
#2016 = AXIS2_PLACEMENT_3D ( 'NONE', #65, #2280, #323 ) ;
#2017 = VERTEX_POINT ( 'NONE', #1504 ) ;
#2018 = CARTESIAN_POINT ( 'NONE',  ( 1.248018576061817653, 23.85442824212731949, -17.20731438062439977 ) ) ;
#2019 = VECTOR ( 'NONE', #3909, 1000.000000000000000 ) ;
#2020 = AXIS2_PLACEMENT_3D ( 'NONE', #3842, #3231, #337 ) ;
#2021 = LINE ( 'NONE', #2990, #3322 ) ;
#2022 = EDGE_CURVE ( 'NONE', #3943, #3811, #2190, .T. ) ;
#2023 = DIRECTION ( 'NONE',  ( -0.000000000000000000, -0.000000000000000000, -1.000000000000000000 ) ) ;
#2024 = ORIENTED_EDGE ( 'NONE', *, *, #525, .T. ) ;
#2025 = DIRECTION ( 'NONE',  ( -0.000000000000000000, -0.000000000000000000, 1.000000000000000000 ) ) ;
#2026 = CIRCLE ( 'NONE', #1217, 27.50000000000000000 ) ;
#2027 = ORIENTED_EDGE ( 'NONE', *, *, #3743, .T. ) ;
#2028 = DIRECTION ( 'NONE',  ( 0.7893522173763264371, 0.000000000000000000, 0.6139406135149202415 ) ) ;
#2029 = CARTESIAN_POINT ( 'NONE',  ( -1.378540309769147543, -23.70822613608068963, -17.31617557345561309 ) ) ;
#2030 = CARTESIAN_POINT ( 'NONE',  ( 21.92716452389664283, -1.052656057703243997, -18.71179451840195540 ) ) ;
#2031 = CIRCLE ( 'NONE', #818, 6.000000000000000000 ) ;
#2032 = CARTESIAN_POINT ( 'NONE',  ( -7.428104109228341301, -29.06806877610869222, -12.45249999999997570 ) ) ;
#2033 = CARTESIAN_POINT ( 'NONE',  ( 29.00000000000000000, 0.000000000000000000, 12.45250000000002721 ) ) ;
#2034 = CARTESIAN_POINT ( 'NONE',  ( 1.500000000000000444, 23.00000000000000000, -10.07749999999998458 ) ) ;
#2035 = ORIENTED_EDGE ( 'NONE', *, *, #2325, .T. ) ;
#2036 = ORIENTED_EDGE ( 'NONE', *, *, #3897, .T. ) ;
#2037 = CARTESIAN_POINT ( 'NONE',  ( -13.68566768557529478, 35.45000000000000995, 0.000000000000000000 ) ) ;
#2038 = CIRCLE ( 'NONE', #2978, 17.50000000000000000 ) ;
#2039 = VECTOR ( 'NONE', #966, 1000.000000000000000 ) ;
#2040 = CYLINDRICAL_SURFACE ( 'NONE', #2846, 2.552699999999990865 ) ;
#2041 = ORIENTED_EDGE ( 'NONE', *, *, #3159, .F. ) ;
#2042 = CARTESIAN_POINT ( 'NONE',  ( -0.4399319460922151426, 24.43816084916872811, -16.77547554437116517 ) ) ;
#2043 = EDGE_CURVE ( 'NONE', #2064, #758, #282, .T. ) ;
#2044 = VECTOR ( 'NONE', #4116, 1000.000000000000000 ) ;
#2045 = CARTESIAN_POINT ( 'NONE',  ( -26.30808609372701667, 21.96162966434000552, -23.22056274847715684 ) ) ;
#2046 = DIRECTION ( 'NONE',  ( -0.000000000000000000, -0.000000000000000000, -1.000000000000000000 ) ) ;
#2047 = AXIS2_PLACEMENT_3D ( 'NONE', #1724, #1007, #2298 ) ;
#2048 = CIRCLE ( 'NONE', #2580, 5.999999999999998224 ) ;
#2049 = VERTEX_POINT ( 'NONE', #878 ) ;
#2050 = DIRECTION ( 'NONE',  ( -0.000000000000000000, -0.000000000000000000, 1.000000000000000000 ) ) ;
#2051 = EDGE_CURVE ( 'NONE', #1874, #434, #1879, .T. ) ;
#2052 = EDGE_CURVE ( 'NONE', #455, #3073, #950, .T. ) ;
#2053 = ORIENTED_EDGE ( 'NONE', *, *, #956, .F. ) ;
#2054 = CARTESIAN_POINT ( 'NONE',  ( 26.32829082044181490, 10.53190877639176293, -20.95249999999998991 ) ) ;
#2055 = CARTESIAN_POINT ( 'NONE',  ( 0.4466820213288814068, -24.44747733457433014, -16.76855166629838223 ) ) ;
#2056 = DIRECTION ( 'NONE',  ( -1.000000000000000000, 0.000000000000000000, 0.000000000000000000 ) ) ;
#2057 = CARTESIAN_POINT ( 'NONE',  ( 28.14582562299425916, 16.25000000000000000, -6.249999999999992006 ) ) ;
#2058 = ORIENTED_EDGE ( 'NONE', *, *, #2927, .F. ) ;
#2059 = ORIENTED_EDGE ( 'NONE', *, *, #2605, .F. ) ;
#2060 = CARTESIAN_POINT ( 'NONE',  ( -23.68203789246926405, -1.339211077251085236, -17.33708634017492045 ) ) ;
#2061 = ORIENTED_EDGE ( 'NONE', *, *, #1891, .T. ) ;
#2062 = DIRECTION ( 'NONE',  ( 0.000000000000000000, 0.000000000000000000, -1.000000000000000000 ) ) ;
#2063 = FACE_BOUND ( 'NONE', #72, .T. ) ;
#2064 = VERTEX_POINT ( 'NONE', #2529 ) ;
#2065 = CARTESIAN_POINT ( 'NONE',  ( 30.69852562299426069, -16.24999999999999289, 12.06000000000000583 ) ) ;
#2066 = ORIENTED_EDGE ( 'NONE', *, *, #3002, .F. ) ;
#2067 = CARTESIAN_POINT ( 'NONE',  ( -28.14582562299428758, 16.24999999999993960, -20.95249999999998991 ) ) ;
#2068 = ORIENTED_EDGE ( 'NONE', *, *, #1965, .T. ) ;
#2069 = DIRECTION ( 'NONE',  ( 0.000000000000000000, 0.000000000000000000, 1.000000000000000000 ) ) ;
#2070 = EDGE_CURVE ( 'NONE', #1044, #2230, #3821, .T. ) ;
#2071 = EDGE_CURVE ( 'NONE', #1471, #2481, #686, .T. ) ;
#2072 = CARTESIAN_POINT ( 'NONE',  ( 24.17101682666323725, -11.75143763011073084, -14.88252092032035279 ) ) ;
#2073 = DIRECTION ( 'NONE',  ( 1.000000000000000000, 0.000000000000000000, 0.000000000000000000 ) ) ;
#2074 = CARTESIAN_POINT ( 'NONE',  ( 21.51250747585543266, -0.2223217694772482989, -19.05319561730656730 ) ) ;
#2075 = DIRECTION ( 'NONE',  ( -1.000000000000000000, 0.000000000000000000, 0.000000000000000000 ) ) ;
#2076 = EDGE_CURVE ( 'NONE', #2683, #1855, #1083, .T. ) ;
#2077 = FACE_OUTER_BOUND ( 'NONE', #3167, .T. ) ;
#2078 = EDGE_LOOP ( 'NONE', ( #1323, #3816, #1819, #583 ) ) ;
#2079 = CARTESIAN_POINT ( 'NONE',  ( -22.14582562299429114, 16.47160931059602262, -14.31973615630406726 ) ) ;
#2080 = CIRCLE ( 'NONE', #2884, 6.000000000000008882 ) ;
#2081 = ORIENTED_EDGE ( 'NONE', *, *, #2511, .T. ) ;
#2082 = CARTESIAN_POINT ( 'NONE',  ( 0.7909912237563987425, -26.53986729438408076, -15.13660542823460453 ) ) ;
#2083 = DIRECTION ( 'NONE',  ( -0.000000000000000000, -0.000000000000000000, 1.000000000000000000 ) ) ;
#2084 = VERTEX_POINT ( 'NONE', #2396 ) ;
#2085 = DIRECTION ( 'NONE',  ( 0.000000000000000000, 0.000000000000000000, -1.000000000000000000 ) ) ;
#2086 = VERTEX_POINT ( 'NONE', #1150 ) ;
#2087 = CARTESIAN_POINT ( 'NONE',  ( 22.14227111659281633, -19.75496393758649205, -12.70649441957943360 ) ) ;
#2088 = CIRCLE ( 'NONE', #61, 2.552699999999987757 ) ;
#2089 = DIRECTION ( 'NONE',  ( -1.000000000000000000, 0.000000000000000000, 0.000000000000000000 ) ) ;
#2090 = DIRECTION ( 'NONE',  ( -0.000000000000000000, -0.000000000000000000, -1.000000000000000000 ) ) ;
#2091 = CARTESIAN_POINT ( 'NONE',  ( 5.865286150960844047, -33.76428571428571956, -23.22056274847715684 ) ) ;
#2092 = AXIS2_PLACEMENT_3D ( 'NONE', #644, #1930, #1546 ) ;
#2093 = ADVANCED_FACE ( 'NONE', ( #4018, #2063 ), #3747, .T. ) ;
#2094 = CARTESIAN_POINT ( 'NONE',  ( 4.943166056393685004, -28.68942895825942330, -13.14324531440266064 ) ) ;
#2095 = CONICAL_SURFACE ( 'NONE', #2563, 24.50000000000000000, 0.7853981633974482790 ) ;
#2096 = CARTESIAN_POINT ( 'NONE',  ( 10.80447448861208137, 27.98684210526316107, 6.250000000000003553 ) ) ;
#2097 = VERTEX_POINT ( 'NONE', #3030 ) ;
#2098 = CARTESIAN_POINT ( 'NONE',  ( -22.14582562299429114, 16.24999999999993960, -6.249999999999993783 ) ) ;
#2099 = EDGE_CURVE ( 'NONE', #425, #2808, #438, .T. ) ;
#2100 = AXIS2_PLACEMENT_3D ( 'NONE', #554, #256, #1521 ) ;
#2101 = VERTEX_POINT ( 'NONE', #2102 ) ;
#2102 = CARTESIAN_POINT ( 'NONE',  ( 25.59312562299427540, -16.24999999999999289, -6.249999999999994671 ) ) ;
#2103 = VERTEX_POINT ( 'NONE', #1175 ) ;
#2104 = ORIENTED_EDGE ( 'NONE', *, *, #1432, .T. ) ;
#2105 = FACE_OUTER_BOUND ( 'NONE', #890, .T. ) ;
#2106 = AXIS2_PLACEMENT_3D ( 'NONE', #2067, #3295, #3595 ) ;
#2107 = ORIENTED_EDGE ( 'NONE', *, *, #776, .F. ) ;
#2108 = CARTESIAN_POINT ( 'NONE',  ( -28.14582562299425561, -16.24999999999999645, -6.249999999999994671 ) ) ;
#2109 = CARTESIAN_POINT ( 'NONE',  ( 1.251571852859237000, -23.84950109957197739, -17.21099878591439847 ) ) ;
#2110 = CARTESIAN_POINT ( 'NONE',  ( 1.500000000000124567, -22.99999999999998579, -17.85894133304159226 ) ) ;
#2111 = CARTESIAN_POINT ( 'NONE',  ( 0.000000000000000000, 0.000000000000000000, 11.95250000000002721 ) ) ;
#2112 = AXIS2_PLACEMENT_3D ( 'NONE', #513, #2146, #1795 ) ;
#2113 = FACE_OUTER_BOUND ( 'NONE', #1697, .T. ) ;
#2114 = ORIENTED_EDGE ( 'NONE', *, *, #4156, .T. ) ;
#2115 = ORIENTED_EDGE ( 'NONE', *, *, #3802, .T. ) ;
#2116 = CYLINDRICAL_SURFACE ( 'NONE', #428, 4.000000000000000000 ) ;
#2117 = EDGE_CURVE ( 'NONE', #136, #1932, #352, .T. ) ;
#2118 = ADVANCED_FACE ( 'NONE', ( #851 ), #3662, .F. ) ;
#2119 = ORIENTED_EDGE ( 'NONE', *, *, #3626, .F. ) ;
#2120 = CARTESIAN_POINT ( 'NONE',  ( 0.000000000000000000, 0.000000000000000000, -6.249999999999993783 ) ) ;
#2121 = CARTESIAN_POINT ( 'NONE',  ( 0.2226083602514270787, -21.49936609575036073, -19.06413854549736442 ) ) ;
#2122 = EDGE_LOOP ( 'NONE', ( #3220, #2923, #768, #987 ) ) ;
#2123 = EDGE_CURVE ( 'NONE', #135, #3327, #3859, .T. ) ;
#2124 = EDGE_LOOP ( 'NONE', ( #3022, #2468, #2624, #4 ) ) ;
#2125 = CARTESIAN_POINT ( 'NONE',  ( 24.50000000000000000, 0.000000000000000000, 0.000000000000000000 ) ) ;
#2126 = CARTESIAN_POINT ( 'NONE',  ( -34.50000000000000711, 0.000000000000000000, 19.45250000000001123 ) ) ;
#2127 = CARTESIAN_POINT ( 'NONE',  ( 21.20522252253560680, -21.22118134717642945, 0.000000000000000000 ) ) ;
#2128 = CARTESIAN_POINT ( 'NONE',  ( -22.67787954828310504, 13.77434160219648973, -15.14917360771941901 ) ) ;
#2129 = DIRECTION ( 'NONE',  ( 0.000000000000000000, 0.000000000000000000, -1.000000000000000000 ) ) ;
#2130 = DIRECTION ( 'NONE',  ( 1.000000000000000000, 0.000000000000000000, 0.000000000000000000 ) ) ;
#2131 = EDGE_LOOP ( 'NONE', ( #3715, #1548, #3504 ) ) ;
#2132 = ORIENTED_EDGE ( 'NONE', *, *, #2709, .T. ) ;
#2133 = CARTESIAN_POINT ( 'NONE',  ( 0.000000000000000000, -23.00000000000000000, -10.07749999999998458 ) ) ;
#2134 = AXIS2_PLACEMENT_3D ( 'NONE', #1216, #3149, #1246 ) ;
#2135 = ORIENTED_EDGE ( 'NONE', *, *, #710, .T. ) ;
#2136 = EDGE_CURVE ( 'NONE', #2287, #588, #1413, .T. ) ;
#2137 = CARTESIAN_POINT ( 'NONE',  ( -32.17337224468786161, -11.80265604994573003, -23.22056274847715684 ) ) ;
#2138 = ADVANCED_FACE ( 'NONE', ( #1804, #3376 ), #3056, .F. ) ;
#2139 = EDGE_LOOP ( 'NONE', ( #2867, #3146, #852, #3355 ) ) ;
#2140 = VERTEX_POINT ( 'NONE', #1126 ) ;
#2141 = CARTESIAN_POINT ( 'NONE',  ( -21.57169569672297271, 20.81492621655652897, -12.47157893054602162 ) ) ;
#2142 = CIRCLE ( 'NONE', #929, 5.999999999999998224 ) ;
#2143 = EDGE_CURVE ( 'NONE', #103, #3748, #2953, .T. ) ;
#2144 = CARTESIAN_POINT ( 'NONE',  ( 34.14582562299427337, 16.25000000000000000, 6.250000000000005329 ) ) ;
#2145 = DIRECTION ( 'NONE',  ( 1.000000000000000000, 0.000000000000000000, 0.000000000000000000 ) ) ;
#2146 = DIRECTION ( 'NONE',  ( -0.000000000000000000, -0.000000000000000000, 1.000000000000000000 ) ) ;
#2147 = VECTOR ( 'NONE', #4090, 1000.000000000000000 ) ;
#2148 = VECTOR ( 'NONE', #3735, 1000.000000000000114 ) ;
#2149 = CARTESIAN_POINT ( 'NONE',  ( -22.14582562299429469, 15.94946266947598978, -14.55999076971129114 ) ) ;
#2150 = DIRECTION ( 'NONE',  ( -1.000000000000000000, 0.000000000000000000, 0.000000000000000000 ) ) ;
#2151 = CARTESIAN_POINT ( 'NONE',  ( -25.59312562299426830, -16.24999999999999645, -6.249999999999994671 ) ) ;
#2152 = VERTEX_POINT ( 'NONE', #3354 ) ;
#2153 = CARTESIAN_POINT ( 'NONE',  ( 0.000000000000000000, 0.000000000000000000, 6.250000000000005329 ) ) ;
#2154 = FACE_OUTER_BOUND ( 'NONE', #118, .T. ) ;
#2155 = CIRCLE ( 'NONE', #1427, 2.552699999999992642 ) ;
#2156 = VERTEX_POINT ( 'NONE', #3437 ) ;
#2157 = DIRECTION ( 'NONE',  ( -1.000000000000000000, 0.000000000000000000, 0.000000000000000000 ) ) ;
#2158 = VECTOR ( 'NONE', #1645, 1000.000000000000000 ) ;
#2159 = CARTESIAN_POINT ( 'NONE',  ( -10.80447448861207604, 27.98684210526316463, 0.000000000000000000 ) ) ;
#2160 = ORIENTED_EDGE ( 'NONE', *, *, #1460, .T. ) ;
#2161 = ORIENTED_EDGE ( 'NONE', *, *, #2070, .F. ) ;
#2162 = EDGE_CURVE ( 'NONE', #810, #1069, #1826, .T. ) ;
#2163 = VECTOR ( 'NONE', #2589, 999.9999999999998863 ) ;
#2164 = CYLINDRICAL_SURFACE ( 'NONE', #827, 6.000000000000001776 ) ;
#2165 = DIRECTION ( 'NONE',  ( -0.000000000000000000, -0.000000000000000000, -1.000000000000000000 ) ) ;
#2166 = CIRCLE ( 'NONE', #4055, 8.000000000000000000 ) ;
#2167 = DIRECTION ( 'NONE',  ( 1.000000000000000000, 0.000000000000000000, 0.000000000000000000 ) ) ;
#2168 = ADVANCED_FACE ( 'NONE', ( #2524 ), #2813, .T. ) ;
#2169 = CARTESIAN_POINT ( 'NONE',  ( -26.30808609372701667, 21.96162966434000552, -6.249999999999992006 ) ) ;
#2170 = EDGE_CURVE ( 'NONE', #775, #2230, #3591, .T. ) ;
#2171 = AXIS2_PLACEMENT_3D ( 'NONE', #1978, #2646, #73 ) ;
#2172 = CARTESIAN_POINT ( 'NONE',  ( -28.14582562299424850, 16.25000000000000711, -6.249999999999994671 ) ) ;
#2173 = CARTESIAN_POINT ( 'NONE',  ( 0.000000000000000000, 0.000000000000000000, 0.000000000000000000 ) ) ;
#2174 = DIRECTION ( 'NONE',  ( -0.000000000000000000, -0.000000000000000000, 1.000000000000000000 ) ) ;
#2175 = ORIENTED_EDGE ( 'NONE', *, *, #3655, .T. ) ;
#2176 = AXIS2_PLACEMENT_3D ( 'NONE', #3554, #1294, #655 ) ;
#2177 = DIRECTION ( 'NONE',  ( -0.000000000000000000, -0.000000000000000000, -1.000000000000000000 ) ) ;
#2178 = ADVANCED_BREP_SHAPE_REPRESENTATION ( '5-17 Fixed Holes', ( #1192, #308 ), #968 ) ;
#2179 = AXIS2_PLACEMENT_3D ( 'NONE', #3263, #1037, #3621 ) ;
#2180 = CARTESIAN_POINT ( 'NONE',  ( -28.14582562299419166, -16.25000000000012790, -20.95249999999998991 ) ) ;
#2181 = CARTESIAN_POINT ( 'NONE',  ( 0.000000000000000000, 0.000000000000000000, -6.249999999999993783 ) ) ;
#2182 = EDGE_LOOP ( 'NONE', ( #1311, #1573, #600, #1463 ) ) ;
#2183 = EDGE_LOOP ( 'NONE', ( #649, #2942, #476, #3284 ) ) ;
#2184 = CARTESIAN_POINT ( 'NONE',  ( -24.25630796934567712, 0.8258764000553155959, -16.90899534310707963 ) ) ;
#2185 = DIRECTION ( 'NONE',  ( -1.000000000000000000, 0.000000000000000000, 0.000000000000000000 ) ) ;
#2186 = ORIENTED_EDGE ( 'NONE', *, *, #3823, .F. ) ;
#2187 = DIRECTION ( 'NONE',  ( 1.000000000000000000, 0.000000000000000000, 0.000000000000000000 ) ) ;
#2188 = VERTEX_POINT ( 'NONE', #3165 ) ;
#2189 = CYLINDRICAL_SURFACE ( 'NONE', #3907, 6.000000000000012434 ) ;
#2190 = LINE ( 'NONE', #216, #2910 ) ;
#2191 = CARTESIAN_POINT ( 'NONE',  ( 10.80447448861207960, -27.98684210526316107, 6.250000000000003553 ) ) ;
#2192 = EDGE_CURVE ( 'NONE', #1399, #2097, #2635, .T. ) ;
#2193 = CARTESIAN_POINT ( 'NONE',  ( -23.25626128958395356, 12.76867304064991870, -15.15102330105341188 ) ) ;
#2194 = EDGE_CURVE ( 'NONE', #667, #151, #2031, .T. ) ;
#2195 = CARTESIAN_POINT ( 'NONE',  ( 37.54343440694599821, -5.872864116540006840, -6.249999999999993783 ) ) ;
#2196 = DIRECTION ( 'NONE',  ( -1.000000000000000000, 0.000000000000000000, 0.000000000000000000 ) ) ;
#2197 = ORIENTED_EDGE ( 'NONE', *, *, #1402, .F. ) ;
#2198 = FACE_OUTER_BOUND ( 'NONE', #2010, .T. ) ;
#2199 = ADVANCED_FACE ( 'NONE', ( #3527 ), #4164, .F. ) ;
#2200 = DIRECTION ( 'NONE',  ( -0.8571673007021113344, 0.000000000000000000, -0.5150380749100558209 ) ) ;
#2201 = CARTESIAN_POINT ( 'NONE',  ( -29.54343440694599821, -5.872864116540021051, 6.250000000000003553 ) ) ;
#2202 = CARTESIAN_POINT ( 'NONE',  ( 21.50000000000000000, 1.836970198721029934E-16, -10.07749999999998458 ) ) ;
#2203 = EDGE_LOOP ( 'NONE', ( #2334, #1111 ) ) ;
#2204 = ORIENTED_EDGE ( 'NONE', *, *, #83, .T. ) ;
#2205 = CARTESIAN_POINT ( 'NONE',  ( -37.54343440694599821, 5.872864116540021051, 0.000000000000000000 ) ) ;
#2206 = LINE ( 'NONE', #2159, #880 ) ;
#2207 = DIRECTION ( 'NONE',  ( 1.000000000000000000, 0.000000000000000000, 0.000000000000000000 ) ) ;
#2208 = ORIENTED_EDGE ( 'NONE', *, *, #3770, .T. ) ;
#2209 = DIRECTION ( 'NONE',  ( -0.000000000000000000, -0.000000000000000000, 1.000000000000000000 ) ) ;
#2210 = B_SPLINE_CURVE_WITH_KNOTS ( 'NONE', 3,
 ( #1644, #1602, #3218, #1034, #2239, #27, #3297, #3886, #1335, #401, #1276, #2549, #949, #3537, #1296, #2575, #3868, #2260, #3555, #3719, #3319, #3664, #3038, #1728, #3015, #426 ),
 .UNSPECIFIED., .F., .F.,
 ( 4, 2, 2, 2, 2, 2, 2, 2, 2, 2, 2, 2, 4 ),
 ( 0.002276879723715537034, 0.002859267328267183807, 0.003441654932818830146, 0.004606430141922128463, 0.005188817746473777838, 0.005771205351025428081, 0.006935980560128728566, 0.007518368164680378808, 0.008100755769232029918, 0.009265530978335330403, 0.009847918582886982380, 0.01043030618743863436, 0.01159508139654194525 ),
 .UNSPECIFIED. ) ;
#2211 = ORIENTED_EDGE ( 'NONE', *, *, #651, .F. ) ;
#2212 = CARTESIAN_POINT ( 'NONE',  ( -22.28272100937941858, -19.27501423417280435, -12.87076489622951847 ) ) ;
#2213 = CARTESIAN_POINT ( 'NONE',  ( 0.000000000000000000, 0.000000000000000000, -12.45249999999997748 ) ) ;
#2214 = CARTESIAN_POINT ( 'NONE',  ( 0.000000000000000000, -23.00000000000000000, -10.07749999999998458 ) ) ;
#2215 = CIRCLE ( 'NONE', #392, 25.00000000000000711 ) ;
#2216 = LINE ( 'NONE', #2851, #3396 ) ;
#2217 = AXIS2_PLACEMENT_3D ( 'NONE', #1688, #3279, #2892 ) ;
#2218 = CARTESIAN_POINT ( 'NONE',  ( -5.865286150960843159, -33.76428571428571956, 6.250000000000005329 ) ) ;
#2219 = CARTESIAN_POINT ( 'NONE',  ( -28.17943617909181242, -9.298287315658450680, -12.70649441957943182 ) ) ;
#2220 = ORIENTED_EDGE ( 'NONE', *, *, #7, .F. ) ;
#2221 = ADVANCED_FACE ( 'NONE', ( #2564, #3120 ), #4122, .F. ) ;
#2222 = CIRCLE ( 'NONE', #1287, 4.000000000000000000 ) ;
#2223 = CARTESIAN_POINT ( 'NONE',  ( -26.30808609372701667, 21.96162966434000552, 6.250000000000005329 ) ) ;
#2224 = ORIENTED_EDGE ( 'NONE', *, *, #1920, .F. ) ;
#2225 = EDGE_LOOP ( 'NONE', ( #1747, #537, #3465, #941 ) ) ;
#2226 = CARTESIAN_POINT ( 'NONE',  ( 27.71525592484181644, 9.778944612768706079, -12.92824923591619424 ) ) ;
#2227 = EDGE_CURVE ( 'NONE', #2360, #3112, #3043, .T. ) ;
#2228 = CIRCLE ( 'NONE', #3108, 30.00000000000000355 ) ;
#2229 = DIRECTION ( 'NONE',  ( -0.000000000000000000, -0.000000000000000000, -1.000000000000000000 ) ) ;
#2230 = VERTEX_POINT ( 'NONE', #230 ) ;
#2231 = AXIS2_PLACEMENT_3D ( 'NONE', #2875, #1588, #3139 ) ;
#2232 = ORIENTED_EDGE ( 'NONE', *, *, #1970, .F. ) ;
#2233 = AXIS2_PLACEMENT_3D ( 'NONE', #2475, #2229, #630 ) ;
#2234 = ORIENTED_EDGE ( 'NONE', *, *, #2273, .F. ) ;
#2235 = CARTESIAN_POINT ( 'NONE',  ( -22.36171135107422003, -18.78629699686024779, -13.07056799948432690 ) ) ;
#2236 = FACE_OUTER_BOUND ( 'NONE', #1196, .T. ) ;
#2237 = CIRCLE ( 'NONE', #1967, 8.000000000000000000 ) ;
#2238 = LINE ( 'NONE', #309, #2842 ) ;
#2239 = CARTESIAN_POINT ( 'NONE',  ( -3.371417233411541314, 27.53363858695622213, -14.21109984389636338 ) ) ;
#2240 = DIRECTION ( 'NONE',  ( 0.000000000000000000, 0.000000000000000000, -1.000000000000000000 ) ) ;
#2241 = EDGE_LOOP ( 'NONE', ( #3508, #2401 ) ) ;
#2242 = VECTOR ( 'NONE', #277, 1000.000000000000000 ) ;
#2243 = CIRCLE ( 'NONE', #566, 2.552699999999990865 ) ;
#2244 = CARTESIAN_POINT ( 'NONE',  ( 0.000000000000000000, 0.000000000000000000, -16.45250000000001123 ) ) ;
#2245 = VERTEX_POINT ( 'NONE', #915 ) ;
#2246 = ORIENTED_EDGE ( 'NONE', *, *, #3979, .F. ) ;
#2247 = CYLINDRICAL_SURFACE ( 'NONE', #3460, 8.000000000000000000 ) ;
#2248 = CARTESIAN_POINT ( 'NONE',  ( 24.13745419566106776, -0.9970388995612831096, -16.99654343678390944 ) ) ;
#2249 = VECTOR ( 'NONE', #1331, 1000.000000000000000 ) ;
#2250 = FACE_OUTER_BOUND ( 'NONE', #1592, .T. ) ;
#2251 = ADVANCED_FACE ( 'NONE', ( #2540 ), #4077, .F. ) ;
#2252 = EDGE_CURVE ( 'NONE', #1843, #1566, #1829, .T. ) ;
#2253 = VERTEX_POINT ( 'NONE', #1595 ) ;
#2254 = CYLINDRICAL_SURFACE ( 'NONE', #756, 1.500000000000000444 ) ;
#2255 = ORIENTED_EDGE ( 'NONE', *, *, #1254, .F. ) ;
#2256 = EDGE_CURVE ( 'NONE', #2602, #3209, #2206, .T. ) ;
#2257 = DIRECTION ( 'NONE',  ( -1.000000000000000000, 0.000000000000000000, 0.000000000000000000 ) ) ;
#2258 = CARTESIAN_POINT ( 'NONE',  ( 5.865286150960843159, -33.76428571428571956, -6.249999999999992006 ) ) ;
#2259 = CARTESIAN_POINT ( 'NONE',  ( 19.00000000000000000, 2.326828918379970970E-15, -16.95249999999998636 ) ) ;
#2260 = CARTESIAN_POINT ( 'NONE',  ( 1.549009360121574641, 26.69032821254249299, -14.99384060917677886 ) ) ;
#2261 = CARTESIAN_POINT ( 'NONE',  ( 18.37785951953027563, 18.39169050088682056, -6.249999999999993783 ) ) ;
#2262 = VERTEX_POINT ( 'NONE', #569 ) ;
#2263 = CARTESIAN_POINT ( 'NONE',  ( 37.54343440694600531, 5.872864116539996182, 0.000000000000000000 ) ) ;
#2264 = DIRECTION ( 'NONE',  ( 1.000000000000000000, 0.000000000000000000, 0.000000000000000000 ) ) ;
#2265 = ORIENTED_EDGE ( 'NONE', *, *, #111, .F. ) ;
#2266 = ORIENTED_EDGE ( 'NONE', *, *, #467, .T. ) ;
#2267 = DIRECTION ( 'NONE',  ( -0.000000000000000000, -0.000000000000000000, 1.000000000000000000 ) ) ;
#2268 = DIRECTION ( 'NONE',  ( -1.000000000000000000, 0.000000000000000000, 0.000000000000000000 ) ) ;
#2269 = CARTESIAN_POINT ( 'NONE',  ( 0.000000000000000000, 0.000000000000000000, -16.95249999999998636 ) ) ;
#2270 = VERTEX_POINT ( 'NONE', #3814 ) ;
#2271 = CARTESIAN_POINT ( 'NONE',  ( -25.59312562299426119, -16.24999999999999645, 12.06000000000000583 ) ) ;
#2272 = EDGE_CURVE ( 'NONE', #742, #3863, #2237, .T. ) ;
#2273 = EDGE_CURVE ( 'NONE', #758, #1874, #623, .T. ) ;
#2274 = CIRCLE ( 'NONE', #3362, 30.00000000000000355 ) ;
#2275 = ORIENTED_EDGE ( 'NONE', *, *, #165, .F. ) ;
#2276 = CARTESIAN_POINT ( 'NONE',  ( 0.000000000000000000, 0.000000000000000000, 0.000000000000000000 ) ) ;
#2277 = DIRECTION ( 'NONE',  ( 1.000000000000000000, 0.000000000000000000, 0.000000000000000000 ) ) ;
#2278 = DIRECTION ( 'NONE',  ( -1.000000000000000000, 0.000000000000000000, 0.000000000000000000 ) ) ;
#2279 = ADVANCED_FACE ( 'NONE', ( #2313, #1953 ), #1297, .T. ) ;
#2280 = DIRECTION ( 'NONE',  ( -0.000000000000000000, -0.000000000000000000, -1.000000000000000000 ) ) ;
#2281 = DIRECTION ( 'NONE',  ( 1.000000000000000000, 0.000000000000000000, 0.000000000000000000 ) ) ;
#2282 = AXIS2_PLACEMENT_3D ( 'NONE', #1587, #2874, #1259 ) ;
#2283 = CARTESIAN_POINT ( 'NONE',  ( -5.079441413534758532, -28.76508895876212790, -13.06768083149658288 ) ) ;
#2284 = DIRECTION ( 'NONE',  ( 1.000000000000000000, 0.000000000000000000, 0.000000000000000000 ) ) ;
#2285 = DIRECTION ( 'NONE',  ( 1.000000000000000000, 0.000000000000000000, 0.000000000000000000 ) ) ;
#2286 = VERTEX_POINT ( 'NONE', #37 ) ;
#2287 = VERTEX_POINT ( 'NONE', #711 ) ;
#2288 = AXIS2_PLACEMENT_3D ( 'NONE', #1357, #720, #3576 ) ;
#2289 = CARTESIAN_POINT ( 'NONE',  ( -19.00000000000000000, 0.000000000000000000, -16.95249999999998636 ) ) ;
#2290 = DIRECTION ( 'NONE',  ( 0.000000000000000000, -0.000000000000000000, 1.000000000000000000 ) ) ;
#2291 = CIRCLE ( 'NONE', #4032, 8.000000000000000000 ) ;
#2292 = AXIS2_PLACEMENT_3D ( 'NONE', #3300, #1690, #365 ) ;
#2293 = ORIENTED_EDGE ( 'NONE', *, *, #140, .T. ) ;
#2294 = DIRECTION ( 'NONE',  ( 1.000000000000000000, 0.000000000000000000, 0.000000000000000000 ) ) ;
#2295 = DIRECTION ( 'NONE',  ( -1.000000000000000000, 0.000000000000000000, 0.000000000000000000 ) ) ;
#2296 = CIRCLE ( 'NONE', #2830, 8.000000000000000000 ) ;
#2297 = LINE ( 'NONE', #378, #338 ) ;
#2298 = DIRECTION ( 'NONE',  ( -1.000000000000000000, 0.000000000000000000, 0.000000000000000000 ) ) ;
#2299 = ORIENTED_EDGE ( 'NONE', *, *, #56, .F. ) ;
#2300 = DIRECTION ( 'NONE',  ( 0.000000000000000000, 0.000000000000000000, -1.000000000000000000 ) ) ;
#2301 = ADVANCED_FACE ( 'NONE', ( #3915, #2987 ), #1672, .F. ) ;
#2302 = ADVANCED_FACE ( 'NONE', ( #1020 ), #1343, .F. ) ;
#2303 = VECTOR ( 'NONE', #576, 1000.000000000000000 ) ;
#2304 = CARTESIAN_POINT ( 'NONE',  ( 30.69852562299425358, 16.25000000000000000, 12.06000000000000583 ) ) ;
#2305 = VECTOR ( 'NONE', #3085, 1000.000000000000000 ) ;
#2306 = CARTESIAN_POINT ( 'NONE',  ( -6.376522605984757064, -29.09878145099800051, -12.61675967384449493 ) ) ;
#2307 = FACE_OUTER_BOUND ( 'NONE', #3528, .T. ) ;
#2308 = ORIENTED_EDGE ( 'NONE', *, *, #500, .T. ) ;
#2309 = AXIS2_PLACEMENT_3D ( 'NONE', #2446, #3427, #861 ) ;
#2310 = CIRCLE ( 'NONE', #2710, 8.000000000000001776 ) ;
#2311 = ORIENTED_EDGE ( 'NONE', *, *, #1354, .T. ) ;
#2312 = CYLINDRICAL_SURFACE ( 'NONE', #967, 30.00000000000000355 ) ;
#2313 = FACE_BOUND ( 'NONE', #2241, .T. ) ;
#2314 = AXIS2_PLACEMENT_3D ( 'NONE', #2419, #3129, #236 ) ;
#2315 = ORIENTED_EDGE ( 'NONE', *, *, #3018, .F. ) ;
#2316 = LINE ( 'NONE', #77, #2371 ) ;
#2317 = DIRECTION ( 'NONE',  ( -0.000000000000000000, -0.000000000000000000, 1.000000000000000000 ) ) ;
#2318 = DIRECTION ( 'NONE',  ( -0.000000000000000000, -0.000000000000000000, 1.000000000000000000 ) ) ;
#2319 = CARTESIAN_POINT ( 'NONE',  ( 18.37785951953027563, 18.39169050088682056, -20.95249999999998991 ) ) ;
#2320 = CARTESIAN_POINT ( 'NONE',  ( -1.500000000000115907, 22.82226848851298229, -17.99688390822079853 ) ) ;
#2321 = VERTEX_POINT ( 'NONE', #3609 ) ;
#2322 = CARTESIAN_POINT ( 'NONE',  ( -23.77581962745126987, -12.13539865268473150, -15.02437799212941805 ) ) ;
#2323 = FACE_OUTER_BOUND ( 'NONE', #1104, .T. ) ;
#2324 = ADVANCED_FACE ( 'NONE', ( #1979 ), #330, .T. ) ;
#2325 = EDGE_CURVE ( 'NONE', #2253, #1667, #2964, .T. ) ;
#2326 = DIRECTION ( 'NONE',  ( 0.000000000000000000, 0.000000000000000000, -1.000000000000000000 ) ) ;
#2327 = DIRECTION ( 'NONE',  ( 1.000000000000000000, 0.000000000000000000, 0.000000000000000000 ) ) ;
#2328 = EDGE_LOOP ( 'NONE', ( #527, #1489, #978, #1766 ) ) ;
#2329 = ORIENTED_EDGE ( 'NONE', *, *, #448, .F. ) ;
#2330 = CARTESIAN_POINT ( 'NONE',  ( 21.40014356554417674, 21.02640688935054314, -12.45249999999997570 ) ) ;
#2331 = EDGE_CURVE ( 'NONE', #2773, #646, #1230, .T. ) ;
#2332 = CARTESIAN_POINT ( 'NONE',  ( 28.98069340623920453, -7.753670723829051425, -12.45249999999997748 ) ) ;
#2333 = FACE_OUTER_BOUND ( 'NONE', #3745, .T. ) ;
#2334 = ORIENTED_EDGE ( 'NONE', *, *, #2384, .F. ) ;
#2335 = LINE ( 'NONE', #2607, #565 ) ;
#2336 = CARTESIAN_POINT ( 'NONE',  ( 27.70822254642128968, -9.771124286072183196, -12.93449815022521854 ) ) ;
#2337 = DIRECTION ( 'NONE',  ( 1.000000000000000000, 1.156482317317871725E-15, 0.000000000000000000 ) ) ;
#2338 = DIRECTION ( 'NONE',  ( 0.000000000000000000, 0.000000000000000000, 1.000000000000000000 ) ) ;
#2339 = ORIENTED_EDGE ( 'NONE', *, *, #4100, .F. ) ;
#2340 = LINE ( 'NONE', #3944, #1165 ) ;
#2341 = EDGE_LOOP ( 'NONE', ( #2411, #191, #2255, #952 ) ) ;
#2342 = DIRECTION ( 'NONE',  ( -0.7071067811865567876, 0.000000000000000000, -0.7071067811865383579 ) ) ;
#2343 = CARTESIAN_POINT ( 'NONE',  ( 28.14582562299386126, 16.25000000000057199, -6.249999999999993783 ) ) ;
#2344 = DIRECTION ( 'NONE',  ( 1.000000000000000000, 0.000000000000000000, 0.000000000000000000 ) ) ;
#2345 = VERTEX_POINT ( 'NONE', #3270 ) ;
#2346 = EDGE_CURVE ( 'NONE', #653, #2345, #953, .T. ) ;
#2347 = ORIENTED_EDGE ( 'NONE', *, *, #81, .T. ) ;
#2348 = ADVANCED_FACE ( 'NONE', ( #1390 ), #2668, .F. ) ;
#2349 = EDGE_CURVE ( 'NONE', #2585, #317, #52, .T. ) ;
#2350 = VERTEX_POINT ( 'NONE', #2332 ) ;
#2351 = CARTESIAN_POINT ( 'NONE',  ( 3.789854940252153970, -27.84523402896615707, -13.92896116591963818 ) ) ;
#2352 = AXIS2_PLACEMENT_3D ( 'NONE', #3883, #1351, #2627 ) ;
#2353 = CARTESIAN_POINT ( 'NONE',  ( -10.80447448861207604, 27.98684210526316463, 6.250000000000003553 ) ) ;
#2354 = CARTESIAN_POINT ( 'NONE',  ( -34.50000000000000711, 0.000000000000000000, 19.45250000000001123 ) ) ;
#2355 = AXIS2_PLACEMENT_3D ( 'NONE', #3853, #954, #3542 ) ;
#2356 = EDGE_LOOP ( 'NONE', ( #3787, #1314, #2186, #2751 ) ) ;
#2357 = DIRECTION ( 'NONE',  ( 1.000000000000000000, 0.000000000000000000, 0.000000000000000000 ) ) ;
#2358 = LINE ( 'NONE', #125, #2441 ) ;
#2359 = CIRCLE ( 'NONE', #3651, 2.552699999999994418 ) ;
#2360 = VERTEX_POINT ( 'NONE', #2604 ) ;
#2361 = DIRECTION ( 'NONE',  ( -1.000000000000000000, 0.000000000000000000, 0.000000000000000000 ) ) ;
#2362 = DIRECTION ( 'NONE',  ( -1.000000000000000000, 0.000000000000000000, 0.000000000000000000 ) ) ;
#2363 = CARTESIAN_POINT ( 'NONE',  ( 0.000000000000000000, 0.000000000000000000, 0.000000000000000000 ) ) ;
#2364 = FACE_OUTER_BOUND ( 'NONE', #628, .T. ) ;
#2365 = FACE_OUTER_BOUND ( 'NONE', #2341, .T. ) ;
#2366 = CARTESIAN_POINT ( 'NONE',  ( -28.14582562299425561, 16.25000000000001066, -23.22056274847715684 ) ) ;
#2367 = EDGE_LOOP ( 'NONE', ( #328, #3561, #2516, #3061 ) ) ;
#2368 = VERTEX_POINT ( 'NONE', #3565 ) ;
#2369 = FACE_OUTER_BOUND ( 'NONE', #3855, .T. ) ;
#2370 = VECTOR ( 'NONE', #1613, 1000.000000000000000 ) ;
#2371 = VECTOR ( 'NONE', #3007, 1000.000000000000000 ) ;
#2372 = ORIENTED_EDGE ( 'NONE', *, *, #3800, .F. ) ;
#2373 = CARTESIAN_POINT ( 'NONE',  ( 21.86163602711994258, 0.9818850668953152949, -18.76530326803538529 ) ) ;
#2374 = AXIS2_PLACEMENT_3D ( 'NONE', #885, #1334, #1820 ) ;
#2375 = EDGE_CURVE ( 'NONE', #736, #2949, #1365, .T. ) ;
#2376 = CARTESIAN_POINT ( 'NONE',  ( 1.500000000002913003, -22.64530256306738565, -18.13423228989308100 ) ) ;
#2377 = ADVANCED_FACE ( 'NONE', ( #2250 ), #1634, .T. ) ;
#2378 = ORIENTED_EDGE ( 'NONE', *, *, #3524, .T. ) ;
#2379 = CYLINDRICAL_SURFACE ( 'NONE', #26, 8.000000000000000000 ) ;
#2380 = LINE ( 'NONE', #148, #1424 ) ;
#2381 = CIRCLE ( 'NONE', #1777, 8.000000000000000000 ) ;
#2382 = ORIENTED_EDGE ( 'NONE', *, *, #2889, .F. ) ;
#2383 = CARTESIAN_POINT ( 'NONE',  ( -0.7376972020004299857, 21.68958955934563093, -18.90655983341989099 ) ) ;
#2384 = EDGE_CURVE ( 'NONE', #2017, #1704, #2573, .T. ) ;
#2385 = AXIS2_PLACEMENT_3D ( 'NONE', #1646, #1073, #2979 ) ;
#2386 = ORIENTED_EDGE ( 'NONE', *, *, #1941, .T. ) ;
#2387 = FACE_OUTER_BOUND ( 'NONE', #2722, .T. ) ;
#2388 = CARTESIAN_POINT ( 'NONE',  ( 23.76118345675467936, -12.14974082280306433, -15.02958432439548986 ) ) ;
#2389 = CARTESIAN_POINT ( 'NONE',  ( 28.14582562299425561, -16.24999999999999645, -6.249999999999992006 ) ) ;
#2390 = LINE ( 'NONE', #1142, #1015 ) ;
#2391 = ORIENTED_EDGE ( 'NONE', *, *, #2973, .F. ) ;
#2392 = ORIENTED_EDGE ( 'NONE', *, *, #3159, .T. ) ;
#2393 = CARTESIAN_POINT ( 'NONE',  ( -21.68759258543305180, -0.7339762260235043190, -18.90820725266160096 ) ) ;
#2394 = ORIENTED_EDGE ( 'NONE', *, *, #499, .T. ) ;
#2395 = CARTESIAN_POINT ( 'NONE',  ( 24.50000000000000000, -2.974865471069905409E-22, -16.73027777777775782 ) ) ;
#2396 = CARTESIAN_POINT ( 'NONE',  ( -26.32829082044207780, 10.53190877639118561, -13.73065561476729002 ) ) ;
#2397 = ORIENTED_EDGE ( 'NONE', *, *, #1759, .T. ) ;
#2398 = CARTESIAN_POINT ( 'NONE',  ( -7.589415207398531038E-16, 0.000000000000000000, -6.249999999999993783 ) ) ;
#2399 = ORIENTED_EDGE ( 'NONE', *, *, #267, .F. ) ;
#2400 = EDGE_CURVE ( 'NONE', #3088, #54, #665, .T. ) ;
#2401 = ORIENTED_EDGE ( 'NONE', *, *, #2810, .F. ) ;
#2402 = CARTESIAN_POINT ( 'NONE',  ( 42.49999999999999289, 0.000000000000000000, 10.45250000000001656 ) ) ;
#2403 = CARTESIAN_POINT ( 'NONE',  ( 22.25400860316549867, -15.05585772902968777, -14.88966685655229405 ) ) ;
#2404 = DIRECTION ( 'NONE',  ( -0.000000000000000000, -0.000000000000000000, -1.000000000000000000 ) ) ;
#2405 = ADVANCED_FACE ( 'NONE', ( #3414 ), #92, .F. ) ;
#2406 = DIRECTION ( 'NONE',  ( -1.000000000000000000, 0.000000000000000000, 0.000000000000000000 ) ) ;
#2407 = DIRECTION ( 'NONE',  ( 0.000000000000000000, 0.000000000000000000, -1.000000000000000000 ) ) ;
#2408 = VERTEX_POINT ( 'NONE', #430 ) ;
#2409 = ORIENTED_EDGE ( 'NONE', *, *, #2897, .T. ) ;
#2410 = CARTESIAN_POINT ( 'NONE',  ( -22.23989436140278642, 17.32908384821792680, -13.85729800032449788 ) ) ;
#2411 = ORIENTED_EDGE ( 'NONE', *, *, #1553, .F. ) ;
#2412 = CARTESIAN_POINT ( 'NONE',  ( 24.40311132569408059, 0.5411865346576355540, -16.80112383430780909 ) ) ;
#2413 = CARTESIAN_POINT ( 'NONE',  ( -1.468448036255403322, -22.64566281681492299, -18.13559407198266626 ) ) ;
#2414 = AXIS2_PLACEMENT_3D ( 'NONE', #2677, #760, #88 ) ;
#2415 = ORIENTED_EDGE ( 'NONE', *, *, #106, .F. ) ;
#2416 = DIRECTION ( 'NONE',  ( 0.000000000000000000, -0.000000000000000000, 1.000000000000000000 ) ) ;
#2417 = ORIENTED_EDGE ( 'NONE', *, *, #4003, .F. ) ;
#2418 = CYLINDRICAL_SURFACE ( 'NONE', #2587, 4.000000000000000000 ) ;
#2419 = CARTESIAN_POINT ( 'NONE',  ( 0.000000000000000000, 0.000000000000000000, 6.250000000000003553 ) ) ;
#2420 = DIRECTION ( 'NONE',  ( -0.000000000000000000, -0.000000000000000000, 1.000000000000000000 ) ) ;
#2421 = CARTESIAN_POINT ( 'NONE',  ( 0.8238623350066436313, -24.25755852950453573, -16.90807487452752511 ) ) ;
#2422 = CYLINDRICAL_SURFACE ( 'NONE', #3803, 30.00000000000000355 ) ;
#2423 = VECTOR ( 'NONE', #1591, 1000.000000000000000 ) ;
#2424 = ADVANCED_FACE ( 'NONE', ( #110 ), #1404, .F. ) ;
#2425 = ADVANCED_FACE ( 'NONE', ( #241, #514 ), #579, .F. ) ;
#2426 = CYLINDRICAL_SURFACE ( 'NONE', #1414, 2.552699999999992642 ) ;
#2427 = AXIS2_PLACEMENT_3D ( 'NONE', #1232, #1542, #1525 ) ;
#2428 = CARTESIAN_POINT ( 'NONE',  ( -5.865286150960838718, 33.76428571428571956, -6.249999999999992006 ) ) ;
#2429 = ORIENTED_EDGE ( 'NONE', *, *, #3441, .T. ) ;
#2430 = ORIENTED_EDGE ( 'NONE', *, *, #585, .T. ) ;
#2431 = DIRECTION ( 'NONE',  ( 1.000000000000000000, 0.000000000000000000, 0.000000000000000000 ) ) ;
#2432 = ADVANCED_FACE ( 'NONE', ( #3155 ), #2513, .F. ) ;
#2433 = AXIS2_PLACEMENT_3D ( 'NONE', #3426, #841, #3774 ) ;
#2434 = ORIENTED_EDGE ( 'NONE', *, *, #2967, .T. ) ;
#2435 = CARTESIAN_POINT ( 'NONE',  ( 1.358607526432985324, -26.65265890893362410, -15.02958432439547920 ) ) ;
#2436 = CARTESIAN_POINT ( 'NONE',  ( -0.5477356100564025887, -21.59958996670648901, -18.98091076090904039 ) ) ;
#2437 = AXIS2_PLACEMENT_3D ( 'NONE', #923, #218, #285 ) ;
#2438 = ORIENTED_EDGE ( 'NONE', *, *, #2272, .F. ) ;
#2439 = EDGE_LOOP ( 'NONE', ( #1278, #2965, #457, #2696 ) ) ;
#2440 = DIRECTION ( 'NONE',  ( -1.000000000000000000, 0.000000000000000000, 0.000000000000000000 ) ) ;
#2441 = VECTOR ( 'NONE', #1050, 999.9999999999998863 ) ;
#2442 = AXIS2_PLACEMENT_3D ( 'NONE', #3293, #2050, #3900 ) ;
#2443 = CIRCLE ( 'NONE', #2777, 30.00000000000000355 ) ;
#2444 = CARTESIAN_POINT ( 'NONE',  ( -21.20522252253533679, -21.22118134717670301, -12.45249999999997748 ) ) ;
#2445 = CARTESIAN_POINT ( 'NONE',  ( -0.7285151018338215101, -24.31548251136759475, -16.86545607956265869 ) ) ;
#2446 = CARTESIAN_POINT ( 'NONE',  ( 25.11660095207378518, 6.719847960652559848, -6.249999999999993783 ) ) ;
#2447 = CARTESIAN_POINT ( 'NONE',  ( -23.55576291306944725, 12.37169735673223947, -15.09306435738348107 ) ) ;
#2448 = CARTESIAN_POINT ( 'NONE',  ( 5.871957118727908487, 29.02004904127901241, -12.75755905972785342 ) ) ;
#2449 = CARTESIAN_POINT ( 'NONE',  ( 7.775470883703910374, -28.97485207100586280, -12.45249999999997748 ) ) ;
#2450 = ORIENTED_EDGE ( 'NONE', *, *, #2256, .F. ) ;
#2451 = EDGE_CURVE ( 'NONE', #2949, #173, #2216, .T. ) ;
#2452 = CARTESIAN_POINT ( 'NONE',  ( -22.30534322467642383, -1.332614832098669044, -18.40633051897407668 ) ) ;
#2453 = EDGE_CURVE ( 'NONE', #1167, #653, #843, .T. ) ;
#2454 = ORIENTED_EDGE ( 'NONE', *, *, #2227, .F. ) ;
#2455 = CARTESIAN_POINT ( 'NONE',  ( -29.63955347916789407, -4.636471670952648338, 6.250000000000003553 ) ) ;
#2456 = EDGE_CURVE ( 'NONE', #1536, #2156, #1200, .T. ) ;
#2457 = CARTESIAN_POINT ( 'NONE',  ( 0.4445239715728934726, -21.55167378033910097, -19.02050532576824438 ) ) ;
#2458 = EDGE_LOOP ( 'NONE', ( #2684, #2984, #3313, #2224 ) ) ;
#2459 = VERTEX_POINT ( 'NONE', #195 ) ;
#2460 = DIRECTION ( 'NONE',  ( 0.000000000000000000, 0.000000000000000000, 1.000000000000000000 ) ) ;
#2461 = DIRECTION ( 'NONE',  ( 1.000000000000000000, 0.000000000000000000, 0.000000000000000000 ) ) ;
#2462 = CARTESIAN_POINT ( 'NONE',  ( 34.14582562299425916, -16.24999999999999645, -23.22056274847715684 ) ) ;
#2463 = DIRECTION ( 'NONE',  ( -0.000000000000000000, -0.000000000000000000, 1.000000000000000000 ) ) ;
#2464 = CARTESIAN_POINT ( 'NONE',  ( 20.99999999999998934, 0.000000000000000000, -19.45249999999998280 ) ) ;
#2465 = CARTESIAN_POINT ( 'NONE',  ( -26.32829082044207780, 10.53190877639118561, -13.73065561476729002 ) ) ;
#2466 = DIRECTION ( 'NONE',  ( -0.000000000000000000, -0.000000000000000000, -1.000000000000000000 ) ) ;
#2467 = DIRECTION ( 'NONE',  ( 1.000000000000000000, 0.000000000000000000, 0.000000000000000000 ) ) ;
#2468 = ORIENTED_EDGE ( 'NONE', *, *, #1135, .T. ) ;
#2469 = FACE_OUTER_BOUND ( 'NONE', #1850, .T. ) ;
#2470 = CYLINDRICAL_SURFACE ( 'NONE', #3841, 30.00000000000000355 ) ;
#2471 = ADVANCED_FACE ( 'NONE', ( #1229 ), #3824, .F. ) ;
#2472 = ORIENTED_EDGE ( 'NONE', *, *, #2117, .T. ) ;
#2473 = VERTEX_POINT ( 'NONE', #3172 ) ;
#2474 = CARTESIAN_POINT ( 'NONE',  ( -24.50000000000000000, 3.000384657918928138E-15, -16.73027777777775782 ) ) ;
#2475 = CARTESIAN_POINT ( 'NONE',  ( -1.192622389734054720E-14, -32.50000000000000000, -6.249999999999993783 ) ) ;
#2476 = LINE ( 'NONE', #1929, #2019 ) ;
#2477 = EDGE_CURVE ( 'NONE', #548, #526, #1437, .T. ) ;
#2478 = EDGE_CURVE ( 'NONE', #1674, #1190, #1765, .T. ) ;
#2479 = ORIENTED_EDGE ( 'NONE', *, *, #1552, .T. ) ;
#2480 = VECTOR ( 'NONE', #4086, 1000.000000000000000 ) ;
#2481 = VERTEX_POINT ( 'NONE', #2531 ) ;
#2482 = CARTESIAN_POINT ( 'NONE',  ( -22.14582562299429114, 16.24999999999993960, -14.42170494256398428 ) ) ;
#2483 = DIRECTION ( 'NONE',  ( 0.000000000000000000, 0.000000000000000000, 1.000000000000000000 ) ) ;
#2484 = CIRCLE ( 'NONE', #669, 8.000000000000000000 ) ;
#2485 = FACE_BOUND ( 'NONE', #3052, .T. ) ;
#2486 = CARTESIAN_POINT ( 'NONE',  ( 30.00000000000000355, 0.000000000000000000, -12.45249999999997748 ) ) ;
#2487 = CIRCLE ( 'NONE', #800, 1.500000000000001332 ) ;
#2488 = CIRCLE ( 'NONE', #869, 30.00000000000000355 ) ;
#2489 = CARTESIAN_POINT ( 'NONE',  ( -13.68566768557530189, -35.45000000000000995, 6.250000000000003553 ) ) ;
#2490 = CARTESIAN_POINT ( 'NONE',  ( 28.14582562299425916, 16.25000000000000000, -6.249999999999994671 ) ) ;
#2491 = B_SPLINE_CURVE_WITH_KNOTS ( 'NONE', 3,
 ( #2989, #1982, #3273, #1412, #3567, #414, #376, #3940, #713, #668, #2690, #1061, #2042, #3288, #1393, #2950, #1001, #1957, #3629, #100, #984, #2018, #1999, #41, #2649, #1675 ),
 .UNSPECIFIED., .F., .F.,
 ( 4, 2, 2, 2, 2, 2, 2, 2, 2, 2, 2, 2, 4 ),
 ( 0.001838837217808983373, 0.002499650777494923874, 0.002830057557337898027, 0.003160464337180872614, 0.003490871117023846767, 0.003821277896866820921, 0.004151684676709795074, 0.004482091456552770095, 0.004812498236395744249, 0.005142905016238718402, 0.005803718575924663239, 0.006464532135610609812, 0.007125345695296556384 ),
 .UNSPECIFIED. ) ;
#2492 = FACE_OUTER_BOUND ( 'NONE', #3113, .T. ) ;
#2493 = ORIENTED_EDGE ( 'NONE', *, *, #1865, .T. ) ;
#2494 = DIRECTION ( 'NONE',  ( -1.000000000000000000, 0.000000000000000000, -0.000000000000000000 ) ) ;
#2495 = AXIS2_PLACEMENT_3D ( 'NONE', #3972, #3021, #3348 ) ;
#2496 = ORIENTED_EDGE ( 'NONE', *, *, #2533, .T. ) ;
#2497 = ORIENTED_EDGE ( 'NONE', *, *, #2708, .F. ) ;
#2498 = CARTESIAN_POINT ( 'NONE',  ( 26.62072122846162614, 10.43895775075824162, -13.54633014297267479 ) ) ;
#2499 = DIRECTION ( 'NONE',  ( 1.000000000000000000, 0.000000000000000000, 0.000000000000000000 ) ) ;
#2500 = DIRECTION ( 'NONE',  ( 0.000000000000000000, 0.000000000000000000, -1.000000000000000000 ) ) ;
#2501 = VECTOR ( 'NONE', #3444, 1000.000000000000000 ) ;
#2502 = ORIENTED_EDGE ( 'NONE', *, *, #749, .T. ) ;
#2503 = FACE_OUTER_BOUND ( 'NONE', #1988, .T. ) ;
#2504 = EDGE_CURVE ( 'NONE', #2245, #2017, #1182, .T. ) ;
#2505 = EDGE_CURVE ( 'NONE', #2086, #770, #3320, .T. ) ;
#2506 = ORIENTED_EDGE ( 'NONE', *, *, #3765, .T. ) ;
#2507 = DIRECTION ( 'NONE',  ( -1.000000000000000000, 8.881784197001251337E-16, 0.000000000000000000 ) ) ;
#2508 = VECTOR ( 'NONE', #1026, 1000.000000000000000 ) ;
#2509 = FACE_OUTER_BOUND ( 'NONE', #2367, .T. ) ;
#2510 = DIRECTION ( 'NONE',  ( 1.000000000000000000, 0.000000000000000000, 0.000000000000000000 ) ) ;
#2511 = EDGE_CURVE ( 'NONE', #2084, #3417, #182, .T. ) ;
#2512 = AXIS2_PLACEMENT_3D ( 'NONE', #909, #1568, #2494 ) ;
#2513 = CYLINDRICAL_SURFACE ( 'NONE', #2437, 17.50000000000000000 ) ;
#2514 = CARTESIAN_POINT ( 'NONE',  ( 4.043244859525935375, 28.06692307692307864, -13.73065561476729179 ) ) ;
#2515 = FACE_OUTER_BOUND ( 'NONE', #3872, .T. ) ;
#2516 = ORIENTED_EDGE ( 'NONE', *, *, #2890, .F. ) ;
#2517 = DIRECTION ( 'NONE',  ( -1.000000000000000000, 0.000000000000000000, 0.000000000000000000 ) ) ;
#2518 = AXIS2_PLACEMENT_3D ( 'NONE', #616, #1904, #1227 ) ;
#2519 = DIRECTION ( 'NONE',  ( -1.000000000000000000, 0.000000000000000000, 0.000000000000000000 ) ) ;
#2520 = CARTESIAN_POINT ( 'NONE',  ( 10.80447448861208137, 27.98684210526316107, -6.249999999999993783 ) ) ;
#2521 = VERTEX_POINT ( 'NONE', #3136 ) ;
#2522 = ORIENTED_EDGE ( 'NONE', *, *, #2325, .F. ) ;
#2523 = CARTESIAN_POINT ( 'NONE',  ( 28.38854525872791967, 9.027160160910819187, -12.61675967384449493 ) ) ;
#2524 = FACE_OUTER_BOUND ( 'NONE', #1781, .T. ) ;
#2525 = CARTESIAN_POINT ( 'NONE',  ( -19.00000000000000000, 0.000000000000000000, -19.05249999999998067 ) ) ;
#2526 = EDGE_LOOP ( 'NONE', ( #3829, #2450, #3452, #273 ) ) ;
#2527 = CARTESIAN_POINT ( 'NONE',  ( -22.14065556078878672, -19.75939636124002519, -12.70513627312271154 ) ) ;
#2528 = EDGE_CURVE ( 'NONE', #2286, #1914, #3862, .T. ) ;
#2529 = CARTESIAN_POINT ( 'NONE',  ( -7.775470883703514247, -28.97485207100596938, -12.45249999999997748 ) ) ;
#2530 = CARTESIAN_POINT ( 'NONE',  ( -6.555478264112555742, 29.11118082654374106, -12.57719980360249856 ) ) ;
#2531 = CARTESIAN_POINT ( 'NONE',  ( 21.20522252253560680, -21.22118134717642945, -12.45249999999997748 ) ) ;
#2532 = CARTESIAN_POINT ( 'NONE',  ( -26.32829082044207780, 10.53190877639118561, -13.73065561476729002 ) ) ;
#2533 = EDGE_CURVE ( 'NONE', #2360, #1674, #2238, .T. ) ;
#2534 = FACE_OUTER_BOUND ( 'NONE', #187, .T. ) ;
#2535 = ORIENTED_EDGE ( 'NONE', *, *, #778, .T. ) ;
#2536 = CARTESIAN_POINT ( 'NONE',  ( 4.043244859526122781, -28.06692307692305022, -6.249999999999993783 ) ) ;
#2537 = VERTEX_POINT ( 'NONE', #2548 ) ;
#2538 = EDGE_LOOP ( 'NONE', ( #3089, #1195, #2135, #1032 ) ) ;
#2539 = CARTESIAN_POINT ( 'NONE',  ( -22.29846953136795662, 1.337893718072761473, -18.41143947622762767 ) ) ;
#2540 = FACE_OUTER_BOUND ( 'NONE', #1611, .T. ) ;
#2541 = EDGE_LOOP ( 'NONE', ( #1056, #2754, #3162, #3726 ) ) ;
#2542 = ORIENTED_EDGE ( 'NONE', *, *, #585, .F. ) ;
#2543 = DIRECTION ( 'NONE',  ( 0.000000000000000000, 0.000000000000000000, -1.000000000000000000 ) ) ;
#2544 = CARTESIAN_POINT ( 'NONE',  ( -5.865286150960843159, -33.76428571428571956, -6.249999999999992006 ) ) ;
#2545 = CYLINDRICAL_SURFACE ( 'NONE', #503, 4.000000000000000000 ) ;
#2546 = CIRCLE ( 'NONE', #863, 8.000000000000000000 ) ;
#2547 = AXIS2_PLACEMENT_3D ( 'NONE', #2269, #2930, #666 ) ;
#2548 = CARTESIAN_POINT ( 'NONE',  ( 26.30808609372701667, 21.96162966434000552, -6.249999999999992006 ) ) ;
#2549 = CARTESIAN_POINT ( 'NONE',  ( -0.7909912237562108928, 26.53986729438407721, -15.13660542823460275 ) ) ;
#2550 = CARTESIAN_POINT ( 'NONE',  ( -25.59312562299426119, 16.25000000000000711, -6.249999999999994671 ) ) ;
#2551 = VERTEX_POINT ( 'NONE', #3984 ) ;
#2552 = AXIS2_PLACEMENT_3D ( 'NONE', #68, #30, #1992 ) ;
#2553 = AXIS2_PLACEMENT_3D ( 'NONE', #1722, #2046, #2991 ) ;
#2554 = EDGE_CURVE ( 'NONE', #1901, #1741, #2038, .T. ) ;
#2555 = EDGE_CURVE ( 'NONE', #3748, #884, #1063, .T. ) ;
#2556 = CARTESIAN_POINT ( 'NONE',  ( 29.39999999999999503, 0.000000000000000000, 19.45250000000001123 ) ) ;
#2557 = VECTOR ( 'NONE', #2338, 1000.000000000000000 ) ;
#2558 = DIRECTION ( 'NONE',  ( -1.000000000000000000, 0.000000000000000000, 0.000000000000000000 ) ) ;
#2559 = ORIENTED_EDGE ( 'NONE', *, *, #652, .F. ) ;
#2560 = EDGE_LOOP ( 'NONE', ( #2430, #747, #1610, #1241, #767, #1692 ) ) ;
#2561 = CARTESIAN_POINT ( 'NONE',  ( -22.80827363847299338, 1.498048182943779283, -18.00784418868200376 ) ) ;
#2562 = EDGE_CURVE ( 'NONE', #408, #3681, #3529, .T. ) ;
#2563 = AXIS2_PLACEMENT_3D ( 'NONE', #3560, #994, #2285 ) ;
#2564 = FACE_OUTER_BOUND ( 'NONE', #1361, .T. ) ;
#2565 = DIRECTION ( 'NONE',  ( -1.000000000000000000, 0.000000000000000000, 0.000000000000000000 ) ) ;
#2566 = VECTOR ( 'NONE', #699, 1000.000000000000000 ) ;
#2567 = ORIENTED_EDGE ( 'NONE', *, *, #3395, .T. ) ;
#2568 = AXIS2_PLACEMENT_3D ( 'NONE', #1286, #961, #2864 ) ;
#2569 = ORIENTED_EDGE ( 'NONE', *, *, #1275, .F. ) ;
#2570 = FACE_OUTER_BOUND ( 'NONE', #149, .T. ) ;
#2571 = DIRECTION ( 'NONE',  ( 1.000000000000000000, 0.000000000000000000, 0.000000000000000000 ) ) ;
#2572 = CARTESIAN_POINT ( 'NONE',  ( -7.081328842866349227, 29.11222985349568759, -12.48427322053270672 ) ) ;
#2573 = CIRCLE ( 'NONE', #1500, 2.552699999999987757 ) ;
#2574 = CONICAL_SURFACE ( 'NONE', #87, 2.552699999999994418, 1.029744258676652535 ) ;
#2575 = CARTESIAN_POINT ( 'NONE',  ( 0.7807131518410421744, 26.54779589786435423, -15.12917304405976715 ) ) ;
#2576 = DIRECTION ( 'NONE',  ( -0.000000000000000000, -0.000000000000000000, 1.000000000000000000 ) ) ;
#2577 = ORIENTED_EDGE ( 'NONE', *, *, #2071, .T. ) ;
#2578 = VECTOR ( 'NONE', #1324, 1000.000000000000000 ) ;
#2579 = DIRECTION ( 'NONE',  ( 1.000000000000000000, 0.000000000000000000, 0.000000000000000000 ) ) ;
#2580 = AXIS2_PLACEMENT_3D ( 'NONE', #1109, #3920, #2337 ) ;
#2581 = CARTESIAN_POINT ( 'NONE',  ( -22.28504596091616108, 17.53501430053178822, -6.249999999999993783 ) ) ;
#2582 = ORIENTED_EDGE ( 'NONE', *, *, #3743, .F. ) ;
#2583 = EDGE_CURVE ( 'NONE', #288, #2459, #3653, .T. ) ;
#2584 = EDGE_CURVE ( 'NONE', #2521, #3955, #692, .T. ) ;
#2585 = VERTEX_POINT ( 'NONE', #1415 ) ;
#2586 = CARTESIAN_POINT ( 'NONE',  ( 0.000000000000000000, 0.000000000000000000, -6.249999999999993783 ) ) ;
#2587 = AXIS2_PLACEMENT_3D ( 'NONE', #3034, #188, #3408 ) ;
#2588 = CIRCLE ( 'NONE', #834, 4.000000000000000000 ) ;
#2589 = DIRECTION ( 'NONE',  ( -0.7893522173763264371, 9.666776664097838137E-17, 0.6139406135149202415 ) ) ;
#2590 = EDGE_CURVE ( 'NONE', #2152, #2049, #2021, .T. ) ;
#2591 = EDGE_LOOP ( 'NONE', ( #3734, #2378, #375, #977 ) ) ;
#2592 = ORIENTED_EDGE ( 'NONE', *, *, #725, .F. ) ;
#2593 = CARTESIAN_POINT ( 'NONE',  ( -22.37419126972478978, -18.62562185909152745, -13.14324531440265709 ) ) ;
#2594 = CARTESIAN_POINT ( 'NONE',  ( -5.551291480410466050, 28.93490957665023089, -12.87076489622952025 ) ) ;
#2595 = DIRECTION ( 'NONE',  ( 1.000000000000000000, 0.000000000000000000, 0.000000000000000000 ) ) ;
#2596 = CARTESIAN_POINT ( 'NONE',  ( -26.30808609372701667, -21.96162966434000552, -6.249999999999992006 ) ) ;
#2597 = FACE_OUTER_BOUND ( 'NONE', #3557, .T. ) ;
#2598 = B_SPLINE_CURVE_WITH_KNOTS ( 'NONE', 3,
 ( #782, #1446, #3969, #449, #1098, #3065, #1775, #1137, #2072, #512, #2388, #3039, #3363, #464, #2741, #2724, #4011, #1115, #2403, #3701, #3386, #1467, #176, #1813, #3131, #1226 ),
 .UNSPECIFIED., .F., .F.,
 ( 4, 2, 2, 2, 2, 2, 2, 2, 2, 2, 2, 2, 4 ),
 ( 0.002276879723715418205, 0.002859267328267080591, 0.003441654932818742976, 0.004606430141922053870, 0.005188817746473705847, 0.005771205351025358692, 0.006935980560128660044, 0.007518368164680308552, 0.008100755769231955325, 0.009265530978335250606, 0.009847918582886899114, 0.01043030618743854415, 0.01159508139654183596 ),
 .UNSPECIFIED. ) ;
#2599 = CYLINDRICAL_SURFACE ( 'NONE', #202, 6.000000000000001776 ) ;
#2600 = CARTESIAN_POINT ( 'NONE',  ( 5.865286150960846712, 33.76428571428571956, -6.249999999999992006 ) ) ;
#2601 = ORIENTED_EDGE ( 'NONE', *, *, #2477, .T. ) ;
#2602 = VERTEX_POINT ( 'NONE', #2353 ) ;
#2603 = CARTESIAN_POINT ( 'NONE',  ( 22.28504596091627477, -17.53501430053164256, -6.249999999999993783 ) ) ;
#2604 = CARTESIAN_POINT ( 'NONE',  ( -25.59312562299425409, 16.25000000000000711, 12.06000000000000583 ) ) ;
#2605 = EDGE_CURVE ( 'NONE', #2350, #3706, #1791, .T. ) ;
#2606 = ORIENTED_EDGE ( 'NONE', *, *, #1970, .T. ) ;
#2607 = CARTESIAN_POINT ( 'NONE',  ( 18.83507899055581447, 23.35037043431052695, 0.000000000000000000 ) ) ;
#2608 = EDGE_CURVE ( 'NONE', #1328, #1057, #393, .T. ) ;
#2609 = EDGE_CURVE ( 'NONE', #1173, #3891, #2672, .T. ) ;
#2610 = DIRECTION ( 'NONE',  ( 1.000000000000000000, 0.000000000000000000, 0.000000000000000000 ) ) ;
#2611 = CARTESIAN_POINT ( 'NONE',  ( 0.000000000000000000, 0.000000000000000000, -12.45249999999997748 ) ) ;
#2612 = CARTESIAN_POINT ( 'NONE',  ( 22.37157707363991577, -18.78146978053685245, -13.06768083149658111 ) ) ;
#2613 = CARTESIAN_POINT ( 'NONE',  ( -22.28504596091616108, 17.53501430053178822, -20.95249999999998991 ) ) ;
#2614 = DIRECTION ( 'NONE',  ( -1.000000000000000000, 0.000000000000000000, 0.000000000000000000 ) ) ;
#2615 = CARTESIAN_POINT ( 'NONE',  ( 32.17337224468786161, -11.80265604994571227, -6.249999999999992006 ) ) ;
#2616 = UNCERTAINTY_MEASURE_WITH_UNIT (LENGTH_MEASURE( 1.000000000000000082E-05 ), #2859, 'distance_accuracy_value', 'NONE');
#2617 = CARTESIAN_POINT ( 'NONE',  ( 6.380897502210683747, -29.09916947381595165, -12.61573586163174987 ) ) ;
#2618 = CARTESIAN_POINT ( 'NONE',  ( 0.000000000000000000, 0.000000000000000000, 6.250000000000003553 ) ) ;
#2619 = EDGE_LOOP ( 'NONE', ( #1589, #1017 ) ) ;
#2620 = ORIENTED_EDGE ( 'NONE', *, *, #2375, .T. ) ;
#2621 = CARTESIAN_POINT ( 'NONE',  ( 0.000000000000000000, 0.000000000000000000, 6.250000000000003553 ) ) ;
#2622 = DIRECTION ( 'NONE',  ( -1.000000000000000000, 0.000000000000000000, 0.000000000000000000 ) ) ;
#2623 = CARTESIAN_POINT ( 'NONE',  ( -17.50000000000000000, 0.000000000000000000, -16.45250000000001123 ) ) ;
#2624 = ORIENTED_EDGE ( 'NONE', *, *, #633, .F. ) ;
#2625 = CARTESIAN_POINT ( 'NONE',  ( 3.515742469160692441, -27.63487907613921024, -14.11900392892970579 ) ) ;
#2626 = DIRECTION ( 'NONE',  ( 0.000000000000000000, 0.000000000000000000, -1.000000000000000000 ) ) ;
#2627 = DIRECTION ( 'NONE',  ( -1.000000000000000000, 0.000000000000000000, 0.000000000000000000 ) ) ;
#2628 = EDGE_CURVE ( 'NONE', #3881, #3031, #1976, .T. ) ;
#2629 = CARTESIAN_POINT ( 'NONE',  ( 28.14582562299426627, -16.24999999999999289, -6.249999999999994671 ) ) ;
#2630 = EDGE_CURVE ( 'NONE', #1167, #54, #1771, .T. ) ;
#2631 = CARTESIAN_POINT ( 'NONE',  ( -1.249301812992414495, 22.14790375039833492, -18.53255487825673598 ) ) ;
#2632 = CIRCLE ( 'NONE', #75, 5.999999999999998224 ) ;
#2633 = ORIENTED_EDGE ( 'NONE', *, *, #300, .F. ) ;
#2634 = CARTESIAN_POINT ( 'NONE',  ( 0.000000000000000000, 0.000000000000000000, -6.249999999999993783 ) ) ;
#2635 = CIRCLE ( 'NONE', #1905, 4.000000000000000000 ) ;
#2636 = DIRECTION ( 'NONE',  ( 0.000000000000000000, 0.000000000000000000, -1.000000000000000000 ) ) ;
#2637 = EDGE_CURVE ( 'NONE', #1843, #3980, #3009, .T. ) ;
#2638 = CARTESIAN_POINT ( 'NONE',  ( -7.775470883703514247, -28.97485207100596938, -12.45249999999997748 ) ) ;
#2639 = CARTESIAN_POINT ( 'NONE',  ( -6.037165062499012080, -29.05325125324503333, -12.70649441957943004 ) ) ;
#2640 = DIRECTION ( 'NONE',  ( -0.000000000000000000, -0.000000000000000000, 1.000000000000000000 ) ) ;
#2641 = DIRECTION ( 'NONE',  ( -0.000000000000000000, -0.000000000000000000, 1.000000000000000000 ) ) ;
#2642 = EDGE_LOOP ( 'NONE', ( #1155, #396, #235 ) ) ;
#2643 = CIRCLE ( 'NONE', #3789, 30.00000000000000355 ) ;
#2644 = AXIS2_PLACEMENT_3D ( 'NONE', #3835, #1266, #629 ) ;
#2645 = ORIENTED_EDGE ( 'NONE', *, *, #3578, .F. ) ;
#2646 = DIRECTION ( 'NONE',  ( -0.000000000000000000, -0.000000000000000000, 1.000000000000000000 ) ) ;
#2647 = CARTESIAN_POINT ( 'NONE',  ( 18.37785951953085828, -18.39169050088623791, -20.95249999999998991 ) ) ;
#2648 = EDGE_LOOP ( 'NONE', ( #2844, #166 ) ) ;
#2649 = CARTESIAN_POINT ( 'NONE',  ( 1.500000000000000666, 23.17466600160935286, -17.72337798889026317 ) ) ;
#2650 = CARTESIAN_POINT ( 'NONE',  ( 28.48876126200570269, -8.878379702593424128, -12.57719980360249146 ) ) ;
#2651 = PRODUCT_DEFINITION_FORMATION_WITH_SPECIFIED_SOURCE ( 'ANY', '', #1221, .NOT_KNOWN. ) ;
#2652 = CIRCLE ( 'NONE', #691, 1.500000000000000444 ) ;
#2653 = DIRECTION ( 'NONE',  ( 1.000000000000000000, 0.000000000000000000, 0.000000000000000000 ) ) ;
#2654 = ORIENTED_EDGE ( 'NONE', *, *, #3979, .T. ) ;
#2655 = DIRECTION ( 'NONE',  ( 0.000000000000000000, 0.000000000000000000, 1.000000000000000000 ) ) ;
#2656 = ORIENTED_EDGE ( 'NONE', *, *, #1433, .F. ) ;
#2657 = ADVANCED_FACE ( 'NONE', ( #752 ), #2574, .F. ) ;
#2658 = LINE ( 'NONE', #2054, #468 ) ;
#2659 = DIRECTION ( 'NONE',  ( 0.7071067811865444641, 0.000000000000000000, 0.7071067811865505703 ) ) ;
#2660 = DIRECTION ( 'NONE',  ( 1.000000000000000000, 0.000000000000000000, 0.000000000000000000 ) ) ;
#2661 = EDGE_CURVE ( 'NONE', #2674, #1328, #2166, .T. ) ;
#2662 = PLANE ( 'NONE',  #403 ) ;
#2663 = DIRECTION ( 'NONE',  ( -0.000000000000000000, -0.000000000000000000, 1.000000000000000000 ) ) ;
#2664 = VERTEX_POINT ( 'NONE', #2972 ) ;
#2665 = VERTEX_POINT ( 'NONE', #3636 ) ;
#2666 = LINE ( 'NONE', #1307, #1506 ) ;
#2667 = CARTESIAN_POINT ( 'NONE',  ( 23.33888098190861982, -1.472422350631196641, -17.59736644397557725 ) ) ;
#2668 = CYLINDRICAL_SURFACE ( 'NONE', #3456, 17.50000000000000000 ) ;
#2669 = DIRECTION ( 'NONE',  ( 0.000000000000000000, 0.000000000000000000, -1.000000000000000000 ) ) ;
#2670 = ORIENTED_EDGE ( 'NONE', *, *, #3076, .F. ) ;
#2671 = DIRECTION ( 'NONE',  ( -0.000000000000000000, -0.000000000000000000, -1.000000000000000000 ) ) ;
#2672 = LINE ( 'NONE', #2045, #2508 ) ;
#2673 = LINE ( 'NONE', #3942, #2692 ) ;
#2674 = VERTEX_POINT ( 'NONE', #3616 ) ;
#2675 = DIRECTION ( 'NONE',  ( -0.000000000000000000, -0.000000000000000000, -1.000000000000000000 ) ) ;
#2676 = ORIENTED_EDGE ( 'NONE', *, *, #347, .T. ) ;
#2677 = CARTESIAN_POINT ( 'NONE',  ( -18.37785951953074104, 18.39169050088635871, -20.95249999999998991 ) ) ;
#2678 = FACE_OUTER_BOUND ( 'NONE', #4160, .T. ) ;
#2679 = AXIS2_PLACEMENT_3D ( 'NONE', #1391, #354, #1043 ) ;
#2680 = PLANE ( 'NONE',  #1769 ) ;
#2681 = DIRECTION ( 'NONE',  ( -0.000000000000000000, -0.000000000000000000, 1.000000000000000000 ) ) ;
#2682 = CARTESIAN_POINT ( 'NONE',  ( 0.000000000000000000, 0.000000000000000000, -19.45249999999998280 ) ) ;
#2683 = VERTEX_POINT ( 'NONE', #444 ) ;
#2684 = ORIENTED_EDGE ( 'NONE', *, *, #83, .F. ) ;
#2685 = EDGE_CURVE ( 'NONE', #1630, #3176, #696, .T. ) ;
#2686 = ADVANCED_FACE ( 'NONE', ( #3987 ), #3661, .F. ) ;
#2687 = CIRCLE ( 'NONE', #3093, 4.000000000000000000 ) ;
#2688 = AXIS2_PLACEMENT_3D ( 'NONE', #1070, #4024, #2361 ) ;
#2689 = EDGE_LOOP ( 'NONE', ( #3227, #1185, #3818, #995 ) ) ;
#2690 = CARTESIAN_POINT ( 'NONE',  ( -0.7348163102218956411, 24.31205170999839638, -16.86797813076773522 ) ) ;
#2691 = ADVANCED_FACE ( 'NONE', ( #2956 ), #2003, .F. ) ;
#2692 = VECTOR ( 'NONE', #3291, 1000.000000000000000 ) ;
#2693 = CARTESIAN_POINT ( 'NONE',  ( 0.8296846617117823453, -21.73237475491360371, -18.87120598827717899 ) ) ;
#2694 = DIRECTION ( 'NONE',  ( 1.000000000000000000, 0.000000000000000000, 0.000000000000000000 ) ) ;
#2695 = DIRECTION ( 'NONE',  ( 0.000000000000000000, 0.000000000000000000, -1.000000000000000000 ) ) ;
#2696 = ORIENTED_EDGE ( 'NONE', *, *, #39, .T. ) ;
#2697 = DIRECTION ( 'NONE',  ( 1.000000000000000000, 0.000000000000000000, 0.000000000000000000 ) ) ;
#2698 = DIRECTION ( 'NONE',  ( -0.000000000000000000, -0.000000000000000000, -1.000000000000000000 ) ) ;
#2699 = ORIENTED_EDGE ( 'NONE', *, *, #4072, .F. ) ;
#2700 = LINE ( 'NONE', #1774, #3708 ) ;
#2701 = DIRECTION ( 'NONE',  ( 0.000000000000000000, 0.000000000000000000, -1.000000000000000000 ) ) ;
#2702 = CARTESIAN_POINT ( 'NONE',  ( 21.56075065789756806, -0.4366031491265341957, -19.01312825319729427 ) ) ;
#2703 = CARTESIAN_POINT ( 'NONE',  ( -28.14582562299425916, -16.25000000000000000, 13.59381690219166394 ) ) ;
#2704 = DIRECTION ( 'NONE',  ( -1.000000000000000000, 0.000000000000000000, 0.000000000000000000 ) ) ;
#2705 = ORIENTED_EDGE ( 'NONE', *, *, #1330, .F. ) ;
#2706 = CONICAL_SURFACE ( 'NONE', #3851, 19.00000000000000000, 0.7853981633974613796 ) ;
#2707 = CARTESIAN_POINT ( 'NONE',  ( -24.40279188566871582, -0.5417015102474609378, -16.80135890116348207 ) ) ;
#2708 = EDGE_CURVE ( 'NONE', #2321, #2262, #2358, .T. ) ;
#2709 = EDGE_CURVE ( 'NONE', #1855, #481, #399, .T. ) ;
#2710 = AXIS2_PLACEMENT_3D ( 'NONE', #1739, #2062, #3746 ) ;
#2711 = VERTEX_POINT ( 'NONE', #1442 ) ;
#2712 = CARTESIAN_POINT ( 'NONE',  ( 24.48709020418165494, 0.2249131274435478556, -16.73969805108583131 ) ) ;
#2713 = VECTOR ( 'NONE', #3351, 1000.000000000000000 ) ;
#2714 = CARTESIAN_POINT ( 'NONE',  ( 22.28504596091570633, 17.53501430053232113, -13.73065561476731489 ) ) ;
#2715 = ORIENTED_EDGE ( 'NONE', *, *, #3704, .F. ) ;
#2716 = EDGE_CURVE ( 'NONE', #1893, #2521, #1291, .T. ) ;
#2717 = DIRECTION ( 'NONE',  ( 0.000000000000000000, 0.000000000000000000, 1.000000000000000000 ) ) ;
#2718 = AXIS2_PLACEMENT_3D ( 'NONE', #1067, #1642, #717 ) ;
#2719 = ORIENTED_EDGE ( 'NONE', *, *, #2349, .T. ) ;
#2720 = CARTESIAN_POINT ( 'NONE',  ( -0.2261525707596579726, 21.49999276237606338, -19.06361713311343919 ) ) ;
#2721 = CIRCLE ( 'NONE', #896, 1.500000000000000444 ) ;
#2722 = EDGE_LOOP ( 'NONE', ( #3493, #870, #3543, #3954 ) ) ;
#2723 = DIRECTION ( 'NONE',  ( -0.000000000000000000, -0.000000000000000000, -1.000000000000000000 ) ) ;
#2724 = CARTESIAN_POINT ( 'NONE',  ( 22.60070908611444196, -13.95001537149493309, -15.12917304405977781 ) ) ;
#2725 = CARTESIAN_POINT ( 'NONE',  ( 23.38142223795505359, 12.59778052636968937, -15.12917304405981511 ) ) ;
#2726 = CARTESIAN_POINT ( 'NONE',  ( 3.984302198030716898E-15, 32.50000000000000000, -6.249999999999993783 ) ) ;
#2727 = DIRECTION ( 'NONE',  ( -0.000000000000000000, -0.000000000000000000, 1.000000000000000000 ) ) ;
#2728 = ORIENTED_EDGE ( 'NONE', *, *, #3446, .F. ) ;
#2729 = CARTESIAN_POINT ( 'NONE',  ( -21.49999999999914735, -9.663950455392047597E-14, -19.06361111111179696 ) ) ;
#2730 = VERTEX_POINT ( 'NONE', #3126 ) ;
#2731 = CARTESIAN_POINT ( 'NONE',  ( -3.074167663914992854, -27.34438598390378772, -14.38425759198051956 ) ) ;
#2732 = DIRECTION ( 'NONE',  ( 1.000000000000000000, 0.000000000000000000, 0.000000000000000000 ) ) ;
#2733 = ORIENTED_EDGE ( 'NONE', *, *, #1254, .T. ) ;
#2734 = CARTESIAN_POINT ( 'NONE',  ( -18.83507899055581092, -23.35037043431053050, -6.249999999999993783 ) ) ;
#2735 = ORIENTED_EDGE ( 'NONE', *, *, #3523, .T. ) ;
#2736 = LINE ( 'NONE', #486, #1577 ) ;
#2737 = ADVANCED_FACE ( 'NONE', ( #3383 ), #206, .F. ) ;
#2738 = EDGE_CURVE ( 'NONE', #2408, #2711, #3992, .T. ) ;
#2739 = VERTEX_POINT ( 'NONE', #4102 ) ;
#2740 = DIRECTION ( 'NONE',  ( 0.000000000000000000, 0.000000000000000000, 1.000000000000000000 ) ) ;
#2741 = CARTESIAN_POINT ( 'NONE',  ( 22.76225399813878525, -13.59379909287929955, -15.16556875979783925 ) ) ;
#2742 = DIRECTION ( 'NONE',  ( -0.000000000000000000, -0.000000000000000000, 1.000000000000000000 ) ) ;
#2743 = CARTESIAN_POINT ( 'NONE',  ( 28.14582562299425561, -16.24999999999999645, -23.22056274847715684 ) ) ;
#2744 = CARTESIAN_POINT ( 'NONE',  ( 34.14582562299425916, -16.24999999999999645, -6.249999999999992006 ) ) ;
#2745 = ORIENTED_EDGE ( 'NONE', *, *, #7, .T. ) ;
#2746 = CARTESIAN_POINT ( 'NONE',  ( -22.81379365811217141, -1.498743768553825184, -18.00352482803846144 ) ) ;
#2747 = VERTEX_POINT ( 'NONE', #1269 ) ;
#2748 = CARTESIAN_POINT ( 'NONE',  ( 24.43857411504512811, 0.4387797919134665547, -16.77517305572230200 ) ) ;
#2749 = CARTESIAN_POINT ( 'NONE',  ( -0.9960942580442789795, -21.86226689390255373, -18.76446113582447595 ) ) ;
#2750 = ORIENTED_EDGE ( 'NONE', *, *, #778, .F. ) ;
#2751 = ORIENTED_EDGE ( 'NONE', *, *, #3929, .F. ) ;
#2752 = DIRECTION ( 'NONE',  ( -0.000000000000000000, -0.000000000000000000, -1.000000000000000000 ) ) ;
#2753 = AXIS2_PLACEMENT_3D ( 'NONE', #1767, #2023, #1680 ) ;
#2754 = ORIENTED_EDGE ( 'NONE', *, *, #389, .F. ) ;
#2755 = DIRECTION ( 'NONE',  ( -0.8571673007021113344, 0.000000000000000000, -0.5150380749100558209 ) ) ;
#2756 = EDGE_CURVE ( 'NONE', #3711, #736, #2774, .T. ) ;
#2757 = EDGE_CURVE ( 'NONE', #3031, #1756, #3817, .T. ) ;
#2758 = FACE_OUTER_BOUND ( 'NONE', #1209, .T. ) ;
#2759 = DIRECTION ( 'NONE',  ( -1.000000000000000000, 0.000000000000000000, 0.000000000000000000 ) ) ;
#2760 = DIRECTION ( 'NONE',  ( -1.000000000000000000, 0.000000000000000000, 0.000000000000000000 ) ) ;
#2761 = CARTESIAN_POINT ( 'NONE',  ( 10.80447448861208137, 27.98684210526315752, 0.000000000000000000 ) ) ;
#2762 = ADVANCED_FACE ( 'NONE', ( #2503 ), #2254, .F. ) ;
#2763 = CIRCLE ( 'NONE', #3588, 17.99999999999997513 ) ;
#2764 = DIRECTION ( 'NONE',  ( -0.000000000000000000, -0.000000000000000000, 1.000000000000000000 ) ) ;
#2765 = ORIENTED_EDGE ( 'NONE', *, *, #2685, .F. ) ;
#2766 = ORIENTED_EDGE ( 'NONE', *, *, #530, .T. ) ;
#2767 = LINE ( 'NONE', #788, #1444 ) ;
#2768 = AXIS2_PLACEMENT_3D ( 'NONE', #1836, #1538, #1857 ) ;
#2769 = VERTEX_POINT ( 'NONE', #3485 ) ;
#2770 = CARTESIAN_POINT ( 'NONE',  ( 21.55254304263053555, 0.4465431048279538961, -19.01978634538825474 ) ) ;
#2771 = AXIS2_PLACEMENT_3D ( 'NONE', #2363, #258, #1859 ) ;
#2772 = ORIENTED_EDGE ( 'NONE', *, *, #1833, .F. ) ;
#2773 = VERTEX_POINT ( 'NONE', #942 ) ;
#2774 = CIRCLE ( 'NONE', #3666, 20.99999999999998934 ) ;
#2775 = VECTOR ( 'NONE', #3340, 1000.000000000000000 ) ;
#2776 = ORIENTED_EDGE ( 'NONE', *, *, #1865, .F. ) ;
#2777 = AXIS2_PLACEMENT_3D ( 'NONE', #2621, #51, #2926 ) ;
#2778 = CARTESIAN_POINT ( 'NONE',  ( -1.192622389734054720E-14, -32.50000000000000000, 12.06000000000000583 ) ) ;
#2779 = CARTESIAN_POINT ( 'NONE',  ( -4.043244859525924717, 28.06692307692307864, -20.95249999999998991 ) ) ;
#2780 = CARTESIAN_POINT ( 'NONE',  ( 26.32829082044181490, 10.53190877639176293, -13.73065561476731489 ) ) ;
#2781 = CIRCLE ( 'NONE', #164, 6.000000000000012434 ) ;
#2782 = ADVANCED_FACE ( 'NONE', ( #592 ), #650, .T. ) ;
#2783 = DIRECTION ( 'NONE',  ( 0.7071067811865567876, 8.659560562355047490E-17, -0.7071067811865383579 ) ) ;
#2784 = CARTESIAN_POINT ( 'NONE',  ( 6.552479326557977934, 29.11105021691038885, -12.57781190286296713 ) ) ;
#2785 = CARTESIAN_POINT ( 'NONE',  ( 22.37785951953027563, 18.39169050088682056, -13.25680653369188988 ) ) ;
#2786 = ORIENTED_EDGE ( 'NONE', *, *, #3684, .F. ) ;
#2787 = ORIENTED_EDGE ( 'NONE', *, *, #300, .T. ) ;
#2788 = CARTESIAN_POINT ( 'NONE',  ( 28.14582562299426627, -16.24999999999999289, -6.249999999999994671 ) ) ;
#2789 = EDGE_CURVE ( 'NONE', #4088, #2931, #19, .T. ) ;
#2790 = EDGE_CURVE ( 'NONE', #186, #3501, #3533, .T. ) ;
#2791 = DIRECTION ( 'NONE',  ( -0.000000000000000000, -0.000000000000000000, 1.000000000000000000 ) ) ;
#2792 = EDGE_LOOP ( 'NONE', ( #1127, #3272, #1340, #4169 ) ) ;
#2793 = CARTESIAN_POINT ( 'NONE',  ( -26.32829082044201030, -10.53190877639136680, -20.95249999999998991 ) ) ;
#2794 = DIRECTION ( 'NONE',  ( -0.000000000000000000, -0.000000000000000000, 1.000000000000000000 ) ) ;
#2795 = ORIENTED_EDGE ( 'NONE', *, *, #467, .F. ) ;
#2796 = DIRECTION ( 'NONE',  ( 0.000000000000000000, 0.000000000000000000, 1.000000000000000000 ) ) ;
#2797 = ORIENTED_EDGE ( 'NONE', *, *, #2562, .F. ) ;
#2798 = CARTESIAN_POINT ( 'NONE',  ( 22.37785951953027563, 18.39169050088682056, -13.25680653369188988 ) ) ;
#2799 = DIRECTION ( 'NONE',  ( -0.000000000000000000, -0.000000000000000000, -1.000000000000000000 ) ) ;
#2800 = CARTESIAN_POINT ( 'NONE',  ( 0.000000000000000000, 0.000000000000000000, 12.45250000000002721 ) ) ;
#2801 = DIRECTION ( 'NONE',  ( 0.000000000000000000, 0.000000000000000000, -1.000000000000000000 ) ) ;
#2802 = CARTESIAN_POINT ( 'NONE',  ( 4.521494675366692029, 28.45601519290228865, -13.37656623630408781 ) ) ;
#2803 = CARTESIAN_POINT ( 'NONE',  ( -24.50000000000000355, 0.000000000000000000, -10.07749999999998458 ) ) ;
#2804 = EDGE_LOOP ( 'NONE', ( #1532, #2735 ) ) ;
#2805 = CARTESIAN_POINT ( 'NONE',  ( -22.37785951953074104, 18.39169050088635871, -20.95249999999998991 ) ) ;
#2806 = DIRECTION ( 'NONE',  ( 0.000000000000000000, 0.000000000000000000, 1.000000000000000000 ) ) ;
#2807 = DIRECTION ( 'NONE',  ( 0.000000000000000000, 0.000000000000000000, -1.000000000000000000 ) ) ;
#2808 = VERTEX_POINT ( 'NONE', #2271 ) ;
#2809 = ADVANCED_FACE ( 'NONE', ( #1657 ), #3196, .F. ) ;
#2810 = EDGE_CURVE ( 'NONE', #2521, #1893, #2491, .T. ) ;
#2811 = ORIENTED_EDGE ( 'NONE', *, *, #1964, .F. ) ;
#2812 = CARTESIAN_POINT ( 'NONE',  ( -24.48739121063016810, 0.2232651694579450563, -16.73947810082229637 ) ) ;
#2813 = CYLINDRICAL_SURFACE ( 'NONE', #487, 4.000000000000000000 ) ;
#2814 = DIRECTION ( 'NONE',  ( 0.000000000000000000, 0.000000000000000000, -1.000000000000000000 ) ) ;
#2815 = EDGE_CURVE ( 'NONE', #2049, #2459, #301, .T. ) ;
#2816 = ORIENTED_EDGE ( 'NONE', *, *, #1189, .F. ) ;
#2817 = CARTESIAN_POINT ( 'NONE',  ( 23.85776672137070520, -29.57713588345999156, 6.250000000000003553 ) ) ;
#2818 = CIRCLE ( 'NONE', #999, 2.552699999999987757 ) ;
#2819 = ORIENTED_EDGE ( 'NONE', *, *, #633, .T. ) ;
#2820 = DIRECTION ( 'NONE',  ( -1.000000000000000000, 0.000000000000000000, 0.000000000000000000 ) ) ;
#2821 = VECTOR ( 'NONE', #2028, 999.9999999999998863 ) ;
#2822 = CYLINDRICAL_SURFACE ( 'NONE', #3190, 6.000000000000000888 ) ;
#2823 = CARTESIAN_POINT ( 'NONE',  ( -6.738741432543045917, -25.11153846153850822, -20.95249999999998991 ) ) ;
#2824 = DIRECTION ( 'NONE',  ( -1.000000000000000000, 0.000000000000000000, -0.000000000000000000 ) ) ;
#2825 = CARTESIAN_POINT ( 'NONE',  ( -26.90789321898845898, 10.31050770035706776, -13.37450691810773229 ) ) ;
#2826 = CYLINDRICAL_SURFACE ( 'NONE', #4040, 4.000000000000000000 ) ;
#2827 = ORIENTED_EDGE ( 'NONE', *, *, #3286, .T. ) ;
#2828 = AXIS2_PLACEMENT_3D ( 'NONE', #2244, #1281, #2558 ) ;
#2829 = CYLINDRICAL_SURFACE ( 'NONE', #3198, 1.500000000000001332 ) ;
#2830 = AXIS2_PLACEMENT_3D ( 'NONE', #1511, #582, #2467 ) ;
#2831 = CARTESIAN_POINT ( 'NONE',  ( 0.000000000000000000, 0.000000000000000000, -6.249999999999993783 ) ) ;
#2832 =( NAMED_UNIT ( * ) PLANE_ANGLE_UNIT ( ) SI_UNIT ( $, .RADIAN. ) );
#2833 = VERTEX_POINT ( 'NONE', #2966 ) ;
#2834 = EDGE_LOOP ( 'NONE', ( #3373, #3812 ) ) ;
#2835 = CARTESIAN_POINT ( 'NONE',  ( -21.49999999999914735, -9.663950455392047597E-14, -19.06361111111179696 ) ) ;
#2836 = VECTOR ( 'NONE', #1053, 1000.000000000000000 ) ;
#2837 = CARTESIAN_POINT ( 'NONE',  ( -28.14582562299424850, 16.25000000000000711, 12.06000000000000583 ) ) ;
#2838 = EDGE_CURVE ( 'NONE', #1496, #770, #1304, .T. ) ;
#2839 = ORIENTED_EDGE ( 'NONE', *, *, #981, .F. ) ;
#2840 = CIRCLE ( 'NONE', #2100, 8.000000000000000000 ) ;
#2841 = ORIENTED_EDGE ( 'NONE', *, *, #2630, .T. ) ;
#2842 = VECTOR ( 'NONE', #78, 1000.000000000000000 ) ;
#2843 = EDGE_CURVE ( 'NONE', #3863, #3618, #2316, .T. ) ;
#2844 = ORIENTED_EDGE ( 'NONE', *, *, #652, .T. ) ;
#2845 = DIRECTION ( 'NONE',  ( -0.000000000000000000, -0.000000000000000000, 1.000000000000000000 ) ) ;
#2846 = AXIS2_PLACEMENT_3D ( 'NONE', #3332, #1870, #3713 ) ;
#2847 = AXIS2_PLACEMENT_3D ( 'NONE', #3631, #2317, #3612 ) ;
#2848 = DIRECTION ( 'NONE',  ( -0.000000000000000000, -0.000000000000000000, 1.000000000000000000 ) ) ;
#2849 = DIRECTION ( 'NONE',  ( -0.000000000000000000, -0.000000000000000000, 1.000000000000000000 ) ) ;
#2850 = CIRCLE ( 'NONE', #3125, 19.00000000000000000 ) ;
#2851 = CARTESIAN_POINT ( 'NONE',  ( -21.50000000000000000, 0.000000000000000000, -20.95249999999998991 ) ) ;
#2852 = CARTESIAN_POINT ( 'NONE',  ( -28.98069340623915124, 7.753670723829241496, -12.45249999999997748 ) ) ;
#2853 = LINE ( 'NONE', #4068, #1754 ) ;
#2854 = ORIENTED_EDGE ( 'NONE', *, *, #3366, .F. ) ;
#2855 = CONICAL_SURFACE ( 'NONE', #163, 2.552699999999995750, 1.029744258676652535 ) ;
#2856 = DIRECTION ( 'NONE',  ( -1.000000000000000000, 0.000000000000000000, 0.000000000000000000 ) ) ;
#2857 = AXIS2_PLACEMENT_3D ( 'NONE', #947, #3801, #577 ) ;
#2858 = DIRECTION ( 'NONE',  ( 0.000000000000000000, 0.000000000000000000, -1.000000000000000000 ) ) ;
#2859 =( LENGTH_UNIT ( ) NAMED_UNIT ( * ) SI_UNIT ( .MILLI., .METRE. ) );
#2860 = ORIENTED_EDGE ( 'NONE', *, *, #3647, .F. ) ;
#2861 = EDGE_LOOP ( 'NONE', ( #1823, #496, #2559, #2592 ) ) ;
#2862 = CARTESIAN_POINT ( 'NONE',  ( -21.55200756382243199, 0.4449204196239615050, -19.02023101083357659 ) ) ;
#2863 = CARTESIAN_POINT ( 'NONE',  ( 24.43857834395501172, -0.4390377647389037685, -16.77516983777077897 ) ) ;
#2864 = DIRECTION ( 'NONE',  ( -1.000000000000000000, 0.000000000000000000, 0.000000000000000000 ) ) ;
#2865 = ORIENTED_EDGE ( 'NONE', *, *, #2099, .T. ) ;
#2866 = DIRECTION ( 'NONE',  ( 0.000000000000000000, 0.000000000000000000, -1.000000000000000000 ) ) ;
#2867 = ORIENTED_EDGE ( 'NONE', *, *, #3262, .F. ) ;
#2868 = DIRECTION ( 'NONE',  ( 0.000000000000000000, 0.000000000000000000, -1.000000000000000000 ) ) ;
#2869 = CARTESIAN_POINT ( 'NONE',  ( -37.54343440694599821, -5.872864116540021051, -6.249999999999993783 ) ) ;
#2870 = ADVANCED_FACE ( 'NONE', ( #1637 ), #2932, .F. ) ;
#2871 = FACE_OUTER_BOUND ( 'NONE', #315, .T. ) ;
#2872 = EDGE_CURVE ( 'NONE', #3127, #1119, #835, .T. ) ;
#2873 = CARTESIAN_POINT ( 'NONE',  ( 28.39106874445863937, -9.023565401048802670, -12.61573586163175342 ) ) ;
#2874 = DIRECTION ( 'NONE',  ( 0.000000000000000000, 0.000000000000000000, -1.000000000000000000 ) ) ;
#2875 = CARTESIAN_POINT ( 'NONE',  ( -28.14582562299424850, 16.25000000000000711, 12.06000000000000583 ) ) ;
#2876 = EDGE_LOOP ( 'NONE', ( #2699, #4104, #203 ) ) ;
#2877 = CARTESIAN_POINT ( 'NONE',  ( 26.30808609372702023, -21.96162966433999131, -6.249999999999992006 ) ) ;
#2878 = DIRECTION ( 'NONE',  ( 1.000000000000000000, 0.000000000000000000, 0.000000000000000000 ) ) ;
#2879 = ORIENTED_EDGE ( 'NONE', *, *, #34, .F. ) ;
#2880 = ORIENTED_EDGE ( 'NONE', *, *, #1169, .F. ) ;
#2881 = CARTESIAN_POINT ( 'NONE',  ( 28.88773805367742398, 8.101107527507396711, -12.45249999999998103 ) ) ;
#2882 = LINE ( 'NONE', #963, #3827 ) ;
#2883 = ORIENTED_EDGE ( 'NONE', *, *, #555, .T. ) ;
#2884 = AXIS2_PLACEMENT_3D ( 'NONE', #253, #2500, #2185 ) ;
#2885 = EDGE_LOOP ( 'NONE', ( #3848, #381, #2315, #1849 ) ) ;
#2886 = LINE ( 'NONE', #1902, #1707 ) ;
#2887 = DIRECTION ( 'NONE',  ( -0.000000000000000000, -0.000000000000000000, -1.000000000000000000 ) ) ;
#2888 = CARTESIAN_POINT ( 'NONE',  ( -4.943166056393485164, 28.68942895825946948, -13.14324531440266419 ) ) ;
#2889 = EDGE_CURVE ( 'NONE', #3552, #3223, #2335, .T. ) ;
#2890 = EDGE_CURVE ( 'NONE', #3522, #434, #1129, .T. ) ;
#2891 = AXIS2_PLACEMENT_3D ( 'NONE', #3257, #640, #1319 ) ;
#2892 = DIRECTION ( 'NONE',  ( 1.000000000000000000, 0.000000000000000000, 0.000000000000000000 ) ) ;
#2893 = CYLINDRICAL_SURFACE ( 'NONE', #8, 1.500000000000001332 ) ;
#2894 = EDGE_LOOP ( 'NONE', ( #3539, #2797 ) ) ;
#2895 = VECTOR ( 'NONE', #226, 1000.000000000000114 ) ;
#2896 = AXIS2_PLACEMENT_3D ( 'NONE', #3592, #3275, #654 ) ;
#2897 = EDGE_CURVE ( 'NONE', #2086, #2602, #2310, .T. ) ;
#2898 = B_SPLINE_CURVE_WITH_KNOTS ( 'NONE', 3,
 ( #1211, #2498, #1933, #4075, #2226, #4095, #1574, #2523, #1191, #329, #2881, #3857 ),
 .UNSPECIFIED., .F., .F.,
 ( 4, 2, 2, 2, 2, 4 ),
 ( 0.000000000000000000, 0.001060649322706258947, 0.002121298645412517895, 0.002651623306765642056, 0.003181947968118766217, 0.004242597290825014973 ),
 .UNSPECIFIED. ) ;
#2899 = CARTESIAN_POINT ( 'NONE',  ( 7.081328842866549955, -29.11222985349564141, -12.48427322053270139 ) ) ;
#2900 = AXIS2_PLACEMENT_3D ( 'NONE', #249, #3953, #2264 ) ;
#2901 = DIRECTION ( 'NONE',  ( 0.000000000000000000, 0.000000000000000000, -1.000000000000000000 ) ) ;
#2902 = VERTEX_POINT ( 'NONE', #3353 ) ;
#2903 = ORIENTED_EDGE ( 'NONE', *, *, #1789, .T. ) ;
#2904 = LINE ( 'NONE', #3048, #2713 ) ;
#2905 = CARTESIAN_POINT ( 'NONE',  ( 23.67992221395683927, -1.349286360082870617, -17.33832572703373032 ) ) ;
#2906 = AXIS2_PLACEMENT_3D ( 'NONE', #3689, #134, #1470 ) ;
#2907 = CARTESIAN_POINT ( 'NONE',  ( 0.000000000000000000, 0.000000000000000000, -10.07749999999998458 ) ) ;
#2908 = FACE_OUTER_BOUND ( 'NONE', #794, .T. ) ;
#2909 = ORIENTED_EDGE ( 'NONE', *, *, #1300, .F. ) ;
#2910 = VECTOR ( 'NONE', #3488, 999.9999999999998863 ) ;
#2911 = ORIENTED_EDGE ( 'NONE', *, *, #1841, .F. ) ;
#2912 = CARTESIAN_POINT ( 'NONE',  ( 28.14582562299425916, 16.25000000000000000, -6.249999999999992006 ) ) ;
#2913 = DIRECTION ( 'NONE',  ( -0.000000000000000000, -0.000000000000000000, 1.000000000000000000 ) ) ;
#2914 = CARTESIAN_POINT ( 'NONE',  ( -5.875955319768740637, 29.02098908743137429, -12.75623029306150436 ) ) ;
#2915 = AXIS2_PLACEMENT_3D ( 'NONE', #2907, #688, #17 ) ;
#2916 = CIRCLE ( 'NONE', #962, 30.00000000000000355 ) ;
#2917 = CARTESIAN_POINT ( 'NONE',  ( -26.05578431723306920, -10.61852685122359574, -13.90242260066738744 ) ) ;
#2918 = CARTESIAN_POINT ( 'NONE',  ( -32.17337224468786161, 11.80265604994572826, -23.22056274847715684 ) ) ;
#2919 = EDGE_CURVE ( 'NONE', #123, #3943, #1396, .T. ) ;
#2920 = AXIS2_PLACEMENT_3D ( 'NONE', #2037, #3330, #1612 ) ;
#2921 = CIRCLE ( 'NONE', #893, 8.000000000000000000 ) ;
#2922 = DIRECTION ( 'NONE',  ( -0.000000000000000000, -0.000000000000000000, 1.000000000000000000 ) ) ;
#2923 = ORIENTED_EDGE ( 'NONE', *, *, #3468, .T. ) ;
#2924 = VERTEX_POINT ( 'NONE', #3693 ) ;
#2925 = EDGE_CURVE ( 'NONE', #2459, #2049, #2983, .T. ) ;
#2926 = DIRECTION ( 'NONE',  ( 1.000000000000000000, 0.000000000000000000, 0.000000000000000000 ) ) ;
#2927 = EDGE_CURVE ( 'NONE', #3618, #1932, #2916, .T. ) ;
#2928 = CIRCLE ( 'NONE', #2309, 4.000000000000000000 ) ;
#2929 = DIRECTION ( 'NONE',  ( 0.000000000000000000, 0.000000000000000000, -1.000000000000000000 ) ) ;
#2930 = DIRECTION ( 'NONE',  ( 0.000000000000000000, 0.000000000000000000, -1.000000000000000000 ) ) ;
#2931 = VERTEX_POINT ( 'NONE', #2455 ) ;
#2932 = CYLINDRICAL_SURFACE ( 'NONE', #1093, 2.552699999999992642 ) ;
#2933 = DIRECTION ( 'NONE',  ( 0.000000000000000000, 0.000000000000000000, -1.000000000000000000 ) ) ;
#2934 = CARTESIAN_POINT ( 'NONE',  ( -22.35059530940602812, -17.83397617849200500, -13.54680109014449130 ) ) ;
#2935 = CARTESIAN_POINT ( 'NONE',  ( 3.984302198030716898E-15, 32.50000000000000000, 12.06000000000000583 ) ) ;
#2936 = CARTESIAN_POINT ( 'NONE',  ( 0.000000000000000000, 0.000000000000000000, -10.07749999999998458 ) ) ;
#2937 = CARTESIAN_POINT ( 'NONE',  ( -24.48468600234339121, -11.48638862224021295, -14.75177915311793875 ) ) ;
#2938 = CARTESIAN_POINT ( 'NONE',  ( 28.14582562299426627, -16.24999999999999289, 12.06000000000000583 ) ) ;
#2939 = CARTESIAN_POINT ( 'NONE',  ( -4.269958013042098877, -28.27369972629054828, -13.54633014297265703 ) ) ;
#2940 = CARTESIAN_POINT ( 'NONE',  ( 0.000000000000000000, 0.000000000000000000, -16.45250000000001123 ) ) ;
#2941 = CARTESIAN_POINT ( 'NONE',  ( 30.69852562299426069, -16.24999999999999289, 12.06000000000000583 ) ) ;
#2942 = ORIENTED_EDGE ( 'NONE', *, *, #1380, .T. ) ;
#2943 = EDGE_LOOP ( 'NONE', ( #357, #71, #2992, #1636 ) ) ;
#2944 = CARTESIAN_POINT ( 'NONE',  ( -29.00000000000000000, 3.575968653510271533E-15, 19.05250000000001265 ) ) ;
#2945 = DIRECTION ( 'NONE',  ( -0.000000000000000000, -0.000000000000000000, -1.000000000000000000 ) ) ;
#2946 = CARTESIAN_POINT ( 'NONE',  ( -1.500000000000000444, -23.00000000000000000, -17.85894133304158515 ) ) ;
#2947 = EDGE_CURVE ( 'NONE', #2769, #1233, #2898, .T. ) ;
#2948 = ADVANCED_FACE ( 'NONE', ( #871 ), #2247, .F. ) ;
#2949 = VERTEX_POINT ( 'NONE', #2835 ) ;
#2950 = CARTESIAN_POINT ( 'NONE',  ( 0.1060530119319920972, 24.50032897800477016, -16.73003757155119686 ) ) ;
#2951 = CARTESIAN_POINT ( 'NONE',  ( 27.31735732611844725, -10.06380709916778926, -13.14324531440266064 ) ) ;
#2952 = EDGE_CURVE ( 'NONE', #780, #2833, #3256, .T. ) ;
#2953 = B_SPLINE_CURVE_WITH_KNOTS ( 'NONE', 3,
 ( #3714, #208, #2413, #1495, #4059, #3404, #504, #2749, #1786, #2436, #3732, #836, #3678, #2121, #2457, #2693, #3983, #1086, #2376, #772 ),
 .UNSPECIFIED., .F., .F.,
 ( 4, 2, 2, 2, 2, 2, 2, 2, 2, 4 ),
 ( 0.0004174035914207722747, 0.001086732215943368197, 0.001421396528204666321, 0.001756060840465964012, 0.002425389464988552887, 0.002760053777249849710, 0.003094718089511146533, 0.003764046714033739745, 0.004433375338556332958, 0.005772032587601514178 ),
 .UNSPECIFIED. ) ;
#2954 = CARTESIAN_POINT ( 'NONE',  ( -23.85776672137069454, 29.57713588346000222, 0.000000000000000000 ) ) ;
#2955 = CARTESIAN_POINT ( 'NONE',  ( -29.63955347916789407, -4.636471670952648338, -6.249999999999993783 ) ) ;
#2956 = FACE_OUTER_BOUND ( 'NONE', #2689, .T. ) ;
#2957 = EDGE_LOOP ( 'NONE', ( #2903, #3670, #2434, #1452, #269, #2311, #2399, #2654 ) ) ;
#2958 = CARTESIAN_POINT ( 'NONE',  ( 0.000000000000000000, 0.000000000000000000, 11.95250000000002721 ) ) ;
#2959 = CARTESIAN_POINT ( 'NONE',  ( 0.000000000000000000, 0.000000000000000000, 12.45250000000002721 ) ) ;
#2960 = VERTEX_POINT ( 'NONE', #3788 ) ;
#2961 = ORIENTED_EDGE ( 'NONE', *, *, #109, .T. ) ;
#2962 = AXIS2_PLACEMENT_3D ( 'NONE', #2954, #972, #693 ) ;
#2963 = CARTESIAN_POINT ( 'NONE',  ( -22.28504596091616108, 17.53501430053178822, -13.73065561476729357 ) ) ;
#2964 = LINE ( 'NONE', #3587, #2370 ) ;
#2965 = ORIENTED_EDGE ( 'NONE', *, *, #1432, .F. ) ;
#2966 = CARTESIAN_POINT ( 'NONE',  ( 32.17337224468786872, 11.80265604994570694, 6.250000000000005329 ) ) ;
#2967 = EDGE_CURVE ( 'NONE', #2747, #2064, #3328, .T. ) ;
#2968 = DIRECTION ( 'NONE',  ( -0.000000000000000000, -0.000000000000000000, 1.000000000000000000 ) ) ;
#2969 = DIRECTION ( 'NONE',  ( -1.000000000000000000, 0.000000000000000000, 0.000000000000000000 ) ) ;
#2970 = ORIENTED_EDGE ( 'NONE', *, *, #3026, .T. ) ;
#2971 = LINE ( 'NONE', #989, #2775 ) ;
#2972 = CARTESIAN_POINT ( 'NONE',  ( -28.98069340623915124, 7.753670723829241496, -6.249999999999993783 ) ) ;
#2973 = EDGE_CURVE ( 'NONE', #2321, #2960, #3225, .T. ) ;
#2974 = ORIENTED_EDGE ( 'NONE', *, *, #3402, .F. ) ;
#2975 = DIRECTION ( 'NONE',  ( 0.000000000000000000, 0.000000000000000000, -1.000000000000000000 ) ) ;
#2976 = AXIS2_PLACEMENT_3D ( 'NONE', #3226, #2290, #1934 ) ;
#2977 = FACE_OUTER_BOUND ( 'NONE', #142, .T. ) ;
#2978 = AXIS2_PLACEMENT_3D ( 'NONE', #3274, #3335, #377 ) ;
#2979 = DIRECTION ( 'NONE',  ( 1.000000000000000000, 0.000000000000000000, 0.000000000000000000 ) ) ;
#2980 = FACE_OUTER_BOUND ( 'NONE', #697, .T. ) ;
#2981 = DIRECTION ( 'NONE',  ( -1.000000000000000000, 0.000000000000000000, 0.000000000000000000 ) ) ;
#2982 = ORIENTED_EDGE ( 'NONE', *, *, #848, .T. ) ;
#2983 = CIRCLE ( 'NONE', #1441, 2.552699999999989533 ) ;
#2984 = ORIENTED_EDGE ( 'NONE', *, *, #833, .F. ) ;
#2985 = CYLINDRICAL_SURFACE ( 'NONE', #2920, 8.000000000000001776 ) ;
#2986 = CIRCLE ( 'NONE', #892, 2.552699999999990865 ) ;
#2987 = FACE_BOUND ( 'NONE', #3370, .T. ) ;
#2988 = ORIENTED_EDGE ( 'NONE', *, *, #4023, .T. ) ;
#2989 = CARTESIAN_POINT ( 'NONE',  ( -1.500000000000000444, 23.00000000000000000, -17.85894133304158871 ) ) ;
#2990 = CARTESIAN_POINT ( 'NONE',  ( 2.552699999999981095, -32.50000000000000000, -6.249999999999993783 ) ) ;
#2991 = DIRECTION ( 'NONE',  ( -1.000000000000000000, 0.000000000000000000, 0.000000000000000000 ) ) ;
#2992 = ORIENTED_EDGE ( 'NONE', *, *, #2583, .T. ) ;
#2993 = CARTESIAN_POINT ( 'NONE',  ( 22.28504596091627477, -17.53501430053164256, -13.73065561476729712 ) ) ;
#2994 = CARTESIAN_POINT ( 'NONE',  ( 2.552699999999996638, 32.50000000000000000, -6.249999999999993783 ) ) ;
#2995 = ORIENTED_EDGE ( 'NONE', *, *, #2890, .T. ) ;
#2996 = DIRECTION ( 'NONE',  ( -0.000000000000000000, -0.000000000000000000, 1.000000000000000000 ) ) ;
#2997 = EDGE_CURVE ( 'NONE', #1714, #3654, #1851, .T. ) ;
#2998 = EDGE_CURVE ( 'NONE', #2664, #2270, #568, .T. ) ;
#2999 = DIRECTION ( 'NONE',  ( 0.000000000000000000, 0.000000000000000000, -1.000000000000000000 ) ) ;
#3000 = FACE_OUTER_BOUND ( 'NONE', #2619, .T. ) ;
#3001 = CARTESIAN_POINT ( 'NONE',  ( -28.14582562299428758, 16.24999999999993960, -6.249999999999993783 ) ) ;
#3002 = EDGE_CURVE ( 'NONE', #1057, #1305, #958, .T. ) ;
#3003 = DIRECTION ( 'NONE',  ( 0.000000000000000000, 0.000000000000000000, -1.000000000000000000 ) ) ;
#3004 = ORIENTED_EDGE ( 'NONE', *, *, #1650, .T. ) ;
#3005 = CARTESIAN_POINT ( 'NONE',  ( -21.56147285314280637, -0.4389859818300057004, -19.01252899476421376 ) ) ;
#3006 = EDGE_LOOP ( 'NONE', ( #1151, #2522, #3457, #2974 ) ) ;
#3007 = DIRECTION ( 'NONE',  ( 0.000000000000000000, 0.000000000000000000, -1.000000000000000000 ) ) ;
#3008 = CARTESIAN_POINT ( 'NONE',  ( 7.589415207398531038E-16, 0.000000000000000000, 6.250000000000003553 ) ) ;
#3009 = LINE ( 'NONE', #418, #3926 ) ;
#3010 = DIRECTION ( 'NONE',  ( -0.000000000000000000, -0.000000000000000000, 1.000000000000000000 ) ) ;
#3011 = EDGE_LOOP ( 'NONE', ( #2733, #3525 ) ) ;
#3012 = FACE_OUTER_BOUND ( 'NONE', #826, .T. ) ;
#3013 = CARTESIAN_POINT ( 'NONE',  ( 1.500000000000000444, 23.00000000000000000, -17.85894133304158871 ) ) ;
#3014 = ORIENTED_EDGE ( 'NONE', *, *, #1215, .T. ) ;
#3015 = CARTESIAN_POINT ( 'NONE',  ( 3.793061268006028275, 27.83873991251984492, -13.93406334752089570 ) ) ;
#3016 = CARTESIAN_POINT ( 'NONE',  ( -1.054014343407619014, -24.07170477125648489, -17.04553217844873458 ) ) ;
#3017 = EDGE_CURVE ( 'NONE', #2321, #2949, #1337, .T. ) ;
#3018 = EDGE_CURVE ( 'NONE', #1714, #433, #3729, .T. ) ;
#3019 = DIRECTION ( 'NONE',  ( -1.000000000000000000, 0.000000000000000000, -0.000000000000000000 ) ) ;
#3020 = LINE ( 'NONE', #1753, #4094 ) ;
#3021 = DIRECTION ( 'NONE',  ( 0.000000000000000000, 0.000000000000000000, -1.000000000000000000 ) ) ;
#3022 = ORIENTED_EDGE ( 'NONE', *, *, #2194, .F. ) ;
#3023 = ORIENTED_EDGE ( 'NONE', *, *, #81, .F. ) ;
#3024 = CARTESIAN_POINT ( 'NONE',  ( -23.84235620777342035, -1.244627661359610560, -17.21657192886060628 ) ) ;
#3025 = CIRCLE ( 'NONE', #1201, 2.552699999999990865 ) ;
#3026 = EDGE_CURVE ( 'NONE', #857, #685, #3625, .T. ) ;
#3027 = AXIS2_PLACEMENT_3D ( 'NONE', #3852, #1262, #2519 ) ;
#3028 = ORIENTED_EDGE ( 'NONE', *, *, #1995, .T. ) ;
#3029 = AXIS2_PLACEMENT_3D ( 'NONE', #1878, #2165, #1559 ) ;
#3030 = CARTESIAN_POINT ( 'NONE',  ( 28.98069340623920453, -7.753670723829051425, -6.249999999999993783 ) ) ;
#3031 = VERTEX_POINT ( 'NONE', #2603 ) ;
#3032 = DIRECTION ( 'NONE',  ( -0.000000000000000000, -0.000000000000000000, 1.000000000000000000 ) ) ;
#3033 = ORIENTED_EDGE ( 'NONE', *, *, #2815, .T. ) ;
#3034 = CARTESIAN_POINT ( 'NONE',  ( 18.37785951953027563, 18.39169050088682056, -20.95249999999998991 ) ) ;
#3035 = CARTESIAN_POINT ( 'NONE',  ( -0.8275231650826535557, 21.74491434064756490, -18.86098611682280435 ) ) ;
#3036 = AXIS2_PLACEMENT_3D ( 'NONE', #3451, #1861, #883 ) ;
#3037 = ORIENTED_EDGE ( 'NONE', *, *, #3677, .F. ) ;
#3038 = CARTESIAN_POINT ( 'NONE',  ( 3.074167663915183368, 27.34438598390375930, -14.38425759198051068 ) ) ;
#3039 = CARTESIAN_POINT ( 'NONE',  ( 23.37969490188259769, -12.58491515324840293, -15.13660542823460986 ) ) ;
#3040 = CARTESIAN_POINT ( 'NONE',  ( 23.15370234744452205, 12.91579066334270820, -15.16556875979787478 ) ) ;
#3041 = CIRCLE ( 'NONE', #745, 27.50000000000000000 ) ;
#3042 = CARTESIAN_POINT ( 'NONE',  ( 22.17463607586695318, 16.86216182952691511, -14.11900392892972711 ) ) ;
#3043 = CIRCLE ( 'NONE', #4048, 2.552699999999994418 ) ;
#3044 = CARTESIAN_POINT ( 'NONE',  ( -1.192622389734054720E-14, -32.50000000000000000, 12.06000000000000583 ) ) ;
#3045 = DIRECTION ( 'NONE',  ( 0.000000000000000000, 0.000000000000000000, 1.000000000000000000 ) ) ;
#3046 = ORIENTED_EDGE ( 'NONE', *, *, #928, .T. ) ;
#3047 = VERTEX_POINT ( 'NONE', #2944 ) ;
#3048 = CARTESIAN_POINT ( 'NONE',  ( 28.98069340623898071, 7.753670723829877431, 0.000000000000000000 ) ) ;
#3049 = VECTOR ( 'NONE', #4154, 1000.000000000000000 ) ;
#3050 = EDGE_CURVE ( 'NONE', #959, #1855, #3646, .T. ) ;
#3051 = ADVANCED_FACE ( 'NONE', ( #743 ), #2312, .T. ) ;
#3052 = EDGE_LOOP ( 'NONE', ( #1614, #1108 ) ) ;
#3053 = CARTESIAN_POINT ( 'NONE',  ( 22.63669947260699189, 1.466402431795270855, -18.14265666649850317 ) ) ;
#3054 = CARTESIAN_POINT ( 'NONE',  ( 24.50000000000000000, -2.974865471069905409E-22, -16.73027777777775782 ) ) ;
#3055 = AXIS2_PLACEMENT_3D ( 'NONE', #1863, #3781, #2517 ) ;
#3056 = PLANE ( 'NONE',  #3250 ) ;
#3057 = ORIENTED_EDGE ( 'NONE', *, *, #221, .F. ) ;
#3058 = CARTESIAN_POINT ( 'NONE',  ( 37.54343440694600531, 5.872864116539996182, -6.249999999999993783 ) ) ;
#3059 = FACE_OUTER_BOUND ( 'NONE', #813, .T. ) ;
#3060 = VECTOR ( 'NONE', #43, 1000.000000000000000 ) ;
#3061 = ORIENTED_EDGE ( 'NONE', *, *, #4100, .T. ) ;
#3062 = CARTESIAN_POINT ( 'NONE',  ( 28.14582562299426627, -16.24999999999999289, -6.249999999999993783 ) ) ;
#3063 = AXIS2_PLACEMENT_3D ( 'NONE', #3951, #3324, #431 ) ;
#3064 = DIRECTION ( 'NONE',  ( 0.000000000000000000, 0.000000000000000000, 1.000000000000000000 ) ) ;
#3065 = CARTESIAN_POINT ( 'NONE',  ( 25.06057485990807265, -11.09189694599496612, -14.47149204877385387 ) ) ;
#3066 = DIRECTION ( 'NONE',  ( -0.000000000000000000, -0.000000000000000000, 1.000000000000000000 ) ) ;
#3067 = CARTESIAN_POINT ( 'NONE',  ( 22.21975257328122666, 17.20472766939972686, -13.92896116591965949 ) ) ;
#3068 = DIRECTION ( 'NONE',  ( 1.000000000000000000, 0.000000000000000000, 0.000000000000000000 ) ) ;
#3069 = DIRECTION ( 'NONE',  ( 1.000000000000000000, 0.000000000000000000, 0.000000000000000000 ) ) ;
#3070 = ORIENTED_EDGE ( 'NONE', *, *, #2843, .T. ) ;
#3071 = ORIENTED_EDGE ( 'NONE', *, *, #2070, .T. ) ;
#3072 = DIRECTION ( 'NONE',  ( 0.000000000000000000, 0.000000000000000000, 1.000000000000000000 ) ) ;
#3073 = VERTEX_POINT ( 'NONE', #1631 ) ;
#3074 = PRODUCT_RELATED_PRODUCT_CATEGORY ( 'part', '', ( #1221 ) ) ;
#3075 = DIRECTION ( 'NONE',  ( -1.000000000000000000, 0.000000000000000000, 0.000000000000000000 ) ) ;
#3076 = EDGE_CURVE ( 'NONE', #3881, #3501, #91, .T. ) ;
#3077 = ORIENTED_EDGE ( 'NONE', *, *, #3626, .T. ) ;
#3078 = ORIENTED_EDGE ( 'NONE', *, *, #2384, .T. ) ;
#3079 = EDGE_CURVE ( 'NONE', #3863, #2408, #2443, .T. ) ;
#3080 = VERTEX_POINT ( 'NONE', #3563 ) ;
#3081 = DIRECTION ( 'NONE',  ( -0.8571673007021113344, 0.000000000000000000, -0.5150380749100558209 ) ) ;
#3082 = CARTESIAN_POINT ( 'NONE',  ( 1.057301712142190375, -24.06847280955673796, -17.04793121746006790 ) ) ;
#3083 = CARTESIAN_POINT ( 'NONE',  ( 0.000000000000000000, 23.00000000000000000, -10.07749999999998458 ) ) ;
#3084 = CARTESIAN_POINT ( 'NONE',  ( 22.13966988990464202, -1.243412658808135562, -18.53920608910197032 ) ) ;
#3085 = DIRECTION ( 'NONE',  ( -0.000000000000000000, -0.000000000000000000, -1.000000000000000000 ) ) ;
#3086 = DIRECTION ( 'NONE',  ( -1.000000000000000000, 0.000000000000000000, 0.000000000000000000 ) ) ;
#3087 = CYLINDRICAL_SURFACE ( 'NONE', #3309, 4.000000000000000000 ) ;
#3088 = VERTEX_POINT ( 'NONE', #2289 ) ;
#3089 = ORIENTED_EDGE ( 'NONE', *, *, #3897, .F. ) ;
#3090 = CARTESIAN_POINT ( 'NONE',  ( -10.80447448861207604, 27.98684210526316463, -6.249999999999993783 ) ) ;
#3091 = EDGE_LOOP ( 'NONE', ( #3150, #2308, #3046, #1066, #4074, #1515, #1477, #1788 ) ) ;
#3092 = B_SPLINE_CURVE_WITH_KNOTS ( 'NONE', 3,
 ( #1168, #2079, #3371, #1758, #2410, #3742 ),
 .UNSPECIFIED., .F., .F.,
 ( 4, 2, 4 ),
 ( 0.01014469493264656165, 0.01086988816459419187, 0.01159508139654182209 ),
 .UNSPECIFIED. ) ;
#3093 = AXIS2_PLACEMENT_3D ( 'NONE', #3805, #286, #844 ) ;
#3094 = DIRECTION ( 'NONE',  ( 0.000000000000000000, 0.000000000000000000, -1.000000000000000000 ) ) ;
#3095 = VECTOR ( 'NONE', #1171, 1000.000000000000114 ) ;
#3096 = CIRCLE ( 'NONE', #3970, 4.000000000000000000 ) ;
#3097 = ORIENTED_EDGE ( 'NONE', *, *, #637, .T. ) ;
#3098 = ORIENTED_EDGE ( 'NONE', *, *, #3624, .T. ) ;
#3099 = APPLICATION_PROTOCOL_DEFINITION ( 'draft international standard', 'automotive_design', 1998, #3559 ) ;
#3100 = ADVANCED_FACE ( 'NONE', ( #3874 ), #979, .T. ) ;
#3101 = CIRCLE ( 'NONE', #3375, 6.000000000000001776 ) ;
#3102 = ORIENTED_EDGE ( 'NONE', *, *, #3188, .T. ) ;
#3103 = LINE ( 'NONE', #1502, #2148 ) ;
#3104 = DIRECTION ( 'NONE',  ( 1.000000000000000000, 0.000000000000000000, 0.000000000000000000 ) ) ;
#3105 = EDGE_CURVE ( 'NONE', #1572, #2086, #2666, .T. ) ;
#3106 = FACE_OUTER_BOUND ( 'NONE', #303, .T. ) ;
#3107 = EDGE_CURVE ( 'NONE', #2368, #810, #1936, .T. ) ;
#3108 = AXIS2_PLACEMENT_3D ( 'NONE', #2618, #1948, #1973 ) ;
#3109 = CARTESIAN_POINT ( 'NONE',  ( -24.48668435570685986, 11.48498042554469301, -14.75082414145489373 ) ) ;
#3110 = CARTESIAN_POINT ( 'NONE',  ( 7.078871444745911568, 29.11247122637417561, -12.48454517327947677 ) ) ;
#3111 = DIRECTION ( 'NONE',  ( -1.000000000000000000, 0.000000000000000000, 0.000000000000000000 ) ) ;
#3112 = VERTEX_POINT ( 'NONE', #709 ) ;
#3113 = EDGE_LOOP ( 'NONE', ( #3023, #3807, #541, #3392 ) ) ;
#3114 = LINE ( 'NONE', #2805, #3403 ) ;
#3115 = AXIS2_PLACEMENT_3D ( 'NONE', #3894, #373, #1695 ) ;
#3116 = LINE ( 'NONE', #3541, #3767 ) ;
#3117 = ORIENTED_EDGE ( 'NONE', *, *, #507, .T. ) ;
#3118 = CARTESIAN_POINT ( 'NONE',  ( 0.3923315034762591136, -26.50000420384687772, -15.17471821226344986 ) ) ;
#3119 = CARTESIAN_POINT ( 'NONE',  ( 23.84530101721417594, -1.254334407070941682, -17.21414462629456921 ) ) ;
#3120 = FACE_BOUND ( 'NONE', #1461, .T. ) ;
#3121 = AXIS2_PLACEMENT_3D ( 'NONE', #3590, #690, #119 ) ;
#3122 = VERTEX_POINT ( 'NONE', #1670 ) ;
#3123 = EDGE_LOOP ( 'NONE', ( #4007, #551, #12, #689, #1896 ) ) ;
#3124 = CARTESIAN_POINT ( 'NONE',  ( -21.99394828387729106, 20.12166016655417522, -12.60134538087763012 ) ) ;
#3125 = AXIS2_PLACEMENT_3D ( 'NONE', #1737, #473, #162 ) ;
#3126 = CARTESIAN_POINT ( 'NONE',  ( 26.32829082044181490, 10.53190877639176293, -6.249999999999993783 ) ) ;
#3127 = VERTEX_POINT ( 'NONE', #2963 ) ;
#3128 = AXIS2_PLACEMENT_3D ( 'NONE', #3290, #3963, #1064 ) ;
#3129 = DIRECTION ( 'NONE',  ( -0.000000000000000000, -0.000000000000000000, 1.000000000000000000 ) ) ;
#3130 = CYLINDRICAL_SURFACE ( 'NONE', #3440, 6.000000000000000000 ) ;
#3131 = CARTESIAN_POINT ( 'NONE',  ( 22.21252533958712760, -17.20425737246376841, -13.93406334752091702 ) ) ;
#3132 = CARTESIAN_POINT ( 'NONE',  ( 26.32829082044214175, -10.53190877639100265, -13.73065561476729890 ) ) ;
#3133 = CONICAL_SURFACE ( 'NONE', #700, 29.00000000000000000, 0.7853981633974439491 ) ;
#3134 = AXIS2_PLACEMENT_3D ( 'NONE', #3497, #1887, #3180 ) ;
#3135 = EDGE_CURVE ( 'NONE', #1723, #667, #759, .T. ) ;
#3136 = CARTESIAN_POINT ( 'NONE',  ( -1.500000000000000444, 23.00000000000000000, -17.85894133304158871 ) ) ;
#3137 = ADVANCED_FACE ( 'NONE', ( #3304 ), #2985, .F. ) ;
#3138 = CARTESIAN_POINT ( 'NONE',  ( -22.74680573532926076, -13.62735668775482090, -15.16233393304734101 ) ) ;
#3139 = DIRECTION ( 'NONE',  ( -1.000000000000000000, 0.000000000000000000, 0.000000000000000000 ) ) ;
#3140 = ORIENTED_EDGE ( 'NONE', *, *, #1678, .T. ) ;
#3141 = CARTESIAN_POINT ( 'NONE',  ( 17.50000000000000355, 0.000000000000000000, -10.07749999999998458 ) ) ;
#3142 = CYLINDRICAL_SURFACE ( 'NONE', #1838, 8.000000000000000000 ) ;
#3143 = EDGE_CURVE ( 'NONE', #1233, #2902, #2904, .T. ) ;
#3144 = DIRECTION ( 'NONE',  ( 1.000000000000000000, 0.000000000000000000, 0.000000000000000000 ) ) ;
#3145 = DIRECTION ( 'NONE',  ( -0.000000000000000000, -0.000000000000000000, -1.000000000000000000 ) ) ;
#3146 = ORIENTED_EDGE ( 'NONE', *, *, #2528, .F. ) ;
#3147 = ORIENTED_EDGE ( 'NONE', *, *, #750, .T. ) ;
#3148 = CARTESIAN_POINT ( 'NONE',  ( -37.54343440694599821, 5.872864116540021051, -6.249999999999993783 ) ) ;
#3149 = DIRECTION ( 'NONE',  ( -0.000000000000000000, -0.000000000000000000, -1.000000000000000000 ) ) ;
#3150 = ORIENTED_EDGE ( 'NONE', *, *, #3684, .T. ) ;
#3151 = ORIENTED_EDGE ( 'NONE', *, *, #578, .T. ) ;
#3152 = DIRECTION ( 'NONE',  ( -1.000000000000000000, 0.000000000000000000, 0.000000000000000000 ) ) ;
#3153 = FACE_OUTER_BOUND ( 'NONE', #889, .T. ) ;
#3154 = DIRECTION ( 'NONE',  ( -1.000000000000000000, 0.000000000000000000, 0.000000000000000000 ) ) ;
#3155 = FACE_OUTER_BOUND ( 'NONE', #2591, .T. ) ;
#3156 = CARTESIAN_POINT ( 'NONE',  ( 30.69852562299425003, 16.25000000000000000, -6.249999999999994671 ) ) ;
#3157 = PLANE ( 'NONE',  #3384 ) ;
#3158 = ORIENTED_EDGE ( 'NONE', *, *, #3212, .T. ) ;
#3159 = EDGE_CURVE ( 'NONE', #3267, #3088, #2850, .T. ) ;
#3160 = LINE ( 'NONE', #1207, #63 ) ;
#3161 = ORIENTED_EDGE ( 'NONE', *, *, #3928, .F. ) ;
#3162 = ORIENTED_EDGE ( 'NONE', *, *, #578, .F. ) ;
#3163 = CARTESIAN_POINT ( 'NONE',  ( -24.06453205792085015, 1.061305092755494783, -17.05085637798128317 ) ) ;
#3164 = ADVANCED_FACE ( 'NONE', ( #2369 ), #2116, .T. ) ;
#3165 = CARTESIAN_POINT ( 'NONE',  ( 27.50000000000000000, 0.000000000000000000, 12.45250000000002721 ) ) ;
#3166 = CIRCLE ( 'NONE', #3710, 25.00000000000000711 ) ;
#3167 = EDGE_LOOP ( 'NONE', ( #2061, #2394, #622, #2776 ) ) ;
#3168 = DIRECTION ( 'NONE',  ( 0.000000000000000000, 0.000000000000000000, 1.000000000000000000 ) ) ;
#3169 = CONICAL_SURFACE ( 'NONE', #3029, 2.552699999999994418, 1.029744258676652535 ) ;
#3170 = CARTESIAN_POINT ( 'NONE',  ( 0.000000000000000000, 0.000000000000000000, 11.95250000000002721 ) ) ;
#3171 = DIRECTION ( 'NONE',  ( -0.000000000000000000, -0.000000000000000000, -1.000000000000000000 ) ) ;
#3172 = CARTESIAN_POINT ( 'NONE',  ( 24.50000000000000000, 0.000000000000000000, 11.45250000000002011 ) ) ;
#3173 = DIRECTION ( 'NONE',  ( 1.000000000000000000, 0.000000000000000000, 0.000000000000000000 ) ) ;
#3174 = AXIS2_PLACEMENT_3D ( 'NONE', #2263, #3932, #1338 ) ;
#3175 = CARTESIAN_POINT ( 'NONE',  ( -26.62072122846181443, -10.43895775075783661, -13.54633014297264992 ) ) ;
#3176 = VERTEX_POINT ( 'NONE', #435 ) ;
#3177 = LINE ( 'NONE', #289, #3397 ) ;
#3178 = DIRECTION ( 'NONE',  ( 1.000000000000000000, 0.000000000000000000, 0.000000000000000000 ) ) ;
#3179 = AXIS2_PLACEMENT_3D ( 'NONE', #1451, #2727, #1428 ) ;
#3180 = DIRECTION ( 'NONE',  ( -1.000000000000000000, 0.000000000000000000, 0.000000000000000000 ) ) ;
#3181 = PRESENTATION_STYLE_ASSIGNMENT (( #1609 ) ) ;
#3182 = ORIENTED_EDGE ( 'NONE', *, *, #1730, .F. ) ;
#3183 = ORIENTED_EDGE ( 'NONE', *, *, #1222, .F. ) ;
#3184 = CARTESIAN_POINT ( 'NONE',  ( -24.13308536462202625, 0.9881796893729237752, -17.00003877172012423 ) ) ;
#3185 = CIRCLE ( 'NONE', #1016, 8.000000000000000000 ) ;
#3186 = CARTESIAN_POINT ( 'NONE',  ( 22.37785951953027563, 18.39169050088682056, -20.95249999999998991 ) ) ;
#3187 = DIRECTION ( 'NONE',  ( 1.000000000000000000, 2.042810365310288034E-14, 0.000000000000000000 ) ) ;
#3188 = EDGE_CURVE ( 'NONE', #1411, #646, #887, .T. ) ;
#3189 = EDGE_CURVE ( 'NONE', #180, #1723, #1079, .T. ) ;
#3190 = AXIS2_PLACEMENT_3D ( 'NONE', #3799, #532, #3104 ) ;
#3191 = ORIENTED_EDGE ( 'NONE', *, *, #2451, .F. ) ;
#3192 = AXIS2_PLACEMENT_3D ( 'NONE', #4046, #862, #2824 ) ;
#3193 = ORIENTED_EDGE ( 'NONE', *, *, #3744, .T. ) ;
#3194 = EDGE_CURVE ( 'NONE', #2949, #2321, #126, .T. ) ;
#3195 = FACE_OUTER_BOUND ( 'NONE', #3967, .T. ) ;
#3196 = CONICAL_SURFACE ( 'NONE', #3121, 2.552699999999994418, 1.029744258676652535 ) ;
#3197 = CARTESIAN_POINT ( 'NONE',  ( -6.380897502210483019, 29.09916947381600849, -12.61573586163175342 ) ) ;
#3198 = AXIS2_PLACEMENT_3D ( 'NONE', #584, #1845, #3432 ) ;
#3199 = CARTESIAN_POINT ( 'NONE',  ( 7.428104109228543805, 29.06806877610862472, -12.45249999999997215 ) ) ;
#3200 = CARTESIAN_POINT ( 'NONE',  ( -28.88773805367756609, -8.101107527506968609, -12.45249999999998103 ) ) ;
#3201 = ORIENTED_EDGE ( 'NONE', *, *, #171, .F. ) ;
#3202 = VECTOR ( 'NONE', #321, 1000.000000000000000 ) ;
#3203 = DIRECTION ( 'NONE',  ( -0.000000000000000000, -0.000000000000000000, 1.000000000000000000 ) ) ;
#3204 = ORIENTED_EDGE ( 'NONE', *, *, #1897, .F. ) ;
#3205 = ORIENTED_EDGE ( 'NONE', *, *, #1626, .F. ) ;
#3206 = CARTESIAN_POINT ( 'NONE',  ( -21.49999999999914735, -9.663950455392047597E-14, -19.06361111111179696 ) ) ;
#3207 = CARTESIAN_POINT ( 'NONE',  ( 24.26574752036511384, -0.8331084947703270016, -16.90197437273464942 ) ) ;
#3208 = DIRECTION ( 'NONE',  ( 1.000000000000000000, 0.000000000000000000, 0.000000000000000000 ) ) ;
#3209 = VERTEX_POINT ( 'NONE', #3090 ) ;
#3210 = ORIENTED_EDGE ( 'NONE', *, *, #1170, .F. ) ;
#3211 = EDGE_CURVE ( 'NONE', #2739, #2101, #2767, .T. ) ;
#3212 = EDGE_CURVE ( 'NONE', #3417, #3127, #3092, .T. ) ;
#3213 = ORIENTED_EDGE ( 'NONE', *, *, #2505, .T. ) ;
#3214 = B_SPLINE_CURVE_WITH_KNOTS ( 'NONE', 3,
 ( #599, #3175, #951, #287, #925, #1565, #2219, #3516, #621, #3538, #3200, #311 ),
 .UNSPECIFIED., .F., .F.,
 ( 4, 2, 2, 2, 2, 4 ),
 ( 0.000000000000000000, 0.001060649322706241167, 0.002121298645412482333, 0.002651623306765607362, 0.003181947968118732824, 0.004242597290824977677 ),
 .UNSPECIFIED. ) ;
#3215 = CARTESIAN_POINT ( 'NONE',  ( -24.50000000000000000, 3.000384657911015469E-15, 11.45250000000002011 ) ) ;
#3216 = CARTESIAN_POINT ( 'NONE',  ( -5.392069417936797393, 28.88158676194972330, -12.93449815022521854 ) ) ;
#3217 = EDGE_CURVE ( 'NONE', #2140, #2924, #3535, .T. ) ;
#3218 = CARTESIAN_POINT ( 'NONE',  ( -3.789854940251958570, 27.84523402896617128, -13.92896116591963995 ) ) ;
#3219 = CARTESIAN_POINT ( 'NONE',  ( -28.14582562299425561, 16.25000000000001066, -6.249999999999992006 ) ) ;
#3220 = ORIENTED_EDGE ( 'NONE', *, *, #3469, .F. ) ;
#3221 = FACE_OUTER_BOUND ( 'NONE', #445, .T. ) ;
#3222 = FILL_AREA_STYLE_COLOUR ( '', #1895 ) ;
#3223 = VERTEX_POINT ( 'NONE', #808 ) ;
#3224 = EDGE_LOOP ( 'NONE', ( #233, #35, #228, #613 ) ) ;
#3225 = LINE ( 'NONE', #3458, #1161 ) ;
#3226 = CARTESIAN_POINT ( 'NONE',  ( -7.589415207398531038E-16, 0.000000000000000000, -6.249999999999993783 ) ) ;
#3227 = ORIENTED_EDGE ( 'NONE', *, *, #3683, .F. ) ;
#3228 = VERTEX_POINT ( 'NONE', #2098 ) ;
#3229 = ORIENTED_EDGE ( 'NONE', *, *, #2738, .T. ) ;
#3230 = CARTESIAN_POINT ( 'NONE',  ( 28.14582562299425561, -16.24999999999999645, 6.250000000000005329 ) ) ;
#3231 = DIRECTION ( 'NONE',  ( 0.000000000000000000, 0.000000000000000000, 1.000000000000000000 ) ) ;
#3232 = EDGE_CURVE ( 'NONE', #296, #3895, #674, .T. ) ;
#3233 = CARTESIAN_POINT ( 'NONE',  ( -1.192622389734054720E-14, -32.50000000000000000, 12.06000000000000583 ) ) ;
#3234 = CIRCLE ( 'NONE', #129, 6.000000000000001776 ) ;
#3235 = CARTESIAN_POINT ( 'NONE',  ( -24.23680414465187383, -11.68683186953079733, -14.85922003206571951 ) ) ;
#3236 = ADVANCED_FACE ( 'NONE', ( #225 ), #262, .F. ) ;
#3237 = EDGE_CURVE ( 'NONE', #758, #4120, #4058, .T. ) ;
#3238 = CARTESIAN_POINT ( 'NONE',  ( 7.775470883703716751, 28.97485207100591964, -6.249999999999993783 ) ) ;
#3239 = AXIS2_PLACEMENT_3D ( 'NONE', #2180, #3602, #2284 ) ;
#3240 = DIRECTION ( 'NONE',  ( 0.000000000000000000, -0.000000000000000000, 1.000000000000000000 ) ) ;
#3241 = DIRECTION ( 'NONE',  ( -1.000000000000000000, 0.000000000000000000, 0.000000000000000000 ) ) ;
#3242 = EDGE_LOOP ( 'NONE', ( #442, #3697, #261 ) ) ;
#3243 = ORIENTED_EDGE ( 'NONE', *, *, #3262, .T. ) ;
#3244 = CARTESIAN_POINT ( 'NONE',  ( -19.00000000000000000, 0.000000000000000000, -16.95249999999998636 ) ) ;
#3245 = DIRECTION ( 'NONE',  ( -0.000000000000000000, -0.000000000000000000, 1.000000000000000000 ) ) ;
#3246 = VECTOR ( 'NONE', #348, 1000.000000000000000 ) ;
#3247 = VECTOR ( 'NONE', #3492, 1000.000000000000000 ) ;
#3248 = ORIENTED_EDGE ( 'NONE', *, *, #2738, .F. ) ;
#3249 = CARTESIAN_POINT ( 'NONE',  ( 13.68566768557530544, 35.45000000000000995, 6.250000000000003553 ) ) ;
#3250 = AXIS2_PLACEMENT_3D ( 'NONE', #169, #1459, #2732 ) ;
#3251 = EDGE_LOOP ( 'NONE', ( #3986, #2329 ) ) ;
#3252 = CARTESIAN_POINT ( 'NONE',  ( 0.000000000000000000, 0.000000000000000000, 19.45250000000001123 ) ) ;
#3253 = FACE_OUTER_BOUND ( 'NONE', #789, .T. ) ;
#3254 = DIRECTION ( 'NONE',  ( 1.000000000000000000, 0.000000000000000000, 0.000000000000000000 ) ) ;
#3255 = FACE_BOUND ( 'NONE', #2648, .T. ) ;
#3256 = CIRCLE ( 'NONE', #1569, 6.000000000000008882 ) ;
#3257 = CARTESIAN_POINT ( 'NONE',  ( 28.14582562299425916, 16.25000000000000000, 12.06000000000000583 ) ) ;
#3258 = DIRECTION ( 'NONE',  ( 0.000000000000000000, 0.000000000000000000, -1.000000000000000000 ) ) ;
#3259 = CONICAL_SURFACE ( 'NONE', #2176, 2.552699999999994418, 1.029744258676652535 ) ;
#3260 = AXIS2_PLACEMENT_3D ( 'NONE', #117, #3072, #2431 ) ;
#3261 = EDGE_CURVE ( 'NONE', #1421, #3127, #1235, .T. ) ;
#3262 = EDGE_CURVE ( 'NONE', #1914, #1119, #3114, .T. ) ;
#3263 = CARTESIAN_POINT ( 'NONE',  ( -23.85776672137069454, -29.57713588346000222, -6.249999999999993783 ) ) ;
#3264 = CARTESIAN_POINT ( 'NONE',  ( 6.555478264112753806, -29.11118082654367001, -12.57719980360248790 ) ) ;
#3265 = VECTOR ( 'NONE', #1986, 1000.000000000000000 ) ;
#3266 = DIRECTION ( 'NONE',  ( 1.000000000000000000, 0.000000000000000000, 0.000000000000000000 ) ) ;
#3267 = VERTEX_POINT ( 'NONE', #1886 ) ;
#3268 = CARTESIAN_POINT ( 'NONE',  ( 21.20522252253493534, 21.22118134717710092, -12.45249999999997748 ) ) ;
#3269 = CIRCLE ( 'NONE', #2857, 2.552699999999994418 ) ;
#3270 = CARTESIAN_POINT ( 'NONE',  ( -19.40000000000001279, 0.000000000000000000, -19.45249999999998280 ) ) ;
#3271 = DIRECTION ( 'NONE',  ( 0.000000000000000000, 0.000000000000000000, 1.000000000000000000 ) ) ;
#3272 = ORIENTED_EDGE ( 'NONE', *, *, #1527, .F. ) ;
#3273 = CARTESIAN_POINT ( 'NONE',  ( -1.469633185797084796, 23.34990778455951244, -17.58894427110731939 ) ) ;
#3274 = CARTESIAN_POINT ( 'NONE',  ( 0.000000000000000000, 0.000000000000000000, -16.45250000000001123 ) ) ;
#3275 = DIRECTION ( 'NONE',  ( -0.000000000000000000, -0.000000000000000000, 1.000000000000000000 ) ) ;
#3276 = CARTESIAN_POINT ( 'NONE',  ( 0.000000000000000000, 0.000000000000000000, -10.07749999999998458 ) ) ;
#3277 = DIRECTION ( 'NONE',  ( -1.000000000000000000, 0.000000000000000000, 0.000000000000000000 ) ) ;
#3278 = ORIENTED_EDGE ( 'NONE', *, *, #2628, .F. ) ;
#3279 = DIRECTION ( 'NONE',  ( -0.000000000000000000, -0.000000000000000000, 1.000000000000000000 ) ) ;
#3280 = CYLINDRICAL_SURFACE ( 'NONE', #4113, 2.552699999999990865 ) ;
#3281 = CARTESIAN_POINT ( 'NONE',  ( 0.000000000000000000, 0.000000000000000000, -10.07749999999998458 ) ) ;
#3282 = ORIENTED_EDGE ( 'NONE', *, *, #3232, .T. ) ;
#3283 = ADVANCED_FACE ( 'NONE', ( #3808 ), #3902, .F. ) ;
#3284 = ORIENTED_EDGE ( 'NONE', *, *, #109, .F. ) ;
#3285 = CARTESIAN_POINT ( 'NONE',  ( 0.000000000000000000, 0.000000000000000000, -19.45249999999998280 ) ) ;
#3286 = EDGE_CURVE ( 'NONE', #2101, #1000, #2243, .T. ) ;
#3287 = EDGE_LOOP ( 'NONE', ( #2391, #3352, #1341, #662 ) ) ;
#3288 = CARTESIAN_POINT ( 'NONE',  ( -0.2277055030574167693, 24.48660584862012968, -16.74005190963710987 ) ) ;
#3289 = DIRECTION ( 'NONE',  ( 0.000000000000000000, 0.000000000000000000, -1.000000000000000000 ) ) ;
#3290 = CARTESIAN_POINT ( 'NONE',  ( 0.000000000000000000, 0.000000000000000000, 19.45250000000001123 ) ) ;
#3291 = DIRECTION ( 'NONE',  ( -0.000000000000000000, -0.000000000000000000, 1.000000000000000000 ) ) ;
#3292 = ORIENTED_EDGE ( 'NONE', *, *, #2789, .F. ) ;
#3293 = CARTESIAN_POINT ( 'NONE',  ( 0.000000000000000000, -23.00000000000000000, -20.95249999999998991 ) ) ;
#3294 = AXIS2_PLACEMENT_3D ( 'NONE', #1673, #3271, #53 ) ;
#3295 = DIRECTION ( 'NONE',  ( 0.000000000000000000, 0.000000000000000000, 1.000000000000000000 ) ) ;
#3296 = VERTEX_POINT ( 'NONE', #4071 ) ;
#3297 = CARTESIAN_POINT ( 'NONE',  ( -2.605149293327388982, 27.08227993617934004, -14.62618056027957891 ) ) ;
#3298 = CIRCLE ( 'NONE', #3838, 2.552699999999995750 ) ;
#3299 = DIRECTION ( 'NONE',  ( -0.000000000000000000, -0.000000000000000000, -1.000000000000000000 ) ) ;
#3300 = CARTESIAN_POINT ( 'NONE',  ( 23.85776672137069454, 29.57713588345999867, 6.250000000000003553 ) ) ;
#3301 = LINE ( 'NONE', #2941, #3447 ) ;
#3302 = ORIENTED_EDGE ( 'NONE', *, *, #56, .T. ) ;
#3303 = VECTOR ( 'NONE', #3032, 1000.000000000000000 ) ;
#3304 = FACE_OUTER_BOUND ( 'NONE', #2526, .T. ) ;
#3305 = CARTESIAN_POINT ( 'NONE',  ( 0.000000000000000000, 0.000000000000000000, -12.45249999999997748 ) ) ;
#3306 = AXIS2_PLACEMENT_3D ( 'NONE', #122, #1371, #2653 ) ;
#3307 = EDGE_LOOP ( 'NONE', ( #2816, #2865, #2036 ) ) ;
#3308 = DIRECTION ( 'NONE',  ( -0.000000000000000000, -0.000000000000000000, -1.000000000000000000 ) ) ;
#3309 = AXIS2_PLACEMENT_3D ( 'NONE', #158, #3705, #2130 ) ;
#3310 = EDGE_CURVE ( 'NONE', #455, #454, #361, .T. ) ;
#3311 = ADVANCED_FACE ( 'NONE', ( #3478 ), #2829, .F. ) ;
#3312 = CARTESIAN_POINT ( 'NONE',  ( -2.552700000000004632, -32.50000000000000000, -6.249999999999993783 ) ) ;
#3313 = ORIENTED_EDGE ( 'NONE', *, *, #3551, .F. ) ;
#3314 = DIRECTION ( 'NONE',  ( -1.000000000000000000, 0.000000000000000000, 0.000000000000000000 ) ) ;
#3315 = CARTESIAN_POINT ( 'NONE',  ( 1.343777801166517571, 22.30990650170218359, -18.40228259722650961 ) ) ;
#3316 = AXIS2_PLACEMENT_3D ( 'NONE', #145, #185, #3694 ) ;
#3317 = EDGE_CURVE ( 'NONE', #2270, #2262, #3671, .T. ) ;
#3318 = ORIENTED_EDGE ( 'NONE', *, *, #964, .T. ) ;
#3319 = CARTESIAN_POINT ( 'NONE',  ( 2.598867966010965258, 27.08902981949735178, -14.62017571105132241 ) ) ;
#3320 = CIRCLE ( 'NONE', #627, 6.000000000000000000 ) ;
#3321 = CARTESIAN_POINT ( 'NONE',  ( 1.470310569651714028, -23.34814001329175426, -17.59028546945207694 ) ) ;
#3322 = VECTOR ( 'NONE', #1370, 1000.000000000000000 ) ;
#3323 = CARTESIAN_POINT ( 'NONE',  ( -13.68566768557530189, -35.45000000000000995, 0.000000000000000000 ) ) ;
#3324 = DIRECTION ( 'NONE',  ( 0.000000000000000000, 0.000000000000000000, -1.000000000000000000 ) ) ;
#3325 = CARTESIAN_POINT ( 'NONE',  ( -22.19595719145662471, -17.12869224796698120, -13.98053412211353574 ) ) ;
#3326 = LINE ( 'NONE', #3933, #740 ) ;
#3327 = VERTEX_POINT ( 'NONE', #3759 ) ;
#3328 = CIRCLE ( 'NONE', #2644, 30.00000000000000355 ) ;
#3329 = ORIENTED_EDGE ( 'NONE', *, *, #1460, .F. ) ;
#3330 = DIRECTION ( 'NONE',  ( -0.000000000000000000, -0.000000000000000000, -1.000000000000000000 ) ) ;
#3331 = AXIS2_PLACEMENT_3D ( 'NONE', #539, #1009, #3574 ) ;
#3332 = CARTESIAN_POINT ( 'NONE',  ( -28.14582562299424850, 16.25000000000000711, -6.249999999999993783 ) ) ;
#3333 = ORIENTED_EDGE ( 'NONE', *, *, #3079, .F. ) ;
#3334 = CARTESIAN_POINT ( 'NONE',  ( 2.924422898563301843, -27.24904293511953313, -14.47149204877384676 ) ) ;
#3335 = DIRECTION ( 'NONE',  ( 0.000000000000000000, 0.000000000000000000, -1.000000000000000000 ) ) ;
#3336 = CARTESIAN_POINT ( 'NONE',  ( -17.50000000000000000, 2.143131898507868248E-15, 0.000000000000000000 ) ) ;
#3337 = CARTESIAN_POINT ( 'NONE',  ( -22.37785951953074104, 18.39169050088635871, -13.25680653369183837 ) ) ;
#3338 = ORIENTED_EDGE ( 'NONE', *, *, #2192, .T. ) ;
#3339 = ADVANCED_FACE ( 'NONE', ( #2469 ), #3142, .F. ) ;
#3340 = DIRECTION ( 'NONE',  ( 0.8571673007021113344, 1.049727191138617463E-16, -0.5150380749100558209 ) ) ;
#3341 = ADVANCED_FACE ( 'NONE', ( #2154, #3255 ), #1205, .T. ) ;
#3342 = ORIENTED_EDGE ( 'NONE', *, *, #1222, .T. ) ;
#3343 = CARTESIAN_POINT ( 'NONE',  ( 22.28504596091570988, 17.53501430053232113, -6.249999999999993783 ) ) ;
#3344 = CARTESIAN_POINT ( 'NONE',  ( 0.7337453331937392464, -24.31255348522931570, -16.86760974974749772 ) ) ;
#3345 = ADVANCED_FACE ( 'NONE', ( #2198 ), #694, .F. ) ;
#3346 = DIRECTION ( 'NONE',  ( 0.000000000000000000, 0.000000000000000000, -1.000000000000000000 ) ) ;
#3347 = DIRECTION ( 'NONE',  ( 1.000000000000000000, 0.000000000000000000, 0.000000000000000000 ) ) ;
#3348 = DIRECTION ( 'NONE',  ( 1.000000000000000000, 0.000000000000000000, 0.000000000000000000 ) ) ;
#3349 = ORIENTED_EDGE ( 'NONE', *, *, #1650, .F. ) ;
#3350 = ORIENTED_EDGE ( 'NONE', *, *, #452, .T. ) ;
#3351 = DIRECTION ( 'NONE',  ( -0.000000000000000000, -0.000000000000000000, 1.000000000000000000 ) ) ;
#3352 = ORIENTED_EDGE ( 'NONE', *, *, #3017, .T. ) ;
#3353 = CARTESIAN_POINT ( 'NONE',  ( 28.98069340623898071, 7.753670723829877431, -6.249999999999993783 ) ) ;
#3354 = CARTESIAN_POINT ( 'NONE',  ( 2.552699999999984204, -32.50000000000000000, 12.06000000000000583 ) ) ;
#3355 = ORIENTED_EDGE ( 'NONE', *, *, #4156, .F. ) ;
#3356 = CARTESIAN_POINT ( 'NONE',  ( 21.20522252253493534, 21.22118134717710092, -6.249999999999993783 ) ) ;
#3357 = ORIENTED_EDGE ( 'NONE', *, *, #1081, .T. ) ;
#3358 = FACE_OUTER_BOUND ( 'NONE', #3477, .T. ) ;
#3359 = ORIENTED_EDGE ( 'NONE', *, *, #1300, .T. ) ;
#3360 = EDGE_CURVE ( 'NONE', #1939, #806, #3494, .T. ) ;
#3361 = CARTESIAN_POINT ( 'NONE',  ( 4.043244859525934487, 28.06692307692307864, -6.249999999999993783 ) ) ;
#3362 = AXIS2_PLACEMENT_3D ( 'NONE', #3861, #1535, #3187 ) ;
#3363 = CARTESIAN_POINT ( 'NONE',  ( 23.14584259266395350, -12.91023305320800141, -15.17471821226344275 ) ) ;
#3364 = CARTESIAN_POINT ( 'NONE',  ( 0.000000000000000000, 0.000000000000000000, 6.250000000000003553 ) ) ;
#3365 = CARTESIAN_POINT ( 'NONE',  ( 21.50000000000000355, -0.1125700174224012057, -19.06361111111109707 ) ) ;
#3366 = EDGE_CURVE ( 'NONE', #646, #2960, #1772, .T. ) ;
#3367 = EDGE_CURVE ( 'NONE', #3566, #1949, #1239, .T. ) ;
#3368 = CARTESIAN_POINT ( 'NONE',  ( -22.14582562299419521, -16.25000000000012790, -6.249999999999993783 ) ) ;
#3369 = FACE_OUTER_BOUND ( 'NONE', #837, .T. ) ;
#3370 = EDGE_LOOP ( 'NONE', ( #4115, #849 ) ) ;
#3371 = CARTESIAN_POINT ( 'NONE',  ( -22.15804933503972407, 16.68924500257333676, -14.21058502865275841 ) ) ;
#3372 = AXIS2_PLACEMENT_3D ( 'NONE', #3752, #531, #4131 ) ;
#3373 = ORIENTED_EDGE ( 'NONE', *, *, #1604, .F. ) ;
#3374 = CARTESIAN_POINT ( 'NONE',  ( -0.3914483493059883745, -26.50958975622175373, -15.16556875979783392 ) ) ;
#3375 = AXIS2_PLACEMENT_3D ( 'NONE', #1316, #2695, #2969 ) ;
#3376 = FACE_BOUND ( 'NONE', #3011, .T. ) ;
#3377 = B_SPLINE_CURVE_WITH_KNOTS ( 'NONE', 3,
 ( #1972, #1054, #2899, #3264, #2617, #10, #1647, #48, #1100, #764, #2094, #1733, #1487, #432 ),
 .UNSPECIFIED., .F., .F.,
 ( 4, 2, 2, 2, 2, 2, 4 ),
 ( 0.000000000000000000, 0.001057616366208099156, 0.001586424549312148626, 0.002115232732416198313, 0.002644040915520247999, 0.003172849098624297252, 0.004230465464832398360 ),
 .UNSPECIFIED. ) ;
#3378 = ORIENTED_EDGE ( 'NONE', *, *, #2919, .F. ) ;
#3379 = CARTESIAN_POINT ( 'NONE',  ( -28.14582562299419166, -16.25000000000012790, -6.249999999999993783 ) ) ;
#3380 = AXIS2_PLACEMENT_3D ( 'NONE', #3642, #707, #2981 ) ;
#3381 = ORIENTED_EDGE ( 'NONE', *, *, #1088, .F. ) ;
#3382 = CARTESIAN_POINT ( 'NONE',  ( -22.26024484297554551, 19.38747704526277005, -12.82696809272965055 ) ) ;
#3383 = FACE_OUTER_BOUND ( 'NONE', #2124, .T. ) ;
#3384 = AXIS2_PLACEMENT_3D ( 'NONE', #2803, #4138, #3779 ) ;
#3385 = CYLINDRICAL_SURFACE ( 'NONE', #2414, 4.000000000000000000 ) ;
#3386 = CARTESIAN_POINT ( 'NONE',  ( 22.16035400455355386, -15.79520058939557359, -14.62017571105133307 ) ) ;
#3387 = DIRECTION ( 'NONE',  ( 1.000000000000000000, 0.000000000000000000, 0.000000000000000000 ) ) ;
#3388 = CIRCLE ( 'NONE', #1622, 30.00000000000000355 ) ;
#3389 = VECTOR ( 'NONE', #524, 1000.000000000000000 ) ;
#3390 = CARTESIAN_POINT ( 'NONE',  ( -22.28504596091605450, -17.53501430053193388, -13.73065561476728824 ) ) ;
#3391 = CARTESIAN_POINT ( 'NONE',  ( -1.192622389734054720E-14, -32.50000000000000000, 12.06000000000000583 ) ) ;
#3392 = ORIENTED_EDGE ( 'NONE', *, *, #320, .T. ) ;
#3393 = ORIENTED_EDGE ( 'NONE', *, *, #3856, .F. ) ;
#3394 = EDGE_CURVE ( 'NONE', #959, #2683, #858, .T. ) ;
#3395 = EDGE_CURVE ( 'NONE', #1328, #2931, #4125, .T. ) ;
#3396 = VECTOR ( 'NONE', #1540, 1000.000000000000000 ) ;
#3397 = VECTOR ( 'NONE', #1787, 1000.000000000000000 ) ;
#3398 = AXIS2_PLACEMENT_3D ( 'NONE', #1556, #2209, #2294 ) ;
#3399 = FACE_OUTER_BOUND ( 'NONE', #2792, .T. ) ;
#3400 = ORIENTED_EDGE ( 'NONE', *, *, #3211, .T. ) ;
#3401 = CARTESIAN_POINT ( 'NONE',  ( -3.518743707994694159, -27.62743460251532568, -14.12528043549501788 ) ) ;
#3402 = EDGE_CURVE ( 'NONE', #3632, #2747, #4105, .T. ) ;
#3403 = VECTOR ( 'NONE', #1514, 1000.000000000000000 ) ;
#3404 = CARTESIAN_POINT ( 'NONE',  ( -1.242391057851019776, -22.15444571438554533, -18.52755608392025266 ) ) ;
#3405 = ORIENTED_EDGE ( 'NONE', *, *, #2790, .T. ) ;
#3406 = CARTESIAN_POINT ( 'NONE',  ( 23.85776672137069454, 29.57713588345999867, 0.000000000000000000 ) ) ;
#3407 = ORIENTED_EDGE ( 'NONE', *, *, #3495, .T. ) ;
#3408 = DIRECTION ( 'NONE',  ( 1.000000000000000000, 0.000000000000000000, 0.000000000000000000 ) ) ;
#3409 = VECTOR ( 'NONE', #3171, 1000.000000000000000 ) ;
#3410 = ORIENTED_EDGE ( 'NONE', *, *, #3856, .T. ) ;
#3411 = CARTESIAN_POINT ( 'NONE',  ( 0.000000000000000000, 24.50000000000000355, -10.07749999999998458 ) ) ;
#3412 = CARTESIAN_POINT ( 'NONE',  ( 32.17337224468786872, 11.80265604994570694, -23.22056274847715684 ) ) ;
#3413 = DIRECTION ( 'NONE',  ( 0.000000000000000000, 0.000000000000000000, 1.000000000000000000 ) ) ;
#3414 = FACE_OUTER_BOUND ( 'NONE', #2356, .T. ) ;
#3415 = DIRECTION ( 'NONE',  ( -0.000000000000000000, -0.000000000000000000, -1.000000000000000000 ) ) ;
#3416 = CYLINDRICAL_SURFACE ( 'NONE', #3849, 5.999999999999998224 ) ;
#3417 = VERTEX_POINT ( 'NONE', #2482 ) ;
#3418 = CARTESIAN_POINT ( 'NONE',  ( -22.63740647104332382, -1.466453978196354591, -18.14210444003890288 ) ) ;
#3419 = ADVANCED_FACE ( 'NONE', ( #3772 ), #2164, .F. ) ;
#3420 = ORIENTED_EDGE ( 'NONE', *, *, #2947, .T. ) ;
#3421 = CARTESIAN_POINT ( 'NONE',  ( 24.06460846683090082, 1.061162563526936387, -17.05080088388870152 ) ) ;
#3422 = CARTESIAN_POINT ( 'NONE',  ( -25.59312562299426119, -16.24999999999999645, 12.06000000000000583 ) ) ;
#3423 = ADVANCED_FACE ( 'NONE', ( #2570 ), #971, .F. ) ;
#3424 = ORIENTED_EDGE ( 'NONE', *, *, #4027, .T. ) ;
#3425 = CARTESIAN_POINT ( 'NONE',  ( -2.552699999999991753, 32.50000000000000000, 12.06000000000000583 ) ) ;
#3426 = CARTESIAN_POINT ( 'NONE',  ( 3.984302198030716898E-15, 32.50000000000000000, -6.249999999999992006 ) ) ;
#3427 = DIRECTION ( 'NONE',  ( -0.000000000000000000, -0.000000000000000000, 1.000000000000000000 ) ) ;
#3428 = CARTESIAN_POINT ( 'NONE',  ( -22.54987991837959527, 14.07912219377302065, -15.10963703241662337 ) ) ;
#3429 = CARTESIAN_POINT ( 'NONE',  ( -28.07089145255095275, 9.421767965293588176, -12.75623029306150080 ) ) ;
#3430 = DIRECTION ( 'NONE',  ( 1.000000000000000000, 0.000000000000000000, 0.000000000000000000 ) ) ;
#3431 = EDGE_LOOP ( 'NONE', ( #2645, #1153, #1802 ) ) ;
#3432 = DIRECTION ( 'NONE',  ( 1.000000000000000000, 0.000000000000000000, 0.000000000000000000 ) ) ;
#3433 = ORIENTED_EDGE ( 'NONE', *, *, #1273, .T. ) ;
#3434 = ORIENTED_EDGE ( 'NONE', *, *, #1891, .F. ) ;
#3435 = CARTESIAN_POINT ( 'NONE',  ( -3.793061268005835984, -27.83873991251989466, -13.93406334752090991 ) ) ;
#3436 = CIRCLE ( 'NONE', #3027, 19.00000000000000000 ) ;
#3437 = CARTESIAN_POINT ( 'NONE',  ( -7.775470883703708758, 28.97485207100591964, -12.45249999999997748 ) ) ;
#3438 = ORIENTED_EDGE ( 'NONE', *, *, #1479, .T. ) ;
#3439 = ORIENTED_EDGE ( 'NONE', *, *, #651, .T. ) ;
#3440 = AXIS2_PLACEMENT_3D ( 'NONE', #4062, #2483, #859 ) ;
#3441 = EDGE_CURVE ( 'NONE', #3209, #1572, #1911, .T. ) ;
#3442 = EDGE_CURVE ( 'NONE', #770, #1282, #2886, .T. ) ;
#3443 = CARTESIAN_POINT ( 'NONE',  ( 22.28504596091570633, 17.53501430053232113, -13.73065561476731489 ) ) ;
#3444 = DIRECTION ( 'NONE',  ( 0.000000000000000000, 0.000000000000000000, 1.000000000000000000 ) ) ;
#3445 = CARTESIAN_POINT ( 'NONE',  ( 24.75922197056410923, 11.29382923010208017, -14.62017571105136149 ) ) ;
#3446 = EDGE_CURVE ( 'NONE', #3980, #917, #4061, .T. ) ;
#3447 = VECTOR ( 'NONE', #1993, 1000.000000000000000 ) ;
#3448 = CARTESIAN_POINT ( 'NONE',  ( -22.14582562299429114, 16.24999999999993960, -14.42170494256398428 ) ) ;
#3449 = CARTESIAN_POINT ( 'NONE',  ( -22.67541503524150670, -13.77977206724218817, -15.14862000072680814 ) ) ;
#3450 = AXIS2_PLACEMENT_3D ( 'NONE', #89, #1298, #1381 ) ;
#3451 = CARTESIAN_POINT ( 'NONE',  ( 28.14582562299439417, -16.24999999999975131, -20.95249999999998991 ) ) ;
#3452 = ORIENTED_EDGE ( 'NONE', *, *, #2897, .F. ) ;
#3453 = AXIS2_PLACEMENT_3D ( 'NONE', #1198, #1560, #4132 ) ;
#3454 = LINE ( 'NONE', #886, #4129 ) ;
#3455 = CARTESIAN_POINT ( 'NONE',  ( -29.00000000000000000, 3.551475717527324030E-15, 12.45250000000002721 ) ) ;
#3456 = AXIS2_PLACEMENT_3D ( 'NONE', #1654, #3958, #1309 ) ;
#3457 = ORIENTED_EDGE ( 'NONE', *, *, #906, .F. ) ;
#3458 = CARTESIAN_POINT ( 'NONE',  ( -24.50000000000000000, 1.836970198721030674E-16, -20.95249999999998991 ) ) ;
#3459 = DIRECTION ( 'NONE',  ( -1.000000000000000000, 0.000000000000000000, 0.000000000000000000 ) ) ;
#3460 = AXIS2_PLACEMENT_3D ( 'NONE', #2205, #252, #3502 ) ;
#3461 = CYLINDRICAL_SURFACE ( 'NONE', #529, 4.000000000000000000 ) ;
#3462 = ORIENTED_EDGE ( 'NONE', *, *, #1348, .T. ) ;
#3463 = VECTOR ( 'NONE', #664, 1000.000000000000000 ) ;
#3464 = CARTESIAN_POINT ( 'NONE',  ( -1.500000000000000444, 23.00000000000000000, -17.85894133304158871 ) ) ;
#3465 = ORIENTED_EDGE ( 'NONE', *, *, #2136, .T. ) ;
#3466 = AXIS2_PLACEMENT_3D ( 'NONE', #3058, #1128, #3144 ) ;
#3467 = LINE ( 'NONE', #594, #4103 ) ;
#3468 = EDGE_CURVE ( 'NONE', #2551, #780, #1271, .T. ) ;
#3469 = EDGE_CURVE ( 'NONE', #2551, #3122, #2781, .T. ) ;
#3470 = CARTESIAN_POINT ( 'NONE',  ( -29.39999999999999503, 3.600461589493217458E-15, 19.45250000000001123 ) ) ;
#3471 = CARTESIAN_POINT ( 'NONE',  ( 0.000000000000000000, 23.00000000000000000, -20.95249999999998991 ) ) ;
#3472 = CIRCLE ( 'NONE', #1450, 8.000000000000000000 ) ;
#3473 = CARTESIAN_POINT ( 'NONE',  ( -22.98312194246993201, 13.18827999810548768, -15.17652660892946770 ) ) ;
#3474 = CARTESIAN_POINT ( 'NONE',  ( 6.376522605984961345, 29.09878145099793656, -12.61675967384448782 ) ) ;
#3475 = ADVANCED_FACE ( 'NONE', ( #3898 ), #970, .T. ) ;
#3476 = CARTESIAN_POINT ( 'NONE',  ( 22.34547210530402594, 17.81060992459836001, -13.56117078681357846 ) ) ;
#3477 = EDGE_LOOP ( 'NONE', ( #1743, #1898, #3400, #2827 ) ) ;
#3478 = FACE_OUTER_BOUND ( 'NONE', #3287, .T. ) ;
#3479 = PRODUCT_DEFINITION_CONTEXT ( 'detailed design', #538, 'design' ) ;
#3480 = ORIENTED_EDGE ( 'NONE', *, *, #2967, .F. ) ;
#3481 = ORIENTED_EDGE ( 'NONE', *, *, #1308, .F. ) ;
#3482 = CARTESIAN_POINT ( 'NONE',  ( -24.49999999999999645, 0.1127903156886983921, -16.73027777777775782 ) ) ;
#3483 = CARTESIAN_POINT ( 'NONE',  ( 3.984302198030716898E-15, 32.50000000000000000, -6.249999999999993783 ) ) ;
#3484 = EDGE_LOOP ( 'NONE', ( #4041, #3768, #2011, #1784 ) ) ;
#3485 = CARTESIAN_POINT ( 'NONE',  ( 26.32829082044181490, 10.53190877639176293, -13.73065561476731489 ) ) ;
#3486 = ORIENTED_EDGE ( 'NONE', *, *, #2194, .T. ) ;
#3487 = CARTESIAN_POINT ( 'NONE',  ( -21.20522252253546824, 21.22118134717656801, -12.45249999999997748 ) ) ;
#3488 = DIRECTION ( 'NONE',  ( 0.7893522173763264371, 0.000000000000000000, 0.6139406135149202415 ) ) ;
#3489 = DIRECTION ( 'NONE',  ( -1.000000000000000000, 0.000000000000000000, 0.000000000000000000 ) ) ;
#3490 = CARTESIAN_POINT ( 'NONE',  ( -7.775470883703709646, 28.97485207100592319, 0.000000000000000000 ) ) ;
#3491 = LINE ( 'NONE', #1510, #2480 ) ;
#3492 = DIRECTION ( 'NONE',  ( -0.000000000000000000, -0.000000000000000000, -1.000000000000000000 ) ) ;
#3493 = ORIENTED_EDGE ( 'NONE', *, *, #3212, .F. ) ;
#3494 = LINE ( 'NONE', #601, #3931 ) ;
#3495 = EDGE_CURVE ( 'NONE', #2585, #135, #2921, .T. ) ;
#3496 = EDGE_CURVE ( 'NONE', #587, #588, #2048, .T. ) ;
#3497 = CARTESIAN_POINT ( 'NONE',  ( 0.000000000000000000, 0.000000000000000000, 11.45250000000002011 ) ) ;
#3498 = LINE ( 'NONE', #1280, #2147 ) ;
#3499 = CARTESIAN_POINT ( 'NONE',  ( 3.984302198030716898E-15, 32.50000000000000000, -6.249999999999993783 ) ) ;
#3500 = ORIENTED_EDGE ( 'NONE', *, *, #2170, .F. ) ;
#3501 = VERTEX_POINT ( 'NONE', #1089 ) ;
#3502 = DIRECTION ( 'NONE',  ( -1.000000000000000000, 0.000000000000000000, 0.000000000000000000 ) ) ;
#3503 = CIRCLE ( 'NONE', #1668, 8.000000000000000000 ) ;
#3504 = ORIENTED_EDGE ( 'NONE', *, *, #1327, .T. ) ;
#3505 = AXIS2_PLACEMENT_3D ( 'NONE', #3668, #2681, #3068 ) ;
#3506 = EDGE_LOOP ( 'NONE', ( #1389, #715, #4139, #3349 ) ) ;
#3507 = VECTOR ( 'NONE', #615, 1000.000000000000000 ) ;
#3508 = ORIENTED_EDGE ( 'NONE', *, *, #2716, .F. ) ;
#3509 = DIRECTION ( 'NONE',  ( -0.000000000000000000, -0.000000000000000000, 1.000000000000000000 ) ) ;
#3510 = CARTESIAN_POINT ( 'NONE',  ( -22.31615312848433774, -19.11046247587740865, -12.93449815022521854 ) ) ;
#3511 = VECTOR ( 'NONE', #1903, 1000.000000000000000 ) ;
#3512 = DIRECTION ( 'NONE',  ( 0.000000000000000000, 0.000000000000000000, 1.000000000000000000 ) ) ;
#3513 = AXIS2_PLACEMENT_3D ( 'NONE', #933, #3203, #506 ) ;
#3514 = DIRECTION ( 'NONE',  ( -1.000000000000000000, 0.000000000000000000, 0.000000000000000000 ) ) ;
#3515 = CARTESIAN_POINT ( 'NONE',  ( -22.14582562299419521, -15.94898813142415683, -14.56020911825026865 ) ) ;
#3516 = CARTESIAN_POINT ( 'NONE',  ( -28.38854525872807599, -9.027160160910387532, -12.61675967384448782 ) ) ;
#3517 = VERTEX_POINT ( 'NONE', #1027 ) ;
#3518 = AXIS2_PLACEMENT_3D ( 'NONE', #3281, #2641, #723 ) ;
#3519 = CIRCLE ( 'NONE', #1223, 4.000000000000000000 ) ;
#3520 = CARTESIAN_POINT ( 'NONE',  ( 0.000000000000000000, 0.000000000000000000, -6.249999999999993783 ) ) ;
#3521 = DIRECTION ( 'NONE',  ( -0.8571673007021113344, 0.000000000000000000, -0.5150380749100558209 ) ) ;
#3522 = VERTEX_POINT ( 'NONE', #3613 ) ;
#3523 = EDGE_CURVE ( 'NONE', #4093, #1044, #3603, .T. ) ;
#3524 = EDGE_CURVE ( 'NONE', #1901, #408, #3656, .T. ) ;
#3525 = ORIENTED_EDGE ( 'NONE', *, *, #1534, .T. ) ;
#3526 = DIRECTION ( 'NONE',  ( 0.000000000000000000, 0.000000000000000000, -1.000000000000000000 ) ) ;
#3527 = FACE_OUTER_BOUND ( 'NONE', #1885, .T. ) ;
#3528 = EDGE_LOOP ( 'NONE', ( #2175, #4146, #3771, #3675 ) ) ;
#3529 = CIRCLE ( 'NONE', #1696, 17.50000000000000355 ) ;
#3530 = ORIENTED_EDGE ( 'NONE', *, *, #268, .T. ) ;
#3531 = CARTESIAN_POINT ( 'NONE',  ( -13.68566768557529478, 35.45000000000000995, -6.249999999999993783 ) ) ;
#3532 = CYLINDRICAL_SURFACE ( 'NONE', #1139, 27.50000000000000355 ) ;
#3533 = CIRCLE ( 'NONE', #3398, 8.000000000000003553 ) ;
#3534 = CARTESIAN_POINT ( 'NONE',  ( -5.088554766783045302, 28.75895860055526043, -13.07056799948433223 ) ) ;
#3535 = CIRCLE ( 'NONE', #3795, 1.500000000000000444 ) ;
#3536 = DIRECTION ( 'NONE',  ( 1.000000000000000000, 0.000000000000000000, 0.000000000000000000 ) ) ;
#3537 = CARTESIAN_POINT ( 'NONE',  ( 0.1960693084956252885, 26.49999789859329979, -15.17472422670867260 ) ) ;
#3538 = CARTESIAN_POINT ( 'NONE',  ( -28.75157537135646990, -8.425753111913021343, -12.48454517327947499 ) ) ;
#3539 = ORIENTED_EDGE ( 'NONE', *, *, #4054, .F. ) ;
#3540 = FACE_OUTER_BOUND ( 'NONE', #1224, .T. ) ;
#3541 = CARTESIAN_POINT ( 'NONE',  ( -2.552700000000007741, -32.50000000000000000, 12.06000000000000583 ) ) ;
#3542 = DIRECTION ( 'NONE',  ( -1.000000000000000000, 0.000000000000000000, 0.000000000000000000 ) ) ;
#3543 = ORIENTED_EDGE ( 'NONE', *, *, #347, .F. ) ;
#3544 = ORIENTED_EDGE ( 'NONE', *, *, #1112, .F. ) ;
#3545 = DIRECTION ( 'NONE',  ( 0.000000000000000000, 0.000000000000000000, -1.000000000000000000 ) ) ;
#3546 = DIRECTION ( 'NONE',  ( -0.000000000000000000, -0.000000000000000000, -1.000000000000000000 ) ) ;
#3547 = ADVANCED_FACE ( 'NONE', ( #1721 ), #2379, .F. ) ;
#3548 = ORIENTED_EDGE ( 'NONE', *, *, #267, .T. ) ;
#3549 = CARTESIAN_POINT ( 'NONE',  ( 0.000000000000000000, 23.00000000000000000, -20.95249999999998991 ) ) ;
#3550 = EDGE_CURVE ( 'NONE', #210, #2287, #2381, .T. ) ;
#3551 = EDGE_CURVE ( 'NONE', #3122, #3517, #1099, .T. ) ;
#3552 = VERTEX_POINT ( 'NONE', #1590 ) ;
#3553 = DIRECTION ( 'NONE',  ( 1.000000000000000000, 0.000000000000000000, 0.000000000000000000 ) ) ;
#3554 = CARTESIAN_POINT ( 'NONE',  ( 28.14582562299426627, -16.24999999999999289, 12.06000000000000583 ) ) ;
#3555 = CARTESIAN_POINT ( 'NONE',  ( 1.911750967521481659, 26.80046565089361721, -14.88966685655228694 ) ) ;
#3556 = LINE ( 'NONE', #3600, #2836 ) ;
#3557 = EDGE_LOOP ( 'NONE', ( #519, #1095, #2988, #3439 ) ) ;
#3558 = CARTESIAN_POINT ( 'NONE',  ( 28.14582562299425561, -16.24999999999999645, -23.22056274847715684 ) ) ;
#3559 = APPLICATION_CONTEXT ( 'automotive_design' ) ;
#3560 = CARTESIAN_POINT ( 'NONE',  ( 0.000000000000000000, 0.000000000000000000, 11.45250000000002011 ) ) ;
#3561 = ORIENTED_EDGE ( 'NONE', *, *, #2051, .T. ) ;
#3562 = VERTEX_POINT ( 'NONE', #931 ) ;
#3563 = CARTESIAN_POINT ( 'NONE',  ( -26.30808609372701667, -21.96162966434000552, 6.250000000000005329 ) ) ;
#3564 = AXIS2_PLACEMENT_3D ( 'NONE', #1596, #1853, #1576 ) ;
#3565 = CARTESIAN_POINT ( 'NONE',  ( 21.20522252253493534, 21.22118134717710092, -12.45249999999997748 ) ) ;
#3566 = VERTEX_POINT ( 'NONE', #2556 ) ;
#3567 = CARTESIAN_POINT ( 'NONE',  ( -1.336896115596105217, 23.68656662227869703, -17.33367159862181239 ) ) ;
#3568 = ORIENTED_EDGE ( 'NONE', *, *, #2273, .T. ) ;
#3569 = CARTESIAN_POINT ( 'NONE',  ( 34.14582562299427337, 16.25000000000000000, -23.22056274847715684 ) ) ;
#3570 = CARTESIAN_POINT ( 'NONE',  ( 25.59312562299426830, 16.25000000000000000, -6.249999999999994671 ) ) ;
#3571 = ADVANCED_FACE ( 'NONE', ( #3540, #1607 ), #1866, .F. ) ;
#3572 = CARTESIAN_POINT ( 'NONE',  ( 4.043244859526122781, -28.06692307692305022, -20.95249999999998991 ) ) ;
#3573 = EDGE_CURVE ( 'NONE', #103, #2140, #3454, .T. ) ;
#3574 = DIRECTION ( 'NONE',  ( -1.000000000000000000, 0.000000000000000000, 0.000000000000000000 ) ) ;
#3575 = AXIS2_PLACEMENT_3D ( 'NONE', #1926, #1623, #3599 ) ;
#3576 = DIRECTION ( 'NONE',  ( -1.000000000000000000, 0.000000000000000000, 0.000000000000000000 ) ) ;
#3577 = DIRECTION ( 'NONE',  ( -0.000000000000000000, -0.000000000000000000, 1.000000000000000000 ) ) ;
#3578 = EDGE_CURVE ( 'NONE', #1669, #2739, #3809, .T. ) ;
#3579 = AXIS2_PLACEMENT_3D ( 'NONE', #553, #1832, #2820 ) ;
#3580 = CARTESIAN_POINT ( 'NONE',  ( -23.00000000000000000, 0.000000000000000000, -10.07749999999998458 ) ) ;
#3581 = DIRECTION ( 'NONE',  ( 1.000000000000000000, 0.000000000000000000, 0.000000000000000000 ) ) ;
#3582 = VECTOR ( 'NONE', #793, 1000.000000000000000 ) ;
#3583 = CARTESIAN_POINT ( 'NONE',  ( 13.68566768557530189, -35.45000000000000995, -6.249999999999993783 ) ) ;
#3584 = ORIENTED_EDGE ( 'NONE', *, *, #111, .T. ) ;
#3585 = ORIENTED_EDGE ( 'NONE', *, *, #2789, .T. ) ;
#3586 = CIRCLE ( 'NONE', #2495, 42.49999999999999289 ) ;
#3587 = CARTESIAN_POINT ( 'NONE',  ( -22.28504596091605450, -17.53501430053193388, -20.95249999999998991 ) ) ;
#3588 = AXIS2_PLACEMENT_3D ( 'NONE', #3948, #2576, #975 ) ;
#3589 = ORIENTED_EDGE ( 'NONE', *, *, #3107, .T. ) ;
#3590 = CARTESIAN_POINT ( 'NONE',  ( 28.14582562299425916, 16.25000000000000000, 12.06000000000000583 ) ) ;
#3591 = CIRCLE ( 'NONE', #291, 42.49999999999999289 ) ;
#3592 = CARTESIAN_POINT ( 'NONE',  ( 18.37785951953027563, 18.39169050088682056, -6.249999999999993783 ) ) ;
#3593 = CARTESIAN_POINT ( 'NONE',  ( 22.32644241927937401, -19.11264339691610203, -12.92824923591618713 ) ) ;
#3594 = AXIS2_PLACEMENT_3D ( 'NONE', #3323, #1383, #2660 ) ;
#3595 = DIRECTION ( 'NONE',  ( 1.000000000000000000, 0.000000000000000000, 0.000000000000000000 ) ) ;
#3596 = CIRCLE ( 'NONE', #1567, 1.500000000000001332 ) ;
#3597 = ORIENTED_EDGE ( 'NONE', *, *, #3749, .F. ) ;
#3598 = EDGE_CURVE ( 'NONE', #943, #2473, #1024, .T. ) ;
#3599 = DIRECTION ( 'NONE',  ( -1.000000000000000000, 5.329070518200750605E-15, 0.000000000000000000 ) ) ;
#3600 = CARTESIAN_POINT ( 'NONE',  ( 7.775470883703911262, -28.97485207100586635, 0.000000000000000000 ) ) ;
#3601 = EDGE_CURVE ( 'NONE', #434, #2064, #3652, .T. ) ;
#3602 = DIRECTION ( 'NONE',  ( 0.000000000000000000, 0.000000000000000000, 1.000000000000000000 ) ) ;
#3603 = CIRCLE ( 'NONE', #3128, 34.50000000000000711 ) ;
#3604 = CARTESIAN_POINT ( 'NONE',  ( -29.63955347916789407, 4.636471670952648338, 6.250000000000003553 ) ) ;
#3605 = ORIENTED_EDGE ( 'NONE', *, *, #523, .F. ) ;
#3606 = EDGE_LOOP ( 'NONE', ( #4030, #3834, #1517, #517 ) ) ;
#3607 = CARTESIAN_POINT ( 'NONE',  ( 21.99273739316167564, 20.12422386428065124, -12.60069590735985123 ) ) ;
#3608 = AXIS2_PLACEMENT_3D ( 'NONE', #3721, #1116, #1484 ) ;
#3609 = CARTESIAN_POINT ( 'NONE',  ( -24.50000000000000000, 3.000384657918928138E-15, -16.73027777777775782 ) ) ;
#3610 = ORIENTED_EDGE ( 'NONE', *, *, #4126, .F. ) ;
#3611 = CARTESIAN_POINT ( 'NONE',  ( 1.544189061540278685, -26.69899590541489687, -14.98570644459167944 ) ) ;
#3612 = DIRECTION ( 'NONE',  ( 1.000000000000000000, 0.000000000000000000, 0.000000000000000000 ) ) ;
#3613 = CARTESIAN_POINT ( 'NONE',  ( 4.043244859526122781, -28.06692307692305022, -13.73065561476729535 ) ) ;
#3614 = CARTESIAN_POINT ( 'NONE',  ( -26.32829082044207780, 10.53190877639118384, -20.95249999999998991 ) ) ;
#3615 = FACE_OUTER_BOUND ( 'NONE', #3224, .T. ) ;
#3616 = CARTESIAN_POINT ( 'NONE',  ( -32.17337224468786161, 11.80265604994572648, 6.250000000000005329 ) ) ;
#3617 = B_SPLINE_CURVE_WITH_KNOTS ( 'NONE', 3,
 ( #2785, #1184, #3476, #1260 ),
 .UNSPECIFIED., .F., .F.,
 ( 4, 4 ),
 ( 0.003255510248279661241, 0.004230465464832433922 ),
 .UNSPECIFIED. ) ;
#3618 = VERTEX_POINT ( 'NONE', #2007 ) ;
#3619 = CARTESIAN_POINT ( 'NONE',  ( -23.88853197398948325, -12.01902034247254214, -14.98705974514738415 ) ) ;
#3620 = FACE_OUTER_BOUND ( 'NONE', #1768, .T. ) ;
#3621 = DIRECTION ( 'NONE',  ( 1.000000000000000000, 0.000000000000000000, 0.000000000000000000 ) ) ;
#3622 = CARTESIAN_POINT ( 'NONE',  ( 30.00000000000000355, 0.000000000000000000, 0.000000000000000000 ) ) ;
#3623 = ORIENTED_EDGE ( 'NONE', *, *, #1134, .F. ) ;
#3624 = EDGE_CURVE ( 'NONE', #2960, #173, #3596, .T. ) ;
#3625 = LINE ( 'NONE', #14, #2578 ) ;
#3626 = EDGE_CURVE ( 'NONE', #1131, #587, #1234, .T. ) ;
#3627 = CARTESIAN_POINT ( 'NONE',  ( -28.14582562299425561, -16.24999999999999645, -6.249999999999994671 ) ) ;
#3628 = ORIENTED_EDGE ( 'NONE', *, *, #1008, .F. ) ;
#3629 = CARTESIAN_POINT ( 'NONE',  ( 0.5345459127914345965, 24.40559917084619102, -16.79930167765919791 ) ) ;
#3630 = ADVANCED_FACE ( 'NONE', ( #2364 ), #364, .F. ) ;
#3631 = CARTESIAN_POINT ( 'NONE',  ( 18.37785951953085828, -18.39169050088623791, -6.249999999999993783 ) ) ;
#3632 = VERTEX_POINT ( 'NONE', #93 ) ;
#3633 = CARTESIAN_POINT ( 'NONE',  ( 0.000000000000000000, 0.000000000000000000, -6.249999999999993783 ) ) ;
#3634 = EDGE_LOOP ( 'NONE', ( #3161, #3393, #3659, #3584 ) ) ;
#3635 = CYLINDRICAL_SURFACE ( 'NONE', #1376, 27.50000000000000355 ) ;
#3636 = CARTESIAN_POINT ( 'NONE',  ( 29.00000000000000000, 0.000000000000000000, 19.05250000000001265 ) ) ;
#3637 = ORIENTED_EDGE ( 'NONE', *, *, #3850, .F. ) ;
#3638 = CARTESIAN_POINT ( 'NONE',  ( 30.00000000000000355, 0.000000000000000000, -12.45249999999997748 ) ) ;
#3639 = LINE ( 'NONE', #363, #550 ) ;
#3640 = VECTOR ( 'NONE', #2342, 1000.000000000000000 ) ;
#3641 = DIRECTION ( 'NONE',  ( -0.000000000000000000, -0.000000000000000000, 1.000000000000000000 ) ) ;
#3642 = CARTESIAN_POINT ( 'NONE',  ( -23.85776672137069454, 29.57713588346000222, 6.250000000000003553 ) ) ;
#3643 = ORIENTED_EDGE ( 'NONE', *, *, #2756, .T. ) ;
#3644 = ORIENTED_EDGE ( 'NONE', *, *, #3601, .T. ) ;
#3645 = CIRCLE ( 'NONE', #207, 30.00000000000000355 ) ;
#3646 = LINE ( 'NONE', #386, #3463 ) ;
#3647 = EDGE_CURVE ( 'NONE', #742, #526, #701, .T. ) ;
#3648 = ADVANCED_FACE ( 'NONE', ( #3000, #112 ), #2680, .F. ) ;
#3649 = ORIENTED_EDGE ( 'NONE', *, *, #3877, .F. ) ;
#3650 = CARTESIAN_POINT ( 'NONE',  ( 3.919757922924764770, -27.95429522717089910, -13.83105467629716578 ) ) ;
#3651 = AXIS2_PLACEMENT_3D ( 'NONE', #1321, #70, #3241 ) ;
#3652 = B_SPLINE_CURVE_WITH_KNOTS ( 'NONE', 3,
 ( #705, #2939, #1773, #2283, #47, #1991, #2639, #2306, #1732, #3888, #2032, #2638 ),
 .UNSPECIFIED., .F., .F.,
 ( 4, 2, 2, 2, 2, 4 ),
 ( 2.453269466693398698E-18, 0.001060649322706246371, 0.002121298645412490573, 0.002651623306765614300, 0.003181947968118738028, 0.004242597290824982881 ),
 .UNSPECIFIED. ) ;
#3653 = LINE ( 'NONE', #3312, #4053 ) ;
#3654 = VERTEX_POINT ( 'NONE', #479 ) ;
#3655 = EDGE_CURVE ( 'NONE', #3943, #123, #477, .T. ) ;
#3656 = LINE ( 'NONE', #3336, #3674 ) ;
#3657 = CONICAL_SURFACE ( 'NONE', #1824, 34.50000000000000711, 0.7266423406817251740 ) ;
#3658 = CARTESIAN_POINT ( 'NONE',  ( 0.000000000000000000, 0.000000000000000000, -6.249999999999993783 ) ) ;
#3659 = ORIENTED_EDGE ( 'NONE', *, *, #2400, .T. ) ;
#3660 = CARTESIAN_POINT ( 'NONE',  ( 17.50000000000000000, 0.000000000000000000, 0.000000000000000000 ) ) ;
#3661 = CYLINDRICAL_SURFACE ( 'NONE', #1236, 19.00000000000000000 ) ;
#3662 = CONICAL_SURFACE ( 'NONE', #1497, 2.552699999999995750, 1.029744258676652535 ) ;
#3663 = ORIENTED_EDGE ( 'NONE', *, *, #3367, .F. ) ;
#3664 = CARTESIAN_POINT ( 'NONE',  ( 2.920075549081217137, 27.25539593613543587, -14.46620053625901292 ) ) ;
#3665 = CARTESIAN_POINT ( 'NONE',  ( -22.37785951953074104, 18.39169050088635871, -6.249999999999993783 ) ) ;
#3666 = AXIS2_PLACEMENT_3D ( 'NONE', #1219, #4167, #3794 ) ;
#3667 = CARTESIAN_POINT ( 'NONE',  ( 0.000000000000000000, 0.000000000000000000, 12.45250000000002721 ) ) ;
#3668 = CARTESIAN_POINT ( 'NONE',  ( 0.000000000000000000, 0.000000000000000000, 0.000000000000000000 ) ) ;
#3669 = CYLINDRICAL_SURFACE ( 'NONE', #1146, 30.00000000000000355 ) ;
#3670 = ORIENTED_EDGE ( 'NONE', *, *, #3402, .T. ) ;
#3671 = CIRCLE ( 'NONE', #160, 30.00000000000000355 ) ;
#3672 = ORIENTED_EDGE ( 'NONE', *, *, #447, .T. ) ;
#3673 = CARTESIAN_POINT ( 'NONE',  ( -21.59776137477289026, -0.5430111970292975654, -18.98242550627112379 ) ) ;
#3674 = VECTOR ( 'NONE', #440, 1000.000000000000000 ) ;
#3675 = ORIENTED_EDGE ( 'NONE', *, *, #4023, .F. ) ;
#3676 = AXIS2_PLACEMENT_3D ( 'NONE', #2800, #4084, #1814 ) ;
#3677 = EDGE_CURVE ( 'NONE', #1060, #1204, #765, .T. ) ;
#3678 = CARTESIAN_POINT ( 'NONE',  ( -0.1176509837829682742, -21.50032590367965923, -19.06333994585533986 ) ) ;
#3679 = ORIENTED_EDGE ( 'NONE', *, *, #1308, .T. ) ;
#3680 = CARTESIAN_POINT ( 'NONE',  ( -28.98069340623909795, -7.753670723829444000, -6.249999999999993783 ) ) ;
#3681 = VERTEX_POINT ( 'NONE', #3141 ) ;
#3682 = PRODUCT_CONTEXT ( 'NONE', #3559, 'mechanical' ) ;
#3683 = EDGE_CURVE ( 'NONE', #3417, #3228, #3177, .T. ) ;
#3684 = EDGE_CURVE ( 'NONE', #3223, #1147, #3924, .T. ) ;
#3685 = ORIENTED_EDGE ( 'NONE', *, *, #1633, .T. ) ;
#3686 = CARTESIAN_POINT ( 'NONE',  ( -28.14582562299428758, 16.24999999999993960, -20.95249999999998991 ) ) ;
#3687 = DIRECTION ( 'NONE',  ( -1.000000000000000000, 0.000000000000000000, 0.000000000000000000 ) ) ;
#3688 = DIRECTION ( 'NONE',  ( 0.000000000000000000, 0.000000000000000000, -1.000000000000000000 ) ) ;
#3689 = CARTESIAN_POINT ( 'NONE',  ( 3.984302198030716898E-15, 32.50000000000000000, 12.06000000000000583 ) ) ;
#3690 = ORIENTED_EDGE ( 'NONE', *, *, #1081, .F. ) ;
#3691 = CARTESIAN_POINT ( 'NONE',  ( -24.50000000000000000, 3.000384657918928138E-15, -16.73027777777775782 ) ) ;
#3692 = ORIENTED_EDGE ( 'NONE', *, *, #423, .T. ) ;
#3693 = CARTESIAN_POINT ( 'NONE',  ( 0.000000000000000000, -24.50000000000000355, -10.07749999999998458 ) ) ;
#3694 = DIRECTION ( 'NONE',  ( 1.000000000000000000, 0.000000000000000000, 0.000000000000000000 ) ) ;
#3695 = ORIENTED_EDGE ( 'NONE', *, *, #3700, .T. ) ;
#3696 = CYLINDRICAL_SURFACE ( 'NONE', #2553, 2.552699999999990865 ) ;
#3697 = ORIENTED_EDGE ( 'NONE', *, *, #3050, .T. ) ;
#3698 = FACE_OUTER_BOUND ( 'NONE', #2876, .T. ) ;
#3699 = ADVANCED_FACE ( 'NONE', ( #3399 ), #2040, .F. ) ;
#3700 = EDGE_CURVE ( 'NONE', #857, #2769, #24, .T. ) ;
#3701 = CARTESIAN_POINT ( 'NONE',  ( 22.17705335545653966, -15.61075942878504286, -14.69256639169085688 ) ) ;
#3702 = CARTESIAN_POINT ( 'NONE',  ( 34.50000000000000711, 4.225031457058369711E-15, 19.45250000000001123 ) ) ;
#3703 = CARTESIAN_POINT ( 'NONE',  ( 28.14582562299425916, 16.25000000000000000, -6.249999999999994671 ) ) ;
#3704 = EDGE_CURVE ( 'NONE', #1044, #4093, #1247, .T. ) ;
#3705 = DIRECTION ( 'NONE',  ( -0.000000000000000000, -0.000000000000000000, 1.000000000000000000 ) ) ;
#3706 = VERTEX_POINT ( 'NONE', #3132 ) ;
#3707 = DIRECTION ( 'NONE',  ( 0.000000000000000000, 0.000000000000000000, 1.000000000000000000 ) ) ;
#3708 = VECTOR ( 'NONE', #2420, 1000.000000000000000 ) ;
#3709 = AXIS2_PLACEMENT_3D ( 'NONE', #2940, #2326, #660 ) ;
#3710 = AXIS2_PLACEMENT_3D ( 'NONE', #2958, #2300, #2614 ) ;
#3711 = VERTEX_POINT ( 'NONE', #2464 ) ;
#3712 = CONICAL_SURFACE ( 'NONE', #807, 30.00000000000000355, 0.9097531579442098559 ) ;
#3713 = DIRECTION ( 'NONE',  ( -1.000000000000000000, 0.000000000000000000, 0.000000000000000000 ) ) ;
#3714 = CARTESIAN_POINT ( 'NONE',  ( -1.500000000000000444, -23.00000000000000000, -17.85894133304158515 ) ) ;
#3715 = ORIENTED_EDGE ( 'NONE', *, *, #2099, .F. ) ;
#3716 = LINE ( 'NONE', #815, #4106 ) ;
#3717 = ORIENTED_EDGE ( 'NONE', *, *, #3763, .F. ) ;
#3718 = CIRCLE ( 'NONE', #1619, 2.552699999999994418 ) ;
#3719 = CARTESIAN_POINT ( 'NONE',  ( 2.430787559967269029, 27.01127130130081255, -14.69256639169085510 ) ) ;
#3720 = CARTESIAN_POINT ( 'NONE',  ( -23.85776672137069454, -29.57713588346000222, 6.250000000000003553 ) ) ;
#3721 = CARTESIAN_POINT ( 'NONE',  ( 0.000000000000000000, 0.000000000000000000, 19.45250000000001123 ) ) ;
#3722 = AXIS2_PLACEMENT_3D ( 'NONE', #2938, #3299, #3869 ) ;
#3723 = ADVANCED_FACE ( 'NONE', ( #3106 ), #2422, .T. ) ;
#3724 = DIRECTION ( 'NONE',  ( -1.000000000000000000, 0.000000000000000000, 0.000000000000000000 ) ) ;
#3725 = FACE_OUTER_BOUND ( 'NONE', #2957, .T. ) ;
#3726 = ORIENTED_EDGE ( 'NONE', *, *, #3442, .F. ) ;
#3727 = CARTESIAN_POINT ( 'NONE',  ( -24.06662687951309110, -1.059138235609514256, -17.04930216247710106 ) ) ;
#3728 = EDGE_CURVE ( 'NONE', #1855, #2683, #492, .T. ) ;
#3729 = CIRCLE ( 'NONE', #1096, 5.999999999999998224 ) ;
#3730 = ORIENTED_EDGE ( 'NONE', *, *, #2052, .T. ) ;
#3731 = CARTESIAN_POINT ( 'NONE',  ( 21.50000000000000000, 1.658753602626325943E-22, -19.06361111111108997 ) ) ;
#3732 = CARTESIAN_POINT ( 'NONE',  ( -0.4431988895652196891, -21.56276147439784197, -19.01145978598160724 ) ) ;
#3733 = ORIENTED_EDGE ( 'NONE', *, *, #3076, .T. ) ;
#3734 = ORIENTED_EDGE ( 'NONE', *, *, #240, .T. ) ;
#3735 = DIRECTION ( 'NONE',  ( -0.7071067811865474617, 8.659560562354932858E-17, 0.7071067811865474617 ) ) ;
#3736 = CARTESIAN_POINT ( 'NONE',  ( 1.344663564817615731, -23.68912592284451435, -17.33138585588085334 ) ) ;
#3737 = DIRECTION ( 'NONE',  ( 1.000000000000000000, 0.000000000000000000, 0.000000000000000000 ) ) ;
#3738 = CARTESIAN_POINT ( 'NONE',  ( -30.69852562299424648, -16.24999999999999645, -6.249999999999993783 ) ) ;
#3739 = DIRECTION ( 'NONE',  ( -0.000000000000000000, -0.000000000000000000, 1.000000000000000000 ) ) ;
#3740 = CYLINDRICAL_SURFACE ( 'NONE', #2427, 6.000000000000012434 ) ;
#3741 = ORIENTED_EDGE ( 'NONE', *, *, #1995, .F. ) ;
#3742 = CARTESIAN_POINT ( 'NONE',  ( -22.28504596091616108, 17.53501430053178822, -13.73065561476729357 ) ) ;
#3743 = EDGE_CURVE ( 'NONE', #3327, #1435, #2643, .T. ) ;
#3744 = EDGE_CURVE ( 'NONE', #4093, #775, #1522, .T. ) ;
#3745 = EDGE_LOOP ( 'NONE', ( #3410, #2392 ) ) ;
#3746 = DIRECTION ( 'NONE',  ( -1.000000000000000000, 0.000000000000000000, 0.000000000000000000 ) ) ;
#3747 = PLANE ( 'NONE',  #1019 ) ;
#3748 = VERTEX_POINT ( 'NONE', #2110 ) ;
#3749 = EDGE_CURVE ( 'NONE', #151, #1536, #2588, .T. ) ;
#3750 = ORIENTED_EDGE ( 'NONE', *, *, #3765, .F. ) ;
#3751 = CYLINDRICAL_SURFACE ( 'NONE', #4000, 2.552699999999990865 ) ;
#3752 = CARTESIAN_POINT ( 'NONE',  ( 0.000000000000000000, 0.000000000000000000, 0.000000000000000000 ) ) ;
#3753 = LINE ( 'NONE', #2779, #2501 ) ;
#3754 = DIRECTION ( 'NONE',  ( -0.000000000000000000, -0.000000000000000000, 1.000000000000000000 ) ) ;
#3755 = CARTESIAN_POINT ( 'NONE',  ( -22.16869151556063144, 15.63866464406719459, -14.68614432265775172 ) ) ;
#3756 = CARTESIAN_POINT ( 'NONE',  ( -28.48876126200564585, 8.878379702593614198, -12.57719980360248968 ) ) ;
#3757 = CARTESIAN_POINT ( 'NONE',  ( -22.28504596091605450, -17.53501430053193388, -6.249999999999993783 ) ) ;
#3758 = ORIENTED_EDGE ( 'NONE', *, *, #956, .T. ) ;
#3759 = CARTESIAN_POINT ( 'NONE',  ( 30.00000000000000355, 0.000000000000000000, 6.250000000000003553 ) ) ;
#3760 = CIRCLE ( 'NONE', #1125, 30.00000000000000355 ) ;
#3761 = CARTESIAN_POINT ( 'NONE',  ( 0.000000000000000000, 0.000000000000000000, 0.000000000000000000 ) ) ;
#3762 = EDGE_LOOP ( 'NONE', ( #3014, #605, #4162, #3140, #683, #2293, #3585, #1292, #3916 ) ) ;
#3763 = EDGE_CURVE ( 'NONE', #884, #2140, #2652, .T. ) ;
#3764 = CARTESIAN_POINT ( 'NONE',  ( 28.14582562299425561, -16.24999999999999645, -6.249999999999992006 ) ) ;
#3765 = EDGE_CURVE ( 'NONE', #2481, #3881, #4026, .T. ) ;
#3766 = VECTOR ( 'NONE', #1663, 1000.000000000000000 ) ;
#3767 = VECTOR ( 'NONE', #624, 1000.000000000000000 ) ;
#3768 = ORIENTED_EDGE ( 'NONE', *, *, #3647, .T. ) ;
#3769 = CONICAL_SURFACE ( 'NONE', #3579, 19.00000000000000000, 0.7853981633974613796 ) ;
#3770 = EDGE_CURVE ( 'NONE', #2902, #2730, #2928, .T. ) ;
#3771 = ORIENTED_EDGE ( 'NONE', *, *, #1033, .T. ) ;
#3772 = FACE_OUTER_BOUND ( 'NONE', #1270, .T. ) ;
#3773 = DIRECTION ( 'NONE',  ( -0.000000000000000000, -0.000000000000000000, -1.000000000000000000 ) ) ;
#3774 = DIRECTION ( 'NONE',  ( 1.000000000000000000, -1.156482317317871331E-15, 0.000000000000000000 ) ) ;
#3775 = LINE ( 'NONE', #2091, #1101 ) ;
#3776 = CIRCLE ( 'NONE', #1821, 30.00000000000000355 ) ;
#3777 = CARTESIAN_POINT ( 'NONE',  ( 19.00000000000000000, 2.326828918379970970E-15, -19.05249999999998067 ) ) ;
#3778 = CARTESIAN_POINT ( 'NONE',  ( 6.037165062499214585, 29.05325125324500135, -12.70649441957943004 ) ) ;
#3779 = DIRECTION ( 'NONE',  ( 1.000000000000000000, 0.000000000000000000, 0.000000000000000000 ) ) ;
#3780 = ORIENTED_EDGE ( 'NONE', *, *, #2456, .T. ) ;
#3781 = DIRECTION ( 'NONE',  ( 0.000000000000000000, 0.000000000000000000, -1.000000000000000000 ) ) ;
#3782 = AXIS2_PLACEMENT_3D ( 'NONE', #238, #2799, #3075 ) ;
#3783 = DIRECTION ( 'NONE',  ( 0.000000000000000000, -0.000000000000000000, 1.000000000000000000 ) ) ;
#3784 = DIRECTION ( 'NONE',  ( -0.000000000000000000, -0.000000000000000000, -1.000000000000000000 ) ) ;
#3785 = ORIENTED_EDGE ( 'NONE', *, *, #1633, .F. ) ;
#3786 = AXIS2_PLACEMENT_3D ( 'NONE', #1325, #980, #1997 ) ;
#3787 = ORIENTED_EDGE ( 'NONE', *, *, #2477, .F. ) ;
#3788 = CARTESIAN_POINT ( 'NONE',  ( -24.50000000000000355, 0.000000000000000000, -10.07749999999998458 ) ) ;
#3789 = AXIS2_PLACEMENT_3D ( 'NONE', #3364, #4065, #3387 ) ;
#3790 = DIRECTION ( 'NONE',  ( 1.000000000000000000, 0.000000000000000000, 0.000000000000000000 ) ) ;
#3791 = AXIS2_PLACEMENT_3D ( 'NONE', #1249, #1899, #3880 ) ;
#3792 = FACE_OUTER_BOUND ( 'NONE', #816, .T. ) ;
#3793 = ORIENTED_EDGE ( 'NONE', *, *, #3928, .T. ) ;
#3794 = DIRECTION ( 'NONE',  ( -1.000000000000000000, 0.000000000000000000, 0.000000000000000000 ) ) ;
#3795 = AXIS2_PLACEMENT_3D ( 'NONE', #2133, #3707, #1454 ) ;
#3796 = CIRCLE ( 'NONE', #2047, 6.000000000000000888 ) ;
#3797 = ORIENTED_EDGE ( 'NONE', *, *, #2256, .T. ) ;
#3798 = FACE_OUTER_BOUND ( 'NONE', #2439, .T. ) ;
#3799 = CARTESIAN_POINT ( 'NONE',  ( 2.220446049250313081E-13, -32.50000000000000000, -20.95249999999998991 ) ) ;
#3800 = EDGE_CURVE ( 'NONE', #331, #116, #1779, .T. ) ;
#3801 = DIRECTION ( 'NONE',  ( -0.000000000000000000, -0.000000000000000000, -1.000000000000000000 ) ) ;
#3802 = EDGE_CURVE ( 'NONE', #2960, #2924, #572, .T. ) ;
#3803 = AXIS2_PLACEMENT_3D ( 'NONE', #217, #2742, #2073 ) ;
#3804 = CARTESIAN_POINT ( 'NONE',  ( -24.99346103114723050, 11.13557688111582422, -14.50533948254945038 ) ) ;
#3805 = CARTESIAN_POINT ( 'NONE',  ( -18.37785951953062380, -18.39169050088647239, -6.249999999999993783 ) ) ;
#3806 = FACE_BOUND ( 'NONE', #2894, .T. ) ;
#3807 = ORIENTED_EDGE ( 'NONE', *, *, #2757, .T. ) ;
#3808 = FACE_OUTER_BOUND ( 'NONE', #3965, .T. ) ;
#3809 = LINE ( 'NONE', #910, #155 ) ;
#3810 = DIRECTION ( 'NONE',  ( 1.000000000000000000, -1.243449787580175325E-14, 0.000000000000000000 ) ) ;
#3811 = VERTEX_POINT ( 'NONE', #2486 ) ;
#3812 = ORIENTED_EDGE ( 'NONE', *, *, #1783, .F. ) ;
#3813 = CARTESIAN_POINT ( 'NONE',  ( -23.33565853285239555, 1.503649817552457968, -17.59824287895393269 ) ) ;
#3814 = CARTESIAN_POINT ( 'NONE',  ( -28.98069340623915124, 7.753670723829241496, -12.45249999999997748 ) ) ;
#3815 = CARTESIAN_POINT ( 'NONE',  ( 0.000000000000000000, 0.000000000000000000, 6.250000000000003553 ) ) ;
#3816 = ORIENTED_EDGE ( 'NONE', *, *, #2997, .F. ) ;
#3817 = LINE ( 'NONE', #1312, #2039 ) ;
#3818 = ORIENTED_EDGE ( 'NONE', *, *, #1014, .T. ) ;
#3819 = DIRECTION ( 'NONE',  ( 0.000000000000000000, 0.000000000000000000, 1.000000000000000000 ) ) ;
#3820 = CARTESIAN_POINT ( 'NONE',  ( -22.19493613278209665, -19.59922112213783407, -12.75623029306150613 ) ) ;
#3821 = LINE ( 'NONE', #2126, #15 ) ;
#3822 = CARTESIAN_POINT ( 'NONE',  ( -7.429627489742283153, 29.06765997330265350, -12.45249999999997748 ) ) ;
#3823 = EDGE_CURVE ( 'NONE', #1022, #4120, #29, .T. ) ;
#3824 = CYLINDRICAL_SURFACE ( 'NONE', #1366, 8.000000000000000000 ) ;
#3825 = EDGE_CURVE ( 'NONE', #935, #742, #3775, .T. ) ;
#3826 = CARTESIAN_POINT ( 'NONE',  ( -27.50000000000000000, 3.367778697655221702E-15, 12.45250000000002721 ) ) ;
#3827 = VECTOR ( 'NONE', #895, 1000.000000000000000 ) ;
#3828 = CARTESIAN_POINT ( 'NONE',  ( -4.043244859525925605, 28.06692307692307864, -13.73065561476729535 ) ) ;
#3829 = ORIENTED_EDGE ( 'NONE', *, *, #3441, .F. ) ;
#3830 = EDGE_CURVE ( 'NONE', #3955, #1411, #4135, .T. ) ;
#3831 = CARTESIAN_POINT ( 'NONE',  ( -21.50000000000000000, 0.000000000000000000, -10.07749999999998458 ) ) ;
#3832 = CYLINDRICAL_SURFACE ( 'NONE', #3513, 4.000000000000000000 ) ;
#3833 = EDGE_LOOP ( 'NONE', ( #3037, #99 ) ) ;
#3834 = ORIENTED_EDGE ( 'NONE', *, *, #2143, .T. ) ;
#3835 = CARTESIAN_POINT ( 'NONE',  ( 0.000000000000000000, 0.000000000000000000, -12.45249999999997748 ) ) ;
#3836 = DIRECTION ( 'NONE',  ( -0.000000000000000000, -0.000000000000000000, -1.000000000000000000 ) ) ;
#3837 = VERTEX_POINT ( 'NONE', #1751 ) ;
#3838 = AXIS2_PLACEMENT_3D ( 'NONE', #3044, #4013, #2406 ) ;
#3839 = ORIENTED_EDGE ( 'NONE', *, *, #1306, .T. ) ;
#3840 = ORIENTED_EDGE ( 'NONE', *, *, #1603, .T. ) ;
#3841 = AXIS2_PLACEMENT_3D ( 'NONE', #3761, #868, #1847 ) ;
#3842 = CARTESIAN_POINT ( 'NONE',  ( 23.00000000000000000, 0.000000000000000000, -10.07749999999998458 ) ) ;
#3843 = AXIS2_PLACEMENT_3D ( 'NONE', #2778, #3773, #3152 ) ;
#3844 = CYLINDRICAL_SURFACE ( 'NONE', #2518, 4.000000000000000000 ) ;
#3845 = DIRECTION ( 'NONE',  ( -0.000000000000000000, -0.000000000000000000, 1.000000000000000000 ) ) ;
#3846 = FACE_OUTER_BOUND ( 'NONE', #2642, .T. ) ;
#3847 = LINE ( 'NONE', #243, #3247 ) ;
#3848 = ORIENTED_EDGE ( 'NONE', *, *, #530, .F. ) ;
#3849 = AXIS2_PLACEMENT_3D ( 'NONE', #2366, #805, #471 ) ;
#3850 = EDGE_CURVE ( 'NONE', #3223, #2537, #3472, .T. ) ;
#3851 = AXIS2_PLACEMENT_3D ( 'NONE', #469, #784, #2056 ) ;
#3852 = CARTESIAN_POINT ( 'NONE',  ( 0.000000000000000000, 0.000000000000000000, -19.05249999999998067 ) ) ;
#3853 = CARTESIAN_POINT ( 'NONE',  ( -28.14582562299428758, 16.24999999999993960, -6.249999999999993783 ) ) ;
#3854 = ORIENTED_EDGE ( 'NONE', *, *, #1711, .T. ) ;
#3855 = EDGE_LOOP ( 'NONE', ( #1078, #3999, #3605, #3864 ) ) ;
#3856 = EDGE_CURVE ( 'NONE', #3088, #3267, #1639, .T. ) ;
#3857 = CARTESIAN_POINT ( 'NONE',  ( 28.98069340623898071, 7.753670723829877431, -12.45249999999997748 ) ) ;
#3858 = EDGE_CURVE ( 'NONE', #2156, #1708, #4082, .T. ) ;
#3859 = CIRCLE ( 'NONE', #1154, 30.00000000000000355 ) ;
#3860 = CARTESIAN_POINT ( 'NONE',  ( 25.11660095207397703, -6.719847960651844865, -6.249999999999993783 ) ) ;
#3861 = CARTESIAN_POINT ( 'NONE',  ( 0.000000000000000000, 0.000000000000000000, -6.249999999999993783 ) ) ;
#3862 = CIRCLE ( 'NONE', #489, 4.000000000000000000 ) ;
#3863 = VERTEX_POINT ( 'NONE', #2191 ) ;
#3864 = ORIENTED_EDGE ( 'NONE', *, *, #2998, .F. ) ;
#3865 = CARTESIAN_POINT ( 'NONE',  ( 34.14582562299425916, -16.24999999999999645, 6.250000000000005329 ) ) ;
#3866 = CARTESIAN_POINT ( 'NONE',  ( -4.269378766357456279, 28.27317141689695745, -13.54680109014449663 ) ) ;
#3867 = AXIS2_PLACEMENT_3D ( 'NONE', #3531, #3509, #1923 ) ;
#3868 = CARTESIAN_POINT ( 'NONE',  ( 0.9759045139620179388, 26.57669522575784171, -15.10166245346660574 ) ) ;
#3869 = DIRECTION ( 'NONE',  ( -1.000000000000000000, 0.000000000000000000, 0.000000000000000000 ) ) ;
#3870 = ORIENTED_EDGE ( 'NONE', *, *, #2456, .F. ) ;
#3871 = FACE_OUTER_BOUND ( 'NONE', #1172, .T. ) ;
#3872 = EDGE_LOOP ( 'NONE', ( #251, #2275, #1558, #2115, #4078, #3717, #3649, #3679, #1077, #2211, #161, #873, #1248, #18 ) ) ;
#3873 = EDGE_LOOP ( 'NONE', ( #1738, #2839, #1790, #1177 ) ) ;
#3874 = FACE_OUTER_BOUND ( 'NONE', #3762, .T. ) ;
#3875 = DIRECTION ( 'NONE',  ( -1.000000000000000000, 0.000000000000000000, 0.000000000000000000 ) ) ;
#3876 = DIRECTION ( 'NONE',  ( -1.000000000000000000, 0.000000000000000000, 0.000000000000000000 ) ) ;
#3877 = EDGE_CURVE ( 'NONE', #2924, #884, #2721, .T. ) ;
#3878 = ADVANCED_FACE ( 'NONE', ( #4109 ), #3844, .T. ) ;
#3879 = ORIENTED_EDGE ( 'NONE', *, *, #4134, .F. ) ;
#3880 = DIRECTION ( 'NONE',  ( 1.000000000000000000, 0.000000000000000000, 0.000000000000000000 ) ) ;
#3881 = VERTEX_POINT ( 'NONE', #879 ) ;
#3882 = ADVANCED_FACE ( 'NONE', ( #973 ), #2545, .T. ) ;
#3883 = CARTESIAN_POINT ( 'NONE',  ( -37.54343440694599821, -5.872864116540021051, 6.250000000000003553 ) ) ;
#3884 = CARTESIAN_POINT ( 'NONE',  ( 22.35076321541972533, -17.83474197553261220, -13.54633014297265170 ) ) ;
#3885 = DIRECTION ( 'NONE',  ( -0.000000000000000000, -0.000000000000000000, -1.000000000000000000 ) ) ;
#3886 = CARTESIAN_POINT ( 'NONE',  ( -2.088058061712458446, 26.87197753082579155, -14.82280109448974414 ) ) ;
#3887 = CARTESIAN_POINT ( 'NONE',  ( 23.00000000000000000, 0.000000000000000000, -20.95249999999998991 ) ) ;
#3888 = CARTESIAN_POINT ( 'NONE',  ( -7.078871444745709951, -29.11247122637422891, -12.48454517327947855 ) ) ;
#3889 = FACE_OUTER_BOUND ( 'NONE', #2458, .T. ) ;
#3890 = LINE ( 'NONE', #1339, #1075 ) ;
#3891 = VERTEX_POINT ( 'NONE', #2169 ) ;
#3892 = ORIENTED_EDGE ( 'NONE', *, *, #2123, .T. ) ;
#3893 = DIRECTION ( 'NONE',  ( 1.000000000000000000, 8.881784197001252323E-16, 0.000000000000000000 ) ) ;
#3894 = CARTESIAN_POINT ( 'NONE',  ( -6.738741432543045917, -25.11153846153850822, -6.249999999999993783 ) ) ;
#3895 = VERTEX_POINT ( 'NONE', #307 ) ;
#3896 = CARTESIAN_POINT ( 'NONE',  ( 4.043244859526122781, -28.06692307692305022, -13.73065561476729535 ) ) ;
#3897 = EDGE_CURVE ( 'NONE', #2808, #2245, #3269, .T. ) ;
#3898 = FACE_OUTER_BOUND ( 'NONE', #4033, .T. ) ;
#3899 = CARTESIAN_POINT ( 'NONE',  ( 0.000000000000000000, 0.000000000000000000, -12.45249999999997748 ) ) ;
#3900 = DIRECTION ( 'NONE',  ( 1.000000000000000000, 0.000000000000000000, 0.000000000000000000 ) ) ;
#3901 = CIRCLE ( 'NONE', #2282, 6.000000000000000888 ) ;
#3902 = CYLINDRICAL_SURFACE ( 'NONE', #1310, 1.500000000000001332 ) ;
#3903 = ADVANCED_FACE ( 'NONE', ( #2236 ), #1561, .F. ) ;
#3904 = AXIS2_PLACEMENT_3D ( 'NONE', #1445, #1133, #488 ) ;
#3905 = LINE ( 'NONE', #382, #3766 ) ;
#3906 = LINE ( 'NONE', #721, #2158 ) ;
#3907 = AXIS2_PLACEMENT_3D ( 'NONE', #876, #3168, #840 ) ;
#3908 = CARTESIAN_POINT ( 'NONE',  ( 22.13615196134447416, 16.15714598912482813, -14.47149204877387696 ) ) ;
#3909 = DIRECTION ( 'NONE',  ( -0.7071067811865444641, 8.659560562354895880E-17, 0.7071067811865505703 ) ) ;
#3910 = CIRCLE ( 'NONE', #809, 24.50000000000000000 ) ;
#3911 = CARTESIAN_POINT ( 'NONE',  ( 0.000000000000000000, 0.000000000000000000, -6.249999999999993783 ) ) ;
#3912 = ORIENTED_EDGE ( 'NONE', *, *, #3261, .F. ) ;
#3913 = ORIENTED_EDGE ( 'NONE', *, *, #555, .F. ) ;
#3914 = CARTESIAN_POINT ( 'NONE',  ( 22.37785951953027563, 18.39169050088682056, -13.25680653369188988 ) ) ;
#3915 = FACE_OUTER_BOUND ( 'NONE', #115, .T. ) ;
#3916 = ORIENTED_EDGE ( 'NONE', *, *, #2608, .T. ) ;
#3917 = CARTESIAN_POINT ( 'NONE',  ( 1.908464894667271983, -26.80843342224686054, -14.88252092032034923 ) ) ;
#3918 = AXIS2_PLACEMENT_3D ( 'NONE', #1401, #3991, #3687 ) ;
#3919 = CARTESIAN_POINT ( 'NONE',  ( 1.500000000000000444, -23.00000000000000000, -20.95249999999998991 ) ) ;
#3920 = DIRECTION ( 'NONE',  ( 0.000000000000000000, 0.000000000000000000, -1.000000000000000000 ) ) ;
#3921 = CARTESIAN_POINT ( 'NONE',  ( -28.14582562299425561, -16.24999999999999645, 12.06000000000000583 ) ) ;
#3922 = CARTESIAN_POINT ( 'NONE',  ( 0.000000000000000000, 0.000000000000000000, 11.45250000000002011 ) ) ;
#3923 = CARTESIAN_POINT ( 'NONE',  ( -1.343378033121700010, 22.30855909826480143, -18.40334835393527513 ) ) ;
#3924 = CIRCLE ( 'NONE', #1315, 30.00000000000000355 ) ;
#3925 = ORIENTED_EDGE ( 'NONE', *, *, #2716, .T. ) ;
#3926 = VECTOR ( 'NONE', #3962, 1000.000000000000000 ) ;
#3927 = CARTESIAN_POINT ( 'NONE',  ( -23.45187322740301994, -12.50912772223618497, -15.11329705901251508 ) ) ;
#3928 = EDGE_CURVE ( 'NONE', #3267, #1167, #1880, .T. ) ;
#3929 = EDGE_CURVE ( 'NONE', #526, #1022, #639, .T. ) ;
#3930 = DIRECTION ( 'NONE',  ( -0.000000000000000000, -0.000000000000000000, 1.000000000000000000 ) ) ;
#3931 = VECTOR ( 'NONE', #1318, 1000.000000000000000 ) ;
#3932 = DIRECTION ( 'NONE',  ( 0.000000000000000000, 0.000000000000000000, 1.000000000000000000 ) ) ;
#3933 = CARTESIAN_POINT ( 'NONE',  ( -10.80447448861208137, -27.98684210526316463, 0.000000000000000000 ) ) ;
#3934 = ORIENTED_EDGE ( 'NONE', *, *, #2051, .F. ) ;
#3935 = ORIENTED_EDGE ( 'NONE', *, *, #2584, .T. ) ;
#3936 = DIRECTION ( 'NONE',  ( -0.000000000000000000, -0.000000000000000000, 1.000000000000000000 ) ) ;
#3937 = VECTOR ( 'NONE', #822, 1000.000000000000114 ) ;
#3938 = DIRECTION ( 'NONE',  ( 0.000000000000000000, 0.000000000000000000, -1.000000000000000000 ) ) ;
#3939 = EDGE_LOOP ( 'NONE', ( #1303, #461, #3424, #4147 ) ) ;
#3940 = CARTESIAN_POINT ( 'NONE',  ( -1.058069727667962256, 24.06762929798777151, -17.04855901153256070 ) ) ;
#3941 = CARTESIAN_POINT ( 'NONE',  ( 28.18246699267410449, -9.294671991464143801, -12.70513627312271687 ) ) ;
#3942 = CARTESIAN_POINT ( 'NONE',  ( 1.500000000000000444, 23.00000000000000000, -20.95249999999998991 ) ) ;
#3943 = VERTEX_POINT ( 'NONE', #1601 ) ;
#3944 = CARTESIAN_POINT ( 'NONE',  ( 24.50000000000000000, 0.000000000000000000, -20.95249999999998991 ) ) ;
#3945 = DIRECTION ( 'NONE',  ( -1.000000000000000000, 0.000000000000000000, 0.000000000000000000 ) ) ;
#3946 = ORIENTED_EDGE ( 'NONE', *, *, #2756, .F. ) ;
#3947 = CARTESIAN_POINT ( 'NONE',  ( 5.865286150960843159, -33.76428571428571956, 6.250000000000005329 ) ) ;
#3948 = CARTESIAN_POINT ( 'NONE',  ( 0.000000000000000000, 0.000000000000000000, -16.95249999999998636 ) ) ;
#3949 = ADVANCED_FACE ( 'NONE', ( #2871 ), #257, .F. ) ;
#3950 = CARTESIAN_POINT ( 'NONE',  ( 22.15912185821739300, 16.68655226436964156, -14.21109984389638825 ) ) ;
#3951 = CARTESIAN_POINT ( 'NONE',  ( -4.200100801819114721E-18, -32.50000000000000000, 6.250000000000005329 ) ) ;
#3952 = CARTESIAN_POINT ( 'NONE',  ( 29.54343440694599821, -5.872864116540006840, -6.249999999999993783 ) ) ;
#3953 = DIRECTION ( 'NONE',  ( 0.000000000000000000, 0.000000000000000000, 1.000000000000000000 ) ) ;
#3954 = ORIENTED_EDGE ( 'NONE', *, *, #3261, .T. ) ;
#3955 = VERTEX_POINT ( 'NONE', #4133 ) ;
#3956 = CARTESIAN_POINT ( 'NONE',  ( 22.35567087782995799, 18.88397863845310098, -13.02561040115511659 ) ) ;
#3957 = ADVANCED_FACE ( 'NONE', ( #4153 ), #3259, .F. ) ;
#3958 = DIRECTION ( 'NONE',  ( -0.000000000000000000, -0.000000000000000000, 1.000000000000000000 ) ) ;
#3959 = CARTESIAN_POINT ( 'NONE',  ( 22.26255193199567373, 15.05699579213639616, -14.88252092032038476 ) ) ;
#3960 = ORIENTED_EDGE ( 'NONE', *, *, #848, .F. ) ;
#3961 = DIRECTION ( 'NONE',  ( 0.000000000000000000, 0.000000000000000000, -1.000000000000000000 ) ) ;
#3962 = DIRECTION ( 'NONE',  ( 0.000000000000000000, 0.000000000000000000, 1.000000000000000000 ) ) ;
#3963 = DIRECTION ( 'NONE',  ( -0.000000000000000000, -0.000000000000000000, 1.000000000000000000 ) ) ;
#3964 = PLANE ( 'NONE',  #67 ) ;
#3965 = EDGE_LOOP ( 'NONE', ( #1261, #1977, #3098, #3191 ) ) ;
#3966 = DIRECTION ( 'NONE',  ( -0.000000000000000000, -0.000000000000000000, 1.000000000000000000 ) ) ;
#3967 = EDGE_LOOP ( 'NONE', ( #912, #3946, #3147, #368, #1981, #2542, #276, #2386, #4015, #1367, #40, #2995, #3644, #3480, #1407, #1579, #2766, #3854, #4038, #2497, #1250 ) ) ;
#3968 = DIRECTION ( 'NONE',  ( 1.000000000000000000, 0.000000000000000000, 0.000000000000000000 ) ) ;
#3969 = CARTESIAN_POINT ( 'NONE',  ( 26.00960751353369460, -10.64050635956669666, -13.92896116591964351 ) ) ;
#3970 = AXIS2_PLACEMENT_3D ( 'NONE', #175, #1793, #3968 ) ;
#3971 = DIRECTION ( 'NONE',  ( 0.000000000000000000, 0.000000000000000000, -1.000000000000000000 ) ) ;
#3972 = CARTESIAN_POINT ( 'NONE',  ( 0.000000000000000000, 0.000000000000000000, 10.45250000000001656 ) ) ;
#3973 = EDGE_LOOP ( 'NONE', ( #2879, #105, #3486, #1526, #2705, #2429, #2606, #3151 ) ) ;
#3974 = ADVANCED_FACE ( 'NONE', ( #1942 ), #2855, .F. ) ;
#3975 = ORIENTED_EDGE ( 'NONE', *, *, #3143, .T. ) ;
#3976 = CARTESIAN_POINT ( 'NONE',  ( -25.11660095207393795, 6.719847960652010066, -20.95249999999998991 ) ) ;
#3977 = CIRCLE ( 'NONE', #341, 4.000000000000000000 ) ;
#3978 = ADVANCED_FACE ( 'NONE', ( #2002 ), #379, .T. ) ;
#3979 = EDGE_CURVE ( 'NONE', #4149, #1131, #1398, .T. ) ;
#3980 = VERTEX_POINT ( 'NONE', #1962 ) ;
#3981 = CARTESIAN_POINT ( 'NONE',  ( 21.92779127455988686, 1.053383365856968235, -18.71128157003681380 ) ) ;
#3982 = AXIS2_PLACEMENT_3D ( 'NONE', #3391, #453, #1076 ) ;
#3983 = CARTESIAN_POINT ( 'NONE',  ( 0.9931443063817917416, -21.85957683479394120, -18.76665882079583980 ) ) ;
#3984 = CARTESIAN_POINT ( 'NONE',  ( 34.14582562299427337, 16.25000000000000000, -6.249999999999992006 ) ) ;
#3985 = DIRECTION ( 'NONE',  ( 1.000000000000000000, 0.000000000000000000, 0.000000000000000000 ) ) ;
#3986 = ORIENTED_EDGE ( 'NONE', *, *, #507, .F. ) ;
#3987 = FACE_OUTER_BOUND ( 'NONE', #3634, .T. ) ;
#3988 = VECTOR ( 'NONE', #480, 1000.000000000000000 ) ;
#3989 = ORIENTED_EDGE ( 'NONE', *, *, #1279, .T. ) ;
#3990 = LINE ( 'NONE', #446, #936 ) ;
#3991 = DIRECTION ( 'NONE',  ( -0.000000000000000000, -0.000000000000000000, -1.000000000000000000 ) ) ;
#3992 = CIRCLE ( 'NONE', #1503, 8.000000000000000000 ) ;
#3993 = CARTESIAN_POINT ( 'NONE',  ( -4.043244859525739088, -28.06692307692310706, -13.73065561476729357 ) ) ;
#3994 = CARTESIAN_POINT ( 'NONE',  ( 0.000000000000000000, 0.000000000000000000, -12.45249999999997748 ) ) ;
#3995 = ORIENTED_EDGE ( 'NONE', *, *, #2076, .F. ) ;
#3996 = AXIS2_PLACEMENT_3D ( 'NONE', #1363, #3936, #2012 ) ;
#3997 = CARTESIAN_POINT ( 'NONE',  ( -24.43911978888726466, -0.4370440971507632000, -16.77477375568850704 ) ) ;
#3998 = AXIS2_PLACEMENT_3D ( 'NONE', #2319, #124, #2357 ) ;
#3999 = ORIENTED_EDGE ( 'NONE', *, *, #1014, .F. ) ;
#4000 = AXIS2_PLACEMENT_3D ( 'NONE', #3062, #2752, #2440 ) ;
#4001 = CARTESIAN_POINT ( 'NONE',  ( 24.49999999999999289, 0.1114829452725943498, -16.73027777777775071 ) ) ;
#4002 = AXIS2_PLACEMENT_3D ( 'NONE', #1621, #1317, #1925 ) ;
#4003 = EDGE_CURVE ( 'NONE', #1000, #2101, #2986, .T. ) ;
#4004 = ADVANCED_FACE ( 'NONE', ( #3615 ), #3635, .F. ) ;
#4005 = ORIENTED_EDGE ( 'NONE', *, *, #3550, .T. ) ;
#4006 = DIRECTION ( 'NONE',  ( -1.000000000000000000, 0.000000000000000000, 0.000000000000000000 ) ) ;
#4007 = ORIENTED_EDGE ( 'NONE', *, *, #1897, .T. ) ;
#4008 =( NAMED_UNIT ( * ) PLANE_ANGLE_UNIT ( ) SI_UNIT ( $, .RADIAN. ) );
#4009 = CARTESIAN_POINT ( 'NONE',  ( -0.9870644459490603984, 21.86609595617449386, -18.76165659651597295 ) ) ;
#4010 = CARTESIAN_POINT ( 'NONE',  ( -19.00000000000000000, 0.000000000000000000, -19.05249999999998067 ) ) ;
#4011 = CARTESIAN_POINT ( 'NONE',  ( 22.52814095716199461, -14.13350571363772090, -15.10166245346660574 ) ) ;
#4012 = CARTESIAN_POINT ( 'NONE',  ( 24.16575957068657488, 11.74460792186420477, -14.88966685655232958 ) ) ;
#4013 = DIRECTION ( 'NONE',  ( -0.000000000000000000, -0.000000000000000000, -1.000000000000000000 ) ) ;
#4014 = DIRECTION ( 'NONE',  ( -0.000000000000000000, -0.000000000000000000, -1.000000000000000000 ) ) ;
#4015 = ORIENTED_EDGE ( 'NONE', *, *, #4126, .T. ) ;
#4016 = CARTESIAN_POINT ( 'NONE',  ( -22.38652745800496291, -1.371729483014212381, -18.34144532159631424 ) ) ;
#4017 = ORIENTED_EDGE ( 'NONE', *, *, #394, .F. ) ;
#4018 = FACE_OUTER_BOUND ( 'NONE', #3833, .T. ) ;
#4019 = ORIENTED_EDGE ( 'NONE', *, *, #2709, .F. ) ;
#4020 = FACE_OUTER_BOUND ( 'NONE', #2225, .T. ) ;
#4021 = ORIENTED_EDGE ( 'NONE', *, *, #957, .T. ) ;
#4022 = CARTESIAN_POINT ( 'NONE',  ( -22.37785951953074104, 18.63562636860092070, -13.13634013095521702 ) ) ;
#4023 = EDGE_CURVE ( 'NONE', #3943, #2773, #2340, .T. ) ;
#4024 = DIRECTION ( 'NONE',  ( -0.000000000000000000, -0.000000000000000000, -1.000000000000000000 ) ) ;
#4025 = CARTESIAN_POINT ( 'NONE',  ( -0.4402577067999405847, -24.44951271703926210, -16.76706411810960873 ) ) ;
#4026 = LINE ( 'NONE', #2127, #1975 ) ;
#4027 = EDGE_CURVE ( 'NONE', #1741, #3681, #360, .T. ) ;
#4028 = DIRECTION ( 'NONE',  ( -0.000000000000000000, -0.000000000000000000, 1.000000000000000000 ) ) ;
#4029 = LINE ( 'NONE', #495, #811 ) ;
#4030 = ORIENTED_EDGE ( 'NONE', *, *, #3573, .F. ) ;
#4031 = CARTESIAN_POINT ( 'NONE',  ( -21.51286396814660051, -0.2247119650834512594, -19.05289900638259937 ) ) ;
#4032 = AXIS2_PLACEMENT_3D ( 'NONE', #2869, #2913, #3553 ) ;
#4033 = EDGE_LOOP ( 'NONE', ( #1687, #3193, #3329, #2161 ) ) ;
#4034 = AXIS2_PLACEMENT_3D ( 'NONE', #3499, #603, #2878 ) ;
#4035 = DIRECTION ( 'NONE',  ( 0.000000000000000000, 0.000000000000000000, -1.000000000000000000 ) ) ;
#4036 = ORIENTED_EDGE ( 'NONE', *, *, #1403, .F. ) ;
#4037 = CIRCLE ( 'NONE', #209, 8.000000000000001776 ) ;
#4038 = ORIENTED_EDGE ( 'NONE', *, *, #1678, .F. ) ;
#4039 =( LENGTH_UNIT ( ) NAMED_UNIT ( * ) SI_UNIT ( .MILLI., .METRE. ) );
#4040 = AXIS2_PLACEMENT_3D ( 'NONE', #4114, #1884, #2196 ) ;
#4041 = ORIENTED_EDGE ( 'NONE', *, *, #3825, .T. ) ;
#4042 = CARTESIAN_POINT ( 'NONE',  ( -30.69852562299424292, 16.25000000000000711, 12.06000000000000583 ) ) ;
#4043 = CARTESIAN_POINT ( 'NONE',  ( 6.738741432543220888, 25.11153846153846203, -20.95249999999998991 ) ) ;
#4044 = CARTESIAN_POINT ( 'NONE',  ( -6.738741432543214671, 25.11153846153846203, -6.249999999999993783 ) ) ;
#4045 = EDGE_CURVE ( 'NONE', #279, #3562, #25, .T. ) ;
#4046 = CARTESIAN_POINT ( 'NONE',  ( 0.000000000000000000, 0.000000000000000000, 11.95250000000002721 ) ) ;
#4047 = ADVANCED_FACE ( 'NONE', ( #735 ), #397, .F. ) ;
#4048 = AXIS2_PLACEMENT_3D ( 'NONE', #2837, #3836, #3459 ) ;
#4049 = DIRECTION ( 'NONE',  ( 0.000000000000000000, 0.000000000000000000, 1.000000000000000000 ) ) ;
#4050 = DIRECTION ( 'NONE',  ( 1.000000000000000000, 0.000000000000000000, 0.000000000000000000 ) ) ;
#4051 = ORIENTED_EDGE ( 'NONE', *, *, #2252, .T. ) ;
#4052 = DIRECTION ( 'NONE',  ( -0.000000000000000000, -0.000000000000000000, -1.000000000000000000 ) ) ;
#4053 = VECTOR ( 'NONE', #1679, 1000.000000000000000 ) ;
#4054 = EDGE_CURVE ( 'NONE', #3681, #408, #1702, .T. ) ;
#4055 = AXIS2_PLACEMENT_3D ( 'NONE', #618, #1906, #3945 ) ;
#4056 = ORIENTED_EDGE ( 'NONE', *, *, #2810, .T. ) ;
#4057 = AXIS2_PLACEMENT_3D ( 'NONE', #3276, #2025, #2277 ) ;
#4058 = CIRCLE ( 'NONE', #2374, 30.00000000000000355 ) ;
#4059 = CARTESIAN_POINT ( 'NONE',  ( -1.336577985725055706, -22.31293604473504999, -18.40025110330821789 ) ) ;
#4060 = ORIENTED_EDGE ( 'NONE', *, *, #2952, .F. ) ;
#4061 = CIRCLE ( 'NONE', #1244, 5.999999999999998224 ) ;
#4062 = CARTESIAN_POINT ( 'NONE',  ( 3.984302198030716898E-15, 32.50000000000000000, -23.22056274847715684 ) ) ;
#4063 = B_SPLINE_CURVE_WITH_KNOTS ( 'NONE', 3,
 ( #2514, #1817, #2802, #598, #560, #2448, #3778, #3474, #2784, #3110, #3199, #1883 ),
 .UNSPECIFIED., .F., .F.,
 ( 4, 2, 2, 2, 2, 4 ),
 ( 8.673617379884035472E-19, 0.001060649322706246371, 0.002121298645412491874, 0.002651623306765615602, 0.003181947968118739329, 0.004242597290824982881 ),
 .UNSPECIFIED. ) ;
#4064 = CARTESIAN_POINT ( 'NONE',  ( -4.043244859525738200, -28.06692307692310706, -20.95249999999998991 ) ) ;
#4065 = DIRECTION ( 'NONE',  ( -0.000000000000000000, -0.000000000000000000, 1.000000000000000000 ) ) ;
#4066 = CARTESIAN_POINT ( 'NONE',  ( -23.16058202420776979, 12.90709932488884348, -15.16403864040509220 ) ) ;
#4067 = CARTESIAN_POINT ( 'NONE',  ( -22.14582562299419521, -16.25000000000012790, -14.42170494256395585 ) ) ;
#4068 = CARTESIAN_POINT ( 'NONE',  ( 28.98069340623920098, -7.753670723829050537, 0.000000000000000000 ) ) ;
#4069 = EDGE_LOOP ( 'NONE', ( #1935, #2132, #1909, #1956 ) ) ;
#4070 = EDGE_CURVE ( 'NONE', #1939, #1630, #1844, .T. ) ;
#4071 = CARTESIAN_POINT ( 'NONE',  ( 26.30808609372701667, 21.96162966434000552, 6.250000000000005329 ) ) ;
#4072 = EDGE_CURVE ( 'NONE', #2103, #2360, #2971, .T. ) ;
#4073 = FACE_OUTER_BOUND ( 'NONE', #3091, .T. ) ;
#4074 = ORIENTED_EDGE ( 'NONE', *, *, #34, .T. ) ;
#4075 = CARTESIAN_POINT ( 'NONE',  ( 27.45101848717449755, 9.983619178225591639, -13.06768083149659176 ) ) ;
#4076 = ADVANCED_FACE ( 'NONE', ( #1333 ), #1448, .F. ) ;
#4077 = CYLINDRICAL_SURFACE ( 'NONE', #2233, 2.552699999999992642 ) ;
#4078 = ORIENTED_EDGE ( 'NONE', *, *, #3217, .F. ) ;
#4079 = VERTEX_POINT ( 'NONE', #1660 ) ;
#4080 = DIRECTION ( 'NONE',  ( 0.000000000000000000, 0.000000000000000000, -1.000000000000000000 ) ) ;
#4081 = LINE ( 'NONE', #920, #3507 ) ;
#4082 = B_SPLINE_CURVE_WITH_KNOTS ( 'NONE', 3,
 ( #1858, #3822, #2572, #2530, #3197, #339, #2914, #2594, #3216, #3534, #2888, #922, #3866, #1539 ),
 .UNSPECIFIED., .F., .F.,
 ( 4, 2, 2, 2, 2, 2, 4 ),
 ( 0.000000000000000000, 0.001057616366208101108, 0.001586424549312151879, 0.002115232732416202216, 0.002644040915520252770, 0.003172849098624303758, 0.004230465464832400095 ),
 .UNSPECIFIED. ) ;
#4083 = PLANE ( 'NONE',  #3453 ) ;
#4084 = DIRECTION ( 'NONE',  ( -0.000000000000000000, -0.000000000000000000, 1.000000000000000000 ) ) ;
#4085 = CARTESIAN_POINT ( 'NONE',  ( -22.26597873558300833, 15.01417491680250826, -14.89966520431435804 ) ) ;
#4086 = DIRECTION ( 'NONE',  ( 0.000000000000000000, 0.000000000000000000, -1.000000000000000000 ) ) ;
#4087 = CARTESIAN_POINT ( 'NONE',  ( 0.000000000000000000, 23.00000000000000000, -10.07749999999998458 ) ) ;
#4088 = VERTEX_POINT ( 'NONE', #2955 ) ;
#4089 = CARTESIAN_POINT ( 'NONE',  ( 0.000000000000000000, 0.000000000000000000, -12.45249999999997748 ) ) ;
#4090 = DIRECTION ( 'NONE',  ( 0.000000000000000000, 0.000000000000000000, 1.000000000000000000 ) ) ;
#4091 = EDGE_CURVE ( 'NONE', #1874, #136, #3796, .T. ) ;
#4092 = ORIENTED_EDGE ( 'NONE', *, *, #2143, .F. ) ;
#4093 = VERTEX_POINT ( 'NONE', #82 ) ;
#4094 = VECTOR ( 'NONE', #1797, 1000.000000000000000 ) ;
#4095 = CARTESIAN_POINT ( 'NONE',  ( 28.06807824818162445, 9.424760485888832307, -12.75755905972786053 ) ) ;
#4096 = CARTESIAN_POINT ( 'NONE',  ( 0.000000000000000000, 0.000000000000000000, 10.45250000000001656 ) ) ;
#4097 = AXIS2_PLACEMENT_3D ( 'NONE', #3686, #3064, #1400 ) ;
#4098 = CYLINDRICAL_SURFACE ( 'NONE', #3564, 42.49999999999999289 ) ;
#4099 = ADVANCED_FACE ( 'NONE', ( #3012 ), #3133, .F. ) ;
#4100 = EDGE_CURVE ( 'NONE', #3522, #136, #421, .T. ) ;
#4101 = EDGE_LOOP ( 'NONE', ( #314, #2339, #1946, #913 ) ) ;
#4102 = CARTESIAN_POINT ( 'NONE',  ( 25.59312562299427185, -16.24999999999999289, 12.06000000000000583 ) ) ;
#4103 = VECTOR ( 'NONE', #2845, 1000.000000000000000 ) ;
#4104 = ORIENTED_EDGE ( 'NONE', *, *, #776, .T. ) ;
#4105 = LINE ( 'NONE', #1877, #1372 ) ;
#4106 = VECTOR ( 'NONE', #3145, 1000.000000000000000 ) ;
#4107 = FACE_OUTER_BOUND ( 'NONE', #3431, .T. ) ;
#4108 = CARTESIAN_POINT ( 'NONE',  ( 0.000000000000000000, 0.000000000000000000, 19.05250000000001265 ) ) ;
#4109 = FACE_OUTER_BOUND ( 'NONE', #3006, .T. ) ;
#4110 = AXIS2_PLACEMENT_3D ( 'NONE', #2682, #516, #2704 ) ;
#4111 = DIRECTION ( 'NONE',  ( -0.000000000000000000, -0.000000000000000000, -1.000000000000000000 ) ) ;
#4112 = CARTESIAN_POINT ( 'NONE',  ( -27.31735732611837975, 10.06380709916796690, -13.14324531440265531 ) ) ;
#4113 = AXIS2_PLACEMENT_3D ( 'NONE', #1358, #1990, #1968 ) ;
#4114 = CARTESIAN_POINT ( 'NONE',  ( -25.11660095207388821, -6.719847960652186813, -20.95249999999998991 ) ) ;
#4115 = ORIENTED_EDGE ( 'NONE', *, *, #2925, .F. ) ;
#4116 = DIRECTION ( 'NONE',  ( -0.000000000000000000, -0.000000000000000000, 1.000000000000000000 ) ) ;
#4117 = AXIS2_PLACEMENT_3D ( 'NONE', #3170, #2848, #2145 ) ;
#4118 = DIRECTION ( 'NONE',  ( 1.000000000000000000, 0.000000000000000000, 0.000000000000000000 ) ) ;
#4119 = ORIENTED_EDGE ( 'NONE', *, *, #1215, .F. ) ;
#4120 = VERTEX_POINT ( 'NONE', #1705 ) ;
#4121 = AXIS2_PLACEMENT_3D ( 'NONE', #2153, #518, #563 ) ;
#4122 = PLANE ( 'NONE',  #1434 ) ;
#4123 = ORIENTED_EDGE ( 'NONE', *, *, #549, .F. ) ;
#4124 = EDGE_LOOP ( 'NONE', ( #1011, #1264, #3672 ) ) ;
#4125 = CIRCLE ( 'NONE', #2314, 30.00000000000000355 ) ;
#4126 = EDGE_CURVE ( 'NONE', #1756, #2481, #1719, .T. ) ;
#4127 = ADVANCED_FACE ( 'NONE', ( #2105 ), #2418, .T. ) ;
#4128 = ORIENTED_EDGE ( 'NONE', *, *, #394, .T. ) ;
#4129 = VECTOR ( 'NONE', #1237, 1000.000000000000000 ) ;
#4130 = DIRECTION ( 'NONE',  ( 1.000000000000000000, 0.000000000000000000, 0.000000000000000000 ) ) ;
#4131 = DIRECTION ( 'NONE',  ( 1.000000000000000000, 0.000000000000000000, 0.000000000000000000 ) ) ;
#4132 = DIRECTION ( 'NONE',  ( 1.000000000000000000, 0.000000000000000000, 0.000000000000000000 ) ) ;
#4133 = CARTESIAN_POINT ( 'NONE',  ( -1.500000000000000444, 23.00000000000000000, -10.07749999999998458 ) ) ;
#4134 = EDGE_CURVE ( 'NONE', #1204, #2230, #2736, .T. ) ;
#4135 = CIRCLE ( 'NONE', #1984, 1.500000000000000444 ) ;
#4136 = CARTESIAN_POINT ( 'NONE',  ( -22.49181665447630962, 14.23530351391321602, -15.08319795366158544 ) ) ;
#4137 = CARTESIAN_POINT ( 'NONE',  ( -28.14582562299425561, 16.25000000000001066, 6.250000000000005329 ) ) ;
#4138 = DIRECTION ( 'NONE',  ( 0.000000000000000000, -0.000000000000000000, 1.000000000000000000 ) ) ;
#4139 = ORIENTED_EDGE ( 'NONE', *, *, #2637, .F. ) ;
#4140 = DIRECTION ( 'NONE',  ( -0.000000000000000000, -0.000000000000000000, 1.000000000000000000 ) ) ;
#4141 = FACE_OUTER_BOUND ( 'NONE', #1289, .T. ) ;
#4142 = VERTEX_POINT ( 'NONE', #1770 ) ;
#4143 = ORIENTED_EDGE ( 'NONE', *, *, #3578, .T. ) ;
#4144 = CARTESIAN_POINT ( 'NONE',  ( -21.49999999999995737, 0.2234869003979614022, -19.06361111111111484 ) ) ;
#4145 = CARTESIAN_POINT ( 'NONE',  ( 24.40300022601073593, -0.5414212806641877096, -16.80120540658296235 ) ) ;
#4146 = ORIENTED_EDGE ( 'NONE', *, *, #901, .T. ) ;
#4147 = ORIENTED_EDGE ( 'NONE', *, *, #4054, .T. ) ;
#4148 = DIRECTION ( 'NONE',  ( -1.000000000000000000, 0.000000000000000000, 0.000000000000000000 ) ) ;
#4149 = VERTEX_POINT ( 'NONE', #795 ) ;
#4150 = DIRECTION ( 'NONE',  ( 1.000000000000000000, 0.000000000000000000, 0.000000000000000000 ) ) ;
#4151 = DIRECTION ( 'NONE',  ( -0.000000000000000000, -0.000000000000000000, 1.000000000000000000 ) ) ;
#4152 = ADVANCED_FACE ( 'NONE', ( #3358 ), #3751, .F. ) ;
#4153 = FACE_OUTER_BOUND ( 'NONE', #719, .T. ) ;
#4154 = DIRECTION ( 'NONE',  ( -0.000000000000000000, -0.000000000000000000, 1.000000000000000000 ) ) ;
#4155 = DIRECTION ( 'NONE',  ( 1.000000000000000000, 0.000000000000000000, 0.000000000000000000 ) ) ;
#4156 = EDGE_CURVE ( 'NONE', #1119, #899, #1827, .T. ) ;
#4157 = DIRECTION ( 'NONE',  ( 0.000000000000000000, 0.000000000000000000, 1.000000000000000000 ) ) ;
#4158 = EDGE_LOOP ( 'NONE', ( #1346, #1913, #2577, #2506, #3733, #3758, #3333, #3070 ) ) ;
#4159 = FACE_OUTER_BOUND ( 'NONE', #2183, .T. ) ;
#4160 = EDGE_LOOP ( 'NONE', ( #1662, #838, #1715, #1761 ) ) ;
#4161 = CIRCLE ( 'NONE', #2679, 6.000000000000001776 ) ;
#4162 = ORIENTED_EDGE ( 'NONE', *, *, #3317, .T. ) ;
#4163 = CARTESIAN_POINT ( 'NONE',  ( -21.92759541873606111, 1.053170059303595529, -18.71144153135841393 ) ) ;
#4164 = CYLINDRICAL_SURFACE ( 'NONE', #2568, 19.00000000000000000 ) ;
#4165 = FACE_OUTER_BOUND ( 'NONE', #336, .T. ) ;
#4166 = ORIENTED_EDGE ( 'NONE', *, *, #500, .F. ) ;
#4167 = DIRECTION ( 'NONE',  ( 0.000000000000000000, 0.000000000000000000, -1.000000000000000000 ) ) ;
#4168 = CIRCLE ( 'NONE', #1481, 27.50000000000000355 ) ;
#4169 = ORIENTED_EDGE ( 'NONE', *, *, #549, .T. ) ;
#4170 = CARTESIAN_POINT ( 'NONE',  ( 4.043244859525935375, 28.06692307692307864, -13.73065561476729179 ) ) ;
#4171 = DIRECTION ( 'NONE',  ( -0.000000000000000000, -0.000000000000000000, -1.000000000000000000 ) ) ;
ENDSEC;
END-ISO-10303-21;
