ISO-10303-21;
HEADER;
FILE_DESCRIPTION (( 'STEP AP214' ),
    '1' );
FILE_NAME ('Belt Shield - 6061 T6.STEP',
    '2026-05-07T06:21:45',
    ( '' ),
    ( '' ),
    'SwSTEP 2.0',
    'SolidWorks 2024',
    '' );
FILE_SCHEMA (( 'AUTOMOTIVE_DESIGN' ));
ENDSEC;

DATA;
#1 = EDGE_CURVE ( 'NONE', #464, #209, #1135, .T. ) ;
#2 = DIRECTION ( 'NONE',  ( -1.000000000000000000, 4.081631577902211589E-17, 1.523285642650855344E-16 ) ) ;
#3 = LINE ( 'NONE', #1646, #615 ) ;
#4 = EDGE_LOOP ( 'NONE', ( #1548, #1048, #1463 ) ) ;
#5 = CARTESIAN_POINT ( 'NONE',  ( 2.906183097808344495, 131.4496466315092391, -31.68552243649956068 ) ) ;
#6 = ORIENTED_EDGE ( 'NONE', *, *, #92, .T. ) ;
#7 = VECTOR ( 'NONE', #152, 1000.000000000000000 ) ;
#8 = AXIS2_PLACEMENT_3D ( 'NONE', #1429, #306, #1400 ) ;
#9 = AXIS2_PLACEMENT_3D ( 'NONE', #1273, #1420, #1410 ) ;
#10 = CARTESIAN_POINT ( 'NONE',  ( -4.440000000000003055, 79.28965201189956247, -17.70929400096342121 ) ) ;
#11 = CARTESIAN_POINT ( 'NONE',  ( -20.94999999999999929, 187.4987285476450154, -52.39784766468946486 ) ) ;
#12 = DIRECTION ( 'NONE',  ( 0.000000000000000000, 0.000000000000000000, -1.000000000000000000 ) ) ;
#13 = CARTESIAN_POINT ( 'NONE',  ( -20.94999999999999929, 190.3457380437727409, -41.77266357550971065 ) ) ;
#14 = CONICAL_SURFACE ( 'NONE', #223, 2.552699999999990865, 1.029744258676652535 ) ;
#15 = ADVANCED_FACE ( 'NONE', ( #248 ), #1317, .F. ) ;
#16 = VECTOR ( 'NONE', #1153, 1000.000000000000000 ) ;
#17 = ORIENTED_EDGE ( 'NONE', *, *, #1700, .T. ) ;
#18 = DIRECTION ( 'NONE',  ( 0.000000000000000000, 0.000000000000000000, -1.000000000000000000 ) ) ;
#19 = CARTESIAN_POINT ( 'NONE',  ( 20.94999999999999929, 131.4496466315092391, -29.13282243649956982 ) ) ;
#20 = DIRECTION ( 'NONE',  ( 0.000000000000000000, 0.000000000000000000, -1.000000000000000000 ) ) ;
#21 = EDGE_CURVE ( 'NONE', #358, #464, #238, .T. ) ;
#22 = VERTEX_POINT ( 'NONE', #1680 ) ;
#23 = EDGE_LOOP ( 'NONE', ( #95, #994, #603, #163 ) ) ;
#24 = FACE_OUTER_BOUND ( 'NONE', #563, .T. ) ;
#25 = LINE ( 'NONE', #304, #308 ) ;
#26 = CARTESIAN_POINT ( 'NONE',  ( 10.94999999999999929, 184.6009510687778459, -51.62139052938191952 ) ) ;
#27 = UNCERTAINTY_MEASURE_WITH_UNIT (LENGTH_MEASURE( 1.000000000000000082E-05 ), #493, 'distance_accuracy_value', 'NONE');
#28 = DIRECTION ( 'NONE',  ( -1.000000000000000000, -0.000000000000000000, -0.000000000000000000 ) ) ;
#29 = VERTEX_POINT ( 'NONE', #1569 ) ;
#30 = EDGE_CURVE ( 'NONE', #605, #1307, #354, .T. ) ;
#31 = DIRECTION ( 'NONE',  ( 0.000000000000000000, 0.000000000000000000, 1.000000000000000000 ) ) ;
#32 = FACE_OUTER_BOUND ( 'NONE', #4, .T. ) ;
#33 = VECTOR ( 'NONE', #311, 1000.000000000000000 ) ;
#34 = CIRCLE ( 'NONE', #399, 2.552699999999990865 ) ;
#35 = DIRECTION ( 'NONE',  ( 1.000000000000000000, -0.000000000000000000, -0.000000000000000000 ) ) ;
#36 = AXIS2_PLACEMENT_3D ( 'NONE', #906, #75, #768 ) ;
#37 = AXIS2_PLACEMENT_3D ( 'NONE', #1106, #1777, #250 ) ;
#38 = DIRECTION ( 'NONE',  ( 1.000000000000000000, -0.000000000000000000, -0.000000000000000000 ) ) ;
#39 = DIRECTION ( 'NONE',  ( 0.000000000000000000, 0.000000000000000000, 1.000000000000000000 ) ) ;
#40 = VERTEX_POINT ( 'NONE', #1409 ) ;
#41 = VECTOR ( 'NONE', #1143, 1000.000000000000000 ) ;
#42 = DIRECTION ( 'NONE',  ( 0.000000000000000000, 0.000000000000000000, -1.000000000000000000 ) ) ;
#43 = DIRECTION ( 'NONE',  ( -1.000000000000000000, -0.000000000000000000, -0.000000000000000000 ) ) ;
#44 =( NAMED_UNIT ( * ) SI_UNIT ( $, .STERADIAN. ) SOLID_ANGLE_UNIT ( ) );
#45 = FACE_BOUND ( 'NONE', #1737, .T. ) ;
#46 = ORIENTED_EDGE ( 'NONE', *, *, #339, .T. ) ;
#47 = LINE ( 'NONE', #644, #765 ) ;
#48 = CARTESIAN_POINT ( 'NONE',  ( 20.94999999999999929, 131.4496466315092391, -34.23822243649954800 ) ) ;
#49 = VERTEX_POINT ( 'NONE', #344 ) ;
#50 = CARTESIAN_POINT ( 'NONE',  ( 4.439999999999999503, 79.28965201189956247, -17.70929400096342121 ) ) ;
#51 = EDGE_LOOP ( 'NONE', ( #1466, #323 ) ) ;
#52 = DIRECTION ( 'NONE',  ( 0.000000000000000000, 0.000000000000000000, 1.000000000000000000 ) ) ;
#53 = EDGE_CURVE ( 'NONE', #309, #1333, #298, .T. ) ;
#54 = CARTESIAN_POINT ( 'NONE',  ( 4.439999999999999503, 131.4496466315092391, -29.13282243649956982 ) ) ;
#55 = CARTESIAN_POINT ( 'NONE',  ( -10.94999999999999929, 185.8908998502789700, -46.80723613765825064 ) ) ;
#56 = CARTESIAN_POINT ( 'NONE',  ( -20.94999999999999929, 131.4496466315092391, -31.68552243649956068 ) ) ;
#57 = FACE_OUTER_BOUND ( 'NONE', #870, .T. ) ;
#58 = CARTESIAN_POINT ( 'NONE',  ( 4.439999999999999503, 131.4496466315092391, -29.13282243649956982 ) ) ;
#59 = VERTEX_POINT ( 'NONE', #1017 ) ;
#60 = VERTEX_POINT ( 'NONE', #1282 ) ;
#61 = VERTEX_POINT ( 'NONE', #1547 ) ;
#62 = AXIS2_PLACEMENT_3D ( 'NONE', #236, #1022, #1537 ) ;
#63 = CYLINDRICAL_SURFACE ( 'NONE', #1247, 2.552699999999990865 ) ;
#64 = AXIS2_PLACEMENT_3D ( 'NONE', #50, #224, #757 ) ;
#65 = DIRECTION ( 'NONE',  ( -1.000000000000000000, -0.000000000000000000, -0.000000000000000000 ) ) ;
#66 = AXIS2_PLACEMENT_3D ( 'NONE', #673, #1096, #1626 ) ;
#67 = EDGE_LOOP ( 'NONE', ( #1195, #770, #1242, #89 ) ) ;
#68 = EDGE_CURVE ( 'NONE', #1673, #1377, #754, .T. ) ;
#69 = FACE_OUTER_BOUND ( 'NONE', #1373, .T. ) ;
#70 = AXIS2_PLACEMENT_3D ( 'NONE', #1128, #569, #845 ) ;
#71 = ORIENTED_EDGE ( 'NONE', *, *, #741, .T. ) ;
#72 = VERTEX_POINT ( 'NONE', #869 ) ;
#73 = DIRECTION ( 'NONE',  ( -1.577021341797096328E-16, -0.2588190451025211836, -0.9659258262890683122 ) ) ;
#74 = DIRECTION ( 'NONE',  ( 0.000000000000000000, 0.000000000000000000, -1.000000000000000000 ) ) ;
#75 = DIRECTION ( 'NONE',  ( 1.000000000000000000, -0.000000000000000000, -0.000000000000000000 ) ) ;
#76 = ORIENTED_EDGE ( 'NONE', *, *, #1494, .T. ) ;
#77 = CYLINDRICAL_SURFACE ( 'NONE', #9, 2.552699999999990865 ) ;
#78 = ORIENTED_EDGE ( 'NONE', *, *, #819, .T. ) ;
#79 = EDGE_CURVE ( 'NONE', #1721, #584, #946, .T. ) ;
#80 = DIRECTION ( 'NONE',  ( -1.000000000000000000, -0.000000000000000000, -0.000000000000000000 ) ) ;
#81 = DIRECTION ( 'NONE',  ( 1.000000000000000000, -0.000000000000000000, -0.000000000000000000 ) ) ;
#82 = CYLINDRICAL_SURFACE ( 'NONE', #1423, 2.552699999999990865 ) ;
#83 = ORIENTED_EDGE ( 'NONE', *, *, #1180, .F. ) ;
#84 = CARTESIAN_POINT ( 'NONE',  ( 10.94999999999999929, 184.6009510687778459, -51.62139052938191952 ) ) ;
#85 = DIRECTION ( 'NONE',  ( 1.000000000000000000, -0.000000000000000000, -0.000000000000000000 ) ) ;
#86 = ORIENTED_EDGE ( 'NONE', *, *, #551, .F. ) ;
#87 = FACE_OUTER_BOUND ( 'NONE', #489, .T. ) ;
#88 = VERTEX_POINT ( 'NONE', #1138 ) ;
#89 = ORIENTED_EDGE ( 'NONE', *, *, #627, .T. ) ;
#90 = DIRECTION ( 'NONE',  ( -0.5150380749100541555, 0.000000000000000000, 0.8571673007021122226 ) ) ;
#91 = ORIENTED_EDGE ( 'NONE', *, *, #1757, .F. ) ;
#92 = EDGE_CURVE ( 'NONE', #292, #1708, #333, .T. ) ;
#93 = ORIENTED_EDGE ( 'NONE', *, *, #716, .F. ) ;
#94 = DIRECTION ( 'NONE',  ( 0.000000000000000000, -0.2588190451025210170, -0.9659258262890682012 ) ) ;
#95 = ORIENTED_EDGE ( 'NONE', *, *, #529, .F. ) ;
#96 = ADVANCED_FACE ( 'NONE', ( #1264 ), #1691, .T. ) ;
#97 = DIRECTION ( 'NONE',  ( 0.000000000000000000, 0.2588190451025210725, 0.9659258262890682012 ) ) ;
#98 = FACE_OUTER_BOUND ( 'NONE', #528, .T. ) ;
#99 = AXIS2_PLACEMENT_3D ( 'NONE', #583, #1046, #723 ) ;
#100 = LINE ( 'NONE', #242, #622 ) ;
#101 = ORIENTED_EDGE ( 'NONE', *, *, #1378, .F. ) ;
#102 = DIRECTION ( 'NONE',  ( 0.000000000000000000, 0.000000000000000000, -1.000000000000000000 ) ) ;
#103 = EDGE_LOOP ( 'NONE', ( #1733, #504, #1294, #1585 ) ) ;
#104 = AXIS2_PLACEMENT_3D ( 'NONE', #166, #1567, #313 ) ;
#105 = AXIS2_PLACEMENT_3D ( 'NONE', #1577, #908, #1212 ) ;
#106 = CIRCLE ( 'NONE', #1033, 2.552699999999990865 ) ;
#107 = ORIENTED_EDGE ( 'NONE', *, *, #1539, .F. ) ;
#108 = AXIS2_PLACEMENT_3D ( 'NONE', #987, #1112, #117 ) ;
#109 = CIRCLE ( 'NONE', #1309, 2.552699999999990865 ) ;
#110 = CARTESIAN_POINT ( 'NONE',  ( 10.94999999999999929, 148.8363115047124552, -33.79156524834496622 ) ) ;
#111 = ADVANCED_FACE ( 'NONE', ( #717 ), #1713, .F. ) ;
#112 = CARTESIAN_POINT ( 'NONE',  ( -20.94999999999999929, 116.9861432285429430, -33.50405737220540203 ) ) ;
#113 = DIRECTION ( 'NONE',  ( -1.000000000000000000, -0.000000000000000000, -0.000000000000000000 ) ) ;
#114 = ORIENTED_EDGE ( 'NONE', *, *, #30, .F. ) ;
#115 = CYLINDRICAL_SURFACE ( 'NONE', #470, 2.552699999999990865 ) ;
#116 = ORIENTED_EDGE ( 'NONE', *, *, #1689, .F. ) ;
#117 = DIRECTION ( 'NONE',  ( 0.000000000000000000, 0.000000000000000000, -1.000000000000000000 ) ) ;
#118 = DIRECTION ( 'NONE',  ( 1.577021341797095835E-16, 0.2588190451025210725, 0.9659258262890682012 ) ) ;
#119 = EDGE_CURVE ( 'NONE', #584, #1721, #499, .T. ) ;
#120 = VERTEX_POINT ( 'NONE', #1038 ) ;
#121 = LINE ( 'NONE', #1227, #564 ) ;
#122 = ORIENTED_EDGE ( 'NONE', *, *, #577, .F. ) ;
#123 = ORIENTED_EDGE ( 'NONE', *, *, #30, .T. ) ;
#124 = ORIENTED_EDGE ( 'NONE', *, *, #638, .F. ) ;
#125 = DIRECTION ( 'NONE',  ( -1.000000000000000000, 0.000000000000000000, 0.000000000000000000 ) ) ;
#126 = CARTESIAN_POINT ( 'NONE',  ( 4.439999999999999503, 79.28965201189956247, -20.26199400096341208 ) ) ;
#127 = DIRECTION ( 'NONE',  ( -1.000000000000000000, -0.000000000000000000, -0.000000000000000000 ) ) ;
#128 = DIRECTION ( 'NONE',  ( -1.000000000000000000, 4.081631577902211589E-17, 1.523285642650855344E-16 ) ) ;
#129 = PRODUCT_RELATED_PRODUCT_CATEGORY ( 'part', '', ( #1094 ) ) ;
#130 = DIRECTION ( 'NONE',  ( -0.000000000000000000, -0.9659258262890680902, 0.2588190451025211281 ) ) ;
#131 = ORIENTED_EDGE ( 'NONE', *, *, #586, .F. ) ;
#132 = CIRCLE ( 'NONE', #1168, 2.552699999999990865 ) ;
#133 = CARTESIAN_POINT ( 'NONE',  ( 10.94999999999999929, 139.3956223984493192, -39.50865921858388674 ) ) ;
#134 = AXIS2_PLACEMENT_3D ( 'NONE', #476, #220, #1570 ) ;
#135 = CIRCLE ( 'NONE', #708, 2.552699999999990865 ) ;
#136 = CIRCLE ( 'NONE', #917, 2.552699999999990865 ) ;
#137 = FACE_OUTER_BOUND ( 'NONE', #1492, .T. ) ;
#138 = FACE_OUTER_BOUND ( 'NONE', #1754, .T. ) ;
#139 = DIRECTION ( 'NONE',  ( 1.000000000000000000, -0.000000000000000000, -0.000000000000000000 ) ) ;
#140 = LINE ( 'NONE', #13, #1028 ) ;
#141 = CARTESIAN_POINT ( 'NONE',  ( 10.94999999999999929, 166.2229763779156997, -41.00300806019032507 ) ) ;
#142 = ORIENTED_EDGE ( 'NONE', *, *, #1539, .T. ) ;
#143 = ADVANCED_FACE ( 'NONE', ( #1576 ), #188, .F. ) ;
#144 = CARTESIAN_POINT ( 'NONE',  ( -20.94999999999999929, 148.8363115047124552, -38.89696524834494795 ) ) ;
#145 = EDGE_LOOP ( 'NONE', ( #1575, #1011 ) ) ;
#146 = SURFACE_STYLE_FILL_AREA ( #1381 ) ;
#147 = VERTEX_POINT ( 'NONE', #1291 ) ;
#148 = CARTESIAN_POINT ( 'NONE',  ( -11.02051181431786908, 186.0474250737808859, -46.49551278091552575 ) ) ;
#149 = LINE ( 'NONE', #11, #285 ) ;
#150 = EDGE_CURVE ( 'NONE', #391, #1434, #1269, .T. ) ;
#151 = CARTESIAN_POINT ( 'NONE',  ( -20.94999999999999929, 79.28965201189956247, -17.70929400096342121 ) ) ;
#152 = DIRECTION ( 'NONE',  ( 1.000000000000000000, -0.000000000000000000, -0.000000000000000000 ) ) ;
#153 = EDGE_LOOP ( 'NONE', ( #1470, #1148, #1749 ) ) ;
#154 = VECTOR ( 'NONE', #1156, 1000.000000000000227 ) ;
#155 = CIRCLE ( 'NONE', #1529, 2.552699999999990865 ) ;
#156 = AXIS2_PLACEMENT_3D ( 'NONE', #724, #745, #39 ) ;
#157 = AXIS2_PLACEMENT_3D ( 'NONE', #141, #1108, #693 ) ;
#158 = CARTESIAN_POINT ( 'NONE',  ( 4.439999999999999503, 96.67631688510279275, -22.36803681280877498 ) ) ;
#159 = DIRECTION ( 'NONE',  ( -1.000000000000000000, 0.000000000000000000, 0.000000000000000000 ) ) ;
#160 = ADVANCED_FACE ( 'NONE', ( #57 ), #447, .F. ) ;
#161 = DIRECTION ( 'NONE',  ( 0.000000000000000000, 0.000000000000000000, -1.000000000000000000 ) ) ;
#162 = CIRCLE ( 'NONE', #1100, 2.552699999999990865 ) ;
#163 = ORIENTED_EDGE ( 'NONE', *, *, #1473, .F. ) ;
#164 = DIRECTION ( 'NONE',  ( 0.000000000000000000, 0.9659258262890682012, -0.2588190451025209615 ) ) ;
#165 = CARTESIAN_POINT ( 'NONE',  ( 7.750000000000001776, 139.1516692504520734, -28.05525418507607327 ) ) ;
#166 = CARTESIAN_POINT ( 'NONE',  ( 20.94999999999999929, 96.67631688510279275, -22.36803681280877498 ) ) ;
#167 = EDGE_CURVE ( 'NONE', #632, #59, #1010, .T. ) ;
#168 = CARTESIAN_POINT ( 'NONE',  ( 20.94999999999999929, 187.4987285476450154, -52.39784766468946486 ) ) ;
#169 = ORIENTED_EDGE ( 'NONE', *, *, #1633, .T. ) ;
#170 = ADVANCED_FACE ( 'NONE', ( #1542 ), #315, .F. ) ;
#171 = EDGE_LOOP ( 'NONE', ( #1581, #261, #1069 ) ) ;
#172 = CARTESIAN_POINT ( 'NONE',  ( -10.94999999999999929, 183.6096412511189158, -48.21445087203569813 ) ) ;
#173 = CARTESIAN_POINT ( 'NONE',  ( 20.94999999999999929, 148.8363115047124552, -36.34426524834495353 ) ) ;
#174 = CARTESIAN_POINT ( 'NONE',  ( -20.94999999999999929, 79.28965201189956247, -20.26199400096341208 ) ) ;
#175 = CARTESIAN_POINT ( 'NONE',  ( 20.94999999999999929, 70.62170356666767645, -21.08074320728438167 ) ) ;
#176 = CARTESIAN_POINT ( 'NONE',  ( -20.94999999999999929, 79.28965201189956247, -15.15659400096343035 ) ) ;
#177 = EDGE_LOOP ( 'NONE', ( #1647, #1071 ) ) ;
#178 = ADVANCED_FACE ( 'NONE', ( #1433 ), #475, .F. ) ;
#179 = CYLINDRICAL_SURFACE ( 'NONE', #221, 2.552699999999990865 ) ;
#180 = EDGE_LOOP ( 'NONE', ( #324, #425, #1639, #1725, #1027, #1032 ) ) ;
#181 = DIRECTION ( 'NONE',  ( 0.000000000000000000, 0.000000000000000000, 1.000000000000000000 ) ) ;
#182 = CARTESIAN_POINT ( 'NONE',  ( -10.94999999999999929, 183.6096412511189158, -45.66175087203571081 ) ) ;
#183 = DIRECTION ( 'NONE',  ( 0.000000000000000000, 0.000000000000000000, 1.000000000000000000 ) ) ;
#184 = AXIS2_PLACEMENT_3D ( 'NONE', #1215, #73, #950 ) ;
#185 = CIRCLE ( 'NONE', #729, 2.552699999999990865 ) ;
#186 = DIRECTION ( 'NONE',  ( 1.000000000000000000, -0.000000000000000000, -0.000000000000000000 ) ) ;
#187 = VECTOR ( 'NONE', #498, 1000.000000000000000 ) ;
#188 = CYLINDRICAL_SURFACE ( 'NONE', #534, 2.552699999999990865 ) ;
#189 = ORIENTED_EDGE ( 'NONE', *, *, #1610, .F. ) ;
#190 = AXIS2_PLACEMENT_3D ( 'NONE', #213, #1719, #763 ) ;
#191 = EDGE_CURVE ( 'NONE', #1217, #1306, #1554, .T. ) ;
#192 = ORIENTED_EDGE ( 'NONE', *, *, #1125, .F. ) ;
#193 = DIRECTION ( 'NONE',  ( 1.000000000000000000, -0.000000000000000000, -0.000000000000000000 ) ) ;
#194 = ORIENTED_EDGE ( 'NONE', *, *, #727, .T. ) ;
#195 = LINE ( 'NONE', #471, #705 ) ;
#196 = CARTESIAN_POINT ( 'NONE',  ( -20.94999999999999929, 79.28965201189956247, -17.70929400096342121 ) ) ;
#197 = LINE ( 'NONE', #755, #327 ) ;
#198 = ORIENTED_EDGE ( 'NONE', *, *, #286, .F. ) ;
#199 = ORIENTED_EDGE ( 'NONE', *, *, #701, .T. ) ;
#200 = FACE_BOUND ( 'NONE', #990, .T. ) ;
#201 = EDGE_LOOP ( 'NONE', ( #1435, #1692, #1571 ) ) ;
#202 = DIRECTION ( 'NONE',  ( -1.000000000000000000, -0.000000000000000000, -0.000000000000000000 ) ) ;
#203 = CARTESIAN_POINT ( 'NONE',  ( 20.94999999999999929, 166.2229763779156997, -41.00300806019032507 ) ) ;
#204 = FACE_OUTER_BOUND ( 'NONE', #1579, .T. ) ;
#205 = DIRECTION ( 'NONE',  ( 0.000000000000000000, -0.9659258262890678681, 0.2588190451025225158 ) ) ;
#206 = CARTESIAN_POINT ( 'NONE',  ( 20.94999999999999929, 148.8363115047124552, -36.34426524834495353 ) ) ;
#207 = ORIENTED_EDGE ( 'NONE', *, *, #1614, .T. ) ;
#208 = DIRECTION ( 'NONE',  ( 0.000000000000000000, 0.000000000000000000, -1.000000000000000000 ) ) ;
#209 = VERTEX_POINT ( 'NONE', #1248 ) ;
#210 = ORIENTED_EDGE ( 'NONE', *, *, #599, .F. ) ;
#211 = DIRECTION ( 'NONE',  ( 1.000000000000000000, -0.000000000000000000, -0.000000000000000000 ) ) ;
#212 = ORIENTED_EDGE ( 'NONE', *, *, #840, .F. ) ;
#213 = CARTESIAN_POINT ( 'NONE',  ( 0.000000000000000000, 0.000000000000000000, 0.000000000000000000 ) ) ;
#214 = CIRCLE ( 'NONE', #62, 2.552699999999990865 ) ;
#215 = DIRECTION ( 'NONE',  ( 0.000000000000000000, -0.9659258262890680902, 0.2588190451025210725 ) ) ;
#216 = EDGE_CURVE ( 'NONE', #1727, #292, #1778, .T. ) ;
#217 = CIRCLE ( 'NONE', #1202, 2.552699999999990865 ) ;
#218 = CARTESIAN_POINT ( 'NONE',  ( -2.906183097808354709, 131.4496466315092391, -31.68552243649956068 ) ) ;
#219 = EDGE_LOOP ( 'NONE', ( #1411, #280 ) ) ;
#220 = DIRECTION ( 'NONE',  ( -1.000000000000000000, -0.000000000000000000, -0.000000000000000000 ) ) ;
#221 = AXIS2_PLACEMENT_3D ( 'NONE', #1693, #894, #42 ) ;
#222 = ORIENTED_EDGE ( 'NONE', *, *, #945, .F. ) ;
#223 = AXIS2_PLACEMENT_3D ( 'NONE', #1532, #1430, #74 ) ;
#224 = DIRECTION ( 'NONE',  ( 1.000000000000000000, -0.000000000000000000, -0.000000000000000000 ) ) ;
#225 = DIRECTION ( 'NONE',  ( 0.000000000000000000, 0.000000000000000000, 1.000000000000000000 ) ) ;
#226 = VERTEX_POINT ( 'NONE', #1361 ) ;
#227 = CARTESIAN_POINT ( 'NONE',  ( 4.439999999999999503, 114.0629817583060230, -27.02677962465417849 ) ) ;
#228 = VERTEX_POINT ( 'NONE', #571 ) ;
#229 = PLANE ( 'NONE',  #1591 ) ;
#230 = FACE_OUTER_BOUND ( 'NONE', #359, .T. ) ;
#231 = EDGE_CURVE ( 'NONE', #60, #1481, #140, .T. ) ;
#232 = ORIENTED_EDGE ( 'NONE', *, *, #465, .T. ) ;
#233 = DIRECTION ( 'NONE',  ( 0.000000000000000000, 0.000000000000000000, -1.000000000000000000 ) ) ;
#234 = ORIENTED_EDGE ( 'NONE', *, *, #1676, .T. ) ;
#235 = ADVANCED_FACE ( 'NONE', ( #1235 ), #1221, .F. ) ;
#236 = CARTESIAN_POINT ( 'NONE',  ( 20.94999999999999929, 183.6096412511189158, -45.66175087203571081 ) ) ;
#237 = ORIENTED_EDGE ( 'NONE', *, *, #1583, .T. ) ;
#238 = LINE ( 'NONE', #649, #681 ) ;
#239 = CARTESIAN_POINT ( 'NONE',  ( 11.02051181431786731, 186.0474250737809143, -46.49551278091551154 ) ) ;
#240 = ORIENTED_EDGE ( 'NONE', *, *, #1220, .T. ) ;
#241 = DIRECTION ( 'NONE',  ( -1.000000000000000000, 0.000000000000000000, -0.000000000000000000 ) ) ;
#242 = CARTESIAN_POINT ( 'NONE',  ( 20.94999999999999929, 114.0629817583060230, -24.47407962465418763 ) ) ;
#243 = ORIENTED_EDGE ( 'NONE', *, *, #1687, .F. ) ;
#244 = LINE ( 'NONE', #1334, #1592 ) ;
#245 = EDGE_LOOP ( 'NONE', ( #427, #379, #1322, #107 ) ) ;
#246 = EDGE_LOOP ( 'NONE', ( #981, #675 ) ) ;
#247 = EDGE_CURVE ( 'NONE', #1404, #1363, #1129, .T. ) ;
#248 = FACE_OUTER_BOUND ( 'NONE', #1454, .T. ) ;
#249 = EDGE_CURVE ( 'NONE', #1166, #1628, #3, .T. ) ;
#250 = DIRECTION ( 'NONE',  ( 0.000000000000000000, 0.000000000000000000, 1.000000000000000000 ) ) ;
#251 = AXIS2_PLACEMENT_3D ( 'NONE', #1164, #1701, #891 ) ;
#252 = EDGE_LOOP ( 'NONE', ( #1608, #1396 ) ) ;
#253 = DIRECTION ( 'NONE',  ( -1.000000000000000000, -0.000000000000000000, -0.000000000000000000 ) ) ;
#254 = ORIENTED_EDGE ( 'NONE', *, *, #361, .T. ) ;
#255 = AXIS2_PLACEMENT_3D ( 'NONE', #1670, #241, #1730 ) ;
#256 = AXIS2_PLACEMENT_3D ( 'NONE', #1086, #1347, #1323 ) ;
#257 = AXIS2_PLACEMENT_3D ( 'NONE', #307, #861, #867 ) ;
#258 = EDGE_CURVE ( 'NONE', #605, #904, #1621, .T. ) ;
#259 = VECTOR ( 'NONE', #680, 1000.000000000000000 ) ;
#260 = LINE ( 'NONE', #268, #590 ) ;
#261 = ORIENTED_EDGE ( 'NONE', *, *, #1004, .T. ) ;
#262 = DIRECTION ( 'NONE',  ( 0.7071067811865533459, -0.6830127018922135251, 0.1830127018922180493 ) ) ;
#263 = ORIENTED_EDGE ( 'NONE', *, *, #21, .F. ) ;
#264 = ORIENTED_EDGE ( 'NONE', *, *, #1220, .F. ) ;
#265 = CARTESIAN_POINT ( 'NONE',  ( 20.94999999999999929, 114.0629817583060230, -27.02677962465417849 ) ) ;
#266 = CARTESIAN_POINT ( 'NONE',  ( 20.94999999999999929, 131.4496466315092391, -31.68552243649956068 ) ) ;
#267 = CARTESIAN_POINT ( 'NONE',  ( -10.94999999999999929, 185.8908998502789700, -46.80723613765825064 ) ) ;
#268 = CARTESIAN_POINT ( 'NONE',  ( 20.94999999999999929, 76.36649054166262829, -11.23201625341220478 ) ) ;
#269 = EDGE_CURVE ( 'NONE', #1041, #938, #1556, .T. ) ;
#270 = LINE ( 'NONE', #1635, #1095 ) ;
#271 = FACE_OUTER_BOUND ( 'NONE', #781, .T. ) ;
#272 = CARTESIAN_POINT ( 'NONE',  ( 40.00000000000032685, 135.3870302193502937, -38.43456018140859953 ) ) ;
#273 = ORIENTED_EDGE ( 'NONE', *, *, #1401, .F. ) ;
#274 = ORIENTED_EDGE ( 'NONE', *, *, #1774, .T. ) ;
#275 = CARTESIAN_POINT ( 'NONE',  ( 20.94999999999999929, 96.67631688510279275, -24.92073681280876585 ) ) ;
#276 = DIRECTION ( 'NONE',  ( 1.577021341797096574E-16, 0.2588190451025210725, 0.9659258262890682012 ) ) ;
#277 = EDGE_LOOP ( 'NONE', ( #1121, #495, #1478 ) ) ;
#278 = EDGE_CURVE ( 'NONE', #88, #29, #416, .T. ) ;
#279 = AXIS2_PLACEMENT_3D ( 'NONE', #628, #485, #1272 ) ;
#280 = ORIENTED_EDGE ( 'NONE', *, *, #1266, .F. ) ;
#281 = VECTOR ( 'NONE', #130, 1000.000000000000114 ) ;
#282 = AXIS2_PLACEMENT_3D ( 'NONE', #1640, #974, #1475 ) ;
#283 = CIRCLE ( 'NONE', #108, 2.552699999999990865 ) ;
#284 = DIRECTION ( 'NONE',  ( 1.000000000000000000, -0.000000000000000000, -0.000000000000000000 ) ) ;
#285 = VECTOR ( 'NONE', #996, 1000.000000000000000 ) ;
#286 = EDGE_CURVE ( 'NONE', #1012, #820, #1519, .T. ) ;
#287 = ORIENTED_EDGE ( 'NONE', *, *, #1774, .F. ) ;
#288 = ADVANCED_FACE ( 'NONE', ( #271 ), #882, .F. ) ;
#289 = LINE ( 'NONE', #841, #592 ) ;
#290 = DIRECTION ( 'NONE',  ( -0.5150380749100541555, 1.049727191138618696E-16, -0.8571673007021122226 ) ) ;
#291 = CARTESIAN_POINT ( 'NONE',  ( -20.94999999999999929, 79.28965201189956247, -20.26199400096341208 ) ) ;
#292 = VERTEX_POINT ( 'NONE', #838 ) ;
#293 = ADVANCED_FACE ( 'NONE', ( #842 ), #63, .F. ) ;
#294 = CARTESIAN_POINT ( 'NONE',  ( 20.94999999999999929, 139.1516692504520734, -28.05525418507607327 ) ) ;
#295 = CYLINDRICAL_SURFACE ( 'NONE', #1674, 2.552699999999990865 ) ;
#296 = DIRECTION ( 'NONE',  ( 0.000000000000000000, 0.000000000000000000, 1.000000000000000000 ) ) ;
#297 = ORIENTED_EDGE ( 'NONE', *, *, #167, .F. ) ;
#298 = CIRCLE ( 'NONE', #1300, 2.552699999999990865 ) ;
#299 = AXIS2_PLACEMENT_3D ( 'NONE', #1636, #431, #20 ) ;
#300 = VECTOR ( 'NONE', #253, 1000.000000000000000 ) ;
#301 = ORIENTED_EDGE ( 'NONE', *, *, #380, .F. ) ;
#302 = ADVANCED_FACE ( 'NONE', ( #1540 ), #585, .F. ) ;
#303 = CARTESIAN_POINT ( 'NONE',  ( -20.94999999999999929, 96.67631688510279275, -22.36803681280877498 ) ) ;
#304 = CARTESIAN_POINT ( 'NONE',  ( -10.94999999999999929, 187.4479605649055998, -40.99620644020215821 ) ) ;
#305 = AXIS2_PLACEMENT_3D ( 'NONE', #266, #545, #1105 ) ;
#306 = DIRECTION ( 'NONE',  ( 1.000000000000000000, -0.000000000000000000, -0.000000000000000000 ) ) ;
#307 = CARTESIAN_POINT ( 'NONE',  ( -4.440000000000003055, 114.0629817583060230, -27.02677962465417849 ) ) ;
#308 = VECTOR ( 'NONE', #710, 1000.000000000000227 ) ;
#309 = VERTEX_POINT ( 'NONE', #328 ) ;
#310 = ORIENTED_EDGE ( 'NONE', *, *, #269, .T. ) ;
#311 = DIRECTION ( 'NONE',  ( -1.000000000000000000, -0.000000000000000000, -0.000000000000000000 ) ) ;
#312 = CARTESIAN_POINT ( 'NONE',  ( 4.439999999999999503, 96.67631688510279275, -22.36803681280877498 ) ) ;
#313 = DIRECTION ( 'NONE',  ( 0.000000000000000000, 0.000000000000000000, -1.000000000000000000 ) ) ;
#314 = EDGE_CURVE ( 'NONE', #924, #22, #1339, .T. ) ;
#315 = CYLINDRICAL_SURFACE ( 'NONE', #251, 2.552699999999990865 ) ;
#316 = ORIENTED_EDGE ( 'NONE', *, *, #678, .F. ) ;
#317 = DIRECTION ( 'NONE',  ( -1.577021341797096574E-16, -0.2588190451025210170, -0.9659258262890682012 ) ) ;
#318 = CARTESIAN_POINT ( 'NONE',  ( -10.95000000000000107, 148.8363115047124552, -38.89696524834494795 ) ) ;
#319 = FACE_OUTER_BOUND ( 'NONE', #537, .T. ) ;
#320 = VERTEX_POINT ( 'NONE', #452 ) ;
#321 = ADVANCED_FACE ( 'NONE', ( #319 ), #1555, .F. ) ;
#322 = DIRECTION ( 'NONE',  ( -1.000000000000000000, -0.000000000000000000, -0.000000000000000000 ) ) ;
#323 = ORIENTED_EDGE ( 'NONE', *, *, #258, .T. ) ;
#324 = ORIENTED_EDGE ( 'NONE', *, *, #1243, .F. ) ;
#325 = DIRECTION ( 'NONE',  ( -1.000000000000000000, -0.000000000000000000, -0.000000000000000000 ) ) ;
#326 = CLOSED_SHELL ( 'NONE', ( #895, #1767, #170, #1502, #1383, #1201, #991, #1665, #1515, #487, #1376, #1079, #302, #111, #982, #795, #1299, #960, #1645, #1652, #143, #967, #414, #459, #871, #96, #905, #1231, #1167, #881, #816, #1237, #15, #412, #1066, #1437, #352, #235, #1512, #1113, #321, #1133, #1641, #178, #610, #1239, #288, #1446, #1715, #711, #1764, #766, #859, #293, #1162, #1408, #160, #428 ) ) ;
#327 = VECTOR ( 'NONE', #1026, 1000.000000000000000 ) ;
#328 = CARTESIAN_POINT ( 'NONE',  ( -20.94999999999999929, 79.28965201189956247, -15.15659400096343035 ) ) ;
#329 = EDGE_LOOP ( 'NONE', ( #1394, #287, #1675, #642 ) ) ;
#330 = CIRCLE ( 'NONE', #1392, 2.552699999999990865 ) ;
#331 = CARTESIAN_POINT ( 'NONE',  ( 7.750000000000001776, 139.1516692504520449, -28.05525418507606616 ) ) ;
#332 = VECTOR ( 'NONE', #1036, 1000.000000000000227 ) ;
#333 = LINE ( 'NONE', #168, #154 ) ;
#334 = DIRECTION ( 'NONE',  ( -0.7071067811865532349, 0.6830127018922135251, -0.1830127018922179938 ) ) ;
#335 = ORIENTED_EDGE ( 'NONE', *, *, #1016, .T. ) ;
#336 = VECTOR ( 'NONE', #1678, 1000.000000000000000 ) ;
#337 = ORIENTED_EDGE ( 'NONE', *, *, #1102, .F. ) ;
#338 = DIRECTION ( 'NONE',  ( -1.000000000000000000, -0.000000000000000000, -0.000000000000000000 ) ) ;
#339 = EDGE_CURVE ( 'NONE', #120, #1520, #195, .T. ) ;
#340 = ORIENTED_EDGE ( 'NONE', *, *, #1364, .T. ) ;
#341 = DIRECTION ( 'NONE',  ( -1.000000000000000000, -0.000000000000000000, -0.000000000000000000 ) ) ;
#342 = DIRECTION ( 'NONE',  ( -1.577021341797096574E-16, -0.2588190451025210725, -0.9659258262890682012 ) ) ;
#343 = CARTESIAN_POINT ( 'NONE',  ( -20.94999999999999929, 114.0629817583060230, -27.02677962465417849 ) ) ;
#344 = CARTESIAN_POINT ( 'NONE',  ( 7.750000000000000000, 136.3046597543243195, -38.68043827425582037 ) ) ;
#345 = DIRECTION ( 'NONE',  ( -1.000000000000000000, -0.000000000000000000, -0.000000000000000000 ) ) ;
#346 = EDGE_LOOP ( 'NONE', ( #852, #511 ) ) ;
#347 = DIRECTION ( 'NONE',  ( 1.000000000000000000, -0.000000000000000000, -0.000000000000000000 ) ) ;
#348 = ORIENTED_EDGE ( 'NONE', *, *, #249, .T. ) ;
#349 = CARTESIAN_POINT ( 'NONE',  ( -20.94999999999999929, 148.8363115047124552, -36.34426524834495353 ) ) ;
#350 = ORIENTED_EDGE ( 'NONE', *, *, #436, .F. ) ;
#351 = LINE ( 'NONE', #1034, #16 ) ;
#352 = ADVANCED_FACE ( 'NONE', ( #1697 ), #1154, .F. ) ;
#353 = CYLINDRICAL_SURFACE ( 'NONE', #36, 2.552699999999990865 ) ;
#354 = LINE ( 'NONE', #738, #360 ) ;
#355 = CYLINDRICAL_SURFACE ( 'NONE', #134, 2.552699999999990865 ) ;
#356 = ORIENTED_EDGE ( 'NONE', *, *, #741, .F. ) ;
#357 = LINE ( 'NONE', #429, #1274 ) ;
#358 = VERTEX_POINT ( 'NONE', #734 ) ;
#359 = EDGE_LOOP ( 'NONE', ( #83, #1255, #657, #1417 ) ) ;
#360 = VECTOR ( 'NONE', #462, 1000.000000000000000 ) ;
#361 = EDGE_CURVE ( 'NONE', #1275, #746, #591, .T. ) ;
#362 = VECTOR ( 'NONE', #342, 1000.000000000000227 ) ;
#363 = CARTESIAN_POINT ( 'NONE',  ( -4.440000000000003055, 96.67631688510279275, -19.81533681280878412 ) ) ;
#364 = CIRCLE ( 'NONE', #1367, 2.552699999999990865 ) ;
#365 = EDGE_CURVE ( 'NONE', #1051, #59, #683, .T. ) ;
#366 = CARTESIAN_POINT ( 'NONE',  ( -10.94999999999999929, 186.1580117834044756, -45.81036083192584130 ) ) ;
#367 = ORIENTED_EDGE ( 'NONE', *, *, #1549, .T. ) ;
#368 = CARTESIAN_POINT ( 'NONE',  ( 10.95000000000000107, 183.6096412511189158, -45.66175087203571081 ) ) ;
#369 = VECTOR ( 'NONE', #1082, 1000.000000000000227 ) ;
#370 = ORIENTED_EDGE ( 'NONE', *, *, #1458, .T. ) ;
#371 = AXIS2_PLACEMENT_3D ( 'NONE', #978, #139, #12 ) ;
#372 = CARTESIAN_POINT ( 'NONE',  ( -4.440000000000003055, 96.67631688510279275, -22.36803681280877498 ) ) ;
#373 = ORIENTED_EDGE ( 'NONE', *, *, #1546, .T. ) ;
#374 = FACE_BOUND ( 'NONE', #346, .T. ) ;
#375 = VERTEX_POINT ( 'NONE', #1438 ) ;
#376 = LINE ( 'NONE', #931, #689 ) ;
#377 = ORIENTED_EDGE ( 'NONE', *, *, #807, .F. ) ;
#378 = FACE_OUTER_BOUND ( 'NONE', #1606, .T. ) ;
#379 = ORIENTED_EDGE ( 'NONE', *, *, #441, .T. ) ;
#380 = EDGE_CURVE ( 'NONE', #735, #1333, #600, .T. ) ;
#381 = EDGE_LOOP ( 'NONE', ( #785, #1219, #933, #718, #911, #237, #1324, #1087, #1260, #1327, #1185, #76 ) ) ;
#382 = ORIENTED_EDGE ( 'NONE', *, *, #1572, .T. ) ;
#383 = DIRECTION ( 'NONE',  ( 1.577021341797096328E-16, 0.2588190451025210170, 0.9659258262890682012 ) ) ;
#384 = CARTESIAN_POINT ( 'NONE',  ( 4.439999999999999503, 131.4496466315092391, -31.68552243649956068 ) ) ;
#385 = DIRECTION ( 'NONE',  ( -1.000000000000000000, 4.081631577902211589E-17, 1.523285642650855344E-16 ) ) ;
#386 = ORIENTED_EDGE ( 'NONE', *, *, #932, .F. ) ;
#387 = DIRECTION ( 'NONE',  ( 1.000000000000000000, -4.081631577902211589E-17, -1.523285642650855344E-16 ) ) ;
#388 = ORIENTED_EDGE ( 'NONE', *, *, #1528, .T. ) ;
#389 = ORIENTED_EDGE ( 'NONE', *, *, #1384, .T. ) ;
#390 = EDGE_CURVE ( 'NONE', #574, #61, #889, .T. ) ;
#391 = VERTEX_POINT ( 'NONE', #582 ) ;
#392 = LINE ( 'NONE', #951, #1228 ) ;
#393 = AXIS2_PLACEMENT_3D ( 'NONE', #1226, #684, #993 ) ;
#394 = AXIS2_PLACEMENT_3D ( 'NONE', #1092, #407, #965 ) ;
#395 = DIRECTION ( 'NONE',  ( 0.000000000000000000, 0.9659258262890680902, -0.2588190451025211836 ) ) ;
#396 = VERTEX_POINT ( 'NONE', #483 ) ;
#397 = CARTESIAN_POINT ( 'NONE',  ( -20.94999999999999929, 114.0629817583060230, -27.02677962465417849 ) ) ;
#398 = ORIENTED_EDGE ( 'NONE', *, *, #572, .T. ) ;
#399 = AXIS2_PLACEMENT_3D ( 'NONE', #1702, #1441, #454 ) ;
#400 = MECHANICAL_DESIGN_GEOMETRIC_PRESENTATION_REPRESENTATION (  '', ( #1173 ), #566 ) ;
#401 = AXIS2_PLACEMENT_3D ( 'NONE', #547, #1643, #940 ) ;
#402 = EDGE_CURVE ( 'NONE', #941, #448, #609, .T. ) ;
#403 = CARTESIAN_POINT ( 'NONE',  ( -20.94999999999999929, 131.4496466315092391, -31.68552243649956068 ) ) ;
#404 = DIRECTION ( 'NONE',  ( 0.000000000000000000, -0.9659258262890680902, 0.2588190451025210725 ) ) ;
#405 = VERTEX_POINT ( 'NONE', #1688 ) ;
#406 = EDGE_CURVE ( 'NONE', #405, #147, #1531, .T. ) ;
#407 = DIRECTION ( 'NONE',  ( -1.000000000000000000, -0.000000000000000000, -0.000000000000000000 ) ) ;
#408 = LINE ( 'NONE', #1210, #1308 ) ;
#409 = CARTESIAN_POINT ( 'NONE',  ( 7.750000000000000000, 139.3956223984493192, -39.50865921858388674 ) ) ;
#410 = LINE ( 'NONE', #1779, #949 ) ;
#411 = CARTESIAN_POINT ( 'NONE',  ( 20.94999999999999929, 148.8363115047124552, -38.89696524834494795 ) ) ;
#412 = ADVANCED_FACE ( 'NONE', ( #1270 ), #1545, .F. ) ;
#413 = CARTESIAN_POINT ( 'NONE',  ( -20.94999999999999929, 166.2229763779156997, -41.00300806019032507 ) ) ;
#414 = ADVANCED_FACE ( 'NONE', ( #875, #1416, #1297, #1280, #623, #1175, #860, #45 ), #1136, .F. ) ;
#415 = CYLINDRICAL_SURFACE ( 'NONE', #887, 2.552699999999990865 ) ;
#416 = CIRCLE ( 'NONE', #1765, 2.552699999999990865 ) ;
#417 = VERTEX_POINT ( 'NONE', #788 ) ;
#418 = CIRCLE ( 'NONE', #105, 2.552699999999990865 ) ;
#419 = VECTOR ( 'NONE', #1720, 1000.000000000000000 ) ;
#420 = VECTOR ( 'NONE', #966, 1000.000000000000000 ) ;
#421 = LINE ( 'NONE', #1527, #1375 ) ;
#422 = PRODUCT_DEFINITION_FORMATION_WITH_SPECIFIED_SOURCE ( 'ANY', '', #1094, .NOT_KNOWN. ) ;
#423 = DIRECTION ( 'NONE',  ( 0.000000000000000000, 0.000000000000000000, 1.000000000000000000 ) ) ;
#424 = EDGE_CURVE ( 'NONE', #1474, #1507, #665, .T. ) ;
#425 = ORIENTED_EDGE ( 'NONE', *, *, #402, .F. ) ;
#426 = CYLINDRICAL_SURFACE ( 'NONE', #835, 2.552699999999990865 ) ;
#427 = ORIENTED_EDGE ( 'NONE', *, *, #750, .F. ) ;
#428 = ADVANCED_FACE ( 'NONE', ( #492 ), #1751, .F. ) ;
#429 = CARTESIAN_POINT ( 'NONE',  ( -10.95000000000000107, 139.3956223984493192, -39.50865921858388674 ) ) ;
#430 = DIRECTION ( 'NONE',  ( 0.000000000000000000, 0.000000000000000000, -1.000000000000000000 ) ) ;
#431 = DIRECTION ( 'NONE',  ( 1.000000000000000000, -4.081631577902211589E-17, -1.523285642650855344E-16 ) ) ;
#432 = DIRECTION ( 'NONE',  ( -0.7071067811865536790, -0.6830127018922134141, 0.1830127018922179660 ) ) ;
#433 = FACE_OUTER_BOUND ( 'NONE', #468, .T. ) ;
#434 = EDGE_LOOP ( 'NONE', ( #93, #1081, #240 ) ) ;
#435 = VECTOR ( 'NONE', #317, 1000.000000000000227 ) ;
#436 = EDGE_CURVE ( 'NONE', #686, #1049, #947, .T. ) ;
#437 = CIRCLE ( 'NONE', #1452, 2.552699999999990865 ) ;
#438 = VECTOR ( 'NONE', #1352, 1000.000000000000000 ) ;
#439 = LINE ( 'NONE', #1685, #829 ) ;
#440 = CARTESIAN_POINT ( 'NONE',  ( -4.440000000000003055, 79.28965201189956247, -17.70929400096342121 ) ) ;
#441 = EDGE_CURVE ( 'NONE', #1443, #1085, #654, .T. ) ;
#442 = CIRCLE ( 'NONE', #1456, 2.552699999999990865 ) ;
#443 = DIRECTION ( 'NONE',  ( 0.000000000000000000, 0.000000000000000000, 1.000000000000000000 ) ) ;
#444 = DIRECTION ( 'NONE',  ( -1.000000000000000000, -0.000000000000000000, -0.000000000000000000 ) ) ;
#445 = ORIENTED_EDGE ( 'NONE', *, *, #543, .T. ) ;
#446 = CIRCLE ( 'NONE', #1599, 2.552699999999990865 ) ;
#447 = CYLINDRICAL_SURFACE ( 'NONE', #1731, 3.199999999999987743 ) ;
#448 = VERTEX_POINT ( 'NONE', #1064 ) ;
#449 = CARTESIAN_POINT ( 'NONE',  ( -4.440000000000003055, 114.0629817583060230, -24.47407962465418763 ) ) ;
#450 = DIRECTION ( 'NONE',  ( 0.000000000000000000, 0.000000000000000000, -1.000000000000000000 ) ) ;
#451 = EDGE_CURVE ( 'NONE', #1213, #391, #1584, .T. ) ;
#452 = CARTESIAN_POINT ( 'NONE',  ( 4.439999999999999503, 79.28965201189956247, -20.26199400096341208 ) ) ;
#453 = CARTESIAN_POINT ( 'NONE',  ( -20.94999999999999929, 183.6096412511189158, -48.21445087203569813 ) ) ;
#454 = DIRECTION ( 'NONE',  ( 0.000000000000000000, 0.000000000000000000, -1.000000000000000000 ) ) ;
#455 = ORIENTED_EDGE ( 'NONE', *, *, #53, .T. ) ;
#456 = CARTESIAN_POINT ( 'NONE',  ( 10.95000000000000107, 186.1580117834045041, -45.81036083192584840 ) ) ;
#457 = DIRECTION ( 'NONE',  ( -1.000000000000000000, -0.000000000000000000, -0.000000000000000000 ) ) ;
#458 = DIRECTION ( 'NONE',  ( -1.000000000000000000, -0.000000000000000000, -0.000000000000000000 ) ) ;
#459 = ADVANCED_FACE ( 'NONE', ( #1457 ), #229, .T. ) ;
#460 = SURFACE_SIDE_STYLE ('',( #146 ) ) ;
#461 = DIRECTION ( 'NONE',  ( 0.7071067811865415775, -0.6830127018922251825, 0.1830127018922209914 ) ) ;
#462 = DIRECTION ( 'NONE',  ( 1.000000000000000000, -0.000000000000000000, -0.000000000000000000 ) ) ;
#463 = LINE ( 'NONE', #878, #540 ) ;
#464 = VERTEX_POINT ( 'NONE', #1083 ) ;
#465 = EDGE_CURVE ( 'NONE', #1302, #1404, #1073, .T. ) ;
#466 = ORIENTED_EDGE ( 'NONE', *, *, #1494, .F. ) ;
#467 = CARTESIAN_POINT ( 'NONE',  ( -4.440000000000003055, 79.28965201189956247, -17.70929400096342121 ) ) ;
#468 = EDGE_LOOP ( 'NONE', ( #614, #1604, #1449 ) ) ;
#469 = AXIS2_PLACEMENT_3D ( 'NONE', #866, #1023, #1145 ) ;
#470 = AXIS2_PLACEMENT_3D ( 'NONE', #817, #1479, #233 ) ;
#471 = CARTESIAN_POINT ( 'NONE',  ( -4.440000000000003055, 79.28965201189956247, -15.15659400096343035 ) ) ;
#472 = AXIS2_PLACEMENT_3D ( 'NONE', #1357, #1632, #383 ) ;
#473 = CARTESIAN_POINT ( 'NONE',  ( 4.439999999999999503, 114.0629817583060230, -29.57947962465416936 ) ) ;
#474 = CIRCLE ( 'NONE', #1065, 3.199999999999988187 ) ;
#475 = CYLINDRICAL_SURFACE ( 'NONE', #1482, 2.552699999999990865 ) ;
#476 = CARTESIAN_POINT ( 'NONE',  ( -20.94999999999999929, 96.67631688510279275, -22.36803681280877498 ) ) ;
#477 = EDGE_LOOP ( 'NONE', ( #1186, #812, #1326, #340 ) ) ;
#478 = AXIS2_PLACEMENT_3D ( 'NONE', #1406, #1649, #450 ) ;
#479 = EDGE_CURVE ( 'NONE', #59, #1051, #704, .T. ) ;
#480 = ORIENTED_EDGE ( 'NONE', *, *, #543, .F. ) ;
#481 = PLANE ( 'NONE',  #1510 ) ;
#482 = ORIENTED_EDGE ( 'NONE', *, *, #597, .T. ) ;
#483 = CARTESIAN_POINT ( 'NONE',  ( 13.95000000000005258, 187.4987285476450154, -52.39784766468946486 ) ) ;
#484 = DIRECTION ( 'NONE',  ( -1.577021341797095835E-16, -0.2588190451025210725, -0.9659258262890682012 ) ) ;
#485 = DIRECTION ( 'NONE',  ( 1.000000000000000000, -0.000000000000000000, -0.000000000000000000 ) ) ;
#486 = ORIENTED_EDGE ( 'NONE', *, *, #1007, .T. ) ;
#487 = ADVANCED_FACE ( 'NONE', ( #553 ), #836, .F. ) ;
#488 = CARTESIAN_POINT ( 'NONE',  ( 20.94999999999999929, 96.67631688510279275, -22.36803681280877498 ) ) ;
#489 = EDGE_LOOP ( 'NONE', ( #1139, #1181, #199, #953, #356, #1666, #549, #1616, #116, #1365, #630, #513 ) ) ;
#490 = SHAPE_DEFINITION_REPRESENTATION ( #565, #1044 ) ;
#491 = EDGE_CURVE ( 'NONE', #320, #779, #155, .T. ) ;
#492 = FACE_OUTER_BOUND ( 'NONE', #1009, .T. ) ;
#493 =( LENGTH_UNIT ( ) NAMED_UNIT ( * ) SI_UNIT ( .MILLI., .METRE. ) );
#494 = ORIENTED_EDGE ( 'NONE', *, *, #664, .T. ) ;
#495 = ORIENTED_EDGE ( 'NONE', *, *, #716, .T. ) ;
#496 = CARTESIAN_POINT ( 'NONE',  ( -20.94999999999999929, 96.67631688510279275, -22.36803681280877498 ) ) ;
#497 = ORIENTED_EDGE ( 'NONE', *, *, #1718, .F. ) ;
#498 = DIRECTION ( 'NONE',  ( -1.000000000000000000, 0.000000000000000000, 0.000000000000000000 ) ) ;
#499 = CIRCLE ( 'NONE', #99, 2.552699999999990865 ) ;
#500 = EDGE_CURVE ( 'NONE', #735, #1520, #1200, .T. ) ;
#501 = AXIS2_PLACEMENT_3D ( 'NONE', #1667, #1267, #1453 ) ;
#502 = DIRECTION ( 'NONE',  ( 0.000000000000000000, 0.000000000000000000, -1.000000000000000000 ) ) ;
#503 = CIRCLE ( 'NONE', #999, 2.552699999999990865 ) ;
#504 = ORIENTED_EDGE ( 'NONE', *, *, #167, .T. ) ;
#505 = FACE_OUTER_BOUND ( 'NONE', #1750, .T. ) ;
#506 = AXIS2_PLACEMENT_3D ( 'NONE', #409, #1360, #395 ) ;
#507 = EDGE_LOOP ( 'NONE', ( #350, #1286, #1348, #1098 ) ) ;
#508 = CIRCLE ( 'NONE', #257, 2.552699999999990865 ) ;
#509 = VERTEX_POINT ( 'NONE', #1654 ) ;
#510 = CONICAL_SURFACE ( 'NONE', #478, 2.552699999999990865, 1.029744258676652535 ) ;
#511 = ORIENTED_EDGE ( 'NONE', *, *, #1062, .F. ) ;
#512 = DIRECTION ( 'NONE',  ( 1.000000000000000000, -0.000000000000000000, -0.000000000000000000 ) ) ;
#513 = ORIENTED_EDGE ( 'NONE', *, *, #424, .F. ) ;
#514 = FACE_OUTER_BOUND ( 'NONE', #1265, .T. ) ;
#515 = DIRECTION ( 'NONE',  ( 1.000000000000000000, -0.000000000000000000, -0.000000000000000000 ) ) ;
#516 = EDGE_CURVE ( 'NONE', #1653, #1602, #1522, .T. ) ;
#517 = ORIENTED_EDGE ( 'NONE', *, *, #695, .T. ) ;
#518 = DIRECTION ( 'NONE',  ( 0.000000000000000000, 0.2588190451025210170, 0.9659258262890682012 ) ) ;
#519 = ORIENTED_EDGE ( 'NONE', *, *, #1659, .T. ) ;
#520 = ORIENTED_EDGE ( 'NONE', *, *, #1700, .F. ) ;
#521 = CARTESIAN_POINT ( 'NONE',  ( 20.94999999999999929, 131.4496466315092391, -34.23822243649954800 ) ) ;
#522 = VERTEX_POINT ( 'NONE', #844 ) ;
#523 = DIRECTION ( 'NONE',  ( 0.000000000000000000, 0.9659258262890682012, -0.2588190451025210725 ) ) ;
#524 = DIRECTION ( 'NONE',  ( 0.7071067811865535679, 0.6830127018922133031, -0.1830127018922179938 ) ) ;
#525 = VERTEX_POINT ( 'NONE', #1388 ) ;
#526 = PLANE ( 'NONE',  #256 ) ;
#527 = ORIENTED_EDGE ( 'NONE', *, *, #79, .T. ) ;
#528 = EDGE_LOOP ( 'NONE', ( #1573, #1525, #389, #943 ) ) ;
#529 = EDGE_CURVE ( 'NONE', #358, #635, #132, .T. ) ;
#530 = FACE_OUTER_BOUND ( 'NONE', #103, .T. ) ;
#531 = ORIENTED_EDGE ( 'NONE', *, *, #695, .F. ) ;
#532 = DIRECTION ( 'NONE',  ( 0.000000000000000000, 0.000000000000000000, -1.000000000000000000 ) ) ;
#533 = LINE ( 'NONE', #1509, #1122 ) ;
#534 = AXIS2_PLACEMENT_3D ( 'NONE', #1402, #38, #744 ) ;
#535 = VECTOR ( 'NONE', #722, 1000.000000000000114 ) ;
#536 = CARTESIAN_POINT ( 'NONE',  ( -20.94999999999999929, 166.2229763779156997, -38.45030806019033776 ) ) ;
#537 = EDGE_LOOP ( 'NONE', ( #263, #1171, #650, #482 ) ) ;
#538 = CARTESIAN_POINT ( 'NONE',  ( 0.000000000000000000, 188.0381572397664627, -50.38467237863196857 ) ) ;
#539 = ORIENTED_EDGE ( 'NONE', *, *, #216, .T. ) ;
#540 = VECTOR ( 'NONE', #613, 1000.000000000000114 ) ;
#541 = AXIS2_PLACEMENT_3D ( 'NONE', #1627, #1753, #962 ) ;
#542 = VECTOR ( 'NONE', #692, 1000.000000000000000 ) ;
#543 = EDGE_CURVE ( 'NONE', #574, #147, #653, .T. ) ;
#544 = AXIS2_PLACEMENT_3D ( 'NONE', #1728, #202, #183 ) ;
#545 = DIRECTION ( 'NONE',  ( 1.000000000000000000, -0.000000000000000000, -0.000000000000000000 ) ) ;
#546 = CARTESIAN_POINT ( 'NONE',  ( -20.94999999999999929, 166.2229763779156997, -41.00300806019032507 ) ) ;
#547 = CARTESIAN_POINT ( 'NONE',  ( -7.750000000000000000, 142.2426318945770731, -28.88347512940413608 ) ) ;
#548 = CYLINDRICAL_SURFACE ( 'NONE', #1703, 2.552699999999990865 ) ;
#549 = ORIENTED_EDGE ( 'NONE', *, *, #1052, .F. ) ;
#550 = FACE_BOUND ( 'NONE', #712, .T. ) ;
#551 = EDGE_CURVE ( 'NONE', #72, #509, #1271, .T. ) ;
#552 = CARTESIAN_POINT ( 'NONE',  ( 20.94999999999999929, 79.28965201189956247, -15.15659400096343035 ) ) ;
#553 = FACE_OUTER_BOUND ( 'NONE', #1761, .T. ) ;
#554 = CYLINDRICAL_SURFACE ( 'NONE', #626, 2.552699999999990865 ) ;
#555 = EDGE_CURVE ( 'NONE', #509, #72, #214, .T. ) ;
#556 = CARTESIAN_POINT ( 'NONE',  ( 20.94999999999999929, 190.3457380437727409, -41.77266357550971065 ) ) ;
#557 = EDGE_LOOP ( 'NONE', ( #194, #1663 ) ) ;
#558 = EDGE_CURVE ( 'NONE', #1710, #358, #1465, .T. ) ;
#559 = DIRECTION ( 'NONE',  ( -0.000000000000000000, -0.9659258262890680902, 0.2588190451025211281 ) ) ;
#560 = EDGE_CURVE ( 'NONE', #375, #584, #575, .T. ) ;
#561 = DIRECTION ( 'NONE',  ( 1.000000000000000000, -4.081631577902211589E-17, -1.523285642650855344E-16 ) ) ;
#562 = AXIS2_PLACEMENT_3D ( 'NONE', #897, #1407, #1015 ) ;
#563 = EDGE_LOOP ( 'NONE', ( #713, #643, #1160, #1681 ) ) ;
#564 = VECTOR ( 'NONE', #404, 1000.000000000000114 ) ;
#565 = PRODUCT_DEFINITION_SHAPE ( 'NONE', 'NONE',  #1657 ) ;
#566 =( GEOMETRIC_REPRESENTATION_CONTEXT ( 3 ) GLOBAL_UNCERTAINTY_ASSIGNED_CONTEXT ( ( #27 ) ) GLOBAL_UNIT_ASSIGNED_CONTEXT ( ( #493, #1310, #1155 ) ) REPRESENTATION_CONTEXT ( 'NONE', 'WORKASPACE' ) );
#567 = VECTOR ( 'NONE', #1631, 1000.000000000000000 ) ;
#568 = DIRECTION ( 'NONE',  ( -1.000000000000000000, -0.000000000000000000, -0.000000000000000000 ) ) ;
#569 = DIRECTION ( 'NONE',  ( -1.000000000000000000, -0.000000000000000000, -0.000000000000000000 ) ) ;
#570 = CONICAL_SURFACE ( 'NONE', #631, 2.552699999999990865, 1.029744258676654534 ) ;
#571 = CARTESIAN_POINT ( 'NONE',  ( 10.94999999999999929, 148.8363115047124552, -38.89696524834494795 ) ) ;
#572 = EDGE_CURVE ( 'NONE', #1110, #1561, #619, .T. ) ;
#573 = DIRECTION ( 'NONE',  ( -1.000000000000000000, -0.000000000000000000, -0.000000000000000000 ) ) ;
#574 = VERTEX_POINT ( 'NONE', #449 ) ;
#575 = LINE ( 'NONE', #784, #33 ) ;
#576 = CARTESIAN_POINT ( 'NONE',  ( -10.95000000000000107, 166.2229763779156997, -41.00300806019032507 ) ) ;
#577 = EDGE_CURVE ( 'NONE', #1434, #391, #1090, .T. ) ;
#578 = EDGE_LOOP ( 'NONE', ( #725, #855 ) ) ;
#579 = ORIENTED_EDGE ( 'NONE', *, *, #249, .F. ) ;
#580 = CARTESIAN_POINT ( 'NONE',  ( 4.439999999999999503, 96.67631688510279275, -19.81533681280878412 ) ) ;
#581 = DIRECTION ( 'NONE',  ( -1.000000000000000000, -0.000000000000000000, -0.000000000000000000 ) ) ;
#582 = CARTESIAN_POINT ( 'NONE',  ( -4.440000000000003055, 96.67631688510279275, -19.81533681280878412 ) ) ;
#583 = CARTESIAN_POINT ( 'NONE',  ( -20.94999999999999929, 148.8363115047124552, -36.34426524834495353 ) ) ;
#584 = VERTEX_POINT ( 'NONE', #598 ) ;
#585 = CONICAL_SURFACE ( 'NONE', #8, 2.552699999999990865, 1.029744258676652535 ) ;
#586 = EDGE_CURVE ( 'NONE', #1481, #1039, #864, .T. ) ;
#587 = CIRCLE ( 'NONE', #1594, 2.552699999999990865 ) ;
#588 = CARTESIAN_POINT ( 'NONE',  ( 4.439999999999999503, 96.67631688510279275, -24.92073681280876585 ) ) ;
#589 = DIRECTION ( 'NONE',  ( 1.000000000000000000, -0.000000000000000000, -0.000000000000000000 ) ) ;
#590 = VECTOR ( 'NONE', #815, 1000.000000000000227 ) ;
#591 = LINE ( 'NONE', #54, #1390 ) ;
#592 = VECTOR ( 'NONE', #992, 1000.000000000000000 ) ;
#593 = CARTESIAN_POINT ( 'NONE',  ( 7.750000000000000000, 139.3956223984493192, -39.50865921858388674 ) ) ;
#594 = CARTESIAN_POINT ( 'NONE',  ( -4.440000000000003055, 79.28965201189956247, -20.26199400096341208 ) ) ;
#595 = EDGE_LOOP ( 'NONE', ( #273, #1618, #169, #607 ) ) ;
#596 = LINE ( 'NONE', #1149, #1205 ) ;
#597 = EDGE_CURVE ( 'NONE', #209, #464, #1648, .T. ) ;
#598 = CARTESIAN_POINT ( 'NONE',  ( -20.94999999999999929, 148.8363115047124552, -33.79156524834496622 ) ) ;
#599 = EDGE_CURVE ( 'NONE', #820, #22, #439, .T. ) ;
#600 = LINE ( 'NONE', #174, #1029 ) ;
#601 = DIRECTION ( 'NONE',  ( 0.000000000000000000, 0.000000000000000000, 1.000000000000000000 ) ) ;
#602 = CARTESIAN_POINT ( 'NONE',  ( -20.94999999999999929, 148.8363115047124552, -36.34426524834495353 ) ) ;
#603 = ORIENTED_EDGE ( 'NONE', *, *, #1, .T. ) ;
#604 = DIRECTION ( 'NONE',  ( 0.000000000000000000, 0.000000000000000000, -1.000000000000000000 ) ) ;
#605 = VERTEX_POINT ( 'NONE', #1553 ) ;
#606 = CARTESIAN_POINT ( 'NONE',  ( -10.94999999999999929, 183.6096412511189158, -43.10905087203571640 ) ) ;
#607 = ORIENTED_EDGE ( 'NONE', *, *, #641, .T. ) ;
#608 = EDGE_CURVE ( 'NONE', #226, #522, #357, .T. ) ;
#609 = LINE ( 'NONE', #26, #362 ) ;
#610 = ADVANCED_FACE ( 'NONE', ( #24 ), #1152, .F. ) ;
#611 = DIRECTION ( 'NONE',  ( -1.000000000000000000, -0.000000000000000000, -0.000000000000000000 ) ) ;
#612 = DIRECTION ( 'NONE',  ( -1.000000000000000000, -0.000000000000000000, -0.000000000000000000 ) ) ;
#613 = DIRECTION ( 'NONE',  ( -0.000000000000000000, -0.9659258262890680902, 0.2588190451025211281 ) ) ;
#614 = ORIENTED_EDGE ( 'NONE', *, *, #1614, .F. ) ;
#615 = VECTOR ( 'NONE', #1241, 1000.000000000000227 ) ;
#616 = ORIENTED_EDGE ( 'NONE', *, *, #441, .F. ) ;
#617 = FACE_OUTER_BOUND ( 'NONE', #477, .T. ) ;
#618 = ORIENTED_EDGE ( 'NONE', *, *, #1426, .T. ) ;
#619 = CIRCLE ( 'NONE', #501, 2.552699999999990865 ) ;
#620 = PRODUCT_CONTEXT ( 'NONE', #1550, 'mechanical' ) ;
#621 = CIRCLE ( 'NONE', #1623, 2.552699999999990865 ) ;
#622 = VECTOR ( 'NONE', #1332, 1000.000000000000000 ) ;
#623 = FACE_BOUND ( 'NONE', #956, .T. ) ;
#624 = CIRCLE ( 'NONE', #1533, 2.552699999999990865 ) ;
#625 = LINE ( 'NONE', #743, #419 ) ;
#626 = AXIS2_PLACEMENT_3D ( 'NONE', #1745, #113, #975 ) ;
#627 = EDGE_CURVE ( 'NONE', #1377, #1714, #503, .T. ) ;
#628 = CARTESIAN_POINT ( 'NONE',  ( 20.94999999999999929, 96.67631688510279275, -22.36803681280877498 ) ) ;
#629 = DIRECTION ( 'NONE',  ( 1.000000000000000000, -0.000000000000000000, -0.000000000000000000 ) ) ;
#630 = ORIENTED_EDGE ( 'NONE', *, *, #1246, .T. ) ;
#631 = AXIS2_PLACEMENT_3D ( 'NONE', #440, #581, #1385 ) ;
#632 = VERTEX_POINT ( 'NONE', #172 ) ;
#633 = CARTESIAN_POINT ( 'NONE',  ( 11.02051181431786731, 186.1377049249188360, -46.15858378956897923 ) ) ;
#634 = CARTESIAN_POINT ( 'NONE',  ( 10.95000000000000107, 183.6096412511189158, -43.10905087203571640 ) ) ;
#635 = VERTEX_POINT ( 'NONE', #588 ) ;
#636 = CARTESIAN_POINT ( 'NONE',  ( 20.94999999999999929, 136.3046597543243195, -38.68043827425582037 ) ) ;
#637 = ORIENTED_EDGE ( 'NONE', *, *, #1315, .T. ) ;
#638 = EDGE_CURVE ( 'NONE', #522, #417, #1530, .T. ) ;
#639 = CARTESIAN_POINT ( 'NONE',  ( -20.94999999999999929, 96.67631688510279275, -19.81533681280878412 ) ) ;
#640 = VERTEX_POINT ( 'NONE', #720 ) ;
#641 = EDGE_CURVE ( 'NONE', #647, #1461, #437, .T. ) ;
#642 = ORIENTED_EDGE ( 'NONE', *, *, #92, .F. ) ;
#643 = ORIENTED_EDGE ( 'NONE', *, *, #191, .F. ) ;
#644 = CARTESIAN_POINT ( 'NONE',  ( -20.94999999999999929, 114.0629817583060230, -29.57947962465416936 ) ) ;
#645 = ORIENTED_EDGE ( 'NONE', *, *, #555, .T. ) ;
#646 = PLANE ( 'NONE',  #1485 ) ;
#647 = VERTEX_POINT ( 'NONE', #639 ) ;
#648 = ORIENTED_EDGE ( 'NONE', *, *, #1401, .T. ) ;
#649 = CARTESIAN_POINT ( 'NONE',  ( 20.94999999999999929, 96.67631688510279275, -19.81533681280878412 ) ) ;
#650 = ORIENTED_EDGE ( 'NONE', *, *, #1473, .T. ) ;
#651 = EDGE_CURVE ( 'NONE', #1613, #60, #857, .T. ) ;
#652 = AXIS2_PLACEMENT_3D ( 'NONE', #926, #81, #1188 ) ;
#653 = CIRCLE ( 'NONE', #394, 2.552699999999990865 ) ;
#654 = LINE ( 'NONE', #1053, #1484 ) ;
#655 = CARTESIAN_POINT ( 'NONE',  ( 20.94999999999999929, 79.28965201189956247, -17.70929400096342121 ) ) ;
#656 = CIRCLE ( 'NONE', #1222, 2.552699999999990865 ) ;
#657 = ORIENTED_EDGE ( 'NONE', *, *, #1563, .T. ) ;
#658 = LINE ( 'NONE', #1491, #281 ) ;
#659 = AXIS2_PLACEMENT_3D ( 'NONE', #920, #85, #1448 ) ;
#660 = EDGE_LOOP ( 'NONE', ( #670, #907, #792, #17, #382, #494, #1118, #761 ) ) ;
#661 = ORIENTED_EDGE ( 'NONE', *, *, #560, .T. ) ;
#662 = AXIS2_PLACEMENT_3D ( 'NONE', #655, #1501, #1368 ) ;
#663 = ORIENTED_EDGE ( 'NONE', *, *, #560, .F. ) ;
#664 = EDGE_CURVE ( 'NONE', #632, #1208, #185, .T. ) ;
#665 = LINE ( 'NONE', #112, #1418 ) ;
#666 = LINE ( 'NONE', #1752, #1598 ) ;
#667 = EDGE_CURVE ( 'NONE', #1461, #647, #217, .T. ) ;
#668 = ORIENTED_EDGE ( 'NONE', *, *, #667, .F. ) ;
#669 = DIRECTION ( 'NONE',  ( 0.000000000000000000, 0.9659258262890682012, -0.2588190451025210170 ) ) ;
#670 = ORIENTED_EDGE ( 'NONE', *, *, #876, .T. ) ;
#671 = CARTESIAN_POINT ( 'NONE',  ( 20.94999999999999929, 79.28965201189956247, -15.15659400096343035 ) ) ;
#672 = CARTESIAN_POINT ( 'NONE',  ( -20.94999999999999929, 148.8363115047124552, -38.89696524834494795 ) ) ;
#673 = CARTESIAN_POINT ( 'NONE',  ( -20.94999999999999929, 114.0629817583060230, -27.02677962465417849 ) ) ;
#674 = CARTESIAN_POINT ( 'NONE',  ( 20.94999999999999929, 114.0629817583060230, -29.57947962465416936 ) ) ;
#675 = ORIENTED_EDGE ( 'NONE', *, *, #1131, .F. ) ;
#676 = FACE_OUTER_BOUND ( 'NONE', #381, .T. ) ;
#677 = ORIENTED_EDGE ( 'NONE', *, *, #1387, .T. ) ;
#678 = EDGE_CURVE ( 'NONE', #405, #574, #1593, .T. ) ;
#679 = DIRECTION ( 'NONE',  ( 1.000000000000000000, -0.000000000000000000, -0.000000000000000000 ) ) ;
#680 = DIRECTION ( 'NONE',  ( 0.5150380749100558209, 0.000000000000000000, -0.8571673007021113344 ) ) ;
#681 = VECTOR ( 'NONE', #1301, 1000.000000000000000 ) ;
#682 = LINE ( 'NONE', #1503, #1002 ) ;
#683 = CIRCLE ( 'NONE', #469, 2.552699999999990865 ) ;
#684 = DIRECTION ( 'NONE',  ( 1.000000000000000000, -0.000000000000000000, -0.000000000000000000 ) ) ;
#685 = CARTESIAN_POINT ( 'NONE',  ( 10.95000000000000107, 183.6096412511189158, -45.66175087203571081 ) ) ;
#686 = VERTEX_POINT ( 'NONE', #1070 ) ;
#687 = VECTOR ( 'NONE', #164, 1000.000000000000227 ) ;
#688 = EDGE_CURVE ( 'NONE', #1049, #1110, #1739, .T. ) ;
#689 = VECTOR ( 'NONE', #1568, 1000.000000000000114 ) ;
#690 = VECTOR ( 'NONE', #1232, 1000.000000000000227 ) ;
#691 = DIRECTION ( 'NONE',  ( 0.000000000000000000, 0.000000000000000000, -1.000000000000000000 ) ) ;
#692 = DIRECTION ( 'NONE',  ( -1.000000000000000000, -0.000000000000000000, -0.000000000000000000 ) ) ;
#693 = DIRECTION ( 'NONE',  ( 0.000000000000000000, 0.000000000000000000, -1.000000000000000000 ) ) ;
#694 = ORIENTED_EDGE ( 'NONE', *, *, #1340, .F. ) ;
#695 = EDGE_CURVE ( 'NONE', #1520, #309, #1292, .T. ) ;
#696 = CARTESIAN_POINT ( 'NONE',  ( 4.439999999999999503, 79.28965201189956247, -17.70929400096342121 ) ) ;
#697 = DIRECTION ( 'NONE',  ( 0.000000000000000000, 0.000000000000000000, -1.000000000000000000 ) ) ;
#698 = CARTESIAN_POINT ( 'NONE',  ( -20.94999999999999929, 183.6096412511189158, -45.66175087203571081 ) ) ;
#699 = CARTESIAN_POINT ( 'NONE',  ( 20.94999999999999929, 73.46871306279543035, -10.45555911810464167 ) ) ;
#700 = ORIENTED_EDGE ( 'NONE', *, *, #555, .F. ) ;
#701 = EDGE_CURVE ( 'NONE', #1158, #522, #463, .T. ) ;
#702 = CARTESIAN_POINT ( 'NONE',  ( -11.02051181431786908, 186.1377049249188360, -46.15858378956897923 ) ) ;
#703 = DIRECTION ( 'NONE',  ( 1.000000000000000000, -0.000000000000000000, -0.000000000000000000 ) ) ;
#704 = CIRCLE ( 'NONE', #979, 2.552699999999990865 ) ;
#705 = VECTOR ( 'NONE', #715, 1000.000000000000114 ) ;
#706 = ORIENTED_EDGE ( 'NONE', *, *, #1191, .F. ) ;
#707 = VECTOR ( 'NONE', #262, 1000.000000000000227 ) ;
#708 = AXIS2_PLACEMENT_3D ( 'NONE', #265, #679, #1214 ) ;
#709 = AXIS2_PLACEMENT_3D ( 'NONE', #1399, #888, #443 ) ;
#710 = DIRECTION ( 'NONE',  ( 1.577021341797096574E-16, 0.2588190451025210725, 0.9659258262890682012 ) ) ;
#711 = ADVANCED_FACE ( 'NONE', ( #1283 ), #77, .F. ) ;
#712 = EDGE_LOOP ( 'NONE', ( #1740, #519 ) ) ;
#713 = ORIENTED_EDGE ( 'NONE', *, *, #1546, .F. ) ;
#714 = DIRECTION ( 'NONE',  ( 0.000000000000000000, 0.000000000000000000, 1.000000000000000000 ) ) ;
#715 = DIRECTION ( 'NONE',  ( -0.5150380749100541555, 0.000000000000000000, 0.8571673007021122226 ) ) ;
#716 = EDGE_CURVE ( 'NONE', #839, #686, #197, .T. ) ;
#717 = FACE_OUTER_BOUND ( 'NONE', #23, .T. ) ;
#718 = ORIENTED_EDGE ( 'NONE', *, *, #651, .F. ) ;
#719 = EDGE_LOOP ( 'NONE', ( #818, #803 ) ) ;
#720 = CARTESIAN_POINT ( 'NONE',  ( 10.95000000000000107, 185.8908998502789700, -46.80723613765824354 ) ) ;
#721 = CARTESIAN_POINT ( 'NONE',  ( 20.94999999999999929, 166.2229763779156997, -43.55570806019031949 ) ) ;
#722 = DIRECTION ( 'NONE',  ( -0.5150380749100541555, 1.049727191138618696E-16, -0.8571673007021122226 ) ) ;
#723 = DIRECTION ( 'NONE',  ( 0.000000000000000000, 0.000000000000000000, 1.000000000000000000 ) ) ;
#724 = CARTESIAN_POINT ( 'NONE',  ( -10.95000000000000107, 148.8363115047124552, -36.34426524834495353 ) ) ;
#725 = ORIENTED_EDGE ( 'NONE', *, *, #1187, .F. ) ;
#726 = VECTOR ( 'NONE', #877, 1000.000000000000000 ) ;
#727 = EDGE_CURVE ( 'NONE', #375, #1781, #1738, .T. ) ;
#728 = AXIS2_PLACEMENT_3D ( 'NONE', #1500, #821, #1660 ) ;
#729 = AXIS2_PLACEMENT_3D ( 'NONE', #182, #732, #1279 ) ;
#730 = EDGE_CURVE ( 'NONE', #1363, #1481, #901, .T. ) ;
#731 = AXIS2_PLACEMENT_3D ( 'NONE', #1345, #128, #969 ) ;
#732 = DIRECTION ( 'NONE',  ( -1.000000000000000000, 4.081631577902211589E-17, 1.523285642650855344E-16 ) ) ;
#733 = CIRCLE ( 'NONE', #371, 2.552699999999990865 ) ;
#734 = CARTESIAN_POINT ( 'NONE',  ( 4.439999999999999503, 96.67631688510279275, -19.81533681280878412 ) ) ;
#735 = VERTEX_POINT ( 'NONE', #594 ) ;
#736 = AXIS2_PLACEMENT_3D ( 'NONE', #1582, #341, #52 ) ;
#737 = CYLINDRICAL_SURFACE ( 'NONE', #1768, 2.552699999999990865 ) ;
#738 = CARTESIAN_POINT ( 'NONE',  ( 20.94999999999999929, 166.2229763779156997, -38.45030806019033776 ) ) ;
#739 = ORIENTED_EDGE ( 'NONE', *, *, #558, .T. ) ;
#740 = DIRECTION ( 'NONE',  ( 0.000000000000000000, 0.000000000000000000, -1.000000000000000000 ) ) ;
#741 = EDGE_CURVE ( 'NONE', #49, #417, #1147, .T. ) ;
#742 = CARTESIAN_POINT ( 'NONE',  ( 20.94999999999999929, 131.4496466315092391, -31.68552243649956068 ) ) ;
#743 = CARTESIAN_POINT ( 'NONE',  ( 4.439999999999999503, 96.67631688510279275, -24.92073681280876585 ) ) ;
#744 = DIRECTION ( 'NONE',  ( 0.000000000000000000, 0.000000000000000000, -1.000000000000000000 ) ) ;
#745 = DIRECTION ( 'NONE',  ( -1.000000000000000000, 4.081631577902211589E-17, 1.523285642650855344E-16 ) ) ;
#746 = VERTEX_POINT ( 'NONE', #58 ) ;
#747 = ORIENTED_EDGE ( 'NONE', *, *, #1659, .F. ) ;
#748 = ORIENTED_EDGE ( 'NONE', *, *, #846, .T. ) ;
#749 = APPLICATION_PROTOCOL_DEFINITION ( 'draft international standard', 'automotive_design', 1998, #1550 ) ;
#750 = EDGE_CURVE ( 'NONE', #1443, #228, #34, .T. ) ;
#751 = CARTESIAN_POINT ( 'NONE',  ( -20.94999999999999929, 114.0629817583060230, -24.47407962465418763 ) ) ;
#752 = CARTESIAN_POINT ( 'NONE',  ( 20.94999999999999929, 166.2229763779156997, -38.45030806019033776 ) ) ;
#753 = DIRECTION ( 'NONE',  ( 1.000000000000000000, -0.000000000000000000, -0.000000000000000000 ) ) ;
#754 = LINE ( 'NONE', #48, #726 ) ;
#755 = CARTESIAN_POINT ( 'NONE',  ( 4.439999999999999503, 114.0629817583060230, -24.47407962465418763 ) ) ;
#756 = ORIENTED_EDGE ( 'NONE', *, *, #1246, .F. ) ;
#757 = DIRECTION ( 'NONE',  ( 0.000000000000000000, 0.000000000000000000, -1.000000000000000000 ) ) ;
#758 = AXIS2_PLACEMENT_3D ( 'NONE', #602, #28, #1177 ) ;
#759 = EDGE_LOOP ( 'NONE', ( #297, #833, #232, #1335, #1480, #1206 ) ) ;
#760 = CARTESIAN_POINT ( 'NONE',  ( 20.94999999999999929, 70.62170356666767645, -21.08074320728438877 ) ) ;
#761 = ORIENTED_EDGE ( 'NONE', *, *, #247, .T. ) ;
#762 = AXIS2_PLACEMENT_3D ( 'NONE', #742, #186, #1289 ) ;
#763 = DIRECTION ( 'NONE',  ( 1.000000000000000000, 0.000000000000000000, 0.000000000000000000 ) ) ;
#764 = AXIS2_PLACEMENT_3D ( 'NONE', #1005, #874, #1526 ) ;
#765 = VECTOR ( 'NONE', #1601, 1000.000000000000000 ) ;
#766 = ADVANCED_FACE ( 'NONE', ( #1165 ), #355, .F. ) ;
#767 = AXIS2_PLACEMENT_3D ( 'NONE', #832, #1109, #1638 ) ;
#768 = DIRECTION ( 'NONE',  ( 0.000000000000000000, 0.000000000000000000, -1.000000000000000000 ) ) ;
#769 = VERTEX_POINT ( 'NONE', #1018 ) ;
#770 = ORIENTED_EDGE ( 'NONE', *, *, #1549, .F. ) ;
#771 = EDGE_CURVE ( 'NONE', #1085, #1150, #656, .T. ) ;
#772 = CARTESIAN_POINT ( 'NONE',  ( 20.94999999999999929, 131.4496466315092391, -31.68552243649956068 ) ) ;
#773 = DIRECTION ( 'NONE',  ( 0.000000000000000000, 0.000000000000000000, -1.000000000000000000 ) ) ;
#774 = CARTESIAN_POINT ( 'NONE',  ( -20.94999999999999929, 0.000000000000000000, 0.000000000000000000 ) ) ;
#775 = ORIENTED_EDGE ( 'NONE', *, *, #1258, .F. ) ;
#776 = CARTESIAN_POINT ( 'NONE',  ( 20.94999999999999929, 139.1516692504520449, -28.05525418507606972 ) ) ;
#777 = DIRECTION ( 'NONE',  ( 0.000000000000000000, 0.000000000000000000, 1.000000000000000000 ) ) ;
#778 = DIRECTION ( 'NONE',  ( 1.577021341797096328E-16, 0.2588190451025210170, 0.9659258262890682012 ) ) ;
#779 = VERTEX_POINT ( 'NONE', #1047 ) ;
#780 = DIRECTION ( 'NONE',  ( -1.523285642650855344E-16, 0.000000000000000000, -1.000000000000000000 ) ) ;
#781 = EDGE_LOOP ( 'NONE', ( #198, #1101, #388 ) ) ;
#782 = ORIENTED_EDGE ( 'NONE', *, *, #1729, .T. ) ;
#783 = EDGE_CURVE ( 'NONE', #228, #1443, #418, .T. ) ;
#784 = CARTESIAN_POINT ( 'NONE',  ( -20.94999999999999929, 148.8363115047124552, -33.79156524834496622 ) ) ;
#785 = ORIENTED_EDGE ( 'NONE', *, *, #876, .F. ) ;
#786 = ORIENTED_EDGE ( 'NONE', *, *, #406, .F. ) ;
#787 = DIRECTION ( 'NONE',  ( 0.000000000000000000, 0.000000000000000000, -1.000000000000000000 ) ) ;
#788 = CARTESIAN_POINT ( 'NONE',  ( -7.750000000000003553, 136.3046597543243195, -38.68043827425582037 ) ) ;
#789 = DIRECTION ( 'NONE',  ( 1.000000000000000000, -0.000000000000000000, -0.000000000000000000 ) ) ;
#790 = EDGE_LOOP ( 'NONE', ( #497, #1716 ) ) ;
#791 = FACE_OUTER_BOUND ( 'NONE', #1157, .T. ) ;
#792 = ORIENTED_EDGE ( 'NONE', *, *, #701, .F. ) ;
#793 = VERTEX_POINT ( 'NONE', #1068 ) ;
#794 = CARTESIAN_POINT ( 'NONE',  ( -20.94999999999999929, 187.4987285476450154, -52.39784766468946486 ) ) ;
#795 = ADVANCED_FACE ( 'NONE', ( #378 ), #115, .F. ) ;
#796 = AXIS2_PLACEMENT_3D ( 'NONE', #1505, #1524, #296 ) ;
#797 = VECTOR ( 'NONE', #290, 1000.000000000000114 ) ;
#798 = LINE ( 'NONE', #672, #542 ) ;
#799 = CIRCLE ( 'NONE', #1030, 2.552699999999990865 ) ;
#800 = EDGE_LOOP ( 'NONE', ( #192, #264, #922, #398 ) ) ;
#801 = DIRECTION ( 'NONE',  ( -1.000000000000000000, -0.000000000000000000, -0.000000000000000000 ) ) ;
#802 = COLOUR_RGB ( '',0.7921568627450980005, 0.8196078431372548767, 0.9333333333333333481 ) ;
#803 = ORIENTED_EDGE ( 'NONE', *, *, #1426, .F. ) ;
#804 = VECTOR ( 'NONE', #515, 1000.000000000000000 ) ;
#805 = AXIS2_PLACEMENT_3D ( 'NONE', #576, #2, #714 ) ;
#806 = LINE ( 'NONE', #1493, #834 ) ;
#807 = EDGE_CURVE ( 'NONE', #938, #640, #364, .T. ) ;
#808 = CYLINDRICAL_SURFACE ( 'NONE', #662, 2.552699999999990865 ) ;
#809 = LINE ( 'NONE', #536, #438 ) ;
#810 = VERTEX_POINT ( 'NONE', #1603 ) ;
#811 = FACE_BOUND ( 'NONE', #51, .T. ) ;
#812 = ORIENTED_EDGE ( 'NONE', *, *, #1144, .F. ) ;
#813 = ORIENTED_EDGE ( 'NONE', *, *, #727, .F. ) ;
#814 = DIRECTION ( 'NONE',  ( 1.000000000000000000, -0.000000000000000000, -0.000000000000000000 ) ) ;
#815 = DIRECTION ( 'NONE',  ( 0.000000000000000000, 0.9659258262890682012, -0.2588190451025209615 ) ) ;
#816 = ADVANCED_FACE ( 'NONE', ( #1462, #811, #1612 ), #1734, .F. ) ;
#817 = CARTESIAN_POINT ( 'NONE',  ( 20.94999999999999929, 79.28965201189956247, -17.70929400096342121 ) ) ;
#818 = ORIENTED_EDGE ( 'NONE', *, *, #627, .F. ) ;
#819 = EDGE_CURVE ( 'NONE', #746, #1714, #1077, .T. ) ;
#820 = VERTEX_POINT ( 'NONE', #1362 ) ;
#821 = DIRECTION ( 'NONE',  ( 1.000000000000000000, -0.000000000000000000, -0.000000000000000000 ) ) ;
#822 = FACE_OUTER_BOUND ( 'NONE', #153, .T. ) ;
#823 = AXIS2_PLACEMENT_3D ( 'NONE', #175, #205, #1419 ) ;
#824 = VECTOR ( 'NONE', #1414, 1000.000000000000000 ) ;
#825 = DIRECTION ( 'NONE',  ( -0.5150380749100541555, 0.000000000000000000, 0.8571673007021122226 ) ) ;
#826 = CARTESIAN_POINT ( 'NONE',  ( -4.440000000000003055, 131.4496466315092391, -31.68552243649956068 ) ) ;
#827 = EDGE_CURVE ( 'NONE', #1213, #1434, #244, .T. ) ;
#828 = DIRECTION ( 'NONE',  ( 0.000000000000000000, -0.2588190451025210725, -0.9659258262890682012 ) ) ;
#829 = VECTOR ( 'NONE', #1724, 1000.000000000000000 ) ;
#830 = AXIS2_PLACEMENT_3D ( 'NONE', #774, #1151, #1709 ) ;
#831 = EDGE_CURVE ( 'NONE', #1708, #793, #121, .T. ) ;
#832 = CARTESIAN_POINT ( 'NONE',  ( -20.94999999999999929, 183.6096412511189158, -45.66175087203571081 ) ) ;
#833 = ORIENTED_EDGE ( 'NONE', *, *, #1572, .F. ) ;
#834 = VECTOR ( 'NONE', #432, 1000.000000000000000 ) ;
#835 = AXIS2_PLACEMENT_3D ( 'NONE', #1398, #589, #1518 ) ;
#836 = CYLINDRICAL_SURFACE ( 'NONE', #1061, 2.552699999999990865 ) ;
#837 = DIRECTION ( 'NONE',  ( 1.000000000000000000, -0.000000000000000000, -0.000000000000000000 ) ) ;
#838 = CARTESIAN_POINT ( 'NONE',  ( 20.94999999999999929, 190.3457380437727409, -41.77266357550971065 ) ) ;
#839 = VERTEX_POINT ( 'NONE', #963 ) ;
#840 = EDGE_CURVE ( 'NONE', #1039, #1158, #1497, .T. ) ;
#841 = CARTESIAN_POINT ( 'NONE',  ( 20.94999999999999929, 183.6096412511189158, -43.10905087203571640 ) ) ;
#842 = FACE_OUTER_BOUND ( 'NONE', #1597, .T. ) ;
#843 = ORIENTED_EDGE ( 'NONE', *, *, #868, .T. ) ;
#844 = CARTESIAN_POINT ( 'NONE',  ( -10.95000000000000107, 139.3956223984493192, -39.50865921858388674 ) ) ;
#845 = DIRECTION ( 'NONE',  ( 0.000000000000000000, 0.000000000000000000, 1.000000000000000000 ) ) ;
#846 = EDGE_CURVE ( 'NONE', #525, #924, #934, .T. ) ;
#847 = AXIS2_PLACEMENT_3D ( 'NONE', #848, #561, #161 ) ;
#848 = CARTESIAN_POINT ( 'NONE',  ( 10.94999999999999929, 166.2229763779156997, -41.00300806019032507 ) ) ;
#849 = AXIS2_PLACEMENT_3D ( 'NONE', #372, #1677, #31 ) ;
#850 = DIRECTION ( 'NONE',  ( 0.000000000000000000, -0.2588190451025210725, -0.9659258262890682012 ) ) ;
#851 = CIRCLE ( 'NONE', #64, 2.552699999999990865 ) ;
#852 = ORIENTED_EDGE ( 'NONE', *, *, #53, .F. ) ;
#853 = CIRCLE ( 'NONE', #66, 2.552699999999990865 ) ;
#854 = CIRCLE ( 'NONE', #1277, 2.552699999999990865 ) ;
#855 = ORIENTED_EDGE ( 'NONE', *, *, #995, .F. ) ;
#856 = VECTOR ( 'NONE', #159, 1000.000000000000000 ) ;
#857 = LINE ( 'NONE', #1397, #687 ) ;
#858 = DIRECTION ( 'NONE',  ( 0.000000000000000000, 0.000000000000000000, -1.000000000000000000 ) ) ;
#859 = ADVANCED_FACE ( 'NONE', ( #791 ), #1341, .F. ) ;
#860 = FACE_BOUND ( 'NONE', #1611, .T. ) ;
#861 = DIRECTION ( 'NONE',  ( -1.000000000000000000, -0.000000000000000000, -0.000000000000000000 ) ) ;
#862 = ORIENTED_EDGE ( 'NONE', *, *, #278, .F. ) ;
#863 = ORIENTED_EDGE ( 'NONE', *, *, #1351, .T. ) ;
#864 = LINE ( 'NONE', #1261, #435 ) ;
#865 = CARTESIAN_POINT ( 'NONE',  ( 20.94999999999999929, 187.4987285476450154, -52.39784766468946486 ) ) ;
#866 = CARTESIAN_POINT ( 'NONE',  ( -20.94999999999999929, 183.6096412511189158, -45.66175087203571081 ) ) ;
#867 = DIRECTION ( 'NONE',  ( 0.000000000000000000, 0.000000000000000000, 1.000000000000000000 ) ) ;
#868 = EDGE_CURVE ( 'NONE', #448, #1041, #799, .T. ) ;
#869 = CARTESIAN_POINT ( 'NONE',  ( 20.94999999999999929, 183.6096412511189158, -43.10905087203571640 ) ) ;
#870 = EDGE_LOOP ( 'NONE', ( #1353, #903, #1694, #579 ) ) ;
#871 = ADVANCED_FACE ( 'NONE', ( #676 ), #526, .T. ) ;
#872 = CARTESIAN_POINT ( 'NONE',  ( 20.94999999999999929, 131.4496466315092391, -31.68552243649956068 ) ) ;
#873 = EDGE_LOOP ( 'NONE', ( #1055, #254, #1330 ) ) ;
#874 = DIRECTION ( 'NONE',  ( -0.000000000000000000, 0.2588190451025211836, 0.9659258262890683122 ) ) ;
#875 = FACE_BOUND ( 'NONE', #246, .T. ) ;
#876 = EDGE_CURVE ( 'NONE', #1363, #226, #658, .T. ) ;
#877 = DIRECTION ( 'NONE',  ( 1.000000000000000000, -0.000000000000000000, -0.000000000000000000 ) ) ;
#878 = CARTESIAN_POINT ( 'NONE',  ( -10.95000000000000107, 187.4987285476450154, -52.39784766468946486 ) ) ;
#879 = ORIENTED_EDGE ( 'NONE', *, *, #1718, .T. ) ;
#880 = AXIS2_PLACEMENT_3D ( 'NONE', #488, #1742, #773 ) ;
#881 = ADVANCED_FACE ( 'NONE', ( #505 ), #1748, .T. ) ;
#882 = CONICAL_SURFACE ( 'NONE', #1303, 2.552699999999990865, 1.029744258676654534 ) ;
#883 = CARTESIAN_POINT ( 'NONE',  ( 10.95000000000000107, 187.4479605649055998, -40.99620644020215821 ) ) ;
#884 = VECTOR ( 'NONE', #345, 1000.000000000000000 ) ;
#885 = ORIENTED_EDGE ( 'NONE', *, *, #1062, .T. ) ;
#886 = DIRECTION ( 'NONE',  ( 0.000000000000000000, 0.000000000000000000, -1.000000000000000000 ) ) ;
#887 = AXIS2_PLACEMENT_3D ( 'NONE', #151, #127, #1116 ) ;
#888 = DIRECTION ( 'NONE',  ( -1.000000000000000000, 4.081631577902211589E-17, 1.523285642650855344E-16 ) ) ;
#889 = LINE ( 'NONE', #751, #1736 ) ;
#890 = PRESENTATION_STYLE_ASSIGNMENT (( #1290 ) ) ;
#891 = DIRECTION ( 'NONE',  ( 0.000000000000000000, 0.000000000000000000, 1.000000000000000000 ) ) ;
#892 = DIRECTION ( 'NONE',  ( -1.000000000000000000, 0.000000000000000000, 0.000000000000000000 ) ) ;
#893 = ORIENTED_EDGE ( 'NONE', *, *, #1016, .F. ) ;
#894 = DIRECTION ( 'NONE',  ( 1.000000000000000000, -0.000000000000000000, -0.000000000000000000 ) ) ;
#895 = ADVANCED_FACE ( 'NONE', ( #1762 ), #548, .F. ) ;
#896 =( NAMED_UNIT ( * ) PLANE_ANGLE_UNIT ( ) SI_UNIT ( $, .RADIAN. ) );
#897 = CARTESIAN_POINT ( 'NONE',  ( -20.94999999999999929, 131.4496466315092391, -31.68552243649956068 ) ) ;
#898 = ORIENTED_EDGE ( 'NONE', *, *, #586, .T. ) ;
#899 = CARTESIAN_POINT ( 'NONE',  ( -20.94999999999999929, 166.2229763779156997, -41.00300806019032507 ) ) ;
#900 = DIRECTION ( 'NONE',  ( 0.000000000000000000, -0.9659258262890680902, 0.2588190451025211836 ) ) ;
#901 = LINE ( 'NONE', #1559, #1508 ) ;
#902 = ORIENTED_EDGE ( 'NONE', *, *, #608, .F. ) ;
#903 = ORIENTED_EDGE ( 'NONE', *, *, #1075, .F. ) ;
#904 = VERTEX_POINT ( 'NONE', #923 ) ;
#905 = ADVANCED_FACE ( 'NONE', ( #87 ), #646, .T. ) ;
#906 = CARTESIAN_POINT ( 'NONE',  ( 20.94999999999999929, 114.0629817583060230, -27.02677962465417849 ) ) ;
#907 = ORIENTED_EDGE ( 'NONE', *, *, #608, .T. ) ;
#908 = DIRECTION ( 'NONE',  ( 1.000000000000000000, -4.081631577902211589E-17, -1.523285642650855344E-16 ) ) ;
#909 = ORIENTED_EDGE ( 'NONE', *, *, #1563, .F. ) ;
#910 = DIRECTION ( 'NONE',  ( -1.577021341797096574E-16, -0.2588190451025210725, -0.9659258262890682012 ) ) ;
#911 = ORIENTED_EDGE ( 'NONE', *, *, #1458, .F. ) ;
#912 = EDGE_LOOP ( 'NONE', ( #1403, #813, #661, #1516 ) ) ;
#913 = VECTOR ( 'NONE', #125, 1000.000000000000000 ) ;
#914 =( LENGTH_UNIT ( ) NAMED_UNIT ( * ) SI_UNIT ( .MILLI., .METRE. ) );
#915 = CONICAL_SURFACE ( 'NONE', #541, 2.552699999999990865, 1.029744258676652535 ) ;
#916 = DIRECTION ( 'NONE',  ( -0.5150380749100541555, 0.000000000000000000, 0.8571673007021122226 ) ) ;
#917 = AXIS2_PLACEMENT_3D ( 'NONE', #403, #1074, #1625 ) ;
#918 = EDGE_CURVE ( 'NONE', #904, #605, #952, .T. ) ;
#919 = LINE ( 'NONE', #84, #332 ) ;
#920 = CARTESIAN_POINT ( 'NONE',  ( 4.439999999999999503, 96.67631688510279275, -22.36803681280877498 ) ) ;
#921 = FACE_OUTER_BOUND ( 'NONE', #180, .T. ) ;
#922 = ORIENTED_EDGE ( 'NONE', *, *, #688, .T. ) ;
#923 = CARTESIAN_POINT ( 'NONE',  ( 10.94999999999999929, 166.2229763779156997, -43.55570806019031949 ) ) ;
#924 = VERTEX_POINT ( 'NONE', #1637 ) ;
#925 = CARTESIAN_POINT ( 'NONE',  ( -4.440000000000003055, 114.0629817583060230, -24.47407962465418763 ) ) ;
#926 = CARTESIAN_POINT ( 'NONE',  ( 20.94999999999999929, 183.6096412511189158, -45.66175087203571081 ) ) ;
#927 = PLANE ( 'NONE',  #830 ) ;
#928 = EDGE_LOOP ( 'NONE', ( #1312, #756, #274, #370 ) ) ;
#929 = CARTESIAN_POINT ( 'NONE',  ( 4.439999999999999503, 114.0629817583060230, -27.02677962465417849 ) ) ;
#930 = APPLICATION_CONTEXT ( 'automotive_design' ) ;
#931 = CARTESIAN_POINT ( 'NONE',  ( 10.94999999999999929, 187.4987285476450154, -52.39784766468946486 ) ) ;
#932 = EDGE_CURVE ( 'NONE', #40, #779, #410, .T. ) ;
#933 = ORIENTED_EDGE ( 'NONE', *, *, #231, .F. ) ;
#934 = LINE ( 'NONE', #1471, #300 ) ;
#935 = ORIENTED_EDGE ( 'NONE', *, *, #516, .F. ) ;
#936 = EDGE_CURVE ( 'NONE', #1704, #1307, #621, .T. ) ;
#937 = EDGE_LOOP ( 'NONE', ( #1534, #520, #212, #131, #1747, #1620 ) ) ;
#938 = VERTEX_POINT ( 'NONE', #1285 ) ;
#939 = DIRECTION ( 'NONE',  ( 1.000000000000000000, -0.000000000000000000, -0.000000000000000000 ) ) ;
#940 = DIRECTION ( 'NONE',  ( 0.000000000000000000, -0.9659258262890679791, 0.2588190451025222383 ) ) ;
#941 = VERTEX_POINT ( 'NONE', #883 ) ;
#942 = CARTESIAN_POINT ( 'NONE',  ( 20.94999999999999929, 131.4496466315092391, -29.13282243649956982 ) ) ;
#943 = ORIENTED_EDGE ( 'NONE', *, *, #1258, .T. ) ;
#944 = ORIENTED_EDGE ( 'NONE', *, *, #1104, .F. ) ;
#945 = EDGE_CURVE ( 'NONE', #779, #320, #851, .T. ) ;
#946 = CIRCLE ( 'NONE', #758, 2.552699999999990865 ) ;
#947 = CIRCLE ( 'NONE', #1451, 2.552699999999990865 ) ;
#948 = DIRECTION ( 'NONE',  ( 1.000000000000000000, -0.000000000000000000, -0.000000000000000000 ) ) ;
#949 = VECTOR ( 'NONE', #971, 1000.000000000000000 ) ;
#950 = DIRECTION ( 'NONE',  ( 0.000000000000000000, 0.9659258262890680902, -0.2588190451025211836 ) ) ;
#951 = CARTESIAN_POINT ( 'NONE',  ( -7.750000000000000000, 139.1516692504520449, -28.05525418507606616 ) ) ;
#952 = CIRCLE ( 'NONE', #157, 2.552699999999990865 ) ;
#953 = ORIENTED_EDGE ( 'NONE', *, *, #638, .T. ) ;
#954 = DIRECTION ( 'NONE',  ( 1.000000000000000000, -4.081631577902211589E-17, -1.523285642650855344E-16 ) ) ;
#955 = VECTOR ( 'NONE', #1699, 1000.000000000000114 ) ;
#956 = EDGE_LOOP ( 'NONE', ( #700, #86 ) ) ;
#957 = CIRCLE ( 'NONE', #305, 2.552699999999990865 ) ;
#958 = CARTESIAN_POINT ( 'NONE',  ( 20.94999999999999929, 114.0629817583060230, -29.57947962465416936 ) ) ;
#959 = CONICAL_SURFACE ( 'NONE', #70, 2.552699999999990865, 1.029744258676654534 ) ;
#960 = ADVANCED_FACE ( 'NONE', ( #69 ), #1723, .F. ) ;
#961 = DIRECTION ( 'NONE',  ( 0.000000000000000000, 0.000000000000000000, 1.000000000000000000 ) ) ;
#962 = DIRECTION ( 'NONE',  ( 0.000000000000000000, 0.000000000000000000, -1.000000000000000000 ) ) ;
#963 = CARTESIAN_POINT ( 'NONE',  ( 2.906183097808344495, 114.0629817583060230, -27.02677962465417849 ) ) ;
#964 = ORIENTED_EDGE ( 'NONE', *, *, #529, .T. ) ;
#965 = DIRECTION ( 'NONE',  ( 0.000000000000000000, 0.000000000000000000, 1.000000000000000000 ) ) ;
#966 = DIRECTION ( 'NONE',  ( 1.000000000000000000, -0.000000000000000000, -0.000000000000000000 ) ) ;
#967 = ADVANCED_FACE ( 'NONE', ( #1412 ), #179, .F. ) ;
#968 = MANIFOLD_SOLID_BREP ( 'Stock-WeaponArmJointMasterSketch-1', #326 ) ;
#969 = DIRECTION ( 'NONE',  ( 0.000000000000000000, 0.000000000000000000, 1.000000000000000000 ) ) ;
#970 = DIRECTION ( 'NONE',  ( -1.000000000000000000, -0.000000000000000000, -0.000000000000000000 ) ) ;
#971 = DIRECTION ( 'NONE',  ( 0.5150380749100558209, 1.049727191138617463E-16, 0.8571673007021113344 ) ) ;
#972 = DIRECTION ( 'NONE',  ( 0.000000000000000000, 0.2588190451025224603, 0.9659258262890677571 ) ) ;
#973 = ORIENTED_EDGE ( 'NONE', *, *, #406, .T. ) ;
#974 = DIRECTION ( 'NONE',  ( -1.000000000000000000, 4.081631577902211589E-17, 1.523285642650855344E-16 ) ) ;
#975 = DIRECTION ( 'NONE',  ( 0.000000000000000000, 0.000000000000000000, 1.000000000000000000 ) ) ;
#976 = VECTOR ( 'NONE', #322, 1000.000000000000000 ) ;
#977 = CYLINDRICAL_SURFACE ( 'NONE', #1707, 2.552699999999990865 ) ;
#978 = CARTESIAN_POINT ( 'NONE',  ( 20.94999999999999929, 79.28965201189956247, -17.70929400096342121 ) ) ;
#979 = AXIS2_PLACEMENT_3D ( 'NONE', #1358, #1776, #988 ) ;
#980 = DIRECTION ( 'NONE',  ( -1.000000000000000000, -0.000000000000000000, -0.000000000000000000 ) ) ;
#981 = ORIENTED_EDGE ( 'NONE', *, *, #572, .F. ) ;
#982 = ADVANCED_FACE ( 'NONE', ( #1440 ), #1225, .F. ) ;
#983 = VECTOR ( 'NONE', #90, 1000.000000000000114 ) ;
#984 = ORIENTED_EDGE ( 'NONE', *, *, #380, .T. ) ;
#985 = CIRCLE ( 'NONE', #709, 2.552699999999990865 ) ;
#986 =( GEOMETRIC_REPRESENTATION_CONTEXT ( 3 ) GLOBAL_UNCERTAINTY_ASSIGNED_CONTEXT ( ( #1499 ) ) GLOBAL_UNIT_ASSIGNED_CONTEXT ( ( #914, #896, #44 ) ) REPRESENTATION_CONTEXT ( 'NONE', 'WORKASPACE' ) );
#987 = CARTESIAN_POINT ( 'NONE',  ( 4.439999999999999503, 131.4496466315092391, -31.68552243649956068 ) ) ;
#988 = DIRECTION ( 'NONE',  ( 0.000000000000000000, 0.000000000000000000, 1.000000000000000000 ) ) ;
#989 = CARTESIAN_POINT ( 'NONE',  ( 20.94999999999999929, 166.2229763779156997, -43.55570806019031949 ) ) ;
#990 = EDGE_LOOP ( 'NONE', ( #1588, #668 ) ) ;
#991 = ADVANCED_FACE ( 'NONE', ( #230 ), #737, .F. ) ;
#992 = DIRECTION ( 'NONE',  ( 1.000000000000000000, -0.000000000000000000, -0.000000000000000000 ) ) ;
#993 = DIRECTION ( 'NONE',  ( 0.000000000000000000, 0.000000000000000000, -1.000000000000000000 ) ) ;
#994 = ORIENTED_EDGE ( 'NONE', *, *, #21, .T. ) ;
#995 = EDGE_CURVE ( 'NONE', #1763, #61, #106, .T. ) ;
#996 = DIRECTION ( 'NONE',  ( -1.000000000000000000, -0.000000000000000000, -0.000000000000000000 ) ) ;
#997 = CARTESIAN_POINT ( 'NONE',  ( -4.440000000000003055, 131.4496466315092391, -34.23822243649954800 ) ) ;
#998 = AXIS2_PLACEMENT_3D ( 'NONE', #203, #35, #1161 ) ;
#999 = AXIS2_PLACEMENT_3D ( 'NONE', #772, #1544, #1316 ) ;
#1000 = ORIENTED_EDGE ( 'NONE', *, *, #1243, .T. ) ;
#1001 = CIRCLE ( 'NONE', #506, 3.199999999999987743 ) ;
#1002 = VECTOR ( 'NONE', #1644, 1000.000000000000000 ) ;
#1003 = ORIENTED_EDGE ( 'NONE', *, *, #1521, .T. ) ;
#1004 = EDGE_CURVE ( 'NONE', #1710, #635, #625, .T. ) ;
#1005 = CARTESIAN_POINT ( 'NONE',  ( -7.750000000000001776, 139.3956223984493192, -39.50865921858388674 ) ) ;
#1006 = CARTESIAN_POINT ( 'NONE',  ( 13.95000000000005436, 190.3457380437727409, -41.77266357550971065 ) ) ;
#1007 = EDGE_CURVE ( 'NONE', #120, #735, #1321, .T. ) ;
#1008 = CARTESIAN_POINT ( 'NONE',  ( -20.94999999999999929, 114.0629817583060230, -27.02677962465417849 ) ) ;
#1009 = EDGE_LOOP ( 'NONE', ( #466, #189, #124, #902 ) ) ;
#1010 = LINE ( 'NONE', #453, #976 ) ;
#1011 = ORIENTED_EDGE ( 'NONE', *, *, #750, .T. ) ;
#1012 = VERTEX_POINT ( 'NONE', #218 ) ;
#1013 = DIRECTION ( 'NONE',  ( 1.000000000000000000, -0.000000000000000000, -0.000000000000000000 ) ) ;
#1014 = CARTESIAN_POINT ( 'NONE',  ( 20.94999999999999929, 187.4987285476450154, -52.39784766468946486 ) ) ;
#1015 = DIRECTION ( 'NONE',  ( 0.000000000000000000, 0.000000000000000000, 1.000000000000000000 ) ) ;
#1016 = EDGE_CURVE ( 'NONE', #147, #1763, #47, .T. ) ;
#1017 = CARTESIAN_POINT ( 'NONE',  ( -20.94999999999999929, 183.6096412511189158, -48.21445087203569813 ) ) ;
#1018 = CARTESIAN_POINT ( 'NONE',  ( 20.94999999999999929, 79.28965201189956247, -20.26199400096341208 ) ) ;
#1019 = ORIENTED_EDGE ( 'NONE', *, *, #1007, .F. ) ;
#1020 = CARTESIAN_POINT ( 'NONE',  ( -20.94999999999999929, 96.67631688510279275, -24.92073681280876585 ) ) ;
#1021 = DIRECTION ( 'NONE',  ( 0.000000000000000000, 0.000000000000000000, 1.000000000000000000 ) ) ;
#1022 = DIRECTION ( 'NONE',  ( 1.000000000000000000, -0.000000000000000000, -0.000000000000000000 ) ) ;
#1023 = DIRECTION ( 'NONE',  ( -1.000000000000000000, -0.000000000000000000, -0.000000000000000000 ) ) ;
#1024 = CARTESIAN_POINT ( 'NONE',  ( 20.94999999999999929, 148.8363115047124552, -36.34426524834495353 ) ) ;
#1025 = DIRECTION ( 'NONE',  ( 0.000000000000000000, 0.000000000000000000, 1.000000000000000000 ) ) ;
#1026 = DIRECTION ( 'NONE',  ( 0.5150380749100558209, 1.049727191138617463E-16, 0.8571673007021113344 ) ) ;
#1027 = ORIENTED_EDGE ( 'NONE', *, *, #1600, .F. ) ;
#1028 = VECTOR ( 'NONE', #1391, 1000.000000000000000 ) ;
#1029 = VECTOR ( 'NONE', #1679, 1000.000000000000000 ) ;
#1030 = AXIS2_PLACEMENT_3D ( 'NONE', #685, #1619, #102 ) ;
#1031 = ORIENTED_EDGE ( 'NONE', *, *, #390, .T. ) ;
#1032 = ORIENTED_EDGE ( 'NONE', *, *, #1311, .F. ) ;
#1033 = AXIS2_PLACEMENT_3D ( 'NONE', #343, #611, #777 ) ;
#1034 = CARTESIAN_POINT ( 'NONE',  ( 20.94999999999999929, 71.16113225878906690, -19.06756792122698130 ) ) ;
#1035 = CARTESIAN_POINT ( 'NONE',  ( -4.440000000000003055, 114.0629817583060230, -29.57947962465416936 ) ) ;
#1036 = DIRECTION ( 'NONE',  ( -1.577021341797096574E-16, -0.2588190451025210725, -0.9659258262890682012 ) ) ;
#1037 = CARTESIAN_POINT ( 'NONE',  ( -20.94999999999999929, 183.6096412511189158, -43.10905087203571640 ) ) ;
#1038 = CARTESIAN_POINT ( 'NONE',  ( -2.906183097808354709, 79.28965201189956247, -17.70929400096342121 ) ) ;
#1039 = VERTEX_POINT ( 'NONE', #1192 ) ;
#1040 = EDGE_CURVE ( 'NONE', #29, #88, #330, .T. ) ;
#1041 = VERTEX_POINT ( 'NONE', #634 ) ;
#1042 = DIRECTION ( 'NONE',  ( 0.000000000000000000, -0.9659258262890682012, 0.2588190451025210170 ) ) ;
#1043 = EDGE_LOOP ( 'NONE', ( #1658, #739, #964 ) ) ;
#1044 = ADVANCED_BREP_SHAPE_REPRESENTATION ( 'Belt Shield - 6061 T6', ( #968, #190 ), #986 ) ;
#1045 = FACE_OUTER_BOUND ( 'NONE', #507, .T. ) ;
#1046 = DIRECTION ( 'NONE',  ( -1.000000000000000000, -0.000000000000000000, -0.000000000000000000 ) ) ;
#1047 = CARTESIAN_POINT ( 'NONE',  ( 4.439999999999999503, 79.28965201189956247, -15.15659400096343035 ) ) ;
#1048 = ORIENTED_EDGE ( 'NONE', *, *, #286, .T. ) ;
#1049 = VERTEX_POINT ( 'NONE', #473 ) ;
#1050 = FACE_BOUND ( 'NONE', #1498, .T. ) ;
#1051 = VERTEX_POINT ( 'NONE', #1037 ) ;
#1052 = EDGE_CURVE ( 'NONE', #810, #1166, #376, .T. ) ;
#1053 = CARTESIAN_POINT ( 'NONE',  ( 20.94999999999999929, 148.8363115047124552, -33.79156524834496622 ) ) ;
#1054 = CARTESIAN_POINT ( 'NONE',  ( -4.440000000000003055, 79.28965201189956247, -20.26199400096341208 ) ) ;
#1055 = ORIENTED_EDGE ( 'NONE', *, *, #1676, .F. ) ;
#1056 = ORIENTED_EDGE ( 'NONE', *, *, #551, .T. ) ;
#1057 = DIRECTION ( 'NONE',  ( 0.000000000000000000, 0.000000000000000000, 1.000000000000000000 ) ) ;
#1058 = ORIENTED_EDGE ( 'NONE', *, *, #1633, .F. ) ;
#1059 = CARTESIAN_POINT ( 'NONE',  ( 20.94999999999999929, 79.28965201189956247, -17.70929400096342121 ) ) ;
#1060 = ORIENTED_EDGE ( 'NONE', *, *, #1340, .T. ) ;
#1061 = AXIS2_PLACEMENT_3D ( 'NONE', #546, #568, #1114 ) ;
#1062 = EDGE_CURVE ( 'NONE', #1333, #309, #1063, .T. ) ;
#1063 = CIRCLE ( 'NONE', #1671, 2.552699999999990865 ) ;
#1064 = CARTESIAN_POINT ( 'NONE',  ( 10.95000000000000107, 186.1580117834045041, -45.81036083192584840 ) ) ;
#1065 = AXIS2_PLACEMENT_3D ( 'NONE', #1656, #850, #1541 ) ;
#1066 = ADVANCED_FACE ( 'NONE', ( #204 ), #1176, .F. ) ;
#1067 = ORIENTED_EDGE ( 'NONE', *, *, #1387, .F. ) ;
#1068 = CARTESIAN_POINT ( 'NONE',  ( 20.94999999999999929, 70.62170356666767645, -21.08074320728438877 ) ) ;
#1069 = ORIENTED_EDGE ( 'NONE', *, *, #1746, .T. ) ;
#1070 = CARTESIAN_POINT ( 'NONE',  ( 4.439999999999999503, 114.0629817583060230, -24.47407962465418763 ) ) ;
#1071 = ORIENTED_EDGE ( 'NONE', *, *, #479, .F. ) ;
#1072 = ORIENTED_EDGE ( 'NONE', *, *, #500, .T. ) ;
#1073 =( BOUNDED_CURVE ( )  B_SPLINE_CURVE ( 3, ( #267, #148, #702, #1517 ),
 .UNSPECIFIED., .F., .F. ) 
 B_SPLINE_CURVE_WITH_KNOTS ( ( 4, 4 ),
 ( 6.079635628633698552, 6.486734985725473024 ),
 .UNSPECIFIED. ) 
 CURVE ( )  GEOMETRIC_REPRESENTATION_ITEM ( )  RATIONAL_B_SPLINE_CURVE ( ( 1.000000000000000000, 0.9862367950275245931, 0.9862367950275245931, 1.000000000000000000 ) ) 
 REPRESENTATION_ITEM ( '' )  );
#1074 = DIRECTION ( 'NONE',  ( -1.000000000000000000, -0.000000000000000000, -0.000000000000000000 ) ) ;
#1075 = EDGE_CURVE ( 'NONE', #1653, #49, #1712, .T. ) ;
#1076 = ORIENTED_EDGE ( 'NONE', *, *, #1311, .T. ) ;
#1077 = LINE ( 'NONE', #942, #1091 ) ;
#1078 = ORIENTED_EDGE ( 'NONE', *, *, #807, .T. ) ;
#1079 = ADVANCED_FACE ( 'NONE', ( #1045 ), #353, .F. ) ;
#1080 = DIRECTION ( 'NONE',  ( -1.000000000000000000, -0.000000000000000000, -0.000000000000000000 ) ) ;
#1081 = ORIENTED_EDGE ( 'NONE', *, *, #1464, .T. ) ;
#1082 = DIRECTION ( 'NONE',  ( 0.000000000000000000, 0.2588190451025210170, 0.9659258262890682012 ) ) ;
#1083 = CARTESIAN_POINT ( 'NONE',  ( 20.94999999999999929, 96.67631688510279275, -19.81533681280878412 ) ) ;
#1084 = DIRECTION ( 'NONE',  ( 0.000000000000000000, 0.000000000000000000, -1.000000000000000000 ) ) ;
#1085 = VERTEX_POINT ( 'NONE', #1183 ) ;
#1086 = CARTESIAN_POINT ( 'NONE',  ( 20.94999999999999929, 76.36649054166262829, -11.23201625341220478 ) ) ;
#1087 = ORIENTED_EDGE ( 'NONE', *, *, #1329, .T. ) ;
#1088 = EDGE_CURVE ( 'NONE', #49, #1166, #1001, .T. ) ;
#1089 = LINE ( 'NONE', #794, #369 ) ;
#1090 = CIRCLE ( 'NONE', #849, 2.552699999999990865 ) ;
#1091 = VECTOR ( 'NONE', #1218, 1000.000000000000000 ) ;
#1092 = CARTESIAN_POINT ( 'NONE',  ( -4.440000000000003055, 114.0629817583060230, -27.02677962465417849 ) ) ;
#1093 = CARTESIAN_POINT ( 'NONE',  ( 4.439999999999999503, 131.4496466315092391, -31.68552243649956068 ) ) ;
#1094 = PRODUCT ( 'Belt Shield - 6061 T6', 'Belt Shield - 6061 T6', '', ( #620 ) ) ;
#1095 = VECTOR ( 'NONE', #211, 1000.000000000000000 ) ;
#1096 = DIRECTION ( 'NONE',  ( -1.000000000000000000, -0.000000000000000000, -0.000000000000000000 ) ) ;
#1097 = FACE_OUTER_BOUND ( 'NONE', #171, .T. ) ;
#1098 = ORIENTED_EDGE ( 'NONE', *, *, #688, .F. ) ;
#1099 = DIRECTION ( 'NONE',  ( -1.000000000000000000, -0.000000000000000000, -0.000000000000000000 ) ) ;
#1100 = AXIS2_PLACEMENT_3D ( 'NONE', #1780, #1080, #1615 ) ;
#1101 = ORIENTED_EDGE ( 'NONE', *, *, #1120, .T. ) ;
#1102 = EDGE_CURVE ( 'NONE', #1217, #29, #809, .T. ) ;
#1103 = CARTESIAN_POINT ( 'NONE',  ( 4.439999999999999503, 114.0629817583060230, -27.02677962465417849 ) ) ;
#1104 = EDGE_CURVE ( 'NONE', #1781, #375, #1486, .T. ) ;
#1105 = DIRECTION ( 'NONE',  ( 0.000000000000000000, 0.000000000000000000, -1.000000000000000000 ) ) ;
#1106 = CARTESIAN_POINT ( 'NONE',  ( -4.440000000000003055, 96.67631688510279275, -22.36803681280877498 ) ) ;
#1107 = DIRECTION ( 'NONE',  ( -1.000000000000000000, -0.000000000000000000, -0.000000000000000000 ) ) ;
#1108 = DIRECTION ( 'NONE',  ( 1.000000000000000000, -4.081631577902211589E-17, -1.523285642650855344E-16 ) ) ;
#1109 = DIRECTION ( 'NONE',  ( -1.000000000000000000, -0.000000000000000000, -0.000000000000000000 ) ) ;
#1110 = VERTEX_POINT ( 'NONE', #674 ) ;
#1111 = PLANE ( 'NONE',  #282 ) ;
#1112 = DIRECTION ( 'NONE',  ( 1.000000000000000000, -0.000000000000000000, -0.000000000000000000 ) ) ;
#1113 = ADVANCED_FACE ( 'NONE', ( #1097 ), #915, .F. ) ;
#1114 = DIRECTION ( 'NONE',  ( 0.000000000000000000, 0.000000000000000000, 1.000000000000000000 ) ) ;
#1115 = LINE ( 'NONE', #411, #804 ) ;
#1116 = DIRECTION ( 'NONE',  ( 0.000000000000000000, 0.000000000000000000, 1.000000000000000000 ) ) ;
#1117 = FACE_OUTER_BOUND ( 'NONE', #1182, .T. ) ;
#1118 = ORIENTED_EDGE ( 'NONE', *, *, #1445, .T. ) ;
#1119 = CARTESIAN_POINT ( 'NONE',  ( -20.94999999999999929, 114.0629817583060230, -29.57947962465416936 ) ) ;
#1120 = EDGE_CURVE ( 'NONE', #1012, #525, #1496, .T. ) ;
#1121 = ORIENTED_EDGE ( 'NONE', *, *, #1464, .F. ) ;
#1122 = VECTOR ( 'NONE', #1609, 1000.000000000000000 ) ;
#1123 = CONICAL_SURFACE ( 'NONE', #736, 2.552699999999990865, 1.029744258676654534 ) ;
#1124 = LINE ( 'NONE', #1238, #1489 ) ;
#1125 = EDGE_CURVE ( 'NONE', #686, #1561, #100, .T. ) ;
#1126 = ORIENTED_EDGE ( 'NONE', *, *, #1729, .F. ) ;
#1127 = CARTESIAN_POINT ( 'NONE',  ( 20.94999999999999929, 96.67631688510279275, -22.36803681280877498 ) ) ;
#1128 = CARTESIAN_POINT ( 'NONE',  ( -4.440000000000003055, 131.4496466315092391, -31.68552243649956068 ) ) ;
#1129 = LINE ( 'NONE', #1662, #1163 ) ;
#1130 = ORIENTED_EDGE ( 'NONE', *, *, #1610, .T. ) ;
#1131 = EDGE_CURVE ( 'NONE', #1561, #1110, #135, .T. ) ;
#1132 = CARTESIAN_POINT ( 'NONE',  ( -20.94999999999999929, 131.4496466315092391, -31.68552243649956068 ) ) ;
#1133 = ADVANCED_FACE ( 'NONE', ( #1483 ), #1741, .F. ) ;
#1134 = FACE_OUTER_BOUND ( 'NONE', #800, .T. ) ;
#1135 = CIRCLE ( 'NONE', #880, 2.552699999999990865 ) ;
#1136 = PLANE ( 'NONE',  #255 ) ;
#1137 = AXIS2_PLACEMENT_3D ( 'NONE', #1127, #1013, #18 ) ;
#1138 = CARTESIAN_POINT ( 'NONE',  ( -20.94999999999999929, 166.2229763779156997, -43.55570806019031949 ) ) ;
#1139 = ORIENTED_EDGE ( 'NONE', *, *, #1744, .F. ) ;
#1140 = CIRCLE ( 'NONE', #1372, 2.552699999999990865 ) ;
#1141 = CIRCLE ( 'NONE', #805, 2.552699999999990865 ) ;
#1142 = DIRECTION ( 'NONE',  ( 0.000000000000000000, 0.000000000000000000, 1.000000000000000000 ) ) ;
#1143 = DIRECTION ( 'NONE',  ( 1.000000000000000000, -0.000000000000000000, -0.000000000000000000 ) ) ;
#1144 = EDGE_CURVE ( 'NONE', #1474, #60, #1089, .T. ) ;
#1145 = DIRECTION ( 'NONE',  ( 0.000000000000000000, 0.000000000000000000, 1.000000000000000000 ) ) ;
#1146 = DIRECTION ( 'NONE',  ( 0.000000000000000000, 0.000000000000000000, 1.000000000000000000 ) ) ;
#1147 = LINE ( 'NONE', #636, #1766 ) ;
#1148 = ORIENTED_EDGE ( 'NONE', *, *, #827, .T. ) ;
#1149 = CARTESIAN_POINT ( 'NONE',  ( 20.94999999999999929, 73.46871306279543035, -10.45555911810464345 ) ) ;
#1150 = VERTEX_POINT ( 'NONE', #1366 ) ;
#1151 = DIRECTION ( 'NONE',  ( -1.000000000000000000, 0.000000000000000000, -0.000000000000000000 ) ) ;
#1152 = CYLINDRICAL_SURFACE ( 'NONE', #1169, 2.552699999999990865 ) ;
#1153 = DIRECTION ( 'NONE',  ( 0.000000000000000000, 0.2588190451025224603, 0.9659258262890677571 ) ) ;
#1154 = CYLINDRICAL_SURFACE ( 'NONE', #762, 2.552699999999990865 ) ;
#1155 =( NAMED_UNIT ( * ) SI_UNIT ( $, .STERADIAN. ) SOLID_ANGLE_UNIT ( ) );
#1156 = DIRECTION ( 'NONE',  ( -0.000000000000000000, -0.2588190451025210170, -0.9659258262890682012 ) ) ;
#1157 = EDGE_LOOP ( 'NONE', ( #786, #1236, #445 ) ) ;
#1158 = VERTEX_POINT ( 'NONE', #1349 ) ;
#1159 = DIRECTION ( 'NONE',  ( 1.000000000000000000, -0.000000000000000000, -0.000000000000000000 ) ) ;
#1160 = ORIENTED_EDGE ( 'NONE', *, *, #1102, .T. ) ;
#1161 = DIRECTION ( 'NONE',  ( 0.000000000000000000, 0.000000000000000000, -1.000000000000000000 ) ) ;
#1162 = ADVANCED_FACE ( 'NONE', ( #1607 ), #1773, .T. ) ;
#1163 = VECTOR ( 'NONE', #276, 1000.000000000000227 ) ;
#1164 = CARTESIAN_POINT ( 'NONE',  ( -20.94999999999999929, 96.67631688510279275, -22.36803681280877498 ) ) ;
#1165 = FACE_OUTER_BOUND ( 'NONE', #595, .T. ) ;
#1166 = VERTEX_POINT ( 'NONE', #133 ) ;
#1167 = ADVANCED_FACE ( 'NONE', ( #1230, #550, #1198 ), #1111, .F. ) ;
#1168 = AXIS2_PLACEMENT_3D ( 'NONE', #158, #1256, #532 ) ;
#1169 = AXIS2_PLACEMENT_3D ( 'NONE', #1405, #457, #225 ) ;
#1170 = AXIS2_PLACEMENT_3D ( 'NONE', #1234, #1107, #1344 ) ;
#1171 = ORIENTED_EDGE ( 'NONE', *, *, #1746, .F. ) ;
#1172 = FACE_OUTER_BOUND ( 'NONE', #1551, .T. ) ;
#1173 = STYLED_ITEM ( 'NONE', ( #890 ), #968 ) ;
#1174 = AXIS2_PLACEMENT_3D ( 'NONE', #384, #948, #1476 ) ;
#1175 = FACE_OUTER_BOUND ( 'NONE', #329, .T. ) ;
#1176 = CYLINDRICAL_SURFACE ( 'NONE', #1252, 2.552699999999990865 ) ;
#1177 = DIRECTION ( 'NONE',  ( 0.000000000000000000, 0.000000000000000000, 1.000000000000000000 ) ) ;
#1178 = DIRECTION ( 'NONE',  ( 0.000000000000000000, 0.000000000000000000, -1.000000000000000000 ) ) ;
#1179 = ORIENTED_EDGE ( 'NONE', *, *, #361, .F. ) ;
#1180 = EDGE_CURVE ( 'NONE', #820, #525, #1705, .T. ) ;
#1181 = ORIENTED_EDGE ( 'NONE', *, *, #840, .T. ) ;
#1182 = EDGE_LOOP ( 'NONE', ( #1664, #984, #885, #531 ) ) ;
#1183 = CARTESIAN_POINT ( 'NONE',  ( 20.94999999999999929, 148.8363115047124552, -33.79156524834496622 ) ) ;
#1184 = CARTESIAN_POINT ( 'NONE',  ( -20.94999999999999929, 96.67631688510279275, -24.92073681280876585 ) ) ;
#1185 = ORIENTED_EDGE ( 'NONE', *, *, #516, .T. ) ;
#1186 = ORIENTED_EDGE ( 'NONE', *, *, #651, .T. ) ;
#1187 = EDGE_CURVE ( 'NONE', #61, #1763, #853, .T. ) ;
#1188 = DIRECTION ( 'NONE',  ( 0.000000000000000000, 0.000000000000000000, -1.000000000000000000 ) ) ;
#1189 = CARTESIAN_POINT ( 'NONE',  ( -2.906183097808354709, 96.67631688510279275, -22.36803681280877498 ) ) ;
#1190 = ORIENTED_EDGE ( 'NONE', *, *, #1144, .T. ) ;
#1191 = EDGE_CURVE ( 'NONE', #938, #509, #270, .T. ) ;
#1192 = CARTESIAN_POINT ( 'NONE',  ( -13.95000000000005258, 187.4987285476450154, -52.39784766468946486 ) ) ;
#1193 = ORIENTED_EDGE ( 'NONE', *, *, #667, .T. ) ;
#1194 = CARTESIAN_POINT ( 'NONE',  ( 20.94999999999999929, 116.9861432285429430, -33.50405737220540203 ) ) ;
#1195 = ORIENTED_EDGE ( 'NONE', *, *, #819, .F. ) ;
#1196 = EDGE_LOOP ( 'NONE', ( #935, #1442, #71, #1130 ) ) ;
#1197 = ORIENTED_EDGE ( 'NONE', *, *, #1040, .F. ) ;
#1198 = FACE_OUTER_BOUND ( 'NONE', #660, .T. ) ;
#1199 = ORIENTED_EDGE ( 'NONE', *, *, #1384, .F. ) ;
#1200 = CIRCLE ( 'NONE', #1622, 2.552699999999990865 ) ;
#1201 = ADVANCED_FACE ( 'NONE', ( #1172 ), #1369, .F. ) ;
#1202 = AXIS2_PLACEMENT_3D ( 'NONE', #496, #43, #1057 ) ;
#1203 = VECTOR ( 'NONE', #484, 1000.000000000000227 ) ;
#1204 = DIRECTION ( 'NONE',  ( -1.000000000000000000, -0.000000000000000000, -0.000000000000000000 ) ) ;
#1205 = VECTOR ( 'NONE', #1240, 1000.000000000000000 ) ;
#1206 = ORIENTED_EDGE ( 'NONE', *, *, #365, .T. ) ;
#1207 = DIRECTION ( 'NONE',  ( 0.000000000000000000, 0.000000000000000000, -1.000000000000000000 ) ) ;
#1208 = VERTEX_POINT ( 'NONE', #606 ) ;
#1209 = ORIENTED_EDGE ( 'NONE', *, *, #1689, .T. ) ;
#1210 = CARTESIAN_POINT ( 'NONE',  ( 4.439999999999999503, 114.0629817583060230, -29.57947962465416936 ) ) ;
#1211 = EDGE_LOOP ( 'NONE', ( #1284, #1590, #1056, #706 ) ) ;
#1212 = DIRECTION ( 'NONE',  ( 0.000000000000000000, 0.000000000000000000, -1.000000000000000000 ) ) ;
#1213 = VERTEX_POINT ( 'NONE', #1189 ) ;
#1214 = DIRECTION ( 'NONE',  ( 0.000000000000000000, 0.000000000000000000, -1.000000000000000000 ) ) ;
#1215 = CARTESIAN_POINT ( 'NONE',  ( -7.750000000000001776, 139.3956223984493192, -39.50865921858388674 ) ) ;
#1216 = CARTESIAN_POINT ( 'NONE',  ( -13.95000000000005080, 190.3457380437727409, -41.77266357550971065 ) ) ;
#1217 = VERTEX_POINT ( 'NONE', #1717 ) ;
#1218 = DIRECTION ( 'NONE',  ( 1.000000000000000000, -0.000000000000000000, -0.000000000000000000 ) ) ;
#1219 = ORIENTED_EDGE ( 'NONE', *, *, #730, .T. ) ;
#1220 = EDGE_CURVE ( 'NONE', #1049, #686, #587, .T. ) ;
#1221 = CONICAL_SURFACE ( 'NONE', #393, 2.552699999999990865, 1.029744258676652535 ) ;
#1222 = AXIS2_PLACEMENT_3D ( 'NONE', #206, #629, #1178 ) ;
#1223 = DIRECTION ( 'NONE',  ( 0.000000000000000000, 0.000000000000000000, 1.000000000000000000 ) ) ;
#1224 = CARTESIAN_POINT ( 'NONE',  ( 10.95000000000000107, 142.2426318945770731, -28.88347512940413253 ) ) ;
#1225 = CONICAL_SURFACE ( 'NONE', #659, 2.552699999999990865, 1.029744258676652535 ) ;
#1226 = CARTESIAN_POINT ( 'NONE',  ( 4.439999999999999503, 79.28965201189956247, -17.70929400096342121 ) ) ;
#1227 = CARTESIAN_POINT ( 'NONE',  ( 20.94999999999999929, 116.9861432285429430, -33.50405737220540203 ) ) ;
#1228 = VECTOR ( 'NONE', #118, 1000.000000000000227 ) ;
#1229 = LINE ( 'NONE', #1758, #1395 ) ;
#1230 = FACE_BOUND ( 'NONE', #557, .T. ) ;
#1231 = ADVANCED_FACE ( 'NONE', ( #1695, #200, #374, #1050, #1552, #1580, #1455, #617 ), #927, .T. ) ;
#1232 = DIRECTION ( 'NONE',  ( 1.577021341797096574E-16, 0.2588190451025210170, 0.9659258262890682012 ) ) ;
#1233 = DIRECTION ( 'NONE',  ( 0.000000000000000000, 0.000000000000000000, 1.000000000000000000 ) ) ;
#1234 = CARTESIAN_POINT ( 'NONE',  ( -4.440000000000003055, 131.4496466315092391, -31.68552243649956068 ) ) ;
#1235 = FACE_OUTER_BOUND ( 'NONE', #1293, .T. ) ;
#1236 = ORIENTED_EDGE ( 'NONE', *, *, #678, .T. ) ;
#1237 = ADVANCED_FACE ( 'NONE', ( #1467 ), #481, .F. ) ;
#1238 = CARTESIAN_POINT ( 'NONE',  ( 10.95000000000000107, 190.3457380437727409, -41.77266357550971065 ) ) ;
#1239 = ADVANCED_FACE ( 'NONE', ( #1574 ), #82, .F. ) ;
#1240 = DIRECTION ( 'NONE',  ( -1.000000000000000000, 0.000000000000000000, 0.000000000000000000 ) ) ;
#1241 = DIRECTION ( 'NONE',  ( 1.577021341797096574E-16, 0.2588190451025210725, 0.9659258262890682012 ) ) ;
#1242 = ORIENTED_EDGE ( 'NONE', *, *, #68, .T. ) ;
#1243 = EDGE_CURVE ( 'NONE', #448, #640, #1296, .T. ) ;
#1244 = DIRECTION ( 'NONE',  ( 0.000000000000000000, 0.000000000000000000, -1.000000000000000000 ) ) ;
#1245 = CARTESIAN_POINT ( 'NONE',  ( 2.906183097808344495, 96.67631688510279275, -22.36803681280877498 ) ) ;
#1246 = EDGE_CURVE ( 'NONE', #793, #1507, #1328, .T. ) ;
#1247 = AXIS2_PLACEMENT_3D ( 'NONE', #1008, #444, #1711 ) ;
#1248 = CARTESIAN_POINT ( 'NONE',  ( 20.94999999999999929, 96.67631688510279275, -24.92073681280876585 ) ) ;
#1249 = AXIS2_PLACEMENT_3D ( 'NONE', #538, #669, #518 ) ;
#1250 = CARTESIAN_POINT ( 'NONE',  ( 13.95000000000005258, 188.0381572397664627, -50.38467237863196857 ) ) ;
#1251 = CARTESIAN_POINT ( 'NONE',  ( -20.94999999999999929, 183.6096412511189158, -43.10905087203571640 ) ) ;
#1252 = AXIS2_PLACEMENT_3D ( 'NONE', #1024, #753, #1557 ) ;
#1253 = ORIENTED_EDGE ( 'NONE', *, *, #258, .F. ) ;
#1254 = VECTOR ( 'NONE', #573, 1000.000000000000000 ) ;
#1255 = ORIENTED_EDGE ( 'NONE', *, *, #599, .T. ) ;
#1256 = DIRECTION ( 'NONE',  ( 1.000000000000000000, -0.000000000000000000, -0.000000000000000000 ) ) ;
#1257 = FACE_OUTER_BOUND ( 'NONE', #873, .T. ) ;
#1258 = EDGE_CURVE ( 'NONE', #769, #1319, #1651, .T. ) ;
#1259 = EDGE_LOOP ( 'NONE', ( #694, #335, #1630, #1295 ) ) ;
#1260 = ORIENTED_EDGE ( 'NONE', *, *, #1757, .T. ) ;
#1261 = CARTESIAN_POINT ( 'NONE',  ( -13.95000000000005258, 187.4987285476450722, -52.39784766468947907 ) ) ;
#1262 = CARTESIAN_POINT ( 'NONE',  ( 4.439999999999999503, 131.4496466315092391, -34.23822243649954800 ) ) ;
#1263 = DIRECTION ( 'NONE',  ( 0.5150380749100558209, 1.049727191138617463E-16, 0.8571673007021113344 ) ) ;
#1264 = FACE_OUTER_BOUND ( 'NONE', #928, .T. ) ;
#1265 = EDGE_LOOP ( 'NONE', ( #1179, #234, #367 ) ) ;
#1266 = EDGE_CURVE ( 'NONE', #1307, #1704, #854, .T. ) ;
#1267 = DIRECTION ( 'NONE',  ( 1.000000000000000000, -0.000000000000000000, -0.000000000000000000 ) ) ;
#1268 = FACE_OUTER_BOUND ( 'NONE', #245, .T. ) ;
#1269 = CIRCLE ( 'NONE', #1337, 2.552699999999990865 ) ;
#1270 = FACE_OUTER_BOUND ( 'NONE', #1566, .T. ) ;
#1271 = CIRCLE ( 'NONE', #728, 2.552699999999990865 ) ;
#1272 = DIRECTION ( 'NONE',  ( 0.000000000000000000, 0.000000000000000000, -1.000000000000000000 ) ) ;
#1273 = CARTESIAN_POINT ( 'NONE',  ( -20.94999999999999929, 79.28965201189956247, -17.70929400096342121 ) ) ;
#1274 = VECTOR ( 'NONE', #910, 1000.000000000000227 ) ;
#1275 = VERTEX_POINT ( 'NONE', #5 ) ;
#1276 = VECTOR ( 'NONE', #825, 1000.000000000000114 ) ;
#1277 = AXIS2_PLACEMENT_3D ( 'NONE', #1425, #193, #740 ) ;
#1278 = EDGE_CURVE ( 'NONE', #1208, #1051, #1514, .T. ) ;
#1279 = DIRECTION ( 'NONE',  ( 0.000000000000000000, 0.000000000000000000, 1.000000000000000000 ) ) ;
#1280 = FACE_BOUND ( 'NONE', #219, .T. ) ;
#1281 = PLANE ( 'NONE',  #1488 ) ;
#1282 = CARTESIAN_POINT ( 'NONE',  ( -20.94999999999999929, 190.3457380437727409, -41.77266357550971065 ) ) ;
#1283 = FACE_OUTER_BOUND ( 'NONE', #1314, .T. ) ;
#1284 = ORIENTED_EDGE ( 'NONE', *, *, #269, .F. ) ;
#1285 = CARTESIAN_POINT ( 'NONE',  ( 10.95000000000000107, 183.6096412511189158, -48.21445087203569813 ) ) ;
#1286 = ORIENTED_EDGE ( 'NONE', *, *, #1125, .T. ) ;
#1287 = ORIENTED_EDGE ( 'NONE', *, *, #231, .T. ) ;
#1288 = EDGE_CURVE ( 'NONE', #1628, #1653, #474, .T. ) ;
#1289 = DIRECTION ( 'NONE',  ( 0.000000000000000000, 0.000000000000000000, -1.000000000000000000 ) ) ;
#1290 = SURFACE_STYLE_USAGE ( .BOTH. , #460 ) ;
#1291 = CARTESIAN_POINT ( 'NONE',  ( -4.440000000000003055, 114.0629817583060230, -29.57947962465416936 ) ) ;
#1292 = LINE ( 'NONE', #176, #884 ) ;
#1293 = EDGE_LOOP ( 'NONE', ( #386, #207, #1444 ) ) ;
#1294 = ORIENTED_EDGE ( 'NONE', *, *, #479, .T. ) ;
#1295 = ORIENTED_EDGE ( 'NONE', *, *, #390, .F. ) ;
#1296 =( BOUNDED_CURVE ( )  B_SPLINE_CURVE ( 3, ( #456, #633, #239, #1726 ),
 .UNSPECIFIED., .F., .F. ) 
 B_SPLINE_CURVE_WITH_KNOTS ( ( 4, 4 ),
 ( 6.079635628633701216, 6.486734985725472136 ),
 .UNSPECIFIED. ) 
 CURVE ( )  GEOMETRIC_REPRESENTATION_ITEM ( )  RATIONAL_B_SPLINE_CURVE ( ( 1.000000000000000000, 0.9862367950275248152, 0.9862367950275248152, 1.000000000000000000 ) ) 
 REPRESENTATION_ITEM ( '' )  );
#1297 = FACE_BOUND ( 'NONE', #790, .T. ) ;
#1298 = ORIENTED_EDGE ( 'NONE', *, *, #1378, .T. ) ;
#1299 = ADVANCED_FACE ( 'NONE', ( #433 ), #14, .F. ) ;
#1300 = AXIS2_PLACEMENT_3D ( 'NONE', #196, #65, #1025 ) ;
#1301 = DIRECTION ( 'NONE',  ( 1.000000000000000000, -0.000000000000000000, -0.000000000000000000 ) ) ;
#1302 = VERTEX_POINT ( 'NONE', #55 ) ;
#1303 = AXIS2_PLACEMENT_3D ( 'NONE', #826, #980, #1511 ) ;
#1304 = DIRECTION ( 'NONE',  ( 1.000000000000000000, -0.000000000000000000, -0.000000000000000000 ) ) ;
#1305 = AXIS2_PLACEMENT_3D ( 'NONE', #467, #338, #1684 ) ;
#1306 = VERTEX_POINT ( 'NONE', #1320 ) ;
#1307 = VERTEX_POINT ( 'NONE', #752 ) ;
#1308 = VECTOR ( 'NONE', #1350, 1000.000000000000000 ) ;
#1309 = AXIS2_PLACEMENT_3D ( 'NONE', #312, #284, #697 ) ;
#1310 =( NAMED_UNIT ( * ) PLANE_ANGLE_UNIT ( ) SI_UNIT ( $, .RADIAN. ) );
#1311 = EDGE_CURVE ( 'NONE', #640, #810, #919, .T. ) ;
#1312 = ORIENTED_EDGE ( 'NONE', *, *, #1364, .F. ) ;
#1313 = DIRECTION ( 'NONE',  ( 1.000000000000000000, -0.000000000000000000, -0.000000000000000000 ) ) ;
#1314 = EDGE_LOOP ( 'NONE', ( #301, #101, #517, #455 ) ) ;
#1315 = EDGE_CURVE ( 'NONE', #396, #1727, #1447, .T. ) ;
#1316 = DIRECTION ( 'NONE',  ( 0.000000000000000000, 0.000000000000000000, -1.000000000000000000 ) ) ;
#1317 = CYLINDRICAL_SURFACE ( 'NONE', #652, 2.552699999999990865 ) ;
#1318 = CARTESIAN_POINT ( 'NONE',  ( 0.000000000000000000, 188.0381572397664627, -50.38467237863196857 ) ) ;
#1319 = VERTEX_POINT ( 'NONE', #552 ) ;
#1320 = CARTESIAN_POINT ( 'NONE',  ( -10.95000000000000107, 166.2229763779156997, -43.55570806019031949 ) ) ;
#1321 = LINE ( 'NONE', #1054, #955 ) ;
#1322 = ORIENTED_EDGE ( 'NONE', *, *, #771, .T. ) ;
#1323 = DIRECTION ( 'NONE',  ( 0.000000000000000000, -0.9659258262890680902, 0.2588190451025210170 ) ) ;
#1324 = ORIENTED_EDGE ( 'NONE', *, *, #216, .F. ) ;
#1325 = EDGE_CURVE ( 'NONE', #746, #1673, #283, .T. ) ;
#1326 = ORIENTED_EDGE ( 'NONE', *, *, #424, .T. ) ;
#1327 = ORIENTED_EDGE ( 'NONE', *, *, #1288, .T. ) ;
#1328 = LINE ( 'NONE', #760, #187 ) ;
#1329 = EDGE_CURVE ( 'NONE', #1727, #941, #806, .T. ) ;
#1330 = ORIENTED_EDGE ( 'NONE', *, *, #1325, .T. ) ;
#1331 = CARTESIAN_POINT ( 'NONE',  ( 20.94999999999999929, 114.0629817583060230, -24.47407962465418763 ) ) ;
#1332 = DIRECTION ( 'NONE',  ( 1.000000000000000000, -0.000000000000000000, -0.000000000000000000 ) ) ;
#1333 = VERTEX_POINT ( 'NONE', #291 ) ;
#1334 = CARTESIAN_POINT ( 'NONE',  ( -4.440000000000003055, 96.67631688510279275, -24.92073681280876585 ) ) ;
#1335 = ORIENTED_EDGE ( 'NONE', *, *, #1445, .F. ) ;
#1336 = ORIENTED_EDGE ( 'NONE', *, *, #1744, .T. ) ;
#1337 = AXIS2_PLACEMENT_3D ( 'NONE', #1672, #612, #1146 ) ;
#1338 = ORIENTED_EDGE ( 'NONE', *, *, #1266, .T. ) ;
#1339 = CIRCLE ( 'NONE', #562, 2.552699999999990865 ) ;
#1340 = EDGE_CURVE ( 'NONE', #147, #574, #508, .T. ) ;
#1341 = CONICAL_SURFACE ( 'NONE', #1560, 2.552699999999990865, 1.029744258676654534 ) ;
#1342 = AXIS2_PLACEMENT_3D ( 'NONE', #1103, #512, #691 ) ;
#1343 = CARTESIAN_POINT ( 'NONE',  ( -20.94999999999999929, 187.4987285476450154, -52.39784766468946486 ) ) ;
#1344 = DIRECTION ( 'NONE',  ( 0.000000000000000000, 0.000000000000000000, 1.000000000000000000 ) ) ;
#1345 = CARTESIAN_POINT ( 'NONE',  ( -10.95000000000000107, 148.8363115047124552, -36.34426524834495353 ) ) ;
#1346 = VERTEX_POINT ( 'NONE', #699 ) ;
#1347 = DIRECTION ( 'NONE',  ( -0.000000000000000000, 0.2588190451025210725, 0.9659258262890682012 ) ) ;
#1348 = ORIENTED_EDGE ( 'NONE', *, *, #1131, .T. ) ;
#1349 = CARTESIAN_POINT ( 'NONE',  ( -10.95000000000000107, 184.6009510687778459, -51.62139052938191952 ) ) ;
#1350 = DIRECTION ( 'NONE',  ( 0.5150380749100558209, 0.000000000000000000, -0.8571673007021113344 ) ) ;
#1351 = EDGE_CURVE ( 'NONE', #779, #1319, #1772, .T. ) ;
#1352 = DIRECTION ( 'NONE',  ( -1.000000000000000000, -0.000000000000000000, -0.000000000000000000 ) ) ;
#1353 = ORIENTED_EDGE ( 'NONE', *, *, #1088, .F. ) ;
#1354 = CARTESIAN_POINT ( 'NONE',  ( 10.94999999999999929, 187.4987285476450154, -52.39784766468946486 ) ) ;
#1355 = EDGE_LOOP ( 'NONE', ( #1019, #46, #1298 ) ) ;
#1356 = CYLINDRICAL_SURFACE ( 'NONE', #767, 2.552699999999990865 ) ;
#1357 = CARTESIAN_POINT ( 'NONE',  ( -13.95000000000005258, 188.0381572397664627, -50.38467237863196857 ) ) ;
#1358 = CARTESIAN_POINT ( 'NONE',  ( -20.94999999999999929, 183.6096412511189158, -45.66175087203571081 ) ) ;
#1359 = LINE ( 'NONE', #126, #259 ) ;
#1360 = DIRECTION ( 'NONE',  ( -0.000000000000000000, 0.2588190451025211836, 0.9659258262890683122 ) ) ;
#1361 = CARTESIAN_POINT ( 'NONE',  ( -10.94999999999999929, 142.2426318945770731, -28.88347512940413253 ) ) ;
#1362 = CARTESIAN_POINT ( 'NONE',  ( -4.440000000000003055, 131.4496466315092391, -34.23822243649954800 ) ) ;
#1363 = VERTEX_POINT ( 'NONE', #1506 ) ;
#1364 = EDGE_CURVE ( 'NONE', #1507, #1613, #1229, .T. ) ;
#1365 = ORIENTED_EDGE ( 'NONE', *, *, #831, .T. ) ;
#1366 = CARTESIAN_POINT ( 'NONE',  ( 20.94999999999999929, 148.8363115047124552, -38.89696524834494795 ) ) ;
#1367 = AXIS2_PLACEMENT_3D ( 'NONE', #368, #954, #1207 ) ;
#1368 = DIRECTION ( 'NONE',  ( 0.000000000000000000, 0.000000000000000000, -1.000000000000000000 ) ) ;
#1369 = CONICAL_SURFACE ( 'NONE', #1305, 2.552699999999990865, 1.029744258676654534 ) ;
#1370 = DIRECTION ( 'NONE',  ( 0.000000000000000000, 0.000000000000000000, 1.000000000000000000 ) ) ;
#1371 = DIRECTION ( 'NONE',  ( 0.000000000000000000, 0.9659258262890682012, -0.2588190451025210725 ) ) ;
#1372 = AXIS2_PLACEMENT_3D ( 'NONE', #1495, #385, #961 ) ;
#1373 = EDGE_LOOP ( 'NONE', ( #1595, #78, #618, #1439 ) ) ;
#1374 = PRODUCT_DEFINITION_CONTEXT ( 'detailed design', #930, 'design' ) ;
#1375 = VECTOR ( 'NONE', #1389, 1000.000000000000000 ) ;
#1376 = ADVANCED_FACE ( 'NONE', ( #530 ), #1356, .F. ) ;
#1377 = VERTEX_POINT ( 'NONE', #521 ) ;
#1378 = EDGE_CURVE ( 'NONE', #1520, #735, #162, .T. ) ;
#1379 = LINE ( 'NONE', #1655, #336 ) ;
#1380 = DIRECTION ( 'NONE',  ( -1.000000000000000000, -0.000000000000000000, -0.000000000000000000 ) ) ;
#1381 = FILL_AREA_STYLE ('',( #1682 ) ) ;
#1382 = ORIENTED_EDGE ( 'NONE', *, *, #314, .F. ) ;
#1383 = ADVANCED_FACE ( 'NONE', ( #1117 ), #415, .F. ) ;
#1384 = EDGE_CURVE ( 'NONE', #320, #769, #682, .T. ) ;
#1385 = DIRECTION ( 'NONE',  ( 0.000000000000000000, 0.000000000000000000, 1.000000000000000000 ) ) ;
#1386 = ORIENTED_EDGE ( 'NONE', *, *, #314, .T. ) ;
#1387 = EDGE_CURVE ( 'NONE', #1319, #769, #733, .T. ) ;
#1388 = CARTESIAN_POINT ( 'NONE',  ( -4.440000000000003055, 131.4496466315092391, -29.13282243649956982 ) ) ;
#1389 = DIRECTION ( 'NONE',  ( 0.5150380749100558209, 0.000000000000000000, -0.8571673007021113344 ) ) ;
#1390 = VECTOR ( 'NONE', #1263, 1000.000000000000000 ) ;
#1391 = DIRECTION ( 'NONE',  ( 1.000000000000000000, 0.000000000000000000, 0.000000000000000000 ) ) ;
#1392 = AXIS2_PLACEMENT_3D ( 'NONE', #899, #1586, #1732 ) ;
#1393 = CONICAL_SURFACE ( 'NONE', #37, 2.552699999999990865, 1.029744258676654534 ) ;
#1394 = ORIENTED_EDGE ( 'NONE', *, *, #1583, .F. ) ;
#1395 = VECTOR ( 'NONE', #972, 1000.000000000000000 ) ;
#1396 = ORIENTED_EDGE ( 'NONE', *, *, #79, .F. ) ;
#1397 = CARTESIAN_POINT ( 'NONE',  ( -20.94999999999999929, 76.36649054166262829, -11.23201625341220478 ) ) ;
#1398 = CARTESIAN_POINT ( 'NONE',  ( 20.94999999999999929, 114.0629817583060230, -27.02677962465417849 ) ) ;
#1399 = CARTESIAN_POINT ( 'NONE',  ( -10.94999999999999929, 183.6096412511189158, -45.66175087203571081 ) ) ;
#1400 = DIRECTION ( 'NONE',  ( 0.000000000000000000, 0.000000000000000000, -1.000000000000000000 ) ) ;
#1401 = EDGE_CURVE ( 'NONE', #1434, #1461, #1432, .T. ) ;
#1402 = CARTESIAN_POINT ( 'NONE',  ( 20.94999999999999929, 166.2229763779156997, -41.00300806019032507 ) ) ;
#1403 = ORIENTED_EDGE ( 'NONE', *, *, #1521, .F. ) ;
#1404 = VERTEX_POINT ( 'NONE', #366 ) ;
#1405 = CARTESIAN_POINT ( 'NONE',  ( -20.94999999999999929, 166.2229763779156997, -41.00300806019032507 ) ) ;
#1406 = CARTESIAN_POINT ( 'NONE',  ( 4.439999999999999503, 131.4496466315092391, -31.68552243649956068 ) ) ;
#1407 = DIRECTION ( 'NONE',  ( -1.000000000000000000, -0.000000000000000000, -0.000000000000000000 ) ) ;
#1408 = ADVANCED_FACE ( 'NONE', ( #921 ), #1281, .F. ) ;
#1409 = CARTESIAN_POINT ( 'NONE',  ( 2.906183097808344495, 79.28965201189956247, -17.70929400096342121 ) ) ;
#1410 = DIRECTION ( 'NONE',  ( 0.000000000000000000, 0.000000000000000000, 1.000000000000000000 ) ) ;
#1411 = ORIENTED_EDGE ( 'NONE', *, *, #936, .F. ) ;
#1412 = FACE_OUTER_BOUND ( 'NONE', #1211, .T. ) ;
#1413 = ORIENTED_EDGE ( 'NONE', *, *, #1191, .T. ) ;
#1414 = DIRECTION ( 'NONE',  ( 0.5150380749100558209, 1.049727191138617463E-16, 0.8571673007021113344 ) ) ;
#1415 = FACE_OUTER_BOUND ( 'NONE', #1450, .T. ) ;
#1416 = FACE_BOUND ( 'NONE', #719, .T. ) ;
#1417 = ORIENTED_EDGE ( 'NONE', *, *, #846, .F. ) ;
#1418 = VECTOR ( 'NONE', #215, 1000.000000000000114 ) ;
#1419 = DIRECTION ( 'NONE',  ( 0.000000000000000000, -0.2588190451025224603, -0.9659258262890677571 ) ) ;
#1420 = DIRECTION ( 'NONE',  ( -1.000000000000000000, -0.000000000000000000, -0.000000000000000000 ) ) ;
#1421 = AXIS2_PLACEMENT_3D ( 'NONE', #1354, #387, #780 ) ;
#1422 = ORIENTED_EDGE ( 'NONE', *, *, #278, .T. ) ;
#1423 = AXIS2_PLACEMENT_3D ( 'NONE', #349, #325, #1021 ) ;
#1424 = ORIENTED_EDGE ( 'NONE', *, *, #783, .F. ) ;
#1425 = CARTESIAN_POINT ( 'NONE',  ( 20.94999999999999929, 166.2229763779156997, -41.00300806019032507 ) ) ;
#1426 = EDGE_CURVE ( 'NONE', #1714, #1377, #957, .T. ) ;
#1427 = EDGE_LOOP ( 'NONE', ( #1209, #637, #539, #6 ) ) ;
#1428 = CONICAL_SURFACE ( 'NONE', #544, 2.552699999999990865, 1.029744258676654534 ) ;
#1429 = CARTESIAN_POINT ( 'NONE',  ( 4.439999999999999503, 114.0629817583060230, -27.02677962465417849 ) ) ;
#1430 = DIRECTION ( 'NONE',  ( 1.000000000000000000, -0.000000000000000000, -0.000000000000000000 ) ) ;
#1431 = DIRECTION ( 'NONE',  ( -1.000000000000000000, -0.000000000000000000, -0.000000000000000000 ) ) ;
#1432 = LINE ( 'NONE', #1184, #1743 ) ;
#1433 = FACE_OUTER_BOUND ( 'NONE', #759, .T. ) ;
#1434 = VERTEX_POINT ( 'NONE', #1775 ) ;
#1435 = ORIENTED_EDGE ( 'NONE', *, *, #827, .F. ) ;
#1436 = ORIENTED_EDGE ( 'NONE', *, *, #936, .T. ) ;
#1437 = ADVANCED_FACE ( 'NONE', ( #514 ), #1769, .F. ) ;
#1438 = CARTESIAN_POINT ( 'NONE',  ( -10.95000000000000107, 148.8363115047124552, -33.79156524834496622 ) ) ;
#1439 = ORIENTED_EDGE ( 'NONE', *, *, #68, .F. ) ;
#1440 = FACE_OUTER_BOUND ( 'NONE', #1043, .T. ) ;
#1441 = DIRECTION ( 'NONE',  ( 1.000000000000000000, -4.081631577902211589E-17, -1.523285642650855344E-16 ) ) ;
#1442 = ORIENTED_EDGE ( 'NONE', *, *, #1075, .T. ) ;
#1443 = VERTEX_POINT ( 'NONE', #110 ) ;
#1444 = ORIENTED_EDGE ( 'NONE', *, *, #491, .T. ) ;
#1445 = EDGE_CURVE ( 'NONE', #1208, #1404, #985, .T. ) ;
#1446 = ADVANCED_FACE ( 'NONE', ( #138 ), #977, .F. ) ;
#1447 = LINE ( 'NONE', #1250, #690 ) ;
#1448 = DIRECTION ( 'NONE',  ( 0.000000000000000000, 0.000000000000000000, -1.000000000000000000 ) ) ;
#1449 = ORIENTED_EDGE ( 'NONE', *, *, #945, .T. ) ;
#1450 = EDGE_LOOP ( 'NONE', ( #316, #973, #1060 ) ) ;
#1451 = AXIS2_PLACEMENT_3D ( 'NONE', #929, #1759, #502 ) ;
#1452 = AXIS2_PLACEMENT_3D ( 'NONE', #303, #80, #1142 ) ;
#1453 = DIRECTION ( 'NONE',  ( 0.000000000000000000, 0.000000000000000000, -1.000000000000000000 ) ) ;
#1454 = EDGE_LOOP ( 'NONE', ( #243, #1472, #1000, #377, #1413, #645 ) ) ;
#1455 = FACE_BOUND ( 'NONE', #177, .T. ) ;
#1456 = AXIS2_PLACEMENT_3D ( 'NONE', #1093, #789, #1084 ) ;
#1457 = FACE_OUTER_BOUND ( 'NONE', #1196, .T. ) ;
#1458 = EDGE_CURVE ( 'NONE', #1346, #1613, #596, .T. ) ;
#1459 = DIRECTION ( 'NONE',  ( 0.000000000000000000, 0.000000000000000000, 1.000000000000000000 ) ) ;
#1460 = CARTESIAN_POINT ( 'NONE',  ( 13.95000000000005258, 188.0381572397664627, -50.38467237863196857 ) ) ;
#1461 = VERTEX_POINT ( 'NONE', #1020 ) ;
#1462 = FACE_BOUND ( 'NONE', #145, .T. ) ;
#1463 = ORIENTED_EDGE ( 'NONE', *, *, #1180, .T. ) ;
#1464 = EDGE_CURVE ( 'NONE', #839, #1049, #408, .T. ) ;
#1465 = LINE ( 'NONE', #580, #824 ) ;
#1466 = ORIENTED_EDGE ( 'NONE', *, *, #918, .T. ) ;
#1467 = FACE_OUTER_BOUND ( 'NONE', #1427, .T. ) ;
#1468 = ORIENTED_EDGE ( 'NONE', *, *, #918, .F. ) ;
#1469 = DIRECTION ( 'NONE',  ( -1.000000000000000000, -0.000000000000000000, -0.000000000000000000 ) ) ;
#1470 = ORIENTED_EDGE ( 'NONE', *, *, #451, .F. ) ;
#1471 = CARTESIAN_POINT ( 'NONE',  ( -20.94999999999999929, 131.4496466315092391, -29.13282243649956982 ) ) ;
#1472 = ORIENTED_EDGE ( 'NONE', *, *, #868, .F. ) ;
#1473 = EDGE_CURVE ( 'NONE', #635, #209, #1770, .T. ) ;
#1474 = VERTEX_POINT ( 'NONE', #1343 ) ;
#1475 = DIRECTION ( 'NONE',  ( 1.523285642650855344E-16, 0.000000000000000000, 1.000000000000000000 ) ) ;
#1476 = DIRECTION ( 'NONE',  ( 0.000000000000000000, 0.000000000000000000, -1.000000000000000000 ) ) ;
#1477 = CARTESIAN_POINT ( 'NONE',  ( -4.440000000000003055, 79.28965201189956247, -15.15659400096343035 ) ) ;
#1478 = ORIENTED_EDGE ( 'NONE', *, *, #436, .T. ) ;
#1479 = DIRECTION ( 'NONE',  ( 1.000000000000000000, -0.000000000000000000, -0.000000000000000000 ) ) ;
#1480 = ORIENTED_EDGE ( 'NONE', *, *, #1278, .T. ) ;
#1481 = VERTEX_POINT ( 'NONE', #1216 ) ;
#1482 = AXIS2_PLACEMENT_3D ( 'NONE', #698, #970, #1370 ) ;
#1483 = FACE_OUTER_BOUND ( 'NONE', #434, .T. ) ;
#1484 = VECTOR ( 'NONE', #939, 1000.000000000000000 ) ;
#1485 = AXIS2_PLACEMENT_3D ( 'NONE', #1194, #828, #1371 ) ;
#1486 = CIRCLE ( 'NONE', #731, 2.552699999999990865 ) ;
#1487 = CARTESIAN_POINT ( 'NONE',  ( -20.94999999999999929, 73.46871306279543035, -10.45555911810464167 ) ) ;
#1488 = AXIS2_PLACEMENT_3D ( 'NONE', #1460, #461, #778 ) ;
#1489 = VECTOR ( 'NONE', #559, 1000.000000000000114 ) ;
#1490 = ORIENTED_EDGE ( 'NONE', *, *, #1187, .T. ) ;
#1491 = CARTESIAN_POINT ( 'NONE',  ( -10.94999999999999929, 190.3457380437727409, -41.77266357550971065 ) ) ;
#1492 = EDGE_LOOP ( 'NONE', ( #944, #1003, #527, #663 ) ) ;
#1493 = CARTESIAN_POINT ( 'NONE',  ( -41.54999999999997584, 136.7368546847303890, -27.40820657232004720 ) ) ;
#1494 = EDGE_CURVE ( 'NONE', #1602, #226, #1564, .T. ) ;
#1495 = CARTESIAN_POINT ( 'NONE',  ( -10.94999999999999929, 183.6096412511189158, -45.66175087203571081 ) ) ;
#1496 = LINE ( 'NONE', #1504, #1276 ) ;
#1497 = LINE ( 'NONE', #272, #707 ) ;
#1498 = EDGE_LOOP ( 'NONE', ( #1382, #909 ) ) ;
#1499 = UNCERTAINTY_MEASURE_WITH_UNIT (LENGTH_MEASURE( 1.000000000000000082E-05 ), #914, 'distance_accuracy_value', 'NONE');
#1500 = CARTESIAN_POINT ( 'NONE',  ( 20.94999999999999929, 183.6096412511189158, -45.66175087203571081 ) ) ;
#1501 = DIRECTION ( 'NONE',  ( 1.000000000000000000, -0.000000000000000000, -0.000000000000000000 ) ) ;
#1502 = ADVANCED_FACE ( 'NONE', ( #822 ), #1393, .F. ) ;
#1503 = CARTESIAN_POINT ( 'NONE',  ( 20.94999999999999929, 79.28965201189956247, -20.26199400096341208 ) ) ;
#1504 = CARTESIAN_POINT ( 'NONE',  ( -4.440000000000003055, 131.4496466315092391, -29.13282243649956982 ) ) ;
#1505 = CARTESIAN_POINT ( 'NONE',  ( -10.95000000000000107, 166.2229763779156997, -41.00300806019032507 ) ) ;
#1506 = CARTESIAN_POINT ( 'NONE',  ( -10.94999999999999929, 187.4479605649055998, -40.99620644020215821 ) ) ;
#1507 = VERTEX_POINT ( 'NONE', #1634 ) ;
#1508 = VECTOR ( 'NONE', #334, 1000.000000000000114 ) ;
#1509 = CARTESIAN_POINT ( 'NONE',  ( -20.94999999999999929, 166.2229763779156997, -43.55570806019031949 ) ) ;
#1510 = AXIS2_PLACEMENT_3D ( 'NONE', #1318, #1042, #94 ) ;
#1511 = DIRECTION ( 'NONE',  ( 0.000000000000000000, 0.000000000000000000, 1.000000000000000000 ) ) ;
#1512 = ADVANCED_FACE ( 'NONE', ( #98 ), #808, .F. ) ;
#1513 = ORIENTED_EDGE ( 'NONE', *, *, #597, .F. ) ;
#1514 = LINE ( 'NONE', #1251, #1254 ) ;
#1515 = ADVANCED_FACE ( 'NONE', ( #137 ), #554, .F. ) ;
#1516 = ORIENTED_EDGE ( 'NONE', *, *, #119, .T. ) ;
#1517 = CARTESIAN_POINT ( 'NONE',  ( -10.94999999999999929, 186.1580117834044756, -45.81036083192584130 ) ) ;
#1518 = DIRECTION ( 'NONE',  ( 0.000000000000000000, 0.000000000000000000, -1.000000000000000000 ) ) ;
#1519 = LINE ( 'NONE', #997, #797 ) ;
#1520 = VERTEX_POINT ( 'NONE', #1477 ) ;
#1521 = EDGE_CURVE ( 'NONE', #1781, #1721, #798, .T. ) ;
#1522 = LINE ( 'NONE', #294, #913 ) ;
#1523 = FACE_OUTER_BOUND ( 'NONE', #1355, .T. ) ;
#1524 = DIRECTION ( 'NONE',  ( -1.000000000000000000, 4.081631577902211589E-17, 1.523285642650855344E-16 ) ) ;
#1525 = ORIENTED_EDGE ( 'NONE', *, *, #491, .F. ) ;
#1526 = DIRECTION ( 'NONE',  ( 0.000000000000000000, 0.9659258262890680902, -0.2588190451025211836 ) ) ;
#1527 = CARTESIAN_POINT ( 'NONE',  ( 4.439999999999999503, 131.4496466315092391, -34.23822243649954800 ) ) ;
#1528 = EDGE_CURVE ( 'NONE', #525, #820, #624, .T. ) ;
#1529 = AXIS2_PLACEMENT_3D ( 'NONE', #696, #814, #1244 ) ;
#1530 = CIRCLE ( 'NONE', #764, 3.199999999999987743 ) ;
#1531 = LINE ( 'NONE', #1035, #535 ) ;
#1532 = CARTESIAN_POINT ( 'NONE',  ( 4.439999999999999503, 79.28965201189956247, -17.70929400096342121 ) ) ;
#1533 = AXIS2_PLACEMENT_3D ( 'NONE', #1760, #1204, #1233 ) ;
#1534 = ORIENTED_EDGE ( 'NONE', *, *, #465, .F. ) ;
#1535 = DIRECTION ( 'NONE',  ( -1.000000000000000000, -0.000000000000000000, -0.000000000000000000 ) ) ;
#1536 = ORIENTED_EDGE ( 'NONE', *, *, #1052, .T. ) ;
#1537 = DIRECTION ( 'NONE',  ( 0.000000000000000000, 0.000000000000000000, -1.000000000000000000 ) ) ;
#1538 = LINE ( 'NONE', #721, #41 ) ;
#1539 = EDGE_CURVE ( 'NONE', #228, #1150, #1115, .T. ) ;
#1540 = FACE_OUTER_BOUND ( 'NONE', #277, .T. ) ;
#1541 = DIRECTION ( 'NONE',  ( -8.131516293641312837E-16, -0.9659258262890679791, 0.2588190451025222383 ) ) ;
#1542 = FACE_OUTER_BOUND ( 'NONE', #1722, .T. ) ;
#1543 = EDGE_LOOP ( 'NONE', ( #1253, #123, #1338, #1126 ) ) ;
#1544 = DIRECTION ( 'NONE',  ( 1.000000000000000000, -0.000000000000000000, -0.000000000000000000 ) ) ;
#1545 = CYLINDRICAL_SURFACE ( 'NONE', #998, 2.552699999999990865 ) ;
#1546 = EDGE_CURVE ( 'NONE', #1306, #88, #533, .T. ) ;
#1547 = CARTESIAN_POINT ( 'NONE',  ( -20.94999999999999929, 114.0629817583060230, -24.47407962465418763 ) ) ;
#1548 = ORIENTED_EDGE ( 'NONE', *, *, #1120, .F. ) ;
#1549 = EDGE_CURVE ( 'NONE', #1673, #746, #442, .T. ) ;
#1550 = APPLICATION_CONTEXT ( 'automotive_design' ) ;
#1551 = EDGE_LOOP ( 'NONE', ( #1565, #486, #1072 ) ) ;
#1552 = FACE_BOUND ( 'NONE', #252, .T. ) ;
#1553 = CARTESIAN_POINT ( 'NONE',  ( 10.94999999999999929, 166.2229763779156997, -38.45030806019033776 ) ) ;
#1554 = CIRCLE ( 'NONE', #796, 2.552699999999990865 ) ;
#1555 = CYLINDRICAL_SURFACE ( 'NONE', #104, 2.552699999999990865 ) ;
#1556 = CIRCLE ( 'NONE', #299, 2.552699999999990865 ) ;
#1557 = DIRECTION ( 'NONE',  ( 0.000000000000000000, 0.000000000000000000, -1.000000000000000000 ) ) ;
#1558 = DIRECTION ( 'NONE',  ( 1.577021341797096328E-16, 0.2588190451025211836, 0.9659258262890683122 ) ) ;
#1559 = CARTESIAN_POINT ( 'NONE',  ( 62.50000000000031974, 116.5007086239743757, -21.98594757742221617 ) ) ;
#1560 = AXIS2_PLACEMENT_3D ( 'NONE', #1771, #801, #1755 ) ;
#1561 = VERTEX_POINT ( 'NONE', #1331 ) ;
#1562 = AXIS2_PLACEMENT_3D ( 'NONE', #872, #1304, #604 ) ;
#1563 = EDGE_CURVE ( 'NONE', #22, #924, #136, .T. ) ;
#1564 = CIRCLE ( 'NONE', #401, 3.199999999999988187 ) ;
#1565 = ORIENTED_EDGE ( 'NONE', *, *, #339, .F. ) ;
#1566 = EDGE_LOOP ( 'NONE', ( #114, #1468, #782, #1436 ) ) ;
#1567 = DIRECTION ( 'NONE',  ( 1.000000000000000000, -0.000000000000000000, -0.000000000000000000 ) ) ;
#1568 = DIRECTION ( 'NONE',  ( -0.000000000000000000, -0.9659258262890680902, 0.2588190451025211281 ) ) ;
#1569 = CARTESIAN_POINT ( 'NONE',  ( -20.94999999999999929, 166.2229763779156997, -38.45030806019033776 ) ) ;
#1570 = DIRECTION ( 'NONE',  ( 0.000000000000000000, 0.000000000000000000, 1.000000000000000000 ) ) ;
#1571 = ORIENTED_EDGE ( 'NONE', *, *, #150, .T. ) ;
#1572 = EDGE_CURVE ( 'NONE', #1302, #632, #1140, .T. ) ;
#1573 = ORIENTED_EDGE ( 'NONE', *, *, #1351, .F. ) ;
#1574 = FACE_OUTER_BOUND ( 'NONE', #912, .T. ) ;
#1575 = ORIENTED_EDGE ( 'NONE', *, *, #783, .T. ) ;
#1576 = FACE_OUTER_BOUND ( 'NONE', #1543, .T. ) ;
#1577 = CARTESIAN_POINT ( 'NONE',  ( 10.94999999999999929, 148.8363115047124552, -36.34426524834495353 ) ) ;
#1578 = ORIENTED_EDGE ( 'NONE', *, *, #1528, .F. ) ;
#1579 = EDGE_LOOP ( 'NONE', ( #616, #1424, #142, #879 ) ) ;
#1580 = FACE_BOUND ( 'NONE', #1756, .T. ) ;
#1581 = ORIENTED_EDGE ( 'NONE', *, *, #558, .F. ) ;
#1582 = CARTESIAN_POINT ( 'NONE',  ( -4.440000000000003055, 96.67631688510279275, -22.36803681280877498 ) ) ;
#1583 = EDGE_CURVE ( 'NONE', #1346, #292, #260, .T. ) ;
#1584 = LINE ( 'NONE', #363, #1698 ) ;
#1585 = ORIENTED_EDGE ( 'NONE', *, *, #1278, .F. ) ;
#1586 = DIRECTION ( 'NONE',  ( -1.000000000000000000, -0.000000000000000000, -0.000000000000000000 ) ) ;
#1587 = DIRECTION ( 'NONE',  ( -1.000000000000000000, -0.000000000000000000, -0.000000000000000000 ) ) ;
#1588 = ORIENTED_EDGE ( 'NONE', *, *, #641, .F. ) ;
#1589 = DIRECTION ( 'NONE',  ( 0.000000000000000000, 0.000000000000000000, 1.000000000000000000 ) ) ;
#1590 = ORIENTED_EDGE ( 'NONE', *, *, #1687, .T. ) ;
#1591 = AXIS2_PLACEMENT_3D ( 'NONE', #776, #523, #97 ) ;
#1592 = VECTOR ( 'NONE', #1629, 1000.000000000000114 ) ;
#1593 = LINE ( 'NONE', #925, #983 ) ;
#1594 = AXIS2_PLACEMENT_3D ( 'NONE', #227, #1159, #787 ) ;
#1595 = ORIENTED_EDGE ( 'NONE', *, *, #1325, .F. ) ;
#1596 = DIRECTION ( 'NONE',  ( 1.000000000000000000, -0.000000000000000000, -0.000000000000000000 ) ) ;
#1597 = EDGE_LOOP ( 'NONE', ( #893, #480, #1031, #1490 ) ) ;
#1598 = VECTOR ( 'NONE', #524, 1000.000000000000114 ) ;
#1599 = AXIS2_PLACEMENT_3D ( 'NONE', #1668, #837, #430 ) ;
#1600 = EDGE_CURVE ( 'NONE', #810, #396, #666, .T. ) ;
#1601 = DIRECTION ( 'NONE',  ( -1.000000000000000000, -0.000000000000000000, -0.000000000000000000 ) ) ;
#1602 = VERTEX_POINT ( 'NONE', #1617 ) ;
#1603 = CARTESIAN_POINT ( 'NONE',  ( 10.94999999999999929, 184.6009510687778459, -51.62139052938191952 ) ) ;
#1604 = ORIENTED_EDGE ( 'NONE', *, *, #932, .T. ) ;
#1605 = EDGE_LOOP ( 'NONE', ( #1536, #348, #91, #1735, #843, #310, #1078, #1076 ) ) ;
#1606 = EDGE_LOOP ( 'NONE', ( #222, #863, #677, #1199 ) ) ;
#1607 = FACE_OUTER_BOUND ( 'NONE', #937, .T. ) ;
#1608 = ORIENTED_EDGE ( 'NONE', *, *, #119, .F. ) ;
#1609 = DIRECTION ( 'NONE',  ( -1.000000000000000000, -0.000000000000000000, -0.000000000000000000 ) ) ;
#1610 = EDGE_CURVE ( 'NONE', #417, #1602, #392, .T. ) ;
#1611 = EDGE_LOOP ( 'NONE', ( #775, #1067 ) ) ;
#1612 = FACE_OUTER_BOUND ( 'NONE', #1605, .T. ) ;
#1613 = VERTEX_POINT ( 'NONE', #1487 ) ;
#1614 = EDGE_CURVE ( 'NONE', #40, #320, #1359, .T. ) ;
#1615 = DIRECTION ( 'NONE',  ( 0.000000000000000000, 0.000000000000000000, 1.000000000000000000 ) ) ;
#1616 = ORIENTED_EDGE ( 'NONE', *, *, #1600, .T. ) ;
#1617 = CARTESIAN_POINT ( 'NONE',  ( -7.750000000000000000, 139.1516692504520734, -28.05525418507607327 ) ) ;
#1618 = ORIENTED_EDGE ( 'NONE', *, *, #150, .F. ) ;
#1619 = DIRECTION ( 'NONE',  ( 1.000000000000000000, -4.081631577902211589E-17, -1.523285642650855344E-16 ) ) ;
#1620 = ORIENTED_EDGE ( 'NONE', *, *, #247, .F. ) ;
#1621 = CIRCLE ( 'NONE', #847, 2.552699999999990865 ) ;
#1622 = AXIS2_PLACEMENT_3D ( 'NONE', #10, #1642, #1223 ) ;
#1623 = AXIS2_PLACEMENT_3D ( 'NONE', #1706, #347, #208 ) ;
#1624 = AXIS2_PLACEMENT_3D ( 'NONE', #1059, #1596, #886 ) ;
#1625 = DIRECTION ( 'NONE',  ( 0.000000000000000000, 0.000000000000000000, 1.000000000000000000 ) ) ;
#1626 = DIRECTION ( 'NONE',  ( 0.000000000000000000, 0.000000000000000000, 1.000000000000000000 ) ) ;
#1627 = CARTESIAN_POINT ( 'NONE',  ( 4.439999999999999503, 96.67631688510279275, -22.36803681280877498 ) ) ;
#1628 = VERTEX_POINT ( 'NONE', #1224 ) ;
#1629 = DIRECTION ( 'NONE',  ( -0.5150380749100541555, 1.049727191138618696E-16, -0.8571673007021122226 ) ) ;
#1630 = ORIENTED_EDGE ( 'NONE', *, *, #995, .T. ) ;
#1631 = DIRECTION ( 'NONE',  ( 1.000000000000000000, -0.000000000000000000, -0.000000000000000000 ) ) ;
#1632 = DIRECTION ( 'NONE',  ( 0.7071067811865417996, 0.6830127018922249604, -0.1830127018922211579 ) ) ;
#1633 = EDGE_CURVE ( 'NONE', #391, #647, #1379, .T. ) ;
#1634 = CARTESIAN_POINT ( 'NONE',  ( -20.94999999999999929, 70.62170356666767645, -21.08074320728438877 ) ) ;
#1635 = CARTESIAN_POINT ( 'NONE',  ( 20.94999999999999929, 183.6096412511189158, -48.21445087203569813 ) ) ;
#1636 = CARTESIAN_POINT ( 'NONE',  ( 10.95000000000000107, 183.6096412511189158, -45.66175087203571081 ) ) ;
#1637 = CARTESIAN_POINT ( 'NONE',  ( -20.94999999999999929, 131.4496466315092391, -29.13282243649956982 ) ) ;
#1638 = DIRECTION ( 'NONE',  ( 0.000000000000000000, 0.000000000000000000, 1.000000000000000000 ) ) ;
#1639 = ORIENTED_EDGE ( 'NONE', *, *, #1329, .F. ) ;
#1640 = CARTESIAN_POINT ( 'NONE',  ( -10.95000000000000107, 187.4987285476450154, -52.39784766468946486 ) ) ;
#1641 = ADVANCED_FACE ( 'NONE', ( #1134 ), #426, .F. ) ;
#1642 = DIRECTION ( 'NONE',  ( -1.000000000000000000, -0.000000000000000000, -0.000000000000000000 ) ) ;
#1643 = DIRECTION ( 'NONE',  ( 0.000000000000000000, -0.2588190451025210725, -0.9659258262890682012 ) ) ;
#1644 = DIRECTION ( 'NONE',  ( 1.000000000000000000, -0.000000000000000000, -0.000000000000000000 ) ) ;
#1645 = ADVANCED_FACE ( 'NONE', ( #1257 ), #510, .F. ) ;
#1646 = CARTESIAN_POINT ( 'NONE',  ( 10.94999999999999929, 139.3956223984493192, -39.50865921858388674 ) ) ;
#1647 = ORIENTED_EDGE ( 'NONE', *, *, #365, .F. ) ;
#1648 = CIRCLE ( 'NONE', #1137, 2.552699999999990865 ) ;
#1649 = DIRECTION ( 'NONE',  ( 1.000000000000000000, -0.000000000000000000, -0.000000000000000000 ) ) ;
#1650 = PRESENTATION_LAYER_ASSIGNMENT (  '', '', ( #1173 ) ) ;
#1651 = CIRCLE ( 'NONE', #1624, 2.552699999999990865 ) ;
#1652 = ADVANCED_FACE ( 'NONE', ( #1268 ), #295, .F. ) ;
#1653 = VERTEX_POINT ( 'NONE', #165 ) ;
#1654 = CARTESIAN_POINT ( 'NONE',  ( 20.94999999999999929, 183.6096412511189158, -48.21445087203569813 ) ) ;
#1655 = CARTESIAN_POINT ( 'NONE',  ( -20.94999999999999929, 96.67631688510279275, -19.81533681280878412 ) ) ;
#1656 = CARTESIAN_POINT ( 'NONE',  ( 7.750000000000001776, 142.2426318945770731, -28.88347512940413608 ) ) ;
#1657 = PRODUCT_DEFINITION ( 'UNKNOWN', '', #422, #1374 ) ;
#1658 = ORIENTED_EDGE ( 'NONE', *, *, #1004, .F. ) ;
#1659 = EDGE_CURVE ( 'NONE', #1306, #1217, #1141, .T. ) ;
#1660 = DIRECTION ( 'NONE',  ( 0.000000000000000000, 0.000000000000000000, -1.000000000000000000 ) ) ;
#1661 = LINE ( 'NONE', #865, #856 ) ;
#1662 = CARTESIAN_POINT ( 'NONE',  ( -10.94999999999999929, 187.4479605649055998, -40.99620644020215821 ) ) ;
#1663 = ORIENTED_EDGE ( 'NONE', *, *, #1104, .T. ) ;
#1664 = ORIENTED_EDGE ( 'NONE', *, *, #500, .F. ) ;
#1665 = ADVANCED_FACE ( 'NONE', ( #32 ), #959, .F. ) ;
#1666 = ORIENTED_EDGE ( 'NONE', *, *, #1088, .T. ) ;
#1667 = CARTESIAN_POINT ( 'NONE',  ( 20.94999999999999929, 114.0629817583060230, -27.02677962465417849 ) ) ;
#1668 = CARTESIAN_POINT ( 'NONE',  ( 20.94999999999999929, 148.8363115047124552, -36.34426524834495353 ) ) ;
#1669 = VECTOR ( 'NONE', #1313, 1000.000000000000000 ) ;
#1670 = CARTESIAN_POINT ( 'NONE',  ( 20.94999999999999929, 0.000000000000000000, 0.000000000000000000 ) ) ;
#1671 = AXIS2_PLACEMENT_3D ( 'NONE', #1690, #1469, #601 ) ;
#1672 = CARTESIAN_POINT ( 'NONE',  ( -4.440000000000003055, 96.67631688510279275, -22.36803681280877498 ) ) ;
#1673 = VERTEX_POINT ( 'NONE', #1262 ) ;
#1674 = AXIS2_PLACEMENT_3D ( 'NONE', #173, #703, #858 ) ;
#1675 = ORIENTED_EDGE ( 'NONE', *, *, #831, .F. ) ;
#1676 = EDGE_CURVE ( 'NONE', #1275, #1673, #421, .T. ) ;
#1677 = DIRECTION ( 'NONE',  ( -1.000000000000000000, -0.000000000000000000, -0.000000000000000000 ) ) ;
#1678 = DIRECTION ( 'NONE',  ( -1.000000000000000000, -0.000000000000000000, -0.000000000000000000 ) ) ;
#1679 = DIRECTION ( 'NONE',  ( -1.000000000000000000, -0.000000000000000000, -0.000000000000000000 ) ) ;
#1680 = CARTESIAN_POINT ( 'NONE',  ( -20.94999999999999929, 131.4496466315092391, -34.23822243649954800 ) ) ;
#1681 = ORIENTED_EDGE ( 'NONE', *, *, #1040, .T. ) ;
#1682 = FILL_AREA_STYLE_COLOUR ( '', #802 ) ;
#1683 = ORIENTED_EDGE ( 'NONE', *, *, #1, .F. ) ;
#1684 = DIRECTION ( 'NONE',  ( 0.000000000000000000, 0.000000000000000000, 1.000000000000000000 ) ) ;
#1685 = CARTESIAN_POINT ( 'NONE',  ( -20.94999999999999929, 131.4496466315092391, -34.23822243649954800 ) ) ;
#1686 = FACE_OUTER_BOUND ( 'NONE', #201, .T. ) ;
#1687 = EDGE_CURVE ( 'NONE', #1041, #72, #289, .T. ) ;
#1688 = CARTESIAN_POINT ( 'NONE',  ( -2.906183097808354709, 114.0629817583060230, -27.02677962465417849 ) ) ;
#1689 = EDGE_CURVE ( 'NONE', #1708, #396, #1661, .T. ) ;
#1690 = CARTESIAN_POINT ( 'NONE',  ( -20.94999999999999929, 79.28965201189956247, -17.70929400096342121 ) ) ;
#1691 = PLANE ( 'NONE',  #823 ) ;
#1692 = ORIENTED_EDGE ( 'NONE', *, *, #451, .T. ) ;
#1693 = CARTESIAN_POINT ( 'NONE',  ( 20.94999999999999929, 183.6096412511189158, -45.66175087203571081 ) ) ;
#1694 = ORIENTED_EDGE ( 'NONE', *, *, #1288, .F. ) ;
#1695 = FACE_BOUND ( 'NONE', #578, .T. ) ;
#1696 = APPLICATION_PROTOCOL_DEFINITION ( 'draft international standard', 'automotive_design', 1998, #930 ) ;
#1697 = FACE_OUTER_BOUND ( 'NONE', #67, .T. ) ;
#1698 = VECTOR ( 'NONE', #916, 1000.000000000000114 ) ;
#1699 = DIRECTION ( 'NONE',  ( -0.5150380749100541555, 1.049727191138618696E-16, -0.8571673007021122226 ) ) ;
#1700 = EDGE_CURVE ( 'NONE', #1158, #1302, #25, .T. ) ;
#1701 = DIRECTION ( 'NONE',  ( -1.000000000000000000, -0.000000000000000000, -0.000000000000000000 ) ) ;
#1702 = CARTESIAN_POINT ( 'NONE',  ( 10.94999999999999929, 148.8363115047124552, -36.34426524834495353 ) ) ;
#1703 = AXIS2_PLACEMENT_3D ( 'NONE', #397, #1099, #1589 ) ;
#1704 = VERTEX_POINT ( 'NONE', #989 ) ;
#1705 = CIRCLE ( 'NONE', #1170, 2.552699999999990865 ) ;
#1706 = CARTESIAN_POINT ( 'NONE',  ( 20.94999999999999929, 166.2229763779156997, -41.00300806019032507 ) ) ;
#1707 = AXIS2_PLACEMENT_3D ( 'NONE', #1132, #1535, #181 ) ;
#1708 = VERTEX_POINT ( 'NONE', #1014 ) ;
#1709 = DIRECTION ( 'NONE',  ( -0.000000000000000000, 0.000000000000000000, 1.000000000000000000 ) ) ;
#1710 = VERTEX_POINT ( 'NONE', #1245 ) ;
#1711 = DIRECTION ( 'NONE',  ( 0.000000000000000000, 0.000000000000000000, 1.000000000000000000 ) ) ;
#1712 = LINE ( 'NONE', #331, #1203 ) ;
#1713 = CYLINDRICAL_SURFACE ( 'NONE', #279, 2.552699999999990865 ) ;
#1714 = VERTEX_POINT ( 'NONE', #19 ) ;
#1715 = ADVANCED_FACE ( 'NONE', ( #1523 ), #570, .F. ) ;
#1716 = ORIENTED_EDGE ( 'NONE', *, *, #771, .F. ) ;
#1717 = CARTESIAN_POINT ( 'NONE',  ( -10.95000000000000107, 166.2229763779156997, -38.45030806019033776 ) ) ;
#1718 = EDGE_CURVE ( 'NONE', #1150, #1085, #446, .T. ) ;
#1719 = DIRECTION ( 'NONE',  ( 0.000000000000000000, 0.000000000000000000, 1.000000000000000000 ) ) ;
#1720 = DIRECTION ( 'NONE',  ( 0.5150380749100558209, 0.000000000000000000, -0.8571673007021113344 ) ) ;
#1721 = VERTEX_POINT ( 'NONE', #144 ) ;
#1722 = EDGE_LOOP ( 'NONE', ( #122, #648, #1193, #1058 ) ) ;
#1723 = CYLINDRICAL_SURFACE ( 'NONE', #1562, 2.552699999999990865 ) ;
#1724 = DIRECTION ( 'NONE',  ( -1.000000000000000000, -0.000000000000000000, -0.000000000000000000 ) ) ;
#1725 = ORIENTED_EDGE ( 'NONE', *, *, #1315, .F. ) ;
#1726 = CARTESIAN_POINT ( 'NONE',  ( 10.95000000000000107, 185.8908998502789700, -46.80723613765824354 ) ) ;
#1727 = VERTEX_POINT ( 'NONE', #1006 ) ;
#1728 = CARTESIAN_POINT ( 'NONE',  ( -4.440000000000003055, 114.0629817583060230, -27.02677962465417849 ) ) ;
#1729 = EDGE_CURVE ( 'NONE', #904, #1704, #1538, .T. ) ;
#1730 = DIRECTION ( 'NONE',  ( -0.000000000000000000, 0.000000000000000000, 1.000000000000000000 ) ) ;
#1731 = AXIS2_PLACEMENT_3D ( 'NONE', #593, #1558, #900 ) ;
#1732 = DIRECTION ( 'NONE',  ( 0.000000000000000000, 0.000000000000000000, 1.000000000000000000 ) ) ;
#1733 = ORIENTED_EDGE ( 'NONE', *, *, #664, .F. ) ;
#1734 = PLANE ( 'NONE',  #1421 ) ;
#1735 = ORIENTED_EDGE ( 'NONE', *, *, #402, .T. ) ;
#1736 = VECTOR ( 'NONE', #458, 1000.000000000000000 ) ;
#1737 = EDGE_LOOP ( 'NONE', ( #1513, #1683 ) ) ;
#1738 = CIRCLE ( 'NONE', #156, 2.552699999999990865 ) ;
#1739 = LINE ( 'NONE', #958, #1669 ) ;
#1740 = ORIENTED_EDGE ( 'NONE', *, *, #191, .T. ) ;
#1741 = CONICAL_SURFACE ( 'NONE', #1342, 2.552699999999990865, 1.029744258676652535 ) ;
#1742 = DIRECTION ( 'NONE',  ( 1.000000000000000000, -0.000000000000000000, -0.000000000000000000 ) ) ;
#1743 = VECTOR ( 'NONE', #1587, 1000.000000000000000 ) ;
#1744 = EDGE_CURVE ( 'NONE', #1039, #1474, #149, .T. ) ;
#1745 = CARTESIAN_POINT ( 'NONE',  ( -20.94999999999999929, 148.8363115047124552, -36.34426524834495353 ) ) ;
#1746 = EDGE_CURVE ( 'NONE', #635, #358, #109, .T. ) ;
#1747 = ORIENTED_EDGE ( 'NONE', *, *, #730, .F. ) ;
#1748 = PLANE ( 'NONE',  #1249 ) ;
#1749 = ORIENTED_EDGE ( 'NONE', *, *, #577, .T. ) ;
#1750 = EDGE_LOOP ( 'NONE', ( #1287, #898, #1336, #1190 ) ) ;
#1751 = CYLINDRICAL_SURFACE ( 'NONE', #184, 3.199999999999987743 ) ;
#1752 = CARTESIAN_POINT ( 'NONE',  ( -19.04999999999997939, 155.6231762801063212, -43.85681917630641635 ) ) ;
#1753 = DIRECTION ( 'NONE',  ( 1.000000000000000000, -0.000000000000000000, -0.000000000000000000 ) ) ;
#1754 = EDGE_LOOP ( 'NONE', ( #210, #1578, #748, #1386 ) ) ;
#1755 = DIRECTION ( 'NONE',  ( 0.000000000000000000, 0.000000000000000000, 1.000000000000000000 ) ) ;
#1756 = EDGE_LOOP ( 'NONE', ( #1197, #862 ) ) ;
#1757 = EDGE_CURVE ( 'NONE', #941, #1628, #1124, .T. ) ;
#1758 = CARTESIAN_POINT ( 'NONE',  ( -20.94999999999999929, 71.16113225878906690, -19.06756792122698130 ) ) ;
#1759 = DIRECTION ( 'NONE',  ( 1.000000000000000000, -0.000000000000000000, -0.000000000000000000 ) ) ;
#1760 = CARTESIAN_POINT ( 'NONE',  ( -4.440000000000003055, 131.4496466315092391, -31.68552243649956068 ) ) ;
#1761 = EDGE_LOOP ( 'NONE', ( #747, #373, #1422, #337 ) ) ;
#1762 = FACE_OUTER_BOUND ( 'NONE', #1259, .T. ) ;
#1763 = VERTEX_POINT ( 'NONE', #1119 ) ;
#1764 = ADVANCED_FACE ( 'NONE', ( #1686 ), #1123, .F. ) ;
#1765 = AXIS2_PLACEMENT_3D ( 'NONE', #413, #1380, #423 ) ;
#1766 = VECTOR ( 'NONE', #892, 1000.000000000000000 ) ;
#1767 = ADVANCED_FACE ( 'NONE', ( #1415 ), #1428, .F. ) ;
#1768 = AXIS2_PLACEMENT_3D ( 'NONE', #56, #1431, #1459 ) ;
#1769 = CONICAL_SURFACE ( 'NONE', #1174, 2.552699999999990865, 1.029744258676652535 ) ;
#1770 = LINE ( 'NONE', #275, #420 ) ;
#1771 = CARTESIAN_POINT ( 'NONE',  ( -4.440000000000003055, 114.0629817583060230, -27.02677962465417849 ) ) ;
#1772 = LINE ( 'NONE', #671, #567 ) ;
#1773 = PLANE ( 'NONE',  #472 ) ;
#1774 = EDGE_CURVE ( 'NONE', #793, #1346, #351, .T. ) ;
#1775 = CARTESIAN_POINT ( 'NONE',  ( -4.440000000000003055, 96.67631688510279275, -24.92073681280876585 ) ) ;
#1776 = DIRECTION ( 'NONE',  ( -1.000000000000000000, -0.000000000000000000, -0.000000000000000000 ) ) ;
#1777 = DIRECTION ( 'NONE',  ( -1.000000000000000000, -0.000000000000000000, -0.000000000000000000 ) ) ;
#1778 = LINE ( 'NONE', #556, #7 ) ;
#1779 = CARTESIAN_POINT ( 'NONE',  ( 4.439999999999999503, 79.28965201189956247, -15.15659400096343035 ) ) ;
#1780 = CARTESIAN_POINT ( 'NONE',  ( -4.440000000000003055, 79.28965201189956247, -17.70929400096342121 ) ) ;
#1781 = VERTEX_POINT ( 'NONE', #318 ) ;
ENDSEC;
END-ISO-10303-21;
