ISO-10303-21;
HEADER;
FILE_DESCRIPTION (( 'STEP AP214' ),
    '1' );
FILE_NAME ('Hub Motor Stator.STEP',
    '2026-05-07T04:49:28',
    ( '' ),
    ( '' ),
    'SwSTEP 2.0',
    'SolidWorks 2024',
    '' );
FILE_SCHEMA (( 'AUTOMOTIVE_DESIGN' ));
ENDSEC;

DATA;
#1 = AXIS2_PLACEMENT_3D ( 'NONE', #1051, #1065, #2755 ) ;
#2 = CARTESIAN_POINT ( 'NONE',  ( -13.81353231424713002, 6.461333067041916678, 15.95250000000002899 ) ) ;
#3 = CARTESIAN_POINT ( 'NONE',  ( -10.21878048780487980, -0.7993906066863059046, 8.922500000000013642 ) ) ;
#4 = CARTESIAN_POINT ( 'NONE',  ( -7.438403295826200079, -17.79561395870615570, 12.58852296280025840 ) ) ;
#5 = ORIENTED_EDGE ( 'NONE', *, *, #691, .T. ) ;
#6 = AXIS2_PLACEMENT_3D ( 'NONE', #1034, #2167, #1215 ) ;
#7 = EDGE_LOOP ( 'NONE', ( #2459, #2418, #2619, #116 ) ) ;
#8 = DIRECTION ( 'NONE',  ( -1.000000000000000000, 0.000000000000000000, 0.000000000000000000 ) ) ;
#9 = CONICAL_SURFACE ( 'NONE', #1753, 22.50000000000000000, 0.7853981633974346233 ) ;
#10 = ORIENTED_EDGE ( 'NONE', *, *, #2294, .F. ) ;
#11 = DIRECTION ( 'NONE',  ( -0.000000000000000000, -0.000000000000000000, 1.000000000000000000 ) ) ;
#12 = ADVANCED_FACE ( 'NONE', ( #2327 ), #414, .T. ) ;
#13 = DIRECTION ( 'NONE',  ( -0.000000000000000000, -0.000000000000000000, 1.000000000000000000 ) ) ;
#14 = CIRCLE ( 'NONE', #2006, 15.24999999999996625 ) ;
#15 = TOROIDAL_SURFACE ( 'NONE', #466, 0.3000000000000008771, 0.5000000000000000000 ) ;
#16 = DIRECTION ( 'NONE',  ( 1.000000000000000000, 0.000000000000000000, 0.000000000000000000 ) ) ;
#17 = CIRCLE ( 'NONE', #174, 3.302699999999998859 ) ;
#18 = CYLINDRICAL_SURFACE ( 'NONE', #2737, 2.552699999999990865 ) ;
#19 = VERTEX_POINT ( 'NONE', #2097 ) ;
#20 = EDGE_CURVE ( 'NONE', #502, #3046, #2296, .T. ) ;
#21 = CARTESIAN_POINT ( 'NONE',  ( 1.757248574838631061, -15.14841831499997049, 15.95250000000002899 ) ) ;
#22 = PRODUCT_CONTEXT ( 'NONE', #871, 'mechanical' ) ;
#23 = DIRECTION ( 'NONE',  ( -0.000000000000000000, -0.000000000000000000, 1.000000000000000000 ) ) ;
#24 = ORIENTED_EDGE ( 'NONE', *, *, #1114, .F. ) ;
#25 = CARTESIAN_POINT ( 'NONE',  ( 19.55269999999999087, 1.040949779275250140E-15, 20.20249999999999346 ) ) ;
#26 = AXIS2_PLACEMENT_3D ( 'NONE', #328, #1056, #1519 ) ;
#27 = CYLINDRICAL_SURFACE ( 'NONE', #2872, 22.50000000000000000 ) ;
#28 = FACE_OUTER_BOUND ( 'NONE', #2040, .T. ) ;
#29 = VECTOR ( 'NONE', #95, 1000.000000000000000 ) ;
#30 = EDGE_CURVE ( 'NONE', #1895, #2854, #1600, .T. ) ;
#31 = CARTESIAN_POINT ( 'NONE',  ( -0.7665463579600566568, 19.43488890323524032, 12.45250000000002899 ) ) ;
#32 = CYLINDRICAL_SURFACE ( 'NONE', #2306, 2.500000000000000444 ) ;
#33 = ORIENTED_EDGE ( 'NONE', *, *, #1836, .F. ) ;
#34 = EDGE_CURVE ( 'NONE', #1348, #2848, #460, .T. ) ;
#35 = CARTESIAN_POINT ( 'NONE',  ( -6.889155199284955344, -17.39674457957588061, 13.06824089881453155 ) ) ;
#36 = ORIENTED_EDGE ( 'NONE', *, *, #1860, .T. ) ;
#37 = EDGE_CURVE ( 'NONE', #1311, #2312, #952, .T. ) ;
#38 = CARTESIAN_POINT ( 'NONE',  ( 2.552700000000602376, -16.66014751197142019, 14.61541480425793083 ) ) ;
#39 = CYLINDRICAL_SURFACE ( 'NONE', #1607, 2.500000000000000444 ) ;
#40 = ORIENTED_EDGE ( 'NONE', *, *, #2575, .F. ) ;
#41 = DIRECTION ( 'NONE',  ( -1.000000000000000000, 0.000000000000000000, 0.000000000000000000 ) ) ;
#42 = ORIENTED_EDGE ( 'NONE', *, *, #298, .F. ) ;
#43 = CARTESIAN_POINT ( 'NONE',  ( 10.25000000000000000, 0.000000000000000000, 0.000000000000000000 ) ) ;
#44 = FACE_BOUND ( 'NONE', #2829, .T. ) ;
#45 = ORIENTED_EDGE ( 'NONE', *, *, #1921, .T. ) ;
#46 = CIRCLE ( 'NONE', #1792, 18.25000000000000000 ) ;
#47 = DIRECTION ( 'NONE',  ( -0.000000000000000000, -0.000000000000000000, -1.000000000000000000 ) ) ;
#48 = CARTESIAN_POINT ( 'NONE',  ( 8.837619326370829143, 13.03683184835015041, 36.95250000000000057 ) ) ;
#49 = VERTEX_POINT ( 'NONE', #2218 ) ;
#50 = EDGE_CURVE ( 'NONE', #2659, #2806, #2828, .T. ) ;
#51 = CARTESIAN_POINT ( 'NONE',  ( 0.000000000000000000, 0.000000000000000000, -20.95249999999998636 ) ) ;
#52 = ORIENTED_EDGE ( 'NONE', *, *, #613, .T. ) ;
#53 = ADVANCED_FACE ( 'NONE', ( #1463 ), #2930, .F. ) ;
#54 = CARTESIAN_POINT ( 'NONE',  ( -15.30438160853803176, 1.921584333582314175, 15.80761606611220671 ) ) ;
#55 = EDGE_LOOP ( 'NONE', ( #1336, #458 ) ) ;
#56 = DIRECTION ( 'NONE',  ( -0.000000000000000000, -0.000000000000000000, -1.000000000000000000 ) ) ;
#57 = ORIENTED_EDGE ( 'NONE', *, *, #1996, .T. ) ;
#58 = CARTESIAN_POINT ( 'NONE',  ( -19.43488890323524032, 0.7665463579600638733, 12.45250000000003254 ) ) ;
#59 = CARTESIAN_POINT ( 'NONE',  ( 0.000000000000000000, 0.000000000000000000, 19.45250000000001123 ) ) ;
#60 = B_SPLINE_CURVE_WITH_KNOTS ( 'NONE', 3,
 ( #2753, #2050, #1580, #2537 ),
 .UNSPECIFIED., .F., .F.,
 ( 4, 4 ),
 ( 0.002077336937473236566, 0.003840826385503362615 ),
 .UNSPECIFIED. ) ;
#61 = CIRCLE ( 'NONE', #2102, 2.500000000000000444 ) ;
#62 = AXIS2_PLACEMENT_3D ( 'NONE', #2789, #2747, #382 ) ;
#63 = DIRECTION ( 'NONE',  ( 0.000000000000000000, 0.000000000000000000, -1.000000000000000000 ) ) ;
#64 = DIRECTION ( 'NONE',  ( 0.000000000000000000, 0.000000000000000000, 1.000000000000000000 ) ) ;
#65 = ORIENTED_EDGE ( 'NONE', *, *, #306, .F. ) ;
#66 = AXIS2_PLACEMENT_3D ( 'NONE', #917, #1378, #1865 ) ;
#67 = EDGE_CURVE ( 'NONE', #1149, #1284, #1444, .T. ) ;
#68 = DIRECTION ( 'NONE',  ( 0.000000000000000000, 0.000000000000000000, -1.000000000000000000 ) ) ;
#69 = ORIENTED_EDGE ( 'NONE', *, *, #256, .T. ) ;
#70 = DIRECTION ( 'NONE',  ( 1.000000000000000000, 0.000000000000000000, 0.000000000000000000 ) ) ;
#71 = EDGE_CURVE ( 'NONE', #956, #1815, #2310, .T. ) ;
#72 = EDGE_CURVE ( 'NONE', #535, #322, #1491, .T. ) ;
#73 = VERTEX_POINT ( 'NONE', #1263 ) ;
#74 = CARTESIAN_POINT ( 'NONE',  ( 17.00000000000000000, 1.040949779275250140E-15, 20.20249999999999346 ) ) ;
#75 = ORIENTED_EDGE ( 'NONE', *, *, #953, .F. ) ;
#76 = FACE_OUTER_BOUND ( 'NONE', #2500, .T. ) ;
#77 = DIRECTION ( 'NONE',  ( -0.7071067811865500152, 8.659560562354962440E-17, 0.7071067811865451302 ) ) ;
#78 = VECTOR ( 'NONE', #699, 1000.000000000000000 ) ;
#79 = EDGE_CURVE ( 'NONE', #623, #1302, #162, .T. ) ;
#80 = CIRCLE ( 'NONE', #184, 2.500000000000000444 ) ;
#81 = CARTESIAN_POINT ( 'NONE',  ( -0.7665463579600541033, -19.43488890323524032, 12.45250000000003077 ) ) ;
#82 = EDGE_CURVE ( 'NONE', #2806, #1967, #2562, .T. ) ;
#83 = CARTESIAN_POINT ( 'NONE',  ( -15.97310445516565380, -8.298188601397685105, 20.95250000000000057 ) ) ;
#84 = ORIENTED_EDGE ( 'NONE', *, *, #859, .F. ) ;
#85 = CARTESIAN_POINT ( 'NONE',  ( 2.552699999999988645, 16.83109776789868306, 14.47453565282690136 ) ) ;
#86 = LINE ( 'NONE', #567, #2409 ) ;
#87 = ORIENTED_EDGE ( 'NONE', *, *, #1694, .F. ) ;
#88 = CARTESIAN_POINT ( 'NONE',  ( -10.25000000000000000, 0.000000000000000000, 8.922500000000013642 ) ) ;
#89 = CIRCLE ( 'NONE', #1255, 24.22625728283411206 ) ;
#90 = VERTEX_POINT ( 'NONE', #1447 ) ;
#91 = CARTESIAN_POINT ( 'NONE',  ( -6.571849858779189368, 14.09337750270187328, 15.70223204993002497 ) ) ;
#92 = ORIENTED_EDGE ( 'NONE', *, *, #214, .F. ) ;
#93 = LINE ( 'NONE', #2935, #1888 ) ;
#94 = PLANE ( 'NONE',  #1214 ) ;
#95 = DIRECTION ( 'NONE',  ( 0.000000000000000000, 0.000000000000000000, 1.000000000000000000 ) ) ;
#96 = CARTESIAN_POINT ( 'NONE',  ( 15.14841831499997049, 1.757248574838631061, 15.95250000000002899 ) ) ;
#97 = ORIENTED_EDGE ( 'NONE', *, *, #1869, .T. ) ;
#98 = CARTESIAN_POINT ( 'NONE',  ( 15.45619419931775518, 9.499649083309751774, 13.54329515623122937 ) ) ;
#99 = PRESENTATION_LAYER_ASSIGNMENT (  '', '', ( #2820 ) ) ;
#100 = DIRECTION ( 'NONE',  ( -1.000000000000000000, 0.000000000000000000, 0.000000000000000000 ) ) ;
#101 = ORIENTED_EDGE ( 'NONE', *, *, #223, .T. ) ;
#102 = CARTESIAN_POINT ( 'NONE',  ( 0.7665463579600566568, 19.43488890323524032, 12.45250000000003077 ) ) ;
#103 = CIRCLE ( 'NONE', #1889, 2.552699999999989533 ) ;
#104 = ORIENTED_EDGE ( 'NONE', *, *, #178, .T. ) ;
#105 = CARTESIAN_POINT ( 'NONE',  ( 6.571849858779185816, -14.09337750270187151, 15.70223204993002852 ) ) ;
#106 = ORIENTED_EDGE ( 'NONE', *, *, #1177, .T. ) ;
#107 = B_SPLINE_CURVE_WITH_KNOTS ( 'NONE', 3,
 ( #1817, #1765, #1489, #2702 ),
 .UNSPECIFIED., .F., .F.,
 ( 4, 4 ),
 ( 3.213923452658075611E-17, 0.0003913583237768294195 ),
 .UNSPECIFIED. ) ;
#108 = CARTESIAN_POINT ( 'NONE',  ( 0.000000000000000000, 0.000000000000000000, 13.45249999999999702 ) ) ;
#109 = CARTESIAN_POINT ( 'NONE',  ( -8.187500000000035527, 1.002679566801899548E-15, 20.95250000000000057 ) ) ;
#110 = ADVANCED_FACE ( 'NONE', ( #1936 ), #1700, .F. ) ;
#111 = EDGE_CURVE ( 'NONE', #2163, #1895, #1004, .T. ) ;
#112 = CARTESIAN_POINT ( 'NONE',  ( 6.571849858779185816, -14.09337750270187151, 15.70223204993002852 ) ) ;
#113 = CIRCLE ( 'NONE', #1247, 8.187500000000035527 ) ;
#114 = CARTESIAN_POINT ( 'NONE',  ( -17.97310445516565025, -8.298188601397685105, 20.95250000000001123 ) ) ;
#115 = CARTESIAN_POINT ( 'NONE',  ( 10.24041604484239087, 15.10617023697716199, 13.45249999999999346 ) ) ;
#116 = ORIENTED_EDGE ( 'NONE', *, *, #2469, .F. ) ;
#117 = LINE ( 'NONE', #318, #2079 ) ;
#118 = CARTESIAN_POINT ( 'NONE',  ( 10.75000000000000178, 0.000000000000000000, 9.452500000000016556 ) ) ;
#119 = VERTEX_POINT ( 'NONE', #1478 ) ;
#120 = CARTESIAN_POINT ( 'NONE',  ( 0.000000000000000000, 0.000000000000000000, 9.452500000000016556 ) ) ;
#121 = ADVANCED_FACE ( 'NONE', ( #1246 ), #1737, .T. ) ;
#122 = ORIENTED_EDGE ( 'NONE', *, *, #2159, .T. ) ;
#123 = FACE_OUTER_BOUND ( 'NONE', #935, .T. ) ;
#124 = VERTEX_POINT ( 'NONE', #1819 ) ;
#125 = DIRECTION ( 'NONE',  ( 0.000000000000000000, 0.000000000000000000, 1.000000000000000000 ) ) ;
#126 = DIRECTION ( 'NONE',  ( 0.000000000000000000, 0.000000000000000000, -1.000000000000000000 ) ) ;
#127 = LINE ( 'NONE', #2109, #2683 ) ;
#128 = DIRECTION ( 'NONE',  ( -1.000000000000000000, 0.000000000000000000, 0.000000000000000000 ) ) ;
#129 = FACE_OUTER_BOUND ( 'NONE', #270, .T. ) ;
#130 = DIRECTION ( 'NONE',  ( 0.000000000000000000, 0.000000000000000000, -1.000000000000000000 ) ) ;
#131 = ORIENTED_EDGE ( 'NONE', *, *, #2277, .F. ) ;
#132 = CARTESIAN_POINT ( 'NONE',  ( 15.10617023697719397, 10.24041604484234291, 13.45249999999999346 ) ) ;
#133 = AXIS2_PLACEMENT_3D ( 'NONE', #2588, #483, #1470 ) ;
#134 = DIRECTION ( 'NONE',  ( -0.000000000000000000, -0.000000000000000000, -1.000000000000000000 ) ) ;
#135 = CIRCLE ( 'NONE', #2758, 12.25000000000002842 ) ;
#136 = CARTESIAN_POINT ( 'NONE',  ( 6.461333067041909572, -13.81353231424713357, 15.95250000000002899 ) ) ;
#137 = ORIENTED_EDGE ( 'NONE', *, *, #918, .T. ) ;
#138 = EDGE_CURVE ( 'NONE', #90, #1844, #755, .T. ) ;
#139 = ORIENTED_EDGE ( 'NONE', *, *, #991, .F. ) ;
#140 = CARTESIAN_POINT ( 'NONE',  ( 15.14841831499997049, 1.757248574838631061, 15.95250000000002899 ) ) ;
#141 = DIRECTION ( 'NONE',  ( 1.000000000000000000, 0.000000000000000000, 0.000000000000000000 ) ) ;
#142 = PRODUCT_DEFINITION_SHAPE ( 'NONE', 'NONE',  #1180 ) ;
#143 = CARTESIAN_POINT ( 'NONE',  ( 0.000000000000000000, 0.000000000000000000, 12.45250000000002899 ) ) ;
#144 = CARTESIAN_POINT ( 'NONE',  ( -17.74789383907295459, -9.220209557108541176, 20.95250000000001123 ) ) ;
#145 = ADVANCED_FACE ( 'NONE', ( #2068 ), #2672, .T. ) ;
#146 = CARTESIAN_POINT ( 'NONE',  ( -17.00000000000000000, 1.040949779275250140E-15, 12.45250000000002899 ) ) ;
#147 = ORIENTED_EDGE ( 'NONE', *, *, #1094, .F. ) ;
#148 = CARTESIAN_POINT ( 'NONE',  ( -22.50000000000000000, 2.755455298081544778E-15, 19.45250000000001123 ) ) ;
#149 = CARTESIAN_POINT ( 'NONE',  ( 6.571849858779185816, -14.09337750270187151, 20.95250000000000057 ) ) ;
#150 = DIRECTION ( 'NONE',  ( -0.000000000000000000, -0.000000000000000000, 1.000000000000000000 ) ) ;
#151 = AXIS2_PLACEMENT_3D ( 'NONE', #2572, #250, #1882 ) ;
#152 = VERTEX_POINT ( 'NONE', #1298 ) ;
#153 = PRODUCT_DEFINITION_FORMATION_WITH_SPECIFIED_SOURCE ( 'ANY', '', #2060, .NOT_KNOWN. ) ;
#154 = CIRCLE ( 'NONE', #1, 0.3000000000000016542 ) ;
#155 = EDGE_LOOP ( 'NONE', ( #2691, #1299, #1244, #1592, #840 ) ) ;
#156 =( NAMED_UNIT ( * ) PLANE_ANGLE_UNIT ( ) SI_UNIT ( $, .RADIAN. ) );
#157 = FACE_OUTER_BOUND ( 'NONE', #2752, .T. ) ;
#158 = CARTESIAN_POINT ( 'NONE',  ( 2.081899558550500280E-15, -17.00000000000000000, 20.20249999999999346 ) ) ;
#159 = CARTESIAN_POINT ( 'NONE',  ( -9.220209557108468346, -17.74789383907299012, 20.95250000000001123 ) ) ;
#160 = CARTESIAN_POINT ( 'NONE',  ( -0.7665463579600541033, -19.43488890323524032, 12.45250000000003077 ) ) ;
#161 = VERTEX_POINT ( 'NONE', #1109 ) ;
#162 = CIRCLE ( 'NONE', #2679, 0.8000000000000003775 ) ;
#163 = ORIENTED_EDGE ( 'NONE', *, *, #1963, .F. ) ;
#164 = AXIS2_PLACEMENT_3D ( 'NONE', #721, #967, #1671 ) ;
#165 = DIRECTION ( 'NONE',  ( -0.000000000000000000, -0.000000000000000000, -1.000000000000000000 ) ) ;
#166 = CARTESIAN_POINT ( 'NONE',  ( 0.000000000000000000, 0.000000000000000000, 12.45250000000002899 ) ) ;
#167 = CONICAL_SURFACE ( 'NONE', #1554, 8.499999999999998224, 0.7853981633974447263 ) ;
#168 = EDGE_CURVE ( 'NONE', #1175, #161, #2003, .T. ) ;
#169 = ORIENTED_EDGE ( 'NONE', *, *, #1205, .T. ) ;
#170 = VERTEX_POINT ( 'NONE', #884 ) ;
#171 = CARTESIAN_POINT ( 'NONE',  ( 0.000000000000000000, 0.000000000000000000, -9.452499999999982805 ) ) ;
#172 = CARTESIAN_POINT ( 'NONE',  ( -10.24041604484238555, 15.10617023697716199, 20.95250000000000057 ) ) ;
#173 = AXIS2_PLACEMENT_3D ( 'NONE', #1601, #1142, #1075 ) ;
#174 = AXIS2_PLACEMENT_3D ( 'NONE', #629, #1575, #2064 ) ;
#175 = CARTESIAN_POINT ( 'NONE',  ( -6.571849858779189368, 14.09337750270187328, 15.70223204993002497 ) ) ;
#176 = CARTESIAN_POINT ( 'NONE',  ( -19.55269999999999087, 1.353565367693593831E-15, 20.95250000000000057 ) ) ;
#177 = ORIENTED_EDGE ( 'NONE', *, *, #2278, .T. ) ;
#178 = EDGE_CURVE ( 'NONE', #2048, #322, #1511, .T. ) ;
#179 = ORIENTED_EDGE ( 'NONE', *, *, #111, .T. ) ;
#180 = EDGE_CURVE ( 'NONE', #2973, #1106, #154, .T. ) ;
#181 = DIRECTION ( 'NONE',  ( -1.000000000000000000, -4.336808689942017736E-15, 0.000000000000000000 ) ) ;
#182 = DIRECTION ( 'NONE',  ( 0.000000000000000000, 0.000000000000000000, -1.000000000000000000 ) ) ;
#183 = AXIS2_PLACEMENT_3D ( 'NONE', #2142, #2675, #2206 ) ;
#184 = AXIS2_PLACEMENT_3D ( 'NONE', #2729, #609, #1288 ) ;
#185 = CIRCLE ( 'NONE', #1872, 13.25000000000002842 ) ;
#186 = ORIENTED_EDGE ( 'NONE', *, *, #272, .T. ) ;
#187 = VERTEX_POINT ( 'NONE', #2460 ) ;
#188 = CARTESIAN_POINT ( 'NONE',  ( -2.552699999999986868, -17.00000000000000000, 14.33534426639588055 ) ) ;
#189 = CARTESIAN_POINT ( 'NONE',  ( 15.30482205017390207, 1.922048419129438246, 15.80720691267997680 ) ) ;
#190 = CIRCLE ( 'NONE', #732, 1.999999999999998224 ) ;
#191 = CARTESIAN_POINT ( 'NONE',  ( 0.000000000000000000, 0.000000000000000000, 20.70249999999996859 ) ) ;
#192 = EDGE_CURVE ( 'NONE', #170, #978, #902, .T. ) ;
#193 = CARTESIAN_POINT ( 'NONE',  ( -10.25000000000000000, 0.000000000000000000, 11.68524169979696836 ) ) ;
#194 = CONICAL_SURFACE ( 'NONE', #1926, 10.75000000000000178, 0.2267988480538891960 ) ;
#195 = ORIENTED_EDGE ( 'NONE', *, *, #665, .T. ) ;
#196 = DIRECTION ( 'NONE',  ( 0.7071067811865474617, 0.000000000000000000, 0.7071067811865474617 ) ) ;
#197 = AXIS2_PLACEMENT_3D ( 'NONE', #811, #2257, #128 ) ;
#198 = EDGE_LOOP ( 'NONE', ( #1037, #2169, #2883, #2464 ) ) ;
#199 = CARTESIAN_POINT ( 'NONE',  ( 0.000000000000000000, 0.000000000000000000, -9.202500000000000568 ) ) ;
#200 = CIRCLE ( 'NONE', #744, 8.187500000000035527 ) ;
#201 = CARTESIAN_POINT ( 'NONE',  ( -2.420488125655512412, -16.17155275519602853, 15.03446705011407580 ) ) ;
#202 = CYLINDRICAL_SURFACE ( 'NONE', #320, 10.75000000000000178 ) ;
#203 = AXIS2_PLACEMENT_3D ( 'NONE', #2028, #2965, #1598 ) ;
#204 = CARTESIAN_POINT ( 'NONE',  ( -6.461333067041913125, 13.81353231424713179, 15.95250000000002899 ) ) ;
#205 = CARTESIAN_POINT ( 'NONE',  ( 0.000000000000000000, 0.000000000000000000, 0.000000000000000000 ) ) ;
#206 = EDGE_CURVE ( 'NONE', #873, #1658, #103, .T. ) ;
#207 = ORIENTED_EDGE ( 'NONE', *, *, #2900, .T. ) ;
#208 = CARTESIAN_POINT ( 'NONE',  ( -18.96161025998537752, -1.651912764800544275, 12.80062855383686227 ) ) ;
#209 = AXIS2_PLACEMENT_3D ( 'NONE', #773, #1243, #2427 ) ;
#210 = DIRECTION ( 'NONE',  ( -0.000000000000000000, -0.000000000000000000, -1.000000000000000000 ) ) ;
#211 = ORIENTED_EDGE ( 'NONE', *, *, #2508, .F. ) ;
#212 = AXIS2_PLACEMENT_3D ( 'NONE', #2650, #2160, #704 ) ;
#213 = ORIENTED_EDGE ( 'NONE', *, *, #787, .T. ) ;
#214 = EDGE_CURVE ( 'NONE', #2741, #511, #2289, .T. ) ;
#215 = EDGE_CURVE ( 'NONE', #415, #1871, #800, .T. ) ;
#216 = DIRECTION ( 'NONE',  ( 1.000000000000000000, 0.000000000000000000, 0.000000000000000000 ) ) ;
#217 = DIRECTION ( 'NONE',  ( 0.000000000000000000, 0.000000000000000000, -1.000000000000000000 ) ) ;
#218 = VECTOR ( 'NONE', #2156, 1000.000000000000000 ) ;
#219 = DIRECTION ( 'NONE',  ( -1.000000000000000000, 0.000000000000000000, 0.000000000000000000 ) ) ;
#220 = CARTESIAN_POINT ( 'NONE',  ( 8.837619326370820261, -13.03683184835014863, 36.95250000000000057 ) ) ;
#221 = CARTESIAN_POINT ( 'NONE',  ( -5.558441085910836854, -15.01651486716381356, 15.31741528375549954 ) ) ;
#222 = ORIENTED_EDGE ( 'NONE', *, *, #2508, .T. ) ;
#223 = EDGE_CURVE ( 'NONE', #1438, #545, #1345, .T. ) ;
#224 = EDGE_CURVE ( 'NONE', #2885, #2395, #1593, .T. ) ;
#225 = CARTESIAN_POINT ( 'NONE',  ( -19.24084285207399247, -1.247138286999398993, 12.59412591067791887 ) ) ;
#226 = DIRECTION ( 'NONE',  ( -1.000000000000000000, 0.000000000000000000, 0.000000000000000000 ) ) ;
#227 = ORIENTED_EDGE ( 'NONE', *, *, #2825, .F. ) ;
#228 = AXIS2_PLACEMENT_3D ( 'NONE', #1650, #2117, #995 ) ;
#229 = ORIENTED_EDGE ( 'NONE', *, *, #2735, .T. ) ;
#230 = DIRECTION ( 'NONE',  ( -1.000000000000000000, 0.000000000000000000, 0.000000000000000000 ) ) ;
#231 = CARTESIAN_POINT ( 'NONE',  ( 19.43488890323524032, -0.7665463579600616528, 12.45250000000003077 ) ) ;
#232 = EDGE_CURVE ( 'NONE', #2915, #819, #257, .T. ) ;
#233 = VERTEX_POINT ( 'NONE', #2263 ) ;
#234 = CARTESIAN_POINT ( 'NONE',  ( -10.25000000000000000, 0.000000000000000000, -9.452499999999982805 ) ) ;
#235 = AXIS2_PLACEMENT_3D ( 'NONE', #2959, #1750, #818 ) ;
#236 = CARTESIAN_POINT ( 'NONE',  ( -15.10617023697715489, 10.24041604484239087, 13.45249999999999702 ) ) ;
#237 = FACE_BOUND ( 'NONE', #1673, .T. ) ;
#238 = VECTOR ( 'NONE', #2603, 1000.000000000000000 ) ;
#239 = LINE ( 'NONE', #2873, #899 ) ;
#240 = DIRECTION ( 'NONE',  ( 1.000000000000000000, 0.000000000000000000, 0.000000000000000000 ) ) ;
#241 = AXIS2_PLACEMENT_3D ( 'NONE', #1122, #1398, #2351 ) ;
#242 = FACE_OUTER_BOUND ( 'NONE', #304, .T. ) ;
#243 = VERTEX_POINT ( 'NONE', #1564 ) ;
#244 = ORIENTED_EDGE ( 'NONE', *, *, #2594, .F. ) ;
#245 = CARTESIAN_POINT ( 'NONE',  ( -1.058054359322554205, 19.34311699673727603, 12.51934329093685605 ) ) ;
#246 = AXIS2_PLACEMENT_3D ( 'NONE', #1150, #705, #2366 ) ;
#247 = CARTESIAN_POINT ( 'NONE',  ( 18.70752290336792711, -1.901025085436998996, 12.99109537758203103 ) ) ;
#248 = EDGE_LOOP ( 'NONE', ( #2223, #1716, #2070, #585 ) ) ;
#249 = CARTESIAN_POINT ( 'NONE',  ( -10.21878048780487980, -0.7993906066863059046, 8.922500000000013642 ) ) ;
#250 = DIRECTION ( 'NONE',  ( 0.000000000000000000, 0.000000000000000000, -1.000000000000000000 ) ) ;
#251 = DIRECTION ( 'NONE',  ( 0.000000000000000000, 0.000000000000000000, 1.000000000000000000 ) ) ;
#252 = AXIS2_PLACEMENT_3D ( 'NONE', #2419, #764, #994 ) ;
#253 = AXIS2_PLACEMENT_3D ( 'NONE', #2512, #392, #404 ) ;
#254 = CARTESIAN_POINT ( 'NONE',  ( 8.837619326370839801, 13.03683184835017350, 36.95250000000000057 ) ) ;
#255 = LINE ( 'NONE', #316, #1359 ) ;
#256 = EDGE_CURVE ( 'NONE', #960, #623, #1744, .T. ) ;
#257 = B_SPLINE_CURVE_WITH_KNOTS ( 'NONE', 3,
 ( #136, #1080, #2977, #2739 ),
 .UNSPECIFIED., .F., .F.,
 ( 4, 4 ),
 ( 0.000000000000000000, 0.0003913583237768271969 ),
 .UNSPECIFIED. ) ;
#258 = LINE ( 'NONE', #753, #2440 ) ;
#259 = ORIENTED_EDGE ( 'NONE', *, *, #577, .T. ) ;
#260 = AXIS2_PLACEMENT_3D ( 'NONE', #1707, #986, #1972 ) ;
#261 = CARTESIAN_POINT ( 'NONE',  ( -18.44044459396599933, 2.120002562654446976, 13.19318048102246443 ) ) ;
#262 = CARTESIAN_POINT ( 'NONE',  ( -14.92407007120288753, -5.555330273723422252, 15.39045072483232701 ) ) ;
#263 = ORIENTED_EDGE ( 'NONE', *, *, #1456, .F. ) ;
#264 = CARTESIAN_POINT ( 'NONE',  ( -9.449999999999999289, 9.797174393178836011E-17, 8.922500000000013642 ) ) ;
#265 = LINE ( 'NONE', #1144, #1343 ) ;
#266 = DIRECTION ( 'NONE',  ( 1.000000000000000000, 0.000000000000000000, 0.000000000000000000 ) ) ;
#267 = DIRECTION ( 'NONE',  ( 1.000000000000000000, 0.000000000000000000, 0.000000000000000000 ) ) ;
#268 = ADVANCED_FACE ( 'NONE', ( #1333 ), #1347, .F. ) ;
#269 = DIRECTION ( 'NONE',  ( 1.000000000000000000, 0.000000000000000000, 0.000000000000000000 ) ) ;
#270 = EDGE_LOOP ( 'NONE', ( #2548, #2219, #52, #1198 ) ) ;
#271 = AXIS2_PLACEMENT_3D ( 'NONE', #2258, #797, #1746 ) ;
#272 = EDGE_CURVE ( 'NONE', #2359, #3055, #2769, .T. ) ;
#273 = DIRECTION ( 'NONE',  ( 0.000000000000000000, 0.000000000000000000, -1.000000000000000000 ) ) ;
#274 = ORIENTED_EDGE ( 'NONE', *, *, #1403, .F. ) ;
#275 = DIRECTION ( 'NONE',  ( -1.000000000000000000, 0.000000000000000000, 0.000000000000000000 ) ) ;
#276 = CARTESIAN_POINT ( 'NONE',  ( 13.03683184835014508, -8.837619326370829143, 36.95250000000000057 ) ) ;
#277 = ORIENTED_EDGE ( 'NONE', *, *, #1808, .T. ) ;
#278 = CYLINDRICAL_SURFACE ( 'NONE', #1955, 2.500000000000000444 ) ;
#279 = ORIENTED_EDGE ( 'NONE', *, *, #1906, .T. ) ;
#280 = AXIS2_PLACEMENT_3D ( 'NONE', #346, #2663, #539 ) ;
#281 = DIRECTION ( 'NONE',  ( -1.000000000000000000, 0.000000000000000000, 0.000000000000000000 ) ) ;
#282 = CARTESIAN_POINT ( 'NONE',  ( 2.552699999999990865, -17.00000000000000000, 14.33534426639588055 ) ) ;
#283 = AXIS2_PLACEMENT_3D ( 'NONE', #802, #1734, #1492 ) ;
#284 = DIRECTION ( 'NONE',  ( -1.000000000000000000, 0.000000000000000000, 0.000000000000000000 ) ) ;
#285 = FACE_OUTER_BOUND ( 'NONE', #286, .T. ) ;
#286 = EDGE_LOOP ( 'NONE', ( #2744, #263, #1944, #568 ) ) ;
#287 = CYLINDRICAL_SURFACE ( 'NONE', #164, 2.552699999999989089 ) ;
#288 = VERTEX_POINT ( 'NONE', #850 ) ;
#289 = CARTESIAN_POINT ( 'NONE',  ( -17.00000000000000000, 1.040949779275250140E-15, 20.20249999999999346 ) ) ;
#290 = ORIENTED_EDGE ( 'NONE', *, *, #2247, .T. ) ;
#291 = CYLINDRICAL_SURFACE ( 'NONE', #763, 10.25000000000000000 ) ;
#292 = ADVANCED_FACE ( 'NONE', ( #2734 ), #334, .F. ) ;
#293 = VERTEX_POINT ( 'NONE', #1331 ) ;
#294 = DIRECTION ( 'NONE',  ( -0.7071067811865451302, 8.659560562354903276E-17, 0.7071067811865500152 ) ) ;
#295 = CARTESIAN_POINT ( 'NONE',  ( -17.00000000000000000, 1.040949779275250140E-15, 20.95250000000000057 ) ) ;
#296 = CIRCLE ( 'NONE', #1845, 10.00000000000001599 ) ;
#297 = DIRECTION ( 'NONE',  ( 0.000000000000000000, 0.000000000000000000, -1.000000000000000000 ) ) ;
#298 = EDGE_CURVE ( 'NONE', #1782, #3021, #1799, .T. ) ;
#299 = CARTESIAN_POINT ( 'NONE',  ( -8.298188601397621156, -15.97310445516568755, 12.45250000000002899 ) ) ;
#300 = ORIENTED_EDGE ( 'NONE', *, *, #1059, .T. ) ;
#301 = ADVANCED_FACE ( 'NONE', ( #548 ), #335, .T. ) ;
#302 = EDGE_CURVE ( 'NONE', #1302, #439, #117, .T. ) ;
#303 = CARTESIAN_POINT ( 'NONE',  ( -6.741375690139102872, -17.23344563573492039, 13.23997162340784506 ) ) ;
#304 = EDGE_LOOP ( 'NONE', ( #2979, #213, #84, #394 ) ) ;
#305 = CARTESIAN_POINT ( 'NONE',  ( -17.23367700787753876, 2.550536606843379239, 14.14310832043681287 ) ) ;
#306 = EDGE_CURVE ( 'NONE', #910, #1311, #1077, .T. ) ;
#307 = ORIENTED_EDGE ( 'NONE', *, *, #2282, .T. ) ;
#308 = AXIS2_PLACEMENT_3D ( 'NONE', #694, #2568, #2582 ) ;
#309 = CARTESIAN_POINT ( 'NONE',  ( 0.000000000000000000, 0.000000000000000000, -9.202500000000000568 ) ) ;
#310 = ORIENTED_EDGE ( 'NONE', *, *, #2817, .T. ) ;
#311 = DIRECTION ( 'NONE',  ( -1.000000000000000000, 0.000000000000000000, 0.000000000000000000 ) ) ;
#312 = DIRECTION ( 'NONE',  ( -1.000000000000000000, 0.000000000000000000, 0.000000000000000000 ) ) ;
#313 = AXIS2_PLACEMENT_3D ( 'NONE', #1417, #273, #1953 ) ;
#314 = AXIS2_PLACEMENT_3D ( 'NONE', #1929, #297, #528 ) ;
#315 = CARTESIAN_POINT ( 'NONE',  ( 14.09337750270191236, 6.571849858779159170, 15.70223204993000721 ) ) ;
#316 = CARTESIAN_POINT ( 'NONE',  ( -17.05544390611621708, -6.616361822886879018, 12.45250000000002899 ) ) ;
#317 = ORIENTED_EDGE ( 'NONE', *, *, #3041, .F. ) ;
#318 = CARTESIAN_POINT ( 'NONE',  ( -10.21878048780487980, 0.7993906066863059046, -0.01499999999998551103 ) ) ;
#319 = ADVANCED_FACE ( 'NONE', ( #388 ), #2274, .F. ) ;
#320 = AXIS2_PLACEMENT_3D ( 'NONE', #2453, #1275, #332 ) ;
#321 = DIRECTION ( 'NONE',  ( -1.000000000000000000, 0.000000000000000000, 0.000000000000000000 ) ) ;
#322 = VERTEX_POINT ( 'NONE', #148 ) ;
#323 = CARTESIAN_POINT ( 'NONE',  ( 13.90918125478677148, -6.492596378180480521, 15.86926216409769985 ) ) ;
#324 = ORIENTED_EDGE ( 'NONE', *, *, #726, .T. ) ;
#325 = DIRECTION ( 'NONE',  ( -0.000000000000000000, -0.000000000000000000, 1.000000000000000000 ) ) ;
#326 = ORIENTED_EDGE ( 'NONE', *, *, #1697, .T. ) ;
#327 = CARTESIAN_POINT ( 'NONE',  ( -17.87272985636624512, -7.672550259291417873, 12.45250000000002899 ) ) ;
#328 = CARTESIAN_POINT ( 'NONE',  ( 13.03683184835017350, -8.837619326370843353, 15.95250000000002899 ) ) ;
#329 = VECTOR ( 'NONE', #450, 1000.000000000000000 ) ;
#330 = VECTOR ( 'NONE', #2966, 1000.000000000000000 ) ;
#331 = CARTESIAN_POINT ( 'NONE',  ( -1.970590168068623083, -18.64454555244249789, 13.03783920722382383 ) ) ;
#332 = DIRECTION ( 'NONE',  ( 1.000000000000000000, 0.000000000000000000, 0.000000000000000000 ) ) ;
#333 = ORIENTED_EDGE ( 'NONE', *, *, #20, .T. ) ;
#334 = CYLINDRICAL_SURFACE ( 'NONE', #2931, 18.25000000000000355 ) ;
#335 = CONICAL_SURFACE ( 'NONE', #1125, 8.499999999999998224, 0.7853981633974447263 ) ;
#336 = DIRECTION ( 'NONE',  ( 0.000000000000000000, 0.000000000000000000, -1.000000000000000000 ) ) ;
#337 = VERTEX_POINT ( 'NONE', #2490 ) ;
#338 = DIRECTION ( 'NONE',  ( 0.000000000000000000, 0.000000000000000000, 1.000000000000000000 ) ) ;
#339 = EDGE_CURVE ( 'NONE', #2027, #2885, #1510, .T. ) ;
#340 = AXIS2_PLACEMENT_3D ( 'NONE', #1440, #1225, #269 ) ;
#341 = VERTEX_POINT ( 'NONE', #1312 ) ;
#342 = EDGE_CURVE ( 'NONE', #1551, #2848, #1831, .T. ) ;
#343 = DIRECTION ( 'NONE',  ( -1.000000000000000000, -2.664535259100375697E-15, 0.000000000000000000 ) ) ;
#344 = ORIENTED_EDGE ( 'NONE', *, *, #1166, .F. ) ;
#345 = CARTESIAN_POINT ( 'NONE',  ( 8.499999999999998224, 0.000000000000000000, 0.000000000000000000 ) ) ;
#346 = CARTESIAN_POINT ( 'NONE',  ( 0.000000000000000000, 0.000000000000000000, 15.95250000000002899 ) ) ;
#347 = CARTESIAN_POINT ( 'NONE',  ( -2.552699999999986868, -17.00000000000000000, 20.95250000000000057 ) ) ;
#348 = DIRECTION ( 'NONE',  ( -1.000000000000000000, 0.000000000000000000, -0.000000000000000000 ) ) ;
#349 = CARTESIAN_POINT ( 'NONE',  ( 10.06695715452414674, 15.22375736698231563, 13.45249999999999346 ) ) ;
#350 = VECTOR ( 'NONE', #1587, 1000.000000000000114 ) ;
#351 = ORIENTED_EDGE ( 'NONE', *, *, #926, .T. ) ;
#352 = CIRCLE ( 'NONE', #542, 0.3000000000000016542 ) ;
#353 = CARTESIAN_POINT ( 'NONE',  ( 2.206638776382770839, 15.70461627068743482, 15.44525981616096466 ) ) ;
#354 = AXIS2_PLACEMENT_3D ( 'NONE', #669, #2072, #608 ) ;
#355 = CARTESIAN_POINT ( 'NONE',  ( 15.45218862929853465, -8.168796060072946119, 14.09573015190559886 ) ) ;
#356 = ORIENTED_EDGE ( 'NONE', *, *, #1835, .F. ) ;
#357 = DIRECTION ( 'NONE',  ( 0.000000000000000000, 0.000000000000000000, -1.000000000000000000 ) ) ;
#358 = VERTEX_POINT ( 'NONE', #2441 ) ;
#359 = CARTESIAN_POINT ( 'NONE',  ( 8.714761812276416109, -15.54074940749877243, 13.81348088620711678 ) ) ;
#360 = VERTEX_POINT ( 'NONE', #1545 ) ;
#361 = EDGE_CURVE ( 'NONE', #1549, #1155, #107, .T. ) ;
#362 = CYLINDRICAL_SURFACE ( 'NONE', #1639, 2.500000000000000444 ) ;
#363 = CARTESIAN_POINT ( 'NONE',  ( 0.000000000000000000, 0.000000000000000000, 15.95250000000002899 ) ) ;
#364 = CARTESIAN_POINT ( 'NONE',  ( 13.81353231424712824, -6.461333067041918454, 15.95250000000002899 ) ) ;
#365 = CARTESIAN_POINT ( 'NONE',  ( -15.53683184835016817, 8.704265920278503543, 13.82038669639746686 ) ) ;
#366 = AXIS2_PLACEMENT_3D ( 'NONE', #2570, #448, #219 ) ;
#367 = DIRECTION ( 'NONE',  ( -0.000000000000000000, -0.000000000000000000, 1.000000000000000000 ) ) ;
#368 = CARTESIAN_POINT ( 'NONE',  ( 6.337619326370834472, -13.03683184835017705, 20.95250000000000057 ) ) ;
#369 = ORIENTED_EDGE ( 'NONE', *, *, #980, .T. ) ;
#370 = CIRCLE ( 'NONE', #2061, 8.499999999999998224 ) ;
#371 = CARTESIAN_POINT ( 'NONE',  ( -17.40054948083245989, -6.879333425148055348, 13.06854751255607106 ) ) ;
#372 = B_SPLINE_CURVE_WITH_KNOTS ( 'NONE', 3,
 ( #204, #931, #2558, #175 ),
 .UNSPECIFIED., .F., .F.,
 ( 4, 4 ),
 ( 0.000000000000000000, 0.0003913583237768324011 ),
 .UNSPECIFIED. ) ;
#373 = VECTOR ( 'NONE', #2645, 1000.000000000000000 ) ;
#374 = EDGE_CURVE ( 'NONE', #1262, #815, #2222, .T. ) ;
#375 = DIRECTION ( 'NONE',  ( -1.000000000000000000, 0.000000000000000000, 0.000000000000000000 ) ) ;
#376 = ORIENTED_EDGE ( 'NONE', *, *, #1745, .T. ) ;
#377 = CARTESIAN_POINT ( 'NONE',  ( -15.97310445516565380, -8.298188601397685105, 12.45250000000002899 ) ) ;
#378 = ORIENTED_EDGE ( 'NONE', *, *, #223, .F. ) ;
#379 = EDGE_CURVE ( 'NONE', #978, #2741, #772, .T. ) ;
#380 = EDGE_LOOP ( 'NONE', ( #2449, #1213 ) ) ;
#381 = CARTESIAN_POINT ( 'NONE',  ( 2.081899558550500280E-15, -17.00000000000000000, 20.95250000000000057 ) ) ;
#382 = DIRECTION ( 'NONE',  ( 1.000000000000000000, 0.000000000000000000, 0.000000000000000000 ) ) ;
#383 = CARTESIAN_POINT ( 'NONE',  ( 8.499999999999998224, 0.000000000000000000, -20.70249999999997925 ) ) ;
#384 = CARTESIAN_POINT ( 'NONE',  ( -7.434822607899279845, 10.96749345972317080, 20.95250000000000057 ) ) ;
#385 = DIRECTION ( 'NONE',  ( -0.000000000000000000, -0.000000000000000000, -1.000000000000000000 ) ) ;
#386 = ORIENTED_EDGE ( 'NONE', *, *, #374, .F. ) ;
#387 = EDGE_CURVE ( 'NONE', #2096, #667, #372, .T. ) ;
#388 = FACE_OUTER_BOUND ( 'NONE', #2899, .T. ) ;
#389 = EDGE_CURVE ( 'NONE', #2395, #2523, #190, .T. ) ;
#390 = CARTESIAN_POINT ( 'NONE',  ( -10.75000000000000178, 1.316495309083405012E-15, 9.452500000000016556 ) ) ;
#391 = AXIS2_PLACEMENT_3D ( 'NONE', #1107, #1594, #2784 ) ;
#392 = DIRECTION ( 'NONE',  ( -0.000000000000000000, -0.000000000000000000, 1.000000000000000000 ) ) ;
#393 = ORIENTED_EDGE ( 'NONE', *, *, #1729, .F. ) ;
#394 = ORIENTED_EDGE ( 'NONE', *, *, #1766, .T. ) ;
#395 = CARTESIAN_POINT ( 'NONE',  ( 13.03683184835020192, 8.837619326370800721, 36.95250000000000057 ) ) ;
#396 = DIRECTION ( 'NONE',  ( 0.000000000000000000, 0.000000000000000000, 1.000000000000000000 ) ) ;
#397 = CYLINDRICAL_SURFACE ( 'NONE', #1702, 1.999999999999998224 ) ;
#398 = CARTESIAN_POINT ( 'NONE',  ( -14.29437669766664420, 6.665577322674251626, 15.51741698871889419 ) ) ;
#399 = CARTESIAN_POINT ( 'NONE',  ( -5.693952844894202059, -15.57165258036673272, 14.84414365522136769 ) ) ;
#400 = ORIENTED_EDGE ( 'NONE', *, *, #853, .F. ) ;
#401 = ORIENTED_EDGE ( 'NONE', *, *, #688, .F. ) ;
#402 = ADVANCED_FACE ( 'NONE', ( #2115 ), #1273, .F. ) ;
#403 = CYLINDRICAL_SURFACE ( 'NONE', #391, 2.500000000000000444 ) ;
#404 = DIRECTION ( 'NONE',  ( -1.000000000000000000, 0.000000000000000000, 0.000000000000000000 ) ) ;
#405 = CIRCLE ( 'NONE', #1187, 19.99999999999998224 ) ;
#406 = ORIENTED_EDGE ( 'NONE', *, *, #1238, .T. ) ;
#407 = ORIENTED_EDGE ( 'NONE', *, *, #2857, .T. ) ;
#408 = FACE_BOUND ( 'NONE', #2207, .T. ) ;
#409 = CARTESIAN_POINT ( 'NONE',  ( -17.97310445516565025, -8.298188601397685105, 12.45250000000002899 ) ) ;
#410 = ADVANCED_FACE ( 'NONE', ( #1367 ), #1143, .F. ) ;
#411 = CARTESIAN_POINT ( 'NONE',  ( 8.837619326370839801, 13.03683184835017350, 15.95250000000002899 ) ) ;
#412 = DIRECTION ( 'NONE',  ( 0.000000000000000000, 0.000000000000000000, -1.000000000000000000 ) ) ;
#413 = ORIENTED_EDGE ( 'NONE', *, *, #1335, .F. ) ;
#414 = CONICAL_SURFACE ( 'NONE', #2052, 10.25000000000000000, 0.7853981633974518317 ) ;
#415 = VERTEX_POINT ( 'NONE', #1881 ) ;
#416 = B_SPLINE_CURVE_WITH_KNOTS ( 'NONE', 3,
 ( #1027, #1058, #2013, #315 ),
 .UNSPECIFIED., .F., .F.,
 ( 4, 4 ),
 ( 0.000000000000000000, 0.0003913583237768598314 ),
 .UNSPECIFIED. ) ;
#417 = DIRECTION ( 'NONE',  ( -0.000000000000000000, -0.000000000000000000, 1.000000000000000000 ) ) ;
#418 = CARTESIAN_POINT ( 'NONE',  ( 14.38418503770805934, 6.707455639401700864, 15.43483987260192691 ) ) ;
#419 = ORIENTED_EDGE ( 'NONE', *, *, #342, .F. ) ;
#420 = ORIENTED_EDGE ( 'NONE', *, *, #2192, .T. ) ;
#421 = DIRECTION ( 'NONE',  ( -0.000000000000000000, -0.000000000000000000, -1.000000000000000000 ) ) ;
#422 = CYLINDRICAL_SURFACE ( 'NONE', #1199, 8.499999999999998224 ) ;
#423 = CARTESIAN_POINT ( 'NONE',  ( 19.43488890323524032, 0.7665463579600639843, 12.45250000000003077 ) ) ;
#424 = DIRECTION ( 'NONE',  ( -1.000000000000000000, 8.881784197001252323E-15, 0.000000000000000000 ) ) ;
#425 = DIRECTION ( 'NONE',  ( -0.000000000000000000, -0.000000000000000000, 1.000000000000000000 ) ) ;
#426 = EDGE_LOOP ( 'NONE', ( #1785, #1016, #3015, #2383 ) ) ;
#427 = ORIENTED_EDGE ( 'NONE', *, *, #1835, .T. ) ;
#428 = DIRECTION ( 'NONE',  ( 0.7071067811865502373, 0.000000000000000000, 0.7071067811865449082 ) ) ;
#429 = CIRCLE ( 'NONE', #1611, 2.552699999999989089 ) ;
#430 = AXIS2_PLACEMENT_3D ( 'NONE', #1296, #1546, #1784 ) ;
#431 = ORIENTED_EDGE ( 'NONE', *, *, #930, .F. ) ;
#432 = ORIENTED_EDGE ( 'NONE', *, *, #306, .T. ) ;
#433 = ADVANCED_FACE ( 'NONE', ( #2778 ), #1579, .F. ) ;
#434 = ADVANCED_FACE ( 'NONE', ( #2571 ), #685, .F. ) ;
#435 = CARTESIAN_POINT ( 'NONE',  ( -1.892320281975332641, -15.27660848170438967, 15.83341623858063407 ) ) ;
#436 = CARTESIAN_POINT ( 'NONE',  ( 16.41702882502342575, 2.493772426389503138, 14.82306701113556890 ) ) ;
#437 = DIRECTION ( 'NONE',  ( 1.000000000000000000, 0.000000000000000000, 0.000000000000000000 ) ) ;
#438 = FACE_OUTER_BOUND ( 'NONE', #2615, .T. ) ;
#439 = VERTEX_POINT ( 'NONE', #3065 ) ;
#440 = CYLINDRICAL_SURFACE ( 'NONE', #1588, 7.937500000000003553 ) ;
#441 = ADVANCED_FACE ( 'NONE', ( #3039 ), #1115, .T. ) ;
#442 = EDGE_CURVE ( 'NONE', #1672, #1506, #1841, .T. ) ;
#443 = CARTESIAN_POINT ( 'NONE',  ( 0.000000000000000000, 0.000000000000000000, 15.95250000000002899 ) ) ;
#444 = ORIENTED_EDGE ( 'NONE', *, *, #918, .F. ) ;
#445 = ORIENTED_EDGE ( 'NONE', *, *, #342, .T. ) ;
#446 = CIRCLE ( 'NONE', #2667, 2.500000000000000444 ) ;
#447 = CARTESIAN_POINT ( 'NONE',  ( -10.05231454411518932, -0.7799290110820017441, -9.370002592281931442 ) ) ;
#448 = DIRECTION ( 'NONE',  ( -0.000000000000000000, -0.000000000000000000, -1.000000000000000000 ) ) ;
#449 = AXIS2_PLACEMENT_3D ( 'NONE', #2239, #1993, #2904 ) ;
#450 = DIRECTION ( 'NONE',  ( -0.000000000000000000, -0.000000000000000000, 1.000000000000000000 ) ) ;
#451 = EDGE_CURVE ( 'NONE', #2065, #243, #1413, .T. ) ;
#452 = CARTESIAN_POINT ( 'NONE',  ( 0.000000000000000000, 0.000000000000000000, 12.45250000000002899 ) ) ;
#453 = CARTESIAN_POINT ( 'NONE',  ( -10.24174449889167882, 0.4319884017375570928, 9.422500000000013642 ) ) ;
#454 = ORIENTED_EDGE ( 'NONE', *, *, #2825, .T. ) ;
#455 = CYLINDRICAL_SURFACE ( 'NONE', #241, 22.50000000000000000 ) ;
#456 = EDGE_CURVE ( 'NONE', #415, #2550, #2075, .T. ) ;
#457 = CARTESIAN_POINT ( 'NONE',  ( -7.557128818336642517, -18.51728392672817947, 20.95250000000001123 ) ) ;
#458 = ORIENTED_EDGE ( 'NONE', *, *, #2041, .T. ) ;
#459 = CIRCLE ( 'NONE', #1903, 8.499999999999998224 ) ;
#460 = LINE ( 'NONE', #1404, #1196 ) ;
#461 = DIRECTION ( 'NONE',  ( 0.000000000000000000, 0.000000000000000000, 1.000000000000000000 ) ) ;
#462 = CARTESIAN_POINT ( 'NONE',  ( -1.962826936775110553, 18.63793708239856883, 13.04356767935792227 ) ) ;
#463 = CIRCLE ( 'NONE', #2202, 15.24999999999996625 ) ;
#464 = CARTESIAN_POINT ( 'NONE',  ( 18.79275016587863689, -1.821135201867164932, 12.92704415536980456 ) ) ;
#465 = CARTESIAN_POINT ( 'NONE',  ( 0.000000000000000000, 0.000000000000000000, 15.95250000000002899 ) ) ;
#466 = AXIS2_PLACEMENT_3D ( 'NONE', #2874, #513, #2211 ) ;
#467 = LINE ( 'NONE', #2851, #1933 ) ;
#468 = CARTESIAN_POINT ( 'NONE',  ( -6.461333067041913125, 13.81353231424713179, 15.95250000000002899 ) ) ;
#469 = DIRECTION ( 'NONE',  ( -0.000000000000000000, -0.000000000000000000, -1.000000000000000000 ) ) ;
#470 = DIRECTION ( 'NONE',  ( 0.000000000000000000, 0.000000000000000000, -1.000000000000000000 ) ) ;
#471 = DIRECTION ( 'NONE',  ( -1.000000000000000000, 0.000000000000000000, 0.000000000000000000 ) ) ;
#472 = AXIS2_PLACEMENT_3D ( 'NONE', #493, #11, #1976 ) ;
#473 = ORIENTED_EDGE ( 'NONE', *, *, #206, .T. ) ;
#474 = CIRCLE ( 'NONE', #1619, 13.25000000000002842 ) ;
#475 = ORIENTED_EDGE ( 'NONE', *, *, #3054, .F. ) ;
#476 = CARTESIAN_POINT ( 'NONE',  ( 0.000000000000000000, 0.000000000000000000, 0.000000000000000000 ) ) ;
#477 = DIRECTION ( 'NONE',  ( 0.000000000000000000, 0.000000000000000000, -1.000000000000000000 ) ) ;
#478 = CARTESIAN_POINT ( 'NONE',  ( 15.30438160853803531, -1.921584333582311510, 15.80761606611221382 ) ) ;
#479 = ORIENTED_EDGE ( 'NONE', *, *, #2511, .T. ) ;
#480 = DIRECTION ( 'NONE',  ( 0.000000000000000000, 0.000000000000000000, 1.000000000000000000 ) ) ;
#481 = EDGE_CURVE ( 'NONE', #341, #488, #3013, .T. ) ;
#482 = DIRECTION ( 'NONE',  ( -1.000000000000000000, 0.000000000000000000, 0.000000000000000000 ) ) ;
#483 = DIRECTION ( 'NONE',  ( 0.000000000000000000, 0.000000000000000000, -1.000000000000000000 ) ) ;
#484 = DIRECTION ( 'NONE',  ( 1.000000000000000000, 0.000000000000000000, 0.000000000000000000 ) ) ;
#485 = CARTESIAN_POINT ( 'NONE',  ( 2.552699999999990865, -17.00000000000000000, 20.20249999999999346 ) ) ;
#486 = CIRCLE ( 'NONE', #2226, 2.500000000000000444 ) ;
#487 = CARTESIAN_POINT ( 'NONE',  ( 0.000000000000000000, 0.000000000000000000, 36.95250000000000057 ) ) ;
#488 = VERTEX_POINT ( 'NONE', #3027 ) ;
#489 = ORIENTED_EDGE ( 'NONE', *, *, #2352, .T. ) ;
#490 = CARTESIAN_POINT ( 'NONE',  ( 7.434822607899277180, -10.96749345972317080, 20.95250000000000057 ) ) ;
#491 = VECTOR ( 'NONE', #2270, 1000.000000000000000 ) ;
#492 = EDGE_LOOP ( 'NONE', ( #1342, #2195, #147, #983, #1172 ) ) ;
#493 = CARTESIAN_POINT ( 'NONE',  ( -13.03683184835017528, 8.837619326370841577, 15.95250000000002899 ) ) ;
#494 = DIRECTION ( 'NONE',  ( 0.000000000000000000, 0.000000000000000000, -1.000000000000000000 ) ) ;
#495 = PLANE ( 'NONE',  #2022 ) ;
#496 = EDGE_CURVE ( 'NONE', #1118, #873, #1117, .T. ) ;
#497 = AXIS2_PLACEMENT_3D ( 'NONE', #1901, #2621, #484 ) ;
#498 = EDGE_CURVE ( 'NONE', #1815, #2676, #919, .T. ) ;
#499 = ORIENTED_EDGE ( 'NONE', *, *, #180, .F. ) ;
#500 = FACE_OUTER_BOUND ( 'NONE', #492, .T. ) ;
#501 = CARTESIAN_POINT ( 'NONE',  ( -6.144227523537741043, -13.40941123574982008, 20.95250000000001123 ) ) ;
#502 = VERTEX_POINT ( 'NONE', #1603 ) ;
#503 = CARTESIAN_POINT ( 'NONE',  ( 13.81353231424715133, 6.461333067041873157, 15.95250000000002899 ) ) ;
#504 = ORIENTED_EDGE ( 'NONE', *, *, #168, .T. ) ;
#505 = CARTESIAN_POINT ( 'NONE',  ( -16.61727944526159106, 2.532231218994231980, 14.65324869309891653 ) ) ;
#506 = AXIS2_PLACEMENT_3D ( 'NONE', #1810, #924, #1101 ) ;
#507 = CARTESIAN_POINT ( 'NONE',  ( -15.53683184835015396, 8.837619326370829143, 13.76544209882748149 ) ) ;
#508 = ADVANCED_FACE ( 'NONE', ( #2344 ), #1646, .F. ) ;
#509 = ORIENTED_EDGE ( 'NONE', *, *, #1486, .F. ) ;
#510 = DIRECTION ( 'NONE',  ( -0.000000000000000000, -0.000000000000000000, 1.000000000000000000 ) ) ;
#511 = VERTEX_POINT ( 'NONE', #1158 ) ;
#512 = DIRECTION ( 'NONE',  ( -0.000000000000000000, -0.000000000000000000, -1.000000000000000000 ) ) ;
#513 = DIRECTION ( 'NONE',  ( 0.000000000000000000, 0.000000000000000000, -1.000000000000000000 ) ) ;
#514 = ORIENTED_EDGE ( 'NONE', *, *, #2192, .F. ) ;
#515 = EDGE_CURVE ( 'NONE', #1534, #341, #968, .T. ) ;
#516 = DIRECTION ( 'NONE',  ( -0.000000000000000000, -0.000000000000000000, 1.000000000000000000 ) ) ;
#517 = ORIENTED_EDGE ( 'NONE', *, *, #1906, .F. ) ;
#518 = CARTESIAN_POINT ( 'NONE',  ( -17.02807437664907297, 2.560836152283869627, 14.31120782525117008 ) ) ;
#519 = FACE_OUTER_BOUND ( 'NONE', #866, .T. ) ;
#520 = ORIENTED_EDGE ( 'NONE', *, *, #1124, .T. ) ;
#521 = CARTESIAN_POINT ( 'NONE',  ( -10.23503806598468557, -0.5612313887992076422, 9.368150511374091494 ) ) ;
#522 = ADVANCED_FACE ( 'NONE', ( #1617 ), #2360, .F. ) ;
#523 = ORIENTED_EDGE ( 'NONE', *, *, #1562, .T. ) ;
#524 = DIRECTION ( 'NONE',  ( 1.000000000000000000, 0.000000000000000000, 0.000000000000000000 ) ) ;
#525 = CYLINDRICAL_SURFACE ( 'NONE', #1825, 2.500000000000000444 ) ;
#527 = ORIENTED_EDGE ( 'NONE', *, *, #2906, .T. ) ;
#526 = CIRCLE ( 'NONE', #3051, 2.552699999999990865 ) ;
#528 = DIRECTION ( 'NONE',  ( -1.000000000000000000, 0.000000000000000000, 0.000000000000000000 ) ) ;
#529 = DIRECTION ( 'NONE',  ( -0.000000000000000000, -0.000000000000000000, 1.000000000000000000 ) ) ;
#530 = ORIENTED_EDGE ( 'NONE', *, *, #361, .T. ) ;
#531 = DIRECTION ( 'NONE',  ( -1.000000000000000000, 0.000000000000000000, 0.000000000000000000 ) ) ;
#532 = EDGE_CURVE ( 'NONE', #1741, #1175, #2754, .T. ) ;
#533 = EDGE_LOOP ( 'NONE', ( #1830, #259, #1738, #2910, #1577 ) ) ;
#534 = DIRECTION ( 'NONE',  ( -0.000000000000000000, -0.000000000000000000, 1.000000000000000000 ) ) ;
#535 = VERTEX_POINT ( 'NONE', #1710 ) ;
#536 = DIRECTION ( 'NONE',  ( -1.000000000000000000, -3.469446951953615767E-15, 0.000000000000000000 ) ) ;
#537 = EDGE_LOOP ( 'NONE', ( #517, #1320, #2932, #2432, #1499, #1064 ) ) ;
#538 = DIRECTION ( 'NONE',  ( -1.000000000000000000, 0.000000000000000000, 0.000000000000000000 ) ) ;
#539 = DIRECTION ( 'NONE',  ( -1.000000000000000000, 0.000000000000000000, 0.000000000000000000 ) ) ;
#540 = EDGE_CURVE ( 'NONE', #1688, #341, #2456, .T. ) ;
#541 = EDGE_CURVE ( 'NONE', #725, #960, #1066, .T. ) ;
#542 = AXIS2_PLACEMENT_3D ( 'NONE', #1695, #494, #281 ) ;
#543 = CARTESIAN_POINT ( 'NONE',  ( -2.375530341893850927, -17.96770607827952304, 13.55769705685722037 ) ) ;
#544 = CARTESIAN_POINT ( 'NONE',  ( -8.714761812276416109, 15.54074940749877243, 13.81348088620711145 ) ) ;
#545 = VERTEX_POINT ( 'NONE', #1693 ) ;
#546 = CIRCLE ( 'NONE', #449, 2.500000000000000444 ) ;
#547 = AXIS2_PLACEMENT_3D ( 'NONE', #120, #338, #2235 ) ;
#548 = FACE_OUTER_BOUND ( 'NONE', #2751, .T. ) ;
#549 = CARTESIAN_POINT ( 'NONE',  ( 2.552699999999989089, 17.00000000000000000, 20.20249999999999346 ) ) ;
#550 = ORIENTED_EDGE ( 'NONE', *, *, #1766, .F. ) ;
#551 = CARTESIAN_POINT ( 'NONE',  ( 0.000000000000000000, 0.000000000000000000, 19.45250000000001123 ) ) ;
#552 = ORIENTED_EDGE ( 'NONE', *, *, #787, .F. ) ;
#553 = DIRECTION ( 'NONE',  ( 1.000000000000000000, 0.000000000000000000, 0.000000000000000000 ) ) ;
#554 = B_SPLINE_CURVE_WITH_KNOTS ( 'NONE', 3,
 ( #188, #1128, #2086, #3024, #201, #1864, #904, #2555, #435, #2328 ),
 .UNSPECIFIED., .F., .F.,
 ( 4, 2, 2, 2, 4 ),
 ( 0.01165233660356463849, 0.01230356271441489235, 0.01295478882526514795, 0.01360601493611540182, 0.01425724104696566262 ),
 .UNSPECIFIED. ) ;
#555 = ORIENTED_EDGE ( 'NONE', *, *, #1166, .T. ) ;
#556 = DIRECTION ( 'NONE',  ( -1.000000000000000000, 0.000000000000000000, 0.000000000000000000 ) ) ;
#557 = CARTESIAN_POINT ( 'NONE',  ( 13.03683184835020192, 8.837619326370800721, 20.95250000000000057 ) ) ;
#558 = CIRCLE ( 'NONE', #2298, 3.302699999999998859 ) ;
#559 = AXIS2_PLACEMENT_3D ( 'NONE', #942, #2882, #2340 ) ;
#560 = CARTESIAN_POINT ( 'NONE',  ( 17.00000000000000000, 1.040949779275250140E-15, 20.20249999999999346 ) ) ;
#561 = DIRECTION ( 'NONE',  ( 0.000000000000000000, 0.000000000000000000, -1.000000000000000000 ) ) ;
#562 = ORIENTED_EDGE ( 'NONE', *, *, #3041, .T. ) ;
#563 = CARTESIAN_POINT ( 'NONE',  ( 2.535707734737373098, 16.66139189683443433, 14.61646591043347776 ) ) ;
#564 = VECTOR ( 'NONE', #2545, 1000.000000000000000 ) ;
#565 = EDGE_CURVE ( 'NONE', #2741, #1155, #2703, .T. ) ;
#566 = CONICAL_SURFACE ( 'NONE', #717, 22.50000000000000000, 0.7853981633974346233 ) ;
#567 = CARTESIAN_POINT ( 'NONE',  ( 10.96749345972319212, 7.434822607899247870, 36.95250000000000057 ) ) ;
#568 = ORIENTED_EDGE ( 'NONE', *, *, #1717, .T. ) ;
#569 = CARTESIAN_POINT ( 'NONE',  ( -18.79275016587863334, 1.821135201867169595, 12.92704415536981344 ) ) ;
#570 = ORIENTED_EDGE ( 'NONE', *, *, #2694, .F. ) ;
#571 = CARTESIAN_POINT ( 'NONE',  ( 8.169010782914524427, -15.45235784697220360, 14.09552739774884422 ) ) ;
#572 = ORIENTED_EDGE ( 'NONE', *, *, #2742, .T. ) ;
#573 = DIRECTION ( 'NONE',  ( -1.000000000000000000, 0.000000000000000000, 0.000000000000000000 ) ) ;
#574 = DIRECTION ( 'NONE',  ( -1.000000000000000000, 0.000000000000000000, 0.000000000000000000 ) ) ;
#575 = CARTESIAN_POINT ( 'NONE',  ( 7.434822607899277180, -10.96749345972317080, 15.95250000000002899 ) ) ;
#576 = AXIS2_PLACEMENT_3D ( 'NONE', #234, #1856, #1866 ) ;
#577 = EDGE_CURVE ( 'NONE', #1376, #439, #1667, .T. ) ;
#578 = AXIS2_PLACEMENT_3D ( 'NONE', #2951, #827, #1338 ) ;
#579 = DIRECTION ( 'NONE',  ( -0.000000000000000000, -0.000000000000000000, 1.000000000000000000 ) ) ;
#580 = CIRCLE ( 'NONE', #1464, 1.999999999999999112 ) ;
#581 = CARTESIAN_POINT ( 'NONE',  ( 19.24084285207399247, 1.247138286999400991, 12.59412591067791887 ) ) ;
#582 = ORIENTED_EDGE ( 'NONE', *, *, #2625, .T. ) ;
#583 = CARTESIAN_POINT ( 'NONE',  ( 2.552699999999989089, 17.00000000000000000, 14.33534426639588055 ) ) ;
#584 = DIRECTION ( 'NONE',  ( 0.000000000000000000, 0.000000000000000000, -1.000000000000000000 ) ) ;
#585 = ORIENTED_EDGE ( 'NONE', *, *, #2367, .F. ) ;
#586 = ADVANCED_FACE ( 'NONE', ( #792 ), #1451, .F. ) ;
#587 = CARTESIAN_POINT ( 'NONE',  ( 17.00000000000000000, 1.040949779275250140E-15, 12.45250000000002899 ) ) ;
#588 = VERTEX_POINT ( 'NONE', #2375 ) ;
#589 = CARTESIAN_POINT ( 'NONE',  ( 7.377512848499357290, -15.09278588920862774, 14.66169375496635396 ) ) ;
#590 = ORIENTED_EDGE ( 'NONE', *, *, #2765, .T. ) ;
#591 = DIRECTION ( 'NONE',  ( -0.000000000000000000, -0.000000000000000000, 1.000000000000000000 ) ) ;
#592 = CARTESIAN_POINT ( 'NONE',  ( -5.558441085910835966, -14.60536046716598335, 15.63823147702061966 ) ) ;
#593 = CARTESIAN_POINT ( 'NONE',  ( 0.000000000000000000, 0.000000000000000000, 20.70249999999996859 ) ) ;
#594 = EDGE_CURVE ( 'NONE', #161, #2915, #1512, .T. ) ;
#595 = CARTESIAN_POINT ( 'NONE',  ( -16.02449522313145991, -2.367941455311087573, 15.16210664158071708 ) ) ;
#596 = EDGE_CURVE ( 'NONE', #337, #2443, #989, .T. ) ;
#597 = PLANE ( 'NONE',  #972 ) ;
#598 = CARTESIAN_POINT ( 'NONE',  ( 7.376608255851686557, 15.09158183719493884, 14.66291999866978735 ) ) ;
#599 = ORIENTED_EDGE ( 'NONE', *, *, #1826, .T. ) ;
#600 = AXIS2_PLACEMENT_3D ( 'NONE', #1436, #1912, #2804 ) ;
#601 = CARTESIAN_POINT ( 'NONE',  ( -17.61044635494156196, -7.144152713153289369, 12.82391209689303047 ) ) ;
#602 = B_SPLINE_CURVE_WITH_KNOTS ( 'NONE', 3,
 ( #282, #1222, #2887, #1777, #2713, #1236, #2209, #2936, #1071, #2905, #2190, #1304 ),
 .UNSPECIFIED., .F., .F.,
 ( 4, 2, 2, 2, 2, 4 ),
 ( 0.002613680382573121790, 0.003551462341724143795, 0.004489244300875165801, 0.004958135280450682442, 0.005427026260026198215, 0.006364808219177236701 ),
 .UNSPECIFIED. ) ;
#603 = DIRECTION ( 'NONE',  ( -0.000000000000000000, -0.000000000000000000, -1.000000000000000000 ) ) ;
#604 = VERTEX_POINT ( 'NONE', #1467 ) ;
#605 = DIRECTION ( 'NONE',  ( 0.000000000000000000, 0.000000000000000000, -1.000000000000000000 ) ) ;
#606 = VERTEX_POINT ( 'NONE', #1940 ) ;
#607 = EDGE_LOOP ( 'NONE', ( #668, #1805, #1935, #1719 ) ) ;
#608 = DIRECTION ( 'NONE',  ( -1.000000000000000000, 0.000000000000000000, 0.000000000000000000 ) ) ;
#609 = DIRECTION ( 'NONE',  ( 0.000000000000000000, 0.000000000000000000, -1.000000000000000000 ) ) ;
#610 = EDGE_CURVE ( 'NONE', #2475, #1941, #1706, .T. ) ;
#611 = LINE ( 'NONE', #1861, #3032 ) ;
#612 = CARTESIAN_POINT ( 'NONE',  ( -15.53683184835015396, 8.837619326370829143, 13.76544209882748149 ) ) ;
#613 = EDGE_CURVE ( 'NONE', #2475, #2929, #1435, .T. ) ;
#614 = AXIS2_PLACEMENT_3D ( 'NONE', #2137, #1718, #1934 ) ;
#615 = CARTESIAN_POINT ( 'NONE',  ( 0.000000000000000000, 0.000000000000000000, 20.95250000000000057 ) ) ;
#616 = ORIENTED_EDGE ( 'NONE', *, *, #2015, .T. ) ;
#617 = AXIS2_PLACEMENT_3D ( 'NONE', #2058, #2301, #3036 ) ;
#618 = CARTESIAN_POINT ( 'NONE',  ( 0.000000000000000000, 0.000000000000000000, -20.70249999999997925 ) ) ;
#619 = CIRCLE ( 'NONE', #1812, 18.24999999999999645 ) ;
#620 = CARTESIAN_POINT ( 'NONE',  ( 15.49542122514666787, -8.347781411943062224, 13.99391146198243874 ) ) ;
#621 = CARTESIAN_POINT ( 'NONE',  ( 2.268569556493071904, 18.20056147360306298, 13.37701875557134024 ) ) ;
#622 = ORIENTED_EDGE ( 'NONE', *, *, #637, .F. ) ;
#623 = VERTEX_POINT ( 'NONE', #264 ) ;
#624 = CARTESIAN_POINT ( 'NONE',  ( -1.757248574838629063, 15.14841831499997049, 15.95250000000002899 ) ) ;
#625 = CYLINDRICAL_SURFACE ( 'NONE', #62, 2.552699999999989089 ) ;
#626 = CARTESIAN_POINT ( 'NONE',  ( 0.000000000000000000, 0.000000000000000000, 12.70250000000003610 ) ) ;
#627 = ADVANCED_FACE ( 'NONE', ( #2867 ), #278, .F. ) ;
#628 = CARTESIAN_POINT ( 'NONE',  ( -7.937500000000003553, 9.720633968232120134E-16, 20.70249999999996859 ) ) ;
#629 = CARTESIAN_POINT ( 'NONE',  ( 0.000000000000000000, 17.00000000000000000, 20.95250000000000057 ) ) ;
#630 = EDGE_LOOP ( 'NONE', ( #1082, #2273, #274, #2132 ) ) ;
#631 = EDGE_CURVE ( 'NONE', #663, #3021, #1400, .T. ) ;
#632 = EDGE_CURVE ( 'NONE', #1878, #73, #1219, .T. ) ;
#633 = CIRCLE ( 'NONE', #228, 22.50000000000000000 ) ;
#634 = ORIENTED_EDGE ( 'NONE', *, *, #1932, .T. ) ;
#635 = CARTESIAN_POINT ( 'NONE',  ( 0.000000000000000000, 0.000000000000000000, 9.452500000000016556 ) ) ;
#636 = AXIS2_PLACEMENT_3D ( 'NONE', #635, #165, #898 ) ;
#637 = EDGE_CURVE ( 'NONE', #2848, #3002, #1008, .T. ) ;
#638 = CARTESIAN_POINT ( 'NONE',  ( 1.054581470344771787, 19.32944985678017957, 12.52940061353576340 ) ) ;
#639 = AXIS2_PLACEMENT_3D ( 'NONE', #1408, #2815, #907 ) ;
#640 = ADVANCED_FACE ( 'NONE', ( #2417 ), #291, .T. ) ;
#641 = ORIENTED_EDGE ( 'NONE', *, *, #1869, .F. ) ;
#642 = EDGE_LOOP ( 'NONE', ( #2141, #1356, #2798, #938, #1990 ) ) ;
#643 =( LENGTH_UNIT ( ) NAMED_UNIT ( * ) SI_UNIT ( .MILLI., .METRE. ) );
#644 = DIRECTION ( 'NONE',  ( 0.7071067811865502373, 0.000000000000000000, 0.7071067811865449082 ) ) ;
#645 = AXIS2_PLACEMENT_3D ( 'NONE', #2681, #529, #735 ) ;
#646 = CARTESIAN_POINT ( 'NONE',  ( -10.24560975609756142, -0.2999678745440545469, 9.422500000000013642 ) ) ;
#647 = LINE ( 'NONE', #3028, #1907 ) ;
#648 = ORIENTED_EDGE ( 'NONE', *, *, #30, .F. ) ;
#649 = ORIENTED_EDGE ( 'NONE', *, *, #2857, .F. ) ;
#650 = VECTOR ( 'NONE', #1041, 1000.000000000000000 ) ;
#651 = CARTESIAN_POINT ( 'NONE',  ( 0.000000000000000000, 0.000000000000000000, 20.95250000000000057 ) ) ;
#652 = CARTESIAN_POINT ( 'NONE',  ( 15.45235784697223202, 8.169010782914490676, 14.09552739774883001 ) ) ;
#653 = CIRCLE ( 'NONE', #1636, 15.24999999999996625 ) ;
#654 = VERTEX_POINT ( 'NONE', #779 ) ;
#655 = VECTOR ( 'NONE', #2768, 1000.000000000000000 ) ;
#656 = ORIENTED_EDGE ( 'NONE', *, *, #894, .T. ) ;
#657 = DIRECTION ( 'NONE',  ( -1.000000000000000000, 0.000000000000000000, 0.000000000000000000 ) ) ;
#658 = CARTESIAN_POINT ( 'NONE',  ( -6.571849858779188480, 14.09337750270187328, 20.95250000000000057 ) ) ;
#659 = DIRECTION ( 'NONE',  ( 0.000000000000000000, 0.000000000000000000, 1.000000000000000000 ) ) ;
#660 = DIRECTION ( 'NONE',  ( -1.000000000000000000, 0.000000000000000000, 0.000000000000000000 ) ) ;
#661 = CARTESIAN_POINT ( 'NONE',  ( 15.10617023697719574, 10.24041604484234114, 36.95250000000000057 ) ) ;
#662 = ORIENTED_EDGE ( 'NONE', *, *, #1974, .T. ) ;
#663 = VERTEX_POINT ( 'NONE', #823 ) ;
#664 = DIRECTION ( 'NONE',  ( 1.000000000000000000, 0.000000000000000000, 0.000000000000000000 ) ) ;
#665 = EDGE_CURVE ( 'NONE', #819, #2002, #1161, .T. ) ;
#666 = EDGE_CURVE ( 'NONE', #3021, #1024, #2462, .T. ) ;
#667 = VERTEX_POINT ( 'NONE', #91 ) ;
#668 = ORIENTED_EDGE ( 'NONE', *, *, #2114, .F. ) ;
#669 = CARTESIAN_POINT ( 'NONE',  ( -17.00000000000000000, 1.040949779275250140E-15, 20.20249999999999346 ) ) ;
#670 = DIRECTION ( 'NONE',  ( 0.000000000000000000, 0.000000000000000000, -1.000000000000000000 ) ) ;
#671 = CARTESIAN_POINT ( 'NONE',  ( 18.79572434837729844, 1.828856812034014956, 12.92435123613725523 ) ) ;
#672 = VECTOR ( 'NONE', #2573, 1000.000000000000000 ) ;
#673 = DIRECTION ( 'NONE',  ( -0.000000000000000000, -0.000000000000000000, -1.000000000000000000 ) ) ;
#674 = CARTESIAN_POINT ( 'NONE',  ( -5.586690676913758757, -15.20841342648630068, 15.15911522612159956 ) ) ;
#675 = ADVANCED_FACE ( 'NONE', ( #123 ), #2447, .F. ) ;
#676 = ORIENTED_EDGE ( 'NONE', *, *, #1131, .T. ) ;
#677 = FACE_OUTER_BOUND ( 'NONE', #786, .T. ) ;
#678 = CIRCLE ( 'NONE', #2407, 22.25000000000000000 ) ;
#679 = AXIS2_PLACEMENT_3D ( 'NONE', #784, #1982, #1730 ) ;
#680 = DIRECTION ( 'NONE',  ( 0.000000000000000000, 0.000000000000000000, -1.000000000000000000 ) ) ;
#681 = ORIENTED_EDGE ( 'NONE', *, *, #726, .F. ) ;
#682 = DIRECTION ( 'NONE',  ( -1.000000000000000000, 0.000000000000000000, 0.000000000000000000 ) ) ;
#683 = CARTESIAN_POINT ( 'NONE',  ( 0.000000000000000000, 17.00000000000000000, 20.20249999999999346 ) ) ;
#684 = CARTESIAN_POINT ( 'NONE',  ( 17.85132716769502537, -2.416326068246864800, 13.64936626220107740 ) ) ;
#685 = CYLINDRICAL_SURFACE ( 'NONE', #1977, 2.500000000000000444 ) ;
#686 =( NAMED_UNIT ( * ) SI_UNIT ( $, .STERADIAN. ) SOLID_ANGLE_UNIT ( ) );
#687 = CARTESIAN_POINT ( 'NONE',  ( -10.21878048780487980, 0.7993906066863059046, 8.922500000000013642 ) ) ;
#688 = EDGE_CURVE ( 'NONE', #2078, #604, #2692, .T. ) ;
#689 = ORIENTED_EDGE ( 'NONE', *, *, #389, .F. ) ;
#690 = DIRECTION ( 'NONE',  ( 0.000000000000000000, 0.000000000000000000, -1.000000000000000000 ) ) ;
#691 = EDGE_CURVE ( 'NONE', #2002, #2233, #619, .T. ) ;
#692 = DIRECTION ( 'NONE',  ( 0.000000000000000000, 0.000000000000000000, 1.000000000000000000 ) ) ;
#693 = ORIENTED_EDGE ( 'NONE', *, *, #50, .F. ) ;
#694 = CARTESIAN_POINT ( 'NONE',  ( 0.000000000000000000, 0.000000000000000000, 20.95250000000001123 ) ) ;
#695 = AXIS2_PLACEMENT_3D ( 'NONE', #2388, #1453, #482 ) ;
#696 = CARTESIAN_POINT ( 'NONE',  ( -2.518446174588940600, 17.48560141098073117, 13.93938571616073041 ) ) ;
#697 = CARTESIAN_POINT ( 'NONE',  ( 16.61727944526159817, -2.532231218994230204, 14.65324869309891298 ) ) ;
#698 = AXIS2_PLACEMENT_3D ( 'NONE', #476, #461, #216 ) ;
#699 = DIRECTION ( 'NONE',  ( 0.000000000000000000, 0.000000000000000000, 1.000000000000000000 ) ) ;
#700 = SURFACE_STYLE_USAGE ( .BOTH. , #2129 ) ;
#701 = CARTESIAN_POINT ( 'NONE',  ( 3.123965211034929727E-14, 0.000000000000000000, 20.95250000000000057 ) ) ;
#702 = ORIENTED_EDGE ( 'NONE', *, *, #1645, .F. ) ;
#703 = EDGE_LOOP ( 'NONE', ( #1885, #2402, #1597, #1314 ) ) ;
#704 = DIRECTION ( 'NONE',  ( 1.000000000000000000, 0.000000000000000000, 0.000000000000000000 ) ) ;
#705 = DIRECTION ( 'NONE',  ( 0.000000000000000000, 0.000000000000000000, 1.000000000000000000 ) ) ;
#706 = AXIS2_PLACEMENT_3D ( 'NONE', #739, #2444, #275 ) ;
#707 = CARTESIAN_POINT ( 'NONE',  ( 7.434822607899283398, 10.96749345972316902, 36.95250000000000057 ) ) ;
#708 = ORIENTED_EDGE ( 'NONE', *, *, #1059, .F. ) ;
#709 = ORIENTED_EDGE ( 'NONE', *, *, #178, .F. ) ;
#710 = CARTESIAN_POINT ( 'NONE',  ( 10.96749345972319212, 7.434822607899248759, 15.95250000000002899 ) ) ;
#711 = CARTESIAN_POINT ( 'NONE',  ( 19.17124916446719851, -1.347996686582526138, 12.64559335983842736 ) ) ;
#712 = EDGE_LOOP ( 'NONE', ( #1493, #104, #1363, #2299 ) ) ;
#713 = DIRECTION ( 'NONE',  ( -1.000000000000000000, 0.000000000000000000, 0.000000000000000000 ) ) ;
#714 = CIRCLE ( 'NONE', #2445, 2.000000000000000000 ) ;
#715 = CARTESIAN_POINT ( 'NONE',  ( 0.000000000000000000, 0.000000000000000000, 19.45250000000001123 ) ) ;
#716 = CARTESIAN_POINT ( 'NONE',  ( 0.000000000000000000, 0.000000000000000000, 12.45250000000002899 ) ) ;
#717 = AXIS2_PLACEMENT_3D ( 'NONE', #1589, #920, #864 ) ;
#718 = ADVANCED_FACE ( 'NONE', ( #1283, #1053 ), #2007, .T. ) ;
#719 = CARTESIAN_POINT ( 'NONE',  ( -2.552699999999986868, -17.00000000000000000, 20.20249999999999346 ) ) ;
#720 = DIRECTION ( 'NONE',  ( 0.000000000000000000, 0.000000000000000000, -1.000000000000000000 ) ) ;
#721 = CARTESIAN_POINT ( 'NONE',  ( 0.000000000000000000, 17.00000000000000000, 20.95250000000000057 ) ) ;
#722 = ORIENTED_EDGE ( 'NONE', *, *, #1945, .F. ) ;
#723 = CONICAL_SURFACE ( 'NONE', #1513, 7.937500000000003553, 0.7853981633974482790 ) ;
#724 = EDGE_CURVE ( 'NONE', #2597, #2163, #1010, .T. ) ;
#725 = VERTEX_POINT ( 'NONE', #646 ) ;
#726 = EDGE_CURVE ( 'NONE', #2514, #606, #2131, .T. ) ;
#727 = CARTESIAN_POINT ( 'NONE',  ( -1.668893590730190057, 18.93689491950635784, 12.81924033769815274 ) ) ;
#728 = ORIENTED_EDGE ( 'NONE', *, *, #2401, .F. ) ;
#729 = DIRECTION ( 'NONE',  ( -0.000000000000000000, -0.000000000000000000, 1.000000000000000000 ) ) ;
#730 = FACE_OUTER_BOUND ( 'NONE', #1381, .T. ) ;
#731 = CARTESIAN_POINT ( 'NONE',  ( -8.837619326370825590, 13.03683184835015219, 36.95250000000000057 ) ) ;
#732 = AXIS2_PLACEMENT_3D ( 'NONE', #2834, #2128, #2103 ) ;
#733 = ORIENTED_EDGE ( 'NONE', *, *, #1047, .F. ) ;
#734 = CARTESIAN_POINT ( 'NONE',  ( 0.000000000000000000, 0.000000000000000000, 20.95250000000000057 ) ) ;
#735 = DIRECTION ( 'NONE',  ( -1.000000000000000000, 6.938893903907227392E-16, 0.000000000000000000 ) ) ;
#736 = EDGE_CURVE ( 'NONE', #588, #663, #463, .T. ) ;
#737 = DIRECTION ( 'NONE',  ( -0.000000000000000000, -0.000000000000000000, -1.000000000000000000 ) ) ;
#738 = EDGE_LOOP ( 'NONE', ( #131, #1442, #1226, #2944, #893 ) ) ;
#739 = CARTESIAN_POINT ( 'NONE',  ( 0.000000000000000000, 0.000000000000000000, 12.45250000000002899 ) ) ;
#740 = CARTESIAN_POINT ( 'NONE',  ( -2.046288173166693980, 18.53183441148447841, 13.12394147909864728 ) ) ;
#741 = VECTOR ( 'NONE', #1811, 1000.000000000000000 ) ;
#742 = VERTEX_POINT ( 'NONE', #384 ) ;
#743 = DIRECTION ( 'NONE',  ( -1.000000000000000000, 0.000000000000000000, 0.000000000000000000 ) ) ;
#744 = AXIS2_PLACEMENT_3D ( 'NONE', #734, #1682, #1209 ) ;
#745 = CARTESIAN_POINT ( 'NONE',  ( -15.50335151993518856, 9.316514835208097978, 13.58941660127688777 ) ) ;
#746 = FACE_OUTER_BOUND ( 'NONE', #1280, .T. ) ;
#747 = VECTOR ( 'NONE', #1083, 1000.000000000000000 ) ;
#748 = ORIENTED_EDGE ( 'NONE', *, *, #1238, .F. ) ;
#749 = FACE_OUTER_BOUND ( 'NONE', #2308, .T. ) ;
#750 = CARTESIAN_POINT ( 'NONE',  ( -8.345051370937603963, 15.49489489088234073, 13.99537732212282037 ) ) ;
#751 = ORIENTED_EDGE ( 'NONE', *, *, #2231, .F. ) ;
#752 = EDGE_CURVE ( 'NONE', #3002, #2631, #2592, .T. ) ;
#753 = CARTESIAN_POINT ( 'NONE',  ( -5.876614307400028991, -15.90596424907347917, 15.83900693466960874 ) ) ;
#754 = ORIENTED_EDGE ( 'NONE', *, *, #2482, .F. ) ;
#755 = CIRCLE ( 'NONE', #1147, 22.25000000000000000 ) ;
#756 = CARTESIAN_POINT ( 'NONE',  ( 13.81353231424712824, -6.461333067041918454, 15.95250000000002899 ) ) ;
#757 = CIRCLE ( 'NONE', #2990, 2.500000000000000444 ) ;
#758 = DIRECTION ( 'NONE',  ( -0.000000000000000000, -0.000000000000000000, 1.000000000000000000 ) ) ;
#759 = ORIENTED_EDGE ( 'NONE', *, *, #1530, .F. ) ;
#760 = CIRCLE ( 'NONE', #1951, 19.44999999999995310 ) ;
#761 = CARTESIAN_POINT ( 'NONE',  ( 10.24041604484238910, 15.10617023697716199, 36.95250000000000057 ) ) ;
#762 = EDGE_LOOP ( 'NONE', ( #1479, #57, #24, #2822 ) ) ;
#763 = AXIS2_PLACEMENT_3D ( 'NONE', #1959, #1480, #2901 ) ;
#764 = DIRECTION ( 'NONE',  ( 0.000000000000000000, 0.000000000000000000, -1.000000000000000000 ) ) ;
#765 = DIRECTION ( 'NONE',  ( -1.000000000000000000, 0.000000000000000000, -0.000000000000000000 ) ) ;
#766 = ORIENTED_EDGE ( 'NONE', *, *, #2742, .F. ) ;
#767 = FACE_OUTER_BOUND ( 'NONE', #607, .T. ) ;
#768 = ADVANCED_FACE ( 'NONE', ( #2287 ), #2241, .F. ) ;
#769 = EDGE_CURVE ( 'NONE', #2786, #2201, #2046, .T. ) ;
#770 = B_SPLINE_CURVE_WITH_KNOTS ( 'NONE', 3,
 ( #1930, #2665, #2392, #1473, #1210, #1916, #750, #544, #1028, #2381, #2858, #1683, #1487, #1195 ),
 .UNSPECIFIED., .F., .F.,
 ( 4, 2, 2, 2, 2, 2, 4 ),
 ( 3.701308060972939962E-17, 0.001238575137625181873, 0.002477150275250326449, 0.003096437844062899930, 0.003715725412875473411, 0.004335012981688046892, 0.004954300550500620806 ),
 .UNSPECIFIED. ) ;
#771 = ORIENTED_EDGE ( 'NONE', *, *, #2135, .T. ) ;
#772 = B_SPLINE_CURVE_WITH_KNOTS ( 'NONE', 3,
 ( #583, #85, #563, #1525, #1507, #2473, #353, #1295, #2245, #1663 ),
 .UNSPECIFIED., .F., .F.,
 ( 4, 2, 2, 2, 4 ),
 ( 0.01165233660356464196, 0.01230356271441489582, 0.01295478882526515142, 0.01360601493611540702, 0.01425724104696566436 ),
 .UNSPECIFIED. ) ;
#773 = CARTESIAN_POINT ( 'NONE',  ( -7.558441085910835966, -14.82362479812291767, 20.95250000000001123 ) ) ;
#774 = ORIENTED_EDGE ( 'NONE', *, *, #594, .T. ) ;
#775 = CARTESIAN_POINT ( 'NONE',  ( -19.03152916147124785, 1.550582879864500718, 12.74892059810734324 ) ) ;
#776 = EDGE_CURVE ( 'NONE', #880, #2578, #844, .T. ) ;
#777 = EDGE_CURVE ( 'NONE', #358, #1202, #1535, .T. ) ;
#778 = ORIENTED_EDGE ( 'NONE', *, *, #3030, .T. ) ;
#779 = CARTESIAN_POINT ( 'NONE',  ( -14.15539882151613149, -5.673375027602063803, 15.95250000000002899 ) ) ;
#780 = VERTEX_POINT ( 'NONE', #1324 ) ;
#781 = CARTESIAN_POINT ( 'NONE',  ( -13.03683184835015041, 8.837619326370830919, 20.95250000000000057 ) ) ;
#782 = CARTESIAN_POINT ( 'NONE',  ( 14.44730000000001269, 1.353565367693593831E-15, 20.20249999999999346 ) ) ;
#783 = VECTOR ( 'NONE', #2971, 1000.000000000000000 ) ;
#784 = CARTESIAN_POINT ( 'NONE',  ( 2.081899558550500280E-15, -17.00000000000000000, 15.95250000000002899 ) ) ;
#785 = CYLINDRICAL_SURFACE ( 'NONE', #1988, 2.500000000000000444 ) ;
#786 = EDGE_LOOP ( 'NONE', ( #2669, #2528, #2866, #1692 ) ) ;
#787 = EDGE_CURVE ( 'NONE', #2002, #360, #2698, .T. ) ;
#788 = CARTESIAN_POINT ( 'NONE',  ( 15.45647728182638403, -9.498849842188882064, 13.54344976146365731 ) ) ;
#789 = ORIENTED_EDGE ( 'NONE', *, *, #1335, .T. ) ;
#790 = CARTESIAN_POINT ( 'NONE',  ( -15.14841831499997049, 1.757248574838631061, 15.95250000000002899 ) ) ;
#791 = ORIENTED_EDGE ( 'NONE', *, *, #451, .F. ) ;
#792 = FACE_OUTER_BOUND ( 'NONE', #630, .T. ) ;
#793 = ORIENTED_EDGE ( 'NONE', *, *, #2626, .F. ) ;
#794 = DIRECTION ( 'NONE',  ( -0.000000000000000000, -0.000000000000000000, -1.000000000000000000 ) ) ;
#795 = FACE_OUTER_BOUND ( 'NONE', #1266, .T. ) ;
#796 = CIRCLE ( 'NONE', #151, 2.500000000000000444 ) ;
#797 = DIRECTION ( 'NONE',  ( -0.000000000000000000, -0.000000000000000000, -1.000000000000000000 ) ) ;
#798 = CARTESIAN_POINT ( 'NONE',  ( -14.44730000000001269, 1.040949779275250140E-15, 20.20249999999999346 ) ) ;
#799 = ORIENTED_EDGE ( 'NONE', *, *, #1329, .F. ) ;
#800 = CIRCLE ( 'NONE', #946, 7.937500000000005329 ) ;
#801 = CARTESIAN_POINT ( 'NONE',  ( 15.31689727599002282, 9.883037534569568905, 13.47124341284075300 ) ) ;
#802 = CARTESIAN_POINT ( 'NONE',  ( 0.000000000000000000, 0.000000000000000000, 20.95250000000000057 ) ) ;
#803 = ORIENTED_EDGE ( 'NONE', *, *, #1604, .T. ) ;
#804 = DIRECTION ( 'NONE',  ( -1.000000000000000000, 0.000000000000000000, 0.000000000000000000 ) ) ;
#805 = ORIENTED_EDGE ( 'NONE', *, *, #1013, .T. ) ;
#806 = B_SPLINE_CURVE_WITH_KNOTS ( 'NONE', 3,
 ( #231, #943, #2358, #2814, #711, #2601, #2584, #464, #247, #1421, #1880, #684, #1157, #1894, #3063, #697, #3049, #1390, #2831, #1661, #478, #2373 ),
 .UNSPECIFIED., .F., .F.,
 ( 4, 2, 2, 2, 2, 2, 2, 2, 2, 2, 4 ),
 ( 0.007918697509822884145, 0.008314856480894307691, 0.008711015451965731238, 0.009107174423037153049, 0.009503333394108576596, 0.01029565133625142369, 0.01108796927839427078, 0.01188028722053711787, 0.01267260516267996323, 0.01346492310482281032, 0.01425724104696565568 ),
 .UNSPECIFIED. ) ;
#807 = DIRECTION ( 'NONE',  ( -0.7071067811865500152, 8.659560562354962440E-17, 0.7071067811865451302 ) ) ;
#808 = ORIENTED_EDGE ( 'NONE', *, *, #2198, .T. ) ;
#809 = CARTESIAN_POINT ( 'NONE',  ( -17.00000000000000000, 1.040949779275250140E-15, 15.95250000000002899 ) ) ;
#810 = DIRECTION ( 'NONE',  ( 0.000000000000000000, 0.000000000000000000, -1.000000000000000000 ) ) ;
#811 = CARTESIAN_POINT ( 'NONE',  ( 0.000000000000000000, 0.000000000000000000, 15.95250000000002899 ) ) ;
#812 = CIRCLE ( 'NONE', #2993, 13.25000000000002842 ) ;
#813 = FACE_OUTER_BOUND ( 'NONE', #2334, .T. ) ;
#814 = DIRECTION ( 'NONE',  ( -0.000000000000000000, -0.000000000000000000, 1.000000000000000000 ) ) ;
#815 = VERTEX_POINT ( 'NONE', #159 ) ;
#816 = DIRECTION ( 'NONE',  ( -1.000000000000000000, 0.000000000000000000, 0.000000000000000000 ) ) ;
#817 = VECTOR ( 'NONE', #1605, 1000.000000000000000 ) ;
#818 = DIRECTION ( 'NONE',  ( -1.000000000000000000, 0.000000000000000000, 0.000000000000000000 ) ) ;
#819 = VERTEX_POINT ( 'NONE', #112 ) ;
#820 = CARTESIAN_POINT ( 'NONE',  ( 2.518758139480932634, 17.48523900708413237, 13.93965329366388062 ) ) ;
#821 = EDGE_CURVE ( 'NONE', #2523, #2554, #1556, .T. ) ;
#822 = ORIENTED_EDGE ( 'NONE', *, *, #272, .F. ) ;
#823 = CARTESIAN_POINT ( 'NONE',  ( -5.673375027602022058, -14.15539882151614748, 15.95250000000002899 ) ) ;
#824 = EDGE_CURVE ( 'NONE', #2554, #1474, #2234, .T. ) ;
#825 = ORIENTED_EDGE ( 'NONE', *, *, #894, .F. ) ;
#826 = DIRECTION ( 'NONE',  ( -0.000000000000000000, -0.000000000000000000, -1.000000000000000000 ) ) ;
#827 = DIRECTION ( 'NONE',  ( 0.000000000000000000, 0.000000000000000000, -1.000000000000000000 ) ) ;
#828 = CARTESIAN_POINT ( 'NONE',  ( 10.25000000000000000, 0.000000000000000000, 9.422500000000013642 ) ) ;
#829 = CIRCLE ( 'NONE', #26, 2.500000000000000444 ) ;
#830 = LINE ( 'NONE', #2750, #2948 ) ;
#831 = CIRCLE ( 'NONE', #923, 15.24999999999996625 ) ;
#832 = CARTESIAN_POINT ( 'NONE',  ( -13.40941123574977212, -6.144227523537791669, 15.83900693466963183 ) ) ;
#833 = ORIENTED_EDGE ( 'NONE', *, *, #2188, .T. ) ;
#834 = DIRECTION ( 'NONE',  ( 0.7071067811865451302, 0.000000000000000000, 0.7071067811865500152 ) ) ;
#835 = B_SPLINE_CURVE_WITH_KNOTS ( 'NONE', 3,
 ( #1411, #1946, #2607, #2 ),
 .UNSPECIFIED., .F., .F.,
 ( 4, 4 ),
 ( 0.000000000000000000, 0.0003913583237768331058 ),
 .UNSPECIFIED. ) ;
#836 = DIRECTION ( 'NONE',  ( 1.000000000000000000, 0.000000000000000000, 0.000000000000000000 ) ) ;
#837 = ORIENTED_EDGE ( 'NONE', *, *, #2549, .T. ) ;
#838 = CARTESIAN_POINT ( 'NONE',  ( 1.441029406154025860, 19.11197031341365360, 12.68930128110570976 ) ) ;
#839 = VERTEX_POINT ( 'NONE', #575 ) ;
#840 = ORIENTED_EDGE ( 'NONE', *, *, #631, .F. ) ;
#841 = LINE ( 'NONE', #3011, #2183 ) ;
#842 = CARTESIAN_POINT ( 'NONE',  ( 15.10617023697715311, -10.24041604484238910, 13.45249999999999879 ) ) ;
#843 = FACE_BOUND ( 'NONE', #1009, .T. ) ;
#844 = LINE ( 'NONE', #347, #741 ) ;
#845 = CARTESIAN_POINT ( 'NONE',  ( 2.552699999999990865, -17.00000000000000000, 14.33534426639588055 ) ) ;
#846 = DIRECTION ( 'NONE',  ( -0.000000000000000000, -0.000000000000000000, -1.000000000000000000 ) ) ;
#847 = EDGE_LOOP ( 'NONE', ( #1524, #1006 ) ) ;
#848 = VECTOR ( 'NONE', #1712, 1000.000000000000000 ) ;
#849 = EDGE_CURVE ( 'NONE', #2454, #1284, #1038, .T. ) ;
#850 = CARTESIAN_POINT ( 'NONE',  ( 8.187500000000035527, 0.000000000000000000, 20.95250000000000057 ) ) ;
#851 = DIRECTION ( 'NONE',  ( 0.2248595066987616464, 0.000000000000000000, 0.9743911956946190722 ) ) ;
#852 = CARTESIAN_POINT ( 'NONE',  ( 0.9127305459294234868, 19.38886751937236497, 12.48602028816066145 ) ) ;
#853 = EDGE_CURVE ( 'NONE', #2623, #874, #2620, .T. ) ;
#854 = ORIENTED_EDGE ( 'NONE', *, *, #2928, .F. ) ;
#855 = VERTEX_POINT ( 'NONE', #828 ) ;
#856 = DIRECTION ( 'NONE',  ( -0.000000000000000000, -0.000000000000000000, 1.000000000000000000 ) ) ;
#857 = CYLINDRICAL_SURFACE ( 'NONE', #2199, 2.552699999999989089 ) ;
#858 = EDGE_CURVE ( 'NONE', #1899, #1276, #1357, .T. ) ;
#859 = EDGE_CURVE ( 'NONE', #2005, #360, #2476, .T. ) ;
#860 = LINE ( 'NONE', #2410, #2196 ) ;
#861 = B_SPLINE_CURVE_WITH_KNOTS ( 'NONE', 3,
 ( #81, #1521, #1292, #1309, #1558, #1780, #331, #2664, #543, #2272, #1504, #2227 ),
 .UNSPECIFIED., .F., .F.,
 ( 4, 2, 2, 2, 2, 4 ),
 ( 0.007918697509822877206, 0.008385402396540597367, 0.008852107283258315792, 0.009785517056693756113, 0.01071892683012919817, 0.01165233660356463849 ),
 .UNSPECIFIED. ) ;
#862 = CARTESIAN_POINT ( 'NONE',  ( -15.23762529155709267, 7.628982700167953546, 14.46054775035486806 ) ) ;
#863 = CIRCLE ( 'NONE', #1443, 3.302699999999998859 ) ;
#864 = DIRECTION ( 'NONE',  ( 1.000000000000000000, 0.000000000000000000, 0.000000000000000000 ) ) ;
#865 = ADVANCED_FACE ( 'NONE', ( #677 ), #440, .F. ) ;
#866 = EDGE_LOOP ( 'NONE', ( #2151, #179, #733, #2054 ) ) ;
#867 = CONICAL_SURFACE ( 'NONE', #2686, 15.24999999999996625, 0.8760580505981923061 ) ;
#868 = CARTESIAN_POINT ( 'NONE',  ( 0.000000000000000000, 17.00000000000000000, 20.20249999999999346 ) ) ;
#869 = AXIS2_PLACEMENT_3D ( 'NONE', #1793, #2762, #2937 ) ;
#870 = FACE_OUTER_BOUND ( 'NONE', #1772, .T. ) ;
#871 = APPLICATION_CONTEXT ( 'automotive_design' ) ;
#872 = DIRECTION ( 'NONE',  ( -1.000000000000000000, 0.000000000000000000, 0.000000000000000000 ) ) ;
#873 = VERTEX_POINT ( 'NONE', #936 ) ;
#874 = VERTEX_POINT ( 'NONE', #2842 ) ;
#875 = ADVANCED_FACE ( 'NONE', ( #1623 ), #1286, .F. ) ;
#876 = CARTESIAN_POINT ( 'NONE',  ( -8.837619326370838024, 13.03683184835017705, 36.95250000000000057 ) ) ;
#877 = DIRECTION ( 'NONE',  ( -1.000000000000000000, 0.000000000000000000, 0.000000000000000000 ) ) ;
#878 = CARTESIAN_POINT ( 'NONE',  ( -15.45681745997187129, 8.198119898511670556, 14.08071920406968935 ) ) ;
#879 = CARTESIAN_POINT ( 'NONE',  ( -7.937500000000003553, 9.720633968232120134E-16, 0.000000000000000000 ) ) ;
#880 = VERTEX_POINT ( 'NONE', #2551 ) ;
#881 = AXIS2_PLACEMENT_3D ( 'NONE', #2377, #251, #1913 ) ;
#882 = EDGE_LOOP ( 'NONE', ( #702, #992, #2077, #641, #1621 ) ) ;
#883 = CARTESIAN_POINT ( 'NONE',  ( 13.69730000000000203, 1.445413877629646376E-15, 20.95250000000000057 ) ) ;
#884 = CARTESIAN_POINT ( 'NONE',  ( 0.7665463579600566568, 19.43488890323524032, 12.45250000000003077 ) ) ;
#885 = AXIS2_PLACEMENT_3D ( 'NONE', #1259, #2213, #2017 ) ;
#886 = ORIENTED_EDGE ( 'NONE', *, *, #1490, .F. ) ;
#887 = ORIENTED_EDGE ( 'NONE', *, *, #613, .F. ) ;
#888 = CARTESIAN_POINT ( 'NONE',  ( -6.144227523537741043, -13.40941123574982008, 15.95250000000002899 ) ) ;
#889 = DIRECTION ( 'NONE',  ( -0.000000000000000000, -0.000000000000000000, 1.000000000000000000 ) ) ;
#890 = AXIS2_PLACEMENT_3D ( 'NONE', #922, #1873, #181 ) ;
#891 = DIRECTION ( 'NONE',  ( -0.000000000000000000, -0.000000000000000000, -1.000000000000000000 ) ) ;
#892 = CARTESIAN_POINT ( 'NONE',  ( 0.000000000000000000, 0.000000000000000000, 13.45249999999999346 ) ) ;
#893 = ORIENTED_EDGE ( 'NONE', *, *, #953, .T. ) ;
#894 = EDGE_CURVE ( 'NONE', #2659, #170, #2770, .T. ) ;
#895 = ORIENTED_EDGE ( 'NONE', *, *, #1177, .F. ) ;
#896 = AXIS2_PLACEMENT_3D ( 'NONE', #2749, #2731, #2063 ) ;
#897 = CARTESIAN_POINT ( 'NONE',  ( -18.43930083834924005, -2.120791425625226712, 13.19405235933981935 ) ) ;
#898 = DIRECTION ( 'NONE',  ( -1.000000000000000000, 0.000000000000000000, 0.000000000000000000 ) ) ;
#899 = VECTOR ( 'NONE', #1182, 1000.000000000000000 ) ;
#900 = EDGE_LOOP ( 'NONE', ( #1294, #427, #2988, #420 ) ) ;
#901 = EDGE_LOOP ( 'NONE', ( #2880, #2181, #400, #2894 ) ) ;
#902 = B_SPLINE_CURVE_WITH_KNOTS ( 'NONE', 3,
 ( #102, #852, #638, #2020, #838, #2992, #2945, #621, #2477, #820, #2708, #2250 ),
 .UNSPECIFIED., .F., .F.,
 ( 4, 2, 2, 2, 2, 4 ),
 ( 0.007918697509822882410, 0.008385402396540600836, 0.008852107283258320997, 0.009785517056693761317, 0.01071892683012920164, 0.01165233660356464196 ),
 .UNSPECIFIED. ) ;
#903 = FACE_OUTER_BOUND ( 'NONE', #2016, .T. ) ;
#904 = CARTESIAN_POINT ( 'NONE',  ( -2.206638776382768619, -15.70461627068743127, 15.44525981616096111 ) ) ;
#905 = ADVANCED_FACE ( 'NONE', ( #2795 ), #194, .T. ) ;
#906 = CARTESIAN_POINT ( 'NONE',  ( 17.23667350122892827, 2.550170844250739144, 14.14068212318354156 ) ) ;
#907 = DIRECTION ( 'NONE',  ( -1.000000000000000000, 0.000000000000000000, 0.000000000000000000 ) ) ;
#908 = CARTESIAN_POINT ( 'NONE',  ( -5.876614307400028991, -15.90596424907347917, 14.53013648778486733 ) ) ;
#909 = CIRCLE ( 'NONE', #1804, 7.937500000000003553 ) ;
#910 = VERTEX_POINT ( 'NONE', #1859 ) ;
#911 = EDGE_CURVE ( 'NONE', #2676, #1438, #2595, .T. ) ;
#912 = DIRECTION ( 'NONE',  ( 0.000000000000000000, 0.000000000000000000, 1.000000000000000000 ) ) ;
#913 = DIRECTION ( 'NONE',  ( 1.000000000000000000, 0.000000000000000000, 0.000000000000000000 ) ) ;
#914 = ORIENTED_EDGE ( 'NONE', *, *, #2353, .T. ) ;
#915 = DIRECTION ( 'NONE',  ( 1.000000000000000000, 0.000000000000000000, 0.000000000000000000 ) ) ;
#916 = CARTESIAN_POINT ( 'NONE',  ( 0.000000000000000000, 0.000000000000000000, 0.000000000000000000 ) ) ;
#917 = CARTESIAN_POINT ( 'NONE',  ( 0.000000000000000000, 0.000000000000000000, -20.95249999999998991 ) ) ;
#918 = EDGE_CURVE ( 'NONE', #1175, #2446, #486, .T. ) ;
#919 = LINE ( 'NONE', #1631, #329 ) ;
#920 = DIRECTION ( 'NONE',  ( -0.000000000000000000, -0.000000000000000000, 1.000000000000000000 ) ) ;
#921 = ORIENTED_EDGE ( 'NONE', *, *, #1531, .F. ) ;
#922 = CARTESIAN_POINT ( 'NONE',  ( -14.82362479812286793, -7.558441085910888368, 15.95250000000002899 ) ) ;
#923 = AXIS2_PLACEMENT_3D ( 'NONE', #1508, #68, #375 ) ;
#924 = DIRECTION ( 'NONE',  ( 0.000000000000000000, 0.000000000000000000, -1.000000000000000000 ) ) ;
#925 = ORIENTED_EDGE ( 'NONE', *, *, #2812, .T. ) ;
#926 = EDGE_CURVE ( 'NONE', #2597, #2854, #3043, .T. ) ;
#927 = ORIENTED_EDGE ( 'NONE', *, *, #2917, .T. ) ;
#928 = CARTESIAN_POINT ( 'NONE',  ( -5.558441085910835966, -14.82362479812291767, 20.95250000000000057 ) ) ;
#929 = CARTESIAN_POINT ( 'NONE',  ( 10.75000000000000178, 0.000000000000000000, -20.98309159102153387 ) ) ;
#930 = EDGE_CURVE ( 'NONE', #1782, #654, #2863, .T. ) ;
#931 = CARTESIAN_POINT ( 'NONE',  ( -6.492596378180475192, 13.90918125478677503, 15.86926216409769630 ) ) ;
#932 = DIRECTION ( 'NONE',  ( 1.000000000000000000, 0.000000000000000000, 0.000000000000000000 ) ) ;
#933 = CARTESIAN_POINT ( 'NONE',  ( -17.05544390611621708, -6.616361822886878130, 20.95250000000001123 ) ) ;
#934 = ORIENTED_EDGE ( 'NONE', *, *, #1612, .T. ) ;
#935 = EDGE_LOOP ( 'NONE', ( #2326, #1241, #1369, #431, #2416 ) ) ;
#936 = CARTESIAN_POINT ( 'NONE',  ( 19.55269999999999087, 1.040949779275250140E-15, 12.45250000000002899 ) ) ;
#937 = DIRECTION ( 'NONE',  ( -0.000000000000000000, -0.000000000000000000, 1.000000000000000000 ) ) ;
#938 = ORIENTED_EDGE ( 'NONE', *, *, #981, .F. ) ;
#939 = ORIENTED_EDGE ( 'NONE', *, *, #2513, .T. ) ;
#940 = VECTOR ( 'NONE', #2950, 1000.000000000000000 ) ;
#941 = ADVANCED_FACE ( 'NONE', ( #2579 ), #455, .T. ) ;
#942 = CARTESIAN_POINT ( 'NONE',  ( 0.000000000000000000, 17.00000000000000000, 20.20249999999999346 ) ) ;
#943 = CARTESIAN_POINT ( 'NONE',  ( 19.39582399391616363, -0.8906337183906443133, 12.48095344723330058 ) ) ;
#944 = ORIENTED_EDGE ( 'NONE', *, *, #1171, .F. ) ;
#945 = CIRCLE ( 'NONE', #1384, 2.552699999999990865 ) ;
#946 = AXIS2_PLACEMENT_3D ( 'NONE', #1786, #2722, #1581 ) ;
#947 = DIRECTION ( 'NONE',  ( 0.000000000000000000, 0.000000000000000000, 1.000000000000000000 ) ) ;
#948 = CARTESIAN_POINT ( 'NONE',  ( 1.757248574838629063, 15.14841831499997049, 15.95250000000002899 ) ) ;
#949 = FACE_BOUND ( 'NONE', #2481, .T. ) ;
#950 = DIRECTION ( 'NONE',  ( -0.000000000000000000, -0.000000000000000000, -1.000000000000000000 ) ) ;
#951 = CARTESIAN_POINT ( 'NONE',  ( -17.23667350122892827, -2.550170844250737812, 14.14068212318354156 ) ) ;
#952 = CIRCLE ( 'NONE', #260, 8.499999999999998224 ) ;
#953 = EDGE_CURVE ( 'NONE', #1149, #997, #2080, .T. ) ;
#954 = AXIS2_PLACEMENT_3D ( 'NONE', #457, #2796, #2967 ) ;
#955 = CARTESIAN_POINT ( 'NONE',  ( -17.00000000000000000, 1.040949779275250140E-15, 20.95250000000000057 ) ) ;
#956 = VERTEX_POINT ( 'NONE', #1886 ) ;
#957 = CIRCLE ( 'NONE', #1703, 2.500000000000000444 ) ;
#958 = VERTEX_POINT ( 'NONE', #1610 ) ;
#959 = CARTESIAN_POINT ( 'NONE',  ( 19.55269999999999087, 1.040949779275250140E-15, 20.20249999999999346 ) ) ;
#960 = VERTEX_POINT ( 'NONE', #3 ) ;
#961 = DIRECTION ( 'NONE',  ( 0.000000000000000000, 0.000000000000000000, -1.000000000000000000 ) ) ;
#962 = CARTESIAN_POINT ( 'NONE',  ( -15.35882975391572991, 9.797507822629407670, 13.48075681546491467 ) ) ;
#963 = FACE_BOUND ( 'NONE', #1565, .T. ) ;
#964 = AXIS2_PLACEMENT_3D ( 'NONE', #2331, #412, #1354 ) ;
#965 = CARTESIAN_POINT ( 'NONE',  ( -10.25000000000000000, 0.000000000000000000, 8.922500000000013642 ) ) ;
#966 = DIRECTION ( 'NONE',  ( -1.000000000000000000, 0.000000000000000000, 0.000000000000000000 ) ) ;
#967 = DIRECTION ( 'NONE',  ( -0.000000000000000000, -0.000000000000000000, 1.000000000000000000 ) ) ;
#968 = CIRCLE ( 'NONE', #1822, 13.25000000000002842 ) ;
#969 = ORIENTED_EDGE ( 'NONE', *, *, #1013, .F. ) ;
#970 = CIRCLE ( 'NONE', #1462, 3.302699999999998859 ) ;
#971 = CARTESIAN_POINT ( 'NONE',  ( -16.02603342736112424, 2.368437166799417959, 15.16077774623016161 ) ) ;
#972 = AXIS2_PLACEMENT_3D ( 'NONE', #1997, #1762, #348 ) ;
#973 = CARTESIAN_POINT ( 'NONE',  ( -1.773737329655699080, 18.84102779854410770, 12.89079262408380799 ) ) ;
#974 = VERTEX_POINT ( 'NONE', #3017 ) ;
#975 = CARTESIAN_POINT ( 'NONE',  ( -7.558441085910835966, -14.82362479812291767, 15.95250000000002899 ) ) ;
#976 = CARTESIAN_POINT ( 'NONE',  ( -13.69730000000000203, 1.040949779275250140E-15, 20.95250000000000057 ) ) ;
#977 = DIRECTION ( 'NONE',  ( 0.000000000000000000, 0.000000000000000000, -1.000000000000000000 ) ) ;
#978 = VERTEX_POINT ( 'NONE', #1847 ) ;
#979 = FACE_OUTER_BOUND ( 'NONE', #537, .T. ) ;
#980 = EDGE_CURVE ( 'NONE', #2550, #288, #2783, .T. ) ;
#981 = EDGE_CURVE ( 'NONE', #1534, #2096, #1278, .T. ) ;
#982 = CARTESIAN_POINT ( 'NONE',  ( 8.837619326370839801, 13.03683184835017350, 36.95250000000000057 ) ) ;
#983 = ORIENTED_EDGE ( 'NONE', *, *, #361, .F. ) ;
#984 = DIRECTION ( 'NONE',  ( -0.000000000000000000, -0.000000000000000000, 1.000000000000000000 ) ) ;
#985 = ORIENTED_EDGE ( 'NONE', *, *, #1647, .T. ) ;
#986 = DIRECTION ( 'NONE',  ( -0.000000000000000000, -0.000000000000000000, 1.000000000000000000 ) ) ;
#987 = DIRECTION ( 'NONE',  ( -1.000000000000000000, 0.000000000000000000, 0.000000000000000000 ) ) ;
#988 = ORIENTED_EDGE ( 'NONE', *, *, #67, .T. ) ;
#989 = LINE ( 'NONE', #2400, #218 ) ;
#990 = TOROIDAL_SURFACE ( 'NONE', #2723, 0.3000000000000008771, 0.5000000000000000000 ) ;
#991 = EDGE_CURVE ( 'NONE', #1474, #2138, #1526, .T. ) ;
#992 = ORIENTED_EDGE ( 'NONE', *, *, #2247, .F. ) ;
#993 = ADVANCED_FACE ( 'NONE', ( #2909 ), #1833, .F. ) ;
#994 = DIRECTION ( 'NONE',  ( -1.000000000000000000, 0.000000000000000000, 0.000000000000000000 ) ) ;
#995 = DIRECTION ( 'NONE',  ( 1.000000000000000000, 0.000000000000000000, 0.000000000000000000 ) ) ;
#996 = AXIS2_PLACEMENT_3D ( 'NONE', #395, #421, #1364 ) ;
#997 = VERTEX_POINT ( 'NONE', #1966 ) ;
#998 = CARTESIAN_POINT ( 'NONE',  ( -15.53683184835015219, 8.837619326370830919, 36.95250000000000057 ) ) ;
#999 = CARTESIAN_POINT ( 'NONE',  ( -10.24041604484238555, 15.10617023697716199, 13.45249999999999702 ) ) ;
#1000 = ORIENTED_EDGE ( 'NONE', *, *, #665, .F. ) ;
#1001 = ADVANCED_FACE ( 'NONE', ( #285 ), #1240, .T. ) ;
#1002 = DIRECTION ( 'NONE',  ( 0.000000000000000000, 0.000000000000000000, -1.000000000000000000 ) ) ;
#1003 = ORIENTED_EDGE ( 'NONE', *, *, #2808, .T. ) ;
#1004 = LINE ( 'NONE', #2657, #1948 ) ;
#1005 = CIRCLE ( 'NONE', #2342, 2.552699999999989089 ) ;
#1006 = ORIENTED_EDGE ( 'NONE', *, *, #1729, .T. ) ;
#1007 = AXIS2_PLACEMENT_3D ( 'NONE', #683, #2267, #141 ) ;
#1008 = LINE ( 'NONE', #2916, #2498 ) ;
#1009 = EDGE_LOOP ( 'NONE', ( #914, #927, #2355, #2155 ) ) ;
#1010 = CIRCLE ( 'NONE', #2740, 24.22625728283411206 ) ;
#1011 = LINE ( 'NONE', #1961, #1690 ) ;
#1012 = DIRECTION ( 'NONE',  ( -1.000000000000000000, 0.000000000000000000, 0.000000000000000000 ) ) ;
#1013 = EDGE_CURVE ( 'NONE', #2786, #2550, #1424, .T. ) ;
#1014 = DIRECTION ( 'NONE',  ( -0.000000000000000000, -0.000000000000000000, 1.000000000000000000 ) ) ;
#1015 = FACE_OUTER_BOUND ( 'NONE', #2281, .T. ) ;
#1016 = ORIENTED_EDGE ( 'NONE', *, *, #1486, .T. ) ;
#1017 = ADVANCED_FACE ( 'NONE', ( #1015 ), #785, .F. ) ;
#1018 = CARTESIAN_POINT ( 'NONE',  ( 15.27488792735119283, -7.668775132089415081, 14.41902009186476619 ) ) ;
#1019 = ORIENTED_EDGE ( 'NONE', *, *, #736, .F. ) ;
#1020 = DIRECTION ( 'NONE',  ( -0.000000000000000000, -0.000000000000000000, 1.000000000000000000 ) ) ;
#1021 = AXIS2_PLACEMENT_3D ( 'NONE', #2792, #673, #2586 ) ;
#1022 = ORIENTED_EDGE ( 'NONE', *, *, #1088, .T. ) ;
#1023 = DIRECTION ( 'NONE',  ( 0.7071067811865500152, 0.000000000000000000, 0.7071067811865451302 ) ) ;
#1024 = VERTEX_POINT ( 'NONE', #501 ) ;
#1025 = CARTESIAN_POINT ( 'NONE',  ( 0.000000000000000000, 0.000000000000000000, 20.95250000000001123 ) ) ;
#1026 = CARTESIAN_POINT ( 'NONE',  ( -15.10617023697715844, 10.24041604484239265, 36.95250000000000057 ) ) ;
#1027 = CARTESIAN_POINT ( 'NONE',  ( 13.81353231424715133, 6.461333067041873157, 15.95250000000002899 ) ) ;
#1028 = CARTESIAN_POINT ( 'NONE',  ( -8.909968542053199769, 15.54345196598159440, 13.73149656605079194 ) ) ;
#1029 = ORIENTED_EDGE ( 'NONE', *, *, #71, .T. ) ;
#1030 = DIRECTION ( 'NONE',  ( 1.000000000000000000, 0.000000000000000000, 0.000000000000000000 ) ) ;
#1031 = AXIS2_PLACEMENT_3D ( 'NONE', #2406, #561, #2194 ) ;
#1032 = DIRECTION ( 'NONE',  ( -0.7071067811865477948, 0.7071067811865473507, 0.000000000000000000 ) ) ;
#1033 = VERTEX_POINT ( 'NONE', #999 ) ;
#1034 = CARTESIAN_POINT ( 'NONE',  ( 0.000000000000000000, 0.000000000000000000, 0.000000000000000000 ) ) ;
#1035 = VERTEX_POINT ( 'NONE', #798 ) ;
#1036 = CARTESIAN_POINT ( 'NONE',  ( 10.24041604484238022, -15.10617023697715844, 13.45249999999999879 ) ) ;
#1037 = ORIENTED_EDGE ( 'NONE', *, *, #1860, .F. ) ;
#1038 = CIRCLE ( 'NONE', #197, 15.24999999999996625 ) ;
#1039 = DIRECTION ( 'NONE',  ( -0.000000000000000000, -0.000000000000000000, 1.000000000000000000 ) ) ;
#1040 = CARTESIAN_POINT ( 'NONE',  ( 10.00000000000001599, 0.000000000000000000, -9.452499999999982805 ) ) ;
#1041 = DIRECTION ( 'NONE',  ( 0.000000000000000000, 0.000000000000000000, 1.000000000000000000 ) ) ;
#1042 = CARTESIAN_POINT ( 'NONE',  ( -22.25000000000000000, 2.740147213092202884E-15, 12.45250000000002899 ) ) ;
#1043 = CARTESIAN_POINT ( 'NONE',  ( 8.837619326370834472, -13.03683184835017705, 36.95250000000000057 ) ) ;
#1044 = EDGE_LOOP ( 'NONE', ( #317, #2639, #2725, #2019 ) ) ;
#1045 = AXIS2_PLACEMENT_3D ( 'NONE', #377, #2526, #1315 ) ;
#1046 = DIRECTION ( 'NONE',  ( -1.000000000000000000, 0.000000000000000000, 0.000000000000000000 ) ) ;
#1047 = EDGE_CURVE ( 'NONE', #2854, #1895, #89, .T. ) ;
#1048 = CYLINDRICAL_SURFACE ( 'NONE', #1416, 10.25000000000000000 ) ;
#1049 = ADVANCED_FACE ( 'NONE', ( #2893 ), #15, .F. ) ;
#1050 = EDGE_LOOP ( 'NONE', ( #751, #2111, #509, #1344 ) ) ;
#1051 = CARTESIAN_POINT ( 'NONE',  ( -10.25000000000000000, 0.000000000000000000, 9.422500000000013642 ) ) ;
#1052 = ORIENTED_EDGE ( 'NONE', *, *, #2693, .T. ) ;
#1053 = FACE_OUTER_BOUND ( 'NONE', #55, .T. ) ;
#1054 = ORIENTED_EDGE ( 'NONE', *, *, #2469, .T. ) ;
#1055 = CARTESIAN_POINT ( 'NONE',  ( 20.30270000000000152, 1.040949779275250140E-15, 20.95250000000000057 ) ) ;
#1056 = DIRECTION ( 'NONE',  ( -0.000000000000000000, -0.000000000000000000, 1.000000000000000000 ) ) ;
#1057 = CARTESIAN_POINT ( 'NONE',  ( -15.34444110681087459, 7.844594137858623917, 14.30041173940284338 ) ) ;
#1058 = CARTESIAN_POINT ( 'NONE',  ( 13.90918125478679990, 6.492596378180437000, 15.86926216409769275 ) ) ;
#1059 = EDGE_CURVE ( 'NONE', #152, #1939, #714, .T. ) ;
#1060 = CARTESIAN_POINT ( 'NONE',  ( 6.461333067041914902, 13.81353231424713002, 15.95250000000002899 ) ) ;
#1061 = ORIENTED_EDGE ( 'NONE', *, *, #79, .T. ) ;
#1062 = CARTESIAN_POINT ( 'NONE',  ( -17.78644091174641417, -7.446432112918317081, 12.59237268891244987 ) ) ;
#1063 = PLANE ( 'NONE',  #1576 ) ;
#1064 = ORIENTED_EDGE ( 'NONE', *, *, #3019, .T. ) ;
#1065 = DIRECTION ( 'NONE',  ( 0.000000000000000000, 0.000000000000000000, -1.000000000000000000 ) ) ;
#1066 = B_SPLINE_CURVE_WITH_KNOTS ( 'NONE', 3,
 ( #1232, #1723, #521, #1191, #2884, #249 ),
 .UNSPECIFIED., .F., .F.,
 ( 4, 2, 4 ),
 ( 0.000000000000000000, 0.0003915388210507009833, 0.0007830776421014019667 ),
 .UNSPECIFIED. ) ;
#1067 = ORIENTED_EDGE ( 'NONE', *, *, #1459, .T. ) ;
#1068 = CARTESIAN_POINT ( 'NONE',  ( 6.894127195966921029, -14.64359763212282672, 15.17345835851787150 ) ) ;
#1069 = ORIENTED_EDGE ( 'NONE', *, *, #1678, .T. ) ;
#1070 = CARTESIAN_POINT ( 'NONE',  ( 0.000000000000000000, 0.000000000000000000, 12.45250000000002899 ) ) ;
#1071 = CARTESIAN_POINT ( 'NONE',  ( 1.668893590730191390, -18.93689491950635073, 12.81924033769815097 ) ) ;
#1072 = LINE ( 'NONE', #2030, #2492 ) ;
#1073 = CARTESIAN_POINT ( 'NONE',  ( -14.09337750270187151, 6.571849858779192921, 15.70223204993002497 ) ) ;
#1074 = DIRECTION ( 'NONE',  ( 1.000000000000000000, 0.000000000000000000, 0.000000000000000000 ) ) ;
#1075 = DIRECTION ( 'NONE',  ( -1.000000000000000000, 0.000000000000000000, 0.000000000000000000 ) ) ;
#1076 = ORIENTED_EDGE ( 'NONE', *, *, #2315, .F. ) ;
#1077 = LINE ( 'NONE', #1277, #2609 ) ;
#1078 = EDGE_CURVE ( 'NONE', #2138, #2027, #255, .T. ) ;
#1079 = CARTESIAN_POINT ( 'NONE',  ( -10.75000000000000178, 1.316495309083405012E-15, 9.422500000000013642 ) ) ;
#1080 = CARTESIAN_POINT ( 'NONE',  ( 6.492596378180471639, -13.90918125478677503, 15.86926216409769985 ) ) ;
#1081 = ORIENTED_EDGE ( 'NONE', *, *, #389, .T. ) ;
#1082 = ORIENTED_EDGE ( 'NONE', *, *, #596, .F. ) ;
#1083 = DIRECTION ( 'NONE',  ( 0.000000000000000000, 0.000000000000000000, 1.000000000000000000 ) ) ;
#1084 = DIRECTION ( 'NONE',  ( 0.000000000000000000, 0.000000000000000000, 1.000000000000000000 ) ) ;
#1085 = CARTESIAN_POINT ( 'NONE',  ( 8.837619326370834472, -13.03683184835017705, 15.95250000000002899 ) ) ;
#1086 = B_SPLINE_CURVE_WITH_KNOTS ( 'NONE', 3,
 ( #2372, #1188, #2140, #1217, #262, #1201, #2154, #2398, #1923, #1691 ),
 .UNSPECIFIED., .F., .F.,
 ( 4, 2, 2, 2, 4 ),
 ( 0.000000000000000000, 0.0005746685495294651938, 0.001149337099058927352, 0.001724005648588389401, 0.002298674198117855137 ),
 .UNSPECIFIED. ) ;
#1087 = DIRECTION ( 'NONE',  ( -0.000000000000000000, -0.000000000000000000, 1.000000000000000000 ) ) ;
#1088 = EDGE_CURVE ( 'NONE', #667, #1033, #770, .T. ) ;
#1089 = DIRECTION ( 'NONE',  ( -1.000000000000000000, 0.000000000000000000, 0.000000000000000000 ) ) ;
#1090 = ORIENTED_EDGE ( 'NONE', *, *, #1456, .T. ) ;
#1091 = CIRCLE ( 'NONE', #2624, 8.499999999999998224 ) ;
#1092 = CARTESIAN_POINT ( 'NONE',  ( -17.05544390611091288, -6.616361822883465749, 13.41597056916007347 ) ) ;
#1093 = AXIS2_PLACEMENT_3D ( 'NONE', #1070, #856, #657 ) ;
#1094 = EDGE_CURVE ( 'NONE', #1155, #358, #1760, .T. ) ;
#1095 = LINE ( 'NONE', #2452, #783 ) ;
#1096 = ADVANCED_FACE ( 'NONE', ( #2161 ), #32, .F. ) ;
#1097 = DIRECTION ( 'NONE',  ( 1.000000000000000000, 0.000000000000000000, 0.000000000000000000 ) ) ;
#1098 = EDGE_LOOP ( 'NONE', ( #1732, #2425 ) ) ;
#1099 = ORIENTED_EDGE ( 'NONE', *, *, #1697, .F. ) ;
#1100 = CARTESIAN_POINT ( 'NONE',  ( 0.000000000000000000, 0.000000000000000000, 12.45250000000002899 ) ) ;
#1101 = DIRECTION ( 'NONE',  ( -1.000000000000000000, 0.000000000000000000, -0.000000000000000000 ) ) ;
#1102 = DIRECTION ( 'NONE',  ( -1.000000000000000000, 0.000000000000000000, 0.000000000000000000 ) ) ;
#1103 = DIRECTION ( 'NONE',  ( -0.000000000000000000, -0.000000000000000000, 1.000000000000000000 ) ) ;
#1104 = ORIENTED_EDGE ( 'NONE', *, *, #387, .T. ) ;
#1105 = AXIS2_PLACEMENT_3D ( 'NONE', #2569, #1448, #987 ) ;
#1106 = VERTEX_POINT ( 'NONE', #1457 ) ;
#1107 = CARTESIAN_POINT ( 'NONE',  ( -13.03683184835015041, 8.837619326370830919, 36.95250000000000057 ) ) ;
#1108 = AXIS2_PLACEMENT_3D ( 'NONE', #2438, #1257, #1983 ) ;
#1109 = CARTESIAN_POINT ( 'NONE',  ( 6.337619326370834472, -13.03683184835017705, 15.95250000000002899 ) ) ;
#1110 = ORIENTED_EDGE ( 'NONE', *, *, #991, .T. ) ;
#1111 = VERTEX_POINT ( 'NONE', #2014 ) ;
#1112 = DIRECTION ( 'NONE',  ( 1.000000000000000000, 0.000000000000000000, 0.000000000000000000 ) ) ;
#1113 = CARTESIAN_POINT ( 'NONE',  ( -8.499999999999998224, 1.040949779275249943E-15, -20.70249999999997925 ) ) ;
#1114 = EDGE_CURVE ( 'NONE', #1878, #2127, #1816, .T. ) ;
#1115 = CYLINDRICAL_SURFACE ( 'NONE', #639, 13.25000000000002842 ) ;
#1116 = CARTESIAN_POINT ( 'NONE',  ( -14.54979015265295317, -5.003848606634613283, 20.95250000000001123 ) ) ;
#1117 = CIRCLE ( 'NONE', #2214, 2.552699999999989533 ) ;
#1118 = VERTEX_POINT ( 'NONE', #423 ) ;
#1119 = VECTOR ( 'NONE', #1207, 1000.000000000000000 ) ;
#1120 = EDGE_LOOP ( 'NONE', ( #1578, #45, #805, #1433 ) ) ;
#1121 = AXIS2_PLACEMENT_3D ( 'NONE', #615, #367, #2506 ) ;
#1122 = CARTESIAN_POINT ( 'NONE',  ( 0.000000000000000000, 0.000000000000000000, 0.000000000000000000 ) ) ;
#1123 = DIRECTION ( 'NONE',  ( -1.000000000000000000, 0.000000000000000000, 0.000000000000000000 ) ) ;
#1124 = EDGE_CURVE ( 'NONE', #1111, #1782, #2954, .T. ) ;
#1125 = AXIS2_PLACEMENT_3D ( 'NONE', #618, #1749, #1560 ) ;
#1126 = ORIENTED_EDGE ( 'NONE', *, *, #1800, .T. ) ;
#1127 = ORIENTED_EDGE ( 'NONE', *, *, #2957, .T. ) ;
#1128 = CARTESIAN_POINT ( 'NONE',  ( -2.552699999999986868, -16.83109776789868661, 14.47453565282690136 ) ) ;
#1129 = CARTESIAN_POINT ( 'NONE',  ( 15.47370771118258581, 2.057013238703934821, 15.65283419223537464 ) ) ;
#1130 = DIRECTION ( 'NONE',  ( -1.000000000000000000, 0.000000000000000000, 0.000000000000000000 ) ) ;
#1131 = EDGE_CURVE ( 'NONE', #502, #1941, #1616, .T. ) ;
#1132 = CARTESIAN_POINT ( 'NONE',  ( 15.10617023697715311, -10.24041604484238910, 20.95250000000000057 ) ) ;
#1133 = ORIENTED_EDGE ( 'NONE', *, *, #540, .F. ) ;
#1134 = CARTESIAN_POINT ( 'NONE',  ( -19.43488890323524032, -0.7665463579600616528, 12.45250000000003077 ) ) ;
#1135 = COLOUR_RGB ( '',0.7921568627450980005, 0.8196078431372548767, 0.9333333333333333481 ) ;
#1136 = EDGE_CURVE ( 'NONE', #1871, #415, #2690, .T. ) ;
#1137 = ADVANCED_FACE ( 'NONE', ( #2243 ), #2801, .F. ) ;
#1138 = VECTOR ( 'NONE', #125, 1000.000000000000000 ) ;
#1139 = ORIENTED_EDGE ( 'NONE', *, *, #1794, .T. ) ;
#1140 = DIRECTION ( 'NONE',  ( -0.000000000000000000, -0.000000000000000000, 1.000000000000000000 ) ) ;
#1141 = DIRECTION ( 'NONE',  ( -1.000000000000000000, 0.000000000000000000, 0.000000000000000000 ) ) ;
#1142 = DIRECTION ( 'NONE',  ( 0.000000000000000000, 0.000000000000000000, -1.000000000000000000 ) ) ;
#1143 = CYLINDRICAL_SURFACE ( 'NONE', #2860, 2.500000000000000444 ) ;
#1144 = CARTESIAN_POINT ( 'NONE',  ( -14.44730000000001269, 1.040949779275250140E-15, 20.20249999999999346 ) ) ;
#1145 = CARTESIAN_POINT ( 'NONE',  ( -10.21878048780488157, 0.7993906066863056825, 9.054577107459980567 ) ) ;
#1146 = B_SPLINE_CURVE_WITH_KNOTS ( 'NONE', 3,
 ( #2255, #592, #1980, #2436 ),
 .UNSPECIFIED., .F., .F.,
 ( 4, 4 ),
 ( 0.001474332845529643769, 0.002308471880622050415 ),
 .UNSPECIFIED. ) ;
#1147 = AXIS2_PLACEMENT_3D ( 'NONE', #166, #1834, #1281 ) ;
#1148 = CIRCLE ( 'NONE', #1855, 22.50000000000000000 ) ;
#1149 = VERTEX_POINT ( 'NONE', #1797 ) ;
#1150 = CARTESIAN_POINT ( 'NONE',  ( 0.000000000000000000, 17.00000000000000000, 20.20249999999999346 ) ) ;
#1151 = CIRCLE ( 'NONE', #2890, 2.000000000000000000 ) ;
#1152 = VECTOR ( 'NONE', #325, 1000.000000000000000 ) ;
#1153 = DIRECTION ( 'NONE',  ( -1.000000000000000000, 0.000000000000000000, 0.000000000000000000 ) ) ;
#1154 = ORIENTED_EDGE ( 'NONE', *, *, #824, .F. ) ;
#1155 = VERTEX_POINT ( 'NONE', #1060 ) ;
#1156 = DIRECTION ( 'NONE',  ( 0.000000000000000000, 0.000000000000000000, -1.000000000000000000 ) ) ;
#1157 = CARTESIAN_POINT ( 'NONE',  ( 17.64489241098561223, -2.478700406485602858, 13.81248015449674860 ) ) ;
#1158 = CARTESIAN_POINT ( 'NONE',  ( -1.757248574838629063, 15.14841831499997049, 15.95250000000002899 ) ) ;
#1159 = CARTESIAN_POINT ( 'NONE',  ( -15.90596424907342943, -5.876614307400082282, 20.95250000000001123 ) ) ;
#1160 = CARTESIAN_POINT ( 'NONE',  ( 0.000000000000000000, 0.000000000000000000, 9.422500000000013642 ) ) ;
#1161 = B_SPLINE_CURVE_WITH_KNOTS ( 'NONE', 3,
 ( #105, #2710, #1068, #589, #2237, #571, #1533, #359, #1267, #2479, #2221, #1991, #1300, #1036 ),
 .UNSPECIFIED., .F., .F.,
 ( 4, 2, 2, 2, 2, 2, 4 ),
 ( 3.701308060972940578E-17, 0.001238575137625179921, 0.002477150275250322546, 0.003096437844062896027, 0.003715725412875469508, 0.004335012981688043422, 0.004954300550500617337 ),
 .UNSPECIFIED. ) ;
#1162 = EDGE_CURVE ( 'NONE', #958, #1446, #2101, .T. ) ;
#1163 = ORIENTED_EDGE ( 'NONE', *, *, #224, .T. ) ;
#1164 = DIRECTION ( 'NONE',  ( -1.000000000000000000, 0.000000000000000000, 0.000000000000000000 ) ) ;
#1165 = CIRCLE ( 'NONE', #2074, 10.75000000000000178 ) ;
#1166 = EDGE_CURVE ( 'NONE', #73, #1549, #2036, .T. ) ;
#1167 = VECTOR ( 'NONE', #385, 1000.000000000000000 ) ;
#1168 = FACE_OUTER_BOUND ( 'NONE', #198, .T. ) ;
#1169 = ORIENTED_EDGE ( 'NONE', *, *, #824, .T. ) ;
#1170 = ADVANCED_FACE ( 'NONE', ( #1310 ), #202, .T. ) ;
#1171 = EDGE_CURVE ( 'NONE', #873, #2475, #2033, .T. ) ;
#1172 = ORIENTED_EDGE ( 'NONE', *, *, #2895, .F. ) ;
#1173 = CARTESIAN_POINT ( 'NONE',  ( 0.000000000000000000, 0.000000000000000000, 15.95250000000002899 ) ) ;
#1174 = CARTESIAN_POINT ( 'NONE',  ( 19.43488890323524032, 0.7665463579600639843, 12.45250000000003077 ) ) ;
#1175 = VERTEX_POINT ( 'NONE', #368 ) ;
#1176 = CARTESIAN_POINT ( 'NONE',  ( 2.081899558550500280E-15, -17.00000000000000000, 20.20249999999999346 ) ) ;
#1177 = EDGE_CURVE ( 'NONE', #3046, #1118, #1325, .T. ) ;
#1178 =( NAMED_UNIT ( * ) PLANE_ANGLE_UNIT ( ) SI_UNIT ( $, .RADIAN. ) );
#1179 = FACE_BOUND ( 'NONE', #1862, .T. ) ;
#1180 = PRODUCT_DEFINITION ( 'UNKNOWN', '', #153, #1319 ) ;
#1181 = ORIENTED_EDGE ( 'NONE', *, *, #3019, .F. ) ;
#1182 = DIRECTION ( 'NONE',  ( 0.000000000000000000, 0.000000000000000000, 1.000000000000000000 ) ) ;
#1183 = DIRECTION ( 'NONE',  ( -1.000000000000000000, 0.000000000000000000, 0.000000000000000000 ) ) ;
#1184 = FACE_OUTER_BOUND ( 'NONE', #1461, .T. ) ;
#1185 = VERTEX_POINT ( 'NONE', #1644 ) ;
#1186 = ORIENTED_EDGE ( 'NONE', *, *, #2511, .F. ) ;
#1187 = AXIS2_PLACEMENT_3D ( 'NONE', #1025, #2647, #556 ) ;
#1188 = CARTESIAN_POINT ( 'NONE',  ( -14.31114621895970984, -5.618165048990459098, 15.84914264413677465 ) ) ;
#1189 = FACE_OUTER_BOUND ( 'NONE', #1775, .T. ) ;
#1190 = ORIENTED_EDGE ( 'NONE', *, *, #2895, .T. ) ;
#1191 = CARTESIAN_POINT ( 'NONE',  ( -10.22329863424443275, -0.7450838335280934865, 9.184083575049454495 ) ) ;
#1192 = FACE_OUTER_BOUND ( 'NONE', #712, .T. ) ;
#1193 = CARTESIAN_POINT ( 'NONE',  ( -9.971829268292697890, 0.7500806916735197616, -9.452499999999982805 ) ) ;
#1194 = LINE ( 'NONE', #998, #1496 ) ;
#1195 = CARTESIAN_POINT ( 'NONE',  ( -10.24041604484238555, 15.10617023697716199, 13.45249999999999702 ) ) ;
#1196 = VECTOR ( 'NONE', #2356, 1000.000000000000000 ) ;
#1197 = CARTESIAN_POINT ( 'NONE',  ( 0.000000000000000000, 0.000000000000000000, -20.95249999999998636 ) ) ;
#1198 = ORIENTED_EDGE ( 'NONE', *, *, #2176, .F. ) ;
#1199 = AXIS2_PLACEMENT_3D ( 'NONE', #916, #2318, #2530 ) ;
#1200 = CARTESIAN_POINT ( 'NONE',  ( -18.24707183168256819, 2.237901128550785046, 13.34129956559982233 ) ) ;
#1201 = CARTESIAN_POINT ( 'NONE',  ( -15.22200702576914821, -5.592777386423605890, 15.14675904854232158 ) ) ;
#1202 = VERTEX_POINT ( 'NONE', #2341 ) ;
#1203 = CARTESIAN_POINT ( 'NONE',  ( 8.837619326370834472, -13.03683184835017705, 15.95250000000002899 ) ) ;
#1204 = EDGE_CURVE ( 'NONE', #2280, #974, #2126, .T. ) ;
#1205 = EDGE_CURVE ( 'NONE', #1658, #2454, #806, .T. ) ;
#1206 = DIRECTION ( 'NONE',  ( -0.000000000000000000, -0.000000000000000000, 1.000000000000000000 ) ) ;
#1207 = DIRECTION ( 'NONE',  ( 0.7071067811865500152, 0.000000000000000000, 0.7071067811865450192 ) ) ;
#1208 = ORIENTED_EDGE ( 'NONE', *, *, #498, .F. ) ;
#1209 = DIRECTION ( 'NONE',  ( -1.000000000000000000, 0.000000000000000000, 0.000000000000000000 ) ) ;
#1210 = CARTESIAN_POINT ( 'NONE',  ( -7.664856584532321548, 15.27331133382781836, 14.42168215466380765 ) ) ;
#1211 = ORIENTED_EDGE ( 'NONE', *, *, #2835, .T. ) ;
#1212 = CARTESIAN_POINT ( 'NONE',  ( -10.75000000000000178, 1.316495309083405012E-15, 9.452500000000016556 ) ) ;
#1213 = ORIENTED_EDGE ( 'NONE', *, *, #1441, .T. ) ;
#1214 = AXIS2_PLACEMENT_3D ( 'NONE', #59, #126, #2451 ) ;
#1215 = DIRECTION ( 'NONE',  ( 1.000000000000000000, 0.000000000000000000, 0.000000000000000000 ) ) ;
#1216 = CIRCLE ( 'NONE', #430, 2.500000000000000444 ) ;
#1217 = CARTESIAN_POINT ( 'NONE',  ( -14.77098748578164233, -5.553232242679150055, 15.51064136251419079 ) ) ;
#1218 = ORIENTED_EDGE ( 'NONE', *, *, #1131, .F. ) ;
#1219 = LINE ( 'NONE', #761, #373 ) ;
#1220 = ORIENTED_EDGE ( 'NONE', *, *, #849, .F. ) ;
#1221 = LINE ( 'NONE', #2189, #2179 ) ;
#1222 = CARTESIAN_POINT ( 'NONE',  ( 2.552700000000594827, -17.24387643888739063, 14.13436705476112998 ) ) ;
#1223 = ORIENTED_EDGE ( 'NONE', *, *, #2148, .T. ) ;
#1224 = DIRECTION ( 'NONE',  ( 0.000000000000000000, 0.000000000000000000, -1.000000000000000000 ) ) ;
#1225 = DIRECTION ( 'NONE',  ( -0.000000000000000000, -0.000000000000000000, 1.000000000000000000 ) ) ;
#1226 = ORIENTED_EDGE ( 'NONE', *, *, #2220, .F. ) ;
#1227 = DIRECTION ( 'NONE',  ( -1.000000000000000000, 0.000000000000000000, 0.000000000000000000 ) ) ;
#1228 = ORIENTED_EDGE ( 'NONE', *, *, #2429, .T. ) ;
#1229 = ADVANCED_FACE ( 'NONE', ( #1189 ), #1630, .F. ) ;
#1230 = DIRECTION ( 'NONE',  ( 0.000000000000000000, 0.000000000000000000, 1.000000000000000000 ) ) ;
#1231 = ORIENTED_EDGE ( 'NONE', *, *, #224, .F. ) ;
#1232 = CARTESIAN_POINT ( 'NONE',  ( -10.24560975609756142, -0.2999678745440545469, 9.422500000000013642 ) ) ;
#1233 =( GEOMETRIC_REPRESENTATION_CONTEXT ( 3 ) GLOBAL_UNCERTAINTY_ASSIGNED_CONTEXT ( ( #2743 ) ) GLOBAL_UNIT_ASSIGNED_CONTEXT ( ( #2376, #1178, #686 ) ) REPRESENTATION_CONTEXT ( 'NONE', 'WORKASPACE' ) );
#1234 = VERTEX_POINT ( 'NONE', #2113 ) ;
#1235 = CARTESIAN_POINT ( 'NONE',  ( 24.22625728283411206, 0.000000000000000000, 20.95250000000001123 ) ) ;
#1236 = CARTESIAN_POINT ( 'NONE',  ( 2.046288173166695756, -18.53183441148448551, 13.12394147909865438 ) ) ;
#1237 = AXIS2_PLACEMENT_3D ( 'NONE', #1253, #1757, #1500 ) ;
#1238 = EDGE_CURVE ( 'NONE', #2578, #545, #611, .T. ) ;
#1239 = CARTESIAN_POINT ( 'NONE',  ( 0.000000000000000000, 0.000000000000000000, -9.202500000000000568 ) ) ;
#1240 = CYLINDRICAL_SURFACE ( 'NONE', #340, 10.75000000000000178 ) ;
#1241 = ORIENTED_EDGE ( 'NONE', *, *, #1612, .F. ) ;
#1242 = ADVANCED_FACE ( 'NONE', ( #1168 ), #1305, .F. ) ;
#1243 = DIRECTION ( 'NONE',  ( 0.000000000000000000, 0.000000000000000000, 1.000000000000000000 ) ) ;
#1244 = ORIENTED_EDGE ( 'NONE', *, *, #1685, .F. ) ;
#1245 = EDGE_CURVE ( 'NONE', #2550, #2786, #909, .T. ) ;
#1246 = FACE_OUTER_BOUND ( 'NONE', #2386, .T. ) ;
#1247 = AXIS2_PLACEMENT_3D ( 'NONE', #2748, #680, #2122 ) ;
#1248 = EDGE_LOOP ( 'NONE', ( #1268, #1590, #87, #934 ) ) ;
#1249 = AXIS2_PLACEMENT_3D ( 'NONE', #2630, #1156, #2357 ) ;
#1250 = CARTESIAN_POINT ( 'NONE',  ( 0.000000000000000000, 0.000000000000000000, 15.95250000000002899 ) ) ;
#1251 = ORIENTED_EDGE ( 'NONE', *, *, #1394, .F. ) ;
#1252 = AXIS2_PLACEMENT_3D ( 'NONE', #74, #1677, #2660 ) ;
#1253 = CARTESIAN_POINT ( 'NONE',  ( 0.000000000000000000, 0.000000000000000000, 9.422500000000013642 ) ) ;
#1254 = DIRECTION ( 'NONE',  ( -0.000000000000000000, -0.000000000000000000, -1.000000000000000000 ) ) ;
#1255 = AXIS2_PLACEMENT_3D ( 'NONE', #2922, #2424, #16 ) ;
#1256 = CARTESIAN_POINT ( 'NONE',  ( -6.369942034282771282, -16.67253686261407353, 13.78772841098200352 ) ) ;
#1257 = DIRECTION ( 'NONE',  ( -0.000000000000000000, -0.000000000000000000, 1.000000000000000000 ) ) ;
#1258 = ORIENTED_EDGE ( 'NONE', *, *, #2823, .T. ) ;
#1259 = CARTESIAN_POINT ( 'NONE',  ( -8.298188601397621156, -15.97310445516568755, 20.95250000000000057 ) ) ;
#1260 = ADVANCED_FACE ( 'NONE', ( #2519 ), #397, .F. ) ;
#1261 = CARTESIAN_POINT ( 'NONE',  ( 15.10617023697715311, -10.24041604484238910, 13.45249999999999879 ) ) ;
#1262 = VERTEX_POINT ( 'NONE', #2566 ) ;
#1263 = CARTESIAN_POINT ( 'NONE',  ( 10.24041604484239087, 15.10617023697716199, 13.45249999999999346 ) ) ;
#1264 = AXIS2_PLACEMENT_3D ( 'NONE', #1925, #2849, #41 ) ;
#1265 = CIRCLE ( 'NONE', #3008, 1.999999999999999112 ) ;
#1266 = EDGE_LOOP ( 'NONE', ( #1104, #1022, #1003, #590, #324, #837, #227, #1583, #693, #211, #2766, #2870 ) ) ;
#1267 = CARTESIAN_POINT ( 'NONE',  ( 8.909968542053192664, -15.54345196598159262, 13.73149656605079727 ) ) ;
#1268 = ORIENTED_EDGE ( 'NONE', *, *, #1371, .F. ) ;
#1269 = DIRECTION ( 'NONE',  ( -1.224646799147353207E-16, 1.000000000000000000, 0.000000000000000000 ) ) ;
#1270 = LINE ( 'NONE', #782, #1968 ) ;
#1271 = ADVANCED_FACE ( 'NONE', ( #1385 ), #2585, .F. ) ;
#1272 = CARTESIAN_POINT ( 'NONE',  ( 15.10617023697715133, -10.24041604484239087, 36.95250000000000057 ) ) ;
#1273 = CONICAL_SURFACE ( 'NONE', #1674, 7.937500000000003553, 0.7853981633974482790 ) ;
#1274 = EDGE_CURVE ( 'NONE', #288, #2201, #113, .T. ) ;
#1275 = DIRECTION ( 'NONE',  ( -0.000000000000000000, -0.000000000000000000, 1.000000000000000000 ) ) ;
#1276 = VERTEX_POINT ( 'NONE', #1875 ) ;
#1277 = CARTESIAN_POINT ( 'NONE',  ( 8.499999999999998224, 0.000000000000000000, -20.70249999999997925 ) ) ;
#1278 = CIRCLE ( 'NONE', #645, 2.500000000000000444 ) ;
#1279 = CARTESIAN_POINT ( 'NONE',  ( 14.64756801608648296, -6.898011153882578128, 15.16907950204297784 ) ) ;
#1280 = EDGE_LOOP ( 'NONE', ( #139, #1910, #1231, #2613, #1999 ) ) ;
#1281 = DIRECTION ( 'NONE',  ( -1.000000000000000000, 0.000000000000000000, 0.000000000000000000 ) ) ;
#1282 = ORIENTED_EDGE ( 'NONE', *, *, #769, .T. ) ;
#1283 = FACE_BOUND ( 'NONE', #2008, .T. ) ;
#1284 = VERTEX_POINT ( 'NONE', #364 ) ;
#1285 = ADVANCED_FACE ( 'NONE', ( #2503 ), #1640, .T. ) ;
#1286 = CONICAL_SURFACE ( 'NONE', #246, 2.552699999999989089, 0.7853981633974520538 ) ;
#1287 = DIRECTION ( 'NONE',  ( -0.000000000000000000, -0.000000000000000000, -1.000000000000000000 ) ) ;
#1288 = DIRECTION ( 'NONE',  ( -1.000000000000000000, 0.000000000000000000, 0.000000000000000000 ) ) ;
#1289 = MECHANICAL_DESIGN_GEOMETRIC_PRESENTATION_REPRESENTATION (  '', ( #2820 ), #1233 ) ;
#1290 = DIRECTION ( 'NONE',  ( 0.000000000000000000, 0.000000000000000000, -1.000000000000000000 ) ) ;
#1291 = AXIS2_PLACEMENT_3D ( 'NONE', #254, #47, #1439 ) ;
#1292 = CARTESIAN_POINT ( 'NONE',  ( -1.054581470344769345, -19.32944985678017957, 12.52940061353576340 ) ) ;
#1293 = CARTESIAN_POINT ( 'NONE',  ( 16.61786016756913753, 2.532321138618613965, 14.65275903395680324 ) ) ;
#1294 = ORIENTED_EDGE ( 'NONE', *, *, #2808, .F. ) ;
#1295 = CARTESIAN_POINT ( 'NONE',  ( 2.007907718011664233, 15.41394190158337629, 15.70752338715666241 ) ) ;
#1296 = CARTESIAN_POINT ( 'NONE',  ( 8.837619326370839801, 13.03683184835017350, 20.95250000000000057 ) ) ;
#1297 = ORIENTED_EDGE ( 'NONE', *, *, #541, .T. ) ;
#1298 = CARTESIAN_POINT ( 'NONE',  ( -9.220209557108468346, -17.74789383907299012, 12.45250000000002899 ) ) ;
#1299 = ORIENTED_EDGE ( 'NONE', *, *, #596, .T. ) ;
#1300 = CARTESIAN_POINT ( 'NONE',  ( 10.06633870137992304, -15.22417661404505296, 13.45250000000000590 ) ) ;
#1301 = AXIS2_PLACEMENT_3D ( 'NONE', #1624, #210, #2809 ) ;
#1302 = VERTEX_POINT ( 'NONE', #2285 ) ;
#1303 = DIRECTION ( 'NONE',  ( -1.000000000000000000, 0.000000000000000000, 0.000000000000000000 ) ) ;
#1304 = CARTESIAN_POINT ( 'NONE',  ( 0.7665463579600587662, -19.43488890323524032, 12.45250000000003077 ) ) ;
#1305 = PLANE ( 'NONE',  #954 ) ;
#1306 = EDGE_CURVE ( 'NONE', #152, #2523, #1395, .T. ) ;
#1307 = CARTESIAN_POINT ( 'NONE',  ( -13.03683184835017528, 8.837619326370841577, 36.95250000000000057 ) ) ;
#1308 = AXIS2_PLACEMENT_3D ( 'NONE', #975, #510, #536 ) ;
#1309 = CARTESIAN_POINT ( 'NONE',  ( -1.318436986921812881, -19.19093647200557839, 12.63109014527611862 ) ) ;
#1310 = FACE_OUTER_BOUND ( 'NONE', #2785, .T. ) ;
#1311 = VERTEX_POINT ( 'NONE', #383 ) ;
#1312 = CARTESIAN_POINT ( 'NONE',  ( -10.96749345972316725, 7.434822607899282509, 15.95250000000002899 ) ) ;
#1313 = LINE ( 'NONE', #2720, #2364 ) ;
#1314 = ORIENTED_EDGE ( 'NONE', *, *, #541, .F. ) ;
#1315 = DIRECTION ( 'NONE',  ( -1.000000000000000000, 6.938893903907234689E-15, 0.000000000000000000 ) ) ;
#1316 = EDGE_CURVE ( 'NONE', #2676, #2578, #1005, .T. ) ;
#1317 = EDGE_CURVE ( 'NONE', #2846, #1035, #127, .T. ) ;
#1318 = ORIENTED_EDGE ( 'NONE', *, *, #821, .T. ) ;
#1319 = PRODUCT_DEFINITION_CONTEXT ( 'detailed design', #2191, 'design' ) ;
#1320 = ORIENTED_EDGE ( 'NONE', *, *, #1735, .T. ) ;
#1321 = DIRECTION ( 'NONE',  ( -1.000000000000000000, 0.000000000000000000, -0.000000000000000000 ) ) ;
#1322 = FACE_OUTER_BOUND ( 'NONE', #1725, .T. ) ;
#1323 = CARTESIAN_POINT ( 'NONE',  ( 10.25000000000000000, 0.000000000000000000, -9.202500000000000568 ) ) ;
#1324 = CARTESIAN_POINT ( 'NONE',  ( -8.499999999999998224, 1.040949779275249943E-15, -9.452499999999982805 ) ) ;
#1325 = B_SPLINE_CURVE_WITH_KNOTS ( 'NONE', 3,
 ( #96, #189, #1129, #2940, #2087, #436, #1293, #3025, #906, #1763, #2700, #1854, #2790, #671, #2557, #581, #1523, #1174 ),
 .UNSPECIFIED., .F., .F.,
 ( 4, 2, 2, 2, 2, 2, 2, 2, 4 ),
 ( 0.000000000000000000, 0.0007956010273971565391, 0.001591202054794310043, 0.002386803082191463112, 0.003182404109588616616, 0.003978005136985770553, 0.004773606164382923622, 0.005569207191780077559, 0.006364808219177231496 ),
 .UNSPECIFIED. ) ;
#1326 = ADVANCED_FACE ( 'NONE', ( #843, #3058 ), #3045, .T. ) ;
#1327 = FACE_BOUND ( 'NONE', #847, .T. ) ;
#1328 = AXIS2_PLACEMENT_3D ( 'NONE', #2394, #2165, #1227 ) ;
#1329 = EDGE_CURVE ( 'NONE', #2139, #2918, #61, .T. ) ;
#1330 = ORIENTED_EDGE ( 'NONE', *, *, #71, .F. ) ;
#1331 = CARTESIAN_POINT ( 'NONE',  ( 10.96749345972319212, 7.434822607899248759, 20.95250000000000057 ) ) ;
#1332 = CARTESIAN_POINT ( 'NONE',  ( 15.31667145603200275, -9.883679163108903154, 13.47111843018070587 ) ) ;
#1333 = FACE_OUTER_BOUND ( 'NONE', #1641, .T. ) ;
#1334 = ORIENTED_EDGE ( 'NONE', *, *, #1162, .T. ) ;
#1335 = EDGE_CURVE ( 'NONE', #839, #161, #757, .T. ) ;
#1336 = ORIENTED_EDGE ( 'NONE', *, *, #138, .T. ) ;
#1337 = CARTESIAN_POINT ( 'NONE',  ( -2.486796241248029560, 16.32899960152096952, 14.89662167102745371 ) ) ;
#1338 = DIRECTION ( 'NONE',  ( -1.000000000000000000, 0.000000000000000000, 0.000000000000000000 ) ) ;
#1339 = DIRECTION ( 'NONE',  ( -1.000000000000000000, 0.000000000000000000, 0.000000000000000000 ) ) ;
#1340 = CARTESIAN_POINT ( 'NONE',  ( 0.000000000000000000, 0.000000000000000000, 15.95250000000002899 ) ) ;
#1341 = CARTESIAN_POINT ( 'NONE',  ( -10.23503510446541931, 0.5613022829177484185, 9.368170107869458363 ) ) ;
#1342 = ORIENTED_EDGE ( 'NONE', *, *, #1604, .F. ) ;
#1343 = VECTOR ( 'NONE', #1648, 1000.000000000000114 ) ;
#1344 = ORIENTED_EDGE ( 'NONE', *, *, #777, .F. ) ;
#1345 = CIRCLE ( 'NONE', #2533, 3.302699999999998859 ) ;
#1346 = CARTESIAN_POINT ( 'NONE',  ( -9.971829268292697890, 0.7500806916735197616, -9.452499999999982805 ) ) ;
#1347 = CYLINDRICAL_SURFACE ( 'NONE', #2779, 2.552699999999989533 ) ;
#1348 = VERTEX_POINT ( 'NONE', #1538 ) ;
#1349 = ORIENTED_EDGE ( 'NONE', *, *, #2497, .F. ) ;
#1350 = LINE ( 'NONE', #2085, #747 ) ;
#1351 = DIRECTION ( 'NONE',  ( -0.000000000000000000, -0.000000000000000000, 1.000000000000000000 ) ) ;
#1352 = CARTESIAN_POINT ( 'NONE',  ( -15.52624458491146164, 8.574586012576945748, 13.88055580386083321 ) ) ;
#1353 = AXIS2_PLACEMENT_3D ( 'NONE', #443, #1555, #1339 ) ;
#1354 = DIRECTION ( 'NONE',  ( -1.000000000000000000, 0.000000000000000000, 0.000000000000000000 ) ) ;
#1355 = ORIENTED_EDGE ( 'NONE', *, *, #2694, .T. ) ;
#1356 = ORIENTED_EDGE ( 'NONE', *, *, #2575, .T. ) ;
#1357 = B_SPLINE_CURVE_WITH_KNOTS ( 'NONE', 3,
 ( #1574, #1779, #2520, #2715, #595, #3031, #1902, #1668, #951, #1374, #2565, #1427, #897, #1654, #208, #225, #2095, #1134 ),
 .UNSPECIFIED., .F., .F.,
 ( 4, 2, 2, 2, 2, 2, 2, 2, 4 ),
 ( 0.000000000000000000, 0.0007956010273971567560, 0.001591202054794310476, 0.002386803082191463980, 0.003182404109588617483, 0.003978005136985771420, 0.004773606164382925357, 0.005569207191780079294, 0.006364808219177233231 ),
 .UNSPECIFIED. ) ;
#1358 = CARTESIAN_POINT ( 'NONE',  ( -17.00000000000000000, 1.040949779275250140E-15, 12.45250000000002899 ) ) ;
#1359 = VECTOR ( 'NONE', #1747, 1000.000000000000000 ) ;
#1360 = CARTESIAN_POINT ( 'NONE',  ( 15.27331133382784678, 7.664856584532286909, 14.42168215466380055 ) ) ;
#1361 = AXIS2_PLACEMENT_3D ( 'NONE', #560, #2953, #1074 ) ;
#1362 = ORIENTED_EDGE ( 'NONE', *, *, #1205, .F. ) ;
#1363 = ORIENTED_EDGE ( 'NONE', *, *, #72, .F. ) ;
#1364 = DIRECTION ( 'NONE',  ( -1.000000000000000000, 0.000000000000000000, 0.000000000000000000 ) ) ;
#1365 = CARTESIAN_POINT ( 'NONE',  ( 0.000000000000000000, 0.000000000000000000, -9.452499999999982805 ) ) ;
#1366 = CARTESIAN_POINT ( 'NONE',  ( 9.301109253683986111, 15.50130191201035856, 13.59687172175616254 ) ) ;
#1367 = FACE_OUTER_BOUND ( 'NONE', #1569, .T. ) ;
#1368 = CARTESIAN_POINT ( 'NONE',  ( 10.24041604484238022, -15.10617023697715844, 13.45249999999999879 ) ) ;
#1369 = ORIENTED_EDGE ( 'NONE', *, *, #2522, .F. ) ;
#1370 = CIRCLE ( 'NONE', #578, 2.500000000000000444 ) ;
#1371 = EDGE_CURVE ( 'NONE', #2138, #2718, #1072, .T. ) ;
#1372 = ORIENTED_EDGE ( 'NONE', *, *, #2482, .T. ) ;
#1373 = CIRCLE ( 'NONE', #679, 2.552699999999989089 ) ;
#1374 = CARTESIAN_POINT ( 'NONE',  ( -17.64567610790141217, -2.478404334392544595, 13.81186713509269737 ) ) ;
#1375 = ORIENTED_EDGE ( 'NONE', *, *, #1813, .T. ) ;
#1376 = VERTEX_POINT ( 'NONE', #1323 ) ;
#1377 = CARTESIAN_POINT ( 'NONE',  ( 17.00000000000000000, 1.040949779275250140E-15, 20.20249999999999346 ) ) ;
#1378 = DIRECTION ( 'NONE',  ( -0.000000000000000000, -0.000000000000000000, 1.000000000000000000 ) ) ;
#1379 = DIRECTION ( 'NONE',  ( -0.000000000000000000, -0.000000000000000000, -1.000000000000000000 ) ) ;
#1380 = CYLINDRICAL_SURFACE ( 'NONE', #1771, 24.22625728283411206 ) ;
#1381 = EDGE_LOOP ( 'NONE', ( #2184, #2291, #2166, #2524 ) ) ;
#1382 = CARTESIAN_POINT ( 'NONE',  ( 24.22625728283411206, 0.000000000000000000, 0.000000000000000000 ) ) ;
#1383 = AXIS2_PLACEMENT_3D ( 'NONE', #2617, #2868, #1867 ) ;
#1384 = AXIS2_PLACEMENT_3D ( 'NONE', #809, #2009, #2542 ) ;
#1385 = FACE_OUTER_BOUND ( 'NONE', #1877, .T. ) ;
#1386 = ORIENTED_EDGE ( 'NONE', *, *, #2969, .F. ) ;
#1387 = ORIENTED_EDGE ( 'NONE', *, *, #2775, .F. ) ;
#1388 = ADVANCED_FACE ( 'NONE', ( #1791 ), #9, .T. ) ;
#1389 = CARTESIAN_POINT ( 'NONE',  ( -2.552699999999989089, 17.00000000000000000, 14.33534426639588055 ) ) ;
#1390 = CARTESIAN_POINT ( 'NONE',  ( 16.02603342736111713, -2.368437166799416183, 15.16077774623016339 ) ) ;
#1391 = DIRECTION ( 'NONE',  ( 1.000000000000000000, 0.000000000000000000, 0.000000000000000000 ) ) ;
#1392 = DIRECTION ( 'NONE',  ( -0.000000000000000000, -0.000000000000000000, 1.000000000000000000 ) ) ;
#1393 = CARTESIAN_POINT ( 'NONE',  ( -15.14841831499997049, 1.757248574838631061, 15.95250000000002899 ) ) ;
#1394 = EDGE_CURVE ( 'NONE', #2312, #780, #860, .T. ) ;
#1395 = CIRCLE ( 'NONE', #1900, 19.99999999999998224 ) ;
#1396 = EDGE_LOOP ( 'NONE', ( #2598, #1334, #1858, #2338 ) ) ;
#1397 = ADVANCED_FACE ( 'NONE', ( #1476 ), #1651, .F. ) ;
#1398 = DIRECTION ( 'NONE',  ( -0.000000000000000000, -0.000000000000000000, 1.000000000000000000 ) ) ;
#1399 = VECTOR ( 'NONE', #2518, 1000.000000000000000 ) ;
#1400 = CIRCLE ( 'NONE', #1308, 1.999999999999999112 ) ;
#1401 = CARTESIAN_POINT ( 'NONE',  ( -13.03683184835015041, 8.837619326370830919, 20.95250000000000057 ) ) ;
#1402 = ORIENTED_EDGE ( 'NONE', *, *, #2278, .F. ) ;
#1403 = EDGE_CURVE ( 'NONE', #119, #187, #258, .T. ) ;
#1404 = CARTESIAN_POINT ( 'NONE',  ( -2.552699999999989089, 17.00000000000000000, 20.95250000000000057 ) ) ;
#1405 = SHAPE_DEFINITION_REPRESENTATION ( #142, #1609 ) ;
#1406 = CARTESIAN_POINT ( 'NONE',  ( -0.7665463579600566568, 19.43488890323524032, 12.45250000000002899 ) ) ;
#1407 = DIRECTION ( 'NONE',  ( -0.000000000000000000, -0.000000000000000000, 1.000000000000000000 ) ) ;
#1408 = CARTESIAN_POINT ( 'NONE',  ( 0.000000000000000000, 0.000000000000000000, 36.95250000000000057 ) ) ;
#1409 = DIRECTION ( 'NONE',  ( -1.000000000000000000, 0.000000000000000000, 0.000000000000000000 ) ) ;
#1410 = ORIENTED_EDGE ( 'NONE', *, *, #379, .T. ) ;
#1411 = CARTESIAN_POINT ( 'NONE',  ( -14.09337750270187151, 6.571849858779192921, 15.70223204993002497 ) ) ;
#1412 = ADVANCED_FACE ( 'NONE', ( #2382 ), #18, .F. ) ;
#1413 = CIRCLE ( 'NONE', #576, 0.8000000000000003775 ) ;
#1414 = CARTESIAN_POINT ( 'NONE',  ( 0.000000000000000000, 0.000000000000000000, 0.000000000000000000 ) ) ;
#1415 = AXIS2_PLACEMENT_3D ( 'NONE', #557, #1790, #574 ) ;
#1416 = AXIS2_PLACEMENT_3D ( 'NONE', #2975, #1527, #836 ) ;
#1417 = CARTESIAN_POINT ( 'NONE',  ( 0.000000000000000000, 0.000000000000000000, 15.95250000000002899 ) ) ;
#1418 = ORIENTED_EDGE ( 'NONE', *, *, #1274, .T. ) ;
#1419 = EDGE_LOOP ( 'NONE', ( #1488, #1387 ) ) ;
#1420 = DIRECTION ( 'NONE',  ( -1.000000000000000000, 0.000000000000000000, 0.000000000000000000 ) ) ;
#1421 = CARTESIAN_POINT ( 'NONE',  ( 18.44044459396600644, -2.120002562654445644, 13.19318048102246443 ) ) ;
#1422 = ORIENTED_EDGE ( 'NONE', *, *, #1430, .F. ) ;
#1423 = DIRECTION ( 'NONE',  ( 0.000000000000000000, 0.000000000000000000, -1.000000000000000000 ) ) ;
#1424 = CIRCLE ( 'NONE', #1679, 7.937500000000003553 ) ;
#1425 = FACE_OUTER_BOUND ( 'NONE', #2236, .T. ) ;
#1426 = CARTESIAN_POINT ( 'NONE',  ( 2.081899558550500280E-15, -17.00000000000000000, 20.95250000000000057 ) ) ;
#1427 = CARTESIAN_POINT ( 'NONE',  ( -18.24898898745676945, -2.237086804622334224, 13.33980329138587528 ) ) ;
#1428 = CARTESIAN_POINT ( 'NONE',  ( -6.675165102068712386, -17.14681720818474986, 13.32725780673897376 ) ) ;
#1429 = ORIENTED_EDGE ( 'NONE', *, *, #2986, .F. ) ;
#1430 = EDGE_CURVE ( 'NONE', #1185, #2048, #1148, .T. ) ;
#1431 = EDGE_LOOP ( 'NONE', ( #2889, #2652, #1258, #2494, #2123, #1458, #2913 ) ) ;
#1432 = CARTESIAN_POINT ( 'NONE',  ( -2.552700000000590830, 17.24387643888739063, 14.13436705476112998 ) ) ;
#1433 = ORIENTED_EDGE ( 'NONE', *, *, #456, .F. ) ;
#1434 = VECTOR ( 'NONE', #1802, 1000.000000000000000 ) ;
#1435 = LINE ( 'NONE', #25, #3037 ) ;
#1436 = CARTESIAN_POINT ( 'NONE',  ( 0.000000000000000000, 0.000000000000000000, 15.95250000000002899 ) ) ;
#1437 = CYLINDRICAL_SURFACE ( 'NONE', #2907, 1.999999999999998224 ) ;
#1438 = VERTEX_POINT ( 'NONE', #2896 ) ;
#1439 = DIRECTION ( 'NONE',  ( -1.000000000000000000, 0.000000000000000000, 0.000000000000000000 ) ) ;
#1440 = CARTESIAN_POINT ( 'NONE',  ( 0.000000000000000000, 0.000000000000000000, -20.98309159102153387 ) ) ;
#1441 = EDGE_CURVE ( 'NONE', #1821, #910, #1550, .T. ) ;
#1442 = ORIENTED_EDGE ( 'NONE', *, *, #1162, .F. ) ;
#1443 = AXIS2_PLACEMENT_3D ( 'NONE', #955, #2200, #2627 ) ;
#1444 = B_SPLINE_CURVE_WITH_KNOTS ( 'NONE', 3,
 ( #2182, #1720, #323, #756 ),
 .UNSPECIFIED., .F., .F.,
 ( 4, 4 ),
 ( 0.000000000000000000, 0.0003913583237768308832 ),
 .UNSPECIFIED. ) ;
#1445 = CARTESIAN_POINT ( 'NONE',  ( -6.616361822886815069, -17.05544390611625261, 13.41597056915491848 ) ) ;
#1446 = VERTEX_POINT ( 'NONE', #1460 ) ;
#1447 = CARTESIAN_POINT ( 'NONE',  ( 22.25000000000000000, 0.000000000000000000, 12.45250000000002899 ) ) ;
#1448 = DIRECTION ( 'NONE',  ( -0.000000000000000000, -0.000000000000000000, -1.000000000000000000 ) ) ;
#1449 = ADVANCED_FACE ( 'NONE', ( #2844 ), #2640, .F. ) ;
#1450 = EDGE_LOOP ( 'NONE', ( #1544, #499, #163, #2489 ) ) ;
#1451 = CYLINDRICAL_SURFACE ( 'NONE', #2850, 2.000000000000000000 ) ;
#1452 = ORIENTED_EDGE ( 'NONE', *, *, #1306, .F. ) ;
#1453 = DIRECTION ( 'NONE',  ( 0.000000000000000000, 0.000000000000000000, -1.000000000000000000 ) ) ;
#1454 = DIRECTION ( 'NONE',  ( -1.000000000000000000, 0.000000000000000000, 0.000000000000000000 ) ) ;
#1455 = CARTESIAN_POINT ( 'NONE',  ( 24.22625728283411206, 0.000000000000000000, 19.45250000000001123 ) ) ;
#1456 = EDGE_CURVE ( 'NONE', #2280, #1672, #1950, .T. ) ;
#1457 = CARTESIAN_POINT ( 'NONE',  ( -9.949999999999999289, 6.735557395310474564E-17, 9.422500000000013642 ) ) ;
#1458 = ORIENTED_EDGE ( 'NONE', *, *, #2275, .T. ) ;
#1459 = EDGE_CURVE ( 'NONE', #1939, #1705, #2576, .T. ) ;
#1460 = CARTESIAN_POINT ( 'NONE',  ( 10.96749345972316725, -7.434822607899284286, 20.95250000000000057 ) ) ;
#1461 = EDGE_LOOP ( 'NONE', ( #2540, #2212, #2772, #2733, #1410, #2066 ) ) ;
#1462 = AXIS2_PLACEMENT_3D ( 'NONE', #2920, #2240, #312 ) ;
#1463 = FACE_OUTER_BOUND ( 'NONE', #1120, .T. ) ;
#1464 = AXIS2_PLACEMENT_3D ( 'NONE', #2442, #336, #2232 ) ;
#1465 = CYLINDRICAL_SURFACE ( 'NONE', #2302, 24.22625728283411206 ) ;
#1466 = ORIENTED_EDGE ( 'NONE', *, *, #515, .F. ) ;
#1467 = CARTESIAN_POINT ( 'NONE',  ( -20.30270000000000152, 1.445413877629646376E-15, 20.95250000000000057 ) ) ;
#1468 = ORIENTED_EDGE ( 'NONE', *, *, #2504, .F. ) ;
#1469 = DIRECTION ( 'NONE',  ( 0.000000000000000000, 0.000000000000000000, -1.000000000000000000 ) ) ;
#1470 = DIRECTION ( 'NONE',  ( -1.000000000000000000, 0.000000000000000000, -0.000000000000000000 ) ) ;
#1471 = EDGE_CURVE ( 'NONE', #604, #2711, #863, .T. ) ;
#1472 = CYLINDRICAL_SURFACE ( 'NONE', #212, 2.552699999999989533 ) ;
#1473 = CARTESIAN_POINT ( 'NONE',  ( -7.377512848499361731, 15.09278588920862774, 14.66169375496635219 ) ) ;
#1474 = VERTEX_POINT ( 'NONE', #2368 ) ;
#1475 = ADVANCED_FACE ( 'NONE', ( #1184 ), #287, .F. ) ;
#1476 = FACE_OUTER_BOUND ( 'NONE', #2794, .T. ) ;
#1477 = ORIENTED_EDGE ( 'NONE', *, *, #666, .T. ) ;
#1478 = CARTESIAN_POINT ( 'NONE',  ( -5.876614307400028103, -15.90596424907347917, 20.95250000000001123 ) ) ;
#1479 = ORIENTED_EDGE ( 'NONE', *, *, #1974, .F. ) ;
#1480 = DIRECTION ( 'NONE',  ( -0.000000000000000000, -0.000000000000000000, 1.000000000000000000 ) ) ;
#1481 = ORIENTED_EDGE ( 'NONE', *, *, #1204, .F. ) ;
#1482 = LINE ( 'NONE', #2696, #2926 ) ;
#1483 = CARTESIAN_POINT ( 'NONE',  ( 6.571849858779180487, 14.09337750270184841, 20.95250000000000057 ) ) ;
#1484 = AXIS2_PLACEMENT_3D ( 'NONE', #1536, #2886, #524 ) ;
#1485 = LINE ( 'NONE', #2921, #29 ) ;
#1486 = EDGE_CURVE ( 'NONE', #1202, #1971, #2826, .T. ) ;
#1487 = CARTESIAN_POINT ( 'NONE',  ( -10.06633870137992481, 15.22417661404505473, 13.45249999999999524 ) ) ;
#1488 = ORIENTED_EDGE ( 'NONE', *, *, #724, .F. ) ;
#1489 = CARTESIAN_POINT ( 'NONE',  ( 6.492596378180475192, 13.90918125478676437, 15.86926216409770696 ) ) ;
#1490 = EDGE_CURVE ( 'NONE', #2929, #1709, #558, .T. ) ;
#1491 = CIRCLE ( 'NONE', #1649, 22.50000000000000000 ) ;
#1492 = DIRECTION ( 'NONE',  ( -1.000000000000000000, 0.000000000000000000, 0.000000000000000000 ) ) ;
#1493 = ORIENTED_EDGE ( 'NONE', *, *, #1430, .T. ) ;
#1494 = CARTESIAN_POINT ( 'NONE',  ( -16.41555000562214772, 2.493295750962268187, 14.82434461459344455 ) ) ;
#1495 = ORIENTED_EDGE ( 'NONE', *, *, #2957, .F. ) ;
#1496 = VECTOR ( 'NONE', #950, 1000.000000000000000 ) ;
#1497 = DIRECTION ( 'NONE',  ( 0.000000000000000000, 0.000000000000000000, 1.000000000000000000 ) ) ;
#1498 = ADVANCED_FACE ( 'NONE', ( #242 ), #2610, .F. ) ;
#1499 = ORIENTED_EDGE ( 'NONE', *, *, #1317, .T. ) ;
#1500 = DIRECTION ( 'NONE',  ( -1.000000000000000000, 0.000000000000000000, 0.000000000000000000 ) ) ;
#1501 = FACE_BOUND ( 'NONE', #1931, .T. ) ;
#1502 = VECTOR ( 'NONE', #659, 1000.000000000000000 ) ;
#1503 = VECTOR ( 'NONE', #1796, 1000.000000000000000 ) ;
#1504 = CARTESIAN_POINT ( 'NONE',  ( -2.552699999999986868, -17.24208948562058552, 14.13583967297115151 ) ) ;
#1505 = CARTESIAN_POINT ( 'NONE',  ( 9.498849842188874959, 15.45647728182639291, 13.54344976146365731 ) ) ;
#1506 = VERTEX_POINT ( 'NONE', #1212 ) ;
#1507 = CARTESIAN_POINT ( 'NONE',  ( 2.420488125655515077, 16.17155275519602853, 15.03446705011407580 ) ) ;
#1508 = CARTESIAN_POINT ( 'NONE',  ( 0.000000000000000000, 0.000000000000000000, 15.95250000000002899 ) ) ;
#1509 = ORIENTED_EDGE ( 'NONE', *, *, #980, .F. ) ;
#1510 = B_SPLINE_CURVE_WITH_KNOTS ( 'NONE', 3,
 ( #1092, #2000, #371, #601, #2989, #1062, #2942, #1985 ),
 .UNSPECIFIED., .F., .F.,
 ( 4, 2, 2, 4 ),
 ( 1.784490065095003574E-16, 0.0008297071094274563029, 0.001244560664141094357, 0.001659414218854732628 ),
 .UNSPECIFIED. ) ;
#1511 = LINE ( 'NONE', #1770, #655 ) ;
#1512 = CIRCLE ( 'NONE', #1915, 2.500000000000000444 ) ;
#1513 = AXIS2_PLACEMENT_3D ( 'NONE', #1994, #2678, #2466 ) ;
#1514 = VERTEX_POINT ( 'NONE', #503 ) ;
#1515 = DIRECTION ( 'NONE',  ( -0.000000000000000000, -0.000000000000000000, 1.000000000000000000 ) ) ;
#1516 = AXIS2_PLACEMENT_3D ( 'NONE', #146, #2732, #1089 ) ;
#1517 = ORIENTED_EDGE ( 'NONE', *, *, #1088, .F. ) ;
#1518 = CARTESIAN_POINT ( 'NONE',  ( 0.000000000000000000, 0.000000000000000000, 15.95250000000002899 ) ) ;
#1519 = DIRECTION ( 'NONE',  ( -1.000000000000000000, -2.081668171172168119E-15, 0.000000000000000000 ) ) ;
#1520 = DIRECTION ( 'NONE',  ( -0.000000000000000000, -0.000000000000000000, 1.000000000000000000 ) ) ;
#1521 = CARTESIAN_POINT ( 'NONE',  ( -0.9127305459294207113, -19.38886751937236497, 12.48602028816065790 ) ) ;
#1522 = AXIS2_PLACEMENT_3D ( 'NONE', #1783, #2719, #1030 ) ;
#1523 = CARTESIAN_POINT ( 'NONE',  ( 19.35703090822531891, 1.013857647237215165, 12.50920890810494690 ) ) ;
#1524 = ORIENTED_EDGE ( 'NONE', *, *, #853, .T. ) ;
#1525 = CARTESIAN_POINT ( 'NONE',  ( 2.469509245272930364, 16.33217273861585994, 14.89598585198412550 ) ) ;
#1526 = CIRCLE ( 'NONE', #2612, 1.999999999999998224 ) ;
#1527 = DIRECTION ( 'NONE',  ( -0.000000000000000000, -0.000000000000000000, 1.000000000000000000 ) ) ;
#1528 = ORIENTED_EDGE ( 'NONE', *, *, #2098, .F. ) ;
#1529 = DIRECTION ( 'NONE',  ( 1.000000000000000000, 0.000000000000000000, 0.000000000000000000 ) ) ;
#1530 = EDGE_CURVE ( 'NONE', #2078, #1035, #2322, .T. ) ;
#1531 = EDGE_CURVE ( 'NONE', #910, #1821, #2960, .T. ) ;
#1532 = ORIENTED_EDGE ( 'NONE', *, *, #736, .T. ) ;
#1533 = CARTESIAN_POINT ( 'NONE',  ( 8.345051370937600410, -15.49489489088233896, 13.99537732212282393 ) ) ;
#1534 = VERTEX_POINT ( 'NONE', #2943 ) ;
#1535 = CIRCLE ( 'NONE', #2379, 2.500000000000000444 ) ;
#1536 = CARTESIAN_POINT ( 'NONE',  ( 2.081899558550500280E-15, -17.00000000000000000, 20.20249999999999346 ) ) ;
#1537 = CARTESIAN_POINT ( 'NONE',  ( -7.558441085910835966, -14.82362479812291767, 20.95250000000000057 ) ) ;
#1538 = CARTESIAN_POINT ( 'NONE',  ( -2.552699999999989089, 17.00000000000000000, 14.33534426639588055 ) ) ;
#1539 = AXIS2_PLACEMENT_3D ( 'NONE', #1426, #63, #284 ) ;
#1540 = CARTESIAN_POINT ( 'NONE',  ( 0.000000000000000000, 0.000000000000000000, 19.45250000000001123 ) ) ;
#1541 = CIRCLE ( 'NONE', #203, 2.552699999999990865 ) ;
#1542 = CARTESIAN_POINT ( 'NONE',  ( -6.123372600011881772, -16.28939728754374983, 14.15914670825037547 ) ) ;
#1543 = CARTESIAN_POINT ( 'NONE',  ( 10.96749345972316902, -7.434822607899284286, 36.95250000000000057 ) ) ;
#1544 = ORIENTED_EDGE ( 'NONE', *, *, #2925, .F. ) ;
#1545 = CARTESIAN_POINT ( 'NONE',  ( 10.24041604484238022, -15.10617023697715844, 20.95250000000000057 ) ) ;
#1546 = DIRECTION ( 'NONE',  ( 0.000000000000000000, 0.000000000000000000, -1.000000000000000000 ) ) ;
#1547 = ORIENTED_EDGE ( 'NONE', *, *, #2823, .F. ) ;
#1548 = DIRECTION ( 'NONE',  ( -1.000000000000000000, 0.000000000000000000, 0.000000000000000000 ) ) ;
#1549 = VERTEX_POINT ( 'NONE', #2912 ) ;
#1550 = CIRCLE ( 'NONE', #2055, 8.249999999999992895 ) ;
#1551 = VERTEX_POINT ( 'NONE', #549 ) ;
#1552 = CARTESIAN_POINT ( 'NONE',  ( -2.220780780640147167, 15.69518974383871424, 15.45142124529157357 ) ) ;
#1553 = LINE ( 'NONE', #2225, #330 ) ;
#1554 = AXIS2_PLACEMENT_3D ( 'NONE', #2891, #2840, #2855 ) ;
#1555 = DIRECTION ( 'NONE',  ( 0.000000000000000000, 0.000000000000000000, -1.000000000000000000 ) ) ;
#1556 = LINE ( 'NONE', #144, #650 ) ;
#1557 = AXIS2_PLACEMENT_3D ( 'NONE', #2024, #1497, #1773 ) ;
#1558 = CARTESIAN_POINT ( 'NONE',  ( -1.441029406154022086, -19.11197031341365715, 12.68930128110570976 ) ) ;
#1559 = ORIENTED_EDGE ( 'NONE', *, *, #1459, .F. ) ;
#1560 = DIRECTION ( 'NONE',  ( 1.000000000000000000, 0.000000000000000000, 0.000000000000000000 ) ) ;
#1561 = B_SPLINE_CURVE_WITH_KNOTS ( 'NONE', 3,
 ( #2032, #1256, #1542, #2470 ),
 .UNSPECIFIED., .F., .F.,
 ( 4, 4 ),
 ( 0.001522636672603965317, 0.003286126120635082543 ),
 .UNSPECIFIED. ) ;
#1562 = EDGE_CURVE ( 'NONE', #974, #2623, #1986, .T. ) ;
#1563 = CARTESIAN_POINT ( 'NONE',  ( 15.09158183719494595, -7.376608255851704321, 14.66291999866977847 ) ) ;
#1564 = CARTESIAN_POINT ( 'NONE',  ( -9.971829268292697890, -0.7500806916735197616, -9.452499999999982805 ) ) ;
#1565 = EDGE_LOOP ( 'NONE', ( #2564, #1958 ) ) ;
#1566 = B_SPLINE_CURVE_WITH_KNOTS ( 'NONE', 3,
 ( #236, #1897, #962, #745, #1927, #3052 ),
 .UNSPECIFIED., .F., .F.,
 ( 4, 2, 4 ),
 ( 0.000000000000000000, 0.0007612923968683310604, 0.001522584793736662121 ),
 .UNSPECIFIED. ) ;
#1567 = EDGE_CURVE ( 'NONE', #2324, #2292, #1918, .T. ) ;
#1568 = UNCERTAINTY_MEASURE_WITH_UNIT (LENGTH_MEASURE( 1.000000000000000082E-05 ), #643, 'distance_accuracy_value', 'NONE');
#1569 = EDGE_LOOP ( 'NONE', ( #1547, #1681, #1829, #514 ) ) ;
#1570 = CARTESIAN_POINT ( 'NONE',  ( -10.24560975609756142, 0.2999678745440545469, 9.422500000000013642 ) ) ;
#1571 = LINE ( 'NONE', #2774, #1399 ) ;
#1572 = VECTOR ( 'NONE', #1254, 1000.000000000000000 ) ;
#1573 = DIRECTION ( 'NONE',  ( 0.000000000000000000, 0.000000000000000000, 1.000000000000000000 ) ) ;
#1574 = CARTESIAN_POINT ( 'NONE',  ( -15.14841831499997049, -1.757248574838628841, 15.95250000000002899 ) ) ;
#1575 = DIRECTION ( 'NONE',  ( 0.000000000000000000, 0.000000000000000000, -1.000000000000000000 ) ) ;
#1576 = AXIS2_PLACEMENT_3D ( 'NONE', #2262, #1801, #1032 ) ;
#1577 = ORIENTED_EDGE ( 'NONE', *, *, #2917, .F. ) ;
#1578 = ORIENTED_EDGE ( 'NONE', *, *, #1136, .F. ) ;
#1579 = CONICAL_SURFACE ( 'NONE', #2463, 2.552699999999989089, 0.7853981633974520538 ) ;
#1580 = CARTESIAN_POINT ( 'NONE',  ( -16.67253686260894341, -6.369942034279558740, 13.78772841098694713 ) ) ;
#1581 = DIRECTION ( 'NONE',  ( 1.000000000000000000, 0.000000000000000000, 0.000000000000000000 ) ) ;
#1582 = ORIENTED_EDGE ( 'NONE', *, *, #1735, .F. ) ;
#1583 = ORIENTED_EDGE ( 'NONE', *, *, #82, .F. ) ;
#1584 = CARTESIAN_POINT ( 'NONE',  ( -3.302699999999998859, 17.00000000000000000, 20.95250000000000057 ) ) ;
#1585 = CARTESIAN_POINT ( 'NONE',  ( 0.000000000000000000, 0.000000000000000000, 15.95250000000002899 ) ) ;
#1586 = EDGE_CURVE ( 'NONE', #2048, #1185, #2458, .T. ) ;
#1587 = DIRECTION ( 'NONE',  ( -0.7071067811865474617, 8.659560562354932858E-17, 0.7071067811865474617 ) ) ;
#1588 = AXIS2_PLACEMENT_3D ( 'NONE', #1414, #2134, #664 ) ;
#1589 = CARTESIAN_POINT ( 'NONE',  ( 0.000000000000000000, 0.000000000000000000, 12.70250000000003610 ) ) ;
#1590 = ORIENTED_EDGE ( 'NONE', *, *, #1078, .T. ) ;
#1591 = CIRCLE ( 'NONE', #252, 2.500000000000000444 ) ;
#1592 = ORIENTED_EDGE ( 'NONE', *, *, #666, .F. ) ;
#1593 = CIRCLE ( 'NONE', #1045, 1.999999999999998224 ) ;
#1594 = DIRECTION ( 'NONE',  ( -0.000000000000000000, -0.000000000000000000, -1.000000000000000000 ) ) ;
#1595 = CARTESIAN_POINT ( 'NONE',  ( 15.09278588920866326, 7.377512848499331533, 14.66169375496633620 ) ) ;
#1596 = ORIENTED_EDGE ( 'NONE', *, *, #2625, .F. ) ;
#1597 = ORIENTED_EDGE ( 'NONE', *, *, #256, .F. ) ;
#1598 = DIRECTION ( 'NONE',  ( -1.000000000000000000, 0.000000000000000000, 0.000000000000000000 ) ) ;
#1599 = DIRECTION ( 'NONE',  ( 1.000000000000000000, 0.000000000000000000, 0.000000000000000000 ) ) ;
#1600 = CIRCLE ( 'NONE', #308, 24.22625728283411206 ) ;
#1601 = CARTESIAN_POINT ( 'NONE',  ( 0.000000000000000000, -4.336808689942017736E-15, 20.95250000000000057 ) ) ;
#1602 = ADVANCED_FACE ( 'NONE', ( #2687 ), #1048, .T. ) ;
#1603 = CARTESIAN_POINT ( 'NONE',  ( 14.44730000000001269, 1.353565367693593831E-15, 15.95250000000002899 ) ) ;
#1604 = EDGE_CURVE ( 'NONE', #49, #2174, #1216, .T. ) ;
#1605 = DIRECTION ( 'NONE',  ( 0.000000000000000000, 0.000000000000000000, 1.000000000000000000 ) ) ;
#1606 = EDGE_LOOP ( 'NONE', ( #3033, #406, #378, #1625 ) ) ;
#1607 = AXIS2_PLACEMENT_3D ( 'NONE', #276, #3048, #8 ) ;
#1608 = ORIENTED_EDGE ( 'NONE', *, *, #2552, .F. ) ;
#1609 = ADVANCED_BREP_SHAPE_REPRESENTATION ( 'Hub Motor Stator', ( #2685, #698 ), #2980 ) ;
#1610 = CARTESIAN_POINT ( 'NONE',  ( 10.96749345972316725, -7.434822607899284286, 15.95250000000002899 ) ) ;
#1611 = AXIS2_PLACEMENT_3D ( 'NONE', #2284, #1084, #877 ) ;
#1612 = EDGE_CURVE ( 'NONE', #1960, #2718, #1313, .T. ) ;
#1613 = ORIENTED_EDGE ( 'NONE', *, *, #498, .T. ) ;
#1614 = ORIENTED_EDGE ( 'NONE', *, *, #2041, .F. ) ;
#1615 = DIRECTION ( 'NONE',  ( -1.000000000000000000, 0.000000000000000000, 0.000000000000000000 ) ) ;
#1616 = LINE ( 'NONE', #2972, #2204 ) ;
#1617 = FACE_OUTER_BOUND ( 'NONE', #900, .T. ) ;
#1618 = DIRECTION ( 'NONE',  ( -0.8409133892554028211, -0.5411697254752813047, 0.000000000000000000 ) ) ;
#1619 = AXIS2_PLACEMENT_3D ( 'NONE', #2420, #13, #2145 ) ;
#1620 = B_SPLINE_CURVE_WITH_KNOTS ( 'NONE', 3,
 ( #1261, #2457, #1332, #788, #2493, #2704, #2018, #620, #355, #1018, #1563, #1279, #2510, #2248 ),
 .UNSPECIFIED., .F., .F.,
 ( 4, 2, 2, 2, 2, 2, 4 ),
 ( 0.000000000000000000, 0.0006188307688841052654, 0.001237661537768210531, 0.001856492306652315905, 0.002475323075536421061, 0.003712984613304633110, 0.004950646151072844725 ),
 .UNSPECIFIED. ) ;
#1621 = ORIENTED_EDGE ( 'NONE', *, *, #2812, .F. ) ;
#1622 = AXIS2_PLACEMENT_3D ( 'NONE', #2738, #584, #321 ) ;
#1623 = FACE_OUTER_BOUND ( 'NONE', #2393, .T. ) ;
#1624 = CARTESIAN_POINT ( 'NONE',  ( 0.000000000000000000, 0.000000000000000000, 36.95250000000000057 ) ) ;
#1625 = ORIENTED_EDGE ( 'NONE', *, *, #911, .F. ) ;
#1626 = ORIENTED_EDGE ( 'NONE', *, *, #379, .F. ) ;
#1627 = EDGE_CURVE ( 'NONE', #1506, #874, #1768, .T. ) ;
#1628 = APPLICATION_PROTOCOL_DEFINITION ( 'draft international standard', 'automotive_design', 1998, #871 ) ;
#1629 = CARTESIAN_POINT ( 'NONE',  ( 0.000000000000000000, 0.000000000000000000, 15.95250000000002899 ) ) ;
#1630 = CYLINDRICAL_SURFACE ( 'NONE', #366, 19.99999999999998224 ) ;
#1631 = CARTESIAN_POINT ( 'NONE',  ( 2.552699999999990865, -17.00000000000000000, 20.95250000000000057 ) ) ;
#1632 = DIRECTION ( 'NONE',  ( -1.000000000000000000, 0.000000000000000000, 0.000000000000000000 ) ) ;
#1633 = CARTESIAN_POINT ( 'NONE',  ( -24.22625728283411206, 2.966860843674305148E-15, 20.95250000000001123 ) ) ;
#1634 = ORIENTED_EDGE ( 'NONE', *, *, #2552, .T. ) ;
#1635 = DIRECTION ( 'NONE',  ( -1.000000000000000000, 0.000000000000000000, 0.000000000000000000 ) ) ;
#1636 = AXIS2_PLACEMENT_3D ( 'NONE', #1518, #1469, #2465 ) ;
#1637 = ADVANCED_FACE ( 'NONE', ( #2927 ), #1063, .F. ) ;
#1638 = EDGE_CURVE ( 'NONE', #2233, #1149, #1620, .T. ) ;
#1639 = AXIS2_PLACEMENT_3D ( 'NONE', #876, #1823, #1303 ) ;
#1640 = CYLINDRICAL_SURFACE ( 'NONE', #1301, 13.25000000000002842 ) ;
#1641 = EDGE_LOOP ( 'NONE', ( #1375, #279, #2249, #2408, #1127, #1798 ) ) ;
#1642 = ORIENTED_EDGE ( 'NONE', *, *, #2626, .T. ) ;
#1643 = CARTESIAN_POINT ( 'NONE',  ( -2.376978573895884850, 17.96351062468871262, 13.56099931136343173 ) ) ;
#1644 = CARTESIAN_POINT ( 'NONE',  ( 22.50000000000000000, 0.000000000000000000, 12.70250000000003610 ) ) ;
#1645 = EDGE_CURVE ( 'NONE', #293, #2472, #86, .T. ) ;
#1646 = CYLINDRICAL_SURFACE ( 'NONE', #1021, 2.000000000000000000 ) ;
#1647 = EDGE_CURVE ( 'NONE', #2096, #511, #831, .T. ) ;
#1649 = AXIS2_PLACEMENT_3D ( 'NONE', #551, #2430, #70 ) ;
#1648 = DIRECTION ( 'NONE',  ( 0.7071067811865500152, 0.000000000000000000, 0.7071067811865451302 ) ) ;
#1650 = CARTESIAN_POINT ( 'NONE',  ( 0.000000000000000000, 0.000000000000000000, 19.45250000000001123 ) ) ;
#1651 = CONICAL_SURFACE ( 'NONE', #313, 15.24999999999996625, 0.8760580505981923061 ) ;
#1652 = EDGE_LOOP ( 'NONE', ( #1748, #2399, #1754, #2682, #1987 ) ) ;
#1653 = CARTESIAN_POINT ( 'NONE',  ( -17.74789383907295104, -9.220209557108539400, 20.95250000000001123 ) ) ;
#1654 = CARTESIAN_POINT ( 'NONE',  ( -18.79572434837729844, -1.828856812034011625, 12.92435123613725523 ) ) ;
#1655 = CARTESIAN_POINT ( 'NONE',  ( 17.00000000000000000, 1.040949779275250140E-15, 20.95250000000000057 ) ) ;
#1656 = ORIENTED_EDGE ( 'NONE', *, *, #72, .T. ) ;
#1657 = VECTOR ( 'NONE', #1407, 1000.000000000000000 ) ;
#1658 = VERTEX_POINT ( 'NONE', #2668 ) ;
#1659 = APPLICATION_PROTOCOL_DEFINITION ( 'draft international standard', 'automotive_design', 1998, #2191 ) ;
#1660 = CARTESIAN_POINT ( 'NONE',  ( -9.971829268292697890, -0.7500806916735197616, -9.452499999999982805 ) ) ;
#1661 = CARTESIAN_POINT ( 'NONE',  ( 15.47379782539895920, -2.057275202303974204, 15.65273372456635315 ) ) ;
#1662 = ORIENTED_EDGE ( 'NONE', *, *, #496, .F. ) ;
#1663 = CARTESIAN_POINT ( 'NONE',  ( 1.757248574838629063, 15.14841831499997049, 15.95250000000002899 ) ) ;
#1664 = CARTESIAN_POINT ( 'NONE',  ( -7.937500000000003553, 9.720633968232120134E-16, 20.70249999999996859 ) ) ;
#1665 = DIRECTION ( 'NONE',  ( -1.000000000000000000, 0.000000000000000000, 0.000000000000000000 ) ) ;
#1666 = CARTESIAN_POINT ( 'NONE',  ( 0.000000000000000000, 0.000000000000000000, -9.452499999999982805 ) ) ;
#1667 = CIRCLE ( 'NONE', #2071, 10.25000000000000000 ) ;
#1668 = CARTESIAN_POINT ( 'NONE',  ( -17.02871636794416688, -2.560831226542868766, 14.31067943260471509 ) ) ;
#1669 = AXIS2_PLACEMENT_3D ( 'NONE', #363, #1962, #2697 ) ;
#1670 = EDGE_CURVE ( 'NONE', #1506, #974, #2559, .T. ) ;
#1671 = DIRECTION ( 'NONE',  ( 1.000000000000000000, 0.000000000000000000, 0.000000000000000000 ) ) ;
#1672 = VERTEX_POINT ( 'NONE', #1079 ) ;
#1673 = EDGE_LOOP ( 'NONE', ( #1787, #2709 ) ) ;
#1674 = AXIS2_PLACEMENT_3D ( 'NONE', #191, #480, #1391 ) ;
#1675 = DIRECTION ( 'NONE',  ( -0.000000000000000000, -0.000000000000000000, 1.000000000000000000 ) ) ;
#1676 = ORIENTED_EDGE ( 'NONE', *, *, #1047, .T. ) ;
#1677 = DIRECTION ( 'NONE',  ( 0.000000000000000000, 0.000000000000000000, 1.000000000000000000 ) ) ;
#1678 = EDGE_CURVE ( 'NONE', #2446, #1446, #2654, .T. ) ;
#1679 = AXIS2_PLACEMENT_3D ( 'NONE', #2147, #64, #966 ) ;
#1680 = CARTESIAN_POINT ( 'NONE',  ( 10.25000000000000000, 0.000000000000000000, -9.202500000000000568 ) ) ;
#1681 = ORIENTED_EDGE ( 'NONE', *, *, #2574, .T. ) ;
#1682 = DIRECTION ( 'NONE',  ( 0.000000000000000000, 0.000000000000000000, -1.000000000000000000 ) ) ;
#1683 = CARTESIAN_POINT ( 'NONE',  ( -9.883037534569607985, 15.31689727598998552, 13.47124341284075122 ) ) ;
#1684 = AXIS2_PLACEMENT_3D ( 'NONE', #1307, #2303, #1759 ) ;
#1685 = EDGE_CURVE ( 'NONE', #1024, #2443, #580, .T. ) ;
#1686 = CIRCLE ( 'NONE', #695, 2.500000000000000444 ) ;
#1687 = DIRECTION ( 'NONE',  ( -1.000000000000000000, 0.000000000000000000, 0.000000000000000000 ) ) ;
#1688 = VERTEX_POINT ( 'NONE', #1818 ) ;
#1689 = CARTESIAN_POINT ( 'NONE',  ( 2.486796241248032668, -16.32899960152096952, 14.89662167102745371 ) ) ;
#1690 = VECTOR ( 'NONE', #294, 1000.000000000000114 ) ;
#1691 = CARTESIAN_POINT ( 'NONE',  ( -15.90596424906878070, -5.876614307397091785, 14.53013648778938816 ) ) ;
#1692 = ORIENTED_EDGE ( 'NONE', *, *, #1245, .T. ) ;
#1693 = CARTESIAN_POINT ( 'NONE',  ( -3.302699999999996638, -17.00000000000000000, 20.95250000000000057 ) ) ;
#1694 = EDGE_CURVE ( 'NONE', #1960, #2027, #60, .T. ) ;
#1695 = CARTESIAN_POINT ( 'NONE',  ( -10.25000000000000000, 0.000000000000000000, 9.422500000000013642 ) ) ;
#1696 = CARTESIAN_POINT ( 'NONE',  ( 0.000000000000000000, 0.000000000000000000, -9.202500000000000568 ) ) ;
#1697 = EDGE_CURVE ( 'NONE', #233, #1920, #1973, .T. ) ;
#1698 = CARTESIAN_POINT ( 'NONE',  ( 3.302699999999998859, 17.00000000000000000, 20.95250000000000057 ) ) ;
#1699 = DIRECTION ( 'NONE',  ( -0.000000000000000000, -0.000000000000000000, -1.000000000000000000 ) ) ;
#1700 = CONICAL_SURFACE ( 'NONE', #2100, 2.552699999999989533, 0.7853981633974517207 ) ;
#1701 = ORIENTED_EDGE ( 'NONE', *, *, #1996, .F. ) ;
#1702 = AXIS2_PLACEMENT_3D ( 'NONE', #2485, #2730, #2256 ) ;
#1703 = AXIS2_PLACEMENT_3D ( 'NONE', #2099, #2997, #2073 ) ;
#1704 = DIRECTION ( 'NONE',  ( -1.000000000000000000, 0.000000000000000000, 0.000000000000000000 ) ) ;
#1705 = VERTEX_POINT ( 'NONE', #2081 ) ;
#1706 = CIRCLE ( 'NONE', #1252, 2.552699999999989533 ) ;
#1707 = CARTESIAN_POINT ( 'NONE',  ( 0.000000000000000000, 0.000000000000000000, -20.70249999999997925 ) ) ;
#1708 = CARTESIAN_POINT ( 'NONE',  ( 7.937500000000003553, 0.000000000000000000, 20.70249999999996859 ) ) ;
#1709 = VERTEX_POINT ( 'NONE', #883 ) ;
#1710 = CARTESIAN_POINT ( 'NONE',  ( 22.50000000000000000, 0.000000000000000000, 19.45250000000001123 ) ) ;
#1711 = VERTEX_POINT ( 'NONE', #3018 ) ;
#1712 = DIRECTION ( 'NONE',  ( -0.000000000000000000, -0.000000000000000000, 1.000000000000000000 ) ) ;
#1713 = CARTESIAN_POINT ( 'NONE',  ( -22.50000000000000000, 2.755455298081544778E-15, 12.70250000000003610 ) ) ;
#1714 = CYLINDRICAL_SURFACE ( 'NONE', #1291, 2.500000000000000444 ) ;
#1715 = DIRECTION ( 'NONE',  ( -1.000000000000000000, 1.734723475976807094E-15, 0.000000000000000000 ) ) ;
#1716 = ORIENTED_EDGE ( 'NONE', *, *, #637, .T. ) ;
#1717 = EDGE_CURVE ( 'NONE', #974, #1506, #2026, .T. ) ;
#1718 = DIRECTION ( 'NONE',  ( 0.000000000000000000, 0.000000000000000000, -1.000000000000000000 ) ) ;
#1719 = ORIENTED_EDGE ( 'NONE', *, *, #577, .F. ) ;
#1720 = CARTESIAN_POINT ( 'NONE',  ( 14.00245306621457075, -6.529451097731741704, 15.78583539619185849 ) ) ;
#1721 = AXIS2_PLACEMENT_3D ( 'NONE', #2525, #2293, #2991 ) ;
#1722 = ORIENTED_EDGE ( 'NONE', *, *, #1627, .F. ) ;
#1723 = CARTESIAN_POINT ( 'NONE',  ( -10.24174544086552707, -0.4319562279707740426, 9.422500000000015419 ) ) ;
#1724 = EDGE_CURVE ( 'NONE', #439, #2065, #2876, .T. ) ;
#1725 = EDGE_LOOP ( 'NONE', ( #3047, #97, #186, #662, #555, #530, #2084, #1626, #2961, #1386, #895 ) ) ;
#1726 = CARTESIAN_POINT ( 'NONE',  ( 6.571849858779191145, 14.09337750270186973, 15.95250000000002899 ) ) ;
#1727 = FACE_OUTER_BOUND ( 'NONE', #2205, .T. ) ;
#1728 = ADVANCED_FACE ( 'NONE', ( #870 ), #403, .F. ) ;
#1729 = EDGE_CURVE ( 'NONE', #874, #2623, #135, .T. ) ;
#1730 = DIRECTION ( 'NONE',  ( -1.000000000000000000, 0.000000000000000000, 0.000000000000000000 ) ) ;
#1731 = DIRECTION ( 'NONE',  ( -0.000000000000000000, -0.000000000000000000, 1.000000000000000000 ) ) ;
#1732 = ORIENTED_EDGE ( 'NONE', *, *, #1490, .T. ) ;
#1733 = EDGE_CURVE ( 'NONE', #742, #488, #185, .T. ) ;
#1734 = DIRECTION ( 'NONE',  ( -0.000000000000000000, -0.000000000000000000, 1.000000000000000000 ) ) ;
#1735 = EDGE_CURVE ( 'NONE', #124, #2806, #526, .T. ) ;
#1736 = EDGE_LOOP ( 'NONE', ( #1722, #2110, #523, #393 ) ) ;
#1737 = CYLINDRICAL_SURFACE ( 'NONE', #2491, 8.499999999999998224 ) ;
#1738 = ORIENTED_EDGE ( 'NONE', *, *, #302, .F. ) ;
#1739 = DIRECTION ( 'NONE',  ( -0.7071067811865502373, 8.659560562354966138E-17, 0.7071067811865449082 ) ) ;
#1740 = CIRCLE ( 'NONE', #2978, 2.500000000000000444 ) ;
#1741 = VERTEX_POINT ( 'NONE', #149 ) ;
#1742 = CARTESIAN_POINT ( 'NONE',  ( 13.03683184835020192, 8.837619326370800721, 15.95250000000002899 ) ) ;
#1743 = LINE ( 'NONE', #1026, #1572 ) ;
#1744 = CIRCLE ( 'NONE', #253, 0.8000000000000003775 ) ;
#1745 = EDGE_CURVE ( 'NONE', #1711, #960, #1095, .T. ) ;
#1746 = DIRECTION ( 'NONE',  ( -1.000000000000000000, 0.000000000000000000, 0.000000000000000000 ) ) ;
#1747 = DIRECTION ( 'NONE',  ( -0.000000000000000000, -0.000000000000000000, -1.000000000000000000 ) ) ;
#1748 = ORIENTED_EDGE ( 'NONE', *, *, #168, .F. ) ;
#1749 = DIRECTION ( 'NONE',  ( -0.000000000000000000, -0.000000000000000000, 1.000000000000000000 ) ) ;
#1750 = DIRECTION ( 'NONE',  ( -0.000000000000000000, -0.000000000000000000, 1.000000000000000000 ) ) ;
#1751 = ORIENTED_EDGE ( 'NONE', *, *, #1471, .F. ) ;
#1752 = CARTESIAN_POINT ( 'NONE',  ( -19.34716685878279563, 1.011603953910018561, 12.51646729609637809 ) ) ;
#1753 = AXIS2_PLACEMENT_3D ( 'NONE', #626, #2044, #913 ) ;
#1754 = ORIENTED_EDGE ( 'NONE', *, *, #1945, .T. ) ;
#1755 = CARTESIAN_POINT ( 'NONE',  ( 0.000000000000000000, 0.000000000000000000, 13.45249999999999879 ) ) ;
#1756 = ORIENTED_EDGE ( 'NONE', *, *, #37, .T. ) ;
#1757 = DIRECTION ( 'NONE',  ( -0.000000000000000000, -0.000000000000000000, 1.000000000000000000 ) ) ;
#1758 = DIRECTION ( 'NONE',  ( 0.000000000000000000, 0.000000000000000000, -1.000000000000000000 ) ) ;
#1759 = DIRECTION ( 'NONE',  ( -1.000000000000000000, 0.000000000000000000, 0.000000000000000000 ) ) ;
#1760 = CIRCLE ( 'NONE', #1108, 2.500000000000000444 ) ;
#1761 = CIRCLE ( 'NONE', #2152, 18.25000000000000355 ) ;
#1762 = DIRECTION ( 'NONE',  ( 0.000000000000000000, 0.000000000000000000, -1.000000000000000000 ) ) ;
#1763 = CARTESIAN_POINT ( 'NONE',  ( 17.64567610790141217, 2.478404334392546815, 13.81186713509269737 ) ) ;
#1764 = ORIENTED_EDGE ( 'NONE', *, *, #1441, .F. ) ;
#1765 = CARTESIAN_POINT ( 'NONE',  ( 6.529451097731741704, 14.00245306621457786, 15.78583539619185139 ) ) ;
#1766 = EDGE_CURVE ( 'NONE', #2005, #2233, #2939, .T. ) ;
#1767 = ADVANCED_FACE ( 'NONE', ( #813, #1327 ), #597, .T. ) ;
#1768 = LINE ( 'NONE', #390, #2120 ) ;
#1769 = EDGE_LOOP ( 'NONE', ( #229, #2369, #2721, #2964, #2238, #2701, #1169, #1110, #1924, #939 ) ) ;
#1770 = CARTESIAN_POINT ( 'NONE',  ( -22.50000000000000000, 2.755455298081544778E-15, 0.000000000000000000 ) ) ;
#1771 = AXIS2_PLACEMENT_3D ( 'NONE', #205, #2105, #266 ) ;
#1772 = EDGE_LOOP ( 'NONE', ( #2541, #799, #1429, #681 ) ) ;
#1773 = DIRECTION ( 'NONE',  ( 1.000000000000000000, 0.000000000000000000, 0.000000000000000000 ) ) ;
#1774 = CIRCLE ( 'NONE', #2515, 19.44999999999995310 ) ;
#1775 = EDGE_LOOP ( 'NONE', ( #1905, #1318, #2187, #407 ) ) ;
#1776 = CARTESIAN_POINT ( 'NONE',  ( -15.10617023697715489, 10.24041604484239087, 13.45249999999999702 ) ) ;
#1777 = CARTESIAN_POINT ( 'NONE',  ( 2.376978573895886626, -17.96351062468871618, 13.56099931136342995 ) ) ;
#1778 = DIRECTION ( 'NONE',  ( -0.000000000000000000, -0.000000000000000000, 1.000000000000000000 ) ) ;
#1779 = CARTESIAN_POINT ( 'NONE',  ( -15.30482205017390207, -1.922048419129436470, 15.80720691267997680 ) ) ;
#1780 = CARTESIAN_POINT ( 'NONE',  ( -1.783368587073853373, -18.84897323647558665, 12.88449399383867799 ) ) ;
#1781 = CARTESIAN_POINT ( 'NONE',  ( 9.883679163108903154, 15.31667145603201341, 13.47111843018070942 ) ) ;
#1782 = VERTEX_POINT ( 'NONE', #2242 ) ;
#1783 = CARTESIAN_POINT ( 'NONE',  ( 17.00000000000000000, 1.040949779275250140E-15, 20.95250000000000057 ) ) ;
#1784 = DIRECTION ( 'NONE',  ( -1.000000000000000000, 0.000000000000000000, 0.000000000000000000 ) ) ;
#1785 = ORIENTED_EDGE ( 'NONE', *, *, #2504, .T. ) ;
#1786 = CARTESIAN_POINT ( 'NONE',  ( 0.000000000000000000, 0.000000000000000000, -20.95249999999998991 ) ) ;
#1787 = ORIENTED_EDGE ( 'NONE', *, *, #2149, .T. ) ;
#1788 = EDGE_LOOP ( 'NONE', ( #634, #3061 ) ) ;
#1789 = FACE_OUTER_BOUND ( 'NONE', #642, .T. ) ;
#1790 = DIRECTION ( 'NONE',  ( 0.000000000000000000, 0.000000000000000000, -1.000000000000000000 ) ) ;
#1791 = FACE_OUTER_BOUND ( 'NONE', #2350, .T. ) ;
#1792 = AXIS2_PLACEMENT_3D ( 'NONE', #108, #591, #573 ) ;
#1793 = CARTESIAN_POINT ( 'NONE',  ( 0.000000000000000000, 17.00000000000000000, 20.95250000000000057 ) ) ;
#1794 = EDGE_CURVE ( 'NONE', #1276, #2885, #1774, .T. ) ;
#1795 = VECTOR ( 'NONE', #826, 1000.000000000000000 ) ;
#1796 = DIRECTION ( 'NONE',  ( -0.000000000000000000, -0.000000000000000000, -1.000000000000000000 ) ) ;
#1797 = CARTESIAN_POINT ( 'NONE',  ( 14.09337750270186973, -6.571849858779194697, 15.70223204993002852 ) ) ;
#1798 = ORIENTED_EDGE ( 'NONE', *, *, #858, .T. ) ;
#1799 = LINE ( 'NONE', #2924, #2136 ) ;
#1800 = EDGE_CURVE ( 'NONE', #293, #1971, #2911, .T. ) ;
#1801 = DIRECTION ( 'NONE',  ( 0.7071067811865473507, 0.7071067811865477948, -0.000000000000000000 ) ) ;
#1802 = DIRECTION ( 'NONE',  ( -0.000000000000000000, -0.000000000000000000, -1.000000000000000000 ) ) ;
#1803 = EDGE_LOOP ( 'NONE', ( #1218, #333, #106, #2827, #2229, #2244 ) ) ;
#1804 = AXIS2_PLACEMENT_3D ( 'NONE', #593, #1573, #2337 ) ;
#1805 = ORIENTED_EDGE ( 'NONE', *, *, #2343, .F. ) ;
#1806 = CARTESIAN_POINT ( 'NONE',  ( 14.09337750270193368, 6.571849858779168940, 20.95250000000000057 ) ) ;
#1807 = DIRECTION ( 'NONE',  ( -1.000000000000000000, 0.000000000000000000, 0.000000000000000000 ) ) ;
#1808 = EDGE_CURVE ( 'NONE', #1920, #880, #861, .T. ) ;
#1809 = CIRCLE ( 'NONE', #559, 2.552699999999989089 ) ;
#1810 = CARTESIAN_POINT ( 'NONE',  ( -10.25000000000000000, 0.000000000000000000, 9.422500000000013642 ) ) ;
#1811 = DIRECTION ( 'NONE',  ( -0.000000000000000000, -0.000000000000000000, 1.000000000000000000 ) ) ;
#1812 = AXIS2_PLACEMENT_3D ( 'NONE', #1755, #1515, #343 ) ;
#1813 = EDGE_CURVE ( 'NONE', #1276, #124, #2853, .T. ) ;
#1814 = DIRECTION ( 'NONE',  ( -0.000000000000000000, -0.000000000000000000, -1.000000000000000000 ) ) ;
#1815 = VERTEX_POINT ( 'NONE', #845 ) ;
#1816 = CIRCLE ( 'NONE', #173, 18.25000000000000355 ) ;
#1817 = CARTESIAN_POINT ( 'NONE',  ( 6.571849858779180487, 14.09337750270184841, 15.70223204993004984 ) ) ;
#1818 = CARTESIAN_POINT ( 'NONE',  ( -13.81353231424713002, 6.461333067041916678, 15.95250000000002899 ) ) ;
#1819 = CARTESIAN_POINT ( 'NONE',  ( -19.55269999999999087, 1.353565367693593634E-15, 12.45250000000002899 ) ) ;
#1820 = ORIENTED_EDGE ( 'NONE', *, *, #1114, .T. ) ;
#1821 = VERTEX_POINT ( 'NONE', #2908 ) ;
#1822 = AXIS2_PLACEMENT_3D ( 'NONE', #465, #2546, #424 ) ;
#1823 = DIRECTION ( 'NONE',  ( -0.000000000000000000, -0.000000000000000000, -1.000000000000000000 ) ) ;
#1824 = CARTESIAN_POINT ( 'NONE',  ( 14.09337750270191236, 6.571849858779159170, 15.70223204993000721 ) ) ;
#1825 = AXIS2_PLACEMENT_3D ( 'NONE', #731, #1928, #1665 ) ;
#1826 = EDGE_CURVE ( 'NONE', #588, #956, #1373, .T. ) ;
#1827 = CARTESIAN_POINT ( 'NONE',  ( -14.82418286043812294, 7.075336906464478659, 14.97250099053874095 ) ) ;
#1828 = CARTESIAN_POINT ( 'NONE',  ( -7.672550259291343266, -17.87272985636627709, 12.45250000000002899 ) ) ;
#1829 = ORIENTED_EDGE ( 'NONE', *, *, #2765, .F. ) ;
#1830 = ORIENTED_EDGE ( 'NONE', *, *, #2835, .F. ) ;
#1831 = CIRCLE ( 'NONE', #2761, 2.552699999999989089 ) ;
#1832 = DIRECTION ( 'NONE',  ( -1.000000000000000000, 0.000000000000000000, 0.000000000000000000 ) ) ;
#1833 = CONICAL_SURFACE ( 'NONE', #1031, 15.24999999999996625, 0.8760580505981923061 ) ;
#1834 = DIRECTION ( 'NONE',  ( 0.000000000000000000, 0.000000000000000000, -1.000000000000000000 ) ) ;
#1835 = EDGE_CURVE ( 'NONE', #1033, #2324, #1485, .T. ) ;
#1836 = EDGE_CURVE ( 'NONE', #1474, #2395, #2437, .T. ) ;
#1837 = ORIENTED_EDGE ( 'NONE', *, *, #1394, .T. ) ;
#1838 = ORIENTED_EDGE ( 'NONE', *, *, #2693, .F. ) ;
#1839 = CARTESIAN_POINT ( 'NONE',  ( -2.552699999999989089, 17.00000000000000000, 14.33534426639588055 ) ) ;
#1840 = FACE_OUTER_BOUND ( 'NONE', #2661, .T. ) ;
#1841 = LINE ( 'NONE', #2330, #238 ) ;
#1842 = AXIS2_PLACEMENT_3D ( 'NONE', #2824, #690, #1164 ) ;
#1843 = DIRECTION ( 'NONE',  ( -0.000000000000000000, -0.000000000000000000, 1.000000000000000000 ) ) ;
#1844 = VERTEX_POINT ( 'NONE', #1042 ) ;
#1845 = AXIS2_PLACEMENT_3D ( 'NONE', #1666, #2365, #2405 ) ;
#1846 = ORIENTED_EDGE ( 'NONE', *, *, #858, .F. ) ;
#1847 = CARTESIAN_POINT ( 'NONE',  ( 2.552699999999989089, 17.00000000000000000, 14.33534426639588055 ) ) ;
#1848 = AXIS2_PLACEMENT_3D ( 'NONE', #2962, #357, #872 ) ;
#1849 = CARTESIAN_POINT ( 'NONE',  ( -10.21878048780487802, 0.7993906066863057935, -9.202500000000000568 ) ) ;
#1850 = ORIENTED_EDGE ( 'NONE', *, *, #2878, .T. ) ;
#1851 = ORIENTED_EDGE ( 'NONE', *, *, #339, .T. ) ;
#1852 = FACE_OUTER_BOUND ( 'NONE', #2507, .T. ) ;
#1853 = CARTESIAN_POINT ( 'NONE',  ( 0.000000000000000000, 17.00000000000000000, 20.95250000000000057 ) ) ;
#1854 = CARTESIAN_POINT ( 'NONE',  ( 18.24898898745676945, 2.237086804622335112, 13.33980329138587528 ) ) ;
#1855 = AXIS2_PLACEMENT_3D ( 'NONE', #2596, #984, #531 ) ;
#1856 = DIRECTION ( 'NONE',  ( 0.000000000000000000, 0.000000000000000000, -1.000000000000000000 ) ) ;
#1857 = FACE_OUTER_BOUND ( 'NONE', #1248, .T. ) ;
#1858 = ORIENTED_EDGE ( 'NONE', *, *, #1678, .F. ) ;
#1859 = CARTESIAN_POINT ( 'NONE',  ( 8.249999999999992895, 0.000000000000000000, -20.95249999999998636 ) ) ;
#1860 = EDGE_CURVE ( 'NONE', #1705, #187, #1561, .T. ) ;
#1861 = CARTESIAN_POINT ( 'NONE',  ( -2.552699999999986868, -17.00000000000000000, 20.20249999999999346 ) ) ;
#1862 = EDGE_LOOP ( 'NONE', ( #1954, #527, #2782, #1850, #3010, #137, #1069 ) ) ;
#1863 = CARTESIAN_POINT ( 'NONE',  ( 17.00000000000000000, 1.040949779275250140E-15, 15.95250000000002899 ) ) ;
#1864 = CARTESIAN_POINT ( 'NONE',  ( -2.289492511475971881, -15.85837324674039372, 15.30855480446098760 ) ) ;
#1865 = DIRECTION ( 'NONE',  ( 1.000000000000000000, 0.000000000000000000, 0.000000000000000000 ) ) ;
#1866 = DIRECTION ( 'NONE',  ( -1.000000000000000000, 0.000000000000000000, 0.000000000000000000 ) ) ;
#1867 = DIRECTION ( 'NONE',  ( -1.000000000000000000, 0.000000000000000000, 0.000000000000000000 ) ) ;
#1868 = CARTESIAN_POINT ( 'NONE',  ( -15.90596424906878070, -5.876614307397091785, 14.53013648778938816 ) ) ;
#1869 = EDGE_CURVE ( 'NONE', #1514, #2359, #416, .T. ) ;
#1870 = ADVANCED_FACE ( 'NONE', ( #2210 ), #2716, .F. ) ;
#1871 = VERTEX_POINT ( 'NONE', #2680 ) ;
#1872 = AXIS2_PLACEMENT_3D ( 'NONE', #651, #2276, #2309 ) ;
#1873 = DIRECTION ( 'NONE',  ( -0.000000000000000000, -0.000000000000000000, 1.000000000000000000 ) ) ;
#1874 = ADVANCED_FACE ( 'NONE', ( #129 ), #2448, .F. ) ;
#1875 = CARTESIAN_POINT ( 'NONE',  ( -19.43488890323524032, -0.7665463579600616528, 12.45250000000003077 ) ) ;
#1876 = EDGE_CURVE ( 'NONE', #978, #1551, #830, .T. ) ;
#1877 = EDGE_LOOP ( 'NONE', ( #570, #2439, #2567, #1851, #2674, #1846 ) ) ;
#1878 = VERTEX_POINT ( 'NONE', #2047 ) ;
#1879 = FACE_OUTER_BOUND ( 'NONE', #3064, .T. ) ;
#1880 = CARTESIAN_POINT ( 'NONE',  ( 18.24707183168257174, -2.237901128550782381, 13.34129956559982411 ) ) ;
#1881 = CARTESIAN_POINT ( 'NONE',  ( 7.937500000000005329, 0.000000000000000000, -20.95249999999998991 ) ) ;
#1882 = DIRECTION ( 'NONE',  ( -1.000000000000000000, 0.000000000000000000, 0.000000000000000000 ) ) ;
#1883 = DIRECTION ( 'NONE',  ( 0.000000000000000000, 0.000000000000000000, -1.000000000000000000 ) ) ;
#1884 = ADVANCED_FACE ( 'NONE', ( #1857 ), #2290, .F. ) ;
#1885 = ORIENTED_EDGE ( 'NONE', *, *, #2791, .F. ) ;
#1886 = CARTESIAN_POINT ( 'NONE',  ( 1.757248574838631061, -15.14841831499997049, 15.95250000000002899 ) ) ;
#1887 = AXIS2_PLACEMENT_3D ( 'NONE', #1239, #1914, #267 ) ;
#1888 = VECTOR ( 'NONE', #1287, 1000.000000000000000 ) ;
#1889 = AXIS2_PLACEMENT_3D ( 'NONE', #587, #2038, #1548 ) ;
#1890 = DIRECTION ( 'NONE',  ( 0.000000000000000000, 0.000000000000000000, -1.000000000000000000 ) ) ;
#1891 = ORIENTED_EDGE ( 'NONE', *, *, #2401, .T. ) ;
#1892 = EDGE_LOOP ( 'NONE', ( #1090, #2771 ) ) ;
#1893 = CARTESIAN_POINT ( 'NONE',  ( 0.000000000000000000, 0.000000000000000000, -9.452499999999982805 ) ) ;
#1894 = CARTESIAN_POINT ( 'NONE',  ( 17.23367700787754586, -2.550536606843378351, 14.14310832043681643 ) ) ;
#1895 = VERTEX_POINT ( 'NONE', #1633 ) ;
#1896 = CARTESIAN_POINT ( 'NONE',  ( 17.00000000000000000, 1.040949779275250140E-15, 12.45250000000002899 ) ) ;
#1897 = CARTESIAN_POINT ( 'NONE',  ( -15.25082721355884274, 10.02702501613414299, 13.45249999999999702 ) ) ;
#1898 = FACE_BOUND ( 'NONE', #1769, .T. ) ;
#1899 = VERTEX_POINT ( 'NONE', #2089 ) ;
#1900 = AXIS2_PLACEMENT_3D ( 'NONE', #143, #2999, #1153 ) ;
#1901 = CARTESIAN_POINT ( 'NONE',  ( -17.00000000000000000, 1.040949779275250140E-15, 20.20249999999999346 ) ) ;
#1902 = CARTESIAN_POINT ( 'NONE',  ( -16.61786016756913753, -2.532321138618612189, 14.65275903395680146 ) ) ;
#1903 = AXIS2_PLACEMENT_3D ( 'NONE', #3062, #1675, #2614 ) ;
#1904 = CARTESIAN_POINT ( 'NONE',  ( -7.672550259291343266, -17.87272985636627709, 12.45250000000002899 ) ) ;
#1905 = ORIENTED_EDGE ( 'NONE', *, *, #1306, .T. ) ;
#1906 = EDGE_CURVE ( 'NONE', #124, #2078, #2534, .T. ) ;
#1907 = VECTOR ( 'NONE', #2805, 1000.000000000000000 ) ;
#1908 = ORIENTED_EDGE ( 'NONE', *, *, #752, .F. ) ;
#1909 = CARTESIAN_POINT ( 'NONE',  ( 15.14841831499997049, -1.757248574838628841, 15.95250000000002899 ) ) ;
#1910 = ORIENTED_EDGE ( 'NONE', *, *, #1836, .T. ) ;
#1911 = DIRECTION ( 'NONE',  ( -1.000000000000000000, 0.000000000000000000, 0.000000000000000000 ) ) ;
#1912 = DIRECTION ( 'NONE',  ( 0.000000000000000000, 0.000000000000000000, -1.000000000000000000 ) ) ;
#1913 = DIRECTION ( 'NONE',  ( 1.000000000000000000, 0.000000000000000000, 0.000000000000000000 ) ) ;
#1914 = DIRECTION ( 'NONE',  ( -0.000000000000000000, -0.000000000000000000, 1.000000000000000000 ) ) ;
#1915 = AXIS2_PLACEMENT_3D ( 'NONE', #1203, #729, #2433 ) ;
#1916 = CARTESIAN_POINT ( 'NONE',  ( -8.169010782914529756, 15.45235784697220183, 14.09552739774883712 ) ) ;
#1917 = CIRCLE ( 'NONE', #2319, 2.552699999999989533 ) ;
#1918 = CIRCLE ( 'NONE', #1622, 2.500000000000000444 ) ;
#1919 = CARTESIAN_POINT ( 'NONE',  ( 17.00000000000000000, 1.040949779275250140E-15, 20.95250000000000057 ) ) ;
#1920 = VERTEX_POINT ( 'NONE', #160 ) ;
#1921 = EDGE_CURVE ( 'NONE', #1871, #2786, #3001, .T. ) ;
#1922 = CARTESIAN_POINT ( 'NONE',  ( -15.83596847304328037, 2.281820531948694164, 15.32809517366346874 ) ) ;
#1923 = CARTESIAN_POINT ( 'NONE',  ( -15.77922425121831118, -5.795050794767301561, 14.65276348949104523 ) ) ;
#1924 = ORIENTED_EDGE ( 'NONE', *, *, #1371, .T. ) ;
#1925 = CARTESIAN_POINT ( 'NONE',  ( 0.000000000000000000, 0.000000000000000000, 36.95250000000000057 ) ) ;
#1926 = AXIS2_PLACEMENT_3D ( 'NONE', #2608, #912, #240 ) ;
#1927 = CARTESIAN_POINT ( 'NONE',  ( -15.53683184835016462, 9.074536752454433142, 13.66782679963926483 ) ) ;
#1928 = DIRECTION ( 'NONE',  ( -0.000000000000000000, -0.000000000000000000, -1.000000000000000000 ) ) ;
#1929 = CARTESIAN_POINT ( 'NONE',  ( 17.00000000000000000, 1.040949779275250140E-15, 15.95250000000002899 ) ) ;
#1930 = CARTESIAN_POINT ( 'NONE',  ( -6.571849858779189368, 14.09337750270187328, 15.70223204993002497 ) ) ;
#1931 = EDGE_LOOP ( 'NONE', ( #1656, #2069 ) ) ;
#1932 = EDGE_CURVE ( 'NONE', #2631, #3002, #17, .T. ) ;
#1933 = VECTOR ( 'NONE', #2345, 1000.000000000000000 ) ;
#1934 = DIRECTION ( 'NONE',  ( -1.000000000000000000, 0.000000000000000000, 0.000000000000000000 ) ) ;
#1935 = ORIENTED_EDGE ( 'NONE', *, *, #1724, .F. ) ;
#1936 = FACE_OUTER_BOUND ( 'NONE', #2478, .T. ) ;
#1937 = CIRCLE ( 'NONE', #1093, 19.44999999999995310 ) ;
#1938 = CARTESIAN_POINT ( 'NONE',  ( -10.21878048780487802, -0.7993906066863057935, -9.202500000000000568 ) ) ;
#1939 = VERTEX_POINT ( 'NONE', #1828 ) ;
#1940 = CARTESIAN_POINT ( 'NONE',  ( -14.09337750270187151, 6.571849858779192921, 15.70223204993002497 ) ) ;
#1941 = VERTEX_POINT ( 'NONE', #2763 ) ;
#1942 = CARTESIAN_POINT ( 'NONE',  ( -2.552699999999989089, 17.00000000000000000, 20.20249999999999346 ) ) ;
#1943 = FACE_OUTER_BOUND ( 'NONE', #380, .T. ) ;
#1944 = ORIENTED_EDGE ( 'NONE', *, *, #1204, .T. ) ;
#1945 = EDGE_CURVE ( 'NONE', #1741, #819, #647, .T. ) ;
#1946 = CARTESIAN_POINT ( 'NONE',  ( -14.00245306621457075, 6.529451097731739040, 15.78583539619185494 ) ) ;
#1947 = DIRECTION ( 'NONE',  ( -1.000000000000000000, 0.000000000000000000, 0.000000000000000000 ) ) ;
#1948 = VECTOR ( 'NONE', #534, 1000.000000000000000 ) ;
#1949 = EDGE_LOOP ( 'NONE', ( #1076, #1992, #1133, #2821, #2499 ) ) ;
#1950 = CIRCLE ( 'NONE', #614, 10.75000000000000178 ) ;
#1951 = AXIS2_PLACEMENT_3D ( 'NONE', #1100, #1351, #1141 ) ;
#1952 = ADVANCED_FACE ( 'NONE', ( #2987 ), #566, .T. ) ;
#1953 = DIRECTION ( 'NONE',  ( -1.000000000000000000, 0.000000000000000000, 0.000000000000000000 ) ) ;
#1954 = ORIENTED_EDGE ( 'NONE', *, *, #2277, .T. ) ;
#1955 = AXIS2_PLACEMENT_3D ( 'NONE', #2616, #56, #743 ) ;
#1956 = CARTESIAN_POINT ( 'NONE',  ( 2.552699999999990865, -17.00000000000000000, 14.33534426639588055 ) ) ;
#1957 = EDGE_CURVE ( 'NONE', #19, #2324, #2307, .T. ) ;
#1958 = ORIENTED_EDGE ( 'NONE', *, *, #1136, .T. ) ;
#1959 = CARTESIAN_POINT ( 'NONE',  ( 0.000000000000000000, 0.000000000000000000, 0.000000000000000000 ) ) ;
#1960 = VERTEX_POINT ( 'NONE', #1868 ) ;
#1961 = CARTESIAN_POINT ( 'NONE',  ( -8.499999999999998224, 1.040949779275249943E-15, -20.70249999999997925 ) ) ;
#1962 = DIRECTION ( 'NONE',  ( 0.000000000000000000, 0.000000000000000000, -1.000000000000000000 ) ) ;
#1963 = EDGE_CURVE ( 'NONE', #1302, #2973, #3069, .T. ) ;
#1964 = DIRECTION ( 'NONE',  ( -1.000000000000000000, 0.000000000000000000, 0.000000000000000000 ) ) ;
#1965 = PRODUCT_RELATED_PRODUCT_CATEGORY ( 'part', '', ( #2060 ) ) ;
#1966 = CARTESIAN_POINT ( 'NONE',  ( 14.09337750270186973, -6.571849858779194697, 20.95250000000000057 ) ) ;
#1967 = VERTEX_POINT ( 'NONE', #1393 ) ;
#1968 = VECTOR ( 'NONE', #77, 1000.000000000000114 ) ;
#1969 = B_SPLINE_CURVE_WITH_KNOTS ( 'NONE', 3,
 ( #908, #2793, #399, #674, #221, #2560 ),
 .UNSPECIFIED., .F., .F.,
 ( 4, 2, 4 ),
 ( 0.000000000000000000, 0.0007371664227648218846, 0.001474332845529643769 ),
 .UNSPECIFIED. ) ;
#1970 = DIRECTION ( 'NONE',  ( -1.000000000000000000, 0.000000000000000000, 0.000000000000000000 ) ) ;
#1971 = VERTEX_POINT ( 'NONE', #3014 ) ;
#1972 = DIRECTION ( 'NONE',  ( -1.000000000000000000, 0.000000000000000000, 0.000000000000000000 ) ) ;
#1973 = CIRCLE ( 'NONE', #1721, 2.552699999999989089 ) ;
#1974 = EDGE_CURVE ( 'NONE', #3055, #73, #1761, .T. ) ;
#1975 = EDGE_LOOP ( 'NONE', ( #722, #2251, #552, #1000 ) ) ;
#1976 = DIRECTION ( 'NONE',  ( -1.000000000000000000, 0.000000000000000000, 0.000000000000000000 ) ) ;
#1977 = AXIS2_PLACEMENT_3D ( 'NONE', #220, #1379, #1130 ) ;
#1978 = ORIENTED_EDGE ( 'NONE', *, *, #2906, .F. ) ;
#1979 = LINE ( 'NONE', #345, #848 ) ;
#1980 = CARTESIAN_POINT ( 'NONE',  ( -5.593481594239972488, -14.38077826617233868, 15.80293330515990213 ) ) ;
#1981 = VECTOR ( 'NONE', #3056, 1000.000000000000000 ) ;
#1982 = DIRECTION ( 'NONE',  ( 0.000000000000000000, 0.000000000000000000, -1.000000000000000000 ) ) ;
#1983 = DIRECTION ( 'NONE',  ( -1.000000000000000000, -8.326672684688672475E-15, 0.000000000000000000 ) ) ;
#1984 = ORIENTED_EDGE ( 'NONE', *, *, #2148, .F. ) ;
#1985 = CARTESIAN_POINT ( 'NONE',  ( -17.87272985636624512, -7.672550259291417873, 12.45250000000002899 ) ) ;
#1986 = LINE ( 'NONE', #118, #2705 ) ;
#1987 = ORIENTED_EDGE ( 'NONE', *, *, #594, .F. ) ;
#1988 = AXIS2_PLACEMENT_3D ( 'NONE', #48, #2622, #2651 ) ;
#1989 = DIRECTION ( 'NONE',  ( -0.000000000000000000, -0.000000000000000000, 1.000000000000000000 ) ) ;
#1990 = ORIENTED_EDGE ( 'NONE', *, *, #2745, .F. ) ;
#1991 = CARTESIAN_POINT ( 'NONE',  ( 9.883037534569602656, -15.31689727598998907, 13.47124341284076365 ) ) ;
#1992 = ORIENTED_EDGE ( 'NONE', *, *, #481, .F. ) ;
#1993 = DIRECTION ( 'NONE',  ( 0.000000000000000000, 0.000000000000000000, -1.000000000000000000 ) ) ;
#1994 = CARTESIAN_POINT ( 'NONE',  ( 0.000000000000000000, 0.000000000000000000, 20.70249999999996859 ) ) ;
#1995 = DIRECTION ( 'NONE',  ( -0.000000000000000000, -0.000000000000000000, 1.000000000000000000 ) ) ;
#1996 = EDGE_CURVE ( 'NONE', #3055, #2127, #2780, .T. ) ;
#1997 = CARTESIAN_POINT ( 'NONE',  ( 0.000000000000000000, 0.000000000000000000, 15.95250000000002899 ) ) ;
#1998 = CARTESIAN_POINT ( 'NONE',  ( 7.668775132089396429, 15.27488792735118928, 14.41902009186477684 ) ) ;
#1999 = ORIENTED_EDGE ( 'NONE', *, *, #1078, .F. ) ;
#2000 = CARTESIAN_POINT ( 'NONE',  ( -17.23795791095950136, -6.733818691999036155, 13.23877087097692318 ) ) ;
#2001 = DIRECTION ( 'NONE',  ( -0.000000000000000000, -0.000000000000000000, 1.000000000000000000 ) ) ;
#2002 = VERTEX_POINT ( 'NONE', #1368 ) ;
#2003 = LINE ( 'NONE', #3007, #1434 ) ;
#2004 = ADVANCED_FACE ( 'NONE', ( #2521 ), #2323, .F. ) ;
#2005 = VERTEX_POINT ( 'NONE', #1132 ) ;
#2006 = AXIS2_PLACEMENT_3D ( 'NONE', #1173, #217, #230 ) ;
#2007 = PLANE ( 'NONE',  #2349 ) ;
#2008 = EDGE_LOOP ( 'NONE', ( #1452, #300, #2727, #1099, #572, #2759, #1662, #2706, #825, #2688, #1582, #2955, #1139, #1163, #1081 ) ) ;
#2009 = DIRECTION ( 'NONE',  ( 0.000000000000000000, 0.000000000000000000, -1.000000000000000000 ) ) ;
#2010 = DIRECTION ( 'NONE',  ( -1.000000000000000000, 0.000000000000000000, 0.000000000000000000 ) ) ;
#2011 = DIRECTION ( 'NONE',  ( -1.000000000000000000, 0.000000000000000000, 0.000000000000000000 ) ) ;
#2012 = AXIS2_PLACEMENT_3D ( 'NONE', #1116, #2547, #1618 ) ;
#2013 = CARTESIAN_POINT ( 'NONE',  ( 14.00245306621462937, 6.529451097731710618, 15.78583539619182829 ) ) ;
#2014 = CARTESIAN_POINT ( 'NONE',  ( -13.40941123574977745, -6.144227523537789892, 20.95250000000001123 ) ) ;
#2015 = EDGE_CURVE ( 'NONE', #187, #337, #1969, .T. ) ;
#2016 = EDGE_LOOP ( 'NONE', ( #2553, #1891, #599, #1029, #1613, #2862 ) ) ;
#2017 = DIRECTION ( 'NONE',  ( -1.000000000000000000, 0.000000000000000000, 0.000000000000000000 ) ) ;
#2018 = CARTESIAN_POINT ( 'NONE',  ( 15.54084112779070992, -8.717035601999784333, 13.81248655061260955 ) ) ;
#2019 = ORIENTED_EDGE ( 'NONE', *, *, #1586, .F. ) ;
#2020 = CARTESIAN_POINT ( 'NONE',  ( 1.318436986921814880, 19.19093647200557839, 12.63109014527612572 ) ) ;
#2021 = ADVANCED_FACE ( 'NONE', ( #438 ), #1380, .T. ) ;
#2022 = AXIS2_PLACEMENT_3D ( 'NONE', #701, #1883, #765 ) ;
#2023 = ORIENTED_EDGE ( 'NONE', *, *, #111, .F. ) ;
#2024 = CARTESIAN_POINT ( 'NONE',  ( -14.82362479812286793, -7.558441085910888368, 20.95250000000001123 ) ) ;
#2025 = EDGE_CURVE ( 'NONE', #322, #535, #633, .T. ) ;
#2026 = CIRCLE ( 'NONE', #636, 10.75000000000000178 ) ;
#2027 = VERTEX_POINT ( 'NONE', #3067 ) ;
#2028 = CARTESIAN_POINT ( 'NONE',  ( -17.00000000000000000, 1.040949779275250140E-15, 15.95250000000002899 ) ) ;
#2029 = CARTESIAN_POINT ( 'NONE',  ( -24.22625728283411206, 2.966860843674305148E-15, 19.45250000000001123 ) ) ;
#2030 = CARTESIAN_POINT ( 'NONE',  ( -14.54979015265295317, -5.003848606634613283, 20.95250000000001123 ) ) ;
#2031 = DIRECTION ( 'NONE',  ( -1.000000000000000000, 0.000000000000000000, 0.000000000000000000 ) ) ;
#2032 = CARTESIAN_POINT ( 'NONE',  ( -6.616361822886815069, -17.05544390611625261, 13.41597056915491848 ) ) ;
#2033 = LINE ( 'NONE', #2776, #564 ) ;
#2034 = ORIENTED_EDGE ( 'NONE', *, *, #911, .T. ) ;
#2035 = DIRECTION ( 'NONE',  ( -0.000000000000000000, -0.000000000000000000, -1.000000000000000000 ) ) ;
#2036 = B_SPLINE_CURVE_WITH_KNOTS ( 'NONE', 3,
 ( #115, #349, #1781, #1505, #1366, #2717, #2259, #2228, #2471, #1998, #598, #2320, #2488, #2329 ),
 .UNSPECIFIED., .F., .F.,
 ( 4, 2, 2, 2, 2, 2, 4 ),
 ( 0.000000000000000000, 0.0006188307688841105780, 0.001237661537768221156, 0.001856492306652331734, 0.002475323075536442312, 0.003712984613304663468, 0.004950646151072884624 ),
 .UNSPECIFIED. ) ;
#2037 = DIRECTION ( 'NONE',  ( 0.000000000000000000, 0.000000000000000000, -1.000000000000000000 ) ) ;
#2038 = DIRECTION ( 'NONE',  ( 0.000000000000000000, 0.000000000000000000, -1.000000000000000000 ) ) ;
#2039 = ADVANCED_FACE ( 'NONE', ( #44, #1179, #2130, #949, #1898, #2618, #2648, #2606, #237, #28 ), #495, .F. ) ;
#2040 = EDGE_LOOP ( 'NONE', ( #1676, #2374 ) ) ;
#2041 = EDGE_CURVE ( 'NONE', #1844, #90, #678, .T. ) ;
#2042 = ORIENTED_EDGE ( 'NONE', *, *, #302, .T. ) ;
#2043 = FACE_OUTER_BOUND ( 'NONE', #2641, .T. ) ;
#2044 = DIRECTION ( 'NONE',  ( -0.000000000000000000, -0.000000000000000000, 1.000000000000000000 ) ) ;
#2045 = CONICAL_SURFACE ( 'NONE', #497, 2.552699999999989533, 0.7853981633974517207 ) ;
#2046 = LINE ( 'NONE', #628, #350 ) ;
#2047 = CARTESIAN_POINT ( 'NONE',  ( 10.24041604484238910, 15.10617023697715844, 20.95250000000000057 ) ) ;
#2048 = VERTEX_POINT ( 'NONE', #1713 ) ;
#2049 = CARTESIAN_POINT ( 'NONE',  ( 15.50158582160408827, 9.299535633133798385, 13.59734209750569534 ) ) ;
#2050 = CARTESIAN_POINT ( 'NONE',  ( -16.28939728753883998, -6.123372600008807787, 14.15914670825510946 ) ) ;
#2051 = CARTESIAN_POINT ( 'NONE',  ( 14.09337750270191236, 6.571849858779159170, 15.70223204993000721 ) ) ;
#2052 = AXIS2_PLACEMENT_3D ( 'NONE', #199, #1140, #915 ) ;
#2053 = EDGE_CURVE ( 'NONE', #839, #958, #474, .T. ) ;
#2054 = ORIENTED_EDGE ( 'NONE', *, *, #926, .F. ) ;
#2055 = AXIS2_PLACEMENT_3D ( 'NONE', #1197, #1890, #1704 ) ;
#2056 = ORIENTED_EDGE ( 'NONE', *, *, #2817, .F. ) ;
#2057 = DIRECTION ( 'NONE',  ( -0.7071067811865378028, 8.659560562354814529E-17, 0.7071067811865573427 ) ) ;
#2058 = CARTESIAN_POINT ( 'NONE',  ( 0.000000000000000000, 0.000000000000000000, 9.422500000000013642 ) ) ;
#2059 = ADVANCED_FACE ( 'NONE', ( #2819 ), #525, .F. ) ;
#2060 = PRODUCT ( 'Hub Motor Stator', 'Hub Motor Stator', '', ( #22 ) ) ;
#2061 = AXIS2_PLACEMENT_3D ( 'NONE', #1893, #23, #2600 ) ;
#2062 = DIRECTION ( 'NONE',  ( 0.8409133892554028211, 0.5411697254752814157, -0.000000000000000000 ) ) ;
#2063 = DIRECTION ( 'NONE',  ( -1.000000000000000000, 0.000000000000000000, 0.000000000000000000 ) ) ;
#2064 = DIRECTION ( 'NONE',  ( -1.000000000000000000, 0.000000000000000000, 0.000000000000000000 ) ) ;
#2065 = VERTEX_POINT ( 'NONE', #1193 ) ;
#2066 = ORIENTED_EDGE ( 'NONE', *, *, #214, .T. ) ;
#2067 = CARTESIAN_POINT ( 'NONE',  ( 0.000000000000000000, 0.000000000000000000, 15.95250000000002899 ) ) ;
#2068 = FACE_OUTER_BOUND ( 'NONE', #1736, .T. ) ;
#2069 = ORIENTED_EDGE ( 'NONE', *, *, #2025, .T. ) ;
#2070 = ORIENTED_EDGE ( 'NONE', *, *, #1932, .F. ) ;
#2071 = AXIS2_PLACEMENT_3D ( 'NONE', #309, #2387, #1911 ) ;
#2072 = DIRECTION ( 'NONE',  ( 0.000000000000000000, 0.000000000000000000, 1.000000000000000000 ) ) ;
#2073 = DIRECTION ( 'NONE',  ( -1.000000000000000000, 0.000000000000000000, 0.000000000000000000 ) ) ;
#2074 = AXIS2_PLACEMENT_3D ( 'NONE', #1160, #2363, #2869 ) ;
#2075 = LINE ( 'NONE', #3050, #2316 ) ;
#2076 = CARTESIAN_POINT ( 'NONE',  ( -10.24560975609756142, 0.2999678745440545469, 9.422500000000013642 ) ) ;
#2077 = ORIENTED_EDGE ( 'NONE', *, *, #3030, .F. ) ;
#2078 = VERTEX_POINT ( 'NONE', #2158 ) ;
#2079 = VECTOR ( 'NONE', #2035, 1000.000000000000000 ) ;
#2080 = LINE ( 'NONE', #2121, #1981 ) ;
#2081 = CARTESIAN_POINT ( 'NONE',  ( -6.616361822886815069, -17.05544390611625261, 13.41597056915491848 ) ) ;
#2082 = VECTOR ( 'NONE', #428, 1000.000000000000114 ) ;
#2083 = ORIENTED_EDGE ( 'NONE', *, *, #632, .F. ) ;
#2084 = ORIENTED_EDGE ( 'NONE', *, *, #565, .F. ) ;
#2085 = CARTESIAN_POINT ( 'NONE',  ( -14.09337750270184841, 6.571849858779182263, 20.95250000000000057 ) ) ;
#2086 = CARTESIAN_POINT ( 'NONE',  ( -2.535707734737371766, -16.66139189683443789, 14.61646591043347065 ) ) ;
#2087 = CARTESIAN_POINT ( 'NONE',  ( 16.02449522313145991, 2.367941455311091126, 15.16210664158071708 ) ) ;
#2088 = DIRECTION ( 'NONE',  ( -0.000000000000000000, -0.000000000000000000, 1.000000000000000000 ) ) ;
#2089 = CARTESIAN_POINT ( 'NONE',  ( -15.14841831499997049, -1.757248574838628841, 15.95250000000002899 ) ) ;
#2090 = VECTOR ( 'NONE', #469, 1000.000000000000000 ) ;
#2091 = ADVANCED_FACE ( 'NONE', ( #1943, #963 ), #2173, .T. ) ;
#2092 = ADVANCED_FACE ( 'NONE', ( #1425 ), #2556, .F. ) ;
#2093 = CIRCLE ( 'NONE', #2333, 0.5000000000000004441 ) ;
#2094 = ORIENTED_EDGE ( 'NONE', *, *, #2775, .T. ) ;
#2095 = CARTESIAN_POINT ( 'NONE',  ( -19.35703090822531891, -1.013857647237212722, 12.50920890810494690 ) ) ;
#2096 = VERTEX_POINT ( 'NONE', #468 ) ;
#2097 = CARTESIAN_POINT ( 'NONE',  ( -15.10617023697715489, 10.24041604484239087, 20.95250000000000057 ) ) ;
#2098 = EDGE_CURVE ( 'NONE', #1672, #2280, #1165, .T. ) ;
#2099 = CARTESIAN_POINT ( 'NONE',  ( -13.03683184835017528, 8.837619326370841577, 20.95250000000000057 ) ) ;
#2100 = AXIS2_PLACEMENT_3D ( 'NONE', #289, #1230, #2397 ) ;
#2101 = LINE ( 'NONE', #1543, #1502 ) ;
#2102 = AXIS2_PLACEMENT_3D ( 'NONE', #1401, #2354, #2268 ) ;
#2103 = DIRECTION ( 'NONE',  ( -1.000000000000000000, 0.000000000000000000, 0.000000000000000000 ) ) ;
#2104 = FILL_AREA_STYLE_COLOUR ( '', #1135 ) ;
#2105 = DIRECTION ( 'NONE',  ( -0.000000000000000000, -0.000000000000000000, 1.000000000000000000 ) ) ;
#2106 = CIRCLE ( 'NONE', #1249, 2.500000000000000444 ) ;
#2107 = EDGE_LOOP ( 'NONE', ( #771, #1211, #2313, #1297, #2995 ) ) ;
#2108 = CARTESIAN_POINT ( 'NONE',  ( 8.837619326370834472, -13.03683184835017705, 20.95250000000000057 ) ) ;
#2109 = CARTESIAN_POINT ( 'NONE',  ( -14.44730000000001269, 1.040949779275250140E-15, 20.95250000000000057 ) ) ;
#2110 = ORIENTED_EDGE ( 'NONE', *, *, #1717, .F. ) ;
#2111 = ORIENTED_EDGE ( 'NONE', *, *, #2724, .F. ) ;
#2112 = CYLINDRICAL_SURFACE ( 'NONE', #1105, 2.500000000000000444 ) ;
#2113 = CARTESIAN_POINT ( 'NONE',  ( 14.09337750270191236, 6.571849858779159170, 20.95250000000000057 ) ) ;
#2114 = EDGE_CURVE ( 'NONE', #2266, #1376, #2852, .T. ) ;
#2115 = FACE_OUTER_BOUND ( 'NONE', #3003, .T. ) ;
#2116 = LINE ( 'NONE', #2587, #2426 ) ;
#2117 = DIRECTION ( 'NONE',  ( -0.000000000000000000, -0.000000000000000000, 1.000000000000000000 ) ) ;
#2118 = ORIENTED_EDGE ( 'NONE', *, *, #298, .T. ) ;
#2119 = ADVANCED_FACE ( 'NONE', ( #746 ), #1437, .F. ) ;
#2120 = VECTOR ( 'NONE', #2474, 1000.000000000000227 ) ;
#2121 = CARTESIAN_POINT ( 'NONE',  ( 14.09337750270184308, -6.571849858779180487, 20.95250000000000057 ) ) ;
#2122 = DIRECTION ( 'NONE',  ( -1.000000000000000000, 0.000000000000000000, 0.000000000000000000 ) ) ;
#2123 = ORIENTED_EDGE ( 'NONE', *, *, #1567, .T. ) ;
#2124 = EDGE_LOOP ( 'NONE', ( #3022, #1701, #822, #778 ) ) ;
#2125 = FACE_OUTER_BOUND ( 'NONE', #2536, .T. ) ;
#2126 = LINE ( 'NONE', #929, #1657 ) ;
#2127 = VERTEX_POINT ( 'NONE', #2389 ) ;
#2128 = DIRECTION ( 'NONE',  ( -0.000000000000000000, -0.000000000000000000, 1.000000000000000000 ) ) ;
#2129 = SURFACE_SIDE_STYLE ('',( #2157 ) ) ;
#2130 = FACE_BOUND ( 'NONE', #1431, .T. ) ;
#2131 = B_SPLINE_CURVE_WITH_KNOTS ( 'NONE', 3,
 ( #612, #365, #1352, #2505, #878, #1057, #862, #2532, #1827, #2467, #398, #1073 ),
 .UNSPECIFIED., .F., .F.,
 ( 4, 2, 2, 2, 2, 4 ),
 ( 0.001522584793736662121, 0.001951092463403684106, 0.002379600133070705874, 0.003236615472404752447, 0.004093630811738798586, 0.004950646151072844725 ),
 .UNSPECIFIED. ) ;
#2132 = ORIENTED_EDGE ( 'NONE', *, *, #2197, .F. ) ;
#2133 = CARTESIAN_POINT ( 'NONE',  ( -6.571849858779177822, 14.09337750270185019, 13.45249999999999879 ) ) ;
#2134 = DIRECTION ( 'NONE',  ( -0.000000000000000000, -0.000000000000000000, 1.000000000000000000 ) ) ;
#2135 = EDGE_CURVE ( 'NONE', #1711, #1376, #2800, .T. ) ;
#2136 = VECTOR ( 'NONE', #2509, 999.9999999999998863 ) ;
#2137 = CARTESIAN_POINT ( 'NONE',  ( 0.000000000000000000, 0.000000000000000000, 9.422500000000013642 ) ) ;
#2138 = VERTEX_POINT ( 'NONE', #933 ) ;
#2139 = VERTEX_POINT ( 'NONE', #2404 ) ;
#2140 = CARTESIAN_POINT ( 'NONE',  ( -14.46515386251246227, -5.584832264500761312, 15.73942994339191515 ) ) ;
#2141 = ORIENTED_EDGE ( 'NONE', *, *, #2275, .F. ) ;
#2142 = CARTESIAN_POINT ( 'NONE',  ( 8.837619326370834472, -13.03683184835017705, 20.95250000000000057 ) ) ;
#2144 = AXIS2_PLACEMENT_3D ( 'NONE', #1863, #2811, #682 ) ;
#2143 = DIRECTION ( 'NONE',  ( 1.000000000000000000, 0.000000000000000000, 0.000000000000000000 ) ) ;
#2145 = DIRECTION ( 'NONE',  ( -1.000000000000000000, 0.000000000000000000, 0.000000000000000000 ) ) ;
#2146 = FACE_OUTER_BOUND ( 'NONE', #1450, .T. ) ;
#2147 = CARTESIAN_POINT ( 'NONE',  ( 0.000000000000000000, 0.000000000000000000, 20.70249999999996859 ) ) ;
#2148 = EDGE_CURVE ( 'NONE', #1815, #233, #602, .T. ) ;
#2149 = EDGE_CURVE ( 'NONE', #2711, #604, #2604, .T. ) ;
#2150 = DIRECTION ( 'NONE',  ( 0.000000000000000000, 0.000000000000000000, 1.000000000000000000 ) ) ;
#2151 = ORIENTED_EDGE ( 'NONE', *, *, #724, .T. ) ;
#2152 = AXIS2_PLACEMENT_3D ( 'NONE', #892, #1843, #2346 ) ;
#2153 = CARTESIAN_POINT ( 'NONE',  ( -17.64489241098561578, 2.478700406485605079, 13.81248015449675393 ) ) ;
#2154 = CARTESIAN_POINT ( 'NONE',  ( -15.36596940607227246, -5.627692136017675928, 15.02407911886527003 ) ) ;
#2155 = ORIENTED_EDGE ( 'NONE', *, *, #2791, .T. ) ;
#2156 = DIRECTION ( 'NONE',  ( 0.000000000000000000, 0.000000000000000000, 1.000000000000000000 ) ) ;
#2157 = SURFACE_STYLE_FILL_AREA ( #2818 ) ;
#2158 = CARTESIAN_POINT ( 'NONE',  ( -19.55269999999999087, 1.353565367693593634E-15, 20.20249999999999346 ) ) ;
#2159 = EDGE_CURVE ( 'NONE', #337, #663, #1146, .T. ) ;
#2160 = DIRECTION ( 'NONE',  ( -0.000000000000000000, -0.000000000000000000, 1.000000000000000000 ) ) ;
#2161 = FACE_OUTER_BOUND ( 'NONE', #1050, .T. ) ;
#2162 = AXIS2_PLACEMENT_3D ( 'NONE', #295, #1758, #2010 ) ;
#2163 = VERTEX_POINT ( 'NONE', #2029 ) ;
#2164 = AXIS2_PLACEMENT_3D ( 'NONE', #487, #737, #1687 ) ;
#2165 = DIRECTION ( 'NONE',  ( 0.000000000000000000, 0.000000000000000000, 1.000000000000000000 ) ) ;
#2166 = ORIENTED_EDGE ( 'NONE', *, *, #1733, .F. ) ;
#2167 = DIRECTION ( 'NONE',  ( -0.000000000000000000, -0.000000000000000000, 1.000000000000000000 ) ) ;
#2168 = CARTESIAN_POINT ( 'NONE',  ( -17.74789383907295104, -9.220209557108539400, 12.45250000000002899 ) ) ;
#2169 = ORIENTED_EDGE ( 'NONE', *, *, #2594, .T. ) ;
#2170 = DIRECTION ( 'NONE',  ( 0.000000000000000000, 0.000000000000000000, 1.000000000000000000 ) ) ;
#2171 = EDGE_LOOP ( 'NONE', ( #10, #1067, #36, #616, #122, #1019, #728, #2611 ) ) ;
#2172 = DIRECTION ( 'NONE',  ( 0.000000000000000000, 0.000000000000000000, -1.000000000000000000 ) ) ;
#2173 = PLANE ( 'NONE',  #133 ) ;
#2174 = VERTEX_POINT ( 'NONE', #1483 ) ;
#2175 = CARTESIAN_POINT ( 'NONE',  ( 8.499999999999998224, 0.000000000000000000, -9.452499999999982805 ) ) ;
#2176 = EDGE_CURVE ( 'NONE', #1709, #2929, #970, .T. ) ;
#2177 = DIRECTION ( 'NONE',  ( 0.000000000000000000, 0.000000000000000000, -1.000000000000000000 ) ) ;
#2178 = ORIENTED_EDGE ( 'NONE', *, *, #2707, .T. ) ;
#2179 = VECTOR ( 'NONE', #2919, 1000.000000000000114 ) ;
#2180 = DIRECTION ( 'NONE',  ( 1.000000000000000000, 0.000000000000000000, 0.000000000000000000 ) ) ;
#2181 = ORIENTED_EDGE ( 'NONE', *, *, #1627, .T. ) ;
#2182 = CARTESIAN_POINT ( 'NONE',  ( 14.09337750270186973, -6.571849858779194697, 15.70223204993002852 ) ) ;
#2183 = VECTOR ( 'NONE', #2529, 1000.000000000000000 ) ;
#2184 = ORIENTED_EDGE ( 'NONE', *, *, #515, .T. ) ;
#2185 = DIRECTION ( 'NONE',  ( -1.000000000000000000, 0.000000000000000000, 0.000000000000000000 ) ) ;
#2186 = ADVANCED_FACE ( 'NONE', ( #1501, #2484 ), #94, .T. ) ;
#2187 = ORIENTED_EDGE ( 'NONE', *, *, #2856, .F. ) ;
#2188 = EDGE_CURVE ( 'NONE', #1941, #1709, #1270, .T. ) ;
#2189 = CARTESIAN_POINT ( 'NONE',  ( -7.557128818336642517, -18.51728392672817947, 20.95250000000001123 ) ) ;
#2190 = CARTESIAN_POINT ( 'NONE',  ( 1.058054359322556204, -19.34311699673727603, 12.51934329093685427 ) ) ;
#2191 = APPLICATION_CONTEXT ( 'automotive_design' ) ;
#2192 = EDGE_CURVE ( 'NONE', #19, #2839, #1743, .T. ) ;
#2193 = CARTESIAN_POINT ( 'NONE',  ( 12.25000000000002842, 0.000000000000000000, 15.95250000000002899 ) ) ;
#2194 = DIRECTION ( 'NONE',  ( -1.000000000000000000, 0.000000000000000000, 0.000000000000000000 ) ) ;
#2195 = ORIENTED_EDGE ( 'NONE', *, *, #2231, .T. ) ;
#2196 = VECTOR ( 'NONE', #937, 1000.000000000000000 ) ;
#2197 = EDGE_CURVE ( 'NONE', #2443, #119, #1265, .T. ) ;
#2198 = EDGE_CURVE ( 'NONE', #1514, #3046, #2361, .T. ) ;
#2199 = AXIS2_PLACEMENT_3D ( 'NONE', #1853, #889, #1599 ) ;
#2200 = DIRECTION ( 'NONE',  ( 0.000000000000000000, 0.000000000000000000, -1.000000000000000000 ) ) ;
#2201 = VERTEX_POINT ( 'NONE', #109 ) ;
#2202 = AXIS2_PLACEMENT_3D ( 'NONE', #1340, #1290, #2031 ) ;
#2203 = CARTESIAN_POINT ( 'NONE',  ( 0.000000000000000000, 0.000000000000000000, 0.000000000000000000 ) ) ;
#2204 = VECTOR ( 'NONE', #814, 1000.000000000000000 ) ;
#2205 = EDGE_LOOP ( 'NONE', ( #969, #1282, #2934, #1509 ) ) ;
#2206 = DIRECTION ( 'NONE',  ( -1.000000000000000000, 0.000000000000000000, 0.000000000000000000 ) ) ;
#2207 = EDGE_LOOP ( 'NONE', ( #479, #2875 ) ) ;
#2208 = CARTESIAN_POINT ( 'NONE',  ( -14.44730000000001269, 1.040949779275250140E-15, 15.95250000000002899 ) ) ;
#2209 = CARTESIAN_POINT ( 'NONE',  ( 1.962826936775115438, -18.63793708239857594, 13.04356767935792938 ) ) ;
#2210 = FACE_OUTER_BOUND ( 'NONE', #2124, .T. ) ;
#2211 = DIRECTION ( 'NONE',  ( -1.000000000000000000, 0.000000000000000000, 0.000000000000000000 ) ) ;
#2212 = ORIENTED_EDGE ( 'NONE', *, *, #34, .T. ) ;
#2213 = DIRECTION ( 'NONE',  ( 0.000000000000000000, 0.000000000000000000, -1.000000000000000000 ) ) ;
#2214 = AXIS2_PLACEMENT_3D ( 'NONE', #1896, #1423, #660 ) ;
#2215 = AXIS2_PLACEMENT_3D ( 'NONE', #1696, #2634, #1454 ) ;
#2216 = CARTESIAN_POINT ( 'NONE',  ( 0.000000000000000000, 0.000000000000000000, 9.452500000000016556 ) ) ;
#2217 = ORIENTED_EDGE ( 'NONE', *, *, #2900, .F. ) ;
#2218 = CARTESIAN_POINT ( 'NONE',  ( 6.337619326370838913, 13.03683184835017350, 20.95250000000000057 ) ) ;
#2219 = ORIENTED_EDGE ( 'NONE', *, *, #610, .F. ) ;
#2220 = EDGE_CURVE ( 'NONE', #1284, #958, #829, .T. ) ;
#2221 = CARTESIAN_POINT ( 'NONE',  ( 9.499649083309787301, -15.45619419931771965, 13.54329515623124180 ) ) ;
#2222 = CIRCLE ( 'NONE', #885, 2.000000000000000000 ) ;
#2223 = ORIENTED_EDGE ( 'NONE', *, *, #2422, .F. ) ;
#2224 = DIRECTION ( 'NONE',  ( -1.000000000000000000, -1.224646799147352221E-16, 0.000000000000000000 ) ) ;
#2225 = CARTESIAN_POINT ( 'NONE',  ( 6.337619326370838913, 13.03683184835017350, 36.95250000000000057 ) ) ;
#2226 = AXIS2_PLACEMENT_3D ( 'NONE', #2108, #470, #1183 ) ;
#2227 = CARTESIAN_POINT ( 'NONE',  ( -2.552699999999986868, -17.00000000000000000, 14.33534426639588055 ) ) ;
#2228 = CARTESIAN_POINT ( 'NONE',  ( 8.347781411943049790, 15.49542122514666964, 13.99391146198244407 ) ) ;
#2229 = ORIENTED_EDGE ( 'NONE', *, *, #1171, .T. ) ;
#2230 = DIRECTION ( 'NONE',  ( -0.000000000000000000, -0.000000000000000000, -1.000000000000000000 ) ) ;
#2231 = EDGE_CURVE ( 'NONE', #49, #358, #1553, .T. ) ;
#2232 = DIRECTION ( 'NONE',  ( -1.000000000000000000, 0.000000000000000000, 0.000000000000000000 ) ) ;
#2233 = VERTEX_POINT ( 'NONE', #842 ) ;
#2234 = CIRCLE ( 'NONE', #896, 1.999999999999998224 ) ;
#2235 = DIRECTION ( 'NONE',  ( 1.000000000000000000, 0.000000000000000000, 0.000000000000000000 ) ) ;
#2236 = EDGE_LOOP ( 'NONE', ( #1402, #833, #886, #887 ) ) ;
#2237 = CARTESIAN_POINT ( 'NONE',  ( 7.664856584532315331, -15.27331133382781125, 14.42168215466381298 ) ) ;
#2238 = ORIENTED_EDGE ( 'NONE', *, *, #374, .T. ) ;
#2239 = CARTESIAN_POINT ( 'NONE',  ( 13.03683184835014508, -8.837619326370829143, 20.95250000000000057 ) ) ;
#2240 = DIRECTION ( 'NONE',  ( 0.000000000000000000, 0.000000000000000000, -1.000000000000000000 ) ) ;
#2241 = CYLINDRICAL_SURFACE ( 'NONE', #1684, 2.500000000000000444 ) ;
#2242 = CARTESIAN_POINT ( 'NONE',  ( -13.40941123574977212, -6.144227523537793445, 15.95250000000002899 ) ) ;
#2243 = FACE_OUTER_BOUND ( 'NONE', #1652, .T. ) ;
#2244 = ORIENTED_EDGE ( 'NONE', *, *, #610, .T. ) ;
#2245 = CARTESIAN_POINT ( 'NONE',  ( 1.892320281975333307, 15.27660848170438612, 15.83341623858063052 ) ) ;
#2246 = ADVANCED_FACE ( 'NONE', ( #1727 ), #723, .F. ) ;
#2247 = EDGE_CURVE ( 'NONE', #1234, #293, #2756, .T. ) ;
#2248 = CARTESIAN_POINT ( 'NONE',  ( 14.09337750270186973, -6.571849858779194697, 15.70223204993002852 ) ) ;
#2249 = ORIENTED_EDGE ( 'NONE', *, *, #1530, .T. ) ;
#2250 = CARTESIAN_POINT ( 'NONE',  ( 2.552699999999989089, 17.00000000000000000, 14.33534426639588055 ) ) ;
#2251 = ORIENTED_EDGE ( 'NONE', *, *, #2878, .F. ) ;
#2252 = CARTESIAN_POINT ( 'NONE',  ( -6.144227523537740154, -13.40941123574982008, 20.95250000000001123 ) ) ;
#2253 = ORIENTED_EDGE ( 'NONE', *, *, #2735, .F. ) ;
#2254 = LINE ( 'NONE', #1806, #1138 ) ;
#2255 = CARTESIAN_POINT ( 'NONE',  ( -5.558441085910835966, -14.82362479812291767, 15.46792384615607929 ) ) ;
#2256 = DIRECTION ( 'NONE',  ( -1.000000000000000000, 0.000000000000000000, 0.000000000000000000 ) ) ;
#2257 = DIRECTION ( 'NONE',  ( 0.000000000000000000, 0.000000000000000000, -1.000000000000000000 ) ) ;
#2258 = CARTESIAN_POINT ( 'NONE',  ( 13.03683184835018061, 8.837619326370790063, 36.95250000000000057 ) ) ;
#2259 = CARTESIAN_POINT ( 'NONE',  ( 8.717035601999771899, 15.54084112779071702, 13.81248655061261488 ) ) ;
#2260 = ORIENTED_EDGE ( 'NONE', *, *, #2025, .F. ) ;
#2261 = CARTESIAN_POINT ( 'NONE',  ( 15.54074940749880795, 8.714761812276380581, 13.81348088620710435 ) ) ;
#2262 = CARTESIAN_POINT ( 'NONE',  ( -5.003848606634559104, -14.54979015265300113, 20.95250000000001123 ) ) ;
#2263 = CARTESIAN_POINT ( 'NONE',  ( 0.7665463579600587662, -19.43488890323524032, 12.45250000000003077 ) ) ;
#2264 = ORIENTED_EDGE ( 'NONE', *, *, #776, .T. ) ;
#2265 = AXIS2_PLACEMENT_3D ( 'NONE', #51, #2037, #100 ) ;
#2266 = VERTEX_POINT ( 'NONE', #1040 ) ;
#2267 = DIRECTION ( 'NONE',  ( 0.000000000000000000, 0.000000000000000000, 1.000000000000000000 ) ) ;
#2268 = DIRECTION ( 'NONE',  ( -1.000000000000000000, 0.000000000000000000, 0.000000000000000000 ) ) ;
#2269 = ADVANCED_FACE ( 'NONE', ( #795 ), #2958, .F. ) ;
#2270 = DIRECTION ( 'NONE',  ( 0.000000000000000000, 0.000000000000000000, 1.000000000000000000 ) ) ;
#2271 = B_SPLINE_CURVE_WITH_KNOTS ( 'NONE', 3,
 ( #1660, #447, #2865, #1938 ),
 .UNSPECIFIED., .F., .F.,
 ( 4, 4 ),
 ( 2.867565906614558369E-07, 0.0003551337271787045023 ),
 .UNSPECIFIED. ) ;
#2272 = CARTESIAN_POINT ( 'NONE',  ( -2.518758139480930414, -17.48523900708413237, 13.93965329366388417 ) ) ;
#2273 = ORIENTED_EDGE ( 'NONE', *, *, #2015, .F. ) ;
#2274 = CYLINDRICAL_SURFACE ( 'NONE', #1522, 2.552699999999990865 ) ;
#2275 = EDGE_CURVE ( 'NONE', #2292, #742, #80, .T. ) ;
#2276 = DIRECTION ( 'NONE',  ( -0.000000000000000000, -0.000000000000000000, 1.000000000000000000 ) ) ;
#2277 = EDGE_CURVE ( 'NONE', #1446, #997, #1370, .T. ) ;
#2278 = EDGE_CURVE ( 'NONE', #1941, #2475, #1917, .T. ) ;
#2279 = CARTESIAN_POINT ( 'NONE',  ( -17.00000000000000000, 1.040949779275250140E-15, 20.95250000000000057 ) ) ;
#2280 = VERTEX_POINT ( 'NONE', #2502 ) ;
#2281 = EDGE_LOOP ( 'NONE', ( #1349, #1190, #344, #2083 ) ) ;
#2282 = EDGE_CURVE ( 'NONE', #2578, #2676, #429, .T. ) ;
#2283 = CARTESIAN_POINT ( 'NONE',  ( -22.50000000000000000, 2.755455298081544778E-15, 12.70250000000003610 ) ) ;
#2284 = CARTESIAN_POINT ( 'NONE',  ( 2.081899558550500280E-15, -17.00000000000000000, 20.20249999999999346 ) ) ;
#2285 = CARTESIAN_POINT ( 'NONE',  ( -10.21878048780487980, 0.7993906066863059046, 8.922500000000013642 ) ) ;
#2286 = CIRCLE ( 'NONE', #3026, 19.44999999999995310 ) ;
#2287 = FACE_OUTER_BOUND ( 'NONE', #1949, .T. ) ;
#2288 = ADVANCED_FACE ( 'NONE', ( #2043 ), #857, .F. ) ;
#2289 = CIRCLE ( 'NONE', #1848, 2.552699999999989089 ) ;
#2290 = PLANE ( 'NONE',  #2012 ) ;
#2291 = ORIENTED_EDGE ( 'NONE', *, *, #481, .T. ) ;
#2292 = VERTEX_POINT ( 'NONE', #658 ) ;
#2293 = DIRECTION ( 'NONE',  ( 0.000000000000000000, 0.000000000000000000, -1.000000000000000000 ) ) ;
#2294 = EDGE_CURVE ( 'NONE', #1939, #1920, #760, .T. ) ;
#2295 = CARTESIAN_POINT ( 'NONE',  ( 2.081899558550500280E-15, -17.00000000000000000, 20.95250000000000057 ) ) ;
#2296 = CIRCLE ( 'NONE', #2144, 2.552699999999989533 ) ;
#2297 = ORIENTED_EDGE ( 'NONE', *, *, #2343, .T. ) ;
#2298 = AXIS2_PLACEMENT_3D ( 'NONE', #1655, #2861, #471 ) ;
#2299 = ORIENTED_EDGE ( 'NONE', *, *, #2352, .F. ) ;
#2300 =( NAMED_UNIT ( * ) SI_UNIT ( $, .STERADIAN. ) SOLID_ANGLE_UNIT ( ) );
#2301 = DIRECTION ( 'NONE',  ( -0.000000000000000000, -0.000000000000000000, 1.000000000000000000 ) ) ;
#2302 = AXIS2_PLACEMENT_3D ( 'NONE', #2415, #758, #2643 ) ;
#2303 = DIRECTION ( 'NONE',  ( -0.000000000000000000, -0.000000000000000000, -1.000000000000000000 ) ) ;
#2304 = CARTESIAN_POINT ( 'NONE',  ( -10.22327944410191414, 0.7453598126083439412, 9.183716529863010791 ) ) ;
#2305 = ORIENTED_EDGE ( 'NONE', *, *, #2637, .F. ) ;
#2306 = AXIS2_PLACEMENT_3D ( 'NONE', #982, #1699, #2638 ) ;
#2307 = CIRCLE ( 'NONE', #964, 18.25000000000000000 ) ;
#2308 = EDGE_LOOP ( 'NONE', ( #401, #1181, #1052, #1751 ) ) ;
#2309 = DIRECTION ( 'NONE',  ( -1.000000000000000000, 8.881784197001252323E-15, 0.000000000000000000 ) ) ;
#2310 = B_SPLINE_CURVE_WITH_KNOTS ( 'NONE', 3,
 ( #21, #2864, #2670, #1689, #38, #1956 ),
 .UNSPECIFIED., .F., .F.,
 ( 4, 2, 4 ),
 ( 0.000000000000000000, 0.001306840191286560895, 0.002613680382573121790 ),
 .UNSPECIFIED. ) ;
#2311 = CARTESIAN_POINT ( 'NONE',  ( 15.49489489088237093, 8.345051370937571988, 13.99537732212281682 ) ) ;
#2312 = VERTEX_POINT ( 'NONE', #1113 ) ;
#2313 = ORIENTED_EDGE ( 'NONE', *, *, #2353, .F. ) ;
#2314 = ADVANCED_FACE ( 'NONE', ( #157 ), #625, .F. ) ;
#2315 = EDGE_CURVE ( 'NONE', #488, #2139, #957, .T. ) ;
#2316 = VECTOR ( 'NONE', #2088, 1000.000000000000000 ) ;
#2317 = CARTESIAN_POINT ( 'NONE',  ( -2.027945887462241803, 15.40532432712683075, 15.71384414174010402 ) ) ;
#2318 = DIRECTION ( 'NONE',  ( -0.000000000000000000, -0.000000000000000000, 1.000000000000000000 ) ) ;
#2319 = AXIS2_PLACEMENT_3D ( 'NONE', #1377, #396, #2983 ) ;
#2320 = CARTESIAN_POINT ( 'NONE',  ( 6.898011153882559476, 14.64756801608646519, 15.16907950204299382 ) ) ;
#2321 = CARTESIAN_POINT ( 'NONE',  ( -13.03683184835015041, 8.837619326370830919, 36.95250000000000057 ) ) ;
#2322 = CIRCLE ( 'NONE', #1328, 2.552699999999990865 ) ;
#2323 = CYLINDRICAL_SURFACE ( 'NONE', #2396, 0.8000000000000003775 ) ;
#2324 = VERTEX_POINT ( 'NONE', #172 ) ;
#2325 = CARTESIAN_POINT ( 'NONE',  ( 7.937500000000003553, 0.000000000000000000, 20.70249999999996859 ) ) ;
#2326 = ORIENTED_EDGE ( 'NONE', *, *, #2513, .F. ) ;
#2327 = FACE_OUTER_BOUND ( 'NONE', #7, .T. ) ;
#2328 = CARTESIAN_POINT ( 'NONE',  ( -1.757248574838627286, -15.14841831499997049, 15.95250000000002899 ) ) ;
#2329 = CARTESIAN_POINT ( 'NONE',  ( 6.571849858779180487, 14.09337750270184841, 15.70223204993004984 ) ) ;
#2330 = CARTESIAN_POINT ( 'NONE',  ( -10.75000000000000178, 1.316495309083405012E-15, -20.98309159102153387 ) ) ;
#2331 = CARTESIAN_POINT ( 'NONE',  ( 0.000000000000000000, 0.000000000000000000, 20.95250000000000057 ) ) ;
#2332 = AXIS2_PLACEMENT_3D ( 'NONE', #715, #1206, #932 ) ;
#2333 = AXIS2_PLACEMENT_3D ( 'NONE', #2712, #1269, #2224 ) ;
#2334 = EDGE_LOOP ( 'NONE', ( #2994, #2461, #2635, #789, #774, #1228, #2371, #1532, #2949, #42, #2941, #1355, #1495, #2833, #454, #2428, #1466, #2602, #985, #92, #2764, #3029, #2516, #1468, #925, #808, #2644, #1608 ) ) ;
#2335 = DIRECTION ( 'NONE',  ( -0.000000000000000000, -0.000000000000000000, 1.000000000000000000 ) ) ;
#2336 = ADVANCED_FACE ( 'NONE', ( #1322 ), #867, .F. ) ;
#2337 = DIRECTION ( 'NONE',  ( -1.000000000000000000, 0.000000000000000000, 0.000000000000000000 ) ) ;
#2338 = ORIENTED_EDGE ( 'NONE', *, *, #2928, .T. ) ;
#2339 = ORIENTED_EDGE ( 'NONE', *, *, #2497, .T. ) ;
#2340 = DIRECTION ( 'NONE',  ( -1.000000000000000000, 0.000000000000000000, 0.000000000000000000 ) ) ;
#2341 = CARTESIAN_POINT ( 'NONE',  ( 7.434822607899281621, 10.96749345972316725, 15.95250000000002899 ) ) ;
#2342 = AXIS2_PLACEMENT_3D ( 'NONE', #158, #692, #226 ) ;
#2343 = EDGE_CURVE ( 'NONE', #2065, #2266, #2589, .T. ) ;
#2344 = FACE_OUTER_BOUND ( 'NONE', #2628, .T. ) ;
#2345 = DIRECTION ( 'NONE',  ( -0.000000000000000000, -0.000000000000000000, -1.000000000000000000 ) ) ;
#2346 = DIRECTION ( 'NONE',  ( -1.000000000000000000, 0.000000000000000000, 0.000000000000000000 ) ) ;
#2347 = CONICAL_SURFACE ( 'NONE', #1007, 2.552699999999989089, 0.7853981633974520538 ) ;
#2348 = ORIENTED_EDGE ( 'NONE', *, *, #2367, .T. ) ;
#2349 = AXIS2_PLACEMENT_3D ( 'NONE', #2947, #2952, #2985 ) ;
#2350 = EDGE_LOOP ( 'NONE', ( #1614, #562, #1422, #475 ) ) ;
#2351 = DIRECTION ( 'NONE',  ( 1.000000000000000000, 0.000000000000000000, 0.000000000000000000 ) ) ;
#2352 = EDGE_CURVE ( 'NONE', #1185, #535, #1571, .T. ) ;
#2353 = EDGE_CURVE ( 'NONE', #725, #855, #2496, .T. ) ;
#2354 = DIRECTION ( 'NONE',  ( 0.000000000000000000, 0.000000000000000000, -1.000000000000000000 ) ) ;
#2355 = ORIENTED_EDGE ( 'NONE', *, *, #180, .T. ) ;
#2356 = DIRECTION ( 'NONE',  ( -0.000000000000000000, -0.000000000000000000, 1.000000000000000000 ) ) ;
#2357 = DIRECTION ( 'NONE',  ( -1.000000000000000000, 0.000000000000000000, 0.000000000000000000 ) ) ;
#2358 = CARTESIAN_POINT ( 'NONE',  ( 19.34716685878279563, -1.011603953910015008, 12.51646729609638697 ) ) ;
#2359 = VERTEX_POINT ( 'NONE', #1824 ) ;
#2360 = CYLINDRICAL_SURFACE ( 'NONE', #1264, 18.25000000000000000 ) ;
#2361 = CIRCLE ( 'NONE', #1669, 15.24999999999996625 ) ;
#2362 = CARTESIAN_POINT ( 'NONE',  ( 0.000000000000000000, 0.000000000000000000, 0.000000000000000000 ) ) ;
#2363 = DIRECTION ( 'NONE',  ( 0.000000000000000000, 0.000000000000000000, -1.000000000000000000 ) ) ;
#2364 = VECTOR ( 'NONE', #2001, 1000.000000000000000 ) ;
#2365 = DIRECTION ( 'NONE',  ( 0.000000000000000000, 0.000000000000000000, -1.000000000000000000 ) ) ;
#2366 = DIRECTION ( 'NONE',  ( 1.000000000000000000, 0.000000000000000000, 0.000000000000000000 ) ) ;
#2367 = EDGE_CURVE ( 'NONE', #1551, #2631, #2543, .T. ) ;
#2368 = CARTESIAN_POINT ( 'NONE',  ( -17.97310445516565025, -8.298188601397685105, 20.95250000000000057 ) ) ;
#2369 = ORIENTED_EDGE ( 'NONE', *, *, #1685, .T. ) ;
#2370 = VECTOR ( 'NONE', #196, 1000.000000000000114 ) ;
#2371 = ORIENTED_EDGE ( 'NONE', *, *, #1826, .F. ) ;
#2372 = CARTESIAN_POINT ( 'NONE',  ( -14.15539882151613149, -5.673375027602063803, 15.95250000000002899 ) ) ;
#2373 = CARTESIAN_POINT ( 'NONE',  ( 15.14841831499997049, -1.757248574838628841, 15.95250000000002899 ) ) ;
#2374 = ORIENTED_EDGE ( 'NONE', *, *, #30, .T. ) ;
#2375 = CARTESIAN_POINT ( 'NONE',  ( -1.757248574838627286, -15.14841831499997049, 15.95250000000002899 ) ) ;
#2376 =( LENGTH_UNIT ( ) NAMED_UNIT ( * ) SI_UNIT ( .MILLI., .METRE. ) );
#2377 = CARTESIAN_POINT ( 'NONE',  ( 17.00000000000000000, 1.040949779275250140E-15, 20.20249999999999346 ) ) ;
#2378 = ADVANCED_FACE ( 'NONE', ( #1840 ), #422, .T. ) ;
#2379 = AXIS2_PLACEMENT_3D ( 'NONE', #411, #1995, #1102 ) ;
#2380 = CARTESIAN_POINT ( 'NONE',  ( 0.000000000000000000, 0.000000000000000000, -9.452499999999982805 ) ) ;
#2381 = CARTESIAN_POINT ( 'NONE',  ( -9.299535633133839241, 15.50158582160405984, 13.59734209750569001 ) ) ;
#2382 = FACE_OUTER_BOUND ( 'NONE', #1803, .T. ) ;
#2383 = ORIENTED_EDGE ( 'NONE', *, *, #1645, .T. ) ;
#2384 = CARTESIAN_POINT ( 'NONE',  ( -18.70752290336793067, 1.901025085437001438, 12.99109537758203103 ) ) ;
#2385 = CARTESIAN_POINT ( 'NONE',  ( -1.328381590908068066, 19.19855440335144792, 12.62503864713502111 ) ) ;
#2386 = EDGE_LOOP ( 'NONE', ( #1251, #1372, #310, #2305 ) ) ;
#2387 = DIRECTION ( 'NONE',  ( -0.000000000000000000, -0.000000000000000000, 1.000000000000000000 ) ) ;
#2388 = CARTESIAN_POINT ( 'NONE',  ( 13.03683184835018061, 8.837619326370790063, 20.95250000000000057 ) ) ;
#2389 = CARTESIAN_POINT ( 'NONE',  ( 15.10617023697719219, 10.24041604484234114, 20.95250000000000057 ) ) ;
#2390 = ORIENTED_EDGE ( 'NONE', *, *, #1638, .T. ) ;
#2391 = LINE ( 'NONE', #2133, #2090 ) ;
#2392 = CARTESIAN_POINT ( 'NONE',  ( -6.894127195966925470, 14.64359763212283205, 15.17345835851787150 ) ) ;
#2393 = EDGE_LOOP ( 'NONE', ( #622, #419, #2348, #1908 ) ) ;
#2394 = CARTESIAN_POINT ( 'NONE',  ( -17.00000000000000000, 1.040949779275250140E-15, 20.20249999999999346 ) ) ;
#2395 = VERTEX_POINT ( 'NONE', #409 ) ;
#2396 = AXIS2_PLACEMENT_3D ( 'NONE', #193, #1814, #3040 ) ;
#2397 = DIRECTION ( 'NONE',  ( 1.000000000000000000, 0.000000000000000000, 0.000000000000000000 ) ) ;
#2398 = CARTESIAN_POINT ( 'NONE',  ( -15.64441136829834633, -5.728621808630993684, 14.77727204446119735 ) ) ;
#2399 = ORIENTED_EDGE ( 'NONE', *, *, #532, .F. ) ;
#2400 = CARTESIAN_POINT ( 'NONE',  ( -5.558441085910835966, -14.82362479812291767, 20.95250000000001123 ) ) ;
#2401 = EDGE_CURVE ( 'NONE', #880, #588, #554, .T. ) ;
#2402 = ORIENTED_EDGE ( 'NONE', *, *, #2925, .T. ) ;
#2403 = PRESENTATION_STYLE_ASSIGNMENT (( #700 ) ) ;
#2404 = CARTESIAN_POINT ( 'NONE',  ( -14.09337750270187151, 6.571849858779193809, 20.95250000000000057 ) ) ;
#2405 = DIRECTION ( 'NONE',  ( -1.000000000000000000, 0.000000000000000000, 0.000000000000000000 ) ) ;
#2406 = CARTESIAN_POINT ( 'NONE',  ( 0.000000000000000000, 0.000000000000000000, 15.95250000000002899 ) ) ;
#2407 = AXIS2_PLACEMENT_3D ( 'NONE', #716, #977, #2837 ) ;
#2408 = ORIENTED_EDGE ( 'NONE', *, *, #1317, .F. ) ;
#2409 = VECTOR ( 'NONE', #603, 1000.000000000000000 ) ;
#2410 = CARTESIAN_POINT ( 'NONE',  ( -8.499999999999998224, 1.040949779275249943E-15, 0.000000000000000000 ) ) ;
#2411 = ADVANCED_FACE ( 'NONE', ( #2799 ), #2347, .F. ) ;
#2412 = ORIENTED_EDGE ( 'NONE', *, *, #1724, .T. ) ;
#2413 = ADVANCED_FACE ( 'NONE', ( #2125 ), #2112, .F. ) ;
#2414 = CARTESIAN_POINT ( 'NONE',  ( -19.39582399391616008, 0.8906337183906468669, 12.48095344723330058 ) ) ;
#2415 = CARTESIAN_POINT ( 'NONE',  ( 0.000000000000000000, 0.000000000000000000, 0.000000000000000000 ) ) ;
#2416 = ORIENTED_EDGE ( 'NONE', *, *, #1124, .F. ) ;
#2417 = FACE_OUTER_BOUND ( 'NONE', #2107, .T. ) ;
#2418 = ORIENTED_EDGE ( 'NONE', *, *, #2114, .T. ) ;
#2419 = CARTESIAN_POINT ( 'NONE',  ( 8.837619326370820261, -13.03683184835014863, 20.95250000000000057 ) ) ;
#2420 = CARTESIAN_POINT ( 'NONE',  ( 0.000000000000000000, 0.000000000000000000, 15.95250000000002899 ) ) ;
#2421 = ADVANCED_FACE ( 'NONE', ( #1879 ), #39, .F. ) ;
#2422 = EDGE_CURVE ( 'NONE', #2848, #1551, #1809, .T. ) ;
#2423 = DIRECTION ( 'NONE',  ( 1.000000000000000000, 0.000000000000000000, 0.000000000000000000 ) ) ;
#2424 = DIRECTION ( 'NONE',  ( -0.000000000000000000, -0.000000000000000000, 1.000000000000000000 ) ) ;
#2425 = ORIENTED_EDGE ( 'NONE', *, *, #2176, .T. ) ;
#2426 = VECTOR ( 'NONE', #3066, 1000.000000000000114 ) ;
#2427 = DIRECTION ( 'NONE',  ( 1.000000000000000000, 0.000000000000000000, 0.000000000000000000 ) ) ;
#2428 = ORIENTED_EDGE ( 'NONE', *, *, #540, .T. ) ;
#2429 = EDGE_CURVE ( 'NONE', #2915, #956, #14, .T. ) ;
#2430 = DIRECTION ( 'NONE',  ( -0.000000000000000000, -0.000000000000000000, 1.000000000000000000 ) ) ;
#2431 = CIRCLE ( 'NONE', #354, 2.552699999999990865 ) ;
#2432 = ORIENTED_EDGE ( 'NONE', *, *, #3044, .T. ) ;
#2433 = DIRECTION ( 'NONE',  ( -1.000000000000000000, 0.000000000000000000, 0.000000000000000000 ) ) ;
#2434 = EDGE_LOOP ( 'NONE', ( #40, #3009, #356, #1517 ) ) ;
#2435 = LINE ( 'NONE', #1726, #1795 ) ;
#2436 = CARTESIAN_POINT ( 'NONE',  ( -5.673375027602022058, -14.15539882151614748, 15.95250000000002899 ) ) ;
#2437 = LINE ( 'NONE', #114, #1503 ) ;
#2438 = CARTESIAN_POINT ( 'NONE',  ( 8.837619326370839801, 13.03683184835017350, 15.95250000000002899 ) ) ;
#2439 = ORIENTED_EDGE ( 'NONE', *, *, #2522, .T. ) ;
#2440 = VECTOR ( 'NONE', #1002, 1000.000000000000000 ) ;
#2441 = CARTESIAN_POINT ( 'NONE',  ( 6.337619326370838913, 13.03683184835017350, 15.95250000000002899 ) ) ;
#2442 = CARTESIAN_POINT ( 'NONE',  ( -7.558441085910835966, -14.82362479812291767, 20.95250000000000057 ) ) ;
#2443 = VERTEX_POINT ( 'NONE', #928 ) ;
#2444 = DIRECTION ( 'NONE',  ( -0.000000000000000000, -0.000000000000000000, 1.000000000000000000 ) ) ;
#2445 = AXIS2_PLACEMENT_3D ( 'NONE', #299, #1731, #1715 ) ;
#2446 = VERTEX_POINT ( 'NONE', #490 ) ;
#2447 = CYLINDRICAL_SURFACE ( 'NONE', #1557, 2.000000000000000000 ) ;
#2448 = CONICAL_SURFACE ( 'NONE', #1361, 2.552699999999990865, 0.7853981633974517207 ) ;
#2449 = ORIENTED_EDGE ( 'NONE', *, *, #1531, .T. ) ;
#2450 = CARTESIAN_POINT ( 'NONE',  ( -15.53683184835015219, 8.837619326370830919, 20.95250000000000057 ) ) ;
#2451 = DIRECTION ( 'NONE',  ( -1.000000000000000000, 0.000000000000000000, -0.000000000000000000 ) ) ;
#2452 = CARTESIAN_POINT ( 'NONE',  ( -10.21878048780487980, -0.7993906066863059046, -0.01499999999998551103 ) ) ;
#2453 = CARTESIAN_POINT ( 'NONE',  ( 0.000000000000000000, 0.000000000000000000, -20.98309159102153387 ) ) ;
#2454 = VERTEX_POINT ( 'NONE', #1909 ) ;
#2455 = CARTESIAN_POINT ( 'NONE',  ( 15.54345196598162460, 8.909968542053164242, 13.73149656605078839 ) ) ;
#2456 = CIRCLE ( 'NONE', #472, 2.500000000000000444 ) ;
#2457 = CARTESIAN_POINT ( 'NONE',  ( 15.22375736698230853, -10.06695715452414852, 13.45249999999999879 ) ) ;
#2458 = CIRCLE ( 'NONE', #235, 22.50000000000000000 ) ;
#2459 = ORIENTED_EDGE ( 'NONE', *, *, #2590, .F. ) ;
#2460 = CARTESIAN_POINT ( 'NONE',  ( -5.876614307400028991, -15.90596424907347917, 14.53013648778486733 ) ) ;
#2461 = ORIENTED_EDGE ( 'NONE', *, *, #2220, .T. ) ;
#2462 = LINE ( 'NONE', #2252, #1152 ) ;
#2463 = AXIS2_PLACEMENT_3D ( 'NONE', #1176, #947, #437 ) ;
#2464 = ORIENTED_EDGE ( 'NONE', *, *, #1403, .T. ) ;
#2465 = DIRECTION ( 'NONE',  ( -1.000000000000000000, 0.000000000000000000, 0.000000000000000000 ) ) ;
#2466 = DIRECTION ( 'NONE',  ( 1.000000000000000000, 0.000000000000000000, 0.000000000000000000 ) ) ;
#2467 = CARTESIAN_POINT ( 'NONE',  ( -14.48211123141575563, 6.785442318213783963, 15.33347997892727399 ) ) ;
#2468 = VECTOR ( 'NONE', #2335, 1000.000000000000000 ) ;
#2469 = EDGE_CURVE ( 'NONE', #243, #1711, #2271, .T. ) ;
#2470 = CARTESIAN_POINT ( 'NONE',  ( -5.876614307400028991, -15.90596424907347917, 14.53013648778486733 ) ) ;
#2471 = CARTESIAN_POINT ( 'NONE',  ( 8.168796060072931908, 15.45218862929853465, 14.09573015190560419 ) ) ;
#2472 = VERTEX_POINT ( 'NONE', #710 ) ;
#2473 = CARTESIAN_POINT ( 'NONE',  ( 2.289492511475974101, 15.85837324674040083, 15.30855480446098582 ) ) ;
#2474 = DIRECTION ( 'NONE',  ( -0.2248595066987616464, 2.753734751364912690E-17, 0.9743911956946190722 ) ) ;
#2475 = VERTEX_POINT ( 'NONE', #959 ) ;
#2476 = CIRCLE ( 'NONE', #1842, 18.24999999999999645 ) ;
#2477 = CARTESIAN_POINT ( 'NONE',  ( 2.375530341893851372, 17.96770607827951949, 13.55769705685721682 ) ) ;
#2478 = EDGE_LOOP ( 'NONE', ( #759, #2527, #2903, #1838 ) ) ;
#2479 = CARTESIAN_POINT ( 'NONE',  ( 9.299535633133830359, -15.50158582160406340, 13.59734209750569889 ) ) ;
#2480 = CIRCLE ( 'NONE', #1237, 10.25000000000000000 ) ;
#2481 = EDGE_LOOP ( 'NONE', ( #1126, #3070, #803, #2339, #1820, #2178, #290 ) ) ;
#2482 = EDGE_CURVE ( 'NONE', #2312, #1311, #459, .T. ) ;
#2483 = DIRECTION ( 'NONE',  ( -0.000000000000000000, -0.000000000000000000, 1.000000000000000000 ) ) ;
#2484 = FACE_OUTER_BOUND ( 'NONE', #1419, .T. ) ;
#2485 = CARTESIAN_POINT ( 'NONE',  ( -15.97310445516565380, -8.298188601397685105, 20.95250000000001123 ) ) ;
#2486 = CARTESIAN_POINT ( 'NONE',  ( 10.24041604484238022, -15.10617023697715844, 36.95250000000000057 ) ) ;
#2487 = DIRECTION ( 'NONE',  ( -1.000000000000000000, 0.000000000000000000, 0.000000000000000000 ) ) ;
#2488 = CARTESIAN_POINT ( 'NONE',  ( 6.707206685864243845, 14.38365115512399761, 15.43533076781406521 ) ) ;
#2489 = ORIENTED_EDGE ( 'NONE', *, *, #79, .F. ) ;
#2490 = CARTESIAN_POINT ( 'NONE',  ( -5.558441085910835966, -14.82362479812291767, 15.46792384615607929 ) ) ;
#2491 = AXIS2_PLACEMENT_3D ( 'NONE', #2203, #1020, #1529 ) ;
#2492 = VECTOR ( 'NONE', #2062, 1000.000000000000114 ) ;
#2493 = CARTESIAN_POINT ( 'NONE',  ( 15.50130191201034968, -9.301109253683993217, 13.59687172175615899 ) ) ;
#2494 = ORIENTED_EDGE ( 'NONE', *, *, #1957, .T. ) ;
#2495 = DIRECTION ( 'NONE',  ( -1.000000000000000000, 0.000000000000000000, 0.000000000000000000 ) ) ;
#2496 = CIRCLE ( 'NONE', #617, 10.25000000000000000 ) ;
#2497 = EDGE_CURVE ( 'NONE', #2174, #1878, #2106, .T. ) ;
#2498 = VECTOR ( 'NONE', #1739, 1000.000000000000114 ) ;
#2499 = ORIENTED_EDGE ( 'NONE', *, *, #2986, .T. ) ;
#2500 = EDGE_LOOP ( 'NONE', ( #748, #2646, #2034, #1596 ) ) ;
#2501 = CARTESIAN_POINT ( 'NONE',  ( -2.552700000000600156, 16.66014751197142019, 14.61541480425793793 ) ) ;
#2502 = CARTESIAN_POINT ( 'NONE',  ( 10.75000000000000178, 0.000000000000000000, 9.422500000000013642 ) ) ;
#2503 = FACE_OUTER_BOUND ( 'NONE', #426, .T. ) ;
#2504 = EDGE_CURVE ( 'NONE', #2472, #1202, #812, .T. ) ;
#2505 = CARTESIAN_POINT ( 'NONE',  ( -15.48639773310316592, 8.321877847165154662, 14.01046646755145630 ) ) ;
#2506 = DIRECTION ( 'NONE',  ( -1.000000000000000000, 0.000000000000000000, 0.000000000000000000 ) ) ;
#2507 = EDGE_LOOP ( 'NONE', ( #791, #2297, #2845 ) ) ;
#2508 = EDGE_CURVE ( 'NONE', #1348, #2659, #2902, .T. ) ;
#2509 = DIRECTION ( 'NONE',  ( 0.7071067811865477948, -0.7071067811865473507, 0.000000000000000000 ) ) ;
#2510 = CARTESIAN_POINT ( 'NONE',  ( 14.38365115512399406, -6.707206685864242068, 15.43533076781406876 ) ) ;
#2511 = EDGE_CURVE ( 'NONE', #2581, #780, #370, .T. ) ;
#2512 = CARTESIAN_POINT ( 'NONE',  ( -10.25000000000000000, 0.000000000000000000, 8.922500000000013642 ) ) ;
#2513 = EDGE_CURVE ( 'NONE', #2718, #1111, #1151, .T. ) ;
#2514 = VERTEX_POINT ( 'NONE', #507 ) ;
#2515 = AXIS2_PLACEMENT_3D ( 'NONE', #2699, #579, #2487 ) ;
#2516 = ORIENTED_EDGE ( 'NONE', *, *, #777, .T. ) ;
#2517 = CYLINDRICAL_SURFACE ( 'NONE', #2671, 2.552699999999989089 ) ;
#2518 = DIRECTION ( 'NONE',  ( -0.000000000000000000, -0.000000000000000000, 1.000000000000000000 ) ) ;
#2519 = FACE_OUTER_BOUND ( 'NONE', #2781, .T. ) ;
#2520 = CARTESIAN_POINT ( 'NONE',  ( -15.47370771118258581, -2.057013238703931712, 15.65283419223537464 ) ) ;
#2521 = FACE_OUTER_BOUND ( 'NONE', #2963, .T. ) ;
#2522 = EDGE_CURVE ( 'NONE', #654, #1960, #1086, .T. ) ;
#2523 = VERTEX_POINT ( 'NONE', #2168 ) ;
#2524 = ORIENTED_EDGE ( 'NONE', *, *, #2745, .T. ) ;
#2525 = CARTESIAN_POINT ( 'NONE',  ( 2.081899558550500280E-15, -17.00000000000000000, 12.45250000000002899 ) ) ;
#2526 = DIRECTION ( 'NONE',  ( -0.000000000000000000, -0.000000000000000000, 1.000000000000000000 ) ) ;
#2527 = ORIENTED_EDGE ( 'NONE', *, *, #688, .T. ) ;
#2528 = ORIENTED_EDGE ( 'NONE', *, *, #215, .F. ) ;
#2529 = DIRECTION ( 'NONE',  ( 0.7071067811865378028, 0.000000000000000000, 0.7071067811865573427 ) ) ;
#2530 = DIRECTION ( 'NONE',  ( 1.000000000000000000, 0.000000000000000000, 0.000000000000000000 ) ) ;
#2531 = CIRCLE ( 'NONE', #1539, 3.302699999999998859 ) ;
#2532 = CARTESIAN_POINT ( 'NONE',  ( -14.97635718561738116, 7.243086247391223864, 14.79790688733503323 ) ) ;
#2533 = AXIS2_PLACEMENT_3D ( 'NONE', #2295, #605, #2495 ) ;
#2534 = LINE ( 'NONE', #176, #672 ) ;
#2535 = ORIENTED_EDGE ( 'NONE', *, *, #1586, .T. ) ;
#2536 = EDGE_LOOP ( 'NONE', ( #444, #504, #413, #854 ) ) ;
#2537 = CARTESIAN_POINT ( 'NONE',  ( -17.05544390611091288, -6.616361822883465749, 13.41597056916007347 ) ) ;
#2538 = CARTESIAN_POINT ( 'NONE',  ( 14.64359763212286758, 6.894127195966893495, 15.17345835851785019 ) ) ;
#2539 = ADVANCED_FACE ( 'NONE', ( #519 ), #1465, .T. ) ;
#2540 = ORIENTED_EDGE ( 'NONE', *, *, #3057, .T. ) ;
#2541 = ORIENTED_EDGE ( 'NONE', *, *, #2574, .F. ) ;
#2542 = DIRECTION ( 'NONE',  ( -1.000000000000000000, 0.000000000000000000, 0.000000000000000000 ) ) ;
#2543 = LINE ( 'NONE', #2760, #3034 ) ;
#2544 = AXIS2_PLACEMENT_3D ( 'NONE', #1365, #670, #1615 ) ;
#2545 = DIRECTION ( 'NONE',  ( -0.000000000000000000, -0.000000000000000000, 1.000000000000000000 ) ) ;
#2546 = DIRECTION ( 'NONE',  ( -0.000000000000000000, -0.000000000000000000, 1.000000000000000000 ) ) ;
#2547 = DIRECTION ( 'NONE',  ( -0.5411697254752813047, 0.8409133892554028211, 0.000000000000000000 ) ) ;
#2548 = ORIENTED_EDGE ( 'NONE', *, *, #2188, .F. ) ;
#2549 = EDGE_CURVE ( 'NONE', #606, #1688, #835, .T. ) ;
#2550 = VERTEX_POINT ( 'NONE', #1708 ) ;
#2551 = CARTESIAN_POINT ( 'NONE',  ( -2.552699999999986868, -17.00000000000000000, 14.33534426639588055 ) ) ;
#2552 = EDGE_CURVE ( 'NONE', #2454, #502, #2838, .T. ) ;
#2553 = ORIENTED_EDGE ( 'NONE', *, *, #776, .F. ) ;
#2554 = VERTEX_POINT ( 'NONE', #1653 ) ;
#2555 = CARTESIAN_POINT ( 'NONE',  ( -2.007907718011662013, -15.41394190158337274, 15.70752338715665886 ) ) ;
#2556 = CONICAL_SURFACE ( 'NONE', #881, 2.552699999999990865, 0.7853981633974517207 ) ;
#2557 = CARTESIAN_POINT ( 'NONE',  ( 18.96161025998537752, 1.651912764800546940, 12.80062855383686227 ) ) ;
#2558 = CARTESIAN_POINT ( 'NONE',  ( -6.529451097731736375, 14.00245306621457431, 15.78583539619185849 ) ) ;
#2559 = CIRCLE ( 'NONE', #2803, 10.75000000000000178 ) ;
#2560 = CARTESIAN_POINT ( 'NONE',  ( -5.558441085910835966, -14.82362479812291767, 15.46792384615607929 ) ) ;
#2561 = ADVANCED_FACE ( 'NONE', ( #979 ), #1472, .F. ) ;
#2562 = B_SPLINE_CURVE_WITH_KNOTS ( 'NONE', 3,
 ( #2642, #2414, #1752, #2898, #2689, #775, #2629, #569, #2384, #261, #1200, #2881, #2153, #305, #518, #505, #1494, #971, #1922, #2914, #54, #790 ),
 .UNSPECIFIED., .F., .F.,
 ( 4, 2, 2, 2, 2, 2, 2, 2, 2, 2, 4 ),
 ( 0.007918697509822887615, 0.008314856480894309426, 0.008711015451965732972, 0.009107174423037154784, 0.009503333394108578330, 0.01029565133625142542, 0.01108796927839427252, 0.01188028722053711961, 0.01267260516267996844, 0.01346492310482281553, 0.01425724104696566089 ),
 .UNSPECIFIED. ) ;
#2563 = ADVANCED_FACE ( 'NONE', ( #2593 ), #167, .T. ) ;
#2564 = ORIENTED_EDGE ( 'NONE', *, *, #215, .T. ) ;
#2565 = CARTESIAN_POINT ( 'NONE',  ( -17.84844221318240187, -2.417576611628635685, 13.65161592689714176 ) ) ;
#2566 = CARTESIAN_POINT ( 'NONE',  ( -6.616361822886814181, -17.05544390611625261, 20.95250000000001123 ) ) ;
#2567 = ORIENTED_EDGE ( 'NONE', *, *, #1694, .T. ) ;
#2568 = DIRECTION ( 'NONE',  ( -0.000000000000000000, -0.000000000000000000, 1.000000000000000000 ) ) ;
#2569 = CARTESIAN_POINT ( 'NONE',  ( 8.837619326370834472, -13.03683184835017705, 36.95250000000000057 ) ) ;
#2570 = CARTESIAN_POINT ( 'NONE',  ( 0.000000000000000000, 0.000000000000000000, 20.95250000000001123 ) ) ;
#2571 = FACE_OUTER_BOUND ( 'NONE', #1975, .T. ) ;
#2572 = CARTESIAN_POINT ( 'NONE',  ( 8.837619326370839801, 13.03683184835017350, 20.95250000000000057 ) ) ;
#2573 = DIRECTION ( 'NONE',  ( -0.000000000000000000, -0.000000000000000000, 1.000000000000000000 ) ) ;
#2574 = EDGE_CURVE ( 'NONE', #2918, #2514, #1194, .T. ) ;
#2575 = EDGE_CURVE ( 'NONE', #2292, #667, #2391, .T. ) ;
#2576 = B_SPLINE_CURVE_WITH_KNOTS ( 'NONE', 3,
 ( #1904, #4, #2655, #2879, #35, #303, #1428, #1445 ),
 .UNSPECIFIED., .F., .F.,
 ( 4, 2, 2, 4 ),
 ( 2.453269466693398698E-18, 0.0008277232691525718018, 0.001241584903728854125, 0.001655446538305136665 ),
 .UNSPECIFIED. ) ;
#2577 = CONICAL_SURFACE ( 'NONE', #1484, 2.552699999999989089, 0.7853981633974520538 ) ;
#2578 = VERTEX_POINT ( 'NONE', #719 ) ;
#2579 = FACE_OUTER_BOUND ( 'NONE', #2591, .T. ) ;
#2580 = DIRECTION ( 'NONE',  ( -0.7071067811865502373, 8.659560562354966138E-17, 0.7071067811865449082 ) ) ;
#2581 = VERTEX_POINT ( 'NONE', #2175 ) ;
#2582 = DIRECTION ( 'NONE',  ( 1.000000000000000000, 0.000000000000000000, 0.000000000000000000 ) ) ;
#2583 = CARTESIAN_POINT ( 'NONE',  ( -2.267560355779603576, 18.20190930202592128, 13.37599486372628377 ) ) ;
#2584 = CARTESIAN_POINT ( 'NONE',  ( 18.95466072017549308, -1.646143386749958859, 12.80602302276300364 ) ) ;
#2585 = CONICAL_SURFACE ( 'NONE', #1353, 15.24999999999996625, 0.8760580505981923061 ) ;
#2586 = DIRECTION ( 'NONE',  ( -1.000000000000000000, 0.000000000000000000, 0.000000000000000000 ) ) ;
#2587 = CARTESIAN_POINT ( 'NONE',  ( -5.003848606634559104, -14.54979015265300113, 20.95250000000001123 ) ) ;
#2588 = CARTESIAN_POINT ( 'NONE',  ( -1.292330440192161245E-13, 0.000000000000000000, -20.95249999999998636 ) ) ;
#2589 = CIRCLE ( 'NONE', #2544, 10.00000000000001599 ) ;
#2590 = EDGE_CURVE ( 'NONE', #2266, #243, #296, .T. ) ;
#2591 = EDGE_LOOP ( 'NONE', ( #709, #2535, #489, #2260 ) ) ;
#2592 = CIRCLE ( 'NONE', #869, 3.302699999999998859 ) ;
#2593 = FACE_OUTER_BOUND ( 'NONE', #3016, .T. ) ;
#2594 = EDGE_CURVE ( 'NONE', #1705, #1262, #239, .T. ) ;
#2595 = LINE ( 'NONE', #485, #2082 ) ;
#2596 = CARTESIAN_POINT ( 'NONE',  ( 0.000000000000000000, 0.000000000000000000, 12.70250000000003610 ) ) ;
#2597 = VERTEX_POINT ( 'NONE', #1455 ) ;
#2598 = ORIENTED_EDGE ( 'NONE', *, *, #2053, .T. ) ;
#2599 = ADVANCED_FACE ( 'NONE', ( #749 ), #2045, .F. ) ;
#2600 = DIRECTION ( 'NONE',  ( 1.000000000000000000, 0.000000000000000000, 0.000000000000000000 ) ) ;
#2601 = CARTESIAN_POINT ( 'NONE',  ( 19.03152916147124785, -1.550582879864496944, 12.74892059810733969 ) ) ;
#2602 = ORIENTED_EDGE ( 'NONE', *, *, #981, .T. ) ;
#2603 = DIRECTION ( 'NONE',  ( -0.000000000000000000, -0.000000000000000000, 1.000000000000000000 ) ) ;
#2604 = CIRCLE ( 'NONE', #2162, 3.302699999999998859 ) ;
#2605 = CYLINDRICAL_SURFACE ( 'NONE', #1383, 13.25000000000002842 ) ;
#2606 = FACE_BOUND ( 'NONE', #2666, .T. ) ;
#2607 = CARTESIAN_POINT ( 'NONE',  ( -13.90918125478677325, 6.492596378180478744, 15.86926216409769630 ) ) ;
#2608 = CARTESIAN_POINT ( 'NONE',  ( 0.000000000000000000, 0.000000000000000000, 9.452500000000016556 ) ) ;
#2609 = VECTOR ( 'NONE', #834, 1000.000000000000114 ) ;
#2610 = CYLINDRICAL_SURFACE ( 'NONE', #2164, 18.24999999999999645 ) ;
#2611 = ORIENTED_EDGE ( 'NONE', *, *, #1808, .F. ) ;
#2612 = AXIS2_PLACEMENT_3D ( 'NONE', #83, #2177, #1947 ) ;
#2613 = ORIENTED_EDGE ( 'NONE', *, *, #339, .F. ) ;
#2614 = DIRECTION ( 'NONE',  ( -1.000000000000000000, 0.000000000000000000, 0.000000000000000000 ) ) ;
#2615 = EDGE_LOOP ( 'NONE', ( #2023, #2094, #351, #648 ) ) ;
#2616 = CARTESIAN_POINT ( 'NONE',  ( 13.03683184835017350, -8.837619326370843353, 36.95250000000000057 ) ) ;
#2617 = CARTESIAN_POINT ( 'NONE',  ( 0.000000000000000000, 0.000000000000000000, 36.95250000000000057 ) ) ;
#2618 = FACE_BOUND ( 'NONE', #1788, .T. ) ;
#2619 = ORIENTED_EDGE ( 'NONE', *, *, #2135, .F. ) ;
#2620 = CIRCLE ( 'NONE', #3020, 12.25000000000002842 ) ;
#2621 = DIRECTION ( 'NONE',  ( 0.000000000000000000, 0.000000000000000000, 1.000000000000000000 ) ) ;
#2622 = DIRECTION ( 'NONE',  ( -0.000000000000000000, -0.000000000000000000, -1.000000000000000000 ) ) ;
#2623 = VERTEX_POINT ( 'NONE', #2193 ) ;
#2624 = AXIS2_PLACEMENT_3D ( 'NONE', #2380, #1014, #2423 ) ;
#2625 = EDGE_CURVE ( 'NONE', #545, #1438, #2531, .T. ) ;
#2626 = EDGE_CURVE ( 'NONE', #2201, #288, #200, .T. ) ;
#2627 = DIRECTION ( 'NONE',  ( -1.000000000000000000, 0.000000000000000000, 0.000000000000000000 ) ) ;
#2628 = EDGE_LOOP ( 'NONE', ( #386, #244, #1559, #708, #649 ) ) ;
#2629 = CARTESIAN_POINT ( 'NONE',  ( -18.95466072017549308, 1.646143386749963966, 12.80602302276300897 ) ) ;
#2630 = CARTESIAN_POINT ( 'NONE',  ( 8.837619326370829143, 13.03683184835015041, 20.95250000000000057 ) ) ;
#2631 = VERTEX_POINT ( 'NONE', #1698 ) ;
#2632 = CARTESIAN_POINT ( 'NONE',  ( -7.558441085910835966, -14.82362479812291767, 20.95250000000001123 ) ) ;
#2633 = ORIENTED_EDGE ( 'NONE', *, *, #192, .T. ) ;
#2634 = DIRECTION ( 'NONE',  ( -0.000000000000000000, -0.000000000000000000, 1.000000000000000000 ) ) ;
#2635 = ORIENTED_EDGE ( 'NONE', *, *, #2053, .F. ) ;
#2636 = CARTESIAN_POINT ( 'NONE',  ( 2.552699999999990865, -17.00000000000000000, 20.20249999999999346 ) ) ;
#2637 = EDGE_CURVE ( 'NONE', #780, #2581, #1091, .T. ) ;
#2638 = DIRECTION ( 'NONE',  ( -1.000000000000000000, 0.000000000000000000, 0.000000000000000000 ) ) ;
#2639 = ORIENTED_EDGE ( 'NONE', *, *, #138, .F. ) ;
#2640 = CYLINDRICAL_SURFACE ( 'NONE', #209, 2.000000000000000000 ) ;
#2641 = EDGE_LOOP ( 'NONE', ( #2981, #222, #656, #2633, #3042, #445 ) ) ;
#2642 = CARTESIAN_POINT ( 'NONE',  ( -19.43488890323524032, 0.7665463579600638733, 12.45250000000003254 ) ) ;
#2643 = DIRECTION ( 'NONE',  ( 1.000000000000000000, 0.000000000000000000, 0.000000000000000000 ) ) ;
#2644 = ORIENTED_EDGE ( 'NONE', *, *, #20, .F. ) ;
#2645 = DIRECTION ( 'NONE',  ( -0.000000000000000000, -0.000000000000000000, -1.000000000000000000 ) ) ;
#2646 = ORIENTED_EDGE ( 'NONE', *, *, #1316, .F. ) ;
#2647 = DIRECTION ( 'NONE',  ( 0.000000000000000000, 0.000000000000000000, -1.000000000000000000 ) ) ;
#2648 = FACE_BOUND ( 'NONE', #1098, .T. ) ;
#2649 = ORIENTED_EDGE ( 'NONE', *, *, #821, .F. ) ;
#2650 = CARTESIAN_POINT ( 'NONE',  ( -17.00000000000000000, 1.040949779275250140E-15, 20.95250000000000057 ) ) ;
#2651 = DIRECTION ( 'NONE',  ( -1.000000000000000000, 0.000000000000000000, 0.000000000000000000 ) ) ;
#2652 = ORIENTED_EDGE ( 'NONE', *, *, #1329, .T. ) ;
#2653 = ADVANCED_FACE ( 'NONE', ( #500 ), #1714, .F. ) ;
#2654 = CIRCLE ( 'NONE', #283, 13.25000000000002842 ) ;
#2655 = CARTESIAN_POINT ( 'NONE',  ( -7.236482880437767662, -17.68292189798500402, 12.73915269695729258 ) ) ;
#2656 = ORIENTED_EDGE ( 'NONE', *, *, #769, .F. ) ;
#2657 = CARTESIAN_POINT ( 'NONE',  ( -24.22625728283411206, 2.966860843674305148E-15, 0.000000000000000000 ) ) ;
#2658 = ADVANCED_FACE ( 'NONE', ( #2146 ), #990, .F. ) ;
#2659 = VERTEX_POINT ( 'NONE', #31 ) ;
#2660 = DIRECTION ( 'NONE',  ( -1.000000000000000000, 0.000000000000000000, 0.000000000000000000 ) ) ;
#2661 = EDGE_LOOP ( 'NONE', ( #1756, #1837, #1186, #2056 ) ) ;
#2662 = CARTESIAN_POINT ( 'NONE',  ( 6.461333067041909572, -13.81353231424713357, 15.95250000000002899 ) ) ;
#2663 = DIRECTION ( 'NONE',  ( 0.000000000000000000, 0.000000000000000000, -1.000000000000000000 ) ) ;
#2664 = CARTESIAN_POINT ( 'NONE',  ( -2.268569556493071904, -18.20056147360306298, 13.37701875557134201 ) ) ;
#2665 = CARTESIAN_POINT ( 'NONE',  ( -6.707455639401718628, 14.38418503770800427, 15.43483987260197132 ) ) ;
#2666 = EDGE_LOOP ( 'NONE', ( #101, #582 ) ) ;
#2667 = AXIS2_PLACEMENT_3D ( 'NONE', #1742, #1039, #538 ) ;
#2668 = CARTESIAN_POINT ( 'NONE',  ( 19.43488890323524032, -0.7665463579600616528, 12.45250000000003077 ) ) ;
#2669 = ORIENTED_EDGE ( 'NONE', *, *, #1921, .F. ) ;
#2670 = CARTESIAN_POINT ( 'NONE',  ( 2.220780780640149388, -15.69518974383871424, 15.45142124529157357 ) ) ;
#2671 = AXIS2_PLACEMENT_3D ( 'NONE', #381, #2483, #1112 ) ;
#2672 = CONICAL_SURFACE ( 'NONE', #547, 10.75000000000000178, 0.2267988480538891960 ) ;
#2673 = ADVANCED_FACE ( 'NONE', ( #767 ), #2777, .T. ) ;
#2674 = ORIENTED_EDGE ( 'NONE', *, *, #1794, .F. ) ;
#2675 = DIRECTION ( 'NONE',  ( 0.000000000000000000, 0.000000000000000000, -1.000000000000000000 ) ) ;
#2676 = VERTEX_POINT ( 'NONE', #2636 ) ;
#2677 = LINE ( 'NONE', #43, #940 ) ;
#2678 = DIRECTION ( 'NONE',  ( 0.000000000000000000, 0.000000000000000000, 1.000000000000000000 ) ) ;
#2679 = AXIS2_PLACEMENT_3D ( 'NONE', #88, #1989, #804 ) ;
#2680 = CARTESIAN_POINT ( 'NONE',  ( -7.937500000000005329, 9.720633968232122106E-16, -20.95249999999998991 ) ) ;
#2681 = CARTESIAN_POINT ( 'NONE',  ( -8.837619326370838024, 13.03683184835017705, 15.95250000000002899 ) ) ;
#2682 = ORIENTED_EDGE ( 'NONE', *, *, #232, .F. ) ;
#2683 = VECTOR ( 'NONE', #2984, 1000.000000000000000 ) ;
#2684 = DIRECTION ( 'NONE',  ( 0.000000000000000000, 0.000000000000000000, 1.000000000000000000 ) ) ;
#2685 = MANIFOLD_SOLID_BREP ( 'Fillet8', #2938 ) ;
#2686 = AXIS2_PLACEMENT_3D ( 'NONE', #1585, #3012, #1807 ) ;
#2687 = FACE_OUTER_BOUND ( 'NONE', #533, .T. ) ;
#2688 = ORIENTED_EDGE ( 'NONE', *, *, #50, .T. ) ;
#2689 = CARTESIAN_POINT ( 'NONE',  ( -19.17124916446719851, 1.347996686582528802, 12.64559335983842558 ) ) ;
#2690 = CIRCLE ( 'NONE', #66, 7.937500000000005329 ) ;
#2691 = ORIENTED_EDGE ( 'NONE', *, *, #2159, .F. ) ;
#2692 = LINE ( 'NONE', #2933, #2892 ) ;
#2693 = EDGE_CURVE ( 'NONE', #1035, #2711, #265, .T. ) ;
#2694 = EDGE_CURVE ( 'NONE', #654, #1899, #3023, .T. ) ;
#2695 = ORIENTED_EDGE ( 'NONE', *, *, #232, .T. ) ;
#2696 = CARTESIAN_POINT ( 'NONE',  ( -9.220209557108470122, -17.74789383907299367, 20.95250000000001123 ) ) ;
#2697 = DIRECTION ( 'NONE',  ( -1.000000000000000000, 0.000000000000000000, 0.000000000000000000 ) ) ;
#2698 = LINE ( 'NONE', #2486, #491 ) ;
#2699 = CARTESIAN_POINT ( 'NONE',  ( 0.000000000000000000, 0.000000000000000000, 12.45250000000002899 ) ) ;
#2700 = CARTESIAN_POINT ( 'NONE',  ( 17.84844221318240187, 2.417576611628637462, 13.65161592689714176 ) ) ;
#2701 = ORIENTED_EDGE ( 'NONE', *, *, #2856, .T. ) ;
#2702 = CARTESIAN_POINT ( 'NONE',  ( 6.461333067041914902, 13.81353231424713002, 15.95250000000002899 ) ) ;
#2703 = CIRCLE ( 'NONE', #3005, 15.24999999999996625 ) ;
#2704 = CARTESIAN_POINT ( 'NONE',  ( 15.54342514251046659, -8.911278440325588690, 13.73097447711098162 ) ) ;
#2705 = VECTOR ( 'NONE', #851, 1000.000000000000227 ) ;
#2706 = ORIENTED_EDGE ( 'NONE', *, *, #2969, .T. ) ;
#2707 = EDGE_CURVE ( 'NONE', #2127, #1234, #1686, .T. ) ;
#2708 = CARTESIAN_POINT ( 'NONE',  ( 2.552699999999988645, 17.24208948562058552, 14.13583967297115151 ) ) ;
#2709 = ORIENTED_EDGE ( 'NONE', *, *, #1471, .T. ) ;
#2710 = CARTESIAN_POINT ( 'NONE',  ( 6.707455639401711522, -14.38418503770799717, 15.43483987260196955 ) ) ;
#2711 = VERTEX_POINT ( 'NONE', #976 ) ;
#2712 = CARTESIAN_POINT ( 'NONE',  ( -9.949999999999999289, 3.673940397442070592E-17, 8.922500000000013642 ) ) ;
#2713 = CARTESIAN_POINT ( 'NONE',  ( 2.267560355779606240, -18.20190930202592128, 13.37599486372628377 ) ) ;
#2714 = DIRECTION ( 'NONE',  ( -1.000000000000000000, -2.081668171172168119E-15, 0.000000000000000000 ) ) ;
#2715 = CARTESIAN_POINT ( 'NONE',  ( -15.83247828454773298, -2.279860666587790963, 15.33120417397834956 ) ) ;
#2716 = CYLINDRICAL_SURFACE ( 'NONE', #271, 2.500000000000000444 ) ;
#2717 = CARTESIAN_POINT ( 'NONE',  ( 8.911278440325576256, 15.54342514251047547, 13.73097447711098518 ) ) ;
#2718 = VERTEX_POINT ( 'NONE', #1159 ) ;
#2719 = DIRECTION ( 'NONE',  ( -0.000000000000000000, -0.000000000000000000, 1.000000000000000000 ) ) ;
#2720 = CARTESIAN_POINT ( 'NONE',  ( -15.90596424907342943, -5.876614307400082282, 20.95250000000000057 ) ) ;
#2721 = ORIENTED_EDGE ( 'NONE', *, *, #2197, .T. ) ;
#2722 = DIRECTION ( 'NONE',  ( -0.000000000000000000, -0.000000000000000000, 1.000000000000000000 ) ) ;
#2723 = AXIS2_PLACEMENT_3D ( 'NONE', #965, #1224, #1964 ) ;
#2724 = EDGE_CURVE ( 'NONE', #1971, #49, #796, .T. ) ;
#2725 = ORIENTED_EDGE ( 'NONE', *, *, #3054, .T. ) ;
#2726 = AXIS2_PLACEMENT_3D ( 'NONE', #171, #2728, #1321 ) ;
#2727 = ORIENTED_EDGE ( 'NONE', *, *, #2294, .T. ) ;
#2728 = DIRECTION ( 'NONE',  ( 0.000000000000000000, 0.000000000000000000, -1.000000000000000000 ) ) ;
#2729 = CARTESIAN_POINT ( 'NONE',  ( -8.837619326370838024, 13.03683184835017705, 20.95250000000000057 ) ) ;
#2730 = DIRECTION ( 'NONE',  ( -0.000000000000000000, -0.000000000000000000, -1.000000000000000000 ) ) ;
#2731 = DIRECTION ( 'NONE',  ( 0.000000000000000000, 0.000000000000000000, -1.000000000000000000 ) ) ;
#2732 = DIRECTION ( 'NONE',  ( 0.000000000000000000, 0.000000000000000000, -1.000000000000000000 ) ) ;
#2733 = ORIENTED_EDGE ( 'NONE', *, *, #1876, .F. ) ;
#2734 = FACE_OUTER_BOUND ( 'NONE', #762, .T. ) ;
#2735 = EDGE_CURVE ( 'NONE', #1111, #1024, #2116, .T. ) ;
#2736 = ADVANCED_FACE ( 'NONE', ( #1192 ), #27, .T. ) ;
#2737 = AXIS2_PLACEMENT_3D ( 'NONE', #1919, #516, #2180 ) ;
#2738 = CARTESIAN_POINT ( 'NONE',  ( -8.837619326370825590, 13.03683184835015219, 20.95250000000000057 ) ) ;
#2739 = CARTESIAN_POINT ( 'NONE',  ( 6.571849858779185816, -14.09337750270187151, 15.70223204993002852 ) ) ;
#2740 = AXIS2_PLACEMENT_3D ( 'NONE', #1540, #1087, #3000 ) ;
#2741 = VERTEX_POINT ( 'NONE', #948 ) ;
#2742 = EDGE_CURVE ( 'NONE', #233, #1658, #2286, .T. ) ;
#2743 = UNCERTAINTY_MEASURE_WITH_UNIT (LENGTH_MEASURE( 1.000000000000000082E-05 ), #2376, 'distance_accuracy_value', 'NONE');
#2744 = ORIENTED_EDGE ( 'NONE', *, *, #442, .F. ) ;
#2745 = EDGE_CURVE ( 'NONE', #742, #1534, #467, .T. ) ;
#2746 = CARTESIAN_POINT ( 'NONE',  ( 15.10617023697719397, 10.24041604484234291, 13.45249999999999346 ) ) ;
#2747 = DIRECTION ( 'NONE',  ( -0.000000000000000000, -0.000000000000000000, 1.000000000000000000 ) ) ;
#2748 = CARTESIAN_POINT ( 'NONE',  ( 0.000000000000000000, 0.000000000000000000, 20.95250000000000057 ) ) ;
#2749 = CARTESIAN_POINT ( 'NONE',  ( -15.97310445516565380, -8.298188601397685105, 20.95250000000000057 ) ) ;
#2750 = CARTESIAN_POINT ( 'NONE',  ( 2.552699999999989089, 17.00000000000000000, 20.95250000000000057 ) ) ;
#2751 = EDGE_LOOP ( 'NONE', ( #2217, #921, #432, #754 ) ) ;
#2752 = EDGE_LOOP ( 'NONE', ( #277, #2264, #307, #1208, #1223, #326 ) ) ;
#2753 = CARTESIAN_POINT ( 'NONE',  ( -15.90596424906878070, -5.876614307397091785, 14.53013648778938816 ) ) ;
#2754 = CIRCLE ( 'NONE', #183, 2.500000000000000444 ) ;
#2755 = DIRECTION ( 'NONE',  ( -1.000000000000000000, 0.000000000000000000, 0.000000000000000000 ) ) ;
#2756 = CIRCLE ( 'NONE', #1415, 2.500000000000000444 ) ;
#2757 = ORIENTED_EDGE ( 'NONE', *, *, #37, .F. ) ;
#2758 = AXIS2_PLACEMENT_3D ( 'NONE', #2067, #417, #1832 ) ;
#2759 = ORIENTED_EDGE ( 'NONE', *, *, #206, .F. ) ;
#2760 = CARTESIAN_POINT ( 'NONE',  ( 2.552699999999989089, 17.00000000000000000, 20.20249999999999346 ) ) ;
#2761 = AXIS2_PLACEMENT_3D ( 'NONE', #868, #2684, #816 ) ;
#2762 = DIRECTION ( 'NONE',  ( 0.000000000000000000, 0.000000000000000000, -1.000000000000000000 ) ) ;
#2763 = CARTESIAN_POINT ( 'NONE',  ( 14.44730000000001269, 1.353565367693593831E-15, 20.20249999999999346 ) ) ;
#2764 = ORIENTED_EDGE ( 'NONE', *, *, #565, .T. ) ;
#2765 = EDGE_CURVE ( 'NONE', #2839, #2514, #1566, .T. ) ;
#2766 = ORIENTED_EDGE ( 'NONE', *, *, #3057, .F. ) ;
#2767 = CARTESIAN_POINT ( 'NONE',  ( -10.13464723848639792, 0.7961048550385581013, -9.286633249318480665 ) ) ;
#2768 = DIRECTION ( 'NONE',  ( -0.000000000000000000, -0.000000000000000000, 1.000000000000000000 ) ) ;
#2769 = B_SPLINE_CURVE_WITH_KNOTS ( 'NONE', 3,
 ( #2051, #418, #2538, #1595, #1360, #652, #2311, #2261, #2455, #2049, #98, #801, #2974, #132 ),
 .UNSPECIFIED., .F., .F.,
 ( 4, 2, 2, 2, 2, 2, 4 ),
 ( 0.000000000000000000, 0.001238575137625136120, 0.002477150275250272239, 0.003096437844062843552, 0.003715725412875414864, 0.004335012981687986176, 0.004954300550500557489 ),
 .UNSPECIFIED. ) ;
#2770 = CIRCLE ( 'NONE', #2871, 2.552699999999989089 ) ;
#2771 = ORIENTED_EDGE ( 'NONE', *, *, #2098, .T. ) ;
#2772 = ORIENTED_EDGE ( 'NONE', *, *, #2422, .T. ) ;
#2773 = PLANE ( 'NONE',  #2726 ) ;
#2774 = CARTESIAN_POINT ( 'NONE',  ( 22.50000000000000000, 0.000000000000000000, 0.000000000000000000 ) ) ;
#2775 = EDGE_CURVE ( 'NONE', #2163, #2597, #3068, .T. ) ;
#2776 = CARTESIAN_POINT ( 'NONE',  ( 19.55269999999999087, 1.040949779275250140E-15, 20.95250000000000057 ) ) ;
#2777 = CONICAL_SURFACE ( 'NONE', #1887, 10.25000000000000000, 0.7853981633974518317 ) ;
#2778 = FACE_OUTER_BOUND ( 'NONE', #1606, .T. ) ;
#2779 = AXIS2_PLACEMENT_3D ( 'NONE', #2279, #150, #1097 ) ;
#2780 = LINE ( 'NONE', #661, #817 ) ;
#2781 = EDGE_LOOP ( 'NONE', ( #33, #1154, #2649, #689 ) ) ;
#2782 = ORIENTED_EDGE ( 'NONE', *, *, #859, .T. ) ;
#2783 = LINE ( 'NONE', #2325, #2370 ) ;
#2784 = DIRECTION ( 'NONE',  ( -1.000000000000000000, 0.000000000000000000, 0.000000000000000000 ) ) ;
#2785 = EDGE_LOOP ( 'NONE', ( #1528, #2797, #2923, #1481 ) ) ;
#2786 = VERTEX_POINT ( 'NONE', #1664 ) ;
#2787 = ADVANCED_FACE ( 'NONE', ( #730 ), #2605, .T. ) ;
#2788 = LINE ( 'NONE', #2283, #2877 ) ;
#2789 = CARTESIAN_POINT ( 'NONE',  ( 2.081899558550500280E-15, -17.00000000000000000, 20.95250000000000057 ) ) ;
#2790 = CARTESIAN_POINT ( 'NONE',  ( 18.43930083834924005, 2.120791425625229820, 13.19405235933981935 ) ) ;
#2791 = EDGE_CURVE ( 'NONE', #1106, #725, #352, .T. ) ;
#2792 = CARTESIAN_POINT ( 'NONE',  ( -8.298188601397621156, -15.97310445516568755, 20.95250000000001123 ) ) ;
#2793 = CARTESIAN_POINT ( 'NONE',  ( -5.772273389047883896, -15.74383087176293294, 14.68700827469084480 ) ) ;
#2794 = EDGE_LOOP ( 'NONE', ( #2695, #195, #5, #2390, #988, #1220, #1362, #766, #1984, #1330, #2946 ) ) ;
#2795 = FACE_OUTER_BOUND ( 'NONE', #901, .T. ) ;
#2796 = DIRECTION ( 'NONE',  ( 0.8409133892554029321, -0.5411697254752813047, 0.000000000000000000 ) ) ;
#2797 = ORIENTED_EDGE ( 'NONE', *, *, #442, .T. ) ;
#2798 = ORIENTED_EDGE ( 'NONE', *, *, #387, .F. ) ;
#2799 = FACE_OUTER_BOUND ( 'NONE', #248, .T. ) ;
#2800 = CIRCLE ( 'NONE', #2215, 10.25000000000000000 ) ;
#2801 = CYLINDRICAL_SURFACE ( 'NONE', #2841, 2.500000000000000444 ) ;
#2802 = CARTESIAN_POINT ( 'NONE',  ( -10.96749345972316902, 7.434822607899284286, 36.95250000000000057 ) ) ;
#2803 = AXIS2_PLACEMENT_3D ( 'NONE', #2216, #134, #1970 ) ;
#2804 = DIRECTION ( 'NONE',  ( -1.000000000000000000, 0.000000000000000000, 0.000000000000000000 ) ) ;
#2805 = DIRECTION ( 'NONE',  ( -0.000000000000000000, -0.000000000000000000, -1.000000000000000000 ) ) ;
#2806 = VERTEX_POINT ( 'NONE', #58 ) ;
#2807 = CARTESIAN_POINT ( 'NONE',  ( 0.000000000000000000, 17.00000000000000000, 12.45250000000002899 ) ) ;
#2808 = EDGE_CURVE ( 'NONE', #1033, #2839, #46, .T. ) ;
#2809 = DIRECTION ( 'NONE',  ( -1.000000000000000000, 0.000000000000000000, 0.000000000000000000 ) ) ;
#2810 = ORIENTED_EDGE ( 'NONE', *, *, #1638, .F. ) ;
#2811 = DIRECTION ( 'NONE',  ( 0.000000000000000000, 0.000000000000000000, -1.000000000000000000 ) ) ;
#2812 = EDGE_CURVE ( 'NONE', #2472, #1514, #446, .T. ) ;
#2813 = DIRECTION ( 'NONE',  ( -1.000000000000000000, 0.000000000000000000, 0.000000000000000000 ) ) ;
#2814 = CARTESIAN_POINT ( 'NONE',  ( 19.23467817885090980, -1.240462921454032807, 12.59893518822994274 ) ) ;
#2815 = DIRECTION ( 'NONE',  ( -0.000000000000000000, -0.000000000000000000, -1.000000000000000000 ) ) ;
#2816 = EDGE_CURVE ( 'NONE', #119, #1262, #1221, .T. ) ;
#2817 = EDGE_CURVE ( 'NONE', #1311, #2581, #1979, .T. ) ;
#2818 = FILL_AREA_STYLE ('',( #2104 ) ) ;
#2819 = FACE_OUTER_BOUND ( 'NONE', #2434, .T. ) ;
#2820 = STYLED_ITEM ( 'NONE', ( #2403 ), #2685 ) ;
#2821 = ORIENTED_EDGE ( 'NONE', *, *, #2549, .F. ) ;
#2822 = ORIENTED_EDGE ( 'NONE', *, *, #632, .T. ) ;
#2823 = EDGE_CURVE ( 'NONE', #2918, #19, #1740, .T. ) ;
#2824 = CARTESIAN_POINT ( 'NONE',  ( 0.000000000000000000, 0.000000000000000000, 20.95250000000000057 ) ) ;
#2825 = EDGE_CURVE ( 'NONE', #1967, #1688, #653, .T. ) ;
#2826 = LINE ( 'NONE', #707, #2832 ) ;
#2827 = ORIENTED_EDGE ( 'NONE', *, *, #496, .T. ) ;
#2828 = CIRCLE ( 'NONE', #706, 19.44999999999995310 ) ;
#2829 = EDGE_LOOP ( 'NONE', ( #1418, #1642 ) ) ;
#2830 = CARTESIAN_POINT ( 'NONE',  ( -14.82362479812286793, -7.558441085910888368, 20.95250000000000057 ) ) ;
#2831 = CARTESIAN_POINT ( 'NONE',  ( 15.83596847304328037, -2.281820531948692832, 15.32809517366347052 ) ) ;
#2832 = VECTOR ( 'NONE', #2150, 1000.000000000000000 ) ;
#2833 = ORIENTED_EDGE ( 'NONE', *, *, #3044, .F. ) ;
#2834 = CARTESIAN_POINT ( 'NONE',  ( -15.97310445516565380, -8.298188601397685105, 12.45250000000002899 ) ) ;
#2835 = EDGE_CURVE ( 'NONE', #1376, #855, #2677, .T. ) ;
#2836 = DIRECTION ( 'NONE',  ( -0.000000000000000000, -0.000000000000000000, 1.000000000000000000 ) ) ;
#2837 = DIRECTION ( 'NONE',  ( -1.000000000000000000, 0.000000000000000000, 0.000000000000000000 ) ) ;
#2838 = CIRCLE ( 'NONE', #314, 2.552699999999989533 ) ;
#2839 = VERTEX_POINT ( 'NONE', #1776 ) ;
#2840 = DIRECTION ( 'NONE',  ( -0.000000000000000000, -0.000000000000000000, 1.000000000000000000 ) ) ;
#2841 = AXIS2_PLACEMENT_3D ( 'NONE', #1043, #846, #3038 ) ;
#2842 = CARTESIAN_POINT ( 'NONE',  ( -12.25000000000002842, 1.500192328955511087E-15, 15.95250000000002899 ) ) ;
#2843 = VECTOR ( 'NONE', #425, 1000.000000000000000 ) ;
#2844 = FACE_OUTER_BOUND ( 'NONE', #155, .T. ) ;
#2845 = ORIENTED_EDGE ( 'NONE', *, *, #2590, .T. ) ;
#2846 = VERTEX_POINT ( 'NONE', #2208 ) ;
#2847 = DIRECTION ( 'NONE',  ( -0.000000000000000000, -0.000000000000000000, 1.000000000000000000 ) ) ;
#2848 = VERTEX_POINT ( 'NONE', #1942 ) ;
#2849 = DIRECTION ( 'NONE',  ( -0.000000000000000000, -0.000000000000000000, -1.000000000000000000 ) ) ;
#2850 = AXIS2_PLACEMENT_3D ( 'NONE', #2632, #2170, #553 ) ;
#2851 = CARTESIAN_POINT ( 'NONE',  ( -7.434822607899279845, 10.96749345972317080, 36.95250000000000057 ) ) ;
#2852 = LINE ( 'NONE', #1680, #1119 ) ;
#2854 = VERTEX_POINT ( 'NONE', #1235 ) ;
#2853 = CIRCLE ( 'NONE', #1516, 2.552699999999990865 ) ;
#2855 = DIRECTION ( 'NONE',  ( 1.000000000000000000, 0.000000000000000000, 0.000000000000000000 ) ) ;
#2856 = EDGE_CURVE ( 'NONE', #815, #2554, #405, .T. ) ;
#2857 = EDGE_CURVE ( 'NONE', #815, #152, #1482, .T. ) ;
#2858 = CARTESIAN_POINT ( 'NONE',  ( -9.499649083309794406, 15.45619419931772498, 13.54329515623123470 ) ) ;
#2859 = B_SPLINE_CURVE_WITH_KNOTS ( 'NONE', 3,
 ( #624, #2317, #1552, #1337, #2501, #1839 ),
 .UNSPECIFIED., .F., .F.,
 ( 4, 2, 4 ),
 ( 0.000000000000000000, 0.001306840191286561328, 0.002613680382573122657 ),
 .UNSPECIFIED. ) ;
#2860 = AXIS2_PLACEMENT_3D ( 'NONE', #2321, #891, #713 ) ;
#2861 = DIRECTION ( 'NONE',  ( 0.000000000000000000, 0.000000000000000000, -1.000000000000000000 ) ) ;
#2862 = ORIENTED_EDGE ( 'NONE', *, *, #1316, .T. ) ;
#2863 = CIRCLE ( 'NONE', #890, 2.000000000000000000 ) ;
#2864 = CARTESIAN_POINT ( 'NONE',  ( 2.027945887462243135, -15.40532432712683075, 15.71384414174010402 ) ) ;
#2865 = CARTESIAN_POINT ( 'NONE',  ( -10.13464723848639792, -0.7961048550385581013, -9.286633249318480665 ) ) ;
#2866 = ORIENTED_EDGE ( 'NONE', *, *, #456, .T. ) ;
#2867 = FACE_OUTER_BOUND ( 'NONE', #738, .T. ) ;
#2868 = DIRECTION ( 'NONE',  ( -0.000000000000000000, -0.000000000000000000, -1.000000000000000000 ) ) ;
#2869 = DIRECTION ( 'NONE',  ( -1.000000000000000000, 0.000000000000000000, 0.000000000000000000 ) ) ;
#2870 = ORIENTED_EDGE ( 'NONE', *, *, #1647, .F. ) ;
#2871 = AXIS2_PLACEMENT_3D ( 'NONE', #2807, #720, #1635 ) ;
#2872 = AXIS2_PLACEMENT_3D ( 'NONE', #2362, #1392, #2143 ) ;
#2873 = CARTESIAN_POINT ( 'NONE',  ( -6.616361822886814181, -17.05544390611625261, 20.95250000000001123 ) ) ;
#2874 = CARTESIAN_POINT ( 'NONE',  ( -10.25000000000000000, 0.000000000000000000, 8.922500000000013642 ) ) ;
#2875 = ORIENTED_EDGE ( 'NONE', *, *, #2637, .T. ) ;
#2876 = B_SPLINE_CURVE_WITH_KNOTS ( 'NONE', 3,
 ( #1849, #2767, #3004, #1346 ),
 .UNSPECIFIED., .F., .F.,
 ( 4, 4 ),
 ( 2.811764324001577481E-07, 0.0003551281470204432022 ),
 .UNSPECIFIED. ) ;
#2877 = VECTOR ( 'NONE', #2057, 1000.000000000000000 ) ;
#2878 = EDGE_CURVE ( 'NONE', #360, #1741, #1591, .T. ) ;
#2879 = CARTESIAN_POINT ( 'NONE',  ( -6.971297019560492636, -17.47378177273657940, 12.98333490832791171 ) ) ;
#2880 = ORIENTED_EDGE ( 'NONE', *, *, #1670, .F. ) ;
#2881 = CARTESIAN_POINT ( 'NONE',  ( -17.85132716769502537, 2.416326068246866132, 13.64936626220107740 ) ) ;
#2882 = DIRECTION ( 'NONE',  ( 0.000000000000000000, 0.000000000000000000, 1.000000000000000000 ) ) ;
#2883 = ORIENTED_EDGE ( 'NONE', *, *, #2816, .F. ) ;
#2884 = CARTESIAN_POINT ( 'NONE',  ( -10.21878048780487980, -0.7993906066863060156, 9.054544651637545627 ) ) ;
#2885 = VERTEX_POINT ( 'NONE', #327 ) ;
#2886 = DIRECTION ( 'NONE',  ( 0.000000000000000000, 0.000000000000000000, 1.000000000000000000 ) ) ;
#2887 = CARTESIAN_POINT ( 'NONE',  ( 2.518446174588942377, -17.48560141098073117, 13.93938571616072863 ) ) ;
#2888 = ADVANCED_FACE ( 'NONE', ( #76 ), #2577, .F. ) ;
#2889 = ORIENTED_EDGE ( 'NONE', *, *, #2315, .T. ) ;
#2890 = AXIS2_PLACEMENT_3D ( 'NONE', #2830, #477, #1420 ) ;
#2891 = CARTESIAN_POINT ( 'NONE',  ( 0.000000000000000000, 0.000000000000000000, -20.70249999999997925 ) ) ;
#2892 = VECTOR ( 'NONE', #807, 1000.000000000000114 ) ;
#2893 = FACE_OUTER_BOUND ( 'NONE', #703, .T. ) ;
#2894 = ORIENTED_EDGE ( 'NONE', *, *, #1562, .F. ) ;
#2895 = EDGE_CURVE ( 'NONE', #2174, #1549, #2435, .T. ) ;
#2896 = CARTESIAN_POINT ( 'NONE',  ( 3.302700000000001079, -17.00000000000000000, 20.95250000000000057 ) ) ;
#2897 = ORIENTED_EDGE ( 'NONE', *, *, #1245, .F. ) ;
#2898 = CARTESIAN_POINT ( 'NONE',  ( -19.23467817885090625, 1.240462921454036360, 12.59893518822993919 ) ) ;
#2899 = EDGE_LOOP ( 'NONE', ( #1634, #676, #177, #944, #473, #169 ) ) ;
#2900 = EDGE_CURVE ( 'NONE', #1821, #2312, #1011, .T. ) ;
#2901 = DIRECTION ( 'NONE',  ( 1.000000000000000000, 0.000000000000000000, 0.000000000000000000 ) ) ;
#2902 = B_SPLINE_CURVE_WITH_KNOTS ( 'NONE', 3,
 ( #1389, #1432, #696, #1643, #2583, #740, #462, #973, #727, #2385, #245, #1406 ),
 .UNSPECIFIED., .F., .F.,
 ( 4, 2, 2, 2, 2, 4 ),
 ( 0.002613680382573122657, 0.003551462341724145530, 0.004489244300875168403, 0.004958135280450685911, 0.005427026260026201684, 0.006364808219177240170 ),
 .UNSPECIFIED. ) ;
#2903 = ORIENTED_EDGE ( 'NONE', *, *, #2149, .F. ) ;
#2904 = DIRECTION ( 'NONE',  ( -1.000000000000000000, 0.000000000000000000, 0.000000000000000000 ) ) ;
#2905 = CARTESIAN_POINT ( 'NONE',  ( 1.328381590908069843, -19.19855440335144436, 12.62503864713502111 ) ) ;
#2906 = EDGE_CURVE ( 'NONE', #997, #2005, #546, .T. ) ;
#2907 = AXIS2_PLACEMENT_3D ( 'NONE', #3053, #512, #1409 ) ;
#2908 = CARTESIAN_POINT ( 'NONE',  ( -8.249999999999992895, 1.025641694285907852E-15, -20.95249999999998636 ) ) ;
#2909 = FACE_OUTER_BOUND ( 'NONE', #2171, .T. ) ;
#2910 = ORIENTED_EDGE ( 'NONE', *, *, #1963, .T. ) ;
#2911 = CIRCLE ( 'NONE', #1121, 13.25000000000002842 ) ;
#2912 = CARTESIAN_POINT ( 'NONE',  ( 6.571849858779180487, 14.09337750270184841, 15.70223204993004984 ) ) ;
#2913 = ORIENTED_EDGE ( 'NONE', *, *, #1733, .T. ) ;
#2914 = CARTESIAN_POINT ( 'NONE',  ( -15.47379782539895920, 2.057275202303975536, 15.65273372456634604 ) ) ;
#2915 = VERTEX_POINT ( 'NONE', #2662 ) ;
#2916 = CARTESIAN_POINT ( 'NONE',  ( -2.552699999999989089, 17.00000000000000000, 20.20249999999999346 ) ) ;
#2917 = EDGE_CURVE ( 'NONE', #855, #2973, #2480, .T. ) ;
#2918 = VERTEX_POINT ( 'NONE', #2450 ) ;
#2919 = DIRECTION ( 'NONE',  ( -0.5411697254752811936, -0.8409133892554029321, -0.000000000000000000 ) ) ;
#2920 = CARTESIAN_POINT ( 'NONE',  ( 17.00000000000000000, 1.040949779275250140E-15, 20.95250000000000057 ) ) ;
#2921 = CARTESIAN_POINT ( 'NONE',  ( -10.24041604484238555, 15.10617023697716199, 36.95250000000000057 ) ) ;
#2922 = CARTESIAN_POINT ( 'NONE',  ( 0.000000000000000000, 0.000000000000000000, 20.95250000000001123 ) ) ;
#2923 = ORIENTED_EDGE ( 'NONE', *, *, #1670, .T. ) ;
#2924 = CARTESIAN_POINT ( 'NONE',  ( -9.776819379643779229, -9.776819379643784558, 15.95250000000002899 ) ) ;
#2925 = EDGE_CURVE ( 'NONE', #1106, #623, #2093, .T. ) ;
#2926 = VECTOR ( 'NONE', #794, 1000.000000000000000 ) ;
#2927 = FACE_OUTER_BOUND ( 'NONE', #3060, .T. ) ;
#2928 = EDGE_CURVE ( 'NONE', #2446, #839, #93, .T. ) ;
#2929 = VERTEX_POINT ( 'NONE', #1055 ) ;
#2930 = CYLINDRICAL_SURFACE ( 'NONE', #6, 7.937500000000003553 ) ;
#2931 = AXIS2_PLACEMENT_3D ( 'NONE', #2956, #2230, #1046 ) ;
#2932 = ORIENTED_EDGE ( 'NONE', *, *, #82, .T. ) ;
#2933 = CARTESIAN_POINT ( 'NONE',  ( -19.55269999999999087, 1.353565367693593831E-15, 20.20249999999999346 ) ) ;
#2934 = ORIENTED_EDGE ( 'NONE', *, *, #1274, .F. ) ;
#2935 = CARTESIAN_POINT ( 'NONE',  ( 7.434822607899277180, -10.96749345972317080, 36.95250000000000057 ) ) ;
#2936 = CARTESIAN_POINT ( 'NONE',  ( 1.773737329655703077, -18.84102779854411125, 12.89079262408380444 ) ) ;
#2937 = DIRECTION ( 'NONE',  ( -1.000000000000000000, 0.000000000000000000, 0.000000000000000000 ) ) ;
#2938 = CLOSED_SHELL ( 'NONE', ( #1049, #2246, #410, #2413, #2653, #1449, #2119, #12, #2563, #1388, #905, #1170, #110, #433, #2092, #2411, #1475, #319, #2314, #268, #2736, #640, #2378, #53, #2539, #993, #1397, #2336, #2269, #1767, #2021, #2039, #865, #2091, #121, #3059, #1602, #718, #941, #2186, #2561, #2970, #1412, #2288, #875, #1874, #2888, #2599, #1001, #1326, #1271, #145, #1952, #301, #2673, #1637, #1229, #1242, #1884, #1260, #508, #586, #675, #2004, #292, #1285, #522, #2787, #1498, #441, #2976, #1870, #1096, #1017, #2421, #627, #434, #1137, #1728, #768, #2059, #3006, #402, #2658 ) ) ;
#2939 = LINE ( 'NONE', #1272, #1167 ) ;
#2940 = CARTESIAN_POINT ( 'NONE',  ( 15.83247828454773298, 2.279860666587792739, 15.33120417397834601 ) ) ;
#2941 = ORIENTED_EDGE ( 'NONE', *, *, #930, .T. ) ;
#2942 = CARTESIAN_POINT ( 'NONE',  ( -17.83425949877804939, -7.555742730804941409, 12.52035698121801843 ) ) ;
#2943 = CARTESIAN_POINT ( 'NONE',  ( -7.434822607899279845, 10.96749345972317080, 15.95250000000002899 ) ) ;
#2944 = ORIENTED_EDGE ( 'NONE', *, *, #67, .F. ) ;
#2945 = CARTESIAN_POINT ( 'NONE',  ( 1.970590168068622416, 18.64454555244250145, 13.03783920722382383 ) ) ;
#2946 = ORIENTED_EDGE ( 'NONE', *, *, #2429, .F. ) ;
#2947 = CARTESIAN_POINT ( 'NONE',  ( 1.763399517110305185E-15, 0.000000000000000000, 12.45250000000002899 ) ) ;
#2948 = VECTOR ( 'NONE', #1103, 1000.000000000000000 ) ;
#2949 = ORIENTED_EDGE ( 'NONE', *, *, #631, .T. ) ;
#2950 = DIRECTION ( 'NONE',  ( -0.000000000000000000, -0.000000000000000000, 1.000000000000000000 ) ) ;
#2951 = CARTESIAN_POINT ( 'NONE',  ( 13.03683184835017350, -8.837619326370843353, 20.95250000000000057 ) ) ;
#2952 = DIRECTION ( 'NONE',  ( 0.000000000000000000, 0.000000000000000000, -1.000000000000000000 ) ) ;
#2953 = DIRECTION ( 'NONE',  ( 0.000000000000000000, 0.000000000000000000, 1.000000000000000000 ) ) ;
#2954 = LINE ( 'NONE', #832, #2998 ) ;
#2955 = ORIENTED_EDGE ( 'NONE', *, *, #1813, .F. ) ;
#2956 = CARTESIAN_POINT ( 'NONE',  ( 0.000000000000000000, -4.336808689942017736E-15, 36.95250000000000057 ) ) ;
#2957 = EDGE_CURVE ( 'NONE', #2846, #1899, #945, .T. ) ;
#2958 = CONICAL_SURFACE ( 'NONE', #280, 15.24999999999996625, 0.8760580505981923061 ) ;
#2959 = CARTESIAN_POINT ( 'NONE',  ( 0.000000000000000000, 0.000000000000000000, 12.70250000000003610 ) ) ;
#2960 = CIRCLE ( 'NONE', #2265, 8.249999999999992895 ) ;
#2961 = ORIENTED_EDGE ( 'NONE', *, *, #192, .F. ) ;
#2962 = CARTESIAN_POINT ( 'NONE',  ( 0.000000000000000000, 17.00000000000000000, 15.95250000000002899 ) ) ;
#2963 = EDGE_LOOP ( 'NONE', ( #376, #69, #1061, #2042, #2412, #3035, #1054 ) ) ;
#2964 = ORIENTED_EDGE ( 'NONE', *, *, #2816, .T. ) ;
#2965 = DIRECTION ( 'NONE',  ( 0.000000000000000000, 0.000000000000000000, -1.000000000000000000 ) ) ;
#2966 = DIRECTION ( 'NONE',  ( -0.000000000000000000, -0.000000000000000000, -1.000000000000000000 ) ) ;
#2967 = DIRECTION ( 'NONE',  ( 0.5411697254752811936, 0.8409133892554028211, 0.000000000000000000 ) ) ;
#2968 = CARTESIAN_POINT ( 'NONE',  ( 0.000000000000000000, 0.000000000000000000, 15.95250000000002899 ) ) ;
#2969 = EDGE_CURVE ( 'NONE', #1118, #170, #1937, .T. ) ;
#2970 = ADVANCED_FACE ( 'NONE', ( #903 ), #2517, .F. ) ;
#2971 = DIRECTION ( 'NONE',  ( 0.000000000000000000, 0.000000000000000000, 1.000000000000000000 ) ) ;
#2972 = CARTESIAN_POINT ( 'NONE',  ( 14.44730000000001269, 1.353565367693593831E-15, 20.95250000000000057 ) ) ;
#2973 = VERTEX_POINT ( 'NONE', #1570 ) ;
#2974 = CARTESIAN_POINT ( 'NONE',  ( 15.22417661404508138, 10.06633870137988040, 13.45249999999999346 ) ) ;
#2975 = CARTESIAN_POINT ( 'NONE',  ( 0.000000000000000000, 0.000000000000000000, 0.000000000000000000 ) ) ;
#2976 = ADVANCED_FACE ( 'NONE', ( #2996 ), #2982, .F. ) ;
#2977 = CARTESIAN_POINT ( 'NONE',  ( 6.529451097731731934, -14.00245306621457431, 15.78583539619185849 ) ) ;
#2978 = AXIS2_PLACEMENT_3D ( 'NONE', #781, #2172, #311 ) ;
#2979 = ORIENTED_EDGE ( 'NONE', *, *, #691, .F. ) ;
#2980 =( GEOMETRIC_REPRESENTATION_CONTEXT ( 3 ) GLOBAL_UNCERTAINTY_ASSIGNED_CONTEXT ( ( #1568 ) ) GLOBAL_UNIT_ASSIGNED_CONTEXT ( ( #643, #156, #2300 ) ) REPRESENTATION_CONTEXT ( 'NONE', 'WORKASPACE' ) );
#2981 = ORIENTED_EDGE ( 'NONE', *, *, #34, .F. ) ;
#2982 = CYLINDRICAL_SURFACE ( 'NONE', #996, 2.500000000000000444 ) ;
#2983 = DIRECTION ( 'NONE',  ( -1.000000000000000000, 0.000000000000000000, 0.000000000000000000 ) ) ;
#2984 = DIRECTION ( 'NONE',  ( -0.000000000000000000, -0.000000000000000000, 1.000000000000000000 ) ) ;
#2985 = DIRECTION ( 'NONE',  ( -1.000000000000000000, 0.000000000000000000, -0.000000000000000000 ) ) ;
#2986 = EDGE_CURVE ( 'NONE', #606, #2139, #1350, .T. ) ;
#2987 = FACE_OUTER_BOUND ( 'NONE', #1044, .T. ) ;
#2988 = ORIENTED_EDGE ( 'NONE', *, *, #1957, .F. ) ;
#2989 = CARTESIAN_POINT ( 'NONE',  ( -17.67480478580423053, -7.240883439613187811, 12.74386777645205449 ) ) ;
#2990 = AXIS2_PLACEMENT_3D ( 'NONE', #1085, #1778, #2714 ) ;
#2991 = DIRECTION ( 'NONE',  ( -1.000000000000000000, 0.000000000000000000, 0.000000000000000000 ) ) ;
#2992 = CARTESIAN_POINT ( 'NONE',  ( 1.783368587073856482, 18.84897323647558665, 12.88449399383867267 ) ) ;
#2993 = AXIS2_PLACEMENT_3D ( 'NONE', #1629, #2847, #2813 ) ;
#2994 = ORIENTED_EDGE ( 'NONE', *, *, #849, .T. ) ;
#2995 = ORIENTED_EDGE ( 'NONE', *, *, #1745, .F. ) ;
#2996 = FACE_OUTER_BOUND ( 'NONE', #882, .T. ) ;
#2997 = DIRECTION ( 'NONE',  ( 0.000000000000000000, 0.000000000000000000, -1.000000000000000000 ) ) ;
#2998 = VECTOR ( 'NONE', #130, 1000.000000000000000 ) ;
#2999 = DIRECTION ( 'NONE',  ( 0.000000000000000000, 0.000000000000000000, -1.000000000000000000 ) ) ;
#3000 = DIRECTION ( 'NONE',  ( 1.000000000000000000, 0.000000000000000000, 0.000000000000000000 ) ) ;
#3001 = LINE ( 'NONE', #879, #2843 ) ;
#3002 = VERTEX_POINT ( 'NONE', #1584 ) ;
#3003 = EDGE_LOOP ( 'NONE', ( #2656, #2897, #369, #793 ) ) ;
#3004 = CARTESIAN_POINT ( 'NONE',  ( -10.05231454411518932, 0.7799290110820017441, -9.370002592281931442 ) ) ;
#3005 = AXIS2_PLACEMENT_3D ( 'NONE', #1250, #961, #2185 ) ;
#3006 = ADVANCED_FACE ( 'NONE', ( #1789 ), #362, .F. ) ;
#3007 = CARTESIAN_POINT ( 'NONE',  ( 6.337619326370834472, -13.03683184835017705, 36.95250000000000057 ) ) ;
#3008 = AXIS2_PLACEMENT_3D ( 'NONE', #1537, #810, #1012 ) ;
#3009 = ORIENTED_EDGE ( 'NONE', *, *, #1567, .F. ) ;
#3010 = ORIENTED_EDGE ( 'NONE', *, *, #532, .T. ) ;
#3011 = CARTESIAN_POINT ( 'NONE',  ( 22.50000000000000000, 0.000000000000000000, 12.70250000000003610 ) ) ;
#3012 = DIRECTION ( 'NONE',  ( 0.000000000000000000, 0.000000000000000000, -1.000000000000000000 ) ) ;
#3013 = LINE ( 'NONE', #2802, #78 ) ;
#3014 = CARTESIAN_POINT ( 'NONE',  ( 7.434822607899281621, 10.96749345972316725, 20.95250000000000057 ) ) ;
#3015 = ORIENTED_EDGE ( 'NONE', *, *, #1800, .F. ) ;
#3016 = EDGE_LOOP ( 'NONE', ( #1764, #207, #2757, #65 ) ) ;
#3017 = CARTESIAN_POINT ( 'NONE',  ( 10.75000000000000178, 0.000000000000000000, 9.452500000000016556 ) ) ;
#3018 = CARTESIAN_POINT ( 'NONE',  ( -10.21878048780487802, -0.7993906066863057935, -9.202500000000000568 ) ) ;
#3019 = EDGE_CURVE ( 'NONE', #1035, #2078, #2431, .T. ) ;
#3020 = AXIS2_PLACEMENT_3D ( 'NONE', #2968, #1520, #2011 ) ;
#3021 = VERTEX_POINT ( 'NONE', #888 ) ;
#3022 = ORIENTED_EDGE ( 'NONE', *, *, #2707, .F. ) ;
#3023 = CIRCLE ( 'NONE', #600, 15.24999999999996625 ) ;
#3024 = CARTESIAN_POINT ( 'NONE',  ( -2.469509245272929032, -16.33217273861585994, 14.89598585198412017 ) ) ;
#3025 = CARTESIAN_POINT ( 'NONE',  ( 17.02871636794416688, 2.560831226542870098, 14.31067943260471509 ) ) ;
#3026 = AXIS2_PLACEMENT_3D ( 'NONE', #452, #2836, #1632 ) ;
#3027 = CARTESIAN_POINT ( 'NONE',  ( -10.96749345972316725, 7.434822607899282509, 20.95250000000000057 ) ) ;
#3028 = CARTESIAN_POINT ( 'NONE',  ( 6.571849858779173381, -14.09337750270184486, 13.45249999999999169 ) ) ;
#3029 = ORIENTED_EDGE ( 'NONE', *, *, #1094, .T. ) ;
#3030 = EDGE_CURVE ( 'NONE', #2359, #1234, #2254, .T. ) ;
#3031 = CARTESIAN_POINT ( 'NONE',  ( -16.41702882502342575, -2.493772426389500918, 14.82306701113556890 ) ) ;
#3032 = VECTOR ( 'NONE', #2580, 1000.000000000000114 ) ;
#3033 = ORIENTED_EDGE ( 'NONE', *, *, #2282, .F. ) ;
#3034 = VECTOR ( 'NONE', #644, 1000.000000000000114 ) ;
#3035 = ORIENTED_EDGE ( 'NONE', *, *, #451, .T. ) ;
#3036 = DIRECTION ( 'NONE',  ( -1.000000000000000000, 0.000000000000000000, 0.000000000000000000 ) ) ;
#3037 = VECTOR ( 'NONE', #1023, 1000.000000000000114 ) ;
#3038 = DIRECTION ( 'NONE',  ( -1.000000000000000000, 0.000000000000000000, 0.000000000000000000 ) ) ;
#3039 = FACE_OUTER_BOUND ( 'NONE', #1396, .T. ) ;
#3040 = DIRECTION ( 'NONE',  ( -1.000000000000000000, 0.000000000000000000, 0.000000000000000000 ) ) ;
#3041 = EDGE_CURVE ( 'NONE', #1844, #2048, #2788, .T. ) ;
#3042 = ORIENTED_EDGE ( 'NONE', *, *, #1876, .T. ) ;
#3043 = LINE ( 'NONE', #1382, #2468 ) ;
#3044 = EDGE_CURVE ( 'NONE', #1967, #2846, #1541, .T. ) ;
#3045 = PLANE ( 'NONE',  #506 ) ;
#3046 = VERTEX_POINT ( 'NONE', #140 ) ;
#3047 = ORIENTED_EDGE ( 'NONE', *, *, #2198, .F. ) ;
#3048 = DIRECTION ( 'NONE',  ( -0.000000000000000000, -0.000000000000000000, -1.000000000000000000 ) ) ;
#3049 = CARTESIAN_POINT ( 'NONE',  ( 16.41555000562214417, -2.493295750962265966, 14.82434461459344455 ) ) ;
#3050 = CARTESIAN_POINT ( 'NONE',  ( 7.937500000000003553, 0.000000000000000000, 0.000000000000000000 ) ) ;
#3051 = AXIS2_PLACEMENT_3D ( 'NONE', #1358, #182, #1123 ) ;
#3052 = CARTESIAN_POINT ( 'NONE',  ( -15.53683184835015396, 8.837619326370829143, 13.76544209882748149 ) ) ;
#3053 = CARTESIAN_POINT ( 'NONE',  ( -15.97310445516565380, -8.298188601397685105, 20.95250000000001123 ) ) ;
#3054 = EDGE_CURVE ( 'NONE', #90, #1185, #841, .T. ) ;
#3055 = VERTEX_POINT ( 'NONE', #2746 ) ;
#3056 = DIRECTION ( 'NONE',  ( 0.000000000000000000, 0.000000000000000000, 1.000000000000000000 ) ) ;
#3057 = EDGE_CURVE ( 'NONE', #511, #1348, #2859, .T. ) ;
#3058 = FACE_OUTER_BOUND ( 'NONE', #1892, .T. ) ;
#3059 = ADVANCED_FACE ( 'NONE', ( #1852, #408 ), #2773, .T. ) ;
#3060 = EDGE_LOOP ( 'NONE', ( #2118, #1477, #2253, #520 ) ) ;
#3061 = ORIENTED_EDGE ( 'NONE', *, *, #752, .T. ) ;
#3062 = CARTESIAN_POINT ( 'NONE',  ( 0.000000000000000000, 0.000000000000000000, -20.70249999999997925 ) ) ;
#3063 = CARTESIAN_POINT ( 'NONE',  ( 17.02807437664907297, -2.560836152283867850, 14.31120782525117008 ) ) ;
#3064 = EDGE_LOOP ( 'NONE', ( #550, #1978, #75, #2810 ) ) ;
#3065 = CARTESIAN_POINT ( 'NONE',  ( -10.21878048780487802, 0.7993906066863057935, -9.202500000000000568 ) ) ;
#3066 = DIRECTION ( 'NONE',  ( 0.7071067811865476838, -0.7071067811865473507, -0.000000000000000000 ) ) ;
#3067 = CARTESIAN_POINT ( 'NONE',  ( -17.05544390611091288, -6.616361822883465749, 13.41597056916007347 ) ) ;
#3068 = CIRCLE ( 'NONE', #2332, 24.22625728283411206 ) ;
#3069 = B_SPLINE_CURVE_WITH_KNOTS ( 'NONE', 3,
 ( #687, #1145, #2304, #1341, #453, #2076 ),
 .UNSPECIFIED., .F., .F.,
 ( 4, 2, 4 ),
 ( 0.000000000000000000, 0.0003906049570558852964, 0.0007812099141117705928 ),
 .UNSPECIFIED. ) ;
#3070 = ORIENTED_EDGE ( 'NONE', *, *, #2724, .T. ) ;
ENDSEC;
END-ISO-10303-21;
