ISO-10303-21;
HEADER;
FILE_DESCRIPTION (( 'STEP AP214' ),
    '1' );
FILE_NAME ('Hub Motor Rotor.STEP',
    '2026-05-07T04:48:55',
    ( '' ),
    ( '' ),
    'SwSTEP 2.0',
    'SolidWorks 2024',
    '' );
FILE_SCHEMA (( 'AUTOMOTIVE_DESIGN' ));
ENDSEC;

DATA;
#1 = EDGE_CURVE ( 'NONE', #4281, #1405, #1723, .T. ) ;
#2 = CARTESIAN_POINT ( 'NONE',  ( -22.14582562299419521, -16.25000000000012790, -20.95249999999998991 ) ) ;
#3 = DIRECTION ( 'NONE',  ( -0.000000000000000000, -0.000000000000000000, 1.000000000000000000 ) ) ;
#4 = CIRCLE ( 'NONE', #4665, 5.999999999999998224 ) ;
#5 = DIRECTION ( 'NONE',  ( 0.000000000000000000, 0.000000000000000000, -1.000000000000000000 ) ) ;
#6 = CARTESIAN_POINT ( 'NONE',  ( 24.50000000000000000, -2.974865471069905409E-22, -16.73027777777775782 ) ) ;
#7 = ORIENTED_EDGE ( 'NONE', *, *, #3561, .F. ) ;
#8 = CIRCLE ( 'NONE', #4567, 34.00000000000000000 ) ;
#9 = EDGE_CURVE ( 'NONE', #1546, #4587, #3871, .T. ) ;
#10 = CARTESIAN_POINT ( 'NONE',  ( -8.263657334641768770, -36.06538461538462315, 19.45250000000001123 ) ) ;
#11 = AXIS2_PLACEMENT_3D ( 'NONE', #2391, #2793, #2363 ) ;
#12 = CARTESIAN_POINT ( 'NONE',  ( -24.23775044968412828, 11.68598624320763690, -14.85884663702077901 ) ) ;
#13 = AXIS2_PLACEMENT_3D ( 'NONE', #4794, #3894, #1266 ) ;
#14 = DIRECTION ( 'NONE',  ( -0.000000000000000000, -0.000000000000000000, -1.000000000000000000 ) ) ;
#15 = CARTESIAN_POINT ( 'NONE',  ( -21.86076800628441674, 0.9808850841252381159, -18.76601292219753248 ) ) ;
#16 = ORIENTED_EDGE ( 'NONE', *, *, #55, .F. ) ;
#17 = EDGE_CURVE ( 'NONE', #1111, #3310, #3953, .T. ) ;
#18 = VECTOR ( 'NONE', #2965, 1000.000000000000000 ) ;
#19 = DIRECTION ( 'NONE',  ( -1.000000000000000000, 0.000000000000000000, 0.000000000000000000 ) ) ;
#20 = CYLINDRICAL_SURFACE ( 'NONE', #937, 2.552699999999990865 ) ;
#21 = CARTESIAN_POINT ( 'NONE',  ( -7.589415207398531038E-16, 0.000000000000000000, -6.249999999999993783 ) ) ;
#22 = ORIENTED_EDGE ( 'NONE', *, *, #3940, .T. ) ;
#23 = CARTESIAN_POINT ( 'NONE',  ( -22.38652745800496291, -1.371729483014212381, -18.34144532159631424 ) ) ;
#24 = ORIENTED_EDGE ( 'NONE', *, *, #4875, .T. ) ;
#25 = ORIENTED_EDGE ( 'NONE', *, *, #3333, .T. ) ;
#26 = CARTESIAN_POINT ( 'NONE',  ( 22.21252533958712760, -17.20425737246376841, -13.93406334752091702 ) ) ;
#27 = CARTESIAN_POINT ( 'NONE',  ( 3.789854940252153970, -27.84523402896615707, -13.92896116591963818 ) ) ;
#28 = DIRECTION ( 'NONE',  ( 0.8571673007021113344, 1.049727191138617463E-16, -0.5150380749100558209 ) ) ;
#29 = ORIENTED_EDGE ( 'NONE', *, *, #2079, .T. ) ;
#30 = DIRECTION ( 'NONE',  ( 0.000000000000000000, 0.000000000000000000, 1.000000000000000000 ) ) ;
#31 = DIRECTION ( 'NONE',  ( 0.000000000000000000, 0.000000000000000000, 1.000000000000000000 ) ) ;
#32 = LINE ( 'NONE', #4048, #929 ) ;
#33 = CARTESIAN_POINT ( 'NONE',  ( 0.000000000000000000, 0.000000000000000000, 0.000000000000000000 ) ) ;
#34 = AXIS2_PLACEMENT_3D ( 'NONE', #5689, #4384, #1683 ) ;
#35 = VERTEX_POINT ( 'NONE', #1273 ) ;
#36 = DIRECTION ( 'NONE',  ( -0.000000000000000000, -0.000000000000000000, 1.000000000000000000 ) ) ;
#37 = AXIS2_PLACEMENT_3D ( 'NONE', #1563, #3336, #2441 ) ;
#38 = CARTESIAN_POINT ( 'NONE',  ( 3.984302198030716898E-15, 32.50000000000000000, -6.249999999999993783 ) ) ;
#39 = CIRCLE ( 'NONE', #5249, 24.50000000000000355 ) ;
#40 = DIRECTION ( 'NONE',  ( -1.000000000000000000, -2.312964634635743450E-15, 0.000000000000000000 ) ) ;
#41 = DIRECTION ( 'NONE',  ( -1.000000000000000000, 0.000000000000000000, 0.000000000000000000 ) ) ;
#42 = ORIENTED_EDGE ( 'NONE', *, *, #5256, .F. ) ;
#43 = DIRECTION ( 'NONE',  ( 0.000000000000000000, 0.000000000000000000, 1.000000000000000000 ) ) ;
#45 = B_SPLINE_CURVE_WITH_KNOTS ( 'NONE', 3,
 ( #4463, #569, #3680, #2687, #1445, #4060, #2257, #4126, #478, #1035, #2287, #5022, #509, #165 ),
 .UNSPECIFIED., .F., .F.,
 ( 4, 2, 2, 2, 2, 2, 4 ),
 ( 0.000000000000000000, 0.001057616366208101108, 0.001586424549312151879, 0.002115232732416202216, 0.002644040915520252770, 0.003172849098624303758, 0.004230465464832400095 ),
 .UNSPECIFIED. ) ;
#44 = DIRECTION ( 'NONE',  ( 0.000000000000000000, 0.000000000000000000, 1.000000000000000000 ) ) ;
#46 = CARTESIAN_POINT ( 'NONE',  ( 32.17337224468786161, -11.80265604994571227, -6.249999999999992006 ) ) ;
#47 = ORIENTED_EDGE ( 'NONE', *, *, #3864, .T. ) ;
#48 = DIRECTION ( 'NONE',  ( -1.000000000000000000, 0.000000000000000000, 0.000000000000000000 ) ) ;
#49 = ORIENTED_EDGE ( 'NONE', *, *, #3102, .F. ) ;
#50 = ORIENTED_EDGE ( 'NONE', *, *, #5413, .F. ) ;
#51 = FACE_OUTER_BOUND ( 'NONE', #3026, .T. ) ;
#52 = CARTESIAN_POINT ( 'NONE',  ( -35.36536794150043050, 10.87615512772294402, 19.45250000000001123 ) ) ;
#53 = DIRECTION ( 'NONE',  ( -1.000000000000000000, 0.000000000000000000, 0.000000000000000000 ) ) ;
#54 = AXIS2_PLACEMENT_3D ( 'NONE', #3744, #2745, #3650 ) ;
#55 = EDGE_CURVE ( 'NONE', #865, #1339, #4504, .T. ) ;
#56 = CARTESIAN_POINT ( 'NONE',  ( -24.50000000000000000, 3.000384657911015469E-15, 11.45250000000002011 ) ) ;
#57 = ORIENTED_EDGE ( 'NONE', *, *, #3304, .F. ) ;
#58 = CARTESIAN_POINT ( 'NONE',  ( -25.00000000000000711, 3.061616997868384226E-15, 11.95250000000002721 ) ) ;
#59 = CARTESIAN_POINT ( 'NONE',  ( 22.19612112945408811, -19.59528855539055670, -12.75755905972785520 ) ) ;
#60 = DIRECTION ( 'NONE',  ( -0.000000000000000000, -0.000000000000000000, 1.000000000000000000 ) ) ;
#61 = MECHANICAL_DESIGN_GEOMETRIC_PRESENTATION_REPRESENTATION (  '', ( #2490 ), #2762 ) ;
#62 = CARTESIAN_POINT ( 'NONE',  ( 0.000000000000000000, 0.000000000000000000, 0.000000000000000000 ) ) ;
#63 = ORIENTED_EDGE ( 'NONE', *, *, #1622, .F. ) ;
#64 = DIRECTION ( 'NONE',  ( -0.000000000000000000, -0.000000000000000000, -1.000000000000000000 ) ) ;
#65 = DIRECTION ( 'NONE',  ( -0.000000000000000000, -0.000000000000000000, -1.000000000000000000 ) ) ;
#66 = CARTESIAN_POINT ( 'NONE',  ( 28.17943617909165965, 9.298287315658884111, -12.70649441957943360 ) ) ;
#67 = EDGE_CURVE ( 'NONE', #2174, #322, #39, .T. ) ;
#68 = LINE ( 'NONE', #4957, #1466 ) ;
#69 = CYLINDRICAL_SURFACE ( 'NONE', #3556, 27.50000000000000355 ) ;
#70 = ORIENTED_EDGE ( 'NONE', *, *, #863, .T. ) ;
#71 = EDGE_CURVE ( 'NONE', #4550, #2475, #3765, .T. ) ;
#72 = DIRECTION ( 'NONE',  ( 1.000000000000000000, 0.000000000000000000, 0.000000000000000000 ) ) ;
#73 = CARTESIAN_POINT ( 'NONE',  ( -24.50000000000000000, 3.000384657918928138E-15, -16.73027777777775782 ) ) ;
#74 = EDGE_CURVE ( 'NONE', #2686, #3112, #2592, .T. ) ;
#75 = AXIS2_PLACEMENT_3D ( 'NONE', #3495, #4834, #2626 ) ;
#76 = DIRECTION ( 'NONE',  ( 0.000000000000000000, 0.000000000000000000, -1.000000000000000000 ) ) ;
#77 = DIRECTION ( 'NONE',  ( -0.000000000000000000, -0.000000000000000000, 1.000000000000000000 ) ) ;
#78 = EDGE_LOOP ( 'NONE', ( #1751, #2327, #2691, #1936 ) ) ;
#79 = CARTESIAN_POINT ( 'NONE',  ( -23.59949903191058951, -1.377942668099398249, -17.39942677602139298 ) ) ;
#80 = ORIENTED_EDGE ( 'NONE', *, *, #2572, .F. ) ;
#81 = ORIENTED_EDGE ( 'NONE', *, *, #305, .F. ) ;
#82 = CIRCLE ( 'NONE', #4824, 4.500000000000007105 ) ;
#83 = CARTESIAN_POINT ( 'NONE',  ( 19.40000000000001279, 2.375814790345866765E-15, -19.45249999999998280 ) ) ;
#84 = CARTESIAN_POINT ( 'NONE',  ( 1.358607526432985324, -26.65265890893362410, -15.02958432439547920 ) ) ;
#85 = EDGE_CURVE ( 'NONE', #2701, #1104, #5178, .T. ) ;
#86 = DIRECTION ( 'NONE',  ( -0.000000000000000000, -0.000000000000000000, 1.000000000000000000 ) ) ;
#87 = CARTESIAN_POINT ( 'NONE',  ( 1.500000000000000444, -23.00000000000000000, -10.07749999999998458 ) ) ;
#88 = ORIENTED_EDGE ( 'NONE', *, *, #5707, .T. ) ;
#89 = DIRECTION ( 'NONE',  ( -0.000000000000000000, -0.000000000000000000, -1.000000000000000000 ) ) ;
#90 = DIRECTION ( 'NONE',  ( -0.8571673007021113344, 0.000000000000000000, -0.5150380749100558209 ) ) ;
#91 = CARTESIAN_POINT ( 'NONE',  ( 22.37785951953027563, 18.39169050088682056, -20.95249999999998991 ) ) ;
#92 = FACE_OUTER_BOUND ( 'NONE', #2395, .T. ) ;
#93 = ORIENTED_EDGE ( 'NONE', *, *, #4972, .F. ) ;
#94 = ORIENTED_EDGE ( 'NONE', *, *, #1457, .T. ) ;
#95 = AXIS2_PLACEMENT_3D ( 'NONE', #3612, #60, #4115 ) ;
#96 = DIRECTION ( 'NONE',  ( 1.000000000000000000, 0.000000000000000000, 0.000000000000000000 ) ) ;
#97 = VECTOR ( 'NONE', #3157, 999.9999999999998863 ) ;
#98 = PLANE ( 'NONE',  #3036 ) ;
#99 = DIRECTION ( 'NONE',  ( -1.000000000000000000, 0.000000000000000000, 0.000000000000000000 ) ) ;
#100 = ADVANCED_FACE ( 'NONE', ( #3051 ), #2511, .F. ) ;
#101 = CARTESIAN_POINT ( 'NONE',  ( 0.000000000000000000, 0.000000000000000000, 12.45250000000002721 ) ) ;
#102 = VECTOR ( 'NONE', #2948, 1000.000000000000000 ) ;
#103 = CARTESIAN_POINT ( 'NONE',  ( 0.000000000000000000, 0.000000000000000000, -12.45249999999997748 ) ) ;
#104 = CARTESIAN_POINT ( 'NONE',  ( 5.088554766783245142, -28.75895860055522846, -13.07056799948432868 ) ) ;
#105 = CYLINDRICAL_SURFACE ( 'NONE', #984, 3.000000000000002665 ) ;
#106 = CIRCLE ( 'NONE', #3076, 6.000000000000000888 ) ;
#107 = CARTESIAN_POINT ( 'NONE',  ( -13.68566768557529478, 35.45000000000000995, -6.249999999999993783 ) ) ;
#108 = ORIENTED_EDGE ( 'NONE', *, *, #5531, .F. ) ;
#109 = EDGE_CURVE ( 'NONE', #3749, #890, #1185, .T. ) ;
#110 = DIRECTION ( 'NONE',  ( 1.000000000000000000, 0.000000000000000000, 0.000000000000000000 ) ) ;
#111 = ORIENTED_EDGE ( 'NONE', *, *, #1308, .T. ) ;
#112 = ORIENTED_EDGE ( 'NONE', *, *, #116, .F. ) ;
#113 = CARTESIAN_POINT ( 'NONE',  ( 19.00000000000000000, 2.326828918379970970E-15, -19.05249999999998067 ) ) ;
#114 = CARTESIAN_POINT ( 'NONE',  ( -1.911750967521295363, -26.80046565089363142, -14.88966685655229405 ) ) ;
#115 = CARTESIAN_POINT ( 'NONE',  ( -28.14582562299425561, 16.25000000000001066, 19.45250000000001123 ) ) ;
#116 = EDGE_CURVE ( 'NONE', #5285, #876, #4790, .T. ) ;
#117 = CYLINDRICAL_SURFACE ( 'NONE', #2270, 3.000000000000002665 ) ;
#118 = AXIS2_PLACEMENT_3D ( 'NONE', #5361, #1380, #2685 ) ;
#119 = VERTEX_POINT ( 'NONE', #1664 ) ;
#120 = CARTESIAN_POINT ( 'NONE',  ( 32.95885383533170909, 12.66743675181527706, 17.95250000000002544 ) ) ;
#121 = CARTESIAN_POINT ( 'NONE',  ( 22.32644241927937401, -19.11264339691610203, -12.92824923591618713 ) ) ;
#122 = AXIS2_PLACEMENT_3D ( 'NONE', #5129, #4233, #1497 ) ;
#123 = CARTESIAN_POINT ( 'NONE',  ( 30.69852562299425003, 16.25000000000000000, -6.249999999999994671 ) ) ;
#124 = FACE_OUTER_BOUND ( 'NONE', #5345, .T. ) ;
#125 = ORIENTED_EDGE ( 'NONE', *, *, #528, .F. ) ;
#126 = EDGE_CURVE ( 'NONE', #1909, #484, #1254, .T. ) ;
#127 = ORIENTED_EDGE ( 'NONE', *, *, #3864, .F. ) ;
#128 = CARTESIAN_POINT ( 'NONE',  ( 28.14582562299386126, 16.25000000000057199, -6.249999999999993783 ) ) ;
#129 = DIRECTION ( 'NONE',  ( -1.000000000000000000, 0.000000000000000000, 0.000000000000000000 ) ) ;
#130 = B_SPLINE_CURVE_WITH_KNOTS ( 'NONE', 3,
 ( #519, #639, #4105, #2426 ),
 .UNSPECIFIED., .F., .F.,
 ( 4, 4 ),
 ( 0.000000000000000000, 0.0009818401191140988925 ),
 .UNSPECIFIED. ) ;
#131 = CIRCLE ( 'NONE', #1712, 2.999999999999999112 ) ;
#132 = DIRECTION ( 'NONE',  ( 1.000000000000000000, 0.000000000000000000, 0.000000000000000000 ) ) ;
#133 = EDGE_CURVE ( 'NONE', #5583, #3381, #236, .T. ) ;
#134 = AXIS2_PLACEMENT_3D ( 'NONE', #1382, #3154, #4929 ) ;
#135 = LINE ( 'NONE', #5079, #4121 ) ;
#136 = CARTESIAN_POINT ( 'NONE',  ( 0.000000000000000000, -23.00000000000000000, -10.07749999999998458 ) ) ;
#137 = CARTESIAN_POINT ( 'NONE',  ( 4.043244859526122781, -28.06692307692305022, -13.73065561476729535 ) ) ;
#138 = CARTESIAN_POINT ( 'NONE',  ( -22.37785951953074104, 18.39169050088635871, -6.249999999999993783 ) ) ;
#139 = DIRECTION ( 'NONE',  ( 0.000000000000000000, 0.000000000000000000, -1.000000000000000000 ) ) ;
#140 = ORIENTED_EDGE ( 'NONE', *, *, #4035, .F. ) ;
#141 = CARTESIAN_POINT ( 'NONE',  ( -1.358607526432796808, 26.65265890893364542, -15.02958432439548631 ) ) ;
#142 = ORIENTED_EDGE ( 'NONE', *, *, #5579, .F. ) ;
#143 = EDGE_LOOP ( 'NONE', ( #3153, #4516, #379, #3348, #206 ) ) ;
#144 = LINE ( 'NONE', #1516, #2118 ) ;
#145 = CARTESIAN_POINT ( 'NONE',  ( 8.263657334641774099, 36.06538461538462315, 19.45250000000001123 ) ) ;
#146 = DIRECTION ( 'NONE',  ( -0.000000000000000000, -0.000000000000000000, 1.000000000000000000 ) ) ;
#147 = EDGE_LOOP ( 'NONE', ( #2263, #4195, #4657, #1637 ) ) ;
#148 = EDGE_LOOP ( 'NONE', ( #5367, #3501, #2418, #1043 ) ) ;
#149 = LINE ( 'NONE', #4582, #4357 ) ;
#150 = CARTESIAN_POINT ( 'NONE',  ( 35.36536794150043050, -10.87615512772293158, 17.95250000000002544 ) ) ;
#151 = DIRECTION ( 'NONE',  ( -0.000000000000000000, -0.000000000000000000, 1.000000000000000000 ) ) ;
#152 = CYLINDRICAL_SURFACE ( 'NONE', #4123, 34.00000000000000000 ) ;
#153 = EDGE_CURVE ( 'NONE', #5514, #4919, #4775, .T. ) ;
#154 = ORIENTED_EDGE ( 'NONE', *, *, #5355, .T. ) ;
#155 =( NAMED_UNIT ( * ) SI_UNIT ( $, .STERADIAN. ) SOLID_ANGLE_UNIT ( ) );
#156 = VECTOR ( 'NONE', #1377, 1000.000000000000000 ) ;
#157 = AXIS2_PLACEMENT_3D ( 'NONE', #793, #4371, #341 ) ;
#158 = CARTESIAN_POINT ( 'NONE',  ( 21.74153067887916180, 0.8223294881864314787, -18.86376924817964706 ) ) ;
#159 = CIRCLE ( 'NONE', #4158, 2.999999999999999112 ) ;
#160 = CARTESIAN_POINT ( 'NONE',  ( -27.45026611785737813, 9.972661603695049948, -13.07056799948432335 ) ) ;
#161 = AXIS2_PLACEMENT_3D ( 'NONE', #5519, #5609, #1602 ) ;
#162 = DIRECTION ( 'NONE',  ( -0.000000000000000000, -0.000000000000000000, -1.000000000000000000 ) ) ;
#163 = AXIS2_PLACEMENT_3D ( 'NONE', #1814, #4122, #129 ) ;
#164 = EDGE_CURVE ( 'NONE', #516, #642, #5691, .T. ) ;
#165 = CARTESIAN_POINT ( 'NONE',  ( -4.043244859525925605, 28.06692307692307864, -13.73065561476729535 ) ) ;
#166 = CARTESIAN_POINT ( 'NONE',  ( 0.000000000000000000, 0.000000000000000000, 12.45250000000002721 ) ) ;
#167 = ADVANCED_FACE ( 'NONE', ( #5613 ), #3860, .F. ) ;
#168 = CARTESIAN_POINT ( 'NONE',  ( -22.28504596091605450, -17.53501430053193388, -13.73065561476728824 ) ) ;
#169 = CARTESIAN_POINT ( 'NONE',  ( 0.000000000000000000, 0.000000000000000000, 19.45250000000001123 ) ) ;
#170 = ORIENTED_EDGE ( 'NONE', *, *, #1863, .T. ) ;
#171 = CARTESIAN_POINT ( 'NONE',  ( 2.598867966010965258, 27.08902981949735178, -14.62017571105132241 ) ) ;
#172 = VERTEX_POINT ( 'NONE', #1213 ) ;
#173 = VERTEX_POINT ( 'NONE', #2973 ) ;
#174 = DIRECTION ( 'NONE',  ( 1.000000000000000000, 8.881784197001250351E-16, 0.000000000000000000 ) ) ;
#175 = DIRECTION ( 'NONE',  ( -0.6758673375835771990, -0.2078541363256676822, 0.7071067811865459074 ) ) ;
#176 = ADVANCED_FACE ( 'NONE', ( #3001 ), #5233, .F. ) ;
#177 = DIRECTION ( 'NONE',  ( 0.000000000000000000, 0.000000000000000000, -1.000000000000000000 ) ) ;
#178 = CONICAL_SURFACE ( 'NONE', #4351, 29.00000000000000000, 0.7853981633974439491 ) ;
#179 = ORIENTED_EDGE ( 'NONE', *, *, #3808, .F. ) ;
#180 = EDGE_LOOP ( 'NONE', ( #2123, #2818, #2421 ) ) ;
#181 = DIRECTION ( 'NONE',  ( -1.000000000000000000, 0.000000000000000000, 0.000000000000000000 ) ) ;
#182 = CARTESIAN_POINT ( 'NONE',  ( -0.4402577067999405847, -24.44951271703926210, -16.76706411810960873 ) ) ;
#183 = CARTESIAN_POINT ( 'NONE',  ( 0.000000000000000000, 0.000000000000000000, -10.07749999999998458 ) ) ;
#184 = ORIENTED_EDGE ( 'NONE', *, *, #3761, .F. ) ;
#185 = EDGE_CURVE ( 'NONE', #5187, #3003, #3901, .T. ) ;
#186 = CARTESIAN_POINT ( 'NONE',  ( 35.36536794150043761, 10.87615512772292092, 6.250000000000003553 ) ) ;
#187 = CARTESIAN_POINT ( 'NONE',  ( 22.63669947260699189, 1.466402431795270855, -18.14265666649850317 ) ) ;
#188 = DIRECTION ( 'NONE',  ( 0.8571673007021113344, 1.049727191138617463E-16, -0.5150380749100558209 ) ) ;
#189 = ADVANCED_FACE ( 'NONE', ( #3131, #4467 ), #5309, .F. ) ;
#190 = CARTESIAN_POINT ( 'NONE',  ( -35.36536794150043050, 10.87615512772294402, 19.45250000000001123 ) ) ;
#191 = DIRECTION ( 'NONE',  ( -0.7071067811865444641, 8.659560562354895880E-17, 0.7071067811865505703 ) ) ;
#192 = DIRECTION ( 'NONE',  ( -0.000000000000000000, -0.000000000000000000, -1.000000000000000000 ) ) ;
#193 = AXIS2_PLACEMENT_3D ( 'NONE', #1840, #3143, #466 ) ;
#194 = DIRECTION ( 'NONE',  ( 0.000000000000000000, 0.000000000000000000, -1.000000000000000000 ) ) ;
#195 = EDGE_CURVE ( 'NONE', #1101, #670, #3571, .T. ) ;
#196 = CARTESIAN_POINT ( 'NONE',  ( 25.06390304543677772, 11.09883836159408332, -14.46620053625903779 ) ) ;
#197 = AXIS2_PLACEMENT_3D ( 'NONE', #2823, #266, #4165 ) ;
#198 = ORIENTED_EDGE ( 'NONE', *, *, #1255, .F. ) ;
#199 = DIRECTION ( 'NONE',  ( -0.000000000000000000, -0.000000000000000000, 1.000000000000000000 ) ) ;
#200 = ORIENTED_EDGE ( 'NONE', *, *, #684, .F. ) ;
#201 = ORIENTED_EDGE ( 'NONE', *, *, #1162, .F. ) ;
#202 = DIRECTION ( 'NONE',  ( -0.000000000000000000, -0.000000000000000000, -1.000000000000000000 ) ) ;
#203 = DIRECTION ( 'NONE',  ( 0.000000000000000000, 0.000000000000000000, -1.000000000000000000 ) ) ;
#204 = CARTESIAN_POINT ( 'NONE',  ( 21.20522252253493534, 21.22118134717710092, -12.45249999999997748 ) ) ;
#205 = ORIENTED_EDGE ( 'NONE', *, *, #4135, .T. ) ;
#206 = ORIENTED_EDGE ( 'NONE', *, *, #4429, .T. ) ;
#207 = ORIENTED_EDGE ( 'NONE', *, *, #2438, .T. ) ;
#208 = VECTOR ( 'NONE', #4100, 1000.000000000000000 ) ;
#209 = ADVANCED_FACE ( 'NONE', ( #4854 ), #4651, .F. ) ;
#210 = DIRECTION ( 'NONE',  ( -0.000000000000000000, -0.000000000000000000, 1.000000000000000000 ) ) ;
#211 = CYLINDRICAL_SURFACE ( 'NONE', #5674, 3.000000000000002665 ) ;
#212 = VECTOR ( 'NONE', #4327, 1000.000000000000000 ) ;
#213 = EDGE_CURVE ( 'NONE', #5336, #2834, #5335, .T. ) ;
#214 = CARTESIAN_POINT ( 'NONE',  ( 27.10171060685865996, -25.18922948766167735, 0.000000000000000000 ) ) ;
#215 = AXIS2_PLACEMENT_3D ( 'NONE', #5738, #1762, #1323 ) ;
#216 = ORIENTED_EDGE ( 'NONE', *, *, #1109, .T. ) ;
#217 = CIRCLE ( 'NONE', #3469, 24.50000000000000355 ) ;
#218 = DIRECTION ( 'NONE',  ( -0.000000000000000000, -0.000000000000000000, 1.000000000000000000 ) ) ;
#219 = FACE_OUTER_BOUND ( 'NONE', #3351, .T. ) ;
#220 = DIRECTION ( 'NONE',  ( 1.000000000000000000, 0.000000000000000000, 0.000000000000000000 ) ) ;
#221 = DIRECTION ( 'NONE',  ( 1.000000000000000000, 0.000000000000000000, 0.000000000000000000 ) ) ;
#222 = DIRECTION ( 'NONE',  ( -1.000000000000000000, 0.000000000000000000, 0.000000000000000000 ) ) ;
#223 = CARTESIAN_POINT ( 'NONE',  ( 5.875955319768940477, -29.02098908743133521, -12.75623029306150436 ) ) ;
#224 = EDGE_CURVE ( 'NONE', #2589, #1636, #5366, .T. ) ;
#225 = CARTESIAN_POINT ( 'NONE',  ( 0.000000000000000000, 0.000000000000000000, 6.250000000000003553 ) ) ;
#226 = ORIENTED_EDGE ( 'NONE', *, *, #3588, .F. ) ;
#227 = CARTESIAN_POINT ( 'NONE',  ( 28.98069340623898071, 7.753670723829877431, -6.249999999999993783 ) ) ;
#228 = ORIENTED_EDGE ( 'NONE', *, *, #4809, .F. ) ;
#229 = ORIENTED_EDGE ( 'NONE', *, *, #2862, .F. ) ;
#230 = VECTOR ( 'NONE', #650, 1000.000000000000000 ) ;
#231 = CYLINDRICAL_SURFACE ( 'NONE', #5149, 1.500000000000000444 ) ;
#232 = LINE ( 'NONE', #3751, #3368 ) ;
#233 = CYLINDRICAL_SURFACE ( 'NONE', #5736, 4.000000000000000000 ) ;
#234 = VERTEX_POINT ( 'NONE', #915 ) ;
#235 = ORIENTED_EDGE ( 'NONE', *, *, #5440, .T. ) ;
#236 = CIRCLE ( 'NONE', #5526, 30.00000000000000355 ) ;
#237 = ORIENTED_EDGE ( 'NONE', *, *, #74, .F. ) ;
#238 = EDGE_LOOP ( 'NONE', ( #728, #926, #4981, #1746 ) ) ;
#239 = VERTEX_POINT ( 'NONE', #4097 ) ;
#240 = EDGE_CURVE ( 'NONE', #5187, #4944, #5386, .T. ) ;
#241 = CARTESIAN_POINT ( 'NONE',  ( -26.32829082044201030, -10.53190877639136502, -13.73065561476728824 ) ) ;
#242 = CARTESIAN_POINT ( 'NONE',  ( 0.000000000000000000, 0.000000000000000000, 19.05250000000001265 ) ) ;
#243 = CARTESIAN_POINT ( 'NONE',  ( -32.95885383533170199, 12.66743675181530016, -23.22056274847715684 ) ) ;
#244 = EDGE_CURVE ( 'NONE', #4188, #2067, #948, .T. ) ;
#245 = CARTESIAN_POINT ( 'NONE',  ( 31.75559678224735549, 13.56307756386145336, 19.45250000000001123 ) ) ;
#246 = VERTEX_POINT ( 'NONE', #4905 ) ;
#247 = CARTESIAN_POINT ( 'NONE',  ( -21.20522252253546824, 21.22118134717656801, -12.45249999999997748 ) ) ;
#248 = CARTESIAN_POINT ( 'NONE',  ( 24.48709020418165494, 0.2249131274435478556, -16.73969805108583131 ) ) ;
#249 = CARTESIAN_POINT ( 'NONE',  ( 22.37785951953027563, 18.09874098687901878, -13.40147805931295544 ) ) ;
#250 = ORIENTED_EDGE ( 'NONE', *, *, #296, .F. ) ;
#251 = CIRCLE ( 'NONE', #4052, 1.500000000000000444 ) ;
#252 = AXIS2_PLACEMENT_3D ( 'NONE', #2457, #5588, #3791 ) ;
#253 = DIRECTION ( 'NONE',  ( -0.000000000000000000, -0.000000000000000000, 1.000000000000000000 ) ) ;
#254 = CARTESIAN_POINT ( 'NONE',  ( 7.775470883703716751, 28.97485207100591964, -12.45249999999997748 ) ) ;
#255 = EDGE_CURVE ( 'NONE', #2968, #3816, #481, .T. ) ;
#256 = AXIS2_PLACEMENT_3D ( 'NONE', #5540, #3653, #5422 ) ;
#257 = VECTOR ( 'NONE', #5420, 1000.000000000000000 ) ;
#258 = CONICAL_SURFACE ( 'NONE', #1178, 2.552699999999994418, 1.029744258676652535 ) ;
#259 = DIRECTION ( 'NONE',  ( 0.000000000000000000, 0.000000000000000000, 1.000000000000000000 ) ) ;
#260 = EDGE_CURVE ( 'NONE', #1836, #978, #2665, .T. ) ;
#261 = CARTESIAN_POINT ( 'NONE',  ( 3.984302198030716898E-15, 32.50000000000000000, -6.249999999999993783 ) ) ;
#262 = ORIENTED_EDGE ( 'NONE', *, *, #3524, .T. ) ;
#263 = ORIENTED_EDGE ( 'NONE', *, *, #1464, .F. ) ;
#264 = DIRECTION ( 'NONE',  ( 1.000000000000000000, 0.000000000000000000, 0.000000000000000000 ) ) ;
#265 = EDGE_CURVE ( 'NONE', #1339, #865, #3626, .T. ) ;
#266 = DIRECTION ( 'NONE',  ( -0.000000000000000000, -0.000000000000000000, 1.000000000000000000 ) ) ;
#267 = VERTEX_POINT ( 'NONE', #4437 ) ;
#268 = VERTEX_POINT ( 'NONE', #46 ) ;
#269 = ORIENTED_EDGE ( 'NONE', *, *, #3780, .F. ) ;
#270 = EDGE_CURVE ( 'NONE', #3822, #2701, #4839, .T. ) ;
#271 = ORIENTED_EDGE ( 'NONE', *, *, #319, .T. ) ;
#272 = VERTEX_POINT ( 'NONE', #453 ) ;
#273 = CARTESIAN_POINT ( 'NONE',  ( -25.25481606650872379, -10.98417887742726506, -14.36644228730795270 ) ) ;
#274 = CARTESIAN_POINT ( 'NONE',  ( 1.500000000000124567, -22.99999999999998579, -17.85894133304159226 ) ) ;
#275 = LINE ( 'NONE', #2459, #1207 ) ;
#276 = CONICAL_SURFACE ( 'NONE', #3334, 4.500000000000007105, 0.7853981633974500554 ) ;
#277 = DIRECTION ( 'NONE',  ( -0.000000000000000000, -0.000000000000000000, 1.000000000000000000 ) ) ;
#278 = ORIENTED_EDGE ( 'NONE', *, *, #1442, .F. ) ;
#279 = ADVANCED_FACE ( 'NONE', ( #2721 ), #1356, .F. ) ;
#280 = CARTESIAN_POINT ( 'NONE',  ( -21.74202205955072031, -0.8231385485382620715, -18.86336437641707420 ) ) ;
#281 = VECTOR ( 'NONE', #3757, 1000.000000000000000 ) ;
#282 = FACE_OUTER_BOUND ( 'NONE', #4389, .T. ) ;
#283 = CARTESIAN_POINT ( 'NONE',  ( -26.32829082044207780, 10.53190877639118561, -13.73065561476729002 ) ) ;
#284 = ORIENTED_EDGE ( 'NONE', *, *, #608, .F. ) ;
#285 = CARTESIAN_POINT ( 'NONE',  ( 0.4445239715728934726, -21.55167378033910097, -19.02050532576824438 ) ) ;
#286 = AXIS2_PLACEMENT_3D ( 'NONE', #33, #4548, #4949 ) ;
#287 = AXIS2_PLACEMENT_3D ( 'NONE', #3686, #5513, #2785 ) ;
#288 = CARTESIAN_POINT ( 'NONE',  ( 0.000000000000000000, 0.000000000000000000, 11.45250000000002011 ) ) ;
#289 = CARTESIAN_POINT ( 'NONE',  ( 4.043244859525935375, 28.06692307692307864, -13.73065561476729179 ) ) ;
#290 = ORIENTED_EDGE ( 'NONE', *, *, #4062, .F. ) ;
#291 = ORIENTED_EDGE ( 'NONE', *, *, #3358, .T. ) ;
#292 = CIRCLE ( 'NONE', #95, 3.000000000000000000 ) ;
#293 = FACE_OUTER_BOUND ( 'NONE', #5059, .T. ) ;
#294 = CARTESIAN_POINT ( 'NONE',  ( 30.69852562299425713, -16.24999999999999289, -6.249999999999993783 ) ) ;
#295 = VECTOR ( 'NONE', #1251, 1000.000000000000000 ) ;
#296 = EDGE_CURVE ( 'NONE', #727, #4255, #1420, .T. ) ;
#297 = EDGE_LOOP ( 'NONE', ( #4390, #2929, #898, #4568 ) ) ;
#298 = DIRECTION ( 'NONE',  ( 1.000000000000000000, 0.000000000000000000, 0.000000000000000000 ) ) ;
#299 = ORIENTED_EDGE ( 'NONE', *, *, #1457, .F. ) ;
#300 = ORIENTED_EDGE ( 'NONE', *, *, #2754, .T. ) ;
#301 = ORIENTED_EDGE ( 'NONE', *, *, #2405, .F. ) ;
#302 = DIRECTION ( 'NONE',  ( -0.000000000000000000, -0.000000000000000000, -1.000000000000000000 ) ) ;
#303 = CARTESIAN_POINT ( 'NONE',  ( -21.45851822057696623, -20.96807613342345178, -12.45249999999998103 ) ) ;
#304 = VECTOR ( 'NONE', #1183, 1000.000000000000000 ) ;
#305 = EDGE_CURVE ( 'NONE', #2630, #3981, #3189, .T. ) ;
#306 = LINE ( 'NONE', #243, #1119 ) ;
#307 = EDGE_CURVE ( 'NONE', #577, #1540, #4876, .T. ) ;
#308 = DIRECTION ( 'NONE',  ( 0.000000000000000000, 0.000000000000000000, -1.000000000000000000 ) ) ;
#309 = ORIENTED_EDGE ( 'NONE', *, *, #884, .T. ) ;
#310 = AXIS2_PLACEMENT_3D ( 'NONE', #261, #4819, #5660 ) ;
#311 = DIRECTION ( 'NONE',  ( -0.7893522173763264371, 9.666776664097838137E-17, 0.6139406135149202415 ) ) ;
#312 = DIRECTION ( 'NONE',  ( 1.000000000000000000, 0.000000000000000000, 0.000000000000000000 ) ) ;
#313 = EDGE_CURVE ( 'NONE', #1111, #3185, #5455, .T. ) ;
#314 = DIRECTION ( 'NONE',  ( 0.000000000000000000, 0.000000000000000000, -1.000000000000000000 ) ) ;
#315 = ORIENTED_EDGE ( 'NONE', *, *, #2783, .T. ) ;
#316 = ORIENTED_EDGE ( 'NONE', *, *, #1899, .F. ) ;
#317 = CARTESIAN_POINT ( 'NONE',  ( -29.63955347916789407, -4.636471670952649227, 0.000000000000000000 ) ) ;
#318 = AXIS2_PLACEMENT_3D ( 'NONE', #2404, #4586, #674 ) ;
#319 = EDGE_CURVE ( 'NONE', #4748, #1223, #3745, .T. ) ;
#320 = CARTESIAN_POINT ( 'NONE',  ( 0.9946278356857632952, 21.86098011206455638, -18.76551373662195843 ) ) ;
#321 = DIRECTION ( 'NONE',  ( 0.000000000000000000, 0.000000000000000000, -1.000000000000000000 ) ) ;
#322 = VERTEX_POINT ( 'NONE', #5545 ) ;
#323 = LINE ( 'NONE', #5578, #5421 ) ;
#324 = CARTESIAN_POINT ( 'NONE',  ( 21.50000000000000000, 1.658753602626325943E-22, -19.06361111111108997 ) ) ;
#325 = VECTOR ( 'NONE', #3923, 1000.000000000000000 ) ;
#326 = ORIENTED_EDGE ( 'NONE', *, *, #4035, .T. ) ;
#327 = DIRECTION ( 'NONE',  ( -0.000000000000000000, -0.000000000000000000, 1.000000000000000000 ) ) ;
#328 = VERTEX_POINT ( 'NONE', #4159 ) ;
#329 = ORIENTED_EDGE ( 'NONE', *, *, #2966, .T. ) ;
#330 = ORIENTED_EDGE ( 'NONE', *, *, #3677, .F. ) ;
#331 = CARTESIAN_POINT ( 'NONE',  ( 26.30808609372702023, -21.96162966433999131, 6.250000000000005329 ) ) ;
#332 = CONICAL_SURFACE ( 'NONE', #1338, 32.50000000000000711, 0.7853981633974506105 ) ;
#333 = DIRECTION ( 'NONE',  ( 0.000000000000000000, 0.000000000000000000, -1.000000000000000000 ) ) ;
#334 = EDGE_CURVE ( 'NONE', #5193, #5253, #2058, .T. ) ;
#335 = CARTESIAN_POINT ( 'NONE',  ( 5.865286150960846712, 33.76428571428571956, -6.249999999999992006 ) ) ;
#336 = ORIENTED_EDGE ( 'NONE', *, *, #5241, .F. ) ;
#337 = CARTESIAN_POINT ( 'NONE',  ( 27.44974894557051925, 22.20948632510779674, 17.95250000000002544 ) ) ;
#338 = CARTESIAN_POINT ( 'NONE',  ( -13.68566768557529478, 35.45000000000000995, 0.000000000000000000 ) ) ;
#339 = EDGE_CURVE ( 'NONE', #239, #670, #5019, .T. ) ;
#340 = ADVANCED_FACE ( 'NONE', ( #2817 ), #3819, .F. ) ;
#341 = DIRECTION ( 'NONE',  ( 1.000000000000000000, 0.000000000000000000, 0.000000000000000000 ) ) ;
#342 = ORIENTED_EDGE ( 'NONE', *, *, #3037, .F. ) ;
#343 = ORIENTED_EDGE ( 'NONE', *, *, #2779, .F. ) ;
#344 = CARTESIAN_POINT ( 'NONE',  ( -37.54343440694599821, -5.872864116540021051, 0.000000000000000000 ) ) ;
#345 = AXIS2_PLACEMENT_3D ( 'NONE', #762, #308, #2951 ) ;
#346 = DIRECTION ( 'NONE',  ( 0.000000000000000000, 0.000000000000000000, -1.000000000000000000 ) ) ;
#347 = EDGE_CURVE ( 'NONE', #3558, #2031, #4278, .T. ) ;
#348 = DIRECTION ( 'NONE',  ( -0.000000000000000000, -0.000000000000000000, -1.000000000000000000 ) ) ;
#349 = ORIENTED_EDGE ( 'NONE', *, *, #2053, .F. ) ;
#350 = CARTESIAN_POINT ( 'NONE',  ( -23.85776672137069454, 29.57713588346000222, 0.000000000000000000 ) ) ;
#351 = CARTESIAN_POINT ( 'NONE',  ( -32.17337224468786161, 11.80265604994572648, 6.250000000000005329 ) ) ;
#352 = AXIS2_PLACEMENT_3D ( 'NONE', #3735, #1499, #4518 ) ;
#353 = AXIS2_PLACEMENT_3D ( 'NONE', #2955, #4733, #3766 ) ;
#354 = ORIENTED_EDGE ( 'NONE', *, *, #982, .F. ) ;
#355 = DIRECTION ( 'NONE',  ( 1.000000000000000000, 0.000000000000000000, 0.000000000000000000 ) ) ;
#356 = ORIENTED_EDGE ( 'NONE', *, *, #1787, .F. ) ;
#357 = EDGE_LOOP ( 'NONE', ( #2567, #3410, #4857, #1686 ) ) ;
#358 = EDGE_LOOP ( 'NONE', ( #4850, #1978, #476, #5121, #2157, #2113, #3222, #1676 ) ) ;
#359 = CARTESIAN_POINT ( 'NONE',  ( -37.54343440694599821, -5.872864116540021051, 6.250000000000003553 ) ) ;
#360 = FACE_OUTER_BOUND ( 'NONE', #1828, .T. ) ;
#361 = CIRCLE ( 'NONE', #626, 8.000000000000000000 ) ;
#362 = DIRECTION ( 'NONE',  ( 0.000000000000000000, 0.000000000000000000, 1.000000000000000000 ) ) ;
#363 = DIRECTION ( 'NONE',  ( 0.000000000000000000, 0.000000000000000000, -1.000000000000000000 ) ) ;
#364 = DIRECTION ( 'NONE',  ( -0.000000000000000000, -0.000000000000000000, -1.000000000000000000 ) ) ;
#365 = DIRECTION ( 'NONE',  ( 0.000000000000000000, 0.000000000000000000, -1.000000000000000000 ) ) ;
#366 = EDGE_LOOP ( 'NONE', ( #1361, #216, #1216, #3904 ) ) ;
#367 = ORIENTED_EDGE ( 'NONE', *, *, #5707, .F. ) ;
#368 = AXIS2_PLACEMENT_3D ( 'NONE', #1984, #5404, #1427 ) ;
#369 = LINE ( 'NONE', #796, #5544 ) ;
#370 = EDGE_CURVE ( 'NONE', #801, #3628, #1299, .T. ) ;
#371 = DIRECTION ( 'NONE',  ( -1.000000000000000000, 0.000000000000000000, 0.000000000000000000 ) ) ;
#372 = DIRECTION ( 'NONE',  ( -0.000000000000000000, -0.000000000000000000, 1.000000000000000000 ) ) ;
#373 = ORIENTED_EDGE ( 'NONE', *, *, #471, .F. ) ;
#374 = FACE_OUTER_BOUND ( 'NONE', #3280, .T. ) ;
#375 = CARTESIAN_POINT ( 'NONE',  ( 21.86097419528894292, -0.9812431720494357856, -18.76584279948433576 ) ) ;
#376 = EDGE_CURVE ( 'NONE', #1540, #1195, #4557, .T. ) ;
#377 = DIRECTION ( 'NONE',  ( 1.000000000000000000, -1.598721155460225103E-14, 0.000000000000000000 ) ) ;
#378 = ORIENTED_EDGE ( 'NONE', *, *, #2664, .T. ) ;
#379 = ORIENTED_EDGE ( 'NONE', *, *, #4024, .F. ) ;
#380 = ORIENTED_EDGE ( 'NONE', *, *, #2030, .F. ) ;
#381 = CARTESIAN_POINT ( 'NONE',  ( -32.36536794150042340, -10.87615512772294579, 0.000000000000000000 ) ) ;
#382 = CARTESIAN_POINT ( 'NONE',  ( -1.500000000000000444, -23.00000000000000000, -17.85894133304158515 ) ) ;
#383 = AXIS2_PLACEMENT_3D ( 'NONE', #4036, #1889, #4532 ) ;
#384 = CIRCLE ( 'NONE', #2061, 5.999999999999998224 ) ;
#385 = DIRECTION ( 'NONE',  ( -0.000000000000000000, -0.000000000000000000, 1.000000000000000000 ) ) ;
#386 = EDGE_CURVE ( 'NONE', #2309, #4040, #3772, .T. ) ;
#387 = CONICAL_SURFACE ( 'NONE', #1685, 32.50000000000000711, 0.7853981633974506105 ) ;
#388 = FACE_OUTER_BOUND ( 'NONE', #1616, .T. ) ;
#389 = EDGE_CURVE ( 'NONE', #5253, #5193, #5479, .T. ) ;
#390 = CARTESIAN_POINT ( 'NONE',  ( 7.078871444745911568, 29.11247122637417561, -12.48454517327947677 ) ) ;
#391 = FACE_BOUND ( 'NONE', #5068, .T. ) ;
#392 = AXIS2_PLACEMENT_3D ( 'NONE', #3277, #1945, #5456 ) ;
#393 = DIRECTION ( 'NONE',  ( -1.000000000000000000, -4.625929269271481378E-15, 0.000000000000000000 ) ) ;
#394 = ORIENTED_EDGE ( 'NONE', *, *, #1823, .F. ) ;
#395 = CARTESIAN_POINT ( 'NONE',  ( 18.83507899055582158, -23.35037043431051984, 6.250000000000003553 ) ) ;
#396 = CARTESIAN_POINT ( 'NONE',  ( -0.7376972020004299857, 21.68958955934563093, -18.90655983341989099 ) ) ;
#397 = DIRECTION ( 'NONE',  ( 1.000000000000000000, 0.000000000000000000, 0.000000000000000000 ) ) ;
#398 = CIRCLE ( 'NONE', #5141, 30.00000000000000355 ) ;
#399 = ORIENTED_EDGE ( 'NONE', *, *, #4414, .T. ) ;
#400 = LINE ( 'NONE', #2636, #779 ) ;
#401 = CARTESIAN_POINT ( 'NONE',  ( 24.43857834395501172, -0.4390377647389037685, -16.77516983777077897 ) ) ;
#402 = EDGE_CURVE ( 'NONE', #3289, #828, #3339, .T. ) ;
#403 = CARTESIAN_POINT ( 'NONE',  ( -22.37785951953074104, 18.39169050088635871, -20.95249999999998991 ) ) ;
#404 = EDGE_LOOP ( 'NONE', ( #3725, #3409, #1186, #763 ) ) ;
#405 = EDGE_LOOP ( 'NONE', ( #4002, #309, #1095, #1316, #5430, #5001, #3817, #5645 ) ) ;
#406 = VERTEX_POINT ( 'NONE', #4566 ) ;
#407 = LINE ( 'NONE', #5286, #436 ) ;
#408 = EDGE_CURVE ( 'NONE', #4479, #3796, #5289, .T. ) ;
#409 = CARTESIAN_POINT ( 'NONE',  ( 0.000000000000000000, 0.000000000000000000, 17.95250000000002544 ) ) ;
#410 = CARTESIAN_POINT ( 'NONE',  ( -1.469633185797084796, 23.34990778455951244, -17.58894427110731939 ) ) ;
#411 = EDGE_CURVE ( 'NONE', #5101, #5391, #2792, .T. ) ;
#412 = CIRCLE ( 'NONE', #4318, 2.552699999999994418 ) ;
#413 = FACE_OUTER_BOUND ( 'NONE', #2014, .T. ) ;
#414 = DIRECTION ( 'NONE',  ( -0.000000000000000000, -0.000000000000000000, 1.000000000000000000 ) ) ;
#415 = CARTESIAN_POINT ( 'NONE',  ( 34.14582562299427337, 16.25000000000000000, -23.22056274847715684 ) ) ;
#416 = VERTEX_POINT ( 'NONE', #573 ) ;
#417 = DIRECTION ( 'NONE',  ( -0.000000000000000000, -0.000000000000000000, 1.000000000000000000 ) ) ;
#418 = EDGE_CURVE ( 'NONE', #1139, #4196, #1023, .T. ) ;
#419 = CARTESIAN_POINT ( 'NONE',  ( -22.14582562299429114, 16.24999999999993960, -6.249999999999993783 ) ) ;
#420 = CARTESIAN_POINT ( 'NONE',  ( -6.738741432543045917, -25.11153846153850822, -6.249999999999993783 ) ) ;
#421 = ORIENTED_EDGE ( 'NONE', *, *, #2616, .T. ) ;
#422 = DIRECTION ( 'NONE',  ( -0.000000000000000000, -0.000000000000000000, -1.000000000000000000 ) ) ;
#423 = CARTESIAN_POINT ( 'NONE',  ( -35.36536794150043050, 10.87615512772294402, 17.95250000000002544 ) ) ;
#424 = EDGE_CURVE ( 'NONE', #2031, #1873, #4747, .T. ) ;
#425 = EDGE_CURVE ( 'NONE', #3282, #4196, #1976, .T. ) ;
#426 = CARTESIAN_POINT ( 'NONE',  ( 22.21975257328122666, 17.20472766939972686, -13.92896116591965949 ) ) ;
#427 = CIRCLE ( 'NONE', #1926, 4.500000000000007105 ) ;
#428 = EDGE_CURVE ( 'NONE', #1103, #1636, #477, .T. ) ;
#429 = ORIENTED_EDGE ( 'NONE', *, *, #1620, .F. ) ;
#430 = DIRECTION ( 'NONE',  ( -0.000000000000000000, -0.000000000000000000, 1.000000000000000000 ) ) ;
#431 = EDGE_LOOP ( 'NONE', ( #2644, #2569, #3489, #3318 ) ) ;
#432 = ORIENTED_EDGE ( 'NONE', *, *, #1985, .F. ) ;
#433 = DIRECTION ( 'NONE',  ( -0.000000000000000000, -0.000000000000000000, 1.000000000000000000 ) ) ;
#435 = VECTOR ( 'NONE', #4472, 1000.000000000000000 ) ;
#434 = CARTESIAN_POINT ( 'NONE',  ( -2.920075549081027511, -27.25539593613545364, -14.46620053625901114 ) ) ;
#436 = VECTOR ( 'NONE', #3982, 1000.000000000000000 ) ;
#437 = EDGE_CURVE ( 'NONE', #2788, #3185, #1265, .T. ) ;
#438 = EDGE_LOOP ( 'NONE', ( #1729, #3523, #3439, #1928 ) ) ;
#439 = VECTOR ( 'NONE', #3995, 1000.000000000000000 ) ;
#440 = DIRECTION ( 'NONE',  ( 0.000000000000000000, 0.000000000000000000, -1.000000000000000000 ) ) ;
#441 = CARTESIAN_POINT ( 'NONE',  ( 18.83507899055582158, -23.35037043431051984, 0.000000000000000000 ) ) ;
#442 = CARTESIAN_POINT ( 'NONE',  ( -2.552699999999991753, 32.50000000000000000, 12.06000000000000583 ) ) ;
#443 = EDGE_LOOP ( 'NONE', ( #4310, #1901, #5711, #3177 ) ) ;
#444 = EDGE_CURVE ( 'NONE', #2074, #3326, #2810, .T. ) ;
#445 = CARTESIAN_POINT ( 'NONE',  ( -28.14582562299425561, -16.24999999999999645, 12.06000000000000583 ) ) ;
#446 = CIRCLE ( 'NONE', #2509, 30.00000000000000355 ) ;
#447 = CARTESIAN_POINT ( 'NONE',  ( -27.10171060685865640, -25.18922948766169156, 19.45250000000001123 ) ) ;
#448 = FACE_OUTER_BOUND ( 'NONE', #2732, .T. ) ;
#449 = ORIENTED_EDGE ( 'NONE', *, *, #4806, .F. ) ;
#450 = DIRECTION ( 'NONE',  ( -0.000000000000000000, -0.000000000000000000, -1.000000000000000000 ) ) ;
#451 = CARTESIAN_POINT ( 'NONE',  ( 25.11660095207378518, 6.719847960652559848, -20.95249999999998991 ) ) ;
#452 = AXIS2_PLACEMENT_3D ( 'NONE', #989, #1781, #1903 ) ;
#453 = CARTESIAN_POINT ( 'NONE',  ( 28.98069340623920453, -7.753670723829051425, -12.45249999999997748 ) ) ;
#454 = VERTEX_POINT ( 'NONE', #2172 ) ;
#455 = CARTESIAN_POINT ( 'NONE',  ( -24.25758448257581179, -0.8239594210815790465, -16.90805444600661289 ) ) ;
#456 = ORIENTED_EDGE ( 'NONE', *, *, #4822, .T. ) ;
#457 = ORIENTED_EDGE ( 'NONE', *, *, #5301, .T. ) ;
#458 = LINE ( 'NONE', #3031, #4254 ) ;
#459 = DIRECTION ( 'NONE',  ( 0.000000000000000000, 0.000000000000000000, 1.000000000000000000 ) ) ;
#460 = VECTOR ( 'NONE', #259, 1000.000000000000000 ) ;
#461 = LINE ( 'NONE', #4075, #4784 ) ;
#462 = ORIENTED_EDGE ( 'NONE', *, *, #1108, .F. ) ;
#463 = DIRECTION ( 'NONE',  ( 0.1579267064520860908, 0.6892453520983654602, -0.7071067811865453523 ) ) ;
#464 = CARTESIAN_POINT ( 'NONE',  ( 22.38288470984613099, -18.14373684839456757, -13.37656623630408603 ) ) ;
#465 = CIRCLE ( 'NONE', #193, 2.999999999999999112 ) ;
#466 = DIRECTION ( 'NONE',  ( -1.000000000000000000, 1.156482317317871725E-15, 0.000000000000000000 ) ) ;
#467 = VECTOR ( 'NONE', #2521, 1000.000000000000000 ) ;
#468 = DIRECTION ( 'NONE',  ( 0.000000000000000000, 0.000000000000000000, -1.000000000000000000 ) ) ;
#469 = ORIENTED_EDGE ( 'NONE', *, *, #319, .F. ) ;
#470 = CARTESIAN_POINT ( 'NONE',  ( 28.14582562299425561, -16.24999999999999645, 6.250000000000005329 ) ) ;
#471 = EDGE_CURVE ( 'NONE', #4705, #3298, #5606, .T. ) ;
#472 = DIRECTION ( 'NONE',  ( 1.000000000000000000, 0.000000000000000000, 0.000000000000000000 ) ) ;
#473 = AXIS2_PLACEMENT_3D ( 'NONE', #1950, #1567, #2446 ) ;
#474 = DIRECTION ( 'NONE',  ( -0.000000000000000000, -0.000000000000000000, 1.000000000000000000 ) ) ;
#475 = DIRECTION ( 'NONE',  ( -0.000000000000000000, -0.000000000000000000, -1.000000000000000000 ) ) ;
#476 = ORIENTED_EDGE ( 'NONE', *, *, #133, .T. ) ;
#477 = CIRCLE ( 'NONE', #2709, 34.00000000000000000 ) ;
#478 = CARTESIAN_POINT ( 'NONE',  ( -5.392069417936797393, 28.88158676194972330, -12.93449815022521854 ) ) ;
#479 = LINE ( 'NONE', #3976, #4844 ) ;
#480 = CIRCLE ( 'NONE', #4861, 17.50000000000000355 ) ;
#481 = LINE ( 'NONE', #3977, #2892 ) ;
#482 = ORIENTED_EDGE ( 'NONE', *, *, #4150, .F. ) ;
#483 = DIRECTION ( 'NONE',  ( 0.000000000000000000, 0.000000000000000000, -1.000000000000000000 ) ) ;
#484 = VERTEX_POINT ( 'NONE', #5685 ) ;
#485 = EDGE_LOOP ( 'NONE', ( #1181, #1952 ) ) ;
#486 = CARTESIAN_POINT ( 'NONE',  ( 22.25400860316549867, -15.05585772902968777, -14.88966685655229405 ) ) ;
#487 = CARTESIAN_POINT ( 'NONE',  ( -22.28272100937941858, -19.27501423417280435, -12.87076489622951847 ) ) ;
#488 = DIRECTION ( 'NONE',  ( 0.000000000000000000, 0.000000000000000000, -1.000000000000000000 ) ) ;
#489 = CARTESIAN_POINT ( 'NONE',  ( -27.10171060685865640, 25.18922948766169512, 0.000000000000000000 ) ) ;
#490 = EDGE_LOOP ( 'NONE', ( #1276, #1521, #29, #576 ) ) ;
#491 = DIRECTION ( 'NONE',  ( 1.000000000000000000, 0.000000000000000000, 0.000000000000000000 ) ) ;
#492 = CARTESIAN_POINT ( 'NONE',  ( 22.37157707363991577, -18.78146978053685245, -13.06768083149658111 ) ) ;
#493 = DIRECTION ( 'NONE',  ( 0.000000000000000000, 0.000000000000000000, 1.000000000000000000 ) ) ;
#494 = EDGE_CURVE ( 'NONE', #3367, #866, #2557, .T. ) ;
#495 = CYLINDRICAL_SURFACE ( 'NONE', #2056, 30.00000000000000355 ) ;
#496 = VECTOR ( 'NONE', #1570, 1000.000000000000000 ) ;
#497 = ORIENTED_EDGE ( 'NONE', *, *, #2719, .T. ) ;
#498 = CARTESIAN_POINT ( 'NONE',  ( -37.54343440694599821, -5.872864116540021051, -6.249999999999993783 ) ) ;
#499 = CIRCLE ( 'NONE', #1998, 3.000000000000002665 ) ;
#500 = EDGE_CURVE ( 'NONE', #4338, #1104, #766, .T. ) ;
#501 = DIRECTION ( 'NONE',  ( -0.000000000000000000, -0.000000000000000000, 1.000000000000000000 ) ) ;
#502 = CIRCLE ( 'NONE', #3126, 8.000000000000000000 ) ;
#503 = LINE ( 'NONE', #1347, #156 ) ;
#504 = AXIS2_PLACEMENT_3D ( 'NONE', #1743, #4359, #3512 ) ;
#505 = ADVANCED_FACE ( 'NONE', ( #3893 ), #4014, .F. ) ;
#506 = CARTESIAN_POINT ( 'NONE',  ( -28.14582562299425561, -16.24999999999999645, -6.249999999999993783 ) ) ;
#507 = FACE_OUTER_BOUND ( 'NONE', #1921, .T. ) ;
#508 = ORIENTED_EDGE ( 'NONE', *, *, #4885, .F. ) ;
#509 = CARTESIAN_POINT ( 'NONE',  ( -4.269378766357456279, 28.27317141689695745, -13.54680109014449663 ) ) ;
#510 = CARTESIAN_POINT ( 'NONE',  ( 28.14582562299425916, 16.25000000000000000, 17.95250000000002544 ) ) ;
#511 = CARTESIAN_POINT ( 'NONE',  ( 28.98069340623920098, -7.753670723829050537, 0.000000000000000000 ) ) ;
#512 = DIRECTION ( 'NONE',  ( 1.000000000000000000, 0.000000000000000000, 0.000000000000000000 ) ) ;
#513 = ORIENTED_EDGE ( 'NONE', *, *, #1282, .T. ) ;
#514 = CARTESIAN_POINT ( 'NONE',  ( 7.775470883703716751, 28.97485207100591964, -6.249999999999993783 ) ) ;
#515 = VERTEX_POINT ( 'NONE', #4793 ) ;
#516 = VERTEX_POINT ( 'NONE', #5170 ) ;
#517 = CARTESIAN_POINT ( 'NONE',  ( -26.62072122846181443, -10.43895775075783661, -13.54633014297264992 ) ) ;
#518 = CYLINDRICAL_SURFACE ( 'NONE', #4003, 8.000000000000000000 ) ;
#519 = CARTESIAN_POINT ( 'NONE',  ( -22.28504596091616108, 17.53501430053178822, -13.73065561476729357 ) ) ;
#520 = AXIS2_PLACEMENT_3D ( 'NONE', #2753, #599, #5457 ) ;
#521 = FACE_OUTER_BOUND ( 'NONE', #366, .T. ) ;
#522 = ORIENTED_EDGE ( 'NONE', *, *, #1, .F. ) ;
#523 = DIRECTION ( 'NONE',  ( 0.000000000000000000, 0.000000000000000000, 1.000000000000000000 ) ) ;
#524 = CARTESIAN_POINT ( 'NONE',  ( -27.10171060685865640, -25.18922948766169156, 19.45250000000001123 ) ) ;
#525 = CARTESIAN_POINT ( 'NONE',  ( -7.775470883703514247, -28.97485207100596938, -12.45249999999997748 ) ) ;
#526 = CONICAL_SURFACE ( 'NONE', #2581, 4.499999999999993783, 0.7853981633974503884 ) ;
#527 = AXIS2_PLACEMENT_3D ( 'NONE', #2656, #474, #40 ) ;
#528 = EDGE_CURVE ( 'NONE', #794, #2651, #3454, .T. ) ;
#529 = LINE ( 'NONE', #5441, #1586 ) ;
#530 = ORIENTED_EDGE ( 'NONE', *, *, #695, .F. ) ;
#531 = AXIS2_PLACEMENT_3D ( 'NONE', #4843, #417, #4767 ) ;
#532 = ORIENTED_EDGE ( 'NONE', *, *, #4962, .T. ) ;
#533 = DIRECTION ( 'NONE',  ( 1.000000000000000000, 0.000000000000000000, 0.000000000000000000 ) ) ;
#534 = VECTOR ( 'NONE', #2138, 1000.000000000000000 ) ;
#535 = DIRECTION ( 'NONE',  ( -0.000000000000000000, -0.000000000000000000, 1.000000000000000000 ) ) ;
#536 = DIRECTION ( 'NONE',  ( -0.000000000000000000, -0.000000000000000000, 1.000000000000000000 ) ) ;
#537 = DIRECTION ( 'NONE',  ( 0.000000000000000000, 0.000000000000000000, -1.000000000000000000 ) ) ;
#538 = DIRECTION ( 'NONE',  ( -0.000000000000000000, -0.000000000000000000, 1.000000000000000000 ) ) ;
#539 = CYLINDRICAL_SURFACE ( 'NONE', #3638, 4.000000000000000000 ) ;
#540 = EDGE_CURVE ( 'NONE', #3537, #3756, #2999, .T. ) ;
#541 = CIRCLE ( 'NONE', #640, 34.00000000000000000 ) ;
#542 = CARTESIAN_POINT ( 'NONE',  ( 37.54343440694599821, -5.872864116540006840, 6.250000000000003553 ) ) ;
#543 = DIRECTION ( 'NONE',  ( 0.7071067811865489050, 0.000000000000000000, 0.7071067811865460184 ) ) ;
#544 = ORIENTED_EDGE ( 'NONE', *, *, #1620, .T. ) ;
#545 = LINE ( 'NONE', #4469, #1029 ) ;
#546 = ORIENTED_EDGE ( 'NONE', *, *, #2472, .T. ) ;
#547 = VERTEX_POINT ( 'NONE', #5225 ) ;
#548 = DIRECTION ( 'NONE',  ( -1.000000000000000000, 0.000000000000000000, 0.000000000000000000 ) ) ;
#549 = CARTESIAN_POINT ( 'NONE',  ( 25.59312562299426475, 16.25000000000000000, 12.06000000000000583 ) ) ;
#550 = DIRECTION ( 'NONE',  ( -1.000000000000000000, 0.000000000000000000, 0.000000000000000000 ) ) ;
#551 = ADVANCED_FACE ( 'NONE', ( #1238 ), #799, .T. ) ;
#552 = CARTESIAN_POINT ( 'NONE',  ( 23.00000000000000000, 0.000000000000000000, -20.95249999999998991 ) ) ;
#553 = EDGE_LOOP ( 'NONE', ( #753, #5057, #111, #3861, #5554, #2044, #1800, #3978 ) ) ;
#554 = LINE ( 'NONE', #120, #1574 ) ;
#555 = DIRECTION ( 'NONE',  ( -0.000000000000000000, -0.000000000000000000, 1.000000000000000000 ) ) ;
#556 = CARTESIAN_POINT ( 'NONE',  ( -7.428104109228341301, -29.06806877610869222, -12.45249999999997570 ) ) ;
#557 = CIRCLE ( 'NONE', #3818, 3.000000000000000888 ) ;
#558 = AXIS2_PLACEMENT_3D ( 'NONE', #225, #3309, #1918 ) ;
#559 = EDGE_CURVE ( 'NONE', #5029, #2589, #1039, .T. ) ;
#560 = DIRECTION ( 'NONE',  ( -0.000000000000000000, -0.000000000000000000, 1.000000000000000000 ) ) ;
#561 = EDGE_LOOP ( 'NONE', ( #2855, #2180, #2386, #5273 ) ) ;
#562 = CARTESIAN_POINT ( 'NONE',  ( 0.000000000000000000, 0.000000000000000000, -12.45249999999997748 ) ) ;
#563 = CIRCLE ( 'NONE', #3357, 3.000000000000002665 ) ;
#564 = DIRECTION ( 'NONE',  ( 0.000000000000000000, 0.000000000000000000, 1.000000000000000000 ) ) ;
#565 = VECTOR ( 'NONE', #90, 1000.000000000000000 ) ;
#566 = CARTESIAN_POINT ( 'NONE',  ( -25.78786021590972766, 10.72477058083638290, -14.06390152765178847 ) ) ;
#567 = LINE ( 'NONE', #4125, #5350 ) ;
#568 = AXIS2_PLACEMENT_3D ( 'NONE', #4573, #203, #579 ) ;
#569 = CARTESIAN_POINT ( 'NONE',  ( -7.429627489742283153, 29.06765997330265350, -12.45249999999997748 ) ) ;
#570 = DIRECTION ( 'NONE',  ( -0.000000000000000000, -0.000000000000000000, -1.000000000000000000 ) ) ;
#571 = CARTESIAN_POINT ( 'NONE',  ( -32.95885383533170199, 12.66743675181529838, 6.250000000000005329 ) ) ;
#572 = CIRCLE ( 'NONE', #2071, 32.50000000000000000 ) ;
#573 = CARTESIAN_POINT ( 'NONE',  ( 34.00000000000000000, 0.000000000000000000, 17.95250000000002544 ) ) ;
#574 = ORIENTED_EDGE ( 'NONE', *, *, #2933, .T. ) ;
#575 = CARTESIAN_POINT ( 'NONE',  ( 28.14582562299425916, 16.25000000000000000, -6.249999999999992006 ) ) ;
#576 = ORIENTED_EDGE ( 'NONE', *, *, #931, .T. ) ;
#577 = VERTEX_POINT ( 'NONE', #5329 ) ;
#578 = DIRECTION ( 'NONE',  ( -1.000000000000000000, 0.000000000000000000, 0.000000000000000000 ) ) ;
#579 = DIRECTION ( 'NONE',  ( -1.000000000000000000, 0.000000000000000000, 0.000000000000000000 ) ) ;
#580 = CARTESIAN_POINT ( 'NONE',  ( 23.85776672137070520, -29.57713588345999156, -6.249999999999993783 ) ) ;
#581 = EDGE_CURVE ( 'NONE', #4680, #3928, #4476, .T. ) ;
#582 = EDGE_CURVE ( 'NONE', #3488, #4140, #1786, .T. ) ;
#583 = DIRECTION ( 'NONE',  ( 1.000000000000000000, 0.000000000000000000, 0.000000000000000000 ) ) ;
#584 = VECTOR ( 'NONE', #2439, 1000.000000000000000 ) ;
#585 = VERTEX_POINT ( 'NONE', #4870 ) ;
#586 = LINE ( 'NONE', #1930, #1013 ) ;
#587 = CARTESIAN_POINT ( 'NONE',  ( -28.14582562299425561, 16.25000000000001066, -23.22056274847715684 ) ) ;
#588 = AXIS2_PLACEMENT_3D ( 'NONE', #904, #2679, #4452 ) ;
#589 = DIRECTION ( 'NONE',  ( 0.000000000000000000, 0.000000000000000000, 1.000000000000000000 ) ) ;
#590 = DIRECTION ( 'NONE',  ( 1.000000000000000000, 0.000000000000000000, 0.000000000000000000 ) ) ;
#591 = ORIENTED_EDGE ( 'NONE', *, *, #971, .F. ) ;
#592 = CARTESIAN_POINT ( 'NONE',  ( -23.80555661413261248, 22.12567454997311600, 19.45250000000001123 ) ) ;
#593 = CIRCLE ( 'NONE', #5699, 2.552699999999990865 ) ;
#594 = LINE ( 'NONE', #1143, #230 ) ;
#595 = CIRCLE ( 'NONE', #871, 2.552699999999994418 ) ;
#596 = CARTESIAN_POINT ( 'NONE',  ( 0.000000000000000000, 0.000000000000000000, 0.000000000000000000 ) ) ;
#597 = DIRECTION ( 'NONE',  ( 0.000000000000000000, 0.000000000000000000, -1.000000000000000000 ) ) ;
#598 = DIRECTION ( 'NONE',  ( 1.000000000000000000, 0.000000000000000000, 0.000000000000000000 ) ) ;
#599 = DIRECTION ( 'NONE',  ( -0.000000000000000000, -0.000000000000000000, -1.000000000000000000 ) ) ;
#600 = DIRECTION ( 'NONE',  ( 1.000000000000000000, 0.000000000000000000, 0.000000000000000000 ) ) ;
#601 = EDGE_LOOP ( 'NONE', ( #591, #3733, #1390, #263 ) ) ;
#602 = LINE ( 'NONE', #5030, #1313 ) ;
#603 = ORIENTED_EDGE ( 'NONE', *, *, #1823, .T. ) ;
#604 = VERTEX_POINT ( 'NONE', #909 ) ;
#605 = CARTESIAN_POINT ( 'NONE',  ( -28.06807824818177721, -9.424760485888398875, -12.75755905972785520 ) ) ;
#606 = CARTESIAN_POINT ( 'NONE',  ( 24.90427461170795453, 23.14685952920264000, 0.000000000000000000 ) ) ;
#607 = CARTESIAN_POINT ( 'NONE',  ( 3.984302198030716898E-15, 32.50000000000000000, 19.45250000000001123 ) ) ;
#608 = EDGE_CURVE ( 'NONE', #727, #1610, #992, .T. ) ;
#609 = EDGE_LOOP ( 'NONE', ( #5000, #170, #4187, #2579 ) ) ;
#610 = ORIENTED_EDGE ( 'NONE', *, *, #5591, .F. ) ;
#611 = DIRECTION ( 'NONE',  ( 1.000000000000000000, 0.000000000000000000, 0.000000000000000000 ) ) ;
#612 = DIRECTION ( 'NONE',  ( 1.000000000000000000, 0.000000000000000000, 0.000000000000000000 ) ) ;
#613 = PRODUCT_DEFINITION_FORMATION_WITH_SPECIFIED_SOURCE ( 'ANY', '', #4404, .NOT_KNOWN. ) ;
#614 = EDGE_CURVE ( 'NONE', #234, #5007, #2957, .T. ) ;
#615 = FACE_OUTER_BOUND ( 'NONE', #951, .T. ) ;
#616 = ORIENTED_EDGE ( 'NONE', *, *, #85, .T. ) ;
#617 = DIRECTION ( 'NONE',  ( -0.000000000000000000, -0.000000000000000000, 1.000000000000000000 ) ) ;
#618 = VECTOR ( 'NONE', #2629, 1000.000000000000000 ) ;
#619 = DIRECTION ( 'NONE',  ( 1.000000000000000000, 0.000000000000000000, 0.000000000000000000 ) ) ;
#620 = CIRCLE ( 'NONE', #2952, 2.552699999999994418 ) ;
#621 = ADVANCED_FACE ( 'NONE', ( #3183 ), #4459, .T. ) ;
#622 = AXIS2_PLACEMENT_3D ( 'NONE', #1169, #5600, #5537 ) ;
#623 = CIRCLE ( 'NONE', #5354, 32.50000000000000711 ) ;
#624 = CARTESIAN_POINT ( 'NONE',  ( -28.48876126200564585, 8.878379702593614198, -12.57719980360248968 ) ) ;
#625 = CARTESIAN_POINT ( 'NONE',  ( -28.14582562299425561, -16.25000000000001066, 19.45250000000001123 ) ) ;
#626 = AXIS2_PLACEMENT_3D ( 'NONE', #5374, #1393, #3421 ) ;
#627 = CARTESIAN_POINT ( 'NONE',  ( -1.500000000000000444, -23.00000000000000000, -17.85894133304158515 ) ) ;
#628 = CARTESIAN_POINT ( 'NONE',  ( 23.85776672137070520, -29.57713588345999156, 6.250000000000003553 ) ) ;
#629 = DIRECTION ( 'NONE',  ( -1.000000000000000000, 0.000000000000000000, 0.000000000000000000 ) ) ;
#630 = EDGE_CURVE ( 'NONE', #4245, #1771, #1740, .T. ) ;
#631 = DIRECTION ( 'NONE',  ( 0.000000000000000000, 0.000000000000000000, -1.000000000000000000 ) ) ;
#632 = ADVANCED_FACE ( 'NONE', ( #3972 ), #3122, .F. ) ;
#633 = ORIENTED_EDGE ( 'NONE', *, *, #854, .T. ) ;
#634 = CARTESIAN_POINT ( 'NONE',  ( 2.920075549081217137, 27.25539593613543587, -14.46620053625901292 ) ) ;
#635 = VERTEX_POINT ( 'NONE', #2253 ) ;
#636 = ORIENTED_EDGE ( 'NONE', *, *, #4024, .T. ) ;
#637 = CARTESIAN_POINT ( 'NONE',  ( 32.49790567597337798, 9.994304711961605747, 6.250000000000004441 ) ) ;
#638 = FACE_OUTER_BOUND ( 'NONE', #553, .T. ) ;
#639 = CARTESIAN_POINT ( 'NONE',  ( -22.34588024007723561, 17.81247137312376694, -13.56002603974352638 ) ) ;
#640 = AXIS2_PLACEMENT_3D ( 'NONE', #3937, #5701, #491 ) ;
#641 = ORIENTED_EDGE ( 'NONE', *, *, #5729, .F. ) ;
#642 = VERTEX_POINT ( 'NONE', #5389 ) ;
#643 = ORIENTED_EDGE ( 'NONE', *, *, #2502, .T. ) ;
#644 = DIRECTION ( 'NONE',  ( 1.000000000000000000, 0.000000000000000000, 0.000000000000000000 ) ) ;
#645 = LINE ( 'NONE', #2431, #102 ) ;
#646 = DIRECTION ( 'NONE',  ( -0.000000000000000000, -0.000000000000000000, -1.000000000000000000 ) ) ;
#647 = ORIENTED_EDGE ( 'NONE', *, *, #1938, .F. ) ;
#648 = DIRECTION ( 'NONE',  ( -1.000000000000000000, 0.000000000000000000, 0.000000000000000000 ) ) ;
#649 = CARTESIAN_POINT ( 'NONE',  ( 21.86163602711994258, 0.9818850668953152949, -18.76530326803538529 ) ) ;
#650 = DIRECTION ( 'NONE',  ( 0.000000000000000000, 0.000000000000000000, 1.000000000000000000 ) ) ;
#651 = DIRECTION ( 'NONE',  ( 1.000000000000000000, 0.000000000000000000, 0.000000000000000000 ) ) ;
#652 = CARTESIAN_POINT ( 'NONE',  ( 25.59312562299426475, 16.25000000000000000, 12.06000000000000583 ) ) ;
#653 = DIRECTION ( 'NONE',  ( -1.000000000000000000, 0.000000000000000000, 0.000000000000000000 ) ) ;
#654 = AXIS2_PLACEMENT_3D ( 'NONE', #2442, #4212, #2872 ) ;
#655 = EDGE_CURVE ( 'NONE', #2856, #119, #716, .T. ) ;
#656 = CARTESIAN_POINT ( 'NONE',  ( 24.75922197056410923, 11.29382923010208017, -14.62017571105136149 ) ) ;
#657 = CONICAL_SURFACE ( 'NONE', #4760, 4.499999999999997335, 0.7853981633974509435 ) ;
#658 = ORIENTED_EDGE ( 'NONE', *, *, #244, .F. ) ;
#659 = CARTESIAN_POINT ( 'NONE',  ( -0.7909912237562108928, 26.53986729438407721, -15.13660542823460275 ) ) ;
#660 = VERTEX_POINT ( 'NONE', #2714 ) ;
#661 = ORIENTED_EDGE ( 'NONE', *, *, #630, .F. ) ;
#662 = DIRECTION ( 'NONE',  ( 1.000000000000000000, 0.000000000000000000, 0.000000000000000000 ) ) ;
#663 = DIRECTION ( 'NONE',  ( -0.000000000000000000, -0.000000000000000000, -1.000000000000000000 ) ) ;
#664 = ADVANCED_FACE ( 'NONE', ( #4432 ), #1817, .F. ) ;
#665 = DIRECTION ( 'NONE',  ( 0.000000000000000000, 0.000000000000000000, -1.000000000000000000 ) ) ;
#666 = AXIS2_PLACEMENT_3D ( 'NONE', #3781, #5118, #2450 ) ;
#667 = ORIENTED_EDGE ( 'NONE', *, *, #5384, .T. ) ;
#668 = B_SPLINE_CURVE_WITH_KNOTS ( 'NONE', 3,
 ( #5049, #1621, #682, #624, #2379, #2029, #4207, #3331, #3366, #160, #4178, #4267, #5077, #283 ),
 .UNSPECIFIED., .F., .F.,
 ( 4, 2, 2, 2, 2, 2, 4 ),
 ( 0.000000000000000000, 0.001057616366208094169, 0.001586424549312143856, 0.002115232732416193542, 0.002644040915520242795, 0.003172849098624292916, 0.004230465464832397493 ),
 .UNSPECIFIED. ) ;
#669 = ORIENTED_EDGE ( 'NONE', *, *, #1087, .F. ) ;
#670 = VERTEX_POINT ( 'NONE', #3590 ) ;
#671 = AXIS2_PLACEMENT_3D ( 'NONE', #3601, #3629, #3159 ) ;
#672 = LINE ( 'NONE', #1579, #3499 ) ;
#673 = CARTESIAN_POINT ( 'NONE',  ( 28.14582562299425561, -16.24999999999999645, -23.22056274847715684 ) ) ;
#674 = DIRECTION ( 'NONE',  ( -1.000000000000000000, 0.000000000000000000, 0.000000000000000000 ) ) ;
#675 = AXIS2_PLACEMENT_3D ( 'NONE', #1882, #1088, #2350 ) ;
#676 = ORIENTED_EDGE ( 'NONE', *, *, #164, .F. ) ;
#677 = AXIS2_PLACEMENT_3D ( 'NONE', #4674, #5012, #1583 ) ;
#678 = DIRECTION ( 'NONE',  ( -1.000000000000000000, 0.000000000000000000, 0.000000000000000000 ) ) ;
#679 = ADVANCED_FACE ( 'NONE', ( #5303 ), #3507, .F. ) ;
#680 = DIRECTION ( 'NONE',  ( 1.000000000000000000, 1.156482317317871725E-15, 0.000000000000000000 ) ) ;
#681 = EDGE_CURVE ( 'NONE', #3367, #1009, #4056, .T. ) ;
#682 = CARTESIAN_POINT ( 'NONE',  ( -28.75259503537219530, 8.423504256274059188, -12.48427322053269961 ) ) ;
#683 = VERTEX_POINT ( 'NONE', #4405 ) ;
#684 = EDGE_CURVE ( 'NONE', #2528, #5718, #5724, .T. ) ;
#685 = LINE ( 'NONE', #1116, #1459 ) ;
#686 = CARTESIAN_POINT ( 'NONE',  ( 0.000000000000000000, 0.000000000000000000, 12.45250000000002721 ) ) ;
#687 = CARTESIAN_POINT ( 'NONE',  ( 5.392069417936998121, -28.88158676194969487, -12.93449815022522031 ) ) ;
#688 = EDGE_CURVE ( 'NONE', #4536, #1093, #68, .T. ) ;
#689 = CARTESIAN_POINT ( 'NONE',  ( 23.15370234744452205, 12.91579066334270820, -15.16556875979787478 ) ) ;
#690 = DIRECTION ( 'NONE',  ( 0.000000000000000000, 0.000000000000000000, -1.000000000000000000 ) ) ;
#691 = VERTEX_POINT ( 'NONE', #1293 ) ;
#692 = EDGE_LOOP ( 'NONE', ( #469, #2848, #720 ) ) ;
#693 = LINE ( 'NONE', #1208, #496 ) ;
#694 = CARTESIAN_POINT ( 'NONE',  ( 7.589415207398531038E-16, 0.000000000000000000, 6.250000000000003553 ) ) ;
#695 = EDGE_CURVE ( 'NONE', #1267, #1018, #5450, .T. ) ;
#696 = ORIENTED_EDGE ( 'NONE', *, *, #4378, .F. ) ;
#697 = ORIENTED_EDGE ( 'NONE', *, *, #5494, .T. ) ;
#698 = ORIENTED_EDGE ( 'NONE', *, *, #3242, .T. ) ;
#699 = VERTEX_POINT ( 'NONE', #419 ) ;
#700 = ORIENTED_EDGE ( 'NONE', *, *, #2502, .F. ) ;
#701 = CYLINDRICAL_SURFACE ( 'NONE', #3589, 5.999999999999998224 ) ;
#702 = CARTESIAN_POINT ( 'NONE',  ( 3.984302198030716898E-15, 32.50000000000000000, -20.95249999999998991 ) ) ;
#703 = DIRECTION ( 'NONE',  ( 1.000000000000000000, 0.000000000000000000, 0.000000000000000000 ) ) ;
#704 = ORIENTED_EDGE ( 'NONE', *, *, #4260, .F. ) ;
#705 = DIRECTION ( 'NONE',  ( -0.000000000000000000, -0.000000000000000000, 1.000000000000000000 ) ) ;
#706 = CARTESIAN_POINT ( 'NONE',  ( 23.34052681747724733, 1.471958286111047620, -17.59611122060479005 ) ) ;
#707 = EDGE_CURVE ( 'NONE', #5324, #957, #2196, .T. ) ;
#708 = DIRECTION ( 'NONE',  ( -0.000000000000000000, -0.000000000000000000, -1.000000000000000000 ) ) ;
#709 = ORIENTED_EDGE ( 'NONE', *, *, #5452, .T. ) ;
#710 = VECTOR ( 'NONE', #5722, 1000.000000000000000 ) ;
#711 = VECTOR ( 'NONE', #4752, 1000.000000000000000 ) ;
#712 = CARTESIAN_POINT ( 'NONE',  ( -1.336577985725055706, -22.31293604473504999, -18.40025110330821789 ) ) ;
#713 = CARTESIAN_POINT ( 'NONE',  ( 27.10171060685865996, -25.18922948766167735, 19.45250000000001123 ) ) ;
#714 = EDGE_CURVE ( 'NONE', #4245, #585, #1271, .T. ) ;
#715 = AXIS2_PLACEMENT_3D ( 'NONE', #1014, #3720, #174 ) ;
#716 = CIRCLE ( 'NONE', #5265, 34.00000000000000000 ) ;
#717 = VECTOR ( 'NONE', #966, 1000.000000000000000 ) ;
#718 = DIRECTION ( 'NONE',  ( -0.000000000000000000, -0.000000000000000000, 1.000000000000000000 ) ) ;
#719 = FACE_OUTER_BOUND ( 'NONE', #4535, .T. ) ;
#720 = ORIENTED_EDGE ( 'NONE', *, *, #3213, .T. ) ;
#721 = ORIENTED_EDGE ( 'NONE', *, *, #3494, .F. ) ;
#722 = CYLINDRICAL_SURFACE ( 'NONE', #5055, 2.552699999999990865 ) ;
#723 = DIRECTION ( 'NONE',  ( 1.000000000000000000, 0.000000000000000000, 0.000000000000000000 ) ) ;
#724 = ADVANCED_FACE ( 'NONE', ( #1881 ), #117, .F. ) ;
#725 = ORIENTED_EDGE ( 'NONE', *, *, #3826, .F. ) ;
#726 = DIRECTION ( 'NONE',  ( 1.000000000000000000, 0.000000000000000000, 0.000000000000000000 ) ) ;
#727 = VERTEX_POINT ( 'NONE', #56 ) ;
#728 = ORIENTED_EDGE ( 'NONE', *, *, #5623, .F. ) ;
#729 = VERTEX_POINT ( 'NONE', #1900 ) ;
#730 = CARTESIAN_POINT ( 'NONE',  ( -28.14582562299424850, 16.25000000000000711, 12.06000000000000583 ) ) ;
#731 = LINE ( 'NONE', #3468, #3166 ) ;
#732 = EDGE_CURVE ( 'NONE', #1158, #1858, #5435, .T. ) ;
#733 = AXIS2_PLACEMENT_3D ( 'NONE', #2305, #3291, #3698 ) ;
#734 = CARTESIAN_POINT ( 'NONE',  ( -1.058069727667962256, 24.06762929798777151, -17.04855901153256070 ) ) ;
#735 = EDGE_LOOP ( 'NONE', ( #184, #3374, #667, #5177 ) ) ;
#736 = FACE_OUTER_BOUND ( 'NONE', #4872, .T. ) ;
#737 = CIRCLE ( 'NONE', #2599, 6.000000000000001776 ) ;
#738 = CARTESIAN_POINT ( 'NONE',  ( -4.200100801819114721E-18, -32.50000000000000000, 6.250000000000005329 ) ) ;
#739 = ADVANCED_FACE ( 'NONE', ( #1428 ), #1715, .F. ) ;
#740 = CARTESIAN_POINT ( 'NONE',  ( 32.17337224468786161, -11.80265604994571405, -23.22056274847715684 ) ) ;
#741 = ORIENTED_EDGE ( 'NONE', *, *, #3675, .T. ) ;
#742 = ORIENTED_EDGE ( 'NONE', *, *, #807, .F. ) ;
#743 = CARTESIAN_POINT ( 'NONE',  ( -0.4431988895652196891, -21.56276147439784197, -19.01145978598160724 ) ) ;
#744 = AXIS2_PLACEMENT_3D ( 'NONE', #5322, #3614, #4515 ) ;
#745 = VECTOR ( 'NONE', #3809, 1000.000000000000000 ) ;
#746 = DIRECTION ( 'NONE',  ( -0.000000000000000000, -0.000000000000000000, 1.000000000000000000 ) ) ;
#747 = DIRECTION ( 'NONE',  ( -1.000000000000000000, 0.000000000000000000, -0.000000000000000000 ) ) ;
#748 = ORIENTED_EDGE ( 'NONE', *, *, #1047, .F. ) ;
#749 = VECTOR ( 'NONE', #3963, 1000.000000000000000 ) ;
#750 = FACE_OUTER_BOUND ( 'NONE', #148, .T. ) ;
#751 = CARTESIAN_POINT ( 'NONE',  ( -10.80447448861207604, 27.98684210526316463, -6.249999999999993783 ) ) ;
#752 = VECTOR ( 'NONE', #3933, 1000.000000000000000 ) ;
#753 = ORIENTED_EDGE ( 'NONE', *, *, #1114, .F. ) ;
#754 = DIRECTION ( 'NONE',  ( -0.7071067811865491270, 0.000000000000000000, -0.7071067811865459074 ) ) ;
#755 = EDGE_CURVE ( 'NONE', #585, #2514, #3199, .T. ) ;
#756 = ORIENTED_EDGE ( 'NONE', *, *, #1543, .T. ) ;
#757 = ORIENTED_EDGE ( 'NONE', *, *, #5383, .F. ) ;
#758 = ORIENTED_EDGE ( 'NONE', *, *, #2119, .F. ) ;
#759 = EDGE_CURVE ( 'NONE', #272, #4855, #3308, .T. ) ;
#760 = LINE ( 'NONE', #2888, #4425 ) ;
#761 = CARTESIAN_POINT ( 'NONE',  ( -21.67126619250572972, -20.68872559722165860, -12.48427322053269783 ) ) ;
#762 = CARTESIAN_POINT ( 'NONE',  ( -28.14582562299419166, -16.25000000000012790, -6.249999999999993783 ) ) ;
#763 = ORIENTED_EDGE ( 'NONE', *, *, #4394, .F. ) ;
#764 = AXIS2_PLACEMENT_3D ( 'NONE', #4689, #690, #2474 ) ;
#765 = DIRECTION ( 'NONE',  ( 0.7071067811865474617, 0.000000000000000000, 0.7071067811865474617 ) ) ;
#766 = CIRCLE ( 'NONE', #2249, 30.00000000000000355 ) ;
#767 = DIRECTION ( 'NONE',  ( 0.000000000000000000, 0.000000000000000000, -1.000000000000000000 ) ) ;
#768 = ADVANCED_FACE ( 'NONE', ( #985 ), #1865, .F. ) ;
#769 = CARTESIAN_POINT ( 'NONE',  ( 21.50000000000000000, 1.836970198721030674E-16, -20.95249999999998991 ) ) ;
#770 = ORIENTED_EDGE ( 'NONE', *, *, #2681, .T. ) ;
#771 = ORIENTED_EDGE ( 'NONE', *, *, #1404, .F. ) ;
#772 = CARTESIAN_POINT ( 'NONE',  ( 32.36536794150042340, -10.87615512772293158, 6.250000000000003553 ) ) ;
#773 = ADVANCED_FACE ( 'NONE', ( #5006 ), #1835, .F. ) ;
#774 = CARTESIAN_POINT ( 'NONE',  ( 22.28504596091627121, -17.53501430053164256, -20.95249999999998991 ) ) ;
#775 = DIRECTION ( 'NONE',  ( 1.000000000000000000, 0.000000000000000000, 0.000000000000000000 ) ) ;
#776 = ORIENTED_EDGE ( 'NONE', *, *, #5176, .T. ) ;
#777 = LINE ( 'NONE', #4220, #1148 ) ;
#778 = FACE_OUTER_BOUND ( 'NONE', #1424, .T. ) ;
#779 = VECTOR ( 'NONE', #2660, 1000.000000000000000 ) ;
#780 = ORIENTED_EDGE ( 'NONE', *, *, #2640, .F. ) ;
#781 = CARTESIAN_POINT ( 'NONE',  ( 28.14582562299425916, 16.25000000000000000, 12.06000000000000583 ) ) ;
#782 = ORIENTED_EDGE ( 'NONE', *, *, #4978, .T. ) ;
#783 = ORIENTED_EDGE ( 'NONE', *, *, #1108, .T. ) ;
#784 = ORIENTED_EDGE ( 'NONE', *, *, #3330, .T. ) ;
#785 = CARTESIAN_POINT ( 'NONE',  ( -22.97722326075390953, -13.18467059132152563, -15.18311879612364201 ) ) ;
#786 = VECTOR ( 'NONE', #3862, 1000.000000000000000 ) ;
#787 = CARTESIAN_POINT ( 'NONE',  ( -28.14582562299424850, 16.25000000000000711, -6.249999999999993783 ) ) ;
#788 = CARTESIAN_POINT ( 'NONE',  ( -1.500000000000000444, 23.00000000000000000, -17.85894133304158871 ) ) ;
#789 = VECTOR ( 'NONE', #1300, 1000.000000000000000 ) ;
#790 = DIRECTION ( 'NONE',  ( -1.000000000000000000, 0.000000000000000000, 0.000000000000000000 ) ) ;
#791 = DIRECTION ( 'NONE',  ( 0.000000000000000000, 0.000000000000000000, 1.000000000000000000 ) ) ;
#792 = ADVANCED_FACE ( 'NONE', ( #2272 ), #4883, .F. ) ;
#793 = CARTESIAN_POINT ( 'NONE',  ( -25.11660095207393795, 6.719847960652010066, -6.249999999999993783 ) ) ;
#794 = VERTEX_POINT ( 'NONE', #2673 ) ;
#795 = ORIENTED_EDGE ( 'NONE', *, *, #3286, .T. ) ;
#796 = CARTESIAN_POINT ( 'NONE',  ( 18.83507899055581447, 23.35037043431052695, 0.000000000000000000 ) ) ;
#797 = EDGE_CURVE ( 'NONE', #4716, #1093, #4497, .T. ) ;
#798 = AXIS2_PLACEMENT_3D ( 'NONE', #5365, #3188, #5027 ) ;
#799 = CYLINDRICAL_SURFACE ( 'NONE', #4300, 4.000000000000000000 ) ;
#800 = CARTESIAN_POINT ( 'NONE',  ( -30.69852562299425003, -16.24999999999999645, 12.06000000000000583 ) ) ;
#801 = VERTEX_POINT ( 'NONE', #2766 ) ;
#802 = CARTESIAN_POINT ( 'NONE',  ( -34.00000000000000000, 0.000000000000000000, 17.95250000000002544 ) ) ;
#803 = DIRECTION ( 'NONE',  ( 1.000000000000000000, 0.000000000000000000, 0.000000000000000000 ) ) ;
#804 = COLOUR_RGB ( '',0.7921568627450980005, 0.8196078431372548767, 0.9333333333333333481 ) ;
#805 = EDGE_CURVE ( 'NONE', #604, #4140, #461, .T. ) ;
#806 = CONICAL_SURFACE ( 'NONE', #4059, 4.500000000000007105, 0.7853981633974500554 ) ;
#807 = EDGE_CURVE ( 'NONE', #3574, #1188, #499, .T. ) ;
#808 = ORIENTED_EDGE ( 'NONE', *, *, #2145, .T. ) ;
#809 = CARTESIAN_POINT ( 'NONE',  ( 0.000000000000000000, 0.000000000000000000, -6.249999999999993783 ) ) ;
#810 = ORIENTED_EDGE ( 'NONE', *, *, #1000, .T. ) ;
#811 = ORIENTED_EDGE ( 'NONE', *, *, #1280, .T. ) ;
#812 = ORIENTED_EDGE ( 'NONE', *, *, #4560, .T. ) ;
#813 = CARTESIAN_POINT ( 'NONE',  ( 22.60070908611444196, -13.95001537149493309, -15.12917304405977781 ) ) ;
#814 = CARTESIAN_POINT ( 'NONE',  ( 23.00000000000000000, 0.000000000000000000, -20.95249999999998991 ) ) ;
#815 = CIRCLE ( 'NONE', #2032, 8.000000000000000000 ) ;
#816 = CARTESIAN_POINT ( 'NONE',  ( 0.1060530119319920972, 24.50032897800477016, -16.73003757155119686 ) ) ;
#817 = CARTESIAN_POINT ( 'NONE',  ( 8.263657334641774099, 36.06538461538462315, 19.45250000000001123 ) ) ;
#818 = CARTESIAN_POINT ( 'NONE',  ( 6.037165062499214585, 29.05325125324500135, -12.70649441957943004 ) ) ;
#819 = DIRECTION ( 'NONE',  ( 0.000000000000000000, 0.000000000000000000, -1.000000000000000000 ) ) ;
#820 = CONICAL_SURFACE ( 'NONE', #3613, 4.500000000000007105, 0.7853981633974500554 ) ;
#821 = CARTESIAN_POINT ( 'NONE',  ( -5.509104889761178292, -34.87692307692308447, -23.22056274847715684 ) ) ;
#822 = ORIENTED_EDGE ( 'NONE', *, *, #3471, .T. ) ;
#823 = AXIS2_PLACEMENT_3D ( 'NONE', #1020, #4114, #4481 ) ;
#824 = ADVANCED_FACE ( 'NONE', ( #521 ), #3578, .F. ) ;
#825 = DIRECTION ( 'NONE',  ( 1.000000000000000000, 4.625929269271491633E-15, 0.000000000000000000 ) ) ;
#826 = CARTESIAN_POINT ( 'NONE',  ( 0.5446671993443410464, 21.59836764410000143, -18.98192287863911787 ) ) ;
#827 = CARTESIAN_POINT ( 'NONE',  ( 13.68566768557530189, -35.45000000000000995, -6.249999999999993783 ) ) ;
#828 = VERTEX_POINT ( 'NONE', #87 ) ;
#829 = CARTESIAN_POINT ( 'NONE',  ( -28.98069340623915124, 7.753670723829241496, 0.000000000000000000 ) ) ;
#830 = FACE_OUTER_BOUND ( 'NONE', #2076, .T. ) ;
#831 = AXIS2_PLACEMENT_3D ( 'NONE', #1842, #4918, #961 ) ;
#832 = EDGE_CURVE ( 'NONE', #5093, #4731, #2335, .T. ) ;
#833 = CARTESIAN_POINT ( 'NONE',  ( -25.59312562299426119, -16.24999999999999645, 12.06000000000000583 ) ) ;
#834 = CIRCLE ( 'NONE', #2894, 2.552699999999995750 ) ;
#835 = ORIENTED_EDGE ( 'NONE', *, *, #116, .T. ) ;
#836 = ORIENTED_EDGE ( 'NONE', *, *, #307, .T. ) ;
#837 = EDGE_LOOP ( 'NONE', ( #4438, #1648, #4354, #4856 ) ) ;
#838 = EDGE_CURVE ( 'NONE', #1158, #5285, #3760, .T. ) ;
#839 = CARTESIAN_POINT ( 'NONE',  ( -7.593631064265406572, -33.14116424116424042, 0.000000000000000000 ) ) ;
#840 = CARTESIAN_POINT ( 'NONE',  ( 29.63955347916790117, -4.636471670952637680, 0.000000000000000000 ) ) ;
#841 = VECTOR ( 'NONE', #4964, 1000.000000000000000 ) ;
#842 = AXIS2_PLACEMENT_3D ( 'NONE', #5619, #3008, #1278 ) ;
#843 = CARTESIAN_POINT ( 'NONE',  ( -0.8230752244178324295, 24.25807969143096443, -16.90769077064431158 ) ) ;
#844 = CIRCLE ( 'NONE', #1598, 4.499999999999993783 ) ;
#845 = CARTESIAN_POINT ( 'NONE',  ( -31.75559678224734839, -13.56307756386147467, 19.45250000000001123 ) ) ;
#846 = CARTESIAN_POINT ( 'NONE',  ( -32.17337224468786161, 11.80265604994572826, -23.22056274847715684 ) ) ;
#847 = FACE_OUTER_BOUND ( 'NONE', #3052, .T. ) ;
#848 = EDGE_CURVE ( 'NONE', #1893, #5442, #594, .T. ) ;
#849 = AXIS2_PLACEMENT_3D ( 'NONE', #3770, #1118, #3245 ) ;
#850 = LINE ( 'NONE', #821, #1357 ) ;
#851 = VERTEX_POINT ( 'NONE', #1560 ) ;
#852 = ADVANCED_FACE ( 'NONE', ( #2437 ), #1530, .F. ) ;
#853 = CARTESIAN_POINT ( 'NONE',  ( 7.593631064265411013, 33.14116424116424042, 6.250000000000004441 ) ) ;
#854 = EDGE_CURVE ( 'NONE', #5232, #1111, #4558, .T. ) ;
#855 = EDGE_CURVE ( 'NONE', #3063, #1080, #2400, .T. ) ;
#856 = CIRCLE ( 'NONE', #2452, 6.000000000000000000 ) ;
#857 = CARTESIAN_POINT ( 'NONE',  ( 1.500000000000000444, 23.00000000000000000, -20.95249999999998991 ) ) ;
#858 = DIRECTION ( 'NONE',  ( 0.000000000000000000, 0.000000000000000000, -1.000000000000000000 ) ) ;
#859 = AXIS2_PLACEMENT_3D ( 'NONE', #214, #1054, #1525 ) ;
#860 = ORIENTED_EDGE ( 'NONE', *, *, #1442, .T. ) ;
#861 = CARTESIAN_POINT ( 'NONE',  ( 0.000000000000000000, 0.000000000000000000, -19.45249999999998280 ) ) ;
#862 = CARTESIAN_POINT ( 'NONE',  ( 37.54343440694599821, -5.872864116540006840, 0.000000000000000000 ) ) ;
#863 = EDGE_CURVE ( 'NONE', #2722, #5093, #668, .T. ) ;
#864 = CARTESIAN_POINT ( 'NONE',  ( 22.24925085015740578, 17.37175755152394885, -13.83105467629718532 ) ) ;
#865 = VERTEX_POINT ( 'NONE', #1941 ) ;
#866 = VERTEX_POINT ( 'NONE', #5106 ) ;
#867 = ORIENTED_EDGE ( 'NONE', *, *, #759, .F. ) ;
#868 = CARTESIAN_POINT ( 'NONE',  ( 3.984302198030716898E-15, 32.50000000000000000, 6.250000000000005329 ) ) ;
#869 = CARTESIAN_POINT ( 'NONE',  ( 25.11660095207397703, -6.719847960651844865, -20.95249999999998991 ) ) ;
#870 = EDGE_CURVE ( 'NONE', #5220, #2174, #4708, .T. ) ;
#871 = AXIS2_PLACEMENT_3D ( 'NONE', #2000, #4181, #2931 ) ;
#872 = ORIENTED_EDGE ( 'NONE', *, *, #4191, .T. ) ;
#873 = DIRECTION ( 'NONE',  ( -0.000000000000000000, -0.000000000000000000, 1.000000000000000000 ) ) ;
#874 = CARTESIAN_POINT ( 'NONE',  ( 4.521494675366692029, 28.45601519290228865, -13.37656623630408781 ) ) ;
#875 = CYLINDRICAL_SURFACE ( 'NONE', #5288, 8.000000000000000000 ) ;
#876 = VERTEX_POINT ( 'NONE', #3707 ) ;
#877 = DIRECTION ( 'NONE',  ( -0.000000000000000000, -0.000000000000000000, -1.000000000000000000 ) ) ;
#878 = DIRECTION ( 'NONE',  ( -1.000000000000000000, 0.000000000000000000, 0.000000000000000000 ) ) ;
#879 = CARTESIAN_POINT ( 'NONE',  ( -21.74072503572547888, 0.8211039204119867652, -18.86443174187481020 ) ) ;
#880 = ORIENTED_EDGE ( 'NONE', *, *, #5598, .F. ) ;
#881 = DIRECTION ( 'NONE',  ( 1.000000000000000000, 0.000000000000000000, 0.000000000000000000 ) ) ;
#882 = EDGE_CURVE ( 'NONE', #4045, #3260, #1115, .T. ) ;
#883 = FACE_OUTER_BOUND ( 'NONE', #1468, .T. ) ;
#884 = EDGE_CURVE ( 'NONE', #2328, #5608, #894, .T. ) ;
#885 = CARTESIAN_POINT ( 'NONE',  ( 30.00000000000000355, 0.000000000000000000, -12.45249999999997748 ) ) ;
#886 = CIRCLE ( 'NONE', #3120, 3.000000000000002665 ) ;
#887 = EDGE_LOOP ( 'NONE', ( #4361, #1609 ) ) ;
#888 = FACE_OUTER_BOUND ( 'NONE', #3895, .T. ) ;
#889 = VERTEX_POINT ( 'NONE', #2897 ) ;
#890 = VERTEX_POINT ( 'NONE', #1997 ) ;
#891 = CARTESIAN_POINT ( 'NONE',  ( 22.52814095716199461, -14.13350571363772090, -15.10166245346660574 ) ) ;
#893 = AXIS2_PLACEMENT_3D ( 'NONE', #498, #2376, #2710 ) ;
#892 = CARTESIAN_POINT ( 'NONE',  ( -0.9759045139618325315, -26.57669522575783816, -15.10166245346660041 ) ) ;
#894 = CIRCLE ( 'NONE', #5638, 8.000000000000001776 ) ;
#895 = VECTOR ( 'NONE', #501, 1000.000000000000000 ) ;
#896 = CIRCLE ( 'NONE', #4894, 3.000000000000000000 ) ;
#897 = DIRECTION ( 'NONE',  ( -0.000000000000000000, -0.000000000000000000, 1.000000000000000000 ) ) ;
#898 = ORIENTED_EDGE ( 'NONE', *, *, #153, .F. ) ;
#899 = EDGE_CURVE ( 'NONE', #4748, #5305, #5477, .T. ) ;
#900 = CIRCLE ( 'NONE', #1279, 6.000000000000000000 ) ;
#901 = CARTESIAN_POINT ( 'NONE',  ( 35.36536794150043761, 10.87615512772292092, 19.45250000000001123 ) ) ;
#902 = DIRECTION ( 'NONE',  ( 1.000000000000000000, 0.000000000000000000, 0.000000000000000000 ) ) ;
#903 = DIRECTION ( 'NONE',  ( 1.000000000000000000, 0.000000000000000000, 0.000000000000000000 ) ) ;
#904 = CARTESIAN_POINT ( 'NONE',  ( 23.85776672137069454, 29.57713588345999867, -6.249999999999993783 ) ) ;
#905 = ORIENTED_EDGE ( 'NONE', *, *, #971, .T. ) ;
#906 = CARTESIAN_POINT ( 'NONE',  ( 23.00000000000000000, 0.000000000000000000, -10.07749999999998458 ) ) ;
#907 = CARTESIAN_POINT ( 'NONE',  ( 26.32829082044181490, 10.53190877639176293, -13.73065561476731489 ) ) ;
#908 = VECTOR ( 'NONE', #1076, 1000.000000000000000 ) ;
#909 = CARTESIAN_POINT ( 'NONE',  ( 28.14582562299425561, 16.25000000000000000, 13.59381690219166217 ) ) ;
#910 = CARTESIAN_POINT ( 'NONE',  ( -22.80827363847299338, 1.498048182943779283, -18.00784418868200376 ) ) ;
#911 = ORIENTED_EDGE ( 'NONE', *, *, #4806, .T. ) ;
#912 = B_SPLINE_CURVE_WITH_KNOTS ( 'NONE', 3,
 ( #2612, #2197, #1792, #4871, #4001, #3947, #3070, #2254, #3591, #3123, #2715, #910, #3973, #5304, #2173, #3508, #15, #879, #5330, #2285, #1350, #4030 ),
 .UNSPECIFIED., .F., .F.,
 ( 4, 2, 2, 2, 2, 2, 2, 2, 2, 2, 4 ),
 ( 0.002224705709799074550, 0.002556062298356199126, 0.002887418886913323268, 0.003218775475470447844, 0.003550132064027572421, 0.004875558418256067256, 0.005538271595370312071, 0.006200984772484555152, 0.006532341361041677993, 0.006863697949598800835, 0.007526411126713043048 ),
 .UNSPECIFIED. ) ;
#913 = CARTESIAN_POINT ( 'NONE',  ( -18.83507899055580737, 23.35037043431052695, -6.249999999999993783 ) ) ;
#914 = DIRECTION ( 'NONE',  ( -1.000000000000000000, 0.000000000000000000, -0.000000000000000000 ) ) ;
#915 = CARTESIAN_POINT ( 'NONE',  ( -28.98069340623909795, -7.753670723829444000, -6.249999999999993783 ) ) ;
#916 = ORIENTED_EDGE ( 'NONE', *, *, #3167, .T. ) ;
#917 = DIRECTION ( 'NONE',  ( 1.000000000000000000, 0.000000000000000000, 0.000000000000000000 ) ) ;
#918 = ORIENTED_EDGE ( 'NONE', *, *, #5446, .T. ) ;
#919 = EDGE_LOOP ( 'NONE', ( #5296, #4965, #3490, #5716, #3342, #4279, #354, #2476 ) ) ;
#920 = EDGE_CURVE ( 'NONE', #4037, #1158, #1968, .T. ) ;
#921 = CARTESIAN_POINT ( 'NONE',  ( 0.000000000000000000, 0.000000000000000000, -19.05249999999998067 ) ) ;
#922 = CYLINDRICAL_SURFACE ( 'NONE', #1967, 30.00000000000000355 ) ;
#923 = ADVANCED_FACE ( 'NONE', ( #2928 ), #5568, .T. ) ;
#924 = CARTESIAN_POINT ( 'NONE',  ( 28.98069340623920453, -7.753670723829051425, -12.45249999999997748 ) ) ;
#925 = ADVANCED_FACE ( 'NONE', ( #2410 ), #3414, .F. ) ;
#926 = ORIENTED_EDGE ( 'NONE', *, *, #1905, .F. ) ;
#927 = DIRECTION ( 'NONE',  ( -0.5672208144976634836, 0.4222091278035196016, -0.7071067811865464625 ) ) ;
#928 = DIRECTION ( 'NONE',  ( -0.000000000000000000, -0.000000000000000000, 1.000000000000000000 ) ) ;
#929 = VECTOR ( 'NONE', #493, 1000.000000000000000 ) ;
#930 = CARTESIAN_POINT ( 'NONE',  ( -28.14582562299425561, 16.25000000000001066, 19.45250000000001123 ) ) ;
#931 = EDGE_CURVE ( 'NONE', #2669, #2944, #4155, .T. ) ;
#932 = CARTESIAN_POINT ( 'NONE',  ( 32.49790567597337798, 9.994304711961605747, 17.95250000000002544 ) ) ;
#933 = VERTEX_POINT ( 'NONE', #4734 ) ;
#934 = AXIS2_PLACEMENT_3D ( 'NONE', #702, #5127, #612 ) ;
#935 = CARTESIAN_POINT ( 'NONE',  ( -32.49790567597336377, -9.994304711961625287, 0.000000000000000000 ) ) ;
#936 = EDGE_CURVE ( 'NONE', #5007, #2389, #1258, .T. ) ;
#937 = AXIS2_PLACEMENT_3D ( 'NONE', #4410, #4496, #5364 ) ;
#938 = CARTESIAN_POINT ( 'NONE',  ( -23.55576291306944725, 12.37169735673223947, -15.09306435738348107 ) ) ;
#939 = AXIS2_PLACEMENT_3D ( 'NONE', #4999, #2419, #3250 ) ;
#940 = CARTESIAN_POINT ( 'NONE',  ( 0.000000000000000000, 0.000000000000000000, 6.250000000000004441 ) ) ;
#941 = DIRECTION ( 'NONE',  ( -0.000000000000000000, -0.000000000000000000, 1.000000000000000000 ) ) ;
#942 = ORIENTED_EDGE ( 'NONE', *, *, #305, .T. ) ;
#943 = FACE_OUTER_BOUND ( 'NONE', #5546, .T. ) ;
#944 = CYLINDRICAL_SURFACE ( 'NONE', #3734, 6.000000000000000000 ) ;
#945 = CONICAL_SURFACE ( 'NONE', #4589, 4.499999999999990230, 0.7853981633974500554 ) ;
#946 = DIRECTION ( 'NONE',  ( 1.000000000000000000, 0.000000000000000000, 0.000000000000000000 ) ) ;
#947 = CIRCLE ( 'NONE', #4213, 20.99999999999998934 ) ;
#948 = LINE ( 'NONE', #885, #5119 ) ;
#949 = ORIENTED_EDGE ( 'NONE', *, *, #424, .T. ) ;
#950 = DIRECTION ( 'NONE',  ( -0.000000000000000000, -0.000000000000000000, 1.000000000000000000 ) ) ;
#951 = EDGE_LOOP ( 'NONE', ( #3929, #2647, #3437, #822 ) ) ;
#952 = ORIENTED_EDGE ( 'NONE', *, *, #2176, .F. ) ;
#953 = CARTESIAN_POINT ( 'NONE',  ( 35.36536794150043761, 10.87615512772292092, 19.45250000000001123 ) ) ;
#954 = CARTESIAN_POINT ( 'NONE',  ( 2.088058061712647184, -26.87197753082577023, -14.82280109448974237 ) ) ;
#955 = FACE_OUTER_BOUND ( 'NONE', #5236, .T. ) ;
#956 = CARTESIAN_POINT ( 'NONE',  ( 27.31735732611844725, -10.06380709916778926, -13.14324531440266064 ) ) ;
#957 = VERTEX_POINT ( 'NONE', #2139 ) ;
#958 = DIRECTION ( 'NONE',  ( -0.5672208144976633726, -0.4222091278035203232, -0.7071067811865462405 ) ) ;
#959 = CARTESIAN_POINT ( 'NONE',  ( 21.67270392661078304, -20.68671811446111164, -12.48454517327947677 ) ) ;
#960 = DIRECTION ( 'NONE',  ( -0.000000000000000000, -0.000000000000000000, 1.000000000000000000 ) ) ;
#961 = DIRECTION ( 'NONE',  ( 1.000000000000000000, 0.000000000000000000, 0.000000000000000000 ) ) ;
#962 = AXIS2_PLACEMENT_3D ( 'NONE', #5173, #5550, #2995 ) ;
#963 = ORIENTED_EDGE ( 'NONE', *, *, #5380, .T. ) ;
#964 = FACE_OUTER_BOUND ( 'NONE', #2012, .T. ) ;
#965 = EDGE_CURVE ( 'NONE', #1302, #1103, #1650, .T. ) ;
#966 = DIRECTION ( 'NONE',  ( -0.000000000000000000, -0.000000000000000000, 1.000000000000000000 ) ) ;
#967 = CARTESIAN_POINT ( 'NONE',  ( 26.90437938521242955, 10.31227834450805680, -13.37656623630410380 ) ) ;
#968 = VECTOR ( 'NONE', #754, 1000.000000000000114 ) ;
#969 = DIRECTION ( 'NONE',  ( -0.000000000000000000, -0.000000000000000000, 1.000000000000000000 ) ) ;
#970 = CARTESIAN_POINT ( 'NONE',  ( 29.63955347916789407, -4.636471670952636792, 6.250000000000003553 ) ) ;
#971 = EDGE_CURVE ( 'NONE', #1302, #4726, #850, .T. ) ;
#972 = DIRECTION ( 'NONE',  ( -1.000000000000000000, 0.000000000000000000, 0.000000000000000000 ) ) ;
#973 = CARTESIAN_POINT ( 'NONE',  ( 22.37785951953027563, 18.39169050088682056, -13.25680653369188988 ) ) ;
#974 = CARTESIAN_POINT ( 'NONE',  ( 29.00000000000000000, 0.000000000000000000, 19.05250000000001265 ) ) ;
#975 = CARTESIAN_POINT ( 'NONE',  ( -23.80555661413260538, -22.12567454997310890, 19.45250000000001123 ) ) ;
#976 = ORIENTED_EDGE ( 'NONE', *, *, #4223, .T. ) ;
#977 = DIRECTION ( 'NONE',  ( -0.000000000000000000, -0.000000000000000000, -1.000000000000000000 ) ) ;
#978 = VERTEX_POINT ( 'NONE', #3500 ) ;
#979 = ORIENTED_EDGE ( 'NONE', *, *, #2719, .F. ) ;
#980 = LINE ( 'NONE', #1425, #1176 ) ;
#981 = CARTESIAN_POINT ( 'NONE',  ( -22.28504596091605450, -17.53501430053193388, -13.73065561476728824 ) ) ;
#982 = EDGE_CURVE ( 'NONE', #5013, #3515, #4889, .T. ) ;
#983 = CARTESIAN_POINT ( 'NONE',  ( -1.192622389734054720E-14, -32.50000000000000000, 12.06000000000000583 ) ) ;
#984 = AXIS2_PLACEMENT_3D ( 'NONE', #2354, #1887, #3522 ) ;
#985 = FACE_OUTER_BOUND ( 'NONE', #3905, .T. ) ;
#986 = VECTOR ( 'NONE', #2570, 1000.000000000000000 ) ;
#987 = ORIENTED_EDGE ( 'NONE', *, *, #3428, .F. ) ;
#988 = DIRECTION ( 'NONE',  ( 0.000000000000000000, -0.000000000000000000, 1.000000000000000000 ) ) ;
#989 = CARTESIAN_POINT ( 'NONE',  ( -28.14582562299425561, -16.25000000000001066, 6.250000000000005329 ) ) ;
#990 = CARTESIAN_POINT ( 'NONE',  ( -34.14582562299425916, -16.25000000000001066, 17.95250000000002544 ) ) ;
#991 = CONICAL_SURFACE ( 'NONE', #1739, 17.50000000000000000, 0.7853981633974482790 ) ;
#992 = CIRCLE ( 'NONE', #3503, 24.50000000000000000 ) ;
#993 = DIRECTION ( 'NONE',  ( -0.6492542376363494849, 0.2801230710085194642, 0.7071067811865465735 ) ) ;
#994 = ORIENTED_EDGE ( 'NONE', *, *, #2577, .T. ) ;
#995 = AXIS2_PLACEMENT_3D ( 'NONE', #4921, #1030, #4454 ) ;
#996 = ORIENTED_EDGE ( 'NONE', *, *, #5625, .T. ) ;
#997 = SURFACE_STYLE_USAGE ( .BOTH. , #1471 ) ;
#998 = CARTESIAN_POINT ( 'NONE',  ( 2.552699999999996638, 32.50000000000000000, -6.249999999999993783 ) ) ;
#999 = CARTESIAN_POINT ( 'NONE',  ( -24.99346103114723050, 11.13557688111582422, -14.50533948254945038 ) ) ;
#1000 = EDGE_CURVE ( 'NONE', #2740, #1873, #5704, .T. ) ;
#1001 = DIRECTION ( 'NONE',  ( -0.6758673375835768660, 0.2078541363256700136, 0.7071067811865454633 ) ) ;
#1002 = DIRECTION ( 'NONE',  ( -0.000000000000000000, -0.000000000000000000, -1.000000000000000000 ) ) ;
#1003 = CARTESIAN_POINT ( 'NONE',  ( 24.90427461170795098, 23.14685952920263645, 17.95250000000002544 ) ) ;
#1004 = ADVANCED_FACE ( 'NONE', ( #1756 ), #4622, .T. ) ;
#1005 = CIRCLE ( 'NONE', #5468, 4.500000000000006217 ) ;
#1006 = EDGE_CURVE ( 'NONE', #660, #2366, #3683, .T. ) ;
#1007 = DIRECTION ( 'NONE',  ( -0.000000000000000000, -0.000000000000000000, 1.000000000000000000 ) ) ;
#1008 = CARTESIAN_POINT ( 'NONE',  ( 22.34991417885561305, 14.68680490824769436, -14.98570644459172030 ) ) ;
#1009 = VERTEX_POINT ( 'NONE', #3038 ) ;
#1010 = DIRECTION ( 'NONE',  ( 1.000000000000000000, 0.000000000000000000, 0.000000000000000000 ) ) ;
#1011 = ORIENTED_EDGE ( 'NONE', *, *, #1053, .F. ) ;
#1012 = ORIENTED_EDGE ( 'NONE', *, *, #1047, .T. ) ;
#1013 = VECTOR ( 'NONE', #5437, 1000.000000000000000 ) ;
#1014 = CARTESIAN_POINT ( 'NONE',  ( 0.000000000000000000, 0.000000000000000000, 17.95250000000002544 ) ) ;
#1015 = DIRECTION ( 'NONE',  ( -0.8571673007021113344, 0.000000000000000000, -0.5150380749100558209 ) ) ;
#1016 = CARTESIAN_POINT ( 'NONE',  ( 21.57088277270750609, 20.81598197578438203, -12.47146288889094379 ) ) ;
#1017 = CARTESIAN_POINT ( 'NONE',  ( 28.07089145255100959, -9.421767965293403435, -12.75623029306150968 ) ) ;
#1018 = VERTEX_POINT ( 'NONE', #3941 ) ;
#1019 = CARTESIAN_POINT ( 'NONE',  ( -1.192622389734054720E-14, -32.50000000000000000, -6.249999999999993783 ) ) ;
#1020 = CARTESIAN_POINT ( 'NONE',  ( -8.263657334641763441, 36.06538461538462315, 19.45250000000001123 ) ) ;
#1021 = CARTESIAN_POINT ( 'NONE',  ( -5.871957118727705982, -29.02004904127904439, -12.75755905972785165 ) ) ;
#1022 = CIRCLE ( 'NONE', #2329, 6.000000000000001776 ) ;
#1023 = CIRCLE ( 'NONE', #1767, 30.00000000000000355 ) ;
#1024 = B_SPLINE_CURVE_WITH_KNOTS ( 'NONE', 3,
 ( #4047, #1431, #464, #492, #121, #59, #4946, #3990, #5347, #959, #1839, #5378 ),
 .UNSPECIFIED., .F., .F.,
 ( 4, 2, 2, 2, 2, 4 ),
 ( 0.000000000000000000, 0.001060649322706243118, 0.002121298645412486236, 0.002651623306765607362, 0.003181947968118728487, 0.004242597290824984615 ),
 .UNSPECIFIED. ) ;
#1025 = CARTESIAN_POINT ( 'NONE',  ( 0.000000000000000000, 0.000000000000000000, 6.250000000000003553 ) ) ;
#1026 = EDGE_LOOP ( 'NONE', ( #2179, #1492, #3788, #2054 ) ) ;
#1027 = PRESENTATION_STYLE_ASSIGNMENT (( #997 ) ) ;
#1028 = CIRCLE ( 'NONE', #654, 4.000000000000000000 ) ;
#1029 = VECTOR ( 'NONE', #5337, 1000.000000000000000 ) ;
#1030 = DIRECTION ( 'NONE',  ( 0.000000000000000000, 0.000000000000000000, 1.000000000000000000 ) ) ;
#1031 = CIRCLE ( 'NONE', #4928, 30.00000000000000355 ) ;
#1032 = FACE_OUTER_BOUND ( 'NONE', #1949, .T. ) ;
#1033 = DIRECTION ( 'NONE',  ( -0.000000000000000000, -0.000000000000000000, 1.000000000000000000 ) ) ;
#1034 = EDGE_CURVE ( 'NONE', #1909, #267, #5635, .T. ) ;
#1035 = CARTESIAN_POINT ( 'NONE',  ( -5.088554766783045302, 28.75895860055526043, -13.07056799948433223 ) ) ;
#1036 = CARTESIAN_POINT ( 'NONE',  ( -23.00000000000000000, 0.000000000000000000, -10.07749999999998458 ) ) ;
#1037 = DIRECTION ( 'NONE',  ( -1.000000000000000000, 2.312964634635742267E-15, 0.000000000000000000 ) ) ;
#1038 = AXIS2_PLACEMENT_3D ( 'NONE', #1239, #2148, #775 ) ;
#1039 = CIRCLE ( 'NONE', #1510, 4.499999999999997335 ) ;
#1040 = DIRECTION ( 'NONE',  ( 1.000000000000000000, -1.927470528863121711E-15, 0.000000000000000000 ) ) ;
#1041 = VERTEX_POINT ( 'NONE', #2605 ) ;
#1042 = DIRECTION ( 'NONE',  ( -0.000000000000000000, -0.000000000000000000, -1.000000000000000000 ) ) ;
#1043 = ORIENTED_EDGE ( 'NONE', *, *, #5605, .F. ) ;
#1044 = ORIENTED_EDGE ( 'NONE', *, *, #3875, .T. ) ;
#1045 = CARTESIAN_POINT ( 'NONE',  ( -24.90427461170795098, -23.14685952920263645, 6.250000000000004441 ) ) ;
#1046 = CARTESIAN_POINT ( 'NONE',  ( -26.32829082044207780, 10.53190877639118561, -13.73065561476729002 ) ) ;
#1047 = EDGE_CURVE ( 'NONE', #4731, #889, #2114, .T. ) ;
#1048 = CARTESIAN_POINT ( 'NONE',  ( 22.18828189157203923, 19.63655806138721260, -12.74137332759510421 ) ) ;
#1049 = ORIENTED_EDGE ( 'NONE', *, *, #1394, .T. ) ;
#1050 = ORIENTED_EDGE ( 'NONE', *, *, #5655, .T. ) ;
#1051 = FACE_OUTER_BOUND ( 'NONE', #5235, .T. ) ;
#1052 = FACE_OUTER_BOUND ( 'NONE', #4798, .T. ) ;
#1053 = EDGE_CURVE ( 'NONE', #2406, #2475, #886, .T. ) ;
#1054 = DIRECTION ( 'NONE',  ( 0.000000000000000000, 0.000000000000000000, 1.000000000000000000 ) ) ;
#1055 = ORIENTED_EDGE ( 'NONE', *, *, #5351, .F. ) ;
#1056 = CARTESIAN_POINT ( 'NONE',  ( -27.50000000000000355, 3.367778697655222096E-15, 0.000000000000000000 ) ) ;
#1057 = CARTESIAN_POINT ( 'NONE',  ( -4.200100801819114721E-18, -32.50000000000000000, 19.45250000000001123 ) ) ;
#1058 = AXIS2_PLACEMENT_3D ( 'NONE', #4772, #1631, #3343 ) ;
#1059 = CARTESIAN_POINT ( 'NONE',  ( 0.000000000000000000, 0.000000000000000000, 0.000000000000000000 ) ) ;
#1060 = AXIS2_PLACEMENT_3D ( 'NONE', #3769, #253, #5571 ) ;
#1061 = DIRECTION ( 'NONE',  ( 1.000000000000000000, 0.000000000000000000, 0.000000000000000000 ) ) ;
#1062 = CARTESIAN_POINT ( 'NONE',  ( 1.500000000002913003, -22.64530256306738565, -18.13423228989308100 ) ) ;
#1063 = CARTESIAN_POINT ( 'NONE',  ( 5.551291480410669443, -28.93490957665019181, -12.87076489622952025 ) ) ;
#1064 = FACE_OUTER_BOUND ( 'NONE', #2240, .T. ) ;
#1065 = CARTESIAN_POINT ( 'NONE',  ( 23.04770603466352696, 13.08019794723745655, -15.17472422670871346 ) ) ;
#1066 = ORIENTED_EDGE ( 'NONE', *, *, #5017, .T. ) ;
#1067 = CARTESIAN_POINT ( 'NONE',  ( -0.3923315034760719300, 26.50000420384685640, -15.17471821226343742 ) ) ;
#1068 = ORIENTED_EDGE ( 'NONE', *, *, #1145, .T. ) ;
#1069 = ORIENTED_EDGE ( 'NONE', *, *, #2298, .T. ) ;
#1070 = DIRECTION ( 'NONE',  ( -0.000000000000000000, -0.000000000000000000, 1.000000000000000000 ) ) ;
#1071 = CARTESIAN_POINT ( 'NONE',  ( 0.000000000000000000, 0.000000000000000000, 0.000000000000000000 ) ) ;
#1072 = CARTESIAN_POINT ( 'NONE',  ( 32.95885383533170199, -12.66743675181528417, 6.250000000000005329 ) ) ;
#1073 = ORIENTED_EDGE ( 'NONE', *, *, #185, .F. ) ;
#1074 = EDGE_LOOP ( 'NONE', ( #1577, #3873, #1260, #3566, #4227 ) ) ;
#1075 = VERTEX_POINT ( 'NONE', #3015 ) ;
#1076 = DIRECTION ( 'NONE',  ( -0.7071067811865567876, 0.000000000000000000, -0.7071067811865383579 ) ) ;
#1077 = CARTESIAN_POINT ( 'NONE',  ( 0.000000000000000000, 0.000000000000000000, -12.45249999999997748 ) ) ;
#1078 = VECTOR ( 'NONE', #2815, 1000.000000000000000 ) ;
#1079 = CARTESIAN_POINT ( 'NONE',  ( 0.000000000000000000, 0.000000000000000000, 0.000000000000000000 ) ) ;
#1080 = VERTEX_POINT ( 'NONE', #4347 ) ;
#1081 = EDGE_CURVE ( 'NONE', #268, #1267, #3966, .T. ) ;
#1082 = DIRECTION ( 'NONE',  ( 1.000000000000000000, 0.000000000000000000, 0.000000000000000000 ) ) ;
#1083 = DIRECTION ( 'NONE',  ( -0.000000000000000000, -0.000000000000000000, 1.000000000000000000 ) ) ;
#1084 = CIRCLE ( 'NONE', #3684, 6.000000000000000000 ) ;
#1085 = VECTOR ( 'NONE', #1846, 1000.000000000000000 ) ;
#1086 = CARTESIAN_POINT ( 'NONE',  ( 0.000000000000000000, 0.000000000000000000, -19.05249999999998067 ) ) ;
#1087 = EDGE_CURVE ( 'NONE', #4099, #2953, #5349, .T. ) ;
#1088 = DIRECTION ( 'NONE',  ( 0.000000000000000000, 0.000000000000000000, 1.000000000000000000 ) ) ;
#1089 = CONICAL_SURFACE ( 'NONE', #4346, 4.499999999999993783, 0.7853981633974500554 ) ;
#1090 = CARTESIAN_POINT ( 'NONE',  ( 34.00000000000000000, 0.000000000000000000, 6.250000000000004441 ) ) ;
#1091 = DIRECTION ( 'NONE',  ( -1.000000000000000000, 0.000000000000000000, 0.000000000000000000 ) ) ;
#1092 = CARTESIAN_POINT ( 'NONE',  ( 22.15136777046883765, 15.79726543676274275, -14.62618056027961444 ) ) ;
#1093 = VERTEX_POINT ( 'NONE', #5678 ) ;
#1094 = CARTESIAN_POINT ( 'NONE',  ( 35.36536794150043050, -10.87615512772293158, 6.250000000000003553 ) ) ;
#1095 = ORIENTED_EDGE ( 'NONE', *, *, #1549, .T. ) ;
#1096 = EDGE_LOOP ( 'NONE', ( #987, #5284, #22, #3811 ) ) ;
#1097 = DIRECTION ( 'NONE',  ( -0.000000000000000000, -0.000000000000000000, -1.000000000000000000 ) ) ;
#1098 = DIRECTION ( 'NONE',  ( -1.000000000000000000, 0.000000000000000000, 0.000000000000000000 ) ) ;
#1099 = DIRECTION ( 'NONE',  ( 0.000000000000000000, 0.000000000000000000, -1.000000000000000000 ) ) ;
#1100 = EDGE_CURVE ( 'NONE', #4040, #5616, #3253, .T. ) ;
#1101 = VERTEX_POINT ( 'NONE', #3062 ) ;
#1102 = AXIS2_PLACEMENT_3D ( 'NONE', #3171, #2602, #1752 ) ;
#1103 = VERTEX_POINT ( 'NONE', #4838 ) ;
#1104 = VERTEX_POINT ( 'NONE', #1315 ) ;
#1105 = ORIENTED_EDGE ( 'NONE', *, *, #5725, .T. ) ;
#1106 = CARTESIAN_POINT ( 'NONE',  ( 22.28504596091627477, -17.53501430053164256, -13.73065561476729712 ) ) ;
#1107 = DIRECTION ( 'NONE',  ( -0.000000000000000000, -0.000000000000000000, 1.000000000000000000 ) ) ;
#1108 = EDGE_CURVE ( 'NONE', #3631, #2130, #2526, .T. ) ;
#1109 = EDGE_CURVE ( 'NONE', #2067, #2642, #4322, .T. ) ;
#1110 = CYLINDRICAL_SURFACE ( 'NONE', #1232, 19.00000000000000000 ) ;
#1111 = VERTEX_POINT ( 'NONE', #1199 ) ;
#1112 = DIRECTION ( 'NONE',  ( 0.000000000000000000, 0.000000000000000000, 1.000000000000000000 ) ) ;
#1113 = CARTESIAN_POINT ( 'NONE',  ( 21.68708528049632633, 0.7330675523356722234, -18.90862559200632376 ) ) ;
#1114 = EDGE_CURVE ( 'NONE', #5442, #2309, #1022, .T. ) ;
#1115 = LINE ( 'NONE', #5135, #1365 ) ;
#1116 = CARTESIAN_POINT ( 'NONE',  ( -27.62376811492645245, 20.71961474383086355, 19.45250000000001123 ) ) ;
#1117 = CARTESIAN_POINT ( 'NONE',  ( -0.5477356100564025887, -21.59958996670648901, -18.98091076090904039 ) ) ;
#1118 = DIRECTION ( 'NONE',  ( -0.000000000000000000, -0.000000000000000000, -1.000000000000000000 ) ) ;
#1119 = VECTOR ( 'NONE', #3388, 1000.000000000000000 ) ;
#1120 = CARTESIAN_POINT ( 'NONE',  ( 25.68543206116866884, 10.76639586072793087, -14.12528043549503742 ) ) ;
#1121 = AXIS2_PLACEMENT_3D ( 'NONE', #3851, #4366, #2133 ) ;
#1122 = CARTESIAN_POINT ( 'NONE',  ( 0.9759045139620179388, 26.57669522575784171, -15.10166245346660574 ) ) ;
#1123 = ORIENTED_EDGE ( 'NONE', *, *, #1754, .T. ) ;
#1124 = ORIENTED_EDGE ( 'NONE', *, *, #4643, .T. ) ;
#1125 = DIRECTION ( 'NONE',  ( -0.000000000000000000, -0.000000000000000000, 1.000000000000000000 ) ) ;
#1126 = FACE_OUTER_BOUND ( 'NONE', #5459, .T. ) ;
#1127 = AXIS2_PLACEMENT_3D ( 'NONE', #1983, #4137, #1098 ) ;
#1128 = ORIENTED_EDGE ( 'NONE', *, *, #2825, .T. ) ;
#1129 = EDGE_LOOP ( 'NONE', ( #3132, #1856 ) ) ;
#1130 = ORIENTED_EDGE ( 'NONE', *, *, #3258, .T. ) ;
#1131 = ORIENTED_EDGE ( 'NONE', *, *, #339, .F. ) ;
#1132 = ORIENTED_EDGE ( 'NONE', *, *, #2332, .F. ) ;
#1133 = ADVANCED_FACE ( 'NONE', ( #92 ), #495, .T. ) ;
#1134 = CARTESIAN_POINT ( 'NONE',  ( 28.14582562299426627, -16.24999999999999289, -6.249999999999993783 ) ) ;
#1135 = CYLINDRICAL_SURFACE ( 'NONE', #4673, 6.000000000000001776 ) ;
#1136 = APPLICATION_PROTOCOL_DEFINITION ( 'draft international standard', 'automotive_design', 1998, #5599 ) ;
#1137 = LINE ( 'NONE', #3732, #1888 ) ;
#1138 = AXIS2_PLACEMENT_3D ( 'NONE', #4849, #858, #2634 ) ;
#1139 = VERTEX_POINT ( 'NONE', #4049 ) ;
#1140 = CARTESIAN_POINT ( 'NONE',  ( -21.59776137477289026, -0.5430111970292975654, -18.98242550627112379 ) ) ;
#1141 = EDGE_CURVE ( 'NONE', #3930, #1515, #2790, .T. ) ;
#1142 = DIRECTION ( 'NONE',  ( -1.000000000000000000, 0.000000000000000000, 0.000000000000000000 ) ) ;
#1143 = CARTESIAN_POINT ( 'NONE',  ( -26.30808609372701667, -21.96162966434000552, -23.22056274847715684 ) ) ;
#1144 = ORIENTED_EDGE ( 'NONE', *, *, #1730, .T. ) ;
#1145 = EDGE_CURVE ( 'NONE', #246, #1540, #4089, .T. ) ;
#1146 = CARTESIAN_POINT ( 'NONE',  ( -1.242391057851019776, -22.15444571438554533, -18.52755608392025266 ) ) ;
#1148 = VECTOR ( 'NONE', #3750, 1000.000000000000000 ) ;
#1147 = DIRECTION ( 'NONE',  ( 1.000000000000000000, 0.000000000000000000, 0.000000000000000000 ) ) ;
#1149 = CIRCLE ( 'NONE', #5323, 6.000000000000008882 ) ;
#1150 = EDGE_CURVE ( 'NONE', #454, #1858, #3349, .T. ) ;
#1151 = CARTESIAN_POINT ( 'NONE',  ( 28.14582562299425916, 16.25000000000000000, 17.95250000000002544 ) ) ;
#1152 = CARTESIAN_POINT ( 'NONE',  ( 0.000000000000000000, 0.000000000000000000, 6.250000000000004441 ) ) ;
#1153 = EDGE_LOOP ( 'NONE', ( #1548, #3092, #1993, #1703 ) ) ;
#1154 = ORIENTED_EDGE ( 'NONE', *, *, #1871, .T. ) ;
#1155 = DIRECTION ( 'NONE',  ( 0.000000000000000000, 0.000000000000000000, -1.000000000000000000 ) ) ;
#1156 = CARTESIAN_POINT ( 'NONE',  ( -7.589415207398531038E-16, 0.000000000000000000, -6.249999999999993783 ) ) ;
#1157 = ORIENTED_EDGE ( 'NONE', *, *, #4509, .T. ) ;
#1158 = VERTEX_POINT ( 'NONE', #3176 ) ;
#1159 = ORIENTED_EDGE ( 'NONE', *, *, #3945, .T. ) ;
#1160 = ORIENTED_EDGE ( 'NONE', *, *, #5384, .F. ) ;
#1161 = ORIENTED_EDGE ( 'NONE', *, *, #3936, .F. ) ;
#1162 = EDGE_CURVE ( 'NONE', #2130, #729, #529, .T. ) ;
#1163 = CARTESIAN_POINT ( 'NONE',  ( -23.77581962745126987, -12.13539865268473150, -15.02437799212941805 ) ) ;
#1164 = FACE_OUTER_BOUND ( 'NONE', #1259, .T. ) ;
#1165 = CARTESIAN_POINT ( 'NONE',  ( 0.5345459127914345965, 24.40559917084619102, -16.79930167765919791 ) ) ;
#1166 = ORIENTED_EDGE ( 'NONE', *, *, #5098, .T. ) ;
#1167 = CARTESIAN_POINT ( 'NONE',  ( -22.14817556459365733, -1.238065207279881452, -18.53261368096818629 ) ) ;
#1168 = CARTESIAN_POINT ( 'NONE',  ( -23.85776672137069454, -29.57713588346000222, 6.250000000000003553 ) ) ;
#1169 = CARTESIAN_POINT ( 'NONE',  ( 18.37785951953027563, 18.39169050088682056, -6.249999999999993783 ) ) ;
#1170 = ORIENTED_EDGE ( 'NONE', *, *, #854, .F. ) ;
#1171 = ORIENTED_EDGE ( 'NONE', *, *, #1543, .F. ) ;
#1172 = AXIS2_PLACEMENT_3D ( 'NONE', #4530, #2416, #5512 ) ;
#1173 = AXIS2_PLACEMENT_3D ( 'NONE', #3529, #3888, #5295 ) ;
#1174 = CIRCLE ( 'NONE', #893, 8.000000000000000000 ) ;
#1175 = CARTESIAN_POINT ( 'NONE',  ( 0.2226083602514270787, -21.49936609575036073, -19.06413854549736442 ) ) ;
#1176 = VECTOR ( 'NONE', #2822, 999.9999999999998863 ) ;
#1177 = ADVANCED_FACE ( 'NONE', ( #124 ), #875, .F. ) ;
#1178 = AXIS2_PLACEMENT_3D ( 'NONE', #445, #2219, #3041 ) ;
#1179 = CARTESIAN_POINT ( 'NONE',  ( 0.2257349222286371138, 21.51301799902241285, -19.05277085161733197 ) ) ;
#1180 = LINE ( 'NONE', #4353, #3378 ) ;
#1181 = ORIENTED_EDGE ( 'NONE', *, *, #265, .T. ) ;
#1182 = CARTESIAN_POINT ( 'NONE',  ( -1.678655726776757734E-14, -32.50000000000000000, 13.59381690219166217 ) ) ;
#1183 = DIRECTION ( 'NONE',  ( 0.000000000000000000, 0.000000000000000000, -1.000000000000000000 ) ) ;
#1184 = ORIENTED_EDGE ( 'NONE', *, *, #3358, .F. ) ;
#1185 = LINE ( 'NONE', #833, #1536 ) ;
#1186 = ORIENTED_EDGE ( 'NONE', *, *, #5502, .F. ) ;
#1187 = ORIENTED_EDGE ( 'NONE', *, *, #1150, .T. ) ;
#1188 = VERTEX_POINT ( 'NONE', #932 ) ;
#1189 = LINE ( 'NONE', #2017, #711 ) ;
#1190 = DIRECTION ( 'NONE',  ( -0.000000000000000000, -0.000000000000000000, -1.000000000000000000 ) ) ;
#1191 = EDGE_CURVE ( 'NONE', #1836, #2130, #557, .T. ) ;
#1192 = ADVANCED_FACE ( 'NONE', ( #2772 ), #2738, .F. ) ;
#1193 = CIRCLE ( 'NONE', #2596, 30.00000000000000355 ) ;
#1194 = CARTESIAN_POINT ( 'NONE',  ( -22.20496348363286643, 17.11750105935303168, -13.97967293629104901 ) ) ;
#1195 = VERTEX_POINT ( 'NONE', #2279 ) ;
#1196 = CARTESIAN_POINT ( 'NONE',  ( 31.75559678224734839, -13.56307756386146046, 19.45250000000001123 ) ) ;
#1197 = CARTESIAN_POINT ( 'NONE',  ( -21.99394828387729106, 20.12166016655417522, -12.60134538087763012 ) ) ;
#1198 = EDGE_CURVE ( 'NONE', #1234, #4011, #1906, .T. ) ;
#1199 = CARTESIAN_POINT ( 'NONE',  ( 22.28504596091570633, 17.53501430053232113, -13.73065561476731489 ) ) ;
#1200 = ORIENTED_EDGE ( 'NONE', *, *, #2964, .F. ) ;
#1201 = ORIENTED_EDGE ( 'NONE', *, *, #224, .F. ) ;
#1202 = DIRECTION ( 'NONE',  ( 1.000000000000000000, 0.000000000000000000, 0.000000000000000000 ) ) ;
#1203 = CARTESIAN_POINT ( 'NONE',  ( 26.32829082044181490, 10.53190877639176293, -20.95249999999998991 ) ) ;
#1204 = ADVANCED_FACE ( 'NONE', ( #1872 ), #4082, .T. ) ;
#1205 = CARTESIAN_POINT ( 'NONE',  ( -7.258617929077229469, -31.67905405405407038, 19.45250000000001123 ) ) ;
#1206 = ORIENTED_EDGE ( 'NONE', *, *, #2176, .T. ) ;
#1207 = VECTOR ( 'NONE', #2949, 1000.000000000000000 ) ;
#1208 = CARTESIAN_POINT ( 'NONE',  ( 21.20522252253560680, -21.22118134717642945, 0.000000000000000000 ) ) ;
#1209 = CARTESIAN_POINT ( 'NONE',  ( 21.59661304746530064, -0.5399471212558137889, -18.98337714903416185 ) ) ;
#1210 = CIRCLE ( 'NONE', #4458, 8.000000000000000000 ) ;
#1211 = AXIS2_PLACEMENT_3D ( 'NONE', #52, #1426, #1830 ) ;
#1212 = VERTEX_POINT ( 'NONE', #3145 ) ;
#1213 = CARTESIAN_POINT ( 'NONE',  ( -28.98069340623909795, -7.753670723829444000, -12.45249999999997748 ) ) ;
#1214 = ORIENTED_EDGE ( 'NONE', *, *, #936, .F. ) ;
#1215 = ADVANCED_FACE ( 'NONE', ( #4117 ), #3091, .T. ) ;
#1216 = ORIENTED_EDGE ( 'NONE', *, *, #1646, .T. ) ;
#1217 = ORIENTED_EDGE ( 'NONE', *, *, #899, .F. ) ;
#1218 = CARTESIAN_POINT ( 'NONE',  ( 29.63955347916789407, -4.636471670952636792, -6.249999999999993783 ) ) ;
#1219 = CARTESIAN_POINT ( 'NONE',  ( -22.28504596091605450, -17.53501430053193388, -13.73065561476728824 ) ) ;
#1220 = AXIS2_PLACEMENT_3D ( 'NONE', #694, #2908, #4693 ) ;
#1221 = B_SPLINE_CURVE_WITH_KNOTS ( 'NONE', 3,
 ( #2760, #517, #3691, #5033, #4604, #605, #3254, #4164, #3664, #3284, #5431, #2362 ),
 .UNSPECIFIED., .F., .F.,
 ( 4, 2, 2, 2, 2, 4 ),
 ( 0.000000000000000000, 0.001060649322706241167, 0.002121298645412482333, 0.002651623306765607362, 0.003181947968118732824, 0.004242597290824977677 ),
 .UNSPECIFIED. ) ;
#1222 = CARTESIAN_POINT ( 'NONE',  ( -22.23989436140278642, 17.32908384821792680, -13.85729800032449788 ) ) ;
#1223 = VERTEX_POINT ( 'NONE', #442 ) ;
#1224 = CIRCLE ( 'NONE', #13, 34.00000000000000000 ) ;
#1225 = EDGE_CURVE ( 'NONE', #635, #2968, #2216, .T. ) ;
#1226 = CARTESIAN_POINT ( 'NONE',  ( -24.50000000000000000, 3.000384657918928138E-15, -16.73027777777775782 ) ) ;
#1227 = AXIS2_PLACEMENT_3D ( 'NONE', #1151, #3946, #4380 ) ;
#1228 = B_SPLINE_CURVE_WITH_KNOTS ( 'NONE', 3,
 ( #788, #3415, #410, #3058, #4832, #2980, #3443, #734, #2518, #843, #1694, #1642, #3389, #4807, #4342, #816, #2162, #5159, #1165, #2106, #5648, #3935, #4316, #4288, #5698, #4395 ),
 .UNSPECIFIED., .F., .F.,
 ( 4, 2, 2, 2, 2, 2, 2, 2, 2, 2, 2, 2, 4 ),
 ( 0.001838837217808983373, 0.002499650777494923874, 0.002830057557337898027, 0.003160464337180872614, 0.003490871117023846767, 0.003821277896866820921, 0.004151684676709795074, 0.004482091456552770095, 0.004812498236395744249, 0.005142905016238718402, 0.005803718575924663239, 0.006464532135610609812, 0.007125345695296556384 ),
 .UNSPECIFIED. ) ;
#1229 = CARTESIAN_POINT ( 'NONE',  ( -21.40075695856691240, 21.02579395761369341, -12.45249999999997925 ) ) ;
#1230 = AXIS2_PLACEMENT_3D ( 'NONE', #1294, #475, #41 ) ;
#1231 = DIRECTION ( 'NONE',  ( -0.000000000000000000, -0.000000000000000000, 1.000000000000000000 ) ) ;
#1232 = AXIS2_PLACEMENT_3D ( 'NONE', #4262, #3234, #1992 ) ;
#1233 = ORIENTED_EDGE ( 'NONE', *, *, #797, .T. ) ;
#1234 = VERTEX_POINT ( 'NONE', #6 ) ;
#1235 = EDGE_CURVE ( 'NONE', #2016, #683, #398, .T. ) ;
#1236 = FACE_BOUND ( 'NONE', #1129, .T. ) ;
#1237 = EDGE_CURVE ( 'NONE', #2158, #5612, #5687, .T. ) ;
#1238 = FACE_OUTER_BOUND ( 'NONE', #1153, .T. ) ;
#1239 = CARTESIAN_POINT ( 'NONE',  ( 0.000000000000000000, 0.000000000000000000, 0.000000000000000000 ) ) ;
#1240 = EDGE_LOOP ( 'NONE', ( #1649, #3622, #3784, #3449 ) ) ;
#1241 = CARTESIAN_POINT ( 'NONE',  ( -28.14582562299424850, 16.25000000000000711, 12.06000000000000583 ) ) ;
#1242 = CARTESIAN_POINT ( 'NONE',  ( 21.68558236655506022, -0.7303041265021602557, -18.90986529156959861 ) ) ;
#1243 = CIRCLE ( 'NONE', #4491, 1.500000000000000444 ) ;
#1244 = ORIENTED_EDGE ( 'NONE', *, *, #3400, .F. ) ;
#1245 = DIRECTION ( 'NONE',  ( -0.000000000000000000, -0.000000000000000000, 1.000000000000000000 ) ) ;
#1246 = AXIS2_PLACEMENT_3D ( 'NONE', #4679, #1503, #2059 ) ;
#1247 = ORIENTED_EDGE ( 'NONE', *, *, #4379, .T. ) ;
#1248 = EDGE_LOOP ( 'NONE', ( #3053, #3754, #2827, #2885 ) ) ;
#1249 = ORIENTED_EDGE ( 'NONE', *, *, #2746, .F. ) ;
#1250 = CARTESIAN_POINT ( 'NONE',  ( 22.14382749635596426, -16.15655757454164743, -14.46620053625901470 ) ) ;
#1251 = DIRECTION ( 'NONE',  ( 0.000000000000000000, 0.000000000000000000, 1.000000000000000000 ) ) ;
#1252 = PRODUCT_DEFINITION_SHAPE ( 'NONE', 'NONE',  #3332 ) ;
#1253 = DIRECTION ( 'NONE',  ( 1.000000000000000000, 0.000000000000000000, 0.000000000000000000 ) ) ;
#1254 = CIRCLE ( 'NONE', #2002, 4.000000000000000000 ) ;
#1255 = EDGE_CURVE ( 'NONE', #1636, #4040, #2911, .T. ) ;
#1256 = CARTESIAN_POINT ( 'NONE',  ( 4.269958013042294276, 28.27369972629050920, -13.54633014297264815 ) ) ;
#1257 = CARTESIAN_POINT ( 'NONE',  ( -29.00000000000000000, 3.575968653510271533E-15, 19.05250000000001265 ) ) ;
#1258 = LINE ( 'NONE', #2554, #5174 ) ;
#1259 = EDGE_LOOP ( 'NONE', ( #3849, #2042, #1275, #641, #4827 ) ) ;
#1260 = ORIENTED_EDGE ( 'NONE', *, *, #732, .F. ) ;
#1261 = EDGE_CURVE ( 'NONE', #3290, #3841, #2816, .T. ) ;
#1262 = PLANE ( 'NONE',  #1937 ) ;
#1263 = VECTOR ( 'NONE', #2982, 1000.000000000000114 ) ;
#1264 = ADVANCED_FACE ( 'NONE', ( #2489 ), #5474, .T. ) ;
#1265 = LINE ( 'NONE', #1203, #212 ) ;
#1266 = DIRECTION ( 'NONE',  ( 1.000000000000000000, 4.440892098500625373E-15, 0.000000000000000000 ) ) ;
#1267 = VERTEX_POINT ( 'NONE', #4613 ) ;
#1268 = CARTESIAN_POINT ( 'NONE',  ( 37.54343440694599821, -5.872864116540006840, -6.249999999999993783 ) ) ;
#1269 = CARTESIAN_POINT ( 'NONE',  ( 21.50000000000000355, -0.1125700174224012057, -19.06361111111109707 ) ) ;
#1270 = CIRCLE ( 'NONE', #2396, 8.000000000000000000 ) ;
#1271 = CIRCLE ( 'NONE', #4523, 6.000000000000001776 ) ;
#1272 = CIRCLE ( 'NONE', #4992, 5.999999999999998224 ) ;
#1273 = CARTESIAN_POINT ( 'NONE',  ( -2.552699999999989089, 32.50000000000000000, -6.249999999999993783 ) ) ;
#1274 = ORIENTED_EDGE ( 'NONE', *, *, #4378, .T. ) ;
#1275 = ORIENTED_EDGE ( 'NONE', *, *, #2920, .T. ) ;
#1276 = ORIENTED_EDGE ( 'NONE', *, *, #1964, .F. ) ;
#1277 = CARTESIAN_POINT ( 'NONE',  ( 22.28504596091627477, -17.53501430053164256, -13.73065561476729712 ) ) ;
#1278 = DIRECTION ( 'NONE',  ( 1.000000000000000000, 0.000000000000000000, 0.000000000000000000 ) ) ;
#1279 = AXIS2_PLACEMENT_3D ( 'NONE', #3035, #488, #4811 ) ;
#1280 = EDGE_CURVE ( 'NONE', #4645, #1339, #5563, .T. ) ;
#1281 = CARTESIAN_POINT ( 'NONE',  ( 5.865286150960843159, -33.76428571428571956, -6.249999999999992006 ) ) ;
#1282 = EDGE_CURVE ( 'NONE', #3796, #4777, #3743, .T. ) ;
#1283 = LINE ( 'NONE', #4480, #4541 ) ;
#1284 = CARTESIAN_POINT ( 'NONE',  ( 6.376522605984961345, 29.09878145099793656, -12.61675967384448782 ) ) ;
#1285 = DIRECTION ( 'NONE',  ( 1.000000000000000000, 0.000000000000000000, 0.000000000000000000 ) ) ;
#1286 = ADVANCED_FACE ( 'NONE', ( #615 ), #3359, .F. ) ;
#1287 = CIRCLE ( 'NONE', #1758, 6.000000000000000888 ) ;
#1288 = CARTESIAN_POINT ( 'NONE',  ( 0.000000000000000000, 0.000000000000000000, 19.45250000000001123 ) ) ;
#1289 = EDGE_LOOP ( 'NONE', ( #2821, #1929, #2916, #4468 ) ) ;
#1290 = VECTOR ( 'NONE', #3729, 1000.000000000000227 ) ;
#1291 = EDGE_CURVE ( 'NONE', #3460, #3347, #1137, .T. ) ;
#1292 = CARTESIAN_POINT ( 'NONE',  ( 4.043244859525933599, 28.06692307692307864, -20.95249999999998991 ) ) ;
#1293 = CARTESIAN_POINT ( 'NONE',  ( -32.95885383533170199, 12.66743675181530016, 17.95250000000002544 ) ) ;
#1294 = CARTESIAN_POINT ( 'NONE',  ( 3.984302198030716898E-15, 32.50000000000000000, 12.06000000000000583 ) ) ;
#1295 = EDGE_LOOP ( 'NONE', ( #4218, #2225 ) ) ;
#1296 = ADVANCED_FACE ( 'NONE', ( #2461 ), #2805, .T. ) ;
#1297 = DIRECTION ( 'NONE',  ( -1.000000000000000000, 0.000000000000000000, 0.000000000000000000 ) ) ;
#1298 = DIRECTION ( 'NONE',  ( 1.000000000000000000, 0.000000000000000000, 0.000000000000000000 ) ) ;
#1299 = CIRCLE ( 'NONE', #558, 30.00000000000000355 ) ;
#1300 = DIRECTION ( 'NONE',  ( -0.000000000000000000, -0.000000000000000000, 1.000000000000000000 ) ) ;
#1301 = AXIS2_PLACEMENT_3D ( 'NONE', #1401, #3265, #1463 ) ;
#1302 = VERTEX_POINT ( 'NONE', #2890 ) ;
#1303 = ORIENTED_EDGE ( 'NONE', *, *, #2964, .T. ) ;
#1304 = ORIENTED_EDGE ( 'NONE', *, *, #2874, .F. ) ;
#1305 = CARTESIAN_POINT ( 'NONE',  ( 26.32829082044214175, -10.53190877639100265, -13.73065561476729890 ) ) ;
#1306 = DIRECTION ( 'NONE',  ( 0.000000000000000000, 0.000000000000000000, -1.000000000000000000 ) ) ;
#1307 = AXIS2_PLACEMENT_3D ( 'NONE', #242, #1580, #2487 ) ;
#1308 = EDGE_CURVE ( 'NONE', #2007, #2528, #3845, .T. ) ;
#1309 = VERTEX_POINT ( 'NONE', #245 ) ;
#1310 = AXIS2_PLACEMENT_3D ( 'NONE', #1517, #663, #3692 ) ;
#1311 = DIRECTION ( 'NONE',  ( -1.000000000000000000, 0.000000000000000000, 0.000000000000000000 ) ) ;
#1312 = FACE_OUTER_BOUND ( 'NONE', #2905, .T. ) ;
#1313 = VECTOR ( 'NONE', #1042, 1000.000000000000000 ) ;
#1314 = AXIS2_PLACEMENT_3D ( 'NONE', #628, #2414, #653 ) ;
#1315 = CARTESIAN_POINT ( 'NONE',  ( 29.63955347916789762, 4.636471670952628799, 6.250000000000003553 ) ) ;
#1316 = ORIENTED_EDGE ( 'NONE', *, *, #4904, .T. ) ;
#1317 = ADVANCED_FACE ( 'NONE', ( #5072 ), #1110, .F. ) ;
#1318 = DIRECTION ( 'NONE',  ( 0.000000000000000000, -0.000000000000000000, 1.000000000000000000 ) ) ;
#1319 = ADVANCED_FACE ( 'NONE', ( #1554 ), #1467, .T. ) ;
#1320 = ADVANCED_FACE ( 'NONE', ( #2052 ), #3325, .F. ) ;
#1321 = CONICAL_SURFACE ( 'NONE', #3931, 30.00000000000000355, 0.9097531579442098559 ) ;
#1322 = CARTESIAN_POINT ( 'NONE',  ( 35.36536794150043050, -10.87615512772293158, 0.000000000000000000 ) ) ;
#1323 = DIRECTION ( 'NONE',  ( -1.000000000000000000, 0.000000000000000000, 0.000000000000000000 ) ) ;
#1324 = AXIS2_PLACEMENT_3D ( 'NONE', #4644, #646, #3827 ) ;
#1325 = ORIENTED_EDGE ( 'NONE', *, *, #3140, .T. ) ;
#1326 = LINE ( 'NONE', #2151, #325 ) ;
#1327 = DIRECTION ( 'NONE',  ( -1.000000000000000000, 0.000000000000000000, 0.000000000000000000 ) ) ;
#1328 = EDGE_CURVE ( 'NONE', #5557, #3631, #3379, .T. ) ;
#1329 = DIRECTION ( 'NONE',  ( 0.000000000000000000, 0.000000000000000000, -1.000000000000000000 ) ) ;
#1330 = ORIENTED_EDGE ( 'NONE', *, *, #5655, .F. ) ;
#1331 = DIRECTION ( 'NONE',  ( -0.000000000000000000, -0.000000000000000000, -1.000000000000000000 ) ) ;
#1332 = ORIENTED_EDGE ( 'NONE', *, *, #4204, .F. ) ;
#1333 = ORIENTED_EDGE ( 'NONE', *, *, #4985, .T. ) ;
#1334 = DIRECTION ( 'NONE',  ( 0.000000000000000000, 0.000000000000000000, -1.000000000000000000 ) ) ;
#1335 = CARTESIAN_POINT ( 'NONE',  ( 3.515742469160692441, -27.63487907613921024, -14.11900392892970579 ) ) ;
#1336 = ADVANCED_FACE ( 'NONE', ( #2372 ), #152, .T. ) ;
#1337 = DIRECTION ( 'NONE',  ( 0.000000000000000000, 0.000000000000000000, 1.000000000000000000 ) ) ;
#1338 = AXIS2_PLACEMENT_3D ( 'NONE', #1915, #3654, #5423 ) ;
#1339 = VERTEX_POINT ( 'NONE', #3701 ) ;
#1340 = CARTESIAN_POINT ( 'NONE',  ( -29.63955347916789407, 4.636471670952648338, -6.249999999999993783 ) ) ;
#1341 = CARTESIAN_POINT ( 'NONE',  ( 7.593631064265411013, 33.14116424116424042, 0.000000000000000000 ) ) ;
#1342 = VECTOR ( 'NONE', #543, 1000.000000000000114 ) ;
#1343 = CARTESIAN_POINT ( 'NONE',  ( 0.000000000000000000, 0.000000000000000000, -12.45249999999997748 ) ) ;
#1344 = CARTESIAN_POINT ( 'NONE',  ( -25.59312562299425409, 16.25000000000000711, 12.06000000000000583 ) ) ;
#1345 = ORIENTED_EDGE ( 'NONE', *, *, #3709, .F. ) ;
#1346 = CARTESIAN_POINT ( 'NONE',  ( 32.17337224468786872, 11.80265604994570694, -6.249999999999992006 ) ) ;
#1347 = CARTESIAN_POINT ( 'NONE',  ( 10.80447448861208137, -27.98684210526316463, 0.000000000000000000 ) ) ;
#1348 = ADVANCED_FACE ( 'NONE', ( #3266 ), #5503, .F. ) ;
#1349 = CARTESIAN_POINT ( 'NONE',  ( 0.000000000000000000, 0.000000000000000000, 0.000000000000000000 ) ) ;
#1350 = CARTESIAN_POINT ( 'NONE',  ( -21.49999999999995737, 0.2234869003979614022, -19.06361111111111484 ) ) ;
#1351 = ORIENTED_EDGE ( 'NONE', *, *, #67, .T. ) ;
#1352 = FACE_BOUND ( 'NONE', #3668, .T. ) ;
#1353 = CARTESIAN_POINT ( 'NONE',  ( 34.14582562299425916, -16.24999999999999645, 17.95250000000002544 ) ) ;
#1354 = ADVANCED_FACE ( 'NONE', ( #5100 ), #1617, .T. ) ;
#1355 = EDGE_CURVE ( 'NONE', #1093, #4716, #480, .T. ) ;
#1356 = CYLINDRICAL_SURFACE ( 'NONE', #3361, 5.999999999999994671 ) ;
#1357 = VECTOR ( 'NONE', #3858, 1000.000000000000000 ) ;
#1358 = ORIENTED_EDGE ( 'NONE', *, *, #1411, .F. ) ;
#1359 = CARTESIAN_POINT ( 'NONE',  ( -22.63740647104332382, -1.466453978196354591, -18.14210444003890288 ) ) ;
#1360 = VERTEX_POINT ( 'NONE', #5210 ) ;
#1361 = ORIENTED_EDGE ( 'NONE', *, *, #5110, .T. ) ;
#1362 = CARTESIAN_POINT ( 'NONE',  ( 25.69037854502796137, -10.77271724661255803, -14.11900392892970935 ) ) ;
#1364 = AXIS2_PLACEMENT_3D ( 'NONE', #562, #4616, #4120 ) ;
#1363 = CARTESIAN_POINT ( 'NONE',  ( 27.62376811492645245, 20.71961474383085644, 19.45250000000001123 ) ) ;
#1365 = VECTOR ( 'NONE', #188, 1000.000000000000000 ) ;
#1366 = DIRECTION ( 'NONE',  ( 0.000000000000000000, 0.000000000000000000, 1.000000000000000000 ) ) ;
#1367 = ORIENTED_EDGE ( 'NONE', *, *, #2472, .F. ) ;
#1368 = VECTOR ( 'NONE', #4345, 1000.000000000000000 ) ;
#1369 = EDGE_CURVE ( 'NONE', #2960, #3160, #3879, .T. ) ;
#1370 = CARTESIAN_POINT ( 'NONE',  ( -27.44974894557051925, 22.20948632510780030, 6.250000000000005329 ) ) ;
#1371 = DIRECTION ( 'NONE',  ( 1.000000000000000000, 0.000000000000000000, 0.000000000000000000 ) ) ;
#1372 = CYLINDRICAL_SURFACE ( 'NONE', #3067, 8.000000000000000000 ) ;
#1373 = ADVANCED_FACE ( 'NONE', ( #3908 ), #2135, .T. ) ;
#1374 = DIRECTION ( 'NONE',  ( -1.000000000000000000, 0.000000000000000000, 0.000000000000000000 ) ) ;
#1375 = EDGE_LOOP ( 'NONE', ( #1217, #271, #5312 ) ) ;
#1376 = CYLINDRICAL_SURFACE ( 'NONE', #1653, 8.000000000000003553 ) ;
#1377 = DIRECTION ( 'NONE',  ( 0.000000000000000000, 0.000000000000000000, -1.000000000000000000 ) ) ;
#1378 = CIRCLE ( 'NONE', #733, 30.00000000000000355 ) ;
#1379 = CARTESIAN_POINT ( 'NONE',  ( 0.000000000000000000, 0.000000000000000000, 11.45250000000002011 ) ) ;
#1380 = DIRECTION ( 'NONE',  ( -0.000000000000000000, -0.000000000000000000, 1.000000000000000000 ) ) ;
#1381 = VERTEX_POINT ( 'NONE', #1281 ) ;
#1382 = CARTESIAN_POINT ( 'NONE',  ( -28.14582562299424850, 16.25000000000000711, 12.06000000000000583 ) ) ;
#1383 = DIRECTION ( 'NONE',  ( -0.000000000000000000, -0.000000000000000000, 1.000000000000000000 ) ) ;
#1384 = AXIS2_PLACEMENT_3D ( 'NONE', #809, #1797, #3599 ) ;
#1385 = CARTESIAN_POINT ( 'NONE',  ( 0.000000000000000000, 0.000000000000000000, -12.45249999999997748 ) ) ;
#1386 = DIRECTION ( 'NONE',  ( -0.5179406311314915801, -0.4813912157726966123, -0.7071067811865455743 ) ) ;
#1387 = EDGE_LOOP ( 'NONE', ( #3789, #979, #2013, #5154 ) ) ;
#1388 = CARTESIAN_POINT ( 'NONE',  ( -23.68203789246926405, -1.339211077251085236, -17.33708634017492045 ) ) ;
#1389 = ORIENTED_EDGE ( 'NONE', *, *, #109, .F. ) ;
#1390 = ORIENTED_EDGE ( 'NONE', *, *, #2754, .F. ) ;
#1391 = CYLINDRICAL_SURFACE ( 'NONE', #2201, 4.000000000000000000 ) ;
#1392 = FACE_OUTER_BOUND ( 'NONE', #4162, .T. ) ;
#1393 = DIRECTION ( 'NONE',  ( -0.000000000000000000, -0.000000000000000000, 1.000000000000000000 ) ) ;
#1394 = EDGE_CURVE ( 'NONE', #4240, #5204, #3802, .T. ) ;
#1395 = CARTESIAN_POINT ( 'NONE',  ( 27.45026611785743498, -9.972661603694874088, -13.07056799948433223 ) ) ;
#1396 = ORIENTED_EDGE ( 'NONE', *, *, #5231, .F. ) ;
#1397 = AXIS2_PLACEMENT_3D ( 'NONE', #4934, #4411, #1448 ) ;
#1398 = DIRECTION ( 'NONE',  ( -0.000000000000000000, -0.000000000000000000, -1.000000000000000000 ) ) ;
#1399 = DIRECTION ( 'NONE',  ( -0.5672208144976630395, 0.4222091278035208228, 0.7071067811865460184 ) ) ;
#1400 = AXIS2_PLACEMENT_3D ( 'NONE', #4865, #3088, #5293 ) ;
#1401 = CARTESIAN_POINT ( 'NONE',  ( 18.37785951953027563, 18.39169050088682056, -6.249999999999993783 ) ) ;
#1402 = DIRECTION ( 'NONE',  ( 1.000000000000000000, 7.709882115452487041E-16, 0.000000000000000000 ) ) ;
#1403 = ORIENTED_EDGE ( 'NONE', *, *, #5036, .T. ) ;
#1404 = EDGE_CURVE ( 'NONE', #2158, #1080, #5505, .T. ) ;
#1405 = VERTEX_POINT ( 'NONE', #3852 ) ;
#1406 = VECTOR ( 'NONE', #555, 1000.000000000000000 ) ;
#1407 = DIRECTION ( 'NONE',  ( 0.000000000000000000, 0.000000000000000000, -1.000000000000000000 ) ) ;
#1408 = LINE ( 'NONE', #5015, #1742 ) ;
#1409 = CARTESIAN_POINT ( 'NONE',  ( 28.48714868196768890, 8.880911553884207166, -12.57781190286296891 ) ) ;
#1410 = AXIS2_PLACEMENT_3D ( 'NONE', #3455, #5607, #3045 ) ;
#1411 = EDGE_CURVE ( 'NONE', #4944, #2328, #5593, .T. ) ;
#1412 = DIRECTION ( 'NONE',  ( 1.000000000000000000, 0.000000000000000000, 0.000000000000000000 ) ) ;
#1413 = DIRECTION ( 'NONE',  ( -0.000000000000000000, -0.000000000000000000, 1.000000000000000000 ) ) ;
#1414 = EDGE_LOOP ( 'NONE', ( #3004, #2107, #3663 ) ) ;
#1415 = CARTESIAN_POINT ( 'NONE',  ( 0.000000000000000000, 0.000000000000000000, 19.45250000000001123 ) ) ;
#1416 = EDGE_CURVE ( 'NONE', #2666, #2174, #217, .T. ) ;
#1417 = FACE_OUTER_BOUND ( 'NONE', #2915, .T. ) ;
#1418 = DIRECTION ( 'NONE',  ( -0.000000000000000000, -0.000000000000000000, 1.000000000000000000 ) ) ;
#1419 = VECTOR ( 'NONE', #4200, 1000.000000000000114 ) ;
#1420 = LINE ( 'NONE', #4499, #2611 ) ;
#1421 = ORIENTED_EDGE ( 'NONE', *, *, #5074, .T. ) ;
#1422 = CARTESIAN_POINT ( 'NONE',  ( -24.13431209607848515, -0.9867947745578317109, -16.99913018362450856 ) ) ;
#1423 = ORIENTED_EDGE ( 'NONE', *, *, #2896, .T. ) ;
#1424 = EDGE_LOOP ( 'NONE', ( #5694, #2864, #1988, #610, #1522, #5498, #2994, #4668, #771, #3465 ) ) ;
#1425 = CARTESIAN_POINT ( 'NONE',  ( -32.64582562299426627, 16.25000000000001066, 19.45250000000001123 ) ) ;
#1426 = DIRECTION ( 'NONE',  ( -0.000000000000000000, -0.000000000000000000, 1.000000000000000000 ) ) ;
#1427 = DIRECTION ( 'NONE',  ( 1.000000000000000000, 0.000000000000000000, 0.000000000000000000 ) ) ;
#1428 = FACE_OUTER_BOUND ( 'NONE', #1074, .T. ) ;
#1429 = ORIENTED_EDGE ( 'NONE', *, *, #2250, .F. ) ;
#1430 = FACE_OUTER_BOUND ( 'NONE', #2562, .T. ) ;
#1431 = CARTESIAN_POINT ( 'NONE',  ( 22.35076321541972533, -17.83474197553261220, -13.54633014297265170 ) ) ;
#1432 = CARTESIAN_POINT ( 'NONE',  ( 37.54343440694600531, 5.872864116539996182, 0.000000000000000000 ) ) ;
#1433 = CARTESIAN_POINT ( 'NONE',  ( 37.54343440694599821, -5.872864116540006840, 0.000000000000000000 ) ) ;
#1434 = EDGE_CURVE ( 'NONE', #4705, #4188, #947, .T. ) ;
#1435 = AXIS2_PLACEMENT_3D ( 'NONE', #861, #5229, #2563 ) ;
#1436 = ORIENTED_EDGE ( 'NONE', *, *, #4714, .F. ) ;
#1437 = ORIENTED_EDGE ( 'NONE', *, *, #688, .F. ) ;
#1438 = CARTESIAN_POINT ( 'NONE',  ( -22.54750176723464250, -14.08523949490777483, -15.10868683303240623 ) ) ;
#1439 = FACE_OUTER_BOUND ( 'NONE', #2527, .T. ) ;
#1440 = EDGE_CURVE ( 'NONE', #866, #3367, #1228, .T. ) ;
#1441 = LINE ( 'NONE', #3587, #1553 ) ;
#1442 = EDGE_CURVE ( 'NONE', #2447, #3282, #1702, .T. ) ;
#1443 = CARTESIAN_POINT ( 'NONE',  ( -28.14582562299425561, 16.25000000000001066, 6.250000000000005329 ) ) ;
#1444 = CARTESIAN_POINT ( 'NONE',  ( -32.36536794150042340, -10.87615512772294579, 6.250000000000003553 ) ) ;
#1445 = CARTESIAN_POINT ( 'NONE',  ( -6.380897502210483019, 29.09916947381600849, -12.61573586163175342 ) ) ;
#1446 = CARTESIAN_POINT ( 'NONE',  ( -7.593631064265402131, 33.14116424116424042, 17.95250000000002544 ) ) ;
#1447 = DIRECTION ( 'NONE',  ( 0.000000000000000000, 0.000000000000000000, -1.000000000000000000 ) ) ;
#1448 = DIRECTION ( 'NONE',  ( -1.000000000000000000, 0.000000000000000000, 0.000000000000000000 ) ) ;
#1449 = ORIENTED_EDGE ( 'NONE', *, *, #1894, .F. ) ;
#1450 = CARTESIAN_POINT ( 'NONE',  ( -4.043244859525925605, 28.06692307692307864, -13.73065561476729535 ) ) ;
#1451 = ORIENTED_EDGE ( 'NONE', *, *, #2402, .F. ) ;
#1452 = EDGE_LOOP ( 'NONE', ( #783, #3870, #905, #2083, #4745, #5237, #5338, #2481 ) ) ;
#1453 = CARTESIAN_POINT ( 'NONE',  ( -24.90427461170795098, -23.14685952920263645, 0.000000000000000000 ) ) ;
#1454 = CARTESIAN_POINT ( 'NONE',  ( -0.3914483493059883745, -26.50958975622175373, -15.16556875979783392 ) ) ;
#1455 = CARTESIAN_POINT ( 'NONE',  ( 7.775470883703910374, -28.97485207100586280, -12.45249999999997748 ) ) ;
#1456 = VECTOR ( 'NONE', #1418, 1000.000000000000000 ) ;
#1457 = EDGE_CURVE ( 'NONE', #1212, #322, #251, .T. ) ;
#1458 = DIRECTION ( 'NONE',  ( -0.000000000000000000, -0.000000000000000000, 1.000000000000000000 ) ) ;
#1459 = VECTOR ( 'NONE', #2898, 1000.000000000000114 ) ;
#1460 = VERTEX_POINT ( 'NONE', #335 ) ;
#1461 = CARTESIAN_POINT ( 'NONE',  ( 0.000000000000000000, 0.000000000000000000, 11.45250000000002011 ) ) ;
#1462 = CARTESIAN_POINT ( 'NONE',  ( -32.49790567597337088, 9.994304711961623511, 6.250000000000004441 ) ) ;
#1463 = DIRECTION ( 'NONE',  ( 1.000000000000000000, 0.000000000000000000, 0.000000000000000000 ) ) ;
#1464 = EDGE_CURVE ( 'NONE', #4726, #119, #3314, .T. ) ;
#1465 = CIRCLE ( 'NONE', #2662, 3.000000000000002665 ) ;
#1466 = VECTOR ( 'NONE', #969, 1000.000000000000000 ) ;
#1467 = CYLINDRICAL_SURFACE ( 'NONE', #4686, 34.00000000000000000 ) ;
#1468 = EDGE_LOOP ( 'NONE', ( #2388, #3383, #4927, #3592 ) ) ;
#1469 = CIRCLE ( 'NONE', #4729, 2.999999999999999112 ) ;
#1470 = EDGE_CURVE ( 'NONE', #2944, #2938, #3685, .T. ) ;
#1471 = SURFACE_SIDE_STYLE ('',( #4086 ) ) ;
#1472 = EDGE_CURVE ( 'NONE', #1018, #2360, #2110, .T. ) ;
#1473 = CARTESIAN_POINT ( 'NONE',  ( -25.59312562299426119, 16.25000000000000711, -6.249999999999994671 ) ) ;
#1474 = DIRECTION ( 'NONE',  ( -0.7071067811865489050, 0.000000000000000000, -0.7071067811865462405 ) ) ;
#1475 = EDGE_CURVE ( 'NONE', #4826, #2943, #2751, .T. ) ;
#1476 = CARTESIAN_POINT ( 'NONE',  ( 0.000000000000000000, 0.000000000000000000, -6.249999999999993783 ) ) ;
#1477 = LINE ( 'NONE', #2813, #1529 ) ;
#1478 = DIRECTION ( 'NONE',  ( 1.000000000000000000, 0.000000000000000000, 0.000000000000000000 ) ) ;
#1479 = VECTOR ( 'NONE', #958, 1000.000000000000000 ) ;
#1480 = CARTESIAN_POINT ( 'NONE',  ( -2.552700000000001079, -32.50000000000000000, -6.249999999999994671 ) ) ;
#1481 = EDGE_CURVE ( 'NONE', #1302, #5248, #4128, .T. ) ;
#1482 = CARTESIAN_POINT ( 'NONE',  ( 22.40257593032140804, 14.50291808613082800, -15.02958432439552183 ) ) ;
#1483 = ORIENTED_EDGE ( 'NONE', *, *, #3808, .T. ) ;
#1484 = CARTESIAN_POINT ( 'NONE',  ( -2.605149293327388982, 27.08227993617934004, -14.62618056027957891 ) ) ;
#1485 = ORIENTED_EDGE ( 'NONE', *, *, #559, .T. ) ;
#1486 = ORIENTED_EDGE ( 'NONE', *, *, #3042, .T. ) ;
#1487 = AXIS2_PLACEMENT_3D ( 'NONE', #3669, #4640, #644 ) ;
#1488 = FACE_OUTER_BOUND ( 'NONE', #2550, .T. ) ;
#1489 = DIRECTION ( 'NONE',  ( 1.000000000000000000, 0.000000000000000000, 0.000000000000000000 ) ) ;
#1490 = DIRECTION ( 'NONE',  ( -1.000000000000000000, 1.734723475976805517E-15, 0.000000000000000000 ) ) ;
#1491 = ORIENTED_EDGE ( 'NONE', *, *, #4375, .F. ) ;
#1492 = ORIENTED_EDGE ( 'NONE', *, *, #4421, .F. ) ;
#1493 = DIRECTION ( 'NONE',  ( 1.000000000000000000, 0.000000000000000000, 0.000000000000000000 ) ) ;
#1494 = CARTESIAN_POINT ( 'NONE',  ( -0.8184310407299558721, -24.26116538250997579, -16.90541637736816938 ) ) ;
#1495 = DIRECTION ( 'NONE',  ( 1.000000000000000000, 7.105427357601001859E-15, 0.000000000000000000 ) ) ;
#1496 = AXIS2_PLACEMENT_3D ( 'NONE', #2903, #5458, #4184 ) ;
#1497 = DIRECTION ( 'NONE',  ( 1.000000000000000000, 0.000000000000000000, 0.000000000000000000 ) ) ;
#1498 = ORIENTED_EDGE ( 'NONE', *, *, #4106, .T. ) ;
#1499 = DIRECTION ( 'NONE',  ( -0.000000000000000000, -0.000000000000000000, 1.000000000000000000 ) ) ;
#1500 = CIRCLE ( 'NONE', #1682, 2.552699999999992642 ) ;
#1501 = AXIS2_PLACEMENT_3D ( 'NONE', #4319, #705, #1585 ) ;
#1502 = CARTESIAN_POINT ( 'NONE',  ( 24.50000000000000000, -2.974865471069905409E-22, -16.73027777777775782 ) ) ;
#1503 = DIRECTION ( 'NONE',  ( 0.000000000000000000, 0.000000000000000000, -1.000000000000000000 ) ) ;
#1504 = DIRECTION ( 'NONE',  ( 1.000000000000000000, 0.000000000000000000, 0.000000000000000000 ) ) ;
#1505 = VECTOR ( 'NONE', #2098, 1000.000000000000114 ) ;
#1506 = CARTESIAN_POINT ( 'NONE',  ( 0.000000000000000000, 0.000000000000000000, 19.45250000000001123 ) ) ;
#1507 = CARTESIAN_POINT ( 'NONE',  ( 4.524785015070065697, -28.45817294014155507, -13.37450691810773939 ) ) ;
#1508 = DIRECTION ( 'NONE',  ( -1.000000000000000000, 0.000000000000000000, 0.000000000000000000 ) ) ;
#1509 = AXIS2_PLACEMENT_3D ( 'NONE', #4878, #977, #790 ) ;
#1510 = AXIS2_PLACEMENT_3D ( 'NONE', #447, #1791, #1412 ) ;
#1511 = CARTESIAN_POINT ( 'NONE',  ( 27.10171060685865996, -25.18922948766167735, 19.45250000000001123 ) ) ;
#1512 = VERTEX_POINT ( 'NONE', #571 ) ;
#1513 = LINE ( 'NONE', #3661, #5499 ) ;
#1514 = ORIENTED_EDGE ( 'NONE', *, *, #3892, .F. ) ;
#1515 = VERTEX_POINT ( 'NONE', #974 ) ;
#1516 = CARTESIAN_POINT ( 'NONE',  ( 26.30808609372701667, 21.96162966434000552, -23.22056274847715684 ) ) ;
#1517 = CARTESIAN_POINT ( 'NONE',  ( -28.14582562299425561, -16.24999999999999645, -6.249999999999994671 ) ) ;
#1518 = FACE_OUTER_BOUND ( 'NONE', #238, .T. ) ;
#1519 = EDGE_CURVE ( 'NONE', #1104, #4324, #5343, .T. ) ;
#1520 = ORIENTED_EDGE ( 'NONE', *, *, #133, .F. ) ;
#1521 = ORIENTED_EDGE ( 'NONE', *, *, #5452, .F. ) ;
#1522 = ORIENTED_EDGE ( 'NONE', *, *, #2019, .T. ) ;
#1523 = CARTESIAN_POINT ( 'NONE',  ( -1.192622389734054720E-14, -32.50000000000000000, -6.249999999999994671 ) ) ;
#1524 = FACE_OUTER_BOUND ( 'NONE', #1606, .T. ) ;
#1525 = DIRECTION ( 'NONE',  ( 1.000000000000000000, 0.000000000000000000, 0.000000000000000000 ) ) ;
#1526 = ORIENTED_EDGE ( 'NONE', *, *, #1711, .F. ) ;
#1527 = CARTESIAN_POINT ( 'NONE',  ( -22.14582562299419521, -15.94898813142415683, -14.56020911825026865 ) ) ;
#1528 = DIRECTION ( 'NONE',  ( -1.000000000000000000, 0.000000000000000000, 0.000000000000000000 ) ) ;
#1529 = VECTOR ( 'NONE', #2781, 1000.000000000000000 ) ;
#1530 = CYLINDRICAL_SURFACE ( 'NONE', #3419, 1.500000000000001332 ) ;
#1531 = AXIS2_PLACEMENT_3D ( 'NONE', #4446, #4510, #3636 ) ;
#1532 = DIRECTION ( 'NONE',  ( 1.000000000000000000, 0.000000000000000000, 0.000000000000000000 ) ) ;
#1533 = CARTESIAN_POINT ( 'NONE',  ( -1.468448036255403322, -22.64566281681492299, -18.13559407198266626 ) ) ;
#1534 = DIRECTION ( 'NONE',  ( 1.000000000000000000, 0.000000000000000000, 0.000000000000000000 ) ) ;
#1535 = ADVANCED_FACE ( 'NONE', ( #3278 ), #105, .F. ) ;
#1536 = VECTOR ( 'NONE', #3902, 1000.000000000000000 ) ;
#1537 = CARTESIAN_POINT ( 'NONE',  ( 24.60784091542342011, 11.40051187251605036, -14.69256639169089951 ) ) ;
#1538 = ORIENTED_EDGE ( 'NONE', *, *, #5592, .F. ) ;
#1539 = CARTESIAN_POINT ( 'NONE',  ( -3.919757922924569371, 27.95429522717092752, -13.83105467629716401 ) ) ;
#1540 = VERTEX_POINT ( 'NONE', #2384 ) ;
#1541 = ORIENTED_EDGE ( 'NONE', *, *, #2425, .T. ) ;
#1542 = CARTESIAN_POINT ( 'NONE',  ( 28.14582562299426627, -16.24999999999999289, 12.06000000000000583 ) ) ;
#1543 = EDGE_CURVE ( 'NONE', #4967, #272, #4157, .T. ) ;
#1544 = LINE ( 'NONE', #606, #4576 ) ;
#1545 = CARTESIAN_POINT ( 'NONE',  ( 22.37785951953027919, 18.63624023222038772, -13.13603697774271772 ) ) ;
#1546 = VERTEX_POINT ( 'NONE', #138 ) ;
#1547 = VERTEX_POINT ( 'NONE', #1480 ) ;
#1548 = ORIENTED_EDGE ( 'NONE', *, *, #9, .F. ) ;
#1549 = EDGE_CURVE ( 'NONE', #5608, #1041, #4247, .T. ) ;
#1550 = ORIENTED_EDGE ( 'NONE', *, *, #855, .F. ) ;
#1551 = PLANE ( 'NONE',  #4080 ) ;
#1552 = FACE_BOUND ( 'NONE', #2725, .T. ) ;
#1553 = VECTOR ( 'NONE', #1474, 999.9999999999998863 ) ;
#1554 = FACE_OUTER_BOUND ( 'NONE', #4750, .T. ) ;
#1555 = EDGE_LOOP ( 'NONE', ( #1161, #2294 ) ) ;
#1556 = CYLINDRICAL_SURFACE ( 'NONE', #4756, 8.000000000000000000 ) ;
#1557 = CARTESIAN_POINT ( 'NONE',  ( 24.43857411504512811, 0.4387797919134665547, -16.77517305572230200 ) ) ;
#1558 = CIRCLE ( 'NONE', #2115, 5.999999999999998224 ) ;
#1559 = AXIS2_PLACEMENT_3D ( 'NONE', #1587, #5535, #680 ) ;
#1560 = CARTESIAN_POINT ( 'NONE',  ( 25.00000000000000711, 0.000000000000000000, 11.95250000000002721 ) ) ;
#1561 = CARTESIAN_POINT ( 'NONE',  ( 3.984302198030716898E-15, 32.50000000000000000, 17.95250000000002544 ) ) ;
#1562 = AXIS2_PLACEMENT_3D ( 'NONE', #1698, #3473, #5624 ) ;
#1563 = CARTESIAN_POINT ( 'NONE',  ( 27.10171060685865640, 25.18922948766168801, 0.000000000000000000 ) ) ;
#1564 = CARTESIAN_POINT ( 'NONE',  ( -1.192622389734054720E-14, -32.50000000000000000, -6.249999999999993783 ) ) ;
#1565 = EDGE_CURVE ( 'NONE', #416, #3537, #2849, .T. ) ;
#1566 = CARTESIAN_POINT ( 'NONE',  ( 0.000000000000000000, 0.000000000000000000, 19.45250000000001123 ) ) ;
#1567 = DIRECTION ( 'NONE',  ( -0.000000000000000000, -0.000000000000000000, 1.000000000000000000 ) ) ;
#1568 = ORIENTED_EDGE ( 'NONE', *, *, #4315, .F. ) ;
#1569 = ORIENTED_EDGE ( 'NONE', *, *, #3780, .T. ) ;
#1570 = DIRECTION ( 'NONE',  ( -0.000000000000000000, -0.000000000000000000, 1.000000000000000000 ) ) ;
#1571 = LINE ( 'NONE', #2478, #2699 ) ;
#1572 = CARTESIAN_POINT ( 'NONE',  ( -31.06417454320984106, 9.553379504080966811, 19.45250000000001123 ) ) ;
#1573 = ORIENTED_EDGE ( 'NONE', *, *, #3620, .T. ) ;
#1574 = VECTOR ( 'NONE', #1399, 1000.000000000000114 ) ;
#1575 = VERTEX_POINT ( 'NONE', #5054 ) ;
#1576 = ORIENTED_EDGE ( 'NONE', *, *, #3996, .T. ) ;
#1577 = ORIENTED_EDGE ( 'NONE', *, *, #2456, .T. ) ;
#1578 = EDGE_LOOP ( 'NONE', ( #367, #5667, #342, #1550 ) ) ;
#1579 = CARTESIAN_POINT ( 'NONE',  ( 4.131828667320896820, 34.28269230769231513, 19.45250000000001123 ) ) ;
#1580 = DIRECTION ( 'NONE',  ( 0.000000000000000000, 0.000000000000000000, 1.000000000000000000 ) ) ;
#1581 = DIRECTION ( 'NONE',  ( 1.000000000000000000, 0.000000000000000000, 0.000000000000000000 ) ) ;
#1582 = ADVANCED_FACE ( 'NONE', ( #1064 ), #4336, .F. ) ;
#1583 = DIRECTION ( 'NONE',  ( 1.000000000000000000, 7.709882115452492958E-16, 0.000000000000000000 ) ) ;
#1584 = ORIENTED_EDGE ( 'NONE', *, *, #2402, .T. ) ;
#1585 = DIRECTION ( 'NONE',  ( 1.000000000000000000, 0.000000000000000000, 0.000000000000000000 ) ) ;
#1586 = VECTOR ( 'NONE', #993, 1000.000000000000000 ) ;
#1587 = CARTESIAN_POINT ( 'NONE',  ( -28.14582562299425561, -16.25000000000001066, -6.249999999999992006 ) ) ;
#1588 = ADVANCED_FACE ( 'NONE', ( #1917 ), #4565, .F. ) ;
#1589 = DIRECTION ( 'NONE',  ( 0.000000000000000000, 0.000000000000000000, 1.000000000000000000 ) ) ;
#1590 = EDGE_LOOP ( 'NONE', ( #200, #4453, #5094, #5192 ) ) ;
#1591 = AXIS2_PLACEMENT_3D ( 'NONE', #1697, #3472, #2603 ) ;
#1592 = AXIS2_PLACEMENT_3D ( 'NONE', #107, #77, #2641 ) ;
#1593 = DIRECTION ( 'NONE',  ( 0.000000000000000000, -0.000000000000000000, 1.000000000000000000 ) ) ;
#1594 = CARTESIAN_POINT ( 'NONE',  ( 30.00000000000000355, 0.000000000000000000, -12.45249999999997748 ) ) ;
#1595 = AXIS2_PLACEMENT_3D ( 'NONE', #814, #2517, #1669 ) ;
#1596 = EDGE_CURVE ( 'NONE', #4944, #1460, #5715, .T. ) ;
#1597 = CARTESIAN_POINT ( 'NONE',  ( 1.500000000000000222, 22.82317806891308365, -17.99617795652054753 ) ) ;
#1598 = AXIS2_PLACEMENT_3D ( 'NONE', #145, #2882, #1924 ) ;
#1599 = LINE ( 'NONE', #3373, #1783 ) ;
#1600 = ORIENTED_EDGE ( 'NONE', *, *, #2862, .T. ) ;
#1601 = ORIENTED_EDGE ( 'NONE', *, *, #1440, .F. ) ;
#1602 = DIRECTION ( 'NONE',  ( 1.000000000000000000, 0.000000000000000000, 0.000000000000000000 ) ) ;
#1603 = CARTESIAN_POINT ( 'NONE',  ( 28.14582562299425916, 16.25000000000000000, -23.22056274847715684 ) ) ;
#1604 = CIRCLE ( 'NONE', #671, 2.552699999999994418 ) ;
#1605 = VECTOR ( 'NONE', #570, 1000.000000000000000 ) ;
#1606 = EDGE_LOOP ( 'NONE', ( #3602, #2361, #326, #2857, #235, #5045, #5039, #1184, #1576, #916 ) ) ;
#1607 = ORIENTED_EDGE ( 'NONE', *, *, #3771, .T. ) ;
#1608 = ORIENTED_EDGE ( 'NONE', *, *, #260, .T. ) ;
#1609 = ORIENTED_EDGE ( 'NONE', *, *, #5405, .F. ) ;
#1610 = VERTEX_POINT ( 'NONE', #2843 ) ;
#1611 = DIRECTION ( 'NONE',  ( 0.000000000000000000, 0.000000000000000000, 1.000000000000000000 ) ) ;
#1612 = PLANE ( 'NONE',  #3363 ) ;
#1613 = PRODUCT_CONTEXT ( 'NONE', #5599, 'mechanical' ) ;
#1614 = DIRECTION ( 'NONE',  ( 1.000000000000000000, 0.000000000000000000, 0.000000000000000000 ) ) ;
#1615 = AXIS2_PLACEMENT_3D ( 'NONE', #4179, #4152, #1532 ) ;
#1616 = EDGE_LOOP ( 'NONE', ( #1389, #4549, #2937 ) ) ;
#1617 = CONICAL_SURFACE ( 'NONE', #5411, 4.500000000000014211, 0.7853981633974506105 ) ;
#1618 = CARTESIAN_POINT ( 'NONE',  ( -21.92904934271608752, -1.054607372211681104, -18.71025755351421438 ) ) ;
#1619 = DIRECTION ( 'NONE',  ( -1.000000000000000000, 0.000000000000000000, 0.000000000000000000 ) ) ;
#1620 = EDGE_CURVE ( 'NONE', #5548, #172, #5539, .T. ) ;
#1621 = CARTESIAN_POINT ( 'NONE',  ( -28.88814571031935685, 8.099583839879233693, -12.45249999999997748 ) ) ;
#1622 = EDGE_CURVE ( 'NONE', #5007, #2447, #5078, .T. ) ;
#1623 = EDGE_LOOP ( 'NONE', ( #4448, #1157, #2427, #1247 ) ) ;
#1624 = CARTESIAN_POINT ( 'NONE',  ( -0.2289708698750096971, -21.51351011576411310, -19.05236141490426860 ) ) ;
#1625 = CIRCLE ( 'NONE', #3198, 8.000000000000000000 ) ;
#1626 = UNCERTAINTY_MEASURE_WITH_UNIT (LENGTH_MEASURE( 1.000000000000000082E-05 ), #3178, 'distance_accuracy_value', 'NONE');
#1627 = AXIS2_PLACEMENT_3D ( 'NONE', #1506, #538, #3276 ) ;
#1628 = CARTESIAN_POINT ( 'NONE',  ( -1.058248269109886674, 21.93261236630764088, -18.70735316862677777 ) ) ;
#1629 = FACE_OUTER_BOUND ( 'NONE', #2946, .T. ) ;
#1630 = VERTEX_POINT ( 'NONE', #1854 ) ;
#1631 = DIRECTION ( 'NONE',  ( -0.000000000000000000, -0.000000000000000000, -1.000000000000000000 ) ) ;
#1632 = EDGE_CURVE ( 'NONE', #5198, #1980, #3625, .T. ) ;
#1633 = CARTESIAN_POINT ( 'NONE',  ( 27.44974894557052636, -22.20948632510778609, 17.95250000000002544 ) ) ;
#1634 = EDGE_LOOP ( 'NONE', ( #2544, #2420, #1607, #1798 ) ) ;
#1635 = DIRECTION ( 'NONE',  ( -0.000000000000000000, -0.000000000000000000, -1.000000000000000000 ) ) ;
#1636 = VERTEX_POINT ( 'NONE', #4963 ) ;
#1637 = ORIENTED_EDGE ( 'NONE', *, *, #4643, .F. ) ;
#1638 = EDGE_LOOP ( 'NONE', ( #748, #2004, #3993, #4363 ) ) ;
#1639 = CARTESIAN_POINT ( 'NONE',  ( -23.15365512750236476, -12.90522919971840032, -15.17061593083987248 ) ) ;
#1640 = CARTESIAN_POINT ( 'NONE',  ( -8.760311723963141380E-16, 32.50000000000000000, 13.59381690219166217 ) ) ;
#1641 = DIRECTION ( 'NONE',  ( 1.000000000000000000, 0.000000000000000000, 0.000000000000000000 ) ) ;
#1642 = CARTESIAN_POINT ( 'NONE',  ( -0.5412620629442905784, 24.40302176700688364, -16.80118996450107716 ) ) ;
#1643 = ORIENTED_EDGE ( 'NONE', *, *, #2582, .T. ) ;
#1644 = CARTESIAN_POINT ( 'NONE',  ( -6.738741432543214671, 25.11153846153846203, -20.95249999999998991 ) ) ;
#1645 = CARTESIAN_POINT ( 'NONE',  ( -21.20522252253546824, 21.22118134717656801, -12.45249999999997748 ) ) ;
#1646 = EDGE_CURVE ( 'NONE', #2642, #4011, #4718, .T. ) ;
#1647 = CARTESIAN_POINT ( 'NONE',  ( -28.14582562299425561, -16.24999999999999645, -6.249999999999994671 ) ) ;
#1648 = ORIENTED_EDGE ( 'NONE', *, *, #4421, .T. ) ;
#1649 = ORIENTED_EDGE ( 'NONE', *, *, #2933, .F. ) ;
#1650 = CIRCLE ( 'NONE', #2950, 3.000000000000000000 ) ;
#1651 = FACE_OUTER_BOUND ( 'NONE', #2182, .T. ) ;
#1652 = AXIS2_PLACEMENT_3D ( 'NONE', #1059, #4618, #5165 ) ;
#1653 = AXIS2_PLACEMENT_3D ( 'NONE', #4553, #564, #2378 ) ;
#1654 = AXIS2_PLACEMENT_3D ( 'NONE', #2330, #2295, #2726 ) ;
#1655 = EDGE_CURVE ( 'NONE', #1859, #1827, #2194, .T. ) ;
#1656 = AXIS2_PLACEMENT_3D ( 'NONE', #1925, #3317, #4606 ) ;
#1657 = DIRECTION ( 'NONE',  ( 1.000000000000000000, 0.000000000000000000, 0.000000000000000000 ) ) ;
#1658 = DIRECTION ( 'NONE',  ( -0.000000000000000000, -0.000000000000000000, 1.000000000000000000 ) ) ;
#1659 = EDGE_LOOP ( 'NONE', ( #2820, #1922, #4609, #2724 ) ) ;
#1660 = DIRECTION ( 'NONE',  ( -0.000000000000000000, -0.000000000000000000, 1.000000000000000000 ) ) ;
#1661 = CARTESIAN_POINT ( 'NONE',  ( -29.63955347916789407, -4.636471670952648338, -6.249999999999993783 ) ) ;
#1662 = EDGE_CURVE ( 'NONE', #4016, #35, #5444, .T. ) ;
#1663 = ORIENTED_EDGE ( 'NONE', *, *, #5494, .F. ) ;
#1664 = CARTESIAN_POINT ( 'NONE',  ( -7.593631064265406572, -33.14116424116424042, 6.250000000000004441 ) ) ;
#1665 = EDGE_LOOP ( 'NONE', ( #1961, #698, #5060, #544, #3104, #872, #5627, #3697, #3029 ) ) ;
#1666 = ORIENTED_EDGE ( 'NONE', *, *, #4950, .T. ) ;
#1667 = ORIENTED_EDGE ( 'NONE', *, *, #2601, .F. ) ;
#1668 = CARTESIAN_POINT ( 'NONE',  ( -23.55757834771999271, -12.38026052694130108, -15.08751531998333739 ) ) ;
#1669 = DIRECTION ( 'NONE',  ( 1.000000000000000000, 0.000000000000000000, 0.000000000000000000 ) ) ;
#1670 = VECTOR ( 'NONE', #3525, 1000.000000000000000 ) ;
#1671 = CARTESIAN_POINT ( 'NONE',  ( -22.14582562299429114, 16.47160931059602262, -14.31973615630406726 ) ) ;
#1672 = ORIENTED_EDGE ( 'NONE', *, *, #307, .F. ) ;
#1673 = CARTESIAN_POINT ( 'NONE',  ( 28.14582562299425916, 16.25000000000000000, -6.249999999999992006 ) ) ;
#1674 = CARTESIAN_POINT ( 'NONE',  ( -22.26024484297554551, 19.38747704526277005, -12.82696809272965055 ) ) ;
#1675 = CARTESIAN_POINT ( 'NONE',  ( -8.263657334641768770, -36.06538461538462315, 17.95250000000002544 ) ) ;
#1676 = ORIENTED_EDGE ( 'NONE', *, *, #5536, .T. ) ;
#1677 = ORIENTED_EDGE ( 'NONE', *, *, #347, .F. ) ;
#1678 = CARTESIAN_POINT ( 'NONE',  ( 0.000000000000000000, 23.00000000000000000, -10.07749999999998458 ) ) ;
#1679 = CARTESIAN_POINT ( 'NONE',  ( 0.1131482851179352184, 21.50000361996395881, -19.06360809915140919 ) ) ;
#1680 = FACE_BOUND ( 'NONE', #3267, .T. ) ;
#1681 = EDGE_LOOP ( 'NONE', ( #2593, #1449, #1600, #3444, #2515, #949 ) ) ;
#1682 = AXIS2_PLACEMENT_3D ( 'NONE', #1782, #414, #2499 ) ;
#1683 = DIRECTION ( 'NONE',  ( -1.000000000000000000, 0.000000000000000000, 0.000000000000000000 ) ) ;
#1684 = DIRECTION ( 'NONE',  ( -0.000000000000000000, -0.000000000000000000, -1.000000000000000000 ) ) ;
#1685 = AXIS2_PLACEMENT_3D ( 'NONE', #2185, #1306, #2598 ) ;
#1686 = ORIENTED_EDGE ( 'NONE', *, *, #4895, .T. ) ;
#1687 = CARTESIAN_POINT ( 'NONE',  ( 6.738741432543220888, 25.11153846153846203, -6.249999999999993783 ) ) ;
#1688 = EDGE_LOOP ( 'NONE', ( #2542, #4736 ) ) ;
#1689 = ORIENTED_EDGE ( 'NONE', *, *, #5074, .F. ) ;
#1690 = ORIENTED_EDGE ( 'NONE', *, *, #581, .T. ) ;
#1691 = CARTESIAN_POINT ( 'NONE',  ( 0.000000000000000000, 0.000000000000000000, -16.45250000000001123 ) ) ;
#1692 = DIRECTION ( 'NONE',  ( -0.5179406311314895817, 0.4813912157726962238, -0.7071067811865472397 ) ) ;
#1693 = AXIS2_PLACEMENT_3D ( 'NONE', #510, #3624, #4529 ) ;
#1694 = CARTESIAN_POINT ( 'NONE',  ( -0.7348163102218956411, 24.31205170999839638, -16.86797813076773522 ) ) ;
#1695 = EDGE_CURVE ( 'NONE', #4980, #5616, #1441, .T. ) ;
#1696 = CIRCLE ( 'NONE', #3737, 3.000000000000002665 ) ;
#1697 = CARTESIAN_POINT ( 'NONE',  ( -25.11660095207388821, -6.719847960652186813, -20.95249999999998991 ) ) ;
#1698 = CARTESIAN_POINT ( 'NONE',  ( 0.000000000000000000, 0.000000000000000000, -16.45250000000001123 ) ) ;
#1699 = EDGE_CURVE ( 'NONE', #801, #5679, #503, .T. ) ;
#1700 = CONICAL_SURFACE ( 'NONE', #5047, 2.552699999999995750, 1.029744258676652535 ) ;
#1701 = CARTESIAN_POINT ( 'NONE',  ( -28.14582562299425561, -16.25000000000001066, 17.95250000000002544 ) ) ;
#1702 = CIRCLE ( 'NONE', #345, 5.999999999999998224 ) ;
#1703 = ORIENTED_EDGE ( 'NONE', *, *, #3926, .F. ) ;
#1704 = ORIENTED_EDGE ( 'NONE', *, *, #85, .F. ) ;
#1705 = DIRECTION ( 'NONE',  ( 0.000000000000000000, 0.000000000000000000, -1.000000000000000000 ) ) ;
#1706 = CARTESIAN_POINT ( 'NONE',  ( 1.343777801166517571, 22.30990650170218359, -18.40228259722650961 ) ) ;
#1707 = FACE_OUTER_BOUND ( 'NONE', #1387, .T. ) ;
#1708 = ORIENTED_EDGE ( 'NONE', *, *, #2479, .T. ) ;
#1709 = FACE_OUTER_BOUND ( 'NONE', #3509, .T. ) ;
#1710 = CARTESIAN_POINT ( 'NONE',  ( 22.30068042426923469, -1.338854429257383183, -18.40967720442338162 ) ) ;
#1711 = EDGE_CURVE ( 'NONE', #5362, #239, #427, .T. ) ;
#1712 = AXIS2_PLACEMENT_3D ( 'NONE', #2477, #1125, #662 ) ;
#1713 = ADVANCED_FACE ( 'NONE', ( #1032 ), #4521, .T. ) ;
#1714 = CARTESIAN_POINT ( 'NONE',  ( 0.000000000000000000, 23.00000000000000000, -20.95249999999998991 ) ) ;
#1715 = CONICAL_SURFACE ( 'NONE', #2559, 4.499999999999997335, 0.7853981633974506105 ) ;
#1716 = ADVANCED_FACE ( 'NONE', ( #3211 ), #4124, .F. ) ;
#1717 = ORIENTED_EDGE ( 'NONE', *, *, #755, .F. ) ;
#1718 = EDGE_LOOP ( 'NONE', ( #3987, #3914, #867, #1171 ) ) ;
#1719 = ORIENTED_EDGE ( 'NONE', *, *, #3065, .T. ) ;
#1720 = CARTESIAN_POINT ( 'NONE',  ( 24.75651706379671424, -11.28501449941684953, -14.62618056027958957 ) ) ;
#1721 = CARTESIAN_POINT ( 'NONE',  ( -5.509104889761172963, 34.87692307692308447, 17.95250000000002544 ) ) ;
#1722 = CARTESIAN_POINT ( 'NONE',  ( 0.000000000000000000, -23.00000000000000000, -10.07749999999998458 ) ) ;
#1723 = CIRCLE ( 'NONE', #2471, 8.000000000000000000 ) ;
#1724 = EDGE_CURVE ( 'NONE', #5093, #4240, #4642, .T. ) ;
#1725 = DIRECTION ( 'NONE',  ( 0.000000000000000000, 0.000000000000000000, -1.000000000000000000 ) ) ;
#1726 = CARTESIAN_POINT ( 'NONE',  ( -7.775470883703709646, 28.97485207100592319, 0.000000000000000000 ) ) ;
#1727 = CARTESIAN_POINT ( 'NONE',  ( 28.14582562299425561, -16.24999999999999645, 6.250000000000005329 ) ) ;
#1728 = DIRECTION ( 'NONE',  ( -1.000000000000000000, 0.000000000000000000, 0.000000000000000000 ) ) ;
#1729 = ORIENTED_EDGE ( 'NONE', *, *, #5446, .F. ) ;
#1730 = EDGE_CURVE ( 'NONE', #3185, #5198, #5218, .T. ) ;
#1731 = DIRECTION ( 'NONE',  ( -1.000000000000000000, 0.000000000000000000, 0.000000000000000000 ) ) ;
#1732 = AXIS2_PLACEMENT_3D ( 'NONE', #3657, #1447, #3218 ) ;
#1733 = AXIS2_PLACEMENT_3D ( 'NONE', #625, #2780, #1061 ) ;
#1734 = DIRECTION ( 'NONE',  ( -0.000000000000000000, -0.000000000000000000, 1.000000000000000000 ) ) ;
#1735 = FACE_OUTER_BOUND ( 'NONE', #4068, .T. ) ;
#1736 = ORIENTED_EDGE ( 'NONE', *, *, #4758, .T. ) ;
#1737 = CARTESIAN_POINT ( 'NONE',  ( 29.54343440694599821, -5.872864116540006840, 0.000000000000000000 ) ) ;
#1738 = CARTESIAN_POINT ( 'NONE',  ( -28.98069340623909795, -7.753670723829444000, 0.000000000000000000 ) ) ;
#1739 = AXIS2_PLACEMENT_3D ( 'NONE', #1691, #1334, #4041 ) ;
#1740 = CIRCLE ( 'NONE', #527, 2.999999999999999112 ) ;
#1741 = ADVANCED_FACE ( 'NONE', ( #2683 ), #98, .T. ) ;
#1742 = VECTOR ( 'NONE', #3180, 1000.000000000000000 ) ;
#1743 = CARTESIAN_POINT ( 'NONE',  ( 0.000000000000000000, 0.000000000000000000, -16.95249999999998636 ) ) ;
#1744 = ORIENTED_EDGE ( 'NONE', *, *, #1145, .F. ) ;
#1745 = ORIENTED_EDGE ( 'NONE', *, *, #4494, .F. ) ;
#1746 = ORIENTED_EDGE ( 'NONE', *, *, #4266, .F. ) ;
#1747 = DIRECTION ( 'NONE',  ( -1.000000000000000000, 0.000000000000000000, 0.000000000000000000 ) ) ;
#1748 = FACE_OUTER_BOUND ( 'NONE', #3380, .T. ) ;
#1749 = ADVANCED_FACE ( 'NONE', ( #2314 ), #1880, .F. ) ;
#1750 = DIRECTION ( 'NONE',  ( 0.6492542376363499290, 0.2801230710085192976, 0.7071067811865461294 ) ) ;
#1751 = ORIENTED_EDGE ( 'NONE', *, *, #1730, .F. ) ;
#1752 = DIRECTION ( 'NONE',  ( 1.000000000000000000, 0.000000000000000000, 0.000000000000000000 ) ) ;
#1753 = DIRECTION ( 'NONE',  ( -1.000000000000000000, 0.000000000000000000, 0.000000000000000000 ) ) ;
#1754 = EDGE_CURVE ( 'NONE', #2031, #4914, #4759, .T. ) ;
#1755 = CIRCLE ( 'NONE', #3238, 4.499999999999997335 ) ;
#1756 = FACE_OUTER_BOUND ( 'NONE', #5313, .T. ) ;
#1757 = EDGE_LOOP ( 'NONE', ( #2606, #5095, #399, #4717 ) ) ;
#1758 = AXIS2_PLACEMENT_3D ( 'NONE', #5471, #2368, #1493 ) ;
#1759 = CARTESIAN_POINT ( 'NONE',  ( -2.552700000000007741, -32.50000000000000000, 12.06000000000000583 ) ) ;
#1760 = ADVANCED_FACE ( 'NONE', ( #3882 ), #1556, .F. ) ;
#1761 = DIRECTION ( 'NONE',  ( 0.000000000000000000, 0.000000000000000000, 1.000000000000000000 ) ) ;
#1762 = DIRECTION ( 'NONE',  ( 0.000000000000000000, 0.000000000000000000, -1.000000000000000000 ) ) ;
#1763 = ORIENTED_EDGE ( 'NONE', *, *, #4238, .T. ) ;
#1764 = DIRECTION ( 'NONE',  ( 0.000000000000000000, 0.000000000000000000, -1.000000000000000000 ) ) ;
#1765 = DIRECTION ( 'NONE',  ( -0.000000000000000000, -0.000000000000000000, -1.000000000000000000 ) ) ;
#1766 = AXIS2_PLACEMENT_3D ( 'NONE', #3642, #560, #2650 ) ;
#1767 = AXIS2_PLACEMENT_3D ( 'NONE', #2356, #4130, #4739 ) ;
#1768 = EDGE_CURVE ( 'NONE', #5220, #5548, #2108, .T. ) ;
#1769 = CARTESIAN_POINT ( 'NONE',  ( 22.15912185821739300, 16.68655226436964156, -14.21109984389638825 ) ) ;
#1770 = CIRCLE ( 'NONE', #1400, 17.50000000000000000 ) ;
#1771 = VERTEX_POINT ( 'NONE', #4732 ) ;
#1772 = LINE ( 'NONE', #2723, #4580 ) ;
#1773 = VERTEX_POINT ( 'NONE', #5565 ) ;
#1774 = VERTEX_POINT ( 'NONE', #247 ) ;
#1775 = DIRECTION ( 'NONE',  ( 0.000000000000000000, 0.000000000000000000, -1.000000000000000000 ) ) ;
#1776 = CARTESIAN_POINT ( 'NONE',  ( -3.793061268005835984, -27.83873991251989466, -13.93406334752090991 ) ) ;
#1777 = AXIS2_PLACEMENT_3D ( 'NONE', #869, #2646, #4042 ) ;
#1778 = CARTESIAN_POINT ( 'NONE',  ( 32.95885383533170199, -12.66743675181528594, 17.95250000000002544 ) ) ;
#1779 = ORIENTED_EDGE ( 'NONE', *, *, #5138, .F. ) ;
#1780 = CYLINDRICAL_SURFACE ( 'NONE', #3434, 3.000000000000002665 ) ;
#1781 = DIRECTION ( 'NONE',  ( 0.000000000000000000, 0.000000000000000000, -1.000000000000000000 ) ) ;
#1782 = CARTESIAN_POINT ( 'NONE',  ( 3.984302198030716898E-15, 32.50000000000000000, -6.249999999999993783 ) ) ;
#1783 = VECTOR ( 'NONE', #4328, 1000.000000000000000 ) ;
#1784 = CARTESIAN_POINT ( 'NONE',  ( 0.000000000000000000, 0.000000000000000000, 6.250000000000003553 ) ) ;
#1785 = ORIENTED_EDGE ( 'NONE', *, *, #2266, .F. ) ;
#1786 = CIRCLE ( 'NONE', #5043, 2.552699999999994418 ) ;
#1787 = EDGE_CURVE ( 'NONE', #1610, #851, #5102, .T. ) ;
#1788 = CARTESIAN_POINT ( 'NONE',  ( -8.263657334641763441, 36.06538461538462315, 6.250000000000003553 ) ) ;
#1789 = CARTESIAN_POINT ( 'NONE',  ( 28.38854525872791967, 9.027160160910819187, -12.61675967384449493 ) ) ;
#1790 = AXIS2_PLACEMENT_3D ( 'NONE', #101, #2840, #651 ) ;
#1791 = DIRECTION ( 'NONE',  ( 0.000000000000000000, 0.000000000000000000, -1.000000000000000000 ) ) ;
#1792 = CARTESIAN_POINT ( 'NONE',  ( -24.48739121063016810, 0.2232651694579450563, -16.73947810082229637 ) ) ;
#1793 = ORIENTED_EDGE ( 'NONE', *, *, #3075, .F. ) ;
#1794 = DIRECTION ( 'NONE',  ( -1.000000000000000000, 0.000000000000000000, 0.000000000000000000 ) ) ;
#1795 = CARTESIAN_POINT ( 'NONE',  ( 7.589415207398531038E-16, 0.000000000000000000, 6.250000000000003553 ) ) ;
#1796 = ADVANCED_FACE ( 'NONE', ( #736 ), #5188, .T. ) ;
#1797 = DIRECTION ( 'NONE',  ( 0.000000000000000000, 0.000000000000000000, -1.000000000000000000 ) ) ;
#1798 = ORIENTED_EDGE ( 'NONE', *, *, #5383, .T. ) ;
#1799 = CARTESIAN_POINT ( 'NONE',  ( -22.81379365811217141, -1.498743768553825184, -18.00352482803846144 ) ) ;
#1800 = ORIENTED_EDGE ( 'NONE', *, *, #655, .F. ) ;
#1801 = ORIENTED_EDGE ( 'NONE', *, *, #1355, .T. ) ;
#1802 = CARTESIAN_POINT ( 'NONE',  ( 22.14384908099034632, -16.33450028439489188, -14.38425759198051779 ) ) ;
#1803 = CARTESIAN_POINT ( 'NONE',  ( -1.549009360121389900, -26.69032821254250720, -14.99384060917678241 ) ) ;
#1804 = VECTOR ( 'NONE', #1002, 1000.000000000000000 ) ;
#1805 = ADVANCED_FACE ( 'NONE', ( #4203 ), #3829, .T. ) ;
#1806 = DIRECTION ( 'NONE',  ( 1.000000000000000000, 0.000000000000000000, 0.000000000000000000 ) ) ;
#1807 = CONICAL_SURFACE ( 'NONE', #4403, 24.50000000000000000, 0.7853981633974482790 ) ;
#1808 = EDGE_LOOP ( 'NONE', ( #3516, #4420, #2914, #2693 ) ) ;
#1809 = LINE ( 'NONE', #845, #4647 ) ;
#1810 = FACE_OUTER_BOUND ( 'NONE', #5470, .T. ) ;
#1811 = CARTESIAN_POINT ( 'NONE',  ( -4.269958013042098877, -28.27369972629054828, -13.54633014297265703 ) ) ;
#1812 = DIRECTION ( 'NONE',  ( 1.000000000000000000, 0.000000000000000000, 0.000000000000000000 ) ) ;
#1813 = VERTEX_POINT ( 'NONE', #2893 ) ;
#1814 = CARTESIAN_POINT ( 'NONE',  ( 28.14582562299426627, -16.24999999999999289, -6.249999999999994671 ) ) ;
#1815 = EDGE_CURVE ( 'NONE', #2037, #1630, #1965, .T. ) ;
#1816 = CARTESIAN_POINT ( 'NONE',  ( -26.05931151333380313, 10.61740570757290314, -13.90019932953162929 ) ) ;
#1817 = CYLINDRICAL_SURFACE ( 'NONE', #2494, 2.552699999999990865 ) ;
#1818 = DIRECTION ( 'NONE',  ( 1.000000000000000000, 0.000000000000000000, 0.000000000000000000 ) ) ;
#1819 = VERTEX_POINT ( 'NONE', #2866 ) ;
#1820 = DIRECTION ( 'NONE',  ( 1.000000000000000000, 0.000000000000000000, 0.000000000000000000 ) ) ;
#1821 = CARTESIAN_POINT ( 'NONE',  ( -22.28504596091616108, 17.53501430053178822, -13.73065561476729357 ) ) ;
#1822 = AXIS2_PLACEMENT_3D ( 'NONE', #4596, #3960, #2784 ) ;
#1823 = EDGE_CURVE ( 'NONE', #4826, #3282, #4676, .T. ) ;
#1824 = CARTESIAN_POINT ( 'NONE',  ( 37.54343440694600531, 5.872864116539996182, -6.249999999999993783 ) ) ;
#1825 = ORIENTED_EDGE ( 'NONE', *, *, #3167, .F. ) ;
#1826 = CARTESIAN_POINT ( 'NONE',  ( -35.36536794150043050, -10.87615512772294579, 19.45250000000001123 ) ) ;
#1827 = VERTEX_POINT ( 'NONE', #2551 ) ;
#1828 = EDGE_LOOP ( 'NONE', ( #2183, #4349, #643, #1866 ) ) ;
#1829 = CYLINDRICAL_SURFACE ( 'NONE', #3129, 4.000000000000000000 ) ;
#1831 = CIRCLE ( 'NONE', #3786, 2.552699999999987757 ) ;
#1830 = DIRECTION ( 'NONE',  ( 1.000000000000000000, 0.000000000000000000, 0.000000000000000000 ) ) ;
#1832 = CARTESIAN_POINT ( 'NONE',  ( -7.775470883703514247, -28.97485207100596938, 0.000000000000000000 ) ) ;
#1833 = EDGE_CURVE ( 'NONE', #683, #3872, #1210, .T. ) ;
#1834 = AXIS2_PLACEMENT_3D ( 'NONE', #5734, #5222, #2171 ) ;
#1835 = CYLINDRICAL_SURFACE ( 'NONE', #4961, 7.999999999999998224 ) ;
#1836 = VERTEX_POINT ( 'NONE', #3392 ) ;
#1837 = CIRCLE ( 'NONE', #2678, 8.000000000000003553 ) ;
#1838 = DIRECTION ( 'NONE',  ( 0.000000000000000000, 0.000000000000000000, -1.000000000000000000 ) ) ;
#1839 = CARTESIAN_POINT ( 'NONE',  ( 21.45963394444922656, -20.96696124860162413, -12.45249999999998103 ) ) ;
#1840 = CARTESIAN_POINT ( 'NONE',  ( 27.10171060685865640, 25.18922948766168801, 6.250000000000003553 ) ) ;
#1841 = EDGE_CURVE ( 'NONE', #2580, #2938, #5484, .T. ) ;
#1842 = CARTESIAN_POINT ( 'NONE',  ( 28.14582562299425561, -16.24999999999999645, 19.45250000000001123 ) ) ;
#1843 = ORIENTED_EDGE ( 'NONE', *, *, #408, .T. ) ;
#1844 = ADVANCED_FACE ( 'NONE', ( #2434 ), #4264, .T. ) ;
#1845 = CARTESIAN_POINT ( 'NONE',  ( -22.16825277448355536, -15.64277206206026527, -14.68458330668821610 ) ) ;
#1846 = DIRECTION ( 'NONE',  ( -0.000000000000000000, -0.000000000000000000, 1.000000000000000000 ) ) ;
#1847 = CARTESIAN_POINT ( 'NONE',  ( -22.26597873558300833, 15.01417491680250826, -14.89966520431435804 ) ) ;
#1848 = CIRCLE ( 'NONE', #2510, 24.50000000000000000 ) ;
#1849 = DIRECTION ( 'NONE',  ( -0.000000000000000000, -0.000000000000000000, -1.000000000000000000 ) ) ;
#1850 = CARTESIAN_POINT ( 'NONE',  ( 0.000000000000000000, 0.000000000000000000, 0.000000000000000000 ) ) ;
#1851 = ORIENTED_EDGE ( 'NONE', *, *, #3588, .T. ) ;
#1852 = FACE_OUTER_BOUND ( 'NONE', #4253, .T. ) ;
#1853 = LINE ( 'NONE', #1738, #3541 ) ;
#1854 = CARTESIAN_POINT ( 'NONE',  ( 31.06417454320984817, 9.553379504080947271, 19.45250000000001123 ) ) ;
#1855 = DIRECTION ( 'NONE',  ( -0.000000000000000000, -0.000000000000000000, 1.000000000000000000 ) ) ;
#1856 = ORIENTED_EDGE ( 'NONE', *, *, #797, .F. ) ;
#1857 = CARTESIAN_POINT ( 'NONE',  ( -24.50000000000000000, -0.1127861876312626771, -16.73027777777775427 ) ) ;
#1858 = VERTEX_POINT ( 'NONE', #1196 ) ;
#1859 = VERTEX_POINT ( 'NONE', #1994 ) ;
#1860 = FACE_OUTER_BOUND ( 'NONE', #1659, .T. ) ;
#1861 = CARTESIAN_POINT ( 'NONE',  ( -2.598867966010778741, -27.08902981949738376, -14.62017571105132774 ) ) ;
#1862 = CARTESIAN_POINT ( 'NONE',  ( 21.40014356554417674, 21.02640688935054314, -12.45249999999997570 ) ) ;
#1863 = EDGE_CURVE ( 'NONE', #866, #1360, #4235, .T. ) ;
#1864 = VECTOR ( 'NONE', #4344, 1000.000000000000000 ) ;
#1865 = CYLINDRICAL_SURFACE ( 'NONE', #3020, 2.999999999999999112 ) ;
#1866 = ORIENTED_EDGE ( 'NONE', *, *, #707, .F. ) ;
#1867 = CARTESIAN_POINT ( 'NONE',  ( -18.83507899055581092, -23.35037043431053050, 0.000000000000000000 ) ) ;
#1868 = CARTESIAN_POINT ( 'NONE',  ( -22.37785951953074104, 18.39169050088635871, -13.25680653369183837 ) ) ;
#1869 = AXIS2_PLACEMENT_3D ( 'NONE', #1564, #192, #1973 ) ;
#1870 = DIRECTION ( 'NONE',  ( -0.000000000000000000, -0.000000000000000000, 1.000000000000000000 ) ) ;
#1871 = EDGE_CURVE ( 'NONE', #3298, #5220, #2803, .T. ) ;
#1872 = FACE_OUTER_BOUND ( 'NONE', #1578, .T. ) ;
#1873 = VERTEX_POINT ( 'NONE', #3012 ) ;
#1874 = ORIENTED_EDGE ( 'NONE', *, *, #1943, .F. ) ;
#1875 = AXIS2_PLACEMENT_3D ( 'NONE', #409, #5287, #5647 ) ;
#1876 = DIRECTION ( 'NONE',  ( -1.000000000000000000, 0.000000000000000000, 0.000000000000000000 ) ) ;
#1877 = ADVANCED_FACE ( 'NONE', ( #4067 ), #3534, .F. ) ;
#1878 = DIRECTION ( 'NONE',  ( -0.000000000000000000, -0.000000000000000000, 1.000000000000000000 ) ) ;
#1879 = VECTOR ( 'NONE', #44, 1000.000000000000000 ) ;
#1880 = CYLINDRICAL_SURFACE ( 'NONE', #2752, 2.552699999999992642 ) ;
#1881 = FACE_OUTER_BOUND ( 'NONE', #297, .T. ) ;
#1882 = CARTESIAN_POINT ( 'NONE',  ( -28.14582562299419166, -16.25000000000012790, -20.95249999999998991 ) ) ;
#1883 = DIRECTION ( 'NONE',  ( -0.000000000000000000, -0.000000000000000000, 1.000000000000000000 ) ) ;
#1884 = CARTESIAN_POINT ( 'NONE',  ( 6.380897502210683747, -29.09916947381595165, -12.61573586163174987 ) ) ;
#1885 = EDGE_CURVE ( 'NONE', #3537, #547, #545, .T. ) ;
#1886 = AXIS2_PLACEMENT_3D ( 'NONE', #4559, #3305, #3710 ) ;
#1887 = DIRECTION ( 'NONE',  ( 0.000000000000000000, 0.000000000000000000, 1.000000000000000000 ) ) ;
#1888 = VECTOR ( 'NONE', #2921, 1000.000000000000000 ) ;
#1889 = DIRECTION ( 'NONE',  ( -0.000000000000000000, -0.000000000000000000, 1.000000000000000000 ) ) ;
#1890 = ORIENTED_EDGE ( 'NONE', *, *, #2513, .T. ) ;
#1891 = FACE_OUTER_BOUND ( 'NONE', #4304, .T. ) ;
#1892 = VERTEX_POINT ( 'NONE', #3191 ) ;
#1893 = VERTEX_POINT ( 'NONE', #2292 ) ;
#1894 = EDGE_CURVE ( 'NONE', #5612, #2740, #4289, .T. ) ;
#1895 = CARTESIAN_POINT ( 'NONE',  ( -25.59312562299426830, -16.24999999999999645, -6.249999999999994671 ) ) ;
#1896 = FACE_OUTER_BOUND ( 'NONE', #2694, .T. ) ;
#1897 = CARTESIAN_POINT ( 'NONE',  ( -35.36536794150043050, -10.87615512772294579, 6.250000000000003553 ) ) ;
#1898 = ADVANCED_FACE ( 'NONE', ( #2574 ), #2653, .T. ) ;
#1899 = EDGE_CURVE ( 'NONE', #890, #2204, #1604, .T. ) ;
#1900 = CARTESIAN_POINT ( 'NONE',  ( 4.131828667320894155, -34.28269230769231513, 19.45250000000001123 ) ) ;
#1901 = ORIENTED_EDGE ( 'NONE', *, *, #1970, .F. ) ;
#1902 = CARTESIAN_POINT ( 'NONE',  ( 0.000000000000000000, 0.000000000000000000, 6.250000000000004441 ) ) ;
#1903 = DIRECTION ( 'NONE',  ( -1.000000000000000000, 0.000000000000000000, 0.000000000000000000 ) ) ;
#1904 = CARTESIAN_POINT ( 'NONE',  ( -10.80447448861207604, 27.98684210526316463, 6.250000000000003553 ) ) ;
#1905 = EDGE_CURVE ( 'NONE', #3200, #3326, #1772, .T. ) ;
#1906 = LINE ( 'NONE', #2308, #4556 ) ;
#1907 = AXIS2_PLACEMENT_3D ( 'NONE', #3623, #5392, #4153 ) ;
#1908 = EDGE_LOOP ( 'NONE', ( #880, #2976, #5640, #1568 ) ) ;
#1909 = VERTEX_POINT ( 'NONE', #514 ) ;
#1910 = DIRECTION ( 'NONE',  ( 1.000000000000000000, 0.000000000000000000, 0.000000000000000000 ) ) ;
#1911 = CARTESIAN_POINT ( 'NONE',  ( 0.000000000000000000, 0.000000000000000000, 19.45250000000001123 ) ) ;
#1912 = ADVANCED_FACE ( 'NONE', ( #5398 ), #4966, .F. ) ;
#1913 = CARTESIAN_POINT ( 'NONE',  ( -23.77260773622869650, 12.12953419534797916, -15.02963784530540892 ) ) ;
#1914 = DIRECTION ( 'NONE',  ( 0.000000000000000000, 0.000000000000000000, -1.000000000000000000 ) ) ;
#1915 = CARTESIAN_POINT ( 'NONE',  ( 0.000000000000000000, 0.000000000000000000, 19.45250000000001123 ) ) ;
#1916 = CYLINDRICAL_SURFACE ( 'NONE', #4848, 1.500000000000001332 ) ;
#1917 = FACE_OUTER_BOUND ( 'NONE', #4101, .T. ) ;
#1918 = DIRECTION ( 'NONE',  ( 1.000000000000000000, 0.000000000000000000, 0.000000000000000000 ) ) ;
#1919 = ORIENTED_EDGE ( 'NONE', *, *, #195, .F. ) ;
#1920 = DIRECTION ( 'NONE',  ( 1.000000000000000000, 0.000000000000000000, 0.000000000000000000 ) ) ;
#1921 = EDGE_LOOP ( 'NONE', ( #4400, #1890, #2619, #676 ) ) ;
#1922 = ORIENTED_EDGE ( 'NONE', *, *, #1470, .T. ) ;
#1923 = CARTESIAN_POINT ( 'NONE',  ( -28.14582562299425561, -16.25000000000001066, 19.45250000000001123 ) ) ;
#1924 = DIRECTION ( 'NONE',  ( 1.000000000000000000, 1.541976423090497408E-15, 0.000000000000000000 ) ) ;
#1925 = CARTESIAN_POINT ( 'NONE',  ( 27.10171060685865640, 25.18922948766168801, 19.45250000000001123 ) ) ;
#1926 = AXIS2_PLACEMENT_3D ( 'NONE', #3678, #4554, #472 ) ;
#1927 = AXIS2_PLACEMENT_3D ( 'NONE', #4650, #708, #5508 ) ;
#1928 = ORIENTED_EDGE ( 'NONE', *, *, #1933, .F. ) ;
#1929 = ORIENTED_EDGE ( 'NONE', *, *, #2250, .T. ) ;
#1930 = CARTESIAN_POINT ( 'NONE',  ( -2.552699999999989089, 32.50000000000000000, -6.249999999999993783 ) ) ;
#1931 = CARTESIAN_POINT ( 'NONE',  ( -20.99999999999998934, 3.122849337825749828E-15, -19.45249999999998280 ) ) ;
#1932 = CARTESIAN_POINT ( 'NONE',  ( 7.775470883703910374, -28.97485207100586280, -6.249999999999993783 ) ) ;
#1933 = EDGE_CURVE ( 'NONE', #5219, #1515, #4534, .T. ) ;
#1934 = CONICAL_SURFACE ( 'NONE', #5723, 19.00000000000000000, 0.7853981633974613796 ) ;
#1935 = DIRECTION ( 'NONE',  ( -0.000000000000000000, -0.000000000000000000, 1.000000000000000000 ) ) ;
#1936 = ORIENTED_EDGE ( 'NONE', *, *, #1632, .F. ) ;
#1937 = AXIS2_PLACEMENT_3D ( 'NONE', #4816, #1318, #3970 ) ;
#1938 = EDGE_CURVE ( 'NONE', #2891, #1188, #3445, .T. ) ;
#1939 = CYLINDRICAL_SURFACE ( 'NONE', #5637, 4.000000000000000000 ) ;
#1940 = CARTESIAN_POINT ( 'NONE',  ( 22.14273012187815937, 1.245825277300643741, -18.53672866215131521 ) ) ;
#1941 = CARTESIAN_POINT ( 'NONE',  ( 17.99999999999997513, 2.204364238465232667E-15, -16.95249999999998636 ) ) ;
#1942 = DIRECTION ( 'NONE',  ( 0.000000000000000000, 0.000000000000000000, 1.000000000000000000 ) ) ;
#1943 = EDGE_CURVE ( 'NONE', #851, #4255, #2706, .T. ) ;
#1944 = CARTESIAN_POINT ( 'NONE',  ( -8.263657334641763441, 36.06538461538462315, 19.45250000000001123 ) ) ;
#1945 = DIRECTION ( 'NONE',  ( -0.000000000000000000, -0.000000000000000000, 1.000000000000000000 ) ) ;
#1946 = CONICAL_SURFACE ( 'NONE', #2415, 4.499999999999993783, 0.7853981633974506105 ) ;
#1947 = CARTESIAN_POINT ( 'NONE',  ( 0.000000000000000000, 0.000000000000000000, 6.250000000000003553 ) ) ;
#1948 = CARTESIAN_POINT ( 'NONE',  ( -27.44974894557051925, -22.20948632510780030, -23.22056274847715684 ) ) ;
#1949 = EDGE_LOOP ( 'NONE', ( #2496, #3890, #2102, #1130, #5747, #1736, #3161, #2234 ) ) ;
#1950 = CARTESIAN_POINT ( 'NONE',  ( -37.54343440694599821, -5.872864116540021051, -6.249999999999993783 ) ) ;
#1951 = EDGE_LOOP ( 'NONE', ( #5146, #4696, #2482, #4050 ) ) ;
#1952 = ORIENTED_EDGE ( 'NONE', *, *, #55, .T. ) ;
#1953 = DIRECTION ( 'NONE',  ( -0.000000000000000000, -0.000000000000000000, 1.000000000000000000 ) ) ;
#1954 = CYLINDRICAL_SURFACE ( 'NONE', #2065, 30.00000000000000355 ) ;
#1955 = CARTESIAN_POINT ( 'NONE',  ( -7.775470883703514247, -28.97485207100596938, -6.249999999999993783 ) ) ;
#1956 = ORIENTED_EDGE ( 'NONE', *, *, #1109, .F. ) ;
#1957 = ORIENTED_EDGE ( 'NONE', *, *, #3520, .T. ) ;
#1958 = CARTESIAN_POINT ( 'NONE',  ( 23.80555661413261248, -22.12567454997310179, 19.45250000000001123 ) ) ;
#1959 = CARTESIAN_POINT ( 'NONE',  ( -7.589415207398531038E-16, 0.000000000000000000, -6.249999999999993783 ) ) ;
#1960 = CARTESIAN_POINT ( 'NONE',  ( 0.000000000000000000, 0.000000000000000000, 0.000000000000000000 ) ) ;
#1961 = ORIENTED_EDGE ( 'NONE', *, *, #5538, .T. ) ;
#1962 = DIRECTION ( 'NONE',  ( -0.000000000000000000, -0.000000000000000000, 1.000000000000000000 ) ) ;
#1963 = AXIS2_PLACEMENT_3D ( 'NONE', #1343, #3115, #1753 ) ;
#1964 = EDGE_CURVE ( 'NONE', #5744, #2944, #5745, .T. ) ;
#1965 = CIRCLE ( 'NONE', #1501, 32.50000000000000711 ) ;
#1966 = CARTESIAN_POINT ( 'NONE',  ( 23.84571240034213702, 1.254033185934078976, -17.21383707083699477 ) ) ;
#1967 = AXIS2_PLACEMENT_3D ( 'NONE', #2237, #3577, #3285 ) ;
#1968 = LINE ( 'NONE', #3801, #3125 ) ;
#1969 = ADVANCED_FACE ( 'NONE', ( #888 ), #2667, .F. ) ;
#1970 = EDGE_CURVE ( 'NONE', #4742, #3220, #2539, .T. ) ;
#1971 = CYLINDRICAL_SURFACE ( 'NONE', #675, 5.999999999999994671 ) ;
#1972 = DIRECTION ( 'NONE',  ( 1.000000000000000000, 0.000000000000000000, 0.000000000000000000 ) ) ;
#1973 = DIRECTION ( 'NONE',  ( -1.000000000000000000, 0.000000000000000000, 0.000000000000000000 ) ) ;
#1974 = DIRECTION ( 'NONE',  ( -1.000000000000000000, 0.000000000000000000, 0.000000000000000000 ) ) ;
#1975 = CIRCLE ( 'NONE', #5221, 34.00000000000000000 ) ;
#1976 = CIRCLE ( 'NONE', #5223, 4.000000000000000000 ) ;
#1977 = DIRECTION ( 'NONE',  ( -0.000000000000000000, -0.000000000000000000, 1.000000000000000000 ) ) ;
#1978 = ORIENTED_EDGE ( 'NONE', *, *, #2804, .T. ) ;
#1979 = CYLINDRICAL_SURFACE ( 'NONE', #3084, 34.00000000000000000 ) ;
#1980 = VERTEX_POINT ( 'NONE', #227 ) ;
#1981 = ORIENTED_EDGE ( 'NONE', *, *, #3275, .F. ) ;
#1982 = CARTESIAN_POINT ( 'NONE',  ( 0.000000000000000000, -23.00000000000000000, -20.95249999999998991 ) ) ;
#1983 = CARTESIAN_POINT ( 'NONE',  ( 0.000000000000000000, 0.000000000000000000, -16.45250000000001123 ) ) ;
#1984 = CARTESIAN_POINT ( 'NONE',  ( 6.738741432543389642, -25.11153846153841940, -20.95249999999998991 ) ) ;
#1985 = EDGE_CURVE ( 'NONE', #2074, #4493, #1513, .T. ) ;
#1986 = AXIS2_PLACEMENT_3D ( 'NONE', #3010, #5263, #2624 ) ;
#1987 = EDGE_LOOP ( 'NONE', ( #4441, #2455, #5628, #770 ) ) ;
#1988 = ORIENTED_EDGE ( 'NONE', *, *, #270, .T. ) ;
#1989 = ORIENTED_EDGE ( 'NONE', *, *, #3527, .T. ) ;
#1990 = LINE ( 'NONE', #1867, #281 ) ;
#1991 = CARTESIAN_POINT ( 'NONE',  ( 1.344663564817615731, -23.68912592284451435, -17.33138585588085334 ) ) ;
#1992 = DIRECTION ( 'NONE',  ( -1.000000000000000000, 0.000000000000000000, 0.000000000000000000 ) ) ;
#1993 = ORIENTED_EDGE ( 'NONE', *, *, #2804, .F. ) ;
#1994 = CARTESIAN_POINT ( 'NONE',  ( 26.30808609372701667, 21.96162966434000552, 6.250000000000005329 ) ) ;
#1995 = CARTESIAN_POINT ( 'NONE',  ( 21.92779127455988686, 1.053383365856968235, -18.71128157003681380 ) ) ;
#1996 = CIRCLE ( 'NONE', #5523, 32.50000000000000711 ) ;
#1997 = CARTESIAN_POINT ( 'NONE',  ( -25.59312562299426119, -16.24999999999999645, 12.06000000000000583 ) ) ;
#1998 = AXIS2_PLACEMENT_3D ( 'NONE', #4542, #5375, #1806 ) ;
#1999 = DIRECTION ( 'NONE',  ( 0.000000000000000000, 0.000000000000000000, -1.000000000000000000 ) ) ;
#2000 = CARTESIAN_POINT ( 'NONE',  ( -28.14582562299425561, -16.24999999999999645, 12.06000000000000583 ) ) ;
#2001 = CARTESIAN_POINT ( 'NONE',  ( -26.30808609372701667, -21.96162966434000552, 6.250000000000005329 ) ) ;
#2002 = AXIS2_PLACEMENT_3D ( 'NONE', #1687, #2566, #726 ) ;
#2003 = CARTESIAN_POINT ( 'NONE',  ( 22.75351108918743748, 13.58977115063912322, -15.17471821226348894 ) ) ;
#2004 = ORIENTED_EDGE ( 'NONE', *, *, #832, .F. ) ;
#2005 = CARTESIAN_POINT ( 'NONE',  ( 3.793061268006028275, 27.83873991251984492, -13.93406334752089570 ) ) ;
#2006 = ORIENTED_EDGE ( 'NONE', *, *, #1711, .T. ) ;
#2007 = VERTEX_POINT ( 'NONE', #4132 ) ;
#2008 = CARTESIAN_POINT ( 'NONE',  ( 0.000000000000000000, -23.00000000000000000, -20.95249999999998991 ) ) ;
#2009 = CARTESIAN_POINT ( 'NONE',  ( -27.62376811492645245, -20.71961474383085999, 19.45250000000001123 ) ) ;
#2010 = EDGE_CURVE ( 'NONE', #3460, #2206, #2935, .T. ) ;
#2011 = DIRECTION ( 'NONE',  ( -1.000000000000000000, 0.000000000000000000, 0.000000000000000000 ) ) ;
#2012 = EDGE_LOOP ( 'NONE', ( #3609, #4801, #4908, #4694, #4666, #70, #3462, #1049, #1498, #3000, #5733, #795, #4614, #3375, #5695, #3028, #633, #5633, #1144, #142, #5073, #4723, #658 ) ) ;
#2013 = ORIENTED_EDGE ( 'NONE', *, *, #707, .T. ) ;
#2014 = EDGE_LOOP ( 'NONE', ( #4076, #4533, #1763, #4776 ) ) ;
#2015 = ORIENTED_EDGE ( 'NONE', *, *, #4904, .F. ) ;
#2016 = VERTEX_POINT ( 'NONE', #3311 ) ;
#2017 = CARTESIAN_POINT ( 'NONE',  ( 34.14582562299425916, -16.24999999999999645, -23.22056274847715684 ) ) ;
#2018 = CARTESIAN_POINT ( 'NONE',  ( 1.470310569651714028, -23.34814001329175426, -17.59028546945207694 ) ) ;
#2019 = EDGE_CURVE ( 'NONE', #1980, #2788, #2070, .T. ) ;
#2020 = SHAPE_DEFINITION_REPRESENTATION ( #1252, #3597 ) ;
#2021 = DIRECTION ( 'NONE',  ( -1.000000000000000000, 0.000000000000000000, -0.000000000000000000 ) ) ;
#2022 = ORIENTED_EDGE ( 'NONE', *, *, #3677, .T. ) ;
#2023 = CARTESIAN_POINT ( 'NONE',  ( -21.49999999999914735, -9.663950455392047597E-14, -19.06361111111179696 ) ) ;
#2024 = DIRECTION ( 'NONE',  ( 0.000000000000000000, 0.000000000000000000, -1.000000000000000000 ) ) ;
#2025 = PRESENTATION_LAYER_ASSIGNMENT (  '', '', ( #2490 ) ) ;
#2026 = AXIS2_PLACEMENT_3D ( 'NONE', #1322, #1849, #5360 ) ;
#2027 = ADVANCED_FACE ( 'NONE', ( #1891 ), #1979, .T. ) ;
#2028 = CIRCLE ( 'NONE', #5453, 3.000000000000002665 ) ;
#2029 = CARTESIAN_POINT ( 'NONE',  ( -28.18246699267404409, 9.294671991464324989, -12.70513627312271332 ) ) ;
#2030 = EDGE_CURVE ( 'NONE', #5557, #801, #4206, .T. ) ;
#2031 = VERTEX_POINT ( 'NONE', #5113 ) ;
#2032 = AXIS2_PLACEMENT_3D ( 'NONE', #1168, #5507, #1528 ) ;
#2033 = DIRECTION ( 'NONE',  ( 0.000000000000000000, 0.000000000000000000, 1.000000000000000000 ) ) ;
#2034 = DIRECTION ( 'NONE',  ( -0.000000000000000000, -0.000000000000000000, 1.000000000000000000 ) ) ;
#2035 = CARTESIAN_POINT ( 'NONE',  ( 23.50404547112358244, 12.44318951212037483, -15.10166245346664304 ) ) ;
#2036 = PLANE ( 'NONE',  #5040 ) ;
#2037 = VERTEX_POINT ( 'NONE', #2787 ) ;
#2038 = ORIENTED_EDGE ( 'NONE', *, *, #884, .F. ) ;
#2039 = LINE ( 'NONE', #3100, #4229 ) ;
#2040 = CARTESIAN_POINT ( 'NONE',  ( 0.000000000000000000, 0.000000000000000000, 6.250000000000004441 ) ) ;
#2041 = CONICAL_SURFACE ( 'NONE', #5005, 2.552699999999994418, 1.029744258676652535 ) ;
#2042 = ORIENTED_EDGE ( 'NONE', *, *, #5231, .T. ) ;
#2043 = CONICAL_SURFACE ( 'NONE', #3338, 32.50000000000000711, 0.7853981633974506105 ) ;
#2044 = ORIENTED_EDGE ( 'NONE', *, *, #1464, .T. ) ;
#2045 = ORIENTED_EDGE ( 'NONE', *, *, #4332, .T. ) ;
#2046 = ORIENTED_EDGE ( 'NONE', *, *, #3968, .F. ) ;
#2047 = ORIENTED_EDGE ( 'NONE', *, *, #1369, .T. ) ;
#2048 = EDGE_CURVE ( 'NONE', #3543, #4037, #1696, .T. ) ;
#2049 = DIRECTION ( 'NONE',  ( 0.000000000000000000, 0.000000000000000000, -1.000000000000000000 ) ) ;
#2050 = CARTESIAN_POINT ( 'NONE',  ( 1.500000000002858380, -23.17482432250877622, -17.72325511145331944 ) ) ;
#2051 = APPLICATION_PROTOCOL_DEFINITION ( 'draft international standard', 'automotive_design', 1998, #4301 ) ;
#2052 = FACE_OUTER_BOUND ( 'NONE', #4901, .T. ) ;
#2053 = EDGE_CURVE ( 'NONE', #4255, #851, #4766, .T. ) ;
#2054 = ORIENTED_EDGE ( 'NONE', *, *, #3365, .F. ) ;
#2055 = CARTESIAN_POINT ( 'NONE',  ( -21.86284791297527619, -0.9833365139777880959, -18.76431177934636096 ) ) ;
#2056 = AXIS2_PLACEMENT_3D ( 'NONE', #62, #5414, #3672 ) ;
#2057 = DIRECTION ( 'NONE',  ( -1.000000000000000000, 0.000000000000000000, 0.000000000000000000 ) ) ;
#2058 = CIRCLE ( 'NONE', #2228, 29.39999999999999503 ) ;
#2059 = DIRECTION ( 'NONE',  ( 1.000000000000000000, 1.734723475976806503E-15, 0.000000000000000000 ) ) ;
#2060 = ORIENTED_EDGE ( 'NONE', *, *, #1655, .F. ) ;
#2061 = AXIS2_PLACEMENT_3D ( 'NONE', #2189, #3555, #3526 ) ;
#2062 = FACE_OUTER_BOUND ( 'NONE', #3313, .T. ) ;
#2063 = AXIS2_PLACEMENT_3D ( 'NONE', #787, #1190, #2078 ) ;
#2064 = DIRECTION ( 'NONE',  ( 0.000000000000000000, 0.000000000000000000, 1.000000000000000000 ) ) ;
#2065 = AXIS2_PLACEMENT_3D ( 'NONE', #1071, #4221, #1489 ) ;
#2066 = CARTESIAN_POINT ( 'NONE',  ( 7.589415207398531038E-16, 0.000000000000000000, 6.250000000000003553 ) ) ;
#2067 = VERTEX_POINT ( 'NONE', #4569 ) ;
#2068 = CARTESIAN_POINT ( 'NONE',  ( 28.14582562299425916, 16.25000000000000000, -6.249999999999993783 ) ) ;
#2069 = CARTESIAN_POINT ( 'NONE',  ( 0.000000000000000000, 23.00000000000000000, -10.07749999999998458 ) ) ;
#2070 = CIRCLE ( 'NONE', #3271, 4.000000000000000000 ) ;
#2071 = AXIS2_PLACEMENT_3D ( 'NONE', #5511, #3337, #1534 ) ;
#2072 = EDGE_CURVE ( 'NONE', #2740, #3822, #3175, .T. ) ;
#2073 = DIRECTION ( 'NONE',  ( 0.000000000000000000, 0.000000000000000000, -1.000000000000000000 ) ) ;
#2074 = VERTEX_POINT ( 'NONE', #3688 ) ;
#2075 = ORIENTED_EDGE ( 'NONE', *, *, #3771, .F. ) ;
#2076 = EDGE_LOOP ( 'NONE', ( #5031, #810, #457, #3903, #546, #4471 ) ) ;
#2077 = CARTESIAN_POINT ( 'NONE',  ( -32.50000000000000711, 0.000000000000000000, 19.45250000000001123 ) ) ;
#2078 = DIRECTION ( 'NONE',  ( -1.000000000000000000, 0.000000000000000000, 0.000000000000000000 ) ) ;
#2079 = EDGE_CURVE ( 'NONE', #1892, #2669, #602, .T. ) ;
#2080 =( LENGTH_UNIT ( ) NAMED_UNIT ( * ) SI_UNIT ( .MILLI., .METRE. ) );
#2081 = CARTESIAN_POINT ( 'NONE',  ( 28.14582562299425916, 16.25000000000000000, -23.22056274847715684 ) ) ;
#2082 = CIRCLE ( 'NONE', #2628, 19.00000000000000000 ) ;
#2083 = ORIENTED_EDGE ( 'NONE', *, *, #3868, .T. ) ;
#2084 = DIRECTION ( 'NONE',  ( -0.000000000000000000, -0.000000000000000000, 1.000000000000000000 ) ) ;
#2085 = LINE ( 'NONE', #2575, #1368 ) ;
#2086 = EDGE_CURVE ( 'NONE', #516, #4795, #4941, .T. ) ;
#2087 = CARTESIAN_POINT ( 'NONE',  ( 5.509104889761178292, -34.87692307692308447, -23.22056274847715684 ) ) ;
#2088 = VERTEX_POINT ( 'NONE', #1205 ) ;
#2089 = ORIENTED_EDGE ( 'NONE', *, *, #213, .T. ) ;
#2090 = LINE ( 'NONE', #3837, #786 ) ;
#2091 = AXIS2_PLACEMENT_3D ( 'NONE', #2537, #4719, #2969 ) ;
#2092 = EDGE_CURVE ( 'NONE', #957, #3816, #5302, .T. ) ;
#2093 = AXIS2_PLACEMENT_3D ( 'NONE', #344, #3018, #1202 ) ;
#2094 = CARTESIAN_POINT ( 'NONE',  ( 0.4399988614697007416, 21.56178140456666270, -19.01227297396664895 ) ) ;
#2095 = FACE_OUTER_BOUND ( 'NONE', #490, .T. ) ;
#2096 = ORIENTED_EDGE ( 'NONE', *, *, #4714, .T. ) ;
#2097 = CARTESIAN_POINT ( 'NONE',  ( 22.37785951953027563, 18.39169050088682056, -6.249999999999993783 ) ) ;
#2098 = DIRECTION ( 'NONE',  ( 0.08203342313868751401, 0.7023321988120371229, 0.7071067811865462405 ) ) ;
#2099 = ORIENTED_EDGE ( 'NONE', *, *, #3838, .T. ) ;
#2100 = DIRECTION ( 'NONE',  ( 1.000000000000000000, 0.000000000000000000, 0.000000000000000000 ) ) ;
#2101 = ORIENTED_EDGE ( 'NONE', *, *, #1280, .F. ) ;
#2102 = ORIENTED_EDGE ( 'NONE', *, *, #3596, .T. ) ;
#2103 = ORIENTED_EDGE ( 'NONE', *, *, #4649, .T. ) ;
#2104 = DIRECTION ( 'NONE',  ( 0.6492542376363499290, 0.2801230710085192976, -0.7071067811865461294 ) ) ;
#2105 = DIRECTION ( 'NONE',  ( -0.000000000000000000, -0.000000000000000000, -1.000000000000000000 ) ) ;
#2106 = CARTESIAN_POINT ( 'NONE',  ( 0.8256947746902236762, 24.27044149291155861, -16.89851983114226286 ) ) ;
#2107 = ORIENTED_EDGE ( 'NONE', *, *, #109, .T. ) ;
#2108 = LINE ( 'NONE', #5622, #3999 ) ;
#2109 = DIRECTION ( 'NONE',  ( -0.000000000000000000, -0.000000000000000000, -1.000000000000000000 ) ) ;
#2110 = CIRCLE ( 'NONE', #4519, 8.000000000000000000 ) ;
#2111 = DIRECTION ( 'NONE',  ( 0.000000000000000000, 0.000000000000000000, -1.000000000000000000 ) ) ;
#2112 = ORIENTED_EDGE ( 'NONE', *, *, #4982, .T. ) ;
#2113 = ORIENTED_EDGE ( 'NONE', *, *, #5735, .T. ) ;
#2114 = CIRCLE ( 'NONE', #157, 4.000000000000000000 ) ;
#2115 = AXIS2_PLACEMENT_3D ( 'NONE', #128, #1407, #4148 ) ;
#2116 = FACE_OUTER_BOUND ( 'NONE', #5069, .T. ) ;
#2117 = CONICAL_SURFACE ( 'NONE', #2860, 4.499999999999993783, 0.7853981633974503884 ) ;
#2118 = VECTOR ( 'NONE', #5002, 1000.000000000000000 ) ;
#2119 = EDGE_CURVE ( 'NONE', #4188, #4705, #4678, .T. ) ;
#2120 = AXIS2_PLACEMENT_3D ( 'NONE', #4785, #364, #53 ) ;
#2121 = CARTESIAN_POINT ( 'NONE',  ( -0.8275231650826535557, 21.74491434064756490, -18.86098611682280435 ) ) ;
#2122 = FACE_OUTER_BOUND ( 'NONE', #3086, .T. ) ;
#2123 = ORIENTED_EDGE ( 'NONE', *, *, #805, .F. ) ;
#2124 = CARTESIAN_POINT ( 'NONE',  ( 3.984302198030716898E-15, 32.50000000000000000, 12.06000000000000583 ) ) ;
#2125 = CARTESIAN_POINT ( 'NONE',  ( 24.13745419566106776, -0.9970388995612831096, -16.99654343678390944 ) ) ;
#2126 = ORIENTED_EDGE ( 'NONE', *, *, #681, .T. ) ;
#2127 = DIRECTION ( 'NONE',  ( 1.000000000000000000, 0.000000000000000000, 0.000000000000000000 ) ) ;
#2128 = ORIENTED_EDGE ( 'NONE', *, *, #4294, .T. ) ;
#2129 = VERTEX_POINT ( 'NONE', #5226 ) ;
#2130 = VERTEX_POINT ( 'NONE', #5197 ) ;
#2131 = ADVANCED_FACE ( 'NONE', ( #719 ), #2993, .F. ) ;
#2132 = CARTESIAN_POINT ( 'NONE',  ( -28.14582562299425561, -16.25000000000001066, -23.22056274847715684 ) ) ;
#2133 = DIRECTION ( 'NONE',  ( 1.000000000000000000, 0.000000000000000000, 0.000000000000000000 ) ) ;
#2134 = AXIS2_PLACEMENT_3D ( 'NONE', #1897, #86, #1490 ) ;
#2135 = CYLINDRICAL_SURFACE ( 'NONE', #4482, 6.000000000000012434 ) ;
#2136 = B_SPLINE_CURVE_WITH_KNOTS ( 'NONE', 3,
 ( #1305, #3958, #3518, #1362, #3082, #3932, #1720, #3467, #3547, #3576, #5340, #5238, #2645, #3136, #4417, #813, #891, #3055, #486, #5719, #2184, #1250, #1802, #4829, #26, #1277 ),
 .UNSPECIFIED., .F., .F.,
 ( 4, 2, 2, 2, 2, 2, 2, 2, 2, 2, 2, 2, 4 ),
 ( 0.002276879723715418205, 0.002859267328267080591, 0.003441654932818742976, 0.004606430141922053870, 0.005188817746473705847, 0.005771205351025358692, 0.006935980560128660044, 0.007518368164680308552, 0.008100755769231955325, 0.009265530978335250606, 0.009847918582886899114, 0.01043030618743854415, 0.01159508139654183596 ),
 .UNSPECIFIED. ) ;
#2137 = DIRECTION ( 'NONE',  ( 1.000000000000000000, 0.000000000000000000, 0.000000000000000000 ) ) ;
#2138 = DIRECTION ( 'NONE',  ( -0.000000000000000000, -0.000000000000000000, -1.000000000000000000 ) ) ;
#2139 = CARTESIAN_POINT ( 'NONE',  ( -30.69852562299423582, 16.25000000000000711, -6.249999999999994671 ) ) ;
#2140 = ORIENTED_EDGE ( 'NONE', *, *, #2746, .T. ) ;
#2141 = ORIENTED_EDGE ( 'NONE', *, *, #3365, .T. ) ;
#2142 = ADVANCED_FACE ( 'NONE', ( #1629 ), #3022, .F. ) ;
#2143 = FACE_OUTER_BOUND ( 'NONE', #1414, .T. ) ;
#2144 = ADVANCED_FACE ( 'NONE', ( #4244 ), #2036, .T. ) ;
#2145 = EDGE_CURVE ( 'NONE', #2960, #3630, #5252, .T. ) ;
#2146 = CARTESIAN_POINT ( 'NONE',  ( 1.468337605806498525, 22.64510214050340409, -18.13603506160931644 ) ) ;
#2147 = VECTOR ( 'NONE', #1386, 1000.000000000000114 ) ;
#2148 = DIRECTION ( 'NONE',  ( -0.000000000000000000, -0.000000000000000000, 1.000000000000000000 ) ) ;
#2149 = EDGE_LOOP ( 'NONE', ( #2445, #2047, #2325 ) ) ;
#2150 = AXIS2_PLACEMENT_3D ( 'NONE', #3938, #363, #2137 ) ;
#2151 = CARTESIAN_POINT ( 'NONE',  ( 7.775470883703717639, 28.97485207100592319, 0.000000000000000000 ) ) ;
#2152 = CYLINDRICAL_SURFACE ( 'NONE', #5300, 6.000000000000012434 ) ;
#2153 = ADVANCED_FACE ( 'NONE', ( #2095 ), #5574, .F. ) ;
#2154 = CONICAL_SURFACE ( 'NONE', #842, 4.499999999999993783, 0.7853981633974500554 ) ;
#2155 = ORIENTED_EDGE ( 'NONE', *, *, #418, .T. ) ;
#2156 = VERTEX_POINT ( 'NONE', #3402 ) ;
#2157 = ORIENTED_EDGE ( 'NONE', *, *, #1549, .F. ) ;
#2158 = VERTEX_POINT ( 'NONE', #5686 ) ;
#2159 = DIRECTION ( 'NONE',  ( 0.000000000000000000, 0.000000000000000000, 1.000000000000000000 ) ) ;
#2160 = LINE ( 'NONE', #4753, #752 ) ;
#2161 = AXIS2_PLACEMENT_3D ( 'NONE', #3712, #2814, #1478 ) ;
#2162 = CARTESIAN_POINT ( 'NONE',  ( 0.2173771714711477121, 24.48824816066803223, -16.73885242774363746 ) ) ;
#2163 = AXIS2_PLACEMENT_3D ( 'NONE', #4303, #321, #2967 ) ;
#2164 = LINE ( 'NONE', #5291, #2215 ) ;
#2165 = CARTESIAN_POINT ( 'NONE',  ( 5.865286150960843159, -33.76428571428571956, 6.250000000000005329 ) ) ;
#2166 = DIRECTION ( 'NONE',  ( 0.000000000000000000, -0.000000000000000000, 1.000000000000000000 ) ) ;
#2167 = AXIS2_PLACEMENT_3D ( 'NONE', #3565, #2224, #4057 ) ;
#2168 = DIRECTION ( 'NONE',  ( 1.000000000000000000, 0.000000000000000000, 0.000000000000000000 ) ) ;
#2169 = ORIENTED_EDGE ( 'NONE', *, *, #2616, .F. ) ;
#2170 = EDGE_CURVE ( 'NONE', #5101, #3223, #1599, .T. ) ;
#2171 = DIRECTION ( 'NONE',  ( -1.000000000000000000, -1.776356839400250267E-15, 0.000000000000000000 ) ) ;
#2172 = CARTESIAN_POINT ( 'NONE',  ( 27.62376811492645956, -20.71961474383084578, 19.45250000000001123 ) ) ;
#2173 = CARTESIAN_POINT ( 'NONE',  ( -22.14213697170831807, 1.245369850125199518, -18.53720855691624081 ) ) ;
#2174 = VERTEX_POINT ( 'NONE', #5632 ) ;
#2175 = DIRECTION ( 'NONE',  ( 1.000000000000000000, 0.000000000000000000, 0.000000000000000000 ) ) ;
#2176 = EDGE_CURVE ( 'NONE', #2156, #3112, #1224, .T. ) ;
#2177 = CARTESIAN_POINT ( 'NONE',  ( 22.13966988990464202, -1.243412658808135562, -18.53920608910197032 ) ) ;
#2178 = AXIS2_PLACEMENT_3D ( 'NONE', #3779, #3432, #5117 ) ;
#2179 = ORIENTED_EDGE ( 'NONE', *, *, #2601, .T. ) ;
#2180 = ORIENTED_EDGE ( 'NONE', *, *, #3826, .T. ) ;
#2181 = EDGE_CURVE ( 'NONE', #5679, #1381, #2246, .T. ) ;
#2182 = EDGE_LOOP ( 'NONE', ( #1170, #88, #1538, #4820 ) ) ;
#2183 = ORIENTED_EDGE ( 'NONE', *, *, #2966, .F. ) ;
#2184 = CARTESIAN_POINT ( 'NONE',  ( 22.16035400455355386, -15.79520058939557359, -14.62017571105133307 ) ) ;
#2185 = CARTESIAN_POINT ( 'NONE',  ( 0.000000000000000000, 0.000000000000000000, 19.45250000000001123 ) ) ;
#2186 = DIRECTION ( 'NONE',  ( 0.000000000000000000, 0.000000000000000000, 1.000000000000000000 ) ) ;
#2187 = EDGE_CURVE ( 'NONE', #547, #3483, #1975, .T. ) ;
#2188 = LINE ( 'NONE', #3610, #5099 ) ;
#2189 = CARTESIAN_POINT ( 'NONE',  ( -28.14582562299425561, 16.25000000000001066, -6.249999999999992006 ) ) ;
#2190 = DIRECTION ( 'NONE',  ( -1.000000000000000000, 0.000000000000000000, 0.000000000000000000 ) ) ;
#2191 = ORIENTED_EDGE ( 'NONE', *, *, #500, .T. ) ;
#2192 = ADVANCED_FACE ( 'NONE', ( #2503 ), #1700, .F. ) ;
#2193 = CARTESIAN_POINT ( 'NONE',  ( 32.95885383533170909, 12.66743675181527884, 17.95250000000002544 ) ) ;
#2194 = CIRCLE ( 'NONE', #2576, 8.000000000000000000 ) ;
#2195 = CIRCLE ( 'NONE', #352, 4.000000000000000000 ) ;
#2196 = LINE ( 'NONE', #3652, #257 ) ;
#2197 = CARTESIAN_POINT ( 'NONE',  ( -24.49999999999999645, 0.1127903156886983921, -16.73027777777775782 ) ) ;
#2198 = ORIENTED_EDGE ( 'NONE', *, *, #608, .T. ) ;
#2199 = FACE_OUTER_BOUND ( 'NONE', #3974, .T. ) ;
#2200 = CARTESIAN_POINT ( 'NONE',  ( 2.552699999999999747, 32.50000000000000000, 12.06000000000000583 ) ) ;
#2201 = AXIS2_PLACEMENT_3D ( 'NONE', #5372, #2791, #4572 ) ;
#2202 = VECTOR ( 'NONE', #5709, 1000.000000000000000 ) ;
#2203 = CARTESIAN_POINT ( 'NONE',  ( 22.17463607586695318, 16.86216182952691511, -14.11900392892972711 ) ) ;
#2204 = VERTEX_POINT ( 'NONE', #800 ) ;
#2205 = DIRECTION ( 'NONE',  ( 0.000000000000000000, 0.000000000000000000, -1.000000000000000000 ) ) ;
#2206 = VERTEX_POINT ( 'NONE', #289 ) ;
#2207 = ORIENTED_EDGE ( 'NONE', *, *, #3644, .T. ) ;
#2208 = DIRECTION ( 'NONE',  ( -1.000000000000000000, 0.000000000000000000, 0.000000000000000000 ) ) ;
#2209 = CARTESIAN_POINT ( 'NONE',  ( -22.37419126972478978, -18.62562185909152745, -13.14324531440265709 ) ) ;
#2210 = ADVANCED_FACE ( 'NONE', ( #2122, #1680 ), #1321, .T. ) ;
#2211 = ORIENTED_EDGE ( 'NONE', *, *, #1114, .T. ) ;
#2212 = LINE ( 'NONE', #2, #4442 ) ;
#2213 = EDGE_CURVE ( 'NONE', #2366, #2528, #1180, .T. ) ;
#2214 = DIRECTION ( 'NONE',  ( 0.000000000000000000, 0.000000000000000000, -1.000000000000000000 ) ) ;
#2215 = VECTOR ( 'NONE', #1838, 1000.000000000000000 ) ;
#2216 = LINE ( 'NONE', #1344, #3009 ) ;
#2217 = ORIENTED_EDGE ( 'NONE', *, *, #4525, .F. ) ;
#2218 = AXIS2_PLACEMENT_3D ( 'NONE', #4916, #928, #1371 ) ;
#2219 = DIRECTION ( 'NONE',  ( -0.000000000000000000, -0.000000000000000000, -1.000000000000000000 ) ) ;
#2220 = ADVANCED_FACE ( 'NONE', ( #1707 ), #5390, .F. ) ;
#2221 = CARTESIAN_POINT ( 'NONE',  ( -22.14582562299429469, 15.94946266947598978, -14.55999076971129114 ) ) ;
#2222 = EDGE_CURVE ( 'NONE', #4031, #2074, #3466, .T. ) ;
#2223 = DIRECTION ( 'NONE',  ( 0.000000000000000000, 0.000000000000000000, -1.000000000000000000 ) ) ;
#2224 = DIRECTION ( 'NONE',  ( -0.000000000000000000, -0.000000000000000000, -1.000000000000000000 ) ) ;
#2225 = ORIENTED_EDGE ( 'NONE', *, *, #1662, .T. ) ;
#2226 = CYLINDRICAL_SURFACE ( 'NONE', #3479, 5.999999999999994671 ) ;
#2227 = DIRECTION ( 'NONE',  ( -0.000000000000000000, -0.000000000000000000, 1.000000000000000000 ) ) ;
#2228 = AXIS2_PLACEMENT_3D ( 'NONE', #169, #631, #4215 ) ;
#2229 = CARTESIAN_POINT ( 'NONE',  ( -30.86536794150043406, 10.87615512772294402, 19.45250000000001123 ) ) ;
#2230 = AXIS2_PLACEMENT_3D ( 'NONE', #4948, #5010, #1495 ) ;
#2231 = EDGE_LOOP ( 'NONE', ( #5654, #5649, #2038, #1358 ) ) ;
#2232 = DIRECTION ( 'NONE',  ( -0.000000000000000000, -0.000000000000000000, 1.000000000000000000 ) ) ;
#2233 = ORIENTED_EDGE ( 'NONE', *, *, #2322, .T. ) ;
#2234 = ORIENTED_EDGE ( 'NONE', *, *, #3561, .T. ) ;
#2235 = AXIS2_PLACEMENT_3D ( 'NONE', #4291, #3299, #3854 ) ;
#2236 = DIRECTION ( 'NONE',  ( -1.000000000000000000, 0.000000000000000000, 0.000000000000000000 ) ) ;
#2237 = CARTESIAN_POINT ( 'NONE',  ( 0.000000000000000000, 0.000000000000000000, 0.000000000000000000 ) ) ;
#2238 = AXIS2_PLACEMENT_3D ( 'NONE', #150, #5097, #4259 ) ;
#2239 = DIRECTION ( 'NONE',  ( 1.000000000000000000, 0.000000000000000000, 0.000000000000000000 ) ) ;
#2240 = EDGE_LOOP ( 'NONE', ( #1608, #5569, #201, #5668 ) ) ;
#2241 = CIRCLE ( 'NONE', #5495, 3.000000000000002665 ) ;
#2242 = EDGE_CURVE ( 'NONE', #2944, #2669, #2082, .T. ) ;
#2243 = DIRECTION ( 'NONE',  ( 1.000000000000000000, 0.000000000000000000, 0.000000000000000000 ) ) ;
#2244 = DIRECTION ( 'NONE',  ( -0.000000000000000000, -0.000000000000000000, -1.000000000000000000 ) ) ;
#2245 = PLANE ( 'NONE',  #3724 ) ;
#2246 = CIRCLE ( 'NONE', #4474, 8.000000000000001776 ) ;
#2247 = CARTESIAN_POINT ( 'NONE',  ( -27.10171060685865640, -25.18922948766169156, 17.95250000000002544 ) ) ;
#2248 = ORIENTED_EDGE ( 'NONE', *, *, #5142, .T. ) ;
#2249 = AXIS2_PLACEMENT_3D ( 'NONE', #3021, #718, #4271 ) ;
#2250 = EDGE_CURVE ( 'NONE', #3756, #3543, #5277, .T. ) ;
#2251 = DIRECTION ( 'NONE',  ( -1.000000000000000000, 0.000000000000000000, 0.000000000000000000 ) ) ;
#2252 = CARTESIAN_POINT ( 'NONE',  ( -24.48668435570685986, 11.48498042554469301, -14.75082414145489373 ) ) ;
#2253 = CARTESIAN_POINT ( 'NONE',  ( -28.14582562299425206, 16.25000000000000711, 13.59381690219166217 ) ) ;
#2254 = CARTESIAN_POINT ( 'NONE',  ( -24.13308536462202625, 0.9881796893729237752, -17.00003877172012423 ) ) ;
#2255 = ORIENTED_EDGE ( 'NONE', *, *, #224, .T. ) ;
#2256 = ADVANCED_FACE ( 'NONE', ( #448 ), #945, .F. ) ;
#2257 = CARTESIAN_POINT ( 'NONE',  ( -5.875955319768740637, 29.02098908743137429, -12.75623029306150436 ) ) ;
#2258 = PLANE ( 'NONE',  #4933 ) ;
#2259 = DIRECTION ( 'NONE',  ( 0.000000000000000000, -0.000000000000000000, 1.000000000000000000 ) ) ;
#2260 = ORIENTED_EDGE ( 'NONE', *, *, #4414, .F. ) ;
#2261 = CARTESIAN_POINT ( 'NONE',  ( -23.16538544915078646, -1.501183978980378253, -17.73052117942622274 ) ) ;
#2262 = ORIENTED_EDGE ( 'NONE', *, *, #838, .F. ) ;
#2263 = ORIENTED_EDGE ( 'NONE', *, *, #4608, .T. ) ;
#2264 = CARTESIAN_POINT ( 'NONE',  ( 26.32829082044181490, 10.53190877639176293, -6.249999999999993783 ) ) ;
#2265 = CARTESIAN_POINT ( 'NONE',  ( 13.68566768557530189, -35.45000000000000995, 0.000000000000000000 ) ) ;
#2266 = EDGE_CURVE ( 'NONE', #1223, #5305, #5224, .T. ) ;
#2267 = CARTESIAN_POINT ( 'NONE',  ( 5.865286150960846712, 33.76428571428571956, -23.22056274847715684 ) ) ;
#2268 = AXIS2_PLACEMENT_3D ( 'NONE', #4495, #4092, #2351 ) ;
#2269 = EDGE_CURVE ( 'NONE', #5220, #3298, #912, .T. ) ;
#2270 = AXIS2_PLACEMENT_3D ( 'NONE', #4577, #1366, #583 ) ;
#2271 = B_SPLINE_CURVE_WITH_KNOTS ( 'NONE', 3,
 ( #4393, #303, #761, #5720, #3083, #2547, #2697, #487, #2761, #5403, #2209, #3195, #3605, #981 ),
 .UNSPECIFIED., .F., .F.,
 ( 4, 2, 2, 2, 2, 2, 4 ),
 ( 0.000000000000000000, 0.001057616366208106963, 0.001586424549312155999, 0.002115232732416205252, 0.002644040915520254071, 0.003172849098624303758, 0.004230465464832392289 ),
 .UNSPECIFIED. ) ;
#2272 = FACE_OUTER_BOUND ( 'NONE', #4297, .T. ) ;
#2273 = AXIS2_PLACEMENT_3D ( 'NONE', #4653, #4299, #222 ) ;
#2274 = ORIENTED_EDGE ( 'NONE', *, *, #3302, .T. ) ;
#2275 = DIRECTION ( 'NONE',  ( -0.000000000000000000, -0.000000000000000000, 1.000000000000000000 ) ) ;
#2276 = DIRECTION ( 'NONE',  ( 1.000000000000000000, -2.664535259100375697E-15, 0.000000000000000000 ) ) ;
#2277 = DIRECTION ( 'NONE',  ( 1.000000000000000000, 0.000000000000000000, 0.000000000000000000 ) ) ;
#2278 = AXIS2_PLACEMENT_3D ( 'NONE', #5202, #4335, #355 ) ;
#2279 = CARTESIAN_POINT ( 'NONE',  ( -31.75559678224734839, -13.56307756386147467, 19.45250000000001123 ) ) ;
#2280 = EDGE_LOOP ( 'NONE', ( #4234, #4660, #5172, #5152 ) ) ;
#2281 = DIRECTION ( 'NONE',  ( -0.000000000000000000, -0.000000000000000000, 1.000000000000000000 ) ) ;
#2282 = DIRECTION ( 'NONE',  ( -0.000000000000000000, -0.000000000000000000, 1.000000000000000000 ) ) ;
#2283 = CARTESIAN_POINT ( 'NONE',  ( -22.81819946326693582, 13.47544206754739626, -15.17580697166182091 ) ) ;
#2284 = DIRECTION ( 'NONE',  ( -1.000000000000000000, 0.000000000000000000, 0.000000000000000000 ) ) ;
#2285 = CARTESIAN_POINT ( 'NONE',  ( -21.55200756382243199, 0.4449204196239615050, -19.02023101083357659 ) ) ;
#2286 = ORIENTED_EDGE ( 'NONE', *, *, #4465, .F. ) ;
#2287 = CARTESIAN_POINT ( 'NONE',  ( -4.943166056393485164, 28.68942895825946948, -13.14324531440266419 ) ) ;
#2288 = CYLINDRICAL_SURFACE ( 'NONE', #4202, 8.000000000000000000 ) ;
#2289 = DIRECTION ( 'NONE',  ( -1.000000000000000000, 0.000000000000000000, 0.000000000000000000 ) ) ;
#2290 = DIRECTION ( 'NONE',  ( 1.000000000000000000, 0.000000000000000000, 0.000000000000000000 ) ) ;
#2291 = ORIENTED_EDGE ( 'NONE', *, *, #1841, .T. ) ;
#2292 = CARTESIAN_POINT ( 'NONE',  ( -26.30808609372701667, -21.96162966434000552, -6.249999999999992006 ) ) ;
#2293 = ORIENTED_EDGE ( 'NONE', *, *, #4260, .T. ) ;
#2294 = ORIENTED_EDGE ( 'NONE', *, *, #3162, .F. ) ;
#2295 = DIRECTION ( 'NONE',  ( 0.000000000000000000, 0.000000000000000000, 1.000000000000000000 ) ) ;
#2297 = CIRCLE ( 'NONE', #252, 19.00000000000000000 ) ;
#2296 = CARTESIAN_POINT ( 'NONE',  ( -32.95885383533170199, -12.66743675181530193, 6.250000000000005329 ) ) ;
#2298 = EDGE_CURVE ( 'NONE', #2686, #246, #3089, .T. ) ;
#2299 = CARTESIAN_POINT ( 'NONE',  ( 22.35567087782995799, 18.88397863845310098, -13.02561040115511659 ) ) ;
#2300 = AXIS2_PLACEMENT_3D ( 'NONE', #738, #2024, #1619 ) ;
#2301 = ADVANCED_FACE ( 'NONE', ( #4958 ), #3152, .T. ) ;
#2302 = DIRECTION ( 'NONE',  ( 1.000000000000000000, 0.000000000000000000, 0.000000000000000000 ) ) ;
#2303 = EDGE_LOOP ( 'NONE', ( #4263, #3514, #462, #3403 ) ) ;
#2304 = CIRCLE ( 'NONE', #1656, 4.499999999999990230 ) ;
#2305 = CARTESIAN_POINT ( 'NONE',  ( 0.000000000000000000, 0.000000000000000000, -12.45249999999997748 ) ) ;
#2306 = CARTESIAN_POINT ( 'NONE',  ( -30.69852562299425003, -16.24999999999999645, 12.06000000000000583 ) ) ;
#2307 = CARTESIAN_POINT ( 'NONE',  ( -27.10171060685865640, -25.18922948766169156, 6.250000000000003553 ) ) ;
#2308 = CARTESIAN_POINT ( 'NONE',  ( 24.50000000000000000, 0.000000000000000000, -20.95249999999998991 ) ) ;
#2309 = VERTEX_POINT ( 'NONE', #4492 ) ;
#2310 = EDGE_LOOP ( 'NONE', ( #709, #421 ) ) ;
#2311 = DIRECTION ( 'NONE',  ( 0.000000000000000000, 0.000000000000000000, 1.000000000000000000 ) ) ;
#2312 = AXIS2_PLACEMENT_3D ( 'NONE', #607, #3723, #5493 ) ;
#2313 = DIRECTION ( 'NONE',  ( -0.000000000000000000, -0.000000000000000000, 1.000000000000000000 ) ) ;
#2314 = FACE_OUTER_BOUND ( 'NONE', #404, .T. ) ;
#2315 = ADVANCED_FACE ( 'NONE', ( #507 ), #69, .F. ) ;
#2316 = CIRCLE ( 'NONE', #452, 6.000000000000001776 ) ;
#2317 = CARTESIAN_POINT ( 'NONE',  ( 23.85776672137069454, 29.57713588345999867, 0.000000000000000000 ) ) ;
#2318 = DIRECTION ( 'NONE',  ( -0.000000000000000000, -0.000000000000000000, -1.000000000000000000 ) ) ;
#2319 = ADVANCED_FACE ( 'NONE', ( #1735 ), #3844, .T. ) ;
#2320 = CARTESIAN_POINT ( 'NONE',  ( 4.131828667320896820, 34.28269230769231513, 19.45250000000001123 ) ) ;
#2321 = DIRECTION ( 'NONE',  ( 1.000000000000000000, 0.000000000000000000, 0.000000000000000000 ) ) ;
#2322 = EDGE_CURVE ( 'NONE', #3853, #699, #2353, .T. ) ;
#2323 = DIRECTION ( 'NONE',  ( 0.000000000000000000, 0.000000000000000000, -1.000000000000000000 ) ) ;
#2324 = DIRECTION ( 'NONE',  ( -0.1579267064520844255, 0.6892453520983623516, 0.7071067811865486830 ) ) ;
#2325 = ORIENTED_EDGE ( 'NONE', *, *, #5664, .T. ) ;
#2326 = CARTESIAN_POINT ( 'NONE',  ( 29.00000000000000000, 0.000000000000000000, 0.000000000000000000 ) ) ;
#2327 = ORIENTED_EDGE ( 'NONE', *, *, #437, .F. ) ;
#2328 = VERTEX_POINT ( 'NONE', #3098 ) ;
#2329 = AXIS2_PLACEMENT_3D ( 'NONE', #4763, #2111, #5217 ) ;
#2330 = CARTESIAN_POINT ( 'NONE',  ( 0.000000000000000000, 0.000000000000000000, 19.05250000000001265 ) ) ;
#2331 = CARTESIAN_POINT ( 'NONE',  ( -0.7807131518408563231, -26.54779589786436489, -15.12917304405977070 ) ) ;
#2332 = EDGE_CURVE ( 'NONE', #4879, #5101, #856, .T. ) ;
#2333 = CARTESIAN_POINT ( 'NONE',  ( -28.14582562299425561, 16.25000000000001066, 6.250000000000005329 ) ) ;
#2334 = AXIS2_PLACEMENT_3D ( 'NONE', #5140, #2627, #4836 ) ;
#2335 = LINE ( 'NONE', #4108, #3295 ) ;
#2336 = ORIENTED_EDGE ( 'NONE', *, *, #3761, .T. ) ;
#2337 = LINE ( 'NONE', #3231, #1290 ) ;
#2338 = LINE ( 'NONE', #3232, #2532 ) ;
#2339 = EDGE_CURVE ( 'NONE', #3515, #4771, #3335, .T. ) ;
#2340 = CARTESIAN_POINT ( 'NONE',  ( -1.192622389734054720E-14, -32.50000000000000000, 12.06000000000000583 ) ) ;
#2341 = DIRECTION ( 'NONE',  ( 0.000000000000000000, 0.000000000000000000, -1.000000000000000000 ) ) ;
#2342 = ORIENTED_EDGE ( 'NONE', *, *, #3398, .T. ) ;
#2343 = ORIENTED_EDGE ( 'NONE', *, *, #2213, .T. ) ;
#2344 =( NAMED_UNIT ( * ) PLANE_ANGLE_UNIT ( ) SI_UNIT ( $, .RADIAN. ) );
#2345 = LINE ( 'NONE', #3560, #5185 ) ;
#2346 = AXIS2_PLACEMENT_3D ( 'NONE', #4439, #2232, #1010 ) ;
#2347 = CIRCLE ( 'NONE', #3085, 27.50000000000000000 ) ;
#2348 = CARTESIAN_POINT ( 'NONE',  ( -23.16058202420776979, 12.90709932488884348, -15.16403864040509220 ) ) ;
#2349 = ADVANCED_FACE ( 'NONE', ( #2812 ), #5020, .F. ) ;
#2350 = DIRECTION ( 'NONE',  ( 1.000000000000000000, 0.000000000000000000, 0.000000000000000000 ) ) ;
#2351 = DIRECTION ( 'NONE',  ( 1.000000000000000000, 0.000000000000000000, 0.000000000000000000 ) ) ;
#2352 = CARTESIAN_POINT ( 'NONE',  ( 7.593631064265411013, 33.14116424116424042, 17.95250000000002544 ) ) ;
#2353 = CIRCLE ( 'NONE', #215, 5.999999999999998224 ) ;
#2354 = CARTESIAN_POINT ( 'NONE',  ( 35.36536794150043761, 10.87615512772292092, 0.000000000000000000 ) ) ;
#2355 = VECTOR ( 'NONE', #4755, 1000.000000000000000 ) ;
#2356 = CARTESIAN_POINT ( 'NONE',  ( 0.000000000000000000, 0.000000000000000000, -6.249999999999993783 ) ) ;
#2357 = ORIENTED_EDGE ( 'NONE', *, *, #4358, .T. ) ;
#2358 = EDGE_CURVE ( 'NONE', #4329, #4245, #135, .T. ) ;
#2359 = CARTESIAN_POINT ( 'NONE',  ( 0.1960693084956252885, 26.49999789859329979, -15.17472422670867260 ) ) ;
#2360 = VERTEX_POINT ( 'NONE', #970 ) ;
#2361 = ORIENTED_EDGE ( 'NONE', *, *, #4401, .T. ) ;
#2362 = CARTESIAN_POINT ( 'NONE',  ( -28.98069340623909795, -7.753670723829444000, -12.45249999999997748 ) ) ;
#2363 = DIRECTION ( 'NONE',  ( 1.000000000000000000, 0.000000000000000000, 0.000000000000000000 ) ) ;
#2364 = CYLINDRICAL_SURFACE ( 'NONE', #368, 4.000000000000000000 ) ;
#2365 = EDGE_CURVE ( 'NONE', #1381, #5557, #2748, .T. ) ;
#2366 = VERTEX_POINT ( 'NONE', #4091 ) ;
#2367 = ORIENTED_EDGE ( 'NONE', *, *, #126, .T. ) ;
#2368 = DIRECTION ( 'NONE',  ( 0.000000000000000000, 0.000000000000000000, -1.000000000000000000 ) ) ;
#2369 = CIRCLE ( 'NONE', #5611, 2.552699999999995750 ) ;
#2370 = CARTESIAN_POINT ( 'NONE',  ( 1.057301712142190375, -24.06847280955673796, -17.04793121746006790 ) ) ;
#2371 = DIRECTION ( 'NONE',  ( -1.000000000000000000, 0.000000000000000000, 0.000000000000000000 ) ) ;
#2372 = FACE_OUTER_BOUND ( 'NONE', #4194, .T. ) ;
#2373 = CONICAL_SURFACE ( 'NONE', #134, 2.552699999999994418, 1.029744258676652535 ) ;
#2374 = EDGE_LOOP ( 'NONE', ( #4170, #4659, #704, #5490 ) ) ;
#2375 = EDGE_CURVE ( 'NONE', #4536, #865, #4526, .T. ) ;
#2376 = DIRECTION ( 'NONE',  ( -0.000000000000000000, -0.000000000000000000, 1.000000000000000000 ) ) ;
#2377 = VECTOR ( 'NONE', #3461, 1000.000000000000000 ) ;
#2378 = DIRECTION ( 'NONE',  ( 1.000000000000000000, 0.000000000000000000, 0.000000000000000000 ) ) ;
#2379 = CARTESIAN_POINT ( 'NONE',  ( -28.39106874445857898, 9.023565401048983858, -12.61573586163175165 ) ) ;
#2380 = EDGE_CURVE ( 'NONE', #5705, #4967, #2711, .T. ) ;
#2381 = CARTESIAN_POINT ( 'NONE',  ( 5.865286150960844047, -33.76428571428571956, -23.22056274847715684 ) ) ;
#2382 = CARTESIAN_POINT ( 'NONE',  ( -4.043244859525925605, 28.06692307692307864, -6.249999999999993783 ) ) ;
#2383 = DIRECTION ( 'NONE',  ( 1.000000000000000000, 0.000000000000000000, 0.000000000000000000 ) ) ;
#2384 = CARTESIAN_POINT ( 'NONE',  ( -30.86536794150043406, -10.87615512772294579, 19.45250000000001123 ) ) ;
#2385 = CARTESIAN_POINT ( 'NONE',  ( -2.552699999999991753, 32.50000000000000000, 12.06000000000000583 ) ) ;
#2386 = ORIENTED_EDGE ( 'NONE', *, *, #2339, .F. ) ;
#2387 = DIRECTION ( 'NONE',  ( 0.000000000000000000, 0.000000000000000000, -1.000000000000000000 ) ) ;
#2388 = ORIENTED_EDGE ( 'NONE', *, *, #3197, .F. ) ;
#2389 = VERTEX_POINT ( 'NONE', #4210 ) ;
#2390 = CARTESIAN_POINT ( 'NONE',  ( 0.000000000000000000, 0.000000000000000000, -19.05249999999998067 ) ) ;
#2391 = CARTESIAN_POINT ( 'NONE',  ( 0.000000000000000000, 0.000000000000000000, 0.000000000000000000 ) ) ;
#2392 = FACE_OUTER_BOUND ( 'NONE', #5318, .T. ) ;
#2393 = AXIS2_PLACEMENT_3D ( 'NONE', #3448, #5626, #2168 ) ;
#2394 = EDGE_CURVE ( 'NONE', #670, #173, #4858, .T. ) ;
#2395 = EDGE_LOOP ( 'NONE', ( #1066, #4416, #3169, #5564, #291, #756 ) ) ;
#2396 = AXIS2_PLACEMENT_3D ( 'NONE', #359, #2049, #4228 ) ;
#2397 = ORIENTED_EDGE ( 'NONE', *, *, #3333, .F. ) ;
#2398 = DIRECTION ( 'NONE',  ( -1.000000000000000000, 0.000000000000000000, 0.000000000000000000 ) ) ;
#2399 = DIRECTION ( 'NONE',  ( 1.000000000000000000, 0.000000000000000000, 0.000000000000000000 ) ) ;
#2400 = CIRCLE ( 'NONE', #622, 4.000000000000000000 ) ;
#2401 = AXIS2_PLACEMENT_3D ( 'NONE', #2583, #4376, #5683 ) ;
#2402 = EDGE_CURVE ( 'NONE', #5219, #933, #5684, .T. ) ;
#2403 = CIRCLE ( 'NONE', #161, 1.500000000000000444 ) ;
#2404 = CARTESIAN_POINT ( 'NONE',  ( -4.200100801819114721E-18, -32.50000000000000000, 6.250000000000005329 ) ) ;
#2405 = EDGE_CURVE ( 'NONE', #268, #1575, #4478, .T. ) ;
#2406 = VERTEX_POINT ( 'NONE', #1444 ) ;
#2407 = CONICAL_SURFACE ( 'NONE', #5553, 4.500000000000007105, 0.7853981633974500554 ) ;
#2408 = DIRECTION ( 'NONE',  ( -1.000000000000000000, 0.000000000000000000, 0.000000000000000000 ) ) ;
#2409 = DIRECTION ( 'NONE',  ( -0.000000000000000000, -0.000000000000000000, 1.000000000000000000 ) ) ;
#2410 = FACE_OUTER_BOUND ( 'NONE', #2149, .T. ) ;
#2411 = DIRECTION ( 'NONE',  ( 0.000000000000000000, 0.000000000000000000, -1.000000000000000000 ) ) ;
#2412 = ADVANCED_FACE ( 'NONE', ( #5509 ), #1971, .F. ) ;
#2413 = CARTESIAN_POINT ( 'NONE',  ( -0.9960942580442789795, -21.86226689390255373, -18.76446113582447595 ) ) ;
#2414 = DIRECTION ( 'NONE',  ( 0.000000000000000000, 0.000000000000000000, -1.000000000000000000 ) ) ;
#2415 = AXIS2_PLACEMENT_3D ( 'NONE', #817, #2275, #5728 ) ;
#2416 = DIRECTION ( 'NONE',  ( 0.000000000000000000, 0.000000000000000000, 1.000000000000000000 ) ) ;
#2417 = CARTESIAN_POINT ( 'NONE',  ( 0.000000000000000000, 0.000000000000000000, 19.45250000000001123 ) ) ;
#2418 = ORIENTED_EDGE ( 'NONE', *, *, #386, .F. ) ;
#2419 = DIRECTION ( 'NONE',  ( 0.000000000000000000, 0.000000000000000000, -1.000000000000000000 ) ) ;
#2420 = ORIENTED_EDGE ( 'NONE', *, *, #2269, .T. ) ;
#2421 = ORIENTED_EDGE ( 'NONE', *, *, #582, .T. ) ;
#2422 = VECTOR ( 'NONE', #2324, 1000.000000000000000 ) ;
#2423 = FACE_OUTER_BOUND ( 'NONE', #3674, .T. ) ;
#2424 = CYLINDRICAL_SURFACE ( 'NONE', #11, 30.00000000000000355 ) ;
#2425 = EDGE_CURVE ( 'NONE', #1460, #267, #3179, .T. ) ;
#2426 = CARTESIAN_POINT ( 'NONE',  ( -22.37785951953074104, 18.39169050088635871, -13.25680653369183837 ) ) ;
#2427 = ORIENTED_EDGE ( 'NONE', *, *, #4990, .T. ) ;
#2428 = ORIENTED_EDGE ( 'NONE', *, *, #4286, .T. ) ;
#2429 = ORIENTED_EDGE ( 'NONE', *, *, #2394, .F. ) ;
#2430 = DIRECTION ( 'NONE',  ( -1.000000000000000000, 0.000000000000000000, 0.000000000000000000 ) ) ;
#2431 = CARTESIAN_POINT ( 'NONE',  ( 30.00000000000000355, 0.000000000000000000, 0.000000000000000000 ) ) ;
#2432 = DIRECTION ( 'NONE',  ( -0.000000000000000000, -0.000000000000000000, 1.000000000000000000 ) ) ;
#2433 = ORIENTED_EDGE ( 'NONE', *, *, #1699, .T. ) ;
#2434 = FACE_OUTER_BOUND ( 'NONE', #3080, .T. ) ;
#2435 = CARTESIAN_POINT ( 'NONE',  ( -22.28504596091616108, 17.53501430053178822, -6.249999999999993783 ) ) ;
#2436 = AXIS2_PLACEMENT_3D ( 'NONE', #587, #31, #3323 ) ;
#2437 = FACE_OUTER_BOUND ( 'NONE', #3866, .T. ) ;
#2438 = EDGE_CURVE ( 'NONE', #1195, #4980, #5137, .T. ) ;
#2439 = DIRECTION ( 'NONE',  ( -0.000000000000000000, -0.000000000000000000, 1.000000000000000000 ) ) ;
#2440 = CIRCLE ( 'NONE', #1127, 17.50000000000000000 ) ;
#2441 = DIRECTION ( 'NONE',  ( -1.000000000000000000, 0.000000000000000000, 0.000000000000000000 ) ) ;
#2442 = CARTESIAN_POINT ( 'NONE',  ( 18.37785951953085828, -18.39169050088623791, -6.249999999999993783 ) ) ;
#2443 = ADVANCED_FACE ( 'NONE', ( #3768 ), #4991, .F. ) ;
#2444 = CARTESIAN_POINT ( 'NONE',  ( 22.26255193199567373, 15.05699579213639616, -14.88252092032038476 ) ) ;
#2445 = ORIENTED_EDGE ( 'NONE', *, *, #2145, .F. ) ;
#2446 = DIRECTION ( 'NONE',  ( 1.000000000000000000, 0.000000000000000000, 0.000000000000000000 ) ) ;
#2447 = VERTEX_POINT ( 'NONE', #5481 ) ;
#2448 = ORIENTED_EDGE ( 'NONE', *, *, #4885, .T. ) ;
#2449 = CARTESIAN_POINT ( 'NONE',  ( -34.14582562299425916, 16.25000000000001066, 17.95250000000002544 ) ) ;
#2450 = DIRECTION ( 'NONE',  ( -1.000000000000000000, 5.329070518200750605E-15, 0.000000000000000000 ) ) ;
#2451 = DIRECTION ( 'NONE',  ( 1.000000000000000000, -1.243449787580175325E-14, 0.000000000000000000 ) ) ;
#2452 = AXIS2_PLACEMENT_3D ( 'NONE', #1561, #2411, #5050 ) ;
#2453 = ORIENTED_EDGE ( 'NONE', *, *, #2358, .T. ) ;
#2454 = ORIENTED_EDGE ( 'NONE', *, *, #1833, .F. ) ;
#2455 = ORIENTED_EDGE ( 'NONE', *, *, #5598, .T. ) ;
#2456 = EDGE_CURVE ( 'NONE', #3537, #2037, #3243, .T. ) ;
#2457 = CARTESIAN_POINT ( 'NONE',  ( 0.000000000000000000, 0.000000000000000000, -16.95249999999998636 ) ) ;
#2458 = CARTESIAN_POINT ( 'NONE',  ( 0.8238623350066436313, -24.25755852950453573, -16.90807487452752511 ) ) ;
#2459 = CARTESIAN_POINT ( 'NONE',  ( -10.80447448861207604, 27.98684210526316463, 0.000000000000000000 ) ) ;
#2460 = EDGE_CURVE ( 'NONE', #3160, #1813, #567, .T. ) ;
#2461 = FACE_OUTER_BOUND ( 'NONE', #5115, .T. ) ;
#2462 = EDGE_LOOP ( 'NONE', ( #4141, #108, #4789, #725 ) ) ;
#2463 = CARTESIAN_POINT ( 'NONE',  ( 0.000000000000000000, 0.000000000000000000, -19.45249999999998280 ) ) ;
#2464 = CARTESIAN_POINT ( 'NONE',  ( 24.40311132569408059, 0.5411865346576355540, -16.80112383430780909 ) ) ;
#2465 = CIRCLE ( 'NONE', #1435, 19.40000000000001279 ) ;
#2466 = CARTESIAN_POINT ( 'NONE',  ( 22.28504596091570633, 17.53501430053232113, -13.73065561476731489 ) ) ;
#2467 = ORIENTED_EDGE ( 'NONE', *, *, #428, .F. ) ;
#2468 = DIRECTION ( 'NONE',  ( 0.000000000000000000, 0.000000000000000000, -1.000000000000000000 ) ) ;
#2469 = CARTESIAN_POINT ( 'NONE',  ( 1.376139464092756226, -22.29018128263959042, -18.41702369049339438 ) ) ;
#2470 = DIRECTION ( 'NONE',  ( 1.000000000000000000, 0.000000000000000000, 0.000000000000000000 ) ) ;
#2471 = AXIS2_PLACEMENT_3D ( 'NONE', #5714, #2617, #4387 ) ;
#2472 = EDGE_CURVE ( 'NONE', #4599, #4324, #3121, .T. ) ;
#2473 = CARTESIAN_POINT ( 'NONE',  ( 22.22778616076315572, 15.24430009143325293, -14.82280109448978678 ) ) ;
#2474 = DIRECTION ( 'NONE',  ( -1.000000000000000000, 0.000000000000000000, 0.000000000000000000 ) ) ;
#2475 = VERTEX_POINT ( 'NONE', #5451 ) ;
#2476 = ORIENTED_EDGE ( 'NONE', *, *, #2853, .T. ) ;
#2477 = CARTESIAN_POINT ( 'NONE',  ( -27.10171060685865640, 25.18922948766169512, 17.95250000000002544 ) ) ;
#2478 = CARTESIAN_POINT ( 'NONE',  ( -27.62376811492645245, -20.71961474383085999, 19.45250000000001123 ) ) ;
#2479 = EDGE_CURVE ( 'NONE', #4031, #2366, #3502, .T. ) ;
#2480 = EDGE_LOOP ( 'NONE', ( #5489, #3456, #2618, #1486, #5247, #2847, #5751, #2433 ) ) ;
#2481 = ORIENTED_EDGE ( 'NONE', *, *, #1328, .T. ) ;
#2482 = ORIENTED_EDGE ( 'NONE', *, *, #4600, .F. ) ;
#2483 = ORIENTED_EDGE ( 'NONE', *, *, #614, .T. ) ;
#2484 = ORIENTED_EDGE ( 'NONE', *, *, #5591, .T. ) ;
#2485 = EDGE_CURVE ( 'NONE', #4777, #4329, #685, .T. ) ;
#2486 = CARTESIAN_POINT ( 'NONE',  ( -23.45187322740301994, -12.50912772223618497, -15.11329705901251508 ) ) ;
#2487 = DIRECTION ( 'NONE',  ( 1.000000000000000000, 0.000000000000000000, 0.000000000000000000 ) ) ;
#2488 = AXIS2_PLACEMENT_3D ( 'NONE', #5485, #4498, #1037 ) ;
#2489 = FACE_OUTER_BOUND ( 'NONE', #919, .T. ) ;
#2490 = STYLED_ITEM ( 'NONE', ( #1027 ), #2525 ) ;
#2491 = ORIENTED_EDGE ( 'NONE', *, *, #2187, .F. ) ;
#2492 = CARTESIAN_POINT ( 'NONE',  ( -21.50000000000001421, -0.1117393604565057735, -19.06361111111107931 ) ) ;
#2493 = CARTESIAN_POINT ( 'NONE',  ( 23.16409722082066125, 1.501417441062838254, -17.73150922680576969 ) ) ;
#2494 = AXIS2_PLACEMENT_3D ( 'NONE', #506, #3535, #2284 ) ;
#2495 = CARTESIAN_POINT ( 'NONE',  ( 22.37785951953027563, 18.39169050088682056, -13.25680653369188988 ) ) ;
#2496 = ORIENTED_EDGE ( 'NONE', *, *, #1404, .T. ) ;
#2497 = ADVANCED_FACE ( 'NONE', ( #4683 ), #526, .F. ) ;
#2498 = LINE ( 'NONE', #317, #3297 ) ;
#2499 = DIRECTION ( 'NONE',  ( 1.000000000000000000, 0.000000000000000000, 0.000000000000000000 ) ) ;
#2500 = EDGE_CURVE ( 'NONE', #3220, #5122, #1174, .T. ) ;
#2501 = DIRECTION ( 'NONE',  ( 0.000000000000000000, 0.000000000000000000, -1.000000000000000000 ) ) ;
#2502 = EDGE_CURVE ( 'NONE', #3816, #957, #1831, .T. ) ;
#2503 = FACE_OUTER_BOUND ( 'NONE', #1375, .T. ) ;
#2504 = ORIENTED_EDGE ( 'NONE', *, *, #2743, .T. ) ;
#2505 = EDGE_LOOP ( 'NONE', ( #5739, #5124, #2774, #3081 ) ) ;
#2506 = CYLINDRICAL_SURFACE ( 'NONE', #5242, 1.500000000000000444 ) ;
#2507 = EDGE_CURVE ( 'NONE', #5290, #2031, #4175, .T. ) ;
#2508 = LINE ( 'NONE', #4276, #304 ) ;
#2509 = AXIS2_PLACEMENT_3D ( 'NONE', #2824, #146, #5467 ) ;
#2510 = AXIS2_PLACEMENT_3D ( 'NONE', #1461, #523, #2398 ) ;
#2511 = CYLINDRICAL_SURFACE ( 'NONE', #4236, 5.999999999999994671 ) ;
#2512 = ORIENTED_EDGE ( 'NONE', *, *, #1470, .F. ) ;
#2513 = EDGE_CURVE ( 'NONE', #4795, #2716, #5014, .T. ) ;
#2514 = VERTEX_POINT ( 'NONE', #2775 ) ;
#2515 = ORIENTED_EDGE ( 'NONE', *, *, #2507, .T. ) ;
#2516 = DIRECTION ( 'NONE',  ( -0.000000000000000000, -0.000000000000000000, -1.000000000000000000 ) ) ;
#2517 = DIRECTION ( 'NONE',  ( -0.000000000000000000, -0.000000000000000000, 1.000000000000000000 ) ) ;
#2518 = CARTESIAN_POINT ( 'NONE',  ( -0.9844242937129584758, 24.13627731869874893, -16.99767609419296477 ) ) ;
#2519 = ORIENTED_EDGE ( 'NONE', *, *, #4509, .F. ) ;
#2520 = EDGE_CURVE ( 'NONE', #2788, #3310, #1558, .T. ) ;
#2521 = DIRECTION ( 'NONE',  ( 0.000000000000000000, 0.000000000000000000, 1.000000000000000000 ) ) ;
#2522 = AXIS2_PLACEMENT_3D ( 'NONE', #1701, #5246, #4398 ) ;
#2523 = CARTESIAN_POINT ( 'NONE',  ( 21.55254304263053555, 0.4465431048279538961, -19.01978634538825474 ) ) ;
#2524 = AXIS2_PLACEMENT_3D ( 'NONE', #5084, #139, #1040 ) ;
#2525 = MANIFOLD_SOLID_BREP ( 'Chamfer7', #3204 ) ;
#2526 = LINE ( 'NONE', #2087, #4831 ) ;
#2527 = EDGE_LOOP ( 'NONE', ( #4884, #5680, #2198, #2798, #1055 ) ) ;
#2528 = VERTEX_POINT ( 'NONE', #2808 ) ;
#2529 = AXIS2_PLACEMENT_3D ( 'NONE', #4397, #2034, #1147 ) ;
#2530 = AXIS2_PLACEMENT_3D ( 'NONE', #1673, #4009, #5368 ) ;
#2531 = CARTESIAN_POINT ( 'NONE',  ( 25.59312562299427185, -16.24999999999999289, 12.06000000000000583 ) ) ;
#2532 = VECTOR ( 'NONE', #2800, 1000.000000000000114 ) ;
#2533 = CARTESIAN_POINT ( 'NONE',  ( -30.00000000000000355, 3.673940397442059178E-15, -12.45249999999997748 ) ) ;
#2534 = CIRCLE ( 'NONE', #1310, 2.552699999999987757 ) ;
#2535 = DIRECTION ( 'NONE',  ( 1.000000000000000000, 0.000000000000000000, 0.000000000000000000 ) ) ;
#2536 = ORIENTED_EDGE ( 'NONE', *, *, #2507, .F. ) ;
#2537 = CARTESIAN_POINT ( 'NONE',  ( 8.263657334641768770, -36.06538461538462315, 19.45250000000001123 ) ) ;
#2538 = CARTESIAN_POINT ( 'NONE',  ( 24.50000000000000000, -2.974865471069905409E-22, -16.73027777777775782 ) ) ;
#2539 = CIRCLE ( 'NONE', #473, 8.000000000000000000 ) ;
#2540 = VECTOR ( 'NONE', #4818, 999.9999999999998863 ) ;
#2541 = ORIENTED_EDGE ( 'NONE', *, *, #920, .T. ) ;
#2542 = ORIENTED_EDGE ( 'NONE', *, *, #389, .T. ) ;
#2543 = EDGE_LOOP ( 'NONE', ( #2428, #4638, #5278, #3251 ) ) ;
#2544 = ORIENTED_EDGE ( 'NONE', *, *, #870, .F. ) ;
#2545 = ORIENTED_EDGE ( 'NONE', *, *, #1434, .T. ) ;
#2546 = DIRECTION ( 'NONE',  ( -1.000000000000000000, 0.000000000000000000, 0.000000000000000000 ) ) ;
#2547 = CARTESIAN_POINT ( 'NONE',  ( -22.14065556078878672, -19.75939636124002519, -12.70513627312271154 ) ) ;
#2548 = ADVANCED_FACE ( 'NONE', ( #3269, #964 ), #4156, .T. ) ;
#2549 = CARTESIAN_POINT ( 'NONE',  ( -22.28504596091616108, 17.53501430053178822, -13.73065561476729357 ) ) ;
#2550 = EDGE_LOOP ( 'NONE', ( #1330, #432, #4251, #2046 ) ) ;
#2551 = CARTESIAN_POINT ( 'NONE',  ( 18.83507899055581092, 23.35037043431052339, 6.250000000000003553 ) ) ;
#2552 = FACE_OUTER_BOUND ( 'NONE', #2231, .T. ) ;
#2553 = ADVANCED_FACE ( 'NONE', ( #5443 ), #1939, .T. ) ;
#2554 = CARTESIAN_POINT ( 'NONE',  ( -26.32829082044201030, -10.53190877639136680, -20.95249999999998991 ) ) ;
#2555 = ORIENTED_EDGE ( 'NONE', *, *, #1699, .F. ) ;
#2556 = EDGE_LOOP ( 'NONE', ( #3283, #976, #63, #5585 ) ) ;
#2557 = B_SPLINE_CURVE_WITH_KNOTS ( 'NONE', 3,
 ( #4302, #1597, #2146, #1706, #3919, #320, #2992, #826, #2094, #1179, #1679, #2934, #3372, #396, #2121, #5196, #1628, #4713, #4769, #2610, #3481, #5143 ),
 .UNSPECIFIED., .F., .F.,
 ( 4, 2, 2, 2, 2, 2, 2, 2, 2, 2, 4 ),
 ( 0.007125345695296556384, 0.007794315778973304708, 0.008463285862650053032, 0.009132255946326800489, 0.009466740988165175952, 0.009801226030003549680, 0.01047019611368029887, 0.01080468115551867260, 0.01113916619735704633, 0.01180813628103379379, 0.01247710636471054471 ),
 .UNSPECIFIED. ) ;
#2558 = CARTESIAN_POINT ( 'NONE',  ( -23.85776672137069454, -29.57713588346000222, -6.249999999999993783 ) ) ;
#2559 = AXIS2_PLACEMENT_3D ( 'NONE', #3986, #1458, #4044 ) ;
#2560 = DIRECTION ( 'NONE',  ( 1.000000000000000000, 0.000000000000000000, 0.000000000000000000 ) ) ;
#2561 = DIRECTION ( 'NONE',  ( -1.000000000000000000, 0.000000000000000000, 0.000000000000000000 ) ) ;
#2562 = EDGE_LOOP ( 'NONE', ( #1520, #2099, #4383, #2233, #2759, #1012, #5114, #2974, #3046, #2342 ) ) ;
#2563 = DIRECTION ( 'NONE',  ( -1.000000000000000000, 0.000000000000000000, 0.000000000000000000 ) ) ;
#2564 = DIRECTION ( 'NONE',  ( 1.000000000000000000, 0.000000000000000000, 0.000000000000000000 ) ) ;
#2565 = ORIENTED_EDGE ( 'NONE', *, *, #1475, .F. ) ;
#2566 = DIRECTION ( 'NONE',  ( -0.000000000000000000, -0.000000000000000000, 1.000000000000000000 ) ) ;
#2567 = ORIENTED_EDGE ( 'NONE', *, *, #3644, .F. ) ;
#2568 = ORIENTED_EDGE ( 'NONE', *, *, #4025, .F. ) ;
#2569 = ORIENTED_EDGE ( 'NONE', *, *, #3428, .T. ) ;
#2570 = DIRECTION ( 'NONE',  ( -0.000000000000000000, -0.000000000000000000, 1.000000000000000000 ) ) ;
#2571 = CARTESIAN_POINT ( 'NONE',  ( 32.95885383533170909, 12.66743675181527884, -23.22056274847715684 ) ) ;
#2572 = EDGE_CURVE ( 'NONE', #4599, #2891, #4890, .T. ) ;
#2573 = CARTESIAN_POINT ( 'NONE',  ( -22.14582562299429114, 16.24999999999993960, -14.42170494256398428 ) ) ;
#2574 = FACE_OUTER_BOUND ( 'NONE', #3341, .T. ) ;
#2575 = CARTESIAN_POINT ( 'NONE',  ( 29.00000000000000000, 0.000000000000000000, 19.05250000000001265 ) ) ;
#2576 = AXIS2_PLACEMENT_3D ( 'NONE', #4183, #194, #1974 ) ;
#2577 = EDGE_CURVE ( 'NONE', #3347, #3003, #2195, .T. ) ;
#2578 = DIRECTION ( 'NONE',  ( 0.000000000000000000, 0.000000000000000000, -1.000000000000000000 ) ) ;
#2579 = ORIENTED_EDGE ( 'NONE', *, *, #681, .F. ) ;
#2580 = VERTEX_POINT ( 'NONE', #4051 ) ;
#2581 = AXIS2_PLACEMENT_3D ( 'NONE', #4953, #617, #1910 ) ;
#2582 = EDGE_CURVE ( 'NONE', #2943, #2389, #2587, .T. ) ;
#2583 = CARTESIAN_POINT ( 'NONE',  ( -23.85776672137069454, -29.57713588346000222, 0.000000000000000000 ) ) ;
#2584 = CIRCLE ( 'NONE', #2958, 1.500000000000001332 ) ;
#2585 = AXIS2_PLACEMENT_3D ( 'NONE', #3800, #4707, #4265 ) ;
#2586 = CARTESIAN_POINT ( 'NONE',  ( -18.37785951953074104, 18.39169050088635871, -20.95249999999998991 ) ) ;
#2587 = B_SPLINE_CURVE_WITH_KNOTS ( 'NONE', 3,
 ( #5046, #1527, #1845, #3616, #3646, #5416, #1438, #3208, #4983, #785, #1639, #2486, #1668, #1163, #5617, #3322, #4258, #5646, #273, #2977, #4313, #241 ),
 .UNSPECIFIED., .F., .F.,
 ( 4, 2, 2, 2, 2, 2, 2, 2, 2, 2, 4 ),
 ( 0.003726356871258531146, 0.004709947436918934978, 0.005693538002579334040, 0.006185333285409536606, 0.006677128568239740040, 0.007660719133900142572, 0.008152514416730346006, 0.008644309699560551175, 0.009627900265220966716, 0.01061149083088138226, 0.01159508139654179780 ),
 .UNSPECIFIED. ) ;
#2588 = CARTESIAN_POINT ( 'NONE',  ( 0.000000000000000000, 0.000000000000000000, -12.45249999999997748 ) ) ;
#2589 = VERTEX_POINT ( 'NONE', #4700 ) ;
#2590 = CARTESIAN_POINT ( 'NONE',  ( -28.14582562299428758, 16.24999999999993960, -20.95249999999998991 ) ) ;
#2591 = CARTESIAN_POINT ( 'NONE',  ( 24.40300022601073593, -0.5414212806641877096, -16.80120540658296235 ) ) ;
#2592 = LINE ( 'NONE', #5282, #968 ) ;
#2593 = ORIENTED_EDGE ( 'NONE', *, *, #1000, .F. ) ;
#2594 = ORIENTED_EDGE ( 'NONE', *, *, #4379, .F. ) ;
#2595 = ORIENTED_EDGE ( 'NONE', *, *, #347, .T. ) ;
#2596 = AXIS2_PLACEMENT_3D ( 'NONE', #4663, #665, #2451 ) ;
#2597 = LINE ( 'NONE', #839, #4722 ) ;
#2598 = DIRECTION ( 'NONE',  ( -1.000000000000000000, 0.000000000000000000, 0.000000000000000000 ) ) ;
#2599 = AXIS2_PLACEMENT_3D ( 'NONE', #3262, #5041, #5500 ) ;
#2600 = DIRECTION ( 'NONE',  ( -0.000000000000000000, -0.000000000000000000, 1.000000000000000000 ) ) ;
#2601 = EDGE_CURVE ( 'NONE', #4814, #4879, #3412, .T. ) ;
#2602 = DIRECTION ( 'NONE',  ( 0.000000000000000000, 0.000000000000000000, 1.000000000000000000 ) ) ;
#2603 = DIRECTION ( 'NONE',  ( -1.000000000000000000, 0.000000000000000000, 0.000000000000000000 ) ) ;
#2604 = DIRECTION ( 'NONE',  ( -1.000000000000000000, 0.000000000000000000, -0.000000000000000000 ) ) ;
#2605 = CARTESIAN_POINT ( 'NONE',  ( -18.83507899055581092, 23.35037043431053050, 6.250000000000003553 ) ) ;
#2606 = ORIENTED_EDGE ( 'NONE', *, *, #5664, .F. ) ;
#2607 = CARTESIAN_POINT ( 'NONE',  ( 24.90427461170795453, 23.14685952920264000, 17.95250000000002544 ) ) ;
#2608 = CIRCLE ( 'NONE', #2690, 4.500000000000007105 ) ;
#2609 = EDGE_CURVE ( 'NONE', #1234, #5461, #3007, .T. ) ;
#2610 = CARTESIAN_POINT ( 'NONE',  ( -1.469284452567252597, 22.64792293754001662, -18.13379900070437500 ) ) ;
#2611 = VECTOR ( 'NONE', #5396, 1000.000000000000114 ) ;
#2612 = CARTESIAN_POINT ( 'NONE',  ( -24.50000000000000000, 3.000384657918928138E-15, -16.73027777777775782 ) ) ;
#2613 = ORIENTED_EDGE ( 'NONE', *, *, #3909, .F. ) ;
#2614 = DIRECTION ( 'NONE',  ( 0.000000000000000000, 0.000000000000000000, -1.000000000000000000 ) ) ;
#2615 = CARTESIAN_POINT ( 'NONE',  ( 23.16062958086967427, -1.501672926016348386, -17.73418766287435488 ) ) ;
#2616 = EDGE_CURVE ( 'NONE', #5744, #1892, #2297, .T. ) ;
#2617 = DIRECTION ( 'NONE',  ( -0.000000000000000000, -0.000000000000000000, 1.000000000000000000 ) ) ;
#2618 = ORIENTED_EDGE ( 'NONE', *, *, #4375, .T. ) ;
#2619 = ORIENTED_EDGE ( 'NONE', *, *, #5405, .T. ) ;
#2620 = ORIENTED_EDGE ( 'NONE', *, *, #3787, .T. ) ;
#2621 = CARTESIAN_POINT ( 'NONE',  ( -35.36536794150043050, -10.87615512772294579, 17.95250000000002544 ) ) ;
#2622 = DIRECTION ( 'NONE',  ( -0.000000000000000000, -0.000000000000000000, 1.000000000000000000 ) ) ;
#2623 = VECTOR ( 'NONE', #4127, 1000.000000000000114 ) ;
#2624 = DIRECTION ( 'NONE',  ( 1.000000000000000000, -5.329070518200751394E-15, 0.000000000000000000 ) ) ;
#2625 = EDGE_CURVE ( 'NONE', #3872, #4803, #1270, .T. ) ;
#2626 = DIRECTION ( 'NONE',  ( 1.000000000000000000, 0.000000000000000000, 0.000000000000000000 ) ) ;
#2627 = DIRECTION ( 'NONE',  ( -0.000000000000000000, -0.000000000000000000, 1.000000000000000000 ) ) ;
#2628 = AXIS2_PLACEMENT_3D ( 'NONE', #4900, #4406, #3536 ) ;
#2629 = DIRECTION ( 'NONE',  ( 0.000000000000000000, 0.000000000000000000, 1.000000000000000000 ) ) ;
#2630 = VERTEX_POINT ( 'NONE', #331 ) ;
#2631 = DIRECTION ( 'NONE',  ( 0.000000000000000000, 0.000000000000000000, -1.000000000000000000 ) ) ;
#2632 = DIRECTION ( 'NONE',  ( -1.000000000000000000, 0.000000000000000000, 0.000000000000000000 ) ) ;
#2633 = CIRCLE ( 'NONE', #2091, 4.499999999999992006 ) ;
#2634 = DIRECTION ( 'NONE',  ( -1.000000000000000000, 0.000000000000000000, 0.000000000000000000 ) ) ;
#2635 = ORIENTED_EDGE ( 'NONE', *, *, #5327, .T. ) ;
#2636 = CARTESIAN_POINT ( 'NONE',  ( -5.865286150960844047, -33.76428571428571956, -23.22056274847715684 ) ) ;
#2637 = CARTESIAN_POINT ( 'NONE',  ( 27.44974894557051925, 22.20948632510779674, 6.250000000000005329 ) ) ;
#2638 = ADVANCED_FACE ( 'NONE', ( #5096 ), #701, .T. ) ;
#2639 = AXIS2_PLACEMENT_3D ( 'NONE', #1944, #5482, #1820 ) ;
#2640 = EDGE_CURVE ( 'NONE', #1575, #5285, #1189, .T. ) ;
#2641 = DIRECTION ( 'NONE',  ( 1.000000000000000000, 0.000000000000000000, 0.000000000000000000 ) ) ;
#2642 = VERTEX_POINT ( 'NONE', #3386 ) ;
#2643 = ORIENTED_EDGE ( 'NONE', *, *, #2092, .F. ) ;
#2644 = ORIENTED_EDGE ( 'NONE', *, *, #1141, .F. ) ;
#2645 = CARTESIAN_POINT ( 'NONE',  ( 23.14584259266395350, -12.91023305320800141, -15.17471821226344275 ) ) ;
#2646 = DIRECTION ( 'NONE',  ( -0.000000000000000000, -0.000000000000000000, 1.000000000000000000 ) ) ;
#2647 = ORIENTED_EDGE ( 'NONE', *, *, #2086, .F. ) ;
#2648 = CARTESIAN_POINT ( 'NONE',  ( 32.17337224468786872, 11.80265604994570694, 6.250000000000005329 ) ) ;
#2649 = LINE ( 'NONE', #441, #3997 ) ;
#2650 = DIRECTION ( 'NONE',  ( 1.000000000000000000, 0.000000000000000000, 0.000000000000000000 ) ) ;
#2651 = VERTEX_POINT ( 'NONE', #1106 ) ;
#2652 = CARTESIAN_POINT ( 'NONE',  ( 32.49790567597337088, -9.994304711961611076, 17.95250000000002544 ) ) ;
#2653 = CONICAL_SURFACE ( 'NONE', #5595, 32.50000000000000711, 0.7853981633974506105 ) ;
#2654 = AXIS2_PLACEMENT_3D ( 'NONE', #1288, #2578, #2190 ) ;
#2655 = CIRCLE ( 'NONE', #3965, 3.000000000000002665 ) ;
#2656 = CARTESIAN_POINT ( 'NONE',  ( -27.10171060685865640, 25.18922948766169512, 6.250000000000003553 ) ) ;
#2657 = CARTESIAN_POINT ( 'NONE',  ( 32.36536794150042340, -10.87615512772293158, 0.000000000000000000 ) ) ;
#2658 = ORIENTED_EDGE ( 'NONE', *, *, #2485, .T. ) ;
#2659 = CIRCLE ( 'NONE', #3506, 4.499999999999993783 ) ;
#2660 = DIRECTION ( 'NONE',  ( -0.000000000000000000, -0.000000000000000000, -1.000000000000000000 ) ) ;
#2661 = CYLINDRICAL_SURFACE ( 'NONE', #5590, 6.000000000000001776 ) ;
#2662 = AXIS2_PLACEMENT_3D ( 'NONE', #5061, #1070, #4631 ) ;
#2663 = CIRCLE ( 'NONE', #163, 2.552699999999990865 ) ;
#2664 = EDGE_CURVE ( 'NONE', #3488, #328, #3906, .T. ) ;
#2665 = LINE ( 'NONE', #2755, #2422 ) ;
#2666 = VERTEX_POINT ( 'NONE', #4779 ) ;
#2667 = CYLINDRICAL_SURFACE ( 'NONE', #2346, 1.500000000000000444 ) ;
#2668 = EDGE_LOOP ( 'NONE', ( #4602, #1601 ) ) ;
#2669 = VERTEX_POINT ( 'NONE', #2947 ) ;
#2670 = LINE ( 'NONE', #2696, #435 ) ;
#2671 = FACE_OUTER_BOUND ( 'NONE', #2480, .T. ) ;
#2672 = EDGE_CURVE ( 'NONE', #4011, #1610, #5560, .T. ) ;
#2673 = CARTESIAN_POINT ( 'NONE',  ( 22.28504596091627477, -17.53501430053164256, -6.249999999999993783 ) ) ;
#2674 = ORIENTED_EDGE ( 'NONE', *, *, #3304, .T. ) ;
#2675 = DIRECTION ( 'NONE',  ( 0.000000000000000000, 0.000000000000000000, -1.000000000000000000 ) ) ;
#2676 = LINE ( 'NONE', #3670, #3918 ) ;
#2677 = CARTESIAN_POINT ( 'NONE',  ( -6.037165062499012080, -29.05325125324503333, -12.70649441957943004 ) ) ;
#2678 = AXIS2_PLACEMENT_3D ( 'NONE', #580, #3694, #5522 ) ;
#2679 = DIRECTION ( 'NONE',  ( -0.000000000000000000, -0.000000000000000000, 1.000000000000000000 ) ) ;
#2680 = ORIENTED_EDGE ( 'NONE', *, *, #1787, .T. ) ;
#2681 = EDGE_CURVE ( 'NONE', #3853, #5204, #760, .T. ) ;
#2682 = LINE ( 'NONE', #2744, #717 ) ;
#2683 = FACE_OUTER_BOUND ( 'NONE', #405, .T. ) ;
#2684 = DIRECTION ( 'NONE',  ( -0.000000000000000000, -0.000000000000000000, 1.000000000000000000 ) ) ;
#2685 = DIRECTION ( 'NONE',  ( 1.000000000000000000, 0.000000000000000000, 0.000000000000000000 ) ) ;
#2686 = VERTEX_POINT ( 'NONE', #2077 ) ;
#2687 = CARTESIAN_POINT ( 'NONE',  ( -6.555478264112555742, 29.11118082654374106, -12.57719980360249856 ) ) ;
#2688 = LINE ( 'NONE', #4464, #1879 ) ;
#2689 = DIRECTION ( 'NONE',  ( 0.7893522173763264371, 0.000000000000000000, 0.6139406135149202415 ) ) ;
#2690 = AXIS2_PLACEMENT_3D ( 'NONE', #930, #2705, #2277 ) ;
#2691 = ORIENTED_EDGE ( 'NONE', *, *, #2019, .F. ) ;
#2692 = CARTESIAN_POINT ( 'NONE',  ( -24.31253516207889476, -0.7338372087928400900, -16.86762302863668594 ) ) ;
#2693 = ORIENTED_EDGE ( 'NONE', *, *, #3952, .F. ) ;
#2694 = EDGE_LOOP ( 'NONE', ( #5669, #4119, #1131, #1274 ) ) ;
#2695 = VECTOR ( 'NONE', #5132, 1000.000000000000000 ) ;
#2696 = CARTESIAN_POINT ( 'NONE',  ( -21.20522252253533679, -21.22118134717670301, 0.000000000000000000 ) ) ;
#2697 = CARTESIAN_POINT ( 'NONE',  ( -22.19493613278209665, -19.59922112213783407, -12.75623029306150613 ) ) ;
#2698 = CARTESIAN_POINT ( 'NONE',  ( -27.10171060685865640, 25.18922948766169512, 19.45250000000001123 ) ) ;
#2699 = VECTOR ( 'NONE', #4249, 1000.000000000000114 ) ;
#2700 = CARTESIAN_POINT ( 'NONE',  ( 28.48876126200570269, -8.878379702593424128, -12.57719980360249146 ) ) ;
#2701 = VERTEX_POINT ( 'NONE', #4727 ) ;
#2702 = CIRCLE ( 'NONE', #666, 30.00000000000000355 ) ;
#2703 = FACE_OUTER_BOUND ( 'NONE', #2543, .T. ) ;
#2704 = DIRECTION ( 'NONE',  ( 1.000000000000000000, 0.000000000000000000, 0.000000000000000000 ) ) ;
#2705 = DIRECTION ( 'NONE',  ( -0.000000000000000000, -0.000000000000000000, 1.000000000000000000 ) ) ;
#2706 = CIRCLE ( 'NONE', #4111, 25.00000000000000711 ) ;
#2707 = DIRECTION ( 'NONE',  ( -1.000000000000000000, 0.000000000000000000, 0.000000000000000000 ) ) ;
#2708 = VERTEX_POINT ( 'NONE', #1218 ) ;
#2709 = AXIS2_PLACEMENT_3D ( 'NONE', #5659, #2501, #3044 ) ;
#2710 = DIRECTION ( 'NONE',  ( 1.000000000000000000, 0.000000000000000000, 0.000000000000000000 ) ) ;
#2711 = CIRCLE ( 'NONE', #1615, 4.000000000000000000 ) ;
#2712 = DIRECTION ( 'NONE',  ( 0.000000000000000000, 0.000000000000000000, -1.000000000000000000 ) ) ;
#2713 = CARTESIAN_POINT ( 'NONE',  ( 26.62072122846162614, 10.43895775075824162, -13.54633014297267479 ) ) ;
#2714 = CARTESIAN_POINT ( 'NONE',  ( -5.865286150960843159, -33.76428571428571956, -6.249999999999992006 ) ) ;
#2715 = CARTESIAN_POINT ( 'NONE',  ( -23.33565853285239555, 1.503649817552457968, -17.59824287895393269 ) ) ;
#2716 = VERTEX_POINT ( 'NONE', #4671 ) ;
#2717 = FACE_BOUND ( 'NONE', #1295, .T. ) ;
#2718 = CARTESIAN_POINT ( 'NONE',  ( 3.984302198030716898E-15, 32.50000000000000000, -23.22056274847715684 ) ) ;
#2719 = EDGE_CURVE ( 'NONE', #5324, #2968, #620, .T. ) ;
#2720 = CARTESIAN_POINT ( 'NONE',  ( -28.14582562299419166, -16.25000000000012790, -6.249999999999993783 ) ) ;
#2721 = FACE_OUTER_BOUND ( 'NONE', #1908, .T. ) ;
#2722 = VERTEX_POINT ( 'NONE', #5670 ) ;
#2723 = CARTESIAN_POINT ( 'NONE',  ( 4.043244859526122781, -28.06692307692305022, -20.95249999999998991 ) ) ;
#2724 = ORIENTED_EDGE ( 'NONE', *, *, #4360, .F. ) ;
#2725 = EDGE_LOOP ( 'NONE', ( #179, #3828 ) ) ;
#2726 = DIRECTION ( 'NONE',  ( 1.000000000000000000, 0.000000000000000000, 0.000000000000000000 ) ) ;
#2727 = CARTESIAN_POINT ( 'NONE',  ( 3.371417233411734049, -27.53363858695619726, -14.21109984389635983 ) ) ;
#2728 = CARTESIAN_POINT ( 'NONE',  ( -30.69852562299424292, -16.24999999999999645, -6.249999999999994671 ) ) ;
#2729 = AXIS2_PLACEMENT_3D ( 'NONE', #4189, #202, #4275 ) ;
#2730 = AXIS2_PLACEMENT_3D ( 'NONE', #552, #5344, #2302 ) ;
#2731 = DIRECTION ( 'NONE',  ( 1.000000000000000000, 0.000000000000000000, 0.000000000000000000 ) ) ;
#2732 = EDGE_LOOP ( 'NONE', ( #154, #2568, #4935, #1677 ) ) ;
#2733 = LINE ( 'NONE', #4197, #908 ) ;
#2734 = FACE_OUTER_BOUND ( 'NONE', #5182, .T. ) ;
#2735 = CARTESIAN_POINT ( 'NONE',  ( -5.388813505562620954, -28.89158800968447594, -12.92824923591618536 ) ) ;
#2736 = EDGE_CURVE ( 'NONE', #3320, #5101, #672, .T. ) ;
#2737 = VECTOR ( 'NONE', #3436, 1000.000000000000000 ) ;
#2738 = CYLINDRICAL_SURFACE ( 'NONE', #286, 29.00000000000000000 ) ;
#2739 = ORIENTED_EDGE ( 'NONE', *, *, #1162, .T. ) ;
#2740 = VERTEX_POINT ( 'NONE', #3876 ) ;
#2741 = ADVANCED_FACE ( 'NONE', ( #3353 ), #5126, .F. ) ;
#2742 = CARTESIAN_POINT ( 'NONE',  ( -25.11660095207393795, 6.719847960652010066, -20.95249999999998991 ) ) ;
#2743 = EDGE_CURVE ( 'NONE', #4855, #2651, #2136, .T. ) ;
#2744 = CARTESIAN_POINT ( 'NONE',  ( -21.50000000000000000, 0.000000000000000000, -20.95249999999998991 ) ) ;
#2745 = DIRECTION ( 'NONE',  ( -0.000000000000000000, -0.000000000000000000, 1.000000000000000000 ) ) ;
#2746 = EDGE_CURVE ( 'NONE', #577, #2156, #2655, .T. ) ;
#2747 = CARTESIAN_POINT ( 'NONE',  ( -25.11660095207388821, -6.719847960652186813, -6.249999999999993783 ) ) ;
#2748 = LINE ( 'NONE', #2381, #3647 ) ;
#2749 = PLANE ( 'NONE',  #3395 ) ;
#2750 = DIRECTION ( 'NONE',  ( 0.000000000000000000, 0.000000000000000000, 1.000000000000000000 ) ) ;
#2751 = B_SPLINE_CURVE_WITH_KNOTS ( 'NONE', 3,
 ( #168, #4995, #4932, #3247 ),
 .UNSPECIFIED., .F., .F.,
 ( 4, 4 ),
 ( 0.002276879723715405195, 0.003726356871258531146 ),
 .UNSPECIFIED. ) ;
#2752 = AXIS2_PLACEMENT_3D ( 'NONE', #38, #4923, #3618 ) ;
#2753 = CARTESIAN_POINT ( 'NONE',  ( -28.14582562299425561, -16.24999999999999645, -6.249999999999993783 ) ) ;
#2754 = EDGE_CURVE ( 'NONE', #119, #1103, #2597, .T. ) ;
#2755 = CARTESIAN_POINT ( 'NONE',  ( 7.593631064265406572, -33.14116424116424042, 17.95250000000002544 ) ) ;
#2756 = ORIENTED_EDGE ( 'NONE', *, *, #5065, .F. ) ;
#2757 = CARTESIAN_POINT ( 'NONE',  ( -23.34550813020905835, -1.470756429624541672, -17.59230423432535062 ) ) ;
#2758 = ORIENTED_EDGE ( 'NONE', *, *, #3148, .T. ) ;
#2759 = ORIENTED_EDGE ( 'NONE', *, *, #4315, .T. ) ;
#2760 = CARTESIAN_POINT ( 'NONE',  ( -26.32829082044201030, -10.53190877639136502, -13.73065561476728824 ) ) ;
#2762 =( GEOMETRIC_REPRESENTATION_CONTEXT ( 3 ) GLOBAL_UNCERTAINTY_ASSIGNED_CONTEXT ( ( #1626 ) ) GLOBAL_UNIT_ASSIGNED_CONTEXT ( ( #3178, #2344, #155 ) ) REPRESENTATION_CONTEXT ( 'NONE', 'WORKASPACE' ) );
#2761 = CARTESIAN_POINT ( 'NONE',  ( -22.31615312848433774, -19.11046247587740865, -12.93449815022521854 ) ) ;
#2763 = AXIS2_PLACEMENT_3D ( 'NONE', #2317, #14, #878 ) ;
#2764 = CARTESIAN_POINT ( 'NONE',  ( 22.37785951953027563, 18.39169050088682056, -13.25680653369188988 ) ) ;
#2765 = AXIS2_PLACEMENT_3D ( 'NONE', #4430, #877, #1731 ) ;
#2766 = CARTESIAN_POINT ( 'NONE',  ( 10.80447448861207960, -27.98684210526316107, 6.250000000000003553 ) ) ;
#2767 = ORIENTED_EDGE ( 'NONE', *, *, #4223, .F. ) ;
#2768 = DIRECTION ( 'NONE',  ( 1.000000000000000000, 0.000000000000000000, 0.000000000000000000 ) ) ;
#2769 = LINE ( 'NONE', #1341, #1406 ) ;
#2770 = CARTESIAN_POINT ( 'NONE',  ( 21.20522252253560680, -21.22118134717642945, -6.249999999999993783 ) ) ;
#2771 = ADVANCED_FACE ( 'NONE', ( #5315 ), #4343, .F. ) ;
#2772 = FACE_OUTER_BOUND ( 'NONE', #438, .T. ) ;
#2773 = VERTEX_POINT ( 'NONE', #4859 ) ;
#2774 = ORIENTED_EDGE ( 'NONE', *, *, #1261, .T. ) ;
#2775 = CARTESIAN_POINT ( 'NONE',  ( -26.30808609372701667, 21.96162966434000552, -6.249999999999992006 ) ) ;
#2776 = CIRCLE ( 'NONE', #3898, 5.999999999999998224 ) ;
#2777 = CARTESIAN_POINT ( 'NONE',  ( 0.000000000000000000, 0.000000000000000000, 0.000000000000000000 ) ) ;
#2778 = CARTESIAN_POINT ( 'NONE',  ( -25.25386798902885488, 10.98457104893176073, -14.36700742388253360 ) ) ;
#2779 = EDGE_CURVE ( 'NONE', #4196, #3900, #2670, .T. ) ;
#2780 = DIRECTION ( 'NONE',  ( -0.000000000000000000, -0.000000000000000000, 1.000000000000000000 ) ) ;
#2781 = DIRECTION ( 'NONE',  ( -0.000000000000000000, -0.000000000000000000, -1.000000000000000000 ) ) ;
#2782 = CARTESIAN_POINT ( 'NONE',  ( 7.081328842866549955, -29.11222985349564141, -12.48427322053270139 ) ) ;
#2783 = EDGE_CURVE ( 'NONE', #3223, #3928, #1084, .T. ) ;
#2784 = DIRECTION ( 'NONE',  ( 1.000000000000000000, 0.000000000000000000, 0.000000000000000000 ) ) ;
#2785 = DIRECTION ( 'NONE',  ( 1.000000000000000000, 0.000000000000000000, 0.000000000000000000 ) ) ;
#2786 = ORIENTED_EDGE ( 'NONE', *, *, #5105, .F. ) ;
#2787 = CARTESIAN_POINT ( 'NONE',  ( 31.06417454320984106, -9.553379504080950824, 19.45250000000001123 ) ) ;
#2788 = VERTEX_POINT ( 'NONE', #2264 ) ;
#2789 = ORIENTED_EDGE ( 'NONE', *, *, #5521, .F. ) ;
#2790 = CIRCLE ( 'NONE', #744, 29.00000000000000000 ) ;
#2791 = DIRECTION ( 'NONE',  ( 0.000000000000000000, 0.000000000000000000, -1.000000000000000000 ) ) ;
#2792 = CIRCLE ( 'NONE', #287, 2.999999999999999112 ) ;
#2793 = DIRECTION ( 'NONE',  ( -0.000000000000000000, -0.000000000000000000, 1.000000000000000000 ) ) ;
#2794 = DIRECTION ( 'NONE',  ( -0.000000000000000000, -0.000000000000000000, -1.000000000000000000 ) ) ;
#2795 = ADVANCED_FACE ( 'NONE', ( #4443 ), #991, .F. ) ;
#2796 = AXIS2_PLACEMENT_3D ( 'NONE', #2340, #3700, #2371 ) ;
#2797 = DIRECTION ( 'NONE',  ( -0.000000000000000000, -0.000000000000000000, -1.000000000000000000 ) ) ;
#2798 = ORIENTED_EDGE ( 'NONE', *, *, #2672, .F. ) ;
#2799 = DIRECTION ( 'NONE',  ( -0.000000000000000000, -0.000000000000000000, 1.000000000000000000 ) ) ;
#2800 = DIRECTION ( 'NONE',  ( -0.5179406311314920242, 0.4813912157726953911, 0.7071067811865461294 ) ) ;
#2801 = CIRCLE ( 'NONE', #2238, 3.000000000000002665 ) ;
#2802 = CARTESIAN_POINT ( 'NONE',  ( -6.552479326557774542, -29.11105021691042793, -12.57781190286296891 ) ) ;
#2803 = B_SPLINE_CURVE_WITH_KNOTS ( 'NONE', 3,
 ( #2023, #2492, #3798, #2954, #1140, #2923, #280, #2055, #1618, #5161, #1167, #4907, #23, #1359, #1799, #2261, #2757, #79, #1388, #3133, #4038, #5213, #1422, #455, #2692, #4936, #4413, #3573, #1857, #1226 ),
 .UNSPECIFIED., .F., .F.,
 ( 4, 2, 2, 2, 2, 2, 2, 2, 2, 2, 2, 2, 2, 2, 4 ),
 ( 0.007526411126713043916, 0.007857755587819155452, 0.008189100048925267855, 0.008520444510031380259, 0.008851788971137492662, 0.009183133432243605065, 0.009514477893349717469, 0.01017716681556195615, 0.01083985573777419484, 0.01117120019888031245, 0.01150254465998643005, 0.01183388912109254940, 0.01216523358219866700, 0.01249657804330478635, 0.01282792250441090395 ),
 .UNSPECIFIED. ) ;
#2804 = EDGE_CURVE ( 'NONE', #1774, #5583, #458, .T. ) ;
#2805 = CYLINDRICAL_SURFACE ( 'NONE', #3181, 34.00000000000000000 ) ;
#2806 = ORIENTED_EDGE ( 'NONE', *, *, #2048, .T. ) ;
#2807 = AXIS2_PLACEMENT_3D ( 'NONE', #1156, #2940, #3025 ) ;
#2808 = CARTESIAN_POINT ( 'NONE',  ( -10.80447448861207960, -27.98684210526316107, 6.250000000000003553 ) ) ;
#2809 = DIRECTION ( 'NONE',  ( -0.000000000000000000, -0.000000000000000000, -1.000000000000000000 ) ) ;
#2810 = CIRCLE ( 'NONE', #4768, 6.000000000000000888 ) ;
#2811 = CARTESIAN_POINT ( 'NONE',  ( -22.33959692899395932, 14.70242585266640312, -14.98673395613330150 ) ) ;
#2812 = FACE_OUTER_BOUND ( 'NONE', #143, .T. ) ;
#2813 = CARTESIAN_POINT ( 'NONE',  ( 27.44974894557052636, -22.20948632510778609, -23.22056274847715684 ) ) ;
#2814 = DIRECTION ( 'NONE',  ( -0.000000000000000000, -0.000000000000000000, 1.000000000000000000 ) ) ;
#2815 = DIRECTION ( 'NONE',  ( 0.000000000000000000, 0.000000000000000000, -1.000000000000000000 ) ) ;
#2816 = CIRCLE ( 'NONE', #4947, 2.552699999999990865 ) ;
#2817 = FACE_OUTER_BOUND ( 'NONE', #2462, .T. ) ;
#2818 = ORIENTED_EDGE ( 'NONE', *, *, #4920, .T. ) ;
#2819 = CARTESIAN_POINT ( 'NONE',  ( -1.908464894667083689, 26.80843342224687476, -14.88252092032034923 ) ) ;
#2820 = ORIENTED_EDGE ( 'NONE', *, *, #2242, .F. ) ;
#2821 = ORIENTED_EDGE ( 'NONE', *, *, #540, .T. ) ;
#2822 = DIRECTION ( 'NONE',  ( -0.7071067811865489050, 0.000000000000000000, -0.7071067811865462405 ) ) ;
#2823 = CARTESIAN_POINT ( 'NONE',  ( -35.36536794150043050, -10.87615512772294579, 17.95250000000002544 ) ) ;
#2824 = CARTESIAN_POINT ( 'NONE',  ( 0.000000000000000000, 0.000000000000000000, -12.45249999999997748 ) ) ;
#2825 = EDGE_CURVE ( 'NONE', #2406, #577, #4365, .T. ) ;
#2826 = ORIENTED_EDGE ( 'NONE', *, *, #3371, .F. ) ;
#2827 = ORIENTED_EDGE ( 'NONE', *, *, #4950, .F. ) ;
#2828 = CARTESIAN_POINT ( 'NONE',  ( 0.000000000000000000, 0.000000000000000000, 19.45250000000001123 ) ) ;
#2829 = AXIS2_PLACEMENT_3D ( 'NONE', #3024, #2614, #4330 ) ;
#2830 = CARTESIAN_POINT ( 'NONE',  ( -17.50000000000000355, 2.143131898507868643E-15, -10.07749999999998458 ) ) ;
#2831 = CARTESIAN_POINT ( 'NONE',  ( 19.00000000000000000, 2.326828918379970970E-15, -16.95249999999998636 ) ) ;
#2832 = DIRECTION ( 'NONE',  ( 0.000000000000000000, 0.000000000000000000, -1.000000000000000000 ) ) ;
#2833 = CIRCLE ( 'NONE', #3857, 27.50000000000000000 ) ;
#2834 = VERTEX_POINT ( 'NONE', #5696 ) ;
#2835 = EDGE_CURVE ( 'NONE', #1858, #2037, #2861, .T. ) ;
#2836 = FILL_AREA_STYLE_COLOUR ( '', #804 ) ;
#2837 = CARTESIAN_POINT ( 'NONE',  ( -8.263657334641768770, -36.06538461538462315, 19.45250000000001123 ) ) ;
#2838 = DIRECTION ( 'NONE',  ( -1.000000000000000000, 0.000000000000000000, 0.000000000000000000 ) ) ;
#2839 = EDGE_CURVE ( 'NONE', #4479, #5336, #407, .T. ) ;
#2840 = DIRECTION ( 'NONE',  ( -0.000000000000000000, -0.000000000000000000, 1.000000000000000000 ) ) ;
#2841 = CYLINDRICAL_SURFACE ( 'NONE', #5326, 4.000000000000000000 ) ;
#2842 = FACE_OUTER_BOUND ( 'NONE', #1634, .T. ) ;
#2843 = CARTESIAN_POINT ( 'NONE',  ( 24.50000000000000000, 0.000000000000000000, 11.45250000000002011 ) ) ;
#2844 = CARTESIAN_POINT ( 'NONE',  ( 23.38142223795505359, 12.59778052636968937, -15.12917304405981511 ) ) ;
#2845 = ORIENTED_EDGE ( 'NONE', *, *, #2181, .F. ) ;
#2846 = CARTESIAN_POINT ( 'NONE',  ( -3.515742469160497929, 27.63487907613923156, -14.11900392892970935 ) ) ;
#2847 = ORIENTED_EDGE ( 'NONE', *, *, #5582, .T. ) ;
#2848 = ORIENTED_EDGE ( 'NONE', *, *, #899, .T. ) ;
#2849 = CIRCLE ( 'NONE', #1732, 34.00000000000000000 ) ;
#2850 = LINE ( 'NONE', #1453, #3226 ) ;
#2851 = FACE_OUTER_BOUND ( 'NONE', #5516, .T. ) ;
#2852 = DIRECTION ( 'NONE',  ( 1.000000000000000000, 0.000000000000000000, 0.000000000000000000 ) ) ;
#2853 = EDGE_CURVE ( 'NONE', #5013, #3631, #896, .T. ) ;
#2854 = AXIS2_PLACEMENT_3D ( 'NONE', #1647, #5732, #1728 ) ;
#2855 = ORIENTED_EDGE ( 'NONE', *, *, #3302, .F. ) ;
#2856 = VERTEX_POINT ( 'NONE', #1045 ) ;
#2857 = ORIENTED_EDGE ( 'NONE', *, *, #3559, .F. ) ;
#2858 = DIRECTION ( 'NONE',  ( 1.000000000000000000, 0.000000000000000000, 0.000000000000000000 ) ) ;
#2859 = CARTESIAN_POINT ( 'NONE',  ( -32.17337224468786161, -11.80265604994573003, -6.249999999999992006 ) ) ;
#2860 = AXIS2_PLACEMENT_3D ( 'NONE', #2837, #2409, #4648 ) ;
#2861 = CIRCLE ( 'NONE', #4989, 4.499999999999997335 ) ;
#2862 = EDGE_CURVE ( 'NONE', #5612, #1859, #144, .T. ) ;
#2863 = CARTESIAN_POINT ( 'NONE',  ( 0.000000000000000000, 0.000000000000000000, 0.000000000000000000 ) ) ;
#2864 = ORIENTED_EDGE ( 'NONE', *, *, #2072, .T. ) ;
#2865 = CONICAL_SURFACE ( 'NONE', #4635, 4.500000000000007105, 0.7853981633974503884 ) ;
#2866 = CARTESIAN_POINT ( 'NONE',  ( 7.258617929077230357, 31.67905405405405972, 19.45250000000001123 ) ) ;
#2867 = CARTESIAN_POINT ( 'NONE',  ( 22.81093962906583172, 1.498478697329721498, -18.00575330094407533 ) ) ;
#2868 = ADVANCED_FACE ( 'NONE', ( #1860 ), #1934, .F. ) ;
#2869 = DIRECTION ( 'NONE',  ( 0.000000000000000000, 0.000000000000000000, 1.000000000000000000 ) ) ;
#2870 = CARTESIAN_POINT ( 'NONE',  ( 24.90427461170796164, -23.14685952920262935, 0.000000000000000000 ) ) ;
#2871 = CARTESIAN_POINT ( 'NONE',  ( 1.500000000000124567, -22.99999999999998579, -17.85894133304159226 ) ) ;
#2872 = DIRECTION ( 'NONE',  ( 1.000000000000000000, 0.000000000000000000, 0.000000000000000000 ) ) ;
#2873 = VECTOR ( 'NONE', #3345, 1000.000000000000114 ) ;
#2874 = EDGE_CURVE ( 'NONE', #5362, #2971, #980, .T. ) ;
#2875 = DIRECTION ( 'NONE',  ( -0.000000000000000000, -0.000000000000000000, 1.000000000000000000 ) ) ;
#2876 = EDGE_CURVE ( 'NONE', #2389, #172, #1221, .T. ) ;
#2877 = ORIENTED_EDGE ( 'NONE', *, *, #5731, .F. ) ;
#2878 = CARTESIAN_POINT ( 'NONE',  ( 4.043244859525935375, 28.06692307692307864, -13.73065561476729179 ) ) ;
#2879 = ORIENTED_EDGE ( 'NONE', *, *, #1100, .T. ) ;
#2880 = ORIENTED_EDGE ( 'NONE', *, *, #313, .F. ) ;
#2881 = FACE_OUTER_BOUND ( 'NONE', #357, .T. ) ;
#2882 = DIRECTION ( 'NONE',  ( 0.000000000000000000, 0.000000000000000000, -1.000000000000000000 ) ) ;
#2883 = CARTESIAN_POINT ( 'NONE',  ( 20.99999999999998934, 0.000000000000000000, -19.45249999999998280 ) ) ;
#2884 = ORIENTED_EDGE ( 'NONE', *, *, #732, .T. ) ;
#2885 = ORIENTED_EDGE ( 'NONE', *, *, #1905, .T. ) ;
#2886 = ORIENTED_EDGE ( 'NONE', *, *, #5017, .F. ) ;
#2887 = EDGE_LOOP ( 'NONE', ( #4461, #1793, #3812, #1483 ) ) ;
#2888 = CARTESIAN_POINT ( 'NONE',  ( -22.28504596091616108, 17.53501430053178822, -20.95249999999998991 ) ) ;
#2889 = CARTESIAN_POINT ( 'NONE',  ( 1.251571852859237000, -23.84950109957197739, -17.21099878591439847 ) ) ;
#2890 = CARTESIAN_POINT ( 'NONE',  ( -5.509104889761178292, -34.87692307692308447, 17.95250000000002544 ) ) ;
#2891 = VERTEX_POINT ( 'NONE', #637 ) ;
#2892 = VECTOR ( 'NONE', #4007, 1000.000000000000000 ) ;
#2893 = CARTESIAN_POINT ( 'NONE',  ( 2.552699999999977543, -32.50000000000000000, -6.249999999999994671 ) ) ;
#2894 = AXIS2_PLACEMENT_3D ( 'NONE', #4261, #4703, #4285 ) ;
#2895 = CARTESIAN_POINT ( 'NONE',  ( 24.31138045018899163, 0.7361287743648443627, -16.86847133522507747 ) ) ;
#2896 = EDGE_CURVE ( 'NONE', #1636, #2856, #2850, .T. ) ;
#2897 = CARTESIAN_POINT ( 'NONE',  ( -28.98069340623915124, 7.753670723829241496, -6.249999999999993783 ) ) ;
#2898 = DIRECTION ( 'NONE',  ( 0.08203342313868751401, 0.7023321988120371229, -0.7071067811865462405 ) ) ;
#2899 = CIRCLE ( 'NONE', #392, 24.50000000000000355 ) ;
#2900 = CARTESIAN_POINT ( 'NONE',  ( -7.589415207398531038E-16, 0.000000000000000000, -6.249999999999993783 ) ) ;
#2901 = DIRECTION ( 'NONE',  ( 0.000000000000000000, 0.000000000000000000, 1.000000000000000000 ) ) ;
#2902 = EDGE_CURVE ( 'NONE', #1188, #416, #4166, .T. ) ;
#2903 = CARTESIAN_POINT ( 'NONE',  ( -35.36536794150043050, -10.87615512772294579, 19.45250000000001123 ) ) ;
#2904 = DIRECTION ( 'NONE',  ( -1.000000000000000000, 0.000000000000000000, 0.000000000000000000 ) ) ;
#2905 = EDGE_LOOP ( 'NONE', ( #5399, #1214, #3135, #42 ) ) ;
#2906 = ORIENTED_EDGE ( 'NONE', *, *, #4812, .F. ) ;
#2907 = DIRECTION ( 'NONE',  ( -1.000000000000000000, 0.000000000000000000, 0.000000000000000000 ) ) ;
#2908 = DIRECTION ( 'NONE',  ( 0.000000000000000000, 0.000000000000000000, -1.000000000000000000 ) ) ;
#2909 = ADVANCED_FACE ( 'NONE', ( #2423 ), #5643, .F. ) ;
#2910 = AXIS2_PLACEMENT_3D ( 'NONE', #420, #1413, #1818 ) ;
#2911 = CIRCLE ( 'NONE', #5604, 2.999999999999999112 ) ;
#2912 = ORIENTED_EDGE ( 'NONE', *, *, #3068, .T. ) ;
#2913 = ORIENTED_EDGE ( 'NONE', *, *, #838, .T. ) ;
#2914 = ORIENTED_EDGE ( 'NONE', *, *, #2425, .F. ) ;
#2915 = EDGE_LOOP ( 'NONE', ( #3643, #3464, #4131, #315, #3193, #3755, #4698, #1159 ) ) ;
#2916 = ORIENTED_EDGE ( 'NONE', *, *, #3635, .F. ) ;
#2917 = DIRECTION ( 'NONE',  ( -0.000000000000000000, -0.000000000000000000, -1.000000000000000000 ) ) ;
#2918 = DIRECTION ( 'NONE',  ( 0.000000000000000000, 0.000000000000000000, -1.000000000000000000 ) ) ;
#2919 = DIRECTION ( 'NONE',  ( 0.000000000000000000, 0.000000000000000000, 1.000000000000000000 ) ) ;
#2920 = EDGE_CURVE ( 'NONE', #1101, #691, #1465, .T. ) ;
#2921 = DIRECTION ( 'NONE',  ( 0.000000000000000000, 0.000000000000000000, 1.000000000000000000 ) ) ;
#2922 = ORIENTED_EDGE ( 'NONE', *, *, #655, .T. ) ;
#2923 = CARTESIAN_POINT ( 'NONE',  ( -21.68759258543305180, -0.7339762260235043190, -18.90820725266160096 ) ) ;
#2924 = ADVANCED_FACE ( 'NONE', ( #51 ), #1829, .T. ) ;
#2925 = CARTESIAN_POINT ( 'NONE',  ( 23.68019451272926190, 1.349057127895308517, -17.33812404440988075 ) ) ;
#2926 = CIRCLE ( 'NONE', #1058, 2.552699999999989533 ) ;
#2927 = ADVANCED_FACE ( 'NONE', ( #1488 ), #1391, .T. ) ;
#2928 = FACE_OUTER_BOUND ( 'NONE', #358, .T. ) ;
#2929 = ORIENTED_EDGE ( 'NONE', *, *, #4139, .F. ) ;
#2930 = ADVANCED_FACE ( 'NONE', ( #3163 ), #5180, .F. ) ;
#2931 = DIRECTION ( 'NONE',  ( -1.000000000000000000, 0.000000000000000000, 0.000000000000000000 ) ) ;
#2932 = DIRECTION ( 'NONE',  ( 1.000000000000000000, 0.000000000000000000, 0.000000000000000000 ) ) ;
#2933 = EDGE_CURVE ( 'NONE', #4980, #5029, #2956, .T. ) ;
#2934 = CARTESIAN_POINT ( 'NONE',  ( -0.2261525707596579726, 21.49999276237606338, -19.06361713311343919 ) ) ;
#2935 = B_SPLINE_CURVE_WITH_KNOTS ( 'NONE', 3,
 ( #1450, #1539, #3281, #2846, #3717, #3747, #1484, #5058, #2819, #5515, #141, #659, #1067, #2359, #5086, #3340, #1122, #4628, #4161, #5488, #171, #634, #5460, #4217, #2005, #2878 ),
 .UNSPECIFIED., .F., .F.,
 ( 4, 2, 2, 2, 2, 2, 2, 2, 2, 2, 2, 2, 4 ),
 ( 0.002276879723715537034, 0.002859267328267183807, 0.003441654932818830146, 0.004606430141922128463, 0.005188817746473777838, 0.005771205351025428081, 0.006935980560128728566, 0.007518368164680378808, 0.008100755769232029918, 0.009265530978335330403, 0.009847918582886982380, 0.01043030618743863436, 0.01159508139654194525 ),
 .UNSPECIFIED. ) ;
#2936 = DIRECTION ( 'NONE',  ( -0.000000000000000000, -0.000000000000000000, 1.000000000000000000 ) ) ;
#2937 = ORIENTED_EDGE ( 'NONE', *, *, #3427, .T. ) ;
#2938 = VERTEX_POINT ( 'NONE', #83 ) ;
#2939 = CARTESIAN_POINT ( 'NONE',  ( -25.59312562299425409, 16.25000000000000711, 12.06000000000000583 ) ) ;
#2940 = DIRECTION ( 'NONE',  ( 0.000000000000000000, -0.000000000000000000, 1.000000000000000000 ) ) ;
#2941 = ADVANCED_FACE ( 'NONE', ( #3632 ), #5402, .F. ) ;
#2942 = ORIENTED_EDGE ( 'NONE', *, *, #3988, .T. ) ;
#2943 = VERTEX_POINT ( 'NONE', #4103 ) ;
#2944 = VERTEX_POINT ( 'NONE', #113 ) ;
#2945 = EDGE_LOOP ( 'NONE', ( #4273, #1704, #3017, #482 ) ) ;
#2946 = EDGE_LOOP ( 'NONE', ( #3079, #1785, #3848, #3956 ) ) ;
#2947 = CARTESIAN_POINT ( 'NONE',  ( -19.00000000000000000, 0.000000000000000000, -19.05249999999998067 ) ) ;
#2948 = DIRECTION ( 'NONE',  ( -0.000000000000000000, -0.000000000000000000, 1.000000000000000000 ) ) ;
#2949 = DIRECTION ( 'NONE',  ( 0.000000000000000000, 0.000000000000000000, -1.000000000000000000 ) ) ;
#2950 = AXIS2_PLACEMENT_3D ( 'NONE', #1675, #3474, #4813 ) ;
#2951 = DIRECTION ( 'NONE',  ( -1.000000000000000000, 0.000000000000000000, 0.000000000000000000 ) ) ;
#2952 = AXIS2_PLACEMENT_3D ( 'NONE', #730, #3440, #2546 ) ;
#2953 = VERTEX_POINT ( 'NONE', #1895 ) ;
#2954 = CARTESIAN_POINT ( 'NONE',  ( -21.56147285314280637, -0.4389859818300057004, -19.01252899476421376 ) ) ;
#2955 = CARTESIAN_POINT ( 'NONE',  ( -18.37785951953074104, 18.39169050088635871, -6.249999999999993783 ) ) ;
#2956 = CIRCLE ( 'NONE', #3693, 4.500000000000007105 ) ;
#2957 = CIRCLE ( 'NONE', #4257, 4.000000000000000000 ) ;
#2958 = AXIS2_PLACEMENT_3D ( 'NONE', #906, #4087, #96 ) ;
#2959 = CARTESIAN_POINT ( 'NONE',  ( -13.68566768557529478, 35.45000000000000995, 6.250000000000003553 ) ) ;
#2960 = VERTEX_POINT ( 'NONE', #1182 ) ;
#2961 = ORIENTED_EDGE ( 'NONE', *, *, #4670, .F. ) ;
#2962 = CARTESIAN_POINT ( 'NONE',  ( -1.186444190843187751, -22.07722685349042280, -18.58994183412813328 ) ) ;
#2963 = PRODUCT_DEFINITION_CONTEXT ( 'detailed design', #4301, 'design' ) ;
#2964 = EDGE_CURVE ( 'NONE', #1009, #2666, #2403, .T. ) ;
#2965 = DIRECTION ( 'NONE',  ( -0.000000000000000000, -0.000000000000000000, -1.000000000000000000 ) ) ;
#2966 = EDGE_CURVE ( 'NONE', #2968, #5324, #3422, .T. ) ;
#2967 = DIRECTION ( 'NONE',  ( -1.000000000000000000, 0.000000000000000000, 0.000000000000000000 ) ) ;
#2968 = VERTEX_POINT ( 'NONE', #2939 ) ;
#2969 = DIRECTION ( 'NONE',  ( 1.000000000000000000, -1.541976423090498000E-15, 0.000000000000000000 ) ) ;
#2970 = CARTESIAN_POINT ( 'NONE',  ( -32.49790567597336377, 9.994304711961623511, 17.95250000000002544 ) ) ;
#2971 = VERTEX_POINT ( 'NONE', #2449 ) ;
#2972 = CIRCLE ( 'NONE', #3521, 34.00000000000000000 ) ;
#2973 = CARTESIAN_POINT ( 'NONE',  ( -31.06417454320984106, 9.553379504080966811, 19.45250000000001123 ) ) ;
#2974 = ORIENTED_EDGE ( 'NONE', *, *, #1, .T. ) ;
#2975 = ORIENTED_EDGE ( 'NONE', *, *, #1198, .T. ) ;
#2976 = ORIENTED_EDGE ( 'NONE', *, *, #1724, .F. ) ;
#2977 = CARTESIAN_POINT ( 'NONE',  ( -25.78464170832899072, -10.72626766834690315, -14.06575529559464144 ) ) ;
#2978 = FACE_OUTER_BOUND ( 'NONE', #5258, .T. ) ;
#2979 = ADVANCED_FACE ( 'NONE', ( #4248 ), #5634, .T. ) ;
#2980 = CARTESIAN_POINT ( 'NONE',  ( -1.241752780193347228, 23.84659020996301493, -17.21340013945048497 ) ) ;
#2981 = ORIENTED_EDGE ( 'NONE', *, *, #5570, .F. ) ;
#2982 = DIRECTION ( 'NONE',  ( 0.08203342313868751401, -0.7023321988120371229, 0.7071067811865462405 ) ) ;
#2983 = CARTESIAN_POINT ( 'NONE',  ( -21.86794180718506553, 20.36450232309419306, -12.54537750449063616 ) ) ;
#2984 = AXIS2_PLACEMENT_3D ( 'NONE', #4997, #2875, #5111 ) ;
#2985 = CARTESIAN_POINT ( 'NONE',  ( 0.000000000000000000, 0.000000000000000000, -6.249999999999993783 ) ) ;
#2986 = EDGE_LOOP ( 'NONE', ( #2512, #3261, #4774, #3785 ) ) ;
#2987 = VERTEX_POINT ( 'NONE', #3813 ) ;
#2988 = AXIS2_PLACEMENT_3D ( 'NONE', #3173, #960, #903 ) ;
#2989 = VECTOR ( 'NONE', #765, 1000.000000000000114 ) ;
#2990 = DIRECTION ( 'NONE',  ( 0.000000000000000000, 0.000000000000000000, 1.000000000000000000 ) ) ;
#2991 = CIRCLE ( 'NONE', #1121, 5.999999999999998224 ) ;
#2992 = CARTESIAN_POINT ( 'NONE',  ( 0.8322127684726112751, 21.73415467588620231, -18.86974132020687023 ) ) ;
#2993 = CYLINDRICAL_SURFACE ( 'NONE', #1038, 29.00000000000000000 ) ;
#2994 = ORIENTED_EDGE ( 'NONE', *, *, #5592, .T. ) ;
#2995 = DIRECTION ( 'NONE',  ( -1.000000000000000000, 0.000000000000000000, 0.000000000000000000 ) ) ;
#2996 = CARTESIAN_POINT ( 'NONE',  ( 5.509104889761180956, 34.87692307692308447, 17.95250000000002544 ) ) ;
#2997 = ADVANCED_FACE ( 'NONE', ( #293 ), #2506, .F. ) ;
#2998 = AXIS2_PLACEMENT_3D ( 'NONE', #5144, #4741, #2561 ) ;
#2999 = CIRCLE ( 'NONE', #3272, 3.000000000000002665 ) ;
#3000 = ORIENTED_EDGE ( 'NONE', *, *, #3926, .T. ) ;
#3001 = FACE_OUTER_BOUND ( 'NONE', #609, .T. ) ;
#3002 = EDGE_CURVE ( 'NONE', #729, #978, #2633, .T. ) ;
#3003 = VERTEX_POINT ( 'NONE', #3315 ) ;
#3004 = ORIENTED_EDGE ( 'NONE', *, *, #4584, .F. ) ;
#3005 = ORIENTED_EDGE ( 'NONE', *, *, #5406, .T. ) ;
#3006 = ADVANCED_FACE ( 'NONE', ( #3867 ), #4305, .T. ) ;
#3007 = LINE ( 'NONE', #5183, #3217 ) ;
#3008 = DIRECTION ( 'NONE',  ( -0.000000000000000000, -0.000000000000000000, 1.000000000000000000 ) ) ;
#3009 = VECTOR ( 'NONE', #3992, 1000.000000000000000 ) ;
#3010 = CARTESIAN_POINT ( 'NONE',  ( 0.000000000000000000, 0.000000000000000000, -6.249999999999993783 ) ) ;
#3011 = ORIENTED_EDGE ( 'NONE', *, *, #2010, .F. ) ;
#3012 = CARTESIAN_POINT ( 'NONE',  ( 34.14582562299427337, 16.25000000000000000, 17.95250000000002544 ) ) ;
#3013 = CARTESIAN_POINT ( 'NONE',  ( -21.57169569672297271, 20.81492621655652897, -12.47157893054602162 ) ) ;
#3014 = ADVANCED_FACE ( 'NONE', ( #4743 ), #722, .F. ) ;
#3015 = CARTESIAN_POINT ( 'NONE',  ( 21.20522252253560680, -21.22118134717642945, -12.45249999999997748 ) ) ;
#3016 = EDGE_LOOP ( 'NONE', ( #49, #4968, #4500, #1690, #3783, #5260, #2594, #5085 ) ) ;
#3017 = ORIENTED_EDGE ( 'NONE', *, *, #270, .F. ) ;
#3018 = DIRECTION ( 'NONE',  ( 0.000000000000000000, 0.000000000000000000, 1.000000000000000000 ) ) ;
#3019 = CIRCLE ( 'NONE', #3758, 30.00000000000000355 ) ;
#3020 = AXIS2_PLACEMENT_3D ( 'NONE', #489, #3667, #2239 ) ;
#3021 = CARTESIAN_POINT ( 'NONE',  ( 0.000000000000000000, 0.000000000000000000, 6.250000000000003553 ) ) ;
#3022 = CYLINDRICAL_SURFACE ( 'NONE', #310, 2.552699999999992642 ) ;
#3023 = ORIENTED_EDGE ( 'NONE', *, *, #2485, .F. ) ;
#3024 = CARTESIAN_POINT ( 'NONE',  ( 0.000000000000000000, 0.000000000000000000, 11.95250000000002721 ) ) ;
#3025 = DIRECTION ( 'NONE',  ( 1.000000000000000000, 0.000000000000000000, 0.000000000000000000 ) ) ;
#3026 = EDGE_LOOP ( 'NONE', ( #3948, #394, #508, #343 ) ) ;
#3027 = DIRECTION ( 'NONE',  ( 1.000000000000000000, 0.000000000000000000, 0.000000000000000000 ) ) ;
#3028 = ORIENTED_EDGE ( 'NONE', *, *, #4109, .T. ) ;
#3029 = ORIENTED_EDGE ( 'NONE', *, *, #3477, .T. ) ;
#3030 = EDGE_LOOP ( 'NONE', ( #5038, #2483, #3881, #860, #4892, #4219, #3190, #47, #5087, #4373 ) ) ;
#3031 = CARTESIAN_POINT ( 'NONE',  ( -21.20522252253547180, 21.22118134717656801, 0.000000000000000000 ) ) ;
#3032 = LINE ( 'NONE', #2571, #5581 ) ;
#3033 = CARTESIAN_POINT ( 'NONE',  ( 0.000000000000000000, 0.000000000000000000, -19.45249999999998280 ) ) ;
#3034 = CARTESIAN_POINT ( 'NONE',  ( 5.079441413534958372, 28.76508895876209237, -13.06768083149657755 ) ) ;
#3035 = CARTESIAN_POINT ( 'NONE',  ( 3.984302198030716898E-15, 32.50000000000000000, 6.250000000000005329 ) ) ;
#3036 = AXIS2_PLACEMENT_3D ( 'NONE', #4457, #4088, #4027 ) ;
#3037 = EDGE_CURVE ( 'NONE', #1080, #3579, #323, .T. ) ;
#3038 = CARTESIAN_POINT ( 'NONE',  ( 1.500000000000000444, 23.00000000000000000, -10.07749999999998458 ) ) ;
#3039 = ORIENTED_EDGE ( 'NONE', *, *, #4712, .T. ) ;
#3040 = AXIS2_PLACEMENT_3D ( 'NONE', #5737, #3069, #2632 ) ;
#3041 = DIRECTION ( 'NONE',  ( -1.000000000000000000, 0.000000000000000000, 0.000000000000000000 ) ) ;
#3042 = EDGE_CURVE ( 'NONE', #1075, #5653, #693, .T. ) ;
#3043 = AXIS2_PLACEMENT_3D ( 'NONE', #1727, #767, #3061 ) ;
#3044 = DIRECTION ( 'NONE',  ( 1.000000000000000000, 0.000000000000000000, 0.000000000000000000 ) ) ;
#3045 = DIRECTION ( 'NONE',  ( -1.000000000000000000, 0.000000000000000000, 0.000000000000000000 ) ) ;
#3046 = ORIENTED_EDGE ( 'NONE', *, *, #5521, .T. ) ;
#3047 = CARTESIAN_POINT ( 'NONE',  ( 4.043244859526122781, -28.06692307692305022, -13.73065561476729535 ) ) ;
#3048 = CARTESIAN_POINT ( 'NONE',  ( 23.33888098190861982, -1.472422350631196641, -17.59736644397557725 ) ) ;
#3049 = ADVANCED_FACE ( 'NONE', ( #750 ), #5089, .F. ) ;
#3050 = EDGE_CURVE ( 'NONE', #1547, #1813, #2926, .T. ) ;
#3051 = FACE_OUTER_BOUND ( 'NONE', #4066, .T. ) ;
#3052 = EDGE_LOOP ( 'NONE', ( #5584, #3820, #811, #16 ) ) ;
#3053 = ORIENTED_EDGE ( 'NONE', *, *, #444, .F. ) ;
#3054 = ORIENTED_EDGE ( 'NONE', *, *, #4560, .F. ) ;
#3055 = CARTESIAN_POINT ( 'NONE',  ( 22.33999758734564267, -14.68664556283620648, -14.99384060917679129 ) ) ;
#3056 = CARTESIAN_POINT ( 'NONE',  ( 26.32829082044214175, -10.53190877639100265, -13.73065561476729890 ) ) ;
#3057 = AXIS2_PLACEMENT_3D ( 'NONE', #3554, #3640, #902 ) ;
#3058 = CARTESIAN_POINT ( 'NONE',  ( -1.376519572671353941, 23.60270901409845834, -17.39699892424195582 ) ) ;
#3059 = CARTESIAN_POINT ( 'NONE',  ( -28.14582562299428758, 16.24999999999993960, -6.249999999999993783 ) ) ;
#3060 = CARTESIAN_POINT ( 'NONE',  ( 7.428104109228543805, 29.06806877610862472, -12.45249999999997215 ) ) ;
#3061 = DIRECTION ( 'NONE',  ( -1.000000000000000000, 0.000000000000000000, 0.000000000000000000 ) ) ;
#3062 = CARTESIAN_POINT ( 'NONE',  ( -32.36536794150042340, 10.87615512772294402, 17.95250000000002544 ) ) ;
#3063 = VERTEX_POINT ( 'NONE', #2097 ) ;
#3064 = VECTOR ( 'NONE', #5191, 1000.000000000000000 ) ;
#3065 = EDGE_CURVE ( 'NONE', #4329, #2129, #131, .T. ) ;
#3066 = CARTESIAN_POINT ( 'NONE',  ( 24.90427461170796164, -23.14685952920262935, 6.250000000000004441 ) ) ;
#3067 = AXIS2_PLACEMENT_3D ( 'NONE', #1432, #589, #3582 ) ;
#3068 = EDGE_CURVE ( 'NONE', #4045, #3438, #777, .T. ) ;
#3069 = DIRECTION ( 'NONE',  ( 0.000000000000000000, 0.000000000000000000, -1.000000000000000000 ) ) ;
#3070 = CARTESIAN_POINT ( 'NONE',  ( -24.25630796934567712, 0.8258764000553155959, -16.90899534310707963 ) ) ;
#3071 = EDGE_LOOP ( 'NONE', ( #4630, #2260 ) ) ;
#3072 = VECTOR ( 'NONE', #333, 1000.000000000000000 ) ;
#3073 = DIRECTION ( 'NONE',  ( -0.000000000000000000, -0.000000000000000000, -1.000000000000000000 ) ) ;
#3074 = CARTESIAN_POINT ( 'NONE',  ( 28.98069340623898071, 7.753670723829877431, -12.45249999999997748 ) ) ;
#3075 = EDGE_CURVE ( 'NONE', #3438, #3260, #412, .T. ) ;
#3076 = AXIS2_PLACEMENT_3D ( 'NONE', #5551, #5492, #5520 ) ;
#3077 = CARTESIAN_POINT ( 'NONE',  ( 0.000000000000000000, 0.000000000000000000, 6.250000000000004441 ) ) ;
#3078 = ADVANCED_FACE ( 'NONE', ( #2881 ), #231, .F. ) ;
#3079 = ORIENTED_EDGE ( 'NONE', *, *, #3673, .F. ) ;
#3080 = EDGE_LOOP ( 'NONE', ( #3230, #4185, #4517, #4280 ) ) ;
#3081 = ORIENTED_EDGE ( 'NONE', *, *, #4615, .F. ) ;
#3082 = CARTESIAN_POINT ( 'NONE',  ( 25.53053909162943569, -10.84708632258683103, -14.21109984389636516 ) ) ;
#3083 = CARTESIAN_POINT ( 'NONE',  ( -22.01017124224799204, -20.07560407276704240, -12.61573586163175342 ) ) ;
#3084 = AXIS2_PLACEMENT_3D ( 'NONE', #5428, #3221, #5547 ) ;
#3085 = AXIS2_PLACEMENT_3D ( 'NONE', #166, #4621, #2383 ) ;
#3086 = EDGE_LOOP ( 'NONE', ( #373, #758, #4667, #5259, #5525, #2886, #4906, #2504, #5586, #1491, #963, #1666, #1050, #5427, #2448, #3406, #1643, #3435, #429, #4362, #3417 ) ) ;
#3087 = DIRECTION ( 'NONE',  ( 0.000000000000000000, 0.000000000000000000, 1.000000000000000000 ) ) ;
#3088 = DIRECTION ( 'NONE',  ( 0.000000000000000000, 0.000000000000000000, -1.000000000000000000 ) ) ;
#3089 = CIRCLE ( 'NONE', #118, 32.50000000000000711 ) ;
#3090 = DIRECTION ( 'NONE',  ( 1.000000000000000000, 0.000000000000000000, 0.000000000000000000 ) ) ;
#3091 = CONICAL_SURFACE ( 'NONE', #4591, 32.50000000000000711, 0.7853981633974506105 ) ;
#3092 = ORIENTED_EDGE ( 'NONE', *, *, #3838, .F. ) ;
#3093 = EDGE_CURVE ( 'NONE', #4140, #5601, #2039, .T. ) ;
#3094 = DIRECTION ( 'NONE',  ( 1.000000000000000000, 0.000000000000000000, 0.000000000000000000 ) ) ;
#3095 = ADVANCED_FACE ( 'NONE', ( #1709 ), #3484, .F. ) ;
#3096 = DIRECTION ( 'NONE',  ( -1.000000000000000000, 0.000000000000000000, 0.000000000000000000 ) ) ;
#3097 = CONICAL_SURFACE ( 'NONE', #4597, 2.552699999999994418, 1.029744258676652535 ) ;
#3098 = CARTESIAN_POINT ( 'NONE',  ( -5.865286150960838718, 33.76428571428571956, 6.250000000000005329 ) ) ;
#3099 = ORIENTED_EDGE ( 'NONE', *, *, #4494, .T. ) ;
#3100 = CARTESIAN_POINT ( 'NONE',  ( 30.69852562299425003, 16.25000000000000000, -6.249999999999993783 ) ) ;
#3101 = CARTESIAN_POINT ( 'NONE',  ( 28.14582562299386126, 16.25000000000057199, -20.95249999999998991 ) ) ;
#3102 = EDGE_CURVE ( 'NONE', #1859, #5290, #1149, .T. ) ;
#3103 = DIRECTION ( 'NONE',  ( 1.000000000000000000, 0.000000000000000000, 0.000000000000000000 ) ) ;
#3104 = ORIENTED_EDGE ( 'NONE', *, *, #5256, .T. ) ;
#3105 = CARTESIAN_POINT ( 'NONE',  ( 0.000000000000000000, 0.000000000000000000, 11.95250000000002721 ) ) ;
#3106 = EDGE_LOOP ( 'NONE', ( #1123, #4757, #1745, #3146, #5528 ) ) ;
#3107 = ORIENTED_EDGE ( 'NONE', *, *, #882, .T. ) ;
#3108 = CARTESIAN_POINT ( 'NONE',  ( 8.263657334641768770, -36.06538461538462315, 6.250000000000003553 ) ) ;
#3109 = DIRECTION ( 'NONE',  ( -1.000000000000000000, 0.000000000000000000, 0.000000000000000000 ) ) ;
#3110 = ADVANCED_FACE ( 'NONE', ( #5254 ), #2226, .F. ) ;
#3111 = CARTESIAN_POINT ( 'NONE',  ( 28.88814571031941725, -8.099583839879047176, -12.45249999999998103 ) ) ;
#3112 = VERTEX_POINT ( 'NONE', #802 ) ;
#3113 = DIRECTION ( 'NONE',  ( -1.000000000000000000, 0.000000000000000000, 0.000000000000000000 ) ) ;
#3114 = DIRECTION ( 'NONE',  ( 0.000000000000000000, -0.000000000000000000, 1.000000000000000000 ) ) ;
#3115 = DIRECTION ( 'NONE',  ( -0.000000000000000000, -0.000000000000000000, 1.000000000000000000 ) ) ;
#3116 = DIRECTION ( 'NONE',  ( -1.000000000000000000, 0.000000000000000000, 0.000000000000000000 ) ) ;
#3117 = EDGE_LOOP ( 'NONE', ( #5153, #2286, #2613, #5125 ) ) ;
#3118 = FACE_OUTER_BOUND ( 'NONE', #2280, .T. ) ;
#3119 = DIRECTION ( 'NONE',  ( 0.000000000000000000, 0.000000000000000000, 1.000000000000000000 ) ) ;
#3120 = AXIS2_PLACEMENT_3D ( 'NONE', #4787, #1231, #393 ) ;
#3121 = CIRCLE ( 'NONE', #3416, 6.000000000000008882 ) ;
#3122 = CYLINDRICAL_SURFACE ( 'NONE', #2763, 8.000000000000000000 ) ;
#3123 = CARTESIAN_POINT ( 'NONE',  ( -23.69683083218940922, 1.384911126140899285, -17.32473138875047169 ) ) ;
#3124 = ORIENTED_EDGE ( 'NONE', *, *, #4862, .T. ) ;
#3125 = VECTOR ( 'NONE', #2869, 1000.000000000000000 ) ;
#3126 = AXIS2_PLACEMENT_3D ( 'NONE', #2558, #5274, #5708 ) ;
#3127 = CARTESIAN_POINT ( 'NONE',  ( 28.14582562299425916, 16.25000000000000000, -6.249999999999994671 ) ) ;
#3128 = FACE_BOUND ( 'NONE', #485, .T. ) ;
#3129 = AXIS2_PLACEMENT_3D ( 'NONE', #4136, #5463, #3604 ) ;
#3130 = CIRCLE ( 'NONE', #3043, 5.999999999999998224 ) ;
#3131 = FACE_OUTER_BOUND ( 'NONE', #3425, .T. ) ;
#3132 = ORIENTED_EDGE ( 'NONE', *, *, #1355, .F. ) ;
#3133 = CARTESIAN_POINT ( 'NONE',  ( -23.84235620777342035, -1.244627661359610560, -17.21657192886060628 ) ) ;
#3134 = ORIENTED_EDGE ( 'NONE', *, *, #1034, .F. ) ;
#3135 = ORIENTED_EDGE ( 'NONE', *, *, #614, .F. ) ;
#3136 = CARTESIAN_POINT ( 'NONE',  ( 22.85163672616834418, -13.41979995135610260, -15.17472422670868148 ) ) ;
#3137 = CARTESIAN_POINT ( 'NONE',  ( 0.3923315034762591136, -26.50000420384687772, -15.17471821226344986 ) ) ;
#3138 = CARTESIAN_POINT ( 'NONE',  ( 28.39106874445863937, -9.023565401048802670, -12.61573586163175342 ) ) ;
#3139 = ORIENTED_EDGE ( 'NONE', *, *, #3002, .T. ) ;
#3140 = EDGE_CURVE ( 'NONE', #3260, #3438, #3944, .T. ) ;
#3141 = FACE_OUTER_BOUND ( 'NONE', #3955, .T. ) ;
#3142 = CARTESIAN_POINT ( 'NONE',  ( 17.50000000000000000, 0.000000000000000000, -16.45250000000001123 ) ) ;
#3143 = DIRECTION ( 'NONE',  ( -0.000000000000000000, -0.000000000000000000, 1.000000000000000000 ) ) ;
#3144 = CIRCLE ( 'NONE', #5371, 6.000000000000001776 ) ;
#3145 = CARTESIAN_POINT ( 'NONE',  ( -1.500000000000000444, -23.00000000000000000, -10.07749999999998458 ) ) ;
#3146 = ORIENTED_EDGE ( 'NONE', *, *, #5301, .F. ) ;
#3147 = AXIS2_PLACEMENT_3D ( 'NONE', #21, #2259, #2290 ) ;
#3148 = EDGE_CURVE ( 'NONE', #2938, #2580, #2465, .T. ) ;
#3149 = CYLINDRICAL_SURFACE ( 'NONE', #995, 6.000000000000001776 ) ;
#3150 = CARTESIAN_POINT ( 'NONE',  ( -22.14582562299429114, 16.24999999999993960, -14.42170494256398428 ) ) ;
#3151 = DIRECTION ( 'NONE',  ( -0.000000000000000000, -0.000000000000000000, -1.000000000000000000 ) ) ;
#3152 = CYLINDRICAL_SURFACE ( 'NONE', #5314, 30.00000000000000355 ) ;
#3153 = ORIENTED_EDGE ( 'NONE', *, *, #4833, .F. ) ;
#3154 = DIRECTION ( 'NONE',  ( -0.000000000000000000, -0.000000000000000000, -1.000000000000000000 ) ) ;
#3155 = DIRECTION ( 'NONE',  ( 0.000000000000000000, 0.000000000000000000, 1.000000000000000000 ) ) ;
#3156 = CARTESIAN_POINT ( 'NONE',  ( 19.00000000000000000, 2.326828918379970970E-15, -19.05249999999998067 ) ) ;
#3157 = DIRECTION ( 'NONE',  ( 0.7071067811865489050, 0.000000000000000000, 0.7071067811865462405 ) ) ;
#3158 = ORIENTED_EDGE ( 'NONE', *, *, #3093, .F. ) ;
#3159 = DIRECTION ( 'NONE',  ( -1.000000000000000000, 0.000000000000000000, 0.000000000000000000 ) ) ;
#3160 = VERTEX_POINT ( 'NONE', #3510 ) ;
#3161 = ORIENTED_EDGE ( 'NONE', *, *, #4564, .F. ) ;
#3162 = EDGE_CURVE ( 'NONE', #5601, #328, #593, .T. ) ;
#3163 = FACE_OUTER_BOUND ( 'NONE', #431, .T. ) ;
#3164 = CARTESIAN_POINT ( 'NONE',  ( -5.865286150960838718, 33.76428571428571956, -6.249999999999992006 ) ) ;
#3165 = CARTESIAN_POINT ( 'NONE',  ( 24.50000000000000355, 0.000000000000000000, -10.07749999999998458 ) ) ;
#3166 = VECTOR ( 'NONE', #2105, 1000.000000000000000 ) ;
#3167 = EDGE_CURVE ( 'NONE', #1773, #268, #1625, .T. ) ;
#3168 = DIRECTION ( 'NONE',  ( 1.000000000000000000, 0.000000000000000000, 0.000000000000000000 ) ) ;
#3169 = ORIENTED_EDGE ( 'NONE', *, *, #4332, .F. ) ;
#3170 = AXIS2_PLACEMENT_3D ( 'NONE', #2069, #5230, #803 ) ;
#3171 = CARTESIAN_POINT ( 'NONE',  ( 8.263657334641774099, 36.06538461538462315, 0.000000000000000000 ) ) ;
#3172 = DIRECTION ( 'NONE',  ( 0.000000000000000000, 0.000000000000000000, -1.000000000000000000 ) ) ;
#3173 = CARTESIAN_POINT ( 'NONE',  ( 6.738741432543389642, -25.11153846153841940, -6.249999999999993783 ) ) ;
#3174 = EDGE_CURVE ( 'NONE', #5718, #660, #400, .T. ) ;
#3175 = CIRCLE ( 'NONE', #4846, 6.000000000000012434 ) ;
#3176 = CARTESIAN_POINT ( 'NONE',  ( 32.95885383533170199, -12.66743675181528772, 17.95250000000002544 ) ) ;
#3177 = ORIENTED_EDGE ( 'NONE', *, *, #2625, .F. ) ;
#3178 =( LENGTH_UNIT ( ) NAMED_UNIT ( * ) SI_UNIT ( .MILLI., .METRE. ) );
#3179 = CIRCLE ( 'NONE', #1886, 7.999999999999998224 ) ;
#3180 = DIRECTION ( 'NONE',  ( -0.000000000000000000, -0.000000000000000000, -1.000000000000000000 ) ) ;
#3181 = AXIS2_PLACEMENT_3D ( 'NONE', #1960, #3296, #4704 ) ;
#3182 = CARTESIAN_POINT ( 'NONE',  ( 2.220446049250313081E-13, -32.50000000000000000, -20.95249999999998991 ) ) ;
#3183 = FACE_OUTER_BOUND ( 'NONE', #5475, .T. ) ;
#3184 = DIRECTION ( 'NONE',  ( -0.000000000000000000, -0.000000000000000000, -1.000000000000000000 ) ) ;
#3185 = VERTEX_POINT ( 'NONE', #4355 ) ;
#3186 = DIRECTION ( 'NONE',  ( -0.000000000000000000, -0.000000000000000000, 1.000000000000000000 ) ) ;
#3187 = FACE_OUTER_BOUND ( 'NONE', #2310, .T. ) ;
#3188 = DIRECTION ( 'NONE',  ( 0.000000000000000000, 0.000000000000000000, -1.000000000000000000 ) ) ;
#3189 = LINE ( 'NONE', #5743, #841 ) ;
#3190 = ORIENTED_EDGE ( 'NONE', *, *, #3513, .T. ) ;
#3191 = CARTESIAN_POINT ( 'NONE',  ( -19.00000000000000000, 0.000000000000000000, -16.95249999999998636 ) ) ;
#3192 = ORIENTED_EDGE ( 'NONE', *, *, #4445, .F. ) ;
#3193 = ORIENTED_EDGE ( 'NONE', *, *, #3952, .T. ) ;
#3194 = DIRECTION ( 'NONE',  ( 1.000000000000000000, 0.000000000000000000, 0.000000000000000000 ) ) ;
#3195 = CARTESIAN_POINT ( 'NONE',  ( -22.38310820391848921, -18.14766523978454771, -13.37450691810773051 ) ) ;
#3196 = CARTESIAN_POINT ( 'NONE',  ( 21.86714259477727751, 20.36589673919787558, -12.54509241238392825 ) ) ;
#3197 = EDGE_CURVE ( 'NONE', #4140, #3488, #4701, .T. ) ;
#3198 = AXIS2_PLACEMENT_3D ( 'NONE', #1268, #4873, #881 ) ;
#3199 = LINE ( 'NONE', #5750, #5243 ) ;
#3200 = VERTEX_POINT ( 'NONE', #3047 ) ;
#3201 = FACE_BOUND ( 'NONE', #5429, .T. ) ;
#3202 = FACE_OUTER_BOUND ( 'NONE', #4788, .T. ) ;
#3203 = CARTESIAN_POINT ( 'NONE',  ( -5.865286150960843159, -33.76428571428571956, 6.250000000000005329 ) ) ;
#3204 = CLOSED_SHELL ( 'NONE', ( #3887, #2497, #4853, #4930, #3856, #852, #824, #176, #2997, #505, #3703, #3480, #4180, #2412, #3110, #5298, #167, #1749, #209, #4845, #3227, #1588, #3606, #4455, #925, #2741, #5342, #5281, #4447, #4250, #679, #1805, #5112, #2795, #2868, #1317, #1192, #2315, #1336, #2930, #2548, #1133, #2443, #792, #923, #1713, #2301, #4956, #5021, #5062, #2210, #5164, #4486, #3961, #4721, #3954, #4214, #1741, #1319, #2144, #4539, #1264, #621, #5700, #2027, #5308, #5334, #1286, #3246, #5025, #5053, #1296, #4507, #2131, #2153, #5234, #2771, #3984, #5275, #3393, #1373, #4699, #2979, #189, #2638, #4636, #2941, #4326, #3442, #1535, #3714, #3411, #5169, #3049, #724, #4687, #768, #1348, #4924, #3570, #1320, #4020, #632, #5658, #773, #3095, #3504, #1760, #1177, #3799, #5162, #1912, #4145, #5418, #4208, #664, #3385, #2220, #2192, #2142, #3532, #3014, #279, #100, #1716, #3651, #5270, #4681, #551, #2553, #5559, #2924, #2927, #4085, #1796, #5208, #1204, #3006, #1844, #4912, #3538, #2349, #3447, #3078, #1969, #4842, #5401, #1898, #4282, #2256, #4073, #1354, #4552, #2909, #4409, #1004, #3951, #739, #4081, #2319, #4749, #340, #3355, #1215, #1877, #1582, #4333, #3899, #4574, #3832, #3294 ) ) ;
#3205 = DIRECTION ( 'NONE',  ( -0.000000000000000000, -0.000000000000000000, -1.000000000000000000 ) ) ;
#3206 = ORIENTED_EDGE ( 'NONE', *, *, #1440, .T. ) ;
#3207 = ORIENTED_EDGE ( 'NONE', *, *, #3477, .F. ) ;
#3208 = CARTESIAN_POINT ( 'NONE',  ( -22.67541503524150670, -13.77977206724218817, -15.14862000072680814 ) ) ;
#3209 = EDGE_CURVE ( 'NONE', #5679, #5615, #4867, .T. ) ;
#3210 = DIRECTION ( 'NONE',  ( -1.000000000000000000, -1.156482317317870344E-15, 0.000000000000000000 ) ) ;
#3211 = FACE_OUTER_BOUND ( 'NONE', #1248, .T. ) ;
#3212 = CARTESIAN_POINT ( 'NONE',  ( 32.49790567597337088, -9.994304711961611076, 17.95250000000002544 ) ) ;
#3213 = EDGE_CURVE ( 'NONE', #5305, #1223, #2369, .T. ) ;
#3214 = CARTESIAN_POINT ( 'NONE',  ( -21.49999999999914735, -9.663950455392047597E-14, -19.06361111111179696 ) ) ;
#3215 = DIRECTION ( 'NONE',  ( -0.000000000000000000, -0.000000000000000000, 1.000000000000000000 ) ) ;
#3216 = AXIS2_PLACEMENT_3D ( 'NONE', #3713, #4063, #1508 ) ;
#3217 = VECTOR ( 'NONE', #4283, 999.9999999999998863 ) ;
#3218 = DIRECTION ( 'NONE',  ( 1.000000000000000000, 0.000000000000000000, 0.000000000000000000 ) ) ;
#3219 = DIRECTION ( 'NONE',  ( 1.000000000000000000, 0.000000000000000000, 0.000000000000000000 ) ) ;
#3220 = VERTEX_POINT ( 'NONE', #5332 ) ;
#3221 = DIRECTION ( 'NONE',  ( -0.000000000000000000, -0.000000000000000000, 1.000000000000000000 ) ) ;
#3222 = ORIENTED_EDGE ( 'NONE', *, *, #185, .T. ) ;
#3223 = VERTEX_POINT ( 'NONE', #5306 ) ;
#3224 = DIRECTION ( 'NONE',  ( 0.000000000000000000, 0.000000000000000000, -1.000000000000000000 ) ) ;
#3226 = VECTOR ( 'NONE', #4939, 1000.000000000000000 ) ;
#3225 = DIRECTION ( 'NONE',  ( -1.000000000000000000, 0.000000000000000000, -0.000000000000000000 ) ) ;
#3227 = ADVANCED_FACE ( 'NONE', ( #374 ), #3097, .F. ) ;
#3228 = LINE ( 'NONE', #5035, #3517 ) ;
#3229 = CARTESIAN_POINT ( 'NONE',  ( 28.18246699267410449, -9.294671991464143801, -12.70513627312271687 ) ) ;
#3230 = ORIENTED_EDGE ( 'NONE', *, *, #2577, .F. ) ;
#3231 = CARTESIAN_POINT ( 'NONE',  ( -31.06417454320983396, -9.553379504080968587, 19.45250000000001123 ) ) ;
#3232 = CARTESIAN_POINT ( 'NONE',  ( 24.90427461170795809, -23.14685952920262579, 17.95250000000002544 ) ) ;
#3233 = CARTESIAN_POINT ( 'NONE',  ( -6.376522605984757064, -29.09878145099800051, -12.61675967384449493 ) ) ;
#3234 = DIRECTION ( 'NONE',  ( -0.000000000000000000, -0.000000000000000000, -1.000000000000000000 ) ) ;
#3235 = ORIENTED_EDGE ( 'NONE', *, *, #5531, .T. ) ;
#3236 = CARTESIAN_POINT ( 'NONE',  ( -28.14582562299424850, 16.25000000000000711, -6.249999999999994671 ) ) ;
#3237 = B_SPLINE_CURVE_WITH_KNOTS ( 'NONE', 3,
 ( #5542, #5023, #2782, #3681, #1884, #5052, #223, #1063, #687, #104, #4154, #1507, #4562, #137 ),
 .UNSPECIFIED., .F., .F.,
 ( 4, 2, 2, 2, 2, 2, 4 ),
 ( 0.000000000000000000, 0.001057616366208099156, 0.001586424549312148626, 0.002115232732416198313, 0.002644040915520247999, 0.003172849098624297252, 0.004230465464832398360 ),
 .UNSPECIFIED. ) ;
#3238 = AXIS2_PLACEMENT_3D ( 'NONE', #901, #2675, #4449 ) ;
#3239 = LINE ( 'NONE', #4053, #895 ) ;
#3240 = CARTESIAN_POINT ( 'NONE',  ( -22.54987991837959527, 14.07912219377302065, -15.10963703241662337 ) ) ;
#3241 = AXIS2_PLACEMENT_3D ( 'NONE', #1523, #5070, #181 ) ;
#3242 = EDGE_CURVE ( 'NONE', #889, #2722, #4821, .T. ) ;
#3243 = LINE ( 'NONE', #3212, #5082 ) ;
#3244 = CARTESIAN_POINT ( 'NONE',  ( 30.69852562299425713, -16.24999999999999289, -6.249999999999994671 ) ) ;
#3245 = DIRECTION ( 'NONE',  ( -1.000000000000000000, 0.000000000000000000, 0.000000000000000000 ) ) ;
#3246 = ADVANCED_FACE ( 'NONE', ( #1352, #2199 ), #4902, .F. ) ;
#3247 = CARTESIAN_POINT ( 'NONE',  ( -22.14582562299419521, -16.25000000000012790, -14.42170494256395585 ) ) ;
#3248 = CARTESIAN_POINT ( 'NONE',  ( 22.58870367812592761, 13.95495214113592475, -15.13660542823464716 ) ) ;
#3249 = EDGE_LOOP ( 'NONE', ( #4603, #3384, #497 ) ) ;
#3250 = DIRECTION ( 'NONE',  ( -1.000000000000000000, 0.000000000000000000, 0.000000000000000000 ) ) ;
#3251 = ORIENTED_EDGE ( 'NONE', *, *, #5098, .F. ) ;
#3252 = ORIENTED_EDGE ( 'NONE', *, *, #1081, .F. ) ;
#3253 = CIRCLE ( 'NONE', #2522, 5.999999999999998224 ) ;
#3254 = CARTESIAN_POINT ( 'NONE',  ( -28.17943617909181242, -9.298287315658450680, -12.70649441957943182 ) ) ;
#3255 = VECTOR ( 'NONE', #4626, 1000.000000000000000 ) ;
#3256 = PLANE ( 'NONE',  #5216 ) ;
#3257 = CARTESIAN_POINT ( 'NONE',  ( 28.14582562299426272, -16.24999999999999289, 13.59381690219166217 ) ) ;
#3258 = EDGE_CURVE ( 'NONE', #406, #1909, #1326, .T. ) ;
#3259 = CIRCLE ( 'NONE', #2150, 30.00000000000000355 ) ;
#3260 = VERTEX_POINT ( 'NONE', #3949 ) ;
#3261 = ORIENTED_EDGE ( 'NONE', *, *, #931, .F. ) ;
#3262 = CARTESIAN_POINT ( 'NONE',  ( 28.14582562299425561, -16.24999999999999645, -6.249999999999992006 ) ) ;
#3263 = CARTESIAN_POINT ( 'NONE',  ( 0.7337453331937392464, -24.31255348522931570, -16.86760974974749772 ) ) ;
#3264 = CIRCLE ( 'NONE', #1875, 34.00000000000000000 ) ;
#3265 = DIRECTION ( 'NONE',  ( -0.000000000000000000, -0.000000000000000000, 1.000000000000000000 ) ) ;
#3266 = FACE_OUTER_BOUND ( 'NONE', #561, .T. ) ;
#3267 = EDGE_LOOP ( 'NONE', ( #1436, #1244 ) ) ;
#3268 = VECTOR ( 'NONE', #175, 1000.000000000000114 ) ;
#3269 = FACE_BOUND ( 'NONE', #2668, .T. ) ;
#3270 = CARTESIAN_POINT ( 'NONE',  ( -28.14582562299425561, -16.25000000000001066, 19.45250000000001123 ) ) ;
#3271 = AXIS2_PLACEMENT_3D ( 'NONE', #4658, #199, #110 ) ;
#3272 = AXIS2_PLACEMENT_3D ( 'NONE', #3863, #5631, #1657 ) ;
#3273 = DIRECTION ( 'NONE',  ( -0.000000000000000000, -0.000000000000000000, 1.000000000000000000 ) ) ;
#3274 = DIRECTION ( 'NONE',  ( 1.000000000000000000, 0.000000000000000000, 0.000000000000000000 ) ) ;
#3275 = EDGE_CURVE ( 'NONE', #1018, #1773, #5712, .T. ) ;
#3276 = DIRECTION ( 'NONE',  ( 1.000000000000000000, 0.000000000000000000, 0.000000000000000000 ) ) ;
#3277 = CARTESIAN_POINT ( 'NONE',  ( 0.000000000000000000, 0.000000000000000000, -10.07749999999998458 ) ) ;
#3278 = FACE_OUTER_BOUND ( 'NONE', #3753, .T. ) ;
#3279 = DIRECTION ( 'NONE',  ( 0.000000000000000000, 0.000000000000000000, -1.000000000000000000 ) ) ;
#3280 = EDGE_LOOP ( 'NONE', ( #4765, #4427, #329 ) ) ;
#3281 = CARTESIAN_POINT ( 'NONE',  ( -3.789854940251958570, 27.84523402896617128, -13.92896116591963995 ) ) ;
#3282 = VERTEX_POINT ( 'NONE', #4528 ) ;
#3283 = ORIENTED_EDGE ( 'NONE', *, *, #2582, .F. ) ;
#3284 = CARTESIAN_POINT ( 'NONE',  ( -28.75157537135646990, -8.425753111913021343, -12.48454517327947499 ) ) ;
#3285 = DIRECTION ( 'NONE',  ( 1.000000000000000000, 0.000000000000000000, 0.000000000000000000 ) ) ;
#3286 = EDGE_CURVE ( 'NONE', #5205, #3460, #45, .T. ) ;
#3287 = DIRECTION ( 'NONE',  ( 1.000000000000000000, 0.000000000000000000, 0.000000000000000000 ) ) ;
#3288 = ORIENTED_EDGE ( 'NONE', *, *, #4238, .F. ) ;
#3289 = VERTEX_POINT ( 'NONE', #4032 ) ;
#3290 = VERTEX_POINT ( 'NONE', #3244 ) ;
#3291 = DIRECTION ( 'NONE',  ( -0.000000000000000000, -0.000000000000000000, 1.000000000000000000 ) ) ;
#3292 = CONICAL_SURFACE ( 'NONE', #4029, 32.50000000000000711, 0.7853981633974506105 ) ;
#3293 = CARTESIAN_POINT ( 'NONE',  ( 10.80447448861208137, 27.98684210526316107, 6.250000000000003553 ) ) ;
#3294 = ADVANCED_FACE ( 'NONE', ( #1852 ), #3292, .T. ) ;
#3295 = VECTOR ( 'NONE', #1589, 1000.000000000000000 ) ;
#3296 = DIRECTION ( 'NONE',  ( -0.000000000000000000, -0.000000000000000000, 1.000000000000000000 ) ) ;
#3297 = VECTOR ( 'NONE', #4684, 1000.000000000000000 ) ;
#3298 = VERTEX_POINT ( 'NONE', #3214 ) ;
#3299 = DIRECTION ( 'NONE',  ( 0.000000000000000000, 0.000000000000000000, -1.000000000000000000 ) ) ;
#3300 = AXIS2_PLACEMENT_3D ( 'NONE', #3077, #5641, #2127 ) ;
#3301 = LINE ( 'NONE', #5076, #3797 ) ;
#3302 = EDGE_CURVE ( 'NONE', #876, #2987, #1477, .T. ) ;
#3303 = CARTESIAN_POINT ( 'NONE',  ( 2.552699999999999747, 32.50000000000000000, 12.06000000000000583 ) ) ;
#3304 = EDGE_CURVE ( 'NONE', #2174, #3957, #4782, .T. ) ;
#3305 = DIRECTION ( 'NONE',  ( -0.000000000000000000, -0.000000000000000000, 1.000000000000000000 ) ) ;
#3306 = CARTESIAN_POINT ( 'NONE',  ( -0.1176509837829682742, -21.50032590367965923, -19.06333994585533986 ) ) ;
#3307 = DIRECTION ( 'NONE',  ( 0.000000000000000000, 0.000000000000000000, -1.000000000000000000 ) ) ;
#3308 = B_SPLINE_CURVE_WITH_KNOTS ( 'NONE', 3,
 ( #924, #3111, #4973, #2700, #3138, #3229, #1017, #4477, #3551, #1395, #956, #5407, #4943, #5317 ),
 .UNSPECIFIED., .F., .F.,
 ( 4, 2, 2, 2, 2, 2, 4 ),
 ( 0.000000000000000000, 0.001057616366208104144, 0.001586424549312156216, 0.002115232732416208287, 0.002644040915520260576, 0.003172849098624312431, 0.004230465464832403565 ),
 .UNSPECIFIED. ) ;
#3309 = DIRECTION ( 'NONE',  ( -0.000000000000000000, -0.000000000000000000, 1.000000000000000000 ) ) ;
#3310 = VERTEX_POINT ( 'NONE', #4993 ) ;
#3311 = CARTESIAN_POINT ( 'NONE',  ( -29.63955347916789407, 4.636471670952648338, 6.250000000000003553 ) ) ;
#3312 = ORIENTED_EDGE ( 'NONE', *, *, #1815, .F. ) ;
#3313 = EDGE_LOOP ( 'NONE', ( #250, #5462, #2680, #349 ) ) ;
#3314 = CIRCLE ( 'NONE', #2488, 3.000000000000000888 ) ;
#3315 = CARTESIAN_POINT ( 'NONE',  ( -7.775470883703708758, 28.97485207100591964, -6.249999999999993783 ) ) ;
#3316 = PLANE ( 'NONE',  #1220 ) ;
#3317 = DIRECTION ( 'NONE',  ( 0.000000000000000000, 0.000000000000000000, -1.000000000000000000 ) ) ;
#3318 = ORIENTED_EDGE ( 'NONE', *, *, #3940, .F. ) ;
#3319 = EDGE_LOOP ( 'NONE', ( #2961, #4023, #5436, #2484, #616, #4802 ) ) ;
#3320 = VERTEX_POINT ( 'NONE', #2320 ) ;
#3321 = ORIENTED_EDGE ( 'NONE', *, *, #5582, .F. ) ;
#3322 = CARTESIAN_POINT ( 'NONE',  ( -24.23680414465187383, -11.68683186953079733, -14.85922003206571951 ) ) ;
#3323 = DIRECTION ( 'NONE',  ( 1.000000000000000000, 0.000000000000000000, 0.000000000000000000 ) ) ;
#3324 = CIRCLE ( 'NONE', #1559, 5.999999999999998224 ) ;
#3325 = CYLINDRICAL_SURFACE ( 'NONE', #1324, 8.000000000000000000 ) ;
#3326 = VERTEX_POINT ( 'NONE', #4561 ) ;
#3327 = CIRCLE ( 'NONE', #2585, 8.000000000000000000 ) ;
#3328 = DIRECTION ( 'NONE',  ( 0.000000000000000000, 0.000000000000000000, 1.000000000000000000 ) ) ;
#3329 = CARTESIAN_POINT ( 'NONE',  ( 21.50000000000000000, 1.658753602626325943E-22, -19.06361111111108997 ) ) ;
#3330 = EDGE_CURVE ( 'NONE', #3900, #515, #3019, .T. ) ;
#3331 = CARTESIAN_POINT ( 'NONE',  ( -27.83401248979000542, 9.659895342477463842, -12.87076489622952380 ) ) ;
#3332 = PRODUCT_DEFINITION ( 'UNKNOWN', '', #613, #2963 ) ;
#3333 = EDGE_CURVE ( 'NONE', #322, #828, #1243, .T. ) ;
#3334 = AXIS2_PLACEMENT_3D ( 'NONE', #115, #177, #5091 ) ;
#3335 = LINE ( 'NONE', #2870, #584 ) ;
#3336 = DIRECTION ( 'NONE',  ( -0.000000000000000000, -0.000000000000000000, -1.000000000000000000 ) ) ;
#3337 = DIRECTION ( 'NONE',  ( -0.000000000000000000, -0.000000000000000000, 1.000000000000000000 ) ) ;
#3338 = AXIS2_PLACEMENT_3D ( 'NONE', #2828, #4512, #4113 ) ;
#3339 = LINE ( 'NONE', #5573, #3255 ) ;
#3340 = CARTESIAN_POINT ( 'NONE',  ( 0.7807131518410421744, 26.54779589786435423, -15.12917304405976715 ) ) ;
#3341 = EDGE_LOOP ( 'NONE', ( #5145, #2519, #3915, #4058 ) ) ;
#3342 = ORIENTED_EDGE ( 'NONE', *, *, #3988, .F. ) ;
#3343 = DIRECTION ( 'NONE',  ( -1.000000000000000000, 0.000000000000000000, 0.000000000000000000 ) ) ;
#3344 = DIRECTION ( 'NONE',  ( 0.000000000000000000, 0.000000000000000000, -1.000000000000000000 ) ) ;
#3345 = DIRECTION ( 'NONE',  ( -0.6758673375835769770, 0.2078541363256692087, -0.7071067811865456854 ) ) ;
#3346 = EDGE_CURVE ( 'NONE', #4246, #1819, #1996, .T. ) ;
#3347 = VERTEX_POINT ( 'NONE', #2382 ) ;
#3348 = ORIENTED_EDGE ( 'NONE', *, *, #2672, .T. ) ;
#3349 = CIRCLE ( 'NONE', #831, 4.500000000000007105 ) ;
#3350 = EDGE_LOOP ( 'NONE', ( #1689, #3637, #4337, #2101 ) ) ;
#3351 = EDGE_LOOP ( 'NONE', ( #1526, #5228, #2877, #696 ) ) ;
#3352 = ORIENTED_EDGE ( 'NONE', *, *, #71, .F. ) ;
#3353 = FACE_OUTER_BOUND ( 'NONE', #2505, .T. ) ;
#3354 = CARTESIAN_POINT ( 'NONE',  ( -26.32829082044207780, 10.53190877639118561, -6.249999999999993783 ) ) ;
#3355 = ADVANCED_FACE ( 'NONE', ( #5454 ), #332, .T. ) ;
#3356 = CARTESIAN_POINT ( 'NONE',  ( -28.14582562299425561, 16.25000000000001066, 17.95250000000002544 ) ) ;
#3357 = AXIS2_PLACEMENT_3D ( 'NONE', #4451, #1870, #5473 ) ;
#3358 = EDGE_CURVE ( 'NONE', #2708, #4967, #5618, .T. ) ;
#3359 = CYLINDRICAL_SURFACE ( 'NONE', #122, 27.50000000000000355 ) ;
#3360 = ORIENTED_EDGE ( 'NONE', *, *, #2500, .F. ) ;
#3361 = AXIS2_PLACEMENT_3D ( 'NONE', #3627, #3659, #3103 ) ;
#3362 = DIRECTION ( 'NONE',  ( 1.000000000000000000, 0.000000000000000000, 0.000000000000000000 ) ) ;
#3363 = AXIS2_PLACEMENT_3D ( 'NONE', #1959, #4198, #4612 ) ;
#3364 = CARTESIAN_POINT ( 'NONE',  ( 21.49999999999999645, 0.2256304078828180737, -19.06361111111108997 ) ) ;
#3365 = EDGE_CURVE ( 'NONE', #4814, #4479, #5156, .T. ) ;
#3366 = CARTESIAN_POINT ( 'NONE',  ( -27.70822254642123994, 9.771124286072364384, -12.93449815022521676 ) ) ;
#3367 = VERTEX_POINT ( 'NONE', #3594 ) ;
#3368 = VECTOR ( 'NONE', #1015, 1000.000000000000000 ) ;
#3369 = CARTESIAN_POINT ( 'NONE',  ( -1.500000000000000666, -22.82372434683844276, -17.99575397439628688 ) ) ;
#3370 = DIRECTION ( 'NONE',  ( -1.000000000000000000, 0.000000000000000000, 0.000000000000000000 ) ) ;
#3371 = EDGE_CURVE ( 'NONE', #173, #2686, #5066, .T. ) ;
#3372 = CARTESIAN_POINT ( 'NONE',  ( -0.4484812684756956380, 21.55281124552208283, -19.01955831432767141 ) ) ;
#3373 = CARTESIAN_POINT ( 'NONE',  ( 5.509104889761180956, 34.87692307692308447, -23.22056274847715684 ) ) ;
#3374 = ORIENTED_EDGE ( 'NONE', *, *, #3427, .F. ) ;
#3375 = ORIENTED_EDGE ( 'NONE', *, *, #5567, .T. ) ;
#3376 = DIRECTION ( 'NONE',  ( -0.000000000000000000, -0.000000000000000000, -1.000000000000000000 ) ) ;
#3377 = DIRECTION ( 'NONE',  ( 1.000000000000000000, 0.000000000000000000, 0.000000000000000000 ) ) ;
#3378 = VECTOR ( 'NONE', #372, 1000.000000000000000 ) ;
#3379 = CIRCLE ( 'NONE', #318, 6.000000000000000888 ) ;
#3380 = EDGE_LOOP ( 'NONE', ( #1919, #1396, #1332, #2429 ) ) ;
#3381 = VERTEX_POINT ( 'NONE', #913 ) ;
#3382 = ORIENTED_EDGE ( 'NONE', *, *, #5440, .F. ) ;
#3383 = ORIENTED_EDGE ( 'NONE', *, *, #3093, .T. ) ;
#3384 = ORIENTED_EDGE ( 'NONE', *, *, #4996, .T. ) ;
#3385 = ADVANCED_FACE ( 'NONE', ( #5363 ), #2373, .F. ) ;
#3386 = CARTESIAN_POINT ( 'NONE',  ( 21.50000000000000000, 1.836970198721029934E-16, -10.07749999999998458 ) ) ;
#3387 = CARTESIAN_POINT ( 'NONE',  ( 0.4466820213288814068, -24.44747733457433014, -16.76855166629838223 ) ) ;
#3388 = DIRECTION ( 'NONE',  ( 0.000000000000000000, 0.000000000000000000, 1.000000000000000000 ) ) ;
#3389 = CARTESIAN_POINT ( 'NONE',  ( -0.4399319460922151426, 24.43816084916872811, -16.77547554437116517 ) ) ;
#3390 = ORIENTED_EDGE ( 'NONE', *, *, #3936, .T. ) ;
#3391 = AXIS2_PLACEMENT_3D ( 'NONE', #350, #3457, #2175 ) ;
#3392 = CARTESIAN_POINT ( 'NONE',  ( 7.593631064265406572, -33.14116424116424042, 17.95250000000002544 ) ) ;
#3393 = ADVANCED_FACE ( 'NONE', ( #943, #2717 ), #2749, .F. ) ;
#3394 = CARTESIAN_POINT ( 'NONE',  ( -29.54343440694599821, -5.872864116540021051, 6.250000000000003553 ) ) ;
#3395 = AXIS2_PLACEMENT_3D ( 'NONE', #2900, #1593, #5051 ) ;
#3396 = DIRECTION ( 'NONE',  ( 0.000000000000000000, 0.000000000000000000, -1.000000000000000000 ) ) ;
#3397 = ORIENTED_EDGE ( 'NONE', *, *, #5729, .T. ) ;
#3398 = EDGE_CURVE ( 'NONE', #2514, #3381, #4786, .T. ) ;
#3399 = CYLINDRICAL_SURFACE ( 'NONE', #2273, 3.000000000000000000 ) ;
#3400 = EDGE_CURVE ( 'NONE', #4863, #3289, #3656, .T. ) ;
#3401 = DIRECTION ( 'NONE',  ( 1.000000000000000000, 0.000000000000000000, 0.000000000000000000 ) ) ;
#3402 = CARTESIAN_POINT ( 'NONE',  ( -32.49790567597336377, -9.994304711961625287, 17.95250000000002544 ) ) ;
#3403 = ORIENTED_EDGE ( 'NONE', *, *, #2853, .F. ) ;
#3404 = DIRECTION ( 'NONE',  ( 0.000000000000000000, 0.000000000000000000, 1.000000000000000000 ) ) ;
#3405 = FACE_OUTER_BOUND ( 'NONE', #5726, .T. ) ;
#3406 = ORIENTED_EDGE ( 'NONE', *, *, #1475, .T. ) ;
#3407 = DIRECTION ( 'NONE',  ( -1.000000000000000000, 0.000000000000000000, 0.000000000000000000 ) ) ;
#3408 = ORIENTED_EDGE ( 'NONE', *, *, #2902, .T. ) ;
#3409 = ORIENTED_EDGE ( 'NONE', *, *, #3673, .T. ) ;
#3410 = ORIENTED_EDGE ( 'NONE', *, *, #3400, .T. ) ;
#3411 = ADVANCED_FACE ( 'NONE', ( #4738 ), #3399, .F. ) ;
#3412 = LINE ( 'NONE', #5155, #5721 ) ;
#3413 = CARTESIAN_POINT ( 'NONE',  ( 24.90427461170796164, -23.14685952920262935, 17.95250000000002544 ) ) ;
#3414 = CONICAL_SURFACE ( 'NONE', #1927, 2.552699999999995750, 1.029744258676652535 ) ;
#3415 = CARTESIAN_POINT ( 'NONE',  ( -1.500000000000118128, 23.17556449180592182, -17.72268064461824366 ) ) ;
#3416 = AXIS2_PLACEMENT_3D ( 'NONE', #4619, #1914, #3679 ) ;
#3417 = ORIENTED_EDGE ( 'NONE', *, *, #1871, .F. ) ;
#3418 = DIRECTION ( 'NONE',  ( 0.000000000000000000, 0.000000000000000000, -1.000000000000000000 ) ) ;
#3419 = AXIS2_PLACEMENT_3D ( 'NONE', #4151, #3273, #220 ) ;
#3420 = CIRCLE ( 'NONE', #531, 4.500000000000010658 ) ;
#3421 = DIRECTION ( 'NONE',  ( 1.000000000000000000, 0.000000000000000000, 0.000000000000000000 ) ) ;
#3422 = CIRCLE ( 'NONE', #2729, 2.552699999999994418 ) ;
#3423 = DIRECTION ( 'NONE',  ( 0.000000000000000000, 0.000000000000000000, 1.000000000000000000 ) ) ;
#3424 = ORIENTED_EDGE ( 'NONE', *, *, #4809, .T. ) ;
#3425 = EDGE_LOOP ( 'NONE', ( #4639, #3727, #4571, #5558, #4226, #5331, #1403, #5644 ) ) ;
#3426 = CARTESIAN_POINT ( 'NONE',  ( -18.37785951953074104, 18.39169050088635871, -6.249999999999993783 ) ) ;
#3427 = EDGE_CURVE ( 'NONE', #2204, #890, #595, .T. ) ;
#3428 = EDGE_CURVE ( 'NONE', #3930, #5193, #4211, .T. ) ;
#3429 = DIRECTION ( 'NONE',  ( -1.000000000000000000, 0.000000000000000000, 0.000000000000000000 ) ) ;
#3430 = DIRECTION ( 'NONE',  ( 1.000000000000000000, 0.000000000000000000, 0.000000000000000000 ) ) ;
#3431 = ORIENTED_EDGE ( 'NONE', *, *, #240, .T. ) ;
#3432 = DIRECTION ( 'NONE',  ( 0.000000000000000000, 0.000000000000000000, -1.000000000000000000 ) ) ;
#3433 = PLANE ( 'NONE',  #2807 ) ;
#3434 = AXIS2_PLACEMENT_3D ( 'NONE', #4396, #5319, #5267 ) ;
#3435 = ORIENTED_EDGE ( 'NONE', *, *, #2876, .T. ) ;
#3436 = DIRECTION ( 'NONE',  ( 0.000000000000000000, 0.000000000000000000, -1.000000000000000000 ) ) ;
#3437 = ORIENTED_EDGE ( 'NONE', *, *, #164, .T. ) ;
#3438 = VERTEX_POINT ( 'NONE', #2531 ) ;
#3439 = ORIENTED_EDGE ( 'NONE', *, *, #1141, .T. ) ;
#3440 = DIRECTION ( 'NONE',  ( -0.000000000000000000, -0.000000000000000000, -1.000000000000000000 ) ) ;
#3441 = CARTESIAN_POINT ( 'NONE',  ( -27.50000000000000355, 3.367778697655222096E-15, 11.95250000000002721 ) ) ;
#3442 = ADVANCED_FACE ( 'NONE', ( #4710 ), #4269, .F. ) ;
#3443 = CARTESIAN_POINT ( 'NONE',  ( -1.186350332408290686, 23.92299336689055522, -17.15626968458948554 ) ) ;
#3444 = ORIENTED_EDGE ( 'NONE', *, *, #3102, .T. ) ;
#3445 = LINE ( 'NONE', #4783, #3459 ) ;
#3446 = LINE ( 'NONE', #2267, #534 ) ;
#3447 = ADVANCED_FACE ( 'NONE', ( #2062 ), #1807, .F. ) ;
#3448 = CARTESIAN_POINT ( 'NONE',  ( 0.000000000000000000, 0.000000000000000000, 6.250000000000004441 ) ) ;
#3449 = ORIENTED_EDGE ( 'NONE', *, *, #4962, .F. ) ;
#3450 = ORIENTED_EDGE ( 'NONE', *, *, #1565, .T. ) ;
#3451 = VECTOR ( 'NONE', #3641, 1000.000000000000000 ) ;
#3452 = DIRECTION ( 'NONE',  ( -0.000000000000000000, -0.000000000000000000, 1.000000000000000000 ) ) ;
#3453 = CIRCLE ( 'NONE', #5131, 34.00000000000000000 ) ;
#3454 = LINE ( 'NONE', #774, #18 ) ;
#3455 = CARTESIAN_POINT ( 'NONE',  ( -28.14582562299424850, 16.25000000000000711, -6.249999999999994671 ) ) ;
#3456 = ORIENTED_EDGE ( 'NONE', *, *, #4266, .T. ) ;
#3457 = DIRECTION ( 'NONE',  ( 0.000000000000000000, 0.000000000000000000, 1.000000000000000000 ) ) ;
#3458 = LINE ( 'NONE', #1633, #1505 ) ;
#3459 = VECTOR ( 'NONE', #430, 1000.000000000000000 ) ;
#3460 = VERTEX_POINT ( 'NONE', #5510 ) ;
#3461 = DIRECTION ( 'NONE',  ( -0.000000000000000000, -0.000000000000000000, 1.000000000000000000 ) ) ;
#3462 = ORIENTED_EDGE ( 'NONE', *, *, #1724, .T. ) ;
#3463 = EDGE_CURVE ( 'NONE', #5122, #683, #2498, .T. ) ;
#3464 = ORIENTED_EDGE ( 'NONE', *, *, #2332, .T. ) ;
#3465 = ORIENTED_EDGE ( 'NONE', *, *, #1237, .T. ) ;
#3466 = CIRCLE ( 'NONE', #2910, 4.000000000000000000 ) ;
#3467 = CARTESIAN_POINT ( 'NONE',  ( 24.31584422247609467, -11.62767743939278375, -14.82280109448975125 ) ) ;
#3468 = CARTESIAN_POINT ( 'NONE',  ( -32.17337224468786161, -11.80265604994573003, -23.22056274847715684 ) ) ;
#3469 = AXIS2_PLACEMENT_3D ( 'NONE', #4367, #385, #4781 ) ;
#3470 = CARTESIAN_POINT ( 'NONE',  ( -22.15804933503972407, 16.68924500257333676, -14.21058502865275841 ) ) ;
#3471 = EDGE_CURVE ( 'NONE', #642, #2716, #2833, .T. ) ;
#3472 = DIRECTION ( 'NONE',  ( 0.000000000000000000, 0.000000000000000000, -1.000000000000000000 ) ) ;
#3473 = DIRECTION ( 'NONE',  ( 0.000000000000000000, 0.000000000000000000, -1.000000000000000000 ) ) ;
#3474 = DIRECTION ( 'NONE',  ( -0.000000000000000000, -0.000000000000000000, 1.000000000000000000 ) ) ;
#3475 = ORIENTED_EDGE ( 'NONE', *, *, #9, .T. ) ;
#3476 = EDGE_LOOP ( 'NONE', ( #4388, #2595, #2536, #3660 ) ) ;
#3477 = EDGE_CURVE ( 'NONE', #2016, #4281, #2090, .T. ) ;
#3478 = CARTESIAN_POINT ( 'NONE',  ( 0.000000000000000000, 0.000000000000000000, -6.249999999999993783 ) ) ;
#3479 = AXIS2_PLACEMENT_3D ( 'NONE', #2590, #4004, #5279 ) ;
#3480 = ADVANCED_FACE ( 'NONE', ( #1651 ), #2841, .T. ) ;
#3481 = CARTESIAN_POINT ( 'NONE',  ( -1.500000000000115907, 22.82226848851298229, -17.99688390822079853 ) ) ;
#3482 = DIRECTION ( 'NONE',  ( -0.000000000000000000, -0.000000000000000000, 1.000000000000000000 ) ) ;
#3483 = VERTEX_POINT ( 'NONE', #1090 ) ;
#3484 = CYLINDRICAL_SURFACE ( 'NONE', #3391, 8.000000000000000000 ) ;
#3485 = CARTESIAN_POINT ( 'NONE',  ( 23.67992221395683927, -1.349286360082870617, -17.33832572703373032 ) ) ;
#3486 = VECTOR ( 'NONE', #3927, 1000.000000000000000 ) ;
#3487 = DIRECTION ( 'NONE',  ( 0.000000000000000000, 0.000000000000000000, 1.000000000000000000 ) ) ;
#3488 = VERTEX_POINT ( 'NONE', #652 ) ;
#3489 = ORIENTED_EDGE ( 'NONE', *, *, #389, .F. ) ;
#3490 = ORIENTED_EDGE ( 'NONE', *, *, #370, .T. ) ;
#3491 = CARTESIAN_POINT ( 'NONE',  ( 35.36536794150043050, -10.87615512772293158, 19.45250000000001123 ) ) ;
#3492 = LINE ( 'NONE', #5697, #295 ) ;
#3493 = DIRECTION ( 'NONE',  ( -1.000000000000000000, 0.000000000000000000, 0.000000000000000000 ) ) ;
#3494 = EDGE_CURVE ( 'NONE', #1546, #3853, #4607, .T. ) ;
#3495 = CARTESIAN_POINT ( 'NONE',  ( 0.000000000000000000, 0.000000000000000000, 6.250000000000003553 ) ) ;
#3496 = CYLINDRICAL_SURFACE ( 'NONE', #1591, 4.000000000000000000 ) ;
#3497 = PLANE ( 'NONE',  #3886 ) ;
#3498 = VECTOR ( 'NONE', #1750, 1000.000000000000114 ) ;
#3499 = VECTOR ( 'NONE', #2104, 1000.000000000000114 ) ;
#3500 = CARTESIAN_POINT ( 'NONE',  ( 7.258617929077231246, -31.67905405405407038, 19.45250000000001123 ) ) ;
#3501 = ORIENTED_EDGE ( 'NONE', *, *, #1255, .T. ) ;
#3502 = CIRCLE ( 'NONE', #5543, 30.00000000000000355 ) ;
#3503 = AXIS2_PLACEMENT_3D ( 'NONE', #1379, #1761, #4490 ) ;
#3504 = ADVANCED_FACE ( 'NONE', ( #5250 ), #4350, .F. ) ;
#3505 = DIRECTION ( 'NONE',  ( 1.000000000000000000, 0.000000000000000000, 0.000000000000000000 ) ) ;
#3506 = AXIS2_PLACEMENT_3D ( 'NONE', #10, #1705, #825 ) ;
#3507 = CYLINDRICAL_SURFACE ( 'NONE', #2026, 3.000000000000002665 ) ;
#3508 = CARTESIAN_POINT ( 'NONE',  ( -21.92759541873606111, 1.053170059303595529, -18.71144153135841393 ) ) ;
#3509 = EDGE_LOOP ( 'NONE', ( #2015, #4695, #3821, #1717 ) ) ;
#3510 = CARTESIAN_POINT ( 'NONE',  ( 2.552699999999984204, -32.50000000000000000, 12.06000000000000583 ) ) ;
#3511 = DIRECTION ( 'NONE',  ( 0.000000000000000000, 0.000000000000000000, -1.000000000000000000 ) ) ;
#3512 = DIRECTION ( 'NONE',  ( -1.000000000000000000, 0.000000000000000000, 0.000000000000000000 ) ) ;
#3513 = EDGE_CURVE ( 'NONE', #1139, #1893, #502, .T. ) ;
#3514 = ORIENTED_EDGE ( 'NONE', *, *, #1191, .T. ) ;
#3515 = VERTEX_POINT ( 'NONE', #3066 ) ;
#3516 = ORIENTED_EDGE ( 'NONE', *, *, #581, .F. ) ;
#3517 = VECTOR ( 'NONE', #2794, 1000.000000000000000 ) ;
#3518 = CARTESIAN_POINT ( 'NONE',  ( 26.00960751353369460, -10.64050635956669666, -13.92896116591964351 ) ) ;
#3519 = DIRECTION ( 'NONE',  ( -0.000000000000000000, -0.000000000000000000, -1.000000000000000000 ) ) ;
#3520 = EDGE_CURVE ( 'NONE', #2666, #1360, #5727, .T. ) ;
#3521 = AXIS2_PLACEMENT_3D ( 'NONE', #5009, #3172, #2276 ) ;
#3522 = DIRECTION ( 'NONE',  ( 1.000000000000000000, 0.000000000000000000, 0.000000000000000000 ) ) ;
#3523 = ORIENTED_EDGE ( 'NONE', *, *, #5241, .T. ) ;
#3524 = EDGE_CURVE ( 'NONE', #484, #2206, #5299, .T. ) ;
#3525 = DIRECTION ( 'NONE',  ( 0.1579267064520856745, 0.6892453520983639059, 0.7071067811865469066 ) ) ;
#3526 = DIRECTION ( 'NONE',  ( 1.000000000000000000, 0.000000000000000000, 0.000000000000000000 ) ) ;
#3527 = EDGE_CURVE ( 'NONE', #1309, #4914, #3420, .T. ) ;
#3528 = B_SPLINE_CURVE_WITH_KNOTS ( 'NONE', 3,
 ( #204, #1862, #1016, #3196, #3752, #1048, #4508, #2299, #1545, #2764 ),
 .UNSPECIFIED., .F., .F.,
 ( 4, 2, 2, 2, 4 ),
 ( 0.000000000000000000, 0.0008138775620699153102, 0.001627755124139830620, 0.002441632686209746148, 0.003255510248279661241 ),
 .UNSPECIFIED. ) ;
#3529 = CARTESIAN_POINT ( 'NONE',  ( -13.68566768557530189, -35.45000000000000995, -6.249999999999993783 ) ) ;
#3530 = EDGE_LOOP ( 'NONE', ( #3397, #3748, #697, #2453, #5369, #3763, #2789, #3575, #205 ) ) ;
#3531 = AXIS2_PLACEMENT_3D ( 'NONE', #1511, #5056, #4243 ) ;
#3532 = ADVANCED_FACE ( 'NONE', ( #3943 ), #5639, .F. ) ;
#3533 = CARTESIAN_POINT ( 'NONE',  ( 5.509104889761177404, -34.87692307692308447, 6.250000000000005329 ) ) ;
#3534 = CONICAL_SURFACE ( 'NONE', #5026, 4.499999999999993783, 0.7853981633974503884 ) ;
#3535 = DIRECTION ( 'NONE',  ( -0.000000000000000000, -0.000000000000000000, -1.000000000000000000 ) ) ;
#3536 = DIRECTION ( 'NONE',  ( -1.000000000000000000, 0.000000000000000000, 0.000000000000000000 ) ) ;
#3537 = VERTEX_POINT ( 'NONE', #2652 ) ;
#3538 = ADVANCED_FACE ( 'NONE', ( #2116, #1236 ), #1262, .T. ) ;
#3539 = CARTESIAN_POINT ( 'NONE',  ( 28.14582562299425916, 16.25000000000000000, 6.250000000000005329 ) ) ;
#3540 = FACE_OUTER_BOUND ( 'NONE', #78, .T. ) ;
#3541 = VECTOR ( 'NONE', #2227, 1000.000000000000000 ) ;
#3542 = CARTESIAN_POINT ( 'NONE',  ( -30.86536794150043406, -10.87615512772294579, 19.45250000000001123 ) ) ;
#3543 = VERTEX_POINT ( 'NONE', #772 ) ;
#3544 = CARTESIAN_POINT ( 'NONE',  ( 19.00000000000000000, 2.326828918379970970E-15, -16.95249999999998636 ) ) ;
#3545 = ORIENTED_EDGE ( 'NONE', *, *, #1964, .T. ) ;
#3546 = VERTEX_POINT ( 'NONE', #853 ) ;
#3547 = CARTESIAN_POINT ( 'NONE',  ( 24.17101682666323725, -11.75143763011073084, -14.88252092032035279 ) ) ;
#3548 = CARTESIAN_POINT ( 'NONE',  ( -4.043244859525739088, -28.06692307692310706, -13.73065561476729357 ) ) ;
#3549 = VECTOR ( 'NONE', #3921, 1000.000000000000000 ) ;
#3550 = AXIS2_PLACEMENT_3D ( 'NONE', #4524, #2223, #4000 ) ;
#3551 = CARTESIAN_POINT ( 'NONE',  ( 27.70822254642128968, -9.771124286072183196, -12.93449815022521854 ) ) ;
#3552 = ORIENTED_EDGE ( 'NONE', *, *, #4465, .T. ) ;
#3553 = DIRECTION ( 'NONE',  ( -1.000000000000000000, 0.000000000000000000, 0.000000000000000000 ) ) ;
#3554 = CARTESIAN_POINT ( 'NONE',  ( 0.000000000000000000, 0.000000000000000000, 6.250000000000003553 ) ) ;
#3555 = DIRECTION ( 'NONE',  ( 0.000000000000000000, 0.000000000000000000, -1.000000000000000000 ) ) ;
#3556 = AXIS2_PLACEMENT_3D ( 'NONE', #3621, #4382, #5710 ) ;
#3557 = DIRECTION ( 'NONE',  ( -0.000000000000000000, -0.000000000000000000, 1.000000000000000000 ) ) ;
#3558 = VERTEX_POINT ( 'NONE', #2607 ) ;
#3559 = EDGE_CURVE ( 'NONE', #5653, #3967, #4893, .T. ) ;
#3560 = CARTESIAN_POINT ( 'NONE',  ( 34.00000000000000000, 0.000000000000000000, 0.000000000000000000 ) ) ;
#3561 = EDGE_CURVE ( 'NONE', #1827, #2158, #369, .T. ) ;
#3562 = CARTESIAN_POINT ( 'NONE',  ( 28.88773805367742398, 8.101107527507396711, -12.45249999999998103 ) ) ;
#3563 = DIRECTION ( 'NONE',  ( 1.000000000000000000, 0.000000000000000000, 0.000000000000000000 ) ) ;
#3564 = VECTOR ( 'NONE', #1764, 1000.000000000000000 ) ;
#3565 = CARTESIAN_POINT ( 'NONE',  ( -28.14582562299424850, 16.25000000000000711, -6.249999999999993783 ) ) ;
#3566 = ORIENTED_EDGE ( 'NONE', *, *, #4649, .F. ) ;
#3567 = DIRECTION ( 'NONE',  ( 0.000000000000000000, 0.000000000000000000, -1.000000000000000000 ) ) ;
#3568 = DIRECTION ( 'NONE',  ( 0.000000000000000000, 0.000000000000000000, -1.000000000000000000 ) ) ;
#3569 = VECTOR ( 'NONE', #191, 1000.000000000000000 ) ;
#3570 = ADVANCED_FACE ( 'NONE', ( #4402 ), #4325, .F. ) ;
#3571 = LINE ( 'NONE', #2229, #97 ) ;
#3572 = EDGE_LOOP ( 'NONE', ( #5524, #3107, #1325 ) ) ;
#3573 = CARTESIAN_POINT ( 'NONE',  ( -24.48744515471450356, -0.2226661656776886544, -16.73943881952682133 ) ) ;
#3574 = VERTEX_POINT ( 'NONE', #2193 ) ;
#3575 = ORIENTED_EDGE ( 'NONE', *, *, #5570, .T. ) ;
#3576 = CARTESIAN_POINT ( 'NONE',  ( 23.89410324039617350, -12.01219099716746719, -14.98570644459168655 ) ) ;
#3577 = DIRECTION ( 'NONE',  ( -0.000000000000000000, -0.000000000000000000, 1.000000000000000000 ) ) ;
#3578 = CYLINDRICAL_SURFACE ( 'NONE', #2730, 1.500000000000001332 ) ;
#3579 = VERTEX_POINT ( 'NONE', #3891 ) ;
#3580 = FACE_OUTER_BOUND ( 'NONE', #1096, .T. ) ;
#3581 = FACE_BOUND ( 'NONE', #1688, .T. ) ;
#3582 = DIRECTION ( 'NONE',  ( 1.000000000000000000, 0.000000000000000000, 0.000000000000000000 ) ) ;
#3583 = DIRECTION ( 'NONE',  ( -0.000000000000000000, -0.000000000000000000, -1.000000000000000000 ) ) ;
#3584 = ORIENTED_EDGE ( 'NONE', *, *, #2736, .T. ) ;
#3585 = AXIS2_PLACEMENT_3D ( 'NONE', #3794, #2919, #1641 ) ;
#3586 = DIRECTION ( 'NONE',  ( -0.000000000000000000, -0.000000000000000000, 1.000000000000000000 ) ) ;
#3587 = CARTESIAN_POINT ( 'NONE',  ( -32.64582562299426627, -16.25000000000001066, 19.45250000000001123 ) ) ;
#3588 = EDGE_CURVE ( 'NONE', #4645, #4716, #5656, .T. ) ;
#3589 = AXIS2_PLACEMENT_3D ( 'NONE', #2132, #1611, #3823 ) ;
#3590 = CARTESIAN_POINT ( 'NONE',  ( -30.86536794150043406, 10.87615512772294402, 19.45250000000001123 ) ) ;
#3591 = CARTESIAN_POINT ( 'NONE',  ( -24.06453205792085015, 1.061305092755494783, -17.05085637798128317 ) ) ;
#3592 = ORIENTED_EDGE ( 'NONE', *, *, #2664, .F. ) ;
#3593 = AXIS2_PLACEMENT_3D ( 'NONE', #3478, #4791, #4869 ) ;
#3594 = CARTESIAN_POINT ( 'NONE',  ( 1.500000000000000444, 23.00000000000000000, -17.85894133304158871 ) ) ;
#3595 = CARTESIAN_POINT ( 'NONE',  ( 29.39999999999999503, 0.000000000000000000, 19.45250000000001123 ) ) ;
#3596 = EDGE_CURVE ( 'NONE', #3579, #406, #4431, .T. ) ;
#3597 = ADVANCED_BREP_SHAPE_REPRESENTATION ( 'Hub Motor Rotor', ( #2525, #3585 ), #3807 ) ;
#3598 = CIRCLE ( 'NONE', #5271, 24.50000000000000355 ) ;
#3599 = DIRECTION ( 'NONE',  ( 1.000000000000000000, 1.953992523340275196E-14, 0.000000000000000000 ) ) ;
#3600 = EDGE_LOOP ( 'NONE', ( #3424, #4909, #3023, #4102 ) ) ;
#3601 = CARTESIAN_POINT ( 'NONE',  ( -28.14582562299425561, -16.24999999999999645, 12.06000000000000583 ) ) ;
#3602 = ORIENTED_EDGE ( 'NONE', *, *, #2405, .T. ) ;
#3603 = ORIENTED_EDGE ( 'NONE', *, *, #1943, .T. ) ;
#3604 = DIRECTION ( 'NONE',  ( 1.000000000000000000, 0.000000000000000000, 0.000000000000000000 ) ) ;
#3605 = CARTESIAN_POINT ( 'NONE',  ( -22.35059530940602812, -17.83397617849200500, -13.54680109014449130 ) ) ;
#3606 = ADVANCED_FACE ( 'NONE', ( #2143 ), #258, .F. ) ;
#3607 = CARTESIAN_POINT ( 'NONE',  ( -22.18900468915046886, 19.63429481918256769, -12.74211718274732519 ) ) ;
#3608 = CARTESIAN_POINT ( 'NONE',  ( 0.000000000000000000, 0.000000000000000000, 0.000000000000000000 ) ) ;
#3609 = ORIENTED_EDGE ( 'NONE', *, *, #1434, .F. ) ;
#3610 = CARTESIAN_POINT ( 'NONE',  ( -18.83507899055581092, 23.35037043431053050, 0.000000000000000000 ) ) ;
#3611 = DIRECTION ( 'NONE',  ( -0.000000000000000000, -0.000000000000000000, 1.000000000000000000 ) ) ;
#3612 = CARTESIAN_POINT ( 'NONE',  ( 8.263657334641774099, 36.06538461538462315, 6.250000000000003553 ) ) ;
#3613 = AXIS2_PLACEMENT_3D ( 'NONE', #3962, #440, #3553 ) ;
#3614 = DIRECTION ( 'NONE',  ( 0.000000000000000000, 0.000000000000000000, 1.000000000000000000 ) ) ;
#3615 = ORIENTED_EDGE ( 'NONE', *, *, #5478, .T. ) ;
#3616 = CARTESIAN_POINT ( 'NONE',  ( -22.26526631119368105, -15.01747206593024053, -14.89869266169960582 ) ) ;
#3617 = DIRECTION ( 'NONE',  ( -1.000000000000000000, 0.000000000000000000, 0.000000000000000000 ) ) ;
#3618 = DIRECTION ( 'NONE',  ( -1.000000000000000000, 0.000000000000000000, 0.000000000000000000 ) ) ;
#3619 = CARTESIAN_POINT ( 'NONE',  ( -13.68566768557530189, -35.45000000000000995, 6.250000000000003553 ) ) ;
#3620 = EDGE_CURVE ( 'NONE', #2088, #5248, #2659, .T. ) ;
#3621 = CARTESIAN_POINT ( 'NONE',  ( 0.000000000000000000, 0.000000000000000000, 0.000000000000000000 ) ) ;
#3622 = ORIENTED_EDGE ( 'NONE', *, *, #1695, .T. ) ;
#3623 = CARTESIAN_POINT ( 'NONE',  ( 0.000000000000000000, 0.000000000000000000, -6.249999999999993783 ) ) ;
#3624 = DIRECTION ( 'NONE',  ( 0.000000000000000000, 0.000000000000000000, -1.000000000000000000 ) ) ;
#3625 = LINE ( 'NONE', #5394, #1456 ) ;
#3626 = CIRCLE ( 'NONE', #383, 17.99999999999997513 ) ;
#3627 = CARTESIAN_POINT ( 'NONE',  ( -28.14582562299428758, 16.24999999999993960, -20.95249999999998991 ) ) ;
#3628 = VERTEX_POINT ( 'NONE', #395 ) ;
#3629 = DIRECTION ( 'NONE',  ( -0.000000000000000000, -0.000000000000000000, -1.000000000000000000 ) ) ;
#3630 = VERTEX_POINT ( 'NONE', #1759 ) ;
#3631 = VERTEX_POINT ( 'NONE', #3533 ) ;
#3632 = FACE_OUTER_BOUND ( 'NONE', #837, .T. ) ;
#3633 = CARTESIAN_POINT ( 'NONE',  ( -3.074167663914992854, -27.34438598390378772, -14.38425759198051956 ) ) ;
#3634 = FACE_OUTER_BOUND ( 'NONE', #4224, .T. ) ;
#3635 = EDGE_CURVE ( 'NONE', #547, #3543, #2028, .T. ) ;
#3636 = DIRECTION ( 'NONE',  ( 1.000000000000000000, 0.000000000000000000, 0.000000000000000000 ) ) ;
#3637 = ORIENTED_EDGE ( 'NONE', *, *, #2375, .T. ) ;
#3638 = AXIS2_PLACEMENT_3D ( 'NONE', #451, #3511, #4061 ) ;
#3639 = FACE_OUTER_BOUND ( 'NONE', #5130, .T. ) ;
#3640 = DIRECTION ( 'NONE',  ( -0.000000000000000000, -0.000000000000000000, 1.000000000000000000 ) ) ;
#3641 = DIRECTION ( 'NONE',  ( -0.000000000000000000, -0.000000000000000000, 1.000000000000000000 ) ) ;
#3642 = CARTESIAN_POINT ( 'NONE',  ( 18.37785951953027563, 18.39169050088682056, -20.95249999999998991 ) ) ;
#3643 = ORIENTED_EDGE ( 'NONE', *, *, #3910, .T. ) ;
#3644 = EDGE_CURVE ( 'NONE', #4863, #1212, #5325, .T. ) ;
#3645 = EDGE_LOOP ( 'NONE', ( #5160, #2879, #3124, #3776, #812, #456, #127, #5150, #2211 ) ) ;
#3646 = CARTESIAN_POINT ( 'NONE',  ( -22.33973439158599916, -14.70244596365033196, -14.98661307547292587 ) ) ;
#3647 = VECTOR ( 'NONE', #1942, 1000.000000000000000 ) ;
#3648 = FACE_OUTER_BOUND ( 'NONE', #3746, .T. ) ;
#3649 = AXIS2_PLACEMENT_3D ( 'NONE', #1025, #2432, #703 ) ;
#3650 = DIRECTION ( 'NONE',  ( 1.000000000000000000, 0.000000000000000000, 0.000000000000000000 ) ) ;
#3651 = ADVANCED_FACE ( 'NONE', ( #3118 ), #3149, .F. ) ;
#3652 = CARTESIAN_POINT ( 'NONE',  ( -30.69852562299423937, 16.25000000000000711, -6.249999999999993783 ) ) ;
#3653 = DIRECTION ( 'NONE',  ( -0.000000000000000000, -0.000000000000000000, 1.000000000000000000 ) ) ;
#3654 = DIRECTION ( 'NONE',  ( 0.000000000000000000, 0.000000000000000000, -1.000000000000000000 ) ) ;
#3656 = B_SPLINE_CURVE_WITH_KNOTS ( 'NONE', 3,
 ( #627, #3369, #1533, #5139, #712, #1146, #2962, #2413, #5541, #1117, #743, #1624, #3306, #1175, #285, #5629, #5603, #2469, #1062, #2871 ),
 .UNSPECIFIED., .F., .F.,
 ( 4, 2, 2, 2, 2, 2, 2, 2, 2, 4 ),
 ( 0.0004174035914207722747, 0.001086732215943368197, 0.001421396528204666321, 0.001756060840465964012, 0.002425389464988552887, 0.002760053777249849710, 0.003094718089511146533, 0.003764046714033739745, 0.004433375338556332958, 0.005772032587601514178 ),
 .UNSPECIFIED. ) ;
#3655 = LINE ( 'NONE', #4595, #1605 ) ;
#3657 = CARTESIAN_POINT ( 'NONE',  ( 0.000000000000000000, 0.000000000000000000, 17.95250000000002544 ) ) ;
#3658 = AXIS2_PLACEMENT_3D ( 'NONE', #4851, #3567, #4408 ) ;
#3659 = DIRECTION ( 'NONE',  ( 0.000000000000000000, 0.000000000000000000, 1.000000000000000000 ) ) ;
#3660 = ORIENTED_EDGE ( 'NONE', *, *, #5682, .F. ) ;
#3661 = CARTESIAN_POINT ( 'NONE',  ( -4.043244859525738200, -28.06692307692310706, -20.95249999999998991 ) ) ;
#3662 = ORIENTED_EDGE ( 'NONE', *, *, #3635, .T. ) ;
#3663 = ORIENTED_EDGE ( 'NONE', *, *, #1899, .T. ) ;
#3664 = CARTESIAN_POINT ( 'NONE',  ( -28.48714868196783101, -8.880911553883775511, -12.57781190286296358 ) ) ;
#3665 = CARTESIAN_POINT ( 'NONE',  ( 0.7909912237563987425, -26.53986729438408076, -15.13660542823460453 ) ) ;
#3666 = DIRECTION ( 'NONE',  ( -1.000000000000000000, 0.000000000000000000, 0.000000000000000000 ) ) ;
#3667 = DIRECTION ( 'NONE',  ( 0.000000000000000000, 0.000000000000000000, 1.000000000000000000 ) ) ;
#3668 = EDGE_LOOP ( 'NONE', ( #3603, #5504 ) ) ;
#3669 = CARTESIAN_POINT ( 'NONE',  ( -37.54343440694599821, -5.872864116540021051, 0.000000000000000000 ) ) ;
#3670 = CARTESIAN_POINT ( 'NONE',  ( 25.59312562299427540, -16.24999999999999289, -6.249999999999993783 ) ) ;
#3671 = CARTESIAN_POINT ( 'NONE',  ( -4.043244859525739088, -28.06692307692310706, -13.73065561476729357 ) ) ;
#3672 = DIRECTION ( 'NONE',  ( 1.000000000000000000, 0.000000000000000000, 0.000000000000000000 ) ) ;
#3673 = EDGE_CURVE ( 'NONE', #5305, #4016, #4986, .T. ) ;
#3674 = EDGE_LOOP ( 'NONE', ( #3099, #4008, #4118, #742 ) ) ;
#3675 = EDGE_CURVE ( 'NONE', #1771, #2129, #3239, .T. ) ;
#3676 = DIRECTION ( 'NONE',  ( 1.000000000000000000, 0.000000000000000000, 0.000000000000000000 ) ) ;
#3677 = EDGE_CURVE ( 'NONE', #1267, #4037, #1272, .T. ) ;
#3678 = CARTESIAN_POINT ( 'NONE',  ( -28.14582562299425561, 16.25000000000001066, 19.45250000000001123 ) ) ;
#3679 = DIRECTION ( 'NONE',  ( -1.000000000000000000, 0.000000000000000000, 0.000000000000000000 ) ) ;
#3680 = CARTESIAN_POINT ( 'NONE',  ( -7.081328842866349227, 29.11222985349568759, -12.48427322053270672 ) ) ;
#3681 = CARTESIAN_POINT ( 'NONE',  ( 6.555478264112753806, -29.11118082654367001, -12.57719980360248790 ) ) ;
#3682 = AXIS2_PLACEMENT_3D ( 'NONE', #2720, #76, #2289 ) ;
#3683 = CIRCLE ( 'NONE', #1173, 8.000000000000000000 ) ;
#3684 = AXIS2_PLACEMENT_3D ( 'NONE', #868, #4910, #2236 ) ;
#3685 = LINE ( 'NONE', #3156, #710 ) ;
#3686 = CARTESIAN_POINT ( 'NONE',  ( 8.263657334641774099, 36.06538461538462315, 17.95250000000002544 ) ) ;
#3687 = ORIENTED_EDGE ( 'NONE', *, *, #4920, .F. ) ;
#3688 = CARTESIAN_POINT ( 'NONE',  ( -4.043244859525738200, -28.06692307692310706, -6.249999999999993783 ) ) ;
#3689 = ORIENTED_EDGE ( 'NONE', *, *, #1481, .F. ) ;
#3690 = ORIENTED_EDGE ( 'NONE', *, *, #4978, .F. ) ;
#3691 = CARTESIAN_POINT ( 'NONE',  ( -26.90437938521262140, -10.31227834450764291, -13.37656623630408426 ) ) ;
#3693 = AXIS2_PLACEMENT_3D ( 'NONE', #1923, #4505, #4070 ) ;
#3692 = DIRECTION ( 'NONE',  ( -1.000000000000000000, 0.000000000000000000, 0.000000000000000000 ) ) ;
#3694 = DIRECTION ( 'NONE',  ( -0.000000000000000000, -0.000000000000000000, 1.000000000000000000 ) ) ;
#3695 = VECTOR ( 'NONE', #3452, 1000.000000000000000 ) ;
#3696 = ORIENTED_EDGE ( 'NONE', *, *, #5065, .T. ) ;
#3697 = ORIENTED_EDGE ( 'NONE', *, *, #1235, .F. ) ;
#3698 = DIRECTION ( 'NONE',  ( -1.000000000000000000, -8.881784197001251337E-16, 0.000000000000000000 ) ) ;
#3699 = CARTESIAN_POINT ( 'NONE',  ( -0.7285151018338215101, -24.31548251136759475, -16.86545607956265869 ) ) ;
#3700 = DIRECTION ( 'NONE',  ( -0.000000000000000000, -0.000000000000000000, -1.000000000000000000 ) ) ;
#3701 = CARTESIAN_POINT ( 'NONE',  ( -17.99999999999997513, 0.000000000000000000, -16.95249999999998636 ) ) ;
#3702 = ORIENTED_EDGE ( 'NONE', *, *, #376, .T. ) ;
#3703 = ADVANCED_FACE ( 'NONE', ( #1439 ), #4590, .F. ) ;
#3704 = DIRECTION ( 'NONE',  ( 1.000000000000000000, 0.000000000000000000, 0.000000000000000000 ) ) ;
#3705 = AXIS2_PLACEMENT_3D ( 'NONE', #983, #4540, #550 ) ;
#3706 = CARTESIAN_POINT ( 'NONE',  ( 24.06460846683090082, 1.061162563526936387, -17.05080088388870152 ) ) ;
#3707 = CARTESIAN_POINT ( 'NONE',  ( 27.44974894557052636, -22.20948632510778609, 17.95250000000002544 ) ) ;
#3708 = CONICAL_SURFACE ( 'NONE', #823, 4.499999999999997335, 0.7853981633974514986 ) ;
#3709 = EDGE_CURVE ( 'NONE', #2475, #2156, #4954, .T. ) ;
#3710 = DIRECTION ( 'NONE',  ( 1.000000000000000000, 0.000000000000000000, 0.000000000000000000 ) ) ;
#3711 = DIRECTION ( 'NONE',  ( -1.000000000000000000, 0.000000000000000000, 0.000000000000000000 ) ) ;
#3712 = CARTESIAN_POINT ( 'NONE',  ( 0.000000000000000000, 0.000000000000000000, 0.000000000000000000 ) ) ;
#3713 = CARTESIAN_POINT ( 'NONE',  ( 37.54343440694600531, 5.872864116539996182, 6.250000000000003553 ) ) ;
#3714 = ADVANCED_FACE ( 'NONE', ( #4149 ), #5447, .F. ) ;
#3715 = CARTESIAN_POINT ( 'NONE',  ( 23.88900694746680742, 12.00368264970656362, -14.99384060917682859 ) ) ;
#3716 = EDGE_LOOP ( 'NONE', ( #2291, #2758 ) ) ;
#3717 = CARTESIAN_POINT ( 'NONE',  ( -3.371417233411541314, 27.53363858695622213, -14.21109984389636338 ) ) ;
#3718 = ORIENTED_EDGE ( 'NONE', *, *, #2839, .T. ) ;
#3719 = EDGE_LOOP ( 'NONE', ( #3835, #4133, #835, #2274, #2942, #942 ) ) ;
#3720 = DIRECTION ( 'NONE',  ( 0.000000000000000000, 0.000000000000000000, -1.000000000000000000 ) ) ;
#3721 = AXIS2_PLACEMENT_3D ( 'NONE', #1566, #3279, #600 ) ;
#3722 = DIRECTION ( 'NONE',  ( -0.000000000000000000, -0.000000000000000000, 1.000000000000000000 ) ) ;
#3723 = DIRECTION ( 'NONE',  ( 0.000000000000000000, 0.000000000000000000, -1.000000000000000000 ) ) ;
#3724 = AXIS2_PLACEMENT_3D ( 'NONE', #5379, #5348, #4079 ) ;
#3725 = ORIENTED_EDGE ( 'NONE', *, *, #3213, .F. ) ;
#3726 = AXIS2_PLACEMENT_3D ( 'NONE', #4706, #1112, #1082 ) ;
#3727 = ORIENTED_EDGE ( 'NONE', *, *, #2222, .T. ) ;
#3728 = ORIENTED_EDGE ( 'NONE', *, *, #4294, .F. ) ;
#3729 = DIRECTION ( 'NONE',  ( -0.6758673375835787533, -0.2078541363256687369, -0.7071067811865440200 ) ) ;
#3730 = CARTESIAN_POINT ( 'NONE',  ( -35.36536794150043050, 10.87615512772294402, 0.000000000000000000 ) ) ;
#3731 = CONICAL_SURFACE ( 'NONE', #1211, 4.499999999999993783, 0.7853981633974500554 ) ;
#3732 = CARTESIAN_POINT ( 'NONE',  ( -4.043244859525924717, 28.06692307692307864, -20.95249999999998991 ) ) ;
#3733 = ORIENTED_EDGE ( 'NONE', *, *, #965, .T. ) ;
#3734 = AXIS2_PLACEMENT_3D ( 'NONE', #2718, #2750, #5333 ) ;
#3735 = CARTESIAN_POINT ( 'NONE',  ( -6.738741432543214671, 25.11153846153846203, -6.249999999999993783 ) ) ;
#3736 = DIRECTION ( 'NONE',  ( 0.000000000000000000, 0.000000000000000000, -1.000000000000000000 ) ) ;
#3737 = AXIS2_PLACEMENT_3D ( 'NONE', #1094, #3775, #2904 ) ;
#3738 = AXIS2_PLACEMENT_3D ( 'NONE', #288, #2064, #3401 ) ;
#3739 = DIRECTION ( 'NONE',  ( -0.000000000000000000, -0.000000000000000000, 1.000000000000000000 ) ) ;
#3740 = CARTESIAN_POINT ( 'NONE',  ( 28.14582562299425561, -16.24999999999999645, -6.249999999999992006 ) ) ;
#3741 = DIRECTION ( 'NONE',  ( -0.000000000000000000, -0.000000000000000000, 1.000000000000000000 ) ) ;
#3742 = CARTESIAN_POINT ( 'NONE',  ( 28.14582562299439417, -16.24999999999975131, -6.249999999999993783 ) ) ;
#3743 = CIRCLE ( 'NONE', #677, 4.499999999999990230 ) ;
#3744 = CARTESIAN_POINT ( 'NONE',  ( 3.984302198030716898E-15, 32.50000000000000000, -6.249999999999993783 ) ) ;
#3745 = LINE ( 'NONE', #2385, #745 ) ;
#3746 = EDGE_LOOP ( 'NONE', ( #50, #3321, #140, #81 ) ) ;
#3747 = CARTESIAN_POINT ( 'NONE',  ( -2.924422898563109996, 27.24904293511954023, -14.47149204877384143 ) ) ;
#3748 = ORIENTED_EDGE ( 'NONE', *, *, #5731, .T. ) ;
#3749 = VERTEX_POINT ( 'NONE', #5385 ) ;
#3750 = DIRECTION ( 'NONE',  ( -0.8571673007021113344, 0.000000000000000000, -0.5150380749100558209 ) ) ;
#3751 = CARTESIAN_POINT ( 'NONE',  ( -30.69852562299424292, 16.25000000000000711, 12.06000000000000583 ) ) ;
#3752 = CARTESIAN_POINT ( 'NONE',  ( 21.99273739316167564, 20.12422386428065124, -12.60069590735985123 ) ) ;
#3753 = EDGE_LOOP ( 'NONE', ( #5203, #4937, #647, #80 ) ) ;
#3754 = ORIENTED_EDGE ( 'NONE', *, *, #1985, .T. ) ;
#3755 = ORIENTED_EDGE ( 'NONE', *, *, #1596, .F. ) ;
#3756 = VERTEX_POINT ( 'NONE', #5417 ) ;
#3757 = DIRECTION ( 'NONE',  ( 0.000000000000000000, 0.000000000000000000, -1.000000000000000000 ) ) ;
#3758 = AXIS2_PLACEMENT_3D ( 'NONE', #103, #3186, #972 ) ;
#3759 = CARTESIAN_POINT ( 'NONE',  ( -1.499999999999999334, -23.34753306260371630, -17.58921085466787559 ) ) ;
#3760 = CIRCLE ( 'NONE', #1246, 6.000000000000001776 ) ;
#3761 = EDGE_CURVE ( 'NONE', #890, #2953, #1408, .T. ) ;
#3762 = CARTESIAN_POINT ( 'NONE',  ( 28.14582562299425916, 16.25000000000000000, 19.45250000000001123 ) ) ;
#3763 = ORIENTED_EDGE ( 'NONE', *, *, #755, .T. ) ;
#3764 = CARTESIAN_POINT ( 'NONE',  ( -1.500000000000000444, 23.00000000000000000, -20.95249999999998991 ) ) ;
#3765 = CIRCLE ( 'NONE', #3300, 34.00000000000000000 ) ;
#3766 = DIRECTION ( 'NONE',  ( 1.000000000000000000, 0.000000000000000000, 0.000000000000000000 ) ) ;
#3767 = CARTESIAN_POINT ( 'NONE',  ( 22.34547210530402594, 17.81060992459836001, -13.56117078681357846 ) ) ;
#3768 = FACE_OUTER_BOUND ( 'NONE', #4039, .T. ) ;
#3769 = CARTESIAN_POINT ( 'NONE',  ( -23.85776672137069454, 29.57713588346000222, -6.249999999999993783 ) ) ;
#3770 = CARTESIAN_POINT ( 'NONE',  ( 28.14582562299426627, -16.24999999999999289, 12.06000000000000583 ) ) ;
#3771 = EDGE_CURVE ( 'NONE', #3298, #3957, #2682, .T. ) ;
#3772 = LINE ( 'NONE', #1948, #460 ) ;
#3773 = EDGE_CURVE ( 'NONE', #2834, #2773, #1469, .T. ) ;
#3774 = EDGE_LOOP ( 'NONE', ( #1249, #836, #1744, #5533 ) ) ;
#3775 = DIRECTION ( 'NONE',  ( -0.000000000000000000, -0.000000000000000000, 1.000000000000000000 ) ) ;
#3776 = ORIENTED_EDGE ( 'NONE', *, *, #153, .T. ) ;
#3777 = ORIENTED_EDGE ( 'NONE', *, *, #1933, .T. ) ;
#3778 = AXIS2_PLACEMENT_3D ( 'NONE', #3182, #3119, #4988 ) ;
#3779 = CARTESIAN_POINT ( 'NONE',  ( 6.738741432543220888, 25.11153846153846203, -20.95249999999998991 ) ) ;
#3780 = EDGE_CURVE ( 'NONE', #4011, #2642, #2584, .T. ) ;
#3781 = CARTESIAN_POINT ( 'NONE',  ( 0.000000000000000000, 0.000000000000000000, -12.45249999999997748 ) ) ;
#3782 = CARTESIAN_POINT ( 'NONE',  ( -21.20522252253533679, -21.22118134717670301, -6.249999999999993783 ) ) ;
#3783 = ORIENTED_EDGE ( 'NONE', *, *, #2783, .F. ) ;
#3784 = ORIENTED_EDGE ( 'NONE', *, *, #1100, .F. ) ;
#3785 = ORIENTED_EDGE ( 'NONE', *, *, #3148, .F. ) ;
#3786 = AXIS2_PLACEMENT_3D ( 'NONE', #3236, #64, #2408 ) ;
#3787 = EDGE_CURVE ( 'NONE', #3483, #416, #2345, .T. ) ;
#3788 = ORIENTED_EDGE ( 'NONE', *, *, #2839, .F. ) ;
#3789 = ORIENTED_EDGE ( 'NONE', *, *, #255, .F. ) ;
#3790 = AXIS2_PLACEMENT_3D ( 'NONE', #1349, #536, #4925 ) ;
#3791 = DIRECTION ( 'NONE',  ( -1.000000000000000000, 0.000000000000000000, 0.000000000000000000 ) ) ;
#3792 = DIRECTION ( 'NONE',  ( 1.000000000000000000, 0.000000000000000000, 0.000000000000000000 ) ) ;
#3793 = AXIS2_PLACEMENT_3D ( 'NONE', #4896, #65, #3617 ) ;
#3794 = CARTESIAN_POINT ( 'NONE',  ( 0.000000000000000000, 0.000000000000000000, 0.000000000000000000 ) ) ;
#3795 = DIRECTION ( 'NONE',  ( 0.000000000000000000, 0.000000000000000000, -1.000000000000000000 ) ) ;
#3796 = VERTEX_POINT ( 'NONE', #592 ) ;
#3797 = VECTOR ( 'NONE', #791, 1000.000000000000000 ) ;
#3798 = CARTESIAN_POINT ( 'NONE',  ( -21.51286396814660051, -0.2247119650834512594, -19.05289900638259937 ) ) ;
#3799 = ADVANCED_FACE ( 'NONE', ( #3648 ), #1376, .F. ) ;
#3800 = CARTESIAN_POINT ( 'NONE',  ( -37.54343440694599821, 5.872864116540021051, 6.250000000000003553 ) ) ;
#3801 = CARTESIAN_POINT ( 'NONE',  ( 32.95885383533170199, -12.66743675181528772, -23.22056274847715684 ) ) ;
#3802 = B_SPLINE_CURVE_WITH_KNOTS ( 'NONE', 3,
 ( #2573, #1671, #3470, #1194, #1222, #2549 ),
 .UNSPECIFIED., .F., .F.,
 ( 4, 2, 4 ),
 ( 0.01014469493264656165, 0.01086988816459419187, 0.01159508139654182209 ),
 .UNSPECIFIED. ) ;
#3803 = ORIENTED_EDGE ( 'NONE', *, *, #3275, .T. ) ;
#3804 = AXIS2_PLACEMENT_3D ( 'NONE', #1902, #2799, #2858 ) ;
#3805 = DIRECTION ( 'NONE',  ( -0.000000000000000000, -0.000000000000000000, 1.000000000000000000 ) ) ;
#3806 = LINE ( 'NONE', #846, #749 ) ;
#3807 =( GEOMETRIC_REPRESENTATION_CONTEXT ( 3 ) GLOBAL_UNCERTAINTY_ASSIGNED_CONTEXT ( ( #5168 ) ) GLOBAL_UNIT_ASSIGNED_CONTEXT ( ( #2080, #5158, #4231 ) ) REPRESENTATION_CONTEXT ( 'NONE', 'WORKASPACE' ) );
#3808 = EDGE_CURVE ( 'NONE', #3841, #3290, #2663, .T. ) ;
#3809 = DIRECTION ( 'NONE',  ( -0.8571673007021113344, 0.000000000000000000, -0.5150380749100558209 ) ) ;
#3810 = CARTESIAN_POINT ( 'NONE',  ( -2.552700000000007741, -32.50000000000000000, 12.06000000000000583 ) ) ;
#3811 = ORIENTED_EDGE ( 'NONE', *, *, #334, .F. ) ;
#3812 = ORIENTED_EDGE ( 'NONE', *, *, #4615, .T. ) ;
#3813 = CARTESIAN_POINT ( 'NONE',  ( 27.44974894557052636, -22.20948632510778609, 6.250000000000005329 ) ) ;
#3814 = CARTESIAN_POINT ( 'NONE',  ( 32.49790567597337798, 9.994304711961603971, 17.95250000000002544 ) ) ;
#3815 = EDGE_CURVE ( 'NONE', #978, #4415, #623, .T. ) ;
#3816 = VERTEX_POINT ( 'NONE', #1473 ) ;
#3817 = ORIENTED_EDGE ( 'NONE', *, *, #5480, .F. ) ;
#3818 = AXIS2_PLACEMENT_3D ( 'NONE', #5381, #4979, #3090 ) ;
#3819 = CONICAL_SURFACE ( 'NONE', #3531, 4.499999999999990230, 0.7853981633974500554 ) ;
#3820 = ORIENTED_EDGE ( 'NONE', *, *, #5478, .F. ) ;
#3821 = ORIENTED_EDGE ( 'NONE', *, *, #3398, .F. ) ;
#3822 = VERTEX_POINT ( 'NONE', #1346 ) ;
#3823 = DIRECTION ( 'NONE',  ( 1.000000000000000000, 0.000000000000000000, 0.000000000000000000 ) ) ;
#3824 = CARTESIAN_POINT ( 'NONE',  ( 0.2265707368277219969, -24.49932752216621523, -16.73076879346511348 ) ) ;
#3825 = CIRCLE ( 'NONE', #5120, 6.000000000000001776 ) ;
#3826 = EDGE_CURVE ( 'NONE', #876, #4771, #159, .T. ) ;
#3827 = DIRECTION ( 'NONE',  ( -1.000000000000000000, 0.000000000000000000, 0.000000000000000000 ) ) ;
#3828 = ORIENTED_EDGE ( 'NONE', *, *, #1261, .F. ) ;
#3829 = CYLINDRICAL_SURFACE ( 'NONE', #3726, 6.000000000000001776 ) ;
#3830 = CIRCLE ( 'NONE', #1307, 29.00000000000000000 ) ;
#3831 = CARTESIAN_POINT ( 'NONE',  ( -21.20522252253533679, -21.22118134717670301, -12.45249999999997748 ) ) ;
#3832 = ADVANCED_FACE ( 'NONE', ( #4237 ), #2117, .F. ) ;
#3833 = CIRCLE ( 'NONE', #3920, 27.50000000000000355 ) ;
#3834 = CARTESIAN_POINT ( 'NONE',  ( -24.50000000000000000, 1.836970198721030674E-16, -20.95249999999998991 ) ) ;
#3835 = ORIENTED_EDGE ( 'NONE', *, *, #4401, .F. ) ;
#3836 = CIRCLE ( 'NONE', #1314, 8.000000000000000000 ) ;
#3837 = CARTESIAN_POINT ( 'NONE',  ( -29.63955347916789407, 4.636471670952649227, 0.000000000000000000 ) ) ;
#3838 = EDGE_CURVE ( 'NONE', #5583, #1546, #4625, .T. ) ;
#3839 = CARTESIAN_POINT ( 'NONE',  ( 2.220446049250313081E-13, -32.50000000000000000, -6.249999999999993783 ) ) ;
#3840 = DIRECTION ( 'NONE',  ( -0.000000000000000000, -0.000000000000000000, 1.000000000000000000 ) ) ;
#3841 = VERTEX_POINT ( 'NONE', #5104 ) ;
#3842 = DIRECTION ( 'NONE',  ( 1.000000000000000000, 0.000000000000000000, 0.000000000000000000 ) ) ;
#3843 = FACE_OUTER_BOUND ( 'NONE', #601, .T. ) ;
#3844 = CONICAL_SURFACE ( 'NONE', #1138, 4.500000000000007105, 0.7853981633974503884 ) ;
#3845 = CIRCLE ( 'NONE', #3649, 30.00000000000000355 ) ;
#3846 = CARTESIAN_POINT ( 'NONE',  ( -32.95885383533170199, -12.66743675181530193, -23.22056274847715684 ) ) ;
#3847 = EDGE_LOOP ( 'NONE', ( #1672, #93, #3288, #4348 ) ) ;
#3848 = ORIENTED_EDGE ( 'NONE', *, *, #4394, .T. ) ;
#3849 = ORIENTED_EDGE ( 'NONE', *, *, #4364, .F. ) ;
#3850 = CARTESIAN_POINT ( 'NONE',  ( 25.59312562299426830, 16.25000000000000000, -6.249999999999993783 ) ) ;
#3851 = CARTESIAN_POINT ( 'NONE',  ( -28.14582562299425561, -16.25000000000001066, 17.95250000000002544 ) ) ;
#3852 = CARTESIAN_POINT ( 'NONE',  ( -32.17337224468786161, 11.80265604994572648, -6.249999999999992006 ) ) ;
#3853 = VERTEX_POINT ( 'NONE', #2435 ) ;
#3854 = DIRECTION ( 'NONE',  ( -1.000000000000000000, 0.000000000000000000, 0.000000000000000000 ) ) ;
#3855 = CARTESIAN_POINT ( 'NONE',  ( 18.83507899055582158, -23.35037043431051984, -6.249999999999993783 ) ) ;
#3856 = ADVANCED_FACE ( 'NONE', ( #219 ), #806, .T. ) ;
#3857 = AXIS2_PLACEMENT_3D ( 'NONE', #686, #3805, #1972 ) ;
#3858 = DIRECTION ( 'NONE',  ( -0.000000000000000000, -0.000000000000000000, -1.000000000000000000 ) ) ;
#3859 = ORIENTED_EDGE ( 'NONE', *, *, #2119, .T. ) ;
#3860 = CONICAL_SURFACE ( 'NONE', #5657, 2.552699999999994418, 1.029744258676652535 ) ;
#3861 = ORIENTED_EDGE ( 'NONE', *, *, #684, .T. ) ;
#3862 = DIRECTION ( 'NONE',  ( 0.000000000000000000, 0.000000000000000000, -1.000000000000000000 ) ) ;
#3863 = CARTESIAN_POINT ( 'NONE',  ( 35.36536794150043050, -10.87615512772293158, 17.95250000000002544 ) ) ;
#3864 = EDGE_CURVE ( 'NONE', #1893, #4742, #3324, .T. ) ;
#3865 = DIRECTION ( 'NONE',  ( -1.000000000000000000, 0.000000000000000000, 0.000000000000000000 ) ) ;
#3866 = EDGE_LOOP ( 'NONE', ( #1154, #4174, #2674, #2075 ) ) ;
#3867 = FACE_OUTER_BOUND ( 'NONE', #4578, .T. ) ;
#3868 = EDGE_CURVE ( 'NONE', #4726, #5718, #4808, .T. ) ;
#3869 = DIRECTION ( 'NONE',  ( -1.000000000000000000, 0.000000000000000000, 0.000000000000000000 ) ) ;
#3870 = ORIENTED_EDGE ( 'NONE', *, *, #4386, .T. ) ;
#3871 = LINE ( 'NONE', #403, #2737 ) ;
#3872 = VERTEX_POINT ( 'NONE', #3394 ) ;
#3873 = ORIENTED_EDGE ( 'NONE', *, *, #2835, .F. ) ;
#3874 = ORIENTED_EDGE ( 'NONE', *, *, #1885, .T. ) ;
#3875 = EDGE_CURVE ( 'NONE', #2067, #1234, #4579, .T. ) ;
#3876 = CARTESIAN_POINT ( 'NONE',  ( 34.14582562299427337, 16.25000000000000000, -6.249999999999992006 ) ) ;
#3877 = CARTESIAN_POINT ( 'NONE',  ( -27.62376811492645245, 20.71961474383086355, 19.45250000000001123 ) ) ;
#3878 = AXIS2_PLACEMENT_3D ( 'NONE', #1086, #365, #4296 ) ;
#3879 = LINE ( 'NONE', #4730, #2355 ) ;
#3880 = VECTOR ( 'NONE', #4588, 1000.000000000000000 ) ;
#3881 = ORIENTED_EDGE ( 'NONE', *, *, #1622, .T. ) ;
#3882 = FACE_OUTER_BOUND ( 'NONE', #1590, .T. ) ;
#3883 = VECTOR ( 'NONE', #3739, 1000.000000000000000 ) ;
#3884 = DIRECTION ( 'NONE',  ( -1.000000000000000000, 0.000000000000000000, 0.000000000000000000 ) ) ;
#3885 = B_SPLINE_CURVE_WITH_KNOTS ( 'NONE', 3,
 ( #3671, #1811, #5439, #5412, #2735, #1021, #2677, #3233, #2802, #4585, #556, #525 ),
 .UNSPECIFIED., .F., .F.,
 ( 4, 2, 2, 2, 2, 4 ),
 ( 2.453269466693398698E-18, 0.001060649322706246371, 0.002121298645412490573, 0.002651623306765614300, 0.003181947968118738028, 0.004242597290824982881 ),
 .UNSPECIFIED. ) ;
#3886 = AXIS2_PLACEMENT_3D ( 'NONE', #4293, #2166, #312 ) ;
#3887 = ADVANCED_FACE ( 'NONE', ( #4677 ), #2407, .T. ) ;
#3888 = DIRECTION ( 'NONE',  ( -0.000000000000000000, -0.000000000000000000, 1.000000000000000000 ) ) ;
#3889 = ORIENTED_EDGE ( 'NONE', *, *, #2902, .F. ) ;
#3890 = ORIENTED_EDGE ( 'NONE', *, *, #3037, .T. ) ;
#3891 = CARTESIAN_POINT ( 'NONE',  ( 21.20522252253493534, 21.22118134717710092, -12.45249999999997748 ) ) ;
#3892 = EDGE_CURVE ( 'NONE', #5166, #2016, #3327, .T. ) ;
#3893 = FACE_OUTER_BOUND ( 'NONE', #5370, .T. ) ;
#3894 = DIRECTION ( 'NONE',  ( 0.000000000000000000, 0.000000000000000000, -1.000000000000000000 ) ) ;
#3895 = EDGE_LOOP ( 'NONE', ( #4134, #3206, #2126, #1303, #1957 ) ) ;
#3896 = DIRECTION ( 'NONE',  ( -0.000000000000000000, -0.000000000000000000, -1.000000000000000000 ) ) ;
#3897 = CARTESIAN_POINT ( 'NONE',  ( 21.56075065789756806, -0.4366031491265341957, -19.01312825319729427 ) ) ;
#3898 = AXIS2_PLACEMENT_3D ( 'NONE', #3059, #1725, #3113 ) ;
#3899 = ADVANCED_FACE ( 'NONE', ( #282 ), #2865, .T. ) ;
#3900 = VERTEX_POINT ( 'NONE', #3831 ) ;
#3901 = CIRCLE ( 'NONE', #1384, 30.00000000000000355 ) ;
#3902 = DIRECTION ( 'NONE',  ( 0.8571673007021113344, 1.049727191138617463E-16, -0.5150380749100558209 ) ) ;
#3903 = ORIENTED_EDGE ( 'NONE', *, *, #4792, .T. ) ;
#3904 = ORIENTED_EDGE ( 'NONE', *, *, #1198, .F. ) ;
#3905 = EDGE_LOOP ( 'NONE', ( #4502, #1719, #5201, #661 ) ) ;
#3906 = LINE ( 'NONE', #3850, #4522 ) ;
#3907 = LINE ( 'NONE', #4830, #4841 ) ;
#3908 = FACE_OUTER_BOUND ( 'NONE', #1681, .T. ) ;
#3909 = EDGE_CURVE ( 'NONE', #5442, #2007, #815, .T. ) ;
#3910 = EDGE_CURVE ( 'NONE', #2773, #4879, #3301, .T. ) ;
#3911 = CARTESIAN_POINT ( 'NONE',  ( -30.00000000000000355, 3.673940397442059178E-15, -12.45249999999997748 ) ) ;
#3912 = CARTESIAN_POINT ( 'NONE',  ( 0.000000000000000000, 0.000000000000000000, 12.45250000000002721 ) ) ;
#3913 = DIRECTION ( 'NONE',  ( 1.000000000000000000, 2.042810365310288034E-14, 0.000000000000000000 ) ) ;
#3914 = ORIENTED_EDGE ( 'NONE', *, *, #4815, .F. ) ;
#3915 = ORIENTED_EDGE ( 'NONE', *, *, #4286, .F. ) ;
#3916 = CIRCLE ( 'NONE', #4287, 29.00000000000000000 ) ;
#3917 = CARTESIAN_POINT ( 'NONE',  ( -17.50000000000000000, 2.143131898507868248E-15, 0.000000000000000000 ) ) ;
#3918 = VECTOR ( 'NONE', #2244, 1000.000000000000000 ) ;
#3919 = CARTESIAN_POINT ( 'NONE',  ( 1.248828414728501368, 22.14731106070260935, -18.53303482305396344 ) ) ;
#3920 = AXIS2_PLACEMENT_3D ( 'NONE', #5200, #5610, #2564 ) ;
#3921 = DIRECTION ( 'NONE',  ( -0.8571673007021113344, 0.000000000000000000, -0.5150380749100558209 ) ) ;
#3922 = ORIENTED_EDGE ( 'NONE', *, *, #1833, .T. ) ;
#3923 = DIRECTION ( 'NONE',  ( -0.000000000000000000, -0.000000000000000000, 1.000000000000000000 ) ) ;
#3924 = LINE ( 'NONE', #294, #4006 ) ;
#3925 = AXIS2_PLACEMENT_3D ( 'NONE', #4601, #3482, #3430 ) ;
#3926 = EDGE_CURVE ( 'NONE', #4587, #1774, #5190, .T. ) ;
#3927 = DIRECTION ( 'NONE',  ( -0.000000000000000000, -0.000000000000000000, -1.000000000000000000 ) ) ;
#3928 = VERTEX_POINT ( 'NONE', #5189 ) ;
#3929 = ORIENTED_EDGE ( 'NONE', *, *, #2513, .F. ) ;
#3930 = VERTEX_POINT ( 'NONE', #1257 ) ;
#3931 = AXIS2_PLACEMENT_3D ( 'NONE', #2588, #3840, #5171 ) ;
#3932 = CARTESIAN_POINT ( 'NONE',  ( 25.06057485990807265, -11.09189694599496612, -14.47149204877385387 ) ) ;
#3933 = DIRECTION ( 'NONE',  ( -0.000000000000000000, -0.000000000000000000, -1.000000000000000000 ) ) ;
#3934 = AXIS2_PLACEMENT_3D ( 'NONE', #5044, #3795, #2021 ) ;
#3935 = CARTESIAN_POINT ( 'NONE',  ( 1.248018576061817653, 23.85442824212731949, -17.20731438062439977 ) ) ;
#3936 = EDGE_CURVE ( 'NONE', #328, #5601, #4168, .T. ) ;
#3937 = CARTESIAN_POINT ( 'NONE',  ( 0.000000000000000000, 0.000000000000000000, 17.95250000000002544 ) ) ;
#3938 = CARTESIAN_POINT ( 'NONE',  ( 0.000000000000000000, 0.000000000000000000, -6.249999999999993783 ) ) ;
#3939 = LINE ( 'NONE', #1832, #5358 ) ;
#3940 = EDGE_CURVE ( 'NONE', #1515, #5253, #2085, .T. ) ;
#3941 = CARTESIAN_POINT ( 'NONE',  ( 29.54343440694599821, -5.872864116540006840, 6.250000000000003553 ) ) ;
#3942 = ORIENTED_EDGE ( 'NONE', *, *, #4204, .T. ) ;
#3943 = FACE_OUTER_BOUND ( 'NONE', #180, .T. ) ;
#3944 = CIRCLE ( 'NONE', #34, 2.552699999999994418 ) ;
#3945 = EDGE_CURVE ( 'NONE', #2328, #2773, #900, .T. ) ;
#3946 = DIRECTION ( 'NONE',  ( 0.000000000000000000, 0.000000000000000000, -1.000000000000000000 ) ) ;
#3947 = CARTESIAN_POINT ( 'NONE',  ( -24.31169502589060016, 0.7353834425417400400, -16.86824063142062968 ) ) ;
#3948 = ORIENTED_EDGE ( 'NONE', *, *, #425, .F. ) ;
#3949 = CARTESIAN_POINT ( 'NONE',  ( 30.69852562299426069, -16.24999999999999289, 12.06000000000000583 ) ) ;
#3950 = DIRECTION ( 'NONE',  ( -0.000000000000000000, -0.000000000000000000, -1.000000000000000000 ) ) ;
#3951 = ADVANCED_FACE ( 'NONE', ( #5269 ), #1089, .F. ) ;
#3952 = EDGE_CURVE ( 'NONE', #3928, #1460, #3446, .T. ) ;
#3953 = LINE ( 'NONE', #5257, #5706 ) ;
#3954 = ADVANCED_FACE ( 'NONE', ( #955, #4837 ), #4043, .F. ) ;
#3955 = EDGE_LOOP ( 'NONE', ( #1011, #1128, #2140, #1345 ) ) ;
#3956 = ORIENTED_EDGE ( 'NONE', *, *, #1662, .F. ) ;
#3957 = VERTEX_POINT ( 'NONE', #4475 ) ;
#3958 = CARTESIAN_POINT ( 'NONE',  ( 26.16900877308249207, -10.58253767564722203, -13.83105467629717111 ) ) ;
#3959 = CARTESIAN_POINT ( 'NONE',  ( -32.17337224468786161, -11.80265604994573003, 6.250000000000005329 ) ) ;
#3960 = DIRECTION ( 'NONE',  ( -0.000000000000000000, -0.000000000000000000, 1.000000000000000000 ) ) ;
#3961 = ADVANCED_FACE ( 'NONE', ( #4370, #391 ), #3497, .F. ) ;
#3962 = CARTESIAN_POINT ( 'NONE',  ( -28.14582562299425561, -16.25000000000001066, 19.45250000000001123 ) ) ;
#3963 = DIRECTION ( 'NONE',  ( 0.000000000000000000, 0.000000000000000000, 1.000000000000000000 ) ) ;
#3964 = AXIS2_PLACEMENT_3D ( 'NONE', #1385, #4623, #629 ) ;
#3965 = AXIS2_PLACEMENT_3D ( 'NONE', #2621, #4804, #5748 ) ;
#3966 = LINE ( 'NONE', #740, #618 ) ;
#3967 = VERTEX_POINT ( 'NONE', #3855 ) ;
#3968 = EDGE_CURVE ( 'NONE', #515, #4031, #3939, .T. ) ;
#3969 = AXIS2_PLACEMENT_3D ( 'NONE', #3619, #5276, #3096 ) ;
#3970 = DIRECTION ( 'NONE',  ( 1.000000000000000000, 0.000000000000000000, 0.000000000000000000 ) ) ;
#3971 = VECTOR ( 'NONE', #2282, 1000.000000000000000 ) ;
#3972 = FACE_OUTER_BOUND ( 'NONE', #5310, .T. ) ;
#3973 = CARTESIAN_POINT ( 'NONE',  ( -22.63333863395491008, 1.465491058289885906, -18.14531128425712225 ) ) ;
#3974 = EDGE_LOOP ( 'NONE', ( #5576, #2248 ) ) ;
#3975 = DIRECTION ( 'NONE',  ( -1.000000000000000000, 0.000000000000000000, 0.000000000000000000 ) ) ;
#3976 = CARTESIAN_POINT ( 'NONE',  ( -29.00000000000000000, 3.551475717527324030E-15, 0.000000000000000000 ) ) ;
#3977 = CARTESIAN_POINT ( 'NONE',  ( -25.59312562299425764, 16.25000000000000711, -6.249999999999993783 ) ) ;
#3978 = ORIENTED_EDGE ( 'NONE', *, *, #5605, .T. ) ;
#3979 = DIRECTION ( 'NONE',  ( -1.000000000000000000, 0.000000000000000000, 0.000000000000000000 ) ) ;
#3980 = ORIENTED_EDGE ( 'NONE', *, *, #3371, .T. ) ;
#3981 = VERTEX_POINT ( 'NONE', #5676 ) ;
#3982 = DIRECTION ( 'NONE',  ( -0.1579267064520857300, 0.6892453520983654602, -0.7071067811865453523 ) ) ;
#3983 = CARTESIAN_POINT ( 'NONE',  ( -3.518743707994694159, -27.62743460251532568, -14.12528043549501788 ) ) ;
#3984 = ADVANCED_FACE ( 'NONE', ( #847 ), #4897, .F. ) ;
#3985 = AXIS2_PLACEMENT_3D ( 'NONE', #4976, #3114, #4078 ) ;
#3986 = CARTESIAN_POINT ( 'NONE',  ( 35.36536794150043050, -10.87615512772293158, 19.45250000000001123 ) ) ;
#3987 = ORIENTED_EDGE ( 'NONE', *, *, #2380, .F. ) ;
#3988 = EDGE_CURVE ( 'NONE', #2987, #2630, #3130, .T. ) ;
#3989 = CARTESIAN_POINT ( 'NONE',  ( 0.000000000000000000, 0.000000000000000000, 19.05250000000001265 ) ) ;
#3990 = CARTESIAN_POINT ( 'NONE',  ( 22.01202265274332959, -20.07162129008749574, -12.61675967384448960 ) ) ;
#3991 = DIRECTION ( 'NONE',  ( -0.000000000000000000, -0.000000000000000000, 1.000000000000000000 ) ) ;
#3992 = DIRECTION ( 'NONE',  ( 0.8571673007021113344, 1.049727191138617463E-16, -0.5150380749100558209 ) ) ;
#3993 = ORIENTED_EDGE ( 'NONE', *, *, #863, .F. ) ;
#3994 = AXIS2_PLACEMENT_3D ( 'NONE', #2417, #1977, #3219 ) ;
#3995 = DIRECTION ( 'NONE',  ( -0.000000000000000000, -0.000000000000000000, -1.000000000000000000 ) ) ;
#3996 = EDGE_CURVE ( 'NONE', #2708, #1773, #361, .T. ) ;
#3997 = VECTOR ( 'NONE', #3991, 1000.000000000000000 ) ;
#3998 = CARTESIAN_POINT ( 'NONE',  ( 27.45101848717449755, 9.983619178225591639, -13.06768083149659176 ) ) ;
#3999 = VECTOR ( 'NONE', #311, 999.9999999999998863 ) ;
#4000 = DIRECTION ( 'NONE',  ( -1.000000000000000000, 0.000000000000000000, 0.000000000000000000 ) ) ;
#4001 = CARTESIAN_POINT ( 'NONE',  ( -24.40240506983558078, 0.5427639160907133942, -16.80164210518984902 ) ) ;
#4002 = ORIENTED_EDGE ( 'NONE', *, *, #3945, .F. ) ;
#4003 = AXIS2_PLACEMENT_3D ( 'NONE', #2265, #5373, #5432 ) ;
#4004 = DIRECTION ( 'NONE',  ( 0.000000000000000000, 0.000000000000000000, 1.000000000000000000 ) ) ;
#4005 = PLANE ( 'NONE',  #5677 ) ;
#4006 = VECTOR ( 'NONE', #1684, 1000.000000000000000 ) ;
#4007 = DIRECTION ( 'NONE',  ( -0.000000000000000000, -0.000000000000000000, -1.000000000000000000 ) ) ;
#4008 = ORIENTED_EDGE ( 'NONE', *, *, #4358, .F. ) ;
#4009 = DIRECTION ( 'NONE',  ( 0.000000000000000000, 0.000000000000000000, -1.000000000000000000 ) ) ;
#4010 = ORIENTED_EDGE ( 'NONE', *, *, #4525, .T. ) ;
#4011 = VERTEX_POINT ( 'NONE', #3165 ) ;
#4012 = DIRECTION ( 'NONE',  ( -0.000000000000000000, -0.000000000000000000, 1.000000000000000000 ) ) ;
#4013 = CARTESIAN_POINT ( 'NONE',  ( 1.908464894667271983, -26.80843342224686054, -14.88252092032034923 ) ) ;
#4014 = CONICAL_SURFACE ( 'NONE', #3738, 24.50000000000000000, 0.7853981633974482790 ) ;
#4015 = CARTESIAN_POINT ( 'NONE',  ( 13.68566768557530544, 35.45000000000000995, 0.000000000000000000 ) ) ;
#4016 = VERTEX_POINT ( 'NONE', #4761 ) ;
#4017 = CARTESIAN_POINT ( 'NONE',  ( -28.14582562299425561, -16.24999999999999645, 12.06000000000000583 ) ) ;
#4018 = CYLINDRICAL_SURFACE ( 'NONE', #2436, 5.999999999999998224 ) ;
#4019 = LINE ( 'NONE', #91, #3451 ) ;
#4020 = ADVANCED_FACE ( 'NONE', ( #2552 ), #4320, .F. ) ;
#4021 = B_SPLINE_CURVE_WITH_KNOTS ( 'NONE', 3,
 ( #4242, #1256, #874, #3034, #4810, #5268, #818, #1284, #4369, #390, #3060, #254 ),
 .UNSPECIFIED., .F., .F.,
 ( 4, 2, 2, 2, 2, 4 ),
 ( 8.673617379884035472E-19, 0.001060649322706246371, 0.002121298645412491874, 0.002651623306765615602, 0.003181947968118739329, 0.004242597290824982881 ),
 .UNSPECIFIED. ) ;
#4022 = DIRECTION ( 'NONE',  ( -0.000000000000000000, -0.000000000000000000, 1.000000000000000000 ) ) ;
#4023 = ORIENTED_EDGE ( 'NONE', *, *, #5579, .T. ) ;
#4024 = EDGE_CURVE ( 'NONE', #4011, #2666, #3598, .T. ) ;
#4025 = EDGE_CURVE ( 'NONE', #4914, #4246, #2304, .T. ) ;
#4026 = CARTESIAN_POINT ( 'NONE',  ( 35.36536794150043050, -10.87615512772293158, 6.250000000000003553 ) ) ;
#4027 = DIRECTION ( 'NONE',  ( -1.000000000000000000, 0.000000000000000000, -0.000000000000000000 ) ) ;
#4028 = DIRECTION ( 'NONE',  ( -1.000000000000000000, 0.000000000000000000, 0.000000000000000000 ) ) ;
#4029 = AXIS2_PLACEMENT_3D ( 'NONE', #1415, #597, #3711 ) ;
#4030 = CARTESIAN_POINT ( 'NONE',  ( -21.49999999999914735, -9.663950455392047597E-14, -19.06361111111179696 ) ) ;
#4031 = VERTEX_POINT ( 'NONE', #1955 ) ;
#4032 = CARTESIAN_POINT ( 'NONE',  ( 1.500000000000124567, -22.99999999999998579, -17.85894133304159226 ) ) ;
#4033 = CARTESIAN_POINT ( 'NONE',  ( -30.69852562299424292, 16.25000000000000711, 12.06000000000000583 ) ) ;
#4034 = AXIS2_PLACEMENT_3D ( 'NONE', #3426, #5195, #3505 ) ;
#4035 = EDGE_CURVE ( 'NONE', #3981, #3967, #1837, .T. ) ;
#4036 = CARTESIAN_POINT ( 'NONE',  ( 0.000000000000000000, 0.000000000000000000, -16.95249999999998636 ) ) ;
#4037 = VERTEX_POINT ( 'NONE', #1072 ) ;
#4038 = CARTESIAN_POINT ( 'NONE',  ( -23.92086339844953713, -1.188056102894902377, -17.15785930138952509 ) ) ;
#4039 = EDGE_LOOP ( 'NONE', ( #1421, #1851, #1233, #1437 ) ) ;
#4040 = VERTEX_POINT ( 'NONE', #4167 ) ;
#4041 = DIRECTION ( 'NONE',  ( -1.000000000000000000, 0.000000000000000000, 0.000000000000000000 ) ) ;
#4042 = DIRECTION ( 'NONE',  ( 1.000000000000000000, 0.000000000000000000, 0.000000000000000000 ) ) ;
#4043 = PLANE ( 'NONE',  #4064 ) ;
#4044 = DIRECTION ( 'NONE',  ( 1.000000000000000000, 0.000000000000000000, 0.000000000000000000 ) ) ;
#4045 = VERTEX_POINT ( 'NONE', #3257 ) ;
#4046 = LINE ( 'NONE', #4915, #1670 ) ;
#4047 = CARTESIAN_POINT ( 'NONE',  ( 22.28504596091627477, -17.53501430053164256, -13.73065561476729712 ) ) ;
#4048 = CARTESIAN_POINT ( 'NONE',  ( -22.14582562299429114, 16.24999999999993960, -20.95249999999998991 ) ) ;
#4049 = CARTESIAN_POINT ( 'NONE',  ( -18.83507899055581092, -23.35037043431053050, -6.249999999999993783 ) ) ;
#4050 = ORIENTED_EDGE ( 'NONE', *, *, #5630, .F. ) ;
#4051 = CARTESIAN_POINT ( 'NONE',  ( -19.40000000000001279, 0.000000000000000000, -19.45249999999998280 ) ) ;
#4052 = AXIS2_PLACEMENT_3D ( 'NONE', #1722, #2186, #5186 ) ;
#4053 = CARTESIAN_POINT ( 'NONE',  ( -24.90427461170795098, 23.14685952920264000, 0.000000000000000000 ) ) ;
#4054 = CARTESIAN_POINT ( 'NONE',  ( 28.06807824818162445, 9.424760485888832307, -12.75755905972786053 ) ) ;
#4055 = VECTOR ( 'NONE', #2311, 1000.000000000000000 ) ;
#4056 = LINE ( 'NONE', #857, #2202 ) ;
#4057 = DIRECTION ( 'NONE',  ( -1.000000000000000000, 0.000000000000000000, 0.000000000000000000 ) ) ;
#4058 = ORIENTED_EDGE ( 'NONE', *, *, #3346, .F. ) ;
#4059 = AXIS2_PLACEMENT_3D ( 'NONE', #4177, #5133, #5566 ) ;
#4060 = CARTESIAN_POINT ( 'NONE',  ( -6.041811431885141026, 29.05406835270432353, -12.70513627312271332 ) ) ;
#4061 = DIRECTION ( 'NONE',  ( -1.000000000000000000, 0.000000000000000000, 0.000000000000000000 ) ) ;
#4062 = EDGE_CURVE ( 'NONE', #3320, #4814, #1005, .T. ) ;
#4063 = DIRECTION ( 'NONE',  ( 0.000000000000000000, 0.000000000000000000, -1.000000000000000000 ) ) ;
#4064 = AXIS2_PLACEMENT_3D ( 'NONE', #3912, #819, #2604 ) ;
#4065 = CARTESIAN_POINT ( 'NONE',  ( -7.593631064265402131, 33.14116424116424042, 0.000000000000000000 ) ) ;
#4066 = EDGE_LOOP ( 'NONE', ( #2767, #2565, #603, #278 ) ) ;
#4067 = FACE_OUTER_BOUND ( 'NONE', #3847, .T. ) ;
#4068 = EDGE_LOOP ( 'NONE', ( #2884, #4311, #1779, #112, #2262 ) ) ;
#4069 = ORIENTED_EDGE ( 'NONE', *, *, #1646, .F. ) ;
#4070 = DIRECTION ( 'NONE',  ( 1.000000000000000000, 0.000000000000000000, 0.000000000000000000 ) ) ;
#4071 = CARTESIAN_POINT ( 'NONE',  ( 1.544189061540278685, -26.69899590541489687, -14.98570644459167944 ) ) ;
#4072 = DIRECTION ( 'NONE',  ( 0.000000000000000000, 0.000000000000000000, -1.000000000000000000 ) ) ;
#4073 = ADVANCED_FACE ( 'NONE', ( #4634 ), #4817, .T. ) ;
#4074 = CIRCLE ( 'NONE', #3804, 34.00000000000000000 ) ;
#4075 = CARTESIAN_POINT ( 'NONE',  ( 30.69852562299425358, 16.25000000000000000, 12.06000000000000583 ) ) ;
#4076 = ORIENTED_EDGE ( 'NONE', *, *, #1695, .F. ) ;
#4077 = CYLINDRICAL_SURFACE ( 'NONE', #5742, 2.552699999999992642 ) ;
#4078 = DIRECTION ( 'NONE',  ( 1.000000000000000000, 0.000000000000000000, 0.000000000000000000 ) ) ;
#4079 = DIRECTION ( 'NONE',  ( -1.000000000000000000, 0.000000000000000000, -0.000000000000000000 ) ) ;
#4080 = AXIS2_PLACEMENT_3D ( 'NONE', #4975, #988, #2768 ) ;
#4081 = ADVANCED_FACE ( 'NONE', ( #5004 ), #276, .T. ) ;
#4082 = CYLINDRICAL_SURFACE ( 'NONE', #1766, 4.000000000000000000 ) ;
#4083 = ORIENTED_EDGE ( 'NONE', *, *, #3996, .F. ) ;
#4084 = ORIENTED_EDGE ( 'NONE', *, *, #1416, .T. ) ;
#4085 = ADVANCED_FACE ( 'NONE', ( #1518 ), #2364, .T. ) ;
#4086 = SURFACE_STYLE_FILL_AREA ( #4551 ) ;
#4087 = DIRECTION ( 'NONE',  ( 0.000000000000000000, 0.000000000000000000, 1.000000000000000000 ) ) ;
#4088 = DIRECTION ( 'NONE',  ( 0.000000000000000000, 0.000000000000000000, -1.000000000000000000 ) ) ;
#4089 = CIRCLE ( 'NONE', #5018, 4.499999999999993783 ) ;
#4090 = DIRECTION ( 'NONE',  ( 0.000000000000000000, 0.000000000000000000, -1.000000000000000000 ) ) ;
#4091 = CARTESIAN_POINT ( 'NONE',  ( -10.80447448861207960, -27.98684210526316107, -6.249999999999993783 ) ) ;
#4092 = DIRECTION ( 'NONE',  ( 0.000000000000000000, 0.000000000000000000, 1.000000000000000000 ) ) ;
#4093 = CYLINDRICAL_SURFACE ( 'NONE', #1869, 2.552699999999992642 ) ;
#4094 = CIRCLE ( 'NONE', #4563, 5.999999999999998224 ) ;
#4095 = DIRECTION ( 'NONE',  ( -1.000000000000000000, 0.000000000000000000, 0.000000000000000000 ) ) ;
#4096 = AXIS2_PLACEMENT_3D ( 'NONE', #1714, #1245, #3027 ) ;
#4097 = CARTESIAN_POINT ( 'NONE',  ( -31.75559678224734839, 13.56307756386147467, 19.45250000000001123 ) ) ;
#4098 = CIRCLE ( 'NONE', #5297, 1.500000000000000444 ) ;
#4099 = VERTEX_POINT ( 'NONE', #2728 ) ;
#4100 = DIRECTION ( 'NONE',  ( -0.000000000000000000, -0.000000000000000000, 1.000000000000000000 ) ) ;
#4101 = EDGE_LOOP ( 'NONE', ( #316, #2336, #2112, #1160 ) ) ;
#4102 = ORIENTED_EDGE ( 'NONE', *, *, #1282, .F. ) ;
#4103 = CARTESIAN_POINT ( 'NONE',  ( -22.14582562299419521, -16.25000000000012790, -14.42170494256395585 ) ) ;
#4104 = CARTESIAN_POINT ( 'NONE',  ( 3.919757922924764770, -27.95429522717089910, -13.83105467629716578 ) ) ;
#4105 = CARTESIAN_POINT ( 'NONE',  ( -22.37785951953074104, 18.09788632130387498, -13.40190013126274948 ) ) ;
#4106 = EDGE_CURVE ( 'NONE', #5204, #4587, #130, .T. ) ;
#4107 = CIRCLE ( 'NONE', #568, 6.000000000000000000 ) ;
#4108 = CARTESIAN_POINT ( 'NONE',  ( -26.32829082044207780, 10.53190877639118384, -20.95249999999998991 ) ) ;
#4109 = EDGE_CURVE ( 'NONE', #3579, #5232, #3528, .T. ) ;
#4110 = ORIENTED_EDGE ( 'NONE', *, *, #17, .T. ) ;
#4111 = AXIS2_PLACEMENT_3D ( 'NONE', #3105, #2205, #3979 ) ;
#4112 = AXIS2_PLACEMENT_3D ( 'NONE', #1036, #2901, #5081 ) ;
#4113 = DIRECTION ( 'NONE',  ( -1.000000000000000000, 0.000000000000000000, 0.000000000000000000 ) ) ;
#4114 = DIRECTION ( 'NONE',  ( -0.000000000000000000, -0.000000000000000000, 1.000000000000000000 ) ) ;
#4115 = DIRECTION ( 'NONE',  ( -1.000000000000000000, 0.000000000000000000, 0.000000000000000000 ) ) ;
#4116 = EDGE_CURVE ( 'NONE', #2722, #5548, #446, .T. ) ;
#4117 = FACE_OUTER_BOUND ( 'NONE', #147, .T. ) ;
#4118 = ORIENTED_EDGE ( 'NONE', *, *, #4985, .F. ) ;
#4119 = ORIENTED_EDGE ( 'NONE', *, *, #195, .T. ) ;
#4120 = DIRECTION ( 'NONE',  ( 1.000000000000000000, 0.000000000000000000, 0.000000000000000000 ) ) ;
#4121 = VECTOR ( 'NONE', #2318, 1000.000000000000000 ) ;
#4122 = DIRECTION ( 'NONE',  ( -0.000000000000000000, -0.000000000000000000, -1.000000000000000000 ) ) ;
#4123 = AXIS2_PLACEMENT_3D ( 'NONE', #1079, #1935, #5532 ) ;
#4124 = CYLINDRICAL_SURFACE ( 'NONE', #3778, 6.000000000000000888 ) ;
#4125 = CARTESIAN_POINT ( 'NONE',  ( 2.552699999999981095, -32.50000000000000000, -6.249999999999993783 ) ) ;
#4126 = CARTESIAN_POINT ( 'NONE',  ( -5.551291480410466050, 28.93490957665023089, -12.87076489622952025 ) ) ;
#4127 = DIRECTION ( 'NONE',  ( -0.5179406311314920242, -0.4813912157726953911, 0.7071067811865461294 ) ) ;
#4128 = LINE ( 'NONE', #5425, #3498 ) ;
#4129 = AXIS2_PLACEMENT_3D ( 'NONE', #4435, #5662, #1794 ) ;
#4130 = DIRECTION ( 'NONE',  ( 0.000000000000000000, 0.000000000000000000, -1.000000000000000000 ) ) ;
#4131 = ORIENTED_EDGE ( 'NONE', *, *, #2170, .T. ) ;
#4132 = CARTESIAN_POINT ( 'NONE',  ( -18.83507899055581092, -23.35037043431053050, 6.250000000000003553 ) ) ;
#4133 = ORIENTED_EDGE ( 'NONE', *, *, #2640, .T. ) ;
#4134 = ORIENTED_EDGE ( 'NONE', *, *, #1863, .F. ) ;
#4135 = EDGE_CURVE ( 'NONE', #5166, #1512, #3144, .T. ) ;
#4136 = CARTESIAN_POINT ( 'NONE',  ( -18.37785951953062380, -18.39169050088647239, -20.95249999999998991 ) ) ;
#4137 = DIRECTION ( 'NONE',  ( 0.000000000000000000, 0.000000000000000000, -1.000000000000000000 ) ) ;
#4138 = CARTESIAN_POINT ( 'NONE',  ( 24.90427461170795453, 23.14685952920264000, 6.250000000000004441 ) ) ;
#4139 = EDGE_CURVE ( 'NONE', #4919, #2406, #4737, .T. ) ;
#4140 = VERTEX_POINT ( 'NONE', #4971 ) ;
#4141 = ORIENTED_EDGE ( 'NONE', *, *, #5138, .T. ) ;
#4142 = LINE ( 'NONE', #4945, #1479 ) ;
#4143 = DIRECTION ( 'NONE',  ( -1.000000000000000000, 0.000000000000000000, 0.000000000000000000 ) ) ;
#4144 = CARTESIAN_POINT ( 'NONE',  ( 10.80447448861207960, -27.98684210526316107, -6.249999999999993783 ) ) ;
#4145 = ADVANCED_FACE ( 'NONE', ( #3634 ), #4176, .F. ) ;
#4146 = CARTESIAN_POINT ( 'NONE',  ( -17.50000000000000000, 0.000000000000000000, -16.45250000000001123 ) ) ;
#4147 = VERTEX_POINT ( 'NONE', #1455 ) ;
#4148 = DIRECTION ( 'NONE',  ( -1.000000000000000000, 0.000000000000000000, 0.000000000000000000 ) ) ;
#4149 = FACE_OUTER_BOUND ( 'NONE', #4268, .T. ) ;
#4150 = EDGE_CURVE ( 'NONE', #4324, #3822, #3228, .T. ) ;
#4151 = CARTESIAN_POINT ( 'NONE',  ( -23.00000000000000000, 0.000000000000000000, -20.95249999999998991 ) ) ;
#4152 = DIRECTION ( 'NONE',  ( -0.000000000000000000, -0.000000000000000000, 1.000000000000000000 ) ) ;
#4153 = DIRECTION ( 'NONE',  ( 1.000000000000000000, 0.000000000000000000, 0.000000000000000000 ) ) ;
#4154 = CARTESIAN_POINT ( 'NONE',  ( 4.943166056393685004, -28.68942895825942330, -13.14324531440266064 ) ) ;
#4155 = CIRCLE ( 'NONE', #3878, 19.00000000000000000 ) ;
#4156 = CONICAL_SURFACE ( 'NONE', #1364, 30.00000000000000355, 0.9097531579442098559 ) ;
#4157 = LINE ( 'NONE', #511, #1078 ) ;
#4158 = AXIS2_PLACEMENT_3D ( 'NONE', #4617, #1083, #619 ) ;
#4159 = CARTESIAN_POINT ( 'NONE',  ( 25.59312562299426830, 16.25000000000000000, -6.249999999999994671 ) ) ;
#4160 = VERTEX_POINT ( 'NONE', #4138 ) ;
#4161 = CARTESIAN_POINT ( 'NONE',  ( 1.911750967521481659, 26.80046565089361721, -14.88966685655228694 ) ) ;
#4162 = EDGE_LOOP ( 'NONE', ( #2845, #2555, #380, #4503 ) ) ;
#4163 = EDGE_LOOP ( 'NONE', ( #5527, #5614, #24, #4225 ) ) ;
#4164 = CARTESIAN_POINT ( 'NONE',  ( -28.38854525872807599, -9.027160160910387532, -12.61675967384448782 ) ) ;
#4166 = CIRCLE ( 'NONE', #715, 34.00000000000000000 ) ;
#4165 = DIRECTION ( 'NONE',  ( 1.000000000000000000, 0.000000000000000000, 0.000000000000000000 ) ) ;
#4167 = CARTESIAN_POINT ( 'NONE',  ( -27.44974894557051925, -22.20948632510780030, 17.95250000000002544 ) ) ;
#4168 = CIRCLE ( 'NONE', #2120, 2.552699999999990865 ) ;
#4169 = ORIENTED_EDGE ( 'NONE', *, *, #428, .T. ) ;
#4170 = ORIENTED_EDGE ( 'NONE', *, *, #1481, .T. ) ;
#4171 = DIRECTION ( 'NONE',  ( 0.000000000000000000, 0.000000000000000000, -1.000000000000000000 ) ) ;
#4172 = DIRECTION ( 'NONE',  ( -0.000000000000000000, -0.000000000000000000, -1.000000000000000000 ) ) ;
#4173 = DIRECTION ( 'NONE',  ( -1.000000000000000000, 0.000000000000000000, 0.000000000000000000 ) ) ;
#4174 = ORIENTED_EDGE ( 'NONE', *, *, #870, .T. ) ;
#4175 = LINE ( 'NONE', #5506, #4055 ) ;
#4176 = CONICAL_SURFACE ( 'NONE', #3705, 2.552699999999995750, 1.029744258676652535 ) ;
#4177 = CARTESIAN_POINT ( 'NONE',  ( -28.14582562299425561, 16.25000000000001066, 19.45250000000001123 ) ) ;
#4178 = CARTESIAN_POINT ( 'NONE',  ( -27.31735732611837975, 10.06380709916796690, -13.14324531440265531 ) ) ;
#4179 = CARTESIAN_POINT ( 'NONE',  ( 25.11660095207397703, -6.719847960651844865, -6.249999999999993783 ) ) ;
#4180 = ADVANCED_FACE ( 'NONE', ( #2392 ), #233, .T. ) ;
#4181 = DIRECTION ( 'NONE',  ( -0.000000000000000000, -0.000000000000000000, -1.000000000000000000 ) ) ;
#4182 = FACE_OUTER_BOUND ( 'NONE', #4163, .T. ) ;
#4183 = CARTESIAN_POINT ( 'NONE',  ( 23.85776672137069454, 29.57713588345999867, 6.250000000000003553 ) ) ;
#4184 = DIRECTION ( 'NONE',  ( 1.000000000000000000, 0.000000000000000000, 0.000000000000000000 ) ) ;
#4185 = ORIENTED_EDGE ( 'NONE', *, *, #1291, .F. ) ;
#4186 = DIRECTION ( 'NONE',  ( -0.000000000000000000, -0.000000000000000000, -1.000000000000000000 ) ) ;
#4187 = ORIENTED_EDGE ( 'NONE', *, *, #5105, .T. ) ;
#4188 = VERTEX_POINT ( 'NONE', #2883 ) ;
#4189 = CARTESIAN_POINT ( 'NONE',  ( -28.14582562299424850, 16.25000000000000711, 12.06000000000000583 ) ) ;
#4190 = CARTESIAN_POINT ( 'NONE',  ( -32.64582562299426627, -16.25000000000001066, 19.45250000000001123 ) ) ;
#4191 = EDGE_CURVE ( 'NONE', #234, #5122, #1193, .T. ) ;
#4192 = DIRECTION ( 'NONE',  ( -0.000000000000000000, -0.000000000000000000, 1.000000000000000000 ) ) ;
#4193 = CIRCLE ( 'NONE', #2334, 2.999999999999999112 ) ;
#4194 = EDGE_LOOP ( 'NONE', ( #5283, #2620, #3450, #3874 ) ) ;
#4195 = ORIENTED_EDGE ( 'NONE', *, *, #3815, .F. ) ;
#4196 = VERTEX_POINT ( 'NONE', #3782 ) ;
#4197 = CARTESIAN_POINT ( 'NONE',  ( -19.00000000000000000, 0.000000000000000000, -19.05249999999998067 ) ) ;
#4198 = DIRECTION ( 'NONE',  ( 0.000000000000000000, -0.000000000000000000, 1.000000000000000000 ) ) ;
#4199 = CIRCLE ( 'NONE', #5128, 8.000000000000000000 ) ;
#4200 = DIRECTION ( 'NONE',  ( -0.7071067811865474617, 0.000000000000000000, -0.7071067811865474617 ) ) ;
#4201 = EDGE_LOOP ( 'NONE', ( #780, #301, #5746, #2022, #2541, #2913 ) ) ;
#4202 = AXIS2_PLACEMENT_3D ( 'NONE', #862, #1765, #1327 ) ;
#4203 = FACE_OUTER_BOUND ( 'NONE', #3719, .T. ) ;
#4204 = EDGE_CURVE ( 'NONE', #173, #5181, #5552, .T. ) ;
#4205 = CARTESIAN_POINT ( 'NONE',  ( 24.25701318570963139, 0.8248011407824041852, -16.90847569653976024 ) ) ;
#4206 = CIRCLE ( 'NONE', #939, 8.000000000000000000 ) ;
#4207 = CARTESIAN_POINT ( 'NONE',  ( -28.07089145255095275, 9.421767965293588176, -12.75623029306150080 ) ) ;
#4208 = ADVANCED_FACE ( 'NONE', ( #388 ), #2041, .F. ) ;
#4209 = AXIS2_PLACEMENT_3D ( 'NONE', #3740, #1999, #3274 ) ;
#4210 = CARTESIAN_POINT ( 'NONE',  ( -26.32829082044201030, -10.53190877639136502, -13.73065561476728824 ) ) ;
#4211 = LINE ( 'NONE', #5167, #3569 ) ;
#4212 = DIRECTION ( 'NONE',  ( -0.000000000000000000, -0.000000000000000000, 1.000000000000000000 ) ) ;
#4213 = AXIS2_PLACEMENT_3D ( 'NONE', #3033, #5673, #3493 ) ;
#4214 = ADVANCED_FACE ( 'NONE', ( #3580 ), #178, .F. ) ;
#4215 = DIRECTION ( 'NONE',  ( 1.000000000000000000, 0.000000000000000000, 0.000000000000000000 ) ) ;
#4216 = ORIENTED_EDGE ( 'NONE', *, *, #126, .F. ) ;
#4217 = CARTESIAN_POINT ( 'NONE',  ( 3.518743707994883785, 27.62743460251529015, -14.12528043549501433 ) ) ;
#4218 = ORIENTED_EDGE ( 'NONE', *, *, #5502, .T. ) ;
#4219 = ORIENTED_EDGE ( 'NONE', *, *, #418, .F. ) ;
#4220 = CARTESIAN_POINT ( 'NONE',  ( 25.59312562299427185, -16.24999999999999289, 12.06000000000000583 ) ) ;
#4221 = DIRECTION ( 'NONE',  ( -0.000000000000000000, -0.000000000000000000, 1.000000000000000000 ) ) ;
#4222 = CARTESIAN_POINT ( 'NONE',  ( -18.37785951953074104, 18.39169050088635871, -20.95249999999998991 ) ) ;
#4223 = EDGE_CURVE ( 'NONE', #2943, #2447, #2212, .T. ) ;
#4224 = EDGE_LOOP ( 'NONE', ( #5067, #808, #1105 ) ) ;
#4225 = ORIENTED_EDGE ( 'NONE', *, *, #3050, .T. ) ;
#4226 = ORIENTED_EDGE ( 'NONE', *, *, #3209, .F. ) ;
#4227 = ORIENTED_EDGE ( 'NONE', *, *, #540, .F. ) ;
#4228 = DIRECTION ( 'NONE',  ( -1.000000000000000000, 0.000000000000000000, 0.000000000000000000 ) ) ;
#4229 = VECTOR ( 'NONE', #3073, 1000.000000000000000 ) ;
#4230 = CARTESIAN_POINT ( 'NONE',  ( -0.9813553155211852674, -24.13899483544491886, -16.99566342962308951 ) ) ;
#4231 =( NAMED_UNIT ( * ) SI_UNIT ( $, .STERADIAN. ) SOLID_ANGLE_UNIT ( ) );
#4232 = VECTOR ( 'NONE', #4913, 1000.000000000000000 ) ;
#4233 = DIRECTION ( 'NONE',  ( -0.000000000000000000, -0.000000000000000000, 1.000000000000000000 ) ) ;
#4234 = ORIENTED_EDGE ( 'NONE', *, *, #5434, .F. ) ;
#4235 = LINE ( 'NONE', #3764, #2695 ) ;
#4236 = AXIS2_PLACEMENT_3D ( 'NONE', #4825, #4799, #298 ) ;
#4237 = FACE_OUTER_BOUND ( 'NONE', #2374, .T. ) ;
#4238 = EDGE_CURVE ( 'NONE', #1195, #5514, #1809, .T. ) ;
#4239 = DIRECTION ( 'NONE',  ( 0.8571673007021113344, 1.049727191138617463E-16, -0.5150380749100558209 ) ) ;
#4240 = VERTEX_POINT ( 'NONE', #5346 ) ;
#4241 = CARTESIAN_POINT ( 'NONE',  ( 0.000000000000000000, 0.000000000000000000, 11.45250000000002011 ) ) ;
#4242 = CARTESIAN_POINT ( 'NONE',  ( 4.043244859525935375, 28.06692307692307864, -13.73065561476729179 ) ) ;
#4243 = DIRECTION ( 'NONE',  ( 1.000000000000000000, 0.000000000000000000, 0.000000000000000000 ) ) ;
#4244 = FACE_OUTER_BOUND ( 'NONE', #4880, .T. ) ;
#4245 = VERTEX_POINT ( 'NONE', #1370 ) ;
#4246 = VERTEX_POINT ( 'NONE', #4864 ) ;
#4247 = CIRCLE ( 'NONE', #4984, 30.00000000000000355 ) ;
#4248 = FACE_OUTER_BOUND ( 'NONE', #1452, .T. ) ;
#4249 = DIRECTION ( 'NONE',  ( 0.08203342313868751401, -0.7023321988120371229, -0.7071067811865462405 ) ) ;
#4250 = ADVANCED_FACE ( 'NONE', ( #3141 ), #1780, .F. ) ;
#4251 = ORIENTED_EDGE ( 'NONE', *, *, #2222, .F. ) ;
#4252 = ORIENTED_EDGE ( 'NONE', *, *, #982, .T. ) ;
#4253 = EDGE_LOOP ( 'NONE', ( #2255, #2467, #2293, #4440 ) ) ;
#4254 = VECTOR ( 'NONE', #4012, 1000.000000000000000 ) ;
#4255 = VERTEX_POINT ( 'NONE', #58 ) ;
#4256 = ORIENTED_EDGE ( 'NONE', *, *, #3520, .F. ) ;
#4257 = AXIS2_PLACEMENT_3D ( 'NONE', #2747, #2684, #3563 ) ;
#4258 = CARTESIAN_POINT ( 'NONE',  ( -24.48468600234339121, -11.48638862224021295, -14.75177915311793875 ) ) ;
#4259 = DIRECTION ( 'NONE',  ( 1.000000000000000000, 0.000000000000000000, 0.000000000000000000 ) ) ;
#4260 = EDGE_CURVE ( 'NONE', #1103, #2088, #4046, .T. ) ;
#4261 = CARTESIAN_POINT ( 'NONE',  ( -1.192622389734054720E-14, -32.50000000000000000, 12.06000000000000583 ) ) ;
#4262 = CARTESIAN_POINT ( 'NONE',  ( 0.000000000000000000, 0.000000000000000000, -16.95249999999998636 ) ) ;
#4263 = ORIENTED_EDGE ( 'NONE', *, *, #5176, .F. ) ;
#4264 = CYLINDRICAL_SURFACE ( 'NONE', #5211, 4.000000000000000000 ) ;
#4265 = DIRECTION ( 'NONE',  ( -1.000000000000000000, 0.000000000000000000, 0.000000000000000000 ) ) ;
#4266 = EDGE_CURVE ( 'NONE', #5615, #4147, #2164, .T. ) ;
#4267 = CARTESIAN_POINT ( 'NONE',  ( -26.90789321898845898, 10.31050770035706776, -13.37450691810773229 ) ) ;
#4268 = EDGE_LOOP ( 'NONE', ( #1429, #2103, #5408, #5092 ) ) ;
#4269 = CYLINDRICAL_SURFACE ( 'NONE', #37, 2.999999999999999112 ) ;
#4270 = CIRCLE ( 'NONE', #3241, 2.552699999999989533 ) ;
#4271 = DIRECTION ( 'NONE',  ( 1.000000000000000000, 0.000000000000000000, 0.000000000000000000 ) ) ;
#4272 = CARTESIAN_POINT ( 'NONE',  ( 3.984302198030716898E-15, 32.50000000000000000, 12.06000000000000583 ) ) ;
#4273 = ORIENTED_EDGE ( 'NONE', *, *, #1519, .F. ) ;
#4274 = ORIENTED_EDGE ( 'NONE', *, *, #1519, .T. ) ;
#4275 = DIRECTION ( 'NONE',  ( -1.000000000000000000, 0.000000000000000000, 0.000000000000000000 ) ) ;
#4276 = CARTESIAN_POINT ( 'NONE',  ( 7.593631064265406572, -33.14116424116424042, 0.000000000000000000 ) ) ;
#4277 = CARTESIAN_POINT ( 'NONE',  ( 0.000000000000000000, 0.000000000000000000, -6.249999999999993783 ) ) ;
#4278 = CIRCLE ( 'NONE', #2984, 2.999999999999999112 ) ;
#4279 = ORIENTED_EDGE ( 'NONE', *, *, #5466, .T. ) ;
#4280 = ORIENTED_EDGE ( 'NONE', *, *, #5536, .F. ) ;
#4281 = VERTEX_POINT ( 'NONE', #1340 ) ;
#4282 = ADVANCED_FACE ( 'NONE', ( #2703 ), #1946, .F. ) ;
#4283 = DIRECTION ( 'NONE',  ( 0.7893522173763264371, 0.000000000000000000, 0.6139406135149202415 ) ) ;
#4284 = CARTESIAN_POINT ( 'NONE',  ( -4.131828667320885273, 34.28269230769231513, 19.45250000000001123 ) ) ;
#4285 = DIRECTION ( 'NONE',  ( -1.000000000000000000, 0.000000000000000000, 0.000000000000000000 ) ) ;
#4286 = EDGE_CURVE ( 'NONE', #1819, #5391, #1283, .T. ) ;
#4287 = AXIS2_PLACEMENT_3D ( 'NONE', #5244, #5702, #2470 ) ;
#4288 = CARTESIAN_POINT ( 'NONE',  ( 1.469287128875949699, 23.35183689042892752, -17.58746535710914216 ) ) ;
#4289 = CIRCLE ( 'NONE', #2530, 6.000000000000012434 ) ;
#4290 = ORIENTED_EDGE ( 'NONE', *, *, #5351, .T. ) ;
#4291 = CARTESIAN_POINT ( 'NONE',  ( 18.37785951953085828, -18.39169050088623791, -20.95249999999998991 ) ) ;
#4292 = VECTOR ( 'NONE', #4506, 1000.000000000000000 ) ;
#4293 = CARTESIAN_POINT ( 'NONE',  ( -7.589415207398531038E-16, 0.000000000000000000, -6.249999999999993783 ) ) ;
#4294 = EDGE_CURVE ( 'NONE', #2129, #5336, #541, .T. ) ;
#4295 = CONICAL_SURFACE ( 'NONE', #4762, 2.552699999999994418, 1.029744258676652535 ) ;
#4296 = DIRECTION ( 'NONE',  ( -1.000000000000000000, 0.000000000000000000, 0.000000000000000000 ) ) ;
#4297 = EDGE_LOOP ( 'NONE', ( #226, #3615, #4317, #1801 ) ) ;
#4298 = EDGE_LOOP ( 'NONE', ( #2169, #3545, #5376, #4511 ) ) ;
#4299 = DIRECTION ( 'NONE',  ( -0.000000000000000000, -0.000000000000000000, -1.000000000000000000 ) ) ;
#4300 = AXIS2_PLACEMENT_3D ( 'NONE', #2586, #4352, #371 ) ;
#4301 = APPLICATION_CONTEXT ( 'automotive_design' ) ;
#4302 = CARTESIAN_POINT ( 'NONE',  ( 1.500000000000000444, 23.00000000000000000, -17.85894133304158871 ) ) ;
#4303 = CARTESIAN_POINT ( 'NONE',  ( 0.000000000000000000, 0.000000000000000000, -19.45249999999998280 ) ) ;
#4304 = EDGE_LOOP ( 'NONE', ( #4709, #782, #4637, #3408 ) ) ;
#4305 = CYLINDRICAL_SURFACE ( 'NONE', #2178, 4.000000000000000000 ) ;
#4306 = CARTESIAN_POINT ( 'NONE',  ( 24.26574752036511384, -0.8331084947703270016, -16.90197437273464942 ) ) ;
#4307 = VECTOR ( 'NONE', #4652, 1000.000000000000114 ) ;
#4308 = ORIENTED_EDGE ( 'NONE', *, *, #4982, .F. ) ;
#4309 = CARTESIAN_POINT ( 'NONE',  ( 29.63955347916789762, 4.636471670952628799, 0.000000000000000000 ) ) ;
#4310 = ORIENTED_EDGE ( 'NONE', *, *, #5327, .F. ) ;
#4311 = ORIENTED_EDGE ( 'NONE', *, *, #1150, .F. ) ;
#4312 = ORIENTED_EDGE ( 'NONE', *, *, #1815, .T. ) ;
#4313 = CARTESIAN_POINT ( 'NONE',  ( -26.05578431723306920, -10.61852685122359574, -13.90242260066738744 ) ) ;
#4314 = DIRECTION ( 'NONE',  ( -0.000000000000000000, -0.000000000000000000, 1.000000000000000000 ) ) ;
#4315 = EDGE_CURVE ( 'NONE', #699, #4731, #2776, .T. ) ;
#4316 = CARTESIAN_POINT ( 'NONE',  ( 1.343842574474370277, 23.69042088582060401, -17.33041602083486410 ) ) ;
#4317 = ORIENTED_EDGE ( 'NONE', *, *, #688, .T. ) ;
#4318 = AXIS2_PLACEMENT_3D ( 'NONE', #1542, #1097, #2907 ) ;
#4319 = CARTESIAN_POINT ( 'NONE',  ( 0.000000000000000000, 0.000000000000000000, 19.45250000000001123 ) ) ;
#4320 = CYLINDRICAL_SURFACE ( 'NONE', #4531, 8.000000000000001776 ) ;
#4321 = EDGE_CURVE ( 'NONE', #3381, #1041, #2188, .T. ) ;
#4322 = LINE ( 'NONE', #769, #3064 ) ;
#4323 = ORIENTED_EDGE ( 'NONE', *, *, #882, .F. ) ;
#4324 = VERTEX_POINT ( 'NONE', #2648 ) ;
#4325 = CYLINDRICAL_SURFACE ( 'NONE', #2401, 8.000000000000000000 ) ;
#4326 = ADVANCED_FACE ( 'NONE', ( #5377 ), #4422, .F. ) ;
#4327 = DIRECTION ( 'NONE',  ( -0.000000000000000000, -0.000000000000000000, -1.000000000000000000 ) ) ;
#4328 = DIRECTION ( 'NONE',  ( -0.000000000000000000, -0.000000000000000000, -1.000000000000000000 ) ) ;
#4329 = VERTEX_POINT ( 'NONE', #4368 ) ;
#4330 = DIRECTION ( 'NONE',  ( -1.000000000000000000, 0.000000000000000000, -0.000000000000000000 ) ) ;
#4331 = FACE_BOUND ( 'NONE', #1555, .T. ) ;
#4332 = EDGE_CURVE ( 'NONE', #2360, #4338, #5194, .T. ) ;
#4333 = ADVANCED_FACE ( 'NONE', ( #413 ), #820, .T. ) ;
#4334 = EDGE_LOOP ( 'NONE', ( #1304, #4751, #2658, #1663 ) ) ;
#4335 = DIRECTION ( 'NONE',  ( 0.000000000000000000, 0.000000000000000000, -1.000000000000000000 ) ) ;
#4336 = CONICAL_SURFACE ( 'NONE', #1822, 4.499999999999992006, 0.7853981633974495002 ) ;
#4337 = ORIENTED_EDGE ( 'NONE', *, *, #265, .F. ) ;
#4338 = VERTEX_POINT ( 'NONE', #4886 ) ;
#4339 = ORIENTED_EDGE ( 'NONE', *, *, #2625, .T. ) ;
#4340 = DIRECTION ( 'NONE',  ( -0.6492542376363501511, 0.2801230710085191866, -0.7071067811865460184 ) ) ;
#4341 = CYLINDRICAL_SURFACE ( 'NONE', #1595, 1.500000000000001332 ) ;
#4342 = CARTESIAN_POINT ( 'NONE',  ( -0.1151633595738441734, 24.49965718889096777, -16.73052808436747796 ) ) ;
#4343 = CONICAL_SURFACE ( 'NONE', #5448, 19.00000000000000000, 0.7853981633974613796 ) ;
#4344 = DIRECTION ( 'NONE',  ( 0.000000000000000000, 0.000000000000000000, -1.000000000000000000 ) ) ;
#4345 = DIRECTION ( 'NONE',  ( 0.7071067811865444641, 0.000000000000000000, 0.7071067811865505703 ) ) ;
#4346 = AXIS2_PLACEMENT_3D ( 'NONE', #2698, #4942, #1285 ) ;
#4347 = CARTESIAN_POINT ( 'NONE',  ( 21.20522252253493534, 21.22118134717710092, -6.249999999999993783 ) ) ;
#4348 = ORIENTED_EDGE ( 'NONE', *, *, #376, .F. ) ;
#4349 = ORIENTED_EDGE ( 'NONE', *, *, #255, .T. ) ;
#4350 = CYLINDRICAL_SURFACE ( 'NONE', #2093, 8.000000000000000000 ) ;
#4351 = AXIS2_PLACEMENT_3D ( 'NONE', #3989, #30, #2243 ) ;
#4352 = DIRECTION ( 'NONE',  ( 0.000000000000000000, 0.000000000000000000, -1.000000000000000000 ) ) ;
#4353 = CARTESIAN_POINT ( 'NONE',  ( -10.80447448861208137, -27.98684210526316463, 0.000000000000000000 ) ) ;
#4354 = ORIENTED_EDGE ( 'NONE', *, *, #3910, .F. ) ;
#4355 = CARTESIAN_POINT ( 'NONE',  ( 26.32829082044181490, 10.53190877639176293, -13.73065561476731489 ) ) ;
#4356 = CARTESIAN_POINT ( 'NONE',  ( 21.92716452389664283, -1.052656057703243997, -18.71179451840195540 ) ) ;
#4357 = VECTOR ( 'NONE', #4171, 1000.000000000000000 ) ;
#4358 = EDGE_CURVE ( 'NONE', #1630, #1309, #1755, .T. ) ;
#4359 = DIRECTION ( 'NONE',  ( -0.000000000000000000, -0.000000000000000000, 1.000000000000000000 ) ) ;
#4360 = EDGE_CURVE ( 'NONE', #2669, #2580, #2733, .T. ) ;
#4361 = ORIENTED_EDGE ( 'NONE', *, *, #3471, .F. ) ;
#4362 = ORIENTED_EDGE ( 'NONE', *, *, #1768, .F. ) ;
#4363 = ORIENTED_EDGE ( 'NONE', *, *, #3242, .F. ) ;
#4364 = EDGE_CURVE ( 'NONE', #5181, #4550, #149, .T. ) ;
#4365 = LINE ( 'NONE', #381, #4633 ) ;
#4366 = DIRECTION ( 'NONE',  ( 0.000000000000000000, 0.000000000000000000, -1.000000000000000000 ) ) ;
#4367 = CARTESIAN_POINT ( 'NONE',  ( 0.000000000000000000, 0.000000000000000000, -10.07749999999998458 ) ) ;
#4368 = CARTESIAN_POINT ( 'NONE',  ( -27.44974894557051925, 22.20948632510780030, 17.95250000000002544 ) ) ;
#4369 = CARTESIAN_POINT ( 'NONE',  ( 6.552479326557977934, 29.11105021691038885, -12.57781190286296713 ) ) ;
#4370 = FACE_OUTER_BOUND ( 'NONE', #3030, .T. ) ;
#4371 = DIRECTION ( 'NONE',  ( -0.000000000000000000, -0.000000000000000000, 1.000000000000000000 ) ) ;
#4372 = AXIS2_PLACEMENT_3D ( 'NONE', #1824, #1855, #512 ) ;
#4373 = ORIENTED_EDGE ( 'NONE', *, *, #2500, .T. ) ;
#4374 = CIRCLE ( 'NONE', #2988, 4.000000000000000000 ) ;
#4375 = EDGE_CURVE ( 'NONE', #4147, #1075, #1378, .T. ) ;
#4376 = DIRECTION ( 'NONE',  ( -0.000000000000000000, -0.000000000000000000, -1.000000000000000000 ) ) ;
#4377 = VECTOR ( 'NONE', #1692, 1000.000000000000114 ) ;
#4378 = EDGE_CURVE ( 'NONE', #239, #691, #4142, .T. ) ;
#4379 = EDGE_CURVE ( 'NONE', #4160, #3546, #4074, .T. ) ;
#4380 = DIRECTION ( 'NONE',  ( 1.000000000000000000, 0.000000000000000000, 0.000000000000000000 ) ) ;
#4381 = AXIS2_PLACEMENT_3D ( 'NONE', #4385, #4720, #723 ) ;
#4382 = DIRECTION ( 'NONE',  ( -0.000000000000000000, -0.000000000000000000, 1.000000000000000000 ) ) ;
#4383 = ORIENTED_EDGE ( 'NONE', *, *, #3494, .T. ) ;
#4384 = DIRECTION ( 'NONE',  ( -0.000000000000000000, -0.000000000000000000, -1.000000000000000000 ) ) ;
#4385 = CARTESIAN_POINT ( 'NONE',  ( -8.263657334641768770, -36.06538461538462315, 0.000000000000000000 ) ) ;
#4386 = EDGE_CURVE ( 'NONE', #2130, #1302, #1287, .T. ) ;
#4387 = DIRECTION ( 'NONE',  ( 1.000000000000000000, 0.000000000000000000, 0.000000000000000000 ) ) ;
#4388 = ORIENTED_EDGE ( 'NONE', *, *, #4990, .F. ) ;
#4389 = EDGE_LOOP ( 'NONE', ( #2739, #2217, #3689, #4669 ) ) ;
#4390 = ORIENTED_EDGE ( 'NONE', *, *, #2825, .F. ) ;
#4391 = AXIS2_PLACEMENT_3D ( 'NONE', #596, #1033, #1504 ) ;
#4392 = DIRECTION ( 'NONE',  ( 1.000000000000000000, 0.000000000000000000, 0.000000000000000000 ) ) ;
#4393 = CARTESIAN_POINT ( 'NONE',  ( -21.20522252253533679, -21.22118134717670301, -12.45249999999997748 ) ) ;
#4394 = EDGE_CURVE ( 'NONE', #1223, #35, #586, .T. ) ;
#4395 = CARTESIAN_POINT ( 'NONE',  ( 1.500000000000000444, 23.00000000000000000, -17.85894133304158871 ) ) ;
#4396 = CARTESIAN_POINT ( 'NONE',  ( -35.36536794150043050, -10.87615512772294579, 0.000000000000000000 ) ) ;
#4397 = CARTESIAN_POINT ( 'NONE',  ( 0.000000000000000000, 0.000000000000000000, 6.250000000000004441 ) ) ;
#4398 = DIRECTION ( 'NONE',  ( 1.000000000000000000, 1.156482317317871725E-15, 0.000000000000000000 ) ) ;
#4399 = AXIS2_PLACEMENT_3D ( 'NONE', #4661, #3404, #3842 ) ;
#4400 = ORIENTED_EDGE ( 'NONE', *, *, #5142, .F. ) ;
#4401 = EDGE_CURVE ( 'NONE', #1575, #3981, #737, .T. ) ;
#4402 = FACE_OUTER_BOUND ( 'NONE', #3117, .T. ) ;
#4403 = AXIS2_PLACEMENT_3D ( 'NONE', #4241, #2033, #5108 ) ;
#4404 = PRODUCT ( 'Hub Motor Rotor', 'Hub Motor Rotor', '', ( #1613 ) ) ;
#4405 = CARTESIAN_POINT ( 'NONE',  ( -29.63955347916789407, -4.636471670952648338, 6.250000000000003553 ) ) ;
#4406 = DIRECTION ( 'NONE',  ( 0.000000000000000000, 0.000000000000000000, -1.000000000000000000 ) ) ;
#4407 = ORIENTED_EDGE ( 'NONE', *, *, #4025, .T. ) ;
#4408 = DIRECTION ( 'NONE',  ( 1.000000000000000000, 0.000000000000000000, 0.000000000000000000 ) ) ;
#4409 = ADVANCED_FACE ( 'NONE', ( #1051 ), #2043, .T. ) ;
#4410 = CARTESIAN_POINT ( 'NONE',  ( 28.14582562299425916, 16.25000000000000000, -6.249999999999993783 ) ) ;
#4411 = DIRECTION ( 'NONE',  ( -0.000000000000000000, -0.000000000000000000, -1.000000000000000000 ) ) ;
#4412 = ORIENTED_EDGE ( 'NONE', *, *, #5693, .T. ) ;
#4413 = CARTESIAN_POINT ( 'NONE',  ( -24.43911978888726466, -0.4370440971507632000, -16.77477375568850704 ) ) ;
#4414 = EDGE_CURVE ( 'NONE', #1813, #1547, #4270, .T. ) ;
#4415 = VERTEX_POINT ( 'NONE', #1958 ) ;
#4416 = ORIENTED_EDGE ( 'NONE', *, *, #4670, .T. ) ;
#4417 = CARTESIAN_POINT ( 'NONE',  ( 22.76225399813878525, -13.59379909287929955, -15.16556875979783925 ) ) ;
#4418 = CARTESIAN_POINT ( 'NONE',  ( -2.430787559967081179, -27.01127130130083387, -14.69256639169086220 ) ) ;
#4419 = B_SPLINE_CURVE_WITH_KNOTS ( 'NONE', 3,
 ( #274, #2050, #2018, #1991, #2889, #2370, #5561, #2458, #3263, #3387, #3824, #5589, #182, #3699, #1494, #4230, #5157, #5042, #3759, #5530 ),
 .UNSPECIFIED., .F., .F.,
 ( 4, 2, 2, 2, 2, 2, 2, 2, 2, 4 ),
 ( 0.005772032587601514178, 0.006431833934516619118, 0.007091635281431724058, 0.007421535954889273493, 0.007751436628346822059, 0.008411237975261916591, 0.009071039322177010256, 0.009400939995634556220, 0.009730840669092102185, 0.01105044336292228258 ),
 .UNSPECIFIED. ) ;
#4420 = ORIENTED_EDGE ( 'NONE', *, *, #4758, .F. ) ;
#4421 = EDGE_CURVE ( 'NONE', #5336, #4879, #5011, .T. ) ;
#4422 = CYLINDRICAL_SURFACE ( 'NONE', #1102, 2.999999999999999112 ) ;
#4423 = DIRECTION ( 'NONE',  ( 0.000000000000000000, 0.000000000000000000, -1.000000000000000000 ) ) ;
#4424 = AXIS2_PLACEMENT_3D ( 'NONE', #2985, #314, #3913 ) ;
#4425 = VECTOR ( 'NONE', #302, 1000.000000000000000 ) ;
#4426 = CARTESIAN_POINT ( 'NONE',  ( 0.000000000000000000, 0.000000000000000000, 19.45250000000001123 ) ) ;
#4427 = ORIENTED_EDGE ( 'NONE', *, *, #1225, .T. ) ;
#4428 = AXIS2_PLACEMENT_3D ( 'NONE', #4969, #4537, #548 ) ;
#4429 = EDGE_CURVE ( 'NONE', #1610, #727, #1848, .T. ) ;
#4430 = CARTESIAN_POINT ( 'NONE',  ( 28.14582562299425916, 16.25000000000000000, 12.06000000000000583 ) ) ;
#4431 = CIRCLE ( 'NONE', #1834, 30.00000000000000355 ) ;
#4432 = FACE_OUTER_BOUND ( 'NONE', #735, .T. ) ;
#4433 = CARTESIAN_POINT ( 'NONE',  ( 27.10171060685865640, 25.18922948766168801, 19.45250000000001123 ) ) ;
#4434 = ORIENTED_EDGE ( 'NONE', *, *, #4555, .F. ) ;
#4435 = CARTESIAN_POINT ( 'NONE',  ( 28.14582562299425916, 16.25000000000000000, 12.06000000000000583 ) ) ;
#4436 = FACE_OUTER_BOUND ( 'NONE', #3016, .T. ) ;
#4437 = CARTESIAN_POINT ( 'NONE',  ( 10.80447448861208137, 27.98684210526316107, -6.249999999999993783 ) ) ;
#4438 = ORIENTED_EDGE ( 'NONE', *, *, #213, .F. ) ;
#4439 = CARTESIAN_POINT ( 'NONE',  ( 0.000000000000000000, 23.00000000000000000, -20.95249999999998991 ) ) ;
#4440 = ORIENTED_EDGE ( 'NONE', *, *, #5406, .F. ) ;
#4441 = ORIENTED_EDGE ( 'NONE', *, *, #1394, .F. ) ;
#4442 = VECTOR ( 'NONE', #3087, 1000.000000000000000 ) ;
#4443 = FACE_OUTER_BOUND ( 'NONE', #3350, .T. ) ;
#4444 = CARTESIAN_POINT ( 'NONE',  ( 4.043244859526122781, -28.06692307692305022, -13.73065561476729535 ) ) ;
#4445 = EDGE_CURVE ( 'NONE', #246, #2156, #2337, .T. ) ;
#4446 = CARTESIAN_POINT ( 'NONE',  ( 0.000000000000000000, 0.000000000000000000, -10.07749999999998458 ) ) ;
#4447 = ADVANCED_FACE ( 'NONE', ( #3639 ), #5409, .F. ) ;
#4448 = ORIENTED_EDGE ( 'NONE', *, *, #4600, .T. ) ;
#4449 = DIRECTION ( 'NONE',  ( 1.000000000000000000, 1.927470528863120133E-15, 0.000000000000000000 ) ) ;
#4450 = FACE_OUTER_BOUND ( 'NONE', #1026, .T. ) ;
#4451 = CARTESIAN_POINT ( 'NONE',  ( -35.36536794150043050, 10.87615512772294402, 6.250000000000003553 ) ) ;
#4452 = DIRECTION ( 'NONE',  ( 1.000000000000000000, 0.000000000000000000, 0.000000000000000000 ) ) ;
#4453 = ORIENTED_EDGE ( 'NONE', *, *, #2213, .F. ) ;
#4454 = DIRECTION ( 'NONE',  ( 1.000000000000000000, 0.000000000000000000, 0.000000000000000000 ) ) ;
#4455 = ADVANCED_FACE ( 'NONE', ( #5008 ), #4077, .F. ) ;
#4456 = CIRCLE ( 'NONE', #5024, 4.499999999999990230 ) ;
#4457 = CARTESIAN_POINT ( 'NONE',  ( 7.589415207398531038E-16, 0.000000000000000000, 6.250000000000003553 ) ) ;
#4458 = AXIS2_PLACEMENT_3D ( 'NONE', #4646, #3418, #678 ) ;
#4459 = CYLINDRICAL_SURFACE ( 'NONE', #3790, 34.00000000000000000 ) ;
#4460 = DIRECTION ( 'NONE',  ( -0.000000000000000000, -0.000000000000000000, 1.000000000000000000 ) ) ;
#4461 = ORIENTED_EDGE ( 'NONE', *, *, #5134, .F. ) ;
#4462 = CIRCLE ( 'NONE', #197, 3.000000000000002665 ) ;
#4463 = CARTESIAN_POINT ( 'NONE',  ( -7.775470883703708758, 28.97485207100591964, -12.45249999999997748 ) ) ;
#4464 = CARTESIAN_POINT ( 'NONE',  ( -29.54343440694599821, -5.872864116540021051, 0.000000000000000000 ) ) ;
#4465 = EDGE_CURVE ( 'NONE', #2007, #1139, #1990, .T. ) ;
#4466 = CIRCLE ( 'NONE', #1693, 6.000000000000012434 ) ;
#4467 = FACE_BOUND ( 'NONE', #3071, .T. ) ;
#4468 = ORIENTED_EDGE ( 'NONE', *, *, #1885, .F. ) ;
#4469 = CARTESIAN_POINT ( 'NONE',  ( 32.49790567597337088, -9.994304711961611076, 0.000000000000000000 ) ) ;
#4470 = ORIENTED_EDGE ( 'NONE', *, *, #805, .T. ) ;
#4471 = ORIENTED_EDGE ( 'NONE', *, *, #4150, .T. ) ;
#4472 = DIRECTION ( 'NONE',  ( 0.000000000000000000, 0.000000000000000000, -1.000000000000000000 ) ) ;
#4473 = DIRECTION ( 'NONE',  ( 0.000000000000000000, 0.000000000000000000, -1.000000000000000000 ) ) ;
#4474 = AXIS2_PLACEMENT_3D ( 'NONE', #827, #1658, #2535 ) ;
#4475 = CARTESIAN_POINT ( 'NONE',  ( -21.50000000000000000, 0.000000000000000000, -10.07749999999998458 ) ) ;
#4476 = CIRCLE ( 'NONE', #3550, 8.000000000000000000 ) ;
#4477 = CARTESIAN_POINT ( 'NONE',  ( 27.83401248979004805, -9.659895342477279101, -12.87076489622952025 ) ) ;
#4478 = CIRCLE ( 'NONE', #4209, 6.000000000000001776 ) ;
#4479 = VERTEX_POINT ( 'NONE', #5529 ) ;
#4480 = CARTESIAN_POINT ( 'NONE',  ( 7.258617929077230357, 31.67905405405405972, 19.45250000000001123 ) ) ;
#4481 = DIRECTION ( 'NONE',  ( 1.000000000000000000, 0.000000000000000000, 0.000000000000000000 ) ) ;
#4482 = AXIS2_PLACEMENT_3D ( 'NONE', #2081, #362, #1253 ) ;
#4483 = CARTESIAN_POINT ( 'NONE',  ( 26.30808609372701667, 21.96162966434000552, -6.249999999999992006 ) ) ;
#4484 = CARTESIAN_POINT ( 'NONE',  ( -35.36536794150043050, -10.87615512772294579, 19.45250000000001123 ) ) ;
#4485 = ORIENTED_EDGE ( 'NONE', *, *, #437, .T. ) ;
#4486 = ADVANCED_FACE ( 'NONE', ( #1430, #3201 ), #1551, .F. ) ;
#4487 = CARTESIAN_POINT ( 'NONE',  ( -1.500000000000000444, -23.00000000000000000, -20.95249999999998991 ) ) ;
#4488 = CARTESIAN_POINT ( 'NONE',  ( 27.71525592484181644, 9.778944612768706079, -12.92824923591619424 ) ) ;
#4489 = B_SPLINE_CURVE_WITH_KNOTS ( 'NONE', 3,
 ( #2538, #5690, #4744, #401, #2591, #4306, #2125, #4823, #3485, #3048, #2615, #4773, #5636, #1710, #2177, #4356, #375, #5255, #1242, #1209, #3897, #5148, #1269, #324 ),
 .UNSPECIFIED., .F., .F.,
 ( 4, 2, 2, 2, 2, 2, 2, 2, 2, 2, 2, 4 ),
 ( 0.006197098686366464375, 0.006530869372649864002, 0.006864640058933263629, 0.007532181431500058547, 0.008199722804066854331, 0.008867264176633650116, 0.009534805549200445901, 0.01020234692176724169, 0.01053611760805064218, 0.01086988829433404441, 0.01120365898061744664, 0.01153742966690084713 ),
 .UNSPECIFIED. ) ;
#4490 = DIRECTION ( 'NONE',  ( -1.000000000000000000, 0.000000000000000000, 0.000000000000000000 ) ) ;
#4491 = AXIS2_PLACEMENT_3D ( 'NONE', #136, #43, #4594 ) ;
#4492 = CARTESIAN_POINT ( 'NONE',  ( -27.44974894557051925, -22.20948632510780030, 6.250000000000005329 ) ) ;
#4493 = VERTEX_POINT ( 'NONE', #4544 ) ;
#4494 = EDGE_CURVE ( 'NONE', #3574, #1309, #554, .T. ) ;
#4495 = CARTESIAN_POINT ( 'NONE',  ( -23.00000000000000000, 0.000000000000000000, -10.07749999999998458 ) ) ;
#4496 = DIRECTION ( 'NONE',  ( -0.000000000000000000, -0.000000000000000000, -1.000000000000000000 ) ) ;
#4497 = CIRCLE ( 'NONE', #1531, 17.50000000000000355 ) ;
#4498 = DIRECTION ( 'NONE',  ( -0.000000000000000000, -0.000000000000000000, 1.000000000000000000 ) ) ;
#4499 = CARTESIAN_POINT ( 'NONE',  ( -24.50000000000000000, 3.000384657911015469E-15, 11.45250000000002011 ) ) ;
#4500 = ORIENTED_EDGE ( 'NONE', *, *, #4564, .T. ) ;
#4501 = DIRECTION ( 'NONE',  ( 0.000000000000000000, 0.000000000000000000, 1.000000000000000000 ) ) ;
#4502 = ORIENTED_EDGE ( 'NONE', *, *, #2358, .F. ) ;
#4503 = ORIENTED_EDGE ( 'NONE', *, *, #2365, .F. ) ;
#4504 = CIRCLE ( 'NONE', #504, 17.99999999999997513 ) ;
#4505 = DIRECTION ( 'NONE',  ( -0.000000000000000000, -0.000000000000000000, 1.000000000000000000 ) ) ;
#4506 = DIRECTION ( 'NONE',  ( -0.8571673007021113344, 0.000000000000000000, -0.5150380749100558209 ) ) ;
#4507 = ADVANCED_FACE ( 'NONE', ( #3202, #3581 ), #4513, .T. ) ;
#4508 = CARTESIAN_POINT ( 'NONE',  ( 22.26066045562240703, 19.38626965977190153, -12.82734877312242894 ) ) ;
#4509 = EDGE_CURVE ( 'NONE', #5391, #3558, #2972, .T. ) ;
#4510 = DIRECTION ( 'NONE',  ( -0.000000000000000000, -0.000000000000000000, 1.000000000000000000 ) ) ;
#4511 = ORIENTED_EDGE ( 'NONE', *, *, #2079, .F. ) ;
#4512 = DIRECTION ( 'NONE',  ( 0.000000000000000000, 0.000000000000000000, -1.000000000000000000 ) ) ;
#4513 = PLANE ( 'NONE',  #3985 ) ;
#4514 = FACE_OUTER_BOUND ( 'NONE', #4952, .T. ) ;
#4515 = DIRECTION ( 'NONE',  ( 1.000000000000000000, 0.000000000000000000, 0.000000000000000000 ) ) ;
#4516 = ORIENTED_EDGE ( 'NONE', *, *, #1416, .F. ) ;
#4517 = ORIENTED_EDGE ( 'NONE', *, *, #3286, .F. ) ;
#4518 = DIRECTION ( 'NONE',  ( 1.000000000000000000, 0.000000000000000000, 0.000000000000000000 ) ) ;
#4519 = AXIS2_PLACEMENT_3D ( 'NONE', #542, #2323, #4095 ) ;
#4520 = DIRECTION ( 'NONE',  ( -1.000000000000000000, 0.000000000000000000, 0.000000000000000000 ) ) ;
#4521 = CYLINDRICAL_SURFACE ( 'NONE', #4800, 30.00000000000000355 ) ;
#4522 = VECTOR ( 'NONE', #2516, 1000.000000000000000 ) ;
#4523 = AXIS2_PLACEMENT_3D ( 'NONE', #1443, #4090, #99 ) ;
#4524 = CARTESIAN_POINT ( 'NONE',  ( 13.68566768557530544, 35.45000000000000995, 6.250000000000003553 ) ) ;
#4525 = EDGE_CURVE ( 'NONE', #5248, #729, #82, .T. ) ;
#4526 = LINE ( 'NONE', #4593, #4307 ) ;
#4527 = AXIS2_PLACEMENT_3D ( 'NONE', #1678, #2990, #3094 ) ;
#4528 = CARTESIAN_POINT ( 'NONE',  ( -22.28504596091605450, -17.53501430053193388, -6.249999999999993783 ) ) ;
#4529 = DIRECTION ( 'NONE',  ( 1.000000000000000000, 0.000000000000000000, 0.000000000000000000 ) ) ;
#4530 = CARTESIAN_POINT ( 'NONE',  ( 23.00000000000000000, 0.000000000000000000, -10.07749999999998458 ) ) ;
#4531 = AXIS2_PLACEMENT_3D ( 'NONE', #338, #2109, #3884 ) ;
#4532 = DIRECTION ( 'NONE',  ( -1.000000000000000000, 0.000000000000000000, 0.000000000000000000 ) ) ;
#4533 = ORIENTED_EDGE ( 'NONE', *, *, #2438, .F. ) ;
#4534 = LINE ( 'NONE', #2326, #208 ) ;
#4535 = EDGE_LOOP ( 'NONE', ( #336, #1451, #3777, #3039 ) ) ;
#4536 = VERTEX_POINT ( 'NONE', #3142 ) ;
#4537 = DIRECTION ( 'NONE',  ( -0.000000000000000000, -0.000000000000000000, -1.000000000000000000 ) ) ;
#4538 = DIRECTION ( 'NONE',  ( 1.000000000000000000, 0.000000000000000000, 0.000000000000000000 ) ) ;
#4539 = ADVANCED_FACE ( 'NONE', ( #1810 ), #5438, .T. ) ;
#4540 = DIRECTION ( 'NONE',  ( -0.000000000000000000, -0.000000000000000000, -1.000000000000000000 ) ) ;
#4541 = VECTOR ( 'NONE', #463, 1000.000000000000114 ) ;
#4542 = CARTESIAN_POINT ( 'NONE',  ( 35.36536794150043761, 10.87615512772292092, 17.95250000000002544 ) ) ;
#4543 = ORIENTED_EDGE ( 'NONE', *, *, #2339, .T. ) ;
#4544 = CARTESIAN_POINT ( 'NONE',  ( -4.043244859525739088, -28.06692307692310706, -13.73065561476729357 ) ) ;
#4545 = CARTESIAN_POINT ( 'NONE',  ( 32.95885383533170909, 12.66743675181527706, 6.250000000000005329 ) ) ;
#4546 = FACE_OUTER_BOUND ( 'NONE', #2945, .T. ) ;
#4547 = AXIS2_PLACEMENT_3D ( 'NONE', #4611, #210, #611 ) ;
#4548 = DIRECTION ( 'NONE',  ( -0.000000000000000000, -0.000000000000000000, 1.000000000000000000 ) ) ;
#4549 = ORIENTED_EDGE ( 'NONE', *, *, #4584, .T. ) ;
#4550 = VERTEX_POINT ( 'NONE', #1462 ) ;
#4551 = FILL_AREA_STYLE ('',( #2836 ) ) ;
#4552 = ADVANCED_FACE ( 'NONE', ( #4450 ), #3708, .F. ) ;
#4553 = CARTESIAN_POINT ( 'NONE',  ( 23.85776672137070520, -29.57713588345999156, 0.000000000000000000 ) ) ;
#4554 = DIRECTION ( 'NONE',  ( -0.000000000000000000, -0.000000000000000000, 1.000000000000000000 ) ) ;
#4555 = EDGE_CURVE ( 'NONE', #2651, #1075, #1024, .T. ) ;
#4556 = VECTOR ( 'NONE', #4866, 1000.000000000000000 ) ;
#4557 = CIRCLE ( 'NONE', #1496, 4.499999999999993783 ) ;
#4558 = B_SPLINE_CURVE_WITH_KNOTS ( 'NONE', 3,
 ( #2495, #249, #3767, #2466 ),
 .UNSPECIFIED., .F., .F.,
 ( 4, 4 ),
 ( 0.003255510248279661241, 0.004230465464832433922 ),
 .UNSPECIFIED. ) ;
#4559 = CARTESIAN_POINT ( 'NONE',  ( 13.68566768557530544, 35.45000000000000995, -6.249999999999993783 ) ) ;
#4560 = EDGE_CURVE ( 'NONE', #4919, #4803, #2316, .T. ) ;
#4561 = CARTESIAN_POINT ( 'NONE',  ( 4.043244859526122781, -28.06692307692305022, -6.249999999999993783 ) ) ;
#4562 = CARTESIAN_POINT ( 'NONE',  ( 4.269378766357653454, -28.27317141689692193, -13.54680109014449663 ) ) ;
#4563 = AXIS2_PLACEMENT_3D ( 'NONE', #3356, #5562, #1581 ) ;
#4564 = EDGE_CURVE ( 'NONE', #1827, #4680, #5103, .T. ) ;
#4565 = CYLINDRICAL_SURFACE ( 'NONE', #520, 2.552699999999990865 ) ;
#4566 = CARTESIAN_POINT ( 'NONE',  ( 7.775470883703716751, 28.97485207100591964, -12.45249999999997748 ) ) ;
#4567 = AXIS2_PLACEMENT_3D ( 'NONE', #4728, #2918, #3792 ) ;
#4568 = ORIENTED_EDGE ( 'NONE', *, *, #4972, .T. ) ;
#4569 = CARTESIAN_POINT ( 'NONE',  ( 21.50000000000000000, 1.658753602626325943E-22, -19.06361111111108997 ) ) ;
#4570 = ORIENTED_EDGE ( 'NONE', *, *, #695, .T. ) ;
#4571 = ORIENTED_EDGE ( 'NONE', *, *, #444, .T. ) ;
#4572 = DIRECTION ( 'NONE',  ( -1.000000000000000000, 0.000000000000000000, 0.000000000000000000 ) ) ;
#4573 = CARTESIAN_POINT ( 'NONE',  ( 3.984302198030716898E-15, 32.50000000000000000, -6.249999999999993783 ) ) ;
#4574 = ADVANCED_FACE ( 'NONE', ( #2734 ), #657, .F. ) ;
#4575 = CARTESIAN_POINT ( 'NONE',  ( 3.984302198030716898E-15, 32.50000000000000000, 19.45250000000001123 ) ) ;
#4576 = VECTOR ( 'NONE', #3344, 1000.000000000000000 ) ;
#4577 = CARTESIAN_POINT ( 'NONE',  ( -35.36536794150043050, -10.87615512772294579, 0.000000000000000000 ) ) ;
#4578 = EDGE_LOOP ( 'NONE', ( #5688, #4629, #4216, #5661 ) ) ;
#4579 = B_SPLINE_CURVE_WITH_KNOTS ( 'NONE', 3,
 ( #3329, #3364, #2523, #1113, #158, #649, #1995, #1940, #5163, #187, #2867, #2493, #706, #2925, #1966, #3706, #5597, #4205, #2895, #2464, #1557, #248, #5476, #1502 ),
 .UNSPECIFIED., .F., .F.,
 ( 4, 2, 2, 2, 2, 2, 2, 2, 2, 2, 2, 4 ),
 ( 0.0008451360369965907077, 0.001514131368167834701, 0.001848629033753457348, 0.002183126699339079779, 0.002852122030510312496, 0.003521117361681544780, 0.004190112692852777064, 0.004859108024024010215, 0.005193605689609623322, 0.005528103355195237295, 0.005862601020780851269, 0.006197098686366464375 ),
 .UNSPECIFIED. ) ;
#4580 = VECTOR ( 'NONE', #4501, 1000.000000000000000 ) ;
#4581 = CIRCLE ( 'NONE', #4112, 1.500000000000001332 ) ;
#4582 = CARTESIAN_POINT ( 'NONE',  ( -32.49790567597336377, 9.994304711961623511, 0.000000000000000000 ) ) ;
#4583 = FACE_OUTER_BOUND ( 'NONE', #3530, .T. ) ;
#4584 = EDGE_CURVE ( 'NONE', #3749, #2204, #5410, .T. ) ;
#4585 = CARTESIAN_POINT ( 'NONE',  ( -7.078871444745709951, -29.11247122637422891, -12.48454517327947855 ) ) ;
#4586 = DIRECTION ( 'NONE',  ( 0.000000000000000000, 0.000000000000000000, -1.000000000000000000 ) ) ;
#4587 = VERTEX_POINT ( 'NONE', #1868 ) ;
#4588 = DIRECTION ( 'NONE',  ( -0.000000000000000000, -0.000000000000000000, 1.000000000000000000 ) ) ;
#4589 = AXIS2_PLACEMENT_3D ( 'NONE', #4433, #941, #397 ) ;
#4590 = CYLINDRICAL_SURFACE ( 'NONE', #5083, 24.50000000000000000 ) ;
#4591 = AXIS2_PLACEMENT_3D ( 'NONE', #4426, #468, #2707 ) ;
#4592 = CARTESIAN_POINT ( 'NONE',  ( -22.16869151556063144, 15.63866464406719459, -14.68614432265775172 ) ) ;
#4593 = CARTESIAN_POINT ( 'NONE',  ( 17.50000000000000000, 2.143131898507868248E-15, -16.45250000000001123 ) ) ;
#4594 = DIRECTION ( 'NONE',  ( 1.000000000000000000, 0.000000000000000000, 0.000000000000000000 ) ) ;
#4595 = CARTESIAN_POINT ( 'NONE',  ( -30.69852562299424648, -16.24999999999999645, -6.249999999999993783 ) ) ;
#4596 = CARTESIAN_POINT ( 'NONE',  ( 8.263657334641768770, -36.06538461538462315, 19.45250000000001123 ) ) ;
#4597 = AXIS2_PLACEMENT_3D ( 'NONE', #1241, #422, #5740 ) ;
#4598 = CARTESIAN_POINT ( 'NONE',  ( 24.16575957068657488, 11.74460792186420477, -14.88966685655232958 ) ) ;
#4599 = VERTEX_POINT ( 'NONE', #4545 ) ;
#4600 = EDGE_CURVE ( 'NONE', #3546, #5391, #2769, .T. ) ;
#4601 = CARTESIAN_POINT ( 'NONE',  ( 0.000000000000000000, 0.000000000000000000, 11.95250000000002721 ) ) ;
#4602 = ORIENTED_EDGE ( 'NONE', *, *, #494, .F. ) ;
#4603 = ORIENTED_EDGE ( 'NONE', *, *, #1225, .F. ) ;
#4604 = CARTESIAN_POINT ( 'NONE',  ( -27.71525592484198697, -9.778944612768276201, -12.92824923591618536 ) ) ;
#4605 = LINE ( 'NONE', #3814, #3268 ) ;
#4606 = DIRECTION ( 'NONE',  ( 1.000000000000000000, 0.000000000000000000, 0.000000000000000000 ) ) ;
#4607 = CIRCLE ( 'NONE', #4034, 4.000000000000000000 ) ;
#4608 = EDGE_CURVE ( 'NONE', #4771, #4415, #2338, .T. ) ;
#4609 = ORIENTED_EDGE ( 'NONE', *, *, #1841, .F. ) ;
#4610 = ORIENTED_EDGE ( 'NONE', *, *, #3197, .T. ) ;
#4611 = CARTESIAN_POINT ( 'NONE',  ( -8.263657334641763441, 36.06538461538462315, 17.95250000000002544 ) ) ;
#4612 = DIRECTION ( 'NONE',  ( 1.000000000000000000, 0.000000000000000000, 0.000000000000000000 ) ) ;
#4613 = CARTESIAN_POINT ( 'NONE',  ( 32.17337224468786161, -11.80265604994571227, 6.250000000000005329 ) ) ;
#4614 = ORIENTED_EDGE ( 'NONE', *, *, #2010, .T. ) ;
#4615 = EDGE_CURVE ( 'NONE', #3438, #3841, #2676, .T. ) ;
#4616 = DIRECTION ( 'NONE',  ( -0.000000000000000000, -0.000000000000000000, 1.000000000000000000 ) ) ;
#4617 = CARTESIAN_POINT ( 'NONE',  ( 27.10171060685865996, -25.18922948766167735, 17.95250000000002544 ) ) ;
#4618 = DIRECTION ( 'NONE',  ( -0.000000000000000000, -0.000000000000000000, 1.000000000000000000 ) ) ;
#4619 = CARTESIAN_POINT ( 'NONE',  ( 28.14582562299425916, 16.25000000000000000, 6.250000000000005329 ) ) ;
#4620 = CARTESIAN_POINT ( 'NONE',  ( 18.37785951953027563, 18.39169050088682056, -20.95249999999998991 ) ) ;
#4621 = DIRECTION ( 'NONE',  ( -0.000000000000000000, -0.000000000000000000, 1.000000000000000000 ) ) ;
#4622 = CONICAL_SURFACE ( 'NONE', #2654, 32.50000000000000711, 0.7853981633974506105 ) ;
#4623 = DIRECTION ( 'NONE',  ( -0.000000000000000000, -0.000000000000000000, 1.000000000000000000 ) ) ;
#4624 = VECTOR ( 'NONE', #4239, 1000.000000000000000 ) ;
#4625 = CIRCLE ( 'NONE', #353, 4.000000000000000000 ) ;
#4626 = DIRECTION ( 'NONE',  ( -0.000000000000000000, -0.000000000000000000, 1.000000000000000000 ) ) ;
#4627 = ORIENTED_EDGE ( 'NONE', *, *, #2572, .T. ) ;
#4628 = CARTESIAN_POINT ( 'NONE',  ( 1.549009360121574641, 26.69032821254249299, -14.99384060917677886 ) ) ;
#4629 = ORIENTED_EDGE ( 'NONE', *, *, #3524, .F. ) ;
#4630 = ORIENTED_EDGE ( 'NONE', *, *, #3050, .F. ) ;
#4631 = DIRECTION ( 'NONE',  ( 1.000000000000000000, 0.000000000000000000, 0.000000000000000000 ) ) ;
#4633 = VECTOR ( 'NONE', #2159, 1000.000000000000000 ) ;
#4632 = DIRECTION ( 'NONE',  ( 0.000000000000000000, 0.000000000000000000, -1.000000000000000000 ) ) ;
#4634 = FACE_OUTER_BOUND ( 'NONE', #5692, .T. ) ;
#4635 = AXIS2_PLACEMENT_3D ( 'NONE', #1057, #3736, #2057 ) ;
#4636 = ADVANCED_FACE ( 'NONE', ( #4583 ), #4018, .T. ) ;
#4637 = ORIENTED_EDGE ( 'NONE', *, *, #1938, .T. ) ;
#4638 = ORIENTED_EDGE ( 'NONE', *, *, #411, .F. ) ;
#4639 = ORIENTED_EDGE ( 'NONE', *, *, #2479, .F. ) ;
#4640 = DIRECTION ( 'NONE',  ( 0.000000000000000000, 0.000000000000000000, 1.000000000000000000 ) ) ;
#4641 = FACE_OUTER_BOUND ( 'NONE', #4201, .T. ) ;
#4642 = B_SPLINE_CURVE_WITH_KNOTS ( 'NONE', 3,
 ( #5388, #1816, #566, #2778, #999, #2252, #12, #1913, #938, #4955, #2348, #4898, #2283, #5449, #3240, #5016, #2811, #1847, #4592, #2221, #3150 ),
 .UNSPECIFIED., .F., .F.,
 ( 4, 2, 2, 2, 2, 2, 1, 2, 2, 2, 4 ),
 ( 0.002276879723715412134, 0.003260356624831808534, 0.004243833525948204066, 0.005227310427064600466, 0.006210787328180996866, 0.006702525778739192031, 0.007194264229297388062, 0.007686002679855583226, 0.008177741130413779258, 0.009161218031530169587, 0.01014469493264656338 ),
 .UNSPECIFIED. ) ;
#4643 = EDGE_CURVE ( 'NONE', #4771, #1836, #8, .T. ) ;
#4644 = CARTESIAN_POINT ( 'NONE',  ( -37.54343440694599821, 5.872864116540021051, 0.000000000000000000 ) ) ;
#4645 = VERTEX_POINT ( 'NONE', #5472 ) ;
#4646 = CARTESIAN_POINT ( 'NONE',  ( -37.54343440694599821, -5.872864116540021051, 6.250000000000003553 ) ) ;
#4647 = VECTOR ( 'NONE', #927, 999.9999999999998863 ) ;
#4648 = DIRECTION ( 'NONE',  ( 1.000000000000000000, 0.000000000000000000, 0.000000000000000000 ) ) ;
#4649 = EDGE_CURVE ( 'NONE', #3756, #1158, #2801, .T. ) ;
#4650 = CARTESIAN_POINT ( 'NONE',  ( -1.192622389734054720E-14, -32.50000000000000000, 12.06000000000000583 ) ) ;
#4651 = CONICAL_SURFACE ( 'NONE', #1397, 2.552699999999995750, 1.029744258676652535 ) ;
#4652 = DIRECTION ( 'NONE',  ( 0.7071067811865474617, 8.659560562354932858E-17, -0.7071067811865474617 ) ) ;
#4653 = CARTESIAN_POINT ( 'NONE',  ( 8.263657334641768770, -36.06538461538462315, 0.000000000000000000 ) ) ;
#4654 = FACE_OUTER_BOUND ( 'NONE', #3572, .T. ) ;
#4655 = PRODUCT_RELATED_PRODUCT_CATEGORY ( 'part', '', ( #4404 ) ) ;
#4656 = CARTESIAN_POINT ( 'NONE',  ( 26.32829082044181490, 10.53190877639176293, -13.73065561476731489 ) ) ;
#4657 = ORIENTED_EDGE ( 'NONE', *, *, #260, .F. ) ;
#4658 = CARTESIAN_POINT ( 'NONE',  ( 25.11660095207378518, 6.719847960652559848, -6.249999999999993783 ) ) ;
#4659 = ORIENTED_EDGE ( 'NONE', *, *, #3620, .F. ) ;
#4660 = ORIENTED_EDGE ( 'NONE', *, *, #528, .T. ) ;
#4661 = CARTESIAN_POINT ( 'NONE',  ( -4.200100801819114721E-18, -32.50000000000000000, -23.22056274847715684 ) ) ;
#4662 = CARTESIAN_POINT ( 'NONE',  ( 28.98069340623920453, -7.753670723829051425, -6.249999999999993783 ) ) ;
#4663 = CARTESIAN_POINT ( 'NONE',  ( 0.000000000000000000, 0.000000000000000000, -6.249999999999993783 ) ) ;
#4664 = VECTOR ( 'NONE', #1329, 1000.000000000000000 ) ;
#4665 = AXIS2_PLACEMENT_3D ( 'NONE', #4888, #5, #2932 ) ;
#4666 = ORIENTED_EDGE ( 'NONE', *, *, #4116, .F. ) ;
#4667 = ORIENTED_EDGE ( 'NONE', *, *, #244, .T. ) ;
#4668 = ORIENTED_EDGE ( 'NONE', *, *, #855, .T. ) ;
#4669 = ORIENTED_EDGE ( 'NONE', *, *, #4386, .F. ) ;
#4670 = EDGE_CURVE ( 'NONE', #5461, #4338, #645, .T. ) ;
#4671 = CARTESIAN_POINT ( 'NONE',  ( -27.50000000000000000, 3.367778697655221702E-15, 12.45250000000002721 ) ) ;
#4672 = DIRECTION ( 'NONE',  ( -1.000000000000000000, 8.881784197001251337E-16, 0.000000000000000000 ) ) ;
#4673 = AXIS2_PLACEMENT_3D ( 'NONE', #673, #5501, #2399 ) ;
#4674 = CARTESIAN_POINT ( 'NONE',  ( -27.10171060685865640, 25.18922948766169512, 19.45250000000001123 ) ) ;
#4675 = ORIENTED_EDGE ( 'NONE', *, *, #2298, .F. ) ;
#4676 = LINE ( 'NONE', #5596, #467 ) ;
#4677 = FACE_OUTER_BOUND ( 'NONE', #1240, .T. ) ;
#4678 = CIRCLE ( 'NONE', #2163, 20.99999999999998934 ) ;
#4679 = CARTESIAN_POINT ( 'NONE',  ( 28.14582562299425561, -16.24999999999999645, 17.95250000000002544 ) ) ;
#4680 = VERTEX_POINT ( 'NONE', #3293 ) ;
#4681 = ADVANCED_FACE ( 'NONE', ( #1052 ), #4702, .F. ) ;
#4682 = VECTOR ( 'NONE', #3184, 1000.000000000000000 ) ;
#4683 = FACE_OUTER_BOUND ( 'NONE', #3774, .T. ) ;
#4684 = DIRECTION ( 'NONE',  ( -0.000000000000000000, -0.000000000000000000, 1.000000000000000000 ) ) ;
#4685 = FACE_OUTER_BOUND ( 'NONE', #1623, .T. ) ;
#4686 = AXIS2_PLACEMENT_3D ( 'NONE', #2863, #277, #590 ) ;
#4687 = ADVANCED_FACE ( 'NONE', ( #1164 ), #211, .F. ) ;
#4688 = CARTESIAN_POINT ( 'NONE',  ( 22.13615196134447416, 16.15714598912482813, -14.47149204877387696 ) ) ;
#4689 = CARTESIAN_POINT ( 'NONE',  ( 0.000000000000000000, 0.000000000000000000, 11.95250000000002721 ) ) ;
#4690 = ORIENTED_EDGE ( 'NONE', *, *, #3892, .T. ) ;
#4691 = ORIENTED_EDGE ( 'NONE', *, *, #74, .T. ) ;
#4692 = DIRECTION ( 'NONE',  ( -0.000000000000000000, -0.000000000000000000, 1.000000000000000000 ) ) ;
#4693 = DIRECTION ( 'NONE',  ( -1.000000000000000000, 0.000000000000000000, -0.000000000000000000 ) ) ;
#4694 = ORIENTED_EDGE ( 'NONE', *, *, #1768, .T. ) ;
#4695 = ORIENTED_EDGE ( 'NONE', *, *, #4321, .F. ) ;
#4696 = ORIENTED_EDGE ( 'NONE', *, *, #411, .T. ) ;
#4697 = ORIENTED_EDGE ( 'NONE', *, *, #1308, .F. ) ;
#4698 = ORIENTED_EDGE ( 'NONE', *, *, #1411, .T. ) ;
#4699 = ADVANCED_FACE ( 'NONE', ( #4641 ), #1135, .T. ) ;
#4700 = CARTESIAN_POINT ( 'NONE',  ( -23.80555661413260538, -22.12567454997310890, 19.45250000000001123 ) ) ;
#4701 = CIRCLE ( 'NONE', #4129, 2.552699999999994418 ) ;
#4702 = CYLINDRICAL_SURFACE ( 'NONE', #934, 6.000000000000000000 ) ;
#4703 = DIRECTION ( 'NONE',  ( -0.000000000000000000, -0.000000000000000000, -1.000000000000000000 ) ) ;
#4704 = DIRECTION ( 'NONE',  ( 1.000000000000000000, 0.000000000000000000, 0.000000000000000000 ) ) ;
#4705 = VERTEX_POINT ( 'NONE', #1931 ) ;
#4706 = CARTESIAN_POINT ( 'NONE',  ( 28.14582562299425561, -16.24999999999999645, -23.22056274847715684 ) ) ;
#4707 = DIRECTION ( 'NONE',  ( 0.000000000000000000, 0.000000000000000000, -1.000000000000000000 ) ) ;
#4708 = LINE ( 'NONE', #3834, #3883 ) ;
#4709 = ORIENTED_EDGE ( 'NONE', *, *, #3787, .F. ) ;
#4710 = FACE_OUTER_BOUND ( 'NONE', #3476, .T. ) ;
#4711 = CARTESIAN_POINT ( 'NONE',  ( -32.95885383533170199, -12.66743675181530193, 17.95250000000002544 ) ) ;
#4712 = EDGE_CURVE ( 'NONE', #1515, #3930, #3830, .T. ) ;
#4713 = CARTESIAN_POINT ( 'NONE',  ( -1.249301812992414495, 22.14790375039833492, -18.53255487825673598 ) ) ;
#4714 = EDGE_CURVE ( 'NONE', #3289, #4863, #4419, .T. ) ;
#4715 = DIRECTION ( 'NONE',  ( 1.000000000000000000, 0.000000000000000000, 0.000000000000000000 ) ) ;
#4716 = VERTEX_POINT ( 'NONE', #2830 ) ;
#4717 = ORIENTED_EDGE ( 'NONE', *, *, #4875, .F. ) ;
#4718 = CIRCLE ( 'NONE', #1172, 1.500000000000001332 ) ;
#4719 = DIRECTION ( 'NONE',  ( 0.000000000000000000, 0.000000000000000000, -1.000000000000000000 ) ) ;
#4720 = DIRECTION ( 'NONE',  ( 0.000000000000000000, 0.000000000000000000, 1.000000000000000000 ) ) ;
#4721 = ADVANCED_FACE ( 'NONE', ( #1524, #1552 ), #1612, .F. ) ;
#4722 = VECTOR ( 'NONE', #433, 1000.000000000000000 ) ;
#4723 = ORIENTED_EDGE ( 'NONE', *, *, #3875, .F. ) ;
#4724 = ORIENTED_EDGE ( 'NONE', *, *, #1596, .T. ) ;
#4725 = ORIENTED_EDGE ( 'NONE', *, *, #3075, .T. ) ;
#4726 = VERTEX_POINT ( 'NONE', #5071 ) ;
#4727 = CARTESIAN_POINT ( 'NONE',  ( 29.63955347916789762, 4.636471670952628799, -6.249999999999993783 ) ) ;
#4728 = CARTESIAN_POINT ( 'NONE',  ( 0.000000000000000000, 0.000000000000000000, 17.95250000000002544 ) ) ;
#4729 = AXIS2_PLACEMENT_3D ( 'NONE', #1788, #5357, #4520 ) ;
#4730 = CARTESIAN_POINT ( 'NONE',  ( 2.552699999999984204, -32.50000000000000000, 12.06000000000000583 ) ) ;
#4731 = VERTEX_POINT ( 'NONE', #3354 ) ;
#4732 = CARTESIAN_POINT ( 'NONE',  ( -24.90427461170795098, 23.14685952920264000, 6.250000000000004441 ) ) ;
#4733 = DIRECTION ( 'NONE',  ( -0.000000000000000000, -0.000000000000000000, 1.000000000000000000 ) ) ;
#4734 = CARTESIAN_POINT ( 'NONE',  ( -29.00000000000000000, 3.551475717527324030E-15, 12.45250000000002721 ) ) ;
#4735 = ORIENTED_EDGE ( 'NONE', *, *, #4895, .F. ) ;
#4736 = ORIENTED_EDGE ( 'NONE', *, *, #334, .T. ) ;
#4737 = CIRCLE ( 'NONE', #2134, 3.000000000000002665 ) ;
#4738 = FACE_OUTER_BOUND ( 'NONE', #2303, .T. ) ;
#4739 = DIRECTION ( 'NONE',  ( 1.000000000000000000, 9.769962616701375978E-15, 0.000000000000000000 ) ) ;
#4740 = EDGE_CURVE ( 'NONE', #5205, #1774, #1031, .T. ) ;
#4741 = DIRECTION ( 'NONE',  ( -0.000000000000000000, -0.000000000000000000, -1.000000000000000000 ) ) ;
#4742 = VERTEX_POINT ( 'NONE', #2859 ) ;
#4743 = FACE_OUTER_BOUND ( 'NONE', #5123, .T. ) ;
#4744 = CARTESIAN_POINT ( 'NONE',  ( 24.48745369276277373, -0.2230321108039166333, -16.73943239465255317 ) ) ;
#4745 = ORIENTED_EDGE ( 'NONE', *, *, #3174, .T. ) ;
#4746 = CARTESIAN_POINT ( 'NONE',  ( 0.000000000000000000, 0.000000000000000000, -10.07749999999998458 ) ) ;
#4747 = CIRCLE ( 'NONE', #1227, 6.000000000000012434 ) ;
#4748 = VERTEX_POINT ( 'NONE', #1640 ) ;
#4749 = ADVANCED_FACE ( 'NONE', ( #1748 ), #2154, .F. ) ;
#4750 = EDGE_LOOP ( 'NONE', ( #5032, #1206, #911, #5397, #5382 ) ) ;
#4751 = ORIENTED_EDGE ( 'NONE', *, *, #5625, .F. ) ;
#4752 = DIRECTION ( 'NONE',  ( 0.000000000000000000, 0.000000000000000000, 1.000000000000000000 ) ) ;
#4753 = CARTESIAN_POINT ( 'NONE',  ( -2.552700000000004632, -32.50000000000000000, -6.249999999999993783 ) ) ;
#4754 = CIRCLE ( 'NONE', #2230, 30.00000000000000355 ) ;
#4755 = DIRECTION ( 'NONE',  ( 0.8571673007021113344, 1.049727191138617463E-16, -0.5150380749100558209 ) ) ;
#4756 = AXIS2_PLACEMENT_3D ( 'NONE', #5534, #3328, #5075 ) ;
#4757 = ORIENTED_EDGE ( 'NONE', *, *, #3527, .F. ) ;
#4758 = EDGE_CURVE ( 'NONE', #267, #4680, #3907, .T. ) ;
#4759 = LINE ( 'NONE', #337, #1263 ) ;
#4760 = AXIS2_PLACEMENT_3D ( 'NONE', #524, #3, #5320 ) ;
#4761 = CARTESIAN_POINT ( 'NONE',  ( 2.552699999999996638, 32.50000000000000000, -6.249999999999993783 ) ) ;
#4762 = AXIS2_PLACEMENT_3D ( 'NONE', #4797, #3950, #3869 ) ;
#4763 = CARTESIAN_POINT ( 'NONE',  ( -28.14582562299425561, -16.25000000000001066, 6.250000000000005329 ) ) ;
#4764 = ORIENTED_EDGE ( 'NONE', *, *, #1237, .F. ) ;
#4765 = ORIENTED_EDGE ( 'NONE', *, *, #4996, .F. ) ;
#4766 = CIRCLE ( 'NONE', #764, 25.00000000000000711 ) ;
#4767 = DIRECTION ( 'NONE',  ( 1.000000000000000000, 0.000000000000000000, 0.000000000000000000 ) ) ;
#4768 = AXIS2_PLACEMENT_3D ( 'NONE', #3839, #346, #3429 ) ;
#4769 = CARTESIAN_POINT ( 'NONE',  ( -1.343378033121700010, 22.30855909826480143, -18.40334835393527513 ) ) ;
#4770 = DIRECTION ( 'NONE',  ( 0.000000000000000000, 0.000000000000000000, -1.000000000000000000 ) ) ;
#4771 = VERTEX_POINT ( 'NONE', #3413 ) ;
#4772 = CARTESIAN_POINT ( 'NONE',  ( -1.192622389734054720E-14, -32.50000000000000000, -6.249999999999994671 ) ) ;
#4773 = CARTESIAN_POINT ( 'NONE',  ( 22.80951486316470778, -1.498178511268170476, -18.00687425777215722 ) ) ;
#4774 = ORIENTED_EDGE ( 'NONE', *, *, #4360, .T. ) ;
#4775 = LINE ( 'NONE', #3846, #3486 ) ;
#4776 = ORIENTED_EDGE ( 'NONE', *, *, #4862, .F. ) ;
#4777 = VERTEX_POINT ( 'NONE', #3877 ) ;
#4778 = ORIENTED_EDGE ( 'NONE', *, *, #1291, .T. ) ;
#4779 = CARTESIAN_POINT ( 'NONE',  ( 0.000000000000000000, 24.50000000000000355, -10.07749999999998458 ) ) ;
#4780 = CYLINDRICAL_SURFACE ( 'NONE', #2063, 2.552699999999990865 ) ;
#4781 = DIRECTION ( 'NONE',  ( 1.000000000000000000, 0.000000000000000000, 0.000000000000000000 ) ) ;
#4782 = CIRCLE ( 'NONE', #2268, 1.500000000000001332 ) ;
#4783 = CARTESIAN_POINT ( 'NONE',  ( 32.49790567597337798, 9.994304711961605747, 0.000000000000000000 ) ) ;
#4784 = VECTOR ( 'NONE', #28, 1000.000000000000000 ) ;
#4785 = CARTESIAN_POINT ( 'NONE',  ( 28.14582562299425916, 16.25000000000000000, -6.249999999999994671 ) ) ;
#4786 = CIRCLE ( 'NONE', #1060, 8.000000000000000000 ) ;
#4787 = CARTESIAN_POINT ( 'NONE',  ( -35.36536794150043050, -10.87615512772294579, 6.250000000000003553 ) ) ;
#4788 = EDGE_LOOP ( 'NONE', ( #1485, #3005, #1573, #4010, #3139, #5555, #3235, #1187, #5415, #4312, #2357, #1989, #4407, #4868, #1166, #5517, #2141, #1843, #513, #996, #2006, #5339, #5575, #3980, #1069, #1068, #3702, #207, #574 ) ) ;
#4789 = ORIENTED_EDGE ( 'NONE', *, *, #4608, .F. ) ;
#4790 = CIRCLE ( 'NONE', #2278, 6.000000000000001776 ) ;
#4791 = DIRECTION ( 'NONE',  ( 0.000000000000000000, 0.000000000000000000, -1.000000000000000000 ) ) ;
#4792 = EDGE_CURVE ( 'NONE', #3574, #4599, #3032, .T. ) ;
#4793 = CARTESIAN_POINT ( 'NONE',  ( -7.775470883703514247, -28.97485207100596938, -12.45249999999997748 ) ) ;
#4794 = CARTESIAN_POINT ( 'NONE',  ( 0.000000000000000000, 0.000000000000000000, 17.95250000000002544 ) ) ;
#4795 = VERTEX_POINT ( 'NONE', #3441 ) ;
#4796 = DIRECTION ( 'NONE',  ( 0.000000000000000000, 0.000000000000000000, -1.000000000000000000 ) ) ;
#4797 = CARTESIAN_POINT ( 'NONE',  ( 28.14582562299426627, -16.24999999999999289, 12.06000000000000583 ) ) ;
#4798 = EDGE_LOOP ( 'NONE', ( #2756, #262, #3011, #4778 ) ) ;
#4799 = DIRECTION ( 'NONE',  ( 0.000000000000000000, 0.000000000000000000, 1.000000000000000000 ) ) ;
#4800 = AXIS2_PLACEMENT_3D ( 'NONE', #5419, #535, #132 ) ;
#4801 = ORIENTED_EDGE ( 'NONE', *, *, #471, .T. ) ;
#4802 = ORIENTED_EDGE ( 'NONE', *, *, #500, .F. ) ;
#4803 = VERTEX_POINT ( 'NONE', #3959 ) ;
#4804 = DIRECTION ( 'NONE',  ( -0.000000000000000000, -0.000000000000000000, 1.000000000000000000 ) ) ;
#4805 = LINE ( 'NONE', #5262, #5214 ) ;
#4806 = EDGE_CURVE ( 'NONE', #3112, #5181, #3264, .T. ) ;
#4807 = CARTESIAN_POINT ( 'NONE',  ( -0.2277055030574167693, 24.48660584862012968, -16.74005190963710987 ) ) ;
#4808 = CIRCLE ( 'NONE', #2300, 6.000000000000000888 ) ;
#4809 = EDGE_CURVE ( 'NONE', #3796, #2129, #5207, .T. ) ;
#4810 = CARTESIAN_POINT ( 'NONE',  ( 5.388813505562821682, 28.89158800968444396, -12.92824923591618713 ) ) ;
#4811 = DIRECTION ( 'NONE',  ( -1.000000000000000000, 0.000000000000000000, 0.000000000000000000 ) ) ;
#4812 = EDGE_CURVE ( 'NONE', #2360, #2708, #5671, .T. ) ;
#4813 = DIRECTION ( 'NONE',  ( 1.000000000000000000, 0.000000000000000000, 0.000000000000000000 ) ) ;
#4814 = VERTEX_POINT ( 'NONE', #4284 ) ;
#4815 = EDGE_CURVE ( 'NONE', #4855, #5705, #3492, .T. ) ;
#4816 = CARTESIAN_POINT ( 'NONE',  ( -24.50000000000000355, 0.000000000000000000, -10.07749999999998458 ) ) ;
#4817 = CONICAL_SURFACE ( 'NONE', #2312, 4.500000000000006217, 0.7853981633974503884 ) ;
#4818 = DIRECTION ( 'NONE',  ( -0.7893522173763264371, 9.666776664097838137E-17, 0.6139406135149202415 ) ) ;
#4819 = DIRECTION ( 'NONE',  ( -0.000000000000000000, -0.000000000000000000, -1.000000000000000000 ) ) ;
#4820 = ORIENTED_EDGE ( 'NONE', *, *, #17, .F. ) ;
#4821 = LINE ( 'NONE', #829, #3564 ) ;
#4822 = EDGE_CURVE ( 'NONE', #4803, #4742, #731, .T. ) ;
#4823 = CARTESIAN_POINT ( 'NONE',  ( 23.84530101721417594, -1.254334407070941682, -17.21414462629456921 ) ) ;
#4824 = AXIS2_PLACEMENT_3D ( 'NONE', #4887, #3611, #2704 ) ;
#4825 = CARTESIAN_POINT ( 'NONE',  ( -28.14582562299419166, -16.25000000000012790, -20.95249999999998991 ) ) ;
#4826 = VERTEX_POINT ( 'NONE', #1219 ) ;
#4827 = ORIENTED_EDGE ( 'NONE', *, *, #5693, .F. ) ;
#4828 = ORIENTED_EDGE ( 'NONE', *, *, #296, .T. ) ;
#4829 = CARTESIAN_POINT ( 'NONE',  ( 22.16668835317418385, -16.86103874178767370, -14.12528043549502144 ) ) ;
#4830 = CARTESIAN_POINT ( 'NONE',  ( 10.80447448861208137, 27.98684210526315752, 0.000000000000000000 ) ) ;
#4831 = VECTOR ( 'NONE', #3423, 1000.000000000000000 ) ;
#4832 = CARTESIAN_POINT ( 'NONE',  ( -1.336896115596105217, 23.68656662227869703, -17.33367159862181239 ) ) ;
#4833 = EDGE_CURVE ( 'NONE', #2174, #727, #4805, .T. ) ;
#4834 = DIRECTION ( 'NONE',  ( -0.000000000000000000, -0.000000000000000000, 1.000000000000000000 ) ) ;
#4835 = CIRCLE ( 'NONE', #1963, 30.00000000000000355 ) ;
#4836 = DIRECTION ( 'NONE',  ( -1.000000000000000000, -2.312964634635743450E-15, 0.000000000000000000 ) ) ;
#4837 = FACE_BOUND ( 'NONE', #887, .T. ) ;
#4838 = CARTESIAN_POINT ( 'NONE',  ( -7.593631064265406572, -33.14116424116424042, 17.95250000000002544 ) ) ;
#4839 = CIRCLE ( 'NONE', #4372, 8.000000000000000000 ) ;
#4840 = ORIENTED_EDGE ( 'NONE', *, *, #3463, .F. ) ;
#4841 = VECTOR ( 'NONE', #4314, 1000.000000000000000 ) ;
#4842 = ADVANCED_FACE ( 'NONE', ( #5239 ), #4341, .F. ) ;
#4843 = CARTESIAN_POINT ( 'NONE',  ( 28.14582562299425916, 16.25000000000000000, 19.45250000000001123 ) ) ;
#4844 = VECTOR ( 'NONE', #1383, 1000.000000000000000 ) ;
#4845 = ADVANCED_FACE ( 'NONE', ( #360 ), #4780, .F. ) ;
#4846 = AXIS2_PLACEMENT_3D ( 'NONE', #575, #2387, #1920 ) ;
#4847 = CARTESIAN_POINT ( 'NONE',  ( 28.14582562299425916, 16.25000000000000000, 12.06000000000000583 ) ) ;
#4848 = AXIS2_PLACEMENT_3D ( 'NONE', #5424, #3215, #598 ) ;
#4849 = CARTESIAN_POINT ( 'NONE',  ( 28.14582562299425561, -16.24999999999999645, 19.45250000000001123 ) ) ;
#4850 = ORIENTED_EDGE ( 'NONE', *, *, #4740, .T. ) ;
#4851 = CARTESIAN_POINT ( 'NONE',  ( 0.000000000000000000, 0.000000000000000000, -6.249999999999993783 ) ) ;
#4852 = CARTESIAN_POINT ( 'NONE',  ( -29.39999999999999503, 3.600461589493217458E-15, 19.45250000000001123 ) ) ;
#4853 = ADVANCED_FACE ( 'NONE', ( #2978 ), #387, .T. ) ;
#4854 = FACE_OUTER_BOUND ( 'NONE', #692, .T. ) ;
#4855 = VERTEX_POINT ( 'NONE', #3056 ) ;
#4856 = ORIENTED_EDGE ( 'NONE', *, *, #3773, .F. ) ;
#4857 = ORIENTED_EDGE ( 'NONE', *, *, #402, .T. ) ;
#4858 = CIRCLE ( 'NONE', #5602, 4.499999999999993783 ) ;
#4859 = CARTESIAN_POINT ( 'NONE',  ( -5.509104889761172963, 34.87692307692308447, 6.250000000000005329 ) ) ;
#4860 = FACE_OUTER_BOUND ( 'NONE', #1718, .T. ) ;
#4861 = AXIS2_PLACEMENT_3D ( 'NONE', #183, #2600, #1614 ) ;
#4862 = EDGE_CURVE ( 'NONE', #5616, #5514, #2991, .T. ) ;
#4863 = VERTEX_POINT ( 'NONE', #382 ) ;
#4864 = CARTESIAN_POINT ( 'NONE',  ( 23.80555661413260538, 22.12567454997311245, 19.45250000000001123 ) ) ;
#4865 = CARTESIAN_POINT ( 'NONE',  ( 0.000000000000000000, 0.000000000000000000, -16.45250000000001123 ) ) ;
#4866 = DIRECTION ( 'NONE',  ( -0.000000000000000000, -0.000000000000000000, 1.000000000000000000 ) ) ;
#4867 = CIRCLE ( 'NONE', #3658, 30.00000000000000355 ) ;
#4868 = ORIENTED_EDGE ( 'NONE', *, *, #3346, .T. ) ;
#4869 = DIRECTION ( 'NONE',  ( 1.000000000000000000, 8.881784197001252323E-16, 0.000000000000000000 ) ) ;
#4870 = CARTESIAN_POINT ( 'NONE',  ( -26.30808609372701667, 21.96162966434000552, 6.250000000000005329 ) ) ;
#4871 = CARTESIAN_POINT ( 'NONE',  ( -24.43869781988680856, 0.4385527703776508357, -16.77508245800501996 ) ) ;
#4872 = EDGE_LOOP ( 'NONE', ( #4434, #125, #3382, #5549 ) ) ;
#4873 = DIRECTION ( 'NONE',  ( -0.000000000000000000, -0.000000000000000000, 1.000000000000000000 ) ) ;
#4874 = DIRECTION ( 'NONE',  ( 0.000000000000000000, 0.000000000000000000, -1.000000000000000000 ) ) ;
#4875 = EDGE_CURVE ( 'NONE', #3630, #1547, #2160, .T. ) ;
#4876 = LINE ( 'NONE', #3542, #1342 ) ;
#4877 = ORIENTED_EDGE ( 'NONE', *, *, #2779, .T. ) ;
#4878 = CARTESIAN_POINT ( 'NONE',  ( 28.14582562299426627, -16.24999999999999289, -6.249999999999993783 ) ) ;
#4879 = VERTEX_POINT ( 'NONE', #1721 ) ;
#4880 = EDGE_LOOP ( 'NONE', ( #5497, #4690, #5353, #3922, #4339, #3054, #5717, #5556, #3352, #4412 ) ) ;
#4881 = DIRECTION ( 'NONE',  ( -0.000000000000000000, -0.000000000000000000, 1.000000000000000000 ) ) ;
#4882 = CARTESIAN_POINT ( 'NONE',  ( 2.605149293327579052, -27.08227993617932228, -14.62618056027957714 ) ) ;
#4883 = CYLINDRICAL_SURFACE ( 'NONE', #5518, 17.50000000000000000 ) ;
#4884 = ORIENTED_EDGE ( 'NONE', *, *, #67, .F. ) ;
#4885 = EDGE_CURVE ( 'NONE', #3900, #4826, #2271, .T. ) ;
#4886 = CARTESIAN_POINT ( 'NONE',  ( 30.00000000000000355, 0.000000000000000000, 6.250000000000003553 ) ) ;
#4887 = CARTESIAN_POINT ( 'NONE',  ( -4.200100801819114721E-18, -32.50000000000000000, 19.45250000000001123 ) ) ;
#4888 = CARTESIAN_POINT ( 'NONE',  ( -28.14582562299425561, 16.25000000000001066, 17.95250000000002544 ) ) ;
#4889 = CIRCLE ( 'NONE', #2393, 34.00000000000000000 ) ;
#4890 = CIRCLE ( 'NONE', #5264, 3.000000000000002665 ) ;
#4891 = DIRECTION ( 'NONE',  ( 1.000000000000000000, 0.000000000000000000, 0.000000000000000000 ) ) ;
#4892 = ORIENTED_EDGE ( 'NONE', *, *, #425, .T. ) ;
#4893 = CIRCLE ( 'NONE', #3593, 30.00000000000000355 ) ;
#4894 = AXIS2_PLACEMENT_3D ( 'NONE', #3108, #4881, #5491 ) ;
#4895 = EDGE_CURVE ( 'NONE', #828, #1212, #4098, .T. ) ;
#4896 = CARTESIAN_POINT ( 'NONE',  ( 35.36536794150043050, -10.87615512772293158, 0.000000000000000000 ) ) ;
#4897 = CONICAL_SURFACE ( 'NONE', #1562, 17.50000000000000000, 0.7853981633974482790 ) ;
#4898 = CARTESIAN_POINT ( 'NONE',  ( -22.98312194246993201, 13.18827999810548768, -15.17652660892946770 ) ) ;
#4899 = DIRECTION ( 'NONE',  ( 1.000000000000000000, 0.000000000000000000, 0.000000000000000000 ) ) ;
#4900 = CARTESIAN_POINT ( 'NONE',  ( 0.000000000000000000, 0.000000000000000000, -19.05249999999998067 ) ) ;
#4901 = EDGE_LOOP ( 'NONE', ( #522, #3207, #1514, #2981 ) ) ;
#4902 = PLANE ( 'NONE',  #2829 ) ;
#4903 = FACE_OUTER_BOUND ( 'NONE', #4974, .T. ) ;
#4904 = EDGE_CURVE ( 'NONE', #1041, #585, #4199, .T. ) ;
#4905 = CARTESIAN_POINT ( 'NONE',  ( -31.06417454320983396, -9.553379504080968587, 19.45250000000001123 ) ) ;
#4906 = ORIENTED_EDGE ( 'NONE', *, *, #759, .T. ) ;
#4907 = CARTESIAN_POINT ( 'NONE',  ( -22.30534322467642383, -1.332614832098669044, -18.40633051897407668 ) ) ;
#4908 = ORIENTED_EDGE ( 'NONE', *, *, #2269, .F. ) ;
#4909 = ORIENTED_EDGE ( 'NONE', *, *, #3065, .F. ) ;
#4910 = DIRECTION ( 'NONE',  ( 0.000000000000000000, 0.000000000000000000, -1.000000000000000000 ) ) ;
#4911 = CARTESIAN_POINT ( 'NONE',  ( -0.1960693084954387433, -26.49999789859330335, -15.17472422670867971 ) ) ;
#4912 = ADVANCED_FACE ( 'NONE', ( #4860 ), #5341, .T. ) ;
#4913 = DIRECTION ( 'NONE',  ( -0.5672208144976633726, -0.4222091278035203232, 0.7071067811865462405 ) ) ;
#4914 = VERTEX_POINT ( 'NONE', #1363 ) ;
#4915 = CARTESIAN_POINT ( 'NONE',  ( -7.593631064265408348, -33.14116424116424753, 17.95250000000002544 ) ) ;
#4916 = CARTESIAN_POINT ( 'NONE',  ( 0.000000000000000000, 0.000000000000000000, 0.000000000000000000 ) ) ;
#4917 = CARTESIAN_POINT ( 'NONE',  ( 26.32829082044214175, -10.53190877639100265, -6.249999999999993783 ) ) ;
#4918 = DIRECTION ( 'NONE',  ( -0.000000000000000000, -0.000000000000000000, 1.000000000000000000 ) ) ;
#4919 = VERTEX_POINT ( 'NONE', #2296 ) ;
#4920 = EDGE_CURVE ( 'NONE', #604, #3488, #5316, .T. ) ;
#4921 = CARTESIAN_POINT ( 'NONE',  ( 28.14582562299439417, -16.24999999999975131, -20.95249999999998991 ) ) ;
#4922 = CIRCLE ( 'NONE', #2796, 2.552699999999995750 ) ;
#4923 = DIRECTION ( 'NONE',  ( -0.000000000000000000, -0.000000000000000000, -1.000000000000000000 ) ) ;
#4924 = ADVANCED_FACE ( 'NONE', ( #1392 ), #518, .F. ) ;
#4925 = DIRECTION ( 'NONE',  ( 1.000000000000000000, 0.000000000000000000, 0.000000000000000000 ) ) ;
#4926 = DIRECTION ( 'NONE',  ( 1.000000000000000000, 0.000000000000000000, 0.000000000000000000 ) ) ;
#4927 = ORIENTED_EDGE ( 'NONE', *, *, #3162, .T. ) ;
#4928 = AXIS2_PLACEMENT_3D ( 'NONE', #1077, #1107, #4672 ) ;
#4929 = DIRECTION ( 'NONE',  ( -1.000000000000000000, 0.000000000000000000, 0.000000000000000000 ) ) ;
#4930 = ADVANCED_FACE ( 'NONE', ( #1896 ), #3731, .F. ) ;
#4931 = CARTESIAN_POINT ( 'NONE',  ( 29.00000000000000000, 0.000000000000000000, 12.45250000000002721 ) ) ;
#4932 = CARTESIAN_POINT ( 'NONE',  ( -22.14582562299419521, -16.69358886702751832, -14.21759700933890613 ) ) ;
#4933 = AXIS2_PLACEMENT_3D ( 'NONE', #5713, #4874, #5307 ) ;
#4934 = CARTESIAN_POINT ( 'NONE',  ( 3.984302198030716898E-15, 32.50000000000000000, 12.06000000000000583 ) ) ;
#4935 = ORIENTED_EDGE ( 'NONE', *, *, #1754, .F. ) ;
#4936 = CARTESIAN_POINT ( 'NONE',  ( -24.40279188566871582, -0.5417015102474609378, -16.80135890116348207 ) ) ;
#4937 = ORIENTED_EDGE ( 'NONE', *, *, #807, .T. ) ;
#4938 = ORIENTED_EDGE ( 'NONE', *, *, #5480, .T. ) ;
#4939 = DIRECTION ( 'NONE',  ( 0.000000000000000000, 0.000000000000000000, -1.000000000000000000 ) ) ;
#4940 = CARTESIAN_POINT ( 'NONE',  ( 2.924422898563301843, -27.24904293511953313, -14.47149204877384676 ) ) ;
#4941 = CIRCLE ( 'NONE', #3925, 27.50000000000000355 ) ;
#4942 = DIRECTION ( 'NONE',  ( -0.000000000000000000, -0.000000000000000000, 1.000000000000000000 ) ) ;
#4943 = CARTESIAN_POINT ( 'NONE',  ( 26.61997407576365759, -10.43919523840481567, -13.54680109014449130 ) ) ;
#4944 = VERTEX_POINT ( 'NONE', #3164 ) ;
#4945 = CARTESIAN_POINT ( 'NONE',  ( -31.75559678224734839, 13.56307756386147467, 19.45250000000001123 ) ) ;
#4946 = CARTESIAN_POINT ( 'NONE',  ( 22.14227111659281633, -19.75496393758649205, -12.70649441957943360 ) ) ;
#4947 = AXIS2_PLACEMENT_3D ( 'NONE', #5352, #3583, #1374 ) ;
#4948 = CARTESIAN_POINT ( 'NONE',  ( 0.000000000000000000, 0.000000000000000000, -6.249999999999993783 ) ) ;
#4949 = DIRECTION ( 'NONE',  ( 1.000000000000000000, 0.000000000000000000, 0.000000000000000000 ) ) ;
#4950 = EDGE_CURVE ( 'NONE', #3200, #4493, #5465, .T. ) ;
#4951 = ORIENTED_EDGE ( 'NONE', *, *, #2456, .F. ) ;
#4952 = EDGE_LOOP ( 'NONE', ( #2045, #2191, #4274, #1367, #4627, #3690, #2491, #3662, #2806, #330, #4570, #5400 ) ) ;
#4953 = CARTESIAN_POINT ( 'NONE',  ( -35.36536794150043050, -10.87615512772294579, 19.45250000000001123 ) ) ;
#4954 = LINE ( 'NONE', #935, #3971 ) ;
#4955 = CARTESIAN_POINT ( 'NONE',  ( -23.25626128958395356, 12.76867304064991870, -15.15102330105341188 ) ) ;
#4956 = ADVANCED_FACE ( 'NONE', ( #2671 ), #922, .T. ) ;
#4957 = CARTESIAN_POINT ( 'NONE',  ( 17.50000000000000000, 0.000000000000000000, 0.000000000000000000 ) ) ;
#4958 = FACE_OUTER_BOUND ( 'NONE', #3319, .T. ) ;
#4959 = CARTESIAN_POINT ( 'NONE',  ( 0.000000000000000000, 0.000000000000000000, 19.45250000000001123 ) ) ;
#4960 = CARTESIAN_POINT ( 'NONE',  ( -4.131828667320890602, -34.28269230769231513, 19.45250000000001123 ) ) ;
#4961 = AXIS2_PLACEMENT_3D ( 'NONE', #4015, #1337, #3168 ) ;
#4962 = EDGE_CURVE ( 'NONE', #5029, #4040, #1571, .T. ) ;
#4963 = CARTESIAN_POINT ( 'NONE',  ( -24.90427461170795098, -23.14685952920263645, 17.95250000000002544 ) ) ;
#4964 = DIRECTION ( 'NONE',  ( -0.000000000000000000, -0.000000000000000000, -1.000000000000000000 ) ) ;
#4965 = ORIENTED_EDGE ( 'NONE', *, *, #2030, .T. ) ;
#4966 = CYLINDRICAL_SURFACE ( 'NONE', #1509, 2.552699999999990865 ) ;
#4967 = VERTEX_POINT ( 'NONE', #4662 ) ;
#4968 = ORIENTED_EDGE ( 'NONE', *, *, #1655, .T. ) ;
#4969 = CARTESIAN_POINT ( 'NONE',  ( -8.263657334641763441, 36.06538461538462315, 0.000000000000000000 ) ) ;
#4970 = CARTESIAN_POINT ( 'NONE',  ( 0.000000000000000000, -23.00000000000000000, -10.07749999999998458 ) ) ;
#4971 = CARTESIAN_POINT ( 'NONE',  ( 30.69852562299425358, 16.25000000000000000, 12.06000000000000583 ) ) ;
#4972 = EDGE_CURVE ( 'NONE', #5514, #577, #4462, .T. ) ;
#4973 = CARTESIAN_POINT ( 'NONE',  ( 28.75259503537224148, -8.423504256273872670, -12.48427322053270139 ) ) ;
#4974 = EDGE_LOOP ( 'NONE', ( #5487, #3803, #4083, #2906 ) ) ;
#4975 = CARTESIAN_POINT ( 'NONE',  ( -7.589415207398531038E-16, 0.000000000000000000, -6.249999999999993783 ) ) ;
#4976 = CARTESIAN_POINT ( 'NONE',  ( 0.000000000000000000, 0.000000000000000000, 19.45250000000001123 ) ) ;
#4977 = DIRECTION ( 'NONE',  ( -1.000000000000000000, 0.000000000000000000, 0.000000000000000000 ) ) ;
#4978 = EDGE_CURVE ( 'NONE', #3483, #2891, #3453, .T. ) ;
#4979 = DIRECTION ( 'NONE',  ( -0.000000000000000000, -0.000000000000000000, 1.000000000000000000 ) ) ;
#4980 = VERTEX_POINT ( 'NONE', #4190 ) ;
#4981 = ORIENTED_EDGE ( 'NONE', *, *, #5380, .F. ) ;
#4982 = EDGE_CURVE ( 'NONE', #2953, #4099, #2534, .T. ) ;
#4983 = CARTESIAN_POINT ( 'NONE',  ( -22.74680573532926076, -13.62735668775482090, -15.16233393304734101 ) ) ;
#4984 = AXIS2_PLACEMENT_3D ( 'NONE', #1947, #1007, #946 ) ;
#4985 = EDGE_CURVE ( 'NONE', #1188, #1630, #4605, .T. ) ;
#4986 = LINE ( 'NONE', #998, #5266 ) ;
#4987 = AXIS2_PLACEMENT_3D ( 'NONE', #1134, #2917, #2208 ) ;
#4988 = DIRECTION ( 'NONE',  ( 1.000000000000000000, 0.000000000000000000, 0.000000000000000000 ) ) ;
#4989 = AXIS2_PLACEMENT_3D ( 'NONE', #3491, #5261, #4392 ) ;
#4990 = EDGE_CURVE ( 'NONE', #3558, #4160, #1544, .T. ) ;
#4991 = CYLINDRICAL_SURFACE ( 'NONE', #256, 17.50000000000000000 ) ;
#4992 = AXIS2_PLACEMENT_3D ( 'NONE', #470, #2712, #2251 ) ;
#4993 = CARTESIAN_POINT ( 'NONE',  ( 22.28504596091570988, 17.53501430053232113, -6.249999999999993783 ) ) ;
#4994 = CYLINDRICAL_SURFACE ( 'NONE', #2161, 34.00000000000000000 ) ;
#4995 = CARTESIAN_POINT ( 'NONE',  ( -22.19595719145662471, -17.12869224796698120, -13.98053412211353574 ) ) ;
#4996 = EDGE_CURVE ( 'NONE', #635, #5324, #232, .T. ) ;
#4997 = CARTESIAN_POINT ( 'NONE',  ( 27.10171060685865640, 25.18922948766168801, 17.95250000000002544 ) ) ;
#4998 = ORIENTED_EDGE ( 'NONE', *, *, #582, .F. ) ;
#4999 = CARTESIAN_POINT ( 'NONE',  ( 13.68566768557530189, -35.45000000000000995, 6.250000000000003553 ) ) ;
#5000 = ORIENTED_EDGE ( 'NONE', *, *, #494, .T. ) ;
#5001 = ORIENTED_EDGE ( 'NONE', *, *, #630, .T. ) ;
#5002 = DIRECTION ( 'NONE',  ( 0.000000000000000000, 0.000000000000000000, 1.000000000000000000 ) ) ;
#5003 = FACE_BOUND ( 'NONE', #3716, .T. ) ;
#5004 = FACE_OUTER_BOUND ( 'NONE', #4334, .T. ) ;
#5005 = AXIS2_PLACEMENT_3D ( 'NONE', #4017, #1398, #1311 ) ;
#5006 = FACE_OUTER_BOUND ( 'NONE', #1808, .T. ) ;
#5007 = VERTEX_POINT ( 'NONE', #5580 ) ;
#5008 = FACE_OUTER_BOUND ( 'NONE', #1757, .T. ) ;
#5009 = CARTESIAN_POINT ( 'NONE',  ( 0.000000000000000000, 0.000000000000000000, 17.95250000000002544 ) ) ;
#5010 = DIRECTION ( 'NONE',  ( 0.000000000000000000, 0.000000000000000000, -1.000000000000000000 ) ) ;
#5011 = CIRCLE ( 'NONE', #4547, 3.000000000000000000 ) ;
#5012 = DIRECTION ( 'NONE',  ( 0.000000000000000000, 0.000000000000000000, -1.000000000000000000 ) ) ;
#5013 = VERTEX_POINT ( 'NONE', #5464 ) ;
#5014 = LINE ( 'NONE', #1056, #3880 ) ;
#5015 = CARTESIAN_POINT ( 'NONE',  ( -25.59312562299426475, -16.24999999999999645, -6.249999999999993783 ) ) ;
#5016 = CARTESIAN_POINT ( 'NONE',  ( -22.49181665447630962, 14.23530351391321602, -15.08319795366158544 ) ) ;
#5017 = EDGE_CURVE ( 'NONE', #272, #5461, #2702, .T. ) ;
#5018 = AXIS2_PLACEMENT_3D ( 'NONE', #4484, #2341, #1402 ) ;
#5019 = CIRCLE ( 'NONE', #2524, 4.499999999999993783 ) ;
#5020 = CYLINDRICAL_SURFACE ( 'NONE', #4391, 24.50000000000000000 ) ;
#5021 = ADVANCED_FACE ( 'NONE', ( #1126 ), #1954, .T. ) ;
#5022 = CARTESIAN_POINT ( 'NONE',  ( -4.524785015069868521, 28.45817294014158705, -13.37450691810773762 ) ) ;
#5023 = CARTESIAN_POINT ( 'NONE',  ( 7.429627489742487434, -29.06765997330259665, -12.45249999999997925 ) ) ;
#5024 = AXIS2_PLACEMENT_3D ( 'NONE', #713, #4423, #5321 ) ;
#5025 = ADVANCED_FACE ( 'NONE', ( #2851, #5003 ), #3256, .T. ) ;
#5026 = AXIS2_PLACEMENT_3D ( 'NONE', #1826, #950, #917 ) ;
#5027 = DIRECTION ( 'NONE',  ( 1.000000000000000000, -1.156482317317871331E-15, 0.000000000000000000 ) ) ;
#5028 = CARTESIAN_POINT ( 'NONE',  ( 25.21801674490512823, 11.00988569950916762, -14.38425759198054266 ) ) ;
#5029 = VERTEX_POINT ( 'NONE', #2009 ) ;
#5030 = CARTESIAN_POINT ( 'NONE',  ( -19.00000000000000000, 0.000000000000000000, -16.95249999999998636 ) ) ;
#5031 = ORIENTED_EDGE ( 'NONE', *, *, #2072, .F. ) ;
#5032 = ORIENTED_EDGE ( 'NONE', *, *, #3709, .T. ) ;
#5033 = CARTESIAN_POINT ( 'NONE',  ( -27.45101848717467519, -9.983619178225170643, -13.06768083149657755 ) ) ;
#5034 = CARTESIAN_POINT ( 'NONE',  ( 0.000000000000000000, 0.000000000000000000, -19.45249999999998280 ) ) ;
#5035 = CARTESIAN_POINT ( 'NONE',  ( 32.17337224468786872, 11.80265604994570694, -23.22056274847715684 ) ) ;
#5036 = EDGE_CURVE ( 'NONE', #1381, #660, #106, .T. ) ;
#5037 = CIRCLE ( 'NONE', #3170, 1.500000000000000444 ) ;
#5038 = ORIENTED_EDGE ( 'NONE', *, *, #4191, .F. ) ;
#5039 = ORIENTED_EDGE ( 'NONE', *, *, #2380, .T. ) ;
#5040 = AXIS2_PLACEMENT_3D ( 'NONE', #2066, #4770, #747 ) ;
#5041 = DIRECTION ( 'NONE',  ( 0.000000000000000000, 0.000000000000000000, -1.000000000000000000 ) ) ;
#5042 = CARTESIAN_POINT ( 'NONE',  ( -1.378540309769147543, -23.70822613608068963, -17.31617557345561309 ) ) ;
#5043 = AXIS2_PLACEMENT_3D ( 'NONE', #4847, #3151, #4028 ) ;
#5044 = CARTESIAN_POINT ( 'NONE',  ( 7.589415207398531038E-16, 0.000000000000000000, 6.250000000000003553 ) ) ;
#5045 = ORIENTED_EDGE ( 'NONE', *, *, #5434, .T. ) ;
#5046 = CARTESIAN_POINT ( 'NONE',  ( -22.14582562299419521, -16.25000000000012790, -14.42170494256395585 ) ) ;
#5047 = AXIS2_PLACEMENT_3D ( 'NONE', #4272, #348, #3865 ) ;
#5048 = DIRECTION ( 'NONE',  ( 0.000000000000000000, 0.000000000000000000, -1.000000000000000000 ) ) ;
#5049 = CARTESIAN_POINT ( 'NONE',  ( -28.98069340623915124, 7.753670723829241496, -12.45249999999997748 ) ) ;
#5050 = DIRECTION ( 'NONE',  ( 1.000000000000000000, 0.000000000000000000, 0.000000000000000000 ) ) ;
#5051 = DIRECTION ( 'NONE',  ( 1.000000000000000000, 0.000000000000000000, 0.000000000000000000 ) ) ;
#5052 = CARTESIAN_POINT ( 'NONE',  ( 6.041811431885345307, -29.05406835270427379, -12.70513627312270977 ) ) ;
#5053 = ADVANCED_FACE ( 'NONE', ( #638 ), #3316, .T. ) ;
#5054 = CARTESIAN_POINT ( 'NONE',  ( 34.14582562299425916, -16.24999999999999645, -6.249999999999992006 ) ) ;
#5055 = AXIS2_PLACEMENT_3D ( 'NONE', #2068, #3376, #5147 ) ;
#5056 = DIRECTION ( 'NONE',  ( -0.000000000000000000, -0.000000000000000000, 1.000000000000000000 ) ) ;
#5057 = ORIENTED_EDGE ( 'NONE', *, *, #3909, .T. ) ;
#5058 = CARTESIAN_POINT ( 'NONE',  ( -2.088058061712458446, 26.87197753082579155, -14.82280109448974414 ) ) ;
#5059 = EDGE_LOOP ( 'NONE', ( #2096, #2207, #94, #25, #5642 ) ) ;
#5060 = ORIENTED_EDGE ( 'NONE', *, *, #4116, .T. ) ;
#5061 = CARTESIAN_POINT ( 'NONE',  ( -35.36536794150043050, 10.87615512772294402, 17.95250000000002544 ) ) ;
#5062 = ADVANCED_FACE ( 'NONE', ( #5090 ), #2424, .T. ) ;
#5063 = DIRECTION ( 'NONE',  ( 1.000000000000000000, 0.000000000000000000, 0.000000000000000000 ) ) ;
#5064 = DIRECTION ( 'NONE',  ( -0.000000000000000000, -0.000000000000000000, 1.000000000000000000 ) ) ;
#5065 = EDGE_CURVE ( 'NONE', #484, #3347, #4107, .T. ) ;
#5066 = CIRCLE ( 'NONE', #1627, 32.50000000000000711 ) ;
#5067 = ORIENTED_EDGE ( 'NONE', *, *, #1369, .F. ) ;
#5068 = EDGE_LOOP ( 'NONE', ( #669, #4308 ) ) ;
#5069 = EDGE_LOOP ( 'NONE', ( #4084, #757, #57, #1351, #299, #4735, #2397, #4290, #4069, #269, #636, #1200, #2786, #4256 ) ) ;
#5070 = DIRECTION ( 'NONE',  ( -0.000000000000000000, -0.000000000000000000, -1.000000000000000000 ) ) ;
#5071 = CARTESIAN_POINT ( 'NONE',  ( -5.509104889761177404, -34.87692307692308447, 6.250000000000005329 ) ) ;
#5072 = FACE_OUTER_BOUND ( 'NONE', #4298, .T. ) ;
#5073 = ORIENTED_EDGE ( 'NONE', *, *, #2609, .F. ) ;
#5074 = EDGE_CURVE ( 'NONE', #4536, #4645, #2440, .T. ) ;
#5075 = DIRECTION ( 'NONE',  ( 1.000000000000000000, 0.000000000000000000, 0.000000000000000000 ) ) ;
#5076 = CARTESIAN_POINT ( 'NONE',  ( -5.509104889761172963, 34.87692307692308447, -23.22056274847715684 ) ) ;
#5077 = CARTESIAN_POINT ( 'NONE',  ( -26.61997407576358299, 10.43919523840498975, -13.54680109014448597 ) ) ;
#5078 = CIRCLE ( 'NONE', #3682, 5.999999999999998224 ) ;
#5079 = CARTESIAN_POINT ( 'NONE',  ( -27.44974894557051925, 22.20948632510780030, -23.22056274847715684 ) ) ;
#5080 = DIRECTION ( 'NONE',  ( 1.000000000000000000, 0.000000000000000000, 0.000000000000000000 ) ) ;
#5081 = DIRECTION ( 'NONE',  ( 1.000000000000000000, 0.000000000000000000, 0.000000000000000000 ) ) ;
#5082 = VECTOR ( 'NONE', #1001, 1000.000000000000114 ) ;
#5083 = AXIS2_PLACEMENT_3D ( 'NONE', #2777, #36, #533 ) ;
#5084 = CARTESIAN_POINT ( 'NONE',  ( -35.36536794150043050, 10.87615512772294402, 19.45250000000001123 ) ) ;
#5085 = ORIENTED_EDGE ( 'NONE', *, *, #5682, .T. ) ;
#5086 = CARTESIAN_POINT ( 'NONE',  ( 0.3914483493061742259, 26.50958975622175018, -15.16556875979783392 ) ) ;
#5087 = ORIENTED_EDGE ( 'NONE', *, *, #1970, .T. ) ;
#5088 = ORIENTED_EDGE ( 'NONE', *, *, #1565, .F. ) ;
#5089 = CYLINDRICAL_SURFACE ( 'NONE', #962, 2.999999999999999112 ) ;
#5090 = FACE_OUTER_BOUND ( 'NONE', #1665, .T. ) ;
#5091 = DIRECTION ( 'NONE',  ( -1.000000000000000000, 0.000000000000000000, 0.000000000000000000 ) ) ;
#5092 = ORIENTED_EDGE ( 'NONE', *, *, #2048, .F. ) ;
#5093 = VERTEX_POINT ( 'NONE', #1046 ) ;
#5094 = ORIENTED_EDGE ( 'NONE', *, *, #1006, .F. ) ;
#5095 = ORIENTED_EDGE ( 'NONE', *, *, #2460, .T. ) ;
#5096 = FACE_OUTER_BOUND ( 'NONE', #3645, .T. ) ;
#5097 = DIRECTION ( 'NONE',  ( -0.000000000000000000, -0.000000000000000000, 1.000000000000000000 ) ) ;
#5098 = EDGE_CURVE ( 'NONE', #1819, #3320, #844, .T. ) ;
#5099 = VECTOR ( 'NONE', #873, 1000.000000000000000 ) ;
#5100 = FACE_OUTER_BOUND ( 'NONE', #3106, .T. ) ;
#5101 = VERTEX_POINT ( 'NONE', #2996 ) ;
#5102 = LINE ( 'NONE', #5650, #2989 ) ;
#5103 = CIRCLE ( 'NONE', #3057, 30.00000000000000355 ) ;
#5104 = CARTESIAN_POINT ( 'NONE',  ( 25.59312562299427540, -16.24999999999999289, -6.249999999999994671 ) ) ;
#5105 = EDGE_CURVE ( 'NONE', #1360, #1009, #5037, .T. ) ;
#5106 = CARTESIAN_POINT ( 'NONE',  ( -1.500000000000000444, 23.00000000000000000, -17.85894133304158871 ) ) ;
#5107 = DIRECTION ( 'NONE',  ( 1.000000000000000000, 0.000000000000000000, 0.000000000000000000 ) ) ;
#5108 = DIRECTION ( 'NONE',  ( 1.000000000000000000, 0.000000000000000000, 0.000000000000000000 ) ) ;
#5109 = CARTESIAN_POINT ( 'NONE',  ( -32.64582562299426627, 16.25000000000001066, 19.45250000000001123 ) ) ;
#5110 = EDGE_CURVE ( 'NONE', #1234, #2067, #4489, .T. ) ;
#5111 = DIRECTION ( 'NONE',  ( 1.000000000000000000, 0.000000000000000000, 0.000000000000000000 ) ) ;
#5112 = ADVANCED_FACE ( 'NONE', ( #830 ), #2152, .T. ) ;
#5113 = CARTESIAN_POINT ( 'NONE',  ( 27.44974894557051925, 22.20948632510780030, 17.95250000000002544 ) ) ;
#5114 = ORIENTED_EDGE ( 'NONE', *, *, #5538, .F. ) ;
#5115 = EDGE_LOOP ( 'NONE', ( #741, #2128, #2089, #4938 ) ) ;
#5116 = AXIS2_PLACEMENT_3D ( 'NONE', #5730, #2214, #3370 ) ;
#5117 = DIRECTION ( 'NONE',  ( -1.000000000000000000, 0.000000000000000000, 0.000000000000000000 ) ) ;
#5118 = DIRECTION ( 'NONE',  ( -0.000000000000000000, -0.000000000000000000, 1.000000000000000000 ) ) ;
#5119 = VECTOR ( 'NONE', #2689, 999.9999999999998863 ) ;
#5120 = AXIS2_PLACEMENT_3D ( 'NONE', #3742, #3307, #1091 ) ;
#5121 = ORIENTED_EDGE ( 'NONE', *, *, #4321, .T. ) ;
#5122 = VERTEX_POINT ( 'NONE', #1661 ) ;
#5123 = EDGE_LOOP ( 'NONE', ( #3158, #4998, #378, #3390 ) ) ;
#5124 = ORIENTED_EDGE ( 'NONE', *, *, #5134, .T. ) ;
#5125 = ORIENTED_EDGE ( 'NONE', *, *, #848, .F. ) ;
#5126 = CYLINDRICAL_SURFACE ( 'NONE', #4987, 2.552699999999990865 ) ;
#5127 = DIRECTION ( 'NONE',  ( 0.000000000000000000, 0.000000000000000000, 1.000000000000000000 ) ) ;
#5128 = AXIS2_PLACEMENT_3D ( 'NONE', #5749, #4473, #3109 ) ;
#5129 = CARTESIAN_POINT ( 'NONE',  ( 0.000000000000000000, 0.000000000000000000, 0.000000000000000000 ) ) ;
#5130 = EDGE_LOOP ( 'NONE', ( #3360, #2635, #2454, #4840 ) ) ;
#5131 = AXIS2_PLACEMENT_3D ( 'NONE', #2040, #3722, #5063 ) ;
#5132 = DIRECTION ( 'NONE',  ( -0.000000000000000000, -0.000000000000000000, 1.000000000000000000 ) ) ;
#5133 = DIRECTION ( 'NONE',  ( 0.000000000000000000, 0.000000000000000000, -1.000000000000000000 ) ) ;
#5134 = EDGE_CURVE ( 'NONE', #3260, #3290, #3924, .T. ) ;
#5135 = CARTESIAN_POINT ( 'NONE',  ( 30.69852562299426069, -16.24999999999999289, 12.06000000000000583 ) ) ;
#5136 = EDGE_LOOP ( 'NONE', ( #3687, #4470, #4610 ) ) ;
#5137 = CIRCLE ( 'NONE', #1733, 4.500000000000007105 ) ;
#5138 = EDGE_CURVE ( 'NONE', #876, #454, #3458, .T. ) ;
#5139 = CARTESIAN_POINT ( 'NONE',  ( -1.375264198142412964, -22.39450680932798221, -18.33508199392304050 ) ) ;
#5140 = CARTESIAN_POINT ( 'NONE',  ( 27.10171060685865996, -25.18922948766167735, 6.250000000000003553 ) ) ;
#5141 = AXIS2_PLACEMENT_3D ( 'NONE', #1784, #3557, #4891 ) ;
#5142 = EDGE_CURVE ( 'NONE', #4795, #516, #3833, .T. ) ;
#5143 = CARTESIAN_POINT ( 'NONE',  ( -1.500000000000000444, 23.00000000000000000, -17.85894133304158871 ) ) ;
#5144 = CARTESIAN_POINT ( 'NONE',  ( 0.000000000000000000, 0.000000000000000000, -16.95249999999998636 ) ) ;
#5145 = ORIENTED_EDGE ( 'NONE', *, *, #5355, .F. ) ;
#5146 = ORIENTED_EDGE ( 'NONE', *, *, #2170, .F. ) ;
#5147 = DIRECTION ( 'NONE',  ( -1.000000000000000000, 0.000000000000000000, 0.000000000000000000 ) ) ;
#5148 = CARTESIAN_POINT ( 'NONE',  ( 21.51250747585543266, -0.2223217694772482989, -19.05319561730656730 ) ) ;
#5149 = AXIS2_PLACEMENT_3D ( 'NONE', #2008, #4692, #264 ) ;
#5150 = ORIENTED_EDGE ( 'NONE', *, *, #848, .T. ) ;
#5151 = ORIENTED_EDGE ( 'NONE', *, *, #4106, .F. ) ;
#5152 = ORIENTED_EDGE ( 'NONE', *, *, #4815, .T. ) ;
#5153 = ORIENTED_EDGE ( 'NONE', *, *, #3513, .F. ) ;
#5154 = ORIENTED_EDGE ( 'NONE', *, *, #2092, .T. ) ;
#5155 = CARTESIAN_POINT ( 'NONE',  ( -4.131828667320885273, 34.28269230769231513, 19.45250000000001123 ) ) ;
#5156 = CIRCLE ( 'NONE', #2639, 4.499999999999998224 ) ;
#5157 = CARTESIAN_POINT ( 'NONE',  ( -1.054014343407619014, -24.07170477125648489, -17.04553217844873458 ) ) ;
#5158 =( NAMED_UNIT ( * ) PLANE_ANGLE_UNIT ( ) SI_UNIT ( $, .RADIAN. ) );
#5159 = CARTESIAN_POINT ( 'NONE',  ( 0.4324678808932695406, 24.44052315302610268, -16.77374690993735840 ) ) ;
#5160 = ORIENTED_EDGE ( 'NONE', *, *, #386, .T. ) ;
#5161 = CARTESIAN_POINT ( 'NONE',  ( -22.07153760535733156, -1.181985448977465714, -18.59454682052837882 ) ) ;
#5162 = ADVANCED_FACE ( 'NONE', ( #3405 ), #4295, .F. ) ;
#5163 = CARTESIAN_POINT ( 'NONE',  ( 22.30044822084976275, 1.339011080412276122, -18.40985090504323551 ) ) ;
#5164 = ADVANCED_FACE ( 'NONE', ( #778, #4331 ), #3433, .F. ) ;
#5165 = DIRECTION ( 'NONE',  ( 1.000000000000000000, 0.000000000000000000, 0.000000000000000000 ) ) ;
#5166 = VERTEX_POINT ( 'NONE', #351 ) ;
#5167 = CARTESIAN_POINT ( 'NONE',  ( -29.00000000000000000, 3.551475717527324030E-15, 19.05250000000001265 ) ) ;
#5168 = UNCERTAINTY_MEASURE_WITH_UNIT (LENGTH_MEASURE( 1.000000000000000082E-05 ), #2080, 'distance_accuracy_value', 'NONE');
#5169 = ADVANCED_FACE ( 'NONE', ( #3843 ), #5175, .F. ) ;
#5170 = CARTESIAN_POINT ( 'NONE',  ( 27.50000000000000355, 0.000000000000000000, 11.95250000000002721 ) ) ;
#5171 = DIRECTION ( 'NONE',  ( 1.000000000000000000, 0.000000000000000000, 0.000000000000000000 ) ) ;
#5172 = ORIENTED_EDGE ( 'NONE', *, *, #2743, .F. ) ;
#5173 = CARTESIAN_POINT ( 'NONE',  ( -27.10171060685865640, -25.18922948766169156, 0.000000000000000000 ) ) ;
#5174 = VECTOR ( 'NONE', #5652, 1000.000000000000000 ) ;
#5175 = CYLINDRICAL_SURFACE ( 'NONE', #4381, 3.000000000000000000 ) ;
#5176 = EDGE_CURVE ( 'NONE', #1836, #5013, #2508, .T. ) ;
#5177 = ORIENTED_EDGE ( 'NONE', *, *, #1087, .T. ) ;
#5178 = LINE ( 'NONE', #4309, #789 ) ;
#5179 = EDGE_LOOP ( 'NONE', ( #5665, #4485, #2880, #4110 ) ) ;
#5180 = CONICAL_SURFACE ( 'NONE', #1654, 29.00000000000000000, 0.7853981633974439491 ) ;
#5181 = VERTEX_POINT ( 'NONE', #2970 ) ;
#5182 = EDGE_LOOP ( 'NONE', ( #532, #198, #1201, #5587 ) ) ;
#5183 = CARTESIAN_POINT ( 'NONE',  ( 30.00000000000000355, 0.000000000000000000, -12.45249999999997748 ) ) ;
#5184 = CARTESIAN_POINT ( 'NONE',  ( -23.80555661413261248, 22.12567454997311600, 19.45250000000001123 ) ) ;
#5185 = VECTOR ( 'NONE', #1878, 1000.000000000000000 ) ;
#5186 = DIRECTION ( 'NONE',  ( 1.000000000000000000, 0.000000000000000000, 0.000000000000000000 ) ) ;
#5187 = VERTEX_POINT ( 'NONE', #751 ) ;
#5188 = CYLINDRICAL_SURFACE ( 'NONE', #2235, 4.000000000000000000 ) ;
#5189 = CARTESIAN_POINT ( 'NONE',  ( 5.865286150960846712, 33.76428571428571956, 6.250000000000005329 ) ) ;
#5190 = B_SPLINE_CURVE_WITH_KNOTS ( 'NONE', 3,
 ( #5245, #5215, #5651, #1674, #3607, #1197, #2983, #3013, #1229, #1645 ),
 .UNSPECIFIED., .F., .F.,
 ( 4, 2, 2, 2, 4 ),
 ( 0.0009818401191140988925, 0.001797029412041820920, 0.002612218704969543163, 0.003427407997897265191, 0.004242597290824987218 ),
 .UNSPECIFIED. ) ;
#5191 = DIRECTION ( 'NONE',  ( -0.000000000000000000, -0.000000000000000000, 1.000000000000000000 ) ) ;
#5192 = ORIENTED_EDGE ( 'NONE', *, *, #3174, .F. ) ;
#5193 = VERTEX_POINT ( 'NONE', #4852 ) ;
#5194 = CIRCLE ( 'NONE', #75, 30.00000000000000355 ) ;
#5195 = DIRECTION ( 'NONE',  ( -0.000000000000000000, -0.000000000000000000, 1.000000000000000000 ) ) ;
#5196 = CARTESIAN_POINT ( 'NONE',  ( -0.9870644459490603984, 21.86609595617449386, -18.76165659651597295 ) ) ;
#5197 = CARTESIAN_POINT ( 'NONE',  ( 5.509104889761178292, -34.87692307692308447, 17.95250000000002544 ) ) ;
#5198 = VERTEX_POINT ( 'NONE', #3074 ) ;
#5199 = DIRECTION ( 'NONE',  ( 1.000000000000000000, 0.000000000000000000, 0.000000000000000000 ) ) ;
#5200 = CARTESIAN_POINT ( 'NONE',  ( 0.000000000000000000, 0.000000000000000000, 11.95250000000002721 ) ) ;
#5201 = ORIENTED_EDGE ( 'NONE', *, *, #3675, .F. ) ;
#5202 = CARTESIAN_POINT ( 'NONE',  ( 28.14582562299425561, -16.24999999999999645, 17.95250000000002544 ) ) ;
#5203 = ORIENTED_EDGE ( 'NONE', *, *, #4792, .F. ) ;
#5204 = VERTEX_POINT ( 'NONE', #1821 ) ;
#5205 = VERTEX_POINT ( 'NONE', #5741 ) ;
#5206 = CARTESIAN_POINT ( 'NONE',  ( 24.50000000000000000, 0.000000000000000000, 0.000000000000000000 ) ) ;
#5207 = LINE ( 'NONE', #5184, #4377 ) ;
#5208 = ADVANCED_FACE ( 'NONE', ( #3540 ), #539, .T. ) ;
#5209 = CIRCLE ( 'NONE', #1301, 4.000000000000000000 ) ;
#5210 = CARTESIAN_POINT ( 'NONE',  ( -1.500000000000000444, 23.00000000000000000, -10.07749999999998458 ) ) ;
#5211 = AXIS2_PLACEMENT_3D ( 'NONE', #1644, #218, #3362 ) ;
#5212 = ORIENTED_EDGE ( 'NONE', *, *, #408, .F. ) ;
#5213 = CARTESIAN_POINT ( 'NONE',  ( -24.06662687951309110, -1.059138235609514256, -17.04930216247710106 ) ) ;
#5214 = VECTOR ( 'NONE', #2622, 1000.000000000000000 ) ;
#5215 = CARTESIAN_POINT ( 'NONE',  ( -22.37785951953074104, 18.63562636860092070, -13.13634013095521702 ) ) ;
#5216 = AXIS2_PLACEMENT_3D ( 'NONE', #5034, #4632, #3225 ) ;
#5217 = DIRECTION ( 'NONE',  ( -1.000000000000000000, 0.000000000000000000, 0.000000000000000000 ) ) ;
#5218 = B_SPLINE_CURVE_WITH_KNOTS ( 'NONE', 3,
 ( #907, #2713, #967, #3998, #4488, #4054, #66, #1789, #1409, #5359, #3562, #5328 ),
 .UNSPECIFIED., .F., .F.,
 ( 4, 2, 2, 2, 2, 4 ),
 ( 0.000000000000000000, 0.001060649322706258947, 0.002121298645412517895, 0.002651623306765642056, 0.003181947968118766217, 0.004242597290825014973 ),
 .UNSPECIFIED. ) ;
#5219 = VERTEX_POINT ( 'NONE', #4931 ) ;
#5220 = VERTEX_POINT ( 'NONE', #73 ) ;
#5221 = AXIS2_PLACEMENT_3D ( 'NONE', #1152, #2936, #4715 ) ;
#5222 = DIRECTION ( 'NONE',  ( -0.000000000000000000, -0.000000000000000000, 1.000000000000000000 ) ) ;
#5223 = AXIS2_PLACEMENT_3D ( 'NONE', #5251, #746, #2560 ) ;
#5224 = CIRCLE ( 'NONE', #1230, 2.552699999999995750 ) ;
#5225 = CARTESIAN_POINT ( 'NONE',  ( 32.49790567597337088, -9.994304711961611076, 6.250000000000004441 ) ) ;
#5226 = CARTESIAN_POINT ( 'NONE',  ( -24.90427461170795098, 23.14685952920264000, 17.95250000000002544 ) ) ;
#5227 = VECTOR ( 'NONE', #5620, 1000.000000000000000 ) ;
#5228 = ORIENTED_EDGE ( 'NONE', *, *, #2874, .T. ) ;
#5229 = DIRECTION ( 'NONE',  ( -0.000000000000000000, -0.000000000000000000, 1.000000000000000000 ) ) ;
#5230 = DIRECTION ( 'NONE',  ( 0.000000000000000000, 0.000000000000000000, 1.000000000000000000 ) ) ;
#5231 = EDGE_CURVE ( 'NONE', #5181, #1101, #2241, .T. ) ;
#5232 = VERTEX_POINT ( 'NONE', #973 ) ;
#5233 = CYLINDRICAL_SURFACE ( 'NONE', #4096, 1.500000000000000444 ) ;
#5234 = ADVANCED_FACE ( 'NONE', ( #3128, #3187 ), #2258, .T. ) ;
#5235 = EDGE_LOOP ( 'NONE', ( #3718, #3728, #228, #5212 ) ) ;
#5236 = EDGE_LOOP ( 'NONE', ( #1584, #918 ) ) ;
#5237 = ORIENTED_EDGE ( 'NONE', *, *, #5036, .F. ) ;
#5238 = CARTESIAN_POINT ( 'NONE',  ( 23.37969490188259769, -12.58491515324840293, -15.13660542823460986 ) ) ;
#5239 = FACE_OUTER_BOUND ( 'NONE', #5469, .T. ) ;
#5240 = CARTESIAN_POINT ( 'NONE',  ( -5.865286150960838718, 33.76428571428571956, -23.22056274847715684 ) ) ;
#5241 = EDGE_CURVE ( 'NONE', #933, #3930, #479, .T. ) ;
#5242 = AXIS2_PLACEMENT_3D ( 'NONE', #1982, #1660, #5199 ) ;
#5243 = VECTOR ( 'NONE', #2797, 1000.000000000000000 ) ;
#5244 = CARTESIAN_POINT ( 'NONE',  ( 0.000000000000000000, 0.000000000000000000, 12.45250000000002721 ) ) ;
#5245 = CARTESIAN_POINT ( 'NONE',  ( -22.37785951953074104, 18.39169050088635871, -13.25680653369183837 ) ) ;
#5246 = DIRECTION ( 'NONE',  ( 0.000000000000000000, 0.000000000000000000, -1.000000000000000000 ) ) ;
#5247 = ORIENTED_EDGE ( 'NONE', *, *, #3559, .T. ) ;
#5248 = VERTEX_POINT ( 'NONE', #4960 ) ;
#5249 = AXIS2_PLACEMENT_3D ( 'NONE', #4746, #327, #2100 ) ;
#5250 = FACE_OUTER_BOUND ( 'NONE', #443, .T. ) ;
#5251 = CARTESIAN_POINT ( 'NONE',  ( -18.37785951953062380, -18.39169050088647239, -6.249999999999993783 ) ) ;
#5252 = LINE ( 'NONE', #3810, #3549 ) ;
#5253 = VERTEX_POINT ( 'NONE', #3595 ) ;
#5254 = FACE_OUTER_BOUND ( 'NONE', #1987, .T. ) ;
#5255 = CARTESIAN_POINT ( 'NONE',  ( 21.73962017743363972, -0.8195490524421809031, -18.86533865850544700 ) ) ;
#5256 = EDGE_CURVE ( 'NONE', #172, #234, #1853, .T. ) ;
#5257 = CARTESIAN_POINT ( 'NONE',  ( 22.28504596091570633, 17.53501430053232113, -20.95249999999998991 ) ) ;
#5258 = EDGE_LOOP ( 'NONE', ( #4675, #4691, #952, #3192 ) ) ;
#5259 = ORIENTED_EDGE ( 'NONE', *, *, #5110, .F. ) ;
#5260 = ORIENTED_EDGE ( 'NONE', *, *, #5630, .T. ) ;
#5261 = DIRECTION ( 'NONE',  ( 0.000000000000000000, 0.000000000000000000, -1.000000000000000000 ) ) ;
#5262 = CARTESIAN_POINT ( 'NONE',  ( -24.50000000000000000, 3.000384657911015469E-15, 0.000000000000000000 ) ) ;
#5263 = DIRECTION ( 'NONE',  ( 0.000000000000000000, 0.000000000000000000, -1.000000000000000000 ) ) ;
#5264 = AXIS2_PLACEMENT_3D ( 'NONE', #186, #1962, #1876 ) ;
#5265 = AXIS2_PLACEMENT_3D ( 'NONE', #940, #1734, #4899 ) ;
#5266 = VECTOR ( 'NONE', #2809, 1000.000000000000000 ) ;
#5267 = DIRECTION ( 'NONE',  ( 1.000000000000000000, 0.000000000000000000, 0.000000000000000000 ) ) ;
#5268 = CARTESIAN_POINT ( 'NONE',  ( 5.871957118727908487, 29.02004904127901241, -12.75755905972785342 ) ) ;
#5269 = FACE_OUTER_BOUND ( 'NONE', #3600, .T. ) ;
#5270 = ADVANCED_FACE ( 'NONE', ( #5393 ), #2661, .F. ) ;
#5271 = AXIS2_PLACEMENT_3D ( 'NONE', #5433, #5064, #3287 ) ;
#5272 = DIRECTION ( 'NONE',  ( 0.000000000000000000, 0.000000000000000000, 1.000000000000000000 ) ) ;
#5273 = ORIENTED_EDGE ( 'NONE', *, *, #5466, .F. ) ;
#5274 = DIRECTION ( 'NONE',  ( -0.000000000000000000, -0.000000000000000000, 1.000000000000000000 ) ) ;
#5275 = ADVANCED_FACE ( 'NONE', ( #1417 ), #944, .T. ) ;
#5276 = DIRECTION ( 'NONE',  ( 0.000000000000000000, 0.000000000000000000, -1.000000000000000000 ) ) ;
#5277 = LINE ( 'NONE', #2657, #4682 ) ;
#5278 = ORIENTED_EDGE ( 'NONE', *, *, #2736, .F. ) ;
#5279 = DIRECTION ( 'NONE',  ( 1.000000000000000000, 0.000000000000000000, 0.000000000000000000 ) ) ;
#5280 = DIRECTION ( 'NONE',  ( -0.000000000000000000, -0.000000000000000000, 1.000000000000000000 ) ) ;
#5281 = ADVANCED_FACE ( 'NONE', ( #4903 ), #2288, .F. ) ;
#5282 = CARTESIAN_POINT ( 'NONE',  ( -32.50000000000000711, 0.000000000000000000, 19.45250000000001123 ) ) ;
#5283 = ORIENTED_EDGE ( 'NONE', *, *, #2187, .T. ) ;
#5284 = ORIENTED_EDGE ( 'NONE', *, *, #4712, .F. ) ;
#5285 = VERTEX_POINT ( 'NONE', #1353 ) ;
#5286 = CARTESIAN_POINT ( 'NONE',  ( -7.258617929077224140, 31.67905405405406327, 19.45250000000001123 ) ) ;
#5287 = DIRECTION ( 'NONE',  ( 0.000000000000000000, 0.000000000000000000, -1.000000000000000000 ) ) ;
#5288 = AXIS2_PLACEMENT_3D ( 'NONE', #1433, #3205, #3116 ) ;
#5289 = CIRCLE ( 'NONE', #3994, 32.50000000000000711 ) ;
#5290 = VERTEX_POINT ( 'NONE', #2637 ) ;
#5291 = CARTESIAN_POINT ( 'NONE',  ( 7.775470883703911262, -28.97485207100586635, 0.000000000000000000 ) ) ;
#5292 = AXIS2_PLACEMENT_3D ( 'NONE', #2307, #151, #4977 ) ;
#5293 = DIRECTION ( 'NONE',  ( -1.000000000000000000, 0.000000000000000000, 0.000000000000000000 ) ) ;
#5294 = AXIS2_PLACEMENT_3D ( 'NONE', #2463, #2084, #648 ) ;
#5295 = DIRECTION ( 'NONE',  ( 1.000000000000000000, 0.000000000000000000, 0.000000000000000000 ) ) ;
#5296 = ORIENTED_EDGE ( 'NONE', *, *, #1328, .F. ) ;
#5297 = AXIS2_PLACEMENT_3D ( 'NONE', #4970, #459, #4538 ) ;
#5298 = ADVANCED_FACE ( 'NONE', ( #883 ), #20, .F. ) ;
#5299 = LINE ( 'NONE', #1292, #439 ) ;
#5300 = AXIS2_PLACEMENT_3D ( 'NONE', #1603, #5663, #3377 ) ;
#5301 = EDGE_CURVE ( 'NONE', #1873, #3574, #4466, .T. ) ;
#5302 = CIRCLE ( 'NONE', #1410, 2.552699999999987757 ) ;
#5303 = FACE_OUTER_BOUND ( 'NONE', #1289, .T. ) ;
#5304 = CARTESIAN_POINT ( 'NONE',  ( -22.29846953136795662, 1.337893718072761473, -18.41143947622762767 ) ) ;
#5305 = VERTEX_POINT ( 'NONE', #2200 ) ;
#5306 = CARTESIAN_POINT ( 'NONE',  ( 5.509104889761180956, 34.87692307692308447, 6.250000000000005329 ) ) ;
#5307 = DIRECTION ( 'NONE',  ( -1.000000000000000000, 0.000000000000000000, -0.000000000000000000 ) ) ;
#5308 = ADVANCED_FACE ( 'NONE', ( #4436 ), #4005, .T. ) ;
#5309 = PLANE ( 'NONE',  #3147 ) ;
#5310 = EDGE_LOOP ( 'NONE', ( #4764, #7, #2060, #229 ) ) ;
#5311 = CARTESIAN_POINT ( 'NONE',  ( 0.000000000000000000, 0.000000000000000000, 19.45250000000001123 ) ) ;
#5312 = ORIENTED_EDGE ( 'NONE', *, *, #2266, .T. ) ;
#5313 = EDGE_LOOP ( 'NONE', ( #1333, #3312, #4951, #5088, #3889 ) ) ;
#5314 = AXIS2_PLACEMENT_3D ( 'NONE', #1850, #4460, #4926 ) ;
#5315 = FACE_OUTER_BOUND ( 'NONE', #2986, .T. ) ;
#5316 = LINE ( 'NONE', #549, #4292 ) ;
#5317 = CARTESIAN_POINT ( 'NONE',  ( 26.32829082044214175, -10.53190877639100265, -13.73065561476729890 ) ) ;
#5318 = EDGE_LOOP ( 'NONE', ( #721, #3475, #5151, #5594 ) ) ;
#5319 = DIRECTION ( 'NONE',  ( 0.000000000000000000, 0.000000000000000000, 1.000000000000000000 ) ) ;
#5320 = DIRECTION ( 'NONE',  ( 1.000000000000000000, 0.000000000000000000, 0.000000000000000000 ) ) ;
#5321 = DIRECTION ( 'NONE',  ( 1.000000000000000000, 0.000000000000000000, 0.000000000000000000 ) ) ;
#5322 = CARTESIAN_POINT ( 'NONE',  ( 0.000000000000000000, 0.000000000000000000, 19.05250000000001265 ) ) ;
#5323 = AXIS2_PLACEMENT_3D ( 'NONE', #3539, #4796, #1297 ) ;
#5324 = VERTEX_POINT ( 'NONE', #4033 ) ;
#5325 = LINE ( 'NONE', #4487, #1085 ) ;
#5326 = AXIS2_PLACEMENT_3D ( 'NONE', #4620, #3741, #5080 ) ;
#5327 = EDGE_CURVE ( 'NONE', #3220, #3872, #2688, .T. ) ;
#5328 = CARTESIAN_POINT ( 'NONE',  ( 28.98069340623898071, 7.753670723829877431, -12.45249999999997748 ) ) ;
#5329 = CARTESIAN_POINT ( 'NONE',  ( -32.36536794150042340, -10.87615512772294579, 17.95250000000002544 ) ) ;
#5330 = CARTESIAN_POINT ( 'NONE',  ( -21.68642918646824569, 0.7319090015801292815, -18.90916655543164993 ) ) ;
#5331 = ORIENTED_EDGE ( 'NONE', *, *, #2181, .T. ) ;
#5332 = CARTESIAN_POINT ( 'NONE',  ( -29.54343440694599821, -5.872864116540021051, -6.249999999999993783 ) ) ;
#5333 = DIRECTION ( 'NONE',  ( 1.000000000000000000, 0.000000000000000000, 0.000000000000000000 ) ) ;
#5334 = ADVANCED_FACE ( 'NONE', ( #4685 ), #4994, .T. ) ;
#5335 = LINE ( 'NONE', #4065, #4664 ) ;
#5336 = VERTEX_POINT ( 'NONE', #1446 ) ;
#5337 = DIRECTION ( 'NONE',  ( 0.000000000000000000, 0.000000000000000000, -1.000000000000000000 ) ) ;
#5338 = ORIENTED_EDGE ( 'NONE', *, *, #2365, .T. ) ;
#5339 = ORIENTED_EDGE ( 'NONE', *, *, #339, .T. ) ;
#5340 = CARTESIAN_POINT ( 'NONE',  ( 23.76118345675467936, -12.14974082280306433, -15.02958432439548986 ) ) ;
#5341 = CYLINDRICAL_SURFACE ( 'NONE', #1777, 4.000000000000000000 ) ;
#5342 = ADVANCED_FACE ( 'NONE', ( #4654 ), #5395, .F. ) ;
#5343 = CIRCLE ( 'NONE', #3216, 8.000000000000000000 ) ;
#5344 = DIRECTION ( 'NONE',  ( -0.000000000000000000, -0.000000000000000000, 1.000000000000000000 ) ) ;
#5345 = EDGE_LOOP ( 'NONE', ( #1981, #530, #3252, #1825 ) ) ;
#5346 = CARTESIAN_POINT ( 'NONE',  ( -22.14582562299429114, 16.24999999999993960, -14.42170494256398428 ) ) ;
#5347 = CARTESIAN_POINT ( 'NONE',  ( 21.93466935541006890, -20.23013866302655828, -12.57781190286296535 ) ) ;
#5348 = DIRECTION ( 'NONE',  ( 0.000000000000000000, 0.000000000000000000, -1.000000000000000000 ) ) ;
#5349 = CIRCLE ( 'NONE', #2854, 2.552699999999987757 ) ;
#5350 = VECTOR ( 'NONE', #162, 1000.000000000000000 ) ;
#5351 = EDGE_CURVE ( 'NONE', #322, #4011, #2899, .T. ) ;
#5352 = CARTESIAN_POINT ( 'NONE',  ( 28.14582562299426627, -16.24999999999999289, -6.249999999999994671 ) ) ;
#5353 = ORIENTED_EDGE ( 'NONE', *, *, #1235, .T. ) ;
#5354 = AXIS2_PLACEMENT_3D ( 'NONE', #1911, #3586, #3676 ) ;
#5355 = EDGE_CURVE ( 'NONE', #3558, #4246, #5483, .T. ) ;
#5356 = AXIS2_PLACEMENT_3D ( 'NONE', #953, #1953, #3194 ) ;
#5357 = DIRECTION ( 'NONE',  ( -0.000000000000000000, -0.000000000000000000, 1.000000000000000000 ) ) ;
#5358 = VECTOR ( 'NONE', #5703, 1000.000000000000000 ) ;
#5359 = CARTESIAN_POINT ( 'NONE',  ( 28.75157537135634556, 8.425753111913458326, -12.48454517327947855 ) ) ;
#5360 = DIRECTION ( 'NONE',  ( -1.000000000000000000, 0.000000000000000000, 0.000000000000000000 ) ) ;
#5361 = CARTESIAN_POINT ( 'NONE',  ( 0.000000000000000000, 0.000000000000000000, 19.45250000000001123 ) ) ;
#5362 = VERTEX_POINT ( 'NONE', #5109 ) ;
#5363 = FACE_OUTER_BOUND ( 'NONE', #3249, .T. ) ;
#5364 = DIRECTION ( 'NONE',  ( -1.000000000000000000, 0.000000000000000000, 0.000000000000000000 ) ) ;
#5365 = CARTESIAN_POINT ( 'NONE',  ( 3.984302198030716898E-15, 32.50000000000000000, -6.249999999999992006 ) ) ;
#5366 = LINE ( 'NONE', #975, #2147 ) ;
#5367 = ORIENTED_EDGE ( 'NONE', *, *, #2896, .F. ) ;
#5368 = DIRECTION ( 'NONE',  ( 1.000000000000000000, 0.000000000000000000, 0.000000000000000000 ) ) ;
#5369 = ORIENTED_EDGE ( 'NONE', *, *, #714, .T. ) ;
#5370 = EDGE_LOOP ( 'NONE', ( #284, #4828, #1874, #356 ) ) ;
#5371 = AXIS2_PLACEMENT_3D ( 'NONE', #2333, #4072, #3666 ) ;
#5372 = CARTESIAN_POINT ( 'NONE',  ( -6.738741432543045917, -25.11153846153850822, -20.95249999999998991 ) ) ;
#5373 = DIRECTION ( 'NONE',  ( -0.000000000000000000, -0.000000000000000000, -1.000000000000000000 ) ) ;
#5374 = CARTESIAN_POINT ( 'NONE',  ( 37.54343440694599821, -5.872864116540006840, -6.249999999999993783 ) ) ;
#5375 = DIRECTION ( 'NONE',  ( -0.000000000000000000, -0.000000000000000000, 1.000000000000000000 ) ) ;
#5376 = ORIENTED_EDGE ( 'NONE', *, *, #2242, .T. ) ;
#5377 = FACE_OUTER_BOUND ( 'NONE', #1951, .T. ) ;
#5378 = CARTESIAN_POINT ( 'NONE',  ( 21.20522252253560680, -21.22118134717642945, -12.45249999999997748 ) ) ;
#5379 = CARTESIAN_POINT ( 'NONE',  ( 7.589415207398531038E-16, 0.000000000000000000, 6.250000000000003553 ) ) ;
#5380 = EDGE_CURVE ( 'NONE', #4147, #3200, #3237, .T. ) ;
#5381 = CARTESIAN_POINT ( 'NONE',  ( 8.263657334641768770, -36.06538461538462315, 17.95250000000002544 ) ) ;
#5382 = ORIENTED_EDGE ( 'NONE', *, *, #71, .T. ) ;
#5383 = EDGE_CURVE ( 'NONE', #3957, #2174, #4581, .T. ) ;
#5384 = EDGE_CURVE ( 'NONE', #2204, #4099, #3655, .T. ) ;
#5385 = CARTESIAN_POINT ( 'NONE',  ( -28.14582562299425916, -16.24999999999999645, 13.59381690219166217 ) ) ;
#5386 = CIRCLE ( 'NONE', #1592, 8.000000000000000000 ) ;
#5387 = CIRCLE ( 'NONE', #5292, 2.999999999999999112 ) ;
#5388 = CARTESIAN_POINT ( 'NONE',  ( -26.32829082044207780, 10.53190877639118561, -13.73065561476729002 ) ) ;
#5389 = CARTESIAN_POINT ( 'NONE',  ( 27.50000000000000000, 0.000000000000000000, 12.45250000000002721 ) ) ;
#5390 = CYLINDRICAL_SURFACE ( 'NONE', #2167, 2.552699999999990865 ) ;
#5391 = VERTEX_POINT ( 'NONE', #2352 ) ;
#5392 = DIRECTION ( 'NONE',  ( 0.000000000000000000, 0.000000000000000000, -1.000000000000000000 ) ) ;
#5393 = FACE_OUTER_BOUND ( 'NONE', #5179, .T. ) ;
#5394 = CARTESIAN_POINT ( 'NONE',  ( 28.98069340623898071, 7.753670723829877431, 0.000000000000000000 ) ) ;
#5395 = CONICAL_SURFACE ( 'NONE', #849, 2.552699999999994418, 1.029744258676652535 ) ;
#5396 = DIRECTION ( 'NONE',  ( -0.7071067811865474617, 8.659560562354932858E-17, 0.7071067811865474617 ) ) ;
#5397 = ORIENTED_EDGE ( 'NONE', *, *, #4364, .T. ) ;
#5398 = FACE_OUTER_BOUND ( 'NONE', #2887, .T. ) ;
#5399 = ORIENTED_EDGE ( 'NONE', *, *, #2876, .F. ) ;
#5400 = ORIENTED_EDGE ( 'NONE', *, *, #1472, .T. ) ;
#5401 = ADVANCED_FACE ( 'NONE', ( #2842 ), #1916, .F. ) ;
#5402 = CYLINDRICAL_SURFACE ( 'NONE', #4428, 2.999999999999999112 ) ;
#5403 = CARTESIAN_POINT ( 'NONE',  ( -22.36171135107422003, -18.78629699686024779, -13.07056799948432690 ) ) ;
#5404 = DIRECTION ( 'NONE',  ( -0.000000000000000000, -0.000000000000000000, 1.000000000000000000 ) ) ;
#5405 = EDGE_CURVE ( 'NONE', #2716, #642, #2347, .T. ) ;
#5406 = EDGE_CURVE ( 'NONE', #2589, #2088, #572, .T. ) ;
#5407 = CARTESIAN_POINT ( 'NONE',  ( 26.90789321898851583, -10.31050770035689723, -13.37450691810773762 ) ) ;
#5408 = ORIENTED_EDGE ( 'NONE', *, *, #920, .F. ) ;
#5409 = CYLINDRICAL_SURFACE ( 'NONE', #1487, 8.000000000000000000 ) ;
#5410 = LINE ( 'NONE', #2306, #565 ) ;
#5411 = AXIS2_PLACEMENT_3D ( 'NONE', #3762, #2832, #4173 ) ;
#5412 = CARTESIAN_POINT ( 'NONE',  ( -5.079441413534758532, -28.76508895876212790, -13.06768083149658288 ) ) ;
#5413 = EDGE_CURVE ( 'NONE', #3628, #2630, #3836, .T. ) ;
#5414 = DIRECTION ( 'NONE',  ( -0.000000000000000000, -0.000000000000000000, 1.000000000000000000 ) ) ;
#5415 = ORIENTED_EDGE ( 'NONE', *, *, #2835, .T. ) ;
#5416 = CARTESIAN_POINT ( 'NONE',  ( -22.49057833087498892, -14.23888518833652661, -15.08251600114090785 ) ) ;
#5417 = CARTESIAN_POINT ( 'NONE',  ( 32.36536794150042340, -10.87615512772293158, 17.95250000000002544 ) ) ;
#5418 = ADVANCED_FACE ( 'NONE', ( #4182 ), #4093, .F. ) ;
#5419 = CARTESIAN_POINT ( 'NONE',  ( 0.000000000000000000, 0.000000000000000000, 0.000000000000000000 ) ) ;
#5420 = DIRECTION ( 'NONE',  ( -0.000000000000000000, -0.000000000000000000, -1.000000000000000000 ) ) ;
#5421 = VECTOR ( 'NONE', #1155, 1000.000000000000000 ) ;
#5422 = DIRECTION ( 'NONE',  ( 1.000000000000000000, 0.000000000000000000, 0.000000000000000000 ) ) ;
#5423 = DIRECTION ( 'NONE',  ( -1.000000000000000000, 0.000000000000000000, 0.000000000000000000 ) ) ;
#5424 = CARTESIAN_POINT ( 'NONE',  ( -23.00000000000000000, 0.000000000000000000, -20.95249999999998991 ) ) ;
#5425 = CARTESIAN_POINT ( 'NONE',  ( -5.509104889761177404, -34.87692307692308447, 17.95250000000002544 ) ) ;
#5426 = CARTESIAN_POINT ( 'NONE',  ( 22.28504596091570633, 17.53501430053232113, -13.73065561476731489 ) ) ;
#5427 = ORIENTED_EDGE ( 'NONE', *, *, #3330, .F. ) ;
#5428 = CARTESIAN_POINT ( 'NONE',  ( 0.000000000000000000, 0.000000000000000000, 0.000000000000000000 ) ) ;
#5429 = EDGE_LOOP ( 'NONE', ( #2643, #700 ) ) ;
#5430 = ORIENTED_EDGE ( 'NONE', *, *, #714, .F. ) ;
#5431 = CARTESIAN_POINT ( 'NONE',  ( -28.88773805367756609, -8.101107527506968609, -12.45249999999998103 ) ) ;
#5432 = DIRECTION ( 'NONE',  ( -1.000000000000000000, 0.000000000000000000, 0.000000000000000000 ) ) ;
#5433 = CARTESIAN_POINT ( 'NONE',  ( 0.000000000000000000, 0.000000000000000000, -10.07749999999998458 ) ) ;
#5434 = EDGE_CURVE ( 'NONE', #794, #5705, #3825, .T. ) ;
#5435 = LINE ( 'NONE', #1778, #4232 ) ;
#5436 = ORIENTED_EDGE ( 'NONE', *, *, #1632, .T. ) ;
#5437 = DIRECTION ( 'NONE',  ( -0.000000000000000000, -0.000000000000000000, -1.000000000000000000 ) ) ;
#5438 = CYLINDRICAL_SURFACE ( 'NONE', #2218, 34.00000000000000000 ) ;
#5439 = CARTESIAN_POINT ( 'NONE',  ( -4.521494675366495741, -28.45601519290231707, -13.37656623630408959 ) ) ;
#5440 = EDGE_CURVE ( 'NONE', #5653, #794, #1028, .T. ) ;
#5441 = CARTESIAN_POINT ( 'NONE',  ( 5.509104889761179180, -34.87692307692308447, 17.95250000000002544 ) ) ;
#5442 = VERTEX_POINT ( 'NONE', #2001 ) ;
#5443 = FACE_OUTER_BOUND ( 'NONE', #1638, .T. ) ;
#5444 = CIRCLE ( 'NONE', #54, 2.552699999999992642 ) ;
#5445 = VECTOR ( 'NONE', #5272, 1000.000000000000000 ) ;
#5446 = EDGE_CURVE ( 'NONE', #933, #5219, #3916, .T. ) ;
#5447 = CYLINDRICAL_SURFACE ( 'NONE', #3793, 3.000000000000002665 ) ;
#5448 = AXIS2_PLACEMENT_3D ( 'NONE', #921, #1775, #1747 ) ;
#5449 = CARTESIAN_POINT ( 'NONE',  ( -22.67787954828310504, 13.77434160219648973, -15.14917360771941901 ) ) ;
#5450 = CIRCLE ( 'NONE', #3040, 8.000000000000000000 ) ;
#5451 = CARTESIAN_POINT ( 'NONE',  ( -32.49790567597337088, -9.994304711961625287, 6.250000000000004441 ) ) ;
#5452 = EDGE_CURVE ( 'NONE', #1892, #5744, #5672, .T. ) ;
#5453 = AXIS2_PLACEMENT_3D ( 'NONE', #4026, #2313, #3210 ) ;
#5454 = FACE_OUTER_BOUND ( 'NONE', #5496, .T. ) ;
#5455 = B_SPLINE_CURVE_WITH_KNOTS ( 'NONE', 3,
 ( #5426, #864, #426, #2203, #1769, #4688, #1092, #2473, #2444, #1008, #1482, #3248, #2003, #1065, #689, #2844, #2035, #3715, #4598, #1537, #656, #196, #5028, #1120, #5486, #4656 ),
 .UNSPECIFIED., .F., .F.,
 ( 4, 2, 2, 2, 2, 2, 2, 2, 2, 2, 2, 2, 4 ),
 ( 0.002276879723715445093, 0.002859267328267099673, 0.003441654932818753818, 0.004606430141922071217, 0.005188817746473729266, 0.005771205351025386447, 0.006935980560128706882, 0.007518368164680361461, 0.008100755769232017775, 0.009265530978335321730, 0.009847918582886975442, 0.01043030618743863089, 0.01159508139654193831 ),
 .UNSPECIFIED. ) ;
#5456 = DIRECTION ( 'NONE',  ( 1.000000000000000000, 0.000000000000000000, 0.000000000000000000 ) ) ;
#5457 = DIRECTION ( 'NONE',  ( -1.000000000000000000, 0.000000000000000000, 0.000000000000000000 ) ) ;
#5458 = DIRECTION ( 'NONE',  ( 0.000000000000000000, 0.000000000000000000, -1.000000000000000000 ) ) ;
#5459 = EDGE_LOOP ( 'NONE', ( #2155, #4877, #784, #5621, #1708, #2343, #4697, #3552 ) ) ;
#5460 = CARTESIAN_POINT ( 'NONE',  ( 3.074167663915183368, 27.34438598390375930, -14.38425759198051068 ) ) ;
#5461 = VERTEX_POINT ( 'NONE', #1594 ) ;
#5462 = ORIENTED_EDGE ( 'NONE', *, *, #4429, .F. ) ;
#5463 = DIRECTION ( 'NONE',  ( -0.000000000000000000, -0.000000000000000000, 1.000000000000000000 ) ) ;
#5464 = CARTESIAN_POINT ( 'NONE',  ( 7.593631064265406572, -33.14116424116424042, 6.250000000000004441 ) ) ;
#5465 = B_SPLINE_CURVE_WITH_KNOTS ( 'NONE', 3,
 ( #4444, #4104, #27, #1335, #2727, #4940, #4882, #954, #4013, #4071, #84, #3665, #3137, #4911, #1454, #2331, #892, #1803, #114, #4418, #1861, #434, #3633, #3983, #1776, #3548 ),
 .UNSPECIFIED., .F., .F.,
 ( 4, 2, 2, 2, 2, 2, 2, 2, 2, 2, 2, 2, 4 ),
 ( 0.002276879723715536600, 0.002859267328267189011, 0.003441654932818841856, 0.004606430141922146677, 0.005188817746473797787, 0.005771205351025448897, 0.006935980560128751984, 0.007518368164680402227, 0.008100755769232054204, 0.009265530978335354689, 0.009847918582887003197, 0.01043030618743865170, 0.01159508139654194872 ),
 .UNSPECIFIED. ) ;
#5466 = EDGE_CURVE ( 'NONE', #2987, #3515, #4193, .T. ) ;
#5467 = DIRECTION ( 'NONE',  ( -1.000000000000000000, 0.000000000000000000, 0.000000000000000000 ) ) ;
#5468 = AXIS2_PLACEMENT_3D ( 'NONE', #4575, #4192, #2852 ) ;
#5469 = EDGE_LOOP ( 'NONE', ( #1956, #1044, #2975, #1569 ) ) ;
#5470 = EDGE_LOOP ( 'NONE', ( #300, #4169, #1423, #2922 ) ) ;
#5471 = CARTESIAN_POINT ( 'NONE',  ( -4.200100801819114721E-18, -32.50000000000000000, 17.95250000000002544 ) ) ;
#5472 = CARTESIAN_POINT ( 'NONE',  ( -17.50000000000000000, 2.143131898507868248E-15, -16.45250000000001123 ) ) ;
#5473 = DIRECTION ( 'NONE',  ( -1.000000000000000000, 0.000000000000000000, 0.000000000000000000 ) ) ;
#5474 = PLANE ( 'NONE',  #3934 ) ;
#5475 = EDGE_LOOP ( 'NONE', ( #4543, #1124, #776, #4252 ) ) ;
#5476 = CARTESIAN_POINT ( 'NONE',  ( 24.49999999999999289, 0.1114829452725943498, -16.73027777777775071 ) ) ;
#5477 = LINE ( 'NONE', #3303, #4624 ) ;
#5478 = EDGE_CURVE ( 'NONE', #4645, #4536, #1770, .T. ) ;
#5479 = CIRCLE ( 'NONE', #3721, 29.39999999999999503 ) ;
#5480 = EDGE_CURVE ( 'NONE', #2834, #1771, #5577, .T. ) ;
#5481 = CARTESIAN_POINT ( 'NONE',  ( -22.14582562299419521, -16.25000000000012790, -6.249999999999993783 ) ) ;
#5482 = DIRECTION ( 'NONE',  ( 0.000000000000000000, 0.000000000000000000, -1.000000000000000000 ) ) ;
#5483 = LINE ( 'NONE', #1003, #2623 ) ;
#5484 = CIRCLE ( 'NONE', #5294, 19.40000000000001279 ) ;
#5485 = CARTESIAN_POINT ( 'NONE',  ( -8.263657334641768770, -36.06538461538462315, 6.250000000000003553 ) ) ;
#5486 = CARTESIAN_POINT ( 'NONE',  ( 26.00558660759275043, 10.63448254005641047, -13.93406334752093301 ) ) ;
#5487 = ORIENTED_EDGE ( 'NONE', *, *, #1472, .F. ) ;
#5488 = CARTESIAN_POINT ( 'NONE',  ( 2.430787559967269029, 27.01127130130081255, -14.69256639169085510 ) ) ;
#5489 = ORIENTED_EDGE ( 'NONE', *, *, #3209, .T. ) ;
#5490 = ORIENTED_EDGE ( 'NONE', *, *, #965, .F. ) ;
#5491 = DIRECTION ( 'NONE',  ( -1.000000000000000000, 0.000000000000000000, 0.000000000000000000 ) ) ;
#5492 = DIRECTION ( 'NONE',  ( 0.000000000000000000, 0.000000000000000000, -1.000000000000000000 ) ) ;
#5493 = DIRECTION ( 'NONE',  ( -1.000000000000000000, 0.000000000000000000, 0.000000000000000000 ) ) ;
#5494 = EDGE_CURVE ( 'NONE', #2971, #4329, #4, .T. ) ;
#5495 = AXIS2_PLACEMENT_3D ( 'NONE', #423, #5280, #1298 ) ;
#5496 = EDGE_LOOP ( 'NONE', ( #237, #2826, #3942, #449 ) ) ;
#5497 = ORIENTED_EDGE ( 'NONE', *, *, #4135, .F. ) ;
#5498 = ORIENTED_EDGE ( 'NONE', *, *, #2520, .T. ) ;
#5499 = VECTOR ( 'NONE', #4186, 1000.000000000000000 ) ;
#5500 = DIRECTION ( 'NONE',  ( 1.000000000000000000, 0.000000000000000000, 0.000000000000000000 ) ) ;
#5501 = DIRECTION ( 'NONE',  ( 0.000000000000000000, 0.000000000000000000, 1.000000000000000000 ) ) ;
#5502 = EDGE_CURVE ( 'NONE', #35, #4016, #1500, .T. ) ;
#5503 = CYLINDRICAL_SURFACE ( 'NONE', #859, 2.999999999999999112 ) ;
#5504 = ORIENTED_EDGE ( 'NONE', *, *, #2053, .T. ) ;
#5505 = CIRCLE ( 'NONE', #1986, 30.00000000000000355 ) ;
#5506 = CARTESIAN_POINT ( 'NONE',  ( 27.44974894557051925, 22.20948632510780030, -23.22056274847715684 ) ) ;
#5507 = DIRECTION ( 'NONE',  ( 0.000000000000000000, 0.000000000000000000, -1.000000000000000000 ) ) ;
#5508 = DIRECTION ( 'NONE',  ( -1.000000000000000000, 0.000000000000000000, 0.000000000000000000 ) ) ;
#5509 = FACE_OUTER_BOUND ( 'NONE', #2556, .T. ) ;
#5510 = CARTESIAN_POINT ( 'NONE',  ( -4.043244859525925605, 28.06692307692307864, -13.73065561476729535 ) ) ;
#5511 = CARTESIAN_POINT ( 'NONE',  ( 0.000000000000000000, 0.000000000000000000, 19.45250000000001123 ) ) ;
#5512 = DIRECTION ( 'NONE',  ( 1.000000000000000000, 0.000000000000000000, 0.000000000000000000 ) ) ;
#5513 = DIRECTION ( 'NONE',  ( -0.000000000000000000, -0.000000000000000000, 1.000000000000000000 ) ) ;
#5514 = VERTEX_POINT ( 'NONE', #4711 ) ;
#5515 = CARTESIAN_POINT ( 'NONE',  ( -1.544189061540091723, 26.69899590541491463, -14.98570644459168832 ) ) ;
#5516 = EDGE_LOOP ( 'NONE', ( #3859, #2545 ) ) ;
#5517 = ORIENTED_EDGE ( 'NONE', *, *, #4062, .T. ) ;
#5518 = AXIS2_PLACEMENT_3D ( 'NONE', #3608, #897, #2731 ) ;
#5519 = CARTESIAN_POINT ( 'NONE',  ( 0.000000000000000000, 23.00000000000000000, -10.07749999999998458 ) ) ;
#5520 = DIRECTION ( 'NONE',  ( 1.000000000000000000, 0.000000000000000000, 0.000000000000000000 ) ) ;
#5521 = EDGE_CURVE ( 'NONE', #1405, #2514, #384, .T. ) ;
#5522 = DIRECTION ( 'NONE',  ( 1.000000000000000000, 0.000000000000000000, 0.000000000000000000 ) ) ;
#5523 = AXIS2_PLACEMENT_3D ( 'NONE', #4959, #1883, #72 ) ;
#5524 = ORIENTED_EDGE ( 'NONE', *, *, #3068, .F. ) ;
#5525 = ORIENTED_EDGE ( 'NONE', *, *, #2609, .T. ) ;
#5526 = AXIS2_PLACEMENT_3D ( 'NONE', #4277, #2073, #377 ) ;
#5527 = ORIENTED_EDGE ( 'NONE', *, *, #2460, .F. ) ;
#5528 = ORIENTED_EDGE ( 'NONE', *, *, #424, .F. ) ;
#5529 = CARTESIAN_POINT ( 'NONE',  ( -7.258617929077224140, 31.67905405405406327, 19.45250000000001123 ) ) ;
#5530 = CARTESIAN_POINT ( 'NONE',  ( -1.500000000000000444, -23.00000000000000000, -17.85894133304158515 ) ) ;
#5531 = EDGE_CURVE ( 'NONE', #4415, #454, #4456, .T. ) ;
#5532 = DIRECTION ( 'NONE',  ( 1.000000000000000000, 0.000000000000000000, 0.000000000000000000 ) ) ;
#5533 = ORIENTED_EDGE ( 'NONE', *, *, #4445, .T. ) ;
#5534 = CARTESIAN_POINT ( 'NONE',  ( -13.68566768557530189, -35.45000000000000995, 0.000000000000000000 ) ) ;
#5535 = DIRECTION ( 'NONE',  ( 0.000000000000000000, 0.000000000000000000, -1.000000000000000000 ) ) ;
#5536 = EDGE_CURVE ( 'NONE', #3003, #5205, #5675, .T. ) ;
#5537 = DIRECTION ( 'NONE',  ( 1.000000000000000000, 0.000000000000000000, 0.000000000000000000 ) ) ;
#5538 = EDGE_CURVE ( 'NONE', #4281, #889, #3259, .T. ) ;
#5539 = CIRCLE ( 'NONE', #3964, 30.00000000000000355 ) ;
#5540 = CARTESIAN_POINT ( 'NONE',  ( 0.000000000000000000, 0.000000000000000000, 0.000000000000000000 ) ) ;
#5541 = CARTESIAN_POINT ( 'NONE',  ( -0.8340779393460773239, -21.73549842602382043, -18.86863583903496533 ) ) ;
#5542 = CARTESIAN_POINT ( 'NONE',  ( 7.775470883703910374, -28.97485207100586280, -12.45249999999997748 ) ) ;
#5543 = AXIS2_PLACEMENT_3D ( 'NONE', #1476, #2468, #5107 ) ;
#5544 = VECTOR ( 'NONE', #2631, 1000.000000000000000 ) ;
#5545 = CARTESIAN_POINT ( 'NONE',  ( 0.000000000000000000, -24.50000000000000355, -10.07749999999998458 ) ) ;
#5546 = EDGE_LOOP ( 'NONE', ( #3134, #2367, #3696, #994, #1073, #3431, #4724, #1541 ) ) ;
#5547 = DIRECTION ( 'NONE',  ( 1.000000000000000000, 0.000000000000000000, 0.000000000000000000 ) ) ;
#5548 = VERTEX_POINT ( 'NONE', #3911 ) ;
#5549 = ORIENTED_EDGE ( 'NONE', *, *, #3042, .F. ) ;
#5550 = DIRECTION ( 'NONE',  ( -0.000000000000000000, -0.000000000000000000, -1.000000000000000000 ) ) ;
#5551 = CARTESIAN_POINT ( 'NONE',  ( -4.200100801819114721E-18, -32.50000000000000000, -6.249999999999992006 ) ) ;
#5552 = LINE ( 'NONE', #1572, #2873 ) ;
#5553 = AXIS2_PLACEMENT_3D ( 'NONE', #3270, #5048, #1142 ) ;
#5554 = ORIENTED_EDGE ( 'NONE', *, *, #3868, .F. ) ;
#5555 = ORIENTED_EDGE ( 'NONE', *, *, #3815, .T. ) ;
#5556 = ORIENTED_EDGE ( 'NONE', *, *, #1053, .T. ) ;
#5557 = VERTEX_POINT ( 'NONE', #2165 ) ;
#5558 = ORIENTED_EDGE ( 'NONE', *, *, #5623, .T. ) ;
#5559 = ADVANCED_FACE ( 'NONE', ( #1312 ), #3496, .T. ) ;
#5560 = LINE ( 'NONE', #5206, #986 ) ;
#5561 = CARTESIAN_POINT ( 'NONE',  ( 0.9850244701028986194, -24.13575058682385688, -16.99806616268168824 ) ) ;
#5562 = DIRECTION ( 'NONE',  ( 0.000000000000000000, 0.000000000000000000, -1.000000000000000000 ) ) ;
#5563 = LINE ( 'NONE', #4146, #1419 ) ;
#5564 = ORIENTED_EDGE ( 'NONE', *, *, #4812, .T. ) ;
#5565 = CARTESIAN_POINT ( 'NONE',  ( 29.54343440694599821, -5.872864116540006840, -6.249999999999993783 ) ) ;
#5566 = DIRECTION ( 'NONE',  ( -1.000000000000000000, 0.000000000000000000, 0.000000000000000000 ) ) ;
#5567 = EDGE_CURVE ( 'NONE', #2206, #406, #4021, .T. ) ;
#5568 = CYLINDRICAL_SURFACE ( 'NONE', #1652, 30.00000000000000355 ) ;
#5569 = ORIENTED_EDGE ( 'NONE', *, *, #3002, .F. ) ;
#5570 = EDGE_CURVE ( 'NONE', #1405, #5166, #3806, .T. ) ;
#5571 = DIRECTION ( 'NONE',  ( 1.000000000000000000, 0.000000000000000000, 0.000000000000000000 ) ) ;
#5572 = CARTESIAN_POINT ( 'NONE',  ( -21.20522252253546824, 21.22118134717656801, -6.249999999999993783 ) ) ;
#5573 = CARTESIAN_POINT ( 'NONE',  ( 1.500000000000000444, -23.00000000000000000, -20.95249999999998991 ) ) ;
#5574 = CYLINDRICAL_SURFACE ( 'NONE', #2998, 19.00000000000000000 ) ;
#5575 = ORIENTED_EDGE ( 'NONE', *, *, #2394, .T. ) ;
#5576 = ORIENTED_EDGE ( 'NONE', *, *, #2086, .T. ) ;
#5577 = CIRCLE ( 'NONE', #2529, 34.00000000000000000 ) ;
#5578 = CARTESIAN_POINT ( 'NONE',  ( 21.20522252253493178, 21.22118134717710092, 0.000000000000000000 ) ) ;
#5579 = EDGE_CURVE ( 'NONE', #5461, #5198, #4835, .T. ) ;
#5580 = CARTESIAN_POINT ( 'NONE',  ( -26.32829082044201030, -10.53190877639136680, -6.249999999999993783 ) ) ;
#5581 = VECTOR ( 'NONE', #3519, 1000.000000000000000 ) ;
#5582 = EDGE_CURVE ( 'NONE', #3967, #3628, #2649, .T. ) ;
#5583 = VERTEX_POINT ( 'NONE', #5572 ) ;
#5584 = ORIENTED_EDGE ( 'NONE', *, *, #2375, .F. ) ;
#5585 = ORIENTED_EDGE ( 'NONE', *, *, #936, .T. ) ;
#5586 = ORIENTED_EDGE ( 'NONE', *, *, #4555, .T. ) ;
#5587 = ORIENTED_EDGE ( 'NONE', *, *, #559, .F. ) ;
#5588 = DIRECTION ( 'NONE',  ( 0.000000000000000000, 0.000000000000000000, -1.000000000000000000 ) ) ;
#5589 = CARTESIAN_POINT ( 'NONE',  ( -0.2175773209414859077, -24.50065899754862642, -16.72979660483956721 ) ) ;
#5590 = AXIS2_PLACEMENT_3D ( 'NONE', #3101, #3155, #2321 ) ;
#5591 = EDGE_CURVE ( 'NONE', #1980, #2701, #4754, .T. ) ;
#5592 = EDGE_CURVE ( 'NONE', #3310, #3063, #5209, .T. ) ;
#5593 = LINE ( 'NONE', #5240, #5227 ) ;
#5594 = ORIENTED_EDGE ( 'NONE', *, *, #2681, .F. ) ;
#5595 = AXIS2_PLACEMENT_3D ( 'NONE', #5311, #483, #48 ) ;
#5596 = CARTESIAN_POINT ( 'NONE',  ( -22.28504596091605450, -17.53501430053193388, -20.95249999999998991 ) ) ;
#5597 = CARTESIAN_POINT ( 'NONE',  ( 24.13394539885381462, 0.9871914218134655306, -16.99940194546853434 ) ) ;
#5598 = EDGE_CURVE ( 'NONE', #4240, #699, #32, .T. ) ;
#5599 = APPLICATION_CONTEXT ( 'automotive_design' ) ;
#5600 = DIRECTION ( 'NONE',  ( -0.000000000000000000, -0.000000000000000000, 1.000000000000000000 ) ) ;
#5601 = VERTEX_POINT ( 'NONE', #123 ) ;
#5602 = AXIS2_PLACEMENT_3D ( 'NONE', #190, #537, #221 ) ;
#5603 = CARTESIAN_POINT ( 'NONE',  ( 0.9931443063817917416, -21.85957683479394120, -18.76665882079583980 ) ) ;
#5604 = AXIS2_PLACEMENT_3D ( 'NONE', #2247, #4022, #1812 ) ;
#5605 = EDGE_CURVE ( 'NONE', #2856, #2309, #5387, .T. ) ;
#5606 = LINE ( 'NONE', #2533, #2540 ) ;
#5607 = DIRECTION ( 'NONE',  ( -0.000000000000000000, -0.000000000000000000, -1.000000000000000000 ) ) ;
#5608 = VERTEX_POINT ( 'NONE', #1904 ) ;
#5609 = DIRECTION ( 'NONE',  ( 0.000000000000000000, 0.000000000000000000, 1.000000000000000000 ) ) ;
#5610 = DIRECTION ( 'NONE',  ( -0.000000000000000000, -0.000000000000000000, 1.000000000000000000 ) ) ;
#5611 = AXIS2_PLACEMENT_3D ( 'NONE', #2124, #3896, #3975 ) ;
#5612 = VERTEX_POINT ( 'NONE', #4483 ) ;
#5613 = FACE_OUTER_BOUND ( 'NONE', #5136, .T. ) ;
#5614 = ORIENTED_EDGE ( 'NONE', *, *, #5725, .F. ) ;
#5615 = VERTEX_POINT ( 'NONE', #1932 ) ;
#5616 = VERTEX_POINT ( 'NONE', #990 ) ;
#5617 = CARTESIAN_POINT ( 'NONE',  ( -23.88853197398948325, -12.01902034247254214, -14.98705974514738415 ) ) ;
#5618 = CIRCLE ( 'NONE', #1907, 30.00000000000000355 ) ;
#5619 = CARTESIAN_POINT ( 'NONE',  ( -35.36536794150043050, 10.87615512772294402, 19.45250000000001123 ) ) ;
#5620 = DIRECTION ( 'NONE',  ( 0.000000000000000000, 0.000000000000000000, 1.000000000000000000 ) ) ;
#5621 = ORIENTED_EDGE ( 'NONE', *, *, #3968, .T. ) ;
#5622 = CARTESIAN_POINT ( 'NONE',  ( -30.00000000000000355, 3.673940397442059178E-15, -12.45249999999997748 ) ) ;
#5623 = EDGE_CURVE ( 'NONE', #3326, #5615, #4374, .T. ) ;
#5624 = DIRECTION ( 'NONE',  ( -1.000000000000000000, 0.000000000000000000, 0.000000000000000000 ) ) ;
#5625 = EDGE_CURVE ( 'NONE', #4777, #5362, #2608, .T. ) ;
#5626 = DIRECTION ( 'NONE',  ( -0.000000000000000000, -0.000000000000000000, 1.000000000000000000 ) ) ;
#5627 = ORIENTED_EDGE ( 'NONE', *, *, #3463, .T. ) ;
#5628 = ORIENTED_EDGE ( 'NONE', *, *, #2322, .F. ) ;
#5629 = CARTESIAN_POINT ( 'NONE',  ( 0.8296846617117823453, -21.73237475491360371, -18.87120598827717899 ) ) ;
#5630 = EDGE_CURVE ( 'NONE', #3223, #3546, #292, .T. ) ;
#5631 = DIRECTION ( 'NONE',  ( -0.000000000000000000, -0.000000000000000000, 1.000000000000000000 ) ) ;
#5632 = CARTESIAN_POINT ( 'NONE',  ( -24.50000000000000355, 0.000000000000000000, -10.07749999999998458 ) ) ;
#5633 = ORIENTED_EDGE ( 'NONE', *, *, #313, .T. ) ;
#5634 = CYLINDRICAL_SURFACE ( 'NONE', #4399, 6.000000000000000888 ) ;
#5635 = CIRCLE ( 'NONE', #4424, 30.00000000000000355 ) ;
#5636 = CARTESIAN_POINT ( 'NONE',  ( 22.63287619188702138, -1.465195946369971969, -18.14568404946599145 ) ) ;
#5637 = AXIS2_PLACEMENT_3D ( 'NONE', #2742, #2281, #3704 ) ;
#5638 = AXIS2_PLACEMENT_3D ( 'NONE', #2959, #3396, #2838 ) ;
#5639 = CONICAL_SURFACE ( 'NONE', #2765, 2.552699999999994418, 1.029744258676652535 ) ;
#5640 = ORIENTED_EDGE ( 'NONE', *, *, #832, .T. ) ;
#5641 = DIRECTION ( 'NONE',  ( -0.000000000000000000, -0.000000000000000000, 1.000000000000000000 ) ) ;
#5642 = ORIENTED_EDGE ( 'NONE', *, *, #402, .F. ) ;
#5643 = CONICAL_SURFACE ( 'NONE', #5356, 4.499999999999997335, 0.7853981633974506105 ) ;
#5644 = ORIENTED_EDGE ( 'NONE', *, *, #1006, .T. ) ;
#5645 = ORIENTED_EDGE ( 'NONE', *, *, #3773, .T. ) ;
#5646 = CARTESIAN_POINT ( 'NONE',  ( -24.99466155273984924, -11.13471880708796924, -14.50477092348424968 ) ) ;
#5647 = DIRECTION ( 'NONE',  ( 1.000000000000000000, 0.000000000000000000, 0.000000000000000000 ) ) ;
#5648 = CARTESIAN_POINT ( 'NONE',  ( 0.9897249330192851025, 24.14369687596850156, -16.99192764090490826 ) ) ;
#5649 = ORIENTED_EDGE ( 'NONE', *, *, #5735, .F. ) ;
#5650 = CARTESIAN_POINT ( 'NONE',  ( 24.50000000000000000, 0.000000000000000000, 11.45250000000002011 ) ) ;
#5651 = CARTESIAN_POINT ( 'NONE',  ( -22.35501353115575895, 18.88843249576477135, -13.02375758767794345 ) ) ;
#5652 = DIRECTION ( 'NONE',  ( -0.000000000000000000, -0.000000000000000000, -1.000000000000000000 ) ) ;
#5653 = VERTEX_POINT ( 'NONE', #2770 ) ;
#5654 = ORIENTED_EDGE ( 'NONE', *, *, #240, .F. ) ;
#5655 = EDGE_CURVE ( 'NONE', #4493, #515, #3885, .T. ) ;
#5656 = LINE ( 'NONE', #3917, #3695 ) ;
#5657 = AXIS2_PLACEMENT_3D ( 'NONE', #781, #1635, #3407 ) ;
#5658 = ADVANCED_FACE ( 'NONE', ( #4546 ), #1372, .F. ) ;
#5659 = CARTESIAN_POINT ( 'NONE',  ( 0.000000000000000000, 0.000000000000000000, 17.95250000000002544 ) ) ;
#5660 = DIRECTION ( 'NONE',  ( -1.000000000000000000, 0.000000000000000000, 0.000000000000000000 ) ) ;
#5661 = ORIENTED_EDGE ( 'NONE', *, *, #3258, .F. ) ;
#5662 = DIRECTION ( 'NONE',  ( -0.000000000000000000, -0.000000000000000000, -1.000000000000000000 ) ) ;
#5663 = DIRECTION ( 'NONE',  ( 0.000000000000000000, 0.000000000000000000, 1.000000000000000000 ) ) ;
#5664 = EDGE_CURVE ( 'NONE', #3160, #3630, #4922, .T. ) ;
#5665 = ORIENTED_EDGE ( 'NONE', *, *, #2520, .F. ) ;
#5666 = CARTESIAN_POINT ( 'NONE',  ( 27.50000000000000355, 0.000000000000000000, 0.000000000000000000 ) ) ;
#5667 = ORIENTED_EDGE ( 'NONE', *, *, #4109, .F. ) ;
#5668 = ORIENTED_EDGE ( 'NONE', *, *, #1191, .F. ) ;
#5669 = ORIENTED_EDGE ( 'NONE', *, *, #2920, .F. ) ;
#5670 = CARTESIAN_POINT ( 'NONE',  ( -28.98069340623915124, 7.753670723829241496, -12.45249999999997748 ) ) ;
#5671 = LINE ( 'NONE', #840, #3072 ) ;
#5672 = CIRCLE ( 'NONE', #5116, 19.00000000000000000 ) ;
#5673 = DIRECTION ( 'NONE',  ( 0.000000000000000000, 0.000000000000000000, -1.000000000000000000 ) ) ;
#5674 = AXIS2_PLACEMENT_3D ( 'NONE', #3730, #4172, #4143 ) ;
#5675 = LINE ( 'NONE', #1726, #1864 ) ;
#5676 = CARTESIAN_POINT ( 'NONE',  ( 26.30808609372702023, -21.96162966433999131, -6.249999999999992006 ) ) ;
#5677 = AXIS2_PLACEMENT_3D ( 'NONE', #1795, #3568, #914 ) ;
#5678 = CARTESIAN_POINT ( 'NONE',  ( 17.50000000000000355, 0.000000000000000000, -10.07749999999998458 ) ) ;
#5679 = VERTEX_POINT ( 'NONE', #4144 ) ;
#5680 = ORIENTED_EDGE ( 'NONE', *, *, #4833, .T. ) ;
#5681 = VECTOR ( 'NONE', #1331, 1000.000000000000000 ) ;
#5682 = EDGE_CURVE ( 'NONE', #4160, #5290, #465, .T. ) ;
#5683 = DIRECTION ( 'NONE',  ( -1.000000000000000000, 0.000000000000000000, 0.000000000000000000 ) ) ;
#5684 = CIRCLE ( 'NONE', #1790, 29.00000000000000000 ) ;
#5685 = CARTESIAN_POINT ( 'NONE',  ( 4.043244859525934487, 28.06692307692307864, -6.249999999999993783 ) ) ;
#5686 = CARTESIAN_POINT ( 'NONE',  ( 18.83507899055581092, 23.35037043431052339, -6.249999999999993783 ) ) ;
#5687 = CIRCLE ( 'NONE', #588, 8.000000000000000000 ) ;
#5688 = ORIENTED_EDGE ( 'NONE', *, *, #5567, .F. ) ;
#5689 = CARTESIAN_POINT ( 'NONE',  ( 28.14582562299426627, -16.24999999999999289, 12.06000000000000583 ) ) ;
#5690 = CARTESIAN_POINT ( 'NONE',  ( 24.50000000000000711, -0.1112406542131880310, -16.73027777777776137 ) ) ;
#5691 = LINE ( 'NONE', #5666, #2377 ) ;
#5692 = EDGE_LOOP ( 'NONE', ( #3584, #1132, #1667, #290 ) ) ;
#5693 = EDGE_CURVE ( 'NONE', #4550, #1512, #563, .T. ) ;
#5694 = ORIENTED_EDGE ( 'NONE', *, *, #1894, .T. ) ;
#5695 = ORIENTED_EDGE ( 'NONE', *, *, #3596, .F. ) ;
#5696 = CARTESIAN_POINT ( 'NONE',  ( -7.593631064265403019, 33.14116424116424753, 6.250000000000004441 ) ) ;
#5697 = CARTESIAN_POINT ( 'NONE',  ( 26.32829082044214175, -10.53190877639100265, -20.95249999999998991 ) ) ;
#5698 = CARTESIAN_POINT ( 'NONE',  ( 1.500000000000000666, 23.17466600160935286, -17.72337798889026317 ) ) ;
#5699 = AXIS2_PLACEMENT_3D ( 'NONE', #3127, #450, #19 ) ;
#5700 = ADVANCED_FACE ( 'NONE', ( #4514 ), #2245, .T. ) ;
#5701 = DIRECTION ( 'NONE',  ( 0.000000000000000000, 0.000000000000000000, -1.000000000000000000 ) ) ;
#5702 = DIRECTION ( 'NONE',  ( -0.000000000000000000, -0.000000000000000000, 1.000000000000000000 ) ) ;
#5703 = DIRECTION ( 'NONE',  ( -0.000000000000000000, -0.000000000000000000, 1.000000000000000000 ) ) ;
#5704 = LINE ( 'NONE', #415, #5445 ) ;
#5705 = VERTEX_POINT ( 'NONE', #4917 ) ;
#5706 = VECTOR ( 'NONE', #3487, 1000.000000000000000 ) ;
#5707 = EDGE_CURVE ( 'NONE', #5232, #3063, #4019, .T. ) ;
#5708 = DIRECTION ( 'NONE',  ( 1.000000000000000000, 0.000000000000000000, 0.000000000000000000 ) ) ;
#5709 = DIRECTION ( 'NONE',  ( -0.000000000000000000, -0.000000000000000000, 1.000000000000000000 ) ) ;
#5710 = DIRECTION ( 'NONE',  ( 1.000000000000000000, 0.000000000000000000, 0.000000000000000000 ) ) ;
#5711 = ORIENTED_EDGE ( 'NONE', *, *, #4822, .F. ) ;
#5712 = LINE ( 'NONE', #1737, #1804 ) ;
#5713 = CARTESIAN_POINT ( 'NONE',  ( 0.000000000000000000, 0.000000000000000000, -16.95249999999998636 ) ) ;
#5714 = CARTESIAN_POINT ( 'NONE',  ( -37.54343440694599821, 5.872864116540021051, -6.249999999999993783 ) ) ;
#5715 = CIRCLE ( 'NONE', #798, 6.000000000000000000 ) ;
#5716 = ORIENTED_EDGE ( 'NONE', *, *, #5413, .T. ) ;
#5717 = ORIENTED_EDGE ( 'NONE', *, *, #4139, .T. ) ;
#5718 = VERTEX_POINT ( 'NONE', #3203 ) ;
#5719 = CARTESIAN_POINT ( 'NONE',  ( 22.17705335545653966, -15.61075942878504286, -14.69256639169085688 ) ) ;
#5721 = VECTOR ( 'NONE', #4340, 1000.000000000000114 ) ;
#5720 = CARTESIAN_POINT ( 'NONE',  ( -21.93328299789297020, -20.23280112395013575, -12.57719980360249323 ) ) ;
#5722 = DIRECTION ( 'NONE',  ( 0.7071067811865567876, 8.659560562355047490E-17, -0.7071067811865383579 ) ) ;
#5723 = AXIS2_PLACEMENT_3D ( 'NONE', #2390, #3224, #578 ) ;
#5724 = CIRCLE ( 'NONE', #3969, 8.000000000000001776 ) ;
#5725 = EDGE_CURVE ( 'NONE', #3630, #3160, #834, .T. ) ;
#5726 = EDGE_LOOP ( 'NONE', ( #4323, #2912, #4725 ) ) ;
#5727 = CIRCLE ( 'NONE', #4527, 1.500000000000000444 ) ;
#5728 = DIRECTION ( 'NONE',  ( 1.000000000000000000, 0.000000000000000000, 0.000000000000000000 ) ) ;
#5729 = EDGE_CURVE ( 'NONE', #1512, #691, #306, .T. ) ;
#5730 = CARTESIAN_POINT ( 'NONE',  ( 0.000000000000000000, 0.000000000000000000, -16.95249999999998636 ) ) ;
#5731 = EDGE_CURVE ( 'NONE', #691, #2971, #4094, .T. ) ;
#5732 = DIRECTION ( 'NONE',  ( -0.000000000000000000, -0.000000000000000000, -1.000000000000000000 ) ) ;
#5733 = ORIENTED_EDGE ( 'NONE', *, *, #4740, .F. ) ;
#5734 = CARTESIAN_POINT ( 'NONE',  ( 0.000000000000000000, 0.000000000000000000, -12.45249999999997748 ) ) ;
#5735 = EDGE_CURVE ( 'NONE', #5608, #5187, #275, .T. ) ;
#5736 = AXIS2_PLACEMENT_3D ( 'NONE', #4222, #1099, #2011 ) ;
#5737 = CARTESIAN_POINT ( 'NONE',  ( 37.54343440694599821, -5.872864116540006840, 6.250000000000003553 ) ) ;
#5738 = CARTESIAN_POINT ( 'NONE',  ( -28.14582562299428758, 16.24999999999993960, -6.249999999999993783 ) ) ;
#5739 = ORIENTED_EDGE ( 'NONE', *, *, #3140, .F. ) ;
#5740 = DIRECTION ( 'NONE',  ( -1.000000000000000000, 0.000000000000000000, 0.000000000000000000 ) ) ;
#5741 = CARTESIAN_POINT ( 'NONE',  ( -7.775470883703708758, 28.97485207100591964, -12.45249999999997748 ) ) ;
#5742 = AXIS2_PLACEMENT_3D ( 'NONE', #1019, #89, #2430 ) ;
#5743 = CARTESIAN_POINT ( 'NONE',  ( 26.30808609372702023, -21.96162966433999486, -23.22056274847715684 ) ) ;
#5744 = VERTEX_POINT ( 'NONE', #2831 ) ;
#5745 = LINE ( 'NONE', #3544, #5681 ) ;
#5746 = ORIENTED_EDGE ( 'NONE', *, *, #1081, .T. ) ;
#5747 = ORIENTED_EDGE ( 'NONE', *, *, #1034, .T. ) ;
#5748 = DIRECTION ( 'NONE',  ( 1.000000000000000000, 0.000000000000000000, 0.000000000000000000 ) ) ;
#5749 = CARTESIAN_POINT ( 'NONE',  ( -23.85776672137069454, 29.57713588346000222, 6.250000000000003553 ) ) ;
#5750 = CARTESIAN_POINT ( 'NONE',  ( -26.30808609372701667, 21.96162966434000552, -23.22056274847715684 ) ) ;
#5751 = ORIENTED_EDGE ( 'NONE', *, *, #370, .F. ) ;
ENDSEC;
END-ISO-10303-21;
