ISO-10303-21;
HEADER;
FILE_DESCRIPTION (( 'STEP AP214' ),
    '1' );
FILE_NAME ('SideArmorMountBlock.STEP',
    '2026-05-07T06:00:49',
    ( '' ),
    ( '' ),
    'SwSTEP 2.0',
    'SolidWorks 2024',
    '' );
FILE_SCHEMA (( 'AUTOMOTIVE_DESIGN' ));
ENDSEC;

DATA;
#1 = CARTESIAN_POINT ( 'NONE',  ( -6.375000000000000000, -4.072397285080363361, 1.117725554205064586 ) ) ;
#2 = AXIS2_PLACEMENT_3D ( 'NONE', #1050, #332, #1042 ) ;
#3 = CONICAL_SURFACE ( 'NONE', #906, 0.1004999999999996452, 1.029744258676646540 ) ;
#4 = LINE ( 'NONE', #260, #1438 ) ;
#5 = ORIENTED_EDGE ( 'NONE', *, *, #472, .T. ) ;
#6 = DIRECTION ( 'NONE',  ( 0.000000000000000000, -0.03432432496962165014, -0.9994107467479924622 ) ) ;
#7 = AXIS2_PLACEMENT_3D ( 'NONE', #1246, #145, #131 ) ;
#8 = VECTOR ( 'NONE', #1044, 39.37007874015748143 ) ;
#9 = ORIENTED_EDGE ( 'NONE', *, *, #1269, .T. ) ;
#10 = EDGE_CURVE ( 'NONE', #805, #920, #1016, .T. ) ;
#11 = DIRECTION ( 'NONE',  ( 1.000000000000000000, -0.000000000000000000, -0.000000000000000000 ) ) ;
#12 =( BOUNDED_CURVE ( )  B_SPLINE_CURVE ( 3, ( #360, #1034, #1164, #772 ),
 .UNSPECIFIED., .F., .F. ) 
 B_SPLINE_CURVE_WITH_KNOTS ( ( 4, 4 ),
 ( 0.9946979228056368472, 1.570796326794896780 ),
 .UNSPECIFIED. ) 
 CURVE ( )  GEOMETRIC_REPRESENTATION_ITEM ( )  RATIONAL_B_SPLINE_CURVE ( ( 1.000000000000000000, 0.9725332578914779313, 0.9725332578914779313, 1.000000000000000000 ) ) 
 REPRESENTATION_ITEM ( '' )  );
#13 = CARTESIAN_POINT ( 'NONE',  ( -7.674999999999999822, -3.751720248977667538, 1.106712041659497325 ) ) ;
#14 = ORIENTED_EDGE ( 'NONE', *, *, #1105, .F. ) ;
#15 = CYLINDRICAL_SURFACE ( 'NONE', #1358, 0.1004999999999996452 ) ;
#16 = ORIENTED_EDGE ( 'NONE', *, *, #604, .T. ) ;
#17 = DIRECTION ( 'NONE',  ( 0.000000000000000000, 0.9994107467479924622, -0.03432432496962202484 ) ) ;
#18 = EDGE_CURVE ( 'NONE', #256, #92, #1415, .T. ) ;
#19 = ADVANCED_FACE ( 'NONE', ( #275 ), #1166, .F. ) ;
#20 = CARTESIAN_POINT ( 'NONE',  ( -7.042604796239351650, -2.717199235027105253, 0.3597579026848120587 ) ) ;
#21 = VERTEX_POINT ( 'NONE', #785 ) ;
#22 = CARTESIAN_POINT ( 'NONE',  ( -7.674999999999999822, -3.878613937373193377, 1.111070149886024483 ) ) ;
#23 = VERTEX_POINT ( 'NONE', #175 ) ;
#24 = LINE ( 'NONE', #505, #310 ) ;
#25 = CARTESIAN_POINT ( 'NONE',  ( -7.032480314960629642, -2.717099384820387264, 0.3531736687977195532 ) ) ;
#26 = EDGE_CURVE ( 'NONE', #21, #1184, #53, .T. ) ;
#27 = CARTESIAN_POINT ( 'NONE',  ( -6.883027985767038004, -4.098686779333679198, 0.3371946645987333180 ) ) ;
#28 = AXIS2_PLACEMENT_3D ( 'NONE', #1278, #651, #1519 ) ;
#29 = ORIENTED_EDGE ( 'NONE', *, *, #1219, .F. ) ;
#30 = FACE_OUTER_BOUND ( 'NONE', #50, .T. ) ;
#31 = VECTOR ( 'NONE', #336, 39.37007874015748143 ) ;
#32 = ORIENTED_EDGE ( 'NONE', *, *, #357, .F. ) ;
#33 = DIRECTION ( 'NONE',  ( 0.06429045611998360221, 0.9973431944968325080, -0.03425331579187224779 ) ) ;
#34 = B_SPLINE_CURVE_WITH_KNOTS ( 'NONE', 3,
 ( #1067, #94, #595, #1214, #808, #815, #111, #822, #1569, #1223, #1319, #1452, #943, #1478, #77, #204, #1077, #326, #199, #691 ),
 .UNSPECIFIED., .F., .F.,
 ( 4, 2, 2, 2, 2, 2, 2, 2, 2, 4 ),
 ( -1.593738235252668806E-05, 0.0005095903015975048692, 0.001035117985547536271, 0.002086173353447599507, 0.003137228721347662310, 0.004188284089247725113, 0.005239339457147788350, 0.006290394825047850719, 0.007341450192947913955, 0.008392505560847977192 ),
 .UNSPECIFIED. ) ;
#35 = VECTOR ( 'NONE', #113, 39.37007874015748143 ) ;
#36 = CARTESIAN_POINT ( 'NONE',  ( -7.674999999999999822, -3.751720248977667538, 1.106712041659497325 ) ) ;
#37 = CARTESIAN_POINT ( 'NONE',  ( -6.375000000000000000, -3.270677038116681423, 0.5461694692302064835 ) ) ;
#38 = EDGE_CURVE ( 'NONE', #817, #532, #958, .T. ) ;
#39 = ORIENTED_EDGE ( 'NONE', *, *, #1139, .T. ) ;
#40 = CARTESIAN_POINT ( 'NONE',  ( -7.277644166318085972, -2.729383650444475951, 0.4461362413850831765 ) ) ;
#41 = ORIENTED_EDGE ( 'NONE', *, *, #744, .T. ) ;
#42 = DIRECTION ( 'NONE',  ( 1.000000000000000000, -0.000000000000000000, -0.000000000000000000 ) ) ;
#43 = DIRECTION ( 'NONE',  ( 0.000000000000000000, -0.9994107467479924622, 0.03432432496962223301 ) ) ;
#44 = CARTESIAN_POINT ( 'NONE',  ( -7.974999999999999645, -3.767298732423947527, 1.107247077859661921 ) ) ;
#45 = ORIENTED_EDGE ( 'NONE', *, *, #821, .F. ) ;
#46 = CARTESIAN_POINT ( 'NONE',  ( -7.277644166318103736, -3.801507488729270356, 0.9508487971717585197 ) ) ;
#47 = ORIENTED_EDGE ( 'NONE', *, *, #1390, .T. ) ;
#48 = LENGTH_MEASURE_WITH_UNIT ( LENGTH_MEASURE( 0.02539999999999999897 ), #681 );
#49 = EDGE_CURVE ( 'NONE', #1392, #1259, #1321, .T. ) ;
#50 = EDGE_LOOP ( 'NONE', ( #762, #364, #442, #219, #606, #989 ) ) ;
#51 = CARTESIAN_POINT ( 'NONE',  ( -6.875995549104822580, -2.856309238417310770, 0.2932696804476265795 ) ) ;
#52 = CARTESIAN_POINT ( 'NONE',  ( -6.375000000000000000, -2.458659493662112894, 0.2744366082797467521 ) ) ;
#53 = LINE ( 'NONE', #540, #959 ) ;
#54 = CARTESIAN_POINT ( 'NONE',  ( -7.974819137303581940, -3.794859253217971240, 0.6244102856032309745 ) ) ;
#55 = CLOSED_SHELL ( 'NONE', ( #979, #874, #793, #1421, #773, #764, #692, #1603, #947, #957, #129, #1575, #324, #19, #737, #993, #1102, #527, #1170, #299, #375, #596, #1169, #1083, #916, #1463, #302, #982, #1473, #155, #1003, #644, #225, #968, #489, #576, #806, #1022, #402, #1320, #382, #1300, #886, #1339, #235, #58 ) ) ;
#56 = VERTEX_POINT ( 'NONE', #1315 ) ;
#57 = CYLINDRICAL_SURFACE ( 'NONE', #1515, 0.1269685049999994819 ) ;
#58 = ADVANCED_FACE ( 'NONE', ( #346 ), #1069, .T. ) ;
#59 = DIRECTION ( 'NONE',  ( 0.000000000000000000, 0.000000000000000000, -1.000000000000000000 ) ) ;
#60 = CIRCLE ( 'NONE', #964, 0.1269685049999994819 ) ;
#61 = CIRCLE ( 'NONE', #1520, 0.1269685049999994819 ) ;
#62 = LINE ( 'NONE', #797, #8 ) ;
#63 = ORIENTED_EDGE ( 'NONE', *, *, #1511, .F. ) ;
#64 = FACE_OUTER_BOUND ( 'NONE', #1545, .T. ) ;
#65 = ORIENTED_EDGE ( 'NONE', *, *, #1561, .F. ) ;
#66 =( NAMED_UNIT ( * ) PLANE_ANGLE_UNIT ( ) SI_UNIT ( $, .RADIAN. ) );
#67 = LINE ( 'NONE', #683, #282 ) ;
#68 = EDGE_CURVE ( 'NONE', #1608, #759, #1462, .T. ) ;
#69 = CARTESIAN_POINT ( 'NONE',  ( -6.872337555681756527, -2.458503568542024009, 0.2789766317424954845 ) ) ;
#70 = EDGE_CURVE ( 'NONE', #1536, #973, #1189, .T. ) ;
#71 = VERTEX_POINT ( 'NONE', #88 ) ;
#72 = CARTESIAN_POINT ( 'NONE',  ( -6.874999999999999112, -4.093849988186376798, 0.4930938374875692976 ) ) ;
#73 = VERTEX_POINT ( 'NONE', #1086 ) ;
#74 = CARTESIAN_POINT ( 'NONE',  ( -7.926725846813449827, -3.916751501730056706, 1.073048502199510423 ) ) ;
#75 = ORIENTED_EDGE ( 'NONE', *, *, #1180, .T. ) ;
#76 = DIRECTION ( 'NONE',  ( 0.000000000000000000, -0.03432432496962165014, -0.9994107467479924622 ) ) ;
#77 = CARTESIAN_POINT ( 'NONE',  ( -7.902430411373023489, -2.560965108609742469, 1.044721225715897317 ) ) ;
#78 = EDGE_CURVE ( 'NONE', #525, #1379, #542, .T. ) ;
#79 = DIRECTION ( 'NONE',  ( -0.000000000000000000, 0.03432432496962170565, 0.9994107467479923512 ) ) ;
#80 = CARTESIAN_POINT ( 'NONE',  ( -7.926725848074639202, -3.935505742094617787, 0.5269870404127867669 ) ) ;
#81 = ORIENTED_EDGE ( 'NONE', *, *, #940, .F. ) ;
#82 = CARTESIAN_POINT ( 'NONE',  ( -7.042604796239394283, -3.835640032941741495, 0.3981702626998002148 ) ) ;
#83 = CIRCLE ( 'NONE', #492, 0.2500000000000001665 ) ;
#84 = CARTESIAN_POINT ( 'NONE',  ( -6.883027985767038004, -2.432149354189768076, 1.061391956438745066 ) ) ;
#85 = AXIS2_PLACEMENT_3D ( 'NONE', #473, #573, #238 ) ;
#86 = FACE_OUTER_BOUND ( 'NONE', #1600, .T. ) ;
#87 = VECTOR ( 'NONE', #666, 39.37007874015748143 ) ;
#88 = CARTESIAN_POINT ( 'NONE',  ( -6.866955371737041958, -2.458529975651221111, 0.2782077441170141552 ) ) ;
#89 = PLANE ( 'NONE',  #85 ) ;
#90 = EDGE_LOOP ( 'NONE', ( #414, #892, #926, #1407 ) ) ;
#91 = CARTESIAN_POINT ( 'NONE',  ( -7.945690771105698325, -2.638136938418721655, 0.5035728298352677434 ) ) ;
#92 = VERTEX_POINT ( 'NONE', #561 ) ;
#93 = FACE_OUTER_BOUND ( 'NONE', #172, .T. ) ;
#94 = CARTESIAN_POINT ( 'NONE',  ( -7.974999999999997868, -2.736285603388786569, 0.9259747754064083791 ) ) ;
#95 = DIRECTION ( 'NONE',  ( 0.000000000000000000, -0.03432432496962163626, -0.9994107467479923512 ) ) ;
#96 = CARTESIAN_POINT ( 'NONE',  ( -7.143064494247515661, -4.077302524205386192, 0.4717677848052123091 ) ) ;
#97 = ORIENTED_EDGE ( 'NONE', *, *, #635, .F. ) ;
#98 = CARTESIAN_POINT ( 'NONE',  ( -7.969252700637928122, -2.700056891055639952, 0.5532555071337879049 ) ) ;
#99 = VERTEX_POINT ( 'NONE', #572 ) ;
#100 = EDGE_CURVE ( 'NONE', #1011, #630, #157, .T. ) ;
#101 = PLANE ( 'NONE',  #668 ) ;
#102 =( NAMED_UNIT ( * ) PLANE_ANGLE_UNIT ( ) SI_UNIT ( $, .RADIAN. ) );
#103 = DIRECTION ( 'NONE',  ( 0.000000000000000000, 0.9994107467479924622, -0.03432432496962202484 ) ) ;
#104 = CARTESIAN_POINT ( 'NONE',  ( -7.424999999999999822, -3.644445568335640928, 0.9454545742123940943 ) ) ;
#105 = ORIENTED_EDGE ( 'NONE', *, *, #459, .F. ) ;
#106 = PLANE ( 'NONE',  #1125 ) ;
#107 = ORIENTED_EDGE ( 'NONE', *, *, #535, .F. ) ;
#108 = DIRECTION ( 'NONE',  ( 0.000000000000000000, 0.9994107467479924622, -0.03432432496962189300 ) ) ;
#109 = EDGE_CURVE ( 'NONE', #1516, #223, #1485, .T. ) ;
#110 = VECTOR ( 'NONE', #712, 39.37007874015748854 ) ;
#111 = CARTESIAN_POINT ( 'NONE',  ( -7.969252701430903585, -2.686015995894169173, 0.9620800085692281511 ) ) ;
#112 = CYLINDRICAL_SURFACE ( 'NONE', #1406, 0.3750000000000000555 ) ;
#113 = DIRECTION ( 'NONE',  ( 0.000000000000000000, -0.03432432496962165014, -0.9994107467479923512 ) ) ;
#114 = CIRCLE ( 'NONE', #1019, 0.1004999999999996452 ) ;
#115 = AXIS2_PLACEMENT_3D ( 'NONE', #298, #1028, #537 ) ;
#116 = ORIENTED_EDGE ( 'NONE', *, *, #167, .T. ) ;
#117 = CARTESIAN_POINT ( 'NONE',  ( -7.849910224858771990, -2.541274657529401626, 0.4413929228533952642 ) ) ;
#118 = VERTEX_POINT ( 'NONE', #1225 ) ;
#119 = CYLINDRICAL_SURFACE ( 'NONE', #438, 0.3749999999999999445 ) ;
#120 = DIRECTION ( 'NONE',  ( 0.000000000000000000, -0.9994107467479924622, 0.03432432496962147667 ) ) ;
#121 = EDGE_CURVE ( 'NONE', #900, #791, #200, .T. ) ;
#122 = DIRECTION ( 'NONE',  ( 1.706398902093753377E-16, -0.03432432496962162932, -0.9994107467479924622 ) ) ;
#123 = ORIENTED_EDGE ( 'NONE', *, *, #834, .F. ) ;
#124 = DIRECTION ( 'NONE',  ( 1.000000000000000000, 1.356992124760766492E-15, -4.660530099667899793E-17 ) ) ;
#125 = ORIENTED_EDGE ( 'NONE', *, *, #428, .T. ) ;
#126 = DIRECTION ( 'NONE',  ( 6.938893903907203923E-15, 0.9994107467479924622, -0.03432432496962191382 ) ) ;
#127 = FACE_BOUND ( 'NONE', #1347, .T. ) ;
#128 = CARTESIAN_POINT ( 'NONE',  ( 0.000000000000000000, 0.02813923016605794636, 0.8193212556419751103 ) ) ;
#129 = ADVANCED_FACE ( 'NONE', ( #205 ), #112, .F. ) ;
#130 = ORIENTED_EDGE ( 'NONE', *, *, #450, .T. ) ;
#131 = DIRECTION ( 'NONE',  ( 0.000000000000000000, 0.03432432496962154606, 0.9994107467479924622 ) ) ;
#132 = ORIENTED_EDGE ( 'NONE', *, *, #1262, .T. ) ;
#133 = CARTESIAN_POINT ( 'NONE',  ( -7.081824975644369857, -2.474478452149616814, 0.3769144608118611961 ) ) ;
#134 = VECTOR ( 'NONE', #461, 39.37007874015748854 ) ;
#135 = CIRCLE ( 'NONE', #283, 0.1574803149606299468 ) ;
#136 = DIRECTION ( 'NONE',  ( 0.000000000000000000, -0.9994107467479924622, 0.03432432496962158769 ) ) ;
#137 = ORIENTED_EDGE ( 'NONE', *, *, #1033, .T. ) ;
#138 = CARTESIAN_POINT ( 'NONE',  ( -7.974999999999999645, -2.753035073143963007, 0.5971325757844141435 ) ) ;
#139 = VECTOR ( 'NONE', #901, 39.37007874015748143 ) ;
#140 = ORIENTED_EDGE ( 'NONE', *, *, #1292, .F. ) ;
#141 = CARTESIAN_POINT ( 'NONE',  ( -7.674999999999999822, -2.773762205335687625, 0.4477559999723801365 ) ) ;
#142 = EDGE_CURVE ( 'NONE', #753, #1090, #83, .T. ) ;
#143 = CARTESIAN_POINT ( 'NONE',  ( -7.081824975644369857, -3.832240307388396605, 0.4235461978651388626 ) ) ;
#144 = ORIENTED_EDGE ( 'NONE', *, *, #1072, .F. ) ;
#145 = DIRECTION ( 'NONE',  ( 3.630219604640610573E-16, 0.9994107467479924622, -0.03432432496962163626 ) ) ;
#146 = ORIENTED_EDGE ( 'NONE', *, *, #1313, .T. ) ;
#147 = LINE ( 'NONE', #633, #880 ) ;
#148 = EDGE_CURVE ( 'NONE', #1229, #1308, #479, .T. ) ;
#149 = CARTESIAN_POINT ( 'NONE',  ( -7.741072614029995691, -2.508847923265198343, 0.4386576348242469670 ) ) ;
#150 = ORIENTED_EDGE ( 'NONE', *, *, #334, .T. ) ;
#151 = LINE ( 'NONE', #638, #1071 ) ;
#152 = ORIENTED_EDGE ( 'NONE', *, *, #1594, .T. ) ;
#153 = DIRECTION ( 'NONE',  ( 3.642919299551295391E-16, 0.9994107467479923512, -0.03432432496962162932 ) ) ;
#154 = CARTESIAN_POINT ( 'NONE',  ( -6.895205212777297810, -2.798802006997967329, 0.2950023500154616563 ) ) ;
#155 = ADVANCED_FACE ( 'NONE', ( #809 ), #471, .T. ) ;
#156 = CARTESIAN_POINT ( 'NONE',  ( -0.2759256633470405506, -4.252318541242706473, 0.9663317055922642229 ) ) ;
#157 = CIRCLE ( 'NONE', #512, 0.1004999999999996452 ) ;
#158 = AXIS2_PLACEMENT_3D ( 'NONE', #141, #903, #266 ) ;
#159 = ORIENTED_EDGE ( 'NONE', *, *, #291, .F. ) ;
#160 = CARTESIAN_POINT ( 'NONE',  ( -6.874999999999999112, -3.810379740625795542, 0.8648822026927610596 ) ) ;
#161 = CIRCLE ( 'NONE', #1231, 0.2500000000000001665 ) ;
#162 = EDGE_LOOP ( 'NONE', ( #1615, #394, #1333, #910 ) ) ;
#163 = DIRECTION ( 'NONE',  ( -0.9979312287186351549, -0.06425257275963887349, 0.002206726508307416124 ) ) ;
#164 = AXIS2_PLACEMENT_3D ( 'NONE', #967, #1188, #560 ) ;
#165 = CARTESIAN_POINT ( 'NONE',  ( -7.042604796239351650, -2.698199882153632601, 0.9129561799943021194 ) ) ;
#166 = FACE_OUTER_BOUND ( 'NONE', #1177, .T. ) ;
#167 = EDGE_CURVE ( 'NONE', #1217, #1011, #214, .T. ) ;
#168 = ORIENTED_EDGE ( 'NONE', *, *, #1558, .T. ) ;
#169 = DIRECTION ( 'NONE',  ( 0.000000000000000000, 0.03432432496962165014, 0.9994107467479924622 ) ) ;
#170 = ORIENTED_EDGE ( 'NONE', *, *, #428, .F. ) ;
#171 = CARTESIAN_POINT ( 'NONE',  ( -6.874999999999999112, -3.810379740625795542, 0.8648822026927610596 ) ) ;
#172 = EDGE_LOOP ( 'NONE', ( #1323, #1555, #918, #662, #261, #534, #600, #407, #232, #1245, #869, #358 ) ) ;
#173 = CARTESIAN_POINT ( 'NONE',  ( -7.674999999999999822, -3.624826560582142143, 1.102353933432970168 ) ) ;
#174 = CARTESIAN_POINT ( 'NONE',  ( -7.277644166318103736, -3.753281278956762002, 2.355036421073962494 ) ) ;
#175 = CARTESIAN_POINT ( 'NONE',  ( -6.874999999999999112, -3.659578759674687376, 0.9459743170499003151 ) ) ;
#176 = DIRECTION ( 'NONE',  ( 1.706398902093753377E-16, -0.03432432496962162932, -0.9994107467479924622 ) ) ;
#177 = EDGE_CURVE ( 'NONE', #340, #581, #951, .T. ) ;
#178 = EDGE_LOOP ( 'NONE', ( #769, #1566, #1335, #329 ) ) ;
#179 = DIRECTION ( 'NONE',  ( 0.000000000000000000, -0.9994107467479923512, 0.03432432496962162932 ) ) ;
#180 = DIRECTION ( 'NONE',  ( -0.000000000000000000, 0.9994107467479924622, -0.03432432496962164320 ) ) ;
#181 = DIRECTION ( 'NONE',  ( 0.9979312287186349328, -0.06425257275964116332, 0.002206726508307494620 ) ) ;
#182 = EDGE_LOOP ( 'NONE', ( #1539, #714, #1062, #888 ) ) ;
#183 = CARTESIAN_POINT ( 'NONE',  ( -7.042604796239394283, -3.816640680068270175, 0.9513685400092630751 ) ) ;
#184 = AXIS2_PLACEMENT_3D ( 'NONE', #977, #905, #1402 ) ;
#185 = ORIENTED_EDGE ( 'NONE', *, *, #1501, .T. ) ;
#186 = EDGE_CURVE ( 'NONE', #706, #1588, #823, .T. ) ;
#187 = CIRCLE ( 'NONE', #1431, 0.1574803149606299468 ) ;
#188 = EDGE_CURVE ( 'NONE', #1273, #405, #12, .T. ) ;
#189 = LINE ( 'NONE', #1294, #1119 ) ;
#190 = B_SPLINE_CURVE_WITH_KNOTS ( 'NONE', 3,
 ( #304, #1285, #1163, #939, #1039, #417, #296, #74, #425, #795, #674, #558, #488, #349, #1210, #990, #363, #1607, #582, #475 ),
 .UNSPECIFIED., .F., .F.,
 ( 4, 2, 2, 2, 2, 2, 2, 2, 2, 4 ),
 ( 0.000000000000000000, 0.001051064877358157687, 0.002102129754716315375, 0.003153194632074472845, 0.004204259509432630749, 0.005255324386790789087, 0.006306389264148945691, 0.007357454141507104028, 0.007882986580186192305, 0.008408519018865278846 ),
 .UNSPECIFIED. ) ;
#191 = DIRECTION ( 'NONE',  ( -0.000000000000000000, 0.03432432496962163626, 0.9994107467479923512 ) ) ;
#192 = ORIENTED_EDGE ( 'NONE', *, *, #1211, .T. ) ;
#193 = CARTESIAN_POINT ( 'NONE',  ( -7.725000000000000533, -3.767298732423947527, 1.107247077859661921 ) ) ;
#194 = VERTEX_POINT ( 'NONE', #1586 ) ;
#195 = DIRECTION ( 'NONE',  ( 0.5150380749100610389, 1.049727191138613642E-16, 0.8571673007021082258 ) ) ;
#196 = ORIENTED_EDGE ( 'NONE', *, *, #1342, .T. ) ;
#197 = LINE ( 'NONE', #443, #539 ) ;
#198 = EDGE_CURVE ( 'NONE', #1356, #1298, #798, .T. ) ;
#199 = CARTESIAN_POINT ( 'NONE',  ( -7.837859455379230234, -2.513346268280411078, 1.064180628938862450 ) ) ;
#200 = LINE ( 'NONE', #1444, #134 ) ;
#201 = CARTESIAN_POINT ( 'NONE',  ( -7.971405173431800328, -3.828376878128292304, 0.6003133315989008789 ) ) ;
#202 = ORIENTED_EDGE ( 'NONE', *, *, #1059, .T. ) ;
#203 = DIRECTION ( 'NONE',  ( 1.000000000000000000, -0.000000000000000000, -0.000000000000000000 ) ) ;
#204 = CARTESIAN_POINT ( 'NONE',  ( -7.883285441587680076, -2.543295987784680801, 1.053831600910137833 ) ) ;
#205 = FACE_OUTER_BOUND ( 'NONE', #1474, .T. ) ;
#206 = LINE ( 'NONE', #1094, #1465 ) ;
#207 = VERTEX_POINT ( 'NONE', #1111 ) ;
#208 = DIRECTION ( 'NONE',  ( -0.000000000000000000, 0.03432432496962170565, 0.9994107467479924622 ) ) ;
#209 = STYLED_ITEM ( 'NONE', ( #1075 ), #766 ) ;
#210 = ORIENTED_EDGE ( 'NONE', *, *, #1495, .T. ) ;
#211 = DIRECTION ( 'NONE',  ( 0.000000000000000000, 0.9994107467479924622, -0.03432432496962116442 ) ) ;
#212 = VECTOR ( 'NONE', #816, 39.37007874015748143 ) ;
#213 = CARTESIAN_POINT ( 'NONE',  ( -6.874999999999999112, -2.431632466126977921, 1.061374204144307720 ) ) ;
#214 = LINE ( 'NONE', #453, #1538 ) ;
#215 = CARTESIAN_POINT ( 'NONE',  ( -6.877695016685584584, -4.099064483221240174, 0.3362066905503426906 ) ) ;
#216 = EDGE_CURVE ( 'NONE', #194, #1251, #1410, .T. ) ;
#217 = ORIENTED_EDGE ( 'NONE', *, *, #1583, .T. ) ;
#218 = CARTESIAN_POINT ( 'NONE',  ( -7.872621055911590560, -2.555836626295707958, 0.4475550770115115373 ) ) ;
#219 = ORIENTED_EDGE ( 'NONE', *, *, #49, .T. ) ;
#220 = DIRECTION ( 'NONE',  ( 1.000000000000000000, -0.000000000000000000, -0.000000000000000000 ) ) ;
#221 = CARTESIAN_POINT ( 'NONE',  ( -6.931332841288149638, -4.095265620980849341, 0.3461435152178162222 ) ) ;
#222 = DIRECTION ( 'NONE',  ( 0.000000000000000000, -0.03432432496962162932, -0.9994107467479923512 ) ) ;
#223 = VERTEX_POINT ( 'NONE', #165 ) ;
#224 = CARTESIAN_POINT ( 'NONE',  ( -7.974099411256103664, -2.731733424272305033, 0.5794392847541728342 ) ) ;
#225 = ADVANCED_FACE ( 'NONE', ( #127, #642, #279, #403 ), #1018, .F. ) ;
#226 = ORIENTED_EDGE ( 'NONE', *, *, #1152, .F. ) ;
#227 = DIRECTION ( 'NONE',  ( -1.000000000000000000, 0.000000000000000000, -0.000000000000000000 ) ) ;
#228 = DIRECTION ( 'NONE',  ( 0.000000000000000000, 0.03432432496962165014, 0.9994107467479924622 ) ) ;
#229 = CARTESIAN_POINT ( 'NONE',  ( -7.974999999999999645, -2.736731018783392422, 1.071852680489710163 ) ) ;
#230 = EDGE_LOOP ( 'NONE', ( #577, #1612 ) ) ;
#231 = CARTESIAN_POINT ( 'NONE',  ( -7.081824975644369857, -3.832240307388396605, 0.4235461978651388626 ) ) ;
#232 = ORIENTED_EDGE ( 'NONE', *, *, #78, .F. ) ;
#233 = CARTESIAN_POINT ( 'NONE',  ( -6.375000000000000000, -2.710379740625795009, 0.9276031838164464638 ) ) ;
#234 = AXIS2_PLACEMENT_3D ( 'NONE', #966, #742, #126 ) ;
#235 = ADVANCED_FACE ( 'NONE', ( #486 ), #985, .T. ) ;
#236 = VECTOR ( 'NONE', #1160, 39.37007874015748143 ) ;
#237 = CYLINDRICAL_SURFACE ( 'NONE', #1066, 0.1004999999999996452 ) ;
#238 = DIRECTION ( 'NONE',  ( 0.000000000000000000, 0.9994107467479923512, -0.03432432496962165014 ) ) ;
#239 = VECTOR ( 'NONE', #1557, 39.37007874015748143 ) ;
#240 = AXIS2_PLACEMENT_3D ( 'NONE', #997, #873, #376 ) ;
#241 = ORIENTED_EDGE ( 'NONE', *, *, #664, .T. ) ;
#242 = CARTESIAN_POINT ( 'NONE',  ( -7.280471038786461513, -3.817373864610146050, 0.4835666507020796590 ) ) ;
#243 = VERTEX_POINT ( 'NONE', #1027 ) ;
#244 = CARTESIAN_POINT ( 'NONE',  ( -6.813891436378725075, -2.461878782271920141, 0.2745471733389813762 ) ) ;
#245 = EDGE_CURVE ( 'NONE', #1308, #295, #342, .T. ) ;
#246 = CARTESIAN_POINT ( 'NONE',  ( -6.957884182720297517, -2.736970525503787055, 0.3126321297568721014 ) ) ;
#247 = LINE ( 'NONE', #1118, #444 ) ;
#248 = EDGE_LOOP ( 'NONE', ( #709, #1427, #724, #673, #322 ) ) ;
#249 = DIRECTION ( 'NONE',  ( -0.000000000000000000, 0.03432432496962170565, 0.9994107467479923512 ) ) ;
#250 = ORIENTED_EDGE ( 'NONE', *, *, #38, .F. ) ;
#251 = DIRECTION ( 'NONE',  ( 0.000000000000000000, -0.9994107467479924622, 0.03432432496962223301 ) ) ;
#252 = EDGE_CURVE ( 'NONE', #552, #73, #658, .T. ) ;
#253 = LINE ( 'NONE', #743, #883 ) ;
#254 = ORIENTED_EDGE ( 'NONE', *, *, #865, .F. ) ;
#255 = DIRECTION ( 'NONE',  ( -1.357792208235019687E-15, 0.9994107467479923512, -0.03432432496962165014 ) ) ;
#256 = VERTEX_POINT ( 'NONE', #765 ) ;
#257 = CARTESIAN_POINT ( 'NONE',  ( -7.174999999999998934, 0.5157908653309563052, 0.3347777385620593349 ) ) ;
#258 = AXIS2_PLACEMENT_3D ( 'NONE', #523, #396, #1486 ) ;
#259 = CIRCLE ( 'NONE', #1541, 0.1269685049999994819 ) ;
#260 = CARTESIAN_POINT ( 'NONE',  ( -6.866955371737041958, -2.431632466126977921, 1.061374204144307720 ) ) ;
#261 = ORIENTED_EDGE ( 'NONE', *, *, #390, .F. ) ;
#262 = LINE ( 'NONE', #1366, #393 ) ;
#263 = AXIS2_PLACEMENT_3D ( 'NONE', #851, #208, #1357 ) ;
#264 = EDGE_CURVE ( 'NONE', #287, #502, #538, .T. ) ;
#265 = ORIENTED_EDGE ( 'NONE', *, *, #1532, .T. ) ;
#266 = DIRECTION ( 'NONE',  ( 0.000000000000000000, -0.9994107467479924622, 0.03432432496962169177 ) ) ;
#267 = DIRECTION ( 'NONE',  ( 0.000000000000000000, -0.9994107467479923512, 0.03432432496962165014 ) ) ;
#268 = ORIENTED_EDGE ( 'NONE', *, *, #583, .T. ) ;
#269 = DIRECTION ( 'NONE',  ( 0.5447562346050796034, 0.02878418828215913161, 0.8381003014937012940 ) ) ;
#270 = ORIENTED_EDGE ( 'NONE', *, *, #68, .F. ) ;
#271 = CARTESIAN_POINT ( 'NONE',  ( -7.674999999999999822, -2.900655893731213464, 0.4521141081989072386 ) ) ;
#272 = CARTESIAN_POINT ( 'NONE',  ( -6.933851985548061592, -2.753134092695885382, 0.3041677905573527685 ) ) ;
#273 = DIRECTION ( 'NONE',  ( 0.000000000000000000, 0.9994107467479923512, -0.03432432496962165014 ) ) ;
#274 = DIMENSIONAL_EXPONENTS ( 1.000000000000000000, 0.000000000000000000, 0.000000000000000000, 0.000000000000000000, 0.000000000000000000, 0.000000000000000000, 0.000000000000000000 ) ;
#275 = FACE_OUTER_BOUND ( 'NONE', #747, .T. ) ;
#276 = FACE_OUTER_BOUND ( 'NONE', #248, .T. ) ;
#277 = VERTEX_POINT ( 'NONE', #1534 ) ;
#278 = LINE ( 'NONE', #1526, #367 ) ;
#279 = FACE_BOUND ( 'NONE', #1302, .T. ) ;
#280 = EDGE_CURVE ( 'NONE', #305, #243, #1459, .T. ) ;
#281 = LINE ( 'NONE', #44, #1570 ) ;
#282 = VECTOR ( 'NONE', #419, 39.37007874015748143 ) ;
#283 = AXIS2_PLACEMENT_3D ( 'NONE', #288, #1393, #17 ) ;
#284 = VERTEX_POINT ( 'NONE', #25 ) ;
#285 = CARTESIAN_POINT ( 'NONE',  ( -6.375000000000000000, -2.431632466126977921, 1.061374204144307720 ) ) ;
#286 = CIRCLE ( 'NONE', #1307, 0.2500000000000001665 ) ;
#287 = VERTEX_POINT ( 'NONE', #173 ) ;
#288 = CARTESIAN_POINT ( 'NONE',  ( -7.267519685039369293, -3.644445568335640928, 0.9454545742123940943 ) ) ;
#289 = AXIS2_PLACEMENT_3D ( 'NONE', #677, #420, #1181 ) ;
#290 = CARTESIAN_POINT ( 'NONE',  ( -6.875000000000003553, -2.876711373584754039, 0.2938098816846379524 ) ) ;
#291 = EDGE_CURVE ( 'NONE', #920, #805, #1041, .T. ) ;
#292 = CARTESIAN_POINT ( 'NONE',  ( -7.026301658063347944, -3.836419289043482284, 0.3876001604162334635 ) ) ;
#293 = CARTESIAN_POINT ( 'NONE',  ( -7.974999999999999645, -4.001572935664664321, 1.115293122901902301 ) ) ;
#294 = CARTESIAN_POINT ( 'NONE',  ( -6.375000000000000000, -3.810379740625795542, 0.8648822026927610596 ) ) ;
#295 = VERTEX_POINT ( 'NONE', #290 ) ;
#296 = CARTESIAN_POINT ( 'NONE',  ( -7.911066504009320433, -3.935548754355851386, 1.086271132802620221 ) ) ;
#297 = DIRECTION ( 'NONE',  ( 0.06429045611998285281, -0.9973431944968326190, 0.03425331579187223391 ) ) ;
#298 = CARTESIAN_POINT ( 'NONE',  ( -6.866955371737041958, -3.822544598393364801, 1.109144472962659167 ) ) ;
#299 = ADVANCED_FACE ( 'NONE', ( #1287 ), #237, .F. ) ;
#300 = ORIENTED_EDGE ( 'NONE', *, *, #1511, .T. ) ;
#301 = DIRECTION ( 'NONE',  ( -0.000000000000000000, 0.03432432496962170565, 0.9994107467479923512 ) ) ;
#302 = ADVANCED_FACE ( 'NONE', ( #451 ), #536, .F. ) ;
#303 = ORIENTED_EDGE ( 'NONE', *, *, #1429, .T. ) ;
#304 = CARTESIAN_POINT ( 'NONE',  ( -7.824999999999999289, -3.996292502290198723, 1.115111768727239605 ) ) ;
#305 = VERTEX_POINT ( 'NONE', #1303 ) ;
#306 = CARTESIAN_POINT ( 'NONE',  ( -6.874999999999999112, -2.431632466126977921, 1.061374204144307720 ) ) ;
#307 = DIRECTION ( 'NONE',  ( 1.000000000000000000, -0.000000000000000000, -0.000000000000000000 ) ) ;
#308 = ORIENTED_EDGE ( 'NONE', *, *, #499, .F. ) ;
#309 = CARTESIAN_POINT ( 'NONE',  ( -7.902430411373021713, -3.964517345703611806, 0.5097468159159794787 ) ) ;
#310 = VECTOR ( 'NONE', #511, 39.37007874015748143 ) ;
#311 = ORIENTED_EDGE ( 'NONE', *, *, #1524, .F. ) ;
#312 = DIRECTION ( 'NONE',  ( 0.000000000000000000, 0.000000000000000000, -1.000000000000000000 ) ) ;
#313 = VECTOR ( 'NONE', #1241, 39.37007874015748854 ) ;
#314 = EDGE_CURVE ( 'NONE', #418, #1238, #1076, .T. ) ;
#315 = VECTOR ( 'NONE', #195, 39.37007874015748143 ) ;
#316 = ORIENTED_EDGE ( 'NONE', *, *, #1401, .F. ) ;
#317 = CARTESIAN_POINT ( 'NONE',  ( -7.277644166318085972, -2.729383650444475951, 0.4461362413850831765 ) ) ;
#318 = AXIS2_PLACEMENT_3D ( 'NONE', #1020, #1396, #1521 ) ;
#319 = CARTESIAN_POINT ( 'NONE',  ( -7.032480314960629642, -2.697874283373617565, 0.9129449974466155027 ) ) ;
#320 = CARTESIAN_POINT ( 'NONE',  ( -7.018175024355629787, -4.094127472747898011, 0.3911688102516279741 ) ) ;
#321 = CARTESIAN_POINT ( 'NONE',  ( -7.973560632957802596, -3.811656129545504257, 0.6123164411570777288 ) ) ;
#322 = ORIENTED_EDGE ( 'NONE', *, *, #472, .F. ) ;
#323 = LINE ( 'NONE', #440, #315 ) ;
#324 = ADVANCED_FACE ( 'NONE', ( #1179 ), #1314, .F. ) ;
#325 = CYLINDRICAL_SURFACE ( 'NONE', #1378, 0.1574803149606299468 ) ;
#326 = CARTESIAN_POINT ( 'NONE',  ( -7.849910225273173836, -2.519933210117405675, 1.062785248496618706 ) ) ;
#327 = DIRECTION ( 'NONE',  ( 0.000000000000000000, 0.03432432496962154606, 0.9994107467479924622 ) ) ;
#328 = LINE ( 'NONE', #1106, #35 ) ;
#329 = ORIENTED_EDGE ( 'NONE', *, *, #1412, .F. ) ;
#330 = CARTESIAN_POINT ( 'NONE',  ( -7.933636022921485953, -2.618444870597592455, 0.4885950801962145040 ) ) ;
#331 = ORIENTED_EDGE ( 'NONE', *, *, #1429, .F. ) ;
#332 = DIRECTION ( 'NONE',  ( 1.706398902093753377E-16, -0.03432432496962162932, -0.9994107467479924622 ) ) ;
#333 = CARTESIAN_POINT ( 'NONE',  ( -6.974796094724657891, -3.826706749443647304, 0.3575903835812689335 ) ) ;
#334 = EDGE_CURVE ( 'NONE', #1229, #1273, #665, .T. ) ;
#335 = DIRECTION ( 'NONE',  ( -1.079865363795562540E-16, -0.03432432496962164320, -0.9994107467479923512 ) ) ;
#336 = DIRECTION ( 'NONE',  ( 0.000000000000000000, -0.03432432496962165014, -0.9994107467479923512 ) ) ;
#337 = EDGE_LOOP ( 'NONE', ( #557, #1145, #1497 ) ) ;
#338 = CARTESIAN_POINT ( 'NONE',  ( -7.286108563621276346, -3.816780075562216545, 0.4835779925247630784 ) ) ;
#339 = AXIS2_PLACEMENT_3D ( 'NONE', #1318, #1057, #1065 ) ;
#340 = VERTEX_POINT ( 'NONE', #84 ) ;
#341 = DIRECTION ( 'NONE',  ( 1.706398902093753377E-16, -0.03432432496962162932, -0.9994107467479924622 ) ) ;
#342 = B_SPLINE_CURVE_WITH_KNOTS ( 'NONE', 3,
 ( #859, #890, #530, #369, #1363, #246, #1395, #272, #605, #1527, #1148, #154, #736, #729, #1138, #51, #782, #1157 ),
 .UNSPECIFIED., .F., .F.,
 ( 4, 2, 2, 2, 2, 2, 2, 2, 4 ),
 ( 0.000000000000000000, 0.0007682377186594891881, 0.001536475437318978376, 0.002304713155978467456, 0.003072950874637957186, 0.003841188593297446916, 0.004609426311956937514, 0.005377664030616426810, 0.006145901749275916107 ),
 .UNSPECIFIED. ) ;
#343 = VECTOR ( 'NONE', #1322, 39.37007874015748143 ) ;
#344 = CARTESIAN_POINT ( 'NONE',  ( -6.905978464691642671, -3.775080881445458392, 0.3310942594704458508 ) ) ;
#345 = EDGE_CURVE ( 'NONE', #99, #1590, #189, .T. ) ;
#346 = FACE_OUTER_BOUND ( 'NONE', #90, .T. ) ;
#347 = DIRECTION ( 'NONE',  ( -0.000000000000000000, 0.9994107467479923512, -0.03432432496962162932 ) ) ;
#348 = ORIENTED_EDGE ( 'NONE', *, *, #1401, .T. ) ;
#349 = CARTESIAN_POINT ( 'NONE',  ( -7.969252700637929010, -3.825425563257712991, 1.001212534498088669 ) ) ;
#350 = EDGE_LOOP ( 'NONE', ( #1053, #1547, #1382, #801, #311 ) ) ;
#351 = CARTESIAN_POINT ( 'NONE',  ( -7.674999999999999822, -3.146573890314158461, 0.4605600542306640399 ) ) ;
#352 =( NAMED_UNIT ( * ) SI_UNIT ( $, .STERADIAN. ) SOLID_ANGLE_UNIT ( ) );
#353 = CARTESIAN_POINT ( 'NONE',  ( -6.866955371737041958, -4.072397285080363361, 1.117725554205064586 ) ) ;
#354 = DIRECTION ( 'NONE',  ( 0.000000000000000000, -0.9994107467479924622, 0.03432432496962223301 ) ) ;
#355 = ORIENTED_EDGE ( 'NONE', *, *, #10, .T. ) ;
#356 = DIRECTION ( 'NONE',  ( -1.000000000000000000, -1.356992124760766492E-15, 4.660530099667899793E-17 ) ) ;
#357 = EDGE_CURVE ( 'NONE', #277, #418, #67, .T. ) ;
#358 = ORIENTED_EDGE ( 'NONE', *, *, #744, .F. ) ;
#359 = DIRECTION ( 'NONE',  ( 1.706398902093753377E-16, -0.03432432496962162932, -0.9994107467479924622 ) ) ;
#360 = CARTESIAN_POINT ( 'NONE',  ( -7.081824975644369857, -2.468479306257089334, 0.3767084227701196775 ) ) ;
#361 = LINE ( 'NONE', #462, #1045 ) ;
#362 = EDGE_LOOP ( 'NONE', ( #316, #308 ) ) ;
#363 = CARTESIAN_POINT ( 'NONE',  ( -7.974099411256103664, -3.793749030041047021, 0.9750287568777039615 ) ) ;
#364 = ORIENTED_EDGE ( 'NONE', *, *, #895, .T. ) ;
#365 = EDGE_CURVE ( 'NONE', #528, #448, #1194, .T. ) ;
#366 = DIRECTION ( 'NONE',  ( 0.000000000000000000, 0.03432432496962165014, 0.9994107467479924622 ) ) ;
#367 = VECTOR ( 'NONE', #401, 39.37007874015748143 ) ;
#368 = AXIS2_PLACEMENT_3D ( 'NONE', #999, #269, #1498 ) ;
#369 = CARTESIAN_POINT ( 'NONE',  ( -6.983753343030306482, -2.725562143841210094, 0.3241597946070035596 ) ) ;
#370 = DIRECTION ( 'NONE',  ( 0.000000000000000000, -0.03432432496962165014, -0.9994107467479924622 ) ) ;
#371 = ORIENTED_EDGE ( 'NONE', *, *, #1262, .F. ) ;
#372 = FACE_OUTER_BOUND ( 'NONE', #623, .T. ) ;
#373 = EDGE_LOOP ( 'NONE', ( #241, #1060, #608, #1130, #875, #39, #1074 ) ) ;
#374 = LINE ( 'NONE', #1, #750 ) ;
#375 = ADVANCED_FACE ( 'NONE', ( #942 ), #904, .F. ) ;
#376 = DIRECTION ( 'NONE',  ( 0.9979287960776274113, -0.06432820500416001896, 0.000000000000000000 ) ) ;
#377 = ORIENTED_EDGE ( 'NONE', *, *, #1105, .T. ) ;
#378 = DIRECTION ( 'NONE',  ( 0.000000000000000000, 0.9994107467479924622, -0.03432432496962165014 ) ) ;
#379 = VERTEX_POINT ( 'NONE', #1556 ) ;
#380 = CARTESIAN_POINT ( 'NONE',  ( -6.375000000000000000, -2.710379740625795009, 0.8271031838164467631 ) ) ;
#381 =( BOUNDED_CURVE ( )  B_SPLINE_CURVE ( 3, ( #924, #434, #292, #1551 ),
 .UNSPECIFIED., .F., .F. ) 
 B_SPLINE_CURVE_WITH_KNOTS ( ( 4, 4 ),
 ( 4.648054153462203963, 4.803352969961286689 ),
 .UNSPECIFIED. ) 
 CURVE ( )  GEOMETRIC_REPRESENTATION_ITEM ( )  RATIONAL_B_SPLINE_CURVE ( ( 1.000000000000000000, 0.9979911994308234835, 0.9979911994308234835, 1.000000000000000000 ) ) 
 REPRESENTATION_ITEM ( '' )  );
#382 = ADVANCED_FACE ( 'NONE', ( #1576 ), #325, .F. ) ;
#383 = PLANE ( 'NONE',  #240 ) ;
#384 = ORIENTED_EDGE ( 'NONE', *, *, #280, .F. ) ;
#385 = CYLINDRICAL_SURFACE ( 'NONE', #1174, 0.1574803149606304742 ) ;
#386 = ORIENTED_EDGE ( 'NONE', *, *, #626, .T. ) ;
#387 = CARTESIAN_POINT ( 'NONE',  ( -7.277644166318085972, -2.729383650444475951, 0.4461362413850831765 ) ) ;
#388 = CIRCLE ( 'NONE', #774, 0.1004999999999996452 ) ;
#389 = CARTESIAN_POINT ( 'NONE',  ( -7.267519685039369293, -3.660492865934627194, 0.4782103766678114098 ) ) ;
#390 = EDGE_CURVE ( 'NONE', #655, #71, #749, .T. ) ;
#391 = ORIENTED_EDGE ( 'NONE', *, *, #1113, .F. ) ;
#392 = DIRECTION ( 'NONE',  ( 1.000000000000000000, -0.000000000000000000, -0.000000000000000000 ) ) ;
#393 = VECTOR ( 'NONE', #885, 39.37007874015748143 ) ;
#394 = ORIENTED_EDGE ( 'NONE', *, *, #70, .T. ) ;
#395 = CARTESIAN_POINT ( 'NONE',  ( 0.1459091697685415967, -2.235361859509861215, 0.8970602105450884434 ) ) ;
#396 = DIRECTION ( 'NONE',  ( 0.000000000000000000, -0.9994107467479924622, 0.03432432496962162932 ) ) ;
#397 = LINE ( 'NONE', #891, #941 ) ;
#398 = EDGE_LOOP ( 'NONE', ( #696, #1522, #391, #1232, #1457, #1340 ) ) ;
#399 = CARTESIAN_POINT ( 'NONE',  ( -6.375000000000000000, -3.270677038116681423, 0.5461694692302064835 ) ) ;
#400 = VERTEX_POINT ( 'NONE', #1425 ) ;
#401 = DIRECTION ( 'NONE',  ( -3.913965451317618500E-16, -0.9994107467479923512, 0.03432432496962165014 ) ) ;
#402 = ADVANCED_FACE ( 'NONE', ( #1549 ), #820, .F. ) ;
#403 = FACE_BOUND ( 'NONE', #362, .T. ) ;
#404 = LINE ( 'NONE', #652, #648 ) ;
#405 = VERTEX_POINT ( 'NONE', #915 ) ;
#406 = CARTESIAN_POINT ( 'NONE',  ( -7.911066505169539909, -3.955165883707321139, 0.5150852118463561391 ) ) ;
#407 = ORIENTED_EDGE ( 'NONE', *, *, #1269, .F. ) ;
#408 = CARTESIAN_POINT ( 'NONE',  ( -6.874999999999999112, -4.072397285080363361, 1.117725554205064586 ) ) ;
#409 = EDGE_CURVE ( 'NONE', #1251, #755, #1419, .T. ) ;
#410 = DIRECTION ( 'NONE',  ( 1.000000000000000000, -0.000000000000000000, -0.000000000000000000 ) ) ;
#411 = CARTESIAN_POINT ( 'NONE',  ( -6.813891436378725963, -4.086552690751889649, 0.7055669883710006252 ) ) ;
#412 = AXIS2_PLACEMENT_3D ( 'NONE', #813, #1325, #553 ) ;
#413 = AXIS2_PLACEMENT_3D ( 'NONE', #1268, #11, #1533 ) ;
#414 = ORIENTED_EDGE ( 'NONE', *, *, #1583, .F. ) ;
#415 = CARTESIAN_POINT ( 'NONE',  ( -7.674999999999999822, -3.378908563999196257, 1.093907987401213644 ) ) ;
#416 = EDGE_LOOP ( 'NONE', ( #716, #1029, #835, #657 ) ) ;
#417 = CARTESIAN_POINT ( 'NONE',  ( -7.902430410286807039, -3.944511923408704490, 1.092238536567466278 ) ) ;
#418 = VERTEX_POINT ( 'NONE', #433 ) ;
#419 = DIRECTION ( 'NONE',  ( 1.000000000000000000, -0.000000000000000000, -0.000000000000000000 ) ) ;
#420 = DIRECTION ( 'NONE',  ( 0.000000000000000000, -0.9994107467479924622, 0.03432432496962165014 ) ) ;
#421 = EDGE_CURVE ( 'NONE', #1259, #962, #1384, .T. ) ;
#422 = ORIENTED_EDGE ( 'NONE', *, *, #198, .F. ) ;
#423 = CARTESIAN_POINT ( 'NONE',  ( -7.950877553724193803, -3.894102012953824854, 0.5542070104853232815 ) ) ;
#424 = ORIENTED_EDGE ( 'NONE', *, *, #365, .F. ) ;
#425 = CARTESIAN_POINT ( 'NONE',  ( -7.933636022921485065, -3.907037583715759599, 1.065872961435662347 ) ) ;
#426 = CARTESIAN_POINT ( 'NONE',  ( -7.032480314960629642, -2.807035592774492549, 2.322538026854601423 ) ) ;
#427 = DIRECTION ( 'NONE',  ( 1.000000000000000000, -0.000000000000000000, -0.000000000000000000 ) ) ;
#428 = EDGE_CURVE ( 'NONE', #1220, #805, #197, .T. ) ;
#429 = DIRECTION ( 'NONE',  ( 1.000000000000000000, -0.000000000000000000, 0.000000000000000000 ) ) ;
#430 = CARTESIAN_POINT ( 'NONE',  ( -7.969252701430903585, -3.839466458419184658, 0.5923880330626488666 ) ) ;
#431 = ORIENTED_EDGE ( 'NONE', *, *, #1033, .F. ) ;
#432 = B_SPLINE_CURVE_WITH_KNOTS ( 'NONE', 3,
 ( #531, #69, #1035, #1289 ),
 .UNSPECIFIED., .F., .F.,
 ( 4, 4 ),
 ( 0.000000000000000000, 0.0004139848091969726114 ),
 .UNSPECIFIED. ) ;
#433 = CARTESIAN_POINT ( 'NONE',  ( -6.375000000000000000, -4.099424312615497890, 0.3307879583405035073 ) ) ;
#434 = CARTESIAN_POINT ( 'NONE',  ( -7.034461306464279140, -3.836345935634867477, 0.3929013253392740768 ) ) ;
#435 = ORIENTED_EDGE ( 'NONE', *, *, #1040, .T. ) ;
#436 = LINE ( 'NONE', #1405, #236 ) ;
#437 = EDGE_CURVE ( 'NONE', #630, #1011, #388, .T. ) ;
#438 = AXIS2_PLACEMENT_3D ( 'NONE', #974, #609, #1213 ) ;
#439 = ORIENTED_EDGE ( 'NONE', *, *, #499, .T. ) ;
#440 = CARTESIAN_POINT ( 'NONE',  ( -6.874999999999999112, -3.810379740625795542, 0.9653822026927607602 ) ) ;
#441 = CIRCLE ( 'NONE', #1411, 0.1004999999999996452 ) ;
#442 = ORIENTED_EDGE ( 'NONE', *, *, #1412, .T. ) ;
#443 = CARTESIAN_POINT ( 'NONE',  ( -6.874999999999999112, -2.710379740625795009, 0.9276031838164464638 ) ) ;
#444 = VECTOR ( 'NONE', #267, 39.37007874015748143 ) ;
#445 = CARTESIAN_POINT ( 'NONE',  ( -6.933513872746657647, -3.803345370250593493, 0.3401208071352876394 ) ) ;
#446 = CARTESIAN_POINT ( 'NONE',  ( -7.032480314960629642, -2.855261802546529726, 0.9183504029536422308 ) ) ;
#447 = CARTESIAN_POINT ( 'NONE',  ( -7.081824975644369857, -2.474478452149616814, 0.3769144608118611961 ) ) ;
#448 = VERTEX_POINT ( 'NONE', #351 ) ;
#449 = FILL_AREA_STYLE ('',( #1056 ) ) ;
#450 = EDGE_CURVE ( 'NONE', #502, #287, #1017, .T. ) ;
#451 = FACE_OUTER_BOUND ( 'NONE', #1064, .T. ) ;
#452 = CARTESIAN_POINT ( 'NONE',  ( -6.895034711389682158, -3.758371118108204900, 0.3279208694747384190 ) ) ;
#453 = CARTESIAN_POINT ( 'NONE',  ( -6.375000000000000000, -3.810379740625795542, 0.7643822026927613589 ) ) ;
#454 = CARTESIAN_POINT ( 'NONE',  ( -6.874999999999999112, -3.810379740625795542, 0.7643822026927613589 ) ) ;
#455 = ORIENTED_EDGE ( 'NONE', *, *, #1152, .T. ) ;
#456 = FACE_OUTER_BOUND ( 'NONE', #811, .T. ) ;
#457 = EDGE_LOOP ( 'NONE', ( #1316, #47, #1573, #1581, #1005, #5, #646, #455, #1598, #152 ) ) ;
#458 = DIRECTION ( 'NONE',  ( 0.000000000000000000, -0.9994107467479924622, 0.03432432496962169177 ) ) ;
#459 = EDGE_CURVE ( 'NONE', #1311, #753, #1591, .T. ) ;
#460 = CARTESIAN_POINT ( 'NONE',  ( -6.882770045293412409, -3.730844435845372953, 0.3244925314398668936 ) ) ;
#461 = DIRECTION ( 'NONE',  ( 0.8373732979746792982, -0.07258608813126302128, -0.5417907526423918485 ) ) ;
#462 = CARTESIAN_POINT ( 'NONE',  ( -7.674999999999999822, -3.125121187208145024, 1.085191770948159329 ) ) ;
#463 = VERTEX_POINT ( 'NONE', #1458 ) ;
#464 = DIRECTION ( 'NONE',  ( 0.000000000000000000, 1.000000000000000000, 0.000000000000000000 ) ) ;
#465 = VECTOR ( 'NONE', #984, 39.37007874015748143 ) ;
#466 = EDGE_LOOP ( 'NONE', ( #170, #377, #637 ) ) ;
#467 = DIRECTION ( 'NONE',  ( 0.000000000000000000, 0.03432432496962165014, 0.9994107467479924622 ) ) ;
#468 = AXIS2_PLACEMENT_3D ( 'NONE', #575, #836, #715 ) ;
#469 = CARTESIAN_POINT ( 'NONE',  ( -6.874999999999999112, -3.691245771727113656, 0.3217847093235706168 ) ) ;
#470 = AXIS2_PLACEMENT_3D ( 'NONE', #13, #1112, #1611 ) ;
#471 = CYLINDRICAL_SURFACE ( 'NONE', #1592, 0.2500000000000001665 ) ;
#472 = EDGE_CURVE ( 'NONE', #817, #99, #374, .T. ) ;
#473 = CARTESIAN_POINT ( 'NONE',  ( 0.000000000000000000, 0.006517608137949825430, 0.1897711789503262747 ) ) ;
#474 = EDGE_LOOP ( 'NONE', ( #1023, #678 ) ) ;
#475 = CARTESIAN_POINT ( 'NONE',  ( -7.974999999999999645, -3.772447381169390823, 0.9573354658474629852 ) ) ;
#476 = ORIENTED_EDGE ( 'NONE', *, *, #264, .F. ) ;
#477 = CARTESIAN_POINT ( 'NONE',  ( -7.741072614029995691, -2.487395220159184905, 1.063289351541742311 ) ) ;
#478 = CARTESIAN_POINT ( 'NONE',  ( -6.375000000000000000, -2.431632466126977921, 1.061374204144307720 ) ) ;
#479 = LINE ( 'NONE', #320, #1144 ) ;
#480 = CARTESIAN_POINT ( 'NONE',  ( -6.874999999999999112, -3.810379740625795542, 0.8648822026927610596 ) ) ;
#481 = EDGE_CURVE ( 'NONE', #1503, #194, #1409, .T. ) ;
#482 = EDGE_LOOP ( 'NONE', ( #1116, #268, #850, #992 ) ) ;
#483 = FACE_OUTER_BOUND ( 'NONE', #1031, .T. ) ;
#484 = ORIENTED_EDGE ( 'NONE', *, *, #784, .T. ) ;
#485 = DIRECTION ( 'NONE',  ( -0.000000000000000000, 0.000000000000000000, 1.000000000000000000 ) ) ;
#486 = FACE_OUTER_BOUND ( 'NONE', #1422, .T. ) ;
#487 = ORIENTED_EDGE ( 'NONE', *, *, #1614, .T. ) ;
#488 = CARTESIAN_POINT ( 'NONE',  ( -7.963430176783034220, -3.846394563430751479, 1.018327756603319312 ) ) ;
#489 = ADVANCED_FACE ( 'NONE', ( #93 ), #119, .T. ) ;
#490 = ORIENTED_EDGE ( 'NONE', *, *, #1113, .T. ) ;
#491 = CARTESIAN_POINT ( 'NONE',  ( -6.875000000000000000, -3.270677038116681423, 0.4456694692302068384 ) ) ;
#492 = AXIS2_PLACEMENT_3D ( 'NONE', #693, #719, #1604 ) ;
#493 = DIRECTION ( 'NONE',  ( 0.000000000000000000, -0.9994107467479924622, 0.03432432496962169177 ) ) ;
#494 = CIRCLE ( 'NONE', #318, 0.1269685049999994819 ) ;
#495 = EDGE_LOOP ( 'NONE', ( #431, #1404, #1175, #487, #331 ) ) ;
#496 = FACE_OUTER_BOUND ( 'NONE', #416, .T. ) ;
#497 = EDGE_LOOP ( 'NONE', ( #741, #63 ) ) ;
#498 = DIRECTION ( 'NONE',  ( -3.630219604640609587E-16, -0.9994107467479923512, 0.03432432496962162932 ) ) ;
#499 = EDGE_CURVE ( 'NONE', #1284, #379, #1228, .T. ) ;
#500 = APPLICATION_PROTOCOL_DEFINITION ( 'draft international standard', 'automotive_design', 1998, #987 ) ;
#501 = FACE_OUTER_BOUND ( 'NONE', #495, .T. ) ;
#502 = VERTEX_POINT ( 'NONE', #1361 ) ;
#503 = DIRECTION ( 'NONE',  ( 0.000000000000000000, 0.9994107467479924622, -0.03432432496962116442 ) ) ;
#504 = ORIENTED_EDGE ( 'NONE', *, *, #535, .T. ) ;
#505 = CARTESIAN_POINT ( 'NONE',  ( -7.248456254455978076, -4.068166842887026569, 0.5399575410629717798 ) ) ;
#506 = EDGE_CURVE ( 'NONE', #1134, #23, #187, .T. ) ;
#507 = FACE_OUTER_BOUND ( 'NONE', #590, .T. ) ;
#508 = ORIENTED_EDGE ( 'NONE', *, *, #1040, .F. ) ;
#509 = CYLINDRICAL_SURFACE ( 'NONE', #7, 0.3750000000000000555 ) ;
#510 = EDGE_LOOP ( 'NONE', ( #902, #422 ) ) ;
#511 = DIRECTION ( 'NONE',  ( 0.8373732979746792982, -0.07258608813126360415, -0.5417907526423918485 ) ) ;
#512 = AXIS2_PLACEMENT_3D ( 'NONE', #1215, #1104, #1571 ) ;
#513 = DIRECTION ( 'NONE',  ( 0.000000000000000000, 0.000000000000000000, -1.000000000000000000 ) ) ;
#514 = EDGE_CURVE ( 'NONE', #1588, #973, #259, .T. ) ;
#515 = CARTESIAN_POINT ( 'NONE',  ( -7.674999999999999822, -3.773172952083681420, 0.4820803249420019254 ) ) ;
#516 = EDGE_CURVE ( 'NONE', #1184, #817, #1565, .T. ) ;
#517 = ORIENTED_EDGE ( 'NONE', *, *, #188, .F. ) ;
#518 = CARTESIAN_POINT ( 'NONE',  ( -7.674999999999999822, -2.625415813834148349, 1.068029608463348712 ) ) ;
#519 = AXIS2_PLACEMENT_3D ( 'NONE', #1230, #601, #1108 ) ;
#520 = AXIS2_PLACEMENT_3D ( 'NONE', #37, #307, #1295 ) ;
#521 = ORIENTED_EDGE ( 'NONE', *, *, #1139, .F. ) ;
#522 = FACE_OUTER_BOUND ( 'NONE', #482, .T. ) ;
#523 = CARTESIAN_POINT ( 'NONE',  ( -7.824999999999999289, -4.017876990025234463, 0.6405730181966060588 ) ) ;
#524 = CARTESIAN_POINT ( 'NONE',  ( -7.674999999999999822, -2.646868516940162230, 0.4433978917458532010 ) ) ;
#525 = VERTEX_POINT ( 'NONE', #594 ) ;
#526 = CARTESIAN_POINT ( 'NONE',  ( -7.081824975644370745, -4.082610953677875187, 0.4321450682035437030 ) ) ;
#527 = ADVANCED_FACE ( 'NONE', ( #1469, #1091, #854, #603 ), #101, .F. ) ;
#528 = VERTEX_POINT ( 'NONE', #1117 ) ;
#529 = DIRECTION ( 'NONE',  ( 0.000000000000000000, 0.000000000000000000, -1.000000000000000000 ) ) ;
#530 = CARTESIAN_POINT ( 'NONE',  ( -7.001030487973272542, -2.720695930119081396, 0.3333494720683119472 ) ) ;
#531 = CARTESIAN_POINT ( 'NONE',  ( -6.866955371737041958, -2.458529975651221111, 0.2782077441170141552 ) ) ;
#532 = VERTEX_POINT ( 'NONE', #1110 ) ;
#533 = FACE_BOUND ( 'NONE', #474, .T. ) ;
#534 = ORIENTED_EDGE ( 'NONE', *, *, #565, .F. ) ;
#535 = EDGE_CURVE ( 'NONE', #448, #528, #826, .T. ) ;
#536 = CYLINDRICAL_SURFACE ( 'NONE', #1275, 0.1269685049999994819 ) ;
#537 = DIRECTION ( 'NONE',  ( 0.000000000000000000, 0.9994107467479924622, -0.03432432496962189300 ) ) ;
#538 = CIRCLE ( 'NONE', #1564, 0.1269685049999994819 ) ;
#539 = VECTOR ( 'NONE', #690, 39.37007874015748143 ) ;
#540 = CARTESIAN_POINT ( 'NONE',  ( -6.874999999999999112, -4.072397285080363361, 1.117725554205064586 ) ) ;
#541 = CARTESIAN_POINT ( 'NONE',  ( -7.974099411620492184, -3.806068142780190122, 0.6163368439516860864 ) ) ;
#542 =( BOUNDED_CURVE ( )  B_SPLINE_CURVE ( 3, ( #1579, #1345, #221, #1093 ),
 .UNSPECIFIED., .F., .T. ) 
 B_SPLINE_CURVE_WITH_KNOTS ( ( 4, 4 ),
 ( 0.9946979228056397337, 1.385371462223561556 ),
 .UNSPECIFIED. ) 
 CURVE ( )  GEOMETRIC_REPRESENTATION_ITEM ( )  RATIONAL_B_SPLINE_CURVE ( ( 1.000000000000000000, 0.9873215728126902846, 0.9873215728126902846, 1.000000000000000000 ) ) 
 REPRESENTATION_ITEM ( '' )  );
#543 = AXIS2_PLACEMENT_3D ( 'NONE', #825, #1445, #1331 ) ;
#544 = EDGE_LOOP ( 'NONE', ( #490, #1240, #1025, #1531, #1512, #827, #484, #1606, #1397, #521 ) ) ;
#545 = FACE_OUTER_BOUND ( 'NONE', #653, .T. ) ;
#546 = CONICAL_SURFACE ( 'NONE', #164, 0.1004999999999996452, 1.029744258676646540 ) ;
#547 = DIRECTION ( 'NONE',  ( -0.8373732979746792982, -0.03524376468170773574, 0.5454941217740749693 ) ) ;
#548 = EDGE_CURVE ( 'NONE', #21, #617, #838, .T. ) ;
#549 = LINE ( 'NONE', #52, #1126 ) ;
#550 = ORIENTED_EDGE ( 'NONE', *, *, #834, .T. ) ;
#551 = CARTESIAN_POINT ( 'NONE',  ( -6.976960339059242067, -2.464065713676364844, 0.3083959473454599420 ) ) ;
#552 = VERTEX_POINT ( 'NONE', #491 ) ;
#553 = DIRECTION ( 'NONE',  ( 0.000000000000000000, 0.000000000000000000, -1.000000000000000000 ) ) ;
#554 = FACE_OUTER_BOUND ( 'NONE', #1286, .T. ) ;
#555 = ORIENTED_EDGE ( 'NONE', *, *, #1441, .T. ) ;
#556 = PLANE ( 'NONE',  #995 ) ;
#557 = ORIENTED_EDGE ( 'NONE', *, *, #1495, .F. ) ;
#558 = CARTESIAN_POINT ( 'NONE',  ( -7.959742344624574528, -3.856864838678642382, 1.026791555652659449 ) ) ;
#559 = DIRECTION ( 'NONE',  ( 0.000000000000000000, -0.03432432496962190688, -0.9994107467479923512 ) ) ;
#560 = DIRECTION ( 'NONE',  ( 0.000000000000000000, 0.000000000000000000, -1.000000000000000000 ) ) ;
#561 = CARTESIAN_POINT ( 'NONE',  ( -6.375000000000000000, -3.270677038116681423, 0.6466694692302060732 ) ) ;
#562 = AXIS2_PLACEMENT_3D ( 'NONE', #306, #297, #676 ) ;
#563 = DIRECTION ( 'NONE',  ( -0.000000000000000000, 0.03432432496962170565, 0.9994107467479923512 ) ) ;
#564 = VECTOR ( 'NONE', #498, 39.37007874015748143 ) ;
#565 = EDGE_CURVE ( 'NONE', #277, #655, #1609, .T. ) ;
#566 = ORIENTED_EDGE ( 'NONE', *, *, #635, .T. ) ;
#567 = PLANE ( 'NONE',  #1305 ) ;
#568 = VECTOR ( 'NONE', #301, 39.37007874015748143 ) ;
#569 = DIRECTION ( 'NONE',  ( -0.000000000000000000, 0.03432432496962170565, 0.9994107467479924622 ) ) ;
#570 = AXIS2_PLACEMENT_3D ( 'NONE', #735, #858, #610 ) ;
#571 = CARTESIAN_POINT ( 'NONE',  ( -7.286108563621276346, -3.816780075562216545, 0.4835779925247630784 ) ) ;
#572 = CARTESIAN_POINT ( 'NONE',  ( -6.375000000000000000, -4.072397285080363361, 1.117725554205064586 ) ) ;
#573 = DIRECTION ( 'NONE',  ( 0.000000000000000000, -0.03432432496962165708, -0.9994107467479924622 ) ) ;
#574 = ORIENTED_EDGE ( 'NONE', *, *, #685, .T. ) ;
#575 = CARTESIAN_POINT ( 'NONE',  ( -7.674999999999999822, -2.752309502229674187, 1.072387716689875647 ) ) ;
#576 = ADVANCED_FACE ( 'NONE', ( #1100 ), #710, .F. ) ;
#577 = ORIENTED_EDGE ( 'NONE', *, *, #514, .F. ) ;
#578 = DIRECTION ( 'NONE',  ( 0.000000000000000000, 0.9994107467479923512, -0.03432432496962165014 ) ) ;
#579 = DIRECTION ( 'NONE',  ( -0.9979312287186349328, -0.06425257275964109394, 0.002206726508307387934 ) ) ;
#580 = CARTESIAN_POINT ( 'NONE',  ( -6.883027985767038004, -4.098686779333679198, 0.3371946645987333180 ) ) ;
#581 = VERTEX_POINT ( 'NONE', #1601 ) ;
#582 = CARTESIAN_POINT ( 'NONE',  ( -7.974999999999999645, -3.777751566535916261, 0.9617435066222976836 ) ) ;
#583 = EDGE_CURVE ( 'NONE', #805, #1356, #1351, .T. ) ;
#584 = ORIENTED_EDGE ( 'NONE', *, *, #186, .T. ) ;
#585 = DIRECTION ( 'NONE',  ( 0.000000000000000000, -0.03432432496962165708, -0.9994107467479924622 ) ) ;
#586 = EDGE_CURVE ( 'NONE', #405, #305, #1484, .T. ) ;
#587 = CARTESIAN_POINT ( 'NONE',  ( -6.890382495832819920, -3.749523550083809553, 0.3266389590846374702 ) ) ;
#588 = CARTESIAN_POINT ( 'NONE',  ( -7.286108563621273682, 0.5029192434673479539, -0.04000129146843788702 ) ) ;
#589 = CARTESIAN_POINT ( 'NONE',  ( -7.674999999999999822, -3.646279263688155581, 0.4777222167154749899 ) ) ;
#590 = EDGE_LOOP ( 'NONE', ( #348, #435, #998, #1468 ) ) ;
#591 = CARTESIAN_POINT ( 'NONE',  ( -6.875000000000004441, 0.07636543993808167508, 2.223508879542803296 ) ) ;
#592 = VECTOR ( 'NONE', #1559, 39.37007874015748143 ) ;
#593 = EDGE_LOOP ( 'NONE', ( #32, #1324, #65, #1399 ) ) ;
#594 = CARTESIAN_POINT ( 'NONE',  ( -7.018175024355629787, -4.088128326855368755, 0.3909627722098865110 ) ) ;
#595 = CARTESIAN_POINT ( 'NONE',  ( -7.974819137303581940, -2.730623201095381258, 0.9300577560286457102 ) ) ;
#596 = ADVANCED_FACE ( 'NONE', ( #1383 ), #1263, .F. ) ;
#597 = AXIS2_PLACEMENT_3D ( 'NONE', #1376, #370, #1502 ) ;
#598 = CARTESIAN_POINT ( 'NONE',  ( -7.028616419530860249, -2.716610485590999158, 0.3506453870527756478 ) ) ;
#599 = DIRECTION ( 'NONE',  ( 0.000000000000000000, 0.000000000000000000, -1.000000000000000000 ) ) ;
#600 = ORIENTED_EDGE ( 'NONE', *, *, #1451, .F. ) ;
#601 = DIRECTION ( 'NONE',  ( 0.000000000000000000, 0.03432432496962165014, 0.9994107467479924622 ) ) ;
#602 = ORIENTED_EDGE ( 'NONE', *, *, #1543, .F. ) ;
#603 = FACE_OUTER_BOUND ( 'NONE', #457, .T. ) ;
#604 = EDGE_CURVE ( 'NONE', #1000, #1489, #1156, .T. ) ;
#605 = CARTESIAN_POINT ( 'NONE',  ( -6.926247584051531625, -2.759686480592371982, 0.3019404048932138873 ) ) ;
#606 = ORIENTED_EDGE ( 'NONE', *, *, #1254, .T. ) ;
#607 = DIRECTION ( 'NONE',  ( -1.356992124760766492E-15, 1.000000000000000000, 0.000000000000000000 ) ) ;
#608 = ORIENTED_EDGE ( 'NONE', *, *, #1187, .T. ) ;
#609 = DIRECTION ( 'NONE',  ( 3.913965451317619486E-16, 0.9994107467479924622, -0.03432432496962165708 ) ) ;
#610 = DIRECTION ( 'NONE',  ( 1.000000000000000000, 0.000000000000000000, 0.000000000000000000 ) ) ;
#611 = UNCERTAINTY_MEASURE_WITH_UNIT (LENGTH_MEASURE( 1.000000000000000082E-05 ), #1192, 'distance_accuracy_value', 'NONE');
#612 = CARTESIAN_POINT ( 'NONE',  ( -7.267519685039369293, -2.886442291484422551, 0.4516259482465601605 ) ) ;
#613 = CARTESIAN_POINT ( 'NONE',  ( -6.375000000000000000, -2.710379740625795009, 0.9276031838164464638 ) ) ;
#614 = ORIENTED_EDGE ( 'NONE', *, *, #1594, .F. ) ;
#615 = DIRECTION ( 'NONE',  ( 1.000000000000000000, -0.000000000000000000, -0.000000000000000000 ) ) ;
#616 = EDGE_CURVE ( 'NONE', #99, #418, #1131, .T. ) ;
#617 = VERTEX_POINT ( 'NONE', #1500 ) ;
#618 = DIRECTION ( 'NONE',  ( 0.8384477127988018141, 0.000000000000000000, -0.5449820482387085496 ) ) ;
#619 = VECTOR ( 'NONE', #1610, 39.37007874015748143 ) ;
#620 = AXIS2_PLACEMENT_3D ( 'NONE', #380, #42, #529 ) ;
#621 = CARTESIAN_POINT ( 'NONE',  ( -7.032480314960629642, -2.717099384820387264, 0.3531736687977195532 ) ) ;
#622 = VECTOR ( 'NONE', #181, 39.37007874015748854 ) ;
#623 = EDGE_LOOP ( 'NONE', ( #270, #1007, #830, #923, #29 ) ) ;
#624 = CARTESIAN_POINT ( 'NONE',  ( -6.375000000000000000, -3.810379740625795542, 0.7643822026927613589 ) ) ;
#625 = ORIENTED_EDGE ( 'NONE', *, *, #1329, .T. ) ;
#626 = EDGE_CURVE ( 'NONE', #194, #243, #147, .T. ) ;
#627 = CARTESIAN_POINT ( 'NONE',  ( -6.813891436378725075, -2.458659493662112894, 0.2744366082797467521 ) ) ;
#628 = APPLICATION_PROTOCOL_DEFINITION ( 'draft international standard', 'automotive_design', 1998, #1242 ) ;
#629 = CARTESIAN_POINT ( 'NONE',  ( -7.035858053774643572, -2.717024070372441535, 0.3553665762686714635 ) ) ;
#630 = VERTEX_POINT ( 'NONE', #1256 ) ;
#631 = CYLINDRICAL_SURFACE ( 'NONE', #1568, 0.1574803149606299468 ) ;
#632 = VERTEX_POINT ( 'NONE', #1408 ) ;
#633 = CARTESIAN_POINT ( 'NONE',  ( -7.425000000000000711, -2.822168784113415541, 2.323057769691226238 ) ) ;
#634 = EDGE_CURVE ( 'NONE', #1536, #706, #1461, .T. ) ;
#635 = EDGE_CURVE ( 'NONE', #1251, #1153, #135, .T. ) ;
#636 = DIRECTION ( 'NONE',  ( 1.079303884694398585E-16, 0.03432432496962164320, 0.9994107467479923512 ) ) ;
#637 = ORIENTED_EDGE ( 'NONE', *, *, #291, .T. ) ;
#638 = CARTESIAN_POINT ( 'NONE',  ( -7.674999999999999822, -3.624826560582142143, 1.102353933432970168 ) ) ;
#639 = ORIENTED_EDGE ( 'NONE', *, *, #1187, .F. ) ;
#640 = FACE_OUTER_BOUND ( 'NONE', #373, .T. ) ;
#641 = VECTOR ( 'NONE', #335, 39.37007874015748143 ) ;
#642 = FACE_OUTER_BOUND ( 'NONE', #544, .T. ) ;
#643 = VECTOR ( 'NONE', #163, 39.37007874015748143 ) ;
#644 = ADVANCED_FACE ( 'NONE', ( #756 ), #1137, .F. ) ;
#645 = DIRECTION ( 'NONE',  ( 0.000000000000000000, 0.03432432496962192076, 0.9994107467479923512 ) ) ;
#646 = ORIENTED_EDGE ( 'NONE', *, *, #345, .T. ) ;
#647 = LINE ( 'NONE', #1523, #672 ) ;
#648 = VECTOR ( 'NONE', #427, 39.37007874015748143 ) ;
#649 = VERTEX_POINT ( 'NONE', #1124 ) ;
#650 = CARTESIAN_POINT ( 'NONE',  ( -7.725000000000000533, -2.758183721889406304, 0.4472209637722149855 ) ) ;
#651 = DIRECTION ( 'NONE',  ( -1.706398902093753131E-16, 0.03432432496962163626, 0.9994107467479924622 ) ) ;
#652 = CARTESIAN_POINT ( 'NONE',  ( -6.375000000000000000, -3.810379740625795542, 0.9653822026927607602 ) ) ;
#653 = EDGE_LOOP ( 'NONE', ( #1505, #1136, #146, #1446 ) ) ;
#654 = FACE_OUTER_BOUND ( 'NONE', #182, .T. ) ;
#655 = VERTEX_POINT ( 'NONE', #627 ) ;
#656 = CYLINDRICAL_SURFACE ( 'NONE', #881, 0.1004999999999996452 ) ;
#657 = ORIENTED_EDGE ( 'NONE', *, *, #675, .F. ) ;
#658 = LINE ( 'NONE', #1479, #849 ) ;
#659 = CARTESIAN_POINT ( 'NONE',  ( -7.974999999999999645, -3.783602786784518113, 0.6325269731543655682 ) ) ;
#660 = CARTESIAN_POINT ( 'NONE',  ( -6.375000000000000000, -3.270677038116681423, 0.6466694692302060732 ) ) ;
#661 = CARTESIAN_POINT ( 'NONE',  ( -7.974999999999999645, -3.783602786784518113, 0.6325269731543655682 ) ) ;
#662 = ORIENTED_EDGE ( 'NONE', *, *, #1550, .F. ) ;
#663 = SURFACE_STYLE_FILL_AREA ( #449 ) ;
#664 = EDGE_CURVE ( 'NONE', #980, #525, #24, .T. ) ;
#665 = LINE ( 'NONE', #949, #771 ) ;
#666 = DIRECTION ( 'NONE',  ( 0.000000000000000000, -0.03432432496962165014, -0.9994107467479923512 ) ) ;
#667 = AXIS2_PLACEMENT_3D ( 'NONE', #1450, #180, #559 ) ;
#668 = AXIS2_PLACEMENT_3D ( 'NONE', #1494, #585, #578 ) ;
#669 = ORIENTED_EDGE ( 'NONE', *, *, #459, .T. ) ;
#670 = DIRECTION ( 'NONE',  ( -0.000000000000000000, 0.03432432496962170565, 0.9994107467479923512 ) ) ;
#671 = VECTOR ( 'NONE', #179, 39.37007874015748143 ) ;
#672 = VECTOR ( 'NONE', #255, 39.37007874015748143 ) ;
#673 = ORIENTED_EDGE ( 'NONE', *, *, #616, .F. ) ;
#674 = CARTESIAN_POINT ( 'NONE',  ( -7.950877552527411574, -3.877312846841177940, 1.043052036482889466 ) ) ;
#675 = EDGE_CURVE ( 'NONE', #400, #340, #1095, .T. ) ;
#676 = DIRECTION ( 'NONE',  ( 0.9979287960776274113, 0.06432820500415994958, 0.000000000000000000 ) ) ;
#677 = CARTESIAN_POINT ( 'NONE',  ( -6.375000000000000000, -2.431632466126977921, 1.061374204144307720 ) ) ;
#678 = ORIENTED_EDGE ( 'NONE', *, *, #437, .F. ) ;
#679 = CARTESIAN_POINT ( 'NONE',  ( -6.883027985767038004, -2.458955736505874512, 0.2808788191268512535 ) ) ;
#680 = ORIENTED_EDGE ( 'NONE', *, *, #1350, .F. ) ;
#681 =( LENGTH_UNIT ( ) NAMED_UNIT ( * ) SI_UNIT ( $, .METRE. ) );
#682 = ORIENTED_EDGE ( 'NONE', *, *, #1543, .T. ) ;
#683 = CARTESIAN_POINT ( 'NONE',  ( -6.375000000000000000, -4.099424312615497890, 0.3307879583405035073 ) ) ;
#684 = LINE ( 'NONE', #213, #857 ) ;
#685 = EDGE_CURVE ( 'NONE', #980, #900, #1015, .T. ) ;
#686 = CARTESIAN_POINT ( 'NONE',  ( -7.286108563621276346, -4.074534256527550191, 0.4924304471321614418 ) ) ;
#687 = CARTESIAN_POINT ( 'NONE',  ( -7.974999999999999645, -3.789196850924567705, 0.6284932662254697489 ) ) ;
#688 = EDGE_LOOP ( 'NONE', ( #1168, #550, #1114, #780 ) ) ;
#689 = FACE_OUTER_BOUND ( 'NONE', #337, .T. ) ;
#690 = DIRECTION ( 'NONE',  ( 0.5150380749100610389, 1.049727191138613642E-16, 0.8571673007021082258 ) ) ;
#691 = CARTESIAN_POINT ( 'NONE',  ( -7.824999999999999289, -2.507737248917141670, 1.063987989622132480 ) ) ;
#692 = ADVANCED_FACE ( 'NONE', ( #522 ), #1506, .F. ) ;
#693 = CARTESIAN_POINT ( 'NONE',  ( -7.725000000000000533, -2.736731018783392422, 1.071852680489710163 ) ) ;
#694 = LINE ( 'NONE', #1605, #31 ) ;
#695 = COLOUR_RGB ( '',0.7921568627450980005, 0.8196078431372548767, 0.9333333333333333481 ) ;
#696 = ORIENTED_EDGE ( 'NONE', *, *, #1532, .F. ) ;
#697 = CARTESIAN_POINT ( 'NONE',  ( -7.018175024355629787, -2.718069052651737483, 0.3439086856809701609 ) ) ;
#698 =( GEOMETRIC_REPRESENTATION_CONTEXT ( 3 ) GLOBAL_UNCERTAINTY_ASSIGNED_CONTEXT ( ( #611 ) ) GLOBAL_UNIT_ASSIGNED_CONTEXT ( ( #1192, #66, #803 ) ) REPRESENTATION_CONTEXT ( 'NONE', 'WORKASPACE' ) );
#699 = VECTOR ( 'NONE', #1216, 39.37007874015748143 ) ;
#700 = B_SPLINE_CURVE_WITH_KNOTS ( 'NONE', 3,
 ( #580, #215, #1464, #1227 ),
 .UNSPECIFIED., .F., .F.,
 ( 4, 4 ),
 ( 0.000000000000000000, 0.0004139848091969747256 ),
 .UNSPECIFIED. ) ;
#701 = ORIENTED_EDGE ( 'NONE', *, *, #1009, .T. ) ;
#702 = DIRECTION ( 'NONE',  ( 0.000000000000000000, -0.9994107467479924622, 0.03432432496962223301 ) ) ;
#703 = CARTESIAN_POINT ( 'NONE',  ( -7.009635239669893991, -3.835271561671722562, 0.3767277484711525348 ) ) ;
#704 = DIRECTION ( 'NONE',  ( 1.000000000000000000, -0.000000000000000000, -0.000000000000000000 ) ) ;
#705 = CARTESIAN_POINT ( 'NONE',  ( -7.081824975644369857, -2.718849952547078619, 0.3853072931085421149 ) ) ;
#706 = VERTEX_POINT ( 'NONE', #271 ) ;
#707 = CARTESIAN_POINT ( 'NONE',  ( -7.950877552527416015, -2.648169607472175890, 0.5114160051489875514 ) ) ;
#708 = B_SPLINE_CURVE_WITH_KNOTS ( 'NONE', 3,
 ( #387, #1277, #896, #878 ),
 .UNSPECIFIED., .F., .F.,
 ( 4, 4 ),
 ( 2.513613718096990366E-16, 0.0002159090158312768233 ),
 .UNSPECIFIED. ) ;
#709 = ORIENTED_EDGE ( 'NONE', *, *, #38, .T. ) ;
#710 = PLANE ( 'NONE',  #1304 ) ;
#711 = CARTESIAN_POINT ( 'NONE',  ( -6.957816365057197139, -3.819107796363041540, 0.3497717021185070552 ) ) ;
#712 = DIRECTION ( 'NONE',  ( -0.8373732979746792982, -0.03524376468170586224, 0.5454941217740748582 ) ) ;
#713 = CARTESIAN_POINT ( 'NONE',  ( -7.032480314960629642, -2.649648073601580389, 2.317132621347574251 ) ) ;
#714 = ORIENTED_EDGE ( 'NONE', *, *, #1211, .F. ) ;
#715 = DIRECTION ( 'NONE',  ( 0.000000000000000000, -0.9994107467479924622, 0.03432432496962223301 ) ) ;
#716 = ORIENTED_EDGE ( 'NONE', *, *, #1342, .F. ) ;
#717 = EDGE_CURVE ( 'NONE', #962, #305, #708, .T. ) ;
#718 = DIRECTION ( 'NONE',  ( -0.000000000000000000, 0.03432432496962170565, 0.9994107467479924622 ) ) ;
#719 = DIRECTION ( 'NONE',  ( 0.000000000000000000, 0.03432432496962165014, 0.9994107467479924622 ) ) ;
#720 = CARTESIAN_POINT ( 'NONE',  ( -6.935386492212270326, -2.710379740625795009, 0.8271031838164467631 ) ) ;
#721 = VECTOR ( 'NONE', #1207, 39.37007874015748143 ) ;
#722 = ORIENTED_EDGE ( 'NONE', *, *, #216, .F. ) ;
#723 = CARTESIAN_POINT ( 'NONE',  ( -7.027703655371627001, -2.717205891421333952, 0.3500725490618024072 ) ) ;
#724 = ORIENTED_EDGE ( 'NONE', *, *, #357, .T. ) ;
#725 = CARTESIAN_POINT ( 'NONE',  ( -7.674999999999999822, -3.773172952083681420, 0.4820803249420019254 ) ) ;
#726 = VECTOR ( 'NONE', #249, 39.37007874015748143 ) ;
#727 = EDGE_CURVE ( 'NONE', #223, #1503, #1517, .T. ) ;
#728 = AXIS2_PLACEMENT_3D ( 'NONE', #1089, #356, #464 ) ;
#729 = CARTESIAN_POINT ( 'NONE',  ( -6.882835072459688064, -2.826615855166773272, 0.2934494198079665161 ) ) ;
#730 = CARTESIAN_POINT ( 'NONE',  ( -7.286108563621276346, -4.067380445861195959, 0.4921847526337960743 ) ) ;
#731 = EDGE_LOOP ( 'NONE', ( #1203, #1155, #948, #386, #384 ) ) ;
#732 = CARTESIAN_POINT ( 'NONE',  ( -7.277644166318103736, -3.817558065680684898, 0.4835091157250207550 ) ) ;
#733 = ORIENTED_EDGE ( 'NONE', *, *, #1561, .T. ) ;
#734 = CARTESIAN_POINT ( 'NONE',  ( -7.286108563621276346, -4.074534256527550191, 0.4924304471321614418 ) ) ;
#735 = CARTESIAN_POINT ( 'NONE',  ( 0.000000000000000000, 0.000000000000000000, 0.000000000000000000 ) ) ;
#736 = CARTESIAN_POINT ( 'NONE',  ( -6.890436024118357317, -2.807915278111168256, 0.2943110584537738661 ) ) ;
#737 = ADVANCED_FACE ( 'NONE', ( #640 ), #1146, .F. ) ;
#738 = CARTESIAN_POINT ( 'NONE',  ( -7.042604796239351650, -2.717199235027105253, 0.3597579026848120587 ) ) ;
#739 = ORIENTED_EDGE ( 'NONE', *, *, #188, .T. ) ;
#740 = PLANE ( 'NONE',  #368 ) ;
#741 = ORIENTED_EDGE ( 'NONE', *, *, #928, .F. ) ;
#742 = DIRECTION ( 'NONE',  ( 0.000000000000000000, 0.03432432496962165014, 0.9994107467479924622 ) ) ;
#743 = CARTESIAN_POINT ( 'NONE',  ( -6.874999999999999112, -3.611352549902636877, 2.350161940951237760 ) ) ;
#744 = EDGE_CURVE ( 'NONE', #295, #207, #278, .T. ) ;
#745 = ORIENTED_EDGE ( 'NONE', *, *, #634, .F. ) ;
#746 = CARTESIAN_POINT ( 'NONE',  ( -7.725000000000000533, -3.767298732423947527, 1.107247077859661921 ) ) ;
#747 = EDGE_LOOP ( 'NONE', ( #1107, #16, #265, #1290 ) ) ;
#748 = DIRECTION ( 'NONE',  ( -0.000000000000000000, -0.9994107467479923512, 0.03432432496962162932 ) ) ;
#749 = CIRCLE ( 'NONE', #667, 0.3750000000000001110 ) ;
#750 = VECTOR ( 'NONE', #220, 39.37007874015748143 ) ;
#751 = VECTOR ( 'NONE', #222, 39.37007874015748854 ) ;
#752 = DIRECTION ( 'NONE',  ( 0.000000000000000000, -0.03432432496962165014, -0.9994107467479923512 ) ) ;
#753 = VERTEX_POINT ( 'NONE', #1400 ) ;
#754 = CARTESIAN_POINT ( 'NONE',  ( -6.874999999999999112, -2.710379740625795009, 0.7266031838164471734 ) ) ;
#755 = VERTEX_POINT ( 'NONE', #770 ) ;
#756 = FACE_OUTER_BOUND ( 'NONE', #894, .T. ) ;
#757 = EDGE_CURVE ( 'NONE', #1499, #1311, #1487, .T. ) ;
#758 = CARTESIAN_POINT ( 'NONE',  ( -7.277644166318103736, -3.817558065680684898, 0.4835091157250207550 ) ) ;
#759 = VERTEX_POINT ( 'NONE', #812 ) ;
#760 = CARTESIAN_POINT ( 'NONE',  ( -7.674999999999999822, -3.378908563999196257, 1.093907987401213644 ) ) ;
#761 = B_SPLINE_CURVE_WITH_KNOTS ( 'NONE', 3,
 ( #972, #1599, #117, #218, #1475, #1115, #1589, #1613, #330, #91, #707, #1341, #1482, #98, #828, #1456, #224, #1218, #1582, #844 ),
 .UNSPECIFIED., .F., .F.,
 ( 4, 2, 2, 2, 2, 2, 2, 2, 2, 4 ),
 ( 0.000000000000000000, 0.001051064877358155302, 0.002102129754716310604, 0.003153194632074466340, 0.004204259509432621209, 0.005255324386790776077, 0.006306389264148932680, 0.007357454141507087549, 0.007882986580186174957, 0.008408519018865263234 ),
 .UNSPECIFIED. ) ;
#762 = ORIENTED_EDGE ( 'NONE', *, *, #148, .T. ) ;
#763 = DIRECTION ( 'NONE',  ( 0.5447562346050796034, 0.02878418828215913161, 0.8381003014937012940 ) ) ;
#764 = ADVANCED_FACE ( 'NONE', ( #689 ), #3, .F. ) ;
#765 = CARTESIAN_POINT ( 'NONE',  ( -6.875000000000000000, -3.270677038116681423, 0.6466694692302060732 ) ) ;
#766 = MANIFOLD_SOLID_BREP ( 'Fillet173', #55 ) ;
#767 = DIRECTION ( 'NONE',  ( 0.000000000000000000, 0.000000000000000000, -1.000000000000000000 ) ) ;
#768 = CYLINDRICAL_SURFACE ( 'NONE', #1491, 0.2499999999999998890 ) ;
#769 = ORIENTED_EDGE ( 'NONE', *, *, #1222, .F. ) ;
#770 = CARTESIAN_POINT ( 'NONE',  ( -7.424999999999999822, -3.660492865934627194, 0.4782103766678116874 ) ) ;
#771 = VECTOR ( 'NONE', #547, 39.37007874015748854 ) ;
#772 = CARTESIAN_POINT ( 'NONE',  ( -7.286108563621274570, -2.479554711558172198, 0.4376515722805857100 ) ) ;
#773 = ADVANCED_FACE ( 'NONE', ( #930 ), #656, .F. ) ;
#774 = AXIS2_PLACEMENT_3D ( 'NONE', #1442, #203, #1193 ) ;
#775 = DIRECTION ( 'NONE',  ( -0.000000000000000000, -0.9994107467479924622, 0.03432432496962164320 ) ) ;
#776 = AXIS2_PLACEMENT_3D ( 'NONE', #1037, #1537, #1530 ) ;
#777 = CARTESIAN_POINT ( 'NONE',  ( -6.874999999999999112, -2.710379740625795009, 0.8271031838164467631 ) ) ;
#778 = CARTESIAN_POINT ( 'NONE',  ( -7.725000000000000533, -3.788751435529961409, 0.4826153611421666878 ) ) ;
#779 = AXIS2_PLACEMENT_3D ( 'NONE', #908, #1165, #1414 ) ;
#780 = ORIENTED_EDGE ( 'NONE', *, *, #928, .T. ) ;
#781 = LINE ( 'NONE', #1299, #671 ) ;
#782 = CARTESIAN_POINT ( 'NONE',  ( -6.874999999999999112, -2.866487821349601894, 0.2934587582547503737 ) ) ;
#783 = CARTESIAN_POINT ( 'NONE',  ( -6.935386492212270326, -3.810379740625795542, 0.8648822026927610596 ) ) ;
#784 = EDGE_CURVE ( 'NONE', #243, #755, #781, .T. ) ;
#785 = CARTESIAN_POINT ( 'NONE',  ( -7.741072614029995691, -4.016634531048155488, 1.115810406807629773 ) ) ;
#786 = LINE ( 'NONE', #1047, #855 ) ;
#787 = ORIENTED_EDGE ( 'NONE', *, *, #1501, .F. ) ;
#788 = DIRECTION ( 'NONE',  ( 1.000000000000000000, -0.000000000000000000, -0.000000000000000000 ) ) ;
#789 = CARTESIAN_POINT ( 'NONE',  ( -7.424999999999999822, -3.596219358563607749, 2.349642198113221614 ) ) ;
#790 = LINE ( 'NONE', #933, #239 ) ;
#791 = VERTEX_POINT ( 'NONE', #82 ) ;
#792 = CYLINDRICAL_SURFACE ( 'NONE', #1518, 0.1004999999999996452 ) ;
#793 = ADVANCED_FACE ( 'NONE', ( #545 ), #57, .F. ) ;
#794 = ORIENTED_EDGE ( 'NONE', *, *, #1394, .F. ) ;
#795 = CARTESIAN_POINT ( 'NONE',  ( -7.945690771105694772, -3.887345515894630399, 1.050895211796609052 ) ) ;
#796 = DIRECTION ( 'NONE',  ( 1.000000000000000000, -0.000000000000000000, -0.000000000000000000 ) ) ;
#797 = CARTESIAN_POINT ( 'NONE',  ( -6.875000000000000000, -2.807035592774497434, 2.322538026854469528 ) ) ;
#798 = CIRCLE ( 'NONE', #184, 0.1004999999999996452 ) ;
#799 = ORIENTED_EDGE ( 'NONE', *, *, #49, .F. ) ;
#800 = CARTESIAN_POINT ( 'NONE',  ( -7.837859455379230234, -4.012136186032943641, 0.4902874126930146792 ) ) ;
#801 = ORIENTED_EDGE ( 'NONE', *, *, #245, .T. ) ;
#802 = EDGE_CURVE ( 'NONE', #1476, #56, #323, .T. ) ;
#803 =( NAMED_UNIT ( * ) SI_UNIT ( $, .STERADIAN. ) SOLID_ANGLE_UNIT ( ) );
#804 = AXIS2_PLACEMENT_3D ( 'NONE', #515, #122, #493 ) ;
#805 = VERTEX_POINT ( 'NONE', #1049 ) ;
#806 = ADVANCED_FACE ( 'NONE', ( #1548 ), #567, .F. ) ;
#807 = DIRECTION ( 'NONE',  ( -0.000000000000000000, 0.9994107467479923512, -0.03432432496962165708 ) ) ;
#808 = CARTESIAN_POINT ( 'NONE',  ( -7.973560632957800820, -2.713826324767849574, 0.9421516004747988449 ) ) ;
#809 = FACE_OUTER_BOUND ( 'NONE', #1096, .T. ) ;
#810 = CARTESIAN_POINT ( 'NONE',  ( -7.824999999999999289, -2.507737248917141670, 1.063987989622132480 ) ) ;
#811 = EDGE_LOOP ( 'NONE', ( #41, #1128, #1373, #1417 ) ) ;
#812 = CARTESIAN_POINT ( 'NONE',  ( -7.286108563621276346, -4.067380445861195959, 0.4921847526337960743 ) ) ;
#813 = CARTESIAN_POINT ( 'NONE',  ( -6.874999999999999112, -2.710379740625795009, 0.8271031838164467631 ) ) ;
#814 = EDGE_CURVE ( 'NONE', #1481, #1293, #190, .T. ) ;
#815 = CARTESIAN_POINT ( 'NONE',  ( -7.971405173431798552, -2.697105576185063303, 0.9541547100329759168 ) ) ;
#816 = DIRECTION ( 'NONE',  ( 3.642919299551295391E-16, 0.9994107467479923512, -0.03432432496962162932 ) ) ;
#817 = VERTEX_POINT ( 'NONE', #1334 ) ;
#818 = CYLINDRICAL_SURFACE ( 'NONE', #468, 0.1269685049999994819 ) ;
#819 = ORIENTED_EDGE ( 'NONE', *, *, #252, .F. ) ;
#820 = CYLINDRICAL_SURFACE ( 'NONE', #339, 0.1574803149606299468 ) ;
#821 = EDGE_CURVE ( 'NONE', #1499, #1000, #761, .T. ) ;
#822 = CARTESIAN_POINT ( 'NONE',  ( -7.963430177790733921, -2.663922160412863338, 0.9777162567458299591 ) ) ;
#823 = LINE ( 'NONE', #1330, #721 ) ;
#824 = VECTOR ( 'NONE', #841, 39.37007874015748143 ) ;
#825 = CARTESIAN_POINT ( 'NONE',  ( -6.875000000000000000, -3.270677038116681423, 0.5461694692302064835 ) ) ;
#826 = CIRCLE ( 'NONE', #1068, 0.1269685049999994819 ) ;
#827 = ORIENTED_EDGE ( 'NONE', *, *, #280, .T. ) ;
#828 = CARTESIAN_POINT ( 'NONE',  ( -7.971405172764885805, -2.710576600117079682, 0.5619229670977616831 ) ) ;
#829 = AXIS2_PLACEMENT_3D ( 'NONE', #1024, #378, #1504 ) ;
#830 = ORIENTED_EDGE ( 'NONE', *, *, #1394, .T. ) ;
#831 = CARTESIAN_POINT ( 'NONE',  ( -7.674999999999999822, -3.273467578709684300, 0.4649181624571909754 ) ) ;
#832 = DIRECTION ( 'NONE',  ( 0.000000000000000000, -0.9994107467479924622, 0.03432432496962165014 ) ) ;
#833 = CARTESIAN_POINT ( 'NONE',  ( -7.081824975644369857, -2.468479306257089334, 0.3767084227701196775 ) ) ;
#834 = EDGE_CURVE ( 'NONE', #256, #552, #1435, .T. ) ;
#835 = ORIENTED_EDGE ( 'NONE', *, *, #177, .F. ) ;
#836 = DIRECTION ( 'NONE',  ( -0.000000000000000000, 0.03432432496962170565, 0.9994107467479924622 ) ) ;
#837 = ORIENTED_EDGE ( 'NONE', *, *, #1092, .T. ) ;
#838 = LINE ( 'NONE', #955, #1172 ) ;
#839 = CARTESIAN_POINT ( 'NONE',  ( -6.875000000000003553, -3.681028330712910801, 0.3214337957808964252 ) ) ;
#840 = PRODUCT_DEFINITION_CONTEXT ( 'detailed design', #1242, 'design' ) ;
#841 = DIRECTION ( 'NONE',  ( -3.630219604640609587E-16, -0.9994107467479923512, 0.03432432496962162932 ) ) ;
#842 = CARTESIAN_POINT ( 'NONE',  ( -7.674999999999999822, -3.252014875603670419, 1.089549879174686486 ) ) ;
#843 = ORIENTED_EDGE ( 'NONE', *, *, #727, .T. ) ;
#844 = CARTESIAN_POINT ( 'NONE',  ( -7.974999999999999645, -2.753035073143963007, 0.5971325757844141435 ) ) ;
#845 = EDGE_LOOP ( 'NONE', ( #794, #867, #682, #137, #1209 ) ) ;
#846 = DIRECTION ( 'NONE',  ( 3.913965451317619486E-16, 0.9994107467479923512, -0.03432432496962165014 ) ) ;
#847 = DIRECTION ( 'NONE',  ( -0.000000000000000000, 0.03432432496962170565, 0.9994107467479924622 ) ) ;
#848 = LINE ( 'NONE', #960, #699 ) ;
#849 = VECTOR ( 'NONE', #898, 39.37007874015748143 ) ;
#850 = ORIENTED_EDGE ( 'NONE', *, *, #198, .T. ) ;
#851 = CARTESIAN_POINT ( 'NONE',  ( -7.674999999999999822, -3.751720248977667538, 1.106712041659497325 ) ) ;
#852 = VECTOR ( 'NONE', #153, 39.37007874015748143 ) ;
#853 = ORIENTED_EDGE ( 'NONE', *, *, #1280, .F. ) ;
#854 = FACE_BOUND ( 'NONE', #1247, .T. ) ;
#855 = VECTOR ( 'NONE', #1061, 39.37007874015748143 ) ;
#856 = EDGE_CURVE ( 'NONE', #1608, #463, #922, .T. ) ;
#857 = VECTOR ( 'NONE', #579, 39.37007874015748854 ) ;
#858 = DIRECTION ( 'NONE',  ( 0.000000000000000000, 0.000000000000000000, 1.000000000000000000 ) ) ;
#859 = CARTESIAN_POINT ( 'NONE',  ( -7.018175024355629787, -2.718069052651737483, 0.3439086856809701609 ) ) ;
#860 = CYLINDRICAL_SURFACE ( 'NONE', #597, 0.1574803149606299468 ) ;
#861 = EDGE_LOOP ( 'NONE', ( #1142, #210, #1261 ) ) ;
#862 = FACE_OUTER_BOUND ( 'NONE', #1080, .T. ) ;
#863 = EDGE_LOOP ( 'NONE', ( #929, #566, #168, #1449, #680 ) ) ;
#864 = CARTESIAN_POINT ( 'NONE',  ( -7.674999999999999822, -2.752309502229674187, 1.072387716689875647 ) ) ;
#865 = EDGE_CURVE ( 'NONE', #706, #1536, #1385, .T. ) ;
#866 = DIRECTION ( 'NONE',  ( -1.706398902093753377E-16, 0.03432432496962162932, 0.9994107467479924622 ) ) ;
#867 = ORIENTED_EDGE ( 'NONE', *, *, #1558, .F. ) ;
#868 = DIRECTION ( 'NONE',  ( 0.000000000000000000, 0.000000000000000000, -1.000000000000000000 ) ) ;
#869 = ORIENTED_EDGE ( 'NONE', *, *, #1614, .F. ) ;
#870 = DIRECTION ( 'NONE',  ( -0.000000000000000000, -0.03432432496962164320, -0.9994107467479923512 ) ) ;
#871 = PRODUCT_CONTEXT ( 'NONE', #987, 'mechanical' ) ;
#872 = PRODUCT_DEFINITION ( 'UNKNOWN', '', #1202, #840 ) ;
#873 = DIRECTION ( 'NONE',  ( -0.06429045611998292220, -0.9973431944968326190, 0.03425331579187225473 ) ) ;
#874 = ADVANCED_FACE ( 'NONE', ( #1467 ), #818, .F. ) ;
#875 = ORIENTED_EDGE ( 'NONE', *, *, #548, .T. ) ;
#876 = CARTESIAN_POINT ( 'NONE',  ( -7.267519685039369293, -2.822168784113428863, 2.323057769691226682 ) ) ;
#877 = ORIENTED_EDGE ( 'NONE', *, *, #390, .T. ) ;
#878 = CARTESIAN_POINT ( 'NONE',  ( -7.286108563621276346, -2.730155081856829646, 0.4462583323896078258 ) ) ;
#879 = VECTOR ( 'NONE', #807, 39.37007874015748143 ) ;
#880 = VECTOR ( 'NONE', #889, 39.37007874015748143 ) ;
#881 = AXIS2_PLACEMENT_3D ( 'NONE', #1540, #1312, #1063 ) ;
#882 = CARTESIAN_POINT ( 'NONE',  ( -7.974999999999999645, -4.006721584410107617, 0.9653815108897033648 ) ) ;
#883 = VECTOR ( 'NONE', #752, 39.37007874015748143 ) ;
#884 = EDGE_LOOP ( 'NONE', ( #1365, #843, #75, #1014, #799 ) ) ;
#885 = DIRECTION ( 'NONE',  ( 0.000000000000000000, -0.03432432496962165014, -0.9994107467479923512 ) ) ;
#886 = ADVANCED_FACE ( 'NONE', ( #456, #953 ), #106, .F. ) ;
#887 =( BOUNDED_CURVE ( )  B_SPLINE_CURVE ( 3, ( #621, #629, #1133, #20 ),
 .UNSPECIFIED., .F., .F. ) 
 B_SPLINE_CURVE_WITH_KNOTS ( ( 4, 4 ),
 ( 1.570796326794897224, 1.635131153717394703 ),
 .UNSPECIFIED. ) 
 CURVE ( )  GEOMETRIC_REPRESENTATION_ITEM ( )  RATIONAL_B_SPLINE_CURVE ( ( 1.000000000000000000, 0.9996551155774900943, 0.9996551155774900943, 1.000000000000000000 ) ) 
 REPRESENTATION_ITEM ( '' )  );
#888 = ORIENTED_EDGE ( 'NONE', *, *, #616, .T. ) ;
#889 = DIRECTION ( 'NONE',  ( 0.000000000000000000, -0.03432432496962165014, -0.9994107467479923512 ) ) ;
#890 = CARTESIAN_POINT ( 'NONE',  ( -7.009637152026584772, -2.719037753358676923, 0.3383924295601548615 ) ) ;
#891 = CARTESIAN_POINT ( 'NONE',  ( -6.874999999999999112, -2.453085169232991358, 0.4367424874268126533 ) ) ;
#892 = ORIENTED_EDGE ( 'NONE', *, *, #1362, .F. ) ;
#893 = FACE_OUTER_BOUND ( 'NONE', #398, .T. ) ;
#894 = EDGE_LOOP ( 'NONE', ( #574, #1182, #303, #952, #1296 ) ) ;
#895 = EDGE_CURVE ( 'NONE', #1308, #284, #1507, .T. ) ;
#896 = CARTESIAN_POINT ( 'NONE',  ( -7.283294920871661304, -2.729820820064474685, 0.4462468523145505239 ) ) ;
#897 =( BOUNDED_CURVE ( )  B_SPLINE_CURVE ( 3, ( #758, #1249, #1258, #143 ),
 .UNSPECIFIED., .F., .T. ) 
 B_SPLINE_CURVE_WITH_KNOTS ( ( 4, 4 ),
 ( 1.593369970027290305, 2.146894730784156824 ),
 .UNSPECIFIED. ) 
 CURVE ( )  GEOMETRIC_REPRESENTATION_ITEM ( )  RATIONAL_B_SPLINE_CURVE ( ( 1.000000000000000000, 0.9746300894959514238, 0.9746300894959514238, 1.000000000000000000 ) ) 
 REPRESENTATION_ITEM ( '' )  );
#898 = DIRECTION ( 'NONE',  ( 1.000000000000000000, -0.000000000000000000, -0.000000000000000000 ) ) ;
#899 = CARTESIAN_POINT ( 'NONE',  ( -7.824999999999999289, -2.529189952023155108, 0.4393562729046373017 ) ) ;
#900 = VERTEX_POINT ( 'NONE', #231 ) ;
#901 = DIRECTION ( 'NONE',  ( 0.9979312287186349328, -0.06425257275964184334, 0.002206726508307687174 ) ) ;
#902 = ORIENTED_EDGE ( 'NONE', *, *, #1441, .F. ) ;
#903 = DIRECTION ( 'NONE',  ( 1.706398902093753377E-16, -0.03432432496962162932, -0.9994107467479924622 ) ) ;
#904 = CONICAL_SURFACE ( 'NONE', #412, 0.1004999999999996452, 1.029744258676646540 ) ;
#905 = DIRECTION ( 'NONE',  ( 1.000000000000000000, -0.000000000000000000, -0.000000000000000000 ) ) ;
#906 = AXIS2_PLACEMENT_3D ( 'NONE', #171, #788, #312 ) ;
#907 = EDGE_CURVE ( 'NONE', #632, #1516, #936, .T. ) ;
#908 = CARTESIAN_POINT ( 'NONE',  ( -7.674999999999999822, -3.252014875603670419, 1.089549879174686486 ) ) ;
#909 = VECTOR ( 'NONE', #1070, 39.37007874015748143 ) ;
#910 = ORIENTED_EDGE ( 'NONE', *, *, #186, .F. ) ;
#911 = DIRECTION ( 'NONE',  ( 1.000000000000000000, -0.000000000000000000, -0.000000000000000000 ) ) ;
#912 = ORIENTED_EDGE ( 'NONE', *, *, #142, .F. ) ;
#913 = DIRECTION ( 'NONE',  ( -4.370956789862817994E-15, -0.9994107467479924622, 0.03432432496962162238 ) ) ;
#914 = ORIENTED_EDGE ( 'NONE', *, *, #821, .T. ) ;
#915 = CARTESIAN_POINT ( 'NONE',  ( -7.286108563621274570, -2.479554711558172198, 0.4376515722805857100 ) ) ;
#916 = ADVANCED_FACE ( 'NONE', ( #483 ), #981, .F. ) ;
#917 = DIRECTION ( 'NONE',  ( 0.000000000000000000, 0.000000000000000000, -1.000000000000000000 ) ) ;
#918 = ORIENTED_EDGE ( 'NONE', *, *, #1092, .F. ) ;
#919 = CARTESIAN_POINT ( 'NONE',  ( -7.933636024177049606, -3.925322412054824905, 0.5334792190518334865 ) ) ;
#920 = VERTEX_POINT ( 'NONE', #754 ) ;
#921 = CARTESIAN_POINT ( 'NONE',  ( -7.674999999999999822, -3.252014875603670419, 1.089549879174686486 ) ) ;
#922 = B_SPLINE_CURVE_WITH_KNOTS ( 'NONE', 3,
 ( #338, #963, #242, #732 ),
 .UNSPECIFIED., .F., .F.,
 ( 4, 4 ),
 ( 0.000000000000000000, 0.0002159090158315009821 ),
 .UNSPECIFIED. ) ;
#923 = ORIENTED_EDGE ( 'NONE', *, *, #685, .F. ) ;
#924 = CARTESIAN_POINT ( 'NONE',  ( -7.042604796239394283, -3.835640032941741495, 0.3981702626998002148 ) ) ;
#925 = PRODUCT_RELATED_PRODUCT_CATEGORY ( 'part', '', ( #1578 ) ) ;
#926 = ORIENTED_EDGE ( 'NONE', *, *, #814, .F. ) ;
#927 = DIRECTION ( 'NONE',  ( 0.000000000000000000, -0.9994107467479924622, 0.03432432496962162238 ) ) ;
#928 = EDGE_CURVE ( 'NONE', #73, #92, #441, .T. ) ;
#929 = ORIENTED_EDGE ( 'NONE', *, *, #409, .F. ) ;
#930 = FACE_OUTER_BOUND ( 'NONE', #1584, .T. ) ;
#931 = CARTESIAN_POINT ( 'NONE',  ( -7.140601066954201492, -2.721323748566183198, 0.4235960854403698628 ) ) ;
#932 = AXIS2_PLACEMENT_3D ( 'NONE', #1471, #832, #95 ) ;
#933 = CARTESIAN_POINT ( 'NONE',  ( -6.874999999999999112, -3.810379740625795542, 0.7643822026927613589 ) ) ;
#934 = ORIENTED_EDGE ( 'NONE', *, *, #109, .F. ) ;
#935 = DIRECTION ( 'NONE',  ( 0.000000000000000000, 0.000000000000000000, -1.000000000000000000 ) ) ;
#936 = CIRCLE ( 'NONE', #519, 0.1574803149606299468 ) ;
#937 = AXIS2_PLACEMENT_3D ( 'NONE', #389, #866, #136 ) ;
#938 = ORIENTED_EDGE ( 'NONE', *, *, #1235, .T. ) ;
#939 = CARTESIAN_POINT ( 'NONE',  ( -7.872621055911592336, -3.969645828017642319, 1.106912964620365036 ) ) ;
#940 = EDGE_CURVE ( 'NONE', #1217, #56, #114, .T. ) ;
#941 = VECTOR ( 'NONE', #1010, 39.37007874015748854 ) ;
#942 = FACE_OUTER_BOUND ( 'NONE', #466, .T. ) ;
#943 = CARTESIAN_POINT ( 'NONE',  ( -7.926725848074639202, -2.589976712218737376, 1.027481001219089807 ) ) ;
#944 = CARTESIAN_POINT ( 'NONE',  ( -7.725000000000000533, -2.736731018783392422, 1.071852680489710163 ) ) ;
#945 = CARTESIAN_POINT ( 'NONE',  ( -6.375000000000000000, -2.458659493662112894, 0.2744366082797467521 ) ) ;
#946 = ORIENTED_EDGE ( 'NONE', *, *, #1254, .F. ) ;
#947 = ADVANCED_FACE ( 'NONE', ( #862 ), #15, .F. ) ;
#948 = ORIENTED_EDGE ( 'NONE', *, *, #481, .T. ) ;
#949 = CARTESIAN_POINT ( 'NONE',  ( -7.248456254455978076, -2.475492562582855438, 0.4852578395180343063 ) ) ;
#950 = CARTESIAN_POINT ( 'NONE',  ( -6.949454745961031854, -3.814426537860301281, 0.3462727726027852726 ) ) ;
#951 = LINE ( 'NONE', #1453, #641 ) ;
#952 = ORIENTED_EDGE ( 'NONE', *, *, #1369, .T. ) ;
#953 = FACE_BOUND ( 'NONE', #1276, .T. ) ;
#954 = ORIENTED_EDGE ( 'NONE', *, *, #1313, .F. ) ;
#955 = CARTESIAN_POINT ( 'NONE',  ( -7.741072614029995691, -4.016634531048155488, 1.115810406807629995 ) ) ;
#956 = CARTESIAN_POINT ( 'NONE',  ( -6.879847399932520702, -3.721036338456977344, 0.3236364493642064355 ) ) ;
#957 = ADVANCED_FACE ( 'NONE', ( #30 ), #740, .F. ) ;
#958 = LINE ( 'NONE', #353, #1250 ) ;
#959 = VECTOR ( 'NONE', #1046, 39.37007874015748854 ) ;
#960 = CARTESIAN_POINT ( 'NONE',  ( -6.375000000000000000, -2.431632466126977921, 1.061374204144307720 ) ) ;
#961 = AXIS2_PLACEMENT_3D ( 'NONE', #257, #763, #618 ) ;
#962 = VERTEX_POINT ( 'NONE', #40 ) ;
#963 = CARTESIAN_POINT ( 'NONE',  ( -7.283294920871647982, -3.817114337354574616, 0.4835894725998204913 ) ) ;
#964 = AXIS2_PLACEMENT_3D ( 'NONE', #842, #1596, #354 ) ;
#965 = ORIENTED_EDGE ( 'NONE', *, *, #1201, .F. ) ;
#966 = CARTESIAN_POINT ( 'NONE',  ( -7.267519685039369293, -2.870394993885436286, 0.9188701457911433446 ) ) ;
#967 = CARTESIAN_POINT ( 'NONE',  ( -6.874999999999999112, -2.710379740625795009, 0.8271031838164467631 ) ) ;
#968 = ADVANCED_FACE ( 'NONE', ( #372 ), #509, .F. ) ;
#969 = DIRECTION ( 'NONE',  ( 1.083640693384328277E-16, -0.03432432496962164320, -0.9994107467479923512 ) ) ;
#970 = LINE ( 'NONE', #1454, #909 ) ;
#971 = ORIENTED_EDGE ( 'NONE', *, *, #167, .F. ) ;
#972 = CARTESIAN_POINT ( 'NONE',  ( -7.824999999999999289, -2.529189952023155108, 0.4393562729046373017 ) ) ;
#973 = VERTEX_POINT ( 'NONE', #518 ) ;
#974 = CARTESIAN_POINT ( 'NONE',  ( -6.813891436378724187, 0.5230881627654425658, 0.5472508894454906070 ) ) ;
#975 = PRODUCT_DEFINITION_SHAPE ( 'NONE', 'NONE',  #872 ) ;
#976 = CARTESIAN_POINT ( 'NONE',  ( -6.983530880329745116, -3.829676355755305739, 0.3619642415509026767 ) ) ;
#977 = CARTESIAN_POINT ( 'NONE',  ( -6.375000000000000000, -2.710379740625795009, 0.8271031838164467631 ) ) ;
#978 = CARTESIAN_POINT ( 'NONE',  ( -6.883027985767038004, -4.071880397017572761, 1.117707801910627241 ) ) ;
#979 = ADVANCED_FACE ( 'NONE', ( #1121 ), #631, .F. ) ;
#980 = VERTEX_POINT ( 'NONE', #526 ) ;
#981 = CYLINDRICAL_SURFACE ( 'NONE', #263, 0.1269685049999994819 ) ;
#982 = ADVANCED_FACE ( 'NONE', ( #496 ), #768, .T. ) ;
#983 = ORIENTED_EDGE ( 'NONE', *, *, #437, .T. ) ;
#984 = DIRECTION ( 'NONE',  ( 1.000000000000000000, -0.000000000000000000, -0.000000000000000000 ) ) ;
#985 = CYLINDRICAL_SURFACE ( 'NONE', #258, 0.1500000000000000222 ) ;
#986 = DIRECTION ( 'NONE',  ( 0.000000000000000000, 0.9994107467479923512, -0.03432432496962165014 ) ) ;
#987 = APPLICATION_CONTEXT ( 'automotive_design' ) ;
#988 = AXIS2_PLACEMENT_3D ( 'NONE', #1236, #410, #513 ) ;
#989 = ORIENTED_EDGE ( 'NONE', *, *, #334, .F. ) ;
#990 = CARTESIAN_POINT ( 'NONE',  ( -7.973560632513559732, -3.799048017038334280, 0.9794230679428640451 ) ) ;
#991 = VECTOR ( 'NONE', #846, 39.37007874015748143 ) ;
#992 = ORIENTED_EDGE ( 'NONE', *, *, #1235, .F. ) ;
#993 = ADVANCED_FACE ( 'NONE', ( #276 ), #1012, .F. ) ;
#994 = CARTESIAN_POINT ( 'NONE',  ( -7.674999999999999822, -3.751720248977667538, 1.106712041659497325 ) ) ;
#995 = AXIS2_PLACEMENT_3D ( 'NONE', #285, #1167, #1416 ) ;
#996 = VECTOR ( 'NONE', #273, 39.37007874015748143 ) ;
#997 = CARTESIAN_POINT ( 'NONE',  ( -0.2759256633470405506, -4.204092331470673294, 2.370519329493092187 ) ) ;
#998 = ORIENTED_EDGE ( 'NONE', *, *, #264, .T. ) ;
#999 = CARTESIAN_POINT ( 'NONE',  ( -7.174999999999998934, 0.5157908653309563052, 0.3347777385620593349 ) ) ;
#1000 = VERTEX_POINT ( 'NONE', #138 ) ;
#1001 = CARTESIAN_POINT ( 'NONE',  ( -6.375000000000000000, -4.072397285080363361, 1.117725554205064586 ) ) ;
#1002 = EDGE_CURVE ( 'NONE', #23, #632, #647, .T. ) ;
#1003 = ADVANCED_FACE ( 'NONE', ( #893 ), #1266, .T. ) ;
#1004 = CARTESIAN_POINT ( 'NONE',  ( -6.375000000000000000, -2.710379740625795009, 0.7266031838164471734 ) ) ;
#1005 = ORIENTED_EDGE ( 'NONE', *, *, #516, .T. ) ;
#1006 = CARTESIAN_POINT ( 'NONE',  ( -6.866955371737041958, -2.681485152813976036, 1.069955285386713140 ) ) ;
#1007 = ORIENTED_EDGE ( 'NONE', *, *, #856, .T. ) ;
#1008 = DIRECTION ( 'NONE',  ( 0.000000000000000000, 0.03432432496962165014, 0.9994107467479924622 ) ) ;
#1009 = EDGE_CURVE ( 'NONE', #379, #502, #1398, .T. ) ;
#1010 = DIRECTION ( 'NONE',  ( -0.9979312287186349328, -0.06425257275964109394, 0.002206726508307320280 ) ) ;
#1011 = VERTEX_POINT ( 'NONE', #624 ) ;
#1012 = PLANE ( 'NONE',  #829 ) ;
#1013 = AXIS2_PLACEMENT_3D ( 'NONE', #293, #429, #767 ) ;
#1014 = ORIENTED_EDGE ( 'NONE', *, *, #421, .F. ) ;
#1015 = LINE ( 'NONE', #133, #852 ) ;
#1016 = CIRCLE ( 'NONE', #1301, 0.1004999999999996452 ) ;
#1017 = CIRCLE ( 'NONE', #1253, 0.1269685049999994819 ) ;
#1018 = PLANE ( 'NONE',  #28 ) ;
#1019 = AXIS2_PLACEMENT_3D ( 'NONE', #160, #392, #868 ) ;
#1020 = CARTESIAN_POINT ( 'NONE',  ( -7.674999999999999822, -3.252014875603670419, 1.089549879174686486 ) ) ;
#1021 = AXIS2_PLACEMENT_3D ( 'NONE', #1535, #1420, #917 ) ;
#1022 = ADVANCED_FACE ( 'NONE', ( #1129 ), #385, .F. ) ;
#1023 = ORIENTED_EDGE ( 'NONE', *, *, #100, .F. ) ;
#1024 = CARTESIAN_POINT ( 'NONE',  ( -6.375000000000000000, -4.072397285080363361, 1.117725554205064586 ) ) ;
#1025 = ORIENTED_EDGE ( 'NONE', *, *, #757, .T. ) ;
#1026 = DIRECTION ( 'NONE',  ( -0.9979287960776271893, 0.06432820500416068510, 0.000000000000000000 ) ) ;
#1027 = CARTESIAN_POINT ( 'NONE',  ( -7.425000000000000711, -2.886442291484409228, 0.4516259482465596053 ) ) ;
#1028 = DIRECTION ( 'NONE',  ( 1.083640693384328277E-16, -0.03432432496962164320, -0.9994107467479924622 ) ) ;
#1029 = ORIENTED_EDGE ( 'NONE', *, *, #1550, .T. ) ;
#1030 = CARTESIAN_POINT ( 'NONE',  ( -7.974999999999999645, -2.741879667528835718, 0.9219410684775113385 ) ) ;
#1031 = EDGE_LOOP ( 'NONE', ( #508, #439, #701, #130 ) ) ;
#1032 = DIRECTION ( 'NONE',  ( 0.000000000000000000, 0.9994107467479924622, -0.03432432496962192769 ) ) ;
#1033 = EDGE_CURVE ( 'NONE', #1134, #791, #262, .T. ) ;
#1034 = CARTESIAN_POINT ( 'NONE',  ( -7.143064494247514773, -2.471056784172960707, 0.4166019774118627783 ) ) ;
#1035 = CARTESIAN_POINT ( 'NONE',  ( -6.877695016685584584, -2.458646705728621207, 0.2798672594767651067 ) ) ;
#1036 = VERTEX_POINT ( 'NONE', #760 ) ;
#1037 = CARTESIAN_POINT ( 'NONE',  ( -6.874999999999999112, -3.810379740625795542, 0.8648822026927610596 ) ) ;
#1038 = EDGE_LOOP ( 'NONE', ( #140, #954 ) ) ;
#1039 = CARTESIAN_POINT ( 'NONE',  ( -7.883285440700307234, -3.961514363370465475, 1.102539691073509021 ) ) ;
#1040 = EDGE_CURVE ( 'NONE', #1284, #287, #151, .T. ) ;
#1041 = CIRCLE ( 'NONE', #988, 0.1004999999999996452 ) ;
#1042 = DIRECTION ( 'NONE',  ( 0.000000000000000000, -0.9994107467479924622, 0.03432432496962169177 ) ) ;
#1043 = PRESENTATION_LAYER_ASSIGNMENT (  '', '', ( #209 ) ) ;
#1044 = DIRECTION ( 'NONE',  ( 0.000000000000000000, -0.03432432496962165014, -0.9994107467479923512 ) ) ;
#1045 = VECTOR ( 'NONE', #563, 39.37007874015748143 ) ;
#1046 = DIRECTION ( 'NONE',  ( 0.9979312287186349328, -0.06425257275964184334, 0.002206726508307635566 ) ) ;
#1047 = CARTESIAN_POINT ( 'NONE',  ( -6.874999999999999112, -2.710379740625795009, 0.7266031838164471734 ) ) ;
#1048 = ORIENTED_EDGE ( 'NONE', *, *, #586, .F. ) ;
#1049 = CARTESIAN_POINT ( 'NONE',  ( -6.874999999999999112, -2.710379740625795009, 0.9276031838164464638 ) ) ;
#1050 = CARTESIAN_POINT ( 'NONE',  ( -7.674999999999999822, -3.273467578709684300, 0.4649181624571909754 ) ) ;
#1051 = DIRECTION ( 'NONE',  ( -1.000000000000000000, 0.000000000000000000, 0.000000000000000000 ) ) ;
#1052 = EDGE_CURVE ( 'NONE', #1481, #21, #286, .T. ) ;
#1053 = ORIENTED_EDGE ( 'NONE', *, *, #907, .T. ) ;
#1054 = CARTESIAN_POINT ( 'NONE',  ( -7.018175024355629787, -2.465800376906646107, 0.3352446283510820413 ) ) ;
#1055 = ORIENTED_EDGE ( 'NONE', *, *, #784, .F. ) ;
#1056 = FILL_AREA_STYLE_COLOUR ( '', #695 ) ;
#1057 = DIRECTION ( 'NONE',  ( 0.000000000000000000, -0.03432432496962165014, -0.9994107467479924622 ) ) ;
#1058 = DIRECTION ( 'NONE',  ( -0.000000000000000000, 0.03432432496962170565, 0.9994107467479924622 ) ) ;
#1059 = EDGE_CURVE ( 'NONE', #528, #1036, #1176, .T. ) ;
#1060 = ORIENTED_EDGE ( 'NONE', *, *, #78, .T. ) ;
#1061 = DIRECTION ( 'NONE',  ( 0.5150380749100610389, 0.000000000000000000, -0.8571673007021082258 ) ) ;
#1062 = ORIENTED_EDGE ( 'NONE', *, *, #345, .F. ) ;
#1063 = DIRECTION ( 'NONE',  ( 0.000000000000000000, 0.000000000000000000, -1.000000000000000000 ) ) ;
#1064 = EDGE_LOOP ( 'NONE', ( #1120, #1455, #584, #1360 ) ) ;
#1065 = DIRECTION ( 'NONE',  ( 0.000000000000000000, 0.9994107467479924622, -0.03432432496962116442 ) ) ;
#1066 = AXIS2_PLACEMENT_3D ( 'NONE', #1353, #796, #59 ) ;
#1067 = CARTESIAN_POINT ( 'NONE',  ( -7.974999999999999645, -2.741879667528835718, 0.9219410684775113385 ) ) ;
#1068 = AXIS2_PLACEMENT_3D ( 'NONE', #831, #359, #458 ) ;
#1069 = CYLINDRICAL_SURFACE ( 'NONE', #932, 0.1500000000000000222 ) ;
#1070 = DIRECTION ( 'NONE',  ( 1.000000000000000000, -0.000000000000000000, -0.000000000000000000 ) ) ;
#1071 = VECTOR ( 'NONE', #670, 39.37007874015748143 ) ;
#1072 = EDGE_CURVE ( 'NONE', #56, #1217, #1279, .T. ) ;
#1073 = VECTOR ( 'NONE', #1364, 39.37007874015748143 ) ;
#1074 = ORIENTED_EDGE ( 'NONE', *, *, #1219, .T. ) ;
#1075 = PRESENTATION_STYLE_ASSIGNMENT (( #1440 ) ) ;
#1076 = LINE ( 'NONE', #1206, #879 ) ;
#1077 = CARTESIAN_POINT ( 'NONE',  ( -7.872621056667784778, -2.534883640860465803, 1.057636684609100985 ) ) ;
#1078 = DIRECTION ( 'NONE',  ( 0.000000000000000000, 0.9994107467479924622, -0.03432432496962135177 ) ) ;
#1079 = FACE_OUTER_BOUND ( 'NONE', #593, .T. ) ;
#1080 = EDGE_LOOP ( 'NONE', ( #132, #1265, #300, #819 ) ) ;
#1081 = DIRECTION ( 'NONE',  ( 1.706398902093753377E-16, -0.03432432496962162932, -0.9994107467479924622 ) ) ;
#1082 = VERTEX_POINT ( 'NONE', #1030 ) ;
#1083 = ADVANCED_FACE ( 'NONE', ( #64 ), #792, .F. ) ;
#1084 = CARTESIAN_POINT ( 'NONE',  ( -6.866955371737041958, -3.822544598393364801, 1.109144472962659167 ) ) ;
#1085 =( LENGTH_UNIT ( ) NAMED_UNIT ( * ) SI_UNIT ( $, .METRE. ) );
#1086 = CARTESIAN_POINT ( 'NONE',  ( -6.375000000000000000, -3.270677038116681423, 0.4456694692302068384 ) ) ;
#1087 = CARTESIAN_POINT ( 'NONE',  ( -7.018175024355629787, -2.465800376906646107, 0.3352446283510820413 ) ) ;
#1088 = ORIENTED_EDGE ( 'NONE', *, *, #727, .F. ) ;
#1089 = CARTESIAN_POINT ( 'NONE',  ( -6.875000000000000000, -3.270677038116681423, 0.5461694692302064835 ) ) ;
#1090 = VERTEX_POINT ( 'NONE', #810 ) ;
#1091 = FACE_BOUND ( 'NONE', #1038, .T. ) ;
#1092 = EDGE_CURVE ( 'NONE', #581, #1229, #1552, .T. ) ;
#1093 = CARTESIAN_POINT ( 'NONE',  ( -6.883027985767038004, -4.098686779333679198, 0.3371946645987333180 ) ) ;
#1094 = CARTESIAN_POINT ( 'NONE',  ( -7.824999999999999289, 0.5157908653309563052, 0.3347777385620591684 ) ) ;
#1095 = CIRCLE ( 'NONE', #1122, 0.2499999999999998890 ) ;
#1096 = EDGE_LOOP ( 'NONE', ( #1343, #914, #853, #217, #912, #105 ) ) ;
#1097 = CARTESIAN_POINT ( 'NONE',  ( -7.032480314960629642, -2.717099384820387264, 0.3531736687977195532 ) ) ;
#1098 = AXIS2_PLACEMENT_3D ( 'NONE', #746, #1513, #1154 ) ;
#1099 = ORIENTED_EDGE ( 'NONE', *, *, #100, .T. ) ;
#1100 = FACE_OUTER_BOUND ( 'NONE', #1483, .T. ) ;
#1101 = CIRCLE ( 'NONE', #1021, 0.1004999999999996452 ) ;
#1102 = ADVANCED_FACE ( 'NONE', ( #533, #1554, #1437, #654 ), #556, .F. ) ;
#1103 = CARTESIAN_POINT ( 'NONE',  ( -7.018175024355631564, -3.835859651110097968, 0.3822987148799929513 ) ) ;
#1104 = DIRECTION ( 'NONE',  ( 1.000000000000000000, -0.000000000000000000, -0.000000000000000000 ) ) ;
#1105 = EDGE_CURVE ( 'NONE', #1220, #920, #786, .T. ) ;
#1106 = CARTESIAN_POINT ( 'NONE',  ( -7.042604796239351650, -2.649973672381599865, 2.317143803895129750 ) ) ;
#1107 = ORIENTED_EDGE ( 'NONE', *, *, #1280, .T. ) ;
#1108 = DIRECTION ( 'NONE',  ( 0.000000000000000000, 0.9994107467479924622, -0.03432432496962202484 ) ) ;
#1109 = ORIENTED_EDGE ( 'NONE', *, *, #1132, .F. ) ;
#1110 = CARTESIAN_POINT ( 'NONE',  ( -6.866955371737041958, -4.099294794604606551, 0.3345590941777705218 ) ) ;
#1111 = CARTESIAN_POINT ( 'NONE',  ( -6.875000000000003553, -3.681028330712910801, 0.3214337957808964252 ) ) ;
#1112 = DIRECTION ( 'NONE',  ( -0.000000000000000000, 0.03432432496962170565, 0.9994107467479924622 ) ) ;
#1113 = EDGE_CURVE ( 'NONE', #617, #649, #161, .T. ) ;
#1114 = ORIENTED_EDGE ( 'NONE', *, *, #252, .T. ) ;
#1115 = CARTESIAN_POINT ( 'NONE',  ( -7.902430410286807039, -2.580970530904652005, 0.4622295050644108505 ) ) ;
#1116 = ORIENTED_EDGE ( 'NONE', *, *, #10, .F. ) ;
#1117 = CARTESIAN_POINT ( 'NONE',  ( -7.674999999999999822, -3.400361267105210139, 0.4692762706837180775 ) ) ;
#1118 = CARTESIAN_POINT ( 'NONE',  ( -7.824999999999999289, 0.03354463567308497984, 0.9767087748148872706 ) ) ;
#1119 = VECTOR ( 'NONE', #1542, 39.37007874015748143 ) ;
#1120 = ORIENTED_EDGE ( 'NONE', *, *, #70, .F. ) ;
#1121 = FACE_OUTER_BOUND ( 'NONE', #350, .T. ) ;
#1122 = AXIS2_PLACEMENT_3D ( 'NONE', #1248, #1008, #1032 ) ;
#1123 = ORIENTED_EDGE ( 'NONE', *, *, #1002, .F. ) ;
#1124 = CARTESIAN_POINT ( 'NONE',  ( -7.824999999999999289, -4.017745205396212604, 0.4904800520097443162 ) ) ;
#1125 = AXIS2_PLACEMENT_3D ( 'NONE', #591, #124, #607 ) ;
#1126 = VECTOR ( 'NONE', #1051, 39.37007874015748143 ) ;
#1127 = CYLINDRICAL_SURFACE ( 'NONE', #470, 0.1269685049999994819 ) ;
#1128 = ORIENTED_EDGE ( 'NONE', *, *, #1377, .F. ) ;
#1129 = FACE_OUTER_BOUND ( 'NONE', #731, .T. ) ;
#1130 = ORIENTED_EDGE ( 'NONE', *, *, #26, .F. ) ;
#1131 = LINE ( 'NONE', #1001, #1514 ) ;
#1132 = EDGE_CURVE ( 'NONE', #1489, #649, #1140, .T. ) ;
#1133 = CARTESIAN_POINT ( 'NONE',  ( -7.039234045194410427, -2.717057365257467882, 0.3575620780920813480 ) ) ;
#1134 = VERTEX_POINT ( 'NONE', #183 ) ;
#1135 = DIRECTION ( 'NONE',  ( 0.000000000000000000, -0.03432432496962165014, -0.9994107467479924622 ) ) ;
#1136 = ORIENTED_EDGE ( 'NONE', *, *, #1201, .T. ) ;
#1137 = PLANE ( 'NONE',  #961 ) ;
#1138 = CARTESIAN_POINT ( 'NONE',  ( -6.879933344484693514, -2.836290690758631605, 0.2932654132550610582 ) ) ;
#1139 = EDGE_CURVE ( 'NONE', #617, #759, #1183, .T. ) ;
#1140 = B_SPLINE_CURVE_WITH_KNOTS ( 'NONE', 3,
 ( #661, #687, #54, #541, #321, #201, #430, #1546, #1190, #423, #1428, #919, #80, #406, #309, #1297, #1560, #1423, #800, #1283 ),
 .UNSPECIFIED., .F., .F.,
 ( 4, 2, 2, 2, 2, 2, 2, 2, 2, 4 ),
 ( -1.593738235252465857E-05, 0.0005095903015975045440, 0.001035117985547533885, 0.002086173353447595170, 0.003137228721347656239, 0.004188284089247718174, 0.005239339457147778809, 0.006290394825047841178, 0.007341450192947901812, 0.008392505560847961579 ),
 .UNSPECIFIED. ) ;
#1141 = LINE ( 'NONE', #882, #996 ) ;
#1142 = ORIENTED_EDGE ( 'NONE', *, *, #802, .F. ) ;
#1143 = DIRECTION ( 'NONE',  ( 0.000000000000000000, 0.000000000000000000, -1.000000000000000000 ) ) ;
#1144 = VECTOR ( 'NONE', #1595, 39.37007874015748143 ) ;
#1145 = ORIENTED_EDGE ( 'NONE', *, *, #802, .T. ) ;
#1146 = PLANE ( 'NONE',  #1226 ) ;
#1147 = UNCERTAINTY_MEASURE_WITH_UNIT (LENGTH_MEASURE( 1.000000000000000082E-05 ), #1470, 'distance_accuracy_value', 'NONE');
#1148 = CARTESIAN_POINT ( 'NONE',  ( -6.906196366633217565, -2.781923501551175182, 0.2970396094941948339 ) ) ;
#1149 = CONICAL_SURFACE ( 'NONE', #1200, 0.1004999999999996452, 1.029744258676646540 ) ;
#1150 = AXIS2_PLACEMENT_3D ( 'NONE', #128, #1509, #986 ) ;
#1151 = CARTESIAN_POINT ( 'NONE',  ( -7.674999999999999822, -2.752309502229674187, 1.072387716689875647 ) ) ;
#1152 = EDGE_CURVE ( 'NONE', #1590, #400, #436, .T. ) ;
#1153 = VERTEX_POINT ( 'NONE', #46 ) ;
#1154 = DIRECTION ( 'NONE',  ( 0.000000000000000000, 0.9994107467479924622, -0.03432432496962135177 ) ) ;
#1155 = ORIENTED_EDGE ( 'NONE', *, *, #1180, .F. ) ;
#1156 = LINE ( 'NONE', #1374, #1354 ) ;
#1157 = CARTESIAN_POINT ( 'NONE',  ( -6.875000000000003553, -2.876711373584754039, 0.2938098816846379524 ) ) ;
#1158 = CARTESIAN_POINT ( 'NONE',  ( -7.018175024355631564, -3.835859651110097968, 0.3822987148799929513 ) ) ;
#1159 = DIRECTION ( 'NONE',  ( 0.000000000000000000, 0.000000000000000000, -1.000000000000000000 ) ) ;
#1160 = DIRECTION ( 'NONE',  ( -1.000000000000000000, 0.000000000000000000, 0.000000000000000000 ) ) ;
#1161 = EDGE_CURVE ( 'NONE', #223, #1392, #328, .T. ) ;
#1162 = EDGE_LOOP ( 'NONE', ( #965, #504, #202, #1553 ) ) ;
#1163 = CARTESIAN_POINT ( 'NONE',  ( -7.849910224858775543, -3.984207796783951760, 1.113075118778481754 ) ) ;
#1164 = CARTESIAN_POINT ( 'NONE',  ( -7.213082181327202136, -2.474852851543481336, 0.4374900889549049876 ) ) ;
#1165 = DIRECTION ( 'NONE',  ( -0.000000000000000000, 0.03432432496962170565, 0.9994107467479924622 ) ) ;
#1166 = PLANE ( 'NONE',  #1013 ) ;
#1167 = DIRECTION ( 'NONE',  ( -1.000000000000000000, 0.000000000000000000, 0.000000000000000000 ) ) ;
#1168 = ORIENTED_EDGE ( 'NONE', *, *, #18, .F. ) ;
#1169 = ADVANCED_FACE ( 'NONE', ( #1472 ), #1149, .F. ) ;
#1170 = ADVANCED_FACE ( 'NONE', ( #1079 ), #89, .T. ) ;
#1171 = DIRECTION ( 'NONE',  ( 0.000000000000000000, -0.03432432496962165014, -0.9994107467479923512 ) ) ;
#1172 = VECTOR ( 'NONE', #1336, 39.37007874015748143 ) ;
#1173 = CYLINDRICAL_SURFACE ( 'NONE', #779, 0.1269685049999994819 ) ;
#1174 = AXIS2_PLACEMENT_3D ( 'NONE', #876, #1135, #1380 ) ;
#1175 = ORIENTED_EDGE ( 'NONE', *, *, #1377, .T. ) ;
#1176 = LINE ( 'NONE', #415, #568 ) ;
#1177 = EDGE_LOOP ( 'NONE', ( #639, #9, #250, #1430 ) ) ;
#1178 = SURFACE_SIDE_STYLE ('',( #663 ) ) ;
#1179 = FACE_OUTER_BOUND ( 'NONE', #1493, .T. ) ;
#1180 = EDGE_CURVE ( 'NONE', #1503, #962, #694, .T. ) ;
#1181 = DIRECTION ( 'NONE',  ( 0.000000000000000000, -0.03432432496962164320, -0.9994107467479923512 ) ) ;
#1182 = ORIENTED_EDGE ( 'NONE', *, *, #121, .T. ) ;
#1183 = LINE ( 'NONE', #72, #139 ) ;
#1184 = VERTEX_POINT ( 'NONE', #1208 ) ;
#1185 = DIRECTION ( 'NONE',  ( -0.000000000000000000, 0.03432432496962170565, 0.9994107467479924622 ) ) ;
#1186 = CARTESIAN_POINT ( 'NONE',  ( -7.674999999999999822, -2.752309502229674187, 1.072387716689875647 ) ) ;
#1187 = EDGE_CURVE ( 'NONE', #1379, #1184, #1580, .T. ) ;
#1188 = DIRECTION ( 'NONE',  ( 1.000000000000000000, -0.000000000000000000, -0.000000000000000000 ) ) ;
#1189 = LINE ( 'NONE', #1337, #1224 ) ;
#1190 = CARTESIAN_POINT ( 'NONE',  ( -7.959742345712402134, -3.872586584073762772, 0.5690262757892734502 ) ) ;
#1191 = ORIENTED_EDGE ( 'NONE', *, *, #421, .T. ) ;
#1192 =( CONVERSION_BASED_UNIT ( 'INCH', #48 ) LENGTH_UNIT ( ) NAMED_UNIT ( #274 ) );
#1193 = DIRECTION ( 'NONE',  ( 0.000000000000000000, 0.000000000000000000, -1.000000000000000000 ) ) ;
#1194 = CIRCLE ( 'NONE', #2, 0.1269685049999994819 ) ;
#1195 = CARTESIAN_POINT ( 'NONE',  ( -7.674999999999999822, -2.879203190625199582, 1.076745824916402805 ) ) ;
#1196 = AXIS2_PLACEMENT_3D ( 'NONE', #650, #1447, #913 ) ;
#1197 = MECHANICAL_DESIGN_GEOMETRIC_PRESENTATION_REPRESENTATION (  '', ( #209 ), #698 ) ;
#1198 = DIRECTION ( 'NONE',  ( 0.000000000000000000, -0.03432432496962162932, -0.9994107467479923512 ) ) ;
#1199 = DIRECTION ( 'NONE',  ( 1.000000000000000000, -0.000000000000000000, -0.000000000000000000 ) ) ;
#1200 = AXIS2_PLACEMENT_3D ( 'NONE', #480, #1199, #599 ) ;
#1201 = EDGE_CURVE ( 'NONE', #448, #118, #361, .T. ) ;
#1202 = PRODUCT_DEFINITION_FORMATION_WITH_SPECIFIED_SOURCE ( 'ANY', '', #1578, .NOT_KNOWN. ) ;
#1203 = ORIENTED_EDGE ( 'NONE', *, *, #717, .F. ) ;
#1204 = CARTESIAN_POINT ( 'NONE',  ( -7.022931935458328390, -2.717529337021140634, 0.3469820907373053487 ) ) ;
#1205 = ORIENTED_EDGE ( 'NONE', *, *, #1271, .F. ) ;
#1206 = CARTESIAN_POINT ( 'NONE',  ( -6.375000000000000000, -2.458659493662112894, 0.2744366082797467521 ) ) ;
#1207 = DIRECTION ( 'NONE',  ( -0.000000000000000000, 0.03432432496962170565, 0.9994107467479923512 ) ) ;
#1208 = CARTESIAN_POINT ( 'NONE',  ( -6.883027985767038004, -4.071880397017572761, 1.117707801910627241 ) ) ;
#1209 = ORIENTED_EDGE ( 'NONE', *, *, #121, .F. ) ;
#1210 = CARTESIAN_POINT ( 'NONE',  ( -7.971405172764881364, -3.814905854196272816, 0.9925450745341150016 ) ) ;
#1211 = EDGE_CURVE ( 'NONE', #1590, #1238, #848, .T. ) ;
#1212 = ORIENTED_EDGE ( 'NONE', *, *, #177, .T. ) ;
#1213 = DIRECTION ( 'NONE',  ( 0.000000000000000000, 0.03432432496962174034, 0.9994107467479924622 ) ) ;
#1214 = CARTESIAN_POINT ( 'NONE',  ( -7.974099411620493960, -2.719414311533162376, 0.9381311976801911534 ) ) ;
#1215 = CARTESIAN_POINT ( 'NONE',  ( -6.375000000000000000, -3.810379740625795542, 0.8648822026927610596 ) ) ;
#1216 = DIRECTION ( 'NONE',  ( -0.000000000000000000, -0.03432432496962164320, -0.9994107467479923512 ) ) ;
#1217 = VERTEX_POINT ( 'NONE', #454 ) ;
#1218 = CARTESIAN_POINT ( 'NONE',  ( -7.974819137111514245, -2.742361997634108484, 0.5882627243557032592 ) ) ;
#1219 = EDGE_CURVE ( 'NONE', #759, #980, #1288, .T. ) ;
#1220 = VERTEX_POINT ( 'NONE', #720 ) ;
#1221 = DIRECTION ( 'NONE',  ( -0.000000000000000000, 0.03432432496962170565, 0.9994107467479924622 ) ) ;
#1222 = EDGE_CURVE ( 'NONE', #1516, #284, #1355, .T. ) ;
#1223 = CARTESIAN_POINT ( 'NONE',  ( -7.950877553724191138, -2.631380441359530309, 1.000261031146553847 ) ) ;
#1224 = VECTOR ( 'NONE', #79, 39.37007874015748143 ) ;
#1225 = CARTESIAN_POINT ( 'NONE',  ( -7.674999999999999822, -3.125121187208145024, 1.085191770948159329 ) ) ;
#1226 = AXIS2_PLACEMENT_3D ( 'NONE', #408, #33, #1026 ) ;
#1227 = CARTESIAN_POINT ( 'NONE',  ( -6.866955371737041958, -4.099294794604606551, 0.3345590941777705218 ) ) ;
#1228 = CIRCLE ( 'NONE', #1593, 0.1269685049999994819 ) ;
#1229 = VERTEX_POINT ( 'NONE', #1087 ) ;
#1230 = CARTESIAN_POINT ( 'NONE',  ( -7.032480314960629642, -2.855261802546529726, 0.9183504029536422308 ) ) ;
#1231 = AXIS2_PLACEMENT_3D ( 'NONE', #778, #176, #927 ) ;
#1232 = ORIENTED_EDGE ( 'NONE', *, *, #548, .F. ) ;
#1233 = DIRECTION ( 'NONE',  ( 1.387778780781445518E-14, 0.9994107467479924622, -0.03432432496962202484 ) ) ;
#1234 = CIRCLE ( 'NONE', #520, 0.1004999999999996452 ) ;
#1235 = EDGE_CURVE ( 'NONE', #920, #1298, #970, .T. ) ;
#1236 = CARTESIAN_POINT ( 'NONE',  ( -6.874999999999999112, -2.710379740625795009, 0.8271031838164467631 ) ) ;
#1237 = CARTESIAN_POINT ( 'NONE',  ( -7.081824975644370745, -4.082610953677875187, 0.4321450682035437030 ) ) ;
#1238 = VERTEX_POINT ( 'NONE', #945 ) ;
#1239 = CARTESIAN_POINT ( 'NONE',  ( -7.674999999999999822, -2.773762205335687625, 0.4477559999723801365 ) ) ;
#1240 = ORIENTED_EDGE ( 'NONE', *, *, #1271, .T. ) ;
#1241 = DIRECTION ( 'NONE',  ( -1.332097158321495776E-20, 0.03432432496962163626, 0.9994107467479923512 ) ) ;
#1242 = APPLICATION_CONTEXT ( 'automotive_design' ) ;
#1243 = CARTESIAN_POINT ( 'NONE',  ( -7.424999999999999822, 0.02813923016605794636, 0.8193212556419749992 ) ) ;
#1244 = FACE_OUTER_BOUND ( 'NONE', #1255, .T. ) ;
#1245 = ORIENTED_EDGE ( 'NONE', *, *, #1369, .F. ) ;
#1246 = CARTESIAN_POINT ( 'NONE',  ( -7.286108563621273682, 0.5029192434673479539, -0.04000129146843788702 ) ) ;
#1247 = EDGE_LOOP ( 'NONE', ( #1349, #476 ) ) ;
#1248 = CARTESIAN_POINT ( 'NONE',  ( -6.866955371737041958, -2.681485152813976036, 1.069955285386713140 ) ) ;
#1249 = CARTESIAN_POINT ( 'NONE',  ( -7.207573207729880416, -3.822123940417304411, 0.4820829703859669801 ) ) ;
#1250 = VECTOR ( 'NONE', #969, 39.37007874015748143 ) ;
#1251 = VERTEX_POINT ( 'NONE', #104 ) ;
#1252 = CARTESIAN_POINT ( 'NONE',  ( -7.032480314960629642, -2.807035592774492549, 2.322538026854601423 ) ) ;
#1253 = AXIS2_PLACEMENT_3D ( 'NONE', #994, #718, #251 ) ;
#1254 = EDGE_CURVE ( 'NONE', #1259, #1273, #1572, .T. ) ;
#1255 = EDGE_LOOP ( 'NONE', ( #1267, #1123, #1525, #602, #97, #722, #1388, #1088, #934 ) ) ;
#1256 = CARTESIAN_POINT ( 'NONE',  ( -6.375000000000000000, -3.810379740625795542, 0.9653822026927607602 ) ) ;
#1257 = CIRCLE ( 'NONE', #543, 0.1004999999999996452 ) ;
#1258 = CARTESIAN_POINT ( 'NONE',  ( -7.140601066954215703, -3.827145415356197677, 0.4615750469162848701 ) ) ;
#1259 = VERTEX_POINT ( 'NONE', #705 ) ;
#1260 = DIRECTION ( 'NONE',  ( 0.000000000000000000, 0.000000000000000000, -1.000000000000000000 ) ) ;
#1261 = ORIENTED_EDGE ( 'NONE', *, *, #940, .T. ) ;
#1262 = EDGE_CURVE ( 'NONE', #552, #256, #1257, .T. ) ;
#1263 = CYLINDRICAL_SURFACE ( 'NONE', #620, 0.1004999999999996452 ) ;
#1264 = PLANE ( 'NONE',  #1150 ) ;
#1265 = ORIENTED_EDGE ( 'NONE', *, *, #18, .T. ) ;
#1266 = CYLINDRICAL_SURFACE ( 'NONE', #1098, 0.2500000000000001665 ) ;
#1267 = ORIENTED_EDGE ( 'NONE', *, *, #907, .F. ) ;
#1268 = CARTESIAN_POINT ( 'NONE',  ( -6.375000000000000000, -2.710379740625795009, 0.8271031838164467631 ) ) ;
#1269 = EDGE_CURVE ( 'NONE', #1379, #532, #700, .T. ) ;
#1270 = DIRECTION ( 'NONE',  ( -1.706398902093753377E-16, 0.03432432496962162932, 0.9994107467479924622 ) ) ;
#1271 = EDGE_CURVE ( 'NONE', #649, #1499, #206, .T. ) ;
#1272 = LINE ( 'NONE', #156, #622 ) ;
#1273 = VERTEX_POINT ( 'NONE', #833 ) ;
#1274 = CARTESIAN_POINT ( 'NONE',  ( -6.375000000000000000, -3.270677038116681423, 0.5461694692302064835 ) ) ;
#1275 = AXIS2_PLACEMENT_3D ( 'NONE', #1186, #569, #702 ) ;
#1276 = EDGE_LOOP ( 'NONE', ( #371, #123 ) ) ;
#1277 = CARTESIAN_POINT ( 'NONE',  ( -7.280471038786486382, -2.729563470107087664, 0.4462062784950060479 ) ) ;
#1278 = CARTESIAN_POINT ( 'NONE',  ( -7.974999999999998757, 0.5157908653309563052, 0.3347777385620591684 ) ) ;
#1279 = CIRCLE ( 'NONE', #776, 0.1004999999999996452 ) ;
#1280 = EDGE_CURVE ( 'NONE', #1082, #1000, #1338, .T. ) ;
#1281 = FACE_OUTER_BOUND ( 'NONE', #1162, .T. ) ;
#1282 = DIRECTION ( 'NONE',  ( 1.000000000000000000, -0.000000000000000000, -0.000000000000000000 ) ) ;
#1283 = CARTESIAN_POINT ( 'NONE',  ( -7.824999999999999289, -4.017745205396212604, 0.4904800520097443162 ) ) ;
#1284 = VERTEX_POINT ( 'NONE', #589 ) ;
#1285 = CARTESIAN_POINT ( 'NONE',  ( -7.837859455158286970, -3.990683483023297562, 1.114919129413819432 ) ) ;
#1286 = EDGE_LOOP ( 'NONE', ( #733, #877, #196, #226, #192 ) ) ;
#1287 = FACE_OUTER_BOUND ( 'NONE', #688, .T. ) ;
#1288 =( BOUNDED_CURVE ( )  B_SPLINE_CURVE ( 3, ( #730, #1480, #96, #1237 ),
 .UNSPECIFIED., .F., .F. ) 
 B_SPLINE_CURVE_WITH_KNOTS ( ( 4, 4 ),
 ( 1.570796326794896558, 2.146894730784155936 ),
 .UNSPECIFIED. ) 
 CURVE ( )  GEOMETRIC_REPRESENTATION_ITEM ( )  RATIONAL_B_SPLINE_CURVE ( ( 1.000000000000000000, 0.9725332578914779313, 0.9725332578914779313, 1.000000000000000000 ) ) 
 REPRESENTATION_ITEM ( '' )  );
#1289 = CARTESIAN_POINT ( 'NONE',  ( -6.883027985767038004, -2.458955736505874512, 0.2808788191268512535 ) ) ;
#1290 = ORIENTED_EDGE ( 'NONE', *, *, #1362, .T. ) ;
#1291 = CARTESIAN_POINT ( 'NONE',  ( -6.931332841288149638, -2.461754869000138513, 0.2900413029144149890 ) ) ;
#1292 = EDGE_CURVE ( 'NONE', #1036, #118, #60, .T. ) ;
#1293 = VERTEX_POINT ( 'NONE', #1346 ) ;
#1294 = CARTESIAN_POINT ( 'NONE',  ( -6.375000000000000000, -2.431632466126977921, 1.061374204144307720 ) ) ;
#1295 = DIRECTION ( 'NONE',  ( 0.000000000000000000, 0.000000000000000000, -1.000000000000000000 ) ) ;
#1296 = ORIENTED_EDGE ( 'NONE', *, *, #664, .F. ) ;
#1297 = CARTESIAN_POINT ( 'NONE',  ( -7.883285441587682740, -3.982186466528672142, 0.5006364407217392953 ) ) ;
#1298 = VERTEX_POINT ( 'NONE', #1004 ) ;
#1299 = CARTESIAN_POINT ( 'NONE',  ( -7.424999999999999822, 0.5157908653309563052, 0.3347777385620592794 ) ) ;
#1300 = ADVANCED_FACE ( 'NONE', ( #501 ), #860, .F. ) ;
#1301 = AXIS2_PLACEMENT_3D ( 'NONE', #777, #1282, #1159 ) ;
#1302 = EDGE_LOOP ( 'NONE', ( #254, #745 ) ) ;
#1303 = CARTESIAN_POINT ( 'NONE',  ( -7.286108563621276346, -2.730155081856829646, 0.4462583323896078258 ) ) ;
#1304 = AXIS2_PLACEMENT_3D ( 'NONE', #1344, #227, #485 ) ;
#1305 = AXIS2_PLACEMENT_3D ( 'NONE', #1418, #1574, #1563 ) ;
#1306 = CARTESIAN_POINT ( 'NONE',  ( -7.824999999999999289, -3.996292502290198723, 1.115111768727239605 ) ) ;
#1307 = AXIS2_PLACEMENT_3D ( 'NONE', #193, #169, #1309 ) ;
#1308 = VERTEX_POINT ( 'NONE', #1488 ) ;
#1309 = DIRECTION ( 'NONE',  ( 0.000000000000000000, 0.9994107467479924622, -0.03432432496962189300 ) ) ;
#1310 = CIRCLE ( 'NONE', #937, 0.1574803149606299468 ) ;
#1311 = VERTEX_POINT ( 'NONE', #149 ) ;
#1312 = DIRECTION ( 'NONE',  ( 1.000000000000000000, -0.000000000000000000, -0.000000000000000000 ) ) ;
#1313 = EDGE_CURVE ( 'NONE', #118, #1036, #494, .T. ) ;
#1314 = PLANE ( 'NONE',  #562 ) ;
#1315 = CARTESIAN_POINT ( 'NONE',  ( -6.874999999999999112, -3.810379740625795542, 0.9653822026927607602 ) ) ;
#1316 = ORIENTED_EDGE ( 'NONE', *, *, #142, .T. ) ;
#1317 = DIRECTION ( 'NONE',  ( 0.000000000000000000, -0.9994107467479924622, 0.03432432496962223301 ) ) ;
#1318 = CARTESIAN_POINT ( 'NONE',  ( -7.267519685039369293, -3.596219358563559787, 2.349642198114612501 ) ) ;
#1319 = CARTESIAN_POINT ( 'NONE',  ( -7.945690772335500363, -2.620833306128234064, 1.007397402260386654 ) ) ;
#1320 = ADVANCED_FACE ( 'NONE', ( #1496 ), #383, .F. ) ;
#1321 = LINE ( 'NONE', #598, #110 ) ;
#1322 = DIRECTION ( 'NONE',  ( 0.000000000000000000, -0.03432432496962165014, -0.9994107467479923512 ) ) ;
#1323 = ORIENTED_EDGE ( 'NONE', *, *, #245, .F. ) ;
#1324 = ORIENTED_EDGE ( 'NONE', *, *, #565, .T. ) ;
#1325 = DIRECTION ( 'NONE',  ( 1.000000000000000000, -0.000000000000000000, -0.000000000000000000 ) ) ;
#1326 = VECTOR ( 'NONE', #1171, 39.37007874015748143 ) ;
#1327 = CARTESIAN_POINT ( 'NONE',  ( -7.000985796882405410, -3.833960761430778241, 0.3715553256742615829 ) ) ;
#1328 = AXIS2_PLACEMENT_3D ( 'NONE', #1084, #467, #108 ) ;
#1329 = EDGE_CURVE ( 'NONE', #405, #1311, #397, .T. ) ;
#1330 = CARTESIAN_POINT ( 'NONE',  ( -7.674999999999999822, -2.879203190625199582, 1.076745824916402805 ) ) ;
#1331 = DIRECTION ( 'NONE',  ( 0.000000000000000000, 1.000000000000000000, 0.000000000000000000 ) ) ;
#1332 = VECTOR ( 'NONE', #1587, 39.37007874015748143 ) ;
#1333 = ORIENTED_EDGE ( 'NONE', *, *, #1508, .T. ) ;
#1334 = CARTESIAN_POINT ( 'NONE',  ( -6.866955371737041958, -4.072397285080363361, 1.117725554205064586 ) ) ;
#1335 = ORIENTED_EDGE ( 'NONE', *, *, #1161, .T. ) ;
#1336 = DIRECTION ( 'NONE',  ( 1.332097158322025708E-20, -0.03432432496962162932, -0.9994107467479923512 ) ) ;
#1337 = CARTESIAN_POINT ( 'NONE',  ( -7.674999999999999822, -2.625415813834148349, 1.068029608463348712 ) ) ;
#1338 = LINE ( 'NONE', #229, #751 ) ;
#1339 = ADVANCED_FACE ( 'NONE', ( #1244 ), #1264, .T. ) ;
#1340 = ORIENTED_EDGE ( 'NONE', *, *, #814, .T. ) ;
#1341 = CARTESIAN_POINT ( 'NONE',  ( -7.959742344624573640, -2.668617615634711004, 0.5276764859792173468 ) ) ;
#1342 = EDGE_CURVE ( 'NONE', #71, #400, #4, .T. ) ;
#1343 = ORIENTED_EDGE ( 'NONE', *, *, #757, .F. ) ;
#1344 = CARTESIAN_POINT ( 'NONE',  ( -7.424999999999999822, 0.07636543993809100095, 2.223508879542802852 ) ) ;
#1345 = CARTESIAN_POINT ( 'NONE',  ( -6.976960339059242067, -4.091700942302340493, 0.3642963673691094195 ) ) ;
#1346 = CARTESIAN_POINT ( 'NONE',  ( -7.974999999999999645, -3.772447381169390823, 0.9573354658474629852 ) ) ;
#1347 = EDGE_LOOP ( 'NONE', ( #424, #107 ) ) ;
#1348 = DIRECTION ( 'NONE',  ( 0.000000000000000000, -0.9994107467479924622, 0.03432432496962169177 ) ) ;
#1349 = ORIENTED_EDGE ( 'NONE', *, *, #450, .F. ) ;
#1350 = EDGE_CURVE ( 'NONE', #755, #1608, #1310, .T. ) ;
#1351 = LINE ( 'NONE', #233, #465 ) ;
#1352 = AXIS2_PLACEMENT_3D ( 'NONE', #612, #1270, #120 ) ;
#1353 = CARTESIAN_POINT ( 'NONE',  ( -6.375000000000000000, -3.270677038116681423, 0.5461694692302064835 ) ) ;
#1354 = VECTOR ( 'NONE', #748, 39.37007874015748143 ) ;
#1355 = LINE ( 'NONE', #713, #343 ) ;
#1356 = VERTEX_POINT ( 'NONE', #613 ) ;
#1357 = DIRECTION ( 'NONE',  ( 0.000000000000000000, -0.9994107467479924622, 0.03432432496962223301 ) ) ;
#1358 = AXIS2_PLACEMENT_3D ( 'NONE', #399, #1389, #1143 ) ;
#1359 = AXIS2_PLACEMENT_3D ( 'NONE', #411, #775, #645 ) ;
#1360 = ORIENTED_EDGE ( 'NONE', *, *, #514, .T. ) ;
#1361 = CARTESIAN_POINT ( 'NONE',  ( -7.674999999999999822, -3.878613937373193377, 1.111070149886024483 ) ) ;
#1362 = EDGE_CURVE ( 'NONE', #1293, #1082, #1141, .T. ) ;
#1363 = CARTESIAN_POINT ( 'NONE',  ( -6.975012729223728947, -2.728802291893562160, 0.3199840570846533838 ) ) ;
#1364 = DIRECTION ( 'NONE',  ( -3.970963966169573280E-16, -0.9994107467479923512, 0.03432432496962165014 ) ) ;
#1365 = ORIENTED_EDGE ( 'NONE', *, *, #1161, .F. ) ;
#1366 = CARTESIAN_POINT ( 'NONE',  ( -7.042604796239394283, -3.768414470296236995, 2.355556163910090817 ) ) ;
#1367 = ORIENTED_EDGE ( 'NONE', *, *, #604, .F. ) ;
#1368 = DIRECTION ( 'NONE',  ( 0.000000000000000000, -0.9994107467479924622, 0.03432432496962223301 ) ) ;
#1369 = EDGE_CURVE ( 'NONE', #1529, #525, #1387, .T. ) ;
#1370 = CARTESIAN_POINT ( 'NONE',  ( -7.018175024355629787, -4.094127472747898011, 0.3911688102516279741 ) ) ;
#1371 = EDGE_LOOP ( 'NONE', ( #1466, #159, #938, #555 ) ) ;
#1372 = DIRECTION ( 'NONE',  ( 0.000000000000000000, 0.9994107467479924622, -0.03432432496962192769 ) ) ;
#1373 = ORIENTED_EDGE ( 'NONE', *, *, #1002, .T. ) ;
#1374 = CARTESIAN_POINT ( 'NONE',  ( -7.974999999999999645, -4.017876990025234463, 0.6405730181966061698 ) ) ;
#1375 = SHAPE_DEFINITION_REPRESENTATION ( #975, #1448 ) ;
#1376 = CARTESIAN_POINT ( 'NONE',  ( -7.032480314960629642, -3.611352549902635989, 2.350161940951237760 ) ) ;
#1377 = EDGE_CURVE ( 'NONE', #23, #207, #253, .T. ) ;
#1378 = AXIS2_PLACEMENT_3D ( 'NONE', #426, #76, #211 ) ;
#1379 = VERTEX_POINT ( 'NONE', #27 ) ;
#1380 = DIRECTION ( 'NONE',  ( 0.000000000000000000, 0.9994107467479924622, -0.03432432496962104645 ) ) ;
#1381 = DIMENSIONAL_EXPONENTS ( 1.000000000000000000, 0.000000000000000000, 0.000000000000000000, 0.000000000000000000, 0.000000000000000000, 0.000000000000000000, 0.000000000000000000 ) ;
#1382 = ORIENTED_EDGE ( 'NONE', *, *, #895, .F. ) ;
#1383 = FACE_OUTER_BOUND ( 'NONE', #1371, .T. ) ;
#1384 =( BOUNDED_CURVE ( )  B_SPLINE_CURVE ( 3, ( #1567, #931, #1433, #317 ),
 .UNSPECIFIED., .F., .F. ) 
 B_SPLINE_CURVE_WITH_KNOTS ( ( 4, 4 ),
 ( 0.9946979228056366251, 1.548222683562383128 ),
 .UNSPECIFIED. ) 
 CURVE ( )  GEOMETRIC_REPRESENTATION_ITEM ( )  RATIONAL_B_SPLINE_CURVE ( ( 1.000000000000000000, 0.9746300894959623040, 0.9746300894959623040, 1.000000000000000000 ) ) 
 REPRESENTATION_ITEM ( '' )  );
#1385 = CIRCLE ( 'NONE', #1597, 0.1269685049999994819 ) ;
#1386 =( GEOMETRIC_REPRESENTATION_CONTEXT ( 3 ) GLOBAL_UNCERTAINTY_ASSIGNED_CONTEXT ( ( #1147 ) ) GLOBAL_UNIT_ASSIGNED_CONTEXT ( ( #1470, #102, #352 ) ) REPRESENTATION_CONTEXT ( 'NONE', 'WORKASPACE' ) );
#1387 = LINE ( 'NONE', #1370, #1073 ) ;
#1388 = ORIENTED_EDGE ( 'NONE', *, *, #481, .F. ) ;
#1389 = DIRECTION ( 'NONE',  ( 1.000000000000000000, -0.000000000000000000, -0.000000000000000000 ) ) ;
#1390 = EDGE_CURVE ( 'NONE', #1090, #1481, #247, .T. ) ;
#1391 = B_SPLINE_CURVE_WITH_KNOTS ( 'NONE', 3,
 ( #839, #469, #1577, #956, #460, #587, #452, #344, #1602, #1443, #445, #950, #711, #333, #976, #1327, #703, #1103 ),
 .UNSPECIFIED., .F., .F.,
 ( 4, 2, 2, 2, 2, 2, 2, 2, 4 ),
 ( 1.398578778534940505E-17, 0.0007680649720610902009, 0.001536129944122166307, 0.002304194916183242414, 0.003072259888244318737, 0.003840324860305395060, 0.004608389832366470949, 0.005376454804427547272, 0.006144519776488623596 ),
 .UNSPECIFIED. ) ;
#1392 = VERTEX_POINT ( 'NONE', #738 ) ;
#1393 = DIRECTION ( 'NONE',  ( 0.000000000000000000, 0.03432432496962165014, 0.9994107467479924622 ) ) ;
#1394 = EDGE_CURVE ( 'NONE', #463, #900, #897, .T. ) ;
#1395 = CARTESIAN_POINT ( 'NONE',  ( -6.949629064642707910, -2.741821531600773909, 0.3095043287599958948 ) ) ;
#1396 = DIRECTION ( 'NONE',  ( -0.000000000000000000, 0.03432432496962170565, 0.9994107467479924622 ) ) ;
#1397 = ORIENTED_EDGE ( 'NONE', *, *, #68, .T. ) ;
#1398 = LINE ( 'NONE', #22, #726 ) ;
#1399 = ORIENTED_EDGE ( 'NONE', *, *, #314, .F. ) ;
#1400 = CARTESIAN_POINT ( 'NONE',  ( -7.741072614029995691, -2.487395220159184905, 1.063289351541742311 ) ) ;
#1401 = EDGE_CURVE ( 'NONE', #379, #1284, #1413, .T. ) ;
#1402 = DIRECTION ( 'NONE',  ( 0.000000000000000000, 0.000000000000000000, -1.000000000000000000 ) ) ;
#1403 = CARTESIAN_POINT ( 'NONE',  ( -7.277644166318085972, -2.713333073492633751, 0.9134759228318071189 ) ) ;
#1404 = ORIENTED_EDGE ( 'NONE', *, *, #506, .T. ) ;
#1405 = CARTESIAN_POINT ( 'NONE',  ( -6.375000000000000000, -2.431632466126977921, 1.061374204144307720 ) ) ;
#1406 = AXIS2_PLACEMENT_3D ( 'NONE', #588, #1436, #327 ) ;
#1407 = ORIENTED_EDGE ( 'NONE', *, *, #1390, .F. ) ;
#1408 = CARTESIAN_POINT ( 'NONE',  ( -6.875000000000000000, -2.855261802546530614, 0.9183504029536417868 ) ) ;
#1409 = CIRCLE ( 'NONE', #234, 0.1574803149606304742 ) ;
#1410 = LINE ( 'NONE', #1243, #619 ) ;
#1411 = AXIS2_PLACEMENT_3D ( 'NONE', #1274, #615, #1260 ) ;
#1412 = EDGE_CURVE ( 'NONE', #284, #1392, #887, .T. ) ;
#1413 = CIRCLE ( 'NONE', #804, 0.1269685049999994819 ) ;
#1414 = DIRECTION ( 'NONE',  ( 0.000000000000000000, -0.9994107467479924622, 0.03432432496962223301 ) ) ;
#1415 = LINE ( 'NONE', #660, #592 ) ;
#1416 = DIRECTION ( 'NONE',  ( 0.000000000000000000, 0.000000000000000000, 1.000000000000000000 ) ) ;
#1417 = ORIENTED_EDGE ( 'NONE', *, *, #1524, .T. ) ;
#1418 = CARTESIAN_POINT ( 'NONE',  ( 0.1459091697685415967, -2.187135649737828036, 2.301247834445916407 ) ) ;
#1419 = LINE ( 'NONE', #789, #1326 ) ;
#1420 = DIRECTION ( 'NONE',  ( 1.000000000000000000, -0.000000000000000000, -0.000000000000000000 ) ) ;
#1421 = ADVANCED_FACE ( 'NONE', ( #507 ), #1127, .F. ) ;
#1422 = EDGE_LOOP ( 'NONE', ( #45, #1205, #1109, #1367 ) ) ;
#1423 = CARTESIAN_POINT ( 'NONE',  ( -7.849910225273173836, -4.005549244195949044, 0.4916827931352582559 ) ) ;
#1424 = ORIENTED_EDGE ( 'NONE', *, *, #409, .T. ) ;
#1425 = CARTESIAN_POINT ( 'NONE',  ( -6.866955371737041958, -2.431632466126977921, 1.061374204144307720 ) ) ;
#1426 = DIRECTION ( 'NONE',  ( 0.000000000000000000, -0.9994107467479924622, 0.03432432496962223301 ) ) ;
#1427 = ORIENTED_EDGE ( 'NONE', *, *, #1451, .T. ) ;
#1428 = CARTESIAN_POINT ( 'NONE',  ( -7.945690772335502139, -3.904649148185119323, 0.5470706393714904747 ) ) ;
#1429 = EDGE_CURVE ( 'NONE', #791, #1529, #381, .T. ) ;
#1430 = ORIENTED_EDGE ( 'NONE', *, *, #516, .F. ) ;
#1431 = AXIS2_PLACEMENT_3D ( 'NONE', #1585, #366, #1233 ) ;
#1432 = ORIENTED_EDGE ( 'NONE', *, *, #626, .F. ) ;
#1433 = CARTESIAN_POINT ( 'NONE',  ( -7.207573207729851106, -2.724926379626221085, 0.4444002000585285383 ) ) ;
#1434 = CYLINDRICAL_SURFACE ( 'NONE', #115, 0.2500000000000001665 ) ;
#1435 = CIRCLE ( 'NONE', #728, 0.1004999999999996452 ) ;
#1436 = DIRECTION ( 'NONE',  ( 3.630219604640610573E-16, 0.9994107467479924622, -0.03432432496962163626 ) ) ;
#1437 = FACE_BOUND ( 'NONE', #497, .T. ) ;
#1438 = VECTOR ( 'NONE', #636, 39.37007874015748143 ) ;
#1439 = ORIENTED_EDGE ( 'NONE', *, *, #216, .T. ) ;
#1440 = SURFACE_STYLE_USAGE ( .BOTH. , #1178 ) ;
#1441 = EDGE_CURVE ( 'NONE', #1298, #1356, #1101, .T. ) ;
#1442 = CARTESIAN_POINT ( 'NONE',  ( -6.375000000000000000, -3.810379740625795542, 0.8648822026927610596 ) ) ;
#1443 = CARTESIAN_POINT ( 'NONE',  ( -6.926071036127788183, -3.797056349631776406, 0.3375139305704331627 ) ) ;
#1444 = CARTESIAN_POINT ( 'NONE',  ( -7.371166691971811957, -3.807159279163360388, 0.6107538227548284793 ) ) ;
#1445 = DIRECTION ( 'NONE',  ( -1.000000000000000000, -1.356992124760766492E-15, 4.660530099667899793E-17 ) ) ;
#1446 = ORIENTED_EDGE ( 'NONE', *, *, #1059, .F. ) ;
#1447 = DIRECTION ( 'NONE',  ( 1.706398902093753377E-16, -0.03432432496962162932, -0.9994107467479924622 ) ) ;
#1448 = ADVANCED_BREP_SHAPE_REPRESENTATION ( 'SideArmorMountBlock', ( #766, #570 ), #1386 ) ;
#1449 = ORIENTED_EDGE ( 'NONE', *, *, #856, .F. ) ;
#1450 = CARTESIAN_POINT ( 'NONE',  ( -6.813891436378725075, -2.445787871798505542, 0.6492156383102438699 ) ) ;
#1451 = EDGE_CURVE ( 'NONE', #532, #277, #1492, .T. ) ;
#1452 = CARTESIAN_POINT ( 'NONE',  ( -7.933636024177047830, -2.600160042258529369, 1.020988822580043864 ) ) ;
#1453 = CARTESIAN_POINT ( 'NONE',  ( -6.883027985767038004, -2.432149354189768076, 1.061391956438745066 ) ) ;
#1454 = CARTESIAN_POINT ( 'NONE',  ( -6.375000000000000000, -2.710379740625795009, 0.7266031838164471734 ) ) ;
#1455 = ORIENTED_EDGE ( 'NONE', *, *, #634, .T. ) ;
#1456 = CARTESIAN_POINT ( 'NONE',  ( -7.973560632513559732, -2.726434437275017775, 0.5750449736890121955 ) ) ;
#1457 = ORIENTED_EDGE ( 'NONE', *, *, #1052, .F. ) ;
#1458 = CARTESIAN_POINT ( 'NONE',  ( -7.277644166318103736, -3.817558065680684898, 0.4835091157250207550 ) ) ;
#1459 = CIRCLE ( 'NONE', #1352, 0.1574803149606304742 ) ;
#1460 = LENGTH_MEASURE_WITH_UNIT ( LENGTH_MEASURE( 0.02539999999999999897 ), #1085 );
#1461 = CIRCLE ( 'NONE', #158, 0.1269685049999994819 ) ;
#1462 = LINE ( 'NONE', #686, #824 ) ;
#1463 = ADVANCED_FACE ( 'NONE', ( #1281 ), #1173, .F. ) ;
#1464 = CARTESIAN_POINT ( 'NONE',  ( -6.872337555681756527, -4.099268387495408561, 0.3353279818032517956 ) ) ;
#1465 = VECTOR ( 'NONE', #347, 39.37007874015748143 ) ;
#1466 = ORIENTED_EDGE ( 'NONE', *, *, #583, .F. ) ;
#1467 = FACE_OUTER_BOUND ( 'NONE', #162, .T. ) ;
#1468 = ORIENTED_EDGE ( 'NONE', *, *, #1009, .F. ) ;
#1469 = FACE_BOUND ( 'NONE', #230, .T. ) ;
#1470 =( CONVERSION_BASED_UNIT ( 'INCH', #1460 ) LENGTH_UNIT ( ) NAMED_UNIT ( #1381 ) );
#1471 = CARTESIAN_POINT ( 'NONE',  ( -7.824999999999999289, 0.02839598692764172885, 0.8267971628026884456 ) ) ;
#1472 = FACE_OUTER_BOUND ( 'NONE', #861, .T. ) ;
#1473 = ADVANCED_FACE ( 'NONE', ( #166 ), #1434, .T. ) ;
#1474 = EDGE_LOOP ( 'NONE', ( #946, #1191, #1562, #1048, #517 ) ) ;
#1475 = CARTESIAN_POINT ( 'NONE',  ( -7.883285440700307234, -2.563968090942887912, 0.4519283505583681082 ) ) ;
#1476 = VERTEX_POINT ( 'NONE', #783 ) ;
#1477 = DIRECTION ( 'NONE',  ( 0.000000000000000000, -0.9994107467479924622, 0.03432432496962169177 ) ) ;
#1478 = CARTESIAN_POINT ( 'NONE',  ( -7.911066505169541685, -2.570316570606033135, 1.039382829785520768 ) ) ;
#1479 = CARTESIAN_POINT ( 'NONE',  ( -6.375000000000000000, -3.270677038116681423, 0.4456694692302068384 ) ) ;
#1480 = CARTESIAN_POINT ( 'NONE',  ( -7.213082181327203912, -4.072082305875886377, 0.4923462359594769078 ) ) ;
#1481 = VERTEX_POINT ( 'NONE', #1306 ) ;
#1482 = CARTESIAN_POINT ( 'NONE',  ( -7.963430176783032444, -2.679087890882602352, 0.5361402850285573729 ) ) ;
#1483 = EDGE_LOOP ( 'NONE', ( #1432, #1439, #1424, #1055 ) ) ;
#1484 = LINE ( 'NONE', #734, #564 ) ;
#1485 = CIRCLE ( 'NONE', #1510, 0.1574803149606299468 ) ;
#1486 = DIRECTION ( 'NONE',  ( 0.000000000000000000, -0.03432432496962118523, -0.9994107467479923512 ) ) ;
#1487 = CIRCLE ( 'NONE', #1196, 0.2500000000000001665 ) ;
#1488 = CARTESIAN_POINT ( 'NONE',  ( -7.018175024355629787, -2.718069052651737483, 0.3439086856809701609 ) ) ;
#1489 = VERTEX_POINT ( 'NONE', #659 ) ;
#1490 = DIRECTION ( 'NONE',  ( -1.079303884694398831E-16, -0.03432432496962164320, -0.9994107467479924622 ) ) ;
#1491 = AXIS2_PLACEMENT_3D ( 'NONE', #1006, #1490, #1372 ) ;
#1492 = CIRCLE ( 'NONE', #1359, 0.3750000000000000000 ) ;
#1493 = EDGE_LOOP ( 'NONE', ( #1212, #837, #150, #739, #625, #669, #614 ) ) ;
#1494 = CARTESIAN_POINT ( 'NONE',  ( 0.000000000000000000, 0.03354463567308497984, 0.9767087748148872706 ) ) ;
#1495 = EDGE_CURVE ( 'NONE', #1476, #1217, #790, .T. ) ;
#1496 = FACE_OUTER_BOUND ( 'NONE', #845, .T. ) ;
#1497 = ORIENTED_EDGE ( 'NONE', *, *, #1072, .T. ) ;
#1498 = DIRECTION ( 'NONE',  ( 0.8384477127988018141, 0.000000000000000000, -0.5449820482387085496 ) ) ;
#1499 = VERTEX_POINT ( 'NONE', #899 ) ;
#1500 = CARTESIAN_POINT ( 'NONE',  ( -7.741072614029995691, -4.038087234154169813, 0.4911786900901347064 ) ) ;
#1501 = EDGE_CURVE ( 'NONE', #56, #630, #404, .T. ) ;
#1502 = DIRECTION ( 'NONE',  ( 0.000000000000000000, 0.9994107467479924622, -0.03432432496962116442 ) ) ;
#1503 = VERTEX_POINT ( 'NONE', #1403 ) ;
#1504 = DIRECTION ( 'NONE',  ( 0.000000000000000000, 0.03432432496962164320, 0.9994107467479923512 ) ) ;
#1505 = ORIENTED_EDGE ( 'NONE', *, *, #365, .T. ) ;
#1506 = CYLINDRICAL_SURFACE ( 'NONE', #413, 0.1004999999999996452 ) ;
#1507 =( BOUNDED_CURVE ( )  B_SPLINE_CURVE ( 3, ( #697, #1204, #723, #1097 ),
 .UNSPECIFIED., .F., .F. ) 
 B_SPLINE_CURVE_WITH_KNOTS ( ( 4, 4 ),
 ( 1.479832337218295768, 1.570796326794897224 ),
 .UNSPECIFIED. ) 
 CURVE ( )  GEOMETRIC_REPRESENTATION_ITEM ( )  RATIONAL_B_SPLINE_CURVE ( ( 1.000000000000000000, 0.9993105815739126152, 0.9993105815739126152, 1.000000000000000000 ) ) 
 REPRESENTATION_ITEM ( '' )  );
#1508 = EDGE_CURVE ( 'NONE', #973, #1588, #61, .T. ) ;
#1509 = DIRECTION ( 'NONE',  ( 0.000000000000000000, -0.03432432496962165708, -0.9994107467479924622 ) ) ;
#1510 = AXIS2_PLACEMENT_3D ( 'NONE', #446, #228, #103 ) ;
#1511 = EDGE_CURVE ( 'NONE', #92, #73, #1234, .T. ) ;
#1512 = ORIENTED_EDGE ( 'NONE', *, *, #586, .T. ) ;
#1513 = DIRECTION ( 'NONE',  ( 0.000000000000000000, -0.03432432496962163626, -0.9994107467479924622 ) ) ;
#1514 = VECTOR ( 'NONE', #870, 39.37007874015748143 ) ;
#1515 = AXIS2_PLACEMENT_3D ( 'NONE', #921, #1185, #1317 ) ;
#1516 = VERTEX_POINT ( 'NONE', #319 ) ;
#1517 = LINE ( 'NONE', #395, #643 ) ;
#1518 = AXIS2_PLACEMENT_3D ( 'NONE', #294, #911, #935 ) ;
#1519 = DIRECTION ( 'NONE',  ( 0.000000000000000000, -0.9994107467479923512, 0.03432432496962162932 ) ) ;
#1520 = AXIS2_PLACEMENT_3D ( 'NONE', #1151, #1058, #1426 ) ;
#1521 = DIRECTION ( 'NONE',  ( 0.000000000000000000, -0.9994107467479924622, 0.03432432496962223301 ) ) ;
#1522 = ORIENTED_EDGE ( 'NONE', *, *, #1132, .T. ) ;
#1523 = CARTESIAN_POINT ( 'NONE',  ( -6.875000000000004441, 0.02813923016604862395, 0.8193212556419755543 ) ) ;
#1524 = EDGE_CURVE ( 'NONE', #632, #295, #62, .T. ) ;
#1525 = ORIENTED_EDGE ( 'NONE', *, *, #506, .F. ) ;
#1526 = CARTESIAN_POINT ( 'NONE',  ( -6.875000000000005329, 0.5103885918917199227, 0.1774814148376383516 ) ) ;
#1527 = CARTESIAN_POINT ( 'NONE',  ( -6.912418141920698034, -2.774102806882193573, 0.2983811410591277746 ) ) ;
#1528 = LINE ( 'NONE', #174, #87 ) ;
#1529 = VERTEX_POINT ( 'NONE', #1158 ) ;
#1530 = DIRECTION ( 'NONE',  ( 0.000000000000000000, 0.000000000000000000, -1.000000000000000000 ) ) ;
#1531 = ORIENTED_EDGE ( 'NONE', *, *, #1329, .F. ) ;
#1532 = EDGE_CURVE ( 'NONE', #1489, #1293, #281, .T. ) ;
#1533 = DIRECTION ( 'NONE',  ( 0.000000000000000000, 0.000000000000000000, -1.000000000000000000 ) ) ;
#1534 = CARTESIAN_POINT ( 'NONE',  ( -6.813891436378725963, -4.099424312615497890, 0.3307879583405035073 ) ) ;
#1535 = CARTESIAN_POINT ( 'NONE',  ( -6.375000000000000000, -2.710379740625795009, 0.8271031838164467631 ) ) ;
#1536 = VERTEX_POINT ( 'NONE', #524 ) ;
#1537 = DIRECTION ( 'NONE',  ( 1.000000000000000000, -0.000000000000000000, -0.000000000000000000 ) ) ;
#1538 = VECTOR ( 'NONE', #704, 39.37007874015748143 ) ;
#1539 = ORIENTED_EDGE ( 'NONE', *, *, #314, .T. ) ;
#1540 = CARTESIAN_POINT ( 'NONE',  ( -6.375000000000000000, -3.810379740625795542, 0.8648822026927610596 ) ) ;
#1541 = AXIS2_PLACEMENT_3D ( 'NONE', #864, #1221, #1368 ) ;
#1542 = DIRECTION ( 'NONE',  ( -0.000000000000000000, 0.9994107467479923512, -0.03432432496962165708 ) ) ;
#1543 = EDGE_CURVE ( 'NONE', #1153, #1134, #1272, .T. ) ;
#1544 = PLANE ( 'NONE',  #289 ) ;
#1545 = EDGE_LOOP ( 'NONE', ( #787, #81, #116, #1099 ) ) ;
#1546 = CARTESIAN_POINT ( 'NONE',  ( -7.963430177790734810, -3.861560293900490937, 0.5767517848860472807 ) ) ;
#1547 = ORIENTED_EDGE ( 'NONE', *, *, #1222, .T. ) ;
#1548 = FACE_OUTER_BOUND ( 'NONE', #884, .T. ) ;
#1549 = FACE_OUTER_BOUND ( 'NONE', #863, .T. ) ;
#1550 = EDGE_CURVE ( 'NONE', #71, #581, #432, .T. ) ;
#1551 = CARTESIAN_POINT ( 'NONE',  ( -7.018175024355631564, -3.835859651110097968, 0.3822987148799929513 ) ) ;
#1552 =( BOUNDED_CURVE ( )  B_SPLINE_CURVE ( 3, ( #679, #1291, #551, #1054 ),
 .UNSPECIFIED., .F., .T. ) 
 B_SPLINE_CURVE_WITH_KNOTS ( ( 4, 4 ),
 ( 1.756221191366234002, 2.146894730784156824 ),
 .UNSPECIFIED. ) 
 CURVE ( )  GEOMETRIC_REPRESENTATION_ITEM ( )  RATIONAL_B_SPLINE_CURVE ( ( 1.000000000000000000, 0.9873215728126902846, 0.9873215728126902846, 1.000000000000000000 ) ) 
 REPRESENTATION_ITEM ( '' )  );
#1553 = ORIENTED_EDGE ( 'NONE', *, *, #1292, .T. ) ;
#1554 = FACE_BOUND ( 'NONE', #510, .T. ) ;
#1555 = ORIENTED_EDGE ( 'NONE', *, *, #148, .F. ) ;
#1556 = CARTESIAN_POINT ( 'NONE',  ( -7.674999999999999822, -3.900066640479207258, 0.4864384331685290275 ) ) ;
#1557 = DIRECTION ( 'NONE',  ( 0.5150380749100610389, 0.000000000000000000, -0.8571673007021082258 ) ) ;
#1558 = EDGE_CURVE ( 'NONE', #1153, #463, #1528, .T. ) ;
#1559 = DIRECTION ( 'NONE',  ( 1.000000000000000000, -0.000000000000000000, -0.000000000000000000 ) ) ;
#1560 = CARTESIAN_POINT ( 'NONE',  ( -7.872621056667784778, -3.990598813452889360, 0.4968313570227761988 ) ) ;
#1561 = EDGE_CURVE ( 'NONE', #1238, #655, #549, .T. ) ;
#1562 = ORIENTED_EDGE ( 'NONE', *, *, #717, .T. ) ;
#1563 = DIRECTION ( 'NONE',  ( -0.9979287960776275224, -0.06432820500415771525, 0.000000000000000000 ) ) ;
#1564 = AXIS2_PLACEMENT_3D ( 'NONE', #36, #847, #43 ) ;
#1565 = CIRCLE ( 'NONE', #1328, 0.2500000000000001665 ) ;
#1566 = ORIENTED_EDGE ( 'NONE', *, *, #109, .T. ) ;
#1567 = CARTESIAN_POINT ( 'NONE',  ( -7.081824975644369857, -2.718849952547078619, 0.3853072931085421149 ) ) ;
#1568 = AXIS2_PLACEMENT_3D ( 'NONE', #1252, #6, #503 ) ;
#1569 = CARTESIAN_POINT ( 'NONE',  ( -7.959742345712402134, -2.652895870239591503, 0.9854417658426035675 ) ) ;
#1570 = VECTOR ( 'NONE', #191, 39.37007874015748143 ) ;
#1571 = DIRECTION ( 'NONE',  ( 0.000000000000000000, 0.000000000000000000, -1.000000000000000000 ) ) ;
#1572 = LINE ( 'NONE', #447, #212 ) ;
#1573 = ORIENTED_EDGE ( 'NONE', *, *, #1052, .T. ) ;
#1574 = DIRECTION ( 'NONE',  ( -0.06429045611998061849, 0.9973431944968327301, -0.03425331579187226166 ) ) ;
#1575 = ADVANCED_FACE ( 'NONE', ( #554 ), #1544, .F. ) ;
#1576 = FACE_OUTER_BOUND ( 'NONE', #178, .T. ) ;
#1577 = CARTESIAN_POINT ( 'NONE',  ( -6.875986120147698166, -3.701288505733929757, 0.3222887477305009241 ) ) ;
#1578 = PRODUCT ( 'SideArmorMountBlock', 'SideArmorMountBlock', '', ( #871 ) ) ;
#1579 = CARTESIAN_POINT ( 'NONE',  ( -7.018175024355629787, -4.088128326855368755, 0.3909627722098865110 ) ) ;
#1580 = LINE ( 'NONE', #978, #1332 ) ;
#1581 = ORIENTED_EDGE ( 'NONE', *, *, #26, .T. ) ;
#1582 = CARTESIAN_POINT ( 'NONE',  ( -7.975000000000004086, -2.747730887777437125, 0.5927245350095804444 ) ) ;
#1583 = EDGE_CURVE ( 'NONE', #1082, #1090, #34, .T. ) ;
#1584 = EDGE_LOOP ( 'NONE', ( #144, #185, #983, #971 ) ) ;
#1585 = CARTESIAN_POINT ( 'NONE',  ( -7.032480314960629642, -3.659578759674686488, 0.9459743170499002041 ) ) ;
#1586 = CARTESIAN_POINT ( 'NONE',  ( -7.425000000000000711, -2.870394993885422519, 0.9188701457911425674 ) ) ;
#1587 = DIRECTION ( 'NONE',  ( -1.075670736686723109E-16, 0.03432432496962163626, 0.9994107467479923512 ) ) ;
#1588 = VERTEX_POINT ( 'NONE', #1195 ) ;
#1589 = CARTESIAN_POINT ( 'NONE',  ( -7.911066504009319544, -2.589933699957503777, 0.4681969088292571857 ) ) ;
#1590 = VERTEX_POINT ( 'NONE', #478 ) ;
#1591 = LINE ( 'NONE', #477, #313 ) ;
#1592 = AXIS2_PLACEMENT_3D ( 'NONE', #944, #1198, #1078 ) ;
#1593 = AXIS2_PLACEMENT_3D ( 'NONE', #725, #341, #1477 ) ;
#1594 = EDGE_CURVE ( 'NONE', #340, #753, #684, .T. ) ;
#1595 = DIRECTION ( 'NONE',  ( -3.970963966169573280E-16, -0.9994107467479923512, 0.03432432496962165014 ) ) ;
#1596 = DIRECTION ( 'NONE',  ( -0.000000000000000000, 0.03432432496962170565, 0.9994107467479924622 ) ) ;
#1597 = AXIS2_PLACEMENT_3D ( 'NONE', #1239, #1081, #1348 ) ;
#1598 = ORIENTED_EDGE ( 'NONE', *, *, #675, .T. ) ;
#1599 = CARTESIAN_POINT ( 'NONE',  ( -7.837859455158290523, -2.534798971290054492, 0.4395489122180573083 ) ) ;
#1600 = EDGE_LOOP ( 'NONE', ( #14, #125, #355 ) ) ;
#1601 = CARTESIAN_POINT ( 'NONE',  ( -6.883027985767038004, -2.458955736505874512, 0.2808788191268512535 ) ) ;
#1602 = CARTESIAN_POINT ( 'NONE',  ( -6.912328866394738647, -3.782972705713139927, 0.3330069469147058370 ) ) ;
#1603 = ADVANCED_FACE ( 'NONE', ( #86 ), #546, .F. ) ;
#1604 = DIRECTION ( 'NONE',  ( 0.000000000000000000, 0.9994107467479924622, -0.03432432496962189300 ) ) ;
#1605 = CARTESIAN_POINT ( 'NONE',  ( -7.277644166318085972, -2.665106863720600572, 2.317663546732634305 ) ) ;
#1606 = ORIENTED_EDGE ( 'NONE', *, *, #1350, .T. ) ;
#1607 = CARTESIAN_POINT ( 'NONE',  ( -7.974819137111513356, -3.783120456679245347, 0.9662053172761735365 ) ) ;
#1608 = VERTEX_POINT ( 'NONE', #571 ) ;
#1609 = LINE ( 'NONE', #244, #991 ) ;
#1610 = DIRECTION ( 'NONE',  ( 0.000000000000000000, -0.9994107467479923512, 0.03432432496962165014 ) ) ;
#1611 = DIRECTION ( 'NONE',  ( 0.000000000000000000, -0.9994107467479924622, 0.03432432496962223301 ) ) ;
#1612 = ORIENTED_EDGE ( 'NONE', *, *, #1508, .F. ) ;
#1613 = CARTESIAN_POINT ( 'NONE',  ( -7.926725846813451604, -2.608730952583296236, 0.4814195394323665944 ) ) ;
#1614 = EDGE_CURVE ( 'NONE', #207, #1529, #1391, .T. ) ;
#1615 = ORIENTED_EDGE ( 'NONE', *, *, #865, .T. ) ;
ENDSEC;
END-ISO-10303-21;
