ISO-10303-21;
HEADER;
FILE_DESCRIPTION (( 'STEP AP214' ),
    '1' );
FILE_NAME ('Side Plate R.STEP',
    '2026-05-07T06:02:49',
    ( '' ),
    ( '' ),
    'SwSTEP 2.0',
    'SolidWorks 2024',
    '' );
FILE_SCHEMA (( 'AUTOMOTIVE_DESIGN' ));
ENDSEC;

DATA;
#1 = CARTESIAN_POINT ( 'NONE',  ( 6.274499999999932243, -4.503937009999946284, 0.4457194827810625481 ) ) ;
#2 = DIRECTION ( 'NONE',  ( -1.000000000000000000, -0.000000000000000000, -0.000000000000000000 ) ) ;
#3 = DIRECTION ( 'NONE',  ( -0.7547095802227711259, -8.034405899049466125E-17, 0.6560590289905082750 ) ) ;
#4 = ORIENTED_EDGE ( 'NONE', *, *, #1126, .T. ) ;
#5 = DIRECTION ( 'NONE',  ( 0.000000000000000000, 1.224646799147353207E-16, -1.000000000000000000 ) ) ;
#6 = EDGE_LOOP ( 'NONE', ( #3310, #3472, #1373, #427 ) ) ;
#7 = LINE ( 'NONE', #2132, #4020 ) ;
#8 = ORIENTED_EDGE ( 'NONE', *, *, #3673, .F. ) ;
#9 = ADVANCED_FACE ( 'NONE', ( #1971 ), #664, .F. ) ;
#10 = DIRECTION ( 'NONE',  ( 1.000000000000000000, -0.000000000000000000, -0.000000000000000000 ) ) ;
#11 = ORIENTED_EDGE ( 'NONE', *, *, #159, .T. ) ;
#12 = EDGE_CURVE ( 'NONE', #5171, #1632, #1533, .T. ) ;
#13 = ORIENTED_EDGE ( 'NONE', *, *, #2608, .F. ) ;
#14 = CARTESIAN_POINT ( 'NONE',  ( 6.407178295260006706, -0.4047772146678870753, 0.2588858022961016414 ) ) ;
#15 = DIRECTION ( 'NONE',  ( -0.7547095802227704597, -8.034405899049474753E-17, 0.6560590289905090522 ) ) ;
#16 = DIRECTION ( 'NONE',  ( 0.000000000000000000, 0.000000000000000000, -1.000000000000000000 ) ) ;
#17 = ORIENTED_EDGE ( 'NONE', *, *, #2010, .F. ) ;
#18 = EDGE_CURVE ( 'NONE', #2396, #4316, #4198, .T. ) ;
#19 = ADVANCED_FACE ( 'NONE', ( #3606 ), #2445, .F. ) ;
#20 = VECTOR ( 'NONE', #4456, 39.37007874015748143 ) ;
#21 = CARTESIAN_POINT ( 'NONE',  ( 6.475263558460000901, -0.4931102362204725087, 0.3749999999999999445 ) ) ;
#22 = VECTOR ( 'NONE', #2915, 39.37007874015748143 ) ;
#23 = DIRECTION ( 'NONE',  ( 0.000000000000000000, 0.000000000000000000, -1.000000000000000000 ) ) ;
#24 = CIRCLE ( 'NONE', #3897, 0.1181102362204724116 ) ;
#25 = VERTEX_POINT ( 'NONE', #3661 ) ;
#26 = DIRECTION ( 'NONE',  ( 0.000000000000000000, 0.000000000000000000, 1.000000000000000000 ) ) ;
#27 = AXIS2_PLACEMENT_3D ( 'NONE', #2341, #741, #1537 ) ;
#28 = VECTOR ( 'NONE', #3, 39.37007874015748143 ) ;
#29 = FACE_OUTER_BOUND ( 'NONE', #4161, .T. ) ;
#30 = DIRECTION ( 'NONE',  ( 0.000000000000000000, 0.000000000000000000, -1.000000000000000000 ) ) ;
#31 = CARTESIAN_POINT ( 'NONE',  ( 6.375000000000000000, -0.3799999999999998934, 0.2374999999999998501 ) ) ;
#32 = DIRECTION ( 'NONE',  ( -0.000000000000000000, -0.000000000000000000, 1.000000000000000000 ) ) ;
#33 = LINE ( 'NONE', #1354, #1438 ) ;
#34 = EDGE_CURVE ( 'NONE', #2219, #2600, #351, .T. ) ;
#35 = VECTOR ( 'NONE', #3084, 39.37007874015748143 ) ;
#36 = ORIENTED_EDGE ( 'NONE', *, *, #3458, .T. ) ;
#37 = FACE_BOUND ( 'NONE', #1327, .T. ) ;
#38 = ORIENTED_EDGE ( 'NONE', *, *, #350, .F. ) ;
#39 = VECTOR ( 'NONE', #445, 39.37007874015748143 ) ;
#40 = VECTOR ( 'NONE', #905, 39.37007874015748143 ) ;
#41 = LINE ( 'NONE', #1712, #317 ) ;
#42 = ORIENTED_EDGE ( 'NONE', *, *, #1446, .T. ) ;
#43 = AXIS2_PLACEMENT_3D ( 'NONE', #4605, #1296, #1207 ) ;
#44 = PLANE ( 'NONE',  #4365 ) ;
#45 = ORIENTED_EDGE ( 'NONE', *, *, #5449, .T. ) ;
#46 = CARTESIAN_POINT ( 'NONE',  ( 6.380498454655578300, -0.3994999999999986895, 0.1904534499058330166 ) ) ;
#47 = DIRECTION ( 'NONE',  ( -1.000000000000000000, 0.000000000000000000, 0.000000000000000000 ) ) ;
#48 = CARTESIAN_POINT ( 'NONE',  ( 6.125000000000000000, -5.299999999999999822, 0.5931102362204722089 ) ) ;
#49 = ORIENTED_EDGE ( 'NONE', *, *, #2892, .T. ) ;
#50 = AXIS2_PLACEMENT_3D ( 'NONE', #4872, #1119, #2751 ) ;
#51 = ORIENTED_EDGE ( 'NONE', *, *, #1576, .T. ) ;
#52 = ADVANCED_FACE ( 'NONE', ( #2024 ), #3711, .F. ) ;
#53 = LINE ( 'NONE', #4660, #4535 ) ;
#54 = CARTESIAN_POINT ( 'NONE',  ( 6.375000000000000000, -6.799999999999999822, 0.8749999999999995559 ) ) ;
#55 = CIRCLE ( 'NONE', #154, 0.1004999999999996452 ) ;
#56 = ORIENTED_EDGE ( 'NONE', *, *, #5258, .F. ) ;
#57 = LINE ( 'NONE', #4642, #4537 ) ;
#58 = CIRCLE ( 'NONE', #1031, 0.05905511811023627516 ) ;
#59 = PLANE ( 'NONE',  #1097 ) ;
#60 = ORIENTED_EDGE ( 'NONE', *, *, #1791, .T. ) ;
#61 = EDGE_CURVE ( 'NONE', #2795, #4737, #1806, .T. ) ;
#62 = DIRECTION ( 'NONE',  ( -0.000000000000000000, 1.000000000000000000, -1.561055996379578982E-16 ) ) ;
#63 = DIRECTION ( 'NONE',  ( 1.000000000000000000, 0.000000000000000000, 0.000000000000000000 ) ) ;
#64 = CARTESIAN_POINT ( 'NONE',  ( 6.375000000000000000, -2.430394809875166651, 0.9827104309290969342 ) ) ;
#65 = CARTESIAN_POINT ( 'NONE',  ( 6.274499999999998856, -0.4999999999999984457, 1.219999999999999751 ) ) ;
#66 = VERTEX_POINT ( 'NONE', #5394 ) ;
#67 = DIRECTION ( 'NONE',  ( 0.000000000000000000, 0.000000000000000000, 1.000000000000000000 ) ) ;
#68 = DIRECTION ( 'NONE',  ( 0.000000000000000000, 0.000000000000000000, 1.000000000000000000 ) ) ;
#69 = EDGE_LOOP ( 'NONE', ( #3177, #2356, #4906, #3462 ) ) ;
#70 = DIRECTION ( 'NONE',  ( 1.000000000000000000, 0.000000000000000000, 0.000000000000000000 ) ) ;
#71 = ORIENTED_EDGE ( 'NONE', *, *, #3622, .F. ) ;
#72 = CARTESIAN_POINT ( 'NONE',  ( 6.385928439573267390, -0.3999883800836869785, 0.1922628428932836309 ) ) ;
#73 = ORIENTED_EDGE ( 'NONE', *, *, #284, .T. ) ;
#74 = CARTESIAN_POINT ( 'NONE',  ( 6.125000000000000000, -3.270677038116681423, 0.2806694692302063032 ) ) ;
#75 = CARTESIAN_POINT ( 'NONE',  ( 6.243110236220472231, -2.399999999999999911, -0.1249999999999999861 ) ) ;
#76 = ORIENTED_EDGE ( 'NONE', *, *, #278, .F. ) ;
#77 = CARTESIAN_POINT ( 'NONE',  ( 6.475499999999999368, -4.503937009999998686, 0.000000000000000000 ) ) ;
#78 = LINE ( 'NONE', #2953, #292 ) ;
#79 = EDGE_CURVE ( 'NONE', #1161, #432, #1609, .T. ) ;
#80 = EDGE_LOOP ( 'NONE', ( #514, #3648, #515, #1405, #3665, #4540, #2694, #102 ) ) ;
#81 = CARTESIAN_POINT ( 'NONE',  ( 6.624999999999999112, -6.066141731220471733, 1.128937010000000019 ) ) ;
#82 = EDGE_CURVE ( 'NONE', #3788, #4956, #2864, .T. ) ;
#83 = DIRECTION ( 'NONE',  ( 1.000000000000000000, 0.000000000000000000, 0.000000000000000000 ) ) ;
#84 = CYLINDRICAL_SURFACE ( 'NONE', #3031, 0.1181102362204724116 ) ;
#85 = CARTESIAN_POINT ( 'NONE',  ( 6.390109518778113618, -4.603581978139114739, 0.3643416158895863011 ) ) ;
#86 = DIRECTION ( 'NONE',  ( -1.000000000000000000, 0.000000000000000000, 0.000000000000000000 ) ) ;
#87 = DIRECTION ( 'NONE',  ( 0.000000000000000000, 0.000000000000000000, -1.000000000000000000 ) ) ;
#88 = VERTEX_POINT ( 'NONE', #4471 ) ;
#89 = CARTESIAN_POINT ( 'NONE',  ( 6.375000000000000000, -4.503937009999998686, 0.5300000000000001377 ) ) ;
#90 = EDGE_CURVE ( 'NONE', #4129, #1113, #409, .T. ) ;
#91 = CARTESIAN_POINT ( 'NONE',  ( 6.125000000000000000, -6.200984252499999627, 0.4365157475000004395 ) ) ;
#92 = ORIENTED_EDGE ( 'NONE', *, *, #4410, .T. ) ;
#93 = DIRECTION ( 'NONE',  ( 0.000000000000000000, -1.000000000000000000, 0.000000000000000000 ) ) ;
#94 = EDGE_CURVE ( 'NONE', #4178, #1458, #5070, .T. ) ;
#95 = ORIENTED_EDGE ( 'NONE', *, *, #1666, .F. ) ;
#96 = ORIENTED_EDGE ( 'NONE', *, *, #260, .T. ) ;
#97 = ORIENTED_EDGE ( 'NONE', *, *, #1101, .T. ) ;
#98 = LINE ( 'NONE', #4738, #4179 ) ;
#99 = PLANE ( 'NONE',  #4347 ) ;
#100 = EDGE_CURVE ( 'NONE', #4270, #536, #294, .T. ) ;
#101 = ORIENTED_EDGE ( 'NONE', *, *, #4243, .F. ) ;
#102 = ORIENTED_EDGE ( 'NONE', *, *, #4447, .T. ) ;
#103 = FACE_OUTER_BOUND ( 'NONE', #1578, .T. ) ;
#104 = CARTESIAN_POINT ( 'NONE',  ( 6.467866104964804741, -0.4610562091870538670, 0.3792736905020075433 ) ) ;
#105 = FACE_BOUND ( 'NONE', #2216, .T. ) ;
#106 = EDGE_LOOP ( 'NONE', ( #17, #3931, #3574, #4295 ) ) ;
#107 = DIRECTION ( 'NONE',  ( -1.000000000000000000, 0.000000000000000000, 0.000000000000000000 ) ) ;
#108 = VECTOR ( 'NONE', #2099, 39.37007874015748854 ) ;
#109 = EDGE_CURVE ( 'NONE', #2176, #4771, #2828, .T. ) ;
#110 = CARTESIAN_POINT ( 'NONE',  ( -8.514999999999998792, -0.4931102362204725642, 0.9039245083222339217 ) ) ;
#111 = CARTESIAN_POINT ( 'NONE',  ( 6.624999999999999112, -2.450767612028188491, 0.3895218560300732769 ) ) ;
#112 = LINE ( 'NONE', #149, #5041 ) ;
#113 = CARTESIAN_POINT ( 'NONE',  ( 4.433018566799289850, -2.546717713877304945, 1.069266085778232345 ) ) ;
#114 = CARTESIAN_POINT ( 'NONE',  ( 6.624999999999999112, -1.616638072028670825, 0.6849148370861219970 ) ) ;
#115 = ORIENTED_EDGE ( 'NONE', *, *, #5146, .T. ) ;
#116 = DIRECTION ( 'NONE',  ( 0.000000000000000000, 0.000000000000000000, -1.000000000000000000 ) ) ;
#117 = AXIS2_PLACEMENT_3D ( 'NONE', #3205, #1432, #1105 ) ;
#118 = VECTOR ( 'NONE', #2306, 39.37007874015748143 ) ;
#119 = ORIENTED_EDGE ( 'NONE', *, *, #3000, .F. ) ;
#120 = VECTOR ( 'NONE', #4123, 39.37007874015748143 ) ;
#121 = VECTOR ( 'NONE', #3587, 39.37007874015748143 ) ;
#122 = DIRECTION ( 'NONE',  ( 0.000000000000000000, -6.829619984160658046E-17, 1.000000000000000000 ) ) ;
#123 = ADVANCED_FACE ( 'NONE', ( #408 ), #2260, .F. ) ;
#124 = VECTOR ( 'NONE', #3757, 39.37007874015748143 ) ;
#125 = VERTEX_POINT ( 'NONE', #898 ) ;
#126 = AXIS2_PLACEMENT_3D ( 'NONE', #5281, #546, #2225 ) ;
#127 = AXIS2_PLACEMENT_3D ( 'NONE', #3914, #3608, #2641 ) ;
#128 = ORIENTED_EDGE ( 'NONE', *, *, #3760, .T. ) ;
#129 = DIRECTION ( 'NONE',  ( -1.000000000000000000, 0.000000000000000000, 0.000000000000000000 ) ) ;
#130 = VERTEX_POINT ( 'NONE', #2577 ) ;
#131 = EDGE_CURVE ( 'NONE', #3988, #4771, #3666, .T. ) ;
#132 = VECTOR ( 'NONE', #808, 39.37007874015748143 ) ;
#133 = PLANE ( 'NONE',  #126 ) ;
#134 = DIRECTION ( 'NONE',  ( 0.000000000000000000, 0.000000000000000000, 1.000000000000000000 ) ) ;
#135 = CIRCLE ( 'NONE', #3637, 0.1250000000000004441 ) ;
#136 = ORIENTED_EDGE ( 'NONE', *, *, #3936, .T. ) ;
#137 = AXIS2_PLACEMENT_3D ( 'NONE', #3264, #2478, #26 ) ;
#138 = CARTESIAN_POINT ( 'NONE',  ( 6.506889763779526881, -2.118110236220472675, 1.874999999999999556 ) ) ;
#139 = EDGE_CURVE ( 'NONE', #4918, #5114, #1818, .T. ) ;
#140 = PLANE ( 'NONE',  #1884 ) ;
#141 = AXIS2_PLACEMENT_3D ( 'NONE', #4301, #962, #3948 ) ;
#142 = CARTESIAN_POINT ( 'NONE',  ( 6.125000000000000000, -1.195882546459554163, 0.6250000000000000000 ) ) ;
#143 = CARTESIAN_POINT ( 'NONE',  ( 6.475500000000001144, -5.699999999999998401, -4.892463962593665846E-17 ) ) ;
#144 = ORIENTED_EDGE ( 'NONE', *, *, #5019, .T. ) ;
#145 = CARTESIAN_POINT ( 'NONE',  ( 6.125000000000000000, -2.710379740625795009, 0.8271031838164467631 ) ) ;
#146 = DIRECTION ( 'NONE',  ( 1.000000000000000000, -0.000000000000000000, -0.000000000000000000 ) ) ;
#147 = CYLINDRICAL_SURFACE ( 'NONE', #2594, 0.1004999999999996452 ) ;
#148 = AXIS2_PLACEMENT_3D ( 'NONE', #4048, #2416, #2804 ) ;
#149 = CARTESIAN_POINT ( 'NONE',  ( 6.375000000000000000, 0.5000000000000000000, 0.3169999999999999485 ) ) ;
#150 = DIRECTION ( 'NONE',  ( -1.000000000000000000, -0.000000000000000000, -0.000000000000000000 ) ) ;
#151 = VERTEX_POINT ( 'NONE', #1222 ) ;
#152 = DIRECTION ( 'NONE',  ( 0.000000000000000000, 0.000000000000000000, -1.000000000000000000 ) ) ;
#153 = EDGE_CURVE ( 'NONE', #5142, #3453, #1191, .T. ) ;
#154 = AXIS2_PLACEMENT_3D ( 'NONE', #1471, #3980, #1907 ) ;
#155 = CYLINDRICAL_SURFACE ( 'NONE', #5169, 0.3749999999999999445 ) ;
#156 = EDGE_LOOP ( 'NONE', ( #2982, #2964, #3144, #1882 ) ) ;
#157 = DIRECTION ( 'NONE',  ( 0.000000000000000000, -1.000000000000000000, 0.000000000000000000 ) ) ;
#158 = VERTEX_POINT ( 'NONE', #1310 ) ;
#159 = EDGE_CURVE ( 'NONE', #2104, #3219, #457, .T. ) ;
#160 = ORIENTED_EDGE ( 'NONE', *, *, #1845, .F. ) ;
#161 = DIRECTION ( 'NONE',  ( 0.000000000000000000, -1.000000000000000000, -5.463695987328527423E-16 ) ) ;
#162 = DIRECTION ( 'NONE',  ( 1.000000000000000000, 0.000000000000000000, 0.000000000000000000 ) ) ;
#163 = ORIENTED_EDGE ( 'NONE', *, *, #3949, .T. ) ;
#164 = ADVANCED_FACE ( 'NONE', ( #5427, #4189 ), #1287, .F. ) ;
#165 = ORIENTED_EDGE ( 'NONE', *, *, #5455, .T. ) ;
#166 = DIRECTION ( 'NONE',  ( 0.000000000000000000, 0.000000000000000000, -1.000000000000000000 ) ) ;
#167 = DIRECTION ( 'NONE',  ( -1.000000000000000000, 0.000000000000000000, 0.000000000000000000 ) ) ;
#168 = CARTESIAN_POINT ( 'NONE',  ( 6.624999999999999112, -0.3750000000000000555, 0.4931102362204723977 ) ) ;
#169 = ORIENTED_EDGE ( 'NONE', *, *, #2112, .T. ) ;
#170 = LINE ( 'NONE', #81, #3140 ) ;
#171 = EDGE_CURVE ( 'NONE', #4398, #4687, #3145, .T. ) ;
#172 = CARTESIAN_POINT ( 'NONE',  ( -9.639999999999997016, -6.453937009999998864, 1.128937010000000019 ) ) ;
#173 = CARTESIAN_POINT ( 'NONE',  ( -8.514999999999998792, -1.405762282583708389, 1.125918381627099674 ) ) ;
#174 = DIRECTION ( 'NONE',  ( -0.000000000000000000, -0.03432432496962139340, -0.9994107467479923512 ) ) ;
#175 = VERTEX_POINT ( 'NONE', #2138 ) ;
#176 = DIRECTION ( 'NONE',  ( 1.000000000000000000, -0.000000000000000000, -0.000000000000000000 ) ) ;
#177 = EDGE_LOOP ( 'NONE', ( #4710, #3497, #1621, #433 ) ) ;
#178 = CARTESIAN_POINT ( 'NONE',  ( 6.475500000000001144, -5.699999999999998401, 0.5300000000000001377 ) ) ;
#179 = ORIENTED_EDGE ( 'NONE', *, *, #1132, .F. ) ;
#180 = LINE ( 'NONE', #3191, #2785 ) ;
#181 = EDGE_CURVE ( 'NONE', #1458, #4178, #3579, .T. ) ;
#182 = ORIENTED_EDGE ( 'NONE', *, *, #1595, .T. ) ;
#183 = DIRECTION ( 'NONE',  ( -0.000000000000000000, 1.000000000000000000, -0.000000000000000000 ) ) ;
#184 = FACE_OUTER_BOUND ( 'NONE', #3807, .T. ) ;
#185 = VERTEX_POINT ( 'NONE', #3414 ) ;
#186 = ORIENTED_EDGE ( 'NONE', *, *, #3096, .T. ) ;
#187 = DIRECTION ( 'NONE',  ( 0.000000000000000000, -1.000000000000000000, -0.000000000000000000 ) ) ;
#188 = LINE ( 'NONE', #3116, #1691 ) ;
#189 = CARTESIAN_POINT ( 'NONE',  ( 6.506889763779526881, 3.297594818231553244E-16, 1.156889763779527236 ) ) ;
#190 = CARTESIAN_POINT ( 'NONE',  ( 6.125000000000000000, -5.299999999999999822, 2.100000000000000089 ) ) ;
#191 = ADVANCED_FACE ( 'NONE', ( #1718 ), #1662, .T. ) ;
#192 = EDGE_CURVE ( 'NONE', #66, #787, #234, .T. ) ;
#193 = ORIENTED_EDGE ( 'NONE', *, *, #4218, .F. ) ;
#194 = DIRECTION ( 'NONE',  ( -1.000000000000000000, -0.000000000000000000, -0.000000000000000000 ) ) ;
#195 = CARTESIAN_POINT ( 'NONE',  ( 6.624999999999999112, -1.661364675642386324, 0.7950353414225332926 ) ) ;
#196 = DIRECTION ( 'NONE',  ( 0.000000000000000000, 5.782411586589358625E-16, 1.000000000000000000 ) ) ;
#197 = CARTESIAN_POINT ( 'NONE',  ( 6.295148036240428624, -4.442913130381114684, 0.5300000000000001377 ) ) ;
#198 = EDGE_CURVE ( 'NONE', #1161, #481, #5033, .T. ) ;
#199 = ORIENTED_EDGE ( 'NONE', *, *, #1623, .F. ) ;
#200 = CARTESIAN_POINT ( 'NONE',  ( 6.125000000000000000, -6.799999999999999822, 0.4687499999999995004 ) ) ;
#201 = AXIS2_PLACEMENT_3D ( 'NONE', #721, #277, #1512 ) ;
#202 = ORIENTED_EDGE ( 'NONE', *, *, #3173, .T. ) ;
#203 = ADVANCED_FACE ( 'NONE', ( #4630 ), #2530, .F. ) ;
#204 = DIRECTION ( 'NONE',  ( 0.000000000000000000, 0.000000000000000000, 1.000000000000000000 ) ) ;
#205 = DIRECTION ( 'NONE',  ( 1.000000000000000000, 0.000000000000000000, 0.000000000000000000 ) ) ;
#206 = CIRCLE ( 'NONE', #4700, 0.05905511811023627516 ) ;
#207 = CIRCLE ( 'NONE', #1249, 0.1181102362204724116 ) ;
#208 = ORIENTED_EDGE ( 'NONE', *, *, #4563, .F. ) ;
#209 = AXIS2_PLACEMENT_3D ( 'NONE', #4971, #2098, #755 ) ;
#210 = AXIS2_PLACEMENT_3D ( 'NONE', #3527, #5208, #1424 ) ;
#211 = VECTOR ( 'NONE', #2721, 39.37007874015748143 ) ;
#212 = ORIENTED_EDGE ( 'NONE', *, *, #3590, .T. ) ;
#213 = CARTESIAN_POINT ( 'NONE',  ( 6.125000000000000000, -5.948031494999999502, 2.100000000000000089 ) ) ;
#214 = FACE_BOUND ( 'NONE', #920, .T. ) ;
#215 = ORIENTED_EDGE ( 'NONE', *, *, #3548, .F. ) ;
#216 = CIRCLE ( 'NONE', #657, 0.1004999999999996452 ) ;
#217 = EDGE_CURVE ( 'NONE', #844, #1453, #2603, .T. ) ;
#218 = VERTEX_POINT ( 'NONE', #428 ) ;
#219 = VECTOR ( 'NONE', #146, 39.37007874015748143 ) ;
#220 = VECTOR ( 'NONE', #3749, 39.37007874015748143 ) ;
#221 = CARTESIAN_POINT ( 'NONE',  ( 6.475499999999999368, -4.503937009999998686, 0.4457194827810547766 ) ) ;
#222 = DIRECTION ( 'NONE',  ( 0.000000000000000000, 0.000000000000000000, 1.000000000000000000 ) ) ;
#223 = DIRECTION ( 'NONE',  ( -0.000000000000000000, -0.000000000000000000, 1.000000000000000000 ) ) ;
#224 = AXIS2_PLACEMENT_3D ( 'NONE', #910, #2983, #1232 ) ;
#225 = VERTEX_POINT ( 'NONE', #2079 ) ;
#226 = EDGE_CURVE ( 'NONE', #449, #695, #1021, .T. ) ;
#227 = CARTESIAN_POINT ( 'NONE',  ( 6.375000000000000000, 0.000000000000000000, 1.512499999999999734 ) ) ;
#228 = DIRECTION ( 'NONE',  ( 1.000000000000000000, 0.000000000000000000, 0.000000000000000000 ) ) ;
#229 = FACE_OUTER_BOUND ( 'NONE', #806, .T. ) ;
#230 = CARTESIAN_POINT ( 'NONE',  ( 6.375000000000000000, -2.710379740625795009, 0.6941031838164468670 ) ) ;
#231 = ORIENTED_EDGE ( 'NONE', *, *, #5419, .F. ) ;
#232 = CARTESIAN_POINT ( 'NONE',  ( 6.454851963759567823, -4.442913130381112907, 0.5300000000000013589 ) ) ;
#233 = EDGE_CURVE ( 'NONE', #548, #1412, #5027, .T. ) ;
#234 = CIRCLE ( 'NONE', #4373, 0.1004999999999996452 ) ;
#235 = DIRECTION ( 'NONE',  ( 1.000000000000000000, 0.000000000000000000, 0.000000000000000000 ) ) ;
#236 = ORIENTED_EDGE ( 'NONE', *, *, #3102, .F. ) ;
#237 = DIRECTION ( 'NONE',  ( 1.000000000000000000, 0.000000000000000000, 0.000000000000000000 ) ) ;
#238 = CIRCLE ( 'NONE', #1553, 0.05905511811023627516 ) ;
#239 = EDGE_CURVE ( 'NONE', #621, #3898, #41, .T. ) ;
#240 = VERTEX_POINT ( 'NONE', #4288 ) ;
#241 = DIRECTION ( 'NONE',  ( 1.000000000000000000, 0.000000000000000000, 0.000000000000000000 ) ) ;
#242 = VERTEX_POINT ( 'NONE', #1326 ) ;
#243 = CYLINDRICAL_SURFACE ( 'NONE', #3649, 0.2344000000000001083 ) ;
#244 = ORIENTED_EDGE ( 'NONE', *, *, #2763, .T. ) ;
#245 = ORIENTED_EDGE ( 'NONE', *, *, #2380, .T. ) ;
#246 = DIRECTION ( 'NONE',  ( 1.000000000000000000, 0.000000000000000000, 0.000000000000000000 ) ) ;
#247 = CARTESIAN_POINT ( 'NONE',  ( 6.466208602385801640, -4.460376516363332655, 0.5007855196193741198 ) ) ;
#248 = CARTESIAN_POINT ( 'NONE',  ( 6.624999999999999112, -2.118110236220472675, 1.874999999999999556 ) ) ;
#249 = VECTOR ( 'NONE', #2965, 39.37007874015748143 ) ;
#250 = VERTEX_POINT ( 'NONE', #3433 ) ;
#251 = CARTESIAN_POINT ( 'NONE',  ( 6.375000000000000000, -2.543285281380342600, 1.169207160453031635 ) ) ;
#252 = EDGE_CURVE ( 'NONE', #2221, #654, #2077, .T. ) ;
#253 = DIRECTION ( 'NONE',  ( -1.000000000000000000, 0.000000000000000000, 0.000000000000000000 ) ) ;
#254 = CARTESIAN_POINT ( 'NONE',  ( 6.125000000000000000, -4.835468858908924972, 0.7500000000000001110 ) ) ;
#255 = ORIENTED_EDGE ( 'NONE', *, *, #4402, .F. ) ;
#256 = DIRECTION ( 'NONE',  ( 0.000000000000000000, 0.000000000000000000, -1.000000000000000000 ) ) ;
#257 = EDGE_CURVE ( 'NONE', #3503, #3201, #4257, .T. ) ;
#258 = ORIENTED_EDGE ( 'NONE', *, *, #5253, .F. ) ;
#259 = CARTESIAN_POINT ( 'NONE',  ( 6.274499999999999744, -1.749999999999998446, 0.3749999999999999445 ) ) ;
#260 = EDGE_CURVE ( 'NONE', #349, #949, #513, .T. ) ;
#261 = CARTESIAN_POINT ( 'NONE',  ( 6.374999999999998224, -0.4999999999999984457, 0.000000000000000000 ) ) ;
#262 = VERTEX_POINT ( 'NONE', #4587 ) ;
#263 = FACE_OUTER_BOUND ( 'NONE', #4110, .T. ) ;
#264 = VERTEX_POINT ( 'NONE', #2165 ) ;
#265 = CARTESIAN_POINT ( 'NONE',  ( 6.624999999999999112, 2.652276394531333236E-16, 1.274999999999999689 ) ) ;
#266 = CARTESIAN_POINT ( 'NONE',  ( 6.125000000000000000, -2.710379740625795009, 0.8271031838164467631 ) ) ;
#267 = DIRECTION ( 'NONE',  ( 0.000000000000000000, 0.000000000000000000, 1.000000000000000000 ) ) ;
#268 = CARTESIAN_POINT ( 'NONE',  ( 6.125000000000000000, -6.066141731220471733, 0.6230314949999999907 ) ) ;
#269 = EDGE_CURVE ( 'NONE', #4975, #4711, #3764, .T. ) ;
#270 = CARTESIAN_POINT ( 'NONE',  ( 6.125000000000000000, -5.299999999999999822, 1.750000000000000000 ) ) ;
#271 = ORIENTED_EDGE ( 'NONE', *, *, #358, .F. ) ;
#272 = DIRECTION ( 'NONE',  ( 1.000000000000000000, -0.000000000000000000, -0.000000000000000000 ) ) ;
#273 = ORIENTED_EDGE ( 'NONE', *, *, #3966, .T. ) ;
#274 = DIRECTION ( 'NONE',  ( -0.000000000000000000, -0.000000000000000000, -1.000000000000000000 ) ) ;
#275 = CARTESIAN_POINT ( 'NONE',  ( 6.375000000000000000, -3.270677038116681423, 0.6791694692302063796 ) ) ;
#276 = ORIENTED_EDGE ( 'NONE', *, *, #4055, .F. ) ;
#277 = DIRECTION ( 'NONE',  ( -1.000000000000000000, 0.000000000000000000, 0.000000000000000000 ) ) ;
#278 = EDGE_CURVE ( 'NONE', #242, #3056, #3347, .T. ) ;
#279 = CARTESIAN_POINT ( 'NONE',  ( 6.369503732226286630, -0.3994999999999992446, 1.465453449905833594 ) ) ;
#280 = ORIENTED_EDGE ( 'NONE', *, *, #1186, .F. ) ;
#281 = DIRECTION ( 'NONE',  ( 0.000000000000000000, 0.9994107467479924622, -0.03432432496962134483 ) ) ;
#282 = CIRCLE ( 'NONE', #2661, 0.1181102362204724116 ) ;
#283 = ORIENTED_EDGE ( 'NONE', *, *, #1404, .T. ) ;
#284 = EDGE_CURVE ( 'NONE', #4932, #3710, #7, .T. ) ;
#285 = CARTESIAN_POINT ( 'NONE',  ( 6.235060173220860591, -5.300000000000000711, 1.874999999999999778 ) ) ;
#286 = ORIENTED_EDGE ( 'NONE', *, *, #2112, .F. ) ;
#287 = VECTOR ( 'NONE', #2683, 39.37007874015748143 ) ;
#288 = AXIS2_PLACEMENT_3D ( 'NONE', #865, #32, #5104 ) ;
#289 = CARTESIAN_POINT ( 'NONE',  ( 6.624999999999999112, 0.4999999999999999445, 0.5931102362204720979 ) ) ;
#290 = ORIENTED_EDGE ( 'NONE', *, *, #139, .T. ) ;
#291 = CIRCLE ( 'NONE', #2510, 0.2500000000000000555 ) ;
#292 = VECTOR ( 'NONE', #442, 39.37007874015748143 ) ;
#293 = CIRCLE ( 'NONE', #3288, 0.1181102362204724116 ) ;
#294 = LINE ( 'NONE', #3244, #592 ) ;
#295 = EDGE_CURVE ( 'NONE', #1657, #2329, #1629, .T. ) ;
#296 = DIRECTION ( 'NONE',  ( -1.000000000000000000, 0.000000000000000000, 0.000000000000000000 ) ) ;
#297 = AXIS2_PLACEMENT_3D ( 'NONE', #5336, #4860, #2402 ) ;
#298 = VECTOR ( 'NONE', #4979, 39.37007874015748143 ) ;
#299 = DIRECTION ( 'NONE',  ( 0.000000000000000000, 0.000000000000000000, -1.000000000000000000 ) ) ;
#300 = AXIS2_PLACEMENT_3D ( 'NONE', #2481, #3341, #1592 ) ;
#301 = EDGE_LOOP ( 'NONE', ( #784, #2278, #5399, #4505 ) ) ;
#302 = EDGE_CURVE ( 'NONE', #1761, #3538, #3867, .T. ) ;
#303 = AXIS2_PLACEMENT_3D ( 'NONE', #364, #3232, #2069 ) ;
#304 = CIRCLE ( 'NONE', #4882, 0.1562499999999997224 ) ;
#305 = CARTESIAN_POINT ( 'NONE',  ( 6.398947822020099707, -1.597791915713363320, 1.372845389428969165 ) ) ;
#306 = ORIENTED_EDGE ( 'NONE', *, *, #3494, .F. ) ;
#307 = CARTESIAN_POINT ( 'NONE',  ( 6.125000000000000000, -0.3750000000000000555, 0.4931102362204723977 ) ) ;
#308 = CARTESIAN_POINT ( 'NONE',  ( 6.125000000000000000, -2.710379740625795009, 0.8271031838164467631 ) ) ;
#309 = ORIENTED_EDGE ( 'NONE', *, *, #4947, .T. ) ;
#310 = LINE ( 'NONE', #363, #20 ) ;
#311 = AXIS2_PLACEMENT_3D ( 'NONE', #4904, #4108, #2001 ) ;
#312 = CYLINDRICAL_SURFACE ( 'NONE', #2774, 0.1181102362204724116 ) ;
#313 = CARTESIAN_POINT ( 'NONE',  ( 6.624999999999999112, -1.575307679196802813, 1.375000000000000000 ) ) ;
#314 = DIRECTION ( 'NONE',  ( 0.000000000000000000, 0.000000000000000000, 1.000000000000000000 ) ) ;
#315 = CARTESIAN_POINT ( 'NONE',  ( 6.475500000000001144, -5.699999999999998401, 0.000000000000000000 ) ) ;
#316 = AXIS2_PLACEMENT_3D ( 'NONE', #3919, #3123, #4392 ) ;
#317 = VECTOR ( 'NONE', #2930, 39.37007874015748143 ) ;
#318 = VERTEX_POINT ( 'NONE', #91 ) ;
#319 = MANIFOLD_SOLID_BREP ( 'Mirror27[17]', #2605 ) ;
#320 = DIRECTION ( 'NONE',  ( -1.000000000000000000, 0.000000000000000000, 0.000000000000000000 ) ) ;
#321 = ORIENTED_EDGE ( 'NONE', *, *, #2262, .T. ) ;
#322 = EDGE_CURVE ( 'NONE', #2477, #125, #843, .T. ) ;
#323 = MECHANICAL_DESIGN_GEOMETRIC_PRESENTATION_REPRESENTATION (  '', ( #2867 ), #5346 ) ;
#324 = DIRECTION ( 'NONE',  ( -1.000000000000000000, -0.000000000000000000, -0.000000000000000000 ) ) ;
#325 = ORIENTED_EDGE ( 'NONE', *, *, #1661, .F. ) ;
#326 = ADVANCED_FACE ( 'NONE', ( #4311 ), #155, .T. ) ;
#327 = ORIENTED_EDGE ( 'NONE', *, *, #332, .T. ) ;
#328 = CARTESIAN_POINT ( 'NONE',  ( 6.125000000000000000, -2.078882640153934425, 0.4931102362204723977 ) ) ;
#329 = DIRECTION ( 'NONE',  ( 1.000000000000000000, 0.000000000000000000, 0.000000000000000000 ) ) ;
#330 = DIRECTION ( 'NONE',  ( 0.000000000000000000, 0.9994107467479923512, -0.03432432496962175422 ) ) ;
#331 = ORIENTED_EDGE ( 'NONE', *, *, #3312, .F. ) ;
#332 = EDGE_CURVE ( 'NONE', #438, #1125, #238, .T. ) ;
#333 = CARTESIAN_POINT ( 'NONE',  ( 6.624999999999999112, -4.031889763779526348, -0.1249999999999997780 ) ) ;
#334 = ORIENTED_EDGE ( 'NONE', *, *, #2688, .T. ) ;
#335 = CARTESIAN_POINT ( 'NONE',  ( 6.275195954010384547, -0.4864231629169071258, 0.3749999999999998890 ) ) ;
#336 = DIRECTION ( 'NONE',  ( -1.000000000000000000, 0.000000000000000000, 0.000000000000000000 ) ) ;
#337 = ORIENTED_EDGE ( 'NONE', *, *, #3328, .T. ) ;
#338 = LINE ( 'NONE', #1153, #1243 ) ;
#339 = EDGE_CURVE ( 'NONE', #5403, #262, #55, .T. ) ;
#340 = DIRECTION ( 'NONE',  ( 1.000000000000000000, -0.000000000000000000, -0.000000000000000000 ) ) ;
#341 = DIRECTION ( 'NONE',  ( 0.000000000000000000, 0.7913775161201497266, -0.6113277574096418476 ) ) ;
#342 = CARTESIAN_POINT ( 'NONE',  ( 6.243110236220472231, -5.299999999999999822, 1.750000000000000000 ) ) ;
#343 = DIRECTION ( 'NONE',  ( 1.000000000000000000, 0.000000000000000000, 0.000000000000000000 ) ) ;
#344 = EDGE_LOOP ( 'NONE', ( #1415, #1378, #926, #4707 ) ) ;
#345 = CARTESIAN_POINT ( 'NONE',  ( 6.189204875749812373, -5.312716597864382884, 1.875337600273139227 ) ) ;
#346 = ORIENTED_EDGE ( 'NONE', *, *, #109, .T. ) ;
#347 = DIRECTION ( 'NONE',  ( 1.000000000000000000, -0.000000000000000000, -0.000000000000000000 ) ) ;
#348 = VERTEX_POINT ( 'NONE', #1387 ) ;
#349 = VERTEX_POINT ( 'NONE', #539 ) ;
#350 = EDGE_CURVE ( 'NONE', #185, #3988, #762, .T. ) ;
#351 = LINE ( 'NONE', #2339, #5342 ) ;
#352 = CARTESIAN_POINT ( 'NONE',  ( 6.624999999999999112, -1.575307679196802813, 1.375000000000000000 ) ) ;
#353 = CARTESIAN_POINT ( 'NONE',  ( 6.375000000000001776, -5.699999999999998401, 0.000000000000000000 ) ) ;
#354 = ORIENTED_EDGE ( 'NONE', *, *, #3432, .T. ) ;
#355 = ORIENTED_EDGE ( 'NONE', *, *, #3562, .F. ) ;
#356 = FACE_OUTER_BOUND ( 'NONE', #2496, .T. ) ;
#357 = ORIENTED_EDGE ( 'NONE', *, *, #727, .F. ) ;
#358 = EDGE_CURVE ( 'NONE', #2929, #2967, #5221, .T. ) ;
#359 = CARTESIAN_POINT ( 'NONE',  ( 6.125000000000000000, -3.810379740625795542, 0.8648822026927610596 ) ) ;
#360 = EDGE_CURVE ( 'NONE', #5229, #5121, #3314, .T. ) ;
#361 = DIRECTION ( 'NONE',  ( 0.000000000000000000, 0.000000000000000000, 1.000000000000000000 ) ) ;
#362 = VERTEX_POINT ( 'NONE', #3930 ) ;
#363 = CARTESIAN_POINT ( 'NONE',  ( -8.514999999999998792, -1.990779663567565638, 1.049503685194445257 ) ) ;
#364 = CARTESIAN_POINT ( 'NONE',  ( 6.375000000000000000, -2.350826537353388979, 0.3860894235331113200 ) ) ;
#365 = EDGE_CURVE ( 'NONE', #1617, #2655, #4754, .T. ) ;
#366 = DIRECTION ( 'NONE',  ( -0.000000000000000000, -0.03432432496962136564, -0.9994107467479923512 ) ) ;
#367 = VERTEX_POINT ( 'NONE', #4836 ) ;
#368 = CARTESIAN_POINT ( 'NONE',  ( 6.290114976573445205, -4.558096860567726338, 0.3955801198005990393 ) ) ;
#369 = DIRECTION ( 'NONE',  ( 0.000000000000000000, 0.000000000000000000, -1.000000000000000000 ) ) ;
#370 = ORIENTED_EDGE ( 'NONE', *, *, #932, .T. ) ;
#371 = EDGE_CURVE ( 'NONE', #262, #264, #5193, .T. ) ;
#372 = DIRECTION ( 'NONE',  ( -1.000000000000000000, 0.000000000000000000, 0.000000000000000000 ) ) ;
#373 = ORIENTED_EDGE ( 'NONE', *, *, #2489, .T. ) ;
#374 = FACE_OUTER_BOUND ( 'NONE', #3517, .T. ) ;
#375 = AXIS2_PLACEMENT_3D ( 'NONE', #1411, #4309, #152 ) ;
#376 = EDGE_LOOP ( 'NONE', ( #4641, #4151, #2873, #4655 ) ) ;
#377 = ORIENTED_EDGE ( 'NONE', *, *, #4297, .F. ) ;
#378 = CARTESIAN_POINT ( 'NONE',  ( 6.410199931499169779, -0.4058523162541983753, 0.2484559603799191274 ) ) ;
#379 = VECTOR ( 'NONE', #2735, 39.37007874015748143 ) ;
#380 = LINE ( 'NONE', #3744, #1707 ) ;
#381 = DIRECTION ( 'NONE',  ( 0.000000000000000000, 0.000000000000000000, -1.000000000000000000 ) ) ;
#382 = EDGE_CURVE ( 'NONE', #5117, #1255, #3103, .T. ) ;
#383 = AXIS2_PLACEMENT_3D ( 'NONE', #3642, #5327, #2794 ) ;
#384 = ORIENTED_EDGE ( 'NONE', *, *, #3419, .F. ) ;
#385 = VECTOR ( 'NONE', #4205, 39.37007874015748143 ) ;
#386 = CARTESIAN_POINT ( 'NONE',  ( 6.375000000000000000, -0.3799999999999998934, 0.2374999999999998501 ) ) ;
#387 = ORIENTED_EDGE ( 'NONE', *, *, #797, .F. ) ;
#388 = AXIS2_PLACEMENT_3D ( 'NONE', #3591, #3975, #4033 ) ;
#389 = LINE ( 'NONE', #4551, #3041 ) ;
#390 = CARTESIAN_POINT ( 'NONE',  ( 6.624999999999999112, -0.5727772262380981250, 0.9911208305014825859 ) ) ;
#391 = EDGE_LOOP ( 'NONE', ( #4436, #2562, #782, #5450 ) ) ;
#392 = VECTOR ( 'NONE', #4946, 39.37007874015748143 ) ;
#393 = ADVANCED_FACE ( 'NONE', ( #1054 ), #2738, .T. ) ;
#394 = AXIS2_PLACEMENT_3D ( 'NONE', #552, #1400, #1016 ) ;
#395 = DIRECTION ( 'NONE',  ( 0.000000000000000000, 0.000000000000000000, 1.000000000000000000 ) ) ;
#396 = DIRECTION ( 'NONE',  ( 0.000000000000000000, 1.000000000000000000, -1.445602896647337931E-16 ) ) ;
#397 = CIRCLE ( 'NONE', #303, 0.1000000000000000194 ) ;
#398 = CARTESIAN_POINT ( 'NONE',  ( 4.433018566799289850, -3.984339064865171309, 0.3228960767065788828 ) ) ;
#399 = LINE ( 'NONE', #2821, #3983 ) ;
#400 = AXIS2_PLACEMENT_3D ( 'NONE', #1481, #3969, #1423 ) ;
#401 = ORIENTED_EDGE ( 'NONE', *, *, #3530, .T. ) ;
#402 = CARTESIAN_POINT ( 'NONE',  ( 6.364055247111177316, -0.3999907522841966712, 0.2827275118631378259 ) ) ;
#403 = ADVANCED_FACE ( 'NONE', ( #2690 ), #4374, .T. ) ;
#404 = ORIENTED_EDGE ( 'NONE', *, *, #4133, .T. ) ;
#405 = ORIENTED_EDGE ( 'NONE', *, *, #1642, .T. ) ;
#406 = DIRECTION ( 'NONE',  ( -1.000000000000000000, -0.000000000000000000, -0.000000000000000000 ) ) ;
#407 = EDGE_LOOP ( 'NONE', ( #1550, #1291, #3413, #810, #3800, #4097, #3348, #3864 ) ) ;
#408 = FACE_OUTER_BOUND ( 'NONE', #3240, .T. ) ;
#409 = CIRCLE ( 'NONE', #4897, 0.2344000000000001083 ) ;
#410 = PLANE ( 'NONE',  #3217 ) ;
#411 = CARTESIAN_POINT ( 'NONE',  ( 4.433018566799289850, -4.009567221782097235, 1.134766412947940672 ) ) ;
#412 = CARTESIAN_POINT ( 'NONE',  ( 6.624999999999999112, -0.4931102362204725087, 0.4931102362204723977 ) ) ;
#413 = VERTEX_POINT ( 'NONE', #2368 ) ;
#414 = CARTESIAN_POINT ( 'NONE',  ( 6.313037926417120360, -1.579362783051293739, 1.375000000000000222 ) ) ;
#415 = DIRECTION ( 'NONE',  ( 1.000000000000000000, 0.000000000000000000, 0.000000000000000000 ) ) ;
#416 = DIRECTION ( 'NONE',  ( 0.000000000000000000, 0.000000000000000000, 1.000000000000000000 ) ) ;
#417 = CARTESIAN_POINT ( 'NONE',  ( -8.514999999999998792, -2.181024368783034184, 0.9600879539561937293 ) ) ;
#418 = EDGE_CURVE ( 'NONE', #367, #318, #4381, .T. ) ;
#419 = CYLINDRICAL_SURFACE ( 'NONE', #1967, 0.1181102362204724116 ) ;
#420 = CARTESIAN_POINT ( 'NONE',  ( 6.375000000000000000, -4.100661968867309604, 0.4094517315557140713 ) ) ;
#421 = DIRECTION ( 'NONE',  ( 0.000000000000000000, 0.000000000000000000, 1.000000000000000000 ) ) ;
#422 = DIRECTION ( 'NONE',  ( 1.000000000000000000, 0.000000000000000000, 0.000000000000000000 ) ) ;
#423 = EDGE_CURVE ( 'NONE', #3538, #699, #2266, .T. ) ;
#424 = LINE ( 'NONE', #2100, #28 ) ;
#425 = VERTEX_POINT ( 'NONE', #4003 ) ;
#426 = CARTESIAN_POINT ( 'NONE',  ( 6.374999999999998224, -0.4999999999999984457, 0.3749999999999999445 ) ) ;
#427 = ORIENTED_EDGE ( 'NONE', *, *, #4325, .F. ) ;
#428 = CARTESIAN_POINT ( 'NONE',  ( 6.125000000000000000, -2.710379740625795009, 1.092603183816446721 ) ) ;
#429 = EDGE_LOOP ( 'NONE', ( #2819, #1732, #2946, #927 ) ) ;
#430 = EDGE_CURVE ( 'NONE', #2329, #1657, #5079, .T. ) ;
#431 = CARTESIAN_POINT ( 'NONE',  ( 6.624999999999999112, -1.608160576404186637, 0.5217923160565421936 ) ) ;
#432 = VERTEX_POINT ( 'NONE', #1487 ) ;
#433 = ORIENTED_EDGE ( 'NONE', *, *, #3349, .T. ) ;
#434 = CARTESIAN_POINT ( 'NONE',  ( 6.407178734913111740, -0.4047772167050059933, 0.2161050112121576383 ) ) ;
#435 = CARTESIAN_POINT ( 'NONE',  ( 6.125000000000000000, -0.5727772262380975699, 0.9911208305014824749 ) ) ;
#436 = DIRECTION ( 'NONE',  ( 0.000000000000000000, 0.000000000000000000, -1.000000000000000000 ) ) ;
#437 = DIRECTION ( 'NONE',  ( 0.000000000000000000, 0.000000000000000000, -1.000000000000000000 ) ) ;
#438 = VERTEX_POINT ( 'NONE', #4054 ) ;
#439 = ORIENTED_EDGE ( 'NONE', *, *, #2253, .T. ) ;
#440 = EDGE_CURVE ( 'NONE', #3746, #751, #1901, .T. ) ;
#441 = DIRECTION ( 'NONE',  ( 1.000000000000000000, 0.000000000000000000, 0.000000000000000000 ) ) ;
#442 = DIRECTION ( 'NONE',  ( 0.000000000000000000, 0.7382621944509717427, 0.6745138488158977097 ) ) ;
#443 = VERTEX_POINT ( 'NONE', #2732 ) ;
#444 = CARTESIAN_POINT ( 'NONE',  ( 6.243110236220472231, 0.5000000000000006661, 1.156889763779527458 ) ) ;
#445 = DIRECTION ( 'NONE',  ( 0.000000000000000000, -1.000000000000000000, 0.000000000000000000 ) ) ;
#446 = CARTESIAN_POINT ( 'NONE',  ( 6.375000000000000000, -4.503937009999998686, 1.219999999999999751 ) ) ;
#447 = PLANE ( 'NONE',  #4167 ) ;
#448 = DIRECTION ( 'NONE',  ( 0.000000000000000000, 1.224646799147353454E-16, -1.000000000000000000 ) ) ;
#449 = VERTEX_POINT ( 'NONE', #1899 ) ;
#450 = CARTESIAN_POINT ( 'NONE',  ( 6.624999999999999112, -2.543285281380342600, 1.169207160453031635 ) ) ;
#451 = ADVANCED_FACE ( 'NONE', ( #4417 ), #1127, .T. ) ;
#452 = ORIENTED_EDGE ( 'NONE', *, *, #4736, .T. ) ;
#453 = ORIENTED_EDGE ( 'NONE', *, *, #3695, .T. ) ;
#454 = LINE ( 'NONE', #3727, #1535 ) ;
#455 = ORIENTED_EDGE ( 'NONE', *, *, #4937, .F. ) ;
#456 = EDGE_CURVE ( 'NONE', #3088, #654, #2172, .T. ) ;
#457 = LINE ( 'NONE', #4568, #1289 ) ;
#458 = CARTESIAN_POINT ( 'NONE',  ( 6.125000000000000000, -1.722735295240119813, 0.3749999999999999445 ) ) ;
#459 = FACE_OUTER_BOUND ( 'NONE', #429, .T. ) ;
#460 = ORIENTED_EDGE ( 'NONE', *, *, #371, .F. ) ;
#461 = EDGE_CURVE ( 'NONE', #481, #242, #1112, .T. ) ;
#462 = AXIS2_PLACEMENT_3D ( 'NONE', #426, #116, #1435 ) ;
#463 = DIRECTION ( 'NONE',  ( 0.000000000000000000, 1.000000000000000000, 5.463695987328527423E-16 ) ) ;
#464 = LINE ( 'NONE', #5460, #1448 ) ;
#465 = VECTOR ( 'NONE', #2271, 39.37007874015748143 ) ;
#466 = DIRECTION ( 'NONE',  ( -1.000000000000000000, -0.000000000000000000, -0.000000000000000000 ) ) ;
#467 = DIRECTION ( 'NONE',  ( 0.000000000000000000, 0.000000000000000000, -1.000000000000000000 ) ) ;
#468 = VECTOR ( 'NONE', #3449, 39.37007874015748143 ) ;
#469 = VERTEX_POINT ( 'NONE', #1429 ) ;
#470 = FACE_OUTER_BOUND ( 'NONE', #3478, .T. ) ;
#471 = ADVANCED_FACE ( 'NONE', ( #3125 ), #1022, .F. ) ;
#472 = VECTOR ( 'NONE', #4725, 39.37007874015748143 ) ;
#473 = CIRCLE ( 'NONE', #823, 0.1004999999999996452 ) ;
#474 = AXIS2_PLACEMENT_3D ( 'NONE', #1383, #1819, #5190 ) ;
#475 = DIRECTION ( 'NONE',  ( 0.000000000000000000, 4.268512490100409923E-16, 1.000000000000000000 ) ) ;
#476 = DIRECTION ( 'NONE',  ( 0.000000000000000000, 0.000000000000000000, -1.000000000000000000 ) ) ;
#477 = CARTESIAN_POINT ( 'NONE',  ( 6.475499999999999368, -4.503937009999998686, 0.4457194827810547766 ) ) ;
#478 = DIRECTION ( 'NONE',  ( -0.000000000000000000, -1.000000000000000000, -1.224646799147353207E-16 ) ) ;
#479 = CARTESIAN_POINT ( 'NONE',  ( 6.323065463298808808, -1.663794959237801852, 0.3907157804459595596 ) ) ;
#480 = AXIS2_PLACEMENT_3D ( 'NONE', #3295, #4128, #1116 ) ;
#481 = VERTEX_POINT ( 'NONE', #3202 ) ;
#482 = CARTESIAN_POINT ( 'NONE',  ( 6.354983990294258867, -0.4014046176535723820, 0.1980964593183917322 ) ) ;
#483 = AXIS2_PLACEMENT_3D ( 'NONE', #3620, #4504, #4202 ) ;
#484 = VECTOR ( 'NONE', #2776, 39.37007874015748143 ) ;
#485 = AXIS2_PLACEMENT_3D ( 'NONE', #4798, #3090, #4322 ) ;
#486 = CARTESIAN_POINT ( 'NONE',  ( -8.514999999999998792, -1.477966348419492926, 1.032448596258577878 ) ) ;
#487 = ORIENTED_EDGE ( 'NONE', *, *, #2879, .F. ) ;
#488 = LINE ( 'NONE', #2552, #1273 ) ;
#489 = ORIENTED_EDGE ( 'NONE', *, *, #4984, .F. ) ;
#490 = CARTESIAN_POINT ( 'NONE',  ( 6.410216624816723829, -0.4058584110205709083, 0.2266124248110309158 ) ) ;
#491 = EDGE_CURVE ( 'NONE', #536, #469, #3584, .T. ) ;
#492 = EDGE_LOOP ( 'NONE', ( #792, #2214, #5179, #716, #309, #4755, #1081, #3021, #5282, #4924, #3290, #11, #3708, #1799, #4266, #4648, #544, #1753, #804, #2222, #2089, #4544, #3321, #3294, #2831, #3761 ) ) ;
#493 = AXIS2_PLACEMENT_3D ( 'NONE', #4387, #4795, #5284 ) ;
#494 = DIRECTION ( 'NONE',  ( -0.000000000000000000, -0.7382621944509717427, -0.6745138488158974877 ) ) ;
#495 = DIRECTION ( 'NONE',  ( 0.000000000000000000, 5.782411586589358625E-16, 1.000000000000000000 ) ) ;
#496 = EDGE_CURVE ( 'NONE', #3083, #3363, #3499, .T. ) ;
#497 = ORIENTED_EDGE ( 'NONE', *, *, #3016, .F. ) ;
#498 = AXIS2_PLACEMENT_3D ( 'NONE', #5454, #2554, #5008 ) ;
#499 = CARTESIAN_POINT ( 'NONE',  ( 6.451514834995551340, -0.4345506147328312418, 0.3903911133187051297 ) ) ;
#500 = FACE_BOUND ( 'NONE', #980, .T. ) ;
#501 = EDGE_CURVE ( 'NONE', #2960, #4627, #2347, .T. ) ;
#502 = AXIS2_PLACEMENT_3D ( 'NONE', #4854, #4393, #5290 ) ;
#503 = VERTEX_POINT ( 'NONE', #673 ) ;
#504 = CARTESIAN_POINT ( 'NONE',  ( 6.125000000000000000, -5.299999999999999822, 1.750000000000000000 ) ) ;
#505 = FACE_OUTER_BOUND ( 'NONE', #5345, .T. ) ;
#506 = CARTESIAN_POINT ( 'NONE',  ( 6.624999999999999112, -0.7836045165149216896, 0.5217923160565421936 ) ) ;
#507 = DIRECTION ( 'NONE',  ( 1.000000000000000000, 0.000000000000000000, 0.000000000000000000 ) ) ;
#508 = DIRECTION ( 'NONE',  ( 0.000000000000000000, 0.000000000000000000, 1.000000000000000000 ) ) ;
#509 = EDGE_CURVE ( 'NONE', #3872, #432, #4032, .T. ) ;
#510 = CARTESIAN_POINT ( 'NONE',  ( 6.375000000000000000, 0.000000000000000000, 1.432999999999999607 ) ) ;
#511 = ORIENTED_EDGE ( 'NONE', *, *, #616, .F. ) ;
#512 = DIRECTION ( 'NONE',  ( -1.000000000000000000, 0.000000000000000000, 0.000000000000000000 ) ) ;
#513 = LINE ( 'NONE', #486, #2168 ) ;
#514 = ORIENTED_EDGE ( 'NONE', *, *, #257, .F. ) ;
#515 = ORIENTED_EDGE ( 'NONE', *, *, #4030, .F. ) ;
#516 = EDGE_LOOP ( 'NONE', ( #4766, #4987, #5111, #542, #4864, #1587, #1546, #5272 ) ) ;
#517 = ORIENTED_EDGE ( 'NONE', *, *, #2973, .T. ) ;
#518 = DIRECTION ( 'NONE',  ( 1.000000000000000000, -0.000000000000000000, -0.000000000000000000 ) ) ;
#519 = ORIENTED_EDGE ( 'NONE', *, *, #2608, .T. ) ;
#520 = EDGE_CURVE ( 'NONE', #1421, #3796, #3937, .T. ) ;
#521 = ORIENTED_EDGE ( 'NONE', *, *, #4937, .T. ) ;
#522 = DIRECTION ( 'NONE',  ( -1.000000000000000000, 0.000000000000000000, 0.000000000000000000 ) ) ;
#523 = CARTESIAN_POINT ( 'NONE',  ( 6.375000000000000000, -2.450767612028188491, 0.3895218560300733879 ) ) ;
#524 = ORIENTED_EDGE ( 'NONE', *, *, #2718, .F. ) ;
#525 = LINE ( 'NONE', #3883, #694 ) ;
#526 = ADVANCED_FACE ( 'NONE', ( #2887 ), #3717, .T. ) ;
#527 = ADVANCED_FACE ( 'NONE', ( #2391 ), #4080, .F. ) ;
#528 = DIRECTION ( 'NONE',  ( -1.000000000000000000, -0.000000000000000000, -0.000000000000000000 ) ) ;
#529 = ORIENTED_EDGE ( 'NONE', *, *, #3766, .T. ) ;
#530 = CARTESIAN_POINT ( 'NONE',  ( 6.506889763779526881, -3.750000000000000000, 1.750000000000000000 ) ) ;
#531 = CARTESIAN_POINT ( 'NONE',  ( 6.442624277096389740, -4.578617263842894580, 0.3804664386924792585 ) ) ;
#532 = CARTESIAN_POINT ( 'NONE',  ( 6.375000000000000000, -2.710379740625795009, 0.8271031838164467631 ) ) ;
#533 = LINE ( 'NONE', #65, #3024 ) ;
#534 = ORIENTED_EDGE ( 'NONE', *, *, #2087, .F. ) ;
#535 = CARTESIAN_POINT ( 'NONE',  ( 6.347433186210595935, -4.434521093221693633, 0.5456915855998638598 ) ) ;
#536 = VERTEX_POINT ( 'NONE', #5401 ) ;
#537 = EDGE_CURVE ( 'NONE', #125, #3774, #4988, .T. ) ;
#538 = DIMENSIONAL_EXPONENTS ( 1.000000000000000000, 0.000000000000000000, 0.000000000000000000, 0.000000000000000000, 0.000000000000000000, 0.000000000000000000, 0.000000000000000000 ) ;
#539 = CARTESIAN_POINT ( 'NONE',  ( 6.125000000000000000, -1.477966348419492704, 1.032448596258577656 ) ) ;
#540 = ORIENTED_EDGE ( 'NONE', *, *, #2398, .F. ) ;
#541 = DIRECTION ( 'NONE',  ( 0.000000000000000000, 0.000000000000000000, 1.000000000000000000 ) ) ;
#542 = ORIENTED_EDGE ( 'NONE', *, *, #4861, .T. ) ;
#543 = EDGE_CURVE ( 'NONE', #3274, #5448, #1811, .T. ) ;
#544 = ORIENTED_EDGE ( 'NONE', *, *, #3061, .T. ) ;
#545 = ORIENTED_EDGE ( 'NONE', *, *, #4234, .T. ) ;
#546 = DIRECTION ( 'NONE',  ( 0.000000000000000000, -1.000000000000000000, -0.000000000000000000 ) ) ;
#547 = LINE ( 'NONE', #4763, #4608 ) ;
#548 = VERTEX_POINT ( 'NONE', #3334 ) ;
#549 = VERTEX_POINT ( 'NONE', #2006 ) ;
#550 = CARTESIAN_POINT ( 'NONE',  ( 6.624999999999999112, -4.042613218174444079, 1.085822883268820149 ) ) ;
#551 = ADVANCED_FACE ( 'NONE', ( #1566, #2062 ), #1616, .T. ) ;
#552 = CARTESIAN_POINT ( 'NONE',  ( 6.624999999999999112, -0.6663429112140901722, 0.7456503352318517575 ) ) ;
#553 = CARTESIAN_POINT ( 'NONE',  ( 6.125000000000000000, -1.195882546459554163, 0.6250000000000000000 ) ) ;
#554 = DIRECTION ( 'NONE',  ( -1.000000000000000000, 0.000000000000000000, 0.000000000000000000 ) ) ;
#555 = EDGE_LOOP ( 'NONE', ( #1397, #2756, #4113, #3981, #994, #5329, #3436, #3441 ) ) ;
#556 = FACE_OUTER_BOUND ( 'NONE', #3074, .T. ) ;
#557 = VECTOR ( 'NONE', #4554, 39.37007874015748143 ) ;
#558 = VECTOR ( 'NONE', #4993, 39.37007874015748143 ) ;
#559 = AXIS2_PLACEMENT_3D ( 'NONE', #1313, #5433, #1748 ) ;
#560 = LINE ( 'NONE', #2565, #5319 ) ;
#561 = LINE ( 'NONE', #3044, #472 ) ;
#562 = DIRECTION ( 'NONE',  ( 0.000000000000000000, 0.7913775161201495045, -0.6113277574096422917 ) ) ;
#563 = DIRECTION ( 'NONE',  ( -0.8571673007021117785, 1.049727191138617956E-16, 0.5150380749100550437 ) ) ;
#564 = ORIENTED_EDGE ( 'NONE', *, *, #1260, .F. ) ;
#565 = CARTESIAN_POINT ( 'NONE',  ( 6.125000000000000000, -5.715435745937957890, 2.548670605612995743 ) ) ;
#566 = EDGE_CURVE ( 'NONE', #2808, #5145, #5435, .T. ) ;
#567 = VECTOR ( 'NONE', #2857, 39.37007874015748143 ) ;
#568 = AXIS2_PLACEMENT_3D ( 'NONE', #3713, #5397, #1612 ) ;
#569 = DIRECTION ( 'NONE',  ( -1.000000000000000000, 0.000000000000000000, 0.000000000000000000 ) ) ;
#570 = ORIENTED_EDGE ( 'NONE', *, *, #2155, .F. ) ;
#571 = VECTOR ( 'NONE', #3342, 39.37007874015748143 ) ;
#572 = CARTESIAN_POINT ( 'NONE',  ( 4.433018566799289850, -4.099401806940218940, 0.4461434763661811242 ) ) ;
#573 = ADVANCED_FACE ( 'NONE', ( #2451 ), #5039, .T. ) ;
#574 = AXIS2_PLACEMENT_3D ( 'NONE', #5086, #868, #4176 ) ;
#575 = ORIENTED_EDGE ( 'NONE', *, *, #2103, .T. ) ;
#576 = AXIS2_PLACEMENT_3D ( 'NONE', #2141, #1252, #3059 ) ;
#577 = CIRCLE ( 'NONE', #2247, 0.1329999999999999238 ) ;
#578 = EDGE_LOOP ( 'NONE', ( #708, #36, #4308, #870 ) ) ;
#579 = EDGE_LOOP ( 'NONE', ( #2491, #1946, #3081, #2058 ) ) ;
#580 = AXIS2_PLACEMENT_3D ( 'NONE', #4645, #2959, #2564 ) ;
#581 = LINE ( 'NONE', #3545, #3291 ) ;
#582 = CARTESIAN_POINT ( 'NONE',  ( -8.514999999999998792, -0.6690297976789886247, 0.3749999999999999445 ) ) ;
#583 = CIRCLE ( 'NONE', #4186, 0.6250000000000000000 ) ;
#584 = EDGE_LOOP ( 'NONE', ( #4919, #2716 ) ) ;
#585 = VECTOR ( 'NONE', #1671, 39.37007874015748143 ) ;
#586 = FACE_OUTER_BOUND ( 'NONE', #5094, .T. ) ;
#587 = CARTESIAN_POINT ( 'NONE',  ( 4.433018566799289850, -2.574015011687791787, 0.2744591139550258130 ) ) ;
#588 = LINE ( 'NONE', #3998, #1339 ) ;
#589 = ORIENTED_EDGE ( 'NONE', *, *, #2262, .F. ) ;
#590 = DIRECTION ( 'NONE',  ( 0.000000000000000000, 0.000000000000000000, 1.000000000000000000 ) ) ;
#591 = LINE ( 'NONE', #697, #747 ) ;
#592 = VECTOR ( 'NONE', #1143, 39.37007874015748143 ) ;
#593 = DIRECTION ( 'NONE',  ( -1.000000000000000000, 0.000000000000000000, 0.000000000000000000 ) ) ;
#594 = ORIENTED_EDGE ( 'NONE', *, *, #1744, .F. ) ;
#595 = CARTESIAN_POINT ( 'NONE',  ( 6.125000000000000000, 0.5000000000000002220, 1.274999999999999911 ) ) ;
#596 = AXIS2_PLACEMENT_3D ( 'NONE', #1795, #1822, #3597 ) ;
#597 = EDGE_CURVE ( 'NONE', #3335, #2219, #1218, .T. ) ;
#598 = CARTESIAN_POINT ( 'NONE',  ( -8.514999999999998792, -1.195882546459554163, 0.6250000000000000000 ) ) ;
#599 = ORIENTED_EDGE ( 'NONE', *, *, #4497, .F. ) ;
#600 = CARTESIAN_POINT ( 'NONE',  ( 6.243110236220472231, -2.118110236220473119, 1.874999999999999556 ) ) ;
#601 = DIRECTION ( 'NONE',  ( -1.000000000000000000, -0.000000000000000000, -0.000000000000000000 ) ) ;
#602 = ORIENTED_EDGE ( 'NONE', *, *, #1271, .T. ) ;
#603 = ADVANCED_FACE ( 'NONE', ( #356 ), #2031, .T. ) ;
#604 = CARTESIAN_POINT ( 'NONE',  ( 6.624999999999999112, -5.948031494999999502, 1.128937010000000019 ) ) ;
#605 = ADVANCED_FACE ( 'NONE', ( #103 ), #857, .F. ) ;
#606 = ORIENTED_EDGE ( 'NONE', *, *, #1498, .T. ) ;
#607 = DIRECTION ( 'NONE',  ( -1.000000000000000000, 0.000000000000000000, 0.000000000000000000 ) ) ;
#608 = DIRECTION ( 'NONE',  ( 1.000000000000000000, 0.000000000000000000, 0.000000000000000000 ) ) ;
#609 = EDGE_LOOP ( 'NONE', ( #4565, #3543, #2007, #5415 ) ) ;
#610 = EDGE_LOOP ( 'NONE', ( #3643, #2630, #3030, #271 ) ) ;
#611 = DIRECTION ( 'NONE',  ( 1.000000000000000000, -0.000000000000000000, -0.000000000000000000 ) ) ;
#612 = DIRECTION ( 'NONE',  ( 0.000000000000000000, 0.000000000000000000, -1.000000000000000000 ) ) ;
#613 = FACE_BOUND ( 'NONE', #1570, .T. ) ;
#614 = ORIENTED_EDGE ( 'NONE', *, *, #1294, .F. ) ;
#615 = LINE ( 'NONE', #2290, #2426 ) ;
#616 = EDGE_CURVE ( 'NONE', #158, #2449, #3411, .T. ) ;
#617 = DIRECTION ( 'NONE',  ( 1.000000000000000000, 0.000000000000000000, 0.000000000000000000 ) ) ;
#618 = CYLINDRICAL_SURFACE ( 'NONE', #388, 0.1329999999999999238 ) ;
#619 = CARTESIAN_POINT ( 'NONE',  ( 6.624999999999999112, -4.149999999999999467, 2.143131898507867804E-16 ) ) ;
#620 = CARTESIAN_POINT ( 'NONE',  ( 6.624999999999999112, -6.335826773779526633, 1.010826773779527565 ) ) ;
#621 = VERTEX_POINT ( 'NONE', #4321 ) ;
#622 = DIRECTION ( 'NONE',  ( 0.000000000000000000, 0.000000000000000000, -1.000000000000000000 ) ) ;
#623 = ORIENTED_EDGE ( 'NONE', *, *, #3141, .F. ) ;
#624 = FACE_BOUND ( 'NONE', #4637, .T. ) ;
#625 = ORIENTED_EDGE ( 'NONE', *, *, #5340, .T. ) ;
#626 = CARTESIAN_POINT ( 'NONE',  ( 6.624999999999999112, -6.455905511811023345, -0.1250000000000000278 ) ) ;
#627 = EDGE_LOOP ( 'NONE', ( #3594, #4300, #1918, #688, #4400, #5158 ) ) ;
#628 = CARTESIAN_POINT ( 'NONE',  ( 6.125000000000000000, -6.335826773779526633, 0.7411417312204724439 ) ) ;
#629 = CARTESIAN_POINT ( 'NONE',  ( 6.624999999999999112, -1.064533728148285174, 1.029193626778346360 ) ) ;
#630 = VERTEX_POINT ( 'NONE', #2978 ) ;
#631 = EDGE_CURVE ( 'NONE', #5098, #2300, #58, .T. ) ;
#632 = ORIENTED_EDGE ( 'NONE', *, *, #1124, .T. ) ;
#633 = LINE ( 'NONE', #3992, #3398 ) ;
#634 = CARTESIAN_POINT ( 'NONE',  ( 6.475500000000001144, -5.699999999999998401, 0.5300000000000001377 ) ) ;
#635 = FACE_BOUND ( 'NONE', #4258, .T. ) ;
#636 = DIRECTION ( 'NONE',  ( -1.000000000000000000, 0.000000000000000000, 0.000000000000000000 ) ) ;
#637 = ORIENTED_EDGE ( 'NONE', *, *, #1328, .F. ) ;
#638 = EDGE_CURVE ( 'NONE', #2977, #630, #3154, .T. ) ;
#639 = DIRECTION ( 'NONE',  ( -1.000000000000000000, 0.000000000000000000, 0.000000000000000000 ) ) ;
#640 = CARTESIAN_POINT ( 'NONE',  ( 6.374999999999998224, -0.4999999999999984457, 0.3749999999999999445 ) ) ;
#641 = DIRECTION ( 'NONE',  ( 1.000000000000000000, -0.000000000000000000, -0.000000000000000000 ) ) ;
#642 = CARTESIAN_POINT ( 'NONE',  ( 6.274500000000000632, -4.497874246440721535, 0.4523252268184196345 ) ) ;
#643 = VECTOR ( 'NONE', #5379, 39.37007874015748143 ) ;
#644 = CARTESIAN_POINT ( 'NONE',  ( 6.396873774997275497, -1.651754011420931478, 0.3987016620207319839 ) ) ;
#645 = EDGE_CURVE ( 'NONE', #218, #1445, #4817, .T. ) ;
#646 = ORIENTED_EDGE ( 'NONE', *, *, #764, .T. ) ;
#647 = DIRECTION ( 'NONE',  ( 0.000000000000000000, 0.000000000000000000, -1.000000000000000000 ) ) ;
#648 = AXIS2_PLACEMENT_3D ( 'NONE', #1433, #3128, #4397 ) ;
#649 = ORIENTED_EDGE ( 'NONE', *, *, #4271, .F. ) ;
#650 = FACE_BOUND ( 'NONE', #4495, .T. ) ;
#651 = CIRCLE ( 'NONE', #4077, 0.1181102362204724116 ) ;
#652 = AXIS2_PLACEMENT_3D ( 'NONE', #620, #1466, #4014 ) ;
#653 = ORIENTED_EDGE ( 'NONE', *, *, #5418, .F. ) ;
#654 = VERTEX_POINT ( 'NONE', #4473 ) ;
#655 = VECTOR ( 'NONE', #5189, 39.37007874015748143 ) ;
#656 = CIRCLE ( 'NONE', #3379, 0.1181102362204724116 ) ;
#657 = AXIS2_PLACEMENT_3D ( 'NONE', #446, #1783, #863 ) ;
#658 = VERTEX_POINT ( 'NONE', #2310 ) ;
#659 = DIRECTION ( 'NONE',  ( 0.000000000000000000, -1.000000000000000000, -0.000000000000000000 ) ) ;
#660 = CARTESIAN_POINT ( 'NONE',  ( 6.624999999999999112, -5.948031494999999502, 1.010826773779527565 ) ) ;
#661 = CIRCLE ( 'NONE', #1259, 0.1181102362204724116 ) ;
#662 = ORIENTED_EDGE ( 'NONE', *, *, #159, .F. ) ;
#663 = ADVANCED_FACE ( 'NONE', ( #3585 ), #4767, .F. ) ;
#664 = PLANE ( 'NONE',  #851 ) ;
#665 = VECTOR ( 'NONE', #5387, 39.37007874015748143 ) ;
#666 = VECTOR ( 'NONE', #70, 39.37007874015748143 ) ;
#667 = EDGE_CURVE ( 'NONE', #4629, #4975, #3607, .T. ) ;
#668 = CIRCLE ( 'NONE', #2855, 0.1181102362204724116 ) ;
#669 = PLANE ( 'NONE',  #27 ) ;
#670 = DIRECTION ( 'NONE',  ( 0.000000000000000000, 0.000000000000000000, -1.000000000000000000 ) ) ;
#671 = DIRECTION ( 'NONE',  ( 0.000000000000000000, 0.000000000000000000, -1.000000000000000000 ) ) ;
#672 = ORIENTED_EDGE ( 'NONE', *, *, #4967, .T. ) ;
#673 = CARTESIAN_POINT ( 'NONE',  ( 6.243110236220472231, 0.5000000000000002220, 1.274999999999999911 ) ) ;
#674 = EDGE_CURVE ( 'NONE', #3104, #2655, #4636, .T. ) ;
#675 = CARTESIAN_POINT ( 'NONE',  ( 6.506889763779526881, -3.631889763779527769, 1.750000000000000000 ) ) ;
#676 = CARTESIAN_POINT ( 'NONE',  ( 6.125000000000000000, -2.710379740625795009, 0.9601031838164467702 ) ) ;
#677 = DIRECTION ( 'NONE',  ( 0.000000000000000000, 0.000000000000000000, 1.000000000000000000 ) ) ;
#678 = VECTOR ( 'NONE', #1740, 39.37007874015748143 ) ;
#679 = ORIENTED_EDGE ( 'NONE', *, *, #1527, .F. ) ;
#680 = LINE ( 'NONE', #1033, #3995 ) ;
#681 = CARTESIAN_POINT ( 'NONE',  ( 6.375000000000000000, -1.499999999999998446, 1.750000000000000000 ) ) ;
#682 = VECTOR ( 'NONE', #2274, 39.37007874015748143 ) ;
#683 = ORIENTED_EDGE ( 'NONE', *, *, #509, .F. ) ;
#684 = ADVANCED_FACE ( 'NONE', ( #5182 ), #1834, .F. ) ;
#685 = CARTESIAN_POINT ( 'NONE',  ( 6.243110236220472231, -5.299999999999999822, 1.875000000000000000 ) ) ;
#686 = ORIENTED_EDGE ( 'NONE', *, *, #2688, .F. ) ;
#687 = CARTESIAN_POINT ( 'NONE',  ( 6.624999999999999112, -2.431654971802257315, 0.9460186861186288265 ) ) ;
#688 = ORIENTED_EDGE ( 'NONE', *, *, #1654, .F. ) ;
#689 = DIRECTION ( 'NONE',  ( 1.000000000000000000, -0.000000000000000000, -0.000000000000000000 ) ) ;
#690 = DIRECTION ( 'NONE',  ( 1.000000000000000000, -0.000000000000000000, -0.000000000000000000 ) ) ;
#691 = DIRECTION ( 'NONE',  ( 1.000000000000000000, -0.000000000000000000, -0.000000000000000000 ) ) ;
#692 = FACE_OUTER_BOUND ( 'NONE', #2205, .T. ) ;
#693 = EDGE_CURVE ( 'NONE', #66, #1765, #4026, .T. ) ;
#694 = VECTOR ( 'NONE', #107, 39.37007874015748143 ) ;
#695 = VERTEX_POINT ( 'NONE', #3943 ) ;
#696 = ORIENTED_EDGE ( 'NONE', *, *, #2076, .T. ) ;
#697 = CARTESIAN_POINT ( 'NONE',  ( 6.624999999999999112, -1.195882546459554163, 0.7812499999999997780 ) ) ;
#698 = DIRECTION ( 'NONE',  ( -1.000000000000000000, 0.000000000000000000, 0.000000000000000000 ) ) ;
#699 = VERTEX_POINT ( 'NONE', #4357 ) ;
#700 = CARTESIAN_POINT ( 'NONE',  ( 6.125000000000000000, -2.196923279533618878, 0.4971642903507423883 ) ) ;
#701 = EDGE_CURVE ( 'NONE', #2962, #2664, #3198, .T. ) ;
#702 = CARTESIAN_POINT ( 'NONE',  ( 6.345086815855505158, -0.4040027810663215369, 1.486093370325873630 ) ) ;
#703 = ORIENTED_EDGE ( 'NONE', *, *, #3226, .T. ) ;
#704 = CARTESIAN_POINT ( 'NONE',  ( 6.624999999999999112, -5.299999999999999822, 2.100000000000000089 ) ) ;
#705 = FACE_OUTER_BOUND ( 'NONE', #5458, .T. ) ;
#706 = EDGE_CURVE ( 'NONE', #4669, #1871, #2256, .T. ) ;
#707 = CARTESIAN_POINT ( 'NONE',  ( 6.138964278169367184, -5.361846897399906275, 1.883557991350519600 ) ) ;
#708 = ORIENTED_EDGE ( 'NONE', *, *, #1840, .T. ) ;
#709 = CARTESIAN_POINT ( 'NONE',  ( 6.375000000000000000, -1.195882546459554163, 0.6250000000000000000 ) ) ;
#710 = EDGE_CURVE ( 'NONE', #225, #4584, #1096, .T. ) ;
#711 = ORIENTED_EDGE ( 'NONE', *, *, #1246, .T. ) ;
#712 = EDGE_LOOP ( 'NONE', ( #3787, #3676, #3381, #5351 ) ) ;
#713 = DIRECTION ( 'NONE',  ( -1.000000000000000000, 0.000000000000000000, 0.000000000000000000 ) ) ;
#714 = DIRECTION ( 'NONE',  ( -1.000000000000000000, 0.000000000000000000, 0.000000000000000000 ) ) ;
#715 = CARTESIAN_POINT ( 'NONE',  ( 6.125000000000000000, -5.299999999999999822, 1.375000000000000000 ) ) ;
#716 = ORIENTED_EDGE ( 'NONE', *, *, #1763, .T. ) ;
#717 = DIRECTION ( 'NONE',  ( 0.000000000000000000, 0.000000000000000000, 1.000000000000000000 ) ) ;
#718 = EDGE_CURVE ( 'NONE', #3100, #158, #3552, .T. ) ;
#719 = CARTESIAN_POINT ( 'NONE',  ( 6.125000000000000000, -2.518110236220472586, 0.000000000000000000 ) ) ;
#720 = CARTESIAN_POINT ( 'NONE',  ( 6.125000000000000000, -3.810379740625795542, 1.130382202692761240 ) ) ;
#721 = CARTESIAN_POINT ( 'NONE',  ( 6.624999999999999112, -3.953609334557723454, 1.217644123204584927 ) ) ;
#722 = CARTESIAN_POINT ( 'NONE',  ( 6.624999999999999112, 2.652276394531333236E-16, 0.4749999999999997002 ) ) ;
#723 = CARTESIAN_POINT ( 'NONE',  ( 6.125000000000000000, -3.270677038116681423, 0.8116694692302066638 ) ) ;
#724 = ORIENTED_EDGE ( 'NONE', *, *, #3496, .F. ) ;
#725 = CARTESIAN_POINT ( 'NONE',  ( 6.374999999999998224, -0.4999999999999984457, 1.219999999999999751 ) ) ;
#726 = DIRECTION ( 'NONE',  ( -1.000000000000000000, 0.000000000000000000, 0.000000000000000000 ) ) ;
#727 = EDGE_CURVE ( 'NONE', #3215, #4915, #633, .T. ) ;
#728 = CIRCLE ( 'NONE', #201, 0.1000000000000000194 ) ;
#729 = ORIENTED_EDGE ( 'NONE', *, *, #2291, .F. ) ;
#730 = DIRECTION ( 'NONE',  ( 0.000000000000000000, -0.03432432496962165708, -0.9994107467479924622 ) ) ;
#731 = ORIENTED_EDGE ( 'NONE', *, *, #4277, .F. ) ;
#732 = CIRCLE ( 'NONE', #117, 0.1329999999999998406 ) ;
#733 = CIRCLE ( 'NONE', #1080, 0.4249999999999999334 ) ;
#734 = DIRECTION ( 'NONE',  ( 1.000000000000000000, -0.000000000000000000, -0.000000000000000000 ) ) ;
#735 = EDGE_LOOP ( 'NONE', ( #2063, #3172, #1003, #4662 ) ) ;
#736 = AXIS2_PLACEMENT_3D ( 'NONE', #2419, #3689, #1610 ) ;
#737 = VECTOR ( 'NONE', #4222, 39.37007874015748143 ) ;
#738 = AXIS2_PLACEMENT_3D ( 'NONE', #1770, #2258, #134 ) ;
#739 = VERTEX_POINT ( 'NONE', #1480 ) ;
#740 = EDGE_CURVE ( 'NONE', #2219, #25, #3831, .T. ) ;
#741 = DIRECTION ( 'NONE',  ( 0.000000000000000000, -1.000000000000000000, 0.000000000000000000 ) ) ;
#742 = VECTOR ( 'NONE', #1887, 39.37007874015748143 ) ;
#743 = DIRECTION ( 'NONE',  ( -0.000000000000000000, -1.000000000000000000, -1.224646799147353207E-16 ) ) ;
#744 = VECTOR ( 'NONE', #835, 39.37007874015748143 ) ;
#745 = EDGE_LOOP ( 'NONE', ( #1979, #1565, #1474, #4114 ) ) ;
#746 = ORIENTED_EDGE ( 'NONE', *, *, #4684, .T. ) ;
#747 = VECTOR ( 'NONE', #3950, 39.37007874015748143 ) ;
#748 = CARTESIAN_POINT ( 'NONE',  ( 6.499999999999999112, -6.200984252499999627, 0.3115157474999999954 ) ) ;
#749 = CARTESIAN_POINT ( 'NONE',  ( 6.315601423233030864, -0.4180575060705069568, 0.4013838110678785154 ) ) ;
#750 = CARTESIAN_POINT ( 'NONE',  ( 6.410216624816723829, -0.4058584110205711859, 1.501612424811031188 ) ) ;
#751 = VERTEX_POINT ( 'NONE', #4430 ) ;
#752 = CARTESIAN_POINT ( 'NONE',  ( 6.375000000000000000, -0.3994999999999992446, 1.465453449905833816 ) ) ;
#753 = DIRECTION ( 'NONE',  ( 1.000000000000000000, -0.000000000000000000, -0.000000000000000000 ) ) ;
#754 = FACE_BOUND ( 'NONE', #584, .T. ) ;
#755 = DIRECTION ( 'NONE',  ( 0.000000000000000000, 0.000000000000000000, 1.000000000000000000 ) ) ;
#756 = LINE ( 'NONE', #4124, #3197 ) ;
#757 = CARTESIAN_POINT ( 'NONE',  ( 6.125000000000000000, -1.195882546459554163, 0.7812499999999998890 ) ) ;
#758 = EDGE_CURVE ( 'NONE', #3353, #2197, #1392, .T. ) ;
#759 = VECTOR ( 'NONE', #4210, 39.37007874015748143 ) ;
#760 = FACE_OUTER_BOUND ( 'NONE', #1042, .T. ) ;
#761 = ORIENTED_EDGE ( 'NONE', *, *, #2082, .F. ) ;
#762 = CIRCLE ( 'NONE', #4644, 0.1000000000000000056 ) ;
#763 = CARTESIAN_POINT ( 'NONE',  ( 6.499999999999999112, -6.200984252499999627, 0.3115157474999999954 ) ) ;
#764 = EDGE_CURVE ( 'NONE', #2396, #3854, #180, .T. ) ;
#765 = DIRECTION ( 'NONE',  ( 0.000000000000000000, 1.000000000000000000, 0.000000000000000000 ) ) ;
#766 = ADVANCED_FACE ( 'NONE', ( #3143 ), #5254, .F. ) ;
#767 = VECTOR ( 'NONE', #2261, 39.37007874015748143 ) ;
#768 = DIRECTION ( 'NONE',  ( 1.000000000000000000, -0.000000000000000000, -0.000000000000000000 ) ) ;
#769 = LINE ( 'NONE', #715, #1254 ) ;
#770 = ORIENTED_EDGE ( 'NONE', *, *, #2030, .T. ) ;
#771 = EDGE_CURVE ( 'NONE', #3784, #2801, #3082, .T. ) ;
#772 = CARTESIAN_POINT ( 'NONE',  ( 6.436963768023765020, -1.579361285643227975, 1.375000000000000222 ) ) ;
#773 = VERTEX_POINT ( 'NONE', #2659 ) ;
#774 = CARTESIAN_POINT ( 'NONE',  ( 6.361474761925701493, -0.4002022813112923738, 0.4201561407777212875 ) ) ;
#775 = DIRECTION ( 'NONE',  ( -1.000000000000000000, -0.000000000000000000, -0.000000000000000000 ) ) ;
#776 = FACE_OUTER_BOUND ( 'NONE', #376, .T. ) ;
#777 = ADVANCED_FACE ( 'NONE', ( #1801 ), #833, .F. ) ;
#778 = CARTESIAN_POINT ( 'NONE',  ( 6.375000000000000000, -4.503937009999998686, 1.159613507787730091 ) ) ;
#779 = CARTESIAN_POINT ( 'NONE',  ( 6.125000000000000000, -2.710379740625795009, 0.6941031838164468670 ) ) ;
#780 = CARTESIAN_POINT ( 'NONE',  ( 6.374999999999998224, -0.4999999999999984457, -4.892463962593665846E-17 ) ) ;
#781 = DIRECTION ( 'NONE',  ( 0.000000000000000000, 1.000000000000000000, 5.463695987328527423E-16 ) ) ;
#782 = ORIENTED_EDGE ( 'NONE', *, *, #5206, .T. ) ;
#783 = DIRECTION ( 'NONE',  ( 0.000000000000000000, 0.9994107467479923512, -0.03432432496962165014 ) ) ;
#784 = ORIENTED_EDGE ( 'NONE', *, *, #2996, .F. ) ;
#785 = DIRECTION ( 'NONE',  ( 0.000000000000000000, 0.000000000000000000, -1.000000000000000000 ) ) ;
#786 = VERTEX_POINT ( 'NONE', #3498 ) ;
#787 = VERTEX_POINT ( 'NONE', #975 ) ;
#788 = DIRECTION ( 'NONE',  ( -0.000000000000000000, 0.000000000000000000, -1.000000000000000000 ) ) ;
#789 = CARTESIAN_POINT ( 'NONE',  ( 6.375000000000000000, -0.3799999999999998934, 0.3169999999999999485 ) ) ;
#790 = CARTESIAN_POINT ( 'NONE',  ( 6.243110236220472231, 0.000000000000000000, 0.5931102362204722089 ) ) ;
#791 = EDGE_CURVE ( 'NONE', #2888, #2362, #1091, .T. ) ;
#792 = ORIENTED_EDGE ( 'NONE', *, *, #79, .F. ) ;
#793 = DIRECTION ( 'NONE',  ( -1.000000000000000000, 0.000000000000000000, 0.000000000000000000 ) ) ;
#794 = ORIENTED_EDGE ( 'NONE', *, *, #1906, .F. ) ;
#795 = CARTESIAN_POINT ( 'NONE',  ( 6.433839586015516865, -0.4183043643883981311, 0.4016094032959833804 ) ) ;
#796 = CARTESIAN_POINT ( 'NONE',  ( 6.380498454655575635, -0.3994999999999992446, 1.465453449905834038 ) ) ;
#797 = EDGE_CURVE ( 'NONE', #3934, #1113, #2302, .T. ) ;
#798 = FACE_OUTER_BOUND ( 'NONE', #4019, .T. ) ;
#799 = CARTESIAN_POINT ( 'NONE',  ( 6.506889763779526881, -4.149999999999999467, -0.1249999999999997780 ) ) ;
#800 = CYLINDRICAL_SURFACE ( 'NONE', #1606, 0.1181102362204724116 ) ;
#801 = CYLINDRICAL_SURFACE ( 'NONE', #288, 0.1004999999999996452 ) ;
#802 = ORIENTED_EDGE ( 'NONE', *, *, #171, .F. ) ;
#803 = CARTESIAN_POINT ( 'NONE',  ( 6.375000000000000000, 0.5000000000000000000, 1.591999999999999860 ) ) ;
#804 = ORIENTED_EDGE ( 'NONE', *, *, #4566, .F. ) ;
#805 = DIRECTION ( 'NONE',  ( -1.000000000000000000, 0.000000000000000000, 0.000000000000000000 ) ) ;
#806 = EDGE_LOOP ( 'NONE', ( #4023, #2850, #4118, #2050 ) ) ;
#807 = B_SPLINE_CURVE_WITH_KNOTS ( 'NONE', 3,
 ( #5084, #1302, #3072, #888, #1323, #2567, #918, #4252, #479, #2161, #3011, #2599, #2296, #3206, #5215, #4885, #4421, #644, #5328, #3952, #1077, #5271, #4480, #2684, #1028, #3977 ),
 .UNSPECIFIED., .F., .F.,
 ( 4, 2, 2, 2, 2, 2, 2, 2, 2, 2, 2, 2, 4 ),
 ( 0.000000000000000000, 0.0008402855522347300269, 0.001260428328352094932, 0.001680571104469460054, 0.002100713880586824959, 0.002520856656704189864, 0.002940999432821554769, 0.003361142208938920108, 0.003781284985056285013, 0.004201427761173649918, 0.005041713313408374524, 0.005881998865643099129, 0.006722284417877823735 ),
 .UNSPECIFIED. ) ;
#808 = DIRECTION ( 'NONE',  ( 0.000000000000000000, 0.000000000000000000, 1.000000000000000000 ) ) ;
#809 = CIRCLE ( 'NONE', #4514, 0.1181102362204724116 ) ;
#810 = ORIENTED_EDGE ( 'NONE', *, *, #3054, .T. ) ;
#811 = DIRECTION ( 'NONE',  ( -0.000000000000000000, -0.000000000000000000, 1.000000000000000000 ) ) ;
#812 = CIRCLE ( 'NONE', #5305, 0.1181102362204724116 ) ;
#813 = CARTESIAN_POINT ( 'NONE',  ( 6.624999999999999112, -6.453937009999998864, 1.010826773779527565 ) ) ;
#814 = DIRECTION ( 'NONE',  ( -1.000000000000000000, 0.000000000000000000, 0.000000000000000000 ) ) ;
#815 = VECTOR ( 'NONE', #5262, 39.37007874015748143 ) ;
#816 = EDGE_LOOP ( 'NONE', ( #2078, #3437, #1052, #1614, #5453, #4571 ) ) ;
#817 = AXIS2_PLACEMENT_3D ( 'NONE', #2213, #3429, #967 ) ;
#818 = ADVANCED_FACE ( 'NONE', ( #4348 ), #1827, .T. ) ;
#819 = ORIENTED_EDGE ( 'NONE', *, *, #2881, .T. ) ;
#820 = EDGE_CURVE ( 'NONE', #4813, #787, #1935, .T. ) ;
#821 = CARTESIAN_POINT ( 'NONE',  ( 6.333719719540114923, -1.591832521537914324, 1.373858646849601239 ) ) ;
#822 = AXIS2_PLACEMENT_3D ( 'NONE', #2963, #2922, #4557 ) ;
#823 = AXIS2_PLACEMENT_3D ( 'NONE', #4718, #5097, #3064 ) ;
#824 = AXIS2_PLACEMENT_3D ( 'NONE', #3860, #3886, #1272 ) ;
#825 = CARTESIAN_POINT ( 'NONE',  ( 6.276306031710524813, -0.4799433711560225913, 0.3755629628478153181 ) ) ;
#826 = LINE ( 'NONE', #5016, #558 ) ;
#827 = ORIENTED_EDGE ( 'NONE', *, *, #2028, .F. ) ;
#828 = PLANE ( 'NONE',  #5333 ) ;
#829 = AXIS2_PLACEMENT_3D ( 'NONE', #2174, #5119, #3822 ) ;
#830 = AXIS2_PLACEMENT_3D ( 'NONE', #2703, #5235, #5286 ) ;
#831 = EDGE_CURVE ( 'NONE', #1741, #2627, #3386, .T. ) ;
#832 = EDGE_CURVE ( 'NONE', #5232, #4673, #3738, .T. ) ;
#833 = CONICAL_SURFACE ( 'NONE', #4453, 0.2655000000000002358, 0.7155849933176774424 ) ;
#834 = DIRECTION ( 'NONE',  ( 1.000000000000000000, 0.000000000000000000, 0.000000000000000000 ) ) ;
#835 = DIRECTION ( 'NONE',  ( -0.000000000000000000, -0.000000000000000000, -1.000000000000000000 ) ) ;
#836 = CARTESIAN_POINT ( 'NONE',  ( 6.375000000000000000, -2.521489556960379463, 0.2573957495368704995 ) ) ;
#837 = DIRECTION ( 'NONE',  ( -1.000000000000000000, -0.000000000000000000, -0.000000000000000000 ) ) ;
#838 = CIRCLE ( 'NONE', #311, 0.2500000000000000000 ) ;
#839 = EDGE_LOOP ( 'NONE', ( #4821, #4100, #1303, #2337 ) ) ;
#840 = DIRECTION ( 'NONE',  ( 1.000000000000000000, -0.000000000000000000, -0.000000000000000000 ) ) ;
#841 = ORIENTED_EDGE ( 'NONE', *, *, #4756, .T. ) ;
#842 = EDGE_CURVE ( 'NONE', #2658, #4629, #1554, .T. ) ;
#843 = LINE ( 'NONE', #4011, #682 ) ;
#844 = VERTEX_POINT ( 'NONE', #2849 ) ;
#845 = DIRECTION ( 'NONE',  ( 0.000000000000000000, 0.000000000000000000, -1.000000000000000000 ) ) ;
#846 = VERTEX_POINT ( 'NONE', #4539 ) ;
#847 = ORIENTED_EDGE ( 'NONE', *, *, #4224, .F. ) ;
#848 = EDGE_CURVE ( 'NONE', #250, #3788, #4944, .T. ) ;
#849 = CARTESIAN_POINT ( 'NONE',  ( 6.624999999999999112, -3.987771497362133655, 0.2229550020317796200 ) ) ;
#850 = APPLICATION_PROTOCOL_DEFINITION ( 'draft international standard', 'automotive_design', 1998, #1561 ) ;
#851 = AXIS2_PLACEMENT_3D ( 'NONE', #4130, #765, #1581 ) ;
#852 = DIRECTION ( 'NONE',  ( 0.000000000000000000, 0.000000000000000000, -1.000000000000000000 ) ) ;
#853 = CARTESIAN_POINT ( 'NONE',  ( 6.375000000000000000, -2.710379740625795009, 0.9601031838164467702 ) ) ;
#854 = CARTESIAN_POINT ( 'NONE',  ( 6.125000000000000000, -6.453937009999998864, 1.010826773779527565 ) ) ;
#855 = ORIENTED_EDGE ( 'NONE', *, *, #832, .F. ) ;
#856 = AXIS2_PLACEMENT_3D ( 'NONE', #5240, #590, #5212 ) ;
#857 = CYLINDRICAL_SURFACE ( 'NONE', #2437, 0.1181102362204724116 ) ;
#858 = ADVANCED_FACE ( 'NONE', ( #760 ), #2358, .F. ) ;
#859 = DIRECTION ( 'NONE',  ( 0.000000000000000000, 0.000000000000000000, 1.000000000000000000 ) ) ;
#860 = DIRECTION ( 'NONE',  ( 0.000000000000000000, 0.000000000000000000, 1.000000000000000000 ) ) ;
#861 = ORIENTED_EDGE ( 'NONE', *, *, #3724, .T. ) ;
#862 = FACE_OUTER_BOUND ( 'NONE', #3050, .T. ) ;
#863 = DIRECTION ( 'NONE',  ( 1.000000000000000000, 0.000000000000000000, 0.000000000000000000 ) ) ;
#864 = CARTESIAN_POINT ( 'NONE',  ( 6.243110236220472231, -3.631889763779527769, 1.750000000000000000 ) ) ;
#865 = CARTESIAN_POINT ( 'NONE',  ( 6.374999999999998224, -0.4999999999999984457, 1.750000000000000000 ) ) ;
#866 = DIRECTION ( 'NONE',  ( -1.000000000000000000, 0.000000000000000000, 0.000000000000000000 ) ) ;
#867 = ORIENTED_EDGE ( 'NONE', *, *, #153, .T. ) ;
#868 = DIRECTION ( 'NONE',  ( 1.000000000000000000, -0.000000000000000000, -0.000000000000000000 ) ) ;
#869 = ADVANCED_FACE ( 'NONE', ( #4044 ), #5002, .F. ) ;
#870 = ORIENTED_EDGE ( 'NONE', *, *, #302, .T. ) ;
#871 = DIRECTION ( 'NONE',  ( -1.000000000000000000, -0.000000000000000000, -0.000000000000000000 ) ) ;
#872 = ORIENTED_EDGE ( 'NONE', *, *, #3657, .T. ) ;
#873 = CARTESIAN_POINT ( 'NONE',  ( 6.624999999999999112, -4.093708647585820870, 1.056212681170878964 ) ) ;
#874 = ADVANCED_FACE ( 'NONE', ( #3623 ), #3323, .F. ) ;
#875 = VERTEX_POINT ( 'NONE', #4464 ) ;
#876 = CARTESIAN_POINT ( 'NONE',  ( 6.404904401831208460, -0.4040018085751634347, 0.2639036810156525914 ) ) ;
#877 =( LENGTH_UNIT ( ) NAMED_UNIT ( * ) SI_UNIT ( $, .METRE. ) );
#878 = ADVANCED_FACE ( 'NONE', ( #2823 ), #1162, .F. ) ;
#879 = FACE_OUTER_BOUND ( 'NONE', #4315, .T. ) ;
#880 = EDGE_LOOP ( 'NONE', ( #1891, #3207, #5204, #3842 ) ) ;
#881 = CARTESIAN_POINT ( 'NONE',  ( 6.458930489840512656, -0.4443779281096250089, 0.3853809011966563003 ) ) ;
#882 = CARTESIAN_POINT ( 'NONE',  ( 6.125000000000000000, -1.195882546459554163, 0.6250000000000000000 ) ) ;
#883 = ORIENTED_EDGE ( 'NONE', *, *, #5113, .T. ) ;
#884 = LINE ( 'NONE', #5463, #3135 ) ;
#885 = DIRECTION ( 'NONE',  ( 0.000000000000000000, 0.000000000000000000, 1.000000000000000000 ) ) ;
#886 = CARTESIAN_POINT ( 'NONE',  ( 6.624999999999999112, -2.062983729403350175, 0.9560338998259235721 ) ) ;
#887 = CARTESIAN_POINT ( 'NONE',  ( 6.307227004203838305, -4.578481153763472200, 0.3805609926060886106 ) ) ;
#888 = CARTESIAN_POINT ( 'NONE',  ( 6.295324600679447435, -1.688503432664682613, 0.3799742565103074177 ) ) ;
#889 = ORIENTED_EDGE ( 'NONE', *, *, #4861, .F. ) ;
#890 = LINE ( 'NONE', #803, #249 ) ;
#891 = EDGE_CURVE ( 'NONE', #1094, #2080, #5101, .T. ) ;
#892 = ORIENTED_EDGE ( 'NONE', *, *, #1000, .T. ) ;
#893 = ADVANCED_FACE ( 'NONE', ( #1995 ), #3682, .F. ) ;
#894 = DIRECTION ( 'NONE',  ( 1.000000000000000000, -0.000000000000000000, -0.000000000000000000 ) ) ;
#895 = ORIENTED_EDGE ( 'NONE', *, *, #3393, .F. ) ;
#896 = LINE ( 'NONE', #2905, #1615 ) ;
#897 = VERTEX_POINT ( 'NONE', #4223 ) ;
#898 = CARTESIAN_POINT ( 'NONE',  ( 6.624999999999999112, -5.768374849879879918, 2.100000000000000089 ) ) ;
#899 = ADVANCED_FACE ( 'NONE', ( #4276 ), #4166, .T. ) ;
#900 = ORIENTED_EDGE ( 'NONE', *, *, #2515, .T. ) ;
#901 = DIRECTION ( 'NONE',  ( 0.000000000000000000, 1.000000000000000000, 0.000000000000000000 ) ) ;
#902 = ORIENTED_EDGE ( 'NONE', *, *, #645, .F. ) ;
#903 = CIRCLE ( 'NONE', #1682, 0.1562499999999998612 ) ;
#904 = DIRECTION ( 'NONE',  ( 0.000000000000000000, 0.000000000000000000, -1.000000000000000000 ) ) ;
#905 = DIRECTION ( 'NONE',  ( 1.000000000000000000, -0.000000000000000000, 0.000000000000000000 ) ) ;
#906 = CONICAL_SURFACE ( 'NONE', #5398, 0.1004999999999996452, 1.029744258676653423 ) ;
#907 = CARTESIAN_POINT ( 'NONE',  ( 6.624999999999999112, -1.647511745032587349, 1.163419978411005973 ) ) ;
#908 = CIRCLE ( 'NONE', #3113, 0.1181102362204725503 ) ;
#909 = ORIENTED_EDGE ( 'NONE', *, *, #701, .F. ) ;
#910 = CARTESIAN_POINT ( 'NONE',  ( 6.624999999999999112, -6.200984252499999627, 1.439812010000000031 ) ) ;
#911 = CIRCLE ( 'NONE', #2497, 0.2344000000000001083 ) ;
#912 = AXIS2_PLACEMENT_3D ( 'NONE', #4952, #4109, #1122 ) ;
#913 = CIRCLE ( 'NONE', #474, 0.2500000000000003331 ) ;
#914 = DIRECTION ( 'NONE',  ( 1.000000000000000000, 0.000000000000000000, 0.000000000000000000 ) ) ;
#915 = CARTESIAN_POINT ( 'NONE',  ( 6.375000000000000000, -4.503937009999998686, 1.750000000000000000 ) ) ;
#916 = CARTESIAN_POINT ( 'NONE',  ( 6.125000000000000000, -6.066141731220471733, 1.128937010000000019 ) ) ;
#917 = DIRECTION ( 'NONE',  ( 0.000000000000000000, 1.224646799147353700E-16, -1.000000000000000000 ) ) ;
#918 = CARTESIAN_POINT ( 'NONE',  ( 6.310126071755425059, -1.673059048417500527, 0.3858946779395702742 ) ) ;
#919 = CIRCLE ( 'NONE', #4001, 0.1562499999999997224 ) ;
#920 = EDGE_LOOP ( 'NONE', ( #3267, #961 ) ) ;
#921 = CARTESIAN_POINT ( 'NONE',  ( 6.342867788410181618, -0.4047613493186654199, 0.2159915350895732777 ) ) ;
#922 = AXIS2_PLACEMENT_3D ( 'NONE', #681, #1851, #205 ) ;
#923 = CIRCLE ( 'NONE', #4455, 0.2500000000000000555 ) ;
#924 = CIRCLE ( 'NONE', #3132, 0.1004999999999996452 ) ;
#925 = ORIENTED_EDGE ( 'NONE', *, *, #831, .F. ) ;
#926 = ORIENTED_EDGE ( 'NONE', *, *, #1199, .T. ) ;
#927 = ORIENTED_EDGE ( 'NONE', *, *, #295, .T. ) ;
#928 = ORIENTED_EDGE ( 'NONE', *, *, #5069, .F. ) ;
#929 = CARTESIAN_POINT ( 'NONE',  ( 6.624999999999999112, -1.195882546459554163, 1.050000000000000044 ) ) ;
#930 = DIRECTION ( 'NONE',  ( 0.000000000000000000, -1.000000000000000000, 0.000000000000000000 ) ) ;
#931 = ORIENTED_EDGE ( 'NONE', *, *, #252, .T. ) ;
#932 = EDGE_CURVE ( 'NONE', #4326, #503, #3481, .T. ) ;
#933 = ADVANCED_FACE ( 'NONE', ( #4247, #2068, #3753 ), #828, .F. ) ;
#934 = CARTESIAN_POINT ( 'NONE',  ( 6.462213341021590729, -0.4496555321602370148, 0.3831197435167454368 ) ) ;
#935 = CARTESIAN_POINT ( 'NONE',  ( 6.624999999999999112, -6.200984252499999627, 1.205412009999999867 ) ) ;
#936 = PRESENTATION_LAYER_ASSIGNMENT (  '', '', ( #2867 ) ) ;
#937 = VERTEX_POINT ( 'NONE', #3723 ) ;
#938 = DIRECTION ( 'NONE',  ( 0.000000000000000000, 0.000000000000000000, 1.000000000000000000 ) ) ;
#939 = EDGE_CURVE ( 'NONE', #4149, #4963, #1318, .T. ) ;
#940 = LINE ( 'NONE', #2123, #39 ) ;
#941 = DIRECTION ( 'NONE',  ( -1.000000000000000000, 0.000000000000000000, 0.000000000000000000 ) ) ;
#942 = LINE ( 'NONE', #2160, #655 ) ;
#943 = FACE_OUTER_BOUND ( 'NONE', #2021, .T. ) ;
#944 = FACE_OUTER_BOUND ( 'NONE', #1699, .T. ) ;
#945 = EDGE_CURVE ( 'NONE', #2907, #3683, #57, .T. ) ;
#946 = ORIENTED_EDGE ( 'NONE', *, *, #198, .F. ) ;
#947 = CARTESIAN_POINT ( 'NONE',  ( 6.295148036240428624, -4.442913130381114684, 0.5300000000000001377 ) ) ;
#948 = ORIENTED_EDGE ( 'NONE', *, *, #2613, .T. ) ;
#949 = VERTEX_POINT ( 'NONE', #1728 ) ;
#950 = FACE_OUTER_BOUND ( 'NONE', #2254, .T. ) ;
#951 = ORIENTED_EDGE ( 'NONE', *, *, #4563, .T. ) ;
#952 = VERTEX_POINT ( 'NONE', #3364 ) ;
#953 = ORIENTED_EDGE ( 'NONE', *, *, #2134, .T. ) ;
#954 = DIRECTION ( 'NONE',  ( 0.000000000000000000, 1.000000000000000000, 0.000000000000000000 ) ) ;
#955 = CARTESIAN_POINT ( 'NONE',  ( 6.243110236220472231, -2.518110236220472586, -0.1249999999999999029 ) ) ;
#956 = ORIENTED_EDGE ( 'NONE', *, *, #1079, .F. ) ;
#957 = ADVANCED_FACE ( 'NONE', ( #5099 ), #4995, .T. ) ;
#958 = FACE_OUTER_BOUND ( 'NONE', #1244, .T. ) ;
#959 = DIRECTION ( 'NONE',  ( 0.000000000000000000, 0.000000000000000000, 1.000000000000000000 ) ) ;
#960 = DIRECTION ( 'NONE',  ( -1.000000000000000000, 0.000000000000000000, 0.000000000000000000 ) ) ;
#961 = ORIENTED_EDGE ( 'NONE', *, *, #2731, .F. ) ;
#962 = DIRECTION ( 'NONE',  ( 0.000000000000000000, 0.000000000000000000, -1.000000000000000000 ) ) ;
#963 = EDGE_CURVE ( 'NONE', #1930, #2664, #1268, .T. ) ;
#964 = CARTESIAN_POINT ( 'NONE',  ( -8.514999999999998792, -0.7815019475124876935, 0.7194124950219528136 ) ) ;
#965 = CARTESIAN_POINT ( 'NONE',  ( -8.514999999999998792, 0.000000000000000000, 0.3749999999999999445 ) ) ;
#966 = DIRECTION ( 'NONE',  ( 1.000000000000000000, 0.000000000000000000, 0.000000000000000000 ) ) ;
#967 = DIRECTION ( 'NONE',  ( -1.000000000000000000, 0.000000000000000000, 0.000000000000000000 ) ) ;
#968 = EDGE_LOOP ( 'NONE', ( #2955, #1015, #2280, #45 ) ) ;
#969 = DIRECTION ( 'NONE',  ( -0.000000000000000000, -0.000000000000000000, 1.000000000000000000 ) ) ;
#970 = CARTESIAN_POINT ( 'NONE',  ( 6.274500000000000632, -4.503937009999998686, 1.750000000000000000 ) ) ;
#971 = ORIENTED_EDGE ( 'NONE', *, *, #2315, .F. ) ;
#972 = DIRECTION ( 'NONE',  ( -1.000000000000000000, -0.000000000000000000, -0.000000000000000000 ) ) ;
#973 = EDGE_LOOP ( 'NONE', ( #632, #867 ) ) ;
#974 = ORIENTED_EDGE ( 'NONE', *, *, #1504, .F. ) ;
#975 = CARTESIAN_POINT ( 'NONE',  ( 6.475499999999998479, -0.4999999999999984457, 1.219999999999999751 ) ) ;
#976 = EDGE_LOOP ( 'NONE', ( #4844, #1914, #1982, #2743 ) ) ;
#977 = FACE_OUTER_BOUND ( 'NONE', #579, .T. ) ;
#978 = DIRECTION ( 'NONE',  ( 0.000000000000000000, 0.000000000000000000, 1.000000000000000000 ) ) ;
#979 = ORIENTED_EDGE ( 'NONE', *, *, #3856, .T. ) ;
#980 = EDGE_LOOP ( 'NONE', ( #3559, #3299 ) ) ;
#981 = DIRECTION ( 'NONE',  ( 0.000000000000000000, 0.000000000000000000, 1.000000000000000000 ) ) ;
#982 = FACE_OUTER_BOUND ( 'NONE', #4364, .T. ) ;
#983 = FACE_BOUND ( 'NONE', #3106, .T. ) ;
#984 = EDGE_CURVE ( 'NONE', #1231, #3215, #2417, .T. ) ;
#985 = ORIENTED_EDGE ( 'NONE', *, *, #5220, .F. ) ;
#986 = AXIS2_PLACEMENT_3D ( 'NONE', #5055, #840, #2191 ) ;
#987 = ADVANCED_FACE ( 'NONE', ( #4688 ), #3339, .F. ) ;
#988 = CARTESIAN_POINT ( 'NONE',  ( 6.243110236220472231, -4.149999999999999467, 2.143131898507867804E-16 ) ) ;
#989 = VECTOR ( 'NONE', #4808, 39.37007874015748143 ) ;
#990 = VECTOR ( 'NONE', #562, 39.37007874015748143 ) ;
#991 = DIRECTION ( 'NONE',  ( -0.000000000000000000, -0.000000000000000000, -1.000000000000000000 ) ) ;
#992 = CARTESIAN_POINT ( 'NONE',  ( 6.125000000000000000, -0.4931102362204725642, 0.9039245083222339217 ) ) ;
#993 = CARTESIAN_POINT ( 'NONE',  ( -8.514999999999998792, -2.211389727133741712, 0.07594921294933874856 ) ) ;
#994 = ORIENTED_EDGE ( 'NONE', *, *, #1637, .F. ) ;
#995 = CARTESIAN_POINT ( 'NONE',  ( 6.368101433819690627, -4.433363932809960772, 0.5479811186858801753 ) ) ;
#996 = CIRCLE ( 'NONE', #3117, 0.1181102362204724116 ) ;
#997 = AXIS2_PLACEMENT_3D ( 'NONE', #4661, #1376, #23 ) ;
#998 = EDGE_CURVE ( 'NONE', #4963, #1391, #2918, .T. ) ;
#999 = VECTOR ( 'NONE', #3060, 39.37007874015748143 ) ;
#1000 = EDGE_CURVE ( 'NONE', #3747, #3178, #884, .T. ) ;
#1001 = UNCERTAINTY_MEASURE_WITH_UNIT (LENGTH_MEASURE( 1.000000000000000082E-05 ), #5428, 'distance_accuracy_value', 'NONE');
#1002 = CARTESIAN_POINT ( 'NONE',  ( 6.125000000000000000, -5.768374849879879918, 1.725000000000000089 ) ) ;
#1003 = ORIENTED_EDGE ( 'NONE', *, *, #1925, .F. ) ;
#1004 = AXIS2_PLACEMENT_3D ( 'NONE', #2779, #1166, #1141 ) ;
#1005 = CARTESIAN_POINT ( 'NONE',  ( 6.125000000000000000, -3.270677038116681423, 0.2806694692302063032 ) ) ;
#1006 = CIRCLE ( 'NONE', #922, 0.1004999999999996452 ) ;
#1007 = ORIENTED_EDGE ( 'NONE', *, *, #638, .T. ) ;
#1008 = VECTOR ( 'NONE', #5381, 39.37007874015748854 ) ;
#1009 = CIRCLE ( 'NONE', #5059, 0.1004999999999996452 ) ;
#1010 = ORIENTED_EDGE ( 'NONE', *, *, #4018, .F. ) ;
#1011 = CARTESIAN_POINT ( 'NONE',  ( 6.243110236220472231, -4.149999999999999467, -0.1249999999999997780 ) ) ;
#1012 = DIRECTION ( 'NONE',  ( 0.000000000000000000, 1.000000000000000000, -1.445602896647337931E-16 ) ) ;
#1013 = VECTOR ( 'NONE', #5396, 39.37007874015748143 ) ;
#1014 = ORIENTED_EDGE ( 'NONE', *, *, #3792, .T. ) ;
#1015 = ORIENTED_EDGE ( 'NONE', *, *, #322, .T. ) ;
#1016 = DIRECTION ( 'NONE',  ( 0.000000000000000000, 0.000000000000000000, -1.000000000000000000 ) ) ;
#1017 = AXIS2_PLACEMENT_3D ( 'NONE', #3156, #194, #938 ) ;
#1018 = FACE_OUTER_BOUND ( 'NONE', #4063, .T. ) ;
#1019 = CARTESIAN_POINT ( 'NONE',  ( 6.277423813956783505, -3.270677038116681423, 0.5461694692302064835 ) ) ;
#1020 = ORIENTED_EDGE ( 'NONE', *, *, #3829, .F. ) ;
#1021 = CIRCLE ( 'NONE', #1898, 0.2500000000000000000 ) ;
#1022 = PLANE ( 'NONE',  #5074 ) ;
#1023 = ADVANCED_FACE ( 'NONE', ( #470 ), #2421, .F. ) ;
#1024 = CARTESIAN_POINT ( 'NONE',  ( 6.624999999999999112, -7.549999999999999822, 0.7407709353152899245 ) ) ;
#1025 = FACE_OUTER_BOUND ( 'NONE', #3006, .T. ) ;
#1026 = AXIS2_PLACEMENT_3D ( 'NONE', #5459, #4160, #4521 ) ;
#1027 = CARTESIAN_POINT ( 'NONE',  ( 6.125000000000000000, -1.195882546459554163, 0.6250000000000000000 ) ) ;
#1028 = CARTESIAN_POINT ( 'NONE',  ( 6.468685153612257821, -1.711929107586741550, 0.3749999999999997780 ) ) ;
#1029 = ORIENTED_EDGE ( 'NONE', *, *, #1595, .F. ) ;
#1030 = DIRECTION ( 'NONE',  ( 1.000000000000000000, 0.000000000000000000, 0.000000000000000000 ) ) ;
#1031 = AXIS2_PLACEMENT_3D ( 'NONE', #550, #4659, #3911 ) ;
#1032 = ORIENTED_EDGE ( 'NONE', *, *, #1439, .F. ) ;
#1033 = CARTESIAN_POINT ( 'NONE',  ( 6.125000000000000000, -3.810379740625795542, 0.7318822026927611635 ) ) ;
#1034 = ADVANCED_FACE ( 'NONE', ( #4748 ), #4772, .T. ) ;
#1035 = DIRECTION ( 'NONE',  ( 0.000000000000000000, 0.000000000000000000, 1.000000000000000000 ) ) ;
#1036 = ORIENTED_EDGE ( 'NONE', *, *, #3959, .F. ) ;
#1037 = VECTOR ( 'NONE', #4942, 39.37007874015748143 ) ;
#1038 = EDGE_CURVE ( 'NONE', #3898, #897, #170, .T. ) ;
#1039 = CARTESIAN_POINT ( 'NONE',  ( 6.375000000000000000, -1.749999999999998446, 0.3749999999999999445 ) ) ;
#1040 = DIRECTION ( 'NONE',  ( 0.000000000000000000, 6.938893903907229955E-15, -1.000000000000000000 ) ) ;
#1041 = ORIENTED_EDGE ( 'NONE', *, *, #491, .F. ) ;
#1042 = EDGE_LOOP ( 'NONE', ( #1846, #3114, #4136, #4977 ) ) ;
#1043 = DIRECTION ( 'NONE',  ( 0.000000000000000000, 0.000000000000000000, 1.000000000000000000 ) ) ;
#1044 = DIRECTION ( 'NONE',  ( -1.000000000000000000, 0.000000000000000000, 0.000000000000000000 ) ) ;
#1045 = PLANE ( 'NONE',  #3555 ) ;
#1046 = LINE ( 'NONE', #3946, #4701 ) ;
#1047 = ORIENTED_EDGE ( 'NONE', *, *, #3990, .T. ) ;
#1048 = CARTESIAN_POINT ( 'NONE',  ( 6.624999999999999112, -5.299999999999999822, 2.100000000000000089 ) ) ;
#1049 = DIRECTION ( 'NONE',  ( -0.000000000000000000, -0.000000000000000000, -1.000000000000000000 ) ) ;
#1050 = CARTESIAN_POINT ( 'NONE',  ( 4.433018566799289850, -2.350826537353388979, 0.3860894235331113200 ) ) ;
#1051 = LINE ( 'NONE', #4479, #465 ) ;
#1052 = ORIENTED_EDGE ( 'NONE', *, *, #1246, .F. ) ;
#1053 = CARTESIAN_POINT ( 'NONE',  ( 6.125000000000000000, -2.710379740625795009, 0.5616031838164468049 ) ) ;
#1054 = FACE_OUTER_BOUND ( 'NONE', #2633, .T. ) ;
#1055 = ORIENTED_EDGE ( 'NONE', *, *, #5301, .T. ) ;
#1056 = FACE_BOUND ( 'NONE', #2885, .T. ) ;
#1057 = EDGE_CURVE ( 'NONE', #2664, #1390, #4015, .T. ) ;
#1058 = VERTEX_POINT ( 'NONE', #4803 ) ;
#1059 = ADVANCED_FACE ( 'NONE', ( #2676 ), #2206, .T. ) ;
#1060 = DIRECTION ( 'NONE',  ( -1.000000000000000000, 0.000000000000000000, 0.000000000000000000 ) ) ;
#1061 = ORIENTED_EDGE ( 'NONE', *, *, #1297, .F. ) ;
#1062 = FACE_OUTER_BOUND ( 'NONE', #2660, .T. ) ;
#1063 = CARTESIAN_POINT ( 'NONE',  ( 4.433018566799289850, -2.463535137063221914, 1.090645255348624554 ) ) ;
#1064 = ORIENTED_EDGE ( 'NONE', *, *, #2037, .F. ) ;
#1065 = CARTESIAN_POINT ( 'NONE',  ( 6.375000000000000000, -0.3799999999999998934, 1.512499999999999734 ) ) ;
#1066 = DIRECTION ( 'NONE',  ( 0.000000000000000000, 0.000000000000000000, 1.000000000000000000 ) ) ;
#1067 = DIRECTION ( 'NONE',  ( -1.000000000000000000, 0.000000000000000000, 0.000000000000000000 ) ) ;
#1068 = CARTESIAN_POINT ( 'NONE',  ( 6.473373724787226280, -4.480717707113629267, 0.4725946233981125344 ) ) ;
#1069 = DIRECTION ( 'NONE',  ( -1.000000000000000000, -0.000000000000000000, -0.000000000000000000 ) ) ;
#1070 = ORIENTED_EDGE ( 'NONE', *, *, #239, .T. ) ;
#1071 = ADVANCED_FACE ( 'NONE', ( #556 ), #3049, .F. ) ;
#1072 = ORIENTED_EDGE ( 'NONE', *, *, #2892, .F. ) ;
#1073 = DIRECTION ( 'NONE',  ( 0.000000000000000000, 0.000000000000000000, 1.000000000000000000 ) ) ;
#1074 = DIRECTION ( 'NONE',  ( -1.000000000000000000, 0.000000000000000000, 0.000000000000000000 ) ) ;
#1075 = DIRECTION ( 'NONE',  ( 1.000000000000000000, -0.000000000000000000, -0.000000000000000000 ) ) ;
#1076 = VECTOR ( 'NONE', #4964, 39.37007874015748143 ) ;
#1077 = CARTESIAN_POINT ( 'NONE',  ( 6.427141802112631197, -1.663432539286606726, 0.3907170751302626033 ) ) ;
#1078 = FACE_BOUND ( 'NONE', #2878, .T. ) ;
#1079 = EDGE_CURVE ( 'NONE', #3201, #3255, #1459, .T. ) ;
#1080 = AXIS2_PLACEMENT_3D ( 'NONE', #1922, #4029, #671 ) ;
#1081 = ORIENTED_EDGE ( 'NONE', *, *, #5393, .T. ) ;
#1082 = DIRECTION ( 'NONE',  ( 0.000000000000000000, 6.829619984160658046E-17, -1.000000000000000000 ) ) ;
#1083 = CARTESIAN_POINT ( 'NONE',  ( 6.243110236220472231, -2.399999999999999467, 0.000000000000000000 ) ) ;
#1084 = CONICAL_SURFACE ( 'NONE', #1600, 0.2654999999999999583, 0.7155849933176764432 ) ;
#1085 = AXIS2_PLACEMENT_3D ( 'NONE', #4351, #4318, #1040 ) ;
#1086 = CONICAL_SURFACE ( 'NONE', #4794, 0.07950000000000007061, 1.029744258676656754 ) ;
#1087 = ORIENTED_EDGE ( 'NONE', *, *, #278, .T. ) ;
#1088 = AXIS2_PLACEMENT_3D ( 'NONE', #725, #4064, #237 ) ;
#1089 = AXIS2_PLACEMENT_3D ( 'NONE', #2830, #2057, #3331 ) ;
#1090 = VECTOR ( 'NONE', #1234, 39.37007874015748143 ) ;
#1091 = LINE ( 'NONE', #626, #484 ) ;
#1092 = ORIENTED_EDGE ( 'NONE', *, *, #831, .T. ) ;
#1093 = CARTESIAN_POINT ( 'NONE',  ( 6.125000000000000000, -5.955081525351289429, 2.100000000000000089 ) ) ;
#1094 = VERTEX_POINT ( 'NONE', #5211 ) ;
#1095 = CARTESIAN_POINT ( 'NONE',  ( 6.125000000000000000, -0.6663429112140901722, 0.7456503352318517575 ) ) ;
#1096 = LINE ( 'NONE', #3968, #5424 ) ;
#1097 = AXIS2_PLACEMENT_3D ( 'NONE', #3446, #1731, #475 ) ;
#1098 = CIRCLE ( 'NONE', #2670, 0.1181102362204724116 ) ;
#1099 = CARTESIAN_POINT ( 'NONE',  ( 6.624999999999999112, -5.948031494999999502, 0.7411417312204724439 ) ) ;
#1100 = DIRECTION ( 'NONE',  ( -1.000000000000000000, 0.000000000000000000, 0.000000000000000000 ) ) ;
#1101 = EDGE_CURVE ( 'NONE', #2283, #2051, #4541, .T. ) ;
#1102 = ORIENTED_EDGE ( 'NONE', *, *, #2103, .F. ) ;
#1103 = CARTESIAN_POINT ( 'NONE',  ( 6.125000000000000000, -6.200984252499999627, 0.3115157474999999954 ) ) ;
#1104 = DIRECTION ( 'NONE',  ( 1.000000000000000000, 0.000000000000000000, 0.000000000000000000 ) ) ;
#1105 = DIRECTION ( 'NONE',  ( 0.000000000000000000, 0.000000000000000000, 1.000000000000000000 ) ) ;
#1106 = EDGE_CURVE ( 'NONE', #348, #2701, #1981, .T. ) ;
#1107 = ORIENTED_EDGE ( 'NONE', *, *, #3504, .F. ) ;
#1108 = FACE_BOUND ( 'NONE', #3859, .T. ) ;
#1109 = ORIENTED_EDGE ( 'NONE', *, *, #984, .F. ) ;
#1110 = EDGE_CURVE ( 'NONE', #1670, #3505, #615, .T. ) ;
#1111 = LINE ( 'NONE', #3540, #2766 ) ;
#1112 = CIRCLE ( 'NONE', #856, 0.1181102362204725503 ) ;
#1113 = VERTEX_POINT ( 'NONE', #1863 ) ;
#1114 = DIRECTION ( 'NONE',  ( 0.000000000000000000, 2.312964634635743450E-15, -1.000000000000000000 ) ) ;
#1115 = ORIENTED_EDGE ( 'NONE', *, *, #2559, .T. ) ;
#1116 = DIRECTION ( 'NONE',  ( 0.000000000000000000, 0.000000000000000000, 1.000000000000000000 ) ) ;
#1117 = ORIENTED_EDGE ( 'NONE', *, *, #1722, .F. ) ;
#1118 = EDGE_CURVE ( 'NONE', #3077, #3774, #4103, .T. ) ;
#1119 = DIRECTION ( 'NONE',  ( 0.000000000000000000, 0.000000000000000000, -1.000000000000000000 ) ) ;
#1120 = CARTESIAN_POINT ( 'NONE',  ( -8.514999999999998792, -1.195882546459554163, 0.6250000000000000000 ) ) ;
#1121 = CARTESIAN_POINT ( 'NONE',  ( 6.125000000000000000, -6.453937009999998864, 0.7411417312204722219 ) ) ;
#1122 = DIRECTION ( 'NONE',  ( 0.000000000000000000, 2.731847993664262824E-15, -1.000000000000000000 ) ) ;
#1123 = VERTEX_POINT ( 'NONE', #2730 ) ;
#1124 = EDGE_CURVE ( 'NONE', #3453, #5142, #2621, .T. ) ;
#1125 = VERTEX_POINT ( 'NONE', #2620 ) ;
#1126 = EDGE_CURVE ( 'NONE', #2572, #4809, #525, .T. ) ;
#1127 = CYLINDRICAL_SURFACE ( 'NONE', #502, 0.1181102362204725503 ) ;
#1128 = DIRECTION ( 'NONE',  ( 0.000000000000000000, 0.000000000000000000, 1.000000000000000000 ) ) ;
#1129 = CARTESIAN_POINT ( 'NONE',  ( 6.125000000000000000, -7.299999999999999822, 0.7407709353152899245 ) ) ;
#1130 = ORIENTED_EDGE ( 'NONE', *, *, #1589, .F. ) ;
#1131 = PLANE ( 'NONE',  #2752 ) ;
#1132 = EDGE_CURVE ( 'NONE', #4623, #3830, #1778, .T. ) ;
#1133 = DIRECTION ( 'NONE',  ( 0.000000000000000000, 0.000000000000000000, -1.000000000000000000 ) ) ;
#1134 = CARTESIAN_POINT ( 'NONE',  ( 6.624999999999999112, -0.3750000000000001110, 0.9039245083222339217 ) ) ;
#1135 = ORIENTED_EDGE ( 'NONE', *, *, #710, .T. ) ;
#1136 = FACE_BOUND ( 'NONE', #80, .T. ) ;
#1137 = ORIENTED_EDGE ( 'NONE', *, *, #5146, .F. ) ;
#1138 = EDGE_CURVE ( 'NONE', #3056, #2907, #3771, .T. ) ;
#1139 = DIRECTION ( 'NONE',  ( 1.000000000000000000, -0.000000000000000000, -0.000000000000000000 ) ) ;
#1140 = VERTEX_POINT ( 'NONE', #757 ) ;
#1141 = DIRECTION ( 'NONE',  ( 1.000000000000000000, 0.000000000000000000, 0.000000000000000000 ) ) ;
#1142 = ORIENTED_EDGE ( 'NONE', *, *, #2473, .F. ) ;
#1143 = DIRECTION ( 'NONE',  ( -0.000000000000000000, -0.000000000000000000, -1.000000000000000000 ) ) ;
#1144 = LINE ( 'NONE', #1943, #1794 ) ;
#1145 = CARTESIAN_POINT ( 'NONE',  ( 6.277423813956783505, -3.810379740625795542, 0.7318822026927611635 ) ) ;
#1146 = EDGE_LOOP ( 'NONE', ( #679, #1117, #2344, #4425 ) ) ;
#1147 = DIRECTION ( 'NONE',  ( -0.000000000000000000, 1.000000000000000000, -0.000000000000000000 ) ) ;
#1148 = ORIENTED_EDGE ( 'NONE', *, *, #4133, .F. ) ;
#1149 = EDGE_CURVE ( 'NONE', #2639, #4220, #5385, .T. ) ;
#1150 = CARTESIAN_POINT ( 'NONE',  ( 6.506889763779526881, 0.4999999999999999445, 0.4749999999999997002 ) ) ;
#1151 = CARTESIAN_POINT ( 'NONE',  ( 6.410969804207939937, -0.4061574553338360705, 1.507040736625477440 ) ) ;
#1152 = EDGE_LOOP ( 'NONE', ( #4981, #2209 ) ) ;
#1153 = CARTESIAN_POINT ( 'NONE',  ( 6.375000000000000000, -0.3799999999999998934, 0.1579999999999997795 ) ) ;
#1154 = FACE_OUTER_BOUND ( 'NONE', #344, .T. ) ;
#1155 = CARTESIAN_POINT ( 'NONE',  ( 6.624999999999999112, -2.078882640153934425, 0.3749999999999999445 ) ) ;
#1156 = FACE_OUTER_BOUND ( 'NONE', #3626, .T. ) ;
#1157 = DIRECTION ( 'NONE',  ( -0.000000000000000000, -0.000000000000000000, 1.000000000000000000 ) ) ;
#1158 = CARTESIAN_POINT ( 'NONE',  ( 6.243110236220472231, -2.518110236220472142, 0.000000000000000000 ) ) ;
#1159 = EDGE_CURVE ( 'NONE', #1485, #3471, #3851, .T. ) ;
#1160 = AXIS2_PLACEMENT_3D ( 'NONE', #3256, #3644, #3700 ) ;
#1161 = VERTEX_POINT ( 'NONE', #3621 ) ;
#1162 = CYLINDRICAL_SURFACE ( 'NONE', #1619, 0.1004999999999996452 ) ;
#1163 = ORIENTED_EDGE ( 'NONE', *, *, #2253, .F. ) ;
#1164 = AXIS2_PLACEMENT_3D ( 'NONE', #1129, #1984, #416 ) ;
#1165 = AXIS2_PLACEMENT_3D ( 'NONE', #3783, #1675, #1275 ) ;
#1166 = DIRECTION ( 'NONE',  ( 0.000000000000000000, 0.000000000000000000, 1.000000000000000000 ) ) ;
#1167 = EDGE_CURVE ( 'NONE', #3788, #1657, #890, .T. ) ;
#1168 = EDGE_LOOP ( 'NONE', ( #2736, #3618, #625, #4761, #1309, #4543, #2090, #2644, #8 ) ) ;
#1169 = VECTOR ( 'NONE', #1817, 39.37007874015748143 ) ;
#1170 = VECTOR ( 'NONE', #3915, 39.37007874015748143 ) ;
#1171 = CONICAL_SURFACE ( 'NONE', #738, 0.07950000000000007061, 1.029744258676656754 ) ;
#1172 = EDGE_LOOP ( 'NONE', ( #5307, #2361, #2811, #872, #2799, #951 ) ) ;
#1173 = LINE ( 'NONE', #3269, #567 ) ;
#1174 = EDGE_CURVE ( 'NONE', #438, #2300, #2547, .T. ) ;
#1175 = CYLINDRICAL_SURFACE ( 'NONE', #4524, 0.1329999999999999238 ) ;
#1176 = AXIS2_PLACEMENT_3D ( 'NONE', #2401, #2818, #4092 ) ;
#1177 = ORIENTED_EDGE ( 'NONE', *, *, #5007, .F. ) ;
#1178 = CIRCLE ( 'NONE', #4267, 0.1181102362204724116 ) ;
#1179 = ORIENTED_EDGE ( 'NONE', *, *, #2423, .T. ) ;
#1180 = CIRCLE ( 'NONE', #394, 0.1181102362204724116 ) ;
#1181 = CARTESIAN_POINT ( 'NONE',  ( 6.421618265674777781, -1.589239421856511791, 1.374217366182135303 ) ) ;
#1182 = CARTESIAN_POINT ( 'NONE',  ( 6.624999999999999112, -4.099401806940218940, 0.4461434763661811242 ) ) ;
#1183 = DIRECTION ( 'NONE',  ( 0.000000000000000000, -0.9994107467479923512, 0.03432432496962175422 ) ) ;
#1184 = VERTEX_POINT ( 'NONE', #5025 ) ;
#1185 = LINE ( 'NONE', #2866, #557 ) ;
#1186 = EDGE_CURVE ( 'NONE', #3058, #4087, #4038, .T. ) ;
#1187 = CARTESIAN_POINT ( 'NONE',  ( 6.342074128509387343, -0.4048416191836779476, 1.534412631609371358 ) ) ;
#1188 = CARTESIAN_POINT ( 'NONE',  ( 6.624999999999999112, -2.463535137063221914, 1.090645255348624554 ) ) ;
#1189 = CYLINDRICAL_SURFACE ( 'NONE', #3906, 0.4499999999999999556 ) ;
#1190 = CARTESIAN_POINT ( 'NONE',  ( 6.374999999999998224, -0.4999999999999984457, 0.3749999999999999445 ) ) ;
#1191 = CIRCLE ( 'NONE', #4812, 0.2655000000000002358 ) ;
#1192 = ORIENTED_EDGE ( 'NONE', *, *, #1548, .T. ) ;
#1193 = ADVANCED_FACE ( 'NONE', ( #4231 ), #2411, .F. ) ;
#1194 = CARTESIAN_POINT ( 'NONE',  ( 6.128148743938044873, -5.390075605471311704, 1.893666848441557304 ) ) ;
#1195 = ORIENTED_EDGE ( 'NONE', *, *, #2284, .T. ) ;
#1196 = DIRECTION ( 'NONE',  ( 0.000000000000000000, 0.000000000000000000, -1.000000000000000000 ) ) ;
#1197 = ORIENTED_EDGE ( 'NONE', *, *, #1334, .F. ) ;
#1198 = DIRECTION ( 'NONE',  ( 1.000000000000000000, -0.000000000000000000, -0.000000000000000000 ) ) ;
#1199 = EDGE_CURVE ( 'NONE', #658, #3223, #5116, .T. ) ;
#1200 = CARTESIAN_POINT ( 'NONE',  ( 6.624999999999999112, -5.955081525351289429, 1.474999999999999867 ) ) ;
#1201 = CARTESIAN_POINT ( 'NONE',  ( 6.125000000000000000, -2.710379740625795009, 0.8271031838164467631 ) ) ;
#1202 = ORIENTED_EDGE ( 'NONE', *, *, #3660, .T. ) ;
#1203 = CARTESIAN_POINT ( 'NONE',  ( 6.328238155229049866, -1.589162241837107192, 1.374226270043845899 ) ) ;
#1204 = DIRECTION ( 'NONE',  ( -1.000000000000000000, 0.000000000000000000, 0.000000000000000000 ) ) ;
#1205 = CARTESIAN_POINT ( 'NONE',  ( 6.624999999999999112, -2.196923279533618434, 0.4971642903507426103 ) ) ;
#1206 = VERTEX_POINT ( 'NONE', #4616 ) ;
#1207 = DIRECTION ( 'NONE',  ( 0.000000000000000000, 0.000000000000000000, -1.000000000000000000 ) ) ;
#1208 = CARTESIAN_POINT ( 'NONE',  ( 6.364055247111178204, -0.3999907522841971708, 1.557727511863136849 ) ) ;
#1209 = CARTESIAN_POINT ( 'NONE',  ( 4.433018566799289850, -2.437348131156654940, 0.3359494813139316527 ) ) ;
#1210 = CARTESIAN_POINT ( 'NONE',  ( 4.433018566799289850, -2.414591607384101390, 0.9985441408460412616 ) ) ;
#1211 = LINE ( 'NONE', #2017, #4692 ) ;
#1212 = CARTESIAN_POINT ( 'NONE',  ( 6.125000000000000000, -3.810379740625795542, 0.9978822026927609556 ) ) ;
#1213 = ORIENTED_EDGE ( 'NONE', *, *, #5350, .F. ) ;
#1214 = DIRECTION ( 'NONE',  ( 0.000000000000000000, 0.000000000000000000, -1.000000000000000000 ) ) ;
#1215 = ORIENTED_EDGE ( 'NONE', *, *, #2010, .T. ) ;
#1216 = ADVANCED_FACE ( 'NONE', ( #3865 ), #1086, .F. ) ;
#1217 = CARTESIAN_POINT ( 'NONE',  ( 6.624999999999999112, -3.750000000000000000, 1.750000000000000000 ) ) ;
#1218 = B_SPLINE_CURVE_WITH_KNOTS ( 'NONE', 3,
 ( #3748, #414, #3667, #1203, #821, #3273, #2511, #2091, #5352, #2810, #4957, #305, #3251, #2425, #1181, #4549, #772, #4135 ),
 .UNSPECIFIED., .F., .F.,
 ( 4, 2, 2, 2, 2, 2, 2, 2, 4 ),
 ( 0.000000000000000000, 0.0004597207585680730983, 0.0009194415171361461966, 0.001379162275704219186, 0.001838883034272292393, 0.002298603792840365600, 0.002758324551408438373, 0.003218045309976511580, 0.003677766068544584786 ),
 .UNSPECIFIED. ) ;
#1219 = ORIENTED_EDGE ( 'NONE', *, *, #4112, .F. ) ;
#1220 = ADVANCED_FACE ( 'NONE', ( #37, #2900 ), #2102, .F. ) ;
#1221 = EDGE_LOOP ( 'NONE', ( #3752, #96, #3638, #3612 ) ) ;
#1222 = CARTESIAN_POINT ( 'NONE',  ( 6.243110236220472231, 2.652276394531333236E-16, 0.4749999999999997002 ) ) ;
#1223 =( NAMED_UNIT ( * ) PLANE_ANGLE_UNIT ( ) SI_UNIT ( $, .RADIAN. ) );
#1224 = CARTESIAN_POINT ( 'NONE',  ( 4.433018566799289850, -3.953609334557723454, 1.217644123204584927 ) ) ;
#1225 = CYLINDRICAL_SURFACE ( 'NONE', #4346, 0.2500000000000000555 ) ;
#1226 = VERTEX_POINT ( 'NONE', #1304 ) ;
#1227 = ADVANCED_FACE ( 'NONE', ( #3372 ), #1710, .F. ) ;
#1228 = CARTESIAN_POINT ( 'NONE',  ( 6.125000000000000000, -6.799999999999999822, 0.6249999999999992228 ) ) ;
#1229 = CARTESIAN_POINT ( 'NONE',  ( 6.325796715090570288, -0.4115257229148034379, 0.4074411921461608688 ) ) ;
#1230 = CARTESIAN_POINT ( 'NONE',  ( 6.375000000000000000, -3.810379740625795542, 0.8648822026927610596 ) ) ;
#1231 = VERTEX_POINT ( 'NONE', #3407 ) ;
#1232 = DIRECTION ( 'NONE',  ( 0.000000000000000000, 0.000000000000000000, -1.000000000000000000 ) ) ;
#1233 = CARTESIAN_POINT ( 'NONE',  ( 6.342867788410181618, -0.4047613493186658640, 1.490991535089573272 ) ) ;
#1234 = DIRECTION ( 'NONE',  ( 0.000000000000000000, 0.03432432496962136564, 0.9994107467479923512 ) ) ;
#1235 = CARTESIAN_POINT ( 'NONE',  ( 6.624999999999999112, -1.195882546459554163, 0.6250000000000000000 ) ) ;
#1236 = DIRECTION ( 'NONE',  ( -0.000000000000000000, -1.000000000000000000, -5.463695987328527423E-16 ) ) ;
#1237 = ADVANCED_FACE ( 'NONE', ( #1738 ), #4670, .T. ) ;
#1238 = ORIENTED_EDGE ( 'NONE', *, *, #2052, .F. ) ;
#1239 = CARTESIAN_POINT ( 'NONE',  ( 6.375000000000000000, -0.3994999999999986895, 0.1904534499058329611 ) ) ;
#1240 = EDGE_LOOP ( 'NONE', ( #1467, #2861, #3371 ) ) ;
#1241 = EDGE_LOOP ( 'NONE', ( #802, #1441 ) ) ;
#1242 = DIRECTION ( 'NONE',  ( 1.000000000000000000, -0.000000000000000000, -0.000000000000000000 ) ) ;
#1243 = VECTOR ( 'NONE', #5330, 39.37007874015748143 ) ;
#1244 = EDGE_LOOP ( 'NONE', ( #3242, #439, #5075 ) ) ;
#1245 = ORIENTED_EDGE ( 'NONE', *, *, #2177, .F. ) ;
#1246 = EDGE_CURVE ( 'NONE', #4859, #5391, #3544, .T. ) ;
#1247 = CARTESIAN_POINT ( 'NONE',  ( 6.624999999999999112, -2.518110236220472142, 2.581273694800881508E-16 ) ) ;
#1248 = AXIS2_PLACEMENT_3D ( 'NONE', #1230, #775, #361 ) ;
#1249 = AXIS2_PLACEMENT_3D ( 'NONE', #2705, #2755, #2234 ) ;
#1250 = DIRECTION ( 'NONE',  ( 0.000000000000000000, 0.000000000000000000, 1.000000000000000000 ) ) ;
#1251 = CARTESIAN_POINT ( 'NONE',  ( 6.243110236220472231, -3.631889763779527769, 1.874999999999999778 ) ) ;
#1252 = DIRECTION ( 'NONE',  ( 1.000000000000000000, -0.000000000000000000, -0.000000000000000000 ) ) ;
#1253 = VECTOR ( 'NONE', #2025, 39.37007874015748143 ) ;
#1254 = VECTOR ( 'NONE', #1564, 39.37007874015748143 ) ;
#1255 = VERTEX_POINT ( 'NONE', #1759 ) ;
#1256 = VECTOR ( 'NONE', #3110, 39.37007874015748143 ) ;
#1257 = DIRECTION ( 'NONE',  ( 1.000000000000000000, -0.000000000000000000, -0.000000000000000000 ) ) ;
#1258 = AXIS2_PLACEMENT_3D ( 'NONE', #704, #1495, #3139 ) ;
#1259 = AXIS2_PLACEMENT_3D ( 'NONE', #628, #1418, #2305 ) ;
#1260 = EDGE_CURVE ( 'NONE', #5114, #4918, #2695, .T. ) ;
#1261 = CIRCLE ( 'NONE', #4709, 0.1004999999999996452 ) ;
#1262 = CARTESIAN_POINT ( 'NONE',  ( 6.125000000000000000, -0.4931102362204725087, 0.4931102362204723977 ) ) ;
#1263 = DIRECTION ( 'NONE',  ( 1.000000000000000000, -0.000000000000000000, -0.000000000000000000 ) ) ;
#1264 = ORIENTED_EDGE ( 'NONE', *, *, #3892, .F. ) ;
#1265 = CARTESIAN_POINT ( 'NONE',  ( 6.375000000000001776, -5.699999999999998401, 0.5300000000000001377 ) ) ;
#1266 = VECTOR ( 'NONE', #1336, 39.37007874015748143 ) ;
#1267 = VECTOR ( 'NONE', #2151, 39.37007874015748143 ) ;
#1268 = CIRCLE ( 'NONE', #4363, 0.4249999999999999889 ) ;
#1269 = FACE_OUTER_BOUND ( 'NONE', #976, .T. ) ;
#1270 = EDGE_LOOP ( 'NONE', ( #325, #5255, #2931, #2184 ) ) ;
#1271 = EDGE_CURVE ( 'NONE', #5098, #240, #3716, .T. ) ;
#1272 = DIRECTION ( 'NONE',  ( 1.000000000000000000, 0.000000000000000000, 0.000000000000000000 ) ) ;
#1273 = VECTOR ( 'NONE', #4676, 39.37007874015748143 ) ;
#1274 = DIRECTION ( 'NONE',  ( 1.000000000000000000, -0.000000000000000000, -0.000000000000000000 ) ) ;
#1275 = DIRECTION ( 'NONE',  ( 0.000000000000000000, 0.000000000000000000, 1.000000000000000000 ) ) ;
#1276 = CIRCLE ( 'NONE', #1518, 0.1250000000000004441 ) ;
#1277 = ORIENTED_EDGE ( 'NONE', *, *, #2958, .T. ) ;
#1278 = CARTESIAN_POINT ( 'NONE',  ( 6.339037918526361892, -0.4061544953955879556, 0.2319948944488353926 ) ) ;
#1279 = VECTOR ( 'NONE', #1839, 39.37007874015748143 ) ;
#1280 = ORIENTED_EDGE ( 'NONE', *, *, #4447, .F. ) ;
#1281 = AXIS2_PLACEMENT_3D ( 'NONE', #4847, #1066, #241 ) ;
#1282 = EDGE_CURVE ( 'NONE', #3471, #1617, #3366, .T. ) ;
#1283 = SURFACE_STYLE_USAGE ( .BOTH. , #5060 ) ;
#1284 = VERTEX_POINT ( 'NONE', #1468 ) ;
#1285 = CARTESIAN_POINT ( 'NONE',  ( 6.499999999999999112, -6.200984252499999627, 0.4365157475000004395 ) ) ;
#1286 = EDGE_LOOP ( 'NONE', ( #3816, #4415, #3262 ) ) ;
#1287 = CYLINDRICAL_SURFACE ( 'NONE', #4379, 0.1004999999999996452 ) ;
#1288 = DIRECTION ( 'NONE',  ( 1.000000000000000000, 0.000000000000000000, 0.000000000000000000 ) ) ;
#1289 = VECTOR ( 'NONE', #788, 39.37007874015748143 ) ;
#1290 = CARTESIAN_POINT ( 'NONE',  ( 6.125000000000000000, -6.453937009999998864, 2.100000000000000089 ) ) ;
#1291 = ORIENTED_EDGE ( 'NONE', *, *, #740, .T. ) ;
#1292 = CARTESIAN_POINT ( 'NONE',  ( 4.433018566799289850, -4.042613218174444079, 1.085822883268820149 ) ) ;
#1293 = LINE ( 'NONE', #54, #2846 ) ;
#1294 = EDGE_CURVE ( 'NONE', #4326, #1503, #1789, .T. ) ;
#1295 = ORIENTED_EDGE ( 'NONE', *, *, #2646, .T. ) ;
#1296 = DIRECTION ( 'NONE',  ( 1.000000000000000000, -0.000000000000000000, -0.000000000000000000 ) ) ;
#1297 = EDGE_CURVE ( 'NONE', #4837, #5420, #3161, .T. ) ;
#1298 = DIRECTION ( 'NONE',  ( -0.000000000000000000, -0.000000000000000000, -1.000000000000000000 ) ) ;
#1299 = CARTESIAN_POINT ( 'NONE',  ( 6.274499999999998856, -0.4999999999999984457, -4.892463962593665846E-17 ) ) ;
#1300 = CARTESIAN_POINT ( 'NONE',  ( 6.359558906137540824, -4.603533713837407504, 0.3643704285743133986 ) ) ;
#1301 = CARTESIAN_POINT ( 'NONE',  ( 6.624999999999999112, -6.200984252499999627, 0.4365157475000004395 ) ) ;
#1302 = CARTESIAN_POINT ( 'NONE',  ( 6.281312897009204477, -1.711936023683280572, 0.3750000000000001110 ) ) ;
#1303 = ORIENTED_EDGE ( 'NONE', *, *, #2095, .T. ) ;
#1304 = CARTESIAN_POINT ( 'NONE',  ( 6.277423813956783505, -2.710379740625795009, 0.6941031838164468670 ) ) ;
#1305 = ORIENTED_EDGE ( 'NONE', *, *, #4566, .T. ) ;
#1306 = DIRECTION ( 'NONE',  ( -1.000000000000000000, 0.000000000000000000, 0.000000000000000000 ) ) ;
#1307 = EDGE_LOOP ( 'NONE', ( #1812, #953, #193, #1486 ) ) ;
#1308 = DIRECTION ( 'NONE',  ( 1.000000000000000000, -0.000000000000000000, -0.000000000000000000 ) ) ;
#1309 = ORIENTED_EDGE ( 'NONE', *, *, #2584, .T. ) ;
#1310 = CARTESIAN_POINT ( 'NONE',  ( 6.125000000000000000, -7.549999999999999822, 0.2500000000000000555 ) ) ;
#1311 = ORIENTED_EDGE ( 'NONE', *, *, #181, .F. ) ;
#1312 = CARTESIAN_POINT ( 'NONE',  ( 6.243110236220472231, 0.4999999999999999445, 0.4749999999999997002 ) ) ;
#1313 = CARTESIAN_POINT ( 'NONE',  ( 6.499999999999999112, -6.200984252499999627, 1.439812010000000031 ) ) ;
#1314 = ORIENTED_EDGE ( 'NONE', *, *, #61, .T. ) ;
#1315 = CARTESIAN_POINT ( 'NONE',  ( 6.624999999999999112, -2.437348131156654940, 0.3359494813139316527 ) ) ;
#1316 = FACE_OUTER_BOUND ( 'NONE', #3812, .T. ) ;
#1317 = ORIENTED_EDGE ( 'NONE', *, *, #2015, .F. ) ;
#1318 = LINE ( 'NONE', #5076, #585 ) ;
#1319 = DIRECTION ( 'NONE',  ( 0.000000000000000000, 1.000000000000000000, -0.000000000000000000 ) ) ;
#1320 = DIRECTION ( 'NONE',  ( 1.000000000000000000, 0.000000000000000000, 0.000000000000000000 ) ) ;
#1321 = DIRECTION ( 'NONE',  ( 0.000000000000000000, -1.000000000000000000, 1.561055996379578982E-16 ) ) ;
#1322 = CARTESIAN_POINT ( 'NONE',  ( 6.624999999999999112, 0.000000000000000000, 0.000000000000000000 ) ) ;
#1323 = CARTESIAN_POINT ( 'NONE',  ( 6.298721310326151901, -1.684347090460582841, 0.3813362791772005878 ) ) ;
#1324 = ORIENTED_EDGE ( 'NONE', *, *, #842, .F. ) ;
#1325 = CARTESIAN_POINT ( 'NONE',  ( 6.342074128509386455, -0.4048416191836775035, 0.2594126316093716689 ) ) ;
#1326 = CARTESIAN_POINT ( 'NONE',  ( 6.506889763779526881, -2.399999999999999467, 0.000000000000000000 ) ) ;
#1327 = EDGE_LOOP ( 'NONE', ( #2891, #2180 ) ) ;
#1328 = EDGE_CURVE ( 'NONE', #88, #1226, #4950, .T. ) ;
#1329 = EDGE_CURVE ( 'NONE', #3215, #786, #1847, .T. ) ;
#1330 = LINE ( 'NONE', #4589, #4887 ) ;
#1331 = ORIENTED_EDGE ( 'NONE', *, *, #710, .F. ) ;
#1332 = ORIENTED_EDGE ( 'NONE', *, *, #3133, .F. ) ;
#1333 = ORIENTED_EDGE ( 'NONE', *, *, #79, .T. ) ;
#1334 = EDGE_CURVE ( 'NONE', #4316, #2899, #2298, .T. ) ;
#1335 = VECTOR ( 'NONE', #969, 39.37007874015748143 ) ;
#1336 = DIRECTION ( 'NONE',  ( -0.7547095802227704597, 0.000000000000000000, -0.6560590289905090522 ) ) ;
#1337 = DIRECTION ( 'NONE',  ( 1.000000000000000000, -0.000000000000000000, -0.000000000000000000 ) ) ;
#1338 = ORIENTED_EDGE ( 'NONE', *, *, #418, .T. ) ;
#1339 = VECTOR ( 'NONE', #223, 39.37007874015748143 ) ;
#1340 = CARTESIAN_POINT ( 'NONE',  ( 6.125000000000000000, -7.174999999999999822, 0.2499999999999999167 ) ) ;
#1341 = FACE_OUTER_BOUND ( 'NONE', #3306, .T. ) ;
#1342 = CIRCLE ( 'NONE', #4437, 0.4249999999999999334 ) ;
#1343 = DIRECTION ( 'NONE',  ( 0.000000000000000000, 0.000000000000000000, 1.000000000000000000 ) ) ;
#1344 = VECTOR ( 'NONE', #1708, 39.37007874015748143 ) ;
#1345 = EDGE_LOOP ( 'NONE', ( #2392, #3163, #3185, #4735 ) ) ;
#1346 = DIRECTION ( 'NONE',  ( 0.000000000000000000, 0.000000000000000000, -1.000000000000000000 ) ) ;
#1347 = AXIS2_PLACEMENT_3D ( 'NONE', #1473, #3575, #5297 ) ;
#1348 = VECTOR ( 'NONE', #330, 39.37007874015748854 ) ;
#1349 = AXIS2_PLACEMENT_3D ( 'NONE', #2378, #3541, #3576 ) ;
#1350 = CARTESIAN_POINT ( 'NONE',  ( 6.454851963759567823, -4.442913130381112907, 0.5300000000000013589 ) ) ;
#1351 = CARTESIAN_POINT ( 'NONE',  ( 6.125000000000000000, -5.524999999999999467, 2.100000000000000089 ) ) ;
#1352 = DIRECTION ( 'NONE',  ( 0.000000000000000000, 1.000000000000000000, -1.170791997284684730E-16 ) ) ;
#1353 = DIRECTION ( 'NONE',  ( 1.000000000000000000, -0.000000000000000000, -0.000000000000000000 ) ) ;
#1354 = CARTESIAN_POINT ( 'NONE',  ( -8.514999999999998792, -1.722735295240119813, 0.3749999999999999445 ) ) ;
#1355 = CONICAL_SURFACE ( 'NONE', #3912, 0.07950000000000007061, 1.029744258676656754 ) ;
#1356 = ORIENTED_EDGE ( 'NONE', *, *, #4061, .T. ) ;
#1357 = CARTESIAN_POINT ( 'NONE',  ( 6.307745685629983612, -4.440114740013482830, 0.5349932916794132298 ) ) ;
#1358 = VECTOR ( 'NONE', #3852, 39.37007874015748143 ) ;
#1359 = ORIENTED_EDGE ( 'NONE', *, *, #4041, .T. ) ;
#1360 = AXIS2_PLACEMENT_3D ( 'NONE', #1525, #372, #1114 ) ;
#1361 = AXIS2_PLACEMENT_3D ( 'NONE', #4848, #1067, #4412 ) ;
#1362 = DIRECTION ( 'NONE',  ( 0.000000000000000000, 0.000000000000000000, 1.000000000000000000 ) ) ;
#1363 = VERTEX_POINT ( 'NONE', #2273 ) ;
#1364 = LINE ( 'NONE', #178, #5151 ) ;
#1365 = AXIS2_PLACEMENT_3D ( 'NONE', #3311, #5410, #2563 ) ;
#1366 = ORIENTED_EDGE ( 'NONE', *, *, #1504, .T. ) ;
#1367 = EDGE_CURVE ( 'NONE', #2163, #5452, #282, .T. ) ;
#1368 = EDGE_LOOP ( 'NONE', ( #4371, #4899, #1684, #3492 ) ) ;
#1369 = ORIENTED_EDGE ( 'NONE', *, *, #3249, .F. ) ;
#1370 = VECTOR ( 'NONE', #5261, 39.37007874015748143 ) ;
#1371 = LINE ( 'NONE', #74, #1266 ) ;
#1372 = FACE_OUTER_BOUND ( 'NONE', #5335, .T. ) ;
#1373 = ORIENTED_EDGE ( 'NONE', *, *, #3673, .T. ) ;
#1374 = EDGE_CURVE ( 'NONE', #3854, #2899, #2920, .T. ) ;
#1375 = LINE ( 'NONE', #5122, #40 ) ;
#1376 = DIRECTION ( 'NONE',  ( -1.000000000000000000, -0.000000000000000000, -0.000000000000000000 ) ) ;
#1377 = VECTOR ( 'NONE', #2250, 39.37007874015748143 ) ;
#1378 = ORIENTED_EDGE ( 'NONE', *, *, #2192, .T. ) ;
#1379 = DIRECTION ( 'NONE',  ( 0.000000000000000000, -0.7913775161201493935, 0.6113277574096421807 ) ) ;
#1380 = CARTESIAN_POINT ( 'NONE',  ( -8.514999999999998792, -0.4931102362204725087, 0.4931102362204723977 ) ) ;
#1381 = CARTESIAN_POINT ( 'NONE',  ( 6.344766694314632360, -4.600082098393950325, 0.3664675361177742730 ) ) ;
#1382 = CARTESIAN_POINT ( 'NONE',  ( 6.125000000000000000, -4.388095171572808262, 3.280481287348297581 ) ) ;
#1383 = CARTESIAN_POINT ( 'NONE',  ( 6.375000000000000000, -6.799999999999999822, 0.6249999999999992228 ) ) ;
#1384 = EDGE_LOOP ( 'NONE', ( #3722, #946, #1539, #5032 ) ) ;
#1385 = CARTESIAN_POINT ( 'NONE',  ( 6.277423813956783505, -2.710379740625795009, 0.8271031838164467631 ) ) ;
#1386 = PRODUCT_DEFINITION_CONTEXT ( 'detailed design', #1841, 'design' ) ;
#1387 = CARTESIAN_POINT ( 'NONE',  ( 6.375000000000000000, -2.414591607384101390, 0.9985441408460412616 ) ) ;
#1388 = ORIENTED_EDGE ( 'NONE', *, *, #4583, .T. ) ;
#1389 = DIRECTION ( 'NONE',  ( 0.000000000000000000, 0.000000000000000000, 1.000000000000000000 ) ) ;
#1390 = VERTEX_POINT ( 'NONE', #5192 ) ;
#1391 = VERTEX_POINT ( 'NONE', #4423 ) ;
#1392 = LINE ( 'NONE', #604, #5160 ) ;
#1393 = ORIENTED_EDGE ( 'NONE', *, *, #440, .T. ) ;
#1394 = CARTESIAN_POINT ( 'NONE',  ( 6.274499999999999744, -1.499999999999998446, 1.375000000000000000 ) ) ;
#1395 = CARTESIAN_POINT ( 'NONE',  ( 6.374999999999998224, -0.4999999999999984457, 1.750000000000000000 ) ) ;
#1396 = EDGE_CURVE ( 'NONE', #2546, #2422, #809, .T. ) ;
#1397 = ORIENTED_EDGE ( 'NONE', *, *, #4640, .F. ) ;
#1398 = ORIENTED_EDGE ( 'NONE', *, *, #4886, .F. ) ;
#1399 = DIRECTION ( 'NONE',  ( 0.000000000000000000, -0.9994107467479924622, 0.03432432496962137258 ) ) ;
#1400 = DIRECTION ( 'NONE',  ( 1.000000000000000000, -0.000000000000000000, -0.000000000000000000 ) ) ;
#1401 = DIRECTION ( 'NONE',  ( -1.000000000000000000, 0.000000000000000000, 0.000000000000000000 ) ) ;
#1402 = FACE_BOUND ( 'NONE', #3003, .T. ) ;
#1403 = EDGE_CURVE ( 'NONE', #413, #3934, #3454, .T. ) ;
#1404 = EDGE_CURVE ( 'NONE', #5391, #4859, #3490, .T. ) ;
#1405 = ORIENTED_EDGE ( 'NONE', *, *, #2162, .T. ) ;
#1406 = CARTESIAN_POINT ( 'NONE',  ( 6.125000000000000000, -1.733568741478170416, 0.7015655560540113855 ) ) ;
#1407 = CARTESIAN_POINT ( 'NONE',  ( 6.499999999999999112, -6.200984252499999627, 0.1865157474999995513 ) ) ;
#1408 = CARTESIAN_POINT ( 'NONE',  ( 6.404848209096566158, -4.600199680058952190, 0.3663956097865043171 ) ) ;
#1409 = CARTESIAN_POINT ( 'NONE',  ( 6.624999999999999112, -4.042613218174444079, 1.144878001379056265 ) ) ;
#1410 = EDGE_LOOP ( 'NONE', ( #3416, #3420 ) ) ;
#1411 = CARTESIAN_POINT ( 'NONE',  ( 6.624999999999999112, -6.200984252499999627, 0.3115157474999999954 ) ) ;
#1412 = VERTEX_POINT ( 'NONE', #3536 ) ;
#1413 = EDGE_CURVE ( 'NONE', #1475, #4233, #2136, .T. ) ;
#1414 = CYLINDRICAL_SURFACE ( 'NONE', #3378, 0.4499999999999999556 ) ;
#1415 = ORIENTED_EDGE ( 'NONE', *, *, #456, .T. ) ;
#1416 = DIRECTION ( 'NONE',  ( 0.000000000000000000, 0.000000000000000000, -1.000000000000000000 ) ) ;
#1417 = ORIENTED_EDGE ( 'NONE', *, *, #4055, .T. ) ;
#1418 = DIRECTION ( 'NONE',  ( 1.000000000000000000, -0.000000000000000000, -0.000000000000000000 ) ) ;
#1419 = LINE ( 'NONE', #5231, #2235 ) ;
#1420 = ORIENTED_EDGE ( 'NONE', *, *, #3190, .T. ) ;
#1421 = VERTEX_POINT ( 'NONE', #200 ) ;
#1422 = CARTESIAN_POINT ( 'NONE',  ( -8.514999999999998792, -0.7836045165149219116, 0.5217923160565421936 ) ) ;
#1423 = DIRECTION ( 'NONE',  ( 0.000000000000000000, 0.000000000000000000, 1.000000000000000000 ) ) ;
#1424 = DIRECTION ( 'NONE',  ( 0.000000000000000000, 0.000000000000000000, 1.000000000000000000 ) ) ;
#1425 = FACE_BOUND ( 'NONE', #4747, .T. ) ;
#1426 = ORIENTED_EDGE ( 'NONE', *, *, #4139, .F. ) ;
#1427 = VECTOR ( 'NONE', #2246, 39.37007874015748854 ) ;
#1428 = ADVANCED_FACE ( 'NONE', ( #2737 ), #1872, .F. ) ;
#1429 = CARTESIAN_POINT ( 'NONE',  ( 6.274499999999999744, -1.749999999999998446, -4.892463962593665846E-17 ) ) ;
#1430 = AXIS2_PLACEMENT_3D ( 'NONE', #4390, #2343, #3916 ) ;
#1431 = DIRECTION ( 'NONE',  ( 1.000000000000000000, -0.000000000000000000, -0.000000000000000000 ) ) ;
#1432 = DIRECTION ( 'NONE',  ( -1.000000000000000000, -0.000000000000000000, -0.000000000000000000 ) ) ;
#1433 = CARTESIAN_POINT ( 'NONE',  ( 6.375000000000000000, -6.799999999999999822, 0.6249999999999992228 ) ) ;
#1434 = ORIENTED_EDGE ( 'NONE', *, *, #1840, .F. ) ;
#1435 = DIRECTION ( 'NONE',  ( -1.000000000000000000, 0.000000000000000000, 0.000000000000000000 ) ) ;
#1436 = VECTOR ( 'NONE', #3896, 39.37007874015748143 ) ;
#1437 = AXIS2_PLACEMENT_3D ( 'NONE', #2788, #2754, #1860 ) ;
#1438 = VECTOR ( 'NONE', #1786, 39.37007874015748143 ) ;
#1439 = EDGE_CURVE ( 'NONE', #1255, #5294, #5168, .T. ) ;
#1440 = DIRECTION ( 'NONE',  ( -0.000000000000000000, -0.000000000000000000, 1.000000000000000000 ) ) ;
#1441 = ORIENTED_EDGE ( 'NONE', *, *, #3359, .F. ) ;
#1442 = VECTOR ( 'NONE', #494, 39.37007874015748854 ) ;
#1443 = DIRECTION ( 'NONE',  ( 0.000000000000000000, -1.224646799147352961E-16, 1.000000000000000000 ) ) ;
#1444 = CIRCLE ( 'NONE', #2848, 0.1004999999999985627 ) ;
#1445 = VERTEX_POINT ( 'NONE', #1053 ) ;
#1446 = EDGE_CURVE ( 'NONE', #1226, #1445, #4753, .T. ) ;
#1447 = AXIS2_PLACEMENT_3D ( 'NONE', #2622, #2158, #3399 ) ;
#1448 = VECTOR ( 'NONE', #522, 39.37007874015748143 ) ;
#1449 = DIRECTION ( 'NONE',  ( 1.000000000000000000, -0.000000000000000000, -0.000000000000000000 ) ) ;
#1450 = EDGE_LOOP ( 'NONE', ( #1555, #4728, #5372, #2803 ) ) ;
#1451 = DIRECTION ( 'NONE',  ( 1.000000000000000000, -0.000000000000000000, -0.000000000000000000 ) ) ;
#1452 = CARTESIAN_POINT ( 'NONE',  ( 6.624999999999999112, -6.066141731220471733, 1.010826773779527565 ) ) ;
#1453 = VERTEX_POINT ( 'NONE', #2432 ) ;
#1454 = CARTESIAN_POINT ( 'NONE',  ( 6.375000000000000000, -2.710379740625795009, 0.8271031838164467631 ) ) ;
#1455 = CARTESIAN_POINT ( 'NONE',  ( 6.624999999999999112, -5.299999999999999822, 1.750000000000000000 ) ) ;
#1456 = CARTESIAN_POINT ( 'NONE',  ( -8.514999999999998792, -0.6690297976789886247, 0.4931102362204723977 ) ) ;
#1457 = DIRECTION ( 'NONE',  ( -0.000000000000000000, -0.000000000000000000, 1.000000000000000000 ) ) ;
#1458 = VERTEX_POINT ( 'NONE', #2796 ) ;
#1459 = LINE ( 'NONE', #4829, #1279 ) ;
#1460 = VECTOR ( 'NONE', #805, 39.37007874015748143 ) ;
#1461 = EDGE_CURVE ( 'NONE', #1140, #937, #903, .T. ) ;
#1462 = DIRECTION ( 'NONE',  ( 1.000000000000000000, -0.000000000000000000, -0.000000000000000000 ) ) ;
#1463 = AXIS2_PLACEMENT_3D ( 'NONE', #598, #3051, #3573 ) ;
#1464 = FACE_OUTER_BOUND ( 'NONE', #1221, .T. ) ;
#1465 = CARTESIAN_POINT ( 'NONE',  ( 6.277038430423813153, -4.480785168397757978, 0.4729116714274129718 ) ) ;
#1466 = DIRECTION ( 'NONE',  ( -1.000000000000000000, 0.000000000000000000, 0.000000000000000000 ) ) ;
#1467 = ORIENTED_EDGE ( 'NONE', *, *, #820, .F. ) ;
#1468 = CARTESIAN_POINT ( 'NONE',  ( 6.475499999999999368, -1.499999999999998446, 1.750000000000000000 ) ) ;
#1469 = EDGE_CURVE ( 'NONE', #1412, #2166, #728, .T. ) ;
#1470 = AXIS2_PLACEMENT_3D ( 'NONE', #4573, #463, #2640 ) ;
#1471 = CARTESIAN_POINT ( 'NONE',  ( 6.375000000000000000, -4.503937009999998686, 1.219999999999999751 ) ) ;
#1472 = VERTEX_POINT ( 'NONE', #5295 ) ;
#1473 = CARTESIAN_POINT ( 'NONE',  ( 6.624999999999999112, -4.067521641679253896, 0.3605720252464228448 ) ) ;
#1474 = ORIENTED_EDGE ( 'NONE', *, *, #2379, .F. ) ;
#1475 = VERTEX_POINT ( 'NONE', #3184 ) ;
#1476 = DIRECTION ( 'NONE',  ( 0.000000000000000000, 0.000000000000000000, 1.000000000000000000 ) ) ;
#1477 = DIRECTION ( 'NONE',  ( -0.000000000000000000, -0.000000000000000000, 1.000000000000000000 ) ) ;
#1478 = VERTEX_POINT ( 'NONE', #752 ) ;
#1479 = ORIENTED_EDGE ( 'NONE', *, *, #2539, .F. ) ;
#1480 = CARTESIAN_POINT ( 'NONE',  ( 6.624999999999999112, -1.360119715829633646, 1.016983612154008121 ) ) ;
#1481 = CARTESIAN_POINT ( 'NONE',  ( 6.624999999999999112, -4.042613218174444079, 1.085822883268820149 ) ) ;
#1482 = EDGE_CURVE ( 'NONE', #4087, #3058, #3893, .T. ) ;
#1483 = CARTESIAN_POINT ( 'NONE',  ( 6.624999999999999112, -1.990779663567565638, 1.049503685194445257 ) ) ;
#1484 = DIRECTION ( 'NONE',  ( 0.000000000000000000, 1.000000000000000000, 9.313118160219072879E-17 ) ) ;
#1485 = VERTEX_POINT ( 'NONE', #4060 ) ;
#1486 = ORIENTED_EDGE ( 'NONE', *, *, #2192, .F. ) ;
#1487 = CARTESIAN_POINT ( 'NONE',  ( 6.624999999999999112, -4.031889763779526348, -0.1249999999999997918 ) ) ;
#1488 = DIRECTION ( 'NONE',  ( 0.000000000000000000, 0.000000000000000000, 1.000000000000000000 ) ) ;
#1489 = LINE ( 'NONE', #4884, #287 ) ;
#1490 = CARTESIAN_POINT ( 'NONE',  ( 6.375000000000000000, -2.574015011687791787, 0.2744591139550258130 ) ) ;
#1491 = ORIENTED_EDGE ( 'NONE', *, *, #501, .F. ) ;
#1492 = CYLINDRICAL_SURFACE ( 'NONE', #1949, 0.1004999999999996452 ) ;
#1493 = EDGE_CURVE ( 'NONE', #4918, #5448, #338, .T. ) ;
#1494 = VERTEX_POINT ( 'NONE', #700 ) ;
#1495 = DIRECTION ( 'NONE',  ( -1.000000000000000000, 0.000000000000000000, 0.000000000000000000 ) ) ;
#1496 = LINE ( 'NONE', #1083, #2499 ) ;
#1497 = ORIENTED_EDGE ( 'NONE', *, *, #2916, .F. ) ;
#1498 = EDGE_CURVE ( 'NONE', #3430, #2888, #2837, .T. ) ;
#1499 = EDGE_CURVE ( 'NONE', #3685, #3988, #3672, .T. ) ;
#1500 = ORIENTED_EDGE ( 'NONE', *, *, #1138, .F. ) ;
#1501 = FACE_OUTER_BOUND ( 'NONE', #2590, .T. ) ;
#1502 = EDGE_LOOP ( 'NONE', ( #3763, #5364 ) ) ;
#1503 = VERTEX_POINT ( 'NONE', #1588 ) ;
#1504 = EDGE_CURVE ( 'NONE', #2824, #4459, #3231, .T. ) ;
#1505 = CARTESIAN_POINT ( 'NONE',  ( 6.125000000000000000, -0.3750000000000001110, 0.4931102362204725087 ) ) ;
#1506 = CARTESIAN_POINT ( 'NONE',  ( 6.375000000000000000, -4.180230241389087276, 1.006072738951699241 ) ) ;
#1507 = ORIENTED_EDGE ( 'NONE', *, *, #3548, .T. ) ;
#1508 = EDGE_CURVE ( 'NONE', #2937, #158, #1185, .T. ) ;
#1509 = DIRECTION ( 'NONE',  ( -1.000000000000000000, 0.000000000000000000, 0.000000000000000000 ) ) ;
#1510 = DIRECTION ( 'NONE',  ( 0.000000000000000000, 1.000000000000000000, -4.268512490100410416E-16 ) ) ;
#1511 = VECTOR ( 'NONE', #3279, 39.37007874015748143 ) ;
#1512 = DIRECTION ( 'NONE',  ( 0.000000000000000000, 0.000000000000000000, -1.000000000000000000 ) ) ;
#1513 = VECTOR ( 'NONE', #3485, 39.37007874015748143 ) ;
#1514 = ORIENTED_EDGE ( 'NONE', *, *, #674, .F. ) ;
#1515 = CARTESIAN_POINT ( 'NONE',  ( 6.375000000000000000, -3.987771497362133655, 0.3229550020317796255 ) ) ;
#1516 = CARTESIAN_POINT ( 'NONE',  ( 6.624999999999999112, -2.488443560568032176, 0.3063392792159908562 ) ) ;
#1517 = ADVANCED_FACE ( 'NONE', ( #776 ), #1492, .F. ) ;
#1518 = AXIS2_PLACEMENT_3D ( 'NONE', #3174, #611, #166 ) ;
#1519 = AXIS2_PLACEMENT_3D ( 'NONE', #992, #3835, #3923 ) ;
#1520 = CIRCLE ( 'NONE', #652, 0.1181102362204724116 ) ;
#1521 = ORIENTED_EDGE ( 'NONE', *, *, #4352, .F. ) ;
#1522 = CIRCLE ( 'NONE', #4704, 0.1004999999999996452 ) ;
#1523 = AXIS2_PLACEMENT_3D ( 'NONE', #1506, #3091, #4361 ) ;
#1524 = CIRCLE ( 'NONE', #3733, 0.1000000000000000194 ) ;
#1525 = CARTESIAN_POINT ( 'NONE',  ( 6.125000000000000000, -1.722735295240119813, 0.4931102362204723977 ) ) ;
#1526 = ORIENTED_EDGE ( 'NONE', *, *, #1910, .F. ) ;
#1527 = EDGE_CURVE ( 'NONE', #4584, #3747, #4778, .T. ) ;
#1528 = FACE_OUTER_BOUND ( 'NONE', #1240, .T. ) ;
#1529 = AXIS2_PLACEMENT_3D ( 'NONE', #1039, #1854, #4350 ) ;
#1530 = EDGE_LOOP ( 'NONE', ( #1599, #4635, #5369, #4391 ) ) ;
#1531 = ADVANCED_FACE ( 'NONE', ( #1108, #4141, #1078, #5358 ), #1131, .T. ) ;
#1532 = AXIS2_PLACEMENT_3D ( 'NONE', #2812, #4137, #1568 ) ;
#1533 = LINE ( 'NONE', #265, #3402 ) ;
#1534 = DIRECTION ( 'NONE',  ( 1.000000000000000000, -0.000000000000000000, -0.000000000000000000 ) ) ;
#1535 = VECTOR ( 'NONE', #2457, 39.37007874015748143 ) ;
#1536 = CIRCLE ( 'NONE', #4628, 0.1181102362204725503 ) ;
#1537 = DIRECTION ( 'NONE',  ( 0.000000000000000000, -0.000000000000000000, -1.000000000000000000 ) ) ;
#1538 = DIRECTION ( 'NONE',  ( 0.000000000000000000, 0.000000000000000000, -1.000000000000000000 ) ) ;
#1539 = ORIENTED_EDGE ( 'NONE', *, *, #3990, .F. ) ;
#1540 = AXIS2_PLACEMENT_3D ( 'NONE', #1120, #1534, #267 ) ;
#1541 = DIRECTION ( 'NONE',  ( 1.000000000000000000, 0.000000000000000000, 0.000000000000000000 ) ) ;
#1542 = ORIENTED_EDGE ( 'NONE', *, *, #1603, .F. ) ;
#1543 = CARTESIAN_POINT ( 'NONE',  ( 6.400793128552719757, -0.4026482448896742672, 0.4171455223287416358 ) ) ;
#1544 = CYLINDRICAL_SURFACE ( 'NONE', #383, 0.1181102362204725503 ) ;
#1545 = AXIS2_PLACEMENT_3D ( 'NONE', #2668, #4049, #1043 ) ;
#1546 = ORIENTED_EDGE ( 'NONE', *, *, #5118, .F. ) ;
#1547 = CARTESIAN_POINT ( 'NONE',  ( 4.433018566799289850, -3.987771497362133655, 0.3229550020317796255 ) ) ;
#1548 = EDGE_CURVE ( 'NONE', #2382, #4356, #310, .T. ) ;
#1549 = CARTESIAN_POINT ( 'NONE',  ( 6.351097301221670044, -0.4023339562367617694, 1.547821127676225039 ) ) ;
#1550 = ORIENTED_EDGE ( 'NONE', *, *, #34, .F. ) ;
#1551 = FACE_OUTER_BOUND ( 'NONE', #4476, .T. ) ;
#1552 = DIRECTION ( 'NONE',  ( 0.000000000000000000, 0.000000000000000000, 1.000000000000000000 ) ) ;
#1553 = AXIS2_PLACEMENT_3D ( 'NONE', #3537, #235, #5170 ) ;
#1554 = LINE ( 'NONE', #2874, #2059 ) ;
#1555 = ORIENTED_EDGE ( 'NONE', *, *, #3190, .F. ) ;
#1556 = CARTESIAN_POINT ( 'NONE',  ( 4.433018566799289850, -4.093708647585820870, 1.056212681170878964 ) ) ;
#1557 = ORIENTED_EDGE ( 'NONE', *, *, #1508, .T. ) ;
#1558 = EDGE_CURVE ( 'NONE', #443, #3375, #2036, .T. ) ;
#1559 = EDGE_LOOP ( 'NONE', ( #5089, #92, #4185, #5392 ) ) ;
#1560 = LINE ( 'NONE', #3662, #4804 ) ;
#1561 = APPLICATION_CONTEXT ( 'automotive_design' ) ;
#1562 = EDGE_CURVE ( 'NONE', #2477, #1231, #4889, .T. ) ;
#1563 = FACE_OUTER_BOUND ( 'NONE', #301, .T. ) ;
#1564 = DIRECTION ( 'NONE',  ( 0.000000000000000000, -1.000000000000000000, 0.000000000000000000 ) ) ;
#1565 = ORIENTED_EDGE ( 'NONE', *, *, #3370, .F. ) ;
#1566 = FACE_OUTER_BOUND ( 'NONE', #4263, .T. ) ;
#1567 = EDGE_CURVE ( 'NONE', #3747, #1094, #4529, .T. ) ;
#1568 = DIRECTION ( 'NONE',  ( -1.000000000000000000, 0.000000000000000000, 0.000000000000000000 ) ) ;
#1569 = CARTESIAN_POINT ( 'NONE',  ( 6.125000000000000000, -5.299999999999999822, 2.100000000000000089 ) ) ;
#1570 = EDGE_LOOP ( 'NONE', ( #1356, #3791 ) ) ;
#1571 = CARTESIAN_POINT ( 'NONE',  ( 6.125000000000000000, -5.524999999999999467, 2.100000000000000089 ) ) ;
#1572 = CARTESIAN_POINT ( 'NONE',  ( 6.339037918526361892, -0.4061544953955883996, 1.506994894448835609 ) ) ;
#1573 = LINE ( 'NONE', #2434, #1090 ) ;
#1574 = LINE ( 'NONE', #1674, #5052 ) ;
#1575 = CARTESIAN_POINT ( 'NONE',  ( 6.274499999999998856, -0.4999999999999984457, 0.3749999999999999445 ) ) ;
#1576 = EDGE_CURVE ( 'NONE', #1453, #5124, #3802, .T. ) ;
#1577 = CARTESIAN_POINT ( 'NONE',  ( 6.125591152571694842, -5.404277297002916924, 1.900467472669670865 ) ) ;
#1578 = EDGE_LOOP ( 'NONE', ( #2236, #2507, #1820, #73 ) ) ;
#1579 = CARTESIAN_POINT ( 'NONE',  ( 6.624999999999999112, -2.181024368783034184, 0.9600879539561938403 ) ) ;
#1580 = ORIENTED_EDGE ( 'NONE', *, *, #3949, .F. ) ;
#1581 = DIRECTION ( 'NONE',  ( 0.000000000000000000, 0.000000000000000000, 1.000000000000000000 ) ) ;
#1582 = DIRECTION ( 'NONE',  ( 0.000000000000000000, 0.000000000000000000, -1.000000000000000000 ) ) ;
#1583 = CARTESIAN_POINT ( 'NONE',  ( 6.375000000000000000, -3.270677038116681423, 0.4131694692302065874 ) ) ;
#1584 = ORIENTED_EDGE ( 'NONE', *, *, #1562, .F. ) ;
#1585 = DIRECTION ( 'NONE',  ( -1.000000000000000000, 0.000000000000000000, 0.000000000000000000 ) ) ;
#1586 = CARTESIAN_POINT ( 'NONE',  ( 6.375000000000000000, -4.503937009999998686, 1.219999999999999751 ) ) ;
#1587 = ORIENTED_EDGE ( 'NONE', *, *, #3754, .F. ) ;
#1588 = CARTESIAN_POINT ( 'NONE',  ( 6.125000000000000000, 0.5000000000000000000, 0.5931102362204722089 ) ) ;
#1589 = EDGE_CURVE ( 'NONE', #5171, #4734, #1929, .T. ) ;
#1590 = FACE_OUTER_BOUND ( 'NONE', #3918, .T. ) ;
#1591 = AXIS2_PLACEMENT_3D ( 'NONE', #1651, #1157, #4941 ) ;
#1592 = DIRECTION ( 'NONE',  ( 0.000000000000000000, 1.224646799147353207E-16, -1.000000000000000000 ) ) ;
#1593 = CARTESIAN_POINT ( 'NONE',  ( 6.375000000000000000, 0.5000000000000000000, 0.2374999999999998501 ) ) ;
#1594 = CARTESIAN_POINT ( 'NONE',  ( 4.433018566799289850, -2.450767612028188491, 0.3895218560300733879 ) ) ;
#1595 = EDGE_CURVE ( 'NONE', #5124, #2316, #1767, .T. ) ;
#1596 = VECTOR ( 'NONE', #3611, 39.37007874015748143 ) ;
#1597 = EDGE_LOOP ( 'NONE', ( #5344, #5003 ) ) ;
#1598 = CARTESIAN_POINT ( 'NONE',  ( 4.433018566799289850, -2.537323266877324013, 0.2731989520279352601 ) ) ;
#1599 = ORIENTED_EDGE ( 'NONE', *, *, #2475, .F. ) ;
#1600 = AXIS2_PLACEMENT_3D ( 'NONE', #308, #2835, #2454 ) ;
#1601 = AXIS2_PLACEMENT_3D ( 'NONE', #190, #636, #2673 ) ;
#1602 = CARTESIAN_POINT ( 'NONE',  ( 6.375000000000000000, -0.3799999999999998934, 1.432999999999999607 ) ) ;
#1603 = EDGE_CURVE ( 'NONE', #4956, #3788, #3985, .T. ) ;
#1604 = ORIENTED_EDGE ( 'NONE', *, *, #233, .T. ) ;
#1605 = EDGE_LOOP ( 'NONE', ( #2789, #3079, #280, #3346 ) ) ;
#1606 = AXIS2_PLACEMENT_3D ( 'NONE', #2071, #1626, #314 ) ;
#1607 = CONICAL_SURFACE ( 'NONE', #3996, 0.2655000000000002358, 0.7155849933176774424 ) ;
#1608 = AXIS2_PLACEMENT_3D ( 'NONE', #2116, #3795, #2557 ) ;
#1609 = LINE ( 'NONE', #4024, #2966 ) ;
#1610 = DIRECTION ( 'NONE',  ( 0.000000000000000000, -4.370956789862820518E-14, 1.000000000000000000 ) ) ;
#1611 = AXIS2_PLACEMENT_3D ( 'NONE', #1966, #4467, #4101 ) ;
#1612 = DIRECTION ( 'NONE',  ( 0.000000000000000000, 0.000000000000000000, -1.000000000000000000 ) ) ;
#1613 = VECTOR ( 'NONE', #3009, 39.37007874015748143 ) ;
#1614 = ORIENTED_EDGE ( 'NONE', *, *, #1866, .T. ) ;
#1615 = VECTOR ( 'NONE', #1242, 39.37007874015748143 ) ;
#1616 = PLANE ( 'NONE',  #2349 ) ;
#1617 = VERTEX_POINT ( 'NONE', #1575 ) ;
#1618 = CARTESIAN_POINT ( 'NONE',  ( 6.406838714430639570, -0.4044784064728753070, 0.4149708553749046347 ) ) ;
#1619 = AXIS2_PLACEMENT_3D ( 'NONE', #2462, #4125, #5365 ) ;
#1620 = CARTESIAN_POINT ( 'NONE',  ( 6.404904401831206684, -0.4040018085751637678, 1.538903681015652003 ) ) ;
#1621 = ORIENTED_EDGE ( 'NONE', *, *, #1367, .T. ) ;
#1622 = DIRECTION ( 'NONE',  ( 0.000000000000000000, 5.782411586589358625E-16, 1.000000000000000000 ) ) ;
#1623 = EDGE_CURVE ( 'NONE', #1421, #1475, #2923, .T. ) ;
#1624 = CARTESIAN_POINT ( 'NONE',  ( 6.499999999999999112, -5.966584252499999685, 1.439812010000000031 ) ) ;
#1625 = CARTESIAN_POINT ( 'NONE',  ( 6.125000000000000000, -7.174999999999999822, -0.1250000000000001110 ) ) ;
#1626 = DIRECTION ( 'NONE',  ( 1.000000000000000000, 0.000000000000000000, 0.000000000000000000 ) ) ;
#1627 = CYLINDRICAL_SURFACE ( 'NONE', #1591, 0.1004999999999985627 ) ;
#1628 = ADVANCED_FACE ( 'NONE', ( #2871 ), #1627, .F. ) ;
#1629 = CIRCLE ( 'NONE', #3055, 0.07950000000000007061 ) ;
#1630 = ORIENTED_EDGE ( 'NONE', *, *, #1832, .T. ) ;
#1631 = DIRECTION ( 'NONE',  ( 0.000000000000000000, 0.000000000000000000, 1.000000000000000000 ) ) ;
#1632 = VERTEX_POINT ( 'NONE', #4204 ) ;
#1633 = AXIS2_PLACEMENT_3D ( 'NONE', #1103, #272, #3636 ) ;
#1634 = CARTESIAN_POINT ( 'NONE',  ( 6.125000000000000000, -0.6690297976789884027, 0.3749999999999999445 ) ) ;
#1635 = ORIENTED_EDGE ( 'NONE', *, *, #339, .F. ) ;
#1636 = CARTESIAN_POINT ( 'NONE',  ( 6.398873054194282872, -0.4023254974659369321, 0.2021324126260268250 ) ) ;
#1637 = EDGE_CURVE ( 'NONE', #1058, #4078, #399, .T. ) ;
#1638 = DIRECTION ( 'NONE',  ( -1.000000000000000000, 0.000000000000000000, 0.000000000000000000 ) ) ;
#1639 = DIRECTION ( 'NONE',  ( 1.000000000000000000, -0.000000000000000000, -0.000000000000000000 ) ) ;
#1640 = ORIENTED_EDGE ( 'NONE', *, *, #1124, .F. ) ;
#1641 = DIRECTION ( 'NONE',  ( -1.000000000000000000, 0.000000000000000000, 0.000000000000000000 ) ) ;
#1642 = EDGE_CURVE ( 'NONE', #5448, #5121, #5362, .T. ) ;
#1643 = ORIENTED_EDGE ( 'NONE', *, *, #1690, .T. ) ;
#1644 = CARTESIAN_POINT ( 'NONE',  ( 6.282068434093187825, -0.4612170331993160621, 0.3792297141377621861 ) ) ;
#1645 = CARTESIAN_POINT ( 'NONE',  ( 6.395091999502341196, -0.4014197460655059557, 1.473161187818374351 ) ) ;
#1646 = ORIENTED_EDGE ( 'NONE', *, *, #2903, .F. ) ;
#1647 = DIRECTION ( 'NONE',  ( 0.000000000000000000, 0.000000000000000000, 1.000000000000000000 ) ) ;
#1648 = FACE_BOUND ( 'NONE', #1241, .T. ) ;
#1649 = CARTESIAN_POINT ( 'NONE',  ( 6.375000000000000000, -1.749999999999998446, -4.892463962593665846E-17 ) ) ;
#1650 = FACE_OUTER_BOUND ( 'NONE', #2299, .T. ) ;
#1651 = CARTESIAN_POINT ( 'NONE',  ( 6.375000000000000000, -4.503937009999998686, 1.750000000000000000 ) ) ;
#1652 = ORIENTED_EDGE ( 'NONE', *, *, #461, .T. ) ;
#1653 = CARTESIAN_POINT ( 'NONE',  ( 6.364134723180344899, -0.3999818225310474706, 0.1922382449856389341 ) ) ;
#1654 = EDGE_CURVE ( 'NONE', #25, #1284, #4972, .T. ) ;
#1655 = ORIENTED_EDGE ( 'NONE', *, *, #1866, .F. ) ;
#1656 = DIRECTION ( 'NONE',  ( 0.000000000000000000, 0.000000000000000000, -1.000000000000000000 ) ) ;
#1657 = VERTEX_POINT ( 'NONE', #4172 ) ;
#1658 = CYLINDRICAL_SURFACE ( 'NONE', #3040, 0.2344000000000001083 ) ;
#1659 = ORIENTED_EDGE ( 'NONE', *, *, #932, .F. ) ;
#1660 = ORIENTED_EDGE ( 'NONE', *, *, #4978, .T. ) ;
#1661 = EDGE_CURVE ( 'NONE', #5017, #4930, #2072, .T. ) ;
#1662 = CYLINDRICAL_SURFACE ( 'NONE', #1988, 0.3750000000000001110 ) ;
#1663 = CARTESIAN_POINT ( 'NONE',  ( -8.514999999999998792, -0.3750000000000000555, -2.561107494060247075E-17 ) ) ;
#1664 = CARTESIAN_POINT ( 'NONE',  ( 6.624999999999999112, 2.652276394531333236E-16, 0.4749999999999997002 ) ) ;
#1665 = ORIENTED_EDGE ( 'NONE', *, *, #5406, .T. ) ;
#1666 = EDGE_CURVE ( 'NONE', #503, #1632, #756, .T. ) ;
#1667 = CARTESIAN_POINT ( 'NONE',  ( 4.433018566799289850, -2.488443560568032176, 0.3063392792159908562 ) ) ;
#1668 = DIRECTION ( 'NONE',  ( -1.000000000000000000, 0.000000000000000000, 0.000000000000000000 ) ) ;
#1669 = CARTESIAN_POINT ( 'NONE',  ( 6.398910267471469737, -0.4023361627051006417, 1.547808754460112901 ) ) ;
#1670 = VERTEX_POINT ( 'NONE', #5337 ) ;
#1671 = DIRECTION ( 'NONE',  ( 0.000000000000000000, 0.03432432496962139340, 0.9994107467479923512 ) ) ;
#1672 = CARTESIAN_POINT ( 'NONE',  ( 6.624999999999999112, -2.000000000000000444, 1.749999999999999556 ) ) ;
#1673 = DIRECTION ( 'NONE',  ( -0.000000000000000000, -0.000000000000000000, 1.000000000000000000 ) ) ;
#1674 = CARTESIAN_POINT ( 'NONE',  ( 6.125000000000000000, -3.810379740625795542, 0.5993822026927608793 ) ) ;
#1675 = DIRECTION ( 'NONE',  ( -1.000000000000000000, 0.000000000000000000, 0.000000000000000000 ) ) ;
#1676 = ORIENTED_EDGE ( 'NONE', *, *, #1328, .T. ) ;
#1677 = CARTESIAN_POINT ( 'NONE',  ( 6.339020565635133941, -0.4061611463397119537, 0.2483223787777750491 ) ) ;
#1678 = ORIENTED_EDGE ( 'NONE', *, *, #2239, .T. ) ;
#1679 = EDGE_CURVE ( 'NONE', #2629, #3872, #2224, .T. ) ;
#1680 = ORIENTED_EDGE ( 'NONE', *, *, #2388, .T. ) ;
#1681 = DIRECTION ( 'NONE',  ( 0.000000000000000000, 0.000000000000000000, -1.000000000000000000 ) ) ;
#1682 = AXIS2_PLACEMENT_3D ( 'NONE', #4482, #4119, #677 ) ;
#1683 = ORIENTED_EDGE ( 'NONE', *, *, #2757, .T. ) ;
#1684 = ORIENTED_EDGE ( 'NONE', *, *, #2489, .F. ) ;
#1685 = CARTESIAN_POINT ( 'NONE',  ( 6.375000000000000000, -4.503937009999998686, 0.5300000000000001377 ) ) ;
#1686 = AXIS2_PLACEMENT_3D ( 'NONE', #1569, #336, #2813 ) ;
#1687 = CIRCLE ( 'NONE', #3550, 0.05905511811023627516 ) ;
#1688 = ADVANCED_FACE ( 'NONE', ( #3237 ), #3809, .F. ) ;
#1689 = LINE ( 'NONE', #411, #4791 ) ;
#1690 = EDGE_CURVE ( 'NONE', #1788, #549, #4256, .T. ) ;
#1691 = VECTOR ( 'NONE', #246, 39.37007874015748143 ) ;
#1692 = CIRCLE ( 'NONE', #1523, 0.1000000000000000194 ) ;
#1693 = ORIENTED_EDGE ( 'NONE', *, *, #1167, .F. ) ;
#1694 = VECTOR ( 'NONE', #4385, 39.37007874015748143 ) ;
#1695 = CIRCLE ( 'NONE', #2768, 0.1329999999999999238 ) ;
#1696 = CARTESIAN_POINT ( 'NONE',  ( -8.514999999999998792, -2.062983729403350175, 1.074144136046395914 ) ) ;
#1697 = CARTESIAN_POINT ( 'NONE',  ( 6.624999999999999112, -1.195882546459554163, 0.6250000000000000000 ) ) ;
#1698 = EDGE_CURVE ( 'NONE', #3160, #1968, #3678, .T. ) ;
#1699 = EDGE_LOOP ( 'NONE', ( #2619, #3142, #453, #2372 ) ) ;
#1700 = VECTOR ( 'NONE', #4262, 39.37007874015748143 ) ;
#1701 = CIRCLE ( 'NONE', #4359, 0.1004999999999996452 ) ;
#1702 = CYLINDRICAL_SURFACE ( 'NONE', #3821, 0.1181102362204724116 ) ;
#1703 = DIRECTION ( 'NONE',  ( -1.000000000000000000, 0.000000000000000000, 0.000000000000000000 ) ) ;
#1704 = VECTOR ( 'NONE', #4394, 39.37007874015748143 ) ;
#1705 = CARTESIAN_POINT ( 'NONE',  ( 6.465875695205345330, -4.547304964130644223, 0.4042968090646169577 ) ) ;
#1706 = LINE ( 'NONE', #1382, #990 ) ;
#1707 = VECTOR ( 'NONE', #3663, 39.37007874015748143 ) ;
#1708 = DIRECTION ( 'NONE',  ( 0.000000000000000000, -1.224646799147352961E-16, 1.000000000000000000 ) ) ;
#1709 = ORIENTED_EDGE ( 'NONE', *, *, #4126, .F. ) ;
#1710 = PLANE ( 'NONE',  #3076 ) ;
#1711 = ORIENTED_EDGE ( 'NONE', *, *, #4404, .F. ) ;
#1712 = CARTESIAN_POINT ( 'NONE',  ( 6.125000000000000000, -5.299999999999999822, 1.128937010000000019 ) ) ;
#1713 = ORIENTED_EDGE ( 'NONE', *, *, #4208, .T. ) ;
#1714 = AXIS2_PLACEMENT_3D ( 'NONE', #1048, #5125, #1346 ) ;
#1715 = LINE ( 'NONE', #2995, #1700 ) ;
#1716 = VECTOR ( 'NONE', #3770, 39.37007874015748854 ) ;
#1717 = ORIENTED_EDGE ( 'NONE', *, *, #4716, .F. ) ;
#1718 = FACE_OUTER_BOUND ( 'NONE', #1746, .T. ) ;
#1719 = AXIS2_PLACEMENT_3D ( 'NONE', #386, #1147, #1980 ) ;
#1720 = CARTESIAN_POINT ( 'NONE',  ( 6.624999999999999112, -1.195882546459554163, 0.4687500000000002776 ) ) ;
#1721 = ORIENTED_EDGE ( 'NONE', *, *, #1527, .T. ) ;
#1722 = EDGE_CURVE ( 'NONE', #2080, #4584, #1211, .T. ) ;
#1723 = AXIS2_PLACEMENT_3D ( 'NONE', #1340, #1257, #4742 ) ;
#1724 = LINE ( 'NONE', #1696, #1358 ) ;
#1725 = DIRECTION ( 'NONE',  ( 1.000000000000000000, 0.000000000000000000, 0.000000000000000000 ) ) ;
#1726 = CARTESIAN_POINT ( 'NONE',  ( 6.624999999999999112, -2.414591607384101390, 0.9985441408460412616 ) ) ;
#1727 = ORIENTED_EDGE ( 'NONE', *, *, #1499, .T. ) ;
#1728 = CARTESIAN_POINT ( 'NONE',  ( 6.624999999999999112, -1.477966348419493148, 1.032448596258577878 ) ) ;
#1729 = ADVANCED_FACE ( 'NONE', ( #3705, #4581 ), #801, .F. ) ;
#1730 = EDGE_CURVE ( 'NONE', #4220, #2701, #5083, .T. ) ;
#1731 = DIRECTION ( 'NONE',  ( 0.000000000000000000, 1.000000000000000000, -4.268512490100409923E-16 ) ) ;
#1732 = ORIENTED_EDGE ( 'NONE', *, *, #82, .F. ) ;
#1733 = CYLINDRICAL_SURFACE ( 'NONE', #5412, 0.1181102362204724116 ) ;
#1734 = CARTESIAN_POINT ( 'NONE',  ( 6.337639696908676790, -4.597520400560636489, 0.3680381640839393564 ) ) ;
#1735 = DIRECTION ( 'NONE',  ( 0.000000000000000000, -2.185478394931410969E-15, -1.000000000000000000 ) ) ;
#1736 = DIRECTION ( 'NONE',  ( -0.000000000000000000, -0.000000000000000000, -1.000000000000000000 ) ) ;
#1737 = ORIENTED_EDGE ( 'NONE', *, *, #90, .T. ) ;
#1738 = FACE_OUTER_BOUND ( 'NONE', #5175, .T. ) ;
#1739 = EDGE_CURVE ( 'NONE', #318, #5145, #2126, .T. ) ;
#1740 = DIRECTION ( 'NONE',  ( -1.000000000000000000, 0.000000000000000000, 0.000000000000000000 ) ) ;
#1741 = VERTEX_POINT ( 'NONE', #4228 ) ;
#1742 = LINE ( 'NONE', #2971, #132 ) ;
#1743 = ORIENTED_EDGE ( 'NONE', *, *, #4508, .F. ) ;
#1744 = EDGE_CURVE ( 'NONE', #5300, #349, #1706, .T. ) ;
#1745 = CARTESIAN_POINT ( 'NONE',  ( 6.385925037521799297, -0.3999879081043837270, 0.2827390581284413007 ) ) ;
#1746 = EDGE_LOOP ( 'NONE', ( #3344, #4386, #861, #3227 ) ) ;
#1747 = CARTESIAN_POINT ( 'NONE',  ( 6.506889763779526881, -3.750000000000000000, 1.874999999999999778 ) ) ;
#1748 = DIRECTION ( 'NONE',  ( 0.000000000000000000, 0.000000000000000000, -1.000000000000000000 ) ) ;
#1749 = EDGE_LOOP ( 'NONE', ( #3326, #4518, #115, #3718 ) ) ;
#1750 = PRODUCT_RELATED_PRODUCT_CATEGORY ( 'part', '', ( #2506 ) ) ;
#1751 = DIRECTION ( 'NONE',  ( -1.000000000000000000, 0.000000000000000000, 0.000000000000000000 ) ) ;
#1752 = CARTESIAN_POINT ( 'NONE',  ( 6.624999999999999112, -6.799999999999999822, 0.6249999999999992228 ) ) ;
#1753 = ORIENTED_EDGE ( 'NONE', *, *, #3328, .F. ) ;
#1754 = CARTESIAN_POINT ( 'NONE',  ( 6.125000000000000000, -1.647511745032586905, 1.163419978411005529 ) ) ;
#1755 = DIRECTION ( 'NONE',  ( 1.000000000000000000, -0.000000000000000000, -0.000000000000000000 ) ) ;
#1756 = CARTESIAN_POINT ( 'NONE',  ( 6.456173502134831210, -4.563570020226661583, 0.3913754340827350631 ) ) ;
#1757 = CARTESIAN_POINT ( 'NONE',  ( 6.375000000000000000, -6.799999999999999822, 0.8749999999999995559 ) ) ;
#1758 = ORIENTED_EDGE ( 'NONE', *, *, #1132, .T. ) ;
#1759 = CARTESIAN_POINT ( 'NONE',  ( 6.624999999999999112, -2.143131898507867804E-16, 1.750000000000000000 ) ) ;
#1760 = EDGE_CURVE ( 'NONE', #3683, #3784, #1785, .T. ) ;
#1761 = VERTEX_POINT ( 'NONE', #2543 ) ;
#1762 = DIRECTION ( 'NONE',  ( 0.000000000000000000, 0.000000000000000000, 1.000000000000000000 ) ) ;
#1763 = EDGE_CURVE ( 'NONE', #2917, #3542, #3071, .T. ) ;
#1764 = ORIENTED_EDGE ( 'NONE', *, *, #1106, .F. ) ;
#1765 = VERTEX_POINT ( 'NONE', #2987 ) ;
#1766 = EDGE_LOOP ( 'NONE', ( #1838, #5091, #1491, #3734 ) ) ;
#1767 = CIRCLE ( 'NONE', #2836, 0.4249999999999999889 ) ;
#1768 = EDGE_CURVE ( 'NONE', #1871, #4669, #3374, .T. ) ;
#1769 = CARTESIAN_POINT ( 'NONE',  ( 6.375000000000000000, 0.5000000000000000000, 1.432999999999999607 ) ) ;
#1770 = CARTESIAN_POINT ( 'NONE',  ( 6.375000000000000000, -0.3799999999999998934, 1.512499999999999734 ) ) ;
#1771 = ORIENTED_EDGE ( 'NONE', *, *, #4261, .F. ) ;
#1772 = AXIS2_PLACEMENT_3D ( 'NONE', #1019, #2199, #5120 ) ;
#1773 = ORIENTED_EDGE ( 'NONE', *, *, #2592, .F. ) ;
#1774 = FACE_OUTER_BOUND ( 'NONE', #1559, .T. ) ;
#1775 = AXIS2_PLACEMENT_3D ( 'NONE', #254, #4832, #2093 ) ;
#1776 = DIRECTION ( 'NONE',  ( 0.000000000000000000, 0.000000000000000000, -1.000000000000000000 ) ) ;
#1777 = ORIENTED_EDGE ( 'NONE', *, *, #3249, .T. ) ;
#1778 = LINE ( 'NONE', #1212, #1037 ) ;
#1779 = CIRCLE ( 'NONE', #1873, 0.1181102362204725503 ) ;
#1780 = CIRCLE ( 'NONE', #568, 0.4499999999999999556 ) ;
#1781 = VECTOR ( 'NONE', #366, 39.37007874015748143 ) ;
#1782 = LINE ( 'NONE', #3780, #2060 ) ;
#1783 = DIRECTION ( 'NONE',  ( -0.000000000000000000, -0.000000000000000000, 1.000000000000000000 ) ) ;
#1784 = DIRECTION ( 'NONE',  ( 0.000000000000000000, 1.561055996379578982E-16, 1.000000000000000000 ) ) ;
#1785 = LINE ( 'NONE', #3404, #2666 ) ;
#1786 = DIRECTION ( 'NONE',  ( 1.000000000000000000, 0.000000000000000000, 0.000000000000000000 ) ) ;
#1787 = VECTOR ( 'NONE', #659, 39.37007874015748143 ) ;
#1788 = VERTEX_POINT ( 'NONE', #5130 ) ;
#1789 = LINE ( 'NONE', #595, #3108 ) ;
#1790 = AXIS2_PLACEMENT_3D ( 'NONE', #4831, #4855, #1488 ) ;
#1791 = EDGE_CURVE ( 'NONE', #5289, #438, #1687, .T. ) ;
#1792 = VECTOR ( 'NONE', #3019, 39.37007874015748854 ) ;
#1793 = EDGE_CURVE ( 'NONE', #630, #2809, #2649, .T. ) ;
#1794 = VECTOR ( 'NONE', #3712, 39.37007874015748143 ) ;
#1795 = CARTESIAN_POINT ( 'NONE',  ( 6.375000000000000000, 0.000000000000000000, 0.2374999999999998501 ) ) ;
#1796 = ORIENTED_EDGE ( 'NONE', *, *, #4650, .F. ) ;
#1797 = CARTESIAN_POINT ( 'NONE',  ( 6.125000000000000000, 0.000000000000000000, 0.000000000000000000 ) ) ;
#1798 = ORIENTED_EDGE ( 'NONE', *, *, #4018, .T. ) ;
#1799 = ORIENTED_EDGE ( 'NONE', *, *, #5350, .T. ) ;
#1800 = EDGE_CURVE ( 'NONE', #242, #1936, #4251, .T. ) ;
#1801 = FACE_OUTER_BOUND ( 'NONE', #1530, .T. ) ;
#1802 = ORIENTED_EDGE ( 'NONE', *, *, #18, .F. ) ;
#1803 = LINE ( 'NONE', #3501, #1787 ) ;
#1804 = CARTESIAN_POINT ( 'NONE',  ( 6.506889763779526881, -3.631889763779527769, 1.750000000000000000 ) ) ;
#1805 = ORIENTED_EDGE ( 'NONE', *, *, #3432, .F. ) ;
#1806 = CIRCLE ( 'NONE', #5429, 0.1181102362204724116 ) ;
#1807 = ADVANCED_FACE ( 'NONE', ( #3369 ), #5051, .F. ) ;
#1808 = CARTESIAN_POINT ( 'NONE',  ( 6.624999999999999112, -3.631889763779527769, 1.750000000000000000 ) ) ;
#1809 = PLANE ( 'NONE',  #2498 ) ;
#1810 = LINE ( 'NONE', #4414, #1596 ) ;
#1811 = CIRCLE ( 'NONE', #1719, 0.07950000000000007061 ) ;
#1812 = ORIENTED_EDGE ( 'NONE', *, *, #252, .F. ) ;
#1813 = DIRECTION ( 'NONE',  ( -0.000000000000000000, -0.000000000000000000, -1.000000000000000000 ) ) ;
#1814 = EDGE_CURVE ( 'NONE', #1632, #952, #2317, .T. ) ;
#1815 = LINE ( 'NONE', #988, #3572 ) ;
#1816 = FACE_OUTER_BOUND ( 'NONE', #1172, .T. ) ;
#1817 = DIRECTION ( 'NONE',  ( -1.000000000000000000, -0.000000000000000000, -0.000000000000000000 ) ) ;
#1818 = B_SPLINE_CURVE_WITH_KNOTS ( 'NONE', 3,
 ( #2111, #46, #72, #3385, #1636, #4265, #434, #490, #4239, #2171, #378, #14, #876, #2084, #5092, #1745, #3743, #3819 ),
 .UNSPECIFIED., .F., .F.,
 ( 4, 2, 2, 2, 2, 2, 2, 2, 4 ),
 ( 0.001283900393193757646, 0.001697847940811217284, 0.002111795488428676922, 0.002525743036046136127, 0.002939690583663595765, 0.003353638131281055403, 0.003767585678898515041, 0.004181533226515974679, 0.004595480774133434317 ),
 .UNSPECIFIED. ) ;
#1819 = DIRECTION ( 'NONE',  ( -1.000000000000000000, -0.000000000000000000, -0.000000000000000000 ) ) ;
#1820 = ORIENTED_EDGE ( 'NONE', *, *, #3422, .T. ) ;
#1821 = DIRECTION ( 'NONE',  ( 1.000000000000000000, -0.000000000000000000, -0.000000000000000000 ) ) ;
#1822 = DIRECTION ( 'NONE',  ( -0.000000000000000000, 1.000000000000000000, -0.000000000000000000 ) ) ;
#1823 = EDGE_LOOP ( 'NONE', ( #3338, #1798, #4382, #2101 ) ) ;
#1824 = CARTESIAN_POINT ( 'NONE',  ( 6.475499999999996703, -0.4999999999999984457, 1.750000000000000000 ) ) ;
#1825 = ADVANCED_FACE ( 'NONE', ( #943 ), #2598, .F. ) ;
#1826 = ORIENTED_EDGE ( 'NONE', *, *, #2973, .F. ) ;
#1827 = CYLINDRICAL_SURFACE ( 'NONE', #4624, 0.6250000000000000000 ) ;
#1828 = ORIENTED_EDGE ( 'NONE', *, *, #3959, .T. ) ;
#1829 = DIRECTION ( 'NONE',  ( -0.000000000000000000, -0.000000000000000000, -1.000000000000000000 ) ) ;
#1830 = DIRECTION ( 'NONE',  ( -1.000000000000000000, 0.000000000000000000, 0.000000000000000000 ) ) ;
#1831 = EDGE_LOOP ( 'NONE', ( #1643, #1903, #1640, #1717 ) ) ;
#1832 = EDGE_CURVE ( 'NONE', #1936, #2032, #3888, .T. ) ;
#1833 = ORIENTED_EDGE ( 'NONE', *, *, #3087, .F. ) ;
#1834 = PLANE ( 'NONE',  #4721 ) ;
#1835 = CARTESIAN_POINT ( 'NONE',  ( 6.475499999999998479, -0.4999999999999984457, -4.892463962593665846E-17 ) ) ;
#1836 = CYLINDRICAL_SURFACE ( 'NONE', #210, 0.1000000000000000194 ) ;
#1837 = FACE_BOUND ( 'NONE', #1597, .T. ) ;
#1838 = ORIENTED_EDGE ( 'NONE', *, *, #4650, .T. ) ;
#1839 = DIRECTION ( 'NONE',  ( -1.000000000000000000, -0.000000000000000000, -0.000000000000000000 ) ) ;
#1840 = EDGE_CURVE ( 'NONE', #3538, #3659, #4519, .T. ) ;
#1841 = APPLICATION_CONTEXT ( 'automotive_design' ) ;
#1842 = DIRECTION ( 'NONE',  ( 1.000000000000000000, 0.000000000000000000, -0.000000000000000000 ) ) ;
#1843 = DIRECTION ( 'NONE',  ( 1.000000000000000000, -0.000000000000000000, -0.000000000000000000 ) ) ;
#1844 = FACE_OUTER_BOUND ( 'NONE', #3317, .T. ) ;
#1845 = EDGE_CURVE ( 'NONE', #3223, #3088, #2212, .T. ) ;
#1846 = ORIENTED_EDGE ( 'NONE', *, *, #1282, .F. ) ;
#1847 = LINE ( 'NONE', #565, #1427 ) ;
#1848 = LENGTH_MEASURE_WITH_UNIT ( LENGTH_MEASURE( 0.02539999999999999897 ), #3491 );
#1849 = ORIENTED_EDGE ( 'NONE', *, *, #2217, .F. ) ;
#1850 = CARTESIAN_POINT ( 'NONE',  ( 6.624999999999999112, -1.195882546459554163, 0.6250000000000000000 ) ) ;
#1851 = DIRECTION ( 'NONE',  ( -0.000000000000000000, -0.000000000000000000, 1.000000000000000000 ) ) ;
#1852 = VERTEX_POINT ( 'NONE', #1490 ) ;
#1853 = EDGE_LOOP ( 'NONE', ( #4238, #4000, #144, #3715 ) ) ;
#1854 = DIRECTION ( 'NONE',  ( 0.000000000000000000, 0.000000000000000000, -1.000000000000000000 ) ) ;
#1855 = PLANE ( 'NONE',  #2146 ) ;
#1856 = VERTEX_POINT ( 'NONE', #2295 ) ;
#1857 = ADVANCED_FACE ( 'NONE', ( #2242 ), #3615, .F. ) ;
#1858 = ADVANCED_FACE ( 'NONE', ( #1844 ), #3924, .F. ) ;
#1859 = CARTESIAN_POINT ( 'NONE',  ( 6.624999999999999112, -6.453937009999998864, 0.7411417312204724439 ) ) ;
#1860 = DIRECTION ( 'NONE',  ( 0.000000000000000000, 0.000000000000000000, -1.000000000000000000 ) ) ;
#1861 = DIRECTION ( 'NONE',  ( 0.000000000000000000, 0.000000000000000000, -1.000000000000000000 ) ) ;
#1862 = ORIENTED_EDGE ( 'NONE', *, *, #4619, .T. ) ;
#1863 = CARTESIAN_POINT ( 'NONE',  ( 6.624999999999999112, -6.200984252499999627, 1.674212009999999973 ) ) ;
#1864 = AXIS2_PLACEMENT_3D ( 'NONE', #5217, #1030, #3979 ) ;
#1865 = DIRECTION ( 'NONE',  ( 0.000000000000000000, 1.000000000000000000, 0.000000000000000000 ) ) ;
#1866 = EDGE_CURVE ( 'NONE', #4859, #4945, #3313, .T. ) ;
#1867 = VECTOR ( 'NONE', #3805, 39.37007874015748143 ) ;
#1868 = CARTESIAN_POINT ( 'NONE',  ( 6.375000000000001776, -5.699999999999998401, 0.5300000000000001377 ) ) ;
#1869 = CARTESIAN_POINT ( 'NONE',  ( 6.624999999999999112, -2.000000000000000444, 1.874999999999999556 ) ) ;
#1870 = CARTESIAN_POINT ( 'NONE',  ( 6.283844870838479757, -4.460273809140520740, 0.5009440446731708851 ) ) ;
#1871 = VERTEX_POINT ( 'NONE', #230 ) ;
#1872 = CYLINDRICAL_SURFACE ( 'NONE', #4338, 0.1562499999999997224 ) ;
#1873 = AXIS2_PLACEMENT_3D ( 'NONE', #5223, #4013, #1909 ) ;
#1874 = CIRCLE ( 'NONE', #4083, 0.1562499999999998612 ) ;
#1875 = VECTOR ( 'NONE', #2748, 39.37007874015748143 ) ;
#1876 =( NAMED_UNIT ( * ) PLANE_ANGLE_UNIT ( ) SI_UNIT ( $, .RADIAN. ) );
#1877 = EDGE_LOOP ( 'NONE', ( #4127, #3895, #575, #186 ) ) ;
#1878 = DIRECTION ( 'NONE',  ( 0.000000000000000000, 0.03432432496962133789, 0.9994107467479923512 ) ) ;
#1879 = CARTESIAN_POINT ( 'NONE',  ( 6.125000000000000000, -1.990779663567565860, 1.049503685194445701 ) ) ;
#1880 = AXIS2_PLACEMENT_3D ( 'NONE', #2647, #3367, #5049 ) ;
#1881 = ORIENTED_EDGE ( 'NONE', *, *, #5258, .T. ) ;
#1882 = ORIENTED_EDGE ( 'NONE', *, *, #2388, .F. ) ;
#1883 = CIRCLE ( 'NONE', #4970, 0.1181102362204724116 ) ;
#1884 = AXIS2_PLACEMENT_3D ( 'NONE', #1920, #4440, #4824 ) ;
#1885 = ORIENTED_EDGE ( 'NONE', *, *, #4967, .F. ) ;
#1886 = AXIS2_PLACEMENT_3D ( 'NONE', #4921, #1139, #1631 ) ;
#1887 = DIRECTION ( 'NONE',  ( 0.000000000000000000, 0.000000000000000000, -1.000000000000000000 ) ) ;
#1888 = FACE_OUTER_BOUND ( 'NONE', #4560, .T. ) ;
#1889 = ORIENTED_EDGE ( 'NONE', *, *, #5298, .T. ) ;
#1890 = AXIS2_PLACEMENT_3D ( 'NONE', #5159, #2708, #4720 ) ;
#1891 = ORIENTED_EDGE ( 'NONE', *, *, #3792, .F. ) ;
#1892 = DIRECTION ( 'NONE',  ( 1.000000000000000000, -0.000000000000000000, -0.000000000000000000 ) ) ;
#1893 = LINE ( 'NONE', #3586, #815 ) ;
#1894 = PLANE ( 'NONE',  #4787 ) ;
#1895 = LINE ( 'NONE', #5209, #2228 ) ;
#1896 = EDGE_CURVE ( 'NONE', #4604, #3830, #3460, .T. ) ;
#1897 = VERTEX_POINT ( 'NONE', #1726 ) ;
#1898 = AXIS2_PLACEMENT_3D ( 'NONE', #2993, #1306, #1656 ) ;
#1899 = CARTESIAN_POINT ( 'NONE',  ( 6.624999999999999112, -7.549999999999999822, 0.7407709353152899245 ) ) ;
#1900 = DIRECTION ( 'NONE',  ( 0.000000000000000000, 0.000000000000000000, 1.000000000000000000 ) ) ;
#1901 = CIRCLE ( 'NONE', #4816, 0.05905511811023630986 ) ;
#1902 = CARTESIAN_POINT ( 'NONE',  ( 6.375000000000000000, -4.503937009999998686, 1.750000000000000000 ) ) ;
#1903 = ORIENTED_EDGE ( 'NONE', *, *, #2475, .T. ) ;
#1904 = CARTESIAN_POINT ( 'NONE',  ( 6.388754044656918651, -4.433598398691073861, 0.5475125558711158025 ) ) ;
#1905 = EDGE_CURVE ( 'NONE', #3353, #443, #24, .T. ) ;
#1906 = EDGE_CURVE ( 'NONE', #2316, #2824, #207, .T. ) ;
#1907 = DIRECTION ( 'NONE',  ( 1.000000000000000000, 0.000000000000000000, 0.000000000000000000 ) ) ;
#1908 = ORIENTED_EDGE ( 'NONE', *, *, #1149, .F. ) ;
#1909 = DIRECTION ( 'NONE',  ( -1.000000000000000000, 0.000000000000000000, 0.000000000000000000 ) ) ;
#1910 = EDGE_CURVE ( 'NONE', #2223, #2888, #1046, .T. ) ;
#1911 = ORIENTED_EDGE ( 'NONE', *, *, #2170, .F. ) ;
#1912 = ORIENTED_EDGE ( 'NONE', *, *, #5088, .F. ) ;
#1913 = CARTESIAN_POINT ( 'NONE',  ( 6.125000000000000000, -4.031889763779526348, 2.100000000000000089 ) ) ;
#1914 = ORIENTED_EDGE ( 'NONE', *, *, #1791, .F. ) ;
#1915 = FACE_OUTER_BOUND ( 'NONE', #3902, .T. ) ;
#1916 = EDGE_CURVE ( 'NONE', #1453, #2558, #5237, .T. ) ;
#1917 = ORIENTED_EDGE ( 'NONE', *, *, #3352, .T. ) ;
#1918 = ORIENTED_EDGE ( 'NONE', *, *, #2398, .T. ) ;
#1919 = DIRECTION ( 'NONE',  ( 1.000000000000000000, -0.000000000000000000, -0.000000000000000000 ) ) ;
#1920 = CARTESIAN_POINT ( 'NONE',  ( 6.624999999999999112, -2.399999999999999467, 0.000000000000000000 ) ) ;
#1921 = CARTESIAN_POINT ( 'NONE',  ( 6.454851963759567823, -4.442913130381112907, 0.5300000000000013589 ) ) ;
#1922 = CARTESIAN_POINT ( 'NONE',  ( 6.125000000000000000, -1.195882546459554163, 0.6250000000000000000 ) ) ;
#1923 = ORIENTED_EDGE ( 'NONE', *, *, #1000, .F. ) ;
#1924 = CARTESIAN_POINT ( 'NONE',  ( 6.624999999999999112, 0.4999999999999999445, 0.4749999999999997002 ) ) ;
#1925 = EDGE_CURVE ( 'NONE', #2809, #5294, #908, .T. ) ;
#1926 = FACE_OUTER_BOUND ( 'NONE', #3845, .T. ) ;
#1927 = DIRECTION ( 'NONE',  ( -0.000000000000000000, -0.000000000000000000, 1.000000000000000000 ) ) ;
#1928 = ORIENTED_EDGE ( 'NONE', *, *, #5245, .F. ) ;
#1929 = LINE ( 'NONE', #4507, #3277 ) ;
#1930 = VERTEX_POINT ( 'NONE', #4770 ) ;
#1931 = CARTESIAN_POINT ( 'NONE',  ( 6.125000000000000000, -2.518110236220472586, -0.1249999999999999584 ) ) ;
#1932 = CARTESIAN_POINT ( 'NONE',  ( 6.125000000000000000, -2.710379740625795009, 0.8271031838164467631 ) ) ;
#1933 = EDGE_CURVE ( 'NONE', #2962, #2795, #733, .T. ) ;
#1934 = DIRECTION ( 'NONE',  ( -1.000000000000000000, 0.000000000000000000, 0.000000000000000000 ) ) ;
#1935 = LINE ( 'NONE', #4895, #665 ) ;
#1936 = VERTEX_POINT ( 'NONE', #4745 ) ;
#1937 = ADVANCED_FACE ( 'NONE', ( #2643 ), #5185, .F. ) ;
#1938 = CARTESIAN_POINT ( 'NONE',  ( 6.274499999999999744, -4.503937009999998686, -4.892463962593665846E-17 ) ) ;
#1939 = ORIENTED_EDGE ( 'NONE', *, *, #1374, .T. ) ;
#1940 = CARTESIAN_POINT ( 'NONE',  ( 6.624999999999999112, -6.200984252499999627, 1.439812010000000031 ) ) ;
#1941 = CARTESIAN_POINT ( 'NONE',  ( 6.624999999999999112, -3.750000000000000000, 1.874999999999999778 ) ) ;
#1942 = CARTESIAN_POINT ( 'NONE',  ( 6.624999999999999112, -6.200984252499999627, 1.314812009999999587 ) ) ;
#1943 = CARTESIAN_POINT ( 'NONE',  ( 6.375000000000000000, -1.195882546459554163, 0.3749999999999999445 ) ) ;
#1944 = CARTESIAN_POINT ( 'NONE',  ( 6.125000000000000000, -6.335826773779526633, 1.010826773779527565 ) ) ;
#1945 = EDGE_LOOP ( 'NONE', ( #3397, #847 ) ) ;
#1946 = ORIENTED_EDGE ( 'NONE', *, *, #1589, .T. ) ;
#1947 = CARTESIAN_POINT ( 'NONE',  ( 6.125000000000000000, -0.7836045165149219116, 0.5217923160565421936 ) ) ;
#1948 = DIRECTION ( 'NONE',  ( 0.000000000000000000, 0.000000000000000000, -1.000000000000000000 ) ) ;
#1949 = AXIS2_PLACEMENT_3D ( 'NONE', #4858, #2373, #1951 ) ;
#1950 = ORIENTED_EDGE ( 'NONE', *, *, #3856, .F. ) ;
#1951 = DIRECTION ( 'NONE',  ( -1.000000000000000000, 0.000000000000000000, 0.000000000000000000 ) ) ;
#1952 = CIRCLE ( 'NONE', #3373, 0.1004999999999985627 ) ;
#1953 = AXIS2_PLACEMENT_3D ( 'NONE', #3428, #478, #917 ) ;
#1954 = CYLINDRICAL_SURFACE ( 'NONE', #3216, 0.1181102362204724116 ) ;
#1955 = ORIENTED_EDGE ( 'NONE', *, *, #3697, .F. ) ;
#1956 = DIRECTION ( 'NONE',  ( -1.000000000000000000, 0.000000000000000000, 0.000000000000000000 ) ) ;
#1957 = AXIS2_PLACEMENT_3D ( 'NONE', #5172, #5195, #4632 ) ;
#1958 = CIRCLE ( 'NONE', #3645, 0.1181102362204724116 ) ;
#1959 = CIRCLE ( 'NONE', #1085, 0.1181102362204724116 ) ;
#1960 = EDGE_CURVE ( 'NONE', #4948, #1897, #3989, .T. ) ;
#1961 = CIRCLE ( 'NONE', #2677, 0.1181102362204725503 ) ;
#1962 = VECTOR ( 'NONE', #324, 39.37007874015748143 ) ;
#1963 = VECTOR ( 'NONE', #5465, 39.37007874015748143 ) ;
#1964 = CARTESIAN_POINT ( 'NONE',  ( 6.125000000000000000, -5.411262741308142665, 1.904269763698189788 ) ) ;
#1965 = ORIENTED_EDGE ( 'NONE', *, *, #3263, .T. ) ;
#1966 = CARTESIAN_POINT ( 'NONE',  ( 6.499999999999999112, -5.966584252499999685, 0.3115157474999999954 ) ) ;
#1967 = AXIS2_PLACEMENT_3D ( 'NONE', #110, #834, #2516 ) ;
#1968 = VERTEX_POINT ( 'NONE', #143 ) ;
#1969 = AXIS2_PLACEMENT_3D ( 'NONE', #3097, #1509, #3613 ) ;
#1970 = EDGE_CURVE ( 'NONE', #5294, #2977, #3176, .T. ) ;
#1971 = FACE_OUTER_BOUND ( 'NONE', #3066, .T. ) ;
#1972 = EDGE_CURVE ( 'NONE', #5001, #1058, #1810, .T. ) ;
#1973 = DIRECTION ( 'NONE',  ( -1.000000000000000000, 0.000000000000000000, 0.000000000000000000 ) ) ;
#1974 = AXIS2_PLACEMENT_3D ( 'NONE', #3257, #3282, #4938 ) ;
#1975 = AXIS2_PLACEMENT_3D ( 'NONE', #2740, #1956, #3236 ) ;
#1976 = DIRECTION ( 'NONE',  ( 0.000000000000000000, 0.000000000000000000, -1.000000000000000000 ) ) ;
#1977 = CYLINDRICAL_SURFACE ( 'NONE', #4614, 0.1329999999999999238 ) ;
#1978 = AXIS2_PLACEMENT_3D ( 'NONE', #145, #3445, #3560 ) ;
#1979 = ORIENTED_EDGE ( 'NONE', *, *, #4583, .F. ) ;
#1980 = DIRECTION ( 'NONE',  ( 0.000000000000000000, 0.000000000000000000, 1.000000000000000000 ) ) ;
#1981 = CIRCLE ( 'NONE', #316, 0.1000000000000000194 ) ;
#1982 = ORIENTED_EDGE ( 'NONE', *, *, #4756, .F. ) ;
#1983 = CYLINDRICAL_SURFACE ( 'NONE', #4269, 0.05905511811023627516 ) ;
#1984 = DIRECTION ( 'NONE',  ( 1.000000000000000000, 0.000000000000000000, 0.000000000000000000 ) ) ;
#1985 = VECTOR ( 'NONE', #2941, 39.37007874015748143 ) ;
#1986 = CARTESIAN_POINT ( 'NONE',  ( 6.125000000000000000, -6.066141731220471733, 0.6230314949999999907 ) ) ;
#1987 = ADVANCED_FACE ( 'NONE', ( #3153, #3588, #4362, #1425, #613, #1837, #5288, #1402, #3971, #3065, #4850, #3092, #983 ), #4826, .T. ) ;
#1988 = AXIS2_PLACEMENT_3D ( 'NONE', #2998, #3327, #2908 ) ;
#1989 = CARTESIAN_POINT ( 'NONE',  ( 6.624999999999999112, -6.200984252499999627, 0.1865157474999995513 ) ) ;
#1990 = CARTESIAN_POINT ( 'NONE',  ( 6.243110236220472231, -4.031889763779526348, -0.1249999999999996253 ) ) ;
#1991 = DIRECTION ( 'NONE',  ( 1.000000000000000000, -0.000000000000000000, -0.000000000000000000 ) ) ;
#1992 = CARTESIAN_POINT ( 'NONE',  ( 6.624999999999999112, -1.195882546459554163, 0.6250000000000000000 ) ) ;
#1993 = AXIS2_PLACEMENT_3D ( 'NONE', #2268, #3532, #5323 ) ;
#1994 = ORIENTED_EDGE ( 'NONE', *, *, #3707, .F. ) ;
#1995 = FACE_OUTER_BOUND ( 'NONE', #2190, .T. ) ;
#1996 = EDGE_CURVE ( 'NONE', #787, #3525, #588, .T. ) ;
#1997 = VERTEX_POINT ( 'NONE', #168 ) ;
#1998 = CARTESIAN_POINT ( 'NONE',  ( 6.624999999999999112, -0.9017594713191711131, 1.375000000000000000 ) ) ;
#1999 = ORIENTED_EDGE ( 'NONE', *, *, #4224, .T. ) ;
#2000 = ORIENTED_EDGE ( 'NONE', *, *, #848, .T. ) ;
#2001 = DIRECTION ( 'NONE',  ( 0.000000000000000000, 0.000000000000000000, -1.000000000000000000 ) ) ;
#2002 = DIRECTION ( 'NONE',  ( 0.000000000000000000, 0.6745138488158977097, -0.7382621944509717427 ) ) ;
#2003 = EDGE_CURVE ( 'NONE', #4679, #2929, #4433, .T. ) ;
#2004 = ORIENTED_EDGE ( 'NONE', *, *, #1905, .F. ) ;
#2005 = ORIENTED_EDGE ( 'NONE', *, *, #2314, .F. ) ;
#2006 = CARTESIAN_POINT ( 'NONE',  ( 6.277423813956783505, -3.270677038116681423, 0.6791694692302063796 ) ) ;
#2007 = ORIENTED_EDGE ( 'NONE', *, *, #3312, .T. ) ;
#2008 = CARTESIAN_POINT ( 'NONE',  ( 6.624999999999999112, 0.000000000000000000, 0.000000000000000000 ) ) ;
#2009 = CARTESIAN_POINT ( 'NONE',  ( 6.404960806896121461, -0.4040178078393033001, 1.486183675017575423 ) ) ;
#2010 = EDGE_CURVE ( 'NONE', #5147, #4687, #1895, .T. ) ;
#2011 = VERTEX_POINT ( 'NONE', #4800 ) ;
#2012 = CARTESIAN_POINT ( 'NONE',  ( 6.624999999999999112, -6.455905511811023345, -3.414809992080329023E-17 ) ) ;
#2013 = CARTESIAN_POINT ( 'NONE',  ( 6.369539515912642891, -0.3994999999999994111, 1.559546550094165429 ) ) ;
#2014 = DIRECTION ( 'NONE',  ( -1.000000000000000000, -0.000000000000000000, -0.000000000000000000 ) ) ;
#2015 = EDGE_CURVE ( 'NONE', #549, #1788, #4164, .T. ) ;
#2016 = DIRECTION ( 'NONE',  ( 0.000000000000000000, 0.000000000000000000, 1.000000000000000000 ) ) ;
#2017 = CARTESIAN_POINT ( 'NONE',  ( 6.125000000000000000, -5.418110236220472054, 1.750000000000000000 ) ) ;
#2018 = DIRECTION ( 'NONE',  ( 0.000000000000000000, 0.000000000000000000, 1.000000000000000000 ) ) ;
#2019 = VERTEX_POINT ( 'NONE', #854 ) ;
#2020 = CARTESIAN_POINT ( 'NONE',  ( 6.147348237915092106, -5.348528747632051328, 1.880188393210274311 ) ) ;
#2021 = EDGE_LOOP ( 'NONE', ( #2074, #1999, #2466, #2634 ) ) ;
#2022 = DIRECTION ( 'NONE',  ( 0.000000000000000000, 0.000000000000000000, 1.000000000000000000 ) ) ;
#2023 = ORIENTED_EDGE ( 'NONE', *, *, #3936, .F. ) ;
#2024 = FACE_OUTER_BOUND ( 'NONE', #1877, .T. ) ;
#2025 = DIRECTION ( 'NONE',  ( -1.000000000000000000, -0.000000000000000000, 0.000000000000000000 ) ) ;
#2026 = DIRECTION ( 'NONE',  ( -0.000000000000000000, -0.000000000000000000, -1.000000000000000000 ) ) ;
#2027 = ORIENTED_EDGE ( 'NONE', *, *, #1057, .F. ) ;
#2028 = EDGE_CURVE ( 'NONE', #4627, #1503, #4865, .T. ) ;
#2029 = AXIS2_PLACEMENT_3D ( 'NONE', #3785, #4649, #2164 ) ;
#2030 = EDGE_CURVE ( 'NONE', #5001, #2962, #812, .T. ) ;
#2031 = CYLINDRICAL_SURFACE ( 'NONE', #1470, 0.1181102362204725503 ) ;
#2032 = VERTEX_POINT ( 'NONE', #75 ) ;
#2033 = CARTESIAN_POINT ( 'NONE',  ( 6.342719533777526841, -0.4046305906573458011, 0.4147988211710196826 ) ) ;
#2034 = CARTESIAN_POINT ( 'NONE',  ( 6.410199931499168891, -0.4058523162541987639, 1.523455960379918928 ) ) ;
#2035 = ORIENTED_EDGE ( 'NONE', *, *, #939, .F. ) ;
#2036 = LINE ( 'NONE', #1986, #5390 ) ;
#2037 = EDGE_CURVE ( 'NONE', #3934, #413, #2928, .T. ) ;
#2038 = CARTESIAN_POINT ( 'NONE',  ( 6.339020565635133941, -0.4061611463397123423, 1.523322378777774544 ) ) ;
#2039 = AXIS2_PLACEMENT_3D ( 'NONE', #2687, #3101, #622 ) ;
#2040 = LINE ( 'NONE', #779, #124 ) ;
#2041 = DIRECTION ( 'NONE',  ( -1.000000000000000000, -0.000000000000000000, -0.000000000000000000 ) ) ;
#2042 = CARTESIAN_POINT ( 'NONE',  ( 6.277423813956783505, -3.270677038116681423, 0.5461694692302064835 ) ) ;
#2043 = AXIS2_PLACEMENT_3D ( 'NONE', #3120, #1069, #3528 ) ;
#2044 = EDGE_LOOP ( 'NONE', ( #1177, #455 ) ) ;
#2045 = CARTESIAN_POINT ( 'NONE',  ( 6.125000000000000000, -5.955081525351289429, 1.474999999999999867 ) ) ;
#2046 = ORIENTED_EDGE ( 'NONE', *, *, #3296, .F. ) ;
#2047 = AXIS2_PLACEMENT_3D ( 'NONE', #2371, #698, #1948 ) ;
#2048 = CIRCLE ( 'NONE', #2327, 0.1181102362204724116 ) ;
#2049 = CARTESIAN_POINT ( 'NONE',  ( 6.475499999999998479, -0.4999999999999984457, 0.000000000000000000 ) ) ;
#2050 = ORIENTED_EDGE ( 'NONE', *, *, #5118, .T. ) ;
#2051 = VERTEX_POINT ( 'NONE', #4595 ) ;
#2052 = EDGE_CURVE ( 'NONE', #3038, #4178, #2533, .T. ) ;
#2053 = CIRCLE ( 'NONE', #1089, 0.1181102362204724116 ) ;
#2054 = CIRCLE ( 'NONE', #824, 0.1004999999999996452 ) ;
#2055 = DIRECTION ( 'NONE',  ( -0.000000000000000000, -0.000000000000000000, -1.000000000000000000 ) ) ;
#2056 = CARTESIAN_POINT ( 'NONE',  ( 6.624999999999999112, -2.062983729403350175, 0.9560338998259235721 ) ) ;
#2057 = DIRECTION ( 'NONE',  ( -1.000000000000000000, 0.000000000000000000, 0.000000000000000000 ) ) ;
#2058 = ORIENTED_EDGE ( 'NONE', *, *, #1666, .T. ) ;
#2059 = VECTOR ( 'NONE', #4561, 39.37007874015748143 ) ;
#2060 = VECTOR ( 'NONE', #3801, 39.37007874015748143 ) ;
#2061 = CIRCLE ( 'NONE', #4098, 0.1562499999999997224 ) ;
#2062 = FACE_BOUND ( 'NONE', #2044, .T. ) ;
#2063 = ORIENTED_EDGE ( 'NONE', *, *, #638, .F. ) ;
#2064 = ADVANCED_FACE ( 'NONE', ( #459 ), #4192, .F. ) ;
#2065 = CARTESIAN_POINT ( 'NONE',  ( 4.433018566799289850, -4.067521641679253896, 0.3605720252464228448 ) ) ;
#2066 = CARTESIAN_POINT ( 'NONE',  ( -8.514999999999998792, -0.2362569331793608063, -0.3058399077736656535 ) ) ;
#2067 = ORIENTED_EDGE ( 'NONE', *, *, #771, .F. ) ;
#2068 = FACE_BOUND ( 'NONE', #5057, .T. ) ;
#2069 = DIRECTION ( 'NONE',  ( 0.000000000000000000, 2.731847993664262824E-15, 1.000000000000000000 ) ) ;
#2070 = LINE ( 'NONE', #5360, #4617 ) ;
#2071 = CARTESIAN_POINT ( 'NONE',  ( -8.514999999999998792, -2.062983729403350175, 0.9560338998259235721 ) ) ;
#2072 = LINE ( 'NONE', #3261, #108 ) ;
#2073 = LINE ( 'NONE', #2924, #385 ) ;
#2074 = ORIENTED_EDGE ( 'NONE', *, *, #4684, .F. ) ;
#2075 = DIRECTION ( 'NONE',  ( 1.000000000000000000, -0.000000000000000000, -0.000000000000000000 ) ) ;
#2076 = EDGE_CURVE ( 'NONE', #2992, #1997, #2934, .T. ) ;
#2077 = CIRCLE ( 'NONE', #2430, 0.05905511811023627516 ) ;
#2078 = ORIENTED_EDGE ( 'NONE', *, *, #3089, .F. ) ;
#2079 = CARTESIAN_POINT ( 'NONE',  ( 6.125000000000000000, -3.631889763779527769, 1.750000000000000000 ) ) ;
#2080 = VERTEX_POINT ( 'NONE', #4714 ) ;
#2081 = CARTESIAN_POINT ( 'NONE',  ( 6.624999999999999112, -6.453937009999998864, 1.010826773779527565 ) ) ;
#2082 = EDGE_CURVE ( 'NONE', #1503, #2229, #3389, .T. ) ;
#2083 = VERTEX_POINT ( 'NONE', #2612 ) ;
#2084 = CARTESIAN_POINT ( 'NONE',  ( 6.398910267471468849, -0.4023361627051001976, 0.2728087544601131564 ) ) ;
#2085 = APPLICATION_PROTOCOL_DEFINITION ( 'draft international standard', 'automotive_design', 1998, #1841 ) ;
#2086 = CARTESIAN_POINT ( 'NONE',  ( 6.125000000000000000, -0.3750000000000002220, 2.100000000000000089 ) ) ;
#2087 = EDGE_CURVE ( 'NONE', #2176, #1123, #5135, .T. ) ;
#2088 = LINE ( 'NONE', #4633, #3213 ) ;
#2089 = ORIENTED_EDGE ( 'NONE', *, *, #3409, .T. ) ;
#2090 = ORIENTED_EDGE ( 'NONE', *, *, #4708, .T. ) ;
#2091 = CARTESIAN_POINT ( 'NONE',  ( 6.362782555658358596, -1.599936939438214134, 1.372408871696524368 ) ) ;
#2092 = DIRECTION ( 'NONE',  ( 1.000000000000000000, -0.000000000000000000, -0.000000000000000000 ) ) ;
#2093 = DIRECTION ( 'NONE',  ( 0.000000000000000000, 0.000000000000000000, -1.000000000000000000 ) ) ;
#2094 = ORIENTED_EDGE ( 'NONE', *, *, #2291, .T. ) ;
#2095 = EDGE_CURVE ( 'NONE', #1765, #3525, #2406, .T. ) ;
#2096 = PLANE ( 'NONE',  #4093 ) ;
#2097 = CARTESIAN_POINT ( 'NONE',  ( 6.375000000000000000, -4.503937009999998686, -4.892463962593665846E-17 ) ) ;
#2098 = DIRECTION ( 'NONE',  ( 1.000000000000000000, -0.000000000000000000, -0.000000000000000000 ) ) ;
#2099 = DIRECTION ( 'NONE',  ( 0.000000000000000000, 0.7382621944509717427, 0.6745138488158974877 ) ) ;
#2100 = CARTESIAN_POINT ( 'NONE',  ( 6.125000000000000000, -2.710379740625795009, 1.092603183816446721 ) ) ;
#2101 = ORIENTED_EDGE ( 'NONE', *, *, #2576, .F. ) ;
#2102 = PLANE ( 'NONE',  #3425 ) ;
#2103 = EDGE_CURVE ( 'NONE', #3375, #3062, #547, .T. ) ;
#2104 = VERTEX_POINT ( 'NONE', #2699 ) ;
#2105 = ADVANCED_FACE ( 'NONE', ( #184 ), #1171, .F. ) ;
#2106 = DIRECTION ( 'NONE',  ( -0.000000000000000000, -0.000000000000000000, -1.000000000000000000 ) ) ;
#2107 = ORIENTED_EDGE ( 'NONE', *, *, #423, .T. ) ;
#2108 = CARTESIAN_POINT ( 'NONE',  ( 6.624999999999999112, -0.7541423743140727165, 0.8254164168266536761 ) ) ;
#2109 = ORIENTED_EDGE ( 'NONE', *, *, #3121, .T. ) ;
#2110 = ORIENTED_EDGE ( 'NONE', *, *, #2003, .F. ) ;
#2111 = CARTESIAN_POINT ( 'NONE',  ( 6.375000000000000000, -0.3994999999999986895, 0.1904534499058329611 ) ) ;
#2112 = EDGE_CURVE ( 'NONE', #2197, #2289, #3170, .T. ) ;
#2113 =( NAMED_UNIT ( * ) SI_UNIT ( $, .STERADIAN. ) SOLID_ANGLE_UNIT ( ) );
#2114 = LINE ( 'NONE', #1797, #3921 ) ;
#2115 = CARTESIAN_POINT ( 'NONE',  ( 6.499999999999999112, -6.200984252499999627, 1.564812010000000475 ) ) ;
#2116 = CARTESIAN_POINT ( 'NONE',  ( 6.375000000000000000, 0.5000000000000000000, 1.512499999999999734 ) ) ;
#2117 = VERTEX_POINT ( 'NONE', #3085 ) ;
#2118 = EDGE_CURVE ( 'NONE', #3234, #1458, #5257, .T. ) ;
#2119 = CARTESIAN_POINT ( 'NONE',  ( 6.624999999999999112, -7.549999999999999822, 0.2500000000000000555 ) ) ;
#2120 = DIRECTION ( 'NONE',  ( 1.000000000000000000, -0.000000000000000000, -0.000000000000000000 ) ) ;
#2121 = ORIENTED_EDGE ( 'NONE', *, *, #4404, .T. ) ;
#2122 = DIRECTION ( 'NONE',  ( -1.000000000000000000, -0.000000000000000000, -0.000000000000000000 ) ) ;
#2123 = CARTESIAN_POINT ( 'NONE',  ( 6.624999999999999112, 0.000000000000000000, 0.3749999999999999445 ) ) ;
#2124 = PLANE ( 'NONE',  #3211 ) ;
#2125 = CARTESIAN_POINT ( 'NONE',  ( 6.624999999999999112, -2.000000000000000444, 1.874999999999999556 ) ) ;
#2126 = LINE ( 'NONE', #1301, #1867 ) ;
#2127 = FACE_OUTER_BOUND ( 'NONE', #880, .T. ) ;
#2128 = ORIENTED_EDGE ( 'NONE', *, *, #3352, .F. ) ;
#2129 = DIRECTION ( 'NONE',  ( 0.000000000000000000, -1.000000000000000000, -1.224646799147353207E-16 ) ) ;
#2130 = EDGE_LOOP ( 'NONE', ( #4481, #1758, #2568, #355 ) ) ;
#2131 = ORIENTED_EDGE ( 'NONE', *, *, #1482, .T. ) ;
#2132 = CARTESIAN_POINT ( 'NONE',  ( 6.125000000000000000, -0.9017594713191711131, 1.375000000000000000 ) ) ;
#2133 = ORIENTED_EDGE ( 'NONE', *, *, #891, .T. ) ;
#2134 = EDGE_CURVE ( 'NONE', #2221, #2452, #4790, .T. ) ;
#2135 = CARTESIAN_POINT ( 'NONE',  ( 6.624999999999999112, -6.200984252499999627, 0.3115157474999999954 ) ) ;
#2136 = CIRCLE ( 'NONE', #1864, 0.1562499999999997224 ) ;
#2137 = ORIENTED_EDGE ( 'NONE', *, *, #5036, .T. ) ;
#2138 = CARTESIAN_POINT ( 'NONE',  ( 6.125000000000000000, -6.455905511811023345, -3.414809992080329023E-17 ) ) ;
#2139 = CIRCLE ( 'NONE', #3633, 0.1181102362204724116 ) ;
#2140 = VECTOR ( 'NONE', #1457, 39.37007874015748143 ) ;
#2141 = CARTESIAN_POINT ( 'NONE',  ( 6.499999999999999112, -6.200984252499999627, 0.3115157474999999954 ) ) ;
#2142 = AXIS2_PLACEMENT_3D ( 'NONE', #1224, #2252, #1389 ) ;
#2143 = CIRCLE ( 'NONE', #912, 0.1000000000000000194 ) ;
#2144 = ORIENTED_EDGE ( 'NONE', *, *, #3419, .T. ) ;
#2145 = ADVANCED_FACE ( 'NONE', ( #3581 ), #1855, .F. ) ;
#2146 = AXIS2_PLACEMENT_3D ( 'NONE', #5201, #3876, #4739 ) ;
#2147 = EDGE_CURVE ( 'NONE', #1094, #3077, #3546, .T. ) ;
#2148 = DIRECTION ( 'NONE',  ( -1.000000000000000000, 0.000000000000000000, 0.000000000000000000 ) ) ;
#2149 = AXIS2_PLACEMENT_3D ( 'NONE', #4070, #2383, #785 ) ;
#2150 = CIRCLE ( 'NONE', #1790, 0.1329999999999998406 ) ;
#2151 = DIRECTION ( 'NONE',  ( -0.000000000000000000, -1.000000000000000000, -1.349060737611981508E-16 ) ) ;
#2152 = DIRECTION ( 'NONE',  ( -1.000000000000000000, 0.000000000000000000, 0.000000000000000000 ) ) ;
#2153 = ORIENTED_EDGE ( 'NONE', *, *, #963, .F. ) ;
#2154 = DIRECTION ( 'NONE',  ( 0.000000000000000000, 0.000000000000000000, -1.000000000000000000 ) ) ;
#2155 = EDGE_CURVE ( 'NONE', #1123, #3746, #1419, .T. ) ;
#2156 = AXIS2_PLACEMENT_3D ( 'NONE', #4302, #1298, #5162 ) ;
#2157 = AXIS2_PLACEMENT_3D ( 'NONE', #1050, #2733, #4418 ) ;
#2158 = DIRECTION ( 'NONE',  ( -1.000000000000000000, -0.000000000000000000, -0.000000000000000000 ) ) ;
#2159 = CARTESIAN_POINT ( 'NONE',  ( 6.375000000000000000, -3.953609334557723454, 1.217644123204584927 ) ) ;
#2160 = CARTESIAN_POINT ( 'NONE',  ( 6.375000000000000000, -0.3799999999999998934, 1.432999999999999607 ) ) ;
#2161 = CARTESIAN_POINT ( 'NONE',  ( 6.332448747338539796, -1.658797499748526638, 0.3937596142339946925 ) ) ;
#2162 = EDGE_CURVE ( 'NONE', #897, #2197, #2048, .T. ) ;
#2163 = VERTEX_POINT ( 'NONE', #629 ) ;
#2164 = DIRECTION ( 'NONE',  ( 1.000000000000000000, 0.000000000000000000, 0.000000000000000000 ) ) ;
#2165 = CARTESIAN_POINT ( 'NONE',  ( 6.274500000000000632, -4.503937009999998686, 1.750000000000000000 ) ) ;
#2166 = VERTEX_POINT ( 'NONE', #4435 ) ;
#2167 = DIRECTION ( 'NONE',  ( -1.000000000000000000, 0.000000000000000000, 0.000000000000000000 ) ) ;
#2168 = VECTOR ( 'NONE', #3017, 39.37007874015748143 ) ;
#2169 = EDGE_LOOP ( 'NONE', ( #3583, #1007, #517, #2200, #3589, #401, #5222, #404 ) ) ;
#2170 = EDGE_CURVE ( 'NONE', #3683, #2032, #3640, .T. ) ;
#2171 = CARTESIAN_POINT ( 'NONE',  ( 6.410965986728699662, -0.4061559921848517662, 0.2430003036325956989 ) ) ;
#2172 = CIRCLE ( 'NONE', #4025, 0.09999999999999989453 ) ;
#2173 = ORIENTED_EDGE ( 'NONE', *, *, #3775, .T. ) ;
#2174 = CARTESIAN_POINT ( 'NONE',  ( -9.639999999999997016, -6.335826773779526633, 1.010826773779527565 ) ) ;
#2175 = DIRECTION ( 'NONE',  ( -1.000000000000000000, 0.000000000000000000, 0.000000000000000000 ) ) ;
#2176 = VERTEX_POINT ( 'NONE', #2663 ) ;
#2177 = EDGE_CURVE ( 'NONE', #2614, #349, #1959, .T. ) ;
#2178 = CARTESIAN_POINT ( 'NONE',  ( 6.506889763779526881, -4.031889763779526348, 2.143131898507867804E-16 ) ) ;
#2179 = PLANE ( 'NONE',  #3029 ) ;
#2180 = ORIENTED_EDGE ( 'NONE', *, *, #2284, .F. ) ;
#2181 = CARTESIAN_POINT ( 'NONE',  ( 6.125000000000000000, -3.270677038116681423, 0.5461694692302064835 ) ) ;
#2182 = VECTOR ( 'NONE', #2075, 39.37007874015748143 ) ;
#2183 = CARTESIAN_POINT ( 'NONE',  ( 6.243110236220472231, -2.000000000000000444, 1.749999999999999556 ) ) ;
#2184 = ORIENTED_EDGE ( 'NONE', *, *, #2693, .F. ) ;
#2185 = EDGE_CURVE ( 'NONE', #1390, #5001, #3940, .T. ) ;
#2186 = DIRECTION ( 'NONE',  ( 0.000000000000000000, -1.156482317317871725E-15, -1.000000000000000000 ) ) ;
#2187 = DIRECTION ( 'NONE',  ( 0.000000000000000000, 0.000000000000000000, -1.000000000000000000 ) ) ;
#2188 = DIRECTION ( 'NONE',  ( 0.000000000000000000, 0.000000000000000000, 1.000000000000000000 ) ) ;
#2189 = DIRECTION ( 'NONE',  ( 0.000000000000000000, 0.000000000000000000, 1.000000000000000000 ) ) ;
#2190 = EDGE_LOOP ( 'NONE', ( #2615, #3406, #1955, #971 ) ) ;
#2191 = DIRECTION ( 'NONE',  ( 0.000000000000000000, 0.000000000000000000, 1.000000000000000000 ) ) ;
#2192 = EDGE_CURVE ( 'NONE', #654, #658, #2637, .T. ) ;
#2193 = DIRECTION ( 'NONE',  ( -0.000000000000000000, 1.000000000000000000, -0.000000000000000000 ) ) ;
#2194 = ORIENTED_EDGE ( 'NONE', *, *, #3287, .F. ) ;
#2195 = ORIENTED_EDGE ( 'NONE', *, *, #1679, .T. ) ;
#2196 = ORIENTED_EDGE ( 'NONE', *, *, #2916, .T. ) ;
#2197 = VERTEX_POINT ( 'NONE', #660 ) ;
#2198 = CARTESIAN_POINT ( 'NONE',  ( 6.125000000000000000, -0.7460099012317151779, 0.8328466574111000886 ) ) ;
#2199 = DIRECTION ( 'NONE',  ( 1.000000000000000000, -0.000000000000000000, -0.000000000000000000 ) ) ;
#2200 = ORIENTED_EDGE ( 'NONE', *, *, #3504, .T. ) ;
#2201 = EDGE_LOOP ( 'NONE', ( #199, #2729, #3765, #4345 ) ) ;
#2202 = CARTESIAN_POINT ( 'NONE',  ( 6.125000000000000000, -6.335826773779526633, 0.6230314949999999907 ) ) ;
#2203 = CARTESIAN_POINT ( 'NONE',  ( 6.624999999999999112, -0.4931102362204725642, 0.9039245083222339217 ) ) ;
#2204 = ADVANCED_FACE ( 'NONE', ( #214, #1888 ), #99, .F. ) ;
#2205 = EDGE_LOOP ( 'NONE', ( #3351, #212, #1359, #2667 ) ) ;
#2206 = CYLINDRICAL_SURFACE ( 'NONE', #1890, 0.4249999999999999889 ) ;
#2207 = ADVANCED_FACE ( 'NONE', ( #1372 ), #3905, .T. ) ;
#2208 = DIRECTION ( 'NONE',  ( -1.000000000000000000, -0.000000000000000000, -0.000000000000000000 ) ) ;
#2209 = ORIENTED_EDGE ( 'NONE', *, *, #5313, .T. ) ;
#2210 = FACE_OUTER_BOUND ( 'NONE', #4236, .T. ) ;
#2211 = CARTESIAN_POINT ( 'NONE',  ( 6.624999999999999112, -2.399999999999999911, -0.1249999999999999861 ) ) ;
#2212 = LINE ( 'NONE', #113, #379 ) ;
#2213 = CARTESIAN_POINT ( 'NONE',  ( 6.375000000000001776, -5.699999999999998401, 0.5300000000000001377 ) ) ;
#2214 = ORIENTED_EDGE ( 'NONE', *, *, #198, .T. ) ;
#2215 = DIRECTION ( 'NONE',  ( 1.000000000000000000, -0.000000000000000000, -0.000000000000000000 ) ) ;
#2216 = EDGE_LOOP ( 'NONE', ( #4289, #4980 ) ) ;
#2217 = EDGE_CURVE ( 'NONE', #4737, #2675, #5178, .T. ) ;
#2218 = CARTESIAN_POINT ( 'NONE',  ( 6.375000000000000000, -1.195882546459554163, 0.8750000000000001110 ) ) ;
#2219 = VERTEX_POINT ( 'NONE', #5000 ) ;
#2220 = CARTESIAN_POINT ( 'NONE',  ( 6.506889763779526881, 2.652276394531333236E-16, 0.4749999999999997002 ) ) ;
#2221 = VERTEX_POINT ( 'NONE', #2520 ) ;
#2222 = ORIENTED_EDGE ( 'NONE', *, *, #226, .F. ) ;
#2223 = VERTEX_POINT ( 'NONE', #2898 ) ;
#2224 = CIRCLE ( 'NONE', #5299, 0.1181102362204725503 ) ;
#2225 = DIRECTION ( 'NONE',  ( 0.000000000000000000, 0.000000000000000000, -1.000000000000000000 ) ) ;
#2226 = CARTESIAN_POINT ( 'NONE',  ( 6.125000000000000000, -5.299999999999999822, 1.875000000000000000 ) ) ;
#2227 = ORIENTED_EDGE ( 'NONE', *, *, #239, .F. ) ;
#2228 = VECTOR ( 'NONE', #5264, 39.37007874015748143 ) ;
#2229 = VERTEX_POINT ( 'NONE', #4582 ) ;
#2230 = FACE_OUTER_BOUND ( 'NONE', #5249, .T. ) ;
#2231 = AXIS2_PLACEMENT_3D ( 'NONE', #3224, #4131, #2387 ) ;
#2232 = VECTOR ( 'NONE', #3159, 39.37007874015748143 ) ;
#2233 = FACE_OUTER_BOUND ( 'NONE', #555, .T. ) ;
#2234 = DIRECTION ( 'NONE',  ( 0.000000000000000000, 0.000000000000000000, -1.000000000000000000 ) ) ;
#2235 = VECTOR ( 'NONE', #4408, 39.37007874015748143 ) ;
#2236 = ORIENTED_EDGE ( 'NONE', *, *, #2718, .T. ) ;
#2237 = DIRECTION ( 'NONE',  ( 1.000000000000000000, 0.000000000000000000, -0.000000000000000000 ) ) ;
#2238 = AXIS2_PLACEMENT_3D ( 'NONE', #5443, #1755, #2623 ) ;
#2239 = EDGE_CURVE ( 'NONE', #699, #185, #2484, .T. ) ;
#2240 = FACE_OUTER_BOUND ( 'NONE', #4042, .T. ) ;
#2241 = CARTESIAN_POINT ( 'NONE',  ( 6.277423813956783505, -3.810379740625795542, 0.9978822026927609556 ) ) ;
#2242 = FACE_OUTER_BOUND ( 'NONE', #4523, .T. ) ;
#2243 = DIRECTION ( 'NONE',  ( -0.000000000000000000, 1.000000000000000000, -0.000000000000000000 ) ) ;
#2244 = VECTOR ( 'NONE', #3773, 39.37007874015748143 ) ;
#2245 = ORIENTED_EDGE ( 'NONE', *, *, #5019, .F. ) ;
#2246 = DIRECTION ( 'NONE',  ( -0.000000000000000000, -0.7337606740181696896, -0.6794080314983045321 ) ) ;
#2247 = AXIS2_PLACEMENT_3D ( 'NONE', #5015, #4085, #4933 ) ;
#2248 = VECTOR ( 'NONE', #4091, 39.37007874015748143 ) ;
#2249 = AXIS2_PLACEMENT_3D ( 'NONE', #3772, #3493, #852 ) ;
#2250 = DIRECTION ( 'NONE',  ( 1.000000000000000000, -0.000000000000000000, -0.000000000000000000 ) ) ;
#2251 = ORIENTED_EDGE ( 'NONE', *, *, #4680, .T. ) ;
#2252 = DIRECTION ( 'NONE',  ( 1.000000000000000000, -0.000000000000000000, -0.000000000000000000 ) ) ;
#2253 = EDGE_CURVE ( 'NONE', #5186, #262, #2073, .T. ) ;
#2254 = EDGE_LOOP ( 'NONE', ( #2308, #4780, #5196, #5031 ) ) ;
#2255 = ORIENTED_EDGE ( 'NONE', *, *, #963, .T. ) ;
#2256 = CIRCLE ( 'NONE', #4278, 0.1329999999999999238 ) ;
#2257 = DIRECTION ( 'NONE',  ( 0.8571673007021117785, 0.000000000000000000, 0.5150380749100550437 ) ) ;
#2258 = DIRECTION ( 'NONE',  ( -0.000000000000000000, 1.000000000000000000, -0.000000000000000000 ) ) ;
#2259 = ORIENTED_EDGE ( 'NONE', *, *, #1469, .T. ) ;
#2260 = CONICAL_SURFACE ( 'NONE', #4724, 0.1004999999999996452, 1.029744258676652979 ) ;
#2261 = DIRECTION ( 'NONE',  ( -1.000000000000000000, 0.000000000000000000, 0.000000000000000000 ) ) ;
#2262 = EDGE_CURVE ( 'NONE', #88, #218, #424, .T. ) ;
#2263 = DIRECTION ( 'NONE',  ( 0.000000000000000000, 0.000000000000000000, 1.000000000000000000 ) ) ;
#2264 = DIRECTION ( 'NONE',  ( 1.000000000000000000, 0.000000000000000000, 0.000000000000000000 ) ) ;
#2265 = CARTESIAN_POINT ( 'NONE',  ( 6.624999999999999112, -6.066141731220471733, 0.7411417312204724439 ) ) ;
#2266 = CIRCLE ( 'NONE', #1993, 0.05905511811023627516 ) ;
#2267 = ORIENTED_EDGE ( 'NONE', *, *, #1106, .T. ) ;
#2268 = CARTESIAN_POINT ( 'NONE',  ( 6.375000000000000000, -4.067521641679253896, 0.3605720252464228448 ) ) ;
#2269 = CARTESIAN_POINT ( 'NONE',  ( 6.624999999999999112, -0.8220924813015453303, 1.169693441600278883 ) ) ;
#2270 = CARTESIAN_POINT ( 'NONE',  ( 6.375000000000000000, -4.503937009999998686, 1.750000000000000000 ) ) ;
#2271 = DIRECTION ( 'NONE',  ( -0.000000000000000000, -1.000000000000000000, -0.000000000000000000 ) ) ;
#2272 = ORIENTED_EDGE ( 'NONE', *, *, #5071, .F. ) ;
#2273 = CARTESIAN_POINT ( 'NONE',  ( 6.125000000000000000, -2.078882640153934425, 0.3749999999999999445 ) ) ;
#2274 = DIRECTION ( 'NONE',  ( 1.000000000000000000, 0.000000000000000000, 0.000000000000000000 ) ) ;
#2275 = EDGE_LOOP ( 'NONE', ( #5014, #570, #5132, #4053 ) ) ;
#2276 = LINE ( 'NONE', #572, #4366 ) ;
#2277 = EDGE_CURVE ( 'NONE', #130, #3304, #2780, .T. ) ;
#2278 = ORIENTED_EDGE ( 'NONE', *, *, #100, .T. ) ;
#2279 = EDGE_CURVE ( 'NONE', #3505, #1968, #5400, .T. ) ;
#2280 = ORIENTED_EDGE ( 'NONE', *, *, #537, .T. ) ;
#2281 = DIRECTION ( 'NONE',  ( 0.000000000000000000, 0.000000000000000000, -1.000000000000000000 ) ) ;
#2282 = DIRECTION ( 'NONE',  ( 0.000000000000000000, -1.000000000000000000, 0.000000000000000000 ) ) ;
#2283 = VERTEX_POINT ( 'NONE', #1757 ) ;
#2284 = EDGE_CURVE ( 'NONE', #5121, #5229, #2583, .T. ) ;
#2285 = CARTESIAN_POINT ( 'NONE',  ( 4.433018566799289850, -4.100661968867309604, 0.4094517315557140713 ) ) ;
#2286 = DIRECTION ( 'NONE',  ( 1.000000000000000000, -0.000000000000000000, -0.000000000000000000 ) ) ;
#2287 = FACE_OUTER_BOUND ( 'NONE', #5357, .T. ) ;
#2288 = DIRECTION ( 'NONE',  ( 0.000000000000000000, 0.000000000000000000, 1.000000000000000000 ) ) ;
#2289 = VERTEX_POINT ( 'NONE', #3837 ) ;
#2290 = CARTESIAN_POINT ( 'NONE',  ( 6.274500000000002409, -5.699999999999998401, 0.000000000000000000 ) ) ;
#2291 = EDGE_CURVE ( 'NONE', #1670, #3160, #3814, .T. ) ;
#2292 = CARTESIAN_POINT ( 'NONE',  ( -9.639999999999997016, -5.948031494999999502, 1.128937010000000019 ) ) ;
#2293 = CARTESIAN_POINT ( 'NONE',  ( 6.506889763779526881, -2.000000000000000444, 1.749999999999999556 ) ) ;
#2294 = CARTESIAN_POINT ( 'NONE',  ( 6.506889763779526881, 0.5000000000000002220, 1.156889763779527458 ) ) ;
#2295 = CARTESIAN_POINT ( 'NONE',  ( 6.125000000000000000, -1.616638072028670825, 0.6849148370861219970 ) ) ;
#2296 = CARTESIAN_POINT ( 'NONE',  ( 6.352961397391209353, -1.651792161278176074, 0.3986728946652869920 ) ) ;
#2297 = EDGE_LOOP ( 'NONE', ( #672, #3093 ) ) ;
#2298 = LINE ( 'NONE', #2324, #4073 ) ;
#2299 = EDGE_LOOP ( 'NONE', ( #1238, #2518, #3303, #4715 ) ) ;
#2300 = VERTEX_POINT ( 'NONE', #1409 ) ;
#2301 = DIRECTION ( 'NONE',  ( -1.000000000000000000, 0.000000000000000000, 0.000000000000000000 ) ) ;
#2302 = LINE ( 'NONE', #3167, #3037 ) ;
#2303 = EDGE_CURVE ( 'NONE', #4673, #2011, #33, .T. ) ;
#2304 = EDGE_LOOP ( 'NONE', ( #13, #3130, #2444, #2067 ) ) ;
#2305 = DIRECTION ( 'NONE',  ( 0.000000000000000000, 0.000000000000000000, 1.000000000000000000 ) ) ;
#2306 = DIRECTION ( 'NONE',  ( -1.000000000000000000, 0.000000000000000000, -0.000000000000000000 ) ) ;
#2307 = ORIENTED_EDGE ( 'NONE', *, *, #4234, .F. ) ;
#2308 = ORIENTED_EDGE ( 'NONE', *, *, #4610, .F. ) ;
#2309 = AXIS2_PLACEMENT_3D ( 'NONE', #2926, #2522, #4207 ) ;
#2310 = CARTESIAN_POINT ( 'NONE',  ( 6.624999999999999112, -2.493145339161162433, 1.082685566649765896 ) ) ;
#2311 = DIRECTION ( 'NONE',  ( -0.000000000000000000, 1.000000000000000000, -0.000000000000000000 ) ) ;
#2312 = CARTESIAN_POINT ( 'NONE',  ( 6.125000000000000000, 0.5000000000000002220, 1.156889763779527458 ) ) ;
#2313 = CARTESIAN_POINT ( 'NONE',  ( 6.624999999999999112, 0.000000000000000000, 0.3749999999999999445 ) ) ;
#2314 = EDGE_CURVE ( 'NONE', #5117, #5171, #5405, .T. ) ;
#2315 = EDGE_CURVE ( 'NONE', #2452, #1897, #4438, .T. ) ;
#2316 = VERTEX_POINT ( 'NONE', #114 ) ;
#2317 = CIRCLE ( 'NONE', #1953, 0.1181102362204724116 ) ;
#2318 = AXIS2_PLACEMENT_3D ( 'NONE', #955, #4820, #1012 ) ;
#2319 = CARTESIAN_POINT ( 'NONE',  ( 6.125000000000000000, -1.064533728148285174, 1.029193626778346360 ) ) ;
#2320 = DIRECTION ( 'NONE',  ( 0.000000000000000000, 5.782411586589358625E-16, 1.000000000000000000 ) ) ;
#2321 = CARTESIAN_POINT ( 'NONE',  ( 6.274499999999932243, -4.503937009999946284, 0.4457194827810625481 ) ) ;
#2322 = EDGE_CURVE ( 'NONE', #3653, #2229, #3099, .T. ) ;
#2323 = EDGE_LOOP ( 'NONE', ( #3624, #2307, #2376, #606 ) ) ;
#2324 = CARTESIAN_POINT ( 'NONE',  ( 6.624999999999999112, -6.200984252499999627, 0.5459157475000000481 ) ) ;
#2325 = AXIS2_PLACEMENT_3D ( 'NONE', #4506, #4461, #4814 ) ;
#2326 = VECTOR ( 'NONE', #2264, 39.37007874015748143 ) ;
#2327 = AXIS2_PLACEMENT_3D ( 'NONE', #1452, #3147, #978 ) ;
#2328 =( CONVERSION_BASED_UNIT ( 'INCH', #1848 ) LENGTH_UNIT ( ) NAMED_UNIT ( #2882 ) );
#2329 = VERTEX_POINT ( 'NONE', #510 ) ;
#2330 = ADVANCED_FACE ( 'NONE', ( #2127 ), #3046, .T. ) ;
#2331 = LINE ( 'NONE', #2377, #5226 ) ;
#2332 = CIRCLE ( 'NONE', #2238, 0.2654999999999999583 ) ;
#2333 = EDGE_LOOP ( 'NONE', ( #3956, #4008, #4199, #1317 ) ) ;
#2334 = AXIS2_PLACEMENT_3D ( 'NONE', #5451, #1308, #3435 ) ;
#2335 = ORIENTED_EDGE ( 'NONE', *, *, #2881, .F. ) ;
#2336 = CARTESIAN_POINT ( 'NONE',  ( 6.624999999999999112, 2.652276394531333236E-16, 1.274999999999999689 ) ) ;
#2337 = ORIENTED_EDGE ( 'NONE', *, *, #1996, .F. ) ;
#2338 = EDGE_CURVE ( 'NONE', #949, #739, #293, .T. ) ;
#2339 = CARTESIAN_POINT ( 'NONE',  ( 6.624999999999999112, -1.575307679196802813, 1.375000000000000000 ) ) ;
#2340 = VECTOR ( 'NONE', #1919, 39.37007874015748143 ) ;
#2341 = CARTESIAN_POINT ( 'NONE',  ( 6.624999999999999112, -3.750000000000000000, 1.750000000000000000 ) ) ;
#2342 = DIRECTION ( 'NONE',  ( 1.000000000000000000, -0.000000000000000000, -0.000000000000000000 ) ) ;
#2343 = DIRECTION ( 'NONE',  ( -1.000000000000000000, 0.000000000000000000, 0.000000000000000000 ) ) ;
#2344 = ORIENTED_EDGE ( 'NONE', *, *, #891, .F. ) ;
#2345 = AXIS2_PLACEMENT_3D ( 'NONE', #4216, #894, #3455 ) ;
#2346 = ADVANCED_FACE ( 'NONE', ( #4668 ), #5166, .T. ) ;
#2347 = LINE ( 'NONE', #1924, #5252 ) ;
#2348 = DIRECTION ( 'NONE',  ( -1.000000000000000000, 0.000000000000000000, 0.000000000000000000 ) ) ;
#2349 = AXIS2_PLACEMENT_3D ( 'NONE', #5013, #3693, #3305 ) ;
#2350 = DIRECTION ( 'NONE',  ( 0.000000000000000000, 0.000000000000000000, 1.000000000000000000 ) ) ;
#2351 = CARTESIAN_POINT ( 'NONE',  ( 6.624999999999999112, -1.722735295240119813, 0.4931102362204723977 ) ) ;
#2352 = EDGE_CURVE ( 'NONE', #4813, #66, #533, .T. ) ;
#2353 = ORIENTED_EDGE ( 'NONE', *, *, #543, .F. ) ;
#2354 = CARTESIAN_POINT ( 'NONE',  ( 6.125000000000000000, 0.000000000000000000, 0.000000000000000000 ) ) ;
#2355 = CYLINDRICAL_SURFACE ( 'NONE', #483, 0.1181102362204724116 ) ;
#2356 = ORIENTED_EDGE ( 'NONE', *, *, #1493, .T. ) ;
#2357 = ADVANCED_FACE ( 'NONE', ( #944 ), #4871, .F. ) ;
#2358 = CYLINDRICAL_SURFACE ( 'NONE', #2952, 0.1004999999999996452 ) ;
#2359 = ORIENTED_EDGE ( 'NONE', *, *, #2028, .T. ) ;
#2360 = CARTESIAN_POINT ( 'NONE',  ( 6.243110236220472231, -3.750000000000000000, 1.874999999999999778 ) ) ;
#2361 = ORIENTED_EDGE ( 'NONE', *, *, #597, .T. ) ;
#2362 = VERTEX_POINT ( 'NONE', #3889 ) ;
#2363 = DIRECTION ( 'NONE',  ( 0.000000000000000000, 0.000000000000000000, -1.000000000000000000 ) ) ;
#2364 = FACE_OUTER_BOUND ( 'NONE', #2440, .T. ) ;
#2365 = LINE ( 'NONE', #4051, #1253 ) ;
#2366 = CARTESIAN_POINT ( 'NONE',  ( 6.125000000000000000, 0.000000000000000000, 0.000000000000000000 ) ) ;
#2367 = ORIENTED_EDGE ( 'NONE', *, *, #3562, .T. ) ;
#2368 = CARTESIAN_POINT ( 'NONE',  ( 6.499999999999999112, -6.200984252499999627, 1.205412009999999867 ) ) ;
#2369 = EDGE_CURVE ( 'NONE', #2051, #2283, #913, .T. ) ;
#2370 = CYLINDRICAL_SURFACE ( 'NONE', #4090, 0.1004999999999985627 ) ;
#2371 = CARTESIAN_POINT ( 'NONE',  ( -8.514999999999998792, -2.078882640153934425, 0.4931102362204723977 ) ) ;
#2372 = ORIENTED_EDGE ( 'NONE', *, *, #1482, .F. ) ;
#2373 = DIRECTION ( 'NONE',  ( -0.000000000000000000, -0.000000000000000000, -1.000000000000000000 ) ) ;
#2374 = EDGE_CURVE ( 'NONE', #2011, #844, #807, .T. ) ;
#2375 = CARTESIAN_POINT ( 'NONE',  ( 6.351185696261213209, -0.4023109854379733341, 1.477064905292141406 ) ) ;
#2376 = ORIENTED_EDGE ( 'NONE', *, *, #5455, .F. ) ;
#2377 = CARTESIAN_POINT ( 'NONE',  ( 6.624999999999999112, -0.3750000000000000555, -2.561107494060247075E-17 ) ) ;
#2378 = CARTESIAN_POINT ( 'NONE',  ( 6.125000000000000000, -6.449999999999999289, -0.1250000000000000278 ) ) ;
#2379 = EDGE_CURVE ( 'NONE', #3503, #4802, #1520, .T. ) ;
#2380 = EDGE_CURVE ( 'NONE', #3022, #1123, #2760, .T. ) ;
#2381 = CARTESIAN_POINT ( 'NONE',  ( 6.130147847478582435, -5.382805865080097618, 1.890657960699892115 ) ) ;
#2382 = VERTEX_POINT ( 'NONE', #1879 ) ;
#2383 = DIRECTION ( 'NONE',  ( 1.000000000000000000, -0.000000000000000000, -0.000000000000000000 ) ) ;
#2384 = EDGE_LOOP ( 'NONE', ( #2438, #1849, #5210, #4403 ) ) ;
#2385 = DIRECTION ( 'NONE',  ( 1.000000000000000000, 0.000000000000000000, 0.000000000000000000 ) ) ;
#2386 = CARTESIAN_POINT ( 'NONE',  ( 6.624999999999999112, -0.9483640558764855344, 1.054325315746391656 ) ) ;
#2387 = DIRECTION ( 'NONE',  ( 0.000000000000000000, 0.000000000000000000, -1.000000000000000000 ) ) ;
#2388 = EDGE_CURVE ( 'NONE', #5403, #362, #2741, .T. ) ;
#2389 = LINE ( 'NONE', #2911, #5404 ) ;
#2390 = ORIENTED_EDGE ( 'NONE', *, *, #3823, .F. ) ;
#2391 = FACE_OUTER_BOUND ( 'NONE', #2275, .T. ) ;
#2392 = ORIENTED_EDGE ( 'NONE', *, *, #423, .F. ) ;
#2393 = CYLINDRICAL_SURFACE ( 'NONE', #4096, 0.1004999999999996452 ) ;
#2394 = LINE ( 'NONE', #4086, #2399 ) ;
#2395 = AXIS2_PLACEMENT_3D ( 'NONE', #4912, #3208, #2456 ) ;
#2396 = VERTEX_POINT ( 'NONE', #5251 ) ;
#2397 = DIRECTION ( 'NONE',  ( 1.000000000000000000, 0.000000000000000000, -0.000000000000000000 ) ) ;
#2398 = EDGE_CURVE ( 'NONE', #5420, #1284, #1006, .T. ) ;
#2399 = VECTOR ( 'NONE', #1183, 39.37007874015748143 ) ;
#2400 = FACE_OUTER_BOUND ( 'NONE', #4071, .T. ) ;
#2401 = CARTESIAN_POINT ( 'NONE',  ( 6.624999999999999112, -4.199342881615018896, 0.4495759088631432476 ) ) ;
#2402 = DIRECTION ( 'NONE',  ( 0.000000000000000000, 0.000000000000000000, -1.000000000000000000 ) ) ;
#2403 = DIRECTION ( 'NONE',  ( -0.000000000000000000, -0.000000000000000000, -1.000000000000000000 ) ) ;
#2404 = CIRCLE ( 'NONE', #736, 0.1000000000000000194 ) ;
#2405 = AXIS2_PLACEMENT_3D ( 'NONE', #189, #4052, #4028 ) ;
#2406 = CIRCLE ( 'NONE', #4260, 0.1004999999999985627 ) ;
#2407 = CIRCLE ( 'NONE', #2847, 0.1250000000000004441 ) ;
#2408 = ADVANCED_FACE ( 'NONE', ( #705 ), #4486, .F. ) ;
#2409 = CARTESIAN_POINT ( 'NONE',  ( 6.125000000000000000, -5.418110236220472054, 1.908492892821325837 ) ) ;
#2410 = ORIENTED_EDGE ( 'NONE', *, *, #4508, .T. ) ;
#2411 = CONICAL_SURFACE ( 'NONE', #2029, 0.1004999999999996452, 1.029744258676653423 ) ;
#2412 = DIRECTION ( 'NONE',  ( -0.000000000000000000, -0.000000000000000000, 1.000000000000000000 ) ) ;
#2413 = CIRCLE ( 'NONE', #3920, 0.2344000000000001083 ) ;
#2414 = EDGE_LOOP ( 'NONE', ( #4102, #286, #3605, #5278 ) ) ;
#2415 = VECTOR ( 'NONE', #4115, 39.37007874015748854 ) ;
#2416 = DIRECTION ( 'NONE',  ( 1.000000000000000000, -0.000000000000000000, -0.000000000000000000 ) ) ;
#2417 = CIRCLE ( 'NONE', #43, 0.6250000000000000000 ) ;
#2418 = ADVANCED_FACE ( 'NONE', ( #3651 ), #3187, .F. ) ;
#2419 = CARTESIAN_POINT ( 'NONE',  ( 6.375000000000000000, -3.987771497362133655, 0.2229550020317796200 ) ) ;
#2420 = DIRECTION ( 'NONE',  ( 0.000000000000000000, 1.224646799147353454E-16, -1.000000000000000000 ) ) ;
#2421 = CONICAL_SURFACE ( 'NONE', #3395, 0.1004999999999996452, 1.029744258676652979 ) ;
#2422 = VERTEX_POINT ( 'NONE', #5276 ) ;
#2423 = EDGE_CURVE ( 'NONE', #2032, #3056, #1496, .T. ) ;
#2424 = ORIENTED_EDGE ( 'NONE', *, *, #2903, .T. ) ;
#2425 = CARTESIAN_POINT ( 'NONE',  ( 6.416195922175887745, -1.591868038516201400, 1.373853327701060723 ) ) ;
#2426 = VECTOR ( 'NONE', #3973, 39.37007874015748143 ) ;
#2427 = EDGE_LOOP ( 'NONE', ( #5462, #729, #2534, #4291 ) ) ;
#2428 = CARTESIAN_POINT ( 'NONE',  ( 6.624999999999999112, -0.2362569331793608063, -0.3058399077736656535 ) ) ;
#2429 = FACE_OUTER_BOUND ( 'NONE', #2304, .T. ) ;
#2430 = AXIS2_PLACEMENT_3D ( 'NONE', #2571, #5110, #5137 ) ;
#2431 = ORIENTED_EDGE ( 'NONE', *, *, #718, .F. ) ;
#2432 = CARTESIAN_POINT ( 'NONE',  ( 6.624999999999999112, -1.722735295240119813, 0.3749999999999999445 ) ) ;
#2433 = LINE ( 'NONE', #3701, #1008 ) ;
#2434 = CARTESIAN_POINT ( 'NONE',  ( 6.624999999999999112, -4.100661968867309604, 0.4094517315557140713 ) ) ;
#2435 = CARTESIAN_POINT ( 'NONE',  ( 6.624999999999999112, -5.475640568704954525, 1.959374999999999867 ) ) ;
#2436 = CARTESIAN_POINT ( 'NONE',  ( 6.375000000000000000, 0.5000000000000000000, 0.1579999999999997795 ) ) ;
#2437 = AXIS2_PLACEMENT_3D ( 'NONE', #2535, #2148, #904 ) ;
#2438 = ORIENTED_EDGE ( 'NONE', *, *, #5088, .T. ) ;
#2439 = DIRECTION ( 'NONE',  ( -1.000000000000000000, 0.000000000000000000, 0.000000000000000000 ) ) ;
#2440 = EDGE_LOOP ( 'NONE', ( #2046, #273, #4894, #3582 ) ) ;
#2441 = ADVANCED_FACE ( 'NONE', ( #4462 ), #2355, .F. ) ;
#2442 = DIRECTION ( 'NONE',  ( -0.000000000000000000, -0.000000000000000000, -1.000000000000000000 ) ) ;
#2443 = EDGE_CURVE ( 'NONE', #751, #3022, #2458, .T. ) ;
#2444 = ORIENTED_EDGE ( 'NONE', *, *, #4990, .F. ) ;
#2445 = PLANE ( 'NONE',  #3933 ) ;
#2446 = VECTOR ( 'NONE', #3286, 39.37007874015748143 ) ;
#2447 = CARTESIAN_POINT ( 'NONE',  ( 6.624999999999999112, -6.799999999999999822, 0.3749999999999988898 ) ) ;
#2448 = DIRECTION ( 'NONE',  ( -0.000000000000000000, -1.000000000000000000, -1.224646799147353207E-16 ) ) ;
#2449 = VERTEX_POINT ( 'NONE', #1625 ) ;
#2450 = ADVANCED_FACE ( 'NONE', ( #5021, #754 ), #4969, .F. ) ;
#2451 = FACE_OUTER_BOUND ( 'NONE', #5037, .T. ) ;
#2452 = VERTEX_POINT ( 'NONE', #1188 ) ;
#2453 = LINE ( 'NONE', #307, #220 ) ;
#2454 = DIRECTION ( 'NONE',  ( 0.000000000000000000, 0.000000000000000000, -1.000000000000000000 ) ) ;
#2455 = ORIENTED_EDGE ( 'NONE', *, *, #2551, .F. ) ;
#2456 = DIRECTION ( 'NONE',  ( -1.000000000000000000, 0.000000000000000000, 0.000000000000000000 ) ) ;
#2457 = DIRECTION ( 'NONE',  ( 0.000000000000000000, 0.5150380749100522682, 0.8571673007021134438 ) ) ;
#2458 = LINE ( 'NONE', #1209, #1963 ) ;
#2459 = CARTESIAN_POINT ( 'NONE',  ( 6.375000000000000000, -3.810379740625795542, 0.7318822026927611635 ) ) ;
#2460 = DIRECTION ( 'NONE',  ( 0.000000000000000000, 0.000000000000000000, 1.000000000000000000 ) ) ;
#2461 = ORIENTED_EDGE ( 'NONE', *, *, #1038, .T. ) ;
#2462 = CARTESIAN_POINT ( 'NONE',  ( 6.375000000000000000, -1.499999999999998446, 1.750000000000000000 ) ) ;
#2463 = ORIENTED_EDGE ( 'NONE', *, *, #2782, .F. ) ;
#2464 = LINE ( 'NONE', #4046, #1962 ) ;
#2465 = EDGE_LOOP ( 'NONE', ( #2549, #4888, #4492, #3424 ) ) ;
#2466 = ORIENTED_EDGE ( 'NONE', *, *, #2879, .T. ) ;
#2467 = DIRECTION ( 'NONE',  ( -0.000000000000000000, -0.000000000000000000, -1.000000000000000000 ) ) ;
#2468 = CARTESIAN_POINT ( 'NONE',  ( 0.000000000000000000, 0.000000000000000000, 0.000000000000000000 ) ) ;
#2469 = DIRECTION ( 'NONE',  ( 0.000000000000000000, 0.000000000000000000, 1.000000000000000000 ) ) ;
#2470 = CARTESIAN_POINT ( 'NONE',  ( 6.506889763779526881, -7.263505523289314782E-17, 0.5931102362204720979 ) ) ;
#2471 = ORIENTED_EDGE ( 'NONE', *, *, #5220, .T. ) ;
#2472 = CARTESIAN_POINT ( 'NONE',  ( 6.624999999999999112, -5.768374849879879918, 1.725000000000000089 ) ) ;
#2473 = EDGE_CURVE ( 'NONE', #4253, #5300, #2070, .T. ) ;
#2474 = CARTESIAN_POINT ( 'NONE',  ( 6.438556605687504764, -0.4219189547813468333, 0.3987383716518392296 ) ) ;
#2475 = EDGE_CURVE ( 'NONE', #549, #5142, #3703, .T. ) ;
#2476 = CARTESIAN_POINT ( 'NONE',  ( 6.410965986728696109, -0.4061559921848520438, 1.518000303632595749 ) ) ;
#2477 = VERTEX_POINT ( 'NONE', #2921 ) ;
#2478 = DIRECTION ( 'NONE',  ( 1.000000000000000000, -0.000000000000000000, -0.000000000000000000 ) ) ;
#2479 = DIRECTION ( 'NONE',  ( -1.000000000000000000, 0.000000000000000000, 0.000000000000000000 ) ) ;
#2480 = VECTOR ( 'NONE', #2483, 39.37007874015748143 ) ;
#2481 = CARTESIAN_POINT ( 'NONE',  ( 6.125000000000000000, 0.000000000000000000, 0.000000000000000000 ) ) ;
#2482 = DIRECTION ( 'NONE',  ( 0.000000000000000000, 0.000000000000000000, 1.000000000000000000 ) ) ;
#2483 = DIRECTION ( 'NONE',  ( -0.000000000000000000, 1.000000000000000000, -0.000000000000000000 ) ) ;
#2484 = LINE ( 'NONE', #3604, #3999 ) ;
#2485 = ORIENTED_EDGE ( 'NONE', *, *, #18, .T. ) ;
#2486 = CARTESIAN_POINT ( 'NONE',  ( 4.433018566799289850, -4.042613218174444079, 1.144878001379056265 ) ) ;
#2487 = AXIS2_PLACEMENT_3D ( 'NONE', #5067, #2504, #495 ) ;
#2488 = ORIENTED_EDGE ( 'NONE', *, *, #797, .T. ) ;
#2489 = EDGE_CURVE ( 'NONE', #2976, #240, #1573, .T. ) ;
#2490 = FILL_AREA_STYLE_COLOUR ( '', #2790 ) ;
#2491 = ORIENTED_EDGE ( 'NONE', *, *, #12, .F. ) ;
#2492 = VECTOR ( 'NONE', #2286, 39.37007874015748143 ) ;
#2493 = AXIS2_PLACEMENT_3D ( 'NONE', #173, #1843, #2350 ) ;
#2494 = AXIS2_PLACEMENT_3D ( 'NONE', #1516, #601, #3958 ) ;
#2495 = CARTESIAN_POINT ( 'NONE',  ( 6.375000000000000000, -0.3994999999999987450, 0.2845465500941665726 ) ) ;
#2496 = EDGE_LOOP ( 'NONE', ( #5265, #95, #1659, #686 ) ) ;
#2497 = AXIS2_PLACEMENT_3D ( 'NONE', #2870, #1991, #3318 ) ;
#2498 = AXIS2_PLACEMENT_3D ( 'NONE', #2561, #2588, #1725 ) ;
#2499 = VECTOR ( 'NONE', #2772, 39.37007874015748143 ) ;
#2500 = CARTESIAN_POINT ( 'NONE',  ( 6.374999999999998224, -0.4999999999999984457, 0.000000000000000000 ) ) ;
#2501 = CARTESIAN_POINT ( 'NONE',  ( 6.624999999999999112, -2.062983729403350175, 1.074144136046395914 ) ) ;
#2502 = VECTOR ( 'NONE', #4898, 39.37007874015748143 ) ;
#2503 = CARTESIAN_POINT ( 'NONE',  ( 6.125000000000000000, -1.661364675642385880, 0.7950353414225328486 ) ) ;
#2504 = DIRECTION ( 'NONE',  ( 0.000000000000000000, 1.000000000000000000, -4.268512490100410416E-16 ) ) ;
#2505 = EDGE_CURVE ( 'NONE', #4945, #4935, #4170, .T. ) ;
#2506 = PRODUCT ( 'Side Plate R', 'Side Plate R', '', ( #2555 ) ) ;
#2507 = ORIENTED_EDGE ( 'NONE', *, *, #2693, .T. ) ;
#2508 = VECTOR ( 'NONE', #3239, 39.37007874015748143 ) ;
#2509 = CONICAL_SURFACE ( 'NONE', #3129, 0.1004999999999996452, 1.029744258676653423 ) ;
#2510 = AXIS2_PLACEMENT_3D ( 'NONE', #4217, #972, #4341 ) ;
#2511 = CARTESIAN_POINT ( 'NONE',  ( 6.350913253185224150, -1.597757283301037390, 1.372852171608707650 ) ) ;
#2512 = DIRECTION ( 'NONE',  ( 0.000000000000000000, 0.000000000000000000, 1.000000000000000000 ) ) ;
#2513 = FACE_OUTER_BOUND ( 'NONE', #4653, .T. ) ;
#2514 = ORIENTED_EDGE ( 'NONE', *, *, #360, .T. ) ;
#2515 = EDGE_CURVE ( 'NONE', #5388, #3659, #3283, .T. ) ;
#2516 = DIRECTION ( 'NONE',  ( 0.000000000000000000, 0.000000000000000000, 1.000000000000000000 ) ) ;
#2517 = DIRECTION ( 'NONE',  ( -0.000000000000000000, -0.000000000000000000, -1.000000000000000000 ) ) ;
#2518 = ORIENTED_EDGE ( 'NONE', *, *, #4061, .F. ) ;
#2519 = CARTESIAN_POINT ( 'NONE',  ( 6.125000000000000000, -4.031889763779526348, -0.1249999999999997918 ) ) ;
#2520 = CARTESIAN_POINT ( 'NONE',  ( 6.375000000000000000, -2.463535137063221914, 1.090645255348624554 ) ) ;
#2521 = ORIENTED_EDGE ( 'NONE', *, *, #496, .F. ) ;
#2522 = DIRECTION ( 'NONE',  ( -1.000000000000000000, 0.000000000000000000, 0.000000000000000000 ) ) ;
#2523 = ORIENTED_EDGE ( 'NONE', *, *, #1329, .F. ) ;
#2524 = FILL_AREA_STYLE ('',( #2490 ) ) ;
#2525 = ORIENTED_EDGE ( 'NONE', *, *, #1159, .F. ) ;
#2526 = AXIS2_PLACEMENT_3D ( 'NONE', #3136, #4779, #1362 ) ;
#2527 = CARTESIAN_POINT ( 'NONE',  ( 6.124999999999995559, -2.078882640153934425, 0.3749999999999999445 ) ) ;
#2528 = VERTEX_POINT ( 'NONE', #4611 ) ;
#2529 = ORIENTED_EDGE ( 'NONE', *, *, #2037, .T. ) ;
#2530 = CYLINDRICAL_SURFACE ( 'NONE', #2345, 0.1250000000000004441 ) ;
#2531 = FACE_OUTER_BOUND ( 'NONE', #3942, .T. ) ;
#2532 = CARTESIAN_POINT ( 'NONE',  ( 6.624999999999999112, -6.200984252499999627, 1.439812010000000031 ) ) ;
#2533 = LINE ( 'NONE', #3440, #3635 ) ;
#2534 = ORIENTED_EDGE ( 'NONE', *, *, #1110, .T. ) ;
#2535 = CARTESIAN_POINT ( 'NONE',  ( -8.514999999999998792, -0.9017594713191711131, 1.256889763779527325 ) ) ;
#2536 = CARTESIAN_POINT ( 'NONE',  ( 6.474802927892280735, -0.4864068917614852716, 0.3749999999999997780 ) ) ;
#2537 = LINE ( 'NONE', #4639, #737 ) ;
#2538 = ORIENTED_EDGE ( 'NONE', *, *, #4591, .T. ) ;
#2539 = EDGE_CURVE ( 'NONE', #3830, #4604, #1695, .T. ) ;
#2540 = DIRECTION ( 'NONE',  ( 0.000000000000000000, 0.6794080314983046431, -0.7337606740181698006 ) ) ;
#2541 = LINE ( 'NONE', #964, #4002 ) ;
#2542 = CARTESIAN_POINT ( 'NONE',  ( 6.375000000000000000, -0.3799999999999998934, 1.591999999999999860 ) ) ;
#2543 = CARTESIAN_POINT ( 'NONE',  ( 6.624999999999999112, -4.116465171358374420, 0.3936180216387696884 ) ) ;
#2544 = ADVANCED_FACE ( 'NONE', ( #4122 ), #2895, .F. ) ;
#2545 = DIRECTION ( 'NONE',  ( 0.000000000000000000, -4.268512490100409923E-16, -1.000000000000000000 ) ) ;
#2546 = VERTEX_POINT ( 'NONE', #1134 ) ;
#2547 = LINE ( 'NONE', #2486, #2182 ) ;
#2548 = EDGE_LOOP ( 'NONE', ( #5363, #4671, #1115, #4043 ) ) ;
#2549 = ORIENTED_EDGE ( 'NONE', *, *, #3333, .T. ) ;
#2550 = EDGE_CURVE ( 'NONE', #2382, #4459, #2869, .T. ) ;
#2551 = EDGE_CURVE ( 'NONE', #469, #536, #1261, .T. ) ;
#2552 = CARTESIAN_POINT ( 'NONE',  ( 6.506889763779526881, 2.652276394531333236E-16, 0.4749999999999997002 ) ) ;
#2553 = ORIENTED_EDGE ( 'NONE', *, *, #3857, .T. ) ;
#2554 = DIRECTION ( 'NONE',  ( 1.000000000000000000, -0.000000000000000000, -0.000000000000000000 ) ) ;
#2555 = PRODUCT_CONTEXT ( 'NONE', #1561, 'mechanical' ) ;
#2556 = LINE ( 'NONE', #1720, #3561 ) ;
#2557 = DIRECTION ( 'NONE',  ( 0.000000000000000000, 0.000000000000000000, 1.000000000000000000 ) ) ;
#2558 = VERTEX_POINT ( 'NONE', #1155 ) ;
#2559 = EDGE_CURVE ( 'NONE', #4310, #4935, #3124, .T. ) ;
#2560 = DIRECTION ( 'NONE',  ( 0.000000000000000000, 8.673617379884037050E-15, -1.000000000000000000 ) ) ;
#2561 = CARTESIAN_POINT ( 'NONE',  ( -8.514999999999998792, 0.000000000000000000, 0.3749999999999999445 ) ) ;
#2562 = ORIENTED_EDGE ( 'NONE', *, *, #418, .F. ) ;
#2563 = DIRECTION ( 'NONE',  ( 0.000000000000000000, 0.000000000000000000, 1.000000000000000000 ) ) ;
#2564 = DIRECTION ( 'NONE',  ( 0.000000000000000000, 0.000000000000000000, 1.000000000000000000 ) ) ;
#2565 = CARTESIAN_POINT ( 'NONE',  ( 6.125000000000000000, 0.000000000000000000, 0.000000000000000000 ) ) ;
#2566 = CARTESIAN_POINT ( 'NONE',  ( 6.624999999999999112, -6.200984252499999627, 0.07711574749999990097 ) ) ;
#2567 = CARTESIAN_POINT ( 'NONE',  ( 6.306104933518398958, -1.676636433811831361, 0.3842894352938010516 ) ) ;
#2568 = ORIENTED_EDGE ( 'NONE', *, *, #1896, .F. ) ;
#2569 = DIRECTION ( 'NONE',  ( -1.000000000000000000, 0.000000000000000000, 0.000000000000000000 ) ) ;
#2570 = ORIENTED_EDGE ( 'NONE', *, *, #2374, .T. ) ;
#2571 = CARTESIAN_POINT ( 'NONE',  ( 6.375000000000000000, -2.463535137063221914, 1.031590137238388438 ) ) ;
#2572 = VERTEX_POINT ( 'NONE', #799 ) ;
#2573 = DIRECTION ( 'NONE',  ( 0.000000000000000000, 0.6745138488158975987, -0.7382621944509718537 ) ) ;
#2574 = VECTOR ( 'NONE', #4834, 39.37007874015748143 ) ;
#2575 = ORIENTED_EDGE ( 'NONE', *, *, #5203, .F. ) ;
#2576 = EDGE_CURVE ( 'NONE', #1871, #1226, #2040, .T. ) ;
#2577 = CARTESIAN_POINT ( 'NONE',  ( 6.624999999999999112, 0.5000000000000002220, 1.156889763779527458 ) ) ;
#2578 = CIRCLE ( 'NONE', #2838, 0.4249999999999999889 ) ;
#2579 = EDGE_LOOP ( 'NONE', ( #5378, #4758, #2272, #3874, #1032, #1072 ) ) ;
#2580 = DIRECTION ( 'NONE',  ( 0.000000000000000000, 0.000000000000000000, 1.000000000000000000 ) ) ;
#2581 = AXIS2_PLACEMENT_3D ( 'NONE', #1850, #2717, #4040 ) ;
#2582 = EDGE_LOOP ( 'NONE', ( #2997, #5366, #5216, #2781 ) ) ;
#2583 = CIRCLE ( 'NONE', #4706, 0.07950000000000007061 ) ;
#2584 = EDGE_CURVE ( 'NONE', #2600, #4932, #3728, .T. ) ;
#2585 = AXIS2_PLACEMENT_3D ( 'NONE', #3939, #1829, #4407 ) ;
#2586 = CIRCLE ( 'NONE', #4793, 0.1181102362204725503 ) ;
#2587 = CARTESIAN_POINT ( 'NONE',  ( 6.624999999999999112, -6.799999999999999822, 0.8749999999999995559 ) ) ;
#2588 = DIRECTION ( 'NONE',  ( 0.000000000000000000, 0.000000000000000000, -1.000000000000000000 ) ) ;
#2589 = VECTOR ( 'NONE', #1035, 39.37007874015748143 ) ;
#2590 = EDGE_LOOP ( 'NONE', ( #1197, #1802, #646, #1939 ) ) ;
#2591 = DIRECTION ( 'NONE',  ( 0.000000000000000000, 1.000000000000000000, -4.268512490100410416E-16 ) ) ;
#2592 = EDGE_CURVE ( 'NONE', #2976, #1761, #2679, .T. ) ;
#2593 = CIRCLE ( 'NONE', #1974, 0.1181102362204724116 ) ;
#2594 = AXIS2_PLACEMENT_3D ( 'NONE', #4395, #4478, #253 ) ;
#2595 = CARTESIAN_POINT ( 'NONE',  ( 6.624999999999999112, -0.05285860595646864335, -0.06842665293762123513 ) ) ;
#2596 = DIRECTION ( 'NONE',  ( 0.000000000000000000, 1.000000000000000000, 1.349060737611981508E-16 ) ) ;
#2597 = FACE_OUTER_BOUND ( 'NONE', #2169, .T. ) ;
#2598 = CYLINDRICAL_SURFACE ( 'NONE', #5224, 0.1562499999999997224 ) ;
#2599 = CARTESIAN_POINT ( 'NONE',  ( 6.347691916741845297, -1.653129206845743715, 0.3976660198402702795 ) ) ;
#2600 = VERTEX_POINT ( 'NONE', #313 ) ;
#2601 = DIRECTION ( 'NONE',  ( 0.000000000000000000, 0.000000000000000000, -1.000000000000000000 ) ) ;
#2602 = UNCERTAINTY_MEASURE_WITH_UNIT (LENGTH_MEASURE( 1.000000000000000082E-05 ), #2328, 'distance_accuracy_value', 'NONE');
#2603 = LINE ( 'NONE', #4181, #2697 ) ;
#2604 = ORIENTED_EDGE ( 'NONE', *, *, #1760, .F. ) ;
#2605 = CLOSED_SHELL ( 'NONE', ( #3400, #878, #4699, #987, #3289, #5077, #5332, #858, #1517, #1023, #1628, #3209, #5012, #2544, #3188, #3609, #1216, #4777, #1688, #4840, #4336, #2957, #4069, #2418, #2441, #1059, #2750, #4431, #3073, #663, #1858, #4483, #3489, #1428, #4188, #3600, #1987, #933, #4272, #1220, #874, #1825, #2450, #2204, #4378, #4852, #2618, #9, #2408, #4303, #3740, #5285, #818, #4104, #191, #326, #551, #3935, #3473, #3165, #3577, #2851, #527, #893, #5246, #19, #3466, #5267, #957, #684, #899, #2979, #4765, #869, #3032, #1531, #1237, #403, #4383, #3850, #3928, #1857, #3714, #4157, #5187, #5441, #4037, #2145, #2826, #1227, #605, #5136, #3702, #393, #5197, #4538, #5277, #3529, #2714, #4232, #4328, #4445, #1071, #2786, #2357, #4460, #777, #4846, #5173, #5373, #4337, #3820, #3134, #5380, #3879, #3250, #2886, #471, #52, #4811, #1937, #3686, #4675, #2064, #2105, #1729, #1193, #4120, #2792, #2807, #4600, #164, #123, #2912, #4785, #4903, #4909, #4943, #5180, #203, #1807, #766, #4674, #3148, #3974, #573, #3067, #4144, #451, #2346, #2207, #2330, #1034, #526, #5310, #4368, #603, #3459, #2822 ) ) ;
#2606 = ORIENTED_EDGE ( 'NONE', *, *, #1186, .T. ) ;
#2607 = EDGE_LOOP ( 'NONE', ( #1796, #4182, #5054, #4314, #5199, #2410 ) ) ;
#2608 = EDGE_CURVE ( 'NONE', #4809, #3784, #2586, .T. ) ;
#2609 = AXIS2_PLACEMENT_3D ( 'NONE', #748, #4931, #4989 ) ;
#2610 = EDGE_LOOP ( 'NONE', ( #2153, #1332, #1912, #3598, #5243, #1507, #5011, #1055, #2027 ) ) ;
#2611 = CARTESIAN_POINT ( 'NONE',  ( 6.506889763779526881, 0.5000000000000002220, 1.274999999999999911 ) ) ;
#2612 = CARTESIAN_POINT ( 'NONE',  ( 6.243110236220472231, -4.149999999999999467, 2.143131898507867804E-16 ) ) ;
#2613 = EDGE_CURVE ( 'NONE', #1445, #218, #2332, .T. ) ;
#2614 = VERTEX_POINT ( 'NONE', #5128 ) ;
#2615 = ORIENTED_EDGE ( 'NONE', *, *, #2134, .F. ) ;
#2616 = CARTESIAN_POINT ( 'NONE',  ( 6.473665465242518735, -0.4797986259397675757, 0.3755785194864380561 ) ) ;
#2617 = CARTESIAN_POINT ( 'NONE',  ( 6.125000000000000000, 0.000000000000000000, 0.000000000000000000 ) ) ;
#2618 = ADVANCED_FACE ( 'NONE', ( #2210 ), #2124, .F. ) ;
#2619 = ORIENTED_EDGE ( 'NONE', *, *, #4740, .F. ) ;
#2620 = CARTESIAN_POINT ( 'NONE',  ( 6.375000000000000000, -4.093708647585820870, 1.056212681170878964 ) ) ;
#2621 = CIRCLE ( 'NONE', #3679, 0.2655000000000002358 ) ;
#2622 = CARTESIAN_POINT ( 'NONE',  ( 6.624999999999999112, -6.799999999999999822, 0.6249999999999992228 ) ) ;
#2623 = DIRECTION ( 'NONE',  ( 0.000000000000000000, 0.000000000000000000, -1.000000000000000000 ) ) ;
#2624 = CARTESIAN_POINT ( 'NONE',  ( 6.475500000000001144, -4.514311384007565486, 0.4344159809090440971 ) ) ;
#2625 = DIRECTION ( 'NONE',  ( 0.000000000000000000, -5.463695987328525648E-15, 1.000000000000000000 ) ) ;
#2626 = DIRECTION ( 'NONE',  ( 0.000000000000000000, 0.000000000000000000, -1.000000000000000000 ) ) ;
#2627 = VERTEX_POINT ( 'NONE', #5163 ) ;
#2628 = CARTESIAN_POINT ( 'NONE',  ( 6.624999999999999112, -1.195882546459554163, 0.6250000000000000000 ) ) ;
#2629 = VERTEX_POINT ( 'NONE', #4330 ) ;
#2630 = ORIENTED_EDGE ( 'NONE', *, *, #3393, .T. ) ;
#2631 = EDGE_CURVE ( 'NONE', #262, #5403, #216, .T. ) ;
#2632 = DIRECTION ( 'NONE',  ( 0.8571673007021114454, 1.049727191138617463E-16, -0.5150380749100553768 ) ) ;
#2633 = EDGE_LOOP ( 'NONE', ( #2255, #909, #5191, #4056 ) ) ;
#2634 = ORIENTED_EDGE ( 'NONE', *, *, #5007, .T. ) ;
#2635 = ORIENTED_EDGE ( 'NONE', *, *, #1768, .F. ) ;
#2636 = CARTESIAN_POINT ( 'NONE',  ( 6.624999999999999112, -0.9564965289588419628, 1.046895075161945465 ) ) ;
#2637 = LINE ( 'NONE', #3987, #211 ) ;
#2638 = EDGE_CURVE ( 'NONE', #175, #2801, #560, .T. ) ;
#2639 = VERTEX_POINT ( 'NONE', #111 ) ;
#2640 = DIRECTION ( 'NONE',  ( 0.000000000000000000, 0.000000000000000000, 1.000000000000000000 ) ) ;
#2641 = DIRECTION ( 'NONE',  ( 0.000000000000000000, 0.000000000000000000, 1.000000000000000000 ) ) ;
#2642 = CYLINDRICAL_SURFACE ( 'NONE', #3725, 0.1562499999999997224 ) ;
#2643 = FACE_OUTER_BOUND ( 'NONE', #2323, .T. ) ;
#2644 = ORIENTED_EDGE ( 'NONE', *, *, #1367, .F. ) ;
#2645 = CARTESIAN_POINT ( 'NONE',  ( 6.624999999999999112, -0.6690297976789886247, 0.4931102362204723977 ) ) ;
#2646 = EDGE_CURVE ( 'NONE', #4618, #5147, #4446, .T. ) ;
#2647 = CARTESIAN_POINT ( 'NONE',  ( 6.125000000000000000, -6.200984252499999627, 1.439812010000000031 ) ) ;
#2648 = CARTESIAN_POINT ( 'NONE',  ( 6.318304495663155329, -4.587217428566471078, 0.3746347270816716701 ) ) ;
#2649 = LINE ( 'NONE', #4332, #4079 ) ;
#2650 = DIRECTION ( 'NONE',  ( -0.000000000000000000, -1.000000000000000000, -1.224646799147353207E-16 ) ) ;
#2651 = ORIENTED_EDGE ( 'NONE', *, *, #3409, .F. ) ;
#2652 = CARTESIAN_POINT ( 'NONE',  ( 6.125000000000000000, -2.710379740625795009, 0.5616031838164468049 ) ) ;
#2653 = EDGE_CURVE ( 'NONE', #2904, #3332, #3922, .T. ) ;
#2654 = CARTESIAN_POINT ( 'NONE',  ( 6.624999999999999112, 0.000000000000000000, 0.000000000000000000 ) ) ;
#2655 = VERTEX_POINT ( 'NONE', #1299 ) ;
#2656 = DIRECTION ( 'NONE',  ( 0.000000000000000000, 1.000000000000000000, 9.313118160219072879E-17 ) ) ;
#2657 = ORIENTED_EDGE ( 'NONE', *, *, #4634, .F. ) ;
#2658 = VERTEX_POINT ( 'NONE', #530 ) ;
#2659 = CARTESIAN_POINT ( 'NONE',  ( 6.375000000000000000, -1.195882546459554163, 0.4687500000000002776 ) ) ;
#2660 = EDGE_LOOP ( 'NONE', ( #1264, #405, #1195, #3656 ) ) ;
#2661 = AXIS2_PLACEMENT_3D ( 'NONE', #3515, #2713, #3954 ) ;
#2662 = DIRECTION ( 'NONE',  ( 1.000000000000000000, -0.000000000000000000, -0.000000000000000000 ) ) ;
#2663 = CARTESIAN_POINT ( 'NONE',  ( 6.624999999999999112, -2.574015011687791787, 0.2744591139550258130 ) ) ;
#2664 = VERTEX_POINT ( 'NONE', #506 ) ;
#2665 = CIRCLE ( 'NONE', #3023, 0.07950000000000007061 ) ;
#2666 = VECTOR ( 'NONE', #4306, 39.37007874015748143 ) ;
#2667 = ORIENTED_EDGE ( 'NONE', *, *, #5423, .T. ) ;
#2668 = CARTESIAN_POINT ( 'NONE',  ( 4.433018566799289850, -2.463535137063221914, 1.031590137238388438 ) ) ;
#2669 = FACE_OUTER_BOUND ( 'NONE', #1450, .T. ) ;
#2670 = AXIS2_PLACEMENT_3D ( 'NONE', #2056, #4515, #5430 ) ;
#2671 = VECTOR ( 'NONE', #5093, 39.37007874015748143 ) ;
#2672 = CARTESIAN_POINT ( 'NONE',  ( 6.461119250374878220, -4.451114102636522851, 0.5153666425529145334 ) ) ;
#2673 = DIRECTION ( 'NONE',  ( 0.000000000000000000, 0.000000000000000000, -1.000000000000000000 ) ) ;
#2674 = AXIS2_PLACEMENT_3D ( 'NONE', #3513, #2988, #4727 ) ;
#2675 = VERTEX_POINT ( 'NONE', #4304 ) ;
#2676 = FACE_OUTER_BOUND ( 'NONE', #6, .T. ) ;
#2677 = AXIS2_PLACEMENT_3D ( 'NONE', #864, #4203, #3677 ) ;
#2678 = AXIS2_PLACEMENT_3D ( 'NONE', #4842, #183, #4789 ) ;
#2679 = CIRCLE ( 'NONE', #1176, 0.1000000000000000194 ) ;
#2680 = DIRECTION ( 'NONE',  ( -0.000000000000000000, -0.000000000000000000, -1.000000000000000000 ) ) ;
#2681 = EDGE_CURVE ( 'NONE', #4510, #1788, #4280, .T. ) ;
#2682 = FACE_OUTER_BOUND ( 'NONE', #2582, .T. ) ;
#2683 = DIRECTION ( 'NONE',  ( -1.000000000000000000, 0.000000000000000000, 0.000000000000000000 ) ) ;
#2684 = CARTESIAN_POINT ( 'NONE',  ( 6.463816299935762899, -1.701754185808132647, 0.3765188762795061428 ) ) ;
#2685 = VECTOR ( 'NONE', #5112, 39.37007874015748143 ) ;
#2686 = ORIENTED_EDGE ( 'NONE', *, *, #1271, .F. ) ;
#2687 = CARTESIAN_POINT ( 'NONE',  ( 6.499999999999999112, -6.200984252499999627, 1.439812010000000031 ) ) ;
#2688 = EDGE_CURVE ( 'NONE', #952, #4326, #4723, .T. ) ;
#2689 = AXIS2_PLACEMENT_3D ( 'NONE', #172, #4883, #1842 ) ;
#2690 = FACE_OUTER_BOUND ( 'NONE', #3825, .T. ) ;
#2691 = ORIENTED_EDGE ( 'NONE', *, *, #5028, .F. ) ;
#2692 = DIRECTION ( 'NONE',  ( 1.000000000000000000, 0.000000000000000000, 0.000000000000000000 ) ) ;
#2693 = EDGE_CURVE ( 'NONE', #4930, #5434, #3803, .T. ) ;
#2694 = ORIENTED_EDGE ( 'NONE', *, *, #4746, .F. ) ;
#2695 = B_SPLINE_CURVE_WITH_KNOTS ( 'NONE', 3,
 ( #3452, #5107, #402, #3762, #4254, #1325, #1677, #1278, #3013, #921, #5447, #4698, #482, #1653, #3345, #1239 ),
 .UNSPECIFIED., .F., .F.,
 ( 4, 2, 2, 2, 2, 2, 2, 4 ),
 ( 0.004595480774133434317, 0.005009263683785935770, 0.005423046593438438090, 0.006250612412743443598, 0.006664395322395945918, 0.007078178232048449106, 0.007491961141700951426, 0.007905744051353453747 ),
 .UNSPECIFIED. ) ;
#2696 = EDGE_LOOP ( 'NONE', ( #985, #1426 ) ) ;
#2697 = VECTOR ( 'NONE', #4235, 39.37007874015748143 ) ;
#2698 = CARTESIAN_POINT ( 'NONE',  ( 6.295148036240428624, -4.442913130381114684, 0.5300000000000001377 ) ) ;
#2699 = CARTESIAN_POINT ( 'NONE',  ( 6.624999999999999112, -3.631889763779527769, 1.874999999999999778 ) ) ;
#2700 = ORIENTED_EDGE ( 'NONE', *, *, #1508, .F. ) ;
#2701 = VERTEX_POINT ( 'NONE', #3401 ) ;
#2702 = VECTOR ( 'NONE', #2833, 39.37007874015748143 ) ;
#2703 = CARTESIAN_POINT ( 'NONE',  ( 6.374999999999998224, -0.4999999999999984457, 1.750000000000000000 ) ) ;
#2704 = DIRECTION ( 'NONE',  ( 0.000000000000000000, -1.000000000000000000, -0.000000000000000000 ) ) ;
#2705 = CARTESIAN_POINT ( 'NONE',  ( 6.624999999999999112, -1.733568741478170416, 0.7015655560540113855 ) ) ;
#2706 = AXIS2_PLACEMENT_3D ( 'NONE', #227, #3179, #2791 ) ;
#2707 = EDGE_LOOP ( 'NONE', ( #1805, #4031, #3790, #4784, #2832, #545, #306, #511, #2700, #2128, #2523, #1109, #1584, #2691, #4246, #4312, #1331, #883, #2723, #2137, #3519, #4491, #334, #2925, #5085, #2746 ) ) ;
#2708 = DIRECTION ( 'NONE',  ( 1.000000000000000000, -0.000000000000000000, -0.000000000000000000 ) ) ;
#2709 = CARTESIAN_POINT ( 'NONE',  ( 6.475499999999999368, -4.503937009999998686, 1.219999999999999751 ) ) ;
#2710 = CARTESIAN_POINT ( 'NONE',  ( 6.125000000000000000, -4.031889763779526348, 0.000000000000000000 ) ) ;
#2711 = LINE ( 'NONE', #3181, #3112 ) ;
#2712 = ORIENTED_EDGE ( 'NONE', *, *, #4880, .T. ) ;
#2713 = DIRECTION ( 'NONE',  ( 1.000000000000000000, -0.000000000000000000, -0.000000000000000000 ) ) ;
#2714 = ADVANCED_FACE ( 'NONE', ( #2240 ), #1733, .F. ) ;
#2715 = DIRECTION ( 'NONE',  ( 0.000000000000000000, 0.000000000000000000, -1.000000000000000000 ) ) ;
#2716 = ORIENTED_EDGE ( 'NONE', *, *, #430, .F. ) ;
#2717 = DIRECTION ( 'NONE',  ( -1.000000000000000000, -0.000000000000000000, -0.000000000000000000 ) ) ;
#2718 = EDGE_CURVE ( 'NONE', #3710, #4930, #3818, .T. ) ;
#2719 = ORIENTED_EDGE ( 'NONE', *, *, #269, .T. ) ;
#2720 = CARTESIAN_POINT ( 'NONE',  ( 6.125000000000000000, -5.299999999999999822, 2.100000000000000089 ) ) ;
#2721 = DIRECTION ( 'NONE',  ( 1.000000000000000000, -0.000000000000000000, -0.000000000000000000 ) ) ;
#2722 = ORIENTED_EDGE ( 'NONE', *, *, #2030, .F. ) ;
#2723 = ORIENTED_EDGE ( 'NONE', *, *, #2653, .T. ) ;
#2724 = EDGE_CURVE ( 'NONE', #1930, #2795, #2541, .T. ) ;
#2725 = DIRECTION ( 'NONE',  ( -0.000000000000000000, -0.03432432496962136564, -0.9994107467479923512 ) ) ;
#2726 = DIRECTION ( 'NONE',  ( 1.000000000000000000, 0.000000000000000000, 0.000000000000000000 ) ) ;
#2727 = DIRECTION ( 'NONE',  ( -0.000000000000000000, 0.000000000000000000, -1.000000000000000000 ) ) ;
#2728 = DIRECTION ( 'NONE',  ( 0.000000000000000000, -1.000000000000000000, -9.313118160219072879E-17 ) ) ;
#2729 = ORIENTED_EDGE ( 'NONE', *, *, #520, .T. ) ;
#2730 = CARTESIAN_POINT ( 'NONE',  ( 6.624999999999999112, -2.521489556960379463, 0.2573957495368704995 ) ) ;
#2731 = EDGE_CURVE ( 'NONE', #264, #362, #1444, .T. ) ;
#2732 = CARTESIAN_POINT ( 'NONE',  ( 6.624999999999999112, -6.066141731220471733, 0.6230314949999999907 ) ) ;
#2733 = DIRECTION ( 'NONE',  ( 1.000000000000000000, -0.000000000000000000, -0.000000000000000000 ) ) ;
#2734 = CYLINDRICAL_SURFACE ( 'NONE', #2933, 0.2500000000000000555 ) ;
#2735 = DIRECTION ( 'NONE',  ( -1.000000000000000000, -0.000000000000000000, -0.000000000000000000 ) ) ;
#2736 = ORIENTED_EDGE ( 'NONE', *, *, #4195, .F. ) ;
#2737 = FACE_OUTER_BOUND ( 'NONE', #4954, .T. ) ;
#2738 = CYLINDRICAL_SURFACE ( 'NONE', #2526, 0.4249999999999999889 ) ;
#2739 = ORIENTED_EDGE ( 'NONE', *, *, #226, .T. ) ;
#2740 = CARTESIAN_POINT ( 'NONE',  ( 6.125000000000000000, -2.062983729403350175, 0.9560338998259235721 ) ) ;
#2741 = LINE ( 'NONE', #4377, #5311 ) ;
#2742 = EDGE_CURVE ( 'NONE', #25, #4837, #2054, .T. ) ;
#2743 = ORIENTED_EDGE ( 'NONE', *, *, #3195, .F. ) ;
#2744 = ORIENTED_EDGE ( 'NONE', *, *, #543, .T. ) ;
#2745 = DIRECTION ( 'NONE',  ( 1.000000000000000000, -0.000000000000000000, -0.000000000000000000 ) ) ;
#2746 = ORIENTED_EDGE ( 'NONE', *, *, #2322, .F. ) ;
#2747 = DIRECTION ( 'NONE',  ( 0.000000000000000000, 0.000000000000000000, -1.000000000000000000 ) ) ;
#2748 = DIRECTION ( 'NONE',  ( 1.000000000000000000, -0.000000000000000000, -0.000000000000000000 ) ) ;
#2749 = ORIENTED_EDGE ( 'NONE', *, *, #5108, .T. ) ;
#2750 = ADVANCED_FACE ( 'NONE', ( #2961 ), #84, .F. ) ;
#2751 = DIRECTION ( 'NONE',  ( -1.000000000000000000, 0.000000000000000000, -0.000000000000000000 ) ) ;
#2752 = AXIS2_PLACEMENT_3D ( 'NONE', #4501, #2397, #4088 ) ;
#2753 = FACE_OUTER_BOUND ( 'NONE', #4242, .T. ) ;
#2754 = DIRECTION ( 'NONE',  ( 0.000000000000000000, -1.000000000000000000, -0.000000000000000000 ) ) ;
#2755 = DIRECTION ( 'NONE',  ( 1.000000000000000000, -0.000000000000000000, -0.000000000000000000 ) ) ;
#2756 = ORIENTED_EDGE ( 'NONE', *, *, #1159, .T. ) ;
#2757 = EDGE_CURVE ( 'NONE', #4356, #3514, #3909, .T. ) ;
#2758 = DIRECTION ( 'NONE',  ( -1.000000000000000000, 0.000000000000000000, 0.000000000000000000 ) ) ;
#2759 = AXIS2_PLACEMENT_3D ( 'NONE', #1027, #1075, #2762 ) ;
#2760 = CIRCLE ( 'NONE', #2494, 0.05905511811023630986 ) ;
#2761 = DIRECTION ( 'NONE',  ( 0.000000000000000000, 0.000000000000000000, -1.000000000000000000 ) ) ;
#2762 = DIRECTION ( 'NONE',  ( 0.000000000000000000, 0.000000000000000000, -1.000000000000000000 ) ) ;
#2763 = EDGE_CURVE ( 'NONE', #5289, #548, #1524, .T. ) ;
#2764 = ORIENTED_EDGE ( 'NONE', *, *, #4497, .T. ) ;
#2765 = CARTESIAN_POINT ( 'NONE',  ( 6.243110236220472231, -5.299999999999999822, 1.875000000000000000 ) ) ;
#2766 = VECTOR ( 'NONE', #204, 39.37007874015748143 ) ;
#2767 = CIRCLE ( 'NONE', #2939, 0.1181102362204724116 ) ;
#2768 = AXIS2_PLACEMENT_3D ( 'NONE', #4997, #4556, #3233 ) ;
#2769 = ORIENTED_EDGE ( 'NONE', *, *, #430, .T. ) ;
#2770 = CIRCLE ( 'NONE', #480, 0.1329999999999999238 ) ;
#2771 = LINE ( 'NONE', #2354, #4613 ) ;
#2772 = DIRECTION ( 'NONE',  ( -0.000000000000000000, 2.185478394931410969E-15, 1.000000000000000000 ) ) ;
#2773 = ORIENTED_EDGE ( 'NONE', *, *, #339, .T. ) ;
#2774 = AXIS2_PLACEMENT_3D ( 'NONE', #4121, #3315, #5442 ) ;
#2775 = CIRCLE ( 'NONE', #4890, 0.1181102362204725503 ) ;
#2776 = DIRECTION ( 'NONE',  ( -1.000000000000000000, 0.000000000000000000, 0.000000000000000000 ) ) ;
#2777 = EDGE_LOOP ( 'NONE', ( #2471, #979, #2797, #4409 ) ) ;
#2778 = VECTOR ( 'NONE', #4663, 39.37007874015748143 ) ;
#2779 = CARTESIAN_POINT ( 'NONE',  ( 6.243110236220472231, -4.031889763779526348, 0.000000000000000000 ) ) ;
#2780 = LINE ( 'NONE', #5131, #4960 ) ;
#2781 = ORIENTED_EDGE ( 'NONE', *, *, #1149, .T. ) ;
#2782 = EDGE_CURVE ( 'NONE', #1856, #2316, #4773, .T. ) ;
#2783 = DIRECTION ( 'NONE',  ( 0.000000000000000000, 0.000000000000000000, 1.000000000000000000 ) ) ;
#2784 = DIRECTION ( 'NONE',  ( 0.000000000000000000, 0.000000000000000000, -1.000000000000000000 ) ) ;
#2785 = VECTOR ( 'NONE', #1449, 39.37007874015748143 ) ;
#2786 = ADVANCED_FACE ( 'NONE', ( #1025 ), #618, .F. ) ;
#2787 = CARTESIAN_POINT ( 'NONE',  ( 6.125000000000000000, -6.066141731220471733, 1.010826773779527565 ) ) ;
#2788 = CARTESIAN_POINT ( 'NONE',  ( 6.624999999999999112, -4.149999999999999467, 2.143131898507867804E-16 ) ) ;
#2789 = ORIENTED_EDGE ( 'NONE', *, *, #1896, .T. ) ;
#2790 = COLOUR_RGB ( '',0.7921568627450980005, 0.8196078431372548767, 0.9333333333333333481 ) ;
#2791 = DIRECTION ( 'NONE',  ( 0.000000000000000000, 0.000000000000000000, 1.000000000000000000 ) ) ;
#2792 = ADVANCED_FACE ( 'NONE', ( #2793 ), #2370, .F. ) ;
#2793 = FACE_OUTER_BOUND ( 'NONE', #4588, .T. ) ;
#2794 = DIRECTION ( 'NONE',  ( 0.000000000000000000, -1.000000000000000000, 2.185478394931408997E-15 ) ) ;
#2795 = VERTEX_POINT ( 'NONE', #5268 ) ;
#2796 = CARTESIAN_POINT ( 'NONE',  ( 6.624999999999999112, -4.835468858908924972, 1.199999999999999956 ) ) ;
#2797 = ORIENTED_EDGE ( 'NONE', *, *, #1603, .T. ) ;
#2798 = FACE_BOUND ( 'NONE', #2610, .T. ) ;
#2799 = ORIENTED_EDGE ( 'NONE', *, *, #2473, .T. ) ;
#2800 = CARTESIAN_POINT ( 'NONE',  ( 6.203859732863970855, -5.306427628444383870, 1.875069807929533150 ) ) ;
#2801 = VERTEX_POINT ( 'NONE', #2710 ) ;
#2802 = CARTESIAN_POINT ( 'NONE',  ( 6.375000000000000000, -4.503937009999998686, -4.892463962593665846E-17 ) ) ;
#2803 = ORIENTED_EDGE ( 'NONE', *, *, #5313, .F. ) ;
#2804 = DIRECTION ( 'NONE',  ( 0.000000000000000000, 0.000000000000000000, -1.000000000000000000 ) ) ;
#2805 = DIRECTION ( 'NONE',  ( -0.000000000000000000, -0.000000000000000000, -1.000000000000000000 ) ) ;
#2806 = CARTESIAN_POINT ( 'NONE',  ( 6.125000000000000000, -1.575307679196802813, 1.256889763779527325 ) ) ;
#2807 = ADVANCED_FACE ( 'NONE', ( #5188 ), #3571, .F. ) ;
#2808 = VERTEX_POINT ( 'NONE', #1407 ) ;
#2809 = VERTEX_POINT ( 'NONE', #2293 ) ;
#2810 = CARTESIAN_POINT ( 'NONE',  ( 6.381050962666753534, -1.600501357026209437, 1.372281732734998094 ) ) ;
#2811 = ORIENTED_EDGE ( 'NONE', *, *, #34, .T. ) ;
#2812 = CARTESIAN_POINT ( 'NONE',  ( 6.375000000000001776, -5.699999999999998401, -4.892463962593665846E-17 ) ) ;
#2813 = DIRECTION ( 'NONE',  ( 0.000000000000000000, 0.000000000000000000, -1.000000000000000000 ) ) ;
#2814 = ORIENTED_EDGE ( 'NONE', *, *, #3596, .T. ) ;
#2815 = CARTESIAN_POINT ( 'NONE',  ( 6.125000000000000000, -1.661364675642386102, 0.7950353414225330706 ) ) ;
#2816 = EDGE_CURVE ( 'NONE', #4510, #3908, #2150, .T. ) ;
#2817 = DIRECTION ( 'NONE',  ( -1.000000000000000000, 0.000000000000000000, -0.000000000000000000 ) ) ;
#2818 = DIRECTION ( 'NONE',  ( -1.000000000000000000, 0.000000000000000000, 0.000000000000000000 ) ) ;
#2819 = ORIENTED_EDGE ( 'NONE', *, *, #4680, .F. ) ;
#2820 = FACE_OUTER_BOUND ( 'NONE', #492, .T. ) ;
#2821 = CARTESIAN_POINT ( 'NONE',  ( 6.624999999999999112, -0.4931102362204725087, 0.3749999999999999445 ) ) ;
#2822 = ADVANCED_FACE ( 'NONE', ( #3158 ), #147, .F. ) ;
#2823 = FACE_OUTER_BOUND ( 'NONE', #627, .T. ) ;
#2824 = VERTEX_POINT ( 'NONE', #195 ) ;
#2825 = CARTESIAN_POINT ( 'NONE',  ( 6.374999999999998224, -0.4999999999999984457, 1.219999999999999751 ) ) ;
#2826 = ADVANCED_FACE ( 'NONE', ( #1816 ), #3565, .F. ) ;
#2827 = ORIENTED_EDGE ( 'NONE', *, *, #2991, .F. ) ;
#2828 = LINE ( 'NONE', #4105, #1716 ) ;
#2829 = CARTESIAN_POINT ( 'NONE',  ( 6.375000000000000000, -3.987771497362133655, 0.2229550020317796200 ) ) ;
#2830 = CARTESIAN_POINT ( 'NONE',  ( 6.624999999999999112, -6.335826773779526633, 0.7411417312204724439 ) ) ;
#2831 = ORIENTED_EDGE ( 'NONE', *, *, #4643, .T. ) ;
#2832 = ORIENTED_EDGE ( 'NONE', *, *, #2638, .F. ) ;
#2833 = DIRECTION ( 'NONE',  ( -0.000000000000000000, 0.000000000000000000, -1.000000000000000000 ) ) ;
#2834 = CARTESIAN_POINT ( 'NONE',  ( 6.624999999999999112, -1.195882546459554163, 0.8750000000000001110 ) ) ;
#2835 = DIRECTION ( 'NONE',  ( -1.000000000000000000, 0.000000000000000000, 0.000000000000000000 ) ) ;
#2836 = AXIS2_PLACEMENT_3D ( 'NONE', #1992, #837, #2460 ) ;
#2837 = LINE ( 'NONE', #2012, #643 ) ;
#2838 = AXIS2_PLACEMENT_3D ( 'NONE', #1697, #466, #3443 ) ;
#2839 = AXIS2_PLACEMENT_3D ( 'NONE', #4324, #2728, #3508 ) ;
#2840 = CARTESIAN_POINT ( 'NONE',  ( 4.433018566799289850, -2.543285281380342600, 1.169207160453031635 ) ) ;
#2841 = CARTESIAN_POINT ( 'NONE',  ( 6.374999999999998224, -0.4999999999999984457, 1.750000000000000000 ) ) ;
#2842 = DIRECTION ( 'NONE',  ( 1.000000000000000000, -0.000000000000000000, -0.000000000000000000 ) ) ;
#2843 = CARTESIAN_POINT ( 'NONE',  ( 6.506889763779526881, -4.031889763779526348, 0.000000000000000000 ) ) ;
#2844 = EDGE_CURVE ( 'NONE', #4233, #1475, #304, .T. ) ;
#2845 = CIRCLE ( 'NONE', #1088, 0.1004999999999996452 ) ;
#2846 = VECTOR ( 'NONE', #3036, 39.37007874015748143 ) ;
#2847 = AXIS2_PLACEMENT_3D ( 'NONE', #2975, #4268, #436 ) ;
#2848 = AXIS2_PLACEMENT_3D ( 'NONE', #915, #1673, #4226 ) ;
#2849 = CARTESIAN_POINT ( 'NONE',  ( 6.471730997484551828, -1.722735295240119813, 0.3749999999999999445 ) ) ;
#2850 = ORIENTED_EDGE ( 'NONE', *, *, #3235, .T. ) ;
#2851 = ADVANCED_FACE ( 'NONE', ( #2682 ), #4369, .T. ) ;
#2852 = DIRECTION ( 'NONE',  ( 1.000000000000000000, 0.000000000000000000, 0.000000000000000000 ) ) ;
#2853 = CIRCLE ( 'NONE', #2948, 0.1250000000000004441 ) ;
#2854 = ORIENTED_EDGE ( 'NONE', *, *, #5449, .F. ) ;
#2855 = AXIS2_PLACEMENT_3D ( 'NONE', #1262, #3798, #2560 ) ;
#2856 = CARTESIAN_POINT ( 'NONE',  ( 6.499999999999999112, -6.200984252499999627, 0.3115157474999999954 ) ) ;
#2857 = DIRECTION ( 'NONE',  ( -1.000000000000000000, 0.000000000000000000, 0.000000000000000000 ) ) ;
#2858 = CARTESIAN_POINT ( 'NONE',  ( 6.624999999999999112, -2.430394809875166651, 0.9827104309290969342 ) ) ;
#2859 = VERTEX_POINT ( 'NONE', #2319 ) ;
#2860 = DIRECTION ( 'NONE',  ( 0.000000000000000000, 2.913971193241881161E-15, -1.000000000000000000 ) ) ;
#2861 = ORIENTED_EDGE ( 'NONE', *, *, #2352, .T. ) ;
#2862 = CYLINDRICAL_SURFACE ( 'NONE', #3475, 0.1329999999999999238 ) ;
#2863 = DIRECTION ( 'NONE',  ( 1.000000000000000000, 0.000000000000000000, 0.000000000000000000 ) ) ;
#2864 = CIRCLE ( 'NONE', #3309, 0.07950000000000007061 ) ;
#2865 = EDGE_LOOP ( 'NONE', ( #4775, #2570, #3972, #51, #4926, #4867 ) ) ;
#2866 = CARTESIAN_POINT ( 'NONE',  ( 6.125000000000000000, -7.549999999999999822, 2.099999999999999645 ) ) ;
#2867 = STYLED_ITEM ( 'NONE', ( #4652 ), #319 ) ;
#2868 = LINE ( 'NONE', #5048, #3741 ) ;
#2869 = LINE ( 'NONE', #3258, #5056 ) ;
#2870 = CARTESIAN_POINT ( 'NONE',  ( 6.624999999999999112, -6.200984252499999627, 1.439812010000000031 ) ) ;
#2871 = FACE_OUTER_BOUND ( 'NONE', #156, .T. ) ;
#2872 = EDGE_CURVE ( 'NONE', #1617, #4078, #1009, .T. ) ;
#2873 = ORIENTED_EDGE ( 'NONE', *, *, #2949, .T. ) ;
#2874 = CARTESIAN_POINT ( 'NONE',  ( 6.506889763779526881, -3.750000000000000000, 1.874999999999999778 ) ) ;
#2875 = ORIENTED_EDGE ( 'NONE', *, *, #1138, .T. ) ;
#2876 = FACE_BOUND ( 'NONE', #3189, .T. ) ;
#2877 = ORIENTED_EDGE ( 'NONE', *, *, #631, .F. ) ;
#2878 = EDGE_LOOP ( 'NONE', ( #3687, #5106 ) ) ;
#2879 = EDGE_CURVE ( 'NONE', #1140, #425, #591, .T. ) ;
#2880 = DIRECTION ( 'NONE',  ( 0.000000000000000000, 0.000000000000000000, -1.000000000000000000 ) ) ;
#2881 = EDGE_CURVE ( 'NONE', #3219, #2658, #4010, .T. ) ;
#2882 = DIMENSIONAL_EXPONENTS ( 1.000000000000000000, 0.000000000000000000, 0.000000000000000000, 0.000000000000000000, 0.000000000000000000, 0.000000000000000000, 0.000000000000000000 ) ;
#2883 = LINE ( 'NONE', #352, #1013 ) ;
#2884 = FACE_OUTER_BOUND ( 'NONE', #2333, .T. ) ;
#2885 = EDGE_LOOP ( 'NONE', ( #5202, #2173 ) ) ;
#2886 = ADVANCED_FACE ( 'NONE', ( #1926 ), #3204, .F. ) ;
#2887 = FACE_OUTER_BOUND ( 'NONE', #4907, .T. ) ;
#2888 = VERTEX_POINT ( 'NONE', #3533 ) ;
#2889 = CARTESIAN_POINT ( 'NONE',  ( 6.418249127213702110, -0.4090737025838511731, 0.4100486620861183984 ) ) ;
#2890 = FACE_OUTER_BOUND ( 'NONE', #2901, .T. ) ;
#2891 = ORIENTED_EDGE ( 'NONE', *, *, #360, .F. ) ;
#2892 = EDGE_CURVE ( 'NONE', #2117, #1255, #4807, .T. ) ;
#2893 = PRODUCT_DEFINITION_SHAPE ( 'NONE', 'NONE',  #3080 ) ;
#2894 = CARTESIAN_POINT ( 'NONE',  ( 6.354983990294258867, -0.4014046176535728816, 1.473096459318391727 ) ) ;
#2895 = CYLINDRICAL_SURFACE ( 'NONE', #3646, 0.1004999999999996452 ) ;
#2896 = DIRECTION ( 'NONE',  ( -0.7547095802227704597, 0.000000000000000000, -0.6560590289905090522 ) ) ;
#2897 = DIRECTION ( 'NONE',  ( -0.000000000000000000, 0.000000000000000000, -1.000000000000000000 ) ) ;
#2898 = CARTESIAN_POINT ( 'NONE',  ( 6.624999999999999112, -7.174999999999999822, -0.1250000000000001110 ) ) ;
#2899 = VERTEX_POINT ( 'NONE', #3126 ) ;
#2900 = FACE_OUTER_BOUND ( 'NONE', #2607, .T. ) ;
#2901 = EDGE_LOOP ( 'NONE', ( #5167, #974, #2196, #5425 ) ) ;
#2902 = CARTESIAN_POINT ( 'NONE',  ( 6.624999999999999112, -6.453937009999998864, 1.128937010000000019 ) ) ;
#2903 = EDGE_CURVE ( 'NONE', #2701, #4948, #4498, .T. ) ;
#2904 = VERTEX_POINT ( 'NONE', #4908 ) ;
#2905 = CARTESIAN_POINT ( 'NONE',  ( 6.125000000000000000, 0.000000000000000000, 0.000000000000000000 ) ) ;
#2906 = AXIS2_PLACEMENT_3D ( 'NONE', #450, #5133, #2601 ) ;
#2907 = VERTEX_POINT ( 'NONE', #719 ) ;
#2908 = DIRECTION ( 'NONE',  ( 0.000000000000000000, 0.000000000000000000, 1.000000000000000000 ) ) ;
#2909 = LENGTH_MEASURE_WITH_UNIT ( LENGTH_MEASURE( 0.02539999999999999897 ), #877 );
#2910 = CYLINDRICAL_SURFACE ( 'NONE', #2142, 0.1000000000000000194 ) ;
#2911 = CARTESIAN_POINT ( 'NONE',  ( 6.243110236220472231, 2.652276394531333236E-16, 0.4749999999999997002 ) ) ;
#2912 = ADVANCED_FACE ( 'NONE', ( #5325 ), #2393, .F. ) ;
#2913 = ORIENTED_EDGE ( 'NONE', *, *, #1793, .T. ) ;
#2914 = CARTESIAN_POINT ( 'NONE',  ( 6.368014153282668843, -0.3995175079946116092, 0.4210655978558152657 ) ) ;
#2915 = DIRECTION ( 'NONE',  ( 0.000000000000000000, 1.000000000000000000, 0.000000000000000000 ) ) ;
#2916 = EDGE_CURVE ( 'NONE', #2824, #4356, #3307, .T. ) ;
#2917 = VERTEX_POINT ( 'NONE', #2008 ) ;
#2918 = LINE ( 'NONE', #417, #2778 ) ;
#2919 = DIRECTION ( 'NONE',  ( 0.000000000000000000, 0.000000000000000000, 1.000000000000000000 ) ) ;
#2920 = CIRCLE ( 'NONE', #375, 0.2344000000000001083 ) ;
#2921 = CARTESIAN_POINT ( 'NONE',  ( 6.125000000000000000, -5.768374849879879918, 2.100000000000000089 ) ) ;
#2922 = DIRECTION ( 'NONE',  ( -1.000000000000000000, 0.000000000000000000, 0.000000000000000000 ) ) ;
#2923 = LINE ( 'NONE', #3730, #4862 ) ;
#2924 = CARTESIAN_POINT ( 'NONE',  ( 6.274499999999999744, -4.503937009999998686, 1.219999999999999751 ) ) ;
#2925 = ORIENTED_EDGE ( 'NONE', *, *, #1294, .T. ) ;
#2926 = CARTESIAN_POINT ( 'NONE',  ( 6.624999999999999112, -4.180230241389087276, 1.006072738951699241 ) ) ;
#2927 = CIRCLE ( 'NONE', #1686, 0.2249999999999999223 ) ;
#2928 = CIRCLE ( 'NONE', #559, 0.2344000000000001083 ) ;
#2929 = VERTEX_POINT ( 'NONE', #4162 ) ;
#2930 = DIRECTION ( 'NONE',  ( 0.000000000000000000, 1.000000000000000000, 0.000000000000000000 ) ) ;
#2931 = ORIENTED_EDGE ( 'NONE', *, *, #4708, .F. ) ;
#2932 = CIRCLE ( 'NONE', #3392, 0.1000000000000000194 ) ;
#2933 = AXIS2_PLACEMENT_3D ( 'NONE', #3614, #641, #5292 ) ;
#2934 = CIRCLE ( 'NONE', #3901, 0.1181102362204724116 ) ;
#2935 = DIRECTION ( 'NONE',  ( 0.000000000000000000, 0.7382621944509717427, 0.6745138488158974877 ) ) ;
#2936 = ORIENTED_EDGE ( 'NONE', *, *, #4577, .F. ) ;
#2937 = VERTEX_POINT ( 'NONE', #3696 ) ;
#2938 = CIRCLE ( 'NONE', #3285, 0.1181102362204724116 ) ;
#2939 = AXIS2_PLACEMENT_3D ( 'NONE', #5263, #1401, #670 ) ;
#2940 = VECTOR ( 'NONE', #1462, 39.37007874015748143 ) ;
#2941 = DIRECTION ( 'NONE',  ( -0.000000000000000000, 2.185478394931410969E-15, 1.000000000000000000 ) ) ;
#2942 = DIRECTION ( 'NONE',  ( 0.000000000000000000, 1.561055996379578982E-16, 1.000000000000000000 ) ) ;
#2943 = VECTOR ( 'NONE', #47, 39.37007874015748143 ) ;
#2944 = LINE ( 'NONE', #1664, #2943 ) ;
#2945 = VECTOR ( 'NONE', #4961, 39.37007874015748143 ) ;
#2946 = ORIENTED_EDGE ( 'NONE', *, *, #1167, .T. ) ;
#2947 = EDGE_CURVE ( 'NONE', #1226, #88, #577, .T. ) ;
#2948 = AXIS2_PLACEMENT_3D ( 'NONE', #763, #347, #3844 ) ;
#2949 = EDGE_CURVE ( 'NONE', #1968, #3505, #4621, .T. ) ;
#2950 = CIRCLE ( 'NONE', #2249, 0.1181102362204724116 ) ;
#2951 = CYLINDRICAL_SURFACE ( 'NONE', #3652, 0.1000000000000000194 ) ;
#2952 = AXIS2_PLACEMENT_3D ( 'NONE', #261, #3736, #320 ) ;
#2953 = CARTESIAN_POINT ( 'NONE',  ( 6.125000000000000000, -2.597074077568332751, -0.8583796187963284030 ) ) ;
#2954 = AXIS2_PLACEMENT_3D ( 'NONE', #2468, #1250, #1288 ) ;
#2955 = ORIENTED_EDGE ( 'NONE', *, *, #5028, .T. ) ;
#2956 = DIRECTION ( 'NONE',  ( 0.000000000000000000, -2.185478394931410969E-15, -1.000000000000000000 ) ) ;
#2957 = ADVANCED_FACE ( 'NONE', ( #4992 ), #2862, .F. ) ;
#2958 = EDGE_CURVE ( 'NONE', #1997, #3155, #2453, .T. ) ;
#2959 = DIRECTION ( 'NONE',  ( 1.000000000000000000, -0.000000000000000000, -0.000000000000000000 ) ) ;
#2960 = VERTEX_POINT ( 'NONE', #1150 ) ;
#2961 = FACE_OUTER_BOUND ( 'NONE', #609, .T. ) ;
#2962 = VERTEX_POINT ( 'NONE', #1947 ) ;
#2963 = CARTESIAN_POINT ( 'NONE',  ( 6.624999999999999112, -7.174999999999999822, 0.2499999999999999167 ) ) ;
#2964 = ORIENTED_EDGE ( 'NONE', *, *, #371, .T. ) ;
#2965 = DIRECTION ( 'NONE',  ( -0.000000000000000000, 1.000000000000000000, -0.000000000000000000 ) ) ;
#2966 = VECTOR ( 'NONE', #4439, 39.37007874015748143 ) ;
#2967 = VERTEX_POINT ( 'NONE', #2834 ) ;
#2968 = CARTESIAN_POINT ( 'NONE',  ( 6.243110236220472231, -3.750000000000000000, 1.750000000000000000 ) ) ;
#2969 = ORIENTED_EDGE ( 'NONE', *, *, #3370, .T. ) ;
#2970 = VECTOR ( 'NONE', #4339, 39.37007874015748143 ) ;
#2971 = CARTESIAN_POINT ( 'NONE',  ( 6.125000000000000000, -3.631889763779527769, 2.100000000000000089 ) ) ;
#2972 = ORIENTED_EDGE ( 'NONE', *, *, #4277, .T. ) ;
#2973 = EDGE_CURVE ( 'NONE', #630, #1206, #389, .T. ) ;
#2974 = DIRECTION ( 'NONE',  ( -1.000000000000000000, 0.000000000000000000, 0.000000000000000000 ) ) ;
#2975 = CARTESIAN_POINT ( 'NONE',  ( 6.125000000000000000, -6.200984252499999627, 1.439812010000000031 ) ) ;
#2976 = VERTEX_POINT ( 'NONE', #1182 ) ;
#2977 = VERTEX_POINT ( 'NONE', #5407 ) ;
#2978 = CARTESIAN_POINT ( 'NONE',  ( 6.506889763779526881, -2.000000000000000444, 1.874999999999999556 ) ) ;
#2979 = ADVANCED_FACE ( 'NONE', ( #4526 ), #1983, .F. ) ;
#2980 = CARTESIAN_POINT ( 'NONE',  ( 6.447376828034002472, -0.4300165268603323709, 0.3931430855444454364 ) ) ;
#2981 = FACE_BOUND ( 'NONE', #3737, .T. ) ;
#2982 = ORIENTED_EDGE ( 'NONE', *, *, #2631, .F. ) ;
#2983 = DIRECTION ( 'NONE',  ( 1.000000000000000000, -0.000000000000000000, -0.000000000000000000 ) ) ;
#2984 = LINE ( 'NONE', #4664, #4533 ) ;
#2985 = CARTESIAN_POINT ( 'NONE',  ( 6.624999999999999112, -0.8220924813015453303, 1.169693441600278883 ) ) ;
#2986 = DIRECTION ( 'NONE',  ( -0.000000000000000000, 1.000000000000000000, -0.000000000000000000 ) ) ;
#2987 = CARTESIAN_POINT ( 'NONE',  ( 6.274499999999999744, -0.4999999999999984457, 1.750000000000000000 ) ) ;
#2988 = DIRECTION ( 'NONE',  ( 0.000000000000000000, 0.000000000000000000, 1.000000000000000000 ) ) ;
#2989 = ORIENTED_EDGE ( 'NONE', *, *, #3096, .F. ) ;
#2990 = CARTESIAN_POINT ( 'NONE',  ( 6.375000000000000000, -0.3799999999999998934, 0.2374999999999998501 ) ) ;
#2991 = EDGE_CURVE ( 'NONE', #4078, #1485, #3961, .T. ) ;
#2992 = VERTEX_POINT ( 'NONE', #3827 ) ;
#2993 = CARTESIAN_POINT ( 'NONE',  ( 6.624999999999999112, -7.299999999999999822, 0.7407709353152899245 ) ) ;
#2994 = ORIENTED_EDGE ( 'NONE', *, *, #4502, .F. ) ;
#2995 = CARTESIAN_POINT ( 'NONE',  ( 6.125000000000000000, -2.118110236220473119, 2.100000000000000089 ) ) ;
#2996 = EDGE_CURVE ( 'NONE', #4270, #3681, #1701, .T. ) ;
#2997 = ORIENTED_EDGE ( 'NONE', *, *, #5203, .T. ) ;
#2998 = CARTESIAN_POINT ( 'NONE',  ( 6.125000000000000000, -7.174999999999999822, 0.2499999999999999167 ) ) ;
#2999 = ORIENTED_EDGE ( 'NONE', *, *, #61, .F. ) ;
#3000 = EDGE_CURVE ( 'NONE', #5383, #1206, #3880, .T. ) ;
#3001 = DIRECTION ( 'NONE',  ( -0.000000000000000000, 1.000000000000000000, -0.000000000000000000 ) ) ;
#3002 = DIRECTION ( 'NONE',  ( -1.000000000000000000, 0.000000000000000000, 0.000000000000000000 ) ) ;
#3003 = EDGE_LOOP ( 'NONE', ( #948, #3052 ) ) ;
#3004 = DIRECTION ( 'NONE',  ( 0.000000000000000000, 0.000000000000000000, 1.000000000000000000 ) ) ;
#3005 = CARTESIAN_POINT ( 'NONE',  ( 6.624999999999999112, -4.835468858908924972, 0.3000000000000000999 ) ) ;
#3006 = EDGE_LOOP ( 'NONE', ( #179, #1885, #2367, #1479 ) ) ;
#3007 = DIRECTION ( 'NONE',  ( 1.000000000000000000, 0.000000000000000000, 0.000000000000000000 ) ) ;
#3008 = CYLINDRICAL_SURFACE ( 'NONE', #580, 0.05905511811023627516 ) ;
#3009 = DIRECTION ( 'NONE',  ( 0.000000000000000000, 1.000000000000000000, 5.463695987328527423E-16 ) ) ;
#3010 = PLANE ( 'NONE',  #3554 ) ;
#3011 = CARTESIAN_POINT ( 'NONE',  ( 6.337422561759914252, -1.656631814235891342, 0.3952075509604658365 ) ) ;
#3012 = ORIENTED_EDGE ( 'NONE', *, *, #2003, .T. ) ;
#3013 = CARTESIAN_POINT ( 'NONE',  ( 6.339811891510837683, -0.4058475883144289087, 0.2264675100413263975 ) ) ;
#3014 = EDGE_CURVE ( 'NONE', #2528, #3514, #1724, .T. ) ;
#3015 = VECTOR ( 'NONE', #4936, 39.37007874015748143 ) ;
#3016 = EDGE_CURVE ( 'NONE', #1472, #3353, #1375, .T. ) ;
#3017 = DIRECTION ( 'NONE',  ( 1.000000000000000000, 0.000000000000000000, 0.000000000000000000 ) ) ;
#3018 = ORIENTED_EDGE ( 'NONE', *, *, #2613, .F. ) ;
#3019 = DIRECTION ( 'NONE',  ( -0.000000000000000000, -0.7382621944509717427, -0.6745138488158975987 ) ) ;
#3020 = AXIS2_PLACEMENT_3D ( 'NONE', #993, #5293, #174 ) ;
#3021 = ORIENTED_EDGE ( 'NONE', *, *, #382, .T. ) ;
#3022 = VERTEX_POINT ( 'NONE', #1315 ) ;
#3023 = AXIS2_PLACEMENT_3D ( 'NONE', #31, #2986, #4694 ) ;
#3024 = VECTOR ( 'NONE', #563, 39.37007874015748143 ) ;
#3025 = ORIENTED_EDGE ( 'NONE', *, *, #2742, .F. ) ;
#3026 = CYLINDRICAL_SURFACE ( 'NONE', #829, 0.1181102362204724116 ) ;
#3027 = CARTESIAN_POINT ( 'NONE',  ( 6.125000000000000000, -0.6690297976789886247, 0.4931102362204723977 ) ) ;
#3028 = CIRCLE ( 'NONE', #5316, 0.2500000000000000555 ) ;
#3029 = AXIS2_PLACEMENT_3D ( 'NONE', #2617, #959, #3853 ) ;
#3030 = ORIENTED_EDGE ( 'NONE', *, *, #3523, .F. ) ;
#3031 = AXIS2_PLACEMENT_3D ( 'NONE', #4646, #5081, #4665 ) ;
#3032 = ADVANCED_FACE ( 'NONE', ( #1774 ), #2951, .T. ) ;
#3033 = AXIS2_PLACEMENT_3D ( 'NONE', #3521, #3169, #5177 ) ;
#3034 = VECTOR ( 'NONE', #1703, 39.37007874015748143 ) ;
#3035 = DIRECTION ( 'NONE',  ( 0.000000000000000000, 0.000000000000000000, -1.000000000000000000 ) ) ;
#3036 = DIRECTION ( 'NONE',  ( 1.000000000000000000, -0.000000000000000000, -0.000000000000000000 ) ) ;
#3037 = VECTOR ( 'NONE', #2745, 39.37007874015748143 ) ;
#3038 = VERTEX_POINT ( 'NONE', #3476 ) ;
#3039 = DIRECTION ( 'NONE',  ( 0.000000000000000000, 0.000000000000000000, -1.000000000000000000 ) ) ;
#3040 = AXIS2_PLACEMENT_3D ( 'NONE', #2135, #3815, #845 ) ;
#3041 = VECTOR ( 'NONE', #1204, 39.37007874015748143 ) ;
#3042 = CARTESIAN_POINT ( 'NONE',  ( 6.125000000000000000, -7.174999999999999822, -0.1250000000000001110 ) ) ;
#3043 = CARTESIAN_POINT ( 'NONE',  ( 6.125000000000000000, -3.270677038116681423, 0.4131694692302065874 ) ) ;
#3044 = CARTESIAN_POINT ( 'NONE',  ( 6.624999999999999112, -5.299999999999999822, 1.750000000000000000 ) ) ;
#3045 = CARTESIAN_POINT ( 'NONE',  ( 6.375000000000000000, -4.199342881615018896, 0.4495759088631432476 ) ) ;
#3046 = CYLINDRICAL_SURFACE ( 'NONE', #2674, 0.1181102362204725503 ) ;
#3047 = ORIENTED_EDGE ( 'NONE', *, *, #260, .F. ) ;
#3048 = DIRECTION ( 'NONE',  ( 0.000000000000000000, -4.268512490100409923E-16, -1.000000000000000000 ) ) ;
#3049 = CONICAL_SURFACE ( 'NONE', #1978, 0.2654999999999999583, 0.7155849933176764432 ) ;
#3050 = EDGE_LOOP ( 'NONE', ( #4851, #56, #1305, #357 ) ) ;
#3051 = DIRECTION ( 'NONE',  ( 1.000000000000000000, -0.000000000000000000, -0.000000000000000000 ) ) ;
#3052 = ORIENTED_EDGE ( 'NONE', *, *, #645, .T. ) ;
#3053 = FACE_BOUND ( 'NONE', #3259, .T. ) ;
#3054 = EDGE_CURVE ( 'NONE', #4837, #3335, #924, .T. ) ;
#3055 = AXIS2_PLACEMENT_3D ( 'NONE', #4702, #2193, #68 ) ;
#3056 = VERTEX_POINT ( 'NONE', #4273 ) ;
#3057 = ORIENTED_EDGE ( 'NONE', *, *, #2170, .T. ) ;
#3058 = VERTEX_POINT ( 'NONE', #5040 ) ;
#3059 = DIRECTION ( 'NONE',  ( 0.000000000000000000, 0.000000000000000000, -1.000000000000000000 ) ) ;
#3060 = DIRECTION ( 'NONE',  ( 1.000000000000000000, -0.000000000000000000, -0.000000000000000000 ) ) ;
#3061 = EDGE_CURVE ( 'NONE', #125, #4822, #4743, .T. ) ;
#3062 = VERTEX_POINT ( 'NONE', #2202 ) ;
#3063 = CARTESIAN_POINT ( 'NONE',  ( 6.375000000000000000, -1.499999999999998446, 1.375000000000000000 ) ) ;
#3064 = DIRECTION ( 'NONE',  ( 1.000000000000000000, 0.000000000000000000, 0.000000000000000000 ) ) ;
#3065 = FACE_BOUND ( 'NONE', #973, .T. ) ;
#3066 = EDGE_LOOP ( 'NONE', ( #1557, #2431, #2651, #4550 ) ) ;
#3067 = ADVANCED_FACE ( 'NONE', ( #5072 ), #4685, .T. ) ;
#3068 = DIRECTION ( 'NONE',  ( 0.000000000000000000, -2.312964634635743450E-15, -1.000000000000000000 ) ) ;
#3069 = CARTESIAN_POINT ( 'NONE',  ( 6.125000000000000000, -0.9017594713191711131, 1.256889763779527325 ) ) ;
#3070 = DIRECTION ( 'NONE',  ( 0.000000000000000000, -1.092739197465705130E-14, 1.000000000000000000 ) ) ;
#3071 = LINE ( 'NONE', #1322, #1513 ) ;
#3072 = CARTESIAN_POINT ( 'NONE',  ( 6.286043743925471716, -1.701978934738370919, 0.3764681722812411868 ) ) ;
#3073 = ADVANCED_FACE ( 'NONE', ( #1341 ), #3442, .F. ) ;
#3074 = EDGE_LOOP ( 'NONE', ( #589, #1676, #42, #902 ) ) ;
#3075 = CARTESIAN_POINT ( 'NONE',  ( 6.409368344066896483, -4.435200229870602584, 0.5443584931240005309 ) ) ;
#3076 = AXIS2_PLACEMENT_3D ( 'NONE', #4286, #67, #512 ) ;
#3077 = VERTEX_POINT ( 'NONE', #4196 ) ;
#3078 = DIRECTION ( 'NONE',  ( 1.000000000000000000, 0.000000000000000000, -0.000000000000000000 ) ) ;
#3079 = ORIENTED_EDGE ( 'NONE', *, *, #4740, .T. ) ;
#3080 = PRODUCT_DEFINITION ( 'UNKNOWN', '', #3220, #1386 ) ;
#3081 = ORIENTED_EDGE ( 'NONE', *, *, #3993, .T. ) ;
#3082 = LINE ( 'NONE', #1913, #2589 ) ;
#3083 = VERTEX_POINT ( 'NONE', #2587 ) ;
#3084 = DIRECTION ( 'NONE',  ( -1.000000000000000000, -0.000000000000000000, -0.000000000000000000 ) ) ;
#3085 = CARTESIAN_POINT ( 'NONE',  ( 6.125000000000000000, -2.143131898507867804E-16, 1.750000000000000000 ) ) ;
#3086 = ORIENTED_EDGE ( 'NONE', *, *, #4619, .F. ) ;
#3087 = EDGE_CURVE ( 'NONE', #5124, #5232, #464, .T. ) ;
#3088 = VERTEX_POINT ( 'NONE', #4221 ) ;
#3089 = EDGE_CURVE ( 'NONE', #3248, #4310, #3361, .T. ) ;
#3090 = DIRECTION ( 'NONE',  ( -0.000000000000000000, -1.170791997284684730E-16, -1.000000000000000000 ) ) ;
#3091 = DIRECTION ( 'NONE',  ( 1.000000000000000000, 0.000000000000000000, 0.000000000000000000 ) ) ;
#3092 = FACE_OUTER_BOUND ( 'NONE', #2707, .T. ) ;
#3093 = ORIENTED_EDGE ( 'NONE', *, *, #4106, .T. ) ;
#3094 = DIRECTION ( 'NONE',  ( -1.000000000000000000, 0.000000000000000000, 0.000000000000000000 ) ) ;
#3095 = LINE ( 'NONE', #1942, #219 ) ;
#3096 = EDGE_CURVE ( 'NONE', #3062, #4215, #53, .T. ) ;
#3097 = CARTESIAN_POINT ( 'NONE',  ( -8.514999999999998792, -1.575307679196802813, 1.256889763779527325 ) ) ;
#3098 = CARTESIAN_POINT ( 'NONE',  ( 6.447529624798466585, -4.573827545010972884, 0.3838246586430706375 ) ) ;
#3099 = LINE ( 'NONE', #4283, #1344 ) ;
#3100 = VERTEX_POINT ( 'NONE', #2119 ) ;
#3101 = DIRECTION ( 'NONE',  ( 1.000000000000000000, -0.000000000000000000, -0.000000000000000000 ) ) ;
#3102 = EDGE_CURVE ( 'NONE', #3155, #1058, #668, .T. ) ;
#3103 = LINE ( 'NONE', #2654, #2970 ) ;
#3104 = VERTEX_POINT ( 'NONE', #1835 ) ;
#3105 = CARTESIAN_POINT ( 'NONE',  ( 6.125000000000000000, -6.449999999999999289, -0.1250000000000000278 ) ) ;
#3106 = EDGE_LOOP ( 'NONE', ( #1338, #703 ) ) ;
#3107 = ORIENTED_EDGE ( 'NONE', *, *, #3061, .F. ) ;
#3108 = VECTOR ( 'NONE', #3048, 39.37007874015748143 ) ;
#3109 = PLANE ( 'NONE',  #5143 ) ;
#3110 = DIRECTION ( 'NONE',  ( -1.000000000000000000, -0.000000000000000000, -0.000000000000000000 ) ) ;
#3111 = ORIENTED_EDGE ( 'NONE', *, *, #456, .F. ) ;
#3112 = VECTOR ( 'NONE', #4856, 39.37007874015748143 ) ;
#3113 = AXIS2_PLACEMENT_3D ( 'NONE', #4444, #1861, #960 ) ;
#3114 = ORIENTED_EDGE ( 'NONE', *, *, #4984, .T. ) ;
#3115 = DIRECTION ( 'NONE',  ( 0.000000000000000000, 0.000000000000000000, 1.000000000000000000 ) ) ;
#3116 = CARTESIAN_POINT ( 'NONE',  ( 6.624999999999994671, -2.196923279533618434, 0.4971642903507426103 ) ) ;
#3117 = AXIS2_PLACEMENT_3D ( 'NONE', #2787, #691, #2469 ) ;
#3118 = AXIS2_PLACEMENT_3D ( 'NONE', #790, #2448, #3270 ) ;
#3119 = PLANE ( 'NONE',  #1437 ) ;
#3120 = CARTESIAN_POINT ( 'NONE',  ( 6.375000000000000000, -1.195882546459554163, 0.6250000000000000000 ) ) ;
#3121 = EDGE_CURVE ( 'NONE', #432, #2572, #4450, .T. ) ;
#3122 = EDGE_LOOP ( 'NONE', ( #895, #3012, #5095, #5194 ) ) ;
#3123 = DIRECTION ( 'NONE',  ( 1.000000000000000000, 0.000000000000000000, 0.000000000000000000 ) ) ;
#3124 = CIRCLE ( 'NONE', #4878, 0.1004999999999996452 ) ;
#3125 = FACE_OUTER_BOUND ( 'NONE', #3680, .T. ) ;
#3126 = CARTESIAN_POINT ( 'NONE',  ( 6.624999999999999112, -6.200984252499999627, 0.5459157475000000481 ) ) ;
#3127 = DIRECTION ( 'NONE',  ( -0.000000000000000000, 1.000000000000000000, -1.561055996379578982E-16 ) ) ;
#3128 = DIRECTION ( 'NONE',  ( 1.000000000000000000, -0.000000000000000000, -0.000000000000000000 ) ) ;
#3129 = AXIS2_PLACEMENT_3D ( 'NONE', #2825, #2412, #2852 ) ;
#3130 = ORIENTED_EDGE ( 'NONE', *, *, #5423, .F. ) ;
#3131 = DIRECTION ( 'NONE',  ( 0.000000000000000000, 0.000000000000000000, -1.000000000000000000 ) ) ;
#3132 = AXIS2_PLACEMENT_3D ( 'NONE', #3063, #3004, #415 ) ;
#3133 = EDGE_CURVE ( 'NONE', #2675, #1930, #1180, .T. ) ;
#3134 = ADVANCED_FACE ( 'NONE', ( #2230 ), #140, .T. ) ;
#3135 = VECTOR ( 'NONE', #5045, 39.37007874015748143 ) ;
#3136 = CARTESIAN_POINT ( 'NONE',  ( -8.514999999999998792, -1.195882546459554163, 0.6250000000000000000 ) ) ;
#3137 = ORIENTED_EDGE ( 'NONE', *, *, #3133, .T. ) ;
#3138 = ADVANCED_BREP_SHAPE_REPRESENTATION ( 'Side Plate R', ( #319, #2954 ), #4458 ) ;
#3139 = DIRECTION ( 'NONE',  ( 0.000000000000000000, 0.000000000000000000, -1.000000000000000000 ) ) ;
#3140 = VECTOR ( 'NONE', #2237, 39.37007874015748143 ) ;
#3141 = EDGE_CURVE ( 'NONE', #2528, #2382, #4974, .T. ) ;
#3142 = ORIENTED_EDGE ( 'NONE', *, *, #2539, .T. ) ;
#3143 = FACE_OUTER_BOUND ( 'NONE', #5436, .T. ) ;
#3144 = ORIENTED_EDGE ( 'NONE', *, *, #2731, .T. ) ;
#3145 = CIRCLE ( 'NONE', #498, 0.1250000000000004441 ) ;
#3146 = FACE_OUTER_BOUND ( 'NONE', #4465, .T. ) ;
#3147 = DIRECTION ( 'NONE',  ( -1.000000000000000000, 0.000000000000000000, 0.000000000000000000 ) ) ;
#3148 = ADVANCED_FACE ( 'NONE', ( #586 ), #4768, .F. ) ;
#3149 = ORIENTED_EDGE ( 'NONE', *, *, #1690, .F. ) ;
#3150 = CARTESIAN_POINT ( 'NONE',  ( 6.125000000000000000, -7.549999999999999822, 0.2500000000000000555 ) ) ;
#3151 = CARTESIAN_POINT ( 'NONE',  ( 6.125000000000000000, -1.575307679196802813, 1.375000000000000000 ) ) ;
#3152 = FACE_OUTER_BOUND ( 'NONE', #4853, .T. ) ;
#3153 = FACE_BOUND ( 'NONE', #5154, .T. ) ;
#3154 = CIRCLE ( 'NONE', #3843, 0.1181102362204725503 ) ;
#3155 = VERTEX_POINT ( 'NONE', #1505 ) ;
#3156 = CARTESIAN_POINT ( 'NONE',  ( 6.375000000000000000, -6.799999999999999822, 0.6249999999999992228 ) ) ;
#3157 = CARTESIAN_POINT ( 'NONE',  ( 6.375000000000000000, -2.488443560568032176, 0.3063392792159908562 ) ) ;
#3158 = FACE_OUTER_BOUND ( 'NONE', #4156, .T. ) ;
#3159 = DIRECTION ( 'NONE',  ( -1.000000000000000000, 0.000000000000000000, 0.000000000000000000 ) ) ;
#3160 = VERTEX_POINT ( 'NONE', #634 ) ;
#3161 = LINE ( 'NONE', #4335, #1335 ) ;
#3162 = DIRECTION ( 'NONE',  ( -0.000000000000000000, -0.000000000000000000, -1.000000000000000000 ) ) ;
#3163 = ORIENTED_EDGE ( 'NONE', *, *, #302, .F. ) ;
#3164 = CARTESIAN_POINT ( 'NONE',  ( 6.375000000000000000, -4.116465171358374420, 0.3936180216387696884 ) ) ;
#3165 = ADVANCED_FACE ( 'NONE', ( #2669 ), #3553, .F. ) ;
#3166 = ORIENTED_EDGE ( 'NONE', *, *, #5406, .F. ) ;
#3167 = CARTESIAN_POINT ( 'NONE',  ( 6.624999999999999112, -6.200984252499999627, 1.674212009999999973 ) ) ;
#3168 = ORIENTED_EDGE ( 'NONE', *, *, #1558, .F. ) ;
#3169 = DIRECTION ( 'NONE',  ( 1.000000000000000000, -0.000000000000000000, -0.000000000000000000 ) ) ;
#3170 = LINE ( 'NONE', #3964, #118 ) ;
#3171 = ORIENTED_EDGE ( 'NONE', *, *, #4640, .T. ) ;
#3172 = ORIENTED_EDGE ( 'NONE', *, *, #1970, .F. ) ;
#3173 = EDGE_CURVE ( 'NONE', #3525, #1765, #4180, .T. ) ;
#3174 = CARTESIAN_POINT ( 'NONE',  ( 6.125000000000000000, -6.200984252499999627, 0.3115157474999999954 ) ) ;
#3175 = FACE_OUTER_BOUND ( 'NONE', #4017, .T. ) ;
#3176 = LINE ( 'NONE', #248, #2140 ) ;
#3177 = ORIENTED_EDGE ( 'NONE', *, *, #1260, .T. ) ;
#3178 = VERTEX_POINT ( 'NONE', #1455 ) ;
#3179 = DIRECTION ( 'NONE',  ( -0.000000000000000000, 1.000000000000000000, -0.000000000000000000 ) ) ;
#3180 = DIRECTION ( 'NONE',  ( -1.000000000000000000, 0.000000000000000000, 0.000000000000000000 ) ) ;
#3181 = CARTESIAN_POINT ( 'NONE',  ( 6.274499999999999744, -1.749999999999998446, 0.000000000000000000 ) ) ;
#3182 = DIRECTION ( 'NONE',  ( 1.000000000000000000, -0.000000000000000000, -0.000000000000000000 ) ) ;
#3183 = ORIENTED_EDGE ( 'NONE', *, *, #3359, .T. ) ;
#3184 = CARTESIAN_POINT ( 'NONE',  ( 6.375000000000000000, -6.799999999999999822, 0.4687499999999995004 ) ) ;
#3185 = ORIENTED_EDGE ( 'NONE', *, *, #3596, .F. ) ;
#3186 = CARTESIAN_POINT ( 'NONE',  ( 6.125000000000000000, 0.000000000000000000, 0.000000000000000000 ) ) ;
#3187 = CYLINDRICAL_SURFACE ( 'NONE', #4177, 0.1329999999999999238 ) ;
#3188 = ADVANCED_FACE ( 'NONE', ( #4360 ), #3480, .F. ) ;
#3189 = EDGE_LOOP ( 'NONE', ( #3434, #2245 ) ) ;
#3190 = EDGE_CURVE ( 'NONE', #2051, #3363, #3199, .T. ) ;
#3191 = CARTESIAN_POINT ( 'NONE',  ( 6.624999999999999112, -6.200984252499999627, 0.07711574749999990097 ) ) ;
#3192 = ORIENTED_EDGE ( 'NONE', *, *, #233, .F. ) ;
#3193 = LINE ( 'NONE', #1093, #35 ) ;
#3194 = VERTEX_POINT ( 'NONE', #3151 ) ;
#3195 = EDGE_CURVE ( 'NONE', #2300, #2166, #4786, .T. ) ;
#3196 = DIRECTION ( 'NONE',  ( -1.000000000000000000, 0.000000000000000000, 0.000000000000000000 ) ) ;
#3197 = VECTOR ( 'NONE', #1236, 39.37007874015748143 ) ;
#3198 = LINE ( 'NONE', #1422, #2340 ) ;
#3199 = LINE ( 'NONE', #4027, #2492 ) ;
#3200 = CARTESIAN_POINT ( 'NONE',  ( 6.475499999999999368, -4.503937009999998686, -4.892463962593665846E-17 ) ) ;
#3201 = VERTEX_POINT ( 'NONE', #1859 ) ;
#3202 = CARTESIAN_POINT ( 'NONE',  ( 6.624999999999999112, -2.518110236220472142, 0.000000000000000000 ) ) ;
#3203 = AXIS2_PLACEMENT_3D ( 'NONE', #3925, #2650, #448 ) ;
#3204 = PLANE ( 'NONE',  #2689 ) ;
#3205 = CARTESIAN_POINT ( 'NONE',  ( 6.375000000000000000, -3.270677038116681423, 0.5461694692302064835 ) ) ;
#3206 = CARTESIAN_POINT ( 'NONE',  ( 6.363806350053390126, -1.649974094394338620, 0.4000664433709064105 ) ) ;
#3207 = ORIENTED_EDGE ( 'NONE', *, *, #269, .F. ) ;
#3208 = DIRECTION ( 'NONE',  ( 0.000000000000000000, 0.000000000000000000, -1.000000000000000000 ) ) ;
#3209 = ADVANCED_FACE ( 'NONE', ( #958 ), #4606, .F. ) ;
#3210 = CIRCLE ( 'NONE', #1347, 0.05905511811023627516 ) ;
#3211 = AXIS2_PLACEMENT_3D ( 'NONE', #1351, #5102, #2596 ) ;
#3212 = EDGE_LOOP ( 'NONE', ( #1107, #119, #3271, #3408 ) ) ;
#3213 = VECTOR ( 'NONE', #901, 39.37007874015748143 ) ;
#3214 = FACE_OUTER_BOUND ( 'NONE', #4500, .T. ) ;
#3215 = VERTEX_POINT ( 'NONE', #3994 ) ;
#3216 = AXIS2_PLACEMENT_3D ( 'NONE', #3756, #340, #395 ) ;
#3217 = AXIS2_PLACEMENT_3D ( 'NONE', #1663, #3355, #5034 ) ;
#3218 = CARTESIAN_POINT ( 'NONE',  ( 6.182268983053380573, -5.316563089990010482, 1.875564039285930740 ) ) ;
#3219 = VERTEX_POINT ( 'NONE', #1808 ) ;
#3220 = PRODUCT_DEFINITION_FORMATION_WITH_SPECIFIED_SOURCE ( 'ANY', '', #2506, .NOT_KNOWN. ) ;
#3221 = PLANE ( 'NONE',  #1611 ) ;
#3222 = EDGE_LOOP ( 'NONE', ( #724, #3569, #2094 ) ) ;
#3223 = VERTEX_POINT ( 'NONE', #3506 ) ;
#3224 = CARTESIAN_POINT ( 'NONE',  ( 6.624999999999999112, -6.200984252499999627, 0.3115157474999999954 ) ) ;
#3225 = DIRECTION ( 'NONE',  ( 0.000000000000000000, 0.000000000000000000, 1.000000000000000000 ) ) ;
#3226 = EDGE_CURVE ( 'NONE', #318, #367, #1276, .T. ) ;
#3227 = ORIENTED_EDGE ( 'NONE', *, *, #718, .T. ) ;
#3228 = DIRECTION ( 'NONE',  ( 1.000000000000000000, -0.000000000000000000, -0.000000000000000000 ) ) ;
#3229 = CARTESIAN_POINT ( 'NONE',  ( 6.506889763779526881, 0.5000000000000000000, 0.5931102362204720979 ) ) ;
#3230 = ORIENTED_EDGE ( 'NONE', *, *, #4886, .T. ) ;
#3231 = LINE ( 'NONE', #2815, #1511 ) ;
#3232 = DIRECTION ( 'NONE',  ( 1.000000000000000000, 0.000000000000000000, 0.000000000000000000 ) ) ;
#3233 = DIRECTION ( 'NONE',  ( 0.000000000000000000, 0.000000000000000000, -1.000000000000000000 ) ) ;
#3234 = VERTEX_POINT ( 'NONE', #5207 ) ;
#3235 = EDGE_CURVE ( 'NONE', #1494, #4149, #188, .T. ) ;
#3236 = DIRECTION ( 'NONE',  ( 0.000000000000000000, 0.000000000000000000, -1.000000000000000000 ) ) ;
#3237 = FACE_OUTER_BOUND ( 'NONE', #1831, .T. ) ;
#3238 = ORIENTED_EDGE ( 'NONE', *, *, #2217, .T. ) ;
#3239 = DIRECTION ( 'NONE',  ( 0.000000000000000000, 0.5150380749100522682, 0.8571673007021134438 ) ) ;
#3240 = EDGE_LOOP ( 'NONE', ( #283, #711 ) ) ;
#3241 = LINE ( 'NONE', #2049, #298 ) ;
#3242 = ORIENTED_EDGE ( 'NONE', *, *, #4868, .F. ) ;
#3243 = B_SPLINE_CURVE_WITH_KNOTS ( 'NONE', 3,
 ( #4849, #3507, #1068, #247, #2672, #1921 ),
 .UNSPECIFIED., .F., .F.,
 ( 4, 2, 4 ),
 ( 0.01186444647647997078, 0.01320508380131640153, 0.01454572112615283054 ),
 .UNSPECIFIED. ) ;
#3244 = CARTESIAN_POINT ( 'NONE',  ( 6.475499999999999368, -1.749999999999998446, 0.000000000000000000 ) ) ;
#3245 = CARTESIAN_POINT ( 'NONE',  ( 6.274499999999999744, -1.499999999999998446, 1.750000000000000000 ) ) ;
#3246 = LINE ( 'NONE', #4927, #1436 ) ;
#3247 = DIRECTION ( 'NONE',  ( -1.000000000000000000, 0.000000000000000000, 0.000000000000000000 ) ) ;
#3248 = VERTEX_POINT ( 'NONE', #221 ) ;
#3249 = EDGE_CURVE ( 'NONE', #1391, #1494, #1893, .T. ) ;
#3250 = ADVANCED_FACE ( 'NONE', ( #2753 ), #669, .T. ) ;
#3251 = CARTESIAN_POINT ( 'NONE',  ( 6.404879518389666515, -1.596146008162260710, 1.373167383431554756 ) ) ;
#3252 = ORIENTED_EDGE ( 'NONE', *, *, #3766, .F. ) ;
#3253 = CARTESIAN_POINT ( 'NONE',  ( 6.375000000000000000, -4.503937009999998686, 0.000000000000000000 ) ) ;
#3254 = DIRECTION ( 'NONE',  ( -0.000000000000000000, -0.000000000000000000, 1.000000000000000000 ) ) ;
#3255 = VERTEX_POINT ( 'NONE', #1121 ) ;
#3256 = CARTESIAN_POINT ( 'NONE',  ( 6.125000000000000000, -3.810379740625795542, 0.8648822026927610596 ) ) ;
#3257 = CARTESIAN_POINT ( 'NONE',  ( 6.125000000000000000, -6.066141731220471733, 0.7411417312204724439 ) ) ;
#3258 = CARTESIAN_POINT ( 'NONE',  ( 6.125000000000000000, -4.571493498795701882, 3.043068032512251442 ) ) ;
#3259 = EDGE_LOOP ( 'NONE', ( #1655, #4147, #255, #4879 ) ) ;
#3260 = FACE_OUTER_BOUND ( 'NONE', #177, .T. ) ;
#3261 = CARTESIAN_POINT ( 'NONE',  ( 6.125000000000000000, -2.799428232213102774, -0.6369009604610365027 ) ) ;
#3262 = ORIENTED_EDGE ( 'NONE', *, *, #3622, .T. ) ;
#3263 = EDGE_CURVE ( 'NONE', #2289, #3898, #996, .T. ) ;
#3264 = CARTESIAN_POINT ( 'NONE',  ( 4.433018566799289850, -2.463535137063221914, 1.031590137238388438 ) ) ;
#3265 = ORIENTED_EDGE ( 'NONE', *, *, #2763, .F. ) ;
#3266 = CARTESIAN_POINT ( 'NONE',  ( 6.274499999999932243, -4.503937009999946284, 0.4457194827810625481 ) ) ;
#3267 = ORIENTED_EDGE ( 'NONE', *, *, #3929, .F. ) ;
#3268 = DIRECTION ( 'NONE',  ( 0.000000000000000000, 0.000000000000000000, -1.000000000000000000 ) ) ;
#3269 = CARTESIAN_POINT ( 'NONE',  ( 6.125000000000000000, -3.270677038116681423, 0.6791694692302063796 ) ) ;
#3270 = DIRECTION ( 'NONE',  ( 0.000000000000000000, 1.224646799147353700E-16, -1.000000000000000000 ) ) ;
#3271 = ORIENTED_EDGE ( 'NONE', *, *, #3628, .F. ) ;
#3272 = EDGE_LOOP ( 'NONE', ( #2606, #2131 ) ) ;
#3273 = CARTESIAN_POINT ( 'NONE',  ( 6.345100503221441812, -1.596142049381357397, 1.373168390534714511 ) ) ;
#3274 = VERTEX_POINT ( 'NONE', #789 ) ;
#3275 = CARTESIAN_POINT ( 'NONE',  ( 6.348729583816787425, -0.4027766388464283920, 0.4169917147375871158 ) ) ;
#3276 = DIRECTION ( 'NONE',  ( 0.000000000000000000, 0.000000000000000000, 1.000000000000000000 ) ) ;
#3277 = VECTOR ( 'NONE', #781, 39.37007874015748143 ) ;
#3278 = ORIENTED_EDGE ( 'NONE', *, *, #758, .T. ) ;
#3279 = DIRECTION ( 'NONE',  ( -1.000000000000000000, 0.000000000000000000, 0.000000000000000000 ) ) ;
#3280 = AXIS2_PLACEMENT_3D ( 'NONE', #4058, #5269, #5242 ) ;
#3281 = VECTOR ( 'NONE', #3557, 39.37007874015748143 ) ;
#3282 = DIRECTION ( 'NONE',  ( 1.000000000000000000, -0.000000000000000000, -0.000000000000000000 ) ) ;
#3283 = LINE ( 'NONE', #420, #1781 ) ;
#3284 = CYLINDRICAL_SURFACE ( 'NONE', #209, 0.1181102362204725503 ) ;
#3285 = AXIS2_PLACEMENT_3D ( 'NONE', #3368, #1274, #4580 ) ;
#3286 = DIRECTION ( 'NONE',  ( -1.000000000000000000, -0.000000000000000000, -0.000000000000000000 ) ) ;
#3287 = EDGE_CURVE ( 'NONE', #3685, #699, #2932, .T. ) ;
#3288 = AXIS2_PLACEMENT_3D ( 'NONE', #3486, #3863, #3806 ) ;
#3289 = ADVANCED_FACE ( 'NONE', ( #4154 ), #4985, .F. ) ;
#3290 = ORIENTED_EDGE ( 'NONE', *, *, #3903, .F. ) ;
#3291 = VECTOR ( 'NONE', #2257, 39.37007874015748143 ) ;
#3292 = AXIS2_PLACEMENT_3D ( 'NONE', #3069, #4693, #2186 ) ;
#3293 = CARTESIAN_POINT ( 'NONE',  ( 6.169184632591171891, -5.325652212650118678, 1.876420483053975019 ) ) ;
#3294 = ORIENTED_EDGE ( 'NONE', *, *, #1498, .F. ) ;
#3295 = CARTESIAN_POINT ( 'NONE',  ( 6.375000000000000000, -3.810379740625795542, 0.8648822026927610596 ) ) ;
#3296 = EDGE_CURVE ( 'NONE', #3885, #4732, #380, .T. ) ;
#3297 = VECTOR ( 'NONE', #3510, 39.37007874015748143 ) ;
#3298 = ORIENTED_EDGE ( 'NONE', *, *, #1637, .T. ) ;
#3299 = ORIENTED_EDGE ( 'NONE', *, *, #2949, .F. ) ;
#3300 = CYLINDRICAL_SURFACE ( 'NONE', #5063, 0.1004999999999996452 ) ;
#3301 = EDGE_CURVE ( 'NONE', #3194, #3335, #2883, .T. ) ;
#3302 = DIRECTION ( 'NONE',  ( -1.000000000000000000, 0.000000000000000000, 0.000000000000000000 ) ) ;
#3303 = ORIENTED_EDGE ( 'NONE', *, *, #2118, .T. ) ;
#3304 = VERTEX_POINT ( 'NONE', #4569 ) ;
#3305 = DIRECTION ( 'NONE',  ( 0.000000000000000000, 0.000000000000000000, 1.000000000000000000 ) ) ;
#3306 = EDGE_LOOP ( 'NONE', ( #3742, #3699, #2877, #3768 ) ) ;
#3307 = LINE ( 'NONE', #2428, #2415 ) ;
#3308 = CARTESIAN_POINT ( 'NONE',  ( 6.375000000000000000, -0.3994999999999993001, 1.559546550094165429 ) ) ;
#3309 = AXIS2_PLACEMENT_3D ( 'NONE', #1065, #3627, #2783 ) ;
#3310 = ORIENTED_EDGE ( 'NONE', *, *, #4213, .T. ) ;
#3311 = CARTESIAN_POINT ( 'NONE',  ( 4.433018566799289850, -4.199342881615018896, 0.4495759088631432476 ) ) ;
#3312 = EDGE_CURVE ( 'NONE', #3514, #4963, #1098, .T. ) ;
#3313 = B_SPLINE_CURVE_WITH_KNOTS ( 'NONE', 3,
 ( #197, #3593, #1870, #3567, #1465, #4420, #642, #2321 ),
 .UNSPECIFIED., .F., .F.,
 ( 4, 2, 2, 4 ),
 ( 0.000000000000000000, 0.001348086355647164355, 0.002022129533470738184, 0.002696172711294311797 ),
 .UNSPECIFIED. ) ;
#3314 = CIRCLE ( 'NONE', #596, 0.07950000000000007061 ) ;
#3315 = DIRECTION ( 'NONE',  ( 1.000000000000000000, -0.000000000000000000, -0.000000000000000000 ) ) ;
#3316 = DIRECTION ( 'NONE',  ( -0.7547095802227704597, -8.034405899049474753E-17, 0.6560590289905090522 ) ) ;
#3317 = EDGE_LOOP ( 'NONE', ( #97, #1420, #2521, #101 ) ) ;
#3318 = DIRECTION ( 'NONE',  ( 0.000000000000000000, 0.000000000000000000, -1.000000000000000000 ) ) ;
#3319 = DIRECTION ( 'NONE',  ( 1.000000000000000000, -0.000000000000000000, -0.000000000000000000 ) ) ;
#3320 = DIRECTION ( 'NONE',  ( 0.000000000000000000, 0.000000000000000000, -1.000000000000000000 ) ) ;
#3321 = ORIENTED_EDGE ( 'NONE', *, *, #1910, .T. ) ;
#3322 = EDGE_CURVE ( 'NONE', #4016, #3685, #2404, .T. ) ;
#3323 = CYLINDRICAL_SURFACE ( 'NONE', #1886, 0.1562499999999997224 ) ;
#3324 = EDGE_LOOP ( 'NONE', ( #1061, #3025, #3692, #3838 ) ) ;
#3325 = CYLINDRICAL_SURFACE ( 'NONE', #4530, 0.2344000000000001083 ) ;
#3326 = ORIENTED_EDGE ( 'NONE', *, *, #4736, .F. ) ;
#3327 = DIRECTION ( 'NONE',  ( 1.000000000000000000, 0.000000000000000000, 0.000000000000000000 ) ) ;
#3328 = EDGE_CURVE ( 'NONE', #4915, #4822, #583, .T. ) ;
#3329 = DIRECTION ( 'NONE',  ( -1.000000000000000000, 0.000000000000000000, 0.000000000000000000 ) ) ;
#3330 = FACE_OUTER_BOUND ( 'NONE', #4422, .T. ) ;
#3331 = DIRECTION ( 'NONE',  ( 0.000000000000000000, 0.000000000000000000, 1.000000000000000000 ) ) ;
#3332 = VERTEX_POINT ( 'NONE', #4874 ) ;
#3333 = EDGE_CURVE ( 'NONE', #3796, #1421, #2061, .T. ) ;
#3334 = CARTESIAN_POINT ( 'NONE',  ( 6.375000000000000000, -3.957041767054685799, 1.117703048529785637 ) ) ;
#3335 = VERTEX_POINT ( 'NONE', #4075 ) ;
#3336 = CARTESIAN_POINT ( 'NONE',  ( 6.290478256033967597, -0.4441707727085485446, 0.3849499660372150966 ) ) ;
#3337 = CARTESIAN_POINT ( 'NONE',  ( 6.385925037521799297, -0.3999879081043842266, 1.557739058128440934 ) ) ;
#3338 = ORIENTED_EDGE ( 'NONE', *, *, #706, .F. ) ;
#3339 = CYLINDRICAL_SURFACE ( 'NONE', #224, 0.2344000000000001083 ) ;
#3340 = CARTESIAN_POINT ( 'NONE',  ( 6.354916844725317482, -0.4014185406950612212, 1.551843649068447073 ) ) ;
#3341 = DIRECTION ( 'NONE',  ( 0.000000000000000000, -1.000000000000000000, -1.224646799147353207E-16 ) ) ;
#3342 = DIRECTION ( 'NONE',  ( -1.000000000000000000, -0.000000000000000000, -0.000000000000000000 ) ) ;
#3343 = CARTESIAN_POINT ( 'NONE',  ( 6.375000000000000000, -0.3799999999999998934, 1.512499999999999734 ) ) ;
#3344 = ORIENTED_EDGE ( 'NONE', *, *, #616, .T. ) ;
#3345 = CARTESIAN_POINT ( 'NONE',  ( 6.369503732226286630, -0.3994999999999986895, 0.1904534499058327668 ) ) ;
#3346 = ORIENTED_EDGE ( 'NONE', *, *, #3695, .F. ) ;
#3347 = LINE ( 'NONE', #3841, #1460 ) ;
#3348 = ORIENTED_EDGE ( 'NONE', *, *, #284, .F. ) ;
#3349 = EDGE_CURVE ( 'NONE', #5452, #5017, #4493, .T. ) ;
#3350 = FACE_OUTER_BOUND ( 'NONE', #1270, .T. ) ;
#3351 = ORIENTED_EDGE ( 'NONE', *, *, #1126, .F. ) ;
#3352 = EDGE_CURVE ( 'NONE', #786, #2937, #838, .T. ) ;
#3353 = VERTEX_POINT ( 'NONE', #1099 ) ;
#3354 = DIRECTION ( 'NONE',  ( 1.000000000000000000, 0.000000000000000000, 0.000000000000000000 ) ) ;
#3355 = DIRECTION ( 'NONE',  ( 0.000000000000000000, 1.000000000000000000, 6.829619984160658046E-17 ) ) ;
#3356 = LINE ( 'NONE', #1769, #5321 ) ;
#3357 = EDGE_LOOP ( 'NONE', ( #5353, #71, #5426, #202 ) ) ;
#3358 = EDGE_CURVE ( 'NONE', #3908, #549, #1173, .T. ) ;
#3359 = EDGE_CURVE ( 'NONE', #4687, #4398, #135, .T. ) ;
#3360 = DIRECTION ( 'NONE',  ( 0.000000000000000000, -2.185478394931410969E-15, -1.000000000000000000 ) ) ;
#3361 = LINE ( 'NONE', #77, #3913 ) ;
#3362 = CARTESIAN_POINT ( 'NONE',  ( 6.385928439573270055, -0.3999883800836875336, 1.467262842893284569 ) ) ;
#3363 = VERTEX_POINT ( 'NONE', #2447 ) ;
#3364 = CARTESIAN_POINT ( 'NONE',  ( 6.125000000000000000, -1.416781346178935340E-16, 1.156889763779527236 ) ) ;
#3365 = DIRECTION ( 'NONE',  ( 0.000000000000000000, 0.000000000000000000, 1.000000000000000000 ) ) ;
#3366 = CIRCLE ( 'NONE', #462, 0.1004999999999996452 ) ;
#3367 = DIRECTION ( 'NONE',  ( 1.000000000000000000, -0.000000000000000000, -0.000000000000000000 ) ) ;
#3368 = CARTESIAN_POINT ( 'NONE',  ( 6.624999999999999112, -2.078882640153934425, 0.4931102362204723977 ) ) ;
#3369 = FACE_OUTER_BOUND ( 'NONE', #2414, .T. ) ;
#3370 = EDGE_CURVE ( 'NONE', #4802, #621, #2365, .T. ) ;
#3371 = ORIENTED_EDGE ( 'NONE', *, *, #192, .T. ) ;
#3372 = FACE_OUTER_BOUND ( 'NONE', #407, .T. ) ;
#3373 = AXIS2_PLACEMENT_3D ( 'NONE', #1902, #1927, #4034 ) ;
#3374 = CIRCLE ( 'NONE', #4603, 0.1329999999999999238 ) ;
#3375 = VERTEX_POINT ( 'NONE', #268 ) ;
#3376 = SURFACE_STYLE_FILL_AREA ( #2524 ) ;
#3377 = EDGE_LOOP ( 'NONE', ( #377, #1092, #136, #3535 ) ) ;
#3378 = AXIS2_PLACEMENT_3D ( 'NONE', #3457, #3932, #541 ) ;
#3379 = AXIS2_PLACEMENT_3D ( 'NONE', #2806, #814, #1538 ) ;
#3380 = LINE ( 'NONE', #1217, #2685 ) ;
#3381 = ORIENTED_EDGE ( 'NONE', *, *, #5298, .F. ) ;
#3382 = AXIS2_PLACEMENT_3D ( 'NONE', #2211, #4774, #1352 ) ;
#3383 = CIRCLE ( 'NONE', #1004, 0.1181102362204725503 ) ;
#3384 = VECTOR ( 'NONE', #1320, 39.37007874015748143 ) ;
#3385 = CARTESIAN_POINT ( 'NONE',  ( 6.395091999502342972, -0.4014197460655055116, 0.1981611878183735520 ) ) ;
#3386 = CIRCLE ( 'NONE', #5326, 0.1181102362204724116 ) ;
#3387 = CIRCLE ( 'NONE', #4626, 0.1004999999999996452 ) ;
#3388 = CARTESIAN_POINT ( 'NONE',  ( 6.375000000000000000, -0.3799999999999998934, 0.2374999999999998501 ) ) ;
#3389 = LINE ( 'NONE', #48, #4525 ) ;
#3390 = AXIS2_PLACEMENT_3D ( 'NONE', #1868, #991, #1074 ) ;
#3391 = ORIENTED_EDGE ( 'NONE', *, *, #1374, .F. ) ;
#3392 = AXIS2_PLACEMENT_3D ( 'NONE', #2829, #329, #5370 ) ;
#3393 = EDGE_CURVE ( 'NONE', #4679, #875, #1144, .T. ) ;
#3394 = CARTESIAN_POINT ( 'NONE',  ( 6.375000000000000000, -1.749999999999998446, 0.3749999999999999445 ) ) ;
#3395 = AXIS2_PLACEMENT_3D ( 'NONE', #1265, #1813, #3094 ) ;
#3396 = DIRECTION ( 'NONE',  ( 0.000000000000000000, 0.000000000000000000, 1.000000000000000000 ) ) ;
#3397 = ORIENTED_EDGE ( 'NONE', *, *, #1461, .F. ) ;
#3398 = VECTOR ( 'NONE', #1892, 39.37007874015748143 ) ;
#3399 = DIRECTION ( 'NONE',  ( 0.000000000000000000, 0.000000000000000000, 1.000000000000000000 ) ) ;
#3400 = ADVANCED_FACE ( 'NONE', ( #1563 ), #3300, .F. ) ;
#3401 = CARTESIAN_POINT ( 'NONE',  ( 6.375000000000000000, -2.431654971802257315, 0.9460186861186288265 ) ) ;
#3402 = VECTOR ( 'NONE', #3196, 39.37007874015748143 ) ;
#3403 = CARTESIAN_POINT ( 'NONE',  ( 6.412054914415047158, -4.597645448072615437, 0.3679602749246402849 ) ) ;
#3404 = CARTESIAN_POINT ( 'NONE',  ( 6.125000000000000000, -2.399999999999999911, -0.1249999999999999861 ) ) ;
#3405 = CARTESIAN_POINT ( 'NONE',  ( 6.506889763779526881, -2.118110236220472675, 1.749999999999999556 ) ) ;
#3406 = ORIENTED_EDGE ( 'NONE', *, *, #4208, .F. ) ;
#3407 = CARTESIAN_POINT ( 'NONE',  ( 6.125000000000000000, -5.955081525351289429, 2.100000000000000089 ) ) ;
#3408 = ORIENTED_EDGE ( 'NONE', *, *, #5036, .F. ) ;
#3409 = EDGE_CURVE ( 'NONE', #449, #3100, #3246, .T. ) ;
#3410 = ORIENTED_EDGE ( 'NONE', *, *, #90, .F. ) ;
#3411 = CIRCLE ( 'NONE', #1723, 0.3750000000000000555 ) ;
#3412 = CARTESIAN_POINT ( 'NONE',  ( 6.624999999999999112, -6.200984252499999627, 0.3115157474999999954 ) ) ;
#3413 = ORIENTED_EDGE ( 'NONE', *, *, #2742, .T. ) ;
#3414 = CARTESIAN_POINT ( 'NONE',  ( 6.624999999999999112, -4.037911439581312933, 0.3094765958350453317 ) ) ;
#3415 = CARTESIAN_POINT ( 'NONE',  ( 6.125000000000000000, -6.200984252499999627, 1.314812009999999587 ) ) ;
#3416 = ORIENTED_EDGE ( 'NONE', *, *, #1101, .F. ) ;
#3417 = DIRECTION ( 'NONE',  ( -0.000000000000000000, 0.000000000000000000, 1.000000000000000000 ) ) ;
#3418 = CARTESIAN_POINT ( 'NONE',  ( 6.375000000000000000, -6.799999999999999822, 0.7812499999999988898 ) ) ;
#3419 = EDGE_CURVE ( 'NONE', #3155, #2627, #5009, .T. ) ;
#3420 = ORIENTED_EDGE ( 'NONE', *, *, #2369, .F. ) ;
#3421 = CARTESIAN_POINT ( 'NONE',  ( 6.624999999999999112, -1.195882546459554163, 0.6250000000000000000 ) ) ;
#3422 = EDGE_CURVE ( 'NONE', #5434, #4932, #2950, .T. ) ;
#3423 = FACE_OUTER_BOUND ( 'NONE', #4470, .T. ) ;
#3424 = ORIENTED_EDGE ( 'NONE', *, *, #4920, .F. ) ;
#3425 = AXIS2_PLACEMENT_3D ( 'NONE', #4585, #2129, #5 ) ;
#3426 = CARTESIAN_POINT ( 'NONE',  ( 6.125000000000000000, -2.000000000000000444, 1.874999999999999556 ) ) ;
#3427 = CARTESIAN_POINT ( 'NONE',  ( 6.459814396513388068, -4.558211217213020916, 0.3954900190433006668 ) ) ;
#3428 = CARTESIAN_POINT ( 'NONE',  ( 6.243110236220472231, 0.000000000000000000, 1.156889763779527236 ) ) ;
#3429 = DIRECTION ( 'NONE',  ( -0.000000000000000000, -0.000000000000000000, -1.000000000000000000 ) ) ;
#3430 = VERTEX_POINT ( 'NONE', #5456 ) ;
#3431 = DIRECTION ( 'NONE',  ( -0.000000000000000000, -0.000000000000000000, -1.000000000000000000 ) ) ;
#3432 = EDGE_CURVE ( 'NONE', #2907, #3653, #2114, .T. ) ;
#3433 = CARTESIAN_POINT ( 'NONE',  ( 6.375000000000000000, -0.3994999999999993001, 1.559546550094165429 ) ) ;
#3434 = ORIENTED_EDGE ( 'NONE', *, *, #566, .F. ) ;
#3435 = DIRECTION ( 'NONE',  ( 0.000000000000000000, 0.000000000000000000, -1.000000000000000000 ) ) ;
#3436 = ORIENTED_EDGE ( 'NONE', *, *, #2185, .F. ) ;
#3437 = ORIENTED_EDGE ( 'NONE', *, *, #4402, .T. ) ;
#3438 = ORIENTED_EDGE ( 'NONE', *, *, #4218, .T. ) ;
#3439 = CYLINDRICAL_SURFACE ( 'NONE', #4449, 0.1250000000000004441 ) ;
#3440 = CARTESIAN_POINT ( 'NONE',  ( 6.125000000000000000, -4.835468858908924972, 0.3000000000000000999 ) ) ;
#3441 = ORIENTED_EDGE ( 'NONE', *, *, #5301, .F. ) ;
#3442 = CYLINDRICAL_SURFACE ( 'NONE', #5417, 0.05905511811023627516 ) ;
#3443 = DIRECTION ( 'NONE',  ( 0.000000000000000000, 0.000000000000000000, 1.000000000000000000 ) ) ;
#3444 = ORIENTED_EDGE ( 'NONE', *, *, #842, .T. ) ;
#3445 = DIRECTION ( 'NONE',  ( -1.000000000000000000, 0.000000000000000000, 0.000000000000000000 ) ) ;
#3446 = CARTESIAN_POINT ( 'NONE',  ( 6.624999999999999112, 0.5000000000000002220, 1.274999999999999911 ) ) ;
#3447 = DIRECTION ( 'NONE',  ( 0.000000000000000000, 1.000000000000000000, 0.000000000000000000 ) ) ;
#3448 = CARTESIAN_POINT ( 'NONE',  ( 6.468321007834111569, -4.541692474312160499, 0.4090451705123268056 ) ) ;
#3449 = DIRECTION ( 'NONE',  ( 0.000000000000000000, 0.03432432496962133789, 0.9994107467479923512 ) ) ;
#3450 = DIRECTION ( 'NONE',  ( 1.000000000000000000, 0.000000000000000000, 0.000000000000000000 ) ) ;
#3451 = ORIENTED_EDGE ( 'NONE', *, *, #998, .F. ) ;
#3452 = CARTESIAN_POINT ( 'NONE',  ( 6.375000000000000000, -0.3994999999999987450, 0.2845465500941665726 ) ) ;
#3453 = VERTEX_POINT ( 'NONE', #1005 ) ;
#3454 = CIRCLE ( 'NONE', #2039, 0.2344000000000001083 ) ;
#3455 = DIRECTION ( 'NONE',  ( 0.000000000000000000, 0.000000000000000000, -1.000000000000000000 ) ) ;
#3456 = VERTEX_POINT ( 'NONE', #435 ) ;
#3457 = CARTESIAN_POINT ( 'NONE',  ( 6.125000000000000000, -4.835468858908924972, 0.7500000000000001110 ) ) ;
#3458 = EDGE_CURVE ( 'NONE', #3659, #2976, #2276, .T. ) ;
#3459 = ADVANCED_FACE ( 'NONE', ( #3957 ), #4313, .F. ) ;
#3460 = CIRCLE ( 'NONE', #5127, 0.1329999999999999238 ) ;
#3461 = ORIENTED_EDGE ( 'NONE', *, *, #131, .F. ) ;
#3462 = ORIENTED_EDGE ( 'NONE', *, *, #5161, .F. ) ;
#3463 = AXIS2_PLACEMENT_3D ( 'NONE', #2294, #3976, #196 ) ;
#3464 = AXIS2_PLACEMENT_3D ( 'NONE', #1804, #3502, #1830 ) ;
#3465 = ORIENTED_EDGE ( 'NONE', *, *, #1906, .T. ) ;
#3466 = ADVANCED_FACE ( 'NONE', ( #2531 ), #2910, .T. ) ;
#3467 = LINE ( 'NONE', #5457, #2244 ) ;
#3468 = CARTESIAN_POINT ( 'NONE',  ( 6.125000000000000000, -5.299999999999999822, 1.750000000000000000 ) ) ;
#3469 = AXIS2_PLACEMENT_3D ( 'NONE', #5103, #507, #3070 ) ;
#3470 = AXIS2_PLACEMENT_3D ( 'NONE', #2470, #743, #2420 ) ;
#3471 = VERTEX_POINT ( 'NONE', #3518 ) ;
#3472 = ORIENTED_EDGE ( 'NONE', *, *, #3296, .T. ) ;
#3473 = ADVANCED_FACE ( 'NONE', ( #4593, #4376 ), #4733, .T. ) ;
#3474 = CIRCLE ( 'NONE', #576, 0.2344000000000001083 ) ;
#3475 = AXIS2_PLACEMENT_3D ( 'NONE', #359, #1585, #4057 ) ;
#3476 = CARTESIAN_POINT ( 'NONE',  ( 6.125000000000000000, -4.835468858908924972, 0.3000000000000000999 ) ) ;
#3477 = DIRECTION ( 'NONE',  ( 0.000000000000000000, 0.000000000000000000, -1.000000000000000000 ) ) ;
#3478 = EDGE_LOOP ( 'NONE', ( #258, #3868, #2712 ) ) ;
#3479 = VECTOR ( 'NONE', #1379, 39.37007874015748854 ) ;
#3480 = CONICAL_SURFACE ( 'NONE', #5308, 0.07950000000000007061, 1.029744258676656754 ) ;
#3481 = CIRCLE ( 'NONE', #4891, 0.1181102362204724116 ) ;
#3482 = DIRECTION ( 'NONE',  ( 0.000000000000000000, 1.000000000000000000, 0.000000000000000000 ) ) ;
#3483 = CARTESIAN_POINT ( 'NONE',  ( 6.125000000000000000, -5.299999999999999822, 1.156889763779524349 ) ) ;
#3484 = CARTESIAN_POINT ( 'NONE',  ( 6.473933770245883679, -4.525114863039005009, 0.4238107346364225481 ) ) ;
#3485 = DIRECTION ( 'NONE',  ( 0.000000000000000000, -1.224646799147352961E-16, 1.000000000000000000 ) ) ;
#3486 = CARTESIAN_POINT ( 'NONE',  ( 6.624999999999999112, -1.405762282583708389, 1.125918381627099674 ) ) ;
#3487 = ORIENTED_EDGE ( 'NONE', *, *, #1972, .T. ) ;
#3488 = DIRECTION ( 'NONE',  ( 1.000000000000000000, -0.000000000000000000, -0.000000000000000000 ) ) ;
#3489 = ADVANCED_FACE ( 'NONE', ( #3053, #950 ), #1414, .F. ) ;
#3490 = B_SPLINE_CURVE_WITH_KNOTS ( 'NONE', 3,
 ( #232, #4729, #4009, #3075, #3891, #1904, #4810, #995, #4776, #535, #4372, #3595, #1357, #947 ),
 .UNSPECIFIED., .F., .F.,
 ( 4, 2, 2, 2, 2, 2, 4 ),
 ( 0.0004075110032798692100, 0.001459392930614713656, 0.001985333894282093840, 0.002511274857949474023, 0.003037215821616854640, 0.003563156785284234390, 0.004615038712619002129 ),
 .UNSPECIFIED. ) ;
#3491 =( LENGTH_UNIT ( ) NAMED_UNIT ( * ) SI_UNIT ( $, .METRE. ) );
#3492 = ORIENTED_EDGE ( 'NONE', *, *, #3458, .F. ) ;
#3493 = DIRECTION ( 'NONE',  ( 1.000000000000000000, -0.000000000000000000, -0.000000000000000000 ) ) ;
#3494 = EDGE_CURVE ( 'NONE', #2449, #2362, #4190, .T. ) ;
#3495 = ORIENTED_EDGE ( 'NONE', *, *, #100, .F. ) ;
#3496 = EDGE_CURVE ( 'NONE', #846, #3160, #1364, .T. ) ;
#3497 = ORIENTED_EDGE ( 'NONE', *, *, #4325, .T. ) ;
#3498 = CARTESIAN_POINT ( 'NONE',  ( 6.125000000000000000, -7.469852007874576039, 0.9242111038198320694 ) ) ;
#3499 = CIRCLE ( 'NONE', #4472, 0.2500000000000003331 ) ;
#3500 = EDGE_LOOP ( 'NONE', ( #4320, #3965, #3602, #4022 ) ) ;
#3501 = CARTESIAN_POINT ( 'NONE',  ( 6.125000000000000000, -1.097903186144404186, 1.750000000000000000 ) ) ;
#3502 = DIRECTION ( 'NONE',  ( 0.000000000000000000, 0.000000000000000000, -1.000000000000000000 ) ) ;
#3503 = VERTEX_POINT ( 'NONE', #813 ) ;
#3504 = EDGE_CURVE ( 'NONE', #1206, #3332, #2775, .T. ) ;
#3505 = VERTEX_POINT ( 'NONE', #4757 ) ;
#3506 = CARTESIAN_POINT ( 'NONE',  ( 6.624999999999999112, -2.546717713877304945, 1.069266085778232345 ) ) ;
#3507 = CARTESIAN_POINT ( 'NONE',  ( 6.475499999999998479, -4.491801008503911063, 0.4589423833174844924 ) ) ;
#3508 = DIRECTION ( 'NONE',  ( 0.000000000000000000, 9.313118160219072879E-17, -1.000000000000000000 ) ) ;
#3509 = ORIENTED_EDGE ( 'NONE', *, *, #4477, .T. ) ;
#3510 = DIRECTION ( 'NONE',  ( -0.000000000000000000, -1.000000000000000000, -5.463695987328527423E-16 ) ) ;
#3511 = CARTESIAN_POINT ( 'NONE',  ( -8.514999999999998792, -1.616638072028670825, 0.6849148370861219970 ) ) ;
#3512 = DIRECTION ( 'NONE',  ( -0.000000000000000000, 1.000000000000000000, -0.000000000000000000 ) ) ;
#3513 = CARTESIAN_POINT ( 'NONE',  ( 6.243110236220472231, -3.631889763779527769, 2.100000000000000089 ) ) ;
#3514 = VERTEX_POINT ( 'NONE', #2501 ) ;
#3515 = CARTESIAN_POINT ( 'NONE',  ( 6.624999999999999112, -1.028031045894111317, 1.141521637925640542 ) ) ;
#3516 = CARTESIAN_POINT ( 'NONE',  ( 6.274499999999998856, -0.4999999999999984457, 0.000000000000000000 ) ) ;
#3517 = EDGE_LOOP ( 'NONE', ( #2485, #452 ) ) ;
#3518 = CARTESIAN_POINT ( 'NONE',  ( 6.475499999999998479, -0.4999999999999984457, 0.3749999999999999445 ) ) ;
#3519 = ORIENTED_EDGE ( 'NONE', *, *, #4835, .F. ) ;
#3520 = VERTEX_POINT ( 'NONE', #2220 ) ;
#3521 = CARTESIAN_POINT ( 'NONE',  ( 4.433018566799289850, -3.987771497362133655, 0.2229550020317796200 ) ) ;
#3522 = CARTESIAN_POINT ( 'NONE',  ( 6.624999999999999112, -0.7460099012317158440, 0.8328466574111003107 ) ) ;
#3523 = EDGE_CURVE ( 'NONE', #2967, #875, #291, .T. ) ;
#3524 = ORIENTED_EDGE ( 'NONE', *, *, #1562, .T. ) ;
#3525 = VERTEX_POINT ( 'NONE', #1824 ) ;
#3526 = CARTESIAN_POINT ( 'NONE',  ( -9.639999999999997016, -6.335826773779526633, 0.7411417312204724439 ) ) ;
#3527 = CARTESIAN_POINT ( 'NONE',  ( 4.433018566799289850, -3.987771497362133655, 0.2229550020317796200 ) ) ;
#3528 = DIRECTION ( 'NONE',  ( 0.000000000000000000, 0.000000000000000000, 1.000000000000000000 ) ) ;
#3529 = ADVANCED_FACE ( 'NONE', ( #3330 ), #410, .F. ) ;
#3530 = EDGE_CURVE ( 'NONE', #2904, #4975, #1536, .T. ) ;
#3531 = ORIENTED_EDGE ( 'NONE', *, *, #365, .T. ) ;
#3532 = DIRECTION ( 'NONE',  ( 1.000000000000000000, 0.000000000000000000, 0.000000000000000000 ) ) ;
#3533 = CARTESIAN_POINT ( 'NONE',  ( 6.624999999999999112, -6.455905511811023345, -0.1250000000000000278 ) ) ;
#3534 = LINE ( 'NONE', #619, #2232 ) ;
#3535 = ORIENTED_EDGE ( 'NONE', *, *, #1396, .T. ) ;
#3536 = CARTESIAN_POINT ( 'NONE',  ( 6.624999999999999112, -3.957041767054685799, 1.117703048529785637 ) ) ;
#3537 = CARTESIAN_POINT ( 'NONE',  ( 6.375000000000000000, -4.042613218174444079, 1.085822883268820149 ) ) ;
#3538 = VERTEX_POINT ( 'NONE', #3164 ) ;
#3539 = EDGE_CURVE ( 'NONE', #1391, #2528, #3654, .T. ) ;
#3540 = CARTESIAN_POINT ( 'NONE',  ( 6.506889763779526881, -4.149999999999999467, 0.000000000000000000 ) ) ;
#3541 = DIRECTION ( 'NONE',  ( 0.000000000000000000, -9.313118160219072879E-17, 1.000000000000000000 ) ) ;
#3542 = VERTEX_POINT ( 'NONE', #4838 ) ;
#3543 = ORIENTED_EDGE ( 'NONE', *, *, #3014, .T. ) ;
#3544 = CIRCLE ( 'NONE', #4428, 0.1004999999999996452 ) ;
#3545 = CARTESIAN_POINT ( 'NONE',  ( 6.475499999999999368, -4.503937009999998686, 1.219999999999999751 ) ) ;
#3546 = LINE ( 'NONE', #2226, #1875 ) ;
#3547 = EDGE_LOOP ( 'NONE', ( #3691, #321, #3018, #4741 ) ) ;
#3548 = EDGE_CURVE ( 'NONE', #2546, #1997, #2331, .T. ) ;
#3549 = AXIS2_PLACEMENT_3D ( 'NONE', #4602, #4962, #5438 ) ;
#3550 = AXIS2_PLACEMENT_3D ( 'NONE', #4667, #966, #508 ) ;
#3551 = ORIENTED_EDGE ( 'NONE', *, *, #727, .T. ) ;
#3552 = LINE ( 'NONE', #3150, #4463 ) ;
#3553 = CYLINDRICAL_SURFACE ( 'NONE', #127, 0.2500000000000003331 ) ;
#3554 = AXIS2_PLACEMENT_3D ( 'NONE', #965, #2187, #63 ) ;
#3555 = AXIS2_PLACEMENT_3D ( 'NONE', #270, #2704, #2727 ) ;
#3556 = DIRECTION ( 'NONE',  ( 1.000000000000000000, -0.000000000000000000, -0.000000000000000000 ) ) ;
#3557 = DIRECTION ( 'NONE',  ( 0.000000000000000000, -1.000000000000000000, 0.000000000000000000 ) ) ;
#3558 = AXIS2_PLACEMENT_3D ( 'NONE', #4696, #866, #2626 ) ;
#3559 = ORIENTED_EDGE ( 'NONE', *, *, #2279, .F. ) ;
#3560 = DIRECTION ( 'NONE',  ( 0.000000000000000000, 0.000000000000000000, -1.000000000000000000 ) ) ;
#3561 = VECTOR ( 'NONE', #5035, 39.37007874015748143 ) ;
#3562 = EDGE_CURVE ( 'NONE', #3769, #4604, #680, .T. ) ;
#3563 = VECTOR ( 'NONE', #5414, 39.37007874015748143 ) ;
#3564 = DIRECTION ( 'NONE',  ( 0.000000000000000000, -0.000000000000000000, 1.000000000000000000 ) ) ;
#3565 = CYLINDRICAL_SURFACE ( 'NONE', #1969, 0.1181102362204724116 ) ;
#3566 = CARTESIAN_POINT ( 'NONE',  ( 6.499999999999999112, -6.200984252499999627, 1.674212009999999973 ) ) ;
#3567 = CARTESIAN_POINT ( 'NONE',  ( 6.278466475679715941, -4.475469496010496151, 0.4798602078990518716 ) ) ;
#3568 = AXIS2_PLACEMENT_3D ( 'NONE', #1672, #1319, #3365 ) ;
#3569 = ORIENTED_EDGE ( 'NONE', *, *, #5253, .T. ) ;
#3570 = DIRECTION ( 'NONE',  ( 0.000000000000000000, 0.000000000000000000, 1.000000000000000000 ) ) ;
#3571 = CONICAL_SURFACE ( 'NONE', #3390, 0.1004999999999996452, 1.029744258676652979 ) ;
#3572 = VECTOR ( 'NONE', #2680, 39.37007874015748143 ) ;
#3573 = DIRECTION ( 'NONE',  ( 0.000000000000000000, 0.000000000000000000, 1.000000000000000000 ) ) ;
#3574 = ORIENTED_EDGE ( 'NONE', *, *, #5419, .T. ) ;
#3575 = DIRECTION ( 'NONE',  ( -1.000000000000000000, -0.000000000000000000, -0.000000000000000000 ) ) ;
#3576 = DIRECTION ( 'NONE',  ( -0.000000000000000000, -1.000000000000000000, -9.313118160219072879E-17 ) ) ;
#3577 = ADVANCED_FACE ( 'NONE', ( #1551 ), #4916, .F. ) ;
#3578 = EDGE_LOOP ( 'NONE', ( #489, #2525, #2827, #5176, #3531, #529 ) ) ;
#3579 = CIRCLE ( 'NONE', #5247, 0.4499999999999999556 ) ;
#3580 = CYLINDRICAL_SURFACE ( 'NONE', #4358, 0.2249999999999999223 ) ;
#3581 = FACE_OUTER_BOUND ( 'NONE', #4691, .T. ) ;
#3582 = ORIENTED_EDGE ( 'NONE', *, *, #4195, .T. ) ;
#3583 = ORIENTED_EDGE ( 'NONE', *, *, #3903, .T. ) ;
#3584 = CIRCLE ( 'NONE', #4731, 0.1004999999999996452 ) ;
#3585 = FACE_OUTER_BOUND ( 'NONE', #1307, .T. ) ;
#3586 = CARTESIAN_POINT ( 'NONE',  ( 6.125000000000000000, -2.145595362918257809, 1.991663352429232869 ) ) ;
#3587 = DIRECTION ( 'NONE',  ( 1.000000000000000000, -0.000000000000000000, -0.000000000000000000 ) ) ;
#3588 = FACE_BOUND ( 'NONE', #5274, .T. ) ;
#3589 = ORIENTED_EDGE ( 'NONE', *, *, #2653, .F. ) ;
#3590 = EDGE_CURVE ( 'NONE', #2572, #2629, #1111, .T. ) ;
#3591 = CARTESIAN_POINT ( 'NONE',  ( 6.125000000000000000, -3.810379740625795542, 0.8648822026927610596 ) ) ;
#3592 = CARTESIAN_POINT ( 'NONE',  ( 6.624999999999999112, -3.987771497362133655, 0.3229550020317796255 ) ) ;
#3593 = CARTESIAN_POINT ( 'NONE',  ( 6.288861281889881916, -4.451139576875511317, 0.5153211877418041320 ) ) ;
#3594 = ORIENTED_EDGE ( 'NONE', *, *, #3054, .F. ) ;
#3595 = CARTESIAN_POINT ( 'NONE',  ( 6.320592663073315798, -4.437753251441732161, 0.5394390792018054492 ) ) ;
#3596 = EDGE_CURVE ( 'NONE', #185, #1761, #3210, .T. ) ;
#3597 = DIRECTION ( 'NONE',  ( 0.000000000000000000, 0.000000000000000000, 1.000000000000000000 ) ) ;
#3598 = ORIENTED_EDGE ( 'NONE', *, *, #4159, .F. ) ;
#3599 = FACE_BOUND ( 'NONE', #4994, .T. ) ;
#3600 = ADVANCED_FACE ( 'NONE', ( #1136, #5250, #3599, #1056, #3650, #2820, #624, #3619, #2798, #650, #4485 ), #5275, .F. ) ;
#3601 = ORIENTED_EDGE ( 'NONE', *, *, #3358, .T. ) ;
#3602 = ORIENTED_EDGE ( 'NONE', *, *, #4159, .T. ) ;
#3603 = CARTESIAN_POINT ( 'NONE',  ( 6.624999999999999112, -6.200984252499999627, 0.3115157474999999954 ) ) ;
#3604 = CARTESIAN_POINT ( 'NONE',  ( 4.433018566799289850, -4.037911439581312933, 0.3094765958350453317 ) ) ;
#3605 = ORIENTED_EDGE ( 'NONE', *, *, #2162, .F. ) ;
#3606 = FACE_OUTER_BOUND ( 'NONE', #5181, .T. ) ;
#3607 = LINE ( 'NONE', #1941, #767 ) ;
#3608 = DIRECTION ( 'NONE',  ( 1.000000000000000000, -0.000000000000000000, -0.000000000000000000 ) ) ;
#3609 = ADVANCED_FACE ( 'NONE', ( #4401 ), #4426, .F. ) ;
#3610 = CYLINDRICAL_SURFACE ( 'NONE', #4705, 0.1181102362204724116 ) ;
#3611 = DIRECTION ( 'NONE',  ( 0.000000000000000000, 1.000000000000000000, 0.000000000000000000 ) ) ;
#3612 = ORIENTED_EDGE ( 'NONE', *, *, #4074, .T. ) ;
#3613 = DIRECTION ( 'NONE',  ( 0.000000000000000000, 0.000000000000000000, -1.000000000000000000 ) ) ;
#3614 = CARTESIAN_POINT ( 'NONE',  ( 6.375000000000000000, -1.195882546459554163, 0.6250000000000000000 ) ) ;
#3615 = PLANE ( 'NONE',  #3020 ) ;
#3616 = EDGE_LOOP ( 'NONE', ( #2657, #1215, #3183, #231 ) ) ;
#3617 = DIRECTION ( 'NONE',  ( 0.000000000000000000, 0.000000000000000000, 1.000000000000000000 ) ) ;
#3618 = ORIENTED_EDGE ( 'NONE', *, *, #2338, .F. ) ;
#3619 = FACE_BOUND ( 'NONE', #4175, .T. ) ;
#3620 = CARTESIAN_POINT ( 'NONE',  ( -8.514999999999998792, -0.4931102362204725642, 0.9039245083222339217 ) ) ;
#3621 = CARTESIAN_POINT ( 'NONE',  ( 6.624999999999999112, -2.518110236220472586, -0.1249999999999999584 ) ) ;
#3622 = EDGE_CURVE ( 'NONE', #787, #66, #2845, .T. ) ;
#3623 = FACE_OUTER_BOUND ( 'NONE', #2201, .T. ) ;
#3624 = ORIENTED_EDGE ( 'NONE', *, *, #791, .T. ) ;
#3625 = CARTESIAN_POINT ( 'NONE',  ( 6.624999999999999112, -6.379711545037729969, 1.933600421261356228 ) ) ;
#3626 = EDGE_LOOP ( 'NONE', ( #5296, #4719, #1192, #1683 ) ) ;
#3627 = DIRECTION ( 'NONE',  ( -0.000000000000000000, 1.000000000000000000, -0.000000000000000000 ) ) ;
#3628 = EDGE_CURVE ( 'NONE', #1184, #5383, #1779, .T. ) ;
#3629 = VECTOR ( 'NONE', #3617, 39.37007874015748143 ) ;
#3630 = CARTESIAN_POINT ( 'NONE',  ( 6.375000000000000000, -0.3799999999999998934, 0.1579999999999997795 ) ) ;
#3631 = CARTESIAN_POINT ( 'NONE',  ( 6.375000000000000000, -1.749999999999998446, 0.000000000000000000 ) ) ;
#3632 = FACE_OUTER_BOUND ( 'NONE', #2384, .T. ) ;
#3633 = AXIS2_PLACEMENT_3D ( 'NONE', #2203, #2120, #3477 ) ;
#3634 = ORIENTED_EDGE ( 'NONE', *, *, #3016, .T. ) ;
#3635 = VECTOR ( 'NONE', #1337, 39.37007874015748143 ) ;
#3636 = DIRECTION ( 'NONE',  ( 0.000000000000000000, 0.000000000000000000, -1.000000000000000000 ) ) ;
#3637 = AXIS2_PLACEMENT_3D ( 'NONE', #4546, #768, #1976 ) ;
#3638 = ORIENTED_EDGE ( 'NONE', *, *, #2338, .T. ) ;
#3639 = CIRCLE ( 'NONE', #3118, 0.1181102362204724116 ) ;
#3640 = CIRCLE ( 'NONE', #2318, 0.1181102362204725503 ) ;
#3641 = CARTESIAN_POINT ( 'NONE',  ( 6.298058094688838260, -0.4342527077332066776, 0.3902392455836136698 ) ) ;
#3642 = CARTESIAN_POINT ( 'NONE',  ( 6.506889763779526881, -2.518110236220472142, 2.581273694800879043E-16 ) ) ;
#3643 = ORIENTED_EDGE ( 'NONE', *, *, #5280, .T. ) ;
#3644 = DIRECTION ( 'NONE',  ( 1.000000000000000000, -0.000000000000000000, -0.000000000000000000 ) ) ;
#3645 = AXIS2_PLACEMENT_3D ( 'NONE', #1944, #1639, #4155 ) ;
#3646 = AXIS2_PLACEMENT_3D ( 'NONE', #2841, #3675, #4579 ) ;
#3647 = CARTESIAN_POINT ( 'NONE',  ( 6.375000000000000000, -0.3994999999999992446, 1.465453449905833816 ) ) ;
#3648 = ORIENTED_EDGE ( 'NONE', *, *, #2379, .T. ) ;
#3649 = AXIS2_PLACEMENT_3D ( 'NONE', #3603, #1451, #2747 ) ;
#3650 = FACE_BOUND ( 'NONE', #1152, .T. ) ;
#3651 = FACE_OUTER_BOUND ( 'NONE', #1823, .T. ) ;
#3652 = AXIS2_PLACEMENT_3D ( 'NONE', #3776, #4298, #859 ) ;
#3653 = VERTEX_POINT ( 'NONE', #3186 ) ;
#3654 = CIRCLE ( 'NONE', #1975, 0.1181102362204724116 ) ;
#3655 = CARTESIAN_POINT ( 'NONE',  ( 6.375000000000000000, -0.3799999999999998934, 1.591999999999999860 ) ) ;
#3656 = ORIENTED_EDGE ( 'NONE', *, *, #3871, .F. ) ;
#3657 = EDGE_CURVE ( 'NONE', #2600, #4253, #4259, .T. ) ;
#3658 = CARTESIAN_POINT ( 'NONE',  ( 6.375000000000000000, -0.3994999999999986895, 0.1904534499058329611 ) ) ;
#3659 = VERTEX_POINT ( 'NONE', #4094 ) ;
#3660 = EDGE_CURVE ( 'NONE', #952, #2117, #2771, .T. ) ;
#3661 = CARTESIAN_POINT ( 'NONE',  ( 6.475499999999999368, -1.499999999999998446, 1.375000000000000000 ) ) ;
#3662 = CARTESIAN_POINT ( 'NONE',  ( 6.624999999999999112, -6.455905511811023345, -3.414809992080329023E-17 ) ) ;
#3663 = DIRECTION ( 'NONE',  ( 1.000000000000000000, -0.000000000000000000, -0.000000000000000000 ) ) ;
#3664 = FACE_OUTER_BOUND ( 'NONE', #610, .T. ) ;
#3665 = ORIENTED_EDGE ( 'NONE', *, *, #758, .F. ) ;
#3666 = CIRCLE ( 'NONE', #4545, 0.1000000000000000056 ) ;
#3667 = CARTESIAN_POINT ( 'NONE',  ( 6.317917372549463728, -1.582934607608313060, 1.374794956927566369 ) ) ;
#3668 = CARTESIAN_POINT ( 'NONE',  ( 6.274736441539996434, -0.4931102362204728418, 0.3749999999999999445 ) ) ;
#3669 = VECTOR ( 'NONE', #1440, 39.37007874015748143 ) ;
#3670 = DIRECTION ( 'NONE',  ( 1.000000000000000000, 0.000000000000000000, 0.000000000000000000 ) ) ;
#3671 = ORIENTED_EDGE ( 'NONE', *, *, #4990, .T. ) ;
#3672 = LINE ( 'NONE', #1547, #1076 ) ;
#3673 = EDGE_CURVE ( 'NONE', #4732, #2163, #4958, .T. ) ;
#3674 = CARTESIAN_POINT ( 'NONE',  ( 6.375000000000000000, -0.3994999999999993001, 1.559546550094165429 ) ) ;
#3675 = DIRECTION ( 'NONE',  ( -0.000000000000000000, -0.000000000000000000, 1.000000000000000000 ) ) ;
#3676 = ORIENTED_EDGE ( 'NONE', *, *, #4410, .F. ) ;
#3677 = DIRECTION ( 'NONE',  ( -1.000000000000000000, 0.000000000000000000, 0.000000000000000000 ) ) ;
#3678 = LINE ( 'NONE', #315, #5395 ) ;
#3679 = AXIS2_PLACEMENT_3D ( 'NONE', #2181, #3855, #3039 ) ;
#3680 = EDGE_LOOP ( 'NONE', ( #3278, #169, #4572, #3634 ) ) ;
#3681 = VERTEX_POINT ( 'NONE', #259 ) ;
#3682 = CYLINDRICAL_SURFACE ( 'NONE', #137, 0.05905511811023627516 ) ;
#3683 = VERTEX_POINT ( 'NONE', #1931 ) ;
#3684 = CARTESIAN_POINT ( 'NONE',  ( 6.624999999999999112, -6.799999999999999822, 0.7812499999999988898 ) ) ;
#3685 = VERTEX_POINT ( 'NONE', #1515 ) ;
#3686 = ADVANCED_FACE ( 'NONE', ( #3214 ), #4893, .F. ) ;
#3687 = ORIENTED_EDGE ( 'NONE', *, *, #1768, .T. ) ;
#3688 = DIRECTION ( 'NONE',  ( -1.000000000000000000, 0.000000000000000000, 0.000000000000000000 ) ) ;
#3689 = DIRECTION ( 'NONE',  ( 1.000000000000000000, 0.000000000000000000, 0.000000000000000000 ) ) ;
#3690 = LINE ( 'NONE', #4494, #3732 ) ;
#3691 = ORIENTED_EDGE ( 'NONE', *, *, #2947, .T. ) ;
#3692 = ORIENTED_EDGE ( 'NONE', *, *, #1654, .T. ) ;
#3693 = DIRECTION ( 'NONE',  ( 1.000000000000000000, 0.000000000000000000, -0.000000000000000000 ) ) ;
#3694 = EDGE_LOOP ( 'NONE', ( #4035, #683, #5341, #4340 ) ) ;
#3695 = EDGE_CURVE ( 'NONE', #4604, #3058, #1574, .T. ) ;
#3696 = CARTESIAN_POINT ( 'NONE',  ( 6.125000000000000000, -7.549999999999999822, 0.7407709353152899245 ) ) ;
#3697 = EDGE_CURVE ( 'NONE', #1897, #348, #5050, .T. ) ;
#3698 = CARTESIAN_POINT ( 'NONE',  ( 6.395092888591735303, -0.4014198255315505892, 1.551838528608902701 ) ) ;
#3699 = ORIENTED_EDGE ( 'NONE', *, *, #1174, .T. ) ;
#3700 = DIRECTION ( 'NONE',  ( 0.000000000000000000, 0.000000000000000000, -1.000000000000000000 ) ) ;
#3701 = CARTESIAN_POINT ( 'NONE',  ( 6.274500000000002409, -5.699999999999998401, 0.5300000000000001377 ) ) ;
#3702 = ADVANCED_FACE ( 'NONE', ( #3260 ), #3284, .F. ) ;
#3703 = LINE ( 'NONE', #723, #4966 ) ;
#3704 = CARTESIAN_POINT ( 'NONE',  ( 6.125000000000000000, -6.799999999999999822, 0.7812499999999988898 ) ) ;
#3705 = FACE_OUTER_BOUND ( 'NONE', #3357, .T. ) ;
#3706 = ORIENTED_EDGE ( 'NONE', *, *, #4477, .F. ) ;
#3707 = EDGE_CURVE ( 'NONE', #4149, #2558, #2938, .T. ) ;
#3708 = ORIENTED_EDGE ( 'NONE', *, *, #3829, .T. ) ;
#3709 = CARTESIAN_POINT ( 'NONE',  ( 6.125000000000000000, -0.8220924813015449972, 1.169693441600278883 ) ) ;
#3710 = VERTEX_POINT ( 'NONE', #4940 ) ;
#3711 = PLANE ( 'NONE',  #50 ) ;
#3712 = DIRECTION ( 'NONE',  ( 1.000000000000000000, -0.000000000000000000, -0.000000000000000000 ) ) ;
#3713 = CARTESIAN_POINT ( 'NONE',  ( 6.125000000000000000, -4.835468858908924972, 0.7500000000000001110 ) ) ;
#3714 = ADVANCED_FACE ( 'NONE', ( #1156 ), #800, .F. ) ;
#3715 = ORIENTED_EDGE ( 'NONE', *, *, #5206, .F. ) ;
#3716 = CIRCLE ( 'NONE', #2309, 0.1000000000000000194 ) ;
#3717 = CYLINDRICAL_SURFACE ( 'NONE', #1026, 0.1181102362204724116 ) ;
#3718 = ORIENTED_EDGE ( 'NONE', *, *, #764, .F. ) ;
#3719 = CARTESIAN_POINT ( 'NONE',  ( 6.381472676054923632, -0.3994831470913509097, 0.4211102579214366926 ) ) ;
#3720 = CARTESIAN_POINT ( 'NONE',  ( 6.624999999999999112, 0.000000000000000000, 0.000000000000000000 ) ) ;
#3721 = VECTOR ( 'NONE', #1735, 39.37007874015748143 ) ;
#3722 = ORIENTED_EDGE ( 'NONE', *, *, #461, .F. ) ;
#3723 = CARTESIAN_POINT ( 'NONE',  ( 6.125000000000000000, -1.195882546459554163, 0.4687500000000001665 ) ) ;
#3724 = EDGE_CURVE ( 'NONE', #2223, #3100, #4174, .T. ) ;
#3725 = AXIS2_PLACEMENT_3D ( 'NONE', #1752, #4686, #860 ) ;
#3726 = AXIS2_PLACEMENT_3D ( 'NONE', #4294, #3002, #4682 ) ;
#3727 = CARTESIAN_POINT ( 'NONE',  ( 6.375000000000000000, -0.3799999999999998934, 0.3169999999999999485 ) ) ;
#3728 = LINE ( 'NONE', #5382, #3563 ) ;
#3729 = DIRECTION ( 'NONE',  ( -0.000000000000000000, -0.000000000000000000, -1.000000000000000000 ) ) ;
#3730 = CARTESIAN_POINT ( 'NONE',  ( 6.624999999999999112, -6.799999999999999822, 0.4687499999999995004 ) ) ;
#3731 = CIRCLE ( 'NONE', #1519, 0.1181102362204724116 ) ;
#3732 = VECTOR ( 'NONE', #5349, 39.37007874015748854 ) ;
#3733 = AXIS2_PLACEMENT_3D ( 'NONE', #2159, #3833, #5291 ) ;
#3734 = ORIENTED_EDGE ( 'NONE', *, *, #5069, .T. ) ;
#3735 = AXIS2_PLACEMENT_3D ( 'NONE', #3526, #1044, #981 ) ;
#3736 = DIRECTION ( 'NONE',  ( -0.000000000000000000, -0.000000000000000000, -1.000000000000000000 ) ) ;
#3737 = EDGE_LOOP ( 'NONE', ( #2455, #1041 ) ) ;
#3738 = CIRCLE ( 'NONE', #1360, 0.1181102362204724116 ) ;
#3739 = FACE_OUTER_BOUND ( 'NONE', #391, .T. ) ;
#3740 = ADVANCED_FACE ( 'NONE', ( #1650 ), #1189, .F. ) ;
#3741 = VECTOR ( 'NONE', #528, 39.37007874015748143 ) ;
#3742 = ORIENTED_EDGE ( 'NONE', *, *, #332, .F. ) ;
#3743 = CARTESIAN_POINT ( 'NONE',  ( 6.380462656731435089, -0.3994999999999989115, 0.2845465500941665171 ) ) ;
#3744 = CARTESIAN_POINT ( 'NONE',  ( -8.514999999999998792, -1.195882546459554163, 1.050000000000000044 ) ) ;
#3745 = CARTESIAN_POINT ( 'NONE',  ( 6.375000000000000000, -1.195882546459554163, 0.6250000000000000000 ) ) ;
#3746 = VERTEX_POINT ( 'NONE', #836 ) ;
#3747 = VERTEX_POINT ( 'NONE', #342 ) ;
#3748 = CARTESIAN_POINT ( 'NONE',  ( 6.308449241522042783, -1.575307679196802813, 1.375000000000000000 ) ) ;
#3749 = DIRECTION ( 'NONE',  ( -1.000000000000000000, -0.000000000000000000, -0.000000000000000000 ) ) ;
#3750 = B_SPLINE_CURVE_WITH_KNOTS ( 'NONE', 3,
 ( #1, #3782, #4998, #4145, #3758, #368, #5361, #5444, #887, #2648, #4250, #1734, #1381, #1300, #4331, #3861, #85, #1408, #3403, #4305, #5164, #531, #3098, #1756, #3427, #1705, #3448, #3484, #2624, #477 ),
 .UNSPECIFIED., .F., .F.,
 ( 4, 2, 2, 2, 2, 2, 2, 2, 2, 2, 2, 2, 2, 2, 4 ),
 ( 0.002696172711294311797, 0.003842206931942496184, 0.004415224042266603123, 0.004988241152590710062, 0.005561258262914817001, 0.006134275373238923940, 0.006707292483563030878, 0.007280309593887137817, 0.007853326704211245624, 0.008426343814535351695, 0.008999360924859457767, 0.009572378035183563838, 0.01014539514550766991, 0.01071841225583177598, 0.01186444647647997078 ),
 .UNSPECIFIED. ) ;
#3751 = LINE ( 'NONE', #3720, #22 ) ;
#3752 = ORIENTED_EDGE ( 'NONE', *, *, #2177, .T. ) ;
#3753 = FACE_OUTER_BOUND ( 'NONE', #2579, .T. ) ;
#3754 = EDGE_CURVE ( 'NONE', #1363, #4673, #4534, .T. ) ;
#3755 = AXIS2_PLACEMENT_3D ( 'NONE', #2472, #1641, #2860 ) ;
#3756 = CARTESIAN_POINT ( 'NONE',  ( -8.514999999999998792, -1.733568741478170416, 0.7015655560540113855 ) ) ;
#3757 = DIRECTION ( 'NONE',  ( -1.000000000000000000, 0.000000000000000000, 0.000000000000000000 ) ) ;
#3758 = CARTESIAN_POINT ( 'NONE',  ( 6.284096961187424668, -4.547242831205523750, 0.4043492602370626909 ) ) ;
#3759 = DIRECTION ( 'NONE',  ( 1.000000000000000000, -0.000000000000000000, -0.000000000000000000 ) ) ;
#3760 = EDGE_CURVE ( 'NONE', #1113, #4129, #911, .T. ) ;
#3761 = ORIENTED_EDGE ( 'NONE', *, *, #509, .T. ) ;
#3762 = CARTESIAN_POINT ( 'NONE',  ( 6.354916844725320146, -0.4014185406950607216, 0.2768436490684474949 ) ) ;
#3763 = ORIENTED_EDGE ( 'NONE', *, *, #2844, .F. ) ;
#3764 = LINE ( 'NONE', #2968, #3834 ) ;
#3765 = ORIENTED_EDGE ( 'NONE', *, *, #4920, .T. ) ;
#3766 = EDGE_CURVE ( 'NONE', #2655, #3104, #1522, .T. ) ;
#3767 = CARTESIAN_POINT ( 'NONE',  ( 6.375000000000000000, 0.000000000000000000, 0.1579999999999997795 ) ) ;
#3768 = ORIENTED_EDGE ( 'NONE', *, *, #4978, .F. ) ;
#3769 = VERTEX_POINT ( 'NONE', #2459 ) ;
#3770 = DIRECTION ( 'NONE',  ( 0.000000000000000000, -0.9994107467479923512, 0.03432432496962165014 ) ) ;
#3771 = CIRCLE ( 'NONE', #4827, 0.1181102362204725503 ) ;
#3772 = CARTESIAN_POINT ( 'NONE',  ( 6.624999999999999112, -0.9017594713191711131, 1.256889763779527325 ) ) ;
#3773 = DIRECTION ( 'NONE',  ( 1.000000000000000000, 0.000000000000000000, 0.000000000000000000 ) ) ;
#3774 = VERTEX_POINT ( 'NONE', #2435 ) ;
#3775 = EDGE_CURVE ( 'NONE', #875, #2967, #3028, .T. ) ;
#3776 = CARTESIAN_POINT ( 'NONE',  ( 4.433018566799289850, -2.577447444184754133, 0.1745180392802265223 ) ) ;
#3777 = CARTESIAN_POINT ( 'NONE',  ( 6.243110236220472231, -4.031889763779526348, 2.100000000000000089 ) ) ;
#3778 = ORIENTED_EDGE ( 'NONE', *, *, #94, .F. ) ;
#3779 = CARTESIAN_POINT ( 'NONE',  ( 4.433018566799289850, -4.180230241389087276, 1.006072738951699241 ) ) ;
#3780 = CARTESIAN_POINT ( 'NONE',  ( 6.375000000000000000, -2.537323266877324013, 0.2731989520279352601 ) ) ;
#3781 = DIRECTION ( 'NONE',  ( -0.000000000000000000, -0.000000000000000000, -1.000000000000000000 ) ) ;
#3782 = CARTESIAN_POINT ( 'NONE',  ( 6.274499999999993527, -4.514245154550926564, 0.4344881418689727215 ) ) ;
#3783 = CARTESIAN_POINT ( 'NONE',  ( -9.639999999999997016, -6.066141731220471733, 1.010826773779527565 ) ) ;
#3784 = VERTEX_POINT ( 'NONE', #2519 ) ;
#3785 = CARTESIAN_POINT ( 'NONE',  ( 6.374999999999998224, -0.4999999999999984457, 1.219999999999999751 ) ) ;
#3786 = EDGE_CURVE ( 'NONE', #4771, #4016, #4171, .T. ) ;
#3787 = ORIENTED_EDGE ( 'NONE', *, *, #109, .F. ) ;
#3788 = VERTEX_POINT ( 'NONE', #2542 ) ;
#3789 = CARTESIAN_POINT ( 'NONE',  ( 6.125000000000000000, -3.270677038116681423, 0.8116694692302066638 ) ) ;
#3790 = ORIENTED_EDGE ( 'NONE', *, *, #1760, .T. ) ;
#3791 = ORIENTED_EDGE ( 'NONE', *, *, #4610, .T. ) ;
#3792 = EDGE_CURVE ( 'NONE', #4711, #225, #1961, .T. ) ;
#3793 = DIRECTION ( 'NONE',  ( 1.000000000000000000, -0.000000000000000000, -0.000000000000000000 ) ) ;
#3794 = DIRECTION ( 'NONE',  ( 0.000000000000000000, 0.000000000000000000, -1.000000000000000000 ) ) ;
#3795 = DIRECTION ( 'NONE',  ( -0.000000000000000000, 1.000000000000000000, -0.000000000000000000 ) ) ;
#3796 = VERTEX_POINT ( 'NONE', #3704 ) ;
#3797 = EDGE_CURVE ( 'NONE', #4945, #3248, #3750, .T. ) ;
#3798 = DIRECTION ( 'NONE',  ( -1.000000000000000000, 0.000000000000000000, 0.000000000000000000 ) ) ;
#3799 = CARTESIAN_POINT ( 'NONE',  ( 6.624999999999999112, -6.335826773779526633, 0.6230314949999999907 ) ) ;
#3800 = ORIENTED_EDGE ( 'NONE', *, *, #3301, .F. ) ;
#3801 = DIRECTION ( 'NONE',  ( 0.000000000000000000, 0.9994107467479923512, -0.03432432496962165014 ) ) ;
#3802 = CIRCLE ( 'NONE', #4158, 0.1181102362204724116 ) ;
#3803 = LINE ( 'NONE', #2985, #3384 ) ;
#3804 = CARTESIAN_POINT ( 'NONE',  ( 6.125000000000000000, -1.195882546459554163, 1.050000000000000044 ) ) ;
#3805 = DIRECTION ( 'NONE',  ( 1.000000000000000000, -0.000000000000000000, -0.000000000000000000 ) ) ;
#3806 = DIRECTION ( 'NONE',  ( 0.000000000000000000, 0.000000000000000000, -1.000000000000000000 ) ) ;
#3807 = EDGE_LOOP ( 'NONE', ( #1950, #4230, #2000, #5115 ) ) ;
#3808 = DIRECTION ( 'NONE',  ( 0.000000000000000000, 0.000000000000000000, 1.000000000000000000 ) ) ;
#3809 = CONICAL_SURFACE ( 'NONE', #5044, 0.2655000000000002358, 0.7155849933176774424 ) ;
#3810 = ORIENTED_EDGE ( 'NONE', *, *, #3322, .F. ) ;
#3811 = CARTESIAN_POINT ( 'NONE',  ( 4.433018566799289850, -3.957041767054685799, 1.117703048529785637 ) ) ;
#3812 = EDGE_LOOP ( 'NONE', ( #5324, #3671, #4586, #2195, #3899, #165 ) ) ;
#3813 = CIRCLE ( 'NONE', #997, 0.05905511811023627516 ) ;
#3814 = CIRCLE ( 'NONE', #817, 0.1004999999999996452 ) ;
#3815 = DIRECTION ( 'NONE',  ( 1.000000000000000000, -0.000000000000000000, -0.000000000000000000 ) ) ;
#3816 = ORIENTED_EDGE ( 'NONE', *, *, #2352, .F. ) ;
#3817 = CIRCLE ( 'NONE', #4089, 0.1562499999999997224 ) ;
#3818 = CIRCLE ( 'NONE', #3292, 0.1181102362204724116 ) ;
#3819 = CARTESIAN_POINT ( 'NONE',  ( 6.375000000000000000, -0.3994999999999987450, 0.2845465500941665726 ) ) ;
#3820 = ADVANCED_FACE ( 'NONE', ( #4666 ), #5129, .T. ) ;
#3821 = AXIS2_PLACEMENT_3D ( 'NONE', #4248, #3482, #4690 ) ;
#3822 = DIRECTION ( 'NONE',  ( 0.000000000000000000, 0.000000000000000000, 1.000000000000000000 ) ) ;
#3823 = EDGE_CURVE ( 'NONE', #3746, #1852, #5139, .T. ) ;
#3824 = AXIS2_PLACEMENT_3D ( 'NONE', #2178, #3035, #1668 ) ;
#3825 = EDGE_LOOP ( 'NONE', ( #182, #2463, #2972, #1833 ) ) ;
#3826 = DIRECTION ( 'NONE',  ( 0.000000000000000000, 1.561055996379578982E-16, 1.000000000000000000 ) ) ;
#3827 = CARTESIAN_POINT ( 'NONE',  ( 6.624999999999999112, -0.4931102362204725087, 0.3749999999999999445 ) ) ;
#3828 = DIRECTION ( 'NONE',  ( 0.000000000000000000, 0.000000000000000000, -1.000000000000000000 ) ) ;
#3829 = EDGE_CURVE ( 'NONE', #3219, #3178, #561, .T. ) ;
#3830 = VERTEX_POINT ( 'NONE', #2241 ) ;
#3831 = CIRCLE ( 'NONE', #1281, 0.1004999999999996452 ) ;
#3832 = LINE ( 'NONE', #2595, #3479 ) ;
#3833 = DIRECTION ( 'NONE',  ( 1.000000000000000000, 0.000000000000000000, 0.000000000000000000 ) ) ;
#3834 = VECTOR ( 'NONE', #2106, 39.37007874015748143 ) ;
#3835 = DIRECTION ( 'NONE',  ( -1.000000000000000000, 0.000000000000000000, 0.000000000000000000 ) ) ;
#3836 = DIRECTION ( 'NONE',  ( 0.000000000000000000, 0.000000000000000000, 1.000000000000000000 ) ) ;
#3837 = CARTESIAN_POINT ( 'NONE',  ( 6.125000000000000000, -5.948031494999999502, 1.010826773779527565 ) ) ;
#3838 = ORIENTED_EDGE ( 'NONE', *, *, #4261, .T. ) ;
#3839 = DIRECTION ( 'NONE',  ( -0.000000000000000000, 1.000000000000000000, -0.000000000000000000 ) ) ;
#3840 = VECTOR ( 'NONE', #3162, 39.37007874015748143 ) ;
#3841 = CARTESIAN_POINT ( 'NONE',  ( 6.624999999999999112, -2.399999999999999467, 0.000000000000000000 ) ) ;
#3842 = ORIENTED_EDGE ( 'NONE', *, *, #5113, .F. ) ;
#3843 = AXIS2_PLACEMENT_3D ( 'NONE', #138, #3826, #4823 ) ;
#3844 = DIRECTION ( 'NONE',  ( 0.000000000000000000, 0.000000000000000000, -1.000000000000000000 ) ) ;
#3845 = EDGE_LOOP ( 'NONE', ( #1070, #2461, #3991, #2969 ) ) ;
#3846 = DIRECTION ( 'NONE',  ( -1.000000000000000000, 0.000000000000000000, 0.000000000000000000 ) ) ;
#3847 = ORIENTED_EDGE ( 'NONE', *, *, #1199, .F. ) ;
#3848 = CARTESIAN_POINT ( 'NONE',  ( 6.375000000000000000, -3.810379740625795542, 0.9978822026927609556 ) ) ;
#3849 = ORIENTED_EDGE ( 'NONE', *, *, #3287, .T. ) ;
#3850 = ADVANCED_FACE ( 'NONE', ( #5082 ), #3010, .F. ) ;
#3851 = CIRCLE ( 'NONE', #4559, 0.1004999999999996452 ) ;
#3852 = DIRECTION ( 'NONE',  ( 1.000000000000000000, 0.000000000000000000, 0.000000000000000000 ) ) ;
#3853 = DIRECTION ( 'NONE',  ( -1.000000000000000000, 0.000000000000000000, 0.000000000000000000 ) ) ;
#3854 = VERTEX_POINT ( 'NONE', #2566 ) ;
#3855 = DIRECTION ( 'NONE',  ( 1.000000000000000000, -0.000000000000000000, -0.000000000000000000 ) ) ;
#3856 = EDGE_CURVE ( 'NONE', #1478, #4956, #942, .T. ) ;
#3857 = EDGE_CURVE ( 'NONE', #240, #5388, #4750, .T. ) ;
#3858 = CARTESIAN_POINT ( 'NONE',  ( 6.375000000000000000, -1.195882546459554163, 0.6250000000000000000 ) ) ;
#3859 = EDGE_LOOP ( 'NONE', ( #4841, #1828 ) ) ;
#3860 = CARTESIAN_POINT ( 'NONE',  ( 6.375000000000000000, -1.499999999999998446, 1.375000000000000000 ) ) ;
#3861 = CARTESIAN_POINT ( 'NONE',  ( 6.382444436941691279, -4.604454394252484484, 0.3638234632418464454 ) ) ;
#3862 = CARTESIAN_POINT ( 'NONE',  ( 6.624999999999999112, -2.399999999999999911, -0.1249999999999999861 ) ) ;
#3863 = DIRECTION ( 'NONE',  ( 1.000000000000000000, -0.000000000000000000, -0.000000000000000000 ) ) ;
#3864 = ORIENTED_EDGE ( 'NONE', *, *, #2584, .F. ) ;
#3865 = FACE_OUTER_BOUND ( 'NONE', #69, .T. ) ;
#3866 = EDGE_CURVE ( 'NONE', #3456, #1741, #3731, .T. ) ;
#3867 = LINE ( 'NONE', #4622, #678 ) ;
#3868 = ORIENTED_EDGE ( 'NONE', *, *, #3496, .T. ) ;
#3869 = CARTESIAN_POINT ( 'NONE',  ( 6.375000000000000000, -6.799999999999999822, 0.6249999999999992228 ) ) ;
#3870 = EDGE_LOOP ( 'NONE', ( #1542, #2251, #2769, #1693 ) ) ;
#3871 = EDGE_CURVE ( 'NONE', #3274, #5229, #112, .T. ) ;
#3872 = VERTEX_POINT ( 'NONE', #4227 ) ;
#3873 = B_SPLINE_CURVE_WITH_KNOTS ( 'NONE', 3,
 ( #4934, #796, #3362, #1645, #5355, #2009, #4576, #750, #1151, #2476, #2034, #5408, #1620, #1669, #3698, #3337, #4527, #3308 ),
 .UNSPECIFIED., .F., .F.,
 ( 4, 2, 2, 2, 2, 2, 2, 2, 4 ),
 ( 0.001283900393193747888, 0.001697847940811204274, 0.002111795488428660876, 0.002525743036046117045, 0.002939690583663573213, 0.003353638131281029382, 0.003767585678898486418, 0.004181533226515942586, 0.004595480774133398755 ),
 .UNSPECIFIED. ) ;
#3874 = ORIENTED_EDGE ( 'NONE', *, *, #1925, .T. ) ;
#3875 = LINE ( 'NONE', #4219, #4353 ) ;
#3876 = DIRECTION ( 'NONE',  ( 0.000000000000000000, -0.6113277574096422917, -0.7913775161201495045 ) ) ;
#3877 = ORIENTED_EDGE ( 'NONE', *, *, #4947, .F. ) ;
#3878 = ORIENTED_EDGE ( 'NONE', *, *, #1814, .T. ) ;
#3879 = ADVANCED_FACE ( 'NONE', ( #2597 ), #447, .T. ) ;
#3880 = LINE ( 'NONE', #5155, #4797 ) ;
#3881 = DIRECTION ( 'NONE',  ( 1.000000000000000000, -0.000000000000000000, -0.000000000000000000 ) ) ;
#3882 = ORIENTED_EDGE ( 'NONE', *, *, #5340, .F. ) ;
#3883 = CARTESIAN_POINT ( 'NONE',  ( 6.624999999999999112, -4.149999999999999467, -0.1249999999999997780 ) ) ;
#3884 = CARTESIAN_POINT ( 'NONE',  ( 6.375000000000000000, -4.009567221782097235, 1.134766412947940672 ) ) ;
#3885 = VERTEX_POINT ( 'NONE', #3804 ) ;
#3886 = DIRECTION ( 'NONE',  ( 0.000000000000000000, 0.000000000000000000, 1.000000000000000000 ) ) ;
#3887 = CARTESIAN_POINT ( 'NONE',  ( 4.433018566799289850, -4.080289166714287319, 1.002640306454737118 ) ) ;
#3888 = LINE ( 'NONE', #3862, #4783 ) ;
#3889 = CARTESIAN_POINT ( 'NONE',  ( 6.125000000000000000, -6.455905511811023345, -0.1250000000000000278 ) ) ;
#3890 = ORIENTED_EDGE ( 'NONE', *, *, #382, .F. ) ;
#3891 = CARTESIAN_POINT ( 'NONE',  ( 6.402513936788904125, -4.434516642066997250, 0.5457003386319532190 ) ) ;
#3892 = EDGE_CURVE ( 'NONE', #5448, #3274, #2665, .T. ) ;
#3893 = CIRCLE ( 'NONE', #1160, 0.2655000000000002358 ) ;
#3894 = DIRECTION ( 'NONE',  ( 1.000000000000000000, -0.000000000000000000, -0.000000000000000000 ) ) ;
#3895 = ORIENTED_EDGE ( 'NONE', *, *, #1558, .T. ) ;
#3896 = DIRECTION ( 'NONE',  ( 0.000000000000000000, 0.000000000000000000, -1.000000000000000000 ) ) ;
#3897 = AXIS2_PLACEMENT_3D ( 'NONE', #2265, #554, #2288 ) ;
#3898 = VERTEX_POINT ( 'NONE', #916 ) ;
#3899 = ORIENTED_EDGE ( 'NONE', *, *, #4643, .F. ) ;
#3900 = CIRCLE ( 'NONE', #3549, 0.1181102362204725503 ) ;
#3901 = AXIS2_PLACEMENT_3D ( 'NONE', #412, #4241, #16 ) ;
#3902 = EDGE_LOOP ( 'NONE', ( #4548, #3849, #1678, #5152 ) ) ;
#3903 = EDGE_CURVE ( 'NONE', #2104, #2977, #4281, .T. ) ;
#3904 = CARTESIAN_POINT ( 'NONE',  ( 6.624999999999999112, -6.335826773779526633, 1.128937010000000019 ) ) ;
#3905 = CYLINDRICAL_SURFACE ( 'NONE', #3464, 0.1181102362204725503 ) ;
#3906 = AXIS2_PLACEMENT_3D ( 'NONE', #4612, #2842, #2482 ) ;
#3907 = CIRCLE ( 'NONE', #4959, 0.4249999999999999334 ) ;
#3908 = VERTEX_POINT ( 'NONE', #275 ) ;
#3909 = CIRCLE ( 'NONE', #4355, 0.1181102362204724116 ) ;
#3910 = ORIENTED_EDGE ( 'NONE', *, *, #3697, .T. ) ;
#3911 = DIRECTION ( 'NONE',  ( 0.000000000000000000, 0.000000000000000000, 1.000000000000000000 ) ) ;
#3912 = AXIS2_PLACEMENT_3D ( 'NONE', #3388, #5149, #2580 ) ;
#3913 = VECTOR ( 'NONE', #4717, 39.37007874015748143 ) ;
#3914 = CARTESIAN_POINT ( 'NONE',  ( 6.375000000000000000, -6.799999999999999822, 0.6249999999999992228 ) ) ;
#3915 = DIRECTION ( 'NONE',  ( 1.000000000000000000, -0.000000000000000000, -0.000000000000000000 ) ) ;
#3916 = DIRECTION ( 'NONE',  ( 0.000000000000000000, 2.731847993664262824E-15, -1.000000000000000000 ) ) ;
#3917 = AXIS2_PLACEMENT_3D ( 'NONE', #5198, #129, #4863 ) ;
#3918 = EDGE_LOOP ( 'NONE', ( #1314, #3238, #3137, #3953 ) ) ;
#3919 = CARTESIAN_POINT ( 'NONE',  ( 6.375000000000000000, -2.331713897127457802, 0.9425862536216667031 ) ) ;
#3920 = AXIS2_PLACEMENT_3D ( 'NONE', #3412, #10, #1681 ) ;
#3921 = VECTOR ( 'NONE', #5141, 39.37007874015748143 ) ;
#3922 = LINE ( 'NONE', #3426, #5233 ) ;
#3923 = DIRECTION ( 'NONE',  ( 0.000000000000000000, 1.734723475976807489E-15, -1.000000000000000000 ) ) ;
#3924 = CYLINDRICAL_SURFACE ( 'NONE', #648, 0.2500000000000003331 ) ;
#3925 = CARTESIAN_POINT ( 'NONE',  ( 6.506889763779526881, -1.416781346178935587E-16, 1.156889763779527236 ) ) ;
#3926 = ORIENTED_EDGE ( 'NONE', *, *, #2757, .F. ) ;
#3927 = DIRECTION ( 'NONE',  ( -0.7547095802227711259, 0.000000000000000000, -0.6560590289905082750 ) ) ;
#3928 = ADVANCED_FACE ( 'NONE', ( #229 ), #4910, .F. ) ;
#3929 = EDGE_CURVE ( 'NONE', #362, #264, #1952, .T. ) ;
#3930 = CARTESIAN_POINT ( 'NONE',  ( 6.475499999999998479, -4.503937009999998686, 1.750000000000000000 ) ) ;
#3931 = ORIENTED_EDGE ( 'NONE', *, *, #2646, .F. ) ;
#3932 = DIRECTION ( 'NONE',  ( 1.000000000000000000, -0.000000000000000000, -0.000000000000000000 ) ) ;
#3933 = AXIS2_PLACEMENT_3D ( 'NONE', #4513, #4925, #5283 ) ;
#3934 = VERTEX_POINT ( 'NONE', #3566 ) ;
#3935 = ADVANCED_FACE ( 'NONE', ( #4419 ), #2734, .F. ) ;
#3936 = EDGE_CURVE ( 'NONE', #2627, #2546, #5214, .T. ) ;
#3937 = CIRCLE ( 'NONE', #4287, 0.1562499999999997224 ) ;
#3938 = ORIENTED_EDGE ( 'NONE', *, *, #4271, .T. ) ;
#3939 = CARTESIAN_POINT ( 'NONE',  ( 6.375000000000001776, -5.699999999999998401, 0.5300000000000001377 ) ) ;
#3940 = LINE ( 'NONE', #582, #1256 ) ;
#3941 = ORIENTED_EDGE ( 'NONE', *, *, #5043, .F. ) ;
#3942 = EDGE_LOOP ( 'NONE', ( #244, #1604, #2259, #841 ) ) ;
#3943 = CARTESIAN_POINT ( 'NONE',  ( 6.624999999999999112, -7.469852007874576039, 0.9242111038198321804 ) ) ;
#3944 = CARTESIAN_POINT ( 'NONE',  ( 6.375000000000000000, -4.503937009999998686, 1.219999999999999751 ) ) ;
#3945 = FACE_OUTER_BOUND ( 'NONE', #4059, .T. ) ;
#3946 = CARTESIAN_POINT ( 'NONE',  ( 6.624999999999999112, -6.449999999999999289, -0.1250000000000000278 ) ) ;
#3947 = ORIENTED_EDGE ( 'NONE', *, *, #2315, .T. ) ;
#3948 = DIRECTION ( 'NONE',  ( -1.000000000000000000, 0.000000000000000000, 0.000000000000000000 ) ) ;
#3949 = EDGE_CURVE ( 'NONE', #3304, #2960, #651, .T. ) ;
#3950 = DIRECTION ( 'NONE',  ( 1.000000000000000000, -0.000000000000000000, -0.000000000000000000 ) ) ;
#3951 = CYLINDRICAL_SURFACE ( 'NONE', #2493, 0.1181102362204725503 ) ;
#3952 = CARTESIAN_POINT ( 'NONE',  ( 6.417592866545986041, -1.658331750714839403, 0.3940127404742287398 ) ) ;
#3953 = ORIENTED_EDGE ( 'NONE', *, *, #2724, .T. ) ;
#3954 = DIRECTION ( 'NONE',  ( 0.000000000000000000, 0.000000000000000000, -1.000000000000000000 ) ) ;
#3955 = CARTESIAN_POINT ( 'NONE',  ( 6.624999999999999112, -3.987771497362133655, 0.2229550020317796200 ) ) ;
#3956 = ORIENTED_EDGE ( 'NONE', *, *, #3358, .F. ) ;
#3957 = FACE_OUTER_BOUND ( 'NONE', #3324, .T. ) ;
#3958 = DIRECTION ( 'NONE',  ( 0.000000000000000000, 0.000000000000000000, 1.000000000000000000 ) ) ;
#3959 = EDGE_CURVE ( 'NONE', #3908, #4510, #732, .T. ) ;
#3960 = ORIENTED_EDGE ( 'NONE', *, *, #5078, .T. ) ;
#3961 = B_SPLINE_CURVE_WITH_KNOTS ( 'NONE', 3,
 ( #3668, #335, #825, #5437, #1644, #3336, #3641, #749, #1229, #2033, #3275, #774, #2914, #3719, #4601, #1543, #1618, #2889, #4575, #795, #2474, #2980, #499, #881, #934, #104, #4638, #2616, #2536, #21 ),
 .UNSPECIFIED., .F., .F.,
 ( 4, 2, 2, 2, 2, 2, 2, 2, 2, 2, 2, 2, 2, 2, 4 ),
 ( 0.000000000000000000, 0.0005021029697257243466, 0.001004205939451448693, 0.002008411878902867896, 0.003012617818354287533, 0.003514720788079996917, 0.004016823757805706302, 0.004518926727531416554, 0.005021029697257126806, 0.005523132666982837058, 0.006025235636708547310, 0.006527338606434256695, 0.007029441576159966946, 0.007531544545885677198, 0.008033647515611386583 ),
 .UNSPECIFIED. ) ;
#3962 = ORIENTED_EDGE ( 'NONE', *, *, #5393, .F. ) ;
#3963 = DIRECTION ( 'NONE',  ( 0.000000000000000000, -5.463695987328527423E-16, 1.000000000000000000 ) ) ;
#3964 = CARTESIAN_POINT ( 'NONE',  ( 6.125000000000000000, -5.948031494999999502, 1.010826773779527565 ) ) ;
#3965 = ORIENTED_EDGE ( 'NONE', *, *, #4297, .T. ) ;
#3966 = EDGE_CURVE ( 'NONE', #3885, #2614, #4607, .T. ) ;
#3967 = ORIENTED_EDGE ( 'NONE', *, *, #5245, .T. ) ;
#3968 = CARTESIAN_POINT ( 'NONE',  ( 6.125000000000000000, -1.097903186144404186, 1.750000000000000000 ) ) ;
#3969 = DIRECTION ( 'NONE',  ( -1.000000000000000000, -0.000000000000000000, -0.000000000000000000 ) ) ;
#3970 = LINE ( 'NONE', #4769, #121 ) ;
#3971 = FACE_BOUND ( 'NONE', #3272, .T. ) ;
#3972 = ORIENTED_EDGE ( 'NONE', *, *, #217, .T. ) ;
#3973 = DIRECTION ( 'NONE',  ( -0.000000000000000000, -0.000000000000000000, -1.000000000000000000 ) ) ;
#3974 = ADVANCED_FACE ( 'NONE', ( #4006 ), #1544, .T. ) ;
#3975 = DIRECTION ( 'NONE',  ( -1.000000000000000000, 0.000000000000000000, 0.000000000000000000 ) ) ;
#3976 = DIRECTION ( 'NONE',  ( 0.000000000000000000, 1.000000000000000000, -4.268512490100410416E-16 ) ) ;
#3977 = CARTESIAN_POINT ( 'NONE',  ( 6.471730997484551828, -1.722735295240119813, 0.3749999999999999445 ) ) ;
#3978 = ORIENTED_EDGE ( 'NONE', *, *, #501, .T. ) ;
#3979 = DIRECTION ( 'NONE',  ( 0.000000000000000000, 0.000000000000000000, 1.000000000000000000 ) ) ;
#3980 = DIRECTION ( 'NONE',  ( -0.000000000000000000, -0.000000000000000000, 1.000000000000000000 ) ) ;
#3981 = ORIENTED_EDGE ( 'NONE', *, *, #2872, .T. ) ;
#3982 = CARTESIAN_POINT ( 'NONE',  ( 4.433018566799289850, -2.430394809875166651, 0.9827104309290969342 ) ) ;
#3983 = VECTOR ( 'NONE', #422, 39.37007874015748143 ) ;
#3984 = EDGE_LOOP ( 'NONE', ( #1064, #2488, #128, #649 ) ) ;
#3985 = CIRCLE ( 'NONE', #4689, 0.07950000000000007061 ) ;
#3986 = LINE ( 'NONE', #213, #742 ) ;
#3987 = CARTESIAN_POINT ( 'NONE',  ( 4.433018566799289850, -2.493145339161162433, 1.082685566649765896 ) ) ;
#3988 = VERTEX_POINT ( 'NONE', #3592 ) ;
#3989 = CIRCLE ( 'NONE', #1430, 0.1000000000000000194 ) ;
#3990 = EDGE_CURVE ( 'NONE', #1936, #1161, #4870, .T. ) ;
#3991 = ORIENTED_EDGE ( 'NONE', *, *, #4030, .T. ) ;
#3992 = CARTESIAN_POINT ( 'NONE',  ( 6.624999999999999112, -6.379711545037729969, 1.933600421261356006 ) ) ;
#3993 = EDGE_CURVE ( 'NONE', #4734, #503, #1489, .T. ) ;
#3994 = CARTESIAN_POINT ( 'NONE',  ( 6.125000000000000000, -6.379711545037729969, 1.933600421261356006 ) ) ;
#3995 = VECTOR ( 'NONE', #2301, 39.37007874015748143 ) ;
#3996 = AXIS2_PLACEMENT_3D ( 'NONE', #4825, #167, #612 ) ;
#3997 = CARTESIAN_POINT ( 'NONE',  ( -8.514999999999998792, -1.722735295240119813, 0.4931102362204723977 ) ) ;
#3998 = CARTESIAN_POINT ( 'NONE',  ( 6.475499999999998479, -0.4999999999999984457, 1.750000000000000000 ) ) ;
#3999 = VECTOR ( 'NONE', #4173, 39.37007874015748143 ) ;
#4000 = ORIENTED_EDGE ( 'NONE', *, *, #1739, .T. ) ;
#4001 = AXIS2_PLACEMENT_3D ( 'NONE', #5343, #4511, #2022 ) ;
#4002 = VECTOR ( 'NONE', #941, 39.37007874015748143 ) ;
#4003 = CARTESIAN_POINT ( 'NONE',  ( 6.375000000000000000, -1.195882546459554163, 0.7812499999999997780 ) ) ;
#4004 = EDGE_CURVE ( 'NONE', #3681, #469, #2711, .T. ) ;
#4005 = DIRECTION ( 'NONE',  ( -0.000000000000000000, -0.000000000000000000, 1.000000000000000000 ) ) ;
#4006 = FACE_OUTER_BOUND ( 'NONE', #1384, .T. ) ;
#4007 = AXIS2_PLACEMENT_3D ( 'NONE', #722, #5413, #2817 ) ;
#4008 = ORIENTED_EDGE ( 'NONE', *, *, #2816, .F. ) ;
#4009 = CARTESIAN_POINT ( 'NONE',  ( 6.429391189967640585, -4.437750033874872990, 0.5394451254819035979 ) ) ;
#4010 = CIRCLE ( 'NONE', #5144, 0.1181102362204725503 ) ;
#4011 = CARTESIAN_POINT ( 'NONE',  ( 6.125000000000000000, -5.768374849879879918, 2.100000000000000089 ) ) ;
#4012 = ORIENTED_EDGE ( 'NONE', *, *, #2782, .T. ) ;
#4013 = DIRECTION ( 'NONE',  ( 0.000000000000000000, 0.000000000000000000, -1.000000000000000000 ) ) ;
#4014 = DIRECTION ( 'NONE',  ( 0.000000000000000000, 0.000000000000000000, 1.000000000000000000 ) ) ;
#4015 = CIRCLE ( 'NONE', #5156, 0.1181102362204724116 ) ;
#4016 = VERTEX_POINT ( 'NONE', #4454 ) ;
#4017 = EDGE_LOOP ( 'NONE', ( #2005, #3962, #276, #1130 ) ) ;
#4018 = EDGE_CURVE ( 'NONE', #4669, #88, #4370, .T. ) ;
#4019 = EDGE_LOOP ( 'NONE', ( #4165, #2529 ) ) ;
#4020 = VECTOR ( 'NONE', #871, 39.37007874015748143 ) ;
#4021 = CYLINDRICAL_SURFACE ( 'NONE', #2678, 0.07950000000000007061 ) ;
#4022 = ORIENTED_EDGE ( 'NONE', *, *, #4929, .T. ) ;
#4023 = ORIENTED_EDGE ( 'NONE', *, *, #5418, .T. ) ;
#4024 = CARTESIAN_POINT ( 'NONE',  ( 6.624999999999999112, -2.399999999999999911, -0.1249999999999999861 ) ) ;
#4025 = AXIS2_PLACEMENT_3D ( 'NONE', #251, #617, #4367 ) ;
#4026 = LINE ( 'NONE', #5205, #1370 ) ;
#4027 = CARTESIAN_POINT ( 'NONE',  ( 6.375000000000000000, -6.799999999999999822, 0.3749999999999988898 ) ) ;
#4028 = DIRECTION ( 'NONE',  ( 0.000000000000000000, 5.463695987328528409E-16, -1.000000000000000000 ) ) ;
#4029 = DIRECTION ( 'NONE',  ( 1.000000000000000000, -0.000000000000000000, -0.000000000000000000 ) ) ;
#4030 = EDGE_CURVE ( 'NONE', #897, #4802, #1051, .T. ) ;
#4031 = ORIENTED_EDGE ( 'NONE', *, *, #945, .T. ) ;
#4032 = LINE ( 'NONE', #333, #2702 ) ;
#4033 = DIRECTION ( 'NONE',  ( 0.000000000000000000, 0.000000000000000000, -1.000000000000000000 ) ) ;
#4034 = DIRECTION ( 'NONE',  ( 1.000000000000000000, 0.000000000000000000, 0.000000000000000000 ) ) ;
#4035 = ORIENTED_EDGE ( 'NONE', *, *, #3121, .F. ) ;
#4036 = DIRECTION ( 'NONE',  ( 1.000000000000000000, -0.000000000000000000, -0.000000000000000000 ) ) ;
#4037 = ADVANCED_FACE ( 'NONE', ( #1464 ), #3951, .F. ) ;
#4038 = CIRCLE ( 'NONE', #574, 0.2655000000000002358 ) ;
#4039 = ORIENTED_EDGE ( 'NONE', *, *, #3539, .F. ) ;
#4040 = DIRECTION ( 'NONE',  ( 0.000000000000000000, 0.000000000000000000, 1.000000000000000000 ) ) ;
#4041 = EDGE_CURVE ( 'NONE', #2629, #2083, #3534, .T. ) ;
#4042 = EDGE_LOOP ( 'NONE', ( #3298, #5303, #3171, #696, #1277, #4140 ) ) ;
#4043 = ORIENTED_EDGE ( 'NONE', *, *, #2505, .F. ) ;
#4044 = FACE_OUTER_BOUND ( 'NONE', #712, .T. ) ;
#4045 = ORIENTED_EDGE ( 'NONE', *, *, #1916, .T. ) ;
#4046 = CARTESIAN_POINT ( 'NONE',  ( -8.514999999999998792, -0.5727772262380982360, 0.9911208305014825859 ) ) ;
#4047 = ORIENTED_EDGE ( 'NONE', *, *, #631, .T. ) ;
#4048 = CARTESIAN_POINT ( 'NONE',  ( 6.624999999999999112, -4.835468858908924972, 0.7500000000000001110 ) ) ;
#4049 = DIRECTION ( 'NONE',  ( 1.000000000000000000, -0.000000000000000000, -0.000000000000000000 ) ) ;
#4050 = CYLINDRICAL_SURFACE ( 'NONE', #1540, 0.4249999999999999889 ) ;
#4051 = CARTESIAN_POINT ( 'NONE',  ( 6.125000000000000000, -6.335826773779526633, 1.128937010000000019 ) ) ;
#4052 = DIRECTION ( 'NONE',  ( 0.000000000000000000, -1.000000000000000000, -5.463695987328527423E-16 ) ) ;
#4053 = ORIENTED_EDGE ( 'NONE', *, *, #2443, .F. ) ;
#4054 = CARTESIAN_POINT ( 'NONE',  ( 6.375000000000000000, -4.042613218174444079, 1.144878001379056265 ) ) ;
#4055 = EDGE_CURVE ( 'NONE', #4734, #130, #5304, .T. ) ;
#4056 = ORIENTED_EDGE ( 'NONE', *, *, #2724, .F. ) ;
#4057 = DIRECTION ( 'NONE',  ( 0.000000000000000000, 0.000000000000000000, -1.000000000000000000 ) ) ;
#4058 = CARTESIAN_POINT ( 'NONE',  ( 6.506889763779526881, -2.518110236220472586, -0.1249999999999999584 ) ) ;
#4059 = EDGE_LOOP ( 'NONE', ( #4703, #1727, #5174, #4432 ) ) ;
#4060 = CARTESIAN_POINT ( 'NONE',  ( 6.475263558460000901, -0.4931102362204725087, 0.3749999999999999445 ) ) ;
#4061 = EDGE_CURVE ( 'NONE', #3234, #3038, #5309, .T. ) ;
#4062 = CARTESIAN_POINT ( 'NONE',  ( 6.364134723180345787, -0.3999818225310480257, 1.467238244985639817 ) ) ;
#4063 = EDGE_LOOP ( 'NONE', ( #1010, #2635, #4828, #637 ) ) ;
#4064 = DIRECTION ( 'NONE',  ( -0.000000000000000000, -0.000000000000000000, 1.000000000000000000 ) ) ;
#4065 = DIRECTION ( 'NONE',  ( -0.000000000000000000, -0.000000000000000000, 1.000000000000000000 ) ) ;
#4066 = EDGE_CURVE ( 'NONE', #2080, #5138, #2927, .T. ) ;
#4067 = CARTESIAN_POINT ( 'NONE',  ( 6.227148447183552982, -5.300814422747738064, 1.874995811704752047 ) ) ;
#4068 = ORIENTED_EDGE ( 'NONE', *, *, #5356, .F. ) ;
#4069 = ADVANCED_FACE ( 'NONE', ( #4499 ), #1084, .F. ) ;
#4070 = CARTESIAN_POINT ( 'NONE',  ( 6.624999999999999112, -6.200984252499999627, 0.3115157474999999954 ) ) ;
#4071 = EDGE_LOOP ( 'NONE', ( #1665, #4012, #3465, #1366 ) ) ;
#4072 = DIRECTION ( 'NONE',  ( 0.000000000000000000, 1.156482317317871725E-15, -1.000000000000000000 ) ) ;
#4073 = VECTOR ( 'NONE', #1821, 39.37007874015748143 ) ;
#4074 = EDGE_CURVE ( 'NONE', #739, #2614, #826, .T. ) ;
#4075 = CARTESIAN_POINT ( 'NONE',  ( 6.308449241522042783, -1.575307679196802813, 1.375000000000000000 ) ) ;
#4076 = DIRECTION ( 'NONE',  ( -1.000000000000000000, 0.000000000000000000, 0.000000000000000000 ) ) ;
#4077 = AXIS2_PLACEMENT_3D ( 'NONE', #3229, #1510, #2320 ) ;
#4078 = VERTEX_POINT ( 'NONE', #5377 ) ;
#4079 = VECTOR ( 'NONE', #4695, 39.37007874015748143 ) ;
#4080 = CYLINDRICAL_SURFACE ( 'NONE', #4111, 0.05905511811023630986 ) ;
#4081 = AXIS2_PLACEMENT_3D ( 'NONE', #3944, #5183, #2726 ) ;
#4082 = VERTEX_POINT ( 'NONE', #390 ) ;
#4083 = AXIS2_PLACEMENT_3D ( 'NONE', #882, #2152, #1343 ) ;
#4084 = VECTOR ( 'NONE', #3319, 39.37007874015748143 ) ;
#4085 = DIRECTION ( 'NONE',  ( 1.000000000000000000, -0.000000000000000000, -0.000000000000000000 ) ) ;
#4086 = CARTESIAN_POINT ( 'NONE',  ( 6.375000000000000000, -3.993733511865153130, 1.118963210456876078 ) ) ;
#4087 = VERTEX_POINT ( 'NONE', #720 ) ;
#4088 = DIRECTION ( 'NONE',  ( 0.000000000000000000, 0.000000000000000000, 1.000000000000000000 ) ) ;
#4089 = AXIS2_PLACEMENT_3D ( 'NONE', #709, #4923, #5306 ) ;
#4090 = AXIS2_PLACEMENT_3D ( 'NONE', #2270, #4005, #228 ) ;
#4091 = DIRECTION ( 'NONE',  ( 1.000000000000000000, -0.000000000000000000, -0.000000000000000000 ) ) ;
#4092 = DIRECTION ( 'NONE',  ( 0.000000000000000000, 0.000000000000000000, -1.000000000000000000 ) ) ;
#4093 = AXIS2_PLACEMENT_3D ( 'NONE', #4722, #2540, #83 ) ;
#4094 = CARTESIAN_POINT ( 'NONE',  ( 6.375000000000000000, -4.099401806940218940, 0.4461434763661811242 ) ) ;
#4095 = DIRECTION ( 'NONE',  ( -0.000000000000000000, 1.000000000000000000, -0.000000000000000000 ) ) ;
#4096 = AXIS2_PLACEMENT_3D ( 'NONE', #3253, #274, #5376 ) ;
#4097 = ORIENTED_EDGE ( 'NONE', *, *, #4591, .F. ) ;
#4098 = AXIS2_PLACEMENT_3D ( 'NONE', #4474, #296, #5348 ) ;
#4099 = DIRECTION ( 'NONE',  ( -1.000000000000000000, 0.000000000000000000, 0.000000000000000000 ) ) ;
#4100 = ORIENTED_EDGE ( 'NONE', *, *, #693, .T. ) ;
#4101 = DIRECTION ( 'NONE',  ( 0.000000000000000000, 0.000000000000000000, 1.000000000000000000 ) ) ;
#4102 = ORIENTED_EDGE ( 'NONE', *, *, #3263, .F. ) ;
#4103 = CIRCLE ( 'NONE', #1714, 0.2249999999999999223 ) ;
#4104 = ADVANCED_FACE ( 'NONE', ( #2513 ), #4138, .T. ) ;
#4105 = CARTESIAN_POINT ( 'NONE',  ( 6.624999999999999112, -2.537323266877324013, 0.2731989520279352601 ) ) ;
#4106 = EDGE_CURVE ( 'NONE', #4623, #3769, #4782, .T. ) ;
#4107 = DIRECTION ( 'NONE',  ( 0.000000000000000000, 0.000000000000000000, -1.000000000000000000 ) ) ;
#4108 = DIRECTION ( 'NONE',  ( 1.000000000000000000, -0.000000000000000000, -0.000000000000000000 ) ) ;
#4109 = DIRECTION ( 'NONE',  ( -1.000000000000000000, 0.000000000000000000, 0.000000000000000000 ) ) ;
#4110 = EDGE_LOOP ( 'NONE', ( #387, #4590, #3938, #1737 ) ) ;
#4111 = AXIS2_PLACEMENT_3D ( 'NONE', #1667, #4496, #717 ) ;
#4112 = EDGE_CURVE ( 'NONE', #3088, #548, #2394, .T. ) ;
#4113 = ORIENTED_EDGE ( 'NONE', *, *, #1282, .T. ) ;
#4114 = ORIENTED_EDGE ( 'NONE', *, *, #5078, .F. ) ;
#4115 = DIRECTION ( 'NONE',  ( 0.000000000000000000, -0.7913775161201497266, 0.6113277574096418476 ) ) ;
#4116 = AXIS2_PLACEMENT_3D ( 'NONE', #266, #690, #2784 ) ;
#4117 = CYLINDRICAL_SURFACE ( 'NONE', #4255, 0.1181102362204725503 ) ;
#4118 = ORIENTED_EDGE ( 'NONE', *, *, #3707, .T. ) ;
#4119 = DIRECTION ( 'NONE',  ( -1.000000000000000000, 0.000000000000000000, 0.000000000000000000 ) ) ;
#4120 = ADVANCED_FACE ( 'NONE', ( #4197 ), #906, .F. ) ;
#4121 = CARTESIAN_POINT ( 'NONE',  ( -8.514999999999998792, -0.6663429112140901722, 0.7456503352318517575 ) ) ;
#4122 = FACE_OUTER_BOUND ( 'NONE', #839, .T. ) ;
#4123 = DIRECTION ( 'NONE',  ( 0.000000000000000000, 1.000000000000000000, 0.000000000000000000 ) ) ;
#4124 = CARTESIAN_POINT ( 'NONE',  ( 6.243110236220472231, 2.652276394531333236E-16, 1.274999999999999689 ) ) ;
#4125 = DIRECTION ( 'NONE',  ( -0.000000000000000000, -0.000000000000000000, 1.000000000000000000 ) ) ;
#4126 = EDGE_CURVE ( 'NONE', #481, #2917, #3751, .T. ) ;
#4127 = ORIENTED_EDGE ( 'NONE', *, *, #4746, .T. ) ;
#4128 = DIRECTION ( 'NONE',  ( -1.000000000000000000, -0.000000000000000000, -0.000000000000000000 ) ) ;
#4129 = VERTEX_POINT ( 'NONE', #4552 ) ;
#4130 = CARTESIAN_POINT ( 'NONE',  ( 6.125000000000000000, -7.549999999999999822, 2.099999999999999645 ) ) ;
#4131 = DIRECTION ( 'NONE',  ( 1.000000000000000000, -0.000000000000000000, -0.000000000000000000 ) ) ;
#4132 = CYLINDRICAL_SURFACE ( 'NONE', #4876, 0.1004999999999996452 ) ;
#4133 = EDGE_CURVE ( 'NONE', #4629, #2104, #3900, .T. ) ;
#4134 = ORIENTED_EDGE ( 'NONE', *, *, #1960, .F. ) ;
#4135 = CARTESIAN_POINT ( 'NONE',  ( 6.441550758477955441, -1.575307679196802813, 1.375000000000000000 ) ) ;
#4136 = ORIENTED_EDGE ( 'NONE', *, *, #674, .T. ) ;
#4137 = DIRECTION ( 'NONE',  ( -0.000000000000000000, -0.000000000000000000, -1.000000000000000000 ) ) ;
#4138 = CYLINDRICAL_SURFACE ( 'NONE', #1164, 0.2500000000000000555 ) ;
#4139 = EDGE_CURVE ( 'NONE', #1478, #250, #3873, .T. ) ;
#4140 = ORIENTED_EDGE ( 'NONE', *, *, #3102, .T. ) ;
#4141 = FACE_BOUND ( 'NONE', #2297, .T. ) ;
#4142 = CARTESIAN_POINT ( 'NONE',  ( 6.506889763779526881, 2.652276394531333236E-16, 1.274999999999999689 ) ) ;
#4143 = CARTESIAN_POINT ( 'NONE',  ( 6.274499999999999744, -4.503937009999998686, 0.000000000000000000 ) ) ;
#4144 = ADVANCED_FACE ( 'NONE', ( #2429 ), #4117, .T. ) ;
#4145 = CARTESIAN_POINT ( 'NONE',  ( 6.281693504249114213, -4.541732122137667638, 0.4090103524187426731 ) ) ;
#4146 = DIRECTION ( 'NONE',  ( 1.000000000000000000, -0.000000000000000000, -0.000000000000000000 ) ) ;
#4147 = ORIENTED_EDGE ( 'NONE', *, *, #1404, .F. ) ;
#4148 = DIRECTION ( 'NONE',  ( 0.000000000000000000, 0.000000000000000000, -1.000000000000000000 ) ) ;
#4149 = VERTEX_POINT ( 'NONE', #1205 ) ;
#4150 = DIRECTION ( 'NONE',  ( -0.000000000000000000, 1.000000000000000000, -0.000000000000000000 ) ) ;
#4151 = ORIENTED_EDGE ( 'NONE', *, *, #1698, .T. ) ;
#4152 = DIRECTION ( 'NONE',  ( 0.000000000000000000, 0.000000000000000000, -1.000000000000000000 ) ) ;
#4153 = SHAPE_DEFINITION_REPRESENTATION ( #2893, #3138 ) ;
#4154 = FACE_OUTER_BOUND ( 'NONE', #1853, .T. ) ;
#4155 = DIRECTION ( 'NONE',  ( 0.000000000000000000, 0.000000000000000000, 1.000000000000000000 ) ) ;
#4156 = EDGE_LOOP ( 'NONE', ( #3495, #4730, #4792, #889, #4285, #5005 ) ) ;
#4157 = ADVANCED_FACE ( 'NONE', ( #2890 ), #4163, .T. ) ;
#4158 = AXIS2_PLACEMENT_3D ( 'NONE', #2351, #4036, #256 ) ;
#4159 = EDGE_CURVE ( 'NONE', #2422, #4082, #2139, .T. ) ;
#4160 = DIRECTION ( 'NONE',  ( 0.000000000000000000, -1.000000000000000000, 0.000000000000000000 ) ) ;
#4161 = EDGE_LOOP ( 'NONE', ( #1580, #3877, #2936, #928 ) ) ;
#4162 = CARTESIAN_POINT ( 'NONE',  ( 6.375000000000000000, -1.195882546459554163, 0.8750000000000001110 ) ) ;
#4163 = PLANE ( 'NONE',  #4517 ) ;
#4164 = CIRCLE ( 'NONE', #1772, 0.1329999999999999238 ) ;
#4165 = ORIENTED_EDGE ( 'NONE', *, *, #1403, .T. ) ;
#4166 = CYLINDRICAL_SURFACE ( 'NONE', #1365, 0.1000000000000000194 ) ;
#4167 = AXIS2_PLACEMENT_3D ( 'NONE', #2125, #1784, #1321 ) ;
#4168 = AXIS2_PLACEMENT_3D ( 'NONE', #4333, #150, #87 ) ;
#4169 = CARTESIAN_POINT ( 'NONE',  ( 6.339811891510840347, -0.4058475883144294638, 1.501467510041326170 ) ) ;
#4170 = LINE ( 'NONE', #4143, #744 ) ;
#4171 = LINE ( 'NONE', #398, #571 ) ;
#4172 = CARTESIAN_POINT ( 'NONE',  ( 6.375000000000000000, 0.000000000000000000, 1.591999999999999860 ) ) ;
#4173 = DIRECTION ( 'NONE',  ( 1.000000000000000000, -0.000000000000000000, -0.000000000000000000 ) ) ;
#4174 = CIRCLE ( 'NONE', #822, 0.3750000000000000555 ) ;
#4175 = EDGE_LOOP ( 'NONE', ( #1029, #4845, #4045, #1994, #4818, #331, #3926, #1497, #794 ) ) ;
#4176 = DIRECTION ( 'NONE',  ( 0.000000000000000000, 0.000000000000000000, -1.000000000000000000 ) ) ;
#4177 = AXIS2_PLACEMENT_3D ( 'NONE', #1932, #4839, #4427 ) ;
#4178 = VERTEX_POINT ( 'NONE', #3005 ) ;
#4179 = VECTOR ( 'NONE', #954, 39.37007874015748143 ) ;
#4180 = CIRCLE ( 'NONE', #830, 0.1004999999999985627 ) ;
#4181 = CARTESIAN_POINT ( 'NONE',  ( -8.514999999999998792, -1.722735295240119813, 0.3749999999999999445 ) ) ;
#4182 = ORIENTED_EDGE ( 'NONE', *, *, #4577, .T. ) ;
#4183 = CARTESIAN_POINT ( 'NONE',  ( 6.624999999999999112, -1.416781346178935340E-16, 1.156889763779527236 ) ) ;
#4184 = VECTOR ( 'NONE', #406, 39.37007874015748143 ) ;
#4185 = ORIENTED_EDGE ( 'NONE', *, *, #2087, .T. ) ;
#4186 = AXIS2_PLACEMENT_3D ( 'NONE', #1200, #1638, #1582 ) ;
#4187 = ORIENTED_EDGE ( 'NONE', *, *, #4634, .T. ) ;
#4188 = ADVANCED_FACE ( 'NONE', ( #4299 ), #2642, .F. ) ;
#4189 = FACE_BOUND ( 'NONE', #4487, .T. ) ;
#4190 = LINE ( 'NONE', #3105, #4457 ) ;
#4191 = DIRECTION ( 'NONE',  ( -0.000000000000000000, 1.000000000000000000, -0.000000000000000000 ) ) ;
#4192 = CYLINDRICAL_SURFACE ( 'NONE', #1608, 0.07950000000000007061 ) ;
#4193 = ORIENTED_EDGE ( 'NONE', *, *, #2423, .F. ) ;
#4194 = DIRECTION ( 'NONE',  ( 0.000000000000000000, 0.000000000000000000, 1.000000000000000000 ) ) ;
#4195 = EDGE_CURVE ( 'NONE', #739, #4732, #2578, .T. ) ;
#4196 = CARTESIAN_POINT ( 'NONE',  ( 6.624999999999999112, -5.299999999999999822, 1.875000000000000000 ) ) ;
#4197 = FACE_OUTER_BOUND ( 'NONE', #4334, .T. ) ;
#4198 = CIRCLE ( 'NONE', #4983, 0.2344000000000001083 ) ;
#4199 = ORIENTED_EDGE ( 'NONE', *, *, #2681, .T. ) ;
#4200 = AXIS2_PLACEMENT_3D ( 'NONE', #5374, #3360, #4599 ) ;
#4201 = FACE_OUTER_BOUND ( 'NONE', #3377, .T. ) ;
#4202 = DIRECTION ( 'NONE',  ( 0.000000000000000000, 0.000000000000000000, 1.000000000000000000 ) ) ;
#4203 = DIRECTION ( 'NONE',  ( 0.000000000000000000, 0.000000000000000000, -1.000000000000000000 ) ) ;
#4204 = CARTESIAN_POINT ( 'NONE',  ( 6.243110236220472231, 2.652276394531333236E-16, 1.274999999999999689 ) ) ;
#4205 = DIRECTION ( 'NONE',  ( -0.8571673007021117785, 1.049727191138617956E-16, 0.5150380749100550437 ) ) ;
#4206 = ORIENTED_EDGE ( 'NONE', *, *, #3000, .T. ) ;
#4207 = DIRECTION ( 'NONE',  ( 0.000000000000000000, 1.092739197465705130E-14, -1.000000000000000000 ) ) ;
#4208 = EDGE_CURVE ( 'NONE', #348, #2221, #206, .T. ) ;
#4209 = ORIENTED_EDGE ( 'NONE', *, *, #4900, .F. ) ;
#4210 = DIRECTION ( 'NONE',  ( 0.000000000000000000, 0.000000000000000000, -1.000000000000000000 ) ) ;
#4211 = ORIENTED_EDGE ( 'NONE', *, *, #1118, .F. ) ;
#4212 = LINE ( 'NONE', #2081, #666 ) ;
#4213 = EDGE_CURVE ( 'NONE', #2859, #3885, #1342, .T. ) ;
#4214 = EDGE_LOOP ( 'NONE', ( #3890, #4683, #5386, #3878, #1202, #49 ) ) ;
#4215 = VERTEX_POINT ( 'NONE', #3799 ) ;
#4216 = CARTESIAN_POINT ( 'NONE',  ( 6.624999999999999112, -6.200984252499999627, 1.439812010000000031 ) ) ;
#4217 = CARTESIAN_POINT ( 'NONE',  ( 6.624999999999999112, -1.195882546459554163, 0.6250000000000000000 ) ) ;
#4218 = EDGE_CURVE ( 'NONE', #658, #2452, #3813, .T. ) ;
#4219 = CARTESIAN_POINT ( 'NONE',  ( 6.125000000000000000, -3.810379740625795542, 1.130382202692761240 ) ) ;
#4220 = VERTEX_POINT ( 'NONE', #523 ) ;
#4221 = CARTESIAN_POINT ( 'NONE',  ( 6.375000000000000000, -2.546717713877304501, 1.069266085778232345 ) ) ;
#4222 = DIRECTION ( 'NONE',  ( 1.000000000000000000, 0.000000000000000000, 0.000000000000000000 ) ) ;
#4223 = CARTESIAN_POINT ( 'NONE',  ( 6.624999999999999112, -6.066141731220471733, 1.128937010000000019 ) ) ;
#4224 = EDGE_CURVE ( 'NONE', #937, #1140, #1874, .T. ) ;
#4225 = CARTESIAN_POINT ( 'NONE',  ( 6.624999999999999112, -2.118110236220472675, 1.750000000000000000 ) ) ;
#4226 = DIRECTION ( 'NONE',  ( 1.000000000000000000, 0.000000000000000000, 0.000000000000000000 ) ) ;
#4227 = CARTESIAN_POINT ( 'NONE',  ( 6.624999999999999112, -4.031889763779526348, 0.000000000000000000 ) ) ;
#4228 = CARTESIAN_POINT ( 'NONE',  ( 6.125000000000000000, -0.4931102362204725642, 1.022034744542706486 ) ) ;
#4229 = CARTESIAN_POINT ( 'NONE',  ( 6.375000000000001776, -5.699999999999998401, -4.892463962593665846E-17 ) ) ;
#4230 = ORIENTED_EDGE ( 'NONE', *, *, #4139, .T. ) ;
#4231 = FACE_OUTER_BOUND ( 'NONE', #1286, .T. ) ;
#4232 = ADVANCED_FACE ( 'NONE', ( #2233 ), #1809, .F. ) ;
#4233 = VERTEX_POINT ( 'NONE', #3418 ) ;
#4234 = EDGE_CURVE ( 'NONE', #175, #2362, #4245, .T. ) ;
#4235 = DIRECTION ( 'NONE',  ( 1.000000000000000000, 0.000000000000000000, 0.000000000000000000 ) ) ;
#4236 = EDGE_LOOP ( 'NONE', ( #3524, #5064, #3107, #4290 ) ) ;
#4237 = LINE ( 'NONE', #2108, #1792 ) ;
#4238 = ORIENTED_EDGE ( 'NONE', *, *, #3226, .F. ) ;
#4239 = CARTESIAN_POINT ( 'NONE',  ( 6.410969804207939937, -0.4061574553338357929, 0.2320407366254768899 ) ) ;
#4240 = LINE ( 'NONE', #1290, #2671 ) ;
#4241 = DIRECTION ( 'NONE',  ( 1.000000000000000000, -0.000000000000000000, -0.000000000000000000 ) ) ;
#4242 = EDGE_LOOP ( 'NONE', ( #3941, #3444, #5109, #2719 ) ) ;
#4243 = EDGE_CURVE ( 'NONE', #2283, #3083, #1293, .T. ) ;
#4244 = DIRECTION ( 'NONE',  ( 0.000000000000000000, 0.000000000000000000, -1.000000000000000000 ) ) ;
#4245 = LINE ( 'NONE', #5073, #4442 ) ;
#4246 = ORIENTED_EDGE ( 'NONE', *, *, #4066, .F. ) ;
#4247 = FACE_BOUND ( 'NONE', #4764, .T. ) ;
#4248 = CARTESIAN_POINT ( 'NONE',  ( 6.506889763779526881, 2.652276394531333236E-16, 0.5931102362204720979 ) ) ;
#4249 = DIRECTION ( 'NONE',  ( 1.000000000000000000, -0.000000000000000000, -0.000000000000000000 ) ) ;
#4250 = CARTESIAN_POINT ( 'NONE',  ( 6.324495816134087178, -4.591132025040644216, 0.3720928360801830648 ) ) ;
#4251 = LINE ( 'NONE', #5165, #3721 ) ;
#4252 = CARTESIAN_POINT ( 'NONE',  ( 6.318609197530474120, -1.666641653128521749, 0.3891082710922918464 ) ) ;
#4253 = VERTEX_POINT ( 'NONE', #907 ) ;
#4254 = CARTESIAN_POINT ( 'NONE',  ( 6.351097301221670932, -0.4023339562367612698, 0.2728211276762257387 ) ) ;
#4255 = AXIS2_PLACEMENT_3D ( 'NONE', #3777, #3276, #2863 ) ;
#4256 = CIRCLE ( 'NONE', #4955, 0.1329999999999999238 ) ;
#4257 = LINE ( 'NONE', #2902, #759 ) ;
#4258 = EDGE_LOOP ( 'NONE', ( #3252, #1514 ) ) ;
#4259 = CIRCLE ( 'NONE', #297, 0.1181102362204724116 ) ;
#4260 = AXIS2_PLACEMENT_3D ( 'NONE', #1395, #1477, #608 ) ;
#4261 = EDGE_CURVE ( 'NONE', #1284, #5420, #473, .T. ) ;
#4262 = DIRECTION ( 'NONE',  ( 0.000000000000000000, 0.000000000000000000, -1.000000000000000000 ) ) ;
#4263 = EDGE_LOOP ( 'NONE', ( #4484, #2110 ) ) ;
#4264 = AXIS2_PLACEMENT_3D ( 'NONE', #2802, #2442, #5004 ) ;
#4265 = CARTESIAN_POINT ( 'NONE',  ( 6.404960806896121461, -0.4040178078393027450, 0.2111836750175747068 ) ) ;
#4266 = ORIENTED_EDGE ( 'NONE', *, *, #1118, .T. ) ;
#4267 = AXIS2_PLACEMENT_3D ( 'NONE', #1406, #1973, #4107 ) ;
#4268 = DIRECTION ( 'NONE',  ( 1.000000000000000000, -0.000000000000000000, -0.000000000000000000 ) ) ;
#4269 = AXIS2_PLACEMENT_3D ( 'NONE', #2065, #3228, #1128 ) ;
#4270 = VERTEX_POINT ( 'NONE', #4274 ) ;
#4271 = EDGE_CURVE ( 'NONE', #413, #4129, #4744, .T. ) ;
#4272 = ADVANCED_FACE ( 'NONE', ( #105, #500, #1316 ), #2179, .F. ) ;
#4273 = CARTESIAN_POINT ( 'NONE',  ( 6.243110236220472231, -2.399999999999999467, 0.000000000000000000 ) ) ;
#4274 = CARTESIAN_POINT ( 'NONE',  ( 6.475499999999999368, -1.749999999999998446, 0.3749999999999999445 ) ) ;
#4275 = ORIENTED_EDGE ( 'NONE', *, *, #1469, .F. ) ;
#4276 = FACE_OUTER_BOUND ( 'NONE', #578, .T. ) ;
#4277 = EDGE_CURVE ( 'NONE', #1856, #5232, #3907, .T. ) ;
#4278 = AXIS2_PLACEMENT_3D ( 'NONE', #1454, #4873, #3115 ) ;
#4279 = FACE_OUTER_BOUND ( 'NONE', #2548, .T. ) ;
#4280 = LINE ( 'NONE', #3043, #3034 ) ;
#4281 = LINE ( 'NONE', #1869, #4342 ) ;
#4282 = CARTESIAN_POINT ( 'NONE',  ( 6.624999999999999112, -1.195882546459554163, 0.6250000000000000000 ) ) ;
#4283 = CARTESIAN_POINT ( 'NONE',  ( 6.125000000000000000, 0.000000000000000000, 0.000000000000000000 ) ) ;
#4284 = EDGE_CURVE ( 'NONE', #4737, #3456, #78, .T. ) ;
#4285 = ORIENTED_EDGE ( 'NONE', *, *, #4004, .T. ) ;
#4286 = CARTESIAN_POINT ( 'NONE',  ( -8.514999999999998792, 0.000000000000000000, 1.375000000000000000 ) ) ;
#4287 = AXIS2_PLACEMENT_3D ( 'NONE', #1228, #793, #4194 ) ;
#4288 = CARTESIAN_POINT ( 'NONE',  ( 6.624999999999999112, -4.080289166714287319, 1.002640306454736674 ) ) ;
#4289 = ORIENTED_EDGE ( 'NONE', *, *, #4973, .F. ) ;
#4290 = ORIENTED_EDGE ( 'NONE', *, *, #322, .F. ) ;
#4291 = ORIENTED_EDGE ( 'NONE', *, *, #2279, .T. ) ;
#4292 = ORIENTED_EDGE ( 'NONE', *, *, #3929, .T. ) ;
#4293 = FACE_OUTER_BOUND ( 'NONE', #3616, .T. ) ;
#4294 = CARTESIAN_POINT ( 'NONE',  ( 6.624999999999999112, -2.577447444184754133, 0.1745180392802265223 ) ) ;
#4295 = ORIENTED_EDGE ( 'NONE', *, *, #171, .T. ) ;
#4296 = ORIENTED_EDGE ( 'NONE', *, *, #5071, .T. ) ;
#4297 = EDGE_CURVE ( 'NONE', #1741, #2422, #2537, .T. ) ;
#4298 = DIRECTION ( 'NONE',  ( 1.000000000000000000, -0.000000000000000000, -0.000000000000000000 ) ) ;
#4299 = FACE_OUTER_BOUND ( 'NONE', #2465, .T. ) ;
#4300 = ORIENTED_EDGE ( 'NONE', *, *, #1297, .T. ) ;
#4301 = CARTESIAN_POINT ( 'NONE',  ( 6.243110236220472231, -2.118110236220473119, 2.100000000000000089 ) ) ;
#4302 = CARTESIAN_POINT ( 'NONE',  ( 6.375000000000000000, -4.503937009999998686, 0.000000000000000000 ) ) ;
#4303 = ADVANCED_FACE ( 'NONE', ( #2981, #635, #2287 ), #1894, .F. ) ;
#4304 = CARTESIAN_POINT ( 'NONE',  ( 6.624999999999999112, -0.7460099012317158440, 0.8328466574111003107 ) ) ;
#4305 = CARTESIAN_POINT ( 'NONE',  ( 6.425302027837519248, -4.591252782021723711, 0.3720147700408176772 ) ) ;
#4306 = DIRECTION ( 'NONE',  ( 0.000000000000000000, -1.000000000000000000, 1.170791997284684730E-16 ) ) ;
#4307 = CARTESIAN_POINT ( 'NONE',  ( 6.375000000000000000, 0.000000000000000000, 0.2374999999999998501 ) ) ;
#4308 = ORIENTED_EDGE ( 'NONE', *, *, #2592, .T. ) ;
#4309 = DIRECTION ( 'NONE',  ( 1.000000000000000000, -0.000000000000000000, -0.000000000000000000 ) ) ;
#4310 = VERTEX_POINT ( 'NONE', #3200 ) ;
#4311 = FACE_OUTER_BOUND ( 'NONE', #968, .T. ) ;
#4312 = ORIENTED_EDGE ( 'NONE', *, *, #1722, .T. ) ;
#4313 = CYLINDRICAL_SURFACE ( 'NONE', #1957, 0.1004999999999996452 ) ;
#4314 = ORIENTED_EDGE ( 'NONE', *, *, #5108, .F. ) ;
#4315 = EDGE_LOOP ( 'NONE', ( #4752, #290, #4574, #2744 ) ) ;
#4316 = VERTEX_POINT ( 'NONE', #5236 ) ;
#4317 = CARTESIAN_POINT ( 'NONE',  ( 6.624999999999999112, -5.955081525351289429, 2.100000000000000089 ) ) ;
#4318 = DIRECTION ( 'NONE',  ( -1.000000000000000000, 0.000000000000000000, 0.000000000000000000 ) ) ;
#4319 = ORIENTED_EDGE ( 'NONE', *, *, #945, .F. ) ;
#4320 = ORIENTED_EDGE ( 'NONE', *, *, #3866, .T. ) ;
#4321 = CARTESIAN_POINT ( 'NONE',  ( 6.125000000000000000, -6.335826773779526633, 1.128937010000000019 ) ) ;
#4322 = DIRECTION ( 'NONE',  ( 0.000000000000000000, 1.000000000000000000, -1.445602896647337931E-16 ) ) ;
#4323 = DIRECTION ( 'NONE',  ( 1.000000000000000000, 0.000000000000000000, 0.000000000000000000 ) ) ;
#4324 = CARTESIAN_POINT ( 'NONE',  ( 6.624999999999999112, -6.455905511811023345, -3.414809992080329023E-17 ) ) ;
#4325 = EDGE_CURVE ( 'NONE', #2859, #2163, #3970, .T. ) ;
#4326 = VERTEX_POINT ( 'NONE', #2312 ) ;
#4327 = DIRECTION ( 'NONE',  ( 0.000000000000000000, 0.000000000000000000, -1.000000000000000000 ) ) ;
#4328 = ADVANCED_FACE ( 'NONE', ( #982 ), #5184, .F. ) ;
#4329 = CARTESIAN_POINT ( 'NONE',  ( 6.624999999999999112, 3.297594818231553244E-16, 1.156889763779527236 ) ) ;
#4330 = CARTESIAN_POINT ( 'NONE',  ( 6.506889763779526881, -4.149999999999999467, 2.143131898507867804E-16 ) ) ;
#4331 = CARTESIAN_POINT ( 'NONE',  ( 6.367093363126525851, -4.604419094331940521, 0.3638445821797341440 ) ) ;
#4332 = CARTESIAN_POINT ( 'NONE',  ( 6.506889763779526881, -2.000000000000000444, 1.750000000000000000 ) ) ;
#4333 = CARTESIAN_POINT ( 'NONE',  ( 6.624999999999999112, -2.463535137063221914, 1.031590137238388438 ) ) ;
#4334 = EDGE_LOOP ( 'NONE', ( #1163, #5061, #2773 ) ) ;
#4335 = CARTESIAN_POINT ( 'NONE',  ( 6.274499999999999744, -1.499999999999998446, 1.750000000000000000 ) ) ;
#4336 = ADVANCED_FACE ( 'NONE', ( #5287 ), #1607, .F. ) ;
#4337 = ADVANCED_FACE ( 'NONE', ( #692 ), #3119, .T. ) ;
#4338 = AXIS2_PLACEMENT_3D ( 'NONE', #2628, #3488, #3570 ) ;
#4339 = DIRECTION ( 'NONE',  ( 0.000000000000000000, -1.224646799147352961E-16, 1.000000000000000000 ) ) ;
#4340 = ORIENTED_EDGE ( 'NONE', *, *, #3590, .F. ) ;
#4341 = DIRECTION ( 'NONE',  ( 0.000000000000000000, 0.000000000000000000, 1.000000000000000000 ) ) ;
#4342 = VECTOR ( 'NONE', #3127, 39.37007874015748143 ) ;
#4343 = AXIS2_PLACEMENT_3D ( 'NONE', #3045, #4726, #2625 ) ;
#4344 = EDGE_LOOP ( 'NONE', ( #1245, #4759, #5446, #1521, #5024, #524, #2538, #208, #5421 ) ) ;
#4345 = ORIENTED_EDGE ( 'NONE', *, *, #2844, .T. ) ;
#4346 = AXIS2_PLACEMENT_3D ( 'NONE', #3745, #5318, #3225 ) ;
#4347 = AXIS2_PLACEMENT_3D ( 'NONE', #3468, #5150, #162 ) ;
#4348 = FACE_OUTER_BOUND ( 'NONE', #5225, .T. ) ;
#4349 = ORIENTED_EDGE ( 'NONE', *, *, #2277, .T. ) ;
#4350 = DIRECTION ( 'NONE',  ( -1.000000000000000000, 0.000000000000000000, 0.000000000000000000 ) ) ;
#4351 = CARTESIAN_POINT ( 'NONE',  ( 6.125000000000000000, -1.405762282583708389, 1.125918381627099674 ) ) ;
#4352 = EDGE_CURVE ( 'NONE', #5017, #2859, #2767, .T. ) ;
#4353 = VECTOR ( 'NONE', #15, 39.37007874015748143 ) ;
#4354 = ORIENTED_EDGE ( 'NONE', *, *, #4112, .T. ) ;
#4355 = AXIS2_PLACEMENT_3D ( 'NONE', #886, #4249, #476 ) ;
#4356 = VERTEX_POINT ( 'NONE', #1483 ) ;
#4357 = CARTESIAN_POINT ( 'NONE',  ( 6.375000000000000000, -4.037911439581312933, 0.3094765958350453317 ) ) ;
#4358 = AXIS2_PLACEMENT_3D ( 'NONE', #2720, #2662, #1476 ) ;
#4359 = AXIS2_PLACEMENT_3D ( 'NONE', #3394, #4244, #1751 ) ;
#4360 = FACE_OUTER_BOUND ( 'NONE', #2777, .T. ) ;
#4361 = DIRECTION ( 'NONE',  ( 0.000000000000000000, 1.092739197465705130E-14, 1.000000000000000000 ) ) ;
#4362 = FACE_BOUND ( 'NONE', #4344, .T. ) ;
#4363 = AXIS2_PLACEMENT_3D ( 'NONE', #3421, #2122, #5018 ) ;
#4364 = EDGE_LOOP ( 'NONE', ( #770, #5026, #5134, #4598 ) ) ;
#4365 = AXIS2_PLACEMENT_3D ( 'NONE', #5030, #2573, #2935 ) ;
#4366 = VECTOR ( 'NONE', #2692, 39.37007874015748143 ) ;
#4367 = DIRECTION ( 'NONE',  ( 0.000000000000000000, 0.000000000000000000, 1.000000000000000000 ) ) ;
#4368 = ADVANCED_FACE ( 'NONE', ( #3175 ), #4877, .T. ) ;
#4369 = CYLINDRICAL_SURFACE ( 'NONE', #2157, 0.1000000000000000194 ) ;
#4370 = LINE ( 'NONE', #676, #4953 ) ;
#4371 = ORIENTED_EDGE ( 'NONE', *, *, #2515, .F. ) ;
#4372 = CARTESIAN_POINT ( 'NONE',  ( 6.340592894871679874, -4.435204587256690090, 0.5443500199700943565 ) ) ;
#4373 = AXIS2_PLACEMENT_3D ( 'NONE', #4592, #811, #3354 ) ;
#4374 = CYLINDRICAL_SURFACE ( 'NONE', #1463, 0.4249999999999999889 ) ;
#4375 = ORIENTED_EDGE ( 'NONE', *, *, #1832, .F. ) ;
#4376 = FACE_BOUND ( 'NONE', #1502, .T. ) ;
#4377 = CARTESIAN_POINT ( 'NONE',  ( 6.475499999999998479, -4.503937009999998686, 1.750000000000000000 ) ) ;
#4378 = ADVANCED_FACE ( 'NONE', ( #3152 ), #1045, .F. ) ;
#4379 = AXIS2_PLACEMENT_3D ( 'NONE', #2500, #2467, #2974 ) ;
#4380 = ORIENTED_EDGE ( 'NONE', *, *, #1960, .T. ) ;
#4381 = CIRCLE ( 'NONE', #1633, 0.1250000000000004441 ) ;
#4382 = ORIENTED_EDGE ( 'NONE', *, *, #2947, .F. ) ;
#4383 = ADVANCED_FACE ( 'NONE', ( #4413 ), #3610, .F. ) ;
#4384 = DIRECTION ( 'NONE',  ( -1.000000000000000000, 0.000000000000000000, 0.000000000000000000 ) ) ;
#4385 = DIRECTION ( 'NONE',  ( 1.000000000000000000, -0.000000000000000000, -0.000000000000000000 ) ) ;
#4386 = ORIENTED_EDGE ( 'NONE', *, *, #5356, .T. ) ;
#4387 = CARTESIAN_POINT ( 'NONE',  ( 6.374999999999998224, -0.4999999999999984457, -4.892463962593665846E-17 ) ) ;
#4388 = CARTESIAN_POINT ( 'NONE',  ( 6.375000000000000000, -0.3799999999999998934, 1.512499999999999734 ) ) ;
#4389 = DIRECTION ( 'NONE',  ( 0.000000000000000000, 0.000000000000000000, 1.000000000000000000 ) ) ;
#4390 = CARTESIAN_POINT ( 'NONE',  ( 6.624999999999999112, -2.331713897127457802, 0.9425862536216667031 ) ) ;
#4391 = ORIENTED_EDGE ( 'NONE', *, *, #153, .F. ) ;
#4392 = DIRECTION ( 'NONE',  ( 0.000000000000000000, 0.000000000000000000, 1.000000000000000000 ) ) ;
#4393 = DIRECTION ( 'NONE',  ( 0.000000000000000000, 0.000000000000000000, -1.000000000000000000 ) ) ;
#4394 = DIRECTION ( 'NONE',  ( 1.000000000000000000, -0.000000000000000000, -0.000000000000000000 ) ) ;
#4395 = CARTESIAN_POINT ( 'NONE',  ( 6.375000000000000000, -1.749999999999998446, 0.000000000000000000 ) ) ;
#4396 = CARTESIAN_POINT ( 'NONE',  ( -8.514999999999998792, -0.3750000000000001110, 0.9039245083222339217 ) ) ;
#4397 = DIRECTION ( 'NONE',  ( 0.000000000000000000, 0.000000000000000000, 1.000000000000000000 ) ) ;
#4398 = VERTEX_POINT ( 'NONE', #4443 ) ;
#4399 = CARTESIAN_POINT ( 'NONE',  ( 6.624999999999999112, -0.4931102362204725642, 0.9039245083222339217 ) ) ;
#4400 = ORIENTED_EDGE ( 'NONE', *, *, #740, .F. ) ;
#4401 = FACE_OUTER_BOUND ( 'NONE', #3870, .T. ) ;
#4402 = EDGE_CURVE ( 'NONE', #3248, #5391, #3243, .T. ) ;
#4403 = ORIENTED_EDGE ( 'NONE', *, *, #4929, .F. ) ;
#4404 = EDGE_CURVE ( 'NONE', #5388, #1125, #1692, .T. ) ;
#4405 = DIRECTION ( 'NONE',  ( -0.000000000000000000, -0.000000000000000000, 1.000000000000000000 ) ) ;
#4406 = ORIENTED_EDGE ( 'NONE', *, *, #2095, .F. ) ;
#4407 = DIRECTION ( 'NONE',  ( -1.000000000000000000, 0.000000000000000000, 0.000000000000000000 ) ) ;
#4408 = DIRECTION ( 'NONE',  ( -1.000000000000000000, 0.000000000000000000, 0.000000000000000000 ) ) ;
#4409 = ORIENTED_EDGE ( 'NONE', *, *, #848, .F. ) ;
#4410 = EDGE_CURVE ( 'NONE', #1852, #2176, #4799, .T. ) ;
#4411 = DIRECTION ( 'NONE',  ( -1.000000000000000000, -0.000000000000000000, -0.000000000000000000 ) ) ;
#4412 = DIRECTION ( 'NONE',  ( 0.000000000000000000, -6.938893903907229955E-15, -1.000000000000000000 ) ) ;
#4413 = FACE_OUTER_BOUND ( 'NONE', #2865, .T. ) ;
#4414 = CARTESIAN_POINT ( 'NONE',  ( 6.125000000000000000, -5.299999999999999822, 0.3749999999999999445 ) ) ;
#4415 = ORIENTED_EDGE ( 'NONE', *, *, #820, .T. ) ;
#4416 = DIRECTION ( 'NONE',  ( 1.000000000000000000, -0.000000000000000000, -0.000000000000000000 ) ) ;
#4417 = FACE_OUTER_BOUND ( 'NONE', #1146, .T. ) ;
#4418 = DIRECTION ( 'NONE',  ( 0.000000000000000000, 0.000000000000000000, 1.000000000000000000 ) ) ;
#4419 = FACE_OUTER_BOUND ( 'NONE', #3122, .T. ) ;
#4420 = CARTESIAN_POINT ( 'NONE',  ( 6.275054369711394742, -4.491964212932527900, 0.4591683986592889899 ) ) ;
#4421 = CARTESIAN_POINT ( 'NONE',  ( 6.385979400488971613, -1.649949067623471377, 0.4000861178189231704 ) ) ;
#4422 = EDGE_LOOP ( 'NONE', ( #215, #2023, #384, #5439 ) ) ;
#4423 = CARTESIAN_POINT ( 'NONE',  ( 6.125000000000000000, -2.181024368783034628, 0.9600879539561937293 ) ) ;
#4424 =( NAMED_UNIT ( * ) SI_UNIT ( $, .STERADIAN. ) SOLID_ANGLE_UNIT ( ) );
#4425 = ORIENTED_EDGE ( 'NONE', *, *, #1567, .F. ) ;
#4426 = CYLINDRICAL_SURFACE ( 'NONE', #2325, 0.07950000000000007061 ) ;
#4427 = DIRECTION ( 'NONE',  ( 0.000000000000000000, 0.000000000000000000, -1.000000000000000000 ) ) ;
#4428 = AXIS2_PLACEMENT_3D ( 'NONE', #89, #3431, #2569 ) ;
#4429 = ORIENTED_EDGE ( 'NONE', *, *, #791, .F. ) ;
#4430 = CARTESIAN_POINT ( 'NONE',  ( 6.375000000000000000, -2.437348131156654940, 0.3359494813139316527 ) ) ;
#4431 = ADVANCED_FACE ( 'NONE', ( #3945 ), #1836, .T. ) ;
#4432 = ORIENTED_EDGE ( 'NONE', *, *, #3786, .T. ) ;
#4433 = CIRCLE ( 'NONE', #2043, 0.2500000000000000555 ) ;
#4434 = CYLINDRICAL_SURFACE ( 'NONE', #4965, 0.1329999999999999238 ) ;
#4435 = CARTESIAN_POINT ( 'NONE',  ( 6.624999999999999112, -4.009567221782097235, 1.134766412947940672 ) ) ;
#4436 = ORIENTED_EDGE ( 'NONE', *, *, #1739, .F. ) ;
#4437 = AXIS2_PLACEMENT_3D ( 'NONE', #553, #3881, #3828 ) ;
#4438 = CIRCLE ( 'NONE', #4168, 0.05905511811023627516 ) ;
#4439 = DIRECTION ( 'NONE',  ( 0.000000000000000000, -1.000000000000000000, 1.170791997284684730E-16 ) ) ;
#4440 = DIRECTION ( 'NONE',  ( 0.000000000000000000, 1.000000000000000000, -2.185478394931410969E-15 ) ) ;
#4441 = VECTOR ( 'NONE', #5416, 39.37007874015748143 ) ;
#4442 = VECTOR ( 'NONE', #5123, 39.37007874015748143 ) ;
#4443 = CARTESIAN_POINT ( 'NONE',  ( 6.499999999999999112, -6.200984252499999627, 1.314812009999999587 ) ) ;
#4444 = CARTESIAN_POINT ( 'NONE',  ( 6.506889763779526881, -2.118110236220472675, 1.750000000000000000 ) ) ;
#4445 = ADVANCED_FACE ( 'NONE', ( #1018 ), #1175, .F. ) ;
#4446 = CIRCLE ( 'NONE', #1880, 0.1250000000000004441 ) ;
#4447 = EDGE_CURVE ( 'NONE', #4215, #3201, #2053, .T. ) ;
#4448 = ORIENTED_EDGE ( 'NONE', *, *, #3235, .F. ) ;
#4449 = AXIS2_PLACEMENT_3D ( 'NONE', #2532, #518, #3794 ) ;
#4450 = CIRCLE ( 'NONE', #485, 0.1181102362204725503 ) ;
#4451 = DIRECTION ( 'NONE',  ( -1.000000000000000000, -0.000000000000000000, -0.000000000000000000 ) ) ;
#4452 = DIRECTION ( 'NONE',  ( 0.000000000000000000, 0.000000000000000000, -1.000000000000000000 ) ) ;
#4453 = AXIS2_PLACEMENT_3D ( 'NONE', #4760, #1060, #1416 ) ;
#4454 = CARTESIAN_POINT ( 'NONE',  ( 6.375000000000000000, -3.984339064865171753, 0.3228960767065788828 ) ) ;
#4455 = AXIS2_PLACEMENT_3D ( 'NONE', #3858, #2208, #5464 ) ;
#4456 = DIRECTION ( 'NONE',  ( 1.000000000000000000, 0.000000000000000000, 0.000000000000000000 ) ) ;
#4457 = VECTOR ( 'NONE', #2656, 39.37007874015748143 ) ;
#4458 =( GEOMETRIC_REPRESENTATION_CONTEXT ( 3 ) GLOBAL_UNCERTAINTY_ASSIGNED_CONTEXT ( ( #1001 ) ) GLOBAL_UNIT_ASSIGNED_CONTEXT ( ( #5428, #1223, #2113 ) ) REPRESENTATION_CONTEXT ( 'NONE', 'WORKASPACE' ) );
#4459 = VERTEX_POINT ( 'NONE', #2503 ) ;
#4460 = ADVANCED_FACE ( 'NONE', ( #2884 ), #1977, .F. ) ;
#4461 = DIRECTION ( 'NONE',  ( -0.000000000000000000, 1.000000000000000000, -0.000000000000000000 ) ) ;
#4462 = FACE_OUTER_BOUND ( 'NONE', #3500, .T. ) ;
#4463 = VECTOR ( 'NONE', #4411, 39.37007874015748143 ) ;
#4464 = CARTESIAN_POINT ( 'NONE',  ( 6.624999999999999112, -1.195882546459554163, 0.3749999999999998890 ) ) ;
#4465 = EDGE_LOOP ( 'NONE', ( #1036, #3601, #3149, #4615 ) ) ;
#4466 = VECTOR ( 'NONE', #4672, 39.37007874015748143 ) ;
#4467 = DIRECTION ( 'NONE',  ( -1.000000000000000000, 0.000000000000000000, 0.000000000000000000 ) ) ;
#4468 = ORIENTED_EDGE ( 'NONE', *, *, #4284, .F. ) ;
#4469 = EDGE_CURVE ( 'NONE', #3022, #2639, #2143, .T. ) ;
#4470 = EDGE_LOOP ( 'NONE', ( #1826, #2913, #4296, #4206 ) ) ;
#4471 = CARTESIAN_POINT ( 'NONE',  ( 6.277423813956783505, -2.710379740625795009, 0.9601031838164467702 ) ) ;
#4472 = AXIS2_PLACEMENT_3D ( 'NONE', #5266, #4451, #1073 ) ;
#4473 = CARTESIAN_POINT ( 'NONE',  ( 6.375000000000000000, -2.493145339161162433, 1.082685566649765896 ) ) ;
#4474 = CARTESIAN_POINT ( 'NONE',  ( 6.125000000000000000, -6.799999999999999822, 0.6249999999999992228 ) ) ;
#4475 = DIRECTION ( 'NONE',  ( 0.000000000000000000, 0.000000000000000000, 1.000000000000000000 ) ) ;
#4476 = EDGE_LOOP ( 'NONE', ( #599, #1646, #4922, #1908 ) ) ;
#4477 = EDGE_CURVE ( 'NONE', #1412, #3223, #5010, .T. ) ;
#4478 = DIRECTION ( 'NONE',  ( -0.000000000000000000, -0.000000000000000000, -1.000000000000000000 ) ) ;
#4479 = CARTESIAN_POINT ( 'NONE',  ( 6.624999999999999112, -6.453937009999998864, 1.128937010000000019 ) ) ;
#4480 = CARTESIAN_POINT ( 'NONE',  ( 6.451591477660941543, -1.684047446819480820, 0.3811414791921720613 ) ) ;
#4481 = ORIENTED_EDGE ( 'NONE', *, *, #4106, .F. ) ;
#4482 = CARTESIAN_POINT ( 'NONE',  ( 6.125000000000000000, -1.195882546459554163, 0.6250000000000000000 ) ) ;
#4483 = ADVANCED_FACE ( 'NONE', ( #3664 ), #1225, .F. ) ;
#4484 = ORIENTED_EDGE ( 'NONE', *, *, #5280, .F. ) ;
#4485 = FACE_BOUND ( 'NONE', #5239, .T. ) ;
#4486 = PLANE ( 'NONE',  #1349 ) ;
#4487 = EDGE_LOOP ( 'NONE', ( #564, #4857 ) ) ;
#4488 = CARTESIAN_POINT ( 'NONE',  ( 6.163055124003335550, -5.330913550649556854, 1.877058867917179352 ) ) ;
#4489 = ORIENTED_EDGE ( 'NONE', *, *, #3754, .T. ) ;
#4490 = LINE ( 'NONE', #1556, #392 ) ;
#4491 = ORIENTED_EDGE ( 'NONE', *, *, #3660, .F. ) ;
#4492 = ORIENTED_EDGE ( 'NONE', *, *, #1413, .T. ) ;
#4493 = LINE ( 'NONE', #4951, #5331 ) ;
#4494 = CARTESIAN_POINT ( 'NONE',  ( 6.624999999999999112, -7.549999999999999822, 0.8499999999999955369 ) ) ;
#4495 = EDGE_LOOP ( 'NONE', ( #3391, #1137 ) ) ;
#4496 = DIRECTION ( 'NONE',  ( 1.000000000000000000, -0.000000000000000000, -0.000000000000000000 ) ) ;
#4497 = EDGE_CURVE ( 'NONE', #4948, #2639, #5432, .T. ) ;
#4498 = LINE ( 'NONE', #5354, #2945 ) ;
#4499 = FACE_OUTER_BOUND ( 'NONE', #3547, .T. ) ;
#4500 = EDGE_LOOP ( 'NONE', ( #5338, #2353, #5312, #2514 ) ) ;
#4501 = CARTESIAN_POINT ( 'NONE',  ( 6.375000000000000000, -2.431632466126977921, 1.061374204144307720 ) ) ;
#4502 = EDGE_CURVE ( 'NONE', #151, #4627, #2389, .T. ) ;
#4503 = LINE ( 'NONE', #1989, #2248 ) ;
#4504 = DIRECTION ( 'NONE',  ( 1.000000000000000000, 0.000000000000000000, 0.000000000000000000 ) ) ;
#4505 = ORIENTED_EDGE ( 'NONE', *, *, #4004, .F. ) ;
#4506 = CARTESIAN_POINT ( 'NONE',  ( 6.375000000000000000, 0.5000000000000000000, 1.512499999999999734 ) ) ;
#4507 = CARTESIAN_POINT ( 'NONE',  ( 6.506889763779526881, 0.5000000000000002220, 1.274999999999999911 ) ) ;
#4508 = EDGE_CURVE ( 'NONE', #2229, #151, #3639, .T. ) ;
#4509 = CARTESIAN_POINT ( 'NONE',  ( 6.152184338016200904, -5.342317334162308029, 1.878939738493035083 ) ) ;
#4510 = VERTEX_POINT ( 'NONE', #1583 ) ;
#4511 = DIRECTION ( 'NONE',  ( 1.000000000000000000, 0.000000000000000000, 0.000000000000000000 ) ) ;
#4512 = ORIENTED_EDGE ( 'NONE', *, *, #3760, .F. ) ;
#4513 = CARTESIAN_POINT ( 'NONE',  ( 4.433018566799289850, -3.993733511865153130, 1.118963210456876078 ) ) ;
#4514 = AXIS2_PLACEMENT_3D ( 'NONE', #4399, #176, #3131 ) ;
#4515 = DIRECTION ( 'NONE',  ( 1.000000000000000000, -0.000000000000000000, -0.000000000000000000 ) ) ;
#4516 = CARTESIAN_POINT ( 'NONE',  ( 6.624999999999999112, -3.993733511865153130, 1.118963210456876078 ) ) ;
#4517 = AXIS2_PLACEMENT_3D ( 'NONE', #2066, #5461, #5042 ) ;
#4518 = ORIENTED_EDGE ( 'NONE', *, *, #1334, .T. ) ;
#4519 = CIRCLE ( 'NONE', #4343, 0.1000000000000000194 ) ;
#4520 = ORIENTED_EDGE ( 'NONE', *, *, #3993, .F. ) ;
#4521 = DIRECTION ( 'NONE',  ( 0.000000000000000000, 0.000000000000000000, -1.000000000000000000 ) ) ;
#4522 = VECTOR ( 'NONE', #122, 39.37007874015748143 ) ;
#4523 = EDGE_LOOP ( 'NONE', ( #2035, #4448, #1369, #3451 ) ) ;
#4524 = AXIS2_PLACEMENT_3D ( 'NONE', #1201, #3302, #299 ) ;
#4525 = VECTOR ( 'NONE', #930, 39.37007874015748143 ) ;
#4526 = FACE_OUTER_BOUND ( 'NONE', #1345, .T. ) ;
#4527 = CARTESIAN_POINT ( 'NONE',  ( 6.380462656731435089, -0.3994999999999994111, 1.559546550094165429 ) ) ;
#4528 = ORIENTED_EDGE ( 'NONE', *, *, #4066, .T. ) ;
#4529 = LINE ( 'NONE', #2765, #3629 ) ;
#4530 = AXIS2_PLACEMENT_3D ( 'NONE', #5389, #734, #1196 ) ;
#4531 = CYLINDRICAL_SURFACE ( 'NONE', #4796, 0.09999999999999989453 ) ;
#4532 = DIRECTION ( 'NONE',  ( -0.000000000000000000, -1.170791997284684730E-16, -1.000000000000000000 ) ) ;
#4533 = VECTOR ( 'NONE', #885, 39.37007874015748143 ) ;
#4534 = LINE ( 'NONE', #4647, #120 ) ;
#4535 = VECTOR ( 'NONE', #441, 39.37007874015748143 ) ;
#4536 = DIRECTION ( 'NONE',  ( 1.000000000000000000, 0.000000000000000000, 0.000000000000000000 ) ) ;
#4537 = VECTOR ( 'NONE', #2956, 39.37007874015748143 ) ;
#4538 = ADVANCED_FACE ( 'NONE', ( #3632 ), #4594, .T. ) ;
#4539 = CARTESIAN_POINT ( 'NONE',  ( 6.375000000000001776, -5.699999999999998401, 0.5903864922122699088 ) ) ;
#4540 = ORIENTED_EDGE ( 'NONE', *, *, #1905, .T. ) ;
#4541 = CIRCLE ( 'NONE', #1017, 0.2500000000000003331 ) ;
#4542 = CARTESIAN_POINT ( 'NONE',  ( 6.125000000000000000, -0.9483640558764854234, 1.054325315746391878 ) ) ;
#4543 = ORIENTED_EDGE ( 'NONE', *, *, #3422, .F. ) ;
#4544 = ORIENTED_EDGE ( 'NONE', *, *, #3724, .F. ) ;
#4545 = AXIS2_PLACEMENT_3D ( 'NONE', #849, #4656, #5065 ) ;
#4546 = CARTESIAN_POINT ( 'NONE',  ( 6.499999999999999112, -6.200984252499999627, 1.439812010000000031 ) ) ;
#4547 = DIRECTION ( 'NONE',  ( -0.000000000000000000, -0.03432432496962133789, -0.9994107467479923512 ) ) ;
#4548 = ORIENTED_EDGE ( 'NONE', *, *, #1499, .F. ) ;
#4549 = CARTESIAN_POINT ( 'NONE',  ( 6.431998558060719517, -1.582994587093421224, 1.374791295517116430 ) ) ;
#4550 = ORIENTED_EDGE ( 'NONE', *, *, #5431, .F. ) ;
#4551 = CARTESIAN_POINT ( 'NONE',  ( 6.624999999999999112, -2.000000000000000444, 1.874999999999999556 ) ) ;
#4552 = CARTESIAN_POINT ( 'NONE',  ( 6.624999999999999112, -6.200984252499999627, 1.205412009999999867 ) ) ;
#4553 = EDGE_LOOP ( 'NONE', ( #2227, #1388, #3086, #3230, #1102, #3967, #4209, #1965 ) ) ;
#4554 = DIRECTION ( 'NONE',  ( 0.000000000000000000, 0.000000000000000000, -1.000000000000000000 ) ) ;
#4555 = FACE_OUTER_BOUND ( 'NONE', #1766, .T. ) ;
#4556 = DIRECTION ( 'NONE',  ( 1.000000000000000000, -0.000000000000000000, -0.000000000000000000 ) ) ;
#4557 = DIRECTION ( 'NONE',  ( 0.000000000000000000, 0.000000000000000000, -1.000000000000000000 ) ) ;
#4558 = CARTESIAN_POINT ( 'NONE',  ( 6.475499999999999368, -1.499999999999998446, 1.750000000000000000 ) ) ;
#4559 = AXIS2_PLACEMENT_3D ( 'NONE', #1190, #3320, #1934 ) ;
#4560 = EDGE_LOOP ( 'NONE', ( #1020, #819, #4896, #1014, #1135, #1721, #892 ) ) ;
#4561 = DIRECTION ( 'NONE',  ( 0.000000000000000000, 0.000000000000000000, 1.000000000000000000 ) ) ;
#4562 = ORIENTED_EDGE ( 'NONE', *, *, #1079, .T. ) ;
#4563 = EDGE_CURVE ( 'NONE', #5300, #3194, #656, .T. ) ;
#4564 = CYLINDRICAL_SURFACE ( 'NONE', #2149, 0.1250000000000004441 ) ;
#4565 = ORIENTED_EDGE ( 'NONE', *, *, #3539, .T. ) ;
#4566 = EDGE_CURVE ( 'NONE', #695, #4915, #3690, .T. ) ;
#4567 = ORIENTED_EDGE ( 'NONE', *, *, #4469, .F. ) ;
#4568 = CARTESIAN_POINT ( 'NONE',  ( 6.624999999999999112, -3.631889763779527769, 1.750000000000000000 ) ) ;
#4569 = CARTESIAN_POINT ( 'NONE',  ( 6.624999999999999112, 0.5000000000000000000, 0.5931102362204720979 ) ) ;
#4570 = CARTESIAN_POINT ( 'NONE',  ( -8.514999999999998792, -0.7541423743140727165, 0.8254164168266536761 ) ) ;
#4571 = ORIENTED_EDGE ( 'NONE', *, *, #4973, .T. ) ;
#4572 = ORIENTED_EDGE ( 'NONE', *, *, #4900, .T. ) ;
#4573 = CARTESIAN_POINT ( 'NONE',  ( 6.243110236220472231, -5.299999999999999822, 1.156889763779524349 ) ) ;
#4574 = ORIENTED_EDGE ( 'NONE', *, *, #5161, .T. ) ;
#4575 = CARTESIAN_POINT ( 'NONE',  ( 6.423698118472529472, -0.4118820845815317488, 0.4072597367009397340 ) ) ;
#4576 = CARTESIAN_POINT ( 'NONE',  ( 6.407178734913111740, -0.4047772167050064929, 1.491105011212158438 ) ) ;
#4577 = EDGE_CURVE ( 'NONE', #3520, #3542, #5140, .T. ) ;
#4578 = DIRECTION ( 'NONE',  ( -1.000000000000000000, 0.000000000000000000, 0.000000000000000000 ) ) ;
#4579 = DIRECTION ( 'NONE',  ( 1.000000000000000000, 0.000000000000000000, 0.000000000000000000 ) ) ;
#4580 = DIRECTION ( 'NONE',  ( 0.000000000000000000, 0.000000000000000000, -1.000000000000000000 ) ) ;
#4581 = FACE_BOUND ( 'NONE', #2696, .T. ) ;
#4582 = CARTESIAN_POINT ( 'NONE',  ( 6.125000000000000000, -7.263505523289318480E-17, 0.5931102362204722089 ) ) ;
#4583 = EDGE_CURVE ( 'NONE', #621, #2019, #1958, .T. ) ;
#4584 = VERTEX_POINT ( 'NONE', #4928 ) ;
#4585 = CARTESIAN_POINT ( 'NONE',  ( 6.125000000000000000, 0.000000000000000000, 0.000000000000000000 ) ) ;
#4586 = ORIENTED_EDGE ( 'NONE', *, *, #4041, .F. ) ;
#4587 = CARTESIAN_POINT ( 'NONE',  ( 6.274499999999999744, -4.503937009999998686, 1.219999999999999751 ) ) ;
#4588 = EDGE_LOOP ( 'NONE', ( #460, #1635, #1680, #4292 ) ) ;
#4589 = CARTESIAN_POINT ( 'NONE',  ( 6.624999999999999112, -2.000000000000000444, 1.749999999999999556 ) ) ;
#4590 = ORIENTED_EDGE ( 'NONE', *, *, #1403, .F. ) ;
#4591 = EDGE_CURVE ( 'NONE', #3710, #3194, #769, .T. ) ;
#4592 = CARTESIAN_POINT ( 'NONE',  ( 6.374999999999998224, -0.4999999999999984457, 1.219999999999999751 ) ) ;
#4593 = FACE_OUTER_BOUND ( 'NONE', #1410, .T. ) ;
#4594 = PLANE ( 'NONE',  #5317 ) ;
#4595 = CARTESIAN_POINT ( 'NONE',  ( 6.375000000000000000, -6.799999999999999822, 0.3749999999999988898 ) ) ;
#4596 = ORIENTED_EDGE ( 'NONE', *, *, #1730, .T. ) ;
#4597 = VECTOR ( 'NONE', #5023, 39.37007874015748143 ) ;
#4598 = ORIENTED_EDGE ( 'NONE', *, *, #2185, .T. ) ;
#4599 = DIRECTION ( 'NONE',  ( 0.000000000000000000, 1.000000000000000000, -2.312964634635740689E-15 ) ) ;
#4600 = ADVANCED_FACE ( 'NONE', ( #5371 ), #4132, .F. ) ;
#4601 = CARTESIAN_POINT ( 'NONE',  ( 6.388015161292146082, -0.4001338131290807509, 0.4202446450177900750 ) ) ;
#4602 = CARTESIAN_POINT ( 'NONE',  ( 6.506889763779526881, -3.631889763779527769, 1.874999999999999778 ) ) ;
#4603 = AXIS2_PLACEMENT_3D ( 'NONE', #532, #2, #3836 ) ;
#4604 = VERTEX_POINT ( 'NONE', #1145 ) ;
#4605 = CARTESIAN_POINT ( 'NONE',  ( 6.125000000000000000, -5.955081525351289429, 1.474999999999999867 ) ) ;
#4606 = CONICAL_SURFACE ( 'NONE', #4081, 0.1004999999999996452, 1.029744258676653423 ) ;
#4607 = CIRCLE ( 'NONE', #2759, 0.4249999999999999334 ) ;
#4608 = VECTOR ( 'NONE', #2282, 39.37007874015748143 ) ;
#4609 = LINE ( 'NONE', #3042, #5234 ) ;
#4610 = EDGE_CURVE ( 'NONE', #3038, #3234, #1780, .T. ) ;
#4611 = CARTESIAN_POINT ( 'NONE',  ( 6.125000000000000000, -2.062983729403350175, 1.074144136046395914 ) ) ;
#4612 = CARTESIAN_POINT ( 'NONE',  ( 6.125000000000000000, -4.835468858908924972, 0.7500000000000001110 ) ) ;
#4613 = VECTOR ( 'NONE', #1443, 39.37007874015748143 ) ;
#4614 = AXIS2_PLACEMENT_3D ( 'NONE', #4986, #4076, #381 ) ;
#4615 = ORIENTED_EDGE ( 'NONE', *, *, #2681, .F. ) ;
#4616 = CARTESIAN_POINT ( 'NONE',  ( 6.243110236220472231, -2.000000000000000444, 1.874999999999999556 ) ) ;
#4617 = VECTOR ( 'NONE', #2014, 39.37007874015748143 ) ;
#4618 = VERTEX_POINT ( 'NONE', #3415 ) ;
#4619 = EDGE_CURVE ( 'NONE', #3255, #2019, #4240, .T. ) ;
#4620 = CIRCLE ( 'NONE', #4264, 0.1004999999999996452 ) ;
#4621 = CIRCLE ( 'NONE', #1532, 0.1004999999999996452 ) ;
#4622 = CARTESIAN_POINT ( 'NONE',  ( 4.433018566799289850, -4.116465171358374420, 0.3936180216387696329 ) ) ;
#4623 = VERTEX_POINT ( 'NONE', #3848 ) ;
#4624 = AXIS2_PLACEMENT_3D ( 'NONE', #2045, #4099, #4148 ) ;
#4625 = FACE_OUTER_BOUND ( 'NONE', #1749, .T. ) ;
#4626 = AXIS2_PLACEMENT_3D ( 'NONE', #4913, #1133, #4578 ) ;
#4627 = VERTEX_POINT ( 'NONE', #1312 ) ;
#4628 = AXIS2_PLACEMENT_3D ( 'NONE', #1251, #2942, #93 ) ;
#4629 = VERTEX_POINT ( 'NONE', #1747 ) ;
#4630 = FACE_OUTER_BOUND ( 'NONE', #106, .T. ) ;
#4631 = VECTOR ( 'NONE', #713, 39.37007874015748143 ) ;
#4632 = DIRECTION ( 'NONE',  ( 1.000000000000000000, 0.000000000000000000, 0.000000000000000000 ) ) ;
#4633 = CARTESIAN_POINT ( 'NONE',  ( 6.624999999999999112, 0.000000000000000000, 0.000000000000000000 ) ) ;
#4634 = EDGE_CURVE ( 'NONE', #5147, #4618, #2407, .T. ) ;
#4635 = ORIENTED_EDGE ( 'NONE', *, *, #2015, .T. ) ;
#4636 = CIRCLE ( 'NONE', #493, 0.1004999999999996452 ) ;
#4637 = EDGE_LOOP ( 'NONE', ( #1311, #3778 ) ) ;
#4638 = CARTESIAN_POINT ( 'NONE',  ( 6.470217832147345582, -0.4671894226414044504, 0.3777021999746637548 ) ) ;
#4639 = CARTESIAN_POINT ( 'NONE',  ( -8.514999999999998792, -0.4931102362204725642, 1.022034744542706486 ) ) ;
#4640 = EDGE_CURVE ( 'NONE', #1485, #2992, #3467, .T. ) ;
#4641 = ORIENTED_EDGE ( 'NONE', *, *, #4880, .F. ) ;
#4642 = CARTESIAN_POINT ( 'NONE',  ( 6.125000000000000000, -2.518110236220467701, 2.099999999999993872 ) ) ;
#4643 = EDGE_CURVE ( 'NONE', #3430, #3872, #2088, .T. ) ;
#4644 = AXIS2_PLACEMENT_3D ( 'NONE', #3955, #569, #2715 ) ;
#4645 = CARTESIAN_POINT ( 'NONE',  ( 4.433018566799289850, -4.042613218174444079, 1.085822883268820149 ) ) ;
#4646 = CARTESIAN_POINT ( 'NONE',  ( -8.514999999999998792, -2.062983729403350175, 0.9560338998259235721 ) ) ;
#4647 = CARTESIAN_POINT ( 'NONE',  ( 6.125000000000000000, -5.299999999999999822, 0.3749999999999999445 ) ) ;
#4648 = ORIENTED_EDGE ( 'NONE', *, *, #537, .F. ) ;
#4649 = DIRECTION ( 'NONE',  ( -0.000000000000000000, -0.000000000000000000, 1.000000000000000000 ) ) ;
#4650 = EDGE_CURVE ( 'NONE', #3520, #151, #2944, .T. ) ;
#4651 = ORIENTED_EDGE ( 'NONE', *, *, #5431, .T. ) ;
#4652 = PRESENTATION_STYLE_ASSIGNMENT (( #1283 ) ) ;
#4653 = EDGE_LOOP ( 'NONE', ( #1917, #4651, #2739, #1881 ) ) ;
#4654 = CARTESIAN_POINT ( 'NONE',  ( 6.125000000000000000, -6.200984252499999627, 1.564812010000000475 ) ) ;
#4655 = ORIENTED_EDGE ( 'NONE', *, *, #1110, .F. ) ;
#4656 = DIRECTION ( 'NONE',  ( -1.000000000000000000, 0.000000000000000000, 0.000000000000000000 ) ) ;
#4657 = FACE_OUTER_BOUND ( 'NONE', #745, .T. ) ;
#4658 = EDGE_LOOP ( 'NONE', ( #2121, #1660, #602, #2553 ) ) ;
#4659 = DIRECTION ( 'NONE',  ( -1.000000000000000000, -0.000000000000000000, -0.000000000000000000 ) ) ;
#4660 = CARTESIAN_POINT ( 'NONE',  ( 6.624999999999999112, -6.335826773779526633, 0.6230314949999999907 ) ) ;
#4661 = CARTESIAN_POINT ( 'NONE',  ( 6.624999999999999112, -2.463535137063221914, 1.031590137238388438 ) ) ;
#4662 = ORIENTED_EDGE ( 'NONE', *, *, #1793, .F. ) ;
#4663 = DIRECTION ( 'NONE',  ( -1.000000000000000000, -0.000000000000000000, -0.000000000000000000 ) ) ;
#4664 = CARTESIAN_POINT ( 'NONE',  ( 6.624999999999999112, -5.299999999999999822, 1.750000000000000000 ) ) ;
#4665 = DIRECTION ( 'NONE',  ( 0.000000000000000000, 0.000000000000000000, 1.000000000000000000 ) ) ;
#4666 = FACE_OUTER_BOUND ( 'NONE', #5259, .T. ) ;
#4667 = CARTESIAN_POINT ( 'NONE',  ( 6.375000000000000000, -4.042613218174444079, 1.085822883268820149 ) ) ;
#4668 = FACE_OUTER_BOUND ( 'NONE', #735, .T. ) ;
#4669 = VERTEX_POINT ( 'NONE', #853 ) ;
#4670 = CYLINDRICAL_SURFACE ( 'NONE', #986, 0.1000000000000000194 ) ;
#4671 = ORIENTED_EDGE ( 'NONE', *, *, #3089, .T. ) ;
#4672 = DIRECTION ( 'NONE',  ( 1.000000000000000000, 0.000000000000000000, 0.000000000000000000 ) ) ;
#4673 = VERTEX_POINT ( 'NONE', #458 ) ;
#4674 = ADVANCED_FACE ( 'NONE', ( #4657 ), #3026, .F. ) ;
#4675 = ADVANCED_FACE ( 'NONE', ( #879 ), #1355, .F. ) ;
#4676 = DIRECTION ( 'NONE',  ( 0.000000000000000000, -1.000000000000000000, 0.000000000000000000 ) ) ;
#4677 = ORIENTED_EDGE ( 'NONE', *, *, #1933, .F. ) ;
#4678 = CARTESIAN_POINT ( 'NONE',  ( 6.624999999999999112, -4.835468858908924972, 0.7500000000000001110 ) ) ;
#4679 = VERTEX_POINT ( 'NONE', #4713 ) ;
#4680 = EDGE_CURVE ( 'NONE', #4956, #2329, #3356, .T. ) ;
#4681 = LINE ( 'NONE', #2636, #1442 ) ;
#4682 = DIRECTION ( 'NONE',  ( 0.000000000000000000, -5.463695987328526437E-15, -1.000000000000000000 ) ) ;
#4683 = ORIENTED_EDGE ( 'NONE', *, *, #2314, .T. ) ;
#4684 = EDGE_CURVE ( 'NONE', #937, #773, #2556, .T. ) ;
#4685 = CYLINDRICAL_SURFACE ( 'NONE', #3824, 0.1181102362204725503 ) ;
#4686 = DIRECTION ( 'NONE',  ( 1.000000000000000000, -0.000000000000000000, -0.000000000000000000 ) ) ;
#4687 = VERTEX_POINT ( 'NONE', #2115 ) ;
#4688 = FACE_OUTER_BOUND ( 'NONE', #3984, .T. ) ;
#4689 = AXIS2_PLACEMENT_3D ( 'NONE', #3343, #4095, #5445 ) ;
#4690 = DIRECTION ( 'NONE',  ( 0.000000000000000000, 0.000000000000000000, 1.000000000000000000 ) ) ;
#4691 = EDGE_LOOP ( 'NONE', ( #3882, #3047, #594, #1142 ) ) ;
#4692 = VECTOR ( 'NONE', #2897, 39.37007874015748143 ) ;
#4693 = DIRECTION ( 'NONE',  ( -1.000000000000000000, 0.000000000000000000, 0.000000000000000000 ) ) ;
#4694 = DIRECTION ( 'NONE',  ( 0.000000000000000000, 0.000000000000000000, 1.000000000000000000 ) ) ;
#4695 = DIRECTION ( 'NONE',  ( 0.000000000000000000, 0.000000000000000000, -1.000000000000000000 ) ) ;
#4696 = CARTESIAN_POINT ( 'NONE',  ( 6.125000000000000000, -3.810379740625795542, 0.8648822026927610596 ) ) ;
#4697 = ORIENTED_EDGE ( 'NONE', *, *, #257, .T. ) ;
#4698 = CARTESIAN_POINT ( 'NONE',  ( 6.351185696261212321, -0.4023109854379732786, 0.2020649052921408562 ) ) ;
#4699 = ADVANCED_FACE ( 'NONE', ( #4293 ), #3439, .F. ) ;
#4700 = AXIS2_PLACEMENT_3D ( 'NONE', #5157, #4323, #3396 ) ;
#4701 = VECTOR ( 'NONE', #1484, 39.37007874015748143 ) ;
#4702 = CARTESIAN_POINT ( 'NONE',  ( 6.375000000000000000, 0.000000000000000000, 1.512499999999999734 ) ) ;
#4703 = ORIENTED_EDGE ( 'NONE', *, *, #3322, .T. ) ;
#4704 = AXIS2_PLACEMENT_3D ( 'NONE', #780, #3729, #5022 ) ;
#4705 = AXIS2_PLACEMENT_3D ( 'NONE', #3997, #2342, #222 ) ;
#4706 = AXIS2_PLACEMENT_3D ( 'NONE', #4307, #2243, #2189 ) ;
#4707 = ORIENTED_EDGE ( 'NONE', *, *, #1845, .T. ) ;
#4708 = EDGE_CURVE ( 'NONE', #5434, #5452, #4681, .T. ) ;
#4709 = AXIS2_PLACEMENT_3D ( 'NONE', #1649, #2517, #4939 ) ;
#4710 = ORIENTED_EDGE ( 'NONE', *, *, #4352, .T. ) ;
#4711 = VERTEX_POINT ( 'NONE', #5066 ) ;
#4712 = CIRCLE ( 'NONE', #2334, 0.3749999999999999445 ) ;
#4713 = CARTESIAN_POINT ( 'NONE',  ( 6.375000000000000000, -1.195882546459554163, 0.3749999999999998890 ) ) ;
#4714 = CARTESIAN_POINT ( 'NONE',  ( 6.125000000000000000, -5.418110236220472054, 1.908492892821325837 ) ) ;
#4715 = ORIENTED_EDGE ( 'NONE', *, *, #181, .T. ) ;
#4716 = EDGE_CURVE ( 'NONE', #1788, #3453, #1371, .T. ) ;
#4717 = DIRECTION ( 'NONE',  ( -0.000000000000000000, -0.000000000000000000, -1.000000000000000000 ) ) ;
#4718 = CARTESIAN_POINT ( 'NONE',  ( 6.375000000000000000, -1.499999999999998446, 1.750000000000000000 ) ) ;
#4719 = ORIENTED_EDGE ( 'NONE', *, *, #3141, .T. ) ;
#4720 = DIRECTION ( 'NONE',  ( 0.000000000000000000, 0.000000000000000000, 1.000000000000000000 ) ) ;
#4721 = AXIS2_PLACEMENT_3D ( 'NONE', #2285, #1399, #2725 ) ;
#4722 = CARTESIAN_POINT ( 'NONE',  ( 6.125000000000000000, -7.549999999999999822, 0.8499999999999955369 ) ) ;
#4723 = LINE ( 'NONE', #3483, #1613 ) ;
#4724 = AXIS2_PLACEMENT_3D ( 'NONE', #1685, #2055, #3846 ) ;
#4725 = DIRECTION ( 'NONE',  ( 0.000000000000000000, -1.000000000000000000, -0.000000000000000000 ) ) ;
#4726 = DIRECTION ( 'NONE',  ( 1.000000000000000000, 0.000000000000000000, 0.000000000000000000 ) ) ;
#4727 = DIRECTION ( 'NONE',  ( 1.000000000000000000, 0.000000000000000000, 0.000000000000000000 ) ) ;
#4728 = ORIENTED_EDGE ( 'NONE', *, *, #2369, .T. ) ;
#4729 = CARTESIAN_POINT ( 'NONE',  ( 6.442247441491558035, -4.440113213300342032, 0.5349960158611842820 ) ) ;
#4730 = ORIENTED_EDGE ( 'NONE', *, *, #5238, .F. ) ;
#4731 = AXIS2_PLACEMENT_3D ( 'NONE', #4830, #1049, #639 ) ;
#4732 = VERTEX_POINT ( 'NONE', #929 ) ;
#4733 = PLANE ( 'NONE',  #4869 ) ;
#4734 = VERTEX_POINT ( 'NONE', #2611 ) ;
#4735 = ORIENTED_EDGE ( 'NONE', *, *, #2239, .F. ) ;
#4736 = EDGE_CURVE ( 'NONE', #4316, #2396, #3474, .T. ) ;
#4737 = VERTEX_POINT ( 'NONE', #2198 ) ;
#4738 = CARTESIAN_POINT ( 'NONE',  ( 6.624999999999999112, -6.453937009999998864, 0.6230314949999999907 ) ) ;
#4739 = DIRECTION ( 'NONE',  ( 0.000000000000000000, 0.7913775161201495045, -0.6113277574096422917 ) ) ;
#4740 = EDGE_CURVE ( 'NONE', #3830, #4087, #3875, .T. ) ;
#4741 = ORIENTED_EDGE ( 'NONE', *, *, #1446, .F. ) ;
#4742 = DIRECTION ( 'NONE',  ( 0.000000000000000000, 0.000000000000000000, -1.000000000000000000 ) ) ;
#4743 = LINE ( 'NONE', #5096, #1267 ) ;
#4744 = LINE ( 'NONE', #935, #1170 ) ;
#4745 = CARTESIAN_POINT ( 'NONE',  ( 6.506889763779526881, -2.399999999999999911, -0.1249999999999999861 ) ) ;
#4746 = EDGE_CURVE ( 'NONE', #4215, #443, #98, .T. ) ;
#4747 = EDGE_LOOP ( 'NONE', ( #855, #731, #3166, #5375, #623, #4039, #1777, #653, #4489 ) ) ;
#4748 = FACE_OUTER_BOUND ( 'NONE', #3212, .T. ) ;
#4749 = DIRECTION ( 'NONE',  ( -1.000000000000000000, 0.000000000000000000, 0.000000000000000000 ) ) ;
#4750 = LINE ( 'NONE', #3887, #1169 ) ;
#4751 = DIRECTION ( 'NONE',  ( 0.000000000000000000, 0.000000000000000000, 1.000000000000000000 ) ) ;
#4752 = ORIENTED_EDGE ( 'NONE', *, *, #1493, .F. ) ;
#4753 = LINE ( 'NONE', #2652, #5219 ) ;
#4754 = LINE ( 'NONE', #3516, #3840 ) ;
#4755 = ORIENTED_EDGE ( 'NONE', *, *, #2277, .F. ) ;
#4756 = EDGE_CURVE ( 'NONE', #2166, #5289, #1689, .T. ) ;
#4757 = CARTESIAN_POINT ( 'NONE',  ( 6.274500000000002409, -5.699999999999998401, -4.892463962593665846E-17 ) ) ;
#4758 = ORIENTED_EDGE ( 'NONE', *, *, #3628, .T. ) ;
#4759 = ORIENTED_EDGE ( 'NONE', *, *, #3966, .F. ) ;
#4760 = CARTESIAN_POINT ( 'NONE',  ( 6.125000000000000000, -3.270677038116681423, 0.5461694692302064835 ) ) ;
#4761 = ORIENTED_EDGE ( 'NONE', *, *, #3657, .F. ) ;
#4762 = CARTESIAN_POINT ( 'NONE',  ( 6.125000000000000000, -3.270677038116681423, 0.5461694692302064835 ) ) ;
#4763 = CARTESIAN_POINT ( 'NONE',  ( 6.125000000000000000, -5.299999999999999822, 0.6230314949999999907 ) ) ;
#4764 = EDGE_LOOP ( 'NONE', ( #1771, #540 ) ) ;
#4765 = ADVANCED_FACE ( 'NONE', ( #1915 ), #4866, .T. ) ;
#4766 = ORIENTED_EDGE ( 'NONE', *, *, #217, .F. ) ;
#4767 = CYLINDRICAL_SURFACE ( 'NONE', #1545, 0.05905511811023627516 ) ;
#4768 = CYLINDRICAL_SURFACE ( 'NONE', #3735, 0.1181102362204724116 ) ;
#4769 = CARTESIAN_POINT ( 'NONE',  ( -8.514999999999998792, -1.064533728148285174, 1.029193626778346360 ) ) ;
#4770 = CARTESIAN_POINT ( 'NONE',  ( 6.624999999999999112, -0.7815019475124876935, 0.7194124950219528136 ) ) ;
#4771 = VERTEX_POINT ( 'NONE', #5230 ) ;
#4772 = CYLINDRICAL_SURFACE ( 'NONE', #141, 0.1181102362204725503 ) ;
#4773 = LINE ( 'NONE', #3511, #2940 ) ;
#4774 = DIRECTION ( 'NONE',  ( 0.000000000000000000, -1.170791997284684730E-16, -1.000000000000000000 ) ) ;
#4775 = ORIENTED_EDGE ( 'NONE', *, *, #2303, .T. ) ;
#4776 = CARTESIAN_POINT ( 'NONE',  ( 6.361213680225211498, -4.433599635703396658, 0.5475100831042002403 ) ) ;
#4777 = ADVANCED_FACE ( 'NONE', ( #1062 ), #4021, .F. ) ;
#4778 = CIRCLE ( 'NONE', #2395, 0.1181102362204725503 ) ;
#4779 = DIRECTION ( 'NONE',  ( 1.000000000000000000, -0.000000000000000000, -0.000000000000000000 ) ) ;
#4780 = ORIENTED_EDGE ( 'NONE', *, *, #2052, .T. ) ;
#4781 = DIRECTION ( 'NONE',  ( 0.000000000000000000, 1.561055996379578982E-16, 1.000000000000000000 ) ) ;
#4782 = CIRCLE ( 'NONE', #1248, 0.1329999999999999238 ) ;
#4783 = VECTOR ( 'NONE', #86, 39.37007874015748143 ) ;
#4784 = ORIENTED_EDGE ( 'NONE', *, *, #771, .T. ) ;
#4785 = ADVANCED_FACE ( 'NONE', ( #1501 ), #243, .F. ) ;
#4786 = CIRCLE ( 'NONE', #400, 0.05905511811023627516 ) ;
#4787 = AXIS2_PLACEMENT_3D ( 'NONE', #2366, #4475, #1100 ) ;
#4788 = ORIENTED_EDGE ( 'NONE', *, *, #2147, .T. ) ;
#4789 = DIRECTION ( 'NONE',  ( 0.000000000000000000, 0.000000000000000000, 1.000000000000000000 ) ) ;
#4790 = LINE ( 'NONE', #1063, #999 ) ;
#4791 = VECTOR ( 'NONE', #4384, 39.37007874015748143 ) ;
#4792 = ORIENTED_EDGE ( 'NONE', *, *, #2374, .F. ) ;
#4793 = AXIS2_PLACEMENT_3D ( 'NONE', #1990, #4532, #396 ) ;
#4794 = AXIS2_PLACEMENT_3D ( 'NONE', #2990, #3839, #3808 ) ;
#4795 = DIRECTION ( 'NONE',  ( -0.000000000000000000, -0.000000000000000000, -1.000000000000000000 ) ) ;
#4796 = AXIS2_PLACEMENT_3D ( 'NONE', #2840, #753, #4968 ) ;
#4797 = VECTOR ( 'NONE', #3417, 39.37007874015748143 ) ;
#4798 = CARTESIAN_POINT ( 'NONE',  ( 6.506889763779526881, -4.031889763779526348, -0.1249999999999997918 ) ) ;
#4799 = LINE ( 'NONE', #587, #2326 ) ;
#4800 = CARTESIAN_POINT ( 'NONE',  ( 6.278269002515445507, -1.722735295240119813, 0.3749999999999999445 ) ) ;
#4801 = AXIS2_PLACEMENT_3D ( 'NONE', #1598, #730, #783 ) ;
#4802 = VERTEX_POINT ( 'NONE', #3904 ) ;
#4803 = CARTESIAN_POINT ( 'NONE',  ( 6.125000000000000000, -0.4931102362204727863, 0.3749999999999999445 ) ) ;
#4804 = VECTOR ( 'NONE', #3329, 39.37007874015748143 ) ;
#4805 = DIRECTION ( 'NONE',  ( 0.000000000000000000, 0.000000000000000000, 1.000000000000000000 ) ) ;
#4806 = LINE ( 'NONE', #4329, #3297 ) ;
#4807 = LINE ( 'NONE', #5213, #5322 ) ;
#4808 = DIRECTION ( 'NONE',  ( 1.000000000000000000, 0.000000000000000000, 0.000000000000000000 ) ) ;
#4809 = VERTEX_POINT ( 'NONE', #1011 ) ;
#4810 = CARTESIAN_POINT ( 'NONE',  ( 6.381871615911969720, -4.433363323149814406, 0.5479823321777527179 ) ) ;
#4811 = ADVANCED_FACE ( 'NONE', ( #5256 ), #133, .F. ) ;
#4812 = AXIS2_PLACEMENT_3D ( 'NONE', #4982, #1198, #2880 ) ;
#4813 = VERTEX_POINT ( 'NONE', #5200 ) ;
#4814 = DIRECTION ( 'NONE',  ( 0.000000000000000000, 0.000000000000000000, 1.000000000000000000 ) ) ;
#4815 = EDGE_CURVE ( 'NONE', #4822, #1231, #3193, .T. ) ;
#4816 = AXIS2_PLACEMENT_3D ( 'NONE', #3157, #1541, #4805 ) ;
#4817 = CIRCLE ( 'NONE', #4116, 0.2654999999999999583 ) ;
#4818 = ORIENTED_EDGE ( 'NONE', *, *, #939, .T. ) ;
#4819 = FACE_OUTER_BOUND ( 'NONE', #4892, .T. ) ;
#4820 = DIRECTION ( 'NONE',  ( -0.000000000000000000, -1.170791997284684730E-16, -1.000000000000000000 ) ) ;
#4821 = ORIENTED_EDGE ( 'NONE', *, *, #192, .F. ) ;
#4822 = VERTEX_POINT ( 'NONE', #4317 ) ;
#4823 = DIRECTION ( 'NONE',  ( 0.000000000000000000, -1.000000000000000000, 0.000000000000000000 ) ) ;
#4824 = DIRECTION ( 'NONE',  ( 0.000000000000000000, 2.185478394931410969E-15, 1.000000000000000000 ) ) ;
#4825 = CARTESIAN_POINT ( 'NONE',  ( 6.125000000000000000, -3.810379740625795542, 0.8648822026927610596 ) ) ;
#4826 = PLANE ( 'NONE',  #1601 ) ;
#4827 = AXIS2_PLACEMENT_3D ( 'NONE', #1158, #2018, #4536 ) ;
#4828 = ORIENTED_EDGE ( 'NONE', *, *, #2576, .T. ) ;
#4829 = CARTESIAN_POINT ( 'NONE',  ( 6.125000000000000000, -6.453937009999998864, 0.7411417312204724439 ) ) ;
#4830 = CARTESIAN_POINT ( 'NONE',  ( 6.375000000000000000, -1.749999999999998446, -4.892463962593665846E-17 ) ) ;
#4831 = CARTESIAN_POINT ( 'NONE',  ( 6.375000000000000000, -3.270677038116681423, 0.5461694692302064835 ) ) ;
#4832 = DIRECTION ( 'NONE',  ( 1.000000000000000000, -0.000000000000000000, -0.000000000000000000 ) ) ;
#4833 = EDGE_LOOP ( 'NONE', ( #1862, #3960, #4697, #4562 ) ) ;
#4834 = DIRECTION ( 'NONE',  ( 0.000000000000000000, -1.000000000000000000, -0.000000000000000000 ) ) ;
#4835 = EDGE_CURVE ( 'NONE', #2117, #1184, #1803, .T. ) ;
#4836 = CARTESIAN_POINT ( 'NONE',  ( 6.125000000000000000, -6.200984252499999627, 0.1865157474999995513 ) ) ;
#4837 = VERTEX_POINT ( 'NONE', #1394 ) ;
#4838 = CARTESIAN_POINT ( 'NONE',  ( 6.624999999999999112, -7.263505523289314782E-17, 0.5931102362204720979 ) ) ;
#4839 = DIRECTION ( 'NONE',  ( -1.000000000000000000, 0.000000000000000000, 0.000000000000000000 ) ) ;
#4840 = ADVANCED_FACE ( 'NONE', ( #3146 ), #4434, .F. ) ;
#4841 = ORIENTED_EDGE ( 'NONE', *, *, #2816, .T. ) ;
#4842 = CARTESIAN_POINT ( 'NONE',  ( 6.375000000000000000, 0.5000000000000000000, 0.2374999999999998501 ) ) ;
#4843 = CARTESIAN_POINT ( 'NONE',  ( 6.125000000000000000, -4.835468858908924972, 1.199999999999999956 ) ) ;
#4844 = ORIENTED_EDGE ( 'NONE', *, *, #1174, .F. ) ;
#4845 = ORIENTED_EDGE ( 'NONE', *, *, #1576, .F. ) ;
#4846 = ADVANCED_FACE ( 'NONE', ( #977 ), #3109, .T. ) ;
#4847 = CARTESIAN_POINT ( 'NONE',  ( 6.375000000000000000, -1.499999999999998446, 1.375000000000000000 ) ) ;
#4848 = CARTESIAN_POINT ( 'NONE',  ( 6.125000000000000000, -2.062983729403350175, 0.9560338998259235721 ) ) ;
#4849 = CARTESIAN_POINT ( 'NONE',  ( 6.475499999999999368, -4.503937009999998686, 0.4457194827810547766 ) ) ;
#4850 = FACE_BOUND ( 'NONE', #4553, .T. ) ;
#4851 = ORIENTED_EDGE ( 'NONE', *, *, #1329, .T. ) ;
#4852 = ADVANCED_FACE ( 'NONE', ( #4819 ), #3580, .F. ) ;
#4853 = EDGE_LOOP ( 'NONE', ( #1923, #5260, #4788, #1213 ) ) ;
#4854 = CARTESIAN_POINT ( 'NONE',  ( 6.243110236220472231, -5.418110236220472054, 1.750000000000000000 ) ) ;
#4855 = DIRECTION ( 'NONE',  ( -1.000000000000000000, -0.000000000000000000, -0.000000000000000000 ) ) ;
#4856 = DIRECTION ( 'NONE',  ( -0.000000000000000000, -0.000000000000000000, -1.000000000000000000 ) ) ;
#4857 = ORIENTED_EDGE ( 'NONE', *, *, #139, .F. ) ;
#4858 = CARTESIAN_POINT ( 'NONE',  ( 6.375000000000001776, -5.699999999999998401, 0.000000000000000000 ) ) ;
#4859 = VERTEX_POINT ( 'NONE', #2698 ) ;
#4860 = DIRECTION ( 'NONE',  ( 1.000000000000000000, -0.000000000000000000, -0.000000000000000000 ) ) ;
#4861 = EDGE_CURVE ( 'NONE', #3681, #2011, #4881, .T. ) ;
#4862 = VECTOR ( 'NONE', #3759, 39.37007874015748143 ) ;
#4863 = DIRECTION ( 'NONE',  ( 0.000000000000000000, 0.000000000000000000, 1.000000000000000000 ) ) ;
#4864 = ORIENTED_EDGE ( 'NONE', *, *, #2303, .F. ) ;
#4865 = CIRCLE ( 'NONE', #2487, 0.1181102362204724116 ) ;
#4866 = CYLINDRICAL_SURFACE ( 'NONE', #3033, 0.1000000000000000194 ) ;
#4867 = ORIENTED_EDGE ( 'NONE', *, *, #832, .T. ) ;
#4868 = EDGE_CURVE ( 'NONE', #5186, #5403, #581, .T. ) ;
#4869 = AXIS2_PLACEMENT_3D ( 'NONE', #3869, #3078, #1762 ) ;
#4870 = CIRCLE ( 'NONE', #3280, 0.1181102362204725503 ) ;
#4871 = CONICAL_SURFACE ( 'NONE', #3558, 0.2655000000000002358, 0.7155849933176774424 ) ;
#4872 = CARTESIAN_POINT ( 'NONE',  ( -9.639999999999997016, -6.453937009999998864, 0.6230314949999999907 ) ) ;
#4873 = DIRECTION ( 'NONE',  ( -1.000000000000000000, -0.000000000000000000, -0.000000000000000000 ) ) ;
#4874 = CARTESIAN_POINT ( 'NONE',  ( 6.125000000000000000, -2.118110236220473119, 1.874999999999999556 ) ) ;
#4875 = AXIS2_PLACEMENT_3D ( 'NONE', #3982, #281, #1878 ) ;
#4876 = AXIS2_PLACEMENT_3D ( 'NONE', #353, #2026, #3247 ) ;
#4877 = CYLINDRICAL_SURFACE ( 'NONE', #2405, 0.1181102362204724116 ) ;
#4878 = AXIS2_PLACEMENT_3D ( 'NONE', #2097, #3781, #4914 ) ;
#4879 = ORIENTED_EDGE ( 'NONE', *, *, #3797, .F. ) ;
#4880 = EDGE_CURVE ( 'NONE', #3160, #1670, #5411, .T. ) ;
#4881 = CIRCLE ( 'NONE', #1529, 0.1004999999999996452 ) ;
#4882 = AXIS2_PLACEMENT_3D ( 'NONE', #5241, #1104, #1900 ) ;
#4883 = DIRECTION ( 'NONE',  ( 0.000000000000000000, -0.000000000000000000, 1.000000000000000000 ) ) ;
#4884 = CARTESIAN_POINT ( 'NONE',  ( 6.624999999999999112, 0.5000000000000002220, 1.274999999999999911 ) ) ;
#4885 = CARTESIAN_POINT ( 'NONE',  ( 6.380491735491164107, -1.649497917965774274, 0.4004478680383349309 ) ) ;
#4886 = EDGE_CURVE ( 'NONE', #3255, #3062, #661, .T. ) ;
#4887 = VECTOR ( 'NONE', #2167, 39.37007874015748143 ) ;
#4888 = ORIENTED_EDGE ( 'NONE', *, *, #1623, .T. ) ;
#4889 = LINE ( 'NONE', #1571, #3015 ) ;
#4890 = AXIS2_PLACEMENT_3D ( 'NONE', #600, #4781, #157 ) ;
#4891 = AXIS2_PLACEMENT_3D ( 'NONE', #444, #2591, #1622 ) ;
#4892 = EDGE_LOOP ( 'NONE', ( #5320, #2133, #4528, #2854, #4211 ) ) ;
#4893 = CYLINDRICAL_SURFACE ( 'NONE', #5402, 0.07950000000000007061 ) ;
#4894 = ORIENTED_EDGE ( 'NONE', *, *, #4074, .F. ) ;
#4895 = CARTESIAN_POINT ( 'NONE',  ( 6.475499999999998479, -0.4999999999999984457, 1.219999999999999751 ) ) ;
#4896 = ORIENTED_EDGE ( 'NONE', *, *, #5043, .T. ) ;
#4897 = AXIS2_PLACEMENT_3D ( 'NONE', #1940, #689, #2363 ) ;
#4898 = DIRECTION ( 'NONE',  ( 1.000000000000000000, -0.000000000000000000, -0.000000000000000000 ) ) ;
#4899 = ORIENTED_EDGE ( 'NONE', *, *, #3857, .F. ) ;
#4900 = EDGE_CURVE ( 'NONE', #2289, #1472, #3986, .T. ) ;
#4901 = DIRECTION ( 'NONE',  ( 1.000000000000000000, -0.000000000000000000, -0.000000000000000000 ) ) ;
#4902 = LINE ( 'NONE', #5314, #4631 ) ;
#4903 = ADVANCED_FACE ( 'NONE', ( #2876, #374 ), #3221, .F. ) ;
#4904 = CARTESIAN_POINT ( 'NONE',  ( 6.125000000000000000, -7.299999999999999822, 0.7407709353152899245 ) ) ;
#4905 = DIRECTION ( 'NONE',  ( 0.000000000000000000, 0.7382621944509717427, 0.6745138488158977097 ) ) ;
#4906 = ORIENTED_EDGE ( 'NONE', *, *, #3892, .T. ) ;
#4907 = EDGE_LOOP ( 'NONE', ( #827, #2994, #1743, #761 ) ) ;
#4908 = CARTESIAN_POINT ( 'NONE',  ( 6.125000000000000000, -3.631889763779527769, 1.874999999999999778 ) ) ;
#4909 = ADVANCED_FACE ( 'NONE', ( #3739 ), #4564, .F. ) ;
#4910 = CYLINDRICAL_SURFACE ( 'NONE', #2047, 0.1181102362204724116 ) ;
#4911 = ORIENTED_EDGE ( 'NONE', *, *, #3195, .T. ) ;
#4912 = CARTESIAN_POINT ( 'NONE',  ( 6.243110236220472231, -5.418110236220472054, 1.750000000000000000 ) ) ;
#4913 = CARTESIAN_POINT ( 'NONE',  ( 6.375000000000000000, -1.749999999999998446, 0.3749999999999999445 ) ) ;
#4914 = DIRECTION ( 'NONE',  ( -1.000000000000000000, 0.000000000000000000, 0.000000000000000000 ) ) ;
#4915 = VERTEX_POINT ( 'NONE', #3625 ) ;
#4916 = PLANE ( 'NONE',  #4875 ) ;
#4917 = CARTESIAN_POINT ( 'NONE',  ( 6.125000000000000000, -3.270677038116681423, 0.5461694692302064835 ) ) ;
#4918 = VERTEX_POINT ( 'NONE', #3658 ) ;
#4919 = ORIENTED_EDGE ( 'NONE', *, *, #295, .F. ) ;
#4920 = EDGE_CURVE ( 'NONE', #3796, #4233, #5367, .T. ) ;
#4921 = CARTESIAN_POINT ( 'NONE',  ( 6.624999999999999112, -6.799999999999999822, 0.6249999999999992228 ) ) ;
#4922 = ORIENTED_EDGE ( 'NONE', *, *, #1730, .F. ) ;
#4923 = DIRECTION ( 'NONE',  ( 1.000000000000000000, 0.000000000000000000, 0.000000000000000000 ) ) ;
#4924 = ORIENTED_EDGE ( 'NONE', *, *, #1970, .T. ) ;
#4925 = DIRECTION ( 'NONE',  ( 0.000000000000000000, 0.03432432496962176116, 0.9994107467479924622 ) ) ;
#4926 = ORIENTED_EDGE ( 'NONE', *, *, #3087, .T. ) ;
#4927 = CARTESIAN_POINT ( 'NONE',  ( 6.624999999999999112, -7.549999999999999822, 2.099999999999999645 ) ) ;
#4928 = CARTESIAN_POINT ( 'NONE',  ( 6.125000000000000000, -5.418110236220472054, 1.750000000000000000 ) ) ;
#4929 = EDGE_CURVE ( 'NONE', #4082, #3456, #2464, .T. ) ;
#4930 = VERTEX_POINT ( 'NONE', #3709 ) ;
#4931 = DIRECTION ( 'NONE',  ( 1.000000000000000000, -0.000000000000000000, -0.000000000000000000 ) ) ;
#4932 = VERTEX_POINT ( 'NONE', #1998 ) ;
#4933 = DIRECTION ( 'NONE',  ( 0.000000000000000000, 0.000000000000000000, -1.000000000000000000 ) ) ;
#4934 = CARTESIAN_POINT ( 'NONE',  ( 6.375000000000000000, -0.3994999999999992446, 1.465453449905833816 ) ) ;
#4935 = VERTEX_POINT ( 'NONE', #1938 ) ;
#4936 = DIRECTION ( 'NONE',  ( -0.000000000000000000, -1.000000000000000000, -1.349060737611981508E-16 ) ) ;
#4937 = EDGE_CURVE ( 'NONE', #773, #425, #919, .T. ) ;
#4938 = DIRECTION ( 'NONE',  ( 0.000000000000000000, 0.000000000000000000, 1.000000000000000000 ) ) ;
#4939 = DIRECTION ( 'NONE',  ( -1.000000000000000000, 0.000000000000000000, 0.000000000000000000 ) ) ;
#4940 = CARTESIAN_POINT ( 'NONE',  ( 6.125000000000000000, -0.9017594713191711131, 1.375000000000000000 ) ) ;
#4941 = DIRECTION ( 'NONE',  ( 1.000000000000000000, 0.000000000000000000, 0.000000000000000000 ) ) ;
#4942 = DIRECTION ( 'NONE',  ( -1.000000000000000000, 0.000000000000000000, 0.000000000000000000 ) ) ;
#4943 = ADVANCED_FACE ( 'NONE', ( #263 ), #3325, .F. ) ;
#4944 = LINE ( 'NONE', #3655, #2508 ) ;
#4945 = VERTEX_POINT ( 'NONE', #3266 ) ;
#4946 = DIRECTION ( 'NONE',  ( 1.000000000000000000, -0.000000000000000000, -0.000000000000000000 ) ) ;
#4947 = EDGE_CURVE ( 'NONE', #3542, #3304, #5422, .T. ) ;
#4948 = VERTEX_POINT ( 'NONE', #687 ) ;
#4949 = DIRECTION ( 'NONE',  ( -1.000000000000000000, 0.000000000000000000, 0.000000000000000000 ) ) ;
#4950 = CIRCLE ( 'NONE', #5038, 0.1329999999999999238 ) ;
#4951 = CARTESIAN_POINT ( 'NONE',  ( -8.514999999999998792, -0.9483640558764855344, 1.054325315746391656 ) ) ;
#4952 = CARTESIAN_POINT ( 'NONE',  ( 6.624999999999999112, -2.350826537353388979, 0.3860894235331113200 ) ) ;
#4953 = VECTOR ( 'NONE', #593, 39.37007874015748143 ) ;
#4954 = EDGE_LOOP ( 'NONE', ( #5087, #746, #521, #487 ) ) ;
#4955 = AXIS2_PLACEMENT_3D ( 'NONE', #2042, #4146, #369 ) ;
#4956 = VERTEX_POINT ( 'NONE', #1602 ) ;
#4957 = CARTESIAN_POINT ( 'NONE',  ( 6.387059100873420547, -1.599956665833353497, 1.372404591699051268 ) ) ;
#4958 = CIRCLE ( 'NONE', #2581, 0.4249999999999999889 ) ;
#4959 = AXIS2_PLACEMENT_3D ( 'NONE', #142, #1263, #1776 ) ;
#4960 = VECTOR ( 'NONE', #2545, 39.37007874015748143 ) ;
#4961 = DIRECTION ( 'NONE',  ( 1.000000000000000000, 0.000000000000000000, 0.000000000000000000 ) ) ;
#4962 = DIRECTION ( 'NONE',  ( 0.000000000000000000, 1.561055996379578982E-16, 1.000000000000000000 ) ) ;
#4963 = VERTEX_POINT ( 'NONE', #1579 ) ;
#4964 = DIRECTION ( 'NONE',  ( 1.000000000000000000, -0.000000000000000000, -0.000000000000000000 ) ) ;
#4965 = AXIS2_PLACEMENT_3D ( 'NONE', #4762, #607, #2281 ) ;
#4966 = VECTOR ( 'NONE', #3316, 39.37007874015748143 ) ;
#4967 = EDGE_CURVE ( 'NONE', #3769, #4623, #2770, .T. ) ;
#4968 = DIRECTION ( 'NONE',  ( 0.000000000000000000, 0.000000000000000000, 1.000000000000000000 ) ) ;
#4969 = PLANE ( 'NONE',  #300 ) ;
#4970 = AXIS2_PLACEMENT_3D ( 'NONE', #328, #3688, #3068 ) ;
#4971 = CARTESIAN_POINT ( 'NONE',  ( -8.514999999999998792, -1.028031045894111317, 1.141521637925640542 ) ) ;
#4972 = LINE ( 'NONE', #4558, #4597 ) ;
#4973 = EDGE_CURVE ( 'NONE', #4935, #4310, #4620, .T. ) ;
#4974 = CIRCLE ( 'NONE', #1361, 0.1181102362204724116 ) ;
#4975 = VERTEX_POINT ( 'NONE', #2360 ) ;
#4976 = CARTESIAN_POINT ( 'NONE',  ( 6.135555237243668358, -5.368725804594800977, 1.885622611983472918 ) ) ;
#4977 = ORIENTED_EDGE ( 'NONE', *, *, #365, .F. ) ;
#4978 = EDGE_CURVE ( 'NONE', #1125, #5098, #4490, .T. ) ;
#4979 = DIRECTION ( 'NONE',  ( -0.000000000000000000, -0.000000000000000000, -1.000000000000000000 ) ) ;
#4980 = ORIENTED_EDGE ( 'NONE', *, *, #2559, .F. ) ;
#4981 = ORIENTED_EDGE ( 'NONE', *, *, #496, .T. ) ;
#4982 = CARTESIAN_POINT ( 'NONE',  ( 6.125000000000000000, -3.270677038116681423, 0.5461694692302064835 ) ) ;
#4983 = AXIS2_PLACEMENT_3D ( 'NONE', #2856, #4901, #3268 ) ;
#4984 = EDGE_CURVE ( 'NONE', #3471, #3104, #3241, .T. ) ;
#4985 = CYLINDRICAL_SURFACE ( 'NONE', #2231, 0.1250000000000004441 ) ;
#4986 = CARTESIAN_POINT ( 'NONE',  ( 6.125000000000000000, -3.270677038116681423, 0.5461694692302064835 ) ) ;
#4987 = ORIENTED_EDGE ( 'NONE', *, *, #5238, .T. ) ;
#4988 = CIRCLE ( 'NONE', #3755, 0.3749999999999999445 ) ;
#4989 = DIRECTION ( 'NONE',  ( 0.000000000000000000, 0.000000000000000000, -1.000000000000000000 ) ) ;
#4990 = EDGE_CURVE ( 'NONE', #2801, #2083, #3383, .T. ) ;
#4991 = ORIENTED_EDGE ( 'NONE', *, *, #4815, .T. ) ;
#4992 = FACE_OUTER_BOUND ( 'NONE', #2130, .T. ) ;
#4993 = DIRECTION ( 'NONE',  ( -1.000000000000000000, 0.000000000000000000, 0.000000000000000000 ) ) ;
#4994 = EDGE_LOOP ( 'NONE', ( #4275, #3509, #3847, #3438, #3947, #4134, #2764, #4567, #245, #534, #346, #3461, #38, #2814, #1773, #373, #2686, #4047, #4911 ) ) ;
#4995 = CYLINDRICAL_SURFACE ( 'NONE', #5153, 0.1000000000000000194 ) ;
#4996 = PLANE ( 'NONE',  #4007 ) ;
#4997 = CARTESIAN_POINT ( 'NONE',  ( 6.277423813956783505, -3.810379740625795542, 0.8648822026927610596 ) ) ;
#4998 = CARTESIAN_POINT ( 'NONE',  ( 6.276054197316079275, -4.525085738909077726, 0.4238356856343333257 ) ) ;
#4999 = DIRECTION ( 'NONE',  ( 0.000000000000000000, 0.000000000000000000, -1.000000000000000000 ) ) ;
#5000 = CARTESIAN_POINT ( 'NONE',  ( 6.441550758477955441, -1.575307679196802813, 1.375000000000000000 ) ) ;
#5001 = VERTEX_POINT ( 'NONE', #1634 ) ;
#5002 = PLANE ( 'NONE',  #4801 ) ;
#5003 = ORIENTED_EDGE ( 'NONE', *, *, #520, .F. ) ;
#5004 = DIRECTION ( 'NONE',  ( -1.000000000000000000, 0.000000000000000000, 0.000000000000000000 ) ) ;
#5005 = ORIENTED_EDGE ( 'NONE', *, *, #2551, .T. ) ;
#5006 = ORIENTED_EDGE ( 'NONE', *, *, #3494, .T. ) ;
#5007 = EDGE_CURVE ( 'NONE', #425, #773, #3817, .T. ) ;
#5008 = DIRECTION ( 'NONE',  ( 0.000000000000000000, 0.000000000000000000, -1.000000000000000000 ) ) ;
#5009 = LINE ( 'NONE', #2086, #4522 ) ;
#5010 = LINE ( 'NONE', #4516, #1348 ) ;
#5011 = ORIENTED_EDGE ( 'NONE', *, *, #2076, .F. ) ;
#5012 = ADVANCED_FACE ( 'NONE', ( #1528 ), #2509, .F. ) ;
#5013 = CARTESIAN_POINT ( 'NONE',  ( 6.375000000000000000, -1.195882546459554163, 0.6250000000000000000 ) ) ;
#5014 = ORIENTED_EDGE ( 'NONE', *, *, #440, .F. ) ;
#5015 = CARTESIAN_POINT ( 'NONE',  ( 6.277423813956783505, -2.710379740625795009, 0.8271031838164467631 ) ) ;
#5016 = CARTESIAN_POINT ( 'NONE',  ( -8.514999999999998792, -1.360119715829633646, 1.016983612154008121 ) ) ;
#5017 = VERTEX_POINT ( 'NONE', #4542 ) ;
#5018 = DIRECTION ( 'NONE',  ( 0.000000000000000000, 0.000000000000000000, 1.000000000000000000 ) ) ;
#5019 = EDGE_CURVE ( 'NONE', #5145, #2808, #2853, .T. ) ;
#5020 = PLANE ( 'NONE',  #5058 ) ;
#5021 = FACE_OUTER_BOUND ( 'NONE', #4214, .T. ) ;
#5022 = DIRECTION ( 'NONE',  ( -1.000000000000000000, 0.000000000000000000, 0.000000000000000000 ) ) ;
#5023 = DIRECTION ( 'NONE',  ( -0.000000000000000000, -0.000000000000000000, 1.000000000000000000 ) ) ;
#5024 = ORIENTED_EDGE ( 'NONE', *, *, #1661, .T. ) ;
#5025 = CARTESIAN_POINT ( 'NONE',  ( 6.125000000000000000, -2.118110236220473119, 1.750000000000000000 ) ) ;
#5026 = ORIENTED_EDGE ( 'NONE', *, *, #701, .T. ) ;
#5027 = LINE ( 'NONE', #3811, #4466 ) ;
#5028 = EDGE_CURVE ( 'NONE', #5138, #2477, #4712, .T. ) ;
#5029 = ORIENTED_EDGE ( 'NONE', *, *, #984, .T. ) ;
#5030 = CARTESIAN_POINT ( 'NONE',  ( -8.514999999999998792, -0.9564965289588419628, 1.046895075161945465 ) ) ;
#5031 = ORIENTED_EDGE ( 'NONE', *, *, #2118, .F. ) ;
#5032 = ORIENTED_EDGE ( 'NONE', *, *, #1800, .F. ) ;
#5033 = LINE ( 'NONE', #1247, #1985 ) ;
#5034 = DIRECTION ( 'NONE',  ( 0.000000000000000000, -6.829619984160658046E-17, 1.000000000000000000 ) ) ;
#5035 = DIRECTION ( 'NONE',  ( 1.000000000000000000, -0.000000000000000000, -0.000000000000000000 ) ) ;
#5036 = EDGE_CURVE ( 'NONE', #3332, #1184, #1715, .T. ) ;
#5037 = EDGE_LOOP ( 'NONE', ( #1500, #4193, #1911, #4319 ) ) ;
#5038 = AXIS2_PLACEMENT_3D ( 'NONE', #1385, #2215, #647 ) ;
#5039 = CYLINDRICAL_SURFACE ( 'NONE', #4200, 0.1181102362204725503 ) ;
#5040 = CARTESIAN_POINT ( 'NONE',  ( 6.125000000000000000, -3.810379740625795542, 0.5993822026927608793 ) ) ;
#5041 = VECTOR ( 'NONE', #3512, 39.37007874015748143 ) ;
#5042 = DIRECTION ( 'NONE',  ( 0.000000000000000000, 0.7913775161201497266, -0.6113277574096418476 ) ) ;
#5043 = EDGE_CURVE ( 'NONE', #2658, #4711, #3380, .T. ) ;
#5044 = AXIS2_PLACEMENT_3D ( 'NONE', #4917, #726, #4999 ) ;
#5045 = DIRECTION ( 'NONE',  ( 1.000000000000000000, -0.000000000000000000, -0.000000000000000000 ) ) ;
#5046 = AXIS2_PLACEMENT_3D ( 'NONE', #1456, #3556, #4389 ) ;
#5047 = AXIS2_PLACEMENT_3D ( 'NONE', #4229, #1736, #5105 ) ;
#5048 = CARTESIAN_POINT ( 'NONE',  ( 6.125000000000000000, -7.469852007874576039, 0.9242111038198322914 ) ) ;
#5049 = DIRECTION ( 'NONE',  ( 0.000000000000000000, 0.000000000000000000, -1.000000000000000000 ) ) ;
#5050 = LINE ( 'NONE', #1210, #4441 ) ;
#5051 = CYLINDRICAL_SURFACE ( 'NONE', #1165, 0.1181102362204724116 ) ;
#5052 = VECTOR ( 'NONE', #2896, 39.37007874015748143 ) ;
#5053 = VECTOR ( 'NONE', #4150, 39.37007874015748143 ) ;
#5054 = ORIENTED_EDGE ( 'NONE', *, *, #1763, .F. ) ;
#5055 = CARTESIAN_POINT ( 'NONE',  ( 4.433018566799289850, -2.331713897127457802, 0.9425862536216667031 ) ) ;
#5056 = VECTOR ( 'NONE', #341, 39.37007874015748854 ) ;
#5057 = EDGE_LOOP ( 'NONE', ( #5409, #4406 ) ) ;
#5058 = AXIS2_PLACEMENT_3D ( 'NONE', #1624, #2479, #2919 ) ;
#5059 = AXIS2_PLACEMENT_3D ( 'NONE', #640, #2761, #3180 ) ;
#5060 = SURFACE_SIDE_STYLE ('',( #3376 ) ) ;
#5061 = ORIENTED_EDGE ( 'NONE', *, *, #4868, .T. ) ;
#5062 = CARTESIAN_POINT ( 'NONE',  ( 6.125000000000000000, -5.475640568704954525, 1.959374999999999867 ) ) ;
#5063 = AXIS2_PLACEMENT_3D ( 'NONE', #3631, #2805, #714 ) ;
#5064 = ORIENTED_EDGE ( 'NONE', *, *, #4815, .F. ) ;
#5065 = DIRECTION ( 'NONE',  ( 0.000000000000000000, 0.000000000000000000, -1.000000000000000000 ) ) ;
#5066 = CARTESIAN_POINT ( 'NONE',  ( 6.243110236220472231, -3.750000000000000000, 1.750000000000000000 ) ) ;
#5067 = CARTESIAN_POINT ( 'NONE',  ( 6.243110236220472231, 0.5000000000000006661, 0.5931102362204722089 ) ) ;
#5068 = EDGE_LOOP ( 'NONE', ( #1393, #2575, #4596, #1764, #1713, #931, #3111, #4354, #3265, #60, #327, #1711, #900, #1434, #2107, #2194, #3810, #1889, #2390 ) ) ;
#5069 = EDGE_CURVE ( 'NONE', #2960, #3520, #488, .T. ) ;
#5070 = CIRCLE ( 'NONE', #148, 0.4499999999999999556 ) ;
#5071 = EDGE_CURVE ( 'NONE', #2809, #5383, #1330, .T. ) ;
#5072 = FACE_OUTER_BOUND ( 'NONE', #3694, .T. ) ;
#5073 = CARTESIAN_POINT ( 'NONE',  ( 6.125000000000000000, -6.455905511811023345, -3.414809992080329023E-17 ) ) ;
#5074 = AXIS2_PLACEMENT_3D ( 'NONE', #2292, #1865, #3564 ) ;
#5075 = ORIENTED_EDGE ( 'NONE', *, *, #2631, .T. ) ;
#5076 = CARTESIAN_POINT ( 'NONE',  ( 6.624999999999999112, -2.211389727133741712, 0.07594921294933874856 ) ) ;
#5077 = ADVANCED_FACE ( 'NONE', ( #4625 ), #1658, .F. ) ;
#5078 = EDGE_CURVE ( 'NONE', #2019, #3503, #4212, .T. ) ;
#5079 = CIRCLE ( 'NONE', #2706, 0.07950000000000007061 ) ;
#5080 = CYLINDRICAL_SURFACE ( 'NONE', #2156, 0.1004999999999996452 ) ;
#5081 = DIRECTION ( 'NONE',  ( 1.000000000000000000, 0.000000000000000000, 0.000000000000000000 ) ) ;
#5082 = FACE_OUTER_BOUND ( 'NONE', #516, .T. ) ;
#5083 = LINE ( 'NONE', #64, #468 ) ;
#5084 = CARTESIAN_POINT ( 'NONE',  ( 6.278269002515445507, -1.722735295240119813, 0.3749999999999999445 ) ) ;
#5085 = ORIENTED_EDGE ( 'NONE', *, *, #2082, .T. ) ;
#5086 = CARTESIAN_POINT ( 'NONE',  ( 6.125000000000000000, -3.810379740625795542, 0.8648822026927610596 ) ) ;
#5087 = ORIENTED_EDGE ( 'NONE', *, *, #1461, .T. ) ;
#5088 = EDGE_CURVE ( 'NONE', #4082, #2675, #4237, .T. ) ;
#5089 = ORIENTED_EDGE ( 'NONE', *, *, #3823, .T. ) ;
#5090 = LINE ( 'NONE', #2527, #4184 ) ;
#5091 = ORIENTED_EDGE ( 'NONE', *, *, #4502, .T. ) ;
#5092 = CARTESIAN_POINT ( 'NONE',  ( 6.395092888591735303, -0.4014198255315502561, 0.2768385286089031783 ) ) ;
#5093 = DIRECTION ( 'NONE',  ( 0.000000000000000000, 0.000000000000000000, 1.000000000000000000 ) ) ;
#5094 = EDGE_LOOP ( 'NONE', ( #1398, #956, #1280, #2989 ) ) ;
#5095 = ORIENTED_EDGE ( 'NONE', *, *, #358, .T. ) ;
#5096 = CARTESIAN_POINT ( 'NONE',  ( 6.624999999999999112, -5.524999999999999467, 2.100000000000000089 ) ) ;
#5097 = DIRECTION ( 'NONE',  ( -0.000000000000000000, -0.000000000000000000, 1.000000000000000000 ) ) ;
#5098 = VERTEX_POINT ( 'NONE', #873 ) ;
#5099 = FACE_OUTER_BOUND ( 'NONE', #4658, .T. ) ;
#5100 = PLANE ( 'NONE',  #3568 ) ;
#5101 = B_SPLINE_CURVE_WITH_KNOTS ( 'NONE', 3,
 ( #685, #285, #4067, #5302, #2800, #345, #3218, #3293, #4488, #4509, #2020, #707, #4976, #2381, #1194, #1577, #1964, #2409 ),
 .UNSPECIFIED., .F., .F.,
 ( 4, 2, 2, 2, 2, 2, 2, 2, 4 ),
 ( 0.000000000000000000, 0.0006047495358092546238, 0.001209499071618509248, 0.001814248607427763980, 0.002418998143237018495, 0.003023747679046273010, 0.003628497214855527959, 0.004233246750664782475, 0.004837996286474036990 ),
 .UNSPECIFIED. ) ;
#5102 = DIRECTION ( 'NONE',  ( 0.000000000000000000, 1.349060737611981508E-16, -1.000000000000000000 ) ) ;
#5103 = CARTESIAN_POINT ( 'NONE',  ( 6.375000000000000000, -2.577447444184754133, 0.1745180392802265223 ) ) ;
#5104 = DIRECTION ( 'NONE',  ( 1.000000000000000000, 0.000000000000000000, 0.000000000000000000 ) ) ;
#5105 = DIRECTION ( 'NONE',  ( -1.000000000000000000, 0.000000000000000000, 0.000000000000000000 ) ) ;
#5106 = ORIENTED_EDGE ( 'NONE', *, *, #706, .T. ) ;
#5107 = CARTESIAN_POINT ( 'NONE',  ( 6.369539515912639338, -0.3994999999999986895, 0.2845465500941666281 ) ) ;
#5108 = EDGE_CURVE ( 'NONE', #3653, #2917, #896, .T. ) ;
#5109 = ORIENTED_EDGE ( 'NONE', *, *, #667, .T. ) ;
#5110 = DIRECTION ( 'NONE',  ( 1.000000000000000000, 0.000000000000000000, 0.000000000000000000 ) ) ;
#5111 = ORIENTED_EDGE ( 'NONE', *, *, #2996, .T. ) ;
#5112 = DIRECTION ( 'NONE',  ( -1.000000000000000000, 0.000000000000000000, 0.000000000000000000 ) ) ;
#5113 = EDGE_CURVE ( 'NONE', #225, #2904, #1742, .T. ) ;
#5114 = VERTEX_POINT ( 'NONE', #2495 ) ;
#5115 = ORIENTED_EDGE ( 'NONE', *, *, #82, .T. ) ;
#5116 = CIRCLE ( 'NONE', #2906, 0.1000000000000000194 ) ;
#5117 = VERTEX_POINT ( 'NONE', #4183 ) ;
#5118 = EDGE_CURVE ( 'NONE', #2558, #1363, #5090, .T. ) ;
#5119 = DIRECTION ( 'NONE',  ( -1.000000000000000000, 0.000000000000000000, 0.000000000000000000 ) ) ;
#5120 = DIRECTION ( 'NONE',  ( 0.000000000000000000, 0.000000000000000000, -1.000000000000000000 ) ) ;
#5121 = VERTEX_POINT ( 'NONE', #3767 ) ;
#5122 = CARTESIAN_POINT ( 'NONE',  ( 6.624999999999999112, -5.948031494999999502, 0.7411417312204724439 ) ) ;
#5123 = DIRECTION ( 'NONE',  ( -0.000000000000000000, 9.313118160219072879E-17, -1.000000000000000000 ) ) ;
#5124 = VERTEX_POINT ( 'NONE', #431 ) ;
#5125 = DIRECTION ( 'NONE',  ( -1.000000000000000000, 0.000000000000000000, 0.000000000000000000 ) ) ;
#5126 = CARTESIAN_POINT ( 'NONE',  ( 6.375000000000000000, -4.080289166714287319, 1.002640306454737118 ) ) ;
#5127 = AXIS2_PLACEMENT_3D ( 'NONE', #5270, #3182, #467 ) ;
#5128 = CARTESIAN_POINT ( 'NONE',  ( 6.125000000000000000, -1.360119715829633646, 1.016983612154008121 ) ) ;
#5129 = PLANE ( 'NONE',  #3382 ) ;
#5130 = CARTESIAN_POINT ( 'NONE',  ( 6.277423813956783505, -3.270677038116681423, 0.4131694692302065874 ) ) ;
#5131 = CARTESIAN_POINT ( 'NONE',  ( 6.624999999999999112, 0.5000000000000002220, 1.274999999999999911 ) ) ;
#5132 = ORIENTED_EDGE ( 'NONE', *, *, #2380, .F. ) ;
#5133 = DIRECTION ( 'NONE',  ( -1.000000000000000000, 0.000000000000000000, 0.000000000000000000 ) ) ;
#5134 = ORIENTED_EDGE ( 'NONE', *, *, #1057, .T. ) ;
#5135 = CIRCLE ( 'NONE', #3726, 0.1000000000000000056 ) ;
#5136 = ADVANCED_FACE ( 'NONE', ( #3350 ), #44, .F. ) ;
#5137 = DIRECTION ( 'NONE',  ( 0.000000000000000000, 0.000000000000000000, 1.000000000000000000 ) ) ;
#5138 = VERTEX_POINT ( 'NONE', #5062 ) ;
#5139 = CIRCLE ( 'NONE', #3469, 0.1000000000000000194 ) ;
#5140 = CIRCLE ( 'NONE', #3470, 0.1181102362204724116 ) ;
#5141 = DIRECTION ( 'NONE',  ( 0.000000000000000000, 1.000000000000000000, 0.000000000000000000 ) ) ;
#5142 = VERTEX_POINT ( 'NONE', #3789 ) ;
#5143 = AXIS2_PLACEMENT_3D ( 'NONE', #2336, #3963, #161 ) ;
#5144 = AXIS2_PLACEMENT_3D ( 'NONE', #675, #4452, #2348 ) ;
#5145 = VERTEX_POINT ( 'NONE', #1285 ) ;
#5146 = EDGE_CURVE ( 'NONE', #2899, #3854, #2413, .T. ) ;
#5147 = VERTEX_POINT ( 'NONE', #4654 ) ;
#5148 = CIRCLE ( 'NONE', #1447, 0.2500000000000003331 ) ;
#5149 = DIRECTION ( 'NONE',  ( -0.000000000000000000, 1.000000000000000000, -0.000000000000000000 ) ) ;
#5150 = DIRECTION ( 'NONE',  ( 0.000000000000000000, 0.000000000000000000, -1.000000000000000000 ) ) ;
#5151 = VECTOR ( 'NONE', #2632, 39.37007874015748854 ) ;
#5152 = ORIENTED_EDGE ( 'NONE', *, *, #350, .T. ) ;
#5153 = AXIS2_PLACEMENT_3D ( 'NONE', #3779, #5440, #1647 ) ;
#5154 = EDGE_LOOP ( 'NONE', ( #1295, #4187 ) ) ;
#5155 = CARTESIAN_POINT ( 'NONE',  ( 6.243110236220472231, -2.000000000000000444, 1.749999999999999556 ) ) ;
#5156 = AXIS2_PLACEMENT_3D ( 'NONE', #2645, #4416, #4327 ) ;
#5157 = CARTESIAN_POINT ( 'NONE',  ( 6.375000000000000000, -2.463535137063221914, 1.031590137238388438 ) ) ;
#5158 = ORIENTED_EDGE ( 'NONE', *, *, #597, .F. ) ;
#5159 = CARTESIAN_POINT ( 'NONE',  ( -8.514999999999998792, -1.195882546459554163, 0.6250000000000000000 ) ) ;
#5160 = VECTOR ( 'NONE', #4405, 39.37007874015748143 ) ;
#5161 = EDGE_CURVE ( 'NONE', #5114, #3274, #454, .T. ) ;
#5162 = DIRECTION ( 'NONE',  ( -1.000000000000000000, 0.000000000000000000, 0.000000000000000000 ) ) ;
#5163 = CARTESIAN_POINT ( 'NONE',  ( 6.125000000000000000, -0.3750000000000001665, 0.9039245083222339217 ) ) ;
#5164 = CARTESIAN_POINT ( 'NONE',  ( 6.431508780751434173, -4.587345288155315615, 0.3745502850486339130 ) ) ;
#5165 = CARTESIAN_POINT ( 'NONE',  ( 6.506889763779526881, -2.399999999999999911, -0.1249999999999999861 ) ) ;
#5166 = CYLINDRICAL_SURFACE ( 'NONE', #5228, 0.1181102362204725503 ) ;
#5167 = ORIENTED_EDGE ( 'NONE', *, *, #2550, .T. ) ;
#5168 = LINE ( 'NONE', #5244, #2574 ) ;
#5169 = AXIS2_PLACEMENT_3D ( 'NONE', #1002, #3894, #5248 ) ;
#5170 = DIRECTION ( 'NONE',  ( 0.000000000000000000, 0.000000000000000000, 1.000000000000000000 ) ) ;
#5171 = VERTEX_POINT ( 'NONE', #4142 ) ;
#5172 = CARTESIAN_POINT ( 'NONE',  ( 6.375000000000000000, -1.499999999999998446, 1.750000000000000000 ) ) ;
#5173 = ADVANCED_FACE ( 'NONE', ( #4555 ), #4996, .T. ) ;
#5174 = ORIENTED_EDGE ( 'NONE', *, *, #131, .T. ) ;
#5175 = EDGE_LOOP ( 'NONE', ( #2267, #2424, #4380, #3910 ) ) ;
#5176 = ORIENTED_EDGE ( 'NONE', *, *, #2872, .F. ) ;
#5177 = DIRECTION ( 'NONE',  ( 0.000000000000000000, 0.000000000000000000, 1.000000000000000000 ) ) ;
#5178 = LINE ( 'NONE', #3522, #4084 ) ;
#5179 = ORIENTED_EDGE ( 'NONE', *, *, #4126, .T. ) ;
#5180 = ADVANCED_FACE ( 'NONE', ( #1648, #798 ), #5020, .F. ) ;
#5181 = EDGE_LOOP ( 'NONE', ( #1219, #160, #3706, #3192 ) ) ;
#5182 = FACE_OUTER_BOUND ( 'NONE', #1368, .T. ) ;
#5183 = DIRECTION ( 'NONE',  ( -0.000000000000000000, -0.000000000000000000, 1.000000000000000000 ) ) ;
#5184 = CYLINDRICAL_SURFACE ( 'NONE', #5046, 0.1181102362204724116 ) ;
#5185 = PLANE ( 'NONE',  #2839 ) ;
#5186 = VERTEX_POINT ( 'NONE', #778 ) ;
#5187 = ADVANCED_FACE ( 'NONE', ( #2400 ), #1954, .F. ) ;
#5188 = FACE_OUTER_BOUND ( 'NONE', #3222, .T. ) ;
#5189 = DIRECTION ( 'NONE',  ( 1.049727191138620051E-16, 0.5150380749100522682, -0.8571673007021134438 ) ) ;
#5190 = DIRECTION ( 'NONE',  ( 0.000000000000000000, 0.000000000000000000, 1.000000000000000000 ) ) ;
#5191 = ORIENTED_EDGE ( 'NONE', *, *, #1933, .T. ) ;
#5192 = CARTESIAN_POINT ( 'NONE',  ( 6.624999999999999112, -0.6690297976789886247, 0.3749999999999999445 ) ) ;
#5193 = LINE ( 'NONE', #970, #3669 ) ;
#5194 = ORIENTED_EDGE ( 'NONE', *, *, #3775, .F. ) ;
#5195 = DIRECTION ( 'NONE',  ( -0.000000000000000000, -0.000000000000000000, 1.000000000000000000 ) ) ;
#5196 = ORIENTED_EDGE ( 'NONE', *, *, #94, .T. ) ;
#5197 = ADVANCED_FACE ( 'NONE', ( #1590 ), #312, .F. ) ;
#5198 = CARTESIAN_POINT ( 'NONE',  ( -9.639999999999997016, -6.066141731220471733, 0.7411417312204724439 ) ) ;
#5199 = ORIENTED_EDGE ( 'NONE', *, *, #2322, .T. ) ;
#5200 = CARTESIAN_POINT ( 'NONE',  ( 6.374999999999998224, -0.4999999999999984457, 1.159613507787730091 ) ) ;
#5201 = CARTESIAN_POINT ( 'NONE',  ( -8.514999999999998792, -0.05285860595646864335, -0.06842665293762123513 ) ) ;
#5202 = ORIENTED_EDGE ( 'NONE', *, *, #3523, .T. ) ;
#5203 = EDGE_CURVE ( 'NONE', #4220, #751, #397, .T. ) ;
#5204 = ORIENTED_EDGE ( 'NONE', *, *, #3530, .F. ) ;
#5205 = CARTESIAN_POINT ( 'NONE',  ( 6.274499999999998856, -0.4999999999999984457, 1.750000000000000000 ) ) ;
#5206 = EDGE_CURVE ( 'NONE', #367, #2808, #4503, .T. ) ;
#5207 = CARTESIAN_POINT ( 'NONE',  ( 6.125000000000000000, -4.835468858908924972, 1.199999999999999956 ) ) ;
#5208 = DIRECTION ( 'NONE',  ( 1.000000000000000000, -0.000000000000000000, -0.000000000000000000 ) ) ;
#5209 = CARTESIAN_POINT ( 'NONE',  ( 6.624999999999999112, -6.200984252499999627, 1.564812010000000475 ) ) ;
#5210 = ORIENTED_EDGE ( 'NONE', *, *, #4284, .T. ) ;
#5211 = CARTESIAN_POINT ( 'NONE',  ( 6.243110236220472231, -5.299999999999999822, 1.875000000000000000 ) ) ;
#5212 = DIRECTION ( 'NONE',  ( 1.000000000000000000, 0.000000000000000000, 0.000000000000000000 ) ) ;
#5213 = CARTESIAN_POINT ( 'NONE',  ( 6.125000000000000000, -2.143131898507867804E-16, 1.750000000000000000 ) ) ;
#5214 = LINE ( 'NONE', #4396, #989 ) ;
#5215 = CARTESIAN_POINT ( 'NONE',  ( 6.369432323652511663, -1.649502096380030203, 0.4004445657061690422 ) ) ;
#5216 = ORIENTED_EDGE ( 'NONE', *, *, #4469, .T. ) ;
#5217 = CARTESIAN_POINT ( 'NONE',  ( 6.375000000000000000, -6.799999999999999822, 0.6249999999999992228 ) ) ;
#5218 = B_SPLINE_CURVE_WITH_KNOTS ( 'NONE', 3,
 ( #3674, #2013, #1208, #3340, #1549, #1187, #2038, #1572, #4169, #1233, #702, #2375, #2894, #4062, #279, #3647 ),
 .UNSPECIFIED., .F., .F.,
 ( 4, 2, 2, 2, 2, 2, 2, 4 ),
 ( 0.004595480774133398755, 0.005009263683785901942, 0.005423046593438405130, 0.006250612412743410638, 0.006664395322395902550, 0.007078178232048395330, 0.007491961141700887242, 0.007905744051353379154 ),
 .UNSPECIFIED. ) ;
#5219 = VECTOR ( 'NONE', #3927, 39.37007874015748143 ) ;
#5220 = EDGE_CURVE ( 'NONE', #250, #1478, #5218, .T. ) ;
#5221 = LINE ( 'NONE', #2218, #1377 ) ;
#5222 = ORIENTED_EDGE ( 'NONE', *, *, #667, .F. ) ;
#5223 = CARTESIAN_POINT ( 'NONE',  ( 6.243110236220472231, -2.118110236220473119, 1.750000000000000000 ) ) ;
#5224 = AXIS2_PLACEMENT_3D ( 'NONE', #4282, #1353, #2188 ) ;
#5225 = EDGE_LOOP ( 'NONE', ( #337, #4991, #5029, #3551 ) ) ;
#5226 = VECTOR ( 'NONE', #1082, 39.37007874015748143 ) ;
#5227 = VECTOR ( 'NONE', #4547, 39.37007874015748854 ) ;
#5228 = AXIS2_PLACEMENT_3D ( 'NONE', #3405, #4751, #3450 ) ;
#5229 = VERTEX_POINT ( 'NONE', #5359 ) ;
#5230 = CARTESIAN_POINT ( 'NONE',  ( 6.624999999999999112, -3.984339064865171309, 0.3228960767065788828 ) ) ;
#5231 = CARTESIAN_POINT ( 'NONE',  ( 4.433018566799289850, -2.521489556960379463, 0.2573957495368704995 ) ) ;
#5232 = VERTEX_POINT ( 'NONE', #5334 ) ;
#5233 = VECTOR ( 'NONE', #62, 39.37007874015748143 ) ;
#5234 = VECTOR ( 'NONE', #914, 39.37007874015748143 ) ;
#5235 = DIRECTION ( 'NONE',  ( -0.000000000000000000, -0.000000000000000000, 1.000000000000000000 ) ) ;
#5236 = CARTESIAN_POINT ( 'NONE',  ( 6.499999999999999112, -6.200984252499999627, 0.5459157475000000481 ) ) ;
#5237 = LINE ( 'NONE', #2313, #3281 ) ;
#5238 = EDGE_CURVE ( 'NONE', #844, #4270, #3387, .T. ) ;
#5239 = EDGE_LOOP ( 'NONE', ( #3410, #4512 ) ) ;
#5240 = CARTESIAN_POINT ( 'NONE',  ( 6.506889763779526881, -2.518110236220472142, 0.000000000000000000 ) ) ;
#5241 = CARTESIAN_POINT ( 'NONE',  ( 6.375000000000000000, -6.799999999999999822, 0.6249999999999992228 ) ) ;
#5242 = DIRECTION ( 'NONE',  ( 0.000000000000000000, 1.000000000000000000, -1.445602896647337931E-16 ) ) ;
#5243 = ORIENTED_EDGE ( 'NONE', *, *, #1396, .F. ) ;
#5244 = CARTESIAN_POINT ( 'NONE',  ( 6.624999999999999112, -5.299999999999999822, 1.750000000000000000 ) ) ;
#5245 = EDGE_CURVE ( 'NONE', #3375, #1472, #2593, .T. ) ;
#5246 = ADVANCED_FACE ( 'NONE', ( #1154 ), #4531, .T. ) ;
#5247 = AXIS2_PLACEMENT_3D ( 'NONE', #4678, #3793, #4152 ) ;
#5248 = DIRECTION ( 'NONE',  ( 0.000000000000000000, 0.000000000000000000, 1.000000000000000000 ) ) ;
#5249 = EDGE_LOOP ( 'NONE', ( #76, #5368, #1630, #1179 ) ) ;
#5250 = FACE_BOUND ( 'NONE', #1168, .T. ) ;
#5251 = CARTESIAN_POINT ( 'NONE',  ( 6.499999999999999112, -6.200984252499999627, 0.07711574749999990097 ) ) ;
#5252 = VECTOR ( 'NONE', #2758, 39.37007874015748143 ) ;
#5253 = EDGE_CURVE ( 'NONE', #846, #1670, #2433, .T. ) ;
#5254 = CYLINDRICAL_SURFACE ( 'NONE', #3917, 0.1181102362204724116 ) ;
#5255 = ORIENTED_EDGE ( 'NONE', *, *, #3349, .F. ) ;
#5256 = FACE_OUTER_BOUND ( 'NONE', #4833, .T. ) ;
#5257 = LINE ( 'NONE', #4843, #1694 ) ;
#5258 = EDGE_CURVE ( 'NONE', #695, #786, #2868, .T. ) ;
#5259 = EDGE_LOOP ( 'NONE', ( #4375, #1047, #1333, #2109, #4, #519, #2604, #3057 ) ) ;
#5260 = ORIENTED_EDGE ( 'NONE', *, *, #1567, .T. ) ;
#5261 = DIRECTION ( 'NONE',  ( -0.000000000000000000, -0.000000000000000000, 1.000000000000000000 ) ) ;
#5262 = DIRECTION ( 'NONE',  ( -0.000000000000000000, -0.03432432496962139340, -0.9994107467479923512 ) ) ;
#5263 = CARTESIAN_POINT ( 'NONE',  ( 6.125000000000000000, -1.028031045894111317, 1.141521637925640542 ) ) ;
#5264 = DIRECTION ( 'NONE',  ( 1.000000000000000000, -0.000000000000000000, -0.000000000000000000 ) ) ;
#5265 = ORIENTED_EDGE ( 'NONE', *, *, #1814, .F. ) ;
#5266 = CARTESIAN_POINT ( 'NONE',  ( 6.624999999999999112, -6.799999999999999822, 0.6249999999999992228 ) ) ;
#5267 = ADVANCED_FACE ( 'NONE', ( #1269 ), #3008, .F. ) ;
#5268 = CARTESIAN_POINT ( 'NONE',  ( 6.125000000000000000, -0.7815019475124876935, 0.7194124950219528136 ) ) ;
#5269 = DIRECTION ( 'NONE',  ( -0.000000000000000000, -1.170791997284684730E-16, -1.000000000000000000 ) ) ;
#5270 = CARTESIAN_POINT ( 'NONE',  ( 6.277423813956783505, -3.810379740625795542, 0.8648822026927610596 ) ) ;
#5271 = CARTESIAN_POINT ( 'NONE',  ( 6.444060221993676230, -1.676220744649314476, 0.3843096255371543646 ) ) ;
#5272 = ORIENTED_EDGE ( 'NONE', *, *, #1916, .F. ) ;
#5273 = DIRECTION ( 'NONE',  ( -1.000000000000000000, -0.000000000000000000, -0.000000000000000000 ) ) ;
#5274 = EDGE_LOOP ( 'NONE', ( #2999, #4677, #2722, #3487, #236, #2144, #925, #5279, #4468 ) ) ;
#5275 = PLANE ( 'NONE',  #1258 ) ;
#5276 = CARTESIAN_POINT ( 'NONE',  ( 6.624999999999999112, -0.4931102362204725642, 1.022034744542706486 ) ) ;
#5277 = ADVANCED_FACE ( 'NONE', ( #4201 ), #419, .F. ) ;
#5278 = ORIENTED_EDGE ( 'NONE', *, *, #1038, .F. ) ;
#5279 = ORIENTED_EDGE ( 'NONE', *, *, #3866, .F. ) ;
#5280 = EDGE_CURVE ( 'NONE', #2929, #4679, #923, .T. ) ;
#5281 = CARTESIAN_POINT ( 'NONE',  ( -9.639999999999997016, -6.453937009999998864, 1.128937010000000019 ) ) ;
#5282 = ORIENTED_EDGE ( 'NONE', *, *, #1439, .T. ) ;
#5283 = DIRECTION ( 'NONE',  ( 0.000000000000000000, -0.9994107467479923512, 0.03432432496962175422 ) ) ;
#5284 = DIRECTION ( 'NONE',  ( -1.000000000000000000, 0.000000000000000000, 0.000000000000000000 ) ) ;
#5285 = ADVANCED_FACE ( 'NONE', ( #862 ), #2096, .F. ) ;
#5286 = DIRECTION ( 'NONE',  ( 1.000000000000000000, 0.000000000000000000, 0.000000000000000000 ) ) ;
#5287 = FACE_OUTER_BOUND ( 'NONE', #1605, .T. ) ;
#5288 = FACE_BOUND ( 'NONE', #1945, .T. ) ;
#5289 = VERTEX_POINT ( 'NONE', #3884 ) ;
#5290 = DIRECTION ( 'NONE',  ( -1.000000000000000000, 0.000000000000000000, 0.000000000000000000 ) ) ;
#5291 = DIRECTION ( 'NONE',  ( 0.000000000000000000, 0.000000000000000000, 1.000000000000000000 ) ) ;
#5292 = DIRECTION ( 'NONE',  ( 0.000000000000000000, 0.000000000000000000, 1.000000000000000000 ) ) ;
#5293 = DIRECTION ( 'NONE',  ( 0.000000000000000000, -0.9994107467479924622, 0.03432432496962140034 ) ) ;
#5294 = VERTEX_POINT ( 'NONE', #4225 ) ;
#5295 = CARTESIAN_POINT ( 'NONE',  ( 6.125000000000000000, -5.948031494999999502, 0.7411417312204722219 ) ) ;
#5296 = ORIENTED_EDGE ( 'NONE', *, *, #3014, .F. ) ;
#5297 = DIRECTION ( 'NONE',  ( 0.000000000000000000, 0.000000000000000000, -1.000000000000000000 ) ) ;
#5298 = EDGE_CURVE ( 'NONE', #4016, #1852, #1782, .T. ) ;
#5299 = AXIS2_PLACEMENT_3D ( 'NONE', #2843, #1552, #343 ) ;
#5300 = VERTEX_POINT ( 'NONE', #1754 ) ;
#5301 = EDGE_CURVE ( 'NONE', #2992, #1390, #940, .T. ) ;
#5302 = CARTESIAN_POINT ( 'NONE',  ( 6.211590693477872627, -5.304006752519109469, 1.875030015404129502 ) ) ;
#5303 = ORIENTED_EDGE ( 'NONE', *, *, #2991, .T. ) ;
#5304 = CIRCLE ( 'NONE', #3463, 0.1181102362204724116 ) ;
#5305 = AXIS2_PLACEMENT_3D ( 'NONE', #3027, #2175, #437 ) ;
#5306 = DIRECTION ( 'NONE',  ( 0.000000000000000000, 0.000000000000000000, 1.000000000000000000 ) ) ;
#5307 = ORIENTED_EDGE ( 'NONE', *, *, #3301, .T. ) ;
#5308 = AXIS2_PLACEMENT_3D ( 'NONE', #4388, #2311, #2263 ) ;
#5309 = CIRCLE ( 'NONE', #1775, 0.4499999999999999556 ) ;
#5310 = ADVANCED_FACE ( 'NONE', ( #29 ), #1702, .T. ) ;
#5311 = VECTOR ( 'NONE', #4065, 39.37007874015748143 ) ;
#5312 = ORIENTED_EDGE ( 'NONE', *, *, #3871, .T. ) ;
#5313 = EDGE_CURVE ( 'NONE', #3363, #3083, #5148, .T. ) ;
#5314 = CARTESIAN_POINT ( 'NONE',  ( 6.125000000000000000, -5.475640568704954525, 1.959374999999999867 ) ) ;
#5315 = DIRECTION ( 'NONE',  ( -1.000000000000000000, -0.000000000000000000, -0.000000000000000000 ) ) ;
#5316 = AXIS2_PLACEMENT_3D ( 'NONE', #1235, #2041, #2016 ) ;
#5317 = AXIS2_PLACEMENT_3D ( 'NONE', #4570, #2002, #4905 ) ;
#5318 = DIRECTION ( 'NONE',  ( 1.000000000000000000, -0.000000000000000000, -0.000000000000000000 ) ) ;
#5319 = VECTOR ( 'NONE', #3447, 39.37007874015748143 ) ;
#5320 = ORIENTED_EDGE ( 'NONE', *, *, #2147, .F. ) ;
#5321 = VECTOR ( 'NONE', #3001, 39.37007874015748143 ) ;
#5322 = VECTOR ( 'NONE', #1431, 39.37007874015748143 ) ;
#5323 = DIRECTION ( 'NONE',  ( 0.000000000000000000, 0.000000000000000000, 1.000000000000000000 ) ) ;
#5324 = ORIENTED_EDGE ( 'NONE', *, *, #2638, .T. ) ;
#5325 = FACE_OUTER_BOUND ( 'NONE', #816, .T. ) ;
#5326 = AXIS2_PLACEMENT_3D ( 'NONE', #5339, #2439, #1214 ) ;
#5327 = DIRECTION ( 'NONE',  ( 0.000000000000000000, 2.185478394931410969E-15, 1.000000000000000000 ) ) ;
#5328 = CARTESIAN_POINT ( 'NONE',  ( 6.402233568704670752, -1.653109209480410735, 0.3976808819343160550 ) ) ;
#5329 = ORIENTED_EDGE ( 'NONE', *, *, #1972, .F. ) ;
#5330 = DIRECTION ( 'NONE',  ( 1.049727191138620051E-16, 0.5150380749100522682, -0.8571673007021134438 ) ) ;
#5331 = VECTOR ( 'NONE', #5315, 39.37007874015748143 ) ;
#5332 = ADVANCED_FACE ( 'NONE', ( #4279 ), #5080, .F. ) ;
#5333 = AXIS2_PLACEMENT_3D ( 'NONE', #504, #2154, #3007 ) ;
#5334 = CARTESIAN_POINT ( 'NONE',  ( 6.125000000000000000, -1.608160576404186637, 0.5217923160565421936 ) ) ;
#5335 = EDGE_LOOP ( 'NONE', ( #2335, #662, #1148, #1324 ) ) ;
#5336 = CARTESIAN_POINT ( 'NONE',  ( 6.624999999999999112, -1.575307679196802813, 1.256889763779527325 ) ) ;
#5337 = CARTESIAN_POINT ( 'NONE',  ( 6.274500000000002409, -5.699999999999998401, 0.5300000000000001377 ) ) ;
#5338 = ORIENTED_EDGE ( 'NONE', *, *, #1642, .F. ) ;
#5339 = CARTESIAN_POINT ( 'NONE',  ( 6.125000000000000000, -0.4931102362204725642, 0.9039245083222339217 ) ) ;
#5340 = EDGE_CURVE ( 'NONE', #949, #4253, #3832, .T. ) ;
#5341 = ORIENTED_EDGE ( 'NONE', *, *, #1679, .F. ) ;
#5342 = VECTOR ( 'NONE', #2385, 39.37007874015748143 ) ;
#5343 = CARTESIAN_POINT ( 'NONE',  ( 6.375000000000000000, -1.195882546459554163, 0.6250000000000000000 ) ) ;
#5344 = ORIENTED_EDGE ( 'NONE', *, *, #3333, .F. ) ;
#5345 = EDGE_LOOP ( 'NONE', ( #3978, #2359, #614, #370, #4520, #1417, #4349, #163 ) ) ;
#5346 =( GEOMETRIC_REPRESENTATION_CONTEXT ( 3 ) GLOBAL_UNCERTAINTY_ASSIGNED_CONTEXT ( ( #2602 ) ) GLOBAL_UNIT_ASSIGNED_CONTEXT ( ( #2328, #1876, #4424 ) ) REPRESENTATION_CONTEXT ( 'NONE', 'WORKASPACE' ) );
#5347 = LINE ( 'NONE', #1024, #1704 ) ;
#5348 = DIRECTION ( 'NONE',  ( 0.000000000000000000, 0.000000000000000000, 1.000000000000000000 ) ) ;
#5349 = DIRECTION ( 'NONE',  ( 0.000000000000000000, 0.7337606740181696896, 0.6794080314983045321 ) ) ;
#5350 = EDGE_CURVE ( 'NONE', #3178, #3077, #2984, .T. ) ;
#5351 = ORIENTED_EDGE ( 'NONE', *, *, #3786, .F. ) ;
#5352 = CARTESIAN_POINT ( 'NONE',  ( 6.368904043476108612, -1.600498637937848745, 1.372282326363513549 ) ) ;
#5353 = ORIENTED_EDGE ( 'NONE', *, *, #693, .F. ) ;
#5354 = CARTESIAN_POINT ( 'NONE',  ( 4.433018566799289850, -2.431654971802257315, 0.9460186861186288265 ) ) ;
#5355 = CARTESIAN_POINT ( 'NONE',  ( 6.398873054194282872, -0.4023254974659374872, 1.477132412626027458 ) ) ;
#5356 = EDGE_CURVE ( 'NONE', #2449, #2223, #4609, .T. ) ;
#5357 = EDGE_LOOP ( 'NONE', ( #1709, #1652, #1087, #2875, #354, #2749 ) ) ;
#5358 = FACE_OUTER_BOUND ( 'NONE', #5068, .T. ) ;
#5359 = CARTESIAN_POINT ( 'NONE',  ( 6.375000000000000000, 0.000000000000000000, 0.3169999999999999485 ) ) ;
#5360 = CARTESIAN_POINT ( 'NONE',  ( 6.125000000000000000, -1.647511745032587127, 1.163419978411005751 ) ) ;
#5361 = CARTESIAN_POINT ( 'NONE',  ( 6.293775468935505657, -4.563495829287585792, 0.3914322488755423990 ) ) ;
#5362 = LINE ( 'NONE', #2436, #2480 ) ;
#5363 = ORIENTED_EDGE ( 'NONE', *, *, #3797, .T. ) ;
#5364 = ORIENTED_EDGE ( 'NONE', *, *, #1413, .F. ) ;
#5365 = DIRECTION ( 'NONE',  ( 1.000000000000000000, 0.000000000000000000, 0.000000000000000000 ) ) ;
#5366 = ORIENTED_EDGE ( 'NONE', *, *, #2443, .T. ) ;
#5367 = LINE ( 'NONE', #3684, #2502 ) ;
#5368 = ORIENTED_EDGE ( 'NONE', *, *, #1800, .T. ) ;
#5369 = ORIENTED_EDGE ( 'NONE', *, *, #4716, .T. ) ;
#5370 = DIRECTION ( 'NONE',  ( 0.000000000000000000, 0.000000000000000000, 1.000000000000000000 ) ) ;
#5371 = FACE_OUTER_BOUND ( 'NONE', #2427, .T. ) ;
#5372 = ORIENTED_EDGE ( 'NONE', *, *, #4243, .T. ) ;
#5373 = ADVANCED_FACE ( 'NONE', ( #505 ), #59, .T. ) ;
#5374 = CARTESIAN_POINT ( 'NONE',  ( 6.243110236220472231, -2.518110236220467701, 2.099999999999993872 ) ) ;
#5375 = ORIENTED_EDGE ( 'NONE', *, *, #2550, .F. ) ;
#5376 = DIRECTION ( 'NONE',  ( -1.000000000000000000, 0.000000000000000000, 0.000000000000000000 ) ) ;
#5377 = CARTESIAN_POINT ( 'NONE',  ( 6.274736441539996434, -0.4931102362204728418, 0.3749999999999999445 ) ) ;
#5378 = ORIENTED_EDGE ( 'NONE', *, *, #4835, .T. ) ;
#5379 = DIRECTION ( 'NONE',  ( -0.000000000000000000, 9.313118160219072879E-17, -1.000000000000000000 ) ) ;
#5380 = ADVANCED_FACE ( 'NONE', ( #3423 ), #5100, .T. ) ;
#5381 = DIRECTION ( 'NONE',  ( -0.8571673007021114454, 0.000000000000000000, -0.5150380749100553768 ) ) ;
#5382 = CARTESIAN_POINT ( 'NONE',  ( 6.624999999999999112, 0.000000000000000000, 1.375000000000000000 ) ) ;
#5383 = VERTEX_POINT ( 'NONE', #2183 ) ;
#5384 = DIRECTION ( 'NONE',  ( -0.000000000000000000, 1.000000000000000000, -0.000000000000000000 ) ) ;
#5385 = LINE ( 'NONE', #1594, #2446 ) ;
#5386 = ORIENTED_EDGE ( 'NONE', *, *, #12, .T. ) ;
#5387 = DIRECTION ( 'NONE',  ( 0.8571673007021117785, 0.000000000000000000, 0.5150380749100550437 ) ) ;
#5388 = VERTEX_POINT ( 'NONE', #5126 ) ;
#5389 = CARTESIAN_POINT ( 'NONE',  ( 6.624999999999999112, -6.200984252499999627, 1.439812010000000031 ) ) ;
#5390 = VECTOR ( 'NONE', #5273, 39.37007874015748143 ) ;
#5391 = VERTEX_POINT ( 'NONE', #1350 ) ;
#5392 = ORIENTED_EDGE ( 'NONE', *, *, #2155, .T. ) ;
#5393 = EDGE_CURVE ( 'NONE', #130, #5117, #4806, .T. ) ;
#5394 = CARTESIAN_POINT ( 'NONE',  ( 6.274499999999998856, -0.4999999999999984457, 1.219999999999999751 ) ) ;
#5395 = VECTOR ( 'NONE', #2403, 39.37007874015748143 ) ;
#5396 = DIRECTION ( 'NONE',  ( 1.000000000000000000, 0.000000000000000000, 0.000000000000000000 ) ) ;
#5397 = DIRECTION ( 'NONE',  ( 1.000000000000000000, -0.000000000000000000, -0.000000000000000000 ) ) ;
#5398 = AXIS2_PLACEMENT_3D ( 'NONE', #1586, #3254, #3670 ) ;
#5399 = ORIENTED_EDGE ( 'NONE', *, *, #491, .T. ) ;
#5400 = CIRCLE ( 'NONE', #5047, 0.1004999999999996452 ) ;
#5401 = CARTESIAN_POINT ( 'NONE',  ( 6.475499999999999368, -1.749999999999998446, -4.892463962593665846E-17 ) ) ;
#5402 = AXIS2_PLACEMENT_3D ( 'NONE', #1593, #5384, #421 ) ;
#5403 = VERTEX_POINT ( 'NONE', #2709 ) ;
#5404 = VECTOR ( 'NONE', #4191, 39.37007874015748143 ) ;
#5405 = CIRCLE ( 'NONE', #3203, 0.1181102362204724116 ) ;
#5406 = EDGE_CURVE ( 'NONE', #4459, #1856, #1178, .T. ) ;
#5407 = CARTESIAN_POINT ( 'NONE',  ( 6.624999999999999112, -2.118110236220472675, 1.874999999999999556 ) ) ;
#5408 = CARTESIAN_POINT ( 'NONE',  ( 6.407178295260006706, -0.4047772146678875194, 1.533885802296101053 ) ) ;
#5409 = ORIENTED_EDGE ( 'NONE', *, *, #3173, .F. ) ;
#5410 = DIRECTION ( 'NONE',  ( 1.000000000000000000, -0.000000000000000000, -0.000000000000000000 ) ) ;
#5411 = CIRCLE ( 'NONE', #2585, 0.1004999999999996452 ) ;
#5412 = AXIS2_PLACEMENT_3D ( 'NONE', #1380, #4749, #30 ) ;
#5413 = DIRECTION ( 'NONE',  ( 0.000000000000000000, 0.000000000000000000, -1.000000000000000000 ) ) ;
#5414 = DIRECTION ( 'NONE',  ( 0.000000000000000000, 1.000000000000000000, 0.000000000000000000 ) ) ;
#5415 = ORIENTED_EDGE ( 'NONE', *, *, #998, .T. ) ;
#5416 = DIRECTION ( 'NONE',  ( -1.000000000000000000, 0.000000000000000000, 0.000000000000000000 ) ) ;
#5417 = AXIS2_PLACEMENT_3D ( 'NONE', #1292, #2092, #2512 ) ;
#5418 = EDGE_CURVE ( 'NONE', #1363, #1494, #1883, .T. ) ;
#5419 = EDGE_CURVE ( 'NONE', #4618, #4398, #3095, .T. ) ;
#5420 = VERTEX_POINT ( 'NONE', #3245 ) ;
#5421 = ORIENTED_EDGE ( 'NONE', *, *, #1744, .T. ) ;
#5422 = LINE ( 'NONE', #289, #5053 ) ;
#5423 = EDGE_CURVE ( 'NONE', #2083, #4809, #1815, .T. ) ;
#5424 = VECTOR ( 'NONE', #187, 39.37007874015748143 ) ;
#5425 = ORIENTED_EDGE ( 'NONE', *, *, #1548, .F. ) ;
#5426 = ORIENTED_EDGE ( 'NONE', *, *, #1996, .T. ) ;
#5427 = FACE_OUTER_BOUND ( 'NONE', #3578, .T. ) ;
#5428 =( CONVERSION_BASED_UNIT ( 'INCH', #2909 ) LENGTH_UNIT ( ) NAMED_UNIT ( #538 ) );
#5429 = AXIS2_PLACEMENT_3D ( 'NONE', #1095, #4949, #4072 ) ;
#5430 = DIRECTION ( 'NONE',  ( 0.000000000000000000, 0.000000000000000000, -1.000000000000000000 ) ) ;
#5431 = EDGE_CURVE ( 'NONE', #2937, #449, #5347, .T. ) ;
#5432 = LINE ( 'NONE', #2858, #5227 ) ;
#5433 = DIRECTION ( 'NONE',  ( 1.000000000000000000, -0.000000000000000000, -0.000000000000000000 ) ) ;
#5434 = VERTEX_POINT ( 'NONE', #2269 ) ;
#5435 = CIRCLE ( 'NONE', #2609, 0.1250000000000004441 ) ;
#5436 = EDGE_LOOP ( 'NONE', ( #1928, #3168, #2004, #497 ) ) ;
#5437 = CARTESIAN_POINT ( 'NONE',  ( 6.279725154659469233, -0.4673584378032080711, 0.3776651293893547590 ) ) ;
#5438 = DIRECTION ( 'NONE',  ( 0.000000000000000000, -1.000000000000000000, 0.000000000000000000 ) ) ;
#5439 = ORIENTED_EDGE ( 'NONE', *, *, #2958, .F. ) ;
#5440 = DIRECTION ( 'NONE',  ( 1.000000000000000000, -0.000000000000000000, -0.000000000000000000 ) ) ;
#5441 = ADVANCED_FACE ( 'NONE', ( #2364 ), #4050, .T. ) ;
#5442 = DIRECTION ( 'NONE',  ( 0.000000000000000000, 0.000000000000000000, 1.000000000000000000 ) ) ;
#5443 = CARTESIAN_POINT ( 'NONE',  ( 6.125000000000000000, -2.710379740625795009, 0.8271031838164467631 ) ) ;
#5444 = CARTESIAN_POINT ( 'NONE',  ( 6.302352449822082647, -4.573700975302478433, 0.3839156707805389535 ) ) ;
#5445 = DIRECTION ( 'NONE',  ( 0.000000000000000000, 0.000000000000000000, 1.000000000000000000 ) ) ;
#5446 = ORIENTED_EDGE ( 'NONE', *, *, #4213, .F. ) ;
#5447 = CARTESIAN_POINT ( 'NONE',  ( 6.345086815855504270, -0.4040027810663211483, 0.2110933703258727479 ) ) ;
#5448 = VERTEX_POINT ( 'NONE', #3630 ) ;
#5449 = EDGE_CURVE ( 'NONE', #3774, #5138, #4902, .T. ) ;
#5450 = ORIENTED_EDGE ( 'NONE', *, *, #566, .T. ) ;
#5451 = CARTESIAN_POINT ( 'NONE',  ( 6.125000000000000000, -5.768374849879879918, 1.725000000000000089 ) ) ;
#5452 = VERTEX_POINT ( 'NONE', #2386 ) ;
#5453 = ORIENTED_EDGE ( 'NONE', *, *, #2505, .T. ) ;
#5454 = CARTESIAN_POINT ( 'NONE',  ( 6.499999999999999112, -6.200984252499999627, 1.439812010000000031 ) ) ;
#5455 = EDGE_CURVE ( 'NONE', #3430, #175, #1560, .T. ) ;
#5456 = CARTESIAN_POINT ( 'NONE',  ( 6.624999999999999112, -6.455905511811023345, -3.414809992080329023E-17 ) ) ;
#5457 = CARTESIAN_POINT ( 'NONE',  ( 6.624999999999999112, -0.4931102362204725087, 0.3749999999999999445 ) ) ;
#5458 = EDGE_LOOP ( 'NONE', ( #5006, #4429, #1526, #4068 ) ) ;
#5459 = CARTESIAN_POINT ( 'NONE',  ( 6.243110236220472231, -5.299999999999999822, 0.5931102362204722089 ) ) ;
#5460 = CARTESIAN_POINT ( 'NONE',  ( -8.514999999999998792, -1.608160576404186637, 0.5217923160565421936 ) ) ;
#5461 = DIRECTION ( 'NONE',  ( 0.000000000000000000, -0.6113277574096419587, -0.7913775161201498376 ) ) ;
#5462 = ORIENTED_EDGE ( 'NONE', *, *, #1698, .F. ) ;
#5463 = CARTESIAN_POINT ( 'NONE',  ( 6.125000000000000000, -5.299999999999999822, 1.750000000000000000 ) ) ;
#5464 = DIRECTION ( 'NONE',  ( 0.000000000000000000, 0.000000000000000000, 1.000000000000000000 ) ) ;
#5465 = DIRECTION ( 'NONE',  ( 1.000000000000000000, -0.000000000000000000, -0.000000000000000000 ) ) ;
ENDSEC;
END-ISO-10303-21;
