ISO-10303-21;
HEADER;
FILE_DESCRIPTION (( 'STEP AP214' ),
    '1' );
FILE_NAME ('Side Plate L.STEP',
    '2026-05-07T06:02:18',
    ( '' ),
    ( '' ),
    'SwSTEP 2.0',
    'SolidWorks 2024',
    '' );
FILE_SCHEMA (( 'AUTOMOTIVE_DESIGN' ));
ENDSEC;

DATA;
#1 = LINE ( 'NONE', #2491, #2729 ) ;
#2 = ORIENTED_EDGE ( 'NONE', *, *, #2992, .T. ) ;
#3 = ORIENTED_EDGE ( 'NONE', *, *, #3969, .T. ) ;
#4 = DIRECTION ( 'NONE',  ( -1.000000000000000000, 0.000000000000000000, 0.000000000000000000 ) ) ;
#5 = LINE ( 'NONE', #857, #939 ) ;
#6 = PLANE ( 'NONE',  #3925 ) ;
#7 = VERTEX_POINT ( 'NONE', #1656 ) ;
#8 = CARTESIAN_POINT ( 'NONE',  ( -6.475499999999999368, -1.749999999999998446, 0.3749999999999999445 ) ) ;
#9 = CIRCLE ( 'NONE', #2533, 0.1004999999999985627 ) ;
#10 = ADVANCED_FACE ( 'NONE', ( #3047 ), #5591, .F. ) ;
#11 = EDGE_LOOP ( 'NONE', ( #1013, #3702, #1723, #1940 ) ) ;
#12 = DIRECTION ( 'NONE',  ( 0.000000000000000000, -0.000000000000000000, -1.000000000000000000 ) ) ;
#13 = VECTOR ( 'NONE', #5328, 39.37007874015748143 ) ;
#14 = EDGE_LOOP ( 'NONE', ( #1381, #1484, #965, #4029 ) ) ;
#15 = CARTESIAN_POINT ( 'NONE',  ( -6.125000000000000000, -7.299999999999999822, 0.7407709353152899245 ) ) ;
#16 = VERTEX_POINT ( 'NONE', #5139 ) ;
#17 = EDGE_CURVE ( 'NONE', #395, #1472, #3026, .T. ) ;
#18 = ORIENTED_EDGE ( 'NONE', *, *, #3588, .F. ) ;
#19 = DIRECTION ( 'NONE',  ( 1.000000000000000000, -0.000000000000000000, -0.000000000000000000 ) ) ;
#20 = ADVANCED_FACE ( 'NONE', ( #1239, #2197 ), #895, .F. ) ;
#21 = VECTOR ( 'NONE', #2327, 39.37007874015748854 ) ;
#22 = CARTESIAN_POINT ( 'NONE',  ( -6.125000000000000000, -5.299999999999999822, 0.5931102362204722089 ) ) ;
#23 = VECTOR ( 'NONE', #406, 39.37007874015748143 ) ;
#24 = ORIENTED_EDGE ( 'NONE', *, *, #4819, .T. ) ;
#25 = CONICAL_SURFACE ( 'NONE', #3005, 0.1004999999999996452, 1.029744258676653423 ) ;
#26 = AXIS2_PLACEMENT_3D ( 'NONE', #633, #1875, #4079 ) ;
#27 = DIRECTION ( 'NONE',  ( -1.000000000000000000, -0.000000000000000000, -0.000000000000000000 ) ) ;
#28 = CARTESIAN_POINT ( 'NONE',  ( -6.375000000000000000, -0.3995000000000003548, 0.2845465500941655179 ) ) ;
#29 = CARTESIAN_POINT ( 'NONE',  ( -6.125000000000000000, -7.299999999999999822, 0.7407709353152899245 ) ) ;
#30 = CYLINDRICAL_SURFACE ( 'NONE', #4824, 0.07950000000000007061 ) ;
#31 = VERTEX_POINT ( 'NONE', #4728 ) ;
#32 = AXIS2_PLACEMENT_3D ( 'NONE', #1278, #2151, #3037 ) ;
#33 = VERTEX_POINT ( 'NONE', #5192 ) ;
#34 = CARTESIAN_POINT ( 'NONE',  ( -6.243110236220472231, -2.518110236220472142, 0.000000000000000000 ) ) ;
#35 = AXIS2_PLACEMENT_3D ( 'NONE', #2732, #284, #4889 ) ;
#36 = DIRECTION ( 'NONE',  ( 0.000000000000000000, -1.000000000000000000, 2.312964634635740689E-15 ) ) ;
#37 = EDGE_CURVE ( 'NONE', #3677, #730, #2990, .T. ) ;
#38 = AXIS2_PLACEMENT_3D ( 'NONE', #850, #768, #819 ) ;
#39 = AXIS2_PLACEMENT_3D ( 'NONE', #2636, #1288, #2698 ) ;
#40 = CARTESIAN_POINT ( 'NONE',  ( -6.624999999999999112, -1.575307679196802813, 1.375000000000000000 ) ) ;
#41 = ORIENTED_EDGE ( 'NONE', *, *, #4160, .T. ) ;
#42 = CARTESIAN_POINT ( 'NONE',  ( -6.624999999999999112, -0.4931102362204725642, 0.9039245083222339217 ) ) ;
#43 = CIRCLE ( 'NONE', #2202, 0.1181102362204724116 ) ;
#44 = VECTOR ( 'NONE', #860, 39.37007874015748143 ) ;
#45 = ORIENTED_EDGE ( 'NONE', *, *, #3348, .T. ) ;
#46 = DIRECTION ( 'NONE',  ( -1.000000000000000000, 0.000000000000000000, 0.000000000000000000 ) ) ;
#47 = PRODUCT_CONTEXT ( 'NONE', #3399, 'mechanical' ) ;
#48 = AXIS2_PLACEMENT_3D ( 'NONE', #2832, #4225, #3337 ) ;
#49 = EDGE_CURVE ( 'NONE', #1443, #2497, #567, .T. ) ;
#50 = VECTOR ( 'NONE', #344, 39.37007874015748143 ) ;
#51 = ORIENTED_EDGE ( 'NONE', *, *, #788, .F. ) ;
#52 = FACE_OUTER_BOUND ( 'NONE', #3462, .T. ) ;
#53 = ORIENTED_EDGE ( 'NONE', *, *, #2692, .T. ) ;
#54 = AXIS2_PLACEMENT_3D ( 'NONE', #2351, #1549, #2810 ) ;
#55 = DIRECTION ( 'NONE',  ( 1.000000000000000000, 0.000000000000000000, 0.000000000000000000 ) ) ;
#56 = DIRECTION ( 'NONE',  ( 1.000000000000000000, 0.000000000000000000, 0.000000000000000000 ) ) ;
#57 = EDGE_LOOP ( 'NONE', ( #2287, #2920, #2536, #1756, #1546, #115, #3953, #1494 ) ) ;
#58 = EDGE_CURVE ( 'NONE', #116, #2694, #5244, .T. ) ;
#59 = DIRECTION ( 'NONE',  ( 1.000000000000000000, -0.000000000000000000, -0.000000000000000000 ) ) ;
#60 = DIRECTION ( 'NONE',  ( 1.000000000000000000, -0.000000000000000000, -0.000000000000000000 ) ) ;
#61 = CARTESIAN_POINT ( 'NONE',  ( -6.472961569576183294, -4.480785168397757978, 0.4729116714274116950 ) ) ;
#62 = DIRECTION ( 'NONE',  ( -0.000000000000000000, 1.000000000000000000, -0.000000000000000000 ) ) ;
#63 = VERTEX_POINT ( 'NONE', #4809 ) ;
#64 = ORIENTED_EDGE ( 'NONE', *, *, #1059, .F. ) ;
#65 = DIRECTION ( 'NONE',  ( -1.000000000000000000, -0.000000000000000000, -0.000000000000000000 ) ) ;
#66 = EDGE_LOOP ( 'NONE', ( #2543, #4853 ) ) ;
#67 = B_SPLINE_CURVE_WITH_KNOTS ( 'NONE', 3,
 ( #4031, #3600, #885, #2628, #4371, #991, #3144, #1437, #499, #2604, #95, #4822, #4880, #4403, #468, #966, #529, #2238 ),
 .UNSPECIFIED., .F., .F.,
 ( 4, 2, 2, 2, 2, 2, 2, 2, 4 ),
 ( 0.000000000000000000, 0.0006050615817757042710, 0.001210123163551408542, 0.001815184745327112813, 0.002420246327102817084, 0.003025307908878521572, 0.003630369490654225626, 0.004235431072429929680, 0.004840492654205634168 ),
 .UNSPECIFIED. ) ;
#68 = FACE_OUTER_BOUND ( 'NONE', #3700, .T. ) ;
#69 = ORIENTED_EDGE ( 'NONE', *, *, #2736, .T. ) ;
#70 = FACE_OUTER_BOUND ( 'NONE', #3727, .T. ) ;
#71 = FACE_OUTER_BOUND ( 'NONE', #4902, .T. ) ;
#72 = EDGE_LOOP ( 'NONE', ( #2560, #4695, #2336, #4804 ) ) ;
#73 = DIRECTION ( 'NONE',  ( -0.000000000000000000, -0.000000000000000000, -1.000000000000000000 ) ) ;
#74 = ADVANCED_FACE ( 'NONE', ( #4390 ), #3825, .T. ) ;
#75 = ORIENTED_EDGE ( 'NONE', *, *, #618, .F. ) ;
#76 = CARTESIAN_POINT ( 'NONE',  ( -6.624999999999999112, 0.000000000000000000, 0.3749999999999999445 ) ) ;
#77 = ORIENTED_EDGE ( 'NONE', *, *, #1786, .F. ) ;
#78 = EDGE_CURVE ( 'NONE', #5479, #1559, #4891, .T. ) ;
#79 = EDGE_LOOP ( 'NONE', ( #5121, #635, #2591, #4969 ) ) ;
#80 = CARTESIAN_POINT ( 'NONE',  ( -6.374999999999998224, -0.5000000000000000000, 1.750000000000000000 ) ) ;
#81 = VERTEX_POINT ( 'NONE', #4871 ) ;
#82 = FACE_OUTER_BOUND ( 'NONE', #278, .T. ) ;
#83 = CARTESIAN_POINT ( 'NONE',  ( 8.514999999999998792, 0.000000000000000000, 0.3749999999999999445 ) ) ;
#84 = DIRECTION ( 'NONE',  ( 0.000000000000000000, 0.000000000000000000, -1.000000000000000000 ) ) ;
#85 = CARTESIAN_POINT ( 'NONE',  ( -6.125000000000000000, -4.835468858908924972, 0.7500000000000001110 ) ) ;
#86 = ADVANCED_FACE ( 'NONE', ( #2678 ), #3525, .F. ) ;
#87 = CYLINDRICAL_SURFACE ( 'NONE', #2101, 0.1181102362204725503 ) ;
#88 = DIRECTION ( 'NONE',  ( 1.000000000000000000, 0.000000000000000000, 0.000000000000000000 ) ) ;
#89 = EDGE_LOOP ( 'NONE', ( #453, #3120, #1701, #2822, #3569 ) ) ;
#90 = ORIENTED_EDGE ( 'NONE', *, *, #1130, .T. ) ;
#91 = EDGE_CURVE ( 'NONE', #4099, #5224, #1119, .T. ) ;
#92 = LINE ( 'NONE', #3054, #3184 ) ;
#93 = CARTESIAN_POINT ( 'NONE',  ( -6.125000000000000000, -2.143131898507867804E-16, 1.750000000000000000 ) ) ;
#94 = EDGE_LOOP ( 'NONE', ( #2233, #2652, #2425, #923 ) ) ;
#95 = CARTESIAN_POINT ( 'NONE',  ( -6.169084789453728845, -5.325728819502695721, 1.876428734149250932 ) ) ;
#96 = CARTESIAN_POINT ( 'NONE',  ( 8.514999999999998792, -1.195882546459554163, 0.6250000000000000000 ) ) ;
#97 = ORIENTED_EDGE ( 'NONE', *, *, #590, .T. ) ;
#98 = ORIENTED_EDGE ( 'NONE', *, *, #2581, .F. ) ;
#99 = ORIENTED_EDGE ( 'NONE', *, *, #777, .T. ) ;
#100 = LINE ( 'NONE', #2760, #21 ) ;
#101 = EDGE_LOOP ( 'NONE', ( #5350, #3592, #4555, #3597, #2329, #3654, #5055, #2744, #90 ) ) ;
#102 = DIRECTION ( 'NONE',  ( 1.000000000000000000, 0.000000000000000000, 0.000000000000000000 ) ) ;
#103 = VERTEX_POINT ( 'NONE', #565 ) ;
#104 = CIRCLE ( 'NONE', #3263, 0.2500000000000000555 ) ;
#105 = EDGE_CURVE ( 'NONE', #2622, #4917, #1846, .T. ) ;
#106 = ORIENTED_EDGE ( 'NONE', *, *, #5119, .F. ) ;
#107 = CYLINDRICAL_SURFACE ( 'NONE', #1180, 0.1004999999999996452 ) ;
#108 = CARTESIAN_POINT ( 'NONE',  ( -4.433018566799289850, -4.180230241389087276, 1.006072738951699241 ) ) ;
#109 = DIRECTION ( 'NONE',  ( 1.000000000000000000, 0.000000000000000000, 0.000000000000000000 ) ) ;
#110 = DIRECTION ( 'NONE',  ( 1.000000000000000000, 0.000000000000000000, 0.000000000000000000 ) ) ;
#111 = CARTESIAN_POINT ( 'NONE',  ( -6.624999999999999112, -4.099401806940218940, 0.4461434763661811242 ) ) ;
#112 = VECTOR ( 'NONE', #3891, 39.37007874015748143 ) ;
#113 = CARTESIAN_POINT ( 'NONE',  ( 8.514999999999998792, -0.4931102362204725642, 0.9039245083222339217 ) ) ;
#114 = DIRECTION ( 'NONE',  ( -1.000000000000000000, 0.000000000000000000, 0.000000000000000000 ) ) ;
#115 = ORIENTED_EDGE ( 'NONE', *, *, #3333, .T. ) ;
#116 = VERTEX_POINT ( 'NONE', #4526 ) ;
#117 = VERTEX_POINT ( 'NONE', #3646 ) ;
#118 = AXIS2_PLACEMENT_3D ( 'NONE', #4236, #3814, #1284 ) ;
#119 = AXIS2_PLACEMENT_3D ( 'NONE', #5199, #5563, #4280 ) ;
#120 = ORIENTED_EDGE ( 'NONE', *, *, #2467, .F. ) ;
#121 = EDGE_CURVE ( 'NONE', #4444, #713, #2728, .T. ) ;
#122 = CARTESIAN_POINT ( 'NONE',  ( -6.624999999999999112, -2.118110236220473119, 1.750000000000000000 ) ) ;
#123 = CARTESIAN_POINT ( 'NONE',  ( -6.624999999999999112, -4.080289166714287319, 1.002640306454736674 ) ) ;
#124 = CARTESIAN_POINT ( 'NONE',  ( -6.125000000000000000, -6.379711545037729969, 1.933600421261356006 ) ) ;
#125 = CIRCLE ( 'NONE', #675, 0.3749999999999999445 ) ;
#126 = ORIENTED_EDGE ( 'NONE', *, *, #3167, .F. ) ;
#127 = ADVANCED_FACE ( 'NONE', ( #4076 ), #536, .F. ) ;
#128 = AXIS2_PLACEMENT_3D ( 'NONE', #1163, #5076, #2909 ) ;
#129 = VECTOR ( 'NONE', #4016, 39.37007874015748143 ) ;
#130 = ADVANCED_FACE ( 'NONE', ( #4963 ), #2227, .F. ) ;
#131 = ORIENTED_EDGE ( 'NONE', *, *, #5506, .T. ) ;
#132 = DIRECTION ( 'NONE',  ( -0.000000000000000000, 1.000000000000000000, 0.000000000000000000 ) ) ;
#133 = ORIENTED_EDGE ( 'NONE', *, *, #5506, .F. ) ;
#134 = CARTESIAN_POINT ( 'NONE',  ( -6.475499999999998479, -0.5000000000000000000, -4.892463962593665846E-17 ) ) ;
#135 = EDGE_LOOP ( 'NONE', ( #3389, #1322, #4799, #5200 ) ) ;
#136 = AXIS2_PLACEMENT_3D ( 'NONE', #1015, #2746, #5290 ) ;
#137 = CIRCLE ( 'NONE', #1206, 0.2500000000000000000 ) ;
#138 = EDGE_LOOP ( 'NONE', ( #3212, #2704, #5494, #264 ) ) ;
#139 = AXIS2_PLACEMENT_3D ( 'NONE', #1776, #3875, #1361 ) ;
#140 = LINE ( 'NONE', #231, #2991 ) ;
#141 = LINE ( 'NONE', #1844, #3555 ) ;
#142 = ORIENTED_EDGE ( 'NONE', *, *, #2602, .F. ) ;
#143 = EDGE_CURVE ( 'NONE', #1586, #3439, #4183, .T. ) ;
#144 = AXIS2_PLACEMENT_3D ( 'NONE', #4416, #4811, #3503 ) ;
#145 = CARTESIAN_POINT ( 'NONE',  ( -6.339800068500831998, -0.4058523162541988194, 0.2484559603799201266 ) ) ;
#146 = VECTOR ( 'NONE', #161, 39.37007874015748143 ) ;
#147 = CARTESIAN_POINT ( 'NONE',  ( -4.433018566799289850, -2.577447444184754133, 0.1745180392802265223 ) ) ;
#148 = CARTESIAN_POINT ( 'NONE',  ( 8.514999999999998792, -6.335826773779526633, 1.010826773779529120 ) ) ;
#149 = VECTOR ( 'NONE', #1666, 39.37007874015748854 ) ;
#150 = CARTESIAN_POINT ( 'NONE',  ( -6.125000000000000000, -2.518110236220472142, 0.000000000000000000 ) ) ;
#151 = CARTESIAN_POINT ( 'NONE',  ( -6.277423813956783505, -3.810379740625795542, 0.9978822026927609556 ) ) ;
#152 = EDGE_LOOP ( 'NONE', ( #4825, #5588, #3785, #4082, #3695, #5043 ) ) ;
#153 = EDGE_LOOP ( 'NONE', ( #2874, #1339 ) ) ;
#154 = EDGE_CURVE ( 'NONE', #1279, #1794, #3405, .T. ) ;
#155 = VERTEX_POINT ( 'NONE', #4653 ) ;
#156 = DIRECTION ( 'NONE',  ( 0.000000000000000000, 0.000000000000000000, -1.000000000000000000 ) ) ;
#157 = CARTESIAN_POINT ( 'NONE',  ( -6.624999999999999112, -5.946062989999999715, 1.010826773779529120 ) ) ;
#158 = DIRECTION ( 'NONE',  ( -0.000000000000000000, -0.000000000000000000, -1.000000000000000000 ) ) ;
#159 = VERTEX_POINT ( 'NONE', #771 ) ;
#160 = PLANE ( 'NONE',  #604 ) ;
#161 = DIRECTION ( 'NONE',  ( -1.000000000000000000, -0.000000000000000000, -0.000000000000000000 ) ) ;
#162 = VERTEX_POINT ( 'NONE', #5536 ) ;
#163 = CARTESIAN_POINT ( 'NONE',  ( -6.125000000000000000, -2.000000000000000444, 1.874999999999999556 ) ) ;
#164 = EDGE_CURVE ( 'NONE', #1436, #4332, #4091, .T. ) ;
#165 = VERTEX_POINT ( 'NONE', #1219 ) ;
#166 = DIRECTION ( 'NONE',  ( -0.000000000000000000, -0.000000000000000000, -1.000000000000000000 ) ) ;
#167 = VERTEX_POINT ( 'NONE', #5202 ) ;
#168 = EDGE_CURVE ( 'NONE', #1854, #3132, #3868, .T. ) ;
#169 = CARTESIAN_POINT ( 'NONE',  ( -6.374999999999997335, -4.503937010000000463, 1.750000000000000000 ) ) ;
#170 = CARTESIAN_POINT ( 'NONE',  ( -6.125000000000000000, -2.118110236220472675, 1.874999999999999556 ) ) ;
#171 = ORIENTED_EDGE ( 'NONE', *, *, #3306, .T. ) ;
#172 = EDGE_CURVE ( 'NONE', #2289, #3531, #2545, .T. ) ;
#173 = CARTESIAN_POINT ( 'NONE',  ( -6.351126945805718016, -0.4023254974659379313, 0.2021324126260297671 ) ) ;
#174 = DIRECTION ( 'NONE',  ( 0.000000000000000000, 0.000000000000000000, 1.000000000000000000 ) ) ;
#175 = DIRECTION ( 'NONE',  ( 0.000000000000000000, 0.000000000000000000, 1.000000000000000000 ) ) ;
#176 = FACE_OUTER_BOUND ( 'NONE', #945, .T. ) ;
#177 = VERTEX_POINT ( 'NONE', #2655 ) ;
#178 = ORIENTED_EDGE ( 'NONE', *, *, #2601, .T. ) ;
#179 = ORIENTED_EDGE ( 'NONE', *, *, #5050, .T. ) ;
#180 = SURFACE_STYLE_FILL_AREA ( #3143 ) ;
#181 = CARTESIAN_POINT ( 'NONE',  ( -6.410188108489157877, -0.4058475883144309071, 1.501467510041328612 ) ) ;
#182 = DIRECTION ( 'NONE',  ( 0.000000000000000000, -1.000000000000000000, -0.000000000000000000 ) ) ;
#183 = CARTESIAN_POINT ( 'NONE',  ( 8.514999999999998792, -0.7541423743140727165, 0.8254164168266536761 ) ) ;
#184 = CARTESIAN_POINT ( 'NONE',  ( -6.286043743925471716, -1.701978934738370919, 0.3764681722812411868 ) ) ;
#185 = DIRECTION ( 'NONE',  ( 0.000000000000000000, 0.000000000000000000, 1.000000000000000000 ) ) ;
#186 = LINE ( 'NONE', #1167, #2829 ) ;
#187 = ORIENTED_EDGE ( 'NONE', *, *, #3323, .T. ) ;
#188 = DIRECTION ( 'NONE',  ( 0.000000000000000000, 0.000000000000000000, -1.000000000000000000 ) ) ;
#189 = ORIENTED_EDGE ( 'NONE', *, *, #2858, .T. ) ;
#190 = CARTESIAN_POINT ( 'NONE',  ( -6.290185603486609267, -4.558211217213022692, 0.3954900190432988905 ) ) ;
#191 = ADVANCED_FACE ( 'NONE', ( #3428, #4368 ), #3034, .F. ) ;
#192 = VERTEX_POINT ( 'NONE', #2623 ) ;
#193 = EDGE_CURVE ( 'NONE', #1472, #4397, #2369, .T. ) ;
#194 = CARTESIAN_POINT ( 'NONE',  ( -6.125000000000000000, -1.647511745032586905, 1.163419978411005529 ) ) ;
#195 = ORIENTED_EDGE ( 'NONE', *, *, #193, .F. ) ;
#196 = CARTESIAN_POINT ( 'NONE',  ( -6.331750872786297002, -0.4090737025838530050, 0.4100486620861167886 ) ) ;
#197 = ORIENTED_EDGE ( 'NONE', *, *, #2801, .F. ) ;
#198 = CARTESIAN_POINT ( 'NONE',  ( -6.375000000000000000, 0.5000000000000000000, 0.2375000000000014322 ) ) ;
#199 = EDGE_CURVE ( 'NONE', #3165, #5069, #1715, .T. ) ;
#200 = VECTOR ( 'NONE', #4839, 39.37007874015748143 ) ;
#201 = CARTESIAN_POINT ( 'NONE',  ( -6.125000000000000000, -2.000000000000000444, 1.749999999999999556 ) ) ;
#202 = DIRECTION ( 'NONE',  ( 1.000000000000000000, -0.000000000000000000, -0.000000000000000000 ) ) ;
#203 = CARTESIAN_POINT ( 'NONE',  ( -6.624999999999999112, -4.009567221782097235, 1.134766412947940672 ) ) ;
#204 = VERTEX_POINT ( 'NONE', #3534 ) ;
#205 = CONICAL_SURFACE ( 'NONE', #3080, 0.07950000000000007061, 1.029744258676656754 ) ;
#206 = ORIENTED_EDGE ( 'NONE', *, *, #4383, .T. ) ;
#207 = AXIS2_PLACEMENT_3D ( 'NONE', #518, #4784, #3398 ) ;
#208 = ORIENTED_EDGE ( 'NONE', *, *, #416, .F. ) ;
#209 = DIRECTION ( 'NONE',  ( 0.000000000000000000, 0.000000000000000000, 1.000000000000000000 ) ) ;
#210 = SURFACE_STYLE_USAGE ( .BOTH. , #1880 ) ;
#211 = DIRECTION ( 'NONE',  ( 1.000000000000000000, -0.000000000000000000, -0.000000000000000000 ) ) ;
#212 = DIRECTION ( 'NONE',  ( 0.000000000000000000, -1.000000000000000000, 0.000000000000000000 ) ) ;
#213 = CARTESIAN_POINT ( 'NONE',  ( -6.243110236220472231, 2.652276394531333236E-16, 0.4749999999999997002 ) ) ;
#214 = ORIENTED_EDGE ( 'NONE', *, *, #4662, .F. ) ;
#215 = AXIS2_PLACEMENT_3D ( 'NONE', #4829, #1864, #3580 ) ;
#216 = EDGE_CURVE ( 'NONE', #3974, #5514, #3732, .T. ) ;
#217 = VECTOR ( 'NONE', #2808, 39.37007874015748143 ) ;
#218 = LINE ( 'NONE', #3174, #696 ) ;
#219 = CARTESIAN_POINT ( 'NONE',  ( -6.375000000000000000, -3.953609334557723454, 1.217644123204584927 ) ) ;
#220 = VECTOR ( 'NONE', #5342, 39.37007874015748143 ) ;
#221 = AXIS2_PLACEMENT_3D ( 'NONE', #2108, #431, #2141 ) ;
#222 = LINE ( 'NONE', #4173, #2190 ) ;
#223 = VERTEX_POINT ( 'NONE', #4708 ) ;
#224 = CARTESIAN_POINT ( 'NONE',  ( -6.375000000000001776, -5.699999999999998401, 0.5300000000000001377 ) ) ;
#225 = ORIENTED_EDGE ( 'NONE', *, *, #2006, .T. ) ;
#226 = CIRCLE ( 'NONE', #5382, 0.1004999999999996452 ) ;
#227 = CIRCLE ( 'NONE', #495, 0.1181102362204725503 ) ;
#228 = EDGE_CURVE ( 'NONE', #3874, #4815, #2600, .T. ) ;
#229 = ORIENTED_EDGE ( 'NONE', *, *, #5450, .F. ) ;
#230 = VECTOR ( 'NONE', #4266, 39.37007874015748143 ) ;
#231 = CARTESIAN_POINT ( 'NONE',  ( -6.243110236220472231, -5.299999999999999822, 1.750000000000000000 ) ) ;
#232 = VERTEX_POINT ( 'NONE', #1309 ) ;
#233 = CARTESIAN_POINT ( 'NONE',  ( -6.349206871447275802, -0.4026482448896758770, 0.4171455223287398040 ) ) ;
#234 = ORIENTED_EDGE ( 'NONE', *, *, #743, .T. ) ;
#235 = CIRCLE ( 'NONE', #3386, 0.1181102362204724116 ) ;
#236 = CIRCLE ( 'NONE', #4201, 0.2500000000000003331 ) ;
#237 = EDGE_LOOP ( 'NONE', ( #4899, #5578, #3779 ) ) ;
#238 = CARTESIAN_POINT ( 'NONE',  ( -6.277423813956783505, -3.270677038116681423, 0.6791694692302063796 ) ) ;
#239 = AXIS2_PLACEMENT_3D ( 'NONE', #3169, #3142, #4479 ) ;
#240 = CARTESIAN_POINT ( 'NONE',  ( -6.410962081473636331, -0.4061544953955893988, 0.2319948944488374465 ) ) ;
#241 = EDGE_CURVE ( 'NONE', #5224, #2640, #440, .T. ) ;
#242 = ORIENTED_EDGE ( 'NONE', *, *, #1362, .T. ) ;
#243 = VECTOR ( 'NONE', #4312, 39.37007874015748143 ) ;
#244 = EDGE_LOOP ( 'NONE', ( #1577, #2691, #4281 ) ) ;
#245 = ADVANCED_FACE ( 'NONE', ( #410 ), #2176, .F. ) ;
#246 = DIRECTION ( 'NONE',  ( 1.000000000000000000, 0.000000000000000000, 0.000000000000000000 ) ) ;
#247 = AXIS2_PLACEMENT_3D ( 'NONE', #3468, #2475, #4263 ) ;
#248 = AXIS2_PLACEMENT_3D ( 'NONE', #5490, #3318, #4199 ) ;
#249 = CARTESIAN_POINT ( 'NONE',  ( 8.514999999999998792, -0.9017594713191711131, 1.256889763779527325 ) ) ;
#250 = CYLINDRICAL_SURFACE ( 'NONE', #4289, 0.05905511811023627516 ) ;
#251 = CYLINDRICAL_SURFACE ( 'NONE', #4206, 0.1181102362204724116 ) ;
#252 = DIRECTION ( 'NONE',  ( -1.000000000000000000, 0.000000000000000000, 0.000000000000000000 ) ) ;
#253 = DIRECTION ( 'NONE',  ( -1.000000000000000000, -0.000000000000000000, -0.000000000000000000 ) ) ;
#254 = EDGE_CURVE ( 'NONE', #5413, #3043, #92, .T. ) ;
#255 = CARTESIAN_POINT ( 'NONE',  ( -6.375000000000000000, -1.499999999999998446, 1.375000000000000000 ) ) ;
#256 = CARTESIAN_POINT ( 'NONE',  ( -6.243110236220472231, -2.518110236220472586, -0.1249999999999999584 ) ) ;
#257 = ORIENTED_EDGE ( 'NONE', *, *, #3782, .T. ) ;
#258 = CARTESIAN_POINT ( 'NONE',  ( -6.125000000000000000, -5.946062989999999715, 1.010826773779529120 ) ) ;
#259 = CARTESIAN_POINT ( 'NONE',  ( -6.473945802683918060, -4.525085738909077726, 0.4238356856343313828 ) ) ;
#260 = EDGE_LOOP ( 'NONE', ( #1783, #1266, #828, #2890 ) ) ;
#261 = CARTESIAN_POINT ( 'NONE',  ( -6.375000000000000000, 0.000000000000000000, 0.2375000000000014322 ) ) ;
#262 = ORIENTED_EDGE ( 'NONE', *, *, #4215, .F. ) ;
#263 = DIRECTION ( 'NONE',  ( -0.000000000000000000, -0.000000000000000000, 1.000000000000000000 ) ) ;
#264 = ORIENTED_EDGE ( 'NONE', *, *, #199, .T. ) ;
#265 = ADVANCED_FACE ( 'NONE', ( #1273 ), #3488, .F. ) ;
#266 = CARTESIAN_POINT ( 'NONE',  ( -6.375000000000000000, -2.493145339161162433, 1.082685566649765896 ) ) ;
#267 = CARTESIAN_POINT ( 'NONE',  ( -6.624999999999999112, -6.200984252499999627, 1.674212009999999973 ) ) ;
#268 = ORIENTED_EDGE ( 'NONE', *, *, #1558, .F. ) ;
#269 = EDGE_CURVE ( 'NONE', #807, #2725, #5251, .T. ) ;
#270 = CARTESIAN_POINT ( 'NONE',  ( -6.395016009705740245, -0.4014046176535747690, 1.473096459318396834 ) ) ;
#271 = CARTESIAN_POINT ( 'NONE',  ( -6.125000000000000000, -7.549999999999999822, 0.2500000000000000555 ) ) ;
#272 = EDGE_CURVE ( 'NONE', #4426, #1794, #5232, .T. ) ;
#273 = CARTESIAN_POINT ( 'NONE',  ( -6.375000000000000000, -2.431654971802257315, 0.9460186861186288265 ) ) ;
#274 = FACE_OUTER_BOUND ( 'NONE', #2132, .T. ) ;
#275 = ORIENTED_EDGE ( 'NONE', *, *, #1939, .T. ) ;
#276 = DIRECTION ( 'NONE',  ( -1.000000000000000000, -0.000000000000000000, -0.000000000000000000 ) ) ;
#277 = EDGE_CURVE ( 'NONE', #2954, #859, #525, .T. ) ;
#278 = EDGE_LOOP ( 'NONE', ( #1172, #3822, #5037, #2047 ) ) ;
#279 = DIRECTION ( 'NONE',  ( -0.000000000000000000, 0.03432432496962176116, 0.9994107467479924622 ) ) ;
#280 = CARTESIAN_POINT ( 'NONE',  ( -6.624999999999999112, -7.174999999999999822, -0.1250000000000001110 ) ) ;
#281 = CARTESIAN_POINT ( 'NONE',  ( -6.624999999999999112, -4.199342881615018896, 0.4495759088631432476 ) ) ;
#282 = FACE_OUTER_BOUND ( 'NONE', #4181, .T. ) ;
#283 = VERTEX_POINT ( 'NONE', #3893 ) ;
#284 = DIRECTION ( 'NONE',  ( -0.000000000000000000, -0.000000000000000000, -1.000000000000000000 ) ) ;
#285 = EDGE_CURVE ( 'NONE', #1689, #608, #1452, .T. ) ;
#286 = ORIENTED_EDGE ( 'NONE', *, *, #1057, .F. ) ;
#287 = DIRECTION ( 'NONE',  ( 0.000000000000000000, -1.000000000000000000, 0.000000000000000000 ) ) ;
#288 = CARTESIAN_POINT ( 'NONE',  ( -6.380496267773712482, -0.3995000000000004103, 0.1904534499058372632 ) ) ;
#289 = ORIENTED_EDGE ( 'NONE', *, *, #3682, .T. ) ;
#290 = VECTOR ( 'NONE', #1960, 39.37007874015748143 ) ;
#291 = CARTESIAN_POINT ( 'NONE',  ( -6.624999999999999112, -3.957041767054685799, 1.117703048529785637 ) ) ;
#292 = CARTESIAN_POINT ( 'NONE',  ( -6.624999999999999112, -5.768374849879879918, 2.100000000000000089 ) ) ;
#293 = CARTESIAN_POINT ( 'NONE',  ( -6.380496267773715147, -0.3995000000000009654, 1.465453449905838479 ) ) ;
#294 = DIRECTION ( 'NONE',  ( 0.000000000000000000, 0.000000000000000000, -1.000000000000000000 ) ) ;
#295 = CYLINDRICAL_SURFACE ( 'NONE', #3750, 0.1329999999999999238 ) ;
#296 = DIRECTION ( 'NONE',  ( 0.000000000000000000, 0.000000000000000000, -1.000000000000000000 ) ) ;
#297 = AXIS2_PLACEMENT_3D ( 'NONE', #5430, #3288, #2407 ) ;
#298 = ORIENTED_EDGE ( 'NONE', *, *, #2409, .T. ) ;
#299 = DIRECTION ( 'NONE',  ( -1.000000000000000000, 0.000000000000000000, 0.000000000000000000 ) ) ;
#300 = EDGE_CURVE ( 'NONE', #3681, #223, #2731, .T. ) ;
#301 = AXIS2_PLACEMENT_3D ( 'NONE', #1335, #1792, #2972 ) ;
#302 = ADVANCED_FACE ( 'NONE', ( #1690 ), #854, .F. ) ;
#303 = ORIENTED_EDGE ( 'NONE', *, *, #2271, .F. ) ;
#304 = ORIENTED_EDGE ( 'NONE', *, *, #1760, .T. ) ;
#305 = LINE ( 'NONE', #3161, #4941 ) ;
#306 = CARTESIAN_POINT ( 'NONE',  ( -6.624999999999999112, -0.9564965289588419628, 1.046895075161945465 ) ) ;
#307 = AXIS2_PLACEMENT_3D ( 'NONE', #3432, #3840, #5570 ) ;
#308 = ORIENTED_EDGE ( 'NONE', *, *, #650, .F. ) ;
#309 = CARTESIAN_POINT ( 'NONE',  ( -6.624999999999999112, -0.9017594713191711131, 1.256889763779527325 ) ) ;
#310 = AXIS2_PLACEMENT_3D ( 'NONE', #5441, #653, #3273 ) ;
#311 = ADVANCED_FACE ( 'NONE', ( #3350 ), #1320, .F. ) ;
#312 = DIRECTION ( 'NONE',  ( 1.000000000000000000, 0.000000000000000000, 0.000000000000000000 ) ) ;
#313 = DIRECTION ( 'NONE',  ( 1.000000000000000000, 0.000000000000000000, -0.000000000000000000 ) ) ;
#314 = ORIENTED_EDGE ( 'NONE', *, *, #4624, .T. ) ;
#315 = AXIS2_PLACEMENT_3D ( 'NONE', #42, #3463, #3492 ) ;
#316 = DIRECTION ( 'NONE',  ( 0.000000000000000000, 0.000000000000000000, 1.000000000000000000 ) ) ;
#317 = DIRECTION ( 'NONE',  ( -1.000000000000000000, 0.000000000000000000, 0.000000000000000000 ) ) ;
#318 = VECTOR ( 'NONE', #2942, 39.37007874015748143 ) ;
#319 = CIRCLE ( 'NONE', #2579, 0.1004999999999996452 ) ;
#320 = DIRECTION ( 'NONE',  ( 1.000000000000000000, -0.000000000000000000, -0.000000000000000000 ) ) ;
#321 = DIRECTION ( 'NONE',  ( -1.000000000000000000, -0.000000000000000000, -0.000000000000000000 ) ) ;
#322 = ORIENTED_EDGE ( 'NONE', *, *, #515, .F. ) ;
#323 = DIRECTION ( 'NONE',  ( 0.000000000000000000, -0.03432432496962136564, -0.9994107467479923512 ) ) ;
#324 = AXIS2_PLACEMENT_3D ( 'NONE', #4528, #1905, #2281 ) ;
#325 = CARTESIAN_POINT ( 'NONE',  ( -6.624999999999999112, -6.799999999999999822, 0.4687499999999995004 ) ) ;
#326 = ADVANCED_FACE ( 'NONE', ( #358, #4262 ), #4667, .F. ) ;
#327 = FACE_OUTER_BOUND ( 'NONE', #4042, .T. ) ;
#328 = ORIENTED_EDGE ( 'NONE', *, *, #193, .T. ) ;
#329 = DIRECTION ( 'NONE',  ( -0.000000000000000000, -0.000000000000000000, -1.000000000000000000 ) ) ;
#330 = EDGE_LOOP ( 'NONE', ( #2057, #4989, #2697, #2985, #3686, #1160 ) ) ;
#331 = EDGE_CURVE ( 'NONE', #3568, #4178, #1806, .T. ) ;
#332 = VERTEX_POINT ( 'NONE', #1257 ) ;
#333 = DIRECTION ( 'NONE',  ( -1.000000000000000000, -0.000000000000000000, -0.000000000000000000 ) ) ;
#334 = CARTESIAN_POINT ( 'NONE',  ( -6.624999999999999112, -5.299999999999999822, 1.750000000000000000 ) ) ;
#335 = DIRECTION ( 'NONE',  ( -1.000000000000000000, 0.000000000000000000, 0.000000000000000000 ) ) ;
#336 = VERTEX_POINT ( 'NONE', #450 ) ;
#337 = EDGE_CURVE ( 'NONE', #2870, #5310, #783, .T. ) ;
#338 = CARTESIAN_POINT ( 'NONE',  ( -6.279782167852652641, -0.4671894226414050610, 0.3777021999746635883 ) ) ;
#339 = CIRCLE ( 'NONE', #5415, 0.1562499999999997224 ) ;
#340 = ORIENTED_EDGE ( 'NONE', *, *, #2245, .F. ) ;
#341 = DIRECTION ( 'NONE',  ( 0.000000000000000000, 0.000000000000000000, -1.000000000000000000 ) ) ;
#342 = FACE_OUTER_BOUND ( 'NONE', #1613, .T. ) ;
#343 = ORIENTED_EDGE ( 'NONE', *, *, #3830, .F. ) ;
#344 = DIRECTION ( 'NONE',  ( -0.000000000000000000, -0.000000000000000000, -1.000000000000000000 ) ) ;
#345 = CARTESIAN_POINT ( 'NONE',  ( -6.624999999999999112, -4.037911439581312933, 0.3094765958350453317 ) ) ;
#346 = CARTESIAN_POINT ( 'NONE',  ( -6.506889763779526881, -2.118110236220473119, 1.874999999999999556 ) ) ;
#347 = DIRECTION ( 'NONE',  ( 0.000000000000000000, 0.000000000000000000, 1.000000000000000000 ) ) ;
#348 = ORIENTED_EDGE ( 'NONE', *, *, #2302, .F. ) ;
#349 = CARTESIAN_POINT ( 'NONE',  ( -6.380491735491164107, -1.649497917965774274, 0.4004478680383349309 ) ) ;
#350 = DIRECTION ( 'NONE',  ( 0.000000000000000000, 0.000000000000000000, -1.000000000000000000 ) ) ;
#351 = EDGE_CURVE ( 'NONE', #1245, #5509, #2503, .T. ) ;
#352 = LINE ( 'NONE', #2062, #2554 ) ;
#353 = EDGE_LOOP ( 'NONE', ( #2764, #5257, #308, #4859 ) ) ;
#354 = LINE ( 'NONE', #2921, #4470 ) ;
#355 = CYLINDRICAL_SURFACE ( 'NONE', #1936, 0.1004999999999996452 ) ;
#356 = ORIENTED_EDGE ( 'NONE', *, *, #2608, .T. ) ;
#357 = ORIENTED_EDGE ( 'NONE', *, *, #4808, .T. ) ;
#358 = FACE_BOUND ( 'NONE', #952, .T. ) ;
#359 = CARTESIAN_POINT ( 'NONE',  ( -6.125000000000000000, -5.299999999999999822, 1.128937010000001573 ) ) ;
#360 = CARTESIAN_POINT ( 'NONE',  ( -6.624999999999999112, -6.200984252499999627, 1.564812010000000475 ) ) ;
#361 = VERTEX_POINT ( 'NONE', #2098 ) ;
#362 = CARTESIAN_POINT ( 'NONE',  ( -6.282133895035191706, -0.4610562091870541446, 0.3792736905020073213 ) ) ;
#363 = EDGE_CURVE ( 'NONE', #223, #4064, #2458, .T. ) ;
#364 = EDGE_CURVE ( 'NONE', #2954, #3681, #1635, .T. ) ;
#365 = ORIENTED_EDGE ( 'NONE', *, *, #285, .F. ) ;
#366 = DIRECTION ( 'NONE',  ( 0.000000000000000000, 0.000000000000000000, 1.000000000000000000 ) ) ;
#367 = DIRECTION ( 'NONE',  ( 0.000000000000000000, 0.000000000000000000, -1.000000000000000000 ) ) ;
#368 = EDGE_CURVE ( 'NONE', #4426, #4516, #4547, .T. ) ;
#369 = ORIENTED_EDGE ( 'NONE', *, *, #5330, .T. ) ;
#370 = EDGE_CURVE ( 'NONE', #2326, #116, #4817, .T. ) ;
#371 = DIRECTION ( 'NONE',  ( -1.000000000000000000, 0.000000000000000000, 0.000000000000000000 ) ) ;
#372 = CARTESIAN_POINT ( 'NONE',  ( -6.624999999999999112, -5.946062989999999715, 1.010826773779529120 ) ) ;
#373 = CARTESIAN_POINT ( 'NONE',  ( -6.356999999999999318, -5.799999999999998934, 1.725000000000000311 ) ) ;
#374 = FACE_OUTER_BOUND ( 'NONE', #1775, .T. ) ;
#375 = VERTEX_POINT ( 'NONE', #2186 ) ;
#376 = CARTESIAN_POINT ( 'NONE',  ( -6.417592866545986041, -1.658331750714839403, 0.3940127404742287398 ) ) ;
#377 = DIRECTION ( 'NONE',  ( 0.000000000000000000, 1.734723475976807489E-15, -1.000000000000000000 ) ) ;
#378 = AXIS2_PLACEMENT_3D ( 'NONE', #5556, #733, #341 ) ;
#379 = CARTESIAN_POINT ( 'NONE',  ( -6.375000000000000000, -3.984339064865171753, 0.3228960767065788828 ) ) ;
#380 = ADVANCED_FACE ( 'NONE', ( #5131 ), #25, .F. ) ;
#381 = ORIENTED_EDGE ( 'NONE', *, *, #5324, .F. ) ;
#382 = CARTESIAN_POINT ( 'NONE',  ( -6.374999999999997335, -4.503937010000000463, 0.000000000000000000 ) ) ;
#383 = DIRECTION ( 'NONE',  ( 0.000000000000000000, -1.000000000000000000, 2.689493738687667823E-16 ) ) ;
#384 = ORIENTED_EDGE ( 'NONE', *, *, #364, .T. ) ;
#385 = ORIENTED_EDGE ( 'NONE', *, *, #4855, .F. ) ;
#386 = CARTESIAN_POINT ( 'NONE',  ( -6.125000000000000000, -1.195882546459554163, 0.6250000000000000000 ) ) ;
#387 = DIRECTION ( 'NONE',  ( 0.000000000000000000, 0.000000000000000000, -1.000000000000000000 ) ) ;
#388 = CARTESIAN_POINT ( 'NONE',  ( -4.433018566799289850, -4.080289166714287319, 1.002640306454737118 ) ) ;
#389 = ORIENTED_EDGE ( 'NONE', *, *, #143, .T. ) ;
#390 = LINE ( 'NONE', #731, #230 ) ;
#391 = PRODUCT_DEFINITION_SHAPE ( 'NONE', 'NONE',  #2821 ) ;
#392 = AXIS2_PLACEMENT_3D ( 'NONE', #3517, #3092, #296 ) ;
#393 = AXIS2_PLACEMENT_3D ( 'NONE', #1143, #4948, #294 ) ;
#394 = EDGE_CURVE ( 'NONE', #5514, #1891, #506, .T. ) ;
#395 = VERTEX_POINT ( 'NONE', #4008 ) ;
#396 = CIRCLE ( 'NONE', #1116, 0.1181102362204724116 ) ;
#397 = AXIS2_PLACEMENT_3D ( 'NONE', #791, #5590, #843 ) ;
#398 = DIRECTION ( 'NONE',  ( -0.000000000000000000, 0.000000000000000000, 1.000000000000000000 ) ) ;
#399 = DIRECTION ( 'NONE',  ( 0.000000000000000000, 0.000000000000000000, 1.000000000000000000 ) ) ;
#400 = AXIS2_PLACEMENT_3D ( 'NONE', #4615, #5595, #2455 ) ;
#401 = VECTOR ( 'NONE', #3046, 39.37007874015748143 ) ;
#402 = DIRECTION ( 'NONE',  ( -1.000000000000000000, -0.000000000000000000, -0.000000000000000000 ) ) ;
#403 = DIRECTION ( 'NONE',  ( 0.000000000000000000, 0.000000000000000000, 1.000000000000000000 ) ) ;
#404 = EDGE_CURVE ( 'NONE', #4239, #3466, #5552, .T. ) ;
#405 = CARTESIAN_POINT ( 'NONE',  ( -6.125000000000000000, -4.149999999999999467, -0.1249999999999997780 ) ) ;
#406 = DIRECTION ( 'NONE',  ( -1.000000000000000000, -0.000000000000000000, -0.000000000000000000 ) ) ;
#407 = ORIENTED_EDGE ( 'NONE', *, *, #4900, .F. ) ;
#408 = CIRCLE ( 'NONE', #2923, 0.1250000000000004441 ) ;
#409 = EDGE_CURVE ( 'NONE', #3531, #2931, #100, .T. ) ;
#410 = FACE_OUTER_BOUND ( 'NONE', #4061, .T. ) ;
#411 = DIRECTION ( 'NONE',  ( 0.000000000000000000, 0.7913775161201495045, -0.6113277574096422917 ) ) ;
#412 = LINE ( 'NONE', #5057, #149 ) ;
#413 = AXIS2_PLACEMENT_3D ( 'NONE', #3829, #1658, #1241 ) ;
#414 = VECTOR ( 'NONE', #4347, 39.37007874015748143 ) ;
#415 = CYLINDRICAL_SURFACE ( 'NONE', #3641, 0.07950000000000007061 ) ;
#416 = EDGE_CURVE ( 'NONE', #1168, #3972, #4863, .T. ) ;
#417 = ORIENTED_EDGE ( 'NONE', *, *, #1134, .T. ) ;
#418 = CARTESIAN_POINT ( 'NONE',  ( -6.125000000000000000, -1.661364675642386102, 0.7950353414225330706 ) ) ;
#419 = AXIS2_PLACEMENT_3D ( 'NONE', #2028, #1601, #1183 ) ;
#420 = AXIS2_PLACEMENT_3D ( 'NONE', #2680, #4810, #461 ) ;
#421 = ORIENTED_EDGE ( 'NONE', *, *, #4207, .F. ) ;
#422 = DIRECTION ( 'NONE',  ( 0.000000000000000000, 0.000000000000000000, 1.000000000000000000 ) ) ;
#423 = CARTESIAN_POINT ( 'NONE',  ( -6.125000000000000000, -6.335826773779526633, 1.128937010000001573 ) ) ;
#424 = CARTESIAN_POINT ( 'NONE',  ( -6.350913253185225038, -1.597757283301037612, 1.372852171608706762 ) ) ;
#425 = VERTEX_POINT ( 'NONE', #617 ) ;
#426 = CARTESIAN_POINT ( 'NONE',  ( -6.506889763779526881, 0.5000000000000006661, 1.156889763779527458 ) ) ;
#427 = VERTEX_POINT ( 'NONE', #2634 ) ;
#428 = EDGE_CURVE ( 'NONE', #5066, #4525, #3826, .T. ) ;
#429 = VERTEX_POINT ( 'NONE', #2241 ) ;
#430 = DIRECTION ( 'NONE',  ( 0.000000000000000000, 0.000000000000000000, -1.000000000000000000 ) ) ;
#431 = DIRECTION ( 'NONE',  ( 1.000000000000000000, -0.000000000000000000, -0.000000000000000000 ) ) ;
#432 = ORIENTED_EDGE ( 'NONE', *, *, #5233, .T. ) ;
#433 = CARTESIAN_POINT ( 'NONE',  ( -6.125000000000000000, -0.8220924813015449972, 1.169693441600278883 ) ) ;
#434 = DIRECTION ( 'NONE',  ( 0.000000000000000000, 0.000000000000000000, -1.000000000000000000 ) ) ;
#435 = AXIS2_PLACEMENT_3D ( 'NONE', #2957, #4237, #2158 ) ;
#436 = DIRECTION ( 'NONE',  ( 0.000000000000000000, -5.463695987328526437E-15, -1.000000000000000000 ) ) ;
#437 = CARTESIAN_POINT ( 'NONE',  ( -6.339030195792060063, -0.4061574553338365701, 1.507040736625479438 ) ) ;
#438 = ORIENTED_EDGE ( 'NONE', *, *, #814, .F. ) ;
#439 = VERTEX_POINT ( 'NONE', #3980 ) ;
#440 = LINE ( 'NONE', #4343, #837 ) ;
#441 = EDGE_CURVE ( 'NONE', #103, #4883, #3121, .T. ) ;
#442 = EDGE_CURVE ( 'NONE', #2845, #1794, #3547, .T. ) ;
#443 = FACE_OUTER_BOUND ( 'NONE', #244, .T. ) ;
#444 = DIRECTION ( 'NONE',  ( -1.000000000000000000, -0.000000000000000000, -0.000000000000000000 ) ) ;
#445 = ORIENTED_EDGE ( 'NONE', *, *, #4219, .F. ) ;
#446 = DIRECTION ( 'NONE',  ( 0.000000000000000000, 0.000000000000000000, 1.000000000000000000 ) ) ;
#447 = DIRECTION ( 'NONE',  ( 0.000000000000000000, 0.000000000000000000, -1.000000000000000000 ) ) ;
#448 = EDGE_CURVE ( 'NONE', #1719, #4335, #3636, .T. ) ;
#449 = ORIENTED_EDGE ( 'NONE', *, *, #1899, .F. ) ;
#450 = CARTESIAN_POINT ( 'NONE',  ( -6.125000000000000000, -7.469852007874576039, 0.9242111038198320694 ) ) ;
#451 = DIRECTION ( 'NONE',  ( 0.000000000000000000, -0.6113277574096422917, -0.7913775161201495045 ) ) ;
#452 = DIRECTION ( 'NONE',  ( 1.000000000000000000, -0.000000000000000000, -0.000000000000000000 ) ) ;
#453 = ORIENTED_EDGE ( 'NONE', *, *, #5612, .F. ) ;
#454 = LINE ( 'NONE', #76, #3655 ) ;
#455 = ORIENTED_EDGE ( 'NONE', *, *, #1945, .F. ) ;
#456 = ORIENTED_EDGE ( 'NONE', *, *, #2736, .F. ) ;
#457 = FACE_OUTER_BOUND ( 'NONE', #237, .T. ) ;
#458 = CARTESIAN_POINT ( 'NONE',  ( -6.125000000000000000, -0.6690297976789884027, 0.3749999999999999445 ) ) ;
#459 = EDGE_CURVE ( 'NONE', #2825, #873, #3148, .T. ) ;
#460 = ORIENTED_EDGE ( 'NONE', *, *, #3794, .F. ) ;
#461 = DIRECTION ( 'NONE',  ( 0.000000000000000000, 0.000000000000000000, -1.000000000000000000 ) ) ;
#462 = DIRECTION ( 'NONE',  ( 1.000000000000000000, 0.000000000000000000, 0.000000000000000000 ) ) ;
#463 = CARTESIAN_POINT ( 'NONE',  ( -6.506889763779526881, -3.631889763779527769, 1.874999999999999778 ) ) ;
#464 = CARTESIAN_POINT ( 'NONE',  ( -6.624999999999999112, -1.405762282583708389, 1.125918381627099674 ) ) ;
#465 = ORIENTED_EDGE ( 'NONE', *, *, #650, .T. ) ;
#466 = DIRECTION ( 'NONE',  ( 0.000000000000000000, 0.000000000000000000, 1.000000000000000000 ) ) ;
#467 = DIRECTION ( 'NONE',  ( 0.000000000000000000, 0.000000000000000000, 1.000000000000000000 ) ) ;
#468 = CARTESIAN_POINT ( 'NONE',  ( -6.211555382824847094, -5.304015511902920643, 1.875030140756291264 ) ) ;
#469 = ORIENTED_EDGE ( 'NONE', *, *, #5237, .T. ) ;
#470 = CARTESIAN_POINT ( 'NONE',  ( -6.375000000000000000, -6.799999999999999822, 0.6249999999999992228 ) ) ;
#471 = CIRCLE ( 'NONE', #655, 0.1181102362204725503 ) ;
#472 = VERTEX_POINT ( 'NONE', #3062 ) ;
#473 = DIRECTION ( 'NONE',  ( 0.000000000000000000, 0.000000000000000000, -1.000000000000000000 ) ) ;
#474 = AXIS2_PLACEMENT_3D ( 'NONE', #2504, #2895, #4238 ) ;
#475 = ORIENTED_EDGE ( 'NONE', *, *, #2065, .F. ) ;
#476 = DIRECTION ( 'NONE',  ( 0.000000000000000000, 0.000000000000000000, -1.000000000000000000 ) ) ;
#477 = ORIENTED_EDGE ( 'NONE', *, *, #537, .F. ) ;
#478 = ADVANCED_FACE ( 'NONE', ( #5295 ), #2669, .F. ) ;
#479 = CARTESIAN_POINT ( 'NONE',  ( -6.125000000000000000, -4.835468858908924972, 1.199999999999999956 ) ) ;
#480 = AXIS2_PLACEMENT_3D ( 'NONE', #890, #3384, #3878 ) ;
#481 = FACE_BOUND ( 'NONE', #1031, .T. ) ;
#482 = ORIENTED_EDGE ( 'NONE', *, *, #300, .F. ) ;
#483 = VECTOR ( 'NONE', #2118, 39.37007874015748143 ) ;
#484 = DIRECTION ( 'NONE',  ( -0.000000000000000000, 2.185478394931410969E-15, 1.000000000000000000 ) ) ;
#485 = ADVANCED_FACE ( 'NONE', ( #3177 ), #2267, .F. ) ;
#486 = CIRCLE ( 'NONE', #4641, 0.1181102362204724116 ) ;
#487 = FACE_BOUND ( 'NONE', #1516, .T. ) ;
#488 = CARTESIAN_POINT ( 'NONE',  ( -6.125000000000000000, -1.097903186144404186, 1.750000000000000000 ) ) ;
#489 = DIRECTION ( 'NONE',  ( 0.000000000000000000, 0.000000000000000000, 1.000000000000000000 ) ) ;
#490 = DIRECTION ( 'NONE',  ( -1.000000000000000000, -0.000000000000000000, -0.000000000000000000 ) ) ;
#491 = ORIENTED_EDGE ( 'NONE', *, *, #3307, .T. ) ;
#492 = AXIS2_PLACEMENT_3D ( 'NONE', #1020, #610, #3713 ) ;
#493 = ORIENTED_EDGE ( 'NONE', *, *, #1941, .T. ) ;
#494 = DIRECTION ( 'NONE',  ( -0.000000000000000000, -0.000000000000000000, -1.000000000000000000 ) ) ;
#495 = AXIS2_PLACEMENT_3D ( 'NONE', #5190, #2225, #3938 ) ;
#496 = ORIENTED_EDGE ( 'NONE', *, *, #2002, .F. ) ;
#497 = AXIS2_PLACEMENT_3D ( 'NONE', #4756, #1802, #3497 ) ;
#498 = DIRECTION ( 'NONE',  ( 1.000000000000000000, -0.000000000000000000, -0.000000000000000000 ) ) ;
#499 = CARTESIAN_POINT ( 'NONE',  ( -6.152129287187279694, -5.342382241669643150, 1.878951859302724570 ) ) ;
#500 = VERTEX_POINT ( 'NONE', #4379 ) ;
#501 = DIRECTION ( 'NONE',  ( 0.000000000000000000, 0.000000000000000000, -1.000000000000000000 ) ) ;
#502 = EDGE_CURVE ( 'NONE', #2950, #5060, #5239, .T. ) ;
#503 = DIRECTION ( 'NONE',  ( -0.000000000000000000, 1.000000000000000000, -0.000000000000000000 ) ) ;
#504 = AXIS2_PLACEMENT_3D ( 'NONE', #1088, #2814, #2269 ) ;
#505 = ORIENTED_EDGE ( 'NONE', *, *, #5100, .F. ) ;
#506 = LINE ( 'NONE', #4459, #668 ) ;
#507 = AXIS2_PLACEMENT_3D ( 'NONE', #4482, #182, #2781 ) ;
#508 = CIRCLE ( 'NONE', #1311, 0.1181102362204725503 ) ;
#509 = ORIENTED_EDGE ( 'NONE', *, *, #5195, .T. ) ;
#510 = DIRECTION ( 'NONE',  ( 1.000000000000000000, -0.000000000000000000, -0.000000000000000000 ) ) ;
#511 = VERTEX_POINT ( 'NONE', #2304 ) ;
#512 = AXIS2_PLACEMENT_3D ( 'NONE', #1007, #4471, #174 ) ;
#513 = EDGE_CURVE ( 'NONE', #4398, #4350, #5261, .T. ) ;
#514 = AXIS2_PLACEMENT_3D ( 'NONE', #1632, #5516, #377 ) ;
#515 = EDGE_CURVE ( 'NONE', #3533, #4239, #2219, .T. ) ;
#516 = DIRECTION ( 'NONE',  ( 1.000000000000000000, 0.000000000000000000, 0.000000000000000000 ) ) ;
#517 = DIRECTION ( 'NONE',  ( 1.000000000000000000, -0.000000000000000000, -0.000000000000000000 ) ) ;
#518 = CARTESIAN_POINT ( 'NONE',  ( -4.433018566799289850, -4.067521641679253896, 0.3605720252464228448 ) ) ;
#519 = DIRECTION ( 'NONE',  ( -1.000000000000000000, -0.000000000000000000, -0.000000000000000000 ) ) ;
#520 = DIRECTION ( 'NONE',  ( -1.000000000000000000, -0.000000000000000000, -0.000000000000000000 ) ) ;
#521 = CARTESIAN_POINT ( 'NONE',  ( -6.475499999999994927, -4.497874246440721535, 0.4523252268184181912 ) ) ;
#522 = DIRECTION ( 'NONE',  ( 0.000000000000000000, 0.000000000000000000, -1.000000000000000000 ) ) ;
#523 = EDGE_LOOP ( 'NONE', ( #2443, #646, #3799, #4724 ) ) ;
#524 = ORIENTED_EDGE ( 'NONE', *, *, #5032, .T. ) ;
#525 = LINE ( 'NONE', #902, #4636 ) ;
#526 = CARTESIAN_POINT ( 'NONE',  ( -6.624999999999999112, -1.195882546459554163, 0.3749999999999998890 ) ) ;
#527 = ORIENTED_EDGE ( 'NONE', *, *, #2590, .T. ) ;
#528 = DIRECTION ( 'NONE',  ( 0.000000000000000000, 0.000000000000000000, 1.000000000000000000 ) ) ;
#529 = CARTESIAN_POINT ( 'NONE',  ( -6.235059904279286691, -5.299999999999999822, 1.875000000000000000 ) ) ;
#530 = FACE_OUTER_BOUND ( 'NONE', #3630, .T. ) ;
#531 = ORIENTED_EDGE ( 'NONE', *, *, #228, .T. ) ;
#532 = ORIENTED_EDGE ( 'NONE', *, *, #2862, .F. ) ;
#533 = DIRECTION ( 'NONE',  ( 0.000000000000000000, 5.782411586589358625E-16, 1.000000000000000000 ) ) ;
#534 = FACE_OUTER_BOUND ( 'NONE', #2853, .T. ) ;
#535 = DIRECTION ( 'NONE',  ( 0.000000000000000000, 0.000000000000000000, 1.000000000000000000 ) ) ;
#536 = CYLINDRICAL_SURFACE ( 'NONE', #5545, 0.07950000000000007061 ) ;
#537 = EDGE_CURVE ( 'NONE', #4223, #4917, #3362, .T. ) ;
#538 = ORIENTED_EDGE ( 'NONE', *, *, #78, .F. ) ;
#539 = DIRECTION ( 'NONE',  ( -1.000000000000000000, -0.000000000000000000, -0.000000000000000000 ) ) ;
#540 = CYLINDRICAL_SURFACE ( 'NONE', #324, 0.6250000000000000000 ) ;
#541 = FACE_OUTER_BOUND ( 'NONE', #3774, .T. ) ;
#542 = ADVANCED_FACE ( 'NONE', ( #1365 ), #1779, .F. ) ;
#543 = ORIENTED_EDGE ( 'NONE', *, *, #1696, .T. ) ;
#544 = FACE_OUTER_BOUND ( 'NONE', #3404, .T. ) ;
#545 = ORIENTED_EDGE ( 'NONE', *, *, #4286, .T. ) ;
#546 = EDGE_LOOP ( 'NONE', ( #1263, #2414, #3471, #2970 ) ) ;
#547 = ORIENTED_EDGE ( 'NONE', *, *, #5115, .T. ) ;
#548 = EDGE_CURVE ( 'NONE', #4607, #1801, #746, .T. ) ;
#549 = EDGE_CURVE ( 'NONE', #155, #3439, #4097, .T. ) ;
#550 = VERTEX_POINT ( 'NONE', #1148 ) ;
#551 = DIRECTION ( 'NONE',  ( 0.000000000000000000, 1.000000000000000000, -4.268512490100410416E-16 ) ) ;
#552 = CYLINDRICAL_SURFACE ( 'NONE', #4921, 0.1004999999999985627 ) ;
#553 = CYLINDRICAL_SURFACE ( 'NONE', #4909, 0.4249999999999999889 ) ;
#554 = EDGE_CURVE ( 'NONE', #1436, #961, #3292, .T. ) ;
#555 = ORIENTED_EDGE ( 'NONE', *, *, #2590, .F. ) ;
#556 = ORIENTED_EDGE ( 'NONE', *, *, #3088, .T. ) ;
#557 = DIRECTION ( 'NONE',  ( 0.7547095802227704597, 8.034405899049474753E-17, 0.6560590289905090522 ) ) ;
#558 = ORIENTED_EDGE ( 'NONE', *, *, #2220, .F. ) ;
#559 = AXIS2_PLACEMENT_3D ( 'NONE', #3960, #4760, #4357 ) ;
#560 = VECTOR ( 'NONE', #1201, 39.37007874015748143 ) ;
#561 = LINE ( 'NONE', #649, #3910 ) ;
#562 =( CONVERSION_BASED_UNIT ( 'INCH', #3188 ) LENGTH_UNIT ( ) NAMED_UNIT ( #3183 ) );
#563 = FACE_BOUND ( 'NONE', #2242, .T. ) ;
#564 = ORIENTED_EDGE ( 'NONE', *, *, #1763, .T. ) ;
#565 = CARTESIAN_POINT ( 'NONE',  ( -6.125000000000000000, -2.078882640153934425, 0.3749999999999999445 ) ) ;
#566 = EDGE_CURVE ( 'NONE', #3247, #2748, #2889, .T. ) ;
#567 = CIRCLE ( 'NONE', #1990, 0.1329999999999998406 ) ;
#568 = DIRECTION ( 'NONE',  ( 1.000000000000000000, -0.000000000000000000, -0.000000000000000000 ) ) ;
#569 = CIRCLE ( 'NONE', #833, 0.4499999999999999556 ) ;
#570 = CYLINDRICAL_SURFACE ( 'NONE', #4557, 0.1000000000000000194 ) ;
#571 = DIRECTION ( 'NONE',  ( -1.000000000000000000, -0.000000000000000000, -0.000000000000000000 ) ) ;
#572 = ORIENTED_EDGE ( 'NONE', *, *, #4624, .F. ) ;
#573 = ORIENTED_EDGE ( 'NONE', *, *, #172, .F. ) ;
#574 = EDGE_LOOP ( 'NONE', ( #5294, #3520, #1791, #5610 ) ) ;
#575 = AXIS2_PLACEMENT_3D ( 'NONE', #3606, #1836, #1030 ) ;
#576 = VECTOR ( 'NONE', #1432, 39.37007874015748143 ) ;
#577 = EDGE_CURVE ( 'NONE', #3905, #2326, #186, .T. ) ;
#578 = VERTEX_POINT ( 'NONE', #4123 ) ;
#579 = DIRECTION ( 'NONE',  ( 1.000000000000000000, -0.000000000000000000, -0.000000000000000000 ) ) ;
#580 = DIRECTION ( 'NONE',  ( -1.000000000000000000, -0.000000000000000000, -0.000000000000000000 ) ) ;
#581 = AXIS2_PLACEMENT_3D ( 'NONE', #4600, #1950, #721 ) ;
#582 = CARTESIAN_POINT ( 'NONE',  ( -6.381050962666755311, -1.600501357026209437, 1.372281732734998094 ) ) ;
#583 = AXIS2_PLACEMENT_3D ( 'NONE', #2364, #1483, #4554 ) ;
#584 = VERTEX_POINT ( 'NONE', #3631 ) ;
#585 = CIRCLE ( 'NONE', #1733, 0.1181102362204725503 ) ;
#586 = CONICAL_SURFACE ( 'NONE', #761, 0.2654999999999999583, 0.7155849933176764432 ) ;
#587 = ORIENTED_EDGE ( 'NONE', *, *, #364, .F. ) ;
#588 = DIRECTION ( 'NONE',  ( -0.000000000000000000, 1.000000000000000000, 6.829619984160658046E-17 ) ) ;
#589 = DIRECTION ( 'NONE',  ( 1.000000000000000000, 0.000000000000000000, 0.000000000000000000 ) ) ;
#590 = EDGE_CURVE ( 'NONE', #2789, #177, #2354, .T. ) ;
#591 = VERTEX_POINT ( 'NONE', #5458 ) ;
#592 = DIRECTION ( 'NONE',  ( -0.000000000000000000, -0.000000000000000000, 1.000000000000000000 ) ) ;
#593 = VERTEX_POINT ( 'NONE', #1553 ) ;
#594 = AXIS2_PLACEMENT_3D ( 'NONE', #1747, #3489, #528 ) ;
#595 = AXIS2_PLACEMENT_3D ( 'NONE', #2415, #279, #2951 ) ;
#596 = AXIS2_PLACEMENT_3D ( 'NONE', #1542, #4278, #1141 ) ;
#597 = AXIS2_PLACEMENT_3D ( 'NONE', #1189, #1166, #800 ) ;
#598 = CARTESIAN_POINT ( 'NONE',  ( -6.375000000000000000, -2.488443560568032176, 0.3063392792159908562 ) ) ;
#599 = CARTESIAN_POINT ( 'NONE',  ( -6.474804045989611012, -0.4864231629169070148, 0.3750000000000001110 ) ) ;
#600 = VERTEX_POINT ( 'NONE', #5035 ) ;
#601 = ADVANCED_FACE ( 'NONE', ( #3670 ), #4148, .F. ) ;
#602 = CONICAL_SURFACE ( 'NONE', #597, 0.1004999999999996452, 1.029744258676653423 ) ;
#603 = CYLINDRICAL_SURFACE ( 'NONE', #3759, 0.1181102362204724116 ) ;
#604 = AXIS2_PLACEMENT_3D ( 'NONE', #4486, #3289, #3664 ) ;
#605 = CARTESIAN_POINT ( 'NONE',  ( -4.433018566799289850, -4.042613218174444079, 1.085822883268820149 ) ) ;
#606 = LINE ( 'NONE', #3651, #2555 ) ;
#607 = ORIENTED_EDGE ( 'NONE', *, *, #2601, .F. ) ;
#608 = VERTEX_POINT ( 'NONE', #1473 ) ;
#609 = DIRECTION ( 'NONE',  ( 0.000000000000000000, 0.000000000000000000, 1.000000000000000000 ) ) ;
#610 = DIRECTION ( 'NONE',  ( -0.000000000000000000, -0.000000000000000000, 1.000000000000000000 ) ) ;
#611 = FACE_OUTER_BOUND ( 'NONE', #2119, .T. ) ;
#612 = VERTEX_POINT ( 'NONE', #3213 ) ;
#613 = ORIENTED_EDGE ( 'NONE', *, *, #1086, .F. ) ;
#614 = CARTESIAN_POINT ( 'NONE',  ( -6.125000000000000000, -6.200984252499999627, 1.564812010000000475 ) ) ;
#615 = EDGE_CURVE ( 'NONE', #283, #395, #4463, .T. ) ;
#616 = ORIENTED_EDGE ( 'NONE', *, *, #5152, .F. ) ;
#617 = CARTESIAN_POINT ( 'NONE',  ( -6.375000000000000000, -0.3995000000000009099, 1.559546550094164763 ) ) ;
#618 = EDGE_CURVE ( 'NONE', #5514, #3974, #4013, .T. ) ;
#619 = VERTEX_POINT ( 'NONE', #2434 ) ;
#620 = FACE_OUTER_BOUND ( 'NONE', #1287, .T. ) ;
#621 = VERTEX_POINT ( 'NONE', #5434 ) ;
#622 = DIRECTION ( 'NONE',  ( -1.000000000000000000, -0.000000000000000000, -0.000000000000000000 ) ) ;
#623 = EDGE_CURVE ( 'NONE', #1051, #2687, #1061, .T. ) ;
#624 = ORIENTED_EDGE ( 'NONE', *, *, #3615, .F. ) ;
#625 = CARTESIAN_POINT ( 'NONE',  ( -6.624999999999999112, -1.575307679196802813, 1.375000000000000000 ) ) ;
#626 = ORIENTED_EDGE ( 'NONE', *, *, #5424, .T. ) ;
#627 = CARTESIAN_POINT ( 'NONE',  ( -6.473693968289472522, -0.4799433711560223692, 0.3755629628478153181 ) ) ;
#628 = ORIENTED_EDGE ( 'NONE', *, *, #3316, .F. ) ;
#629 = CARTESIAN_POINT ( 'NONE',  ( -6.339030195792060063, -0.4061574553338361815, 0.2320407366254787218 ) ) ;
#630 = DIRECTION ( 'NONE',  ( 0.000000000000000000, 0.000000000000000000, -1.000000000000000000 ) ) ;
#631 = ADVANCED_FACE ( 'NONE', ( #5492 ), #4517, .F. ) ;
#632 = FACE_BOUND ( 'NONE', #4713, .T. ) ;
#633 = CARTESIAN_POINT ( 'NONE',  ( -6.125000000000000000, -2.000000000000000444, 1.749999999999999556 ) ) ;
#634 = ORIENTED_EDGE ( 'NONE', *, *, #2842, .T. ) ;
#635 = ORIENTED_EDGE ( 'NONE', *, *, #2403, .F. ) ;
#636 = ORIENTED_EDGE ( 'NONE', *, *, #4274, .F. ) ;
#637 = CARTESIAN_POINT ( 'NONE',  ( -6.125000000000000000, -1.722735295240119813, 0.3749999999999999445 ) ) ;
#638 = CARTESIAN_POINT ( 'NONE',  ( -4.433018566799289850, -4.099401806940218940, 0.4461434763661811242 ) ) ;
#639 = LINE ( 'NONE', #4997, #3564 ) ;
#640 = CARTESIAN_POINT ( 'NONE',  ( -6.125000000000000000, -1.647511745032587127, 1.163419978411005751 ) ) ;
#641 = FACE_OUTER_BOUND ( 'NONE', #1354, .T. ) ;
#642 = EDGE_CURVE ( 'NONE', #16, #1871, #1502, .T. ) ;
#643 = CARTESIAN_POINT ( 'NONE',  ( -6.624999999999999112, -6.200984252499999627, 1.439812010000000031 ) ) ;
#644 = ORIENTED_EDGE ( 'NONE', *, *, #4219, .T. ) ;
#645 = CARTESIAN_POINT ( 'NONE',  ( -6.624999999999999112, -2.414591607384101390, 0.9985441408460412616 ) ) ;
#646 = ORIENTED_EDGE ( 'NONE', *, *, #2773, .F. ) ;
#647 = CARTESIAN_POINT ( 'NONE',  ( -6.125000000000000000, -1.416781346178935340E-16, 1.156889763779527236 ) ) ;
#648 = VERTEX_POINT ( 'NONE', #1085 ) ;
#649 = CARTESIAN_POINT ( 'NONE',  ( -6.125000000000000000, -5.799999999999998934, 1.959400000000000475 ) ) ;
#650 = EDGE_CURVE ( 'NONE', #177, #679, #3834, .T. ) ;
#651 = ORIENTED_EDGE ( 'NONE', *, *, #4590, .T. ) ;
#652 = EDGE_CURVE ( 'NONE', #4421, #232, #222, .T. ) ;
#653 = DIRECTION ( 'NONE',  ( -1.000000000000000000, 0.000000000000000000, 0.000000000000000000 ) ) ;
#654 = EDGE_LOOP ( 'NONE', ( #3610, #3310, #4519, #1572 ) ) ;
#655 = AXIS2_PLACEMENT_3D ( 'NONE', #815, #398, #312 ) ;
#656 = VERTEX_POINT ( 'NONE', #2812 ) ;
#657 = CYLINDRICAL_SURFACE ( 'NONE', #773, 0.1181102362204724116 ) ;
#658 = DIRECTION ( 'NONE',  ( -0.000000000000000000, -0.000000000000000000, 1.000000000000000000 ) ) ;
#659 = CARTESIAN_POINT ( 'NONE',  ( -6.375000000000000000, -0.3799999999999998934, 0.3170000000000015028 ) ) ;
#660 = ORIENTED_EDGE ( 'NONE', *, *, #4930, .T. ) ;
#661 = CIRCLE ( 'NONE', #1625, 0.1181102362204724116 ) ;
#662 = ORIENTED_EDGE ( 'NONE', *, *, #2709, .T. ) ;
#663 = EDGE_LOOP ( 'NONE', ( #286, #3892, #3063, #3090 ) ) ;
#664 = EDGE_CURVE ( 'NONE', #4604, #3974, #1118, .T. ) ;
#665 = CARTESIAN_POINT ( 'NONE',  ( -6.407132211589814830, -0.4047613493186674183, 1.490991535089576381 ) ) ;
#666 = FACE_OUTER_BOUND ( 'NONE', #2815, .T. ) ;
#667 = LINE ( 'NONE', #213, #5282 ) ;
#668 = VECTOR ( 'NONE', #73, 39.37007874015748143 ) ;
#669 = VECTOR ( 'NONE', #4165, 39.37007874015748143 ) ;
#670 = CYLINDRICAL_SURFACE ( 'NONE', #5036, 0.1562499999999997224 ) ;
#671 = CARTESIAN_POINT ( 'NONE',  ( -6.375000000000000000, -1.499999999999998446, 1.750000000000000000 ) ) ;
#672 = EDGE_CURVE ( 'NONE', #4490, #192, #1974, .T. ) ;
#673 = CIRCLE ( 'NONE', #307, 0.4249999999999999334 ) ;
#674 = EDGE_LOOP ( 'NONE', ( #5250, #1863, #314, #4406 ) ) ;
#675 = AXIS2_PLACEMENT_3D ( 'NONE', #5476, #3709, #5048 ) ;
#676 = DIRECTION ( 'NONE',  ( 1.000000000000000000, -0.000000000000000000, -0.000000000000000000 ) ) ;
#677 = ORIENTED_EDGE ( 'NONE', *, *, #4867, .T. ) ;
#678 = DIRECTION ( 'NONE',  ( -0.000000000000000000, -0.000000000000000000, -1.000000000000000000 ) ) ;
#679 = VERTEX_POINT ( 'NONE', #2549 ) ;
#680 = VECTOR ( 'NONE', #928, 39.37007874015748143 ) ;
#681 = ORIENTED_EDGE ( 'NONE', *, *, #1868, .T. ) ;
#682 = VECTOR ( 'NONE', #1534, 39.37007874015748143 ) ;
#683 = CARTESIAN_POINT ( 'NONE',  ( -6.624999999999999112, 0.000000000000000000, 0.000000000000000000 ) ) ;
#684 = VERTEX_POINT ( 'NONE', #858 ) ;
#685 = CARTESIAN_POINT ( 'NONE',  ( -6.624999999999999112, -5.299999999999999822, 2.100000000000000089 ) ) ;
#686 = ORIENTED_EDGE ( 'NONE', *, *, #1297, .T. ) ;
#687 = CIRCLE ( 'NONE', #136, 0.05905511811023627516 ) ;
#688 = AXIS2_PLACEMENT_3D ( 'NONE', #1839, #592, #3609 ) ;
#689 = ADVANCED_FACE ( 'NONE', ( #3784 ), #2127, .F. ) ;
#690 = CARTESIAN_POINT ( 'NONE',  ( -6.375000000000000000, -3.270677038116681423, 0.4131694692302065874 ) ) ;
#691 = AXIS2_PLACEMENT_3D ( 'NONE', #3776, #1213, #403 ) ;
#692 = LINE ( 'NONE', #4506, #1997 ) ;
#693 = VECTOR ( 'NONE', #59, 39.37007874015748143 ) ;
#694 = ORIENTED_EDGE ( 'NONE', *, *, #4559, .F. ) ;
#695 = EDGE_CURVE ( 'NONE', #425, #165, #4685, .T. ) ;
#696 = VECTOR ( 'NONE', #1115, 39.37007874015748854 ) ;
#697 = CARTESIAN_POINT ( 'NONE',  ( -6.499999999999999112, -6.200984252499999627, 0.4365157475000004395 ) ) ;
#698 = DIRECTION ( 'NONE',  ( -1.000000000000000000, 0.000000000000000000, 0.000000000000000000 ) ) ;
#699 = ORIENTED_EDGE ( 'NONE', *, *, #3558, .F. ) ;
#700 = DIRECTION ( 'NONE',  ( 0.000000000000000000, -1.170791997284684730E-16, -1.000000000000000000 ) ) ;
#701 = CARTESIAN_POINT ( 'NONE',  ( -6.475500000000001144, -5.699999999999998401, 0.5300000000000001377 ) ) ;
#702 = ORIENTED_EDGE ( 'NONE', *, *, #17, .T. ) ;
#703 = FACE_OUTER_BOUND ( 'NONE', #72, .T. ) ;
#704 = CARTESIAN_POINT ( 'NONE',  ( -6.456224531064491678, -4.563495829287588457, 0.3914322488755411777 ) ) ;
#705 = AXIS2_PLACEMENT_3D ( 'NONE', #3901, #2041, #3437 ) ;
#706 = ORIENTED_EDGE ( 'NONE', *, *, #5606, .T. ) ;
#707 = CARTESIAN_POINT ( 'NONE',  ( -6.125000000000000000, -5.946062989999999715, 2.100000000000000089 ) ) ;
#708 = ORIENTED_EDGE ( 'NONE', *, *, #3656, .F. ) ;
#709 = FACE_OUTER_BOUND ( 'NONE', #1934, .T. ) ;
#710 = DIRECTION ( 'NONE',  ( -1.000000000000000000, 0.000000000000000000, 0.000000000000000000 ) ) ;
#711 = CARTESIAN_POINT ( 'NONE',  ( -6.398814303738784126, -0.4023109854379746109, 0.2020649052921444921 ) ) ;
#712 = EDGE_CURVE ( 'NONE', #4890, #2584, #396, .T. ) ;
#713 = VERTEX_POINT ( 'NONE', #1693 ) ;
#714 = CARTESIAN_POINT ( 'NONE',  ( -6.243110236220472231, -2.118110236220472675, 1.750000000000000000 ) ) ;
#715 = DIRECTION ( 'NONE',  ( 0.000000000000000000, -1.000000000000000000, -1.224646799147353207E-16 ) ) ;
#716 = CYLINDRICAL_SURFACE ( 'NONE', #3010, 0.1562499999999997224 ) ;
#717 = FACE_OUTER_BOUND ( 'NONE', #66, .T. ) ;
#718 = ORIENTED_EDGE ( 'NONE', *, *, #2538, .F. ) ;
#719 = EDGE_CURVE ( 'NONE', #427, #3197, #750, .T. ) ;
#720 = DIRECTION ( 'NONE',  ( -1.000000000000000000, -0.000000000000000000, -0.000000000000000000 ) ) ;
#721 = DIRECTION ( 'NONE',  ( -1.000000000000000000, 0.000000000000000000, 0.000000000000000000 ) ) ;
#722 = ORIENTED_EDGE ( 'NONE', *, *, #1126, .T. ) ;
#723 = DIRECTION ( 'NONE',  ( -0.000000000000000000, 0.000000000000000000, 1.000000000000000000 ) ) ;
#724 = CARTESIAN_POINT ( 'NONE',  ( -6.318491219248564050, -4.587345288155316503, 0.3745502850486327473 ) ) ;
#725 = ADVANCED_FACE ( 'NONE', ( #2089 ), #415, .F. ) ;
#726 = VERTEX_POINT ( 'NONE', #4320 ) ;
#727 = ORIENTED_EDGE ( 'NONE', *, *, #3073, .T. ) ;
#728 = DIRECTION ( 'NONE',  ( -1.000000000000000000, 0.000000000000000000, 0.000000000000000000 ) ) ;
#729 = LINE ( 'NONE', #306, #1894 ) ;
#730 = VERTEX_POINT ( 'NONE', #1224 ) ;
#731 = CARTESIAN_POINT ( 'NONE',  ( -6.125000000000000000, 0.5000000000000002220, 1.274999999999999911 ) ) ;
#732 = B_SPLINE_CURVE_WITH_KNOTS ( 'NONE', 3,
 ( #3576, #5157, #4328, #4059, #4718, #3173, #424, #3880, #1417, #582, #5286, #2261, #2296, #4907, #1259, #4033, #4754, #1700 ),
 .UNSPECIFIED., .F., .F.,
 ( 4, 2, 2, 2, 2, 2, 2, 2, 4 ),
 ( 3.103167691559091397E-17, 0.0004597207585681002033, 0.0009194415171361693985, 0.001379162275704238485, 0.001838883034272307789, 0.002298603792840377309, 0.002758324551408446179, 0.003218045309976515483, 0.003677766068544584786 ),
 .UNSPECIFIED. ) ;
#733 = DIRECTION ( 'NONE',  ( 1.000000000000000000, 0.000000000000000000, 0.000000000000000000 ) ) ;
#734 = CARTESIAN_POINT ( 'NONE',  ( -6.374999999999998224, -0.5000000000000000000, 1.219999999999999751 ) ) ;
#735 = ADVANCED_FACE ( 'NONE', ( #2919 ), #2034, .F. ) ;
#736 = ORIENTED_EDGE ( 'NONE', *, *, #3159, .T. ) ;
#737 = AXIS2_PLACEMENT_3D ( 'NONE', #2534, #1157, #4269 ) ;
#738 = DIRECTION ( 'NONE',  ( 0.000000000000000000, 0.000000000000000000, -1.000000000000000000 ) ) ;
#739 = DIRECTION ( 'NONE',  ( 0.000000000000000000, 0.000000000000000000, 1.000000000000000000 ) ) ;
#740 = DIRECTION ( 'NONE',  ( -0.000000000000000000, 0.000000000000000000, 1.000000000000000000 ) ) ;
#741 = DIRECTION ( 'NONE',  ( 0.000000000000000000, 1.156482317317871725E-15, -1.000000000000000000 ) ) ;
#742 = ORIENTED_EDGE ( 'NONE', *, *, #5068, .F. ) ;
#743 = EDGE_CURVE ( 'NONE', #2156, #656, #5201, .T. ) ;
#744 = CARTESIAN_POINT ( 'NONE',  ( -6.624999999999999112, -2.463535137063221914, 1.031590137238388438 ) ) ;
#745 = ADVANCED_FACE ( 'NONE', ( #5517 ), #2737, .F. ) ;
#746 = LINE ( 'NONE', #3319, #3544 ) ;
#747 = ORIENTED_EDGE ( 'NONE', *, *, #2537, .F. ) ;
#748 = DIRECTION ( 'NONE',  ( 1.000000000000000000, 0.000000000000000000, 0.000000000000000000 ) ) ;
#749 = CARTESIAN_POINT ( 'NONE',  ( -6.475499999999996703, -0.5000000000000000000, 1.750000000000000000 ) ) ;
#750 = CIRCLE ( 'NONE', #3929, 0.2344000000000001083 ) ;
#751 = CIRCLE ( 'NONE', #3370, 0.1181102362204724116 ) ;
#752 = ORIENTED_EDGE ( 'NONE', *, *, #3656, .T. ) ;
#753 = ORIENTED_EDGE ( 'NONE', *, *, #3965, .F. ) ;
#754 = LINE ( 'NONE', #784, #4323 ) ;
#755 = DIRECTION ( 'NONE',  ( 0.000000000000000000, 0.000000000000000000, 1.000000000000000000 ) ) ;
#756 = CIRCLE ( 'NONE', #5473, 0.07950000000000007061 ) ;
#757 = ORIENTED_EDGE ( 'NONE', *, *, #1772, .T. ) ;
#758 = CARTESIAN_POINT ( 'NONE',  ( -6.340631655933101740, -4.435200229870602584, 0.5443584931240000868 ) ) ;
#759 = AXIS2_PLACEMENT_3D ( 'NONE', #878, #983, #1351 ) ;
#760 = EDGE_LOOP ( 'NONE', ( #3792, #4681, #3706, #421 ) ) ;
#761 = AXIS2_PLACEMENT_3D ( 'NONE', #3017, #510, #2137 ) ;
#762 = CARTESIAN_POINT ( 'NONE',  ( -6.499999999999999112, -6.200984252499999627, 1.439812010000000031 ) ) ;
#763 = LINE ( 'NONE', #4245, #4372 ) ;
#764 = ORIENTED_EDGE ( 'NONE', *, *, #3055, .T. ) ;
#765 = LINE ( 'NONE', #2993, #1038 ) ;
#766 = DIRECTION ( 'NONE',  ( 0.000000000000000000, 0.000000000000000000, -1.000000000000000000 ) ) ;
#767 = VECTOR ( 'NONE', #539, 39.37007874015748143 ) ;
#768 = DIRECTION ( 'NONE',  ( 1.000000000000000000, 0.000000000000000000, 0.000000000000000000 ) ) ;
#769 = DIRECTION ( 'NONE',  ( 0.000000000000000000, 0.000000000000000000, -1.000000000000000000 ) ) ;
#770 = VERTEX_POINT ( 'NONE', #379 ) ;
#771 = CARTESIAN_POINT ( 'NONE',  ( -6.624999999999999112, -0.7836045165149219116, 0.5217923160565421936 ) ) ;
#772 = DIRECTION ( 'NONE',  ( -1.000000000000000000, 0.000000000000000000, 0.000000000000000000 ) ) ;
#773 = AXIS2_PLACEMENT_3D ( 'NONE', #2739, #3326, #630 ) ;
#774 = CARTESIAN_POINT ( 'NONE',  ( -6.506889763779526881, -3.750000000000000000, 1.750000000000000000 ) ) ;
#775 = CIRCLE ( 'NONE', #3943, 0.1000000000000000194 ) ;
#776 = LINE ( 'NONE', #1718, #5011 ) ;
#777 = EDGE_CURVE ( 'NONE', #3427, #4890, #673, .T. ) ;
#778 = ORIENTED_EDGE ( 'NONE', *, *, #712, .F. ) ;
#779 = LINE ( 'NONE', #2891, #2750 ) ;
#780 = EDGE_CURVE ( 'NONE', #4176, #932, #1811, .T. ) ;
#781 = ORIENTED_EDGE ( 'NONE', *, *, #908, .T. ) ;
#782 = ORIENTED_EDGE ( 'NONE', *, *, #3542, .F. ) ;
#783 = LINE ( 'NONE', #2133, #3275 ) ;
#784 = CARTESIAN_POINT ( 'NONE',  ( -6.125000000000000000, -7.469852007874576039, 0.9242111038198322914 ) ) ;
#785 = CARTESIAN_POINT ( 'NONE',  ( -6.375000000000000000, -2.574015011687791787, 0.2744591139550258130 ) ) ;
#786 = ORIENTED_EDGE ( 'NONE', *, *, #4612, .T. ) ;
#787 = DIRECTION ( 'NONE',  ( -1.000000000000000000, 0.000000000000000000, 0.000000000000000000 ) ) ;
#788 = EDGE_CURVE ( 'NONE', #4951, #2234, #1911, .T. ) ;
#789 = ORIENTED_EDGE ( 'NONE', *, *, #2290, .F. ) ;
#790 = CARTESIAN_POINT ( 'NONE',  ( -6.375000000000000000, -2.521489556960379463, 0.2573957495368704995 ) ) ;
#791 = CARTESIAN_POINT ( 'NONE',  ( -6.125000000000000000, -5.299999999999999822, 1.750000000000000000 ) ) ;
#792 = VERTEX_POINT ( 'NONE', #801 ) ;
#793 = ADVANCED_FACE ( 'NONE', ( #327 ), #6, .F. ) ;
#794 = DIRECTION ( 'NONE',  ( 0.000000000000000000, -0.03432432496962165708, -0.9994107467479924622 ) ) ;
#795 = CARTESIAN_POINT ( 'NONE',  ( -6.125000000000000000, 0.000000000000000000, 0.000000000000000000 ) ) ;
#796 = CARTESIAN_POINT ( 'NONE',  ( -6.125000000000000000, -5.799999999999998934, 1.596500000000002473 ) ) ;
#797 = PLANE ( 'NONE',  #2452 ) ;
#798 = ORIENTED_EDGE ( 'NONE', *, *, #3035, .F. ) ;
#799 = CARTESIAN_POINT ( 'NONE',  ( -6.385979400488971613, -1.649949067623471377, 0.4000861178189231704 ) ) ;
#800 = DIRECTION ( 'NONE',  ( 1.000000000000000000, 0.000000000000000000, 0.000000000000000000 ) ) ;
#801 = CARTESIAN_POINT ( 'NONE',  ( -6.624999999999999112, -2.118110236220473119, 1.750000000000000000 ) ) ;
#802 = ORIENTED_EDGE ( 'NONE', *, *, #4321, .T. ) ;
#803 = ORIENTED_EDGE ( 'NONE', *, *, #1012, .T. ) ;
#804 = DIRECTION ( 'NONE',  ( -1.000000000000000000, -0.000000000000000000, -0.000000000000000000 ) ) ;
#805 = EDGE_CURVE ( 'NONE', #3974, #3507, #776, .T. ) ;
#806 = EDGE_LOOP ( 'NONE', ( #4462, #1851, #482, #587, #5470, #189, #2097, #1149 ) ) ;
#807 = VERTEX_POINT ( 'NONE', #2496 ) ;
#808 = CARTESIAN_POINT ( 'NONE',  ( 8.514999999999998792, -0.05285860595646864335, -0.06842665293762123513 ) ) ;
#809 = DIRECTION ( 'NONE',  ( 0.000000000000000000, 0.000000000000000000, -1.000000000000000000 ) ) ;
#810 = ORIENTED_EDGE ( 'NONE', *, *, #4092, .T. ) ;
#811 = CARTESIAN_POINT ( 'NONE',  ( -6.381898566180308485, -4.433363932809961661, 0.5479811186858792871 ) ) ;
#812 = EDGE_CURVE ( 'NONE', #2684, #2828, #352, .T. ) ;
#813 = ORIENTED_EDGE ( 'NONE', *, *, #2155, .T. ) ;
#814 = EDGE_CURVE ( 'NONE', #5319, #1642, #3408, .T. ) ;
#815 = CARTESIAN_POINT ( 'NONE',  ( -6.243110236220472231, -4.031889763779526348, 0.000000000000000000 ) ) ;
#816 = DIRECTION ( 'NONE',  ( -1.000000000000000000, -0.000000000000000000, -0.000000000000000000 ) ) ;
#817 = CARTESIAN_POINT ( 'NONE',  ( -6.125000000000000000, -6.200984252499999627, 1.314812009999999587 ) ) ;
#818 = CYLINDRICAL_SURFACE ( 'NONE', #419, 0.1329999999999999238 ) ;
#819 = DIRECTION ( 'NONE',  ( 0.000000000000000000, 0.000000000000000000, -1.000000000000000000 ) ) ;
#820 = DIRECTION ( 'NONE',  ( 0.000000000000000000, 0.000000000000000000, -1.000000000000000000 ) ) ;
#821 = ORIENTED_EDGE ( 'NONE', *, *, #1106, .F. ) ;
#822 = AXIS2_PLACEMENT_3D ( 'NONE', #762, #5528, #4221 ) ;
#823 = CARTESIAN_POINT ( 'NONE',  ( 8.514999999999998792, -0.3750000000000001110, 0.9039245083222339217 ) ) ;
#824 = DIRECTION ( 'NONE',  ( 0.000000000000000000, 0.000000000000000000, -1.000000000000000000 ) ) ;
#825 = FACE_OUTER_BOUND ( 'NONE', #4324, .T. ) ;
#826 = CIRCLE ( 'NONE', #2362, 0.1004999999999996452 ) ;
#827 = DIRECTION ( 'NONE',  ( 0.000000000000000000, 0.000000000000000000, 1.000000000000000000 ) ) ;
#828 = ORIENTED_EDGE ( 'NONE', *, *, #4648, .T. ) ;
#829 = CARTESIAN_POINT ( 'NONE',  ( -6.125000000000000000, -5.715435745937957890, 2.548670605612995743 ) ) ;
#830 = ADVANCED_FACE ( 'NONE', ( #4345 ), #1390, .T. ) ;
#831 = EDGE_CURVE ( 'NONE', #500, #3579, #1022, .T. ) ;
#832 = ORIENTED_EDGE ( 'NONE', *, *, #2531, .F. ) ;
#833 = AXIS2_PLACEMENT_3D ( 'NONE', #869, #2755, #834 ) ;
#834 = DIRECTION ( 'NONE',  ( 0.000000000000000000, 0.000000000000000000, -1.000000000000000000 ) ) ;
#835 = ORIENTED_EDGE ( 'NONE', *, *, #4984, .T. ) ;
#836 = CARTESIAN_POINT ( 'NONE',  ( -6.442254314370012835, -4.440114740013483718, 0.5349932916794131188 ) ) ;
#837 = VECTOR ( 'NONE', #4284, 39.37007874015748143 ) ;
#838 = AXIS2_PLACEMENT_3D ( 'NONE', #2879, #2051, #1706 ) ;
#839 = ORIENTED_EDGE ( 'NONE', *, *, #448, .T. ) ;
#840 = AXIS2_PLACEMENT_3D ( 'NONE', #1359, #580, #5284 ) ;
#841 = AXIS2_PLACEMENT_3D ( 'NONE', #2254, #3945, #522 ) ;
#842 = DIRECTION ( 'NONE',  ( -1.000000000000000000, 0.000000000000000000, 0.000000000000000000 ) ) ;
#843 = DIRECTION ( 'NONE',  ( 0.000000000000000000, -0.000000000000000000, -1.000000000000000000 ) ) ;
#844 = ADVANCED_FACE ( 'NONE', ( #3924 ), #2179, .F. ) ;
#845 = CARTESIAN_POINT ( 'NONE',  ( -6.624999999999999112, -2.211389727133741712, 0.07594921294933874856 ) ) ;
#846 = CIRCLE ( 'NONE', #4741, 0.1004999999999996452 ) ;
#847 = EDGE_CURVE ( 'NONE', #4586, #1754, #3490, .T. ) ;
#848 = CARTESIAN_POINT ( 'NONE',  ( -6.125000000000000000, -3.810379740625795542, 0.8648822026927610596 ) ) ;
#849 = CARTESIAN_POINT ( 'NONE',  ( -6.243110236220472231, -4.149999999999999467, -0.1249999999999997780 ) ) ;
#850 = CARTESIAN_POINT ( 'NONE',  ( -6.624999999999999112, -0.4931102362204725642, 0.9039245083222339217 ) ) ;
#851 = AXIS2_PLACEMENT_3D ( 'NONE', #2319, #3166, #4901 ) ;
#852 = CARTESIAN_POINT ( 'NONE',  ( -6.624999999999999112, -0.3750000000000000555, 0.4931102362204723977 ) ) ;
#853 = ORIENTED_EDGE ( 'NONE', *, *, #3667, .F. ) ;
#854 = PLANE ( 'NONE',  #1996 ) ;
#855 = AXIS2_PLACEMENT_3D ( 'NONE', #5533, #5511, #739 ) ;
#856 = AXIS2_PLACEMENT_3D ( 'NONE', #3336, #371, #5051 ) ;
#857 = CARTESIAN_POINT ( 'NONE',  ( -6.375000000000000000, -1.195882546459554163, 0.8750000000000001110 ) ) ;
#858 = CARTESIAN_POINT ( 'NONE',  ( -6.624999999999999112, -6.799999999999999822, 0.8749999999999995559 ) ) ;
#859 = VERTEX_POINT ( 'NONE', #3976 ) ;
#860 = DIRECTION ( 'NONE',  ( 1.000000000000000000, 0.000000000000000000, 0.000000000000000000 ) ) ;
#861 = CONICAL_SURFACE ( 'NONE', #2123, 0.2654999999999999583, 0.7155849933176764432 ) ;
#862 = AXIS2_PLACEMENT_3D ( 'NONE', #671, #5373, #2352 ) ;
#863 = CARTESIAN_POINT ( 'NONE',  ( -6.374999999999997335, -4.503937010000000463, 0.000000000000000000 ) ) ;
#864 = EDGE_CURVE ( 'NONE', #1187, #1271, #1551, .T. ) ;
#865 = ORIENTED_EDGE ( 'NONE', *, *, #1181, .F. ) ;
#866 = AXIS2_PLACEMENT_3D ( 'NONE', #5313, #2578, #36 ) ;
#867 = DIRECTION ( 'NONE',  ( 0.000000000000000000, 0.000000000000000000, -1.000000000000000000 ) ) ;
#868 = CYLINDRICAL_SURFACE ( 'NONE', #1235, 0.1004999999999996452 ) ;
#869 = CARTESIAN_POINT ( 'NONE',  ( -6.125000000000000000, -4.835468858908924972, 0.7500000000000001110 ) ) ;
#870 = ORIENTED_EDGE ( 'NONE', *, *, #4769, .F. ) ;
#871 = DIRECTION ( 'NONE',  ( 0.000000000000000000, -1.000000000000000000, -5.463695987328527423E-16 ) ) ;
#872 = ORIENTED_EDGE ( 'NONE', *, *, #5001, .T. ) ;
#873 = VERTEX_POINT ( 'NONE', #937 ) ;
#874 = CARTESIAN_POINT ( 'NONE',  ( -6.125000000000000000, -1.195882546459554163, 0.6250000000000000000 ) ) ;
#875 = FACE_BOUND ( 'NONE', #4544, .T. ) ;
#876 = DIRECTION ( 'NONE',  ( -1.000000000000000000, 0.000000000000000000, 0.000000000000000000 ) ) ;
#877 = DIRECTION ( 'NONE',  ( 0.000000000000000000, 0.000000000000000000, -1.000000000000000000 ) ) ;
#878 = CARTESIAN_POINT ( 'NONE',  ( 8.514999999999998792, -5.946062989999999715, 1.128937010000001573 ) ) ;
#879 = CARTESIAN_POINT ( 'NONE',  ( -6.345039193103877651, -0.4040178078393039107, 1.486183675017577865 ) ) ;
#880 = ORIENTED_EDGE ( 'NONE', *, *, #2658, .T. ) ;
#881 = ORIENTED_EDGE ( 'NONE', *, *, #4338, .F. ) ;
#882 = CARTESIAN_POINT ( 'NONE',  ( -6.375000000000001776, -5.699999999999998401, 0.5300000000000001377 ) ) ;
#883 = DIRECTION ( 'NONE',  ( -1.000000000000000000, -0.000000000000000000, -0.000000000000000000 ) ) ;
#884 = EDGE_CURVE ( 'NONE', #3978, #3197, #4796, .T. ) ;
#885 = CARTESIAN_POINT ( 'NONE',  ( -6.125590947639484085, -5.404294270179716086, 1.900477545959088133 ) ) ;
#886 = ADVANCED_FACE ( 'NONE', ( #68 ), #1774, .F. ) ;
#887 = ORIENTED_EDGE ( 'NONE', *, *, #5266, .T. ) ;
#888 = DIRECTION ( 'NONE',  ( -1.000000000000000000, 0.000000000000000000, 0.000000000000000000 ) ) ;
#889 = ORIENTED_EDGE ( 'NONE', *, *, #3667, .T. ) ;
#890 = CARTESIAN_POINT ( 'NONE',  ( -6.624999999999999112, -7.174999999999999822, 0.2499999999999999167 ) ) ;
#891 = ORIENTED_EDGE ( 'NONE', *, *, #4766, .T. ) ;
#892 = CARTESIAN_POINT ( 'NONE',  ( -6.375000000000000000, 0.000000000000000000, 1.512500000000001510 ) ) ;
#893 = CYLINDRICAL_SURFACE ( 'NONE', #2177, 0.1181102362204724116 ) ;
#894 = LINE ( 'NONE', #2248, #401 ) ;
#895 = PLANE ( 'NONE',  #4630 ) ;
#896 = LINE ( 'NONE', #1349, #4574 ) ;
#897 = DIRECTION ( 'NONE',  ( -1.000000000000000000, 0.000000000000000000, 0.000000000000000000 ) ) ;
#898 = ADVANCED_FACE ( 'NONE', ( #3575, #4449 ), #3058, .T. ) ;
#899 = CARTESIAN_POINT ( 'NONE',  ( -6.471533524320278730, -4.475469496010497927, 0.4798602078990508724 ) ) ;
#900 = DIRECTION ( 'NONE',  ( 0.000000000000000000, -0.000000000000000000, -1.000000000000000000 ) ) ;
#901 = ORIENTED_EDGE ( 'NONE', *, *, #4274, .T. ) ;
#902 = CARTESIAN_POINT ( 'NONE',  ( 8.514999999999998792, -1.722735295240119813, 0.3749999999999999445 ) ) ;
#903 = ORIENTED_EDGE ( 'NONE', *, *, #2299, .F. ) ;
#904 = DIRECTION ( 'NONE',  ( 0.000000000000000000, 0.000000000000000000, -1.000000000000000000 ) ) ;
#905 = CARTESIAN_POINT ( 'NONE',  ( -6.375000000000000000, -2.577447444184754133, 0.1745180392802265223 ) ) ;
#906 = ORIENTED_EDGE ( 'NONE', *, *, #1498, .F. ) ;
#907 = CARTESIAN_POINT ( 'NONE',  ( -6.375000000000000000, -0.3799999999999998934, 1.512500000000001510 ) ) ;
#908 = EDGE_CURVE ( 'NONE', #1642, #2003, #1729, .T. ) ;
#909 = CARTESIAN_POINT ( 'NONE',  ( -4.433018566799289850, -2.331713897127457802, 0.9425862536216667031 ) ) ;
#910 = VECTOR ( 'NONE', #2509, 39.37007874015748143 ) ;
#911 = EDGE_CURVE ( 'NONE', #81, #1236, #67, .T. ) ;
#912 = EDGE_LOOP ( 'NONE', ( #2408, #2500, #477, #2067 ) ) ;
#913 = DIRECTION ( 'NONE',  ( 0.000000000000000000, -1.224646799147352961E-16, 1.000000000000000000 ) ) ;
#914 = AXIS2_PLACEMENT_3D ( 'NONE', #1563, #2959, #4180 ) ;
#915 = ORIENTED_EDGE ( 'NONE', *, *, #2883, .T. ) ;
#916 = LINE ( 'NONE', #1323, #3291 ) ;
#917 = ADVANCED_FACE ( 'NONE', ( #2689 ), #552, .F. ) ;
#918 = ORIENTED_EDGE ( 'NONE', *, *, #3955, .F. ) ;
#919 = CARTESIAN_POINT ( 'NONE',  ( -6.274499999999997968, -4.503937010000000463, 0.4457194827810530002 ) ) ;
#920 = AXIS2_PLACEMENT_3D ( 'NONE', #5348, #1442, #46 ) ;
#921 = LINE ( 'NONE', #22, #4923 ) ;
#922 = VECTOR ( 'NONE', #1859, 39.37007874015748854 ) ;
#923 = ORIENTED_EDGE ( 'NONE', *, *, #3412, .T. ) ;
#924 = AXIS2_PLACEMENT_3D ( 'NONE', #3115, #1748, #3171 ) ;
#925 = CONICAL_SURFACE ( 'NONE', #838, 0.2655000000000002358, 0.7155849933176774424 ) ;
#926 = FACE_BOUND ( 'NONE', #1510, .T. ) ;
#927 = CARTESIAN_POINT ( 'NONE',  ( -4.433018566799289850, -4.009567221782097235, 1.134766412947940672 ) ) ;
#928 = DIRECTION ( 'NONE',  ( 1.049727191138620051E-16, 0.5150380749100522682, -0.8571673007021134438 ) ) ;
#929 = DIRECTION ( 'NONE',  ( 0.000000000000000000, 0.000000000000000000, -1.000000000000000000 ) ) ;
#930 = EDGE_LOOP ( 'NONE', ( #3409, #328, #2727, #1840, #3155, #789 ) ) ;
#931 = VECTOR ( 'NONE', #4767, 39.37007874015748143 ) ;
#932 = VERTEX_POINT ( 'NONE', #123 ) ;
#933 = DIRECTION ( 'NONE',  ( -1.000000000000000000, 0.000000000000000000, 0.000000000000000000 ) ) ;
#934 = ORIENTED_EDGE ( 'NONE', *, *, #1249, .T. ) ;
#935 = AXIS2_PLACEMENT_3D ( 'NONE', #1757, #4407, #871 ) ;
#936 = CARTESIAN_POINT ( 'NONE',  ( -6.624999999999999112, 0.5000000000000002220, 1.274999999999999911 ) ) ;
#937 = CARTESIAN_POINT ( 'NONE',  ( -6.506889763779526881, -2.000000000000000444, 1.874999999999999556 ) ) ;
#938 = ORIENTED_EDGE ( 'NONE', *, *, #1324, .F. ) ;
#939 = VECTOR ( 'NONE', #1717, 39.37007874015748143 ) ;
#940 = AXIS2_PLACEMENT_3D ( 'NONE', #907, #5604, #4374 ) ;
#941 = VERTEX_POINT ( 'NONE', #1828 ) ;
#942 = DIRECTION ( 'NONE',  ( 1.000000000000000000, 0.000000000000000000, 0.000000000000000000 ) ) ;
#943 = AXIS2_PLACEMENT_3D ( 'NONE', #5315, #3999, #1827 ) ;
#944 = AXIS2_PLACEMENT_3D ( 'NONE', #1328, #3048, #2738 ) ;
#945 = EDGE_LOOP ( 'NONE', ( #4370, #1403, #4081, #1025 ) ) ;
#946 = ADVANCED_FACE ( 'NONE', ( #1416 ), #716, .F. ) ;
#947 = CARTESIAN_POINT ( 'NONE',  ( -6.375000000000000000, -0.3799999999999998934, 1.512500000000001510 ) ) ;
#948 = ORIENTED_EDGE ( 'NONE', *, *, #4773, .F. ) ;
#949 = AXIS2_PLACEMENT_3D ( 'NONE', #808, #451, #1725 ) ;
#950 = AXIS2_PLACEMENT_3D ( 'NONE', #3894, #1356, #4400 ) ;
#951 = EDGE_CURVE ( 'NONE', #1989, #165, #756, .T. ) ;
#952 = EDGE_LOOP ( 'NONE', ( #4814, #4292 ) ) ;
#953 = DIRECTION ( 'NONE',  ( 1.000000000000000000, 0.000000000000000000, 0.000000000000000000 ) ) ;
#954 = EDGE_CURVE ( 'NONE', #2258, #1451, #3097, .T. ) ;
#955 = CARTESIAN_POINT ( 'NONE',  ( -6.506889763779526881, -2.518110236220472142, 0.000000000000000000 ) ) ;
#956 = CARTESIAN_POINT ( 'NONE',  ( -6.351089732528529375, -0.4023361627051010303, 0.2728087544601132119 ) ) ;
#957 = CARTESIAN_POINT ( 'NONE',  ( -6.624999999999999112, -6.335826773779526633, 0.6210629900000018688 ) ) ;
#958 = DIRECTION ( 'NONE',  ( -0.000000000000000000, -0.000000000000000000, 1.000000000000000000 ) ) ;
#959 = DIRECTION ( 'NONE',  ( 0.000000000000000000, 0.000000000000000000, 1.000000000000000000 ) ) ;
#960 = CARTESIAN_POINT ( 'NONE',  ( -6.125000000000000000, 2.652276394531333236E-16, 0.4749999999999997002 ) ) ;
#961 = VERTEX_POINT ( 'NONE', #697 ) ;
#962 = ORIENTED_EDGE ( 'NONE', *, *, #4867, .F. ) ;
#963 = ORIENTED_EDGE ( 'NONE', *, *, #2037, .T. ) ;
#964 = EDGE_CURVE ( 'NONE', #425, #162, #4049, .T. ) ;
#965 = ORIENTED_EDGE ( 'NONE', *, *, #3498, .F. ) ;
#966 = CARTESIAN_POINT ( 'NONE',  ( -6.227140681157608881, -5.300814506541120963, 1.874995781188283139 ) ) ;
#967 = CARTESIAN_POINT ( 'NONE',  ( -6.624999999999999112, -1.661364675642386324, 0.7950353414225332926 ) ) ;
#968 = ORIENTED_EDGE ( 'NONE', *, *, #1358, .T. ) ;
#969 = CARTESIAN_POINT ( 'NONE',  ( -6.375000000000000000, 0.5000000000000000000, 1.512500000000001510 ) ) ;
#970 = ORIENTED_EDGE ( 'NONE', *, *, #2709, .F. ) ;
#971 = DIRECTION ( 'NONE',  ( 0.000000000000000000, -6.829619984160658046E-17, 1.000000000000000000 ) ) ;
#972 = ADVANCED_FACE ( 'NONE', ( #5485 ), #250, .F. ) ;
#973 = ORIENTED_EDGE ( 'NONE', *, *, #4140, .F. ) ;
#974 = CARTESIAN_POINT ( 'NONE',  ( -6.506889763779526881, -4.031889763779526348, 0.000000000000000000 ) ) ;
#975 = EDGE_LOOP ( 'NONE', ( #4359, #3, #45, #3603, #4329, #3758, #4507, #4446, #469 ) ) ;
#976 = CARTESIAN_POINT ( 'NONE',  ( -6.375000000000000000, -0.3799999999999998934, 0.2375000000000014322 ) ) ;
#977 = FACE_BOUND ( 'NONE', #2771, .T. ) ;
#978 = EDGE_LOOP ( 'NONE', ( #3737, #1461, #2670, #5616 ) ) ;
#979 = ADVANCED_FACE ( 'NONE', ( #1142 ), #5453, .F. ) ;
#980 = CARTESIAN_POINT ( 'NONE',  ( -6.364071560426731722, -0.3999883800836883663, 0.1922628428932875722 ) ) ;
#981 = EDGE_CURVE ( 'NONE', #4436, #3266, #4650, .T. ) ;
#982 = CARTESIAN_POINT ( 'NONE',  ( -6.624999999999999112, -3.984339064865171309, 0.3228960767065788828 ) ) ;
#983 = DIRECTION ( 'NONE',  ( -0.000000000000000000, 1.000000000000000000, 0.000000000000000000 ) ) ;
#984 = CARTESIAN_POINT ( 'NONE',  ( -6.125000000000000000, -6.799999999999999822, 0.6249999999999992228 ) ) ;
#985 = ORIENTED_EDGE ( 'NONE', *, *, #2299, .T. ) ;
#986 = ORIENTED_EDGE ( 'NONE', *, *, #805, .F. ) ;
#987 = VERTEX_POINT ( 'NONE', #2322 ) ;
#988 = CARTESIAN_POINT ( 'NONE',  ( -6.624999999999999112, -2.062983729403350175, 1.074144136046395914 ) ) ;
#989 = EDGE_LOOP ( 'NONE', ( #4494, #262, #662, #2268 ) ) ;
#990 = PRESENTATION_STYLE_ASSIGNMENT (( #210 ) ) ;
#991 = CARTESIAN_POINT ( 'NONE',  ( -6.135532351794488193, -5.368773405943163546, 1.885637278824389806 ) ) ;
#992 = CARTESIAN_POINT ( 'NONE',  ( -6.356999999999999318, -5.799999999999998934, 1.596500000000002029 ) ) ;
#993 = ORIENTED_EDGE ( 'NONE', *, *, #121, .F. ) ;
#994 = VERTEX_POINT ( 'NONE', #2864 ) ;
#995 = DIRECTION ( 'NONE',  ( -1.000000000000000000, 0.000000000000000000, 0.000000000000000000 ) ) ;
#996 = ADVANCED_FACE ( 'NONE', ( #4595, #1496, #4057 ), #4945, .F. ) ;
#997 = ORIENTED_EDGE ( 'NONE', *, *, #1849, .F. ) ;
#998 = LINE ( 'NONE', #4011, #4564 ) ;
#999 = ORIENTED_EDGE ( 'NONE', *, *, #2048, .F. ) ;
#1000 = VECTOR ( 'NONE', #1652, 39.37007874015748143 ) ;
#1001 = VECTOR ( 'NONE', #3640, 39.37007874015748143 ) ;
#1002 = LINE ( 'NONE', #625, #3356 ) ;
#1003 = CARTESIAN_POINT ( 'NONE',  ( -6.506889763779526881, -2.118110236220473119, 1.750000000000000000 ) ) ;
#1004 = ORIENTED_EDGE ( 'NONE', *, *, #4331, .F. ) ;
#1005 = AXIS2_PLACEMENT_3D ( 'NONE', #3964, #3100, #3986 ) ;
#1006 = DIRECTION ( 'NONE',  ( -1.000000000000000000, -0.000000000000000000, -0.000000000000000000 ) ) ;
#1007 = CARTESIAN_POINT ( 'NONE',  ( -6.375000000000000000, -3.270677038116681423, 0.5461694692302064835 ) ) ;
#1008 = CONICAL_SURFACE ( 'NONE', #3922, 0.1004999999999996452, 1.029744258676652979 ) ;
#1009 = CARTESIAN_POINT ( 'NONE',  ( -6.624999999999999112, -0.6690297976789886247, 0.4931102362204723977 ) ) ;
#1010 = CYLINDRICAL_SURFACE ( 'NONE', #1812, 0.1284999999999978104 ) ;
#1011 = ORIENTED_EDGE ( 'NONE', *, *, #2129, .F. ) ;
#1012 = EDGE_CURVE ( 'NONE', #204, #4152, #4827, .T. ) ;
#1013 = ORIENTED_EDGE ( 'NONE', *, *, #3615, .T. ) ;
#1014 = AXIS2_PLACEMENT_3D ( 'NONE', #386, #3467, #422 ) ;
#1015 = CARTESIAN_POINT ( 'NONE',  ( -6.624999999999999112, -4.042613218174444079, 1.085822883268820149 ) ) ;
#1016 = AXIS2_PLACEMENT_3D ( 'NONE', #5248, #88, #1817 ) ;
#1017 = ORIENTED_EDGE ( 'NONE', *, *, #3040, .F. ) ;
#1018 = EDGE_CURVE ( 'NONE', #1472, #1168, #1464, .T. ) ;
#1019 = CARTESIAN_POINT ( 'NONE',  ( -6.125000000000000000, -6.064173226220472834, 1.128937010000001573 ) ) ;
#1020 = CARTESIAN_POINT ( 'NONE',  ( -6.374999999999998224, -0.5000000000000000000, 1.750000000000000000 ) ) ;
#1021 = DIRECTION ( 'NONE',  ( 0.000000000000000000, 0.000000000000000000, 1.000000000000000000 ) ) ;
#1022 = CIRCLE ( 'NONE', #1376, 0.1562499999999997224 ) ;
#1023 = CARTESIAN_POINT ( 'NONE',  ( -6.274499999999998856, -0.5000000000000000000, 1.750000000000000000 ) ) ;
#1024 = EDGE_CURVE ( 'NONE', #4954, #3340, #2780, .T. ) ;
#1025 = ORIENTED_EDGE ( 'NONE', *, *, #1059, .T. ) ;
#1026 = CARTESIAN_POINT ( 'NONE',  ( -6.274499999999997968, -4.503937010000000463, 1.219999999999999751 ) ) ;
#1027 = VECTOR ( 'NONE', #2116, 39.37007874015748143 ) ;
#1028 = CIRCLE ( 'NONE', #4652, 0.1250000000000004441 ) ;
#1029 = ORIENTED_EDGE ( 'NONE', *, *, #5253, .T. ) ;
#1030 = DIRECTION ( 'NONE',  ( 0.000000000000000000, 0.000000000000000000, 1.000000000000000000 ) ) ;
#1031 = EDGE_LOOP ( 'NONE', ( #4003, #2532 ) ) ;
#1032 = CARTESIAN_POINT ( 'NONE',  ( -6.624999999999999112, -3.631889763779527769, 1.750000000000000000 ) ) ;
#1033 = VERTEX_POINT ( 'NONE', #1518 ) ;
#1034 = VECTOR ( 'NONE', #2603, 39.37007874015748143 ) ;
#1035 = VECTOR ( 'NONE', #4955, 39.37007874015748143 ) ;
#1036 = CARTESIAN_POINT ( 'NONE',  ( -6.475500000000000256, -4.514245154550929229, 0.4344881418689714447 ) ) ;
#1037 = EDGE_CURVE ( 'NONE', #1070, #5365, #3257, .T. ) ;
#1038 = VECTOR ( 'NONE', #2488, 39.37007874015748143 ) ;
#1039 = DIRECTION ( 'NONE',  ( -1.000000000000000000, 0.000000000000000000, 0.000000000000000000 ) ) ;
#1040 = CARTESIAN_POINT ( 'NONE',  ( -6.381985846717328492, -0.3995175079946131080, 0.4210655978558133228 ) ) ;
#1041 = VERTEX_POINT ( 'NONE', #4996 ) ;
#1042 = CIRCLE ( 'NONE', #2762, 0.3749999999999999445 ) ;
#1043 = VECTOR ( 'NONE', #2236, 39.37007874015748143 ) ;
#1044 = CARTESIAN_POINT ( 'NONE',  ( -6.125000000000000000, -3.270677038116681423, 0.2806694692302063032 ) ) ;
#1045 = DIRECTION ( 'NONE',  ( 0.000000000000000000, 0.000000000000000000, 1.000000000000000000 ) ) ;
#1046 = CYLINDRICAL_SURFACE ( 'NONE', #1714, 0.05905511811023627516 ) ;
#1047 = DIRECTION ( 'NONE',  ( 0.000000000000000000, 0.000000000000000000, -1.000000000000000000 ) ) ;
#1048 = ORIENTED_EDGE ( 'NONE', *, *, #2706, .T. ) ;
#1049 = ORIENTED_EDGE ( 'NONE', *, *, #3718, .F. ) ;
#1050 = CARTESIAN_POINT ( 'NONE',  ( -6.624999999999999112, -5.799999999999998934, 1.725000000000000311 ) ) ;
#1051 = VERTEX_POINT ( 'NONE', #2834 ) ;
#1052 = DIRECTION ( 'NONE',  ( -0.000000000000000000, 1.000000000000000000, -0.000000000000000000 ) ) ;
#1053 = DIRECTION ( 'NONE',  ( -1.000000000000000000, -0.000000000000000000, -0.000000000000000000 ) ) ;
#1054 = DIRECTION ( 'NONE',  ( 0.000000000000000000, 1.000000000000000000, -2.689493738687667823E-16 ) ) ;
#1055 = AXIS2_PLACEMENT_3D ( 'NONE', #5349, #4830, #589 ) ;
#1056 = CARTESIAN_POINT ( 'NONE',  ( -6.278269002515445507, -1.722735295240119813, 0.3749999999999999445 ) ) ;
#1057 = EDGE_CURVE ( 'NONE', #4308, #439, #5053, .T. ) ;
#1058 = CARTESIAN_POINT ( 'NONE',  ( -6.125000000000000000, 0.5000000000000002220, 1.274999999999999911 ) ) ;
#1059 = EDGE_CURVE ( 'NONE', #3012, #873, #4249, .T. ) ;
#1060 = EDGE_LOOP ( 'NONE', ( #4956, #1418, #4209, #1889 ) ) ;
#1061 = LINE ( 'NONE', #2787, #1639 ) ;
#1062 = ORIENTED_EDGE ( 'NONE', *, *, #2783, .F. ) ;
#1063 = DIRECTION ( 'NONE',  ( -0.8571673007021117785, 1.049727191138617956E-16, 0.5150380749100550437 ) ) ;
#1064 = ORIENTED_EDGE ( 'NONE', *, *, #1972, .F. ) ;
#1065 = CYLINDRICAL_SURFACE ( 'NONE', #1319, 0.3750000000000001110 ) ;
#1066 = EDGE_LOOP ( 'NONE', ( #3535, #2255, #4256, #545 ) ) ;
#1067 = DIRECTION ( 'NONE',  ( 0.000000000000000000, 0.000000000000000000, 1.000000000000000000 ) ) ;
#1068 = ORIENTED_EDGE ( 'NONE', *, *, #2154, .F. ) ;
#1069 = DIRECTION ( 'NONE',  ( 0.000000000000000000, 0.000000000000000000, -1.000000000000000000 ) ) ;
#1070 = VERTEX_POINT ( 'NONE', #2968 ) ;
#1071 = EDGE_CURVE ( 'NONE', #3224, #2130, #3890, .T. ) ;
#1072 = DIRECTION ( 'NONE',  ( 0.000000000000000000, 0.000000000000000000, -1.000000000000000000 ) ) ;
#1073 = DIRECTION ( 'NONE',  ( -1.000000000000000000, -0.000000000000000000, -0.000000000000000000 ) ) ;
#1074 = B_SPLINE_CURVE_WITH_KNOTS ( 'NONE', 3,
 ( #4129, #1036, #259, #1507, #1953, #3701, #704, #5464, #2767, #5437, #1527, #1557, #4151, #1977, #3297, #5039, #1151, #4495, #2872, #4603, #724, #1892, #3219, #2332, #190, #2438, #5383, #1479, #2792, #4628 ),
 .UNSPECIFIED., .F., .F.,
 ( 4, 2, 2, 2, 2, 2, 2, 2, 2, 2, 2, 2, 2, 2, 4 ),
 ( 0.002696172711294378584, 0.003842206931942613278, 0.004415224042266716747, 0.004988241152590821084, 0.005561258262914925421, 0.006134275373239028890, 0.006707292483563133227, 0.007280309593887236697, 0.007853326704211341033, 0.008426343814535445370, 0.008999360924859549707, 0.009572378035183652309, 0.01014539514550775665, 0.01071841225583185925, 0.01186444647648004364 ),
 .UNSPECIFIED. ) ;
#1075 = LINE ( 'NONE', #3683, #3353 ) ;
#1076 = CARTESIAN_POINT ( 'NONE',  ( -6.274736441539996434, -0.4931102362204725087, 0.3749999999999999445 ) ) ;
#1077 = EDGE_LOOP ( 'NONE', ( #4196, #3354, #2353, #1522 ) ) ;
#1078 = EDGE_CURVE ( 'NONE', #332, #2828, #1819, .T. ) ;
#1079 = CARTESIAN_POINT ( 'NONE',  ( -6.375000000000000000, -0.3799999999999998934, 1.512500000000001510 ) ) ;
#1080 =( NAMED_UNIT ( * ) SI_UNIT ( $, .STERADIAN. ) SOLID_ANGLE_UNIT ( ) );
#1081 = CARTESIAN_POINT ( 'NONE',  ( 8.514999999999998792, -1.608160576404186637, 0.5217923160565421936 ) ) ;
#1082 = CARTESIAN_POINT ( 'NONE',  ( -6.624999999999999112, -6.200984252499999627, 1.439812010000000031 ) ) ;
#1083 = DIRECTION ( 'NONE',  ( 0.8571673007021114454, 1.049727191138617463E-16, -0.5150380749100553768 ) ) ;
#1084 = ORIENTED_EDGE ( 'NONE', *, *, #1763, .F. ) ;
#1085 = CARTESIAN_POINT ( 'NONE',  ( -6.624999999999999112, -0.9017594713191711131, 1.375000000000000000 ) ) ;
#1086 = EDGE_CURVE ( 'NONE', #2880, #1033, #4734, .T. ) ;
#1087 = EDGE_LOOP ( 'NONE', ( #1621, #322, #2398, #5314 ) ) ;
#1088 = CARTESIAN_POINT ( 'NONE',  ( -6.624999999999999112, -6.200984252499999627, 0.3115157474999999954 ) ) ;
#1089 = ORIENTED_EDGE ( 'NONE', *, *, #2328, .F. ) ;
#1090 = EDGE_CURVE ( 'NONE', #2900, #2130, #3647, .T. ) ;
#1091 = DIRECTION ( 'NONE',  ( 0.7547095802227711259, 8.034405899049466125E-17, 0.6560590289905082750 ) ) ;
#1092 = ORIENTED_EDGE ( 'NONE', *, *, #1569, .T. ) ;
#1093 = CARTESIAN_POINT ( 'NONE',  ( -6.374999999999998224, -0.5000000000000000000, 1.219999999999999751 ) ) ;
#1094 = CIRCLE ( 'NONE', #2442, 0.3750000000000000555 ) ;
#1095 = ORIENTED_EDGE ( 'NONE', *, *, #3411, .T. ) ;
#1096 = CARTESIAN_POINT ( 'NONE',  ( -6.125000000000000000, -5.799999999999998934, 1.725000000000000311 ) ) ;
#1097 = ORIENTED_EDGE ( 'NONE', *, *, #3955, .T. ) ;
#1098 = EDGE_CURVE ( 'NONE', #1451, #4223, #1184, .T. ) ;
#1099 = CIRCLE ( 'NONE', #4360, 0.2344000000000001083 ) ;
#1100 = CARTESIAN_POINT ( 'NONE',  ( -6.506889763779526881, -3.631889763779527769, 2.100000000000000089 ) ) ;
#1101 = CARTESIAN_POINT ( 'NONE',  ( -6.624999999999999112, -6.200984252499999627, 0.3115157474999999954 ) ) ;
#1102 = VECTOR ( 'NONE', #1731, 39.37007874015748854 ) ;
#1103 = VERTEX_POINT ( 'NONE', #3865 ) ;
#1104 = EDGE_LOOP ( 'NONE', ( #2589, #1973, #1515, #98 ) ) ;
#1105 = VECTOR ( 'NONE', #484, 39.37007874015748143 ) ;
#1106 = EDGE_CURVE ( 'NONE', #375, #5319, #2468, .T. ) ;
#1107 = AXIS2_PLACEMENT_3D ( 'NONE', #183, #2982, #3145 ) ;
#1108 = DIRECTION ( 'NONE',  ( 0.000000000000000000, -1.000000000000000000, -5.463695987328527423E-16 ) ) ;
#1109 = DIRECTION ( 'NONE',  ( 0.000000000000000000, 0.000000000000000000, 1.000000000000000000 ) ) ;
#1110 = FACE_OUTER_BOUND ( 'NONE', #4492, .T. ) ;
#1111 = LINE ( 'NONE', #640, #5460 ) ;
#1112 = VERTEX_POINT ( 'NONE', #5512 ) ;
#1113 = AXIS2_PLACEMENT_3D ( 'NONE', #3454, #1744, #466 ) ;
#1114 = CIRCLE ( 'NONE', #393, 0.1284999999999983655 ) ;
#1115 = DIRECTION ( 'NONE',  ( 0.000000000000000000, -0.7913775161201493935, 0.6113277574096421807 ) ) ;
#1116 = AXIS2_PLACEMENT_3D ( 'NONE', #5602, #3459, #4743 ) ;
#1117 = LINE ( 'NONE', #4040, #2839 ) ;
#1118 = LINE ( 'NONE', #701, #5374 ) ;
#1119 = B_SPLINE_CURVE_WITH_KNOTS ( 'NONE', 3,
 ( #4048, #5270, #980, #1900, #173, #1872, #4501, #4018, #629, #4437, #145, #2705, #5358, #956, #2249, #1375, #4842, #3191 ),
 .UNSPECIFIED., .F., .F.,
 ( 4, 2, 2, 2, 2, 2, 2, 2, 4 ),
 ( 0.001283900393193660502, 0.001697847940811104744, 0.002111795488428548986, 0.002525743036045993446, 0.002939690583663437905, 0.003353638131280881930, 0.003767585678898326389, 0.004181533226515770849, 0.004595480774133214874 ),
 .UNSPECIFIED. ) ;
#1120 = EDGE_LOOP ( 'NONE', ( #699, #3110, #3698, #1155 ) ) ;
#1121 = CARTESIAN_POINT ( 'NONE',  ( -6.274499999999997968, -4.503937010000000463, 0.4457194827810530002 ) ) ;
#1122 = CIRCLE ( 'NONE', #38, 0.1181102362204724116 ) ;
#1123 = DIRECTION ( 'NONE',  ( 0.000000000000000000, 0.000000000000000000, 1.000000000000000000 ) ) ;
#1124 = AXIS2_PLACEMENT_3D ( 'NONE', #4585, #263, #1958 ) ;
#1125 = ORIENTED_EDGE ( 'NONE', *, *, #4073, .F. ) ;
#1126 = EDGE_CURVE ( 'NONE', #4397, #283, #2029, .T. ) ;
#1127 = LINE ( 'NONE', #388, #3629 ) ;
#1128 = EDGE_LOOP ( 'NONE', ( #5326, #2417, #51, #505 ) ) ;
#1129 = FACE_OUTER_BOUND ( 'NONE', #4706, .T. ) ;
#1130 = EDGE_CURVE ( 'NONE', #3903, #1051, #1122, .T. ) ;
#1131 = VECTOR ( 'NONE', #1108, 39.37007874015748143 ) ;
#1132 = CIRCLE ( 'NONE', #2392, 0.1181102362204724116 ) ;
#1133 = ORIENTED_EDGE ( 'NONE', *, *, #168, .F. ) ;
#1134 = EDGE_CURVE ( 'NONE', #3507, #1891, #226, .T. ) ;
#1135 = ADVANCED_FACE ( 'NONE', ( #3338 ), #2083, .T. ) ;
#1136 = LINE ( 'NONE', #4895, #4535 ) ;
#1137 = CARTESIAN_POINT ( 'NONE',  ( -6.395083155274677189, -0.4014185406950623869, 0.2768436490684473283 ) ) ;
#1138 = AXIS2_PLACEMENT_3D ( 'NONE', #1440, #4120, #185 ) ;
#1139 = ORIENTED_EDGE ( 'NONE', *, *, #2471, .F. ) ;
#1140 = AXIS2_PLACEMENT_3D ( 'NONE', #863, #4688, #4258 ) ;
#1141 = DIRECTION ( 'NONE',  ( 0.000000000000000000, 0.000000000000000000, 1.000000000000000000 ) ) ;
#1142 = FACE_OUTER_BOUND ( 'NONE', #4138, .T. ) ;
#1143 = CARTESIAN_POINT ( 'NONE',  ( -6.356999999999999318, -5.799999999999998934, 1.725000000000000311 ) ) ;
#1144 = EDGE_CURVE ( 'NONE', #2355, #621, #1202, .T. ) ;
#1145 = CYLINDRICAL_SURFACE ( 'NONE', #1306, 0.2344000000000001083 ) ;
#1146 = CARTESIAN_POINT ( 'NONE',  ( -6.274500000000002409, -5.699999999999998401, 0.5300000000000001377 ) ) ;
#1147 = EDGE_LOOP ( 'NONE', ( #880, #3185, #5341, #1674 ) ) ;
#1148 = CARTESIAN_POINT ( 'NONE',  ( -6.624999999999999112, -5.475640568704954525, 1.959374999999999867 ) ) ;
#1149 = ORIENTED_EDGE ( 'NONE', *, *, #441, .T. ) ;
#1150 = CYLINDRICAL_SURFACE ( 'NONE', #4753, 0.1181102362204725503 ) ;
#1151 = CARTESIAN_POINT ( 'NONE',  ( -6.359890481221882830, -4.603581978139115627, 0.3643416158895854129 ) ) ;
#1152 = ORIENTED_EDGE ( 'NONE', *, *, #577, .T. ) ;
#1153 = CARTESIAN_POINT ( 'NONE',  ( -6.125000000000000000, -7.174999999999999822, -0.1250000000000001110 ) ) ;
#1154 = DIRECTION ( 'NONE',  ( 0.000000000000000000, -0.7382621944509717427, -0.6745138488158974877 ) ) ;
#1155 = ORIENTED_EDGE ( 'NONE', *, *, #3316, .T. ) ;
#1156 = CARTESIAN_POINT ( 'NONE',  ( -6.624999999999999112, -6.200984252499999627, 0.3115157474999999954 ) ) ;
#1157 = DIRECTION ( 'NONE',  ( -1.000000000000000000, -0.000000000000000000, -0.000000000000000000 ) ) ;
#1158 = LINE ( 'NONE', #2024, #3276 ) ;
#1159 = EDGE_CURVE ( 'NONE', #5327, #1041, #1660, .T. ) ;
#1160 = ORIENTED_EDGE ( 'NONE', *, *, #2184, .T. ) ;
#1161 = CARTESIAN_POINT ( 'NONE',  ( -6.624999999999999112, -3.987771497362133655, 0.2229550020317796200 ) ) ;
#1162 = LINE ( 'NONE', #2882, #4300 ) ;
#1163 = CARTESIAN_POINT ( 'NONE',  ( -6.243110236220472231, 0.5000000000000000000, 0.5931102362204720979 ) ) ;
#1164 = CARTESIAN_POINT ( 'NONE',  ( -6.375000000000000000, -0.3799999999999998934, 0.2375000000000014322 ) ) ;
#1165 = CARTESIAN_POINT ( 'NONE',  ( -6.427141802112631197, -1.663432539286606726, 0.3907170751302626033 ) ) ;
#1166 = DIRECTION ( 'NONE',  ( -0.000000000000000000, -0.000000000000000000, 1.000000000000000000 ) ) ;
#1167 = CARTESIAN_POINT ( 'NONE',  ( -6.125000000000000000, -6.335826773779526633, 0.6210629900000018688 ) ) ;
#1168 = VERTEX_POINT ( 'NONE', #3366 ) ;
#1169 = DIRECTION ( 'NONE',  ( 0.000000000000000000, 0.000000000000000000, 1.000000000000000000 ) ) ;
#1170 = VERTEX_POINT ( 'NONE', #2490 ) ;
#1171 = EDGE_CURVE ( 'NONE', #3164, #2289, #4226, .T. ) ;
#1172 = ORIENTED_EDGE ( 'NONE', *, *, #5443, .F. ) ;
#1173 = DIRECTION ( 'NONE',  ( 0.000000000000000000, -5.463695987328525648E-15, 1.000000000000000000 ) ) ;
#1174 = CARTESIAN_POINT ( 'NONE',  ( -6.375000000000000000, -1.195882546459554163, 0.6250000000000000000 ) ) ;
#1175 = ORIENTED_EDGE ( 'NONE', *, *, #1772, .F. ) ;
#1176 = DIRECTION ( 'NONE',  ( -1.000000000000000000, -0.000000000000000000, -0.000000000000000000 ) ) ;
#1177 = DIRECTION ( 'NONE',  ( 0.000000000000000000, 0.000000000000000000, 1.000000000000000000 ) ) ;
#1178 = CARTESIAN_POINT ( 'NONE',  ( 8.514999999999998792, 0.000000000000000000, 1.375000000000000000 ) ) ;
#1179 = ORIENTED_EDGE ( 'NONE', *, *, #2170, .F. ) ;
#1180 = AXIS2_PLACEMENT_3D ( 'NONE', #80, #5614, #953 ) ;
#1181 = EDGE_CURVE ( 'NONE', #873, #3639, #3374, .T. ) ;
#1182 = CYLINDRICAL_SURFACE ( 'NONE', #4938, 0.1562499999999997224 ) ;
#1183 = DIRECTION ( 'NONE',  ( 0.000000000000000000, 0.000000000000000000, -1.000000000000000000 ) ) ;
#1184 = LINE ( 'NONE', #5619, #3554 ) ;
#1185 = EDGE_CURVE ( 'NONE', #4397, #5154, #5111, .T. ) ;
#1186 = CARTESIAN_POINT ( 'NONE',  ( -6.375000000000000000, -2.537323266877324013, 0.2731989520279352601 ) ) ;
#1187 = VERTEX_POINT ( 'NONE', #4679 ) ;
#1188 = DIRECTION ( 'NONE',  ( 0.000000000000000000, 1.092739197465705130E-14, 1.000000000000000000 ) ) ;
#1189 = CARTESIAN_POINT ( 'NONE',  ( -6.374999999999997335, -4.503937010000000463, 1.219999999999999751 ) ) ;
#1190 = CARTESIAN_POINT ( 'NONE',  ( -6.624999999999999112, -6.200984252499999627, 0.3115157474999999954 ) ) ;
#1191 = EDGE_CURVE ( 'NONE', #5221, #5527, #2541, .T. ) ;
#1192 = AXIS2_PLACEMENT_3D ( 'NONE', #5582, #2610, #867 ) ;
#1193 = AXIS2_PLACEMENT_3D ( 'NONE', #5277, #4418, #1740 ) ;
#1194 = EDGE_LOOP ( 'NONE', ( #5063, #5525, #4582, #3315 ) ) ;
#1195 = FACE_BOUND ( 'NONE', #3007, .T. ) ;
#1196 = LINE ( 'NONE', #3899, #5581 ) ;
#1197 = AXIS2_PLACEMENT_3D ( 'NONE', #4202, #3376, #1634 ) ;
#1198 = VERTEX_POINT ( 'NONE', #3425 ) ;
#1199 = ORIENTED_EDGE ( 'NONE', *, *, #2679, .F. ) ;
#1200 = CARTESIAN_POINT ( 'NONE',  ( -6.375000000000000000, -1.749999999999998446, 0.000000000000000000 ) ) ;
#1201 = DIRECTION ( 'NONE',  ( -1.000000000000000000, -0.000000000000000000, -0.000000000000000000 ) ) ;
#1202 = CIRCLE ( 'NONE', #128, 0.1181102362204724116 ) ;
#1203 = CARTESIAN_POINT ( 'NONE',  ( -6.287786658978410159, -0.4496555321602375144, 0.3831197435167449927 ) ) ;
#1204 = EDGE_CURVE ( 'NONE', #2845, #619, #5169, .T. ) ;
#1205 = ORIENTED_EDGE ( 'NONE', *, *, #3124, .T. ) ;
#1206 = AXIS2_PLACEMENT_3D ( 'NONE', #15, #4353, #476 ) ;
#1207 = DIRECTION ( 'NONE',  ( 0.000000000000000000, 1.561055996379578982E-16, 1.000000000000000000 ) ) ;
#1208 = DIRECTION ( 'NONE',  ( 1.000000000000000000, -0.000000000000000000, -0.000000000000000000 ) ) ;
#1209 = AXIS2_PLACEMENT_3D ( 'NONE', #3510, #3895, #1277 ) ;
#1210 = ORIENTED_EDGE ( 'NONE', *, *, #216, .F. ) ;
#1211 = CIRCLE ( 'NONE', #3567, 0.1181102362204724116 ) ;
#1212 = CARTESIAN_POINT ( 'NONE',  ( -6.125000000000000000, -5.799999999999998934, 1.725000000000000311 ) ) ;
#1213 = DIRECTION ( 'NONE',  ( -1.000000000000000000, 0.000000000000000000, 0.000000000000000000 ) ) ;
#1214 = AXIS2_PLACEMENT_3D ( 'NONE', #4480, #3659, #609 ) ;
#1215 = EDGE_CURVE ( 'NONE', #987, #1539, #585, .T. ) ;
#1216 = AXIS2_PLACEMENT_3D ( 'NONE', #4503, #1006, #3160 ) ;
#1217 = DIRECTION ( 'NONE',  ( -1.000000000000000000, 0.000000000000000000, 0.000000000000000000 ) ) ;
#1218 = CARTESIAN_POINT ( 'NONE',  ( -6.369501545344421700, -0.3995000000000006879, 1.465453449905837813 ) ) ;
#1219 = CARTESIAN_POINT ( 'NONE',  ( -6.375000000000000000, -0.3799999999999998934, 1.592000000000001414 ) ) ;
#1220 = CARTESIAN_POINT ( 'NONE',  ( -6.624999999999999112, -2.062983729403350175, 0.9560338998259235721 ) ) ;
#1221 = VECTOR ( 'NONE', #462, 39.37007874015748143 ) ;
#1222 = CARTESIAN_POINT ( 'NONE',  ( -6.125000000000000000, -1.195882546459554163, 0.7812499999999998890 ) ) ;
#1223 = AXIS2_PLACEMENT_3D ( 'NONE', #3949, #1745, #2656 ) ;
#1224 = CARTESIAN_POINT ( 'NONE',  ( -6.624999999999999112, -2.181024368783034184, 0.9600879539561938403 ) ) ;
#1225 = ORIENTED_EDGE ( 'NONE', *, *, #1902, .T. ) ;
#1226 = DIRECTION ( 'NONE',  ( 0.000000000000000000, 0.000000000000000000, -1.000000000000000000 ) ) ;
#1227 = ADVANCED_FACE ( 'NONE', ( #1305 ), #3451, .F. ) ;
#1228 = ADVANCED_FACE ( 'NONE', ( #3529 ), #3050, .T. ) ;
#1229 = ORIENTED_EDGE ( 'NONE', *, *, #3367, .F. ) ;
#1230 = EDGE_LOOP ( 'NONE', ( #384, #4093, #214, #881, #4174, #651 ) ) ;
#1231 = DIRECTION ( 'NONE',  ( -0.000000000000000000, -0.000000000000000000, 1.000000000000000000 ) ) ;
#1232 = LINE ( 'NONE', #360, #1448 ) ;
#1233 = ORIENTED_EDGE ( 'NONE', *, *, #5459, .F. ) ;
#1234 = DIRECTION ( 'NONE',  ( 0.000000000000000000, 1.561055996379578982E-16, 1.000000000000000000 ) ) ;
#1235 = AXIS2_PLACEMENT_3D ( 'NONE', #1200, #12, #2070 ) ;
#1236 = VERTEX_POINT ( 'NONE', #3105 ) ;
#1237 = LINE ( 'NONE', #4673, #3443 ) ;
#1238 = DIRECTION ( 'NONE',  ( 1.000000000000000000, 0.000000000000000000, 0.000000000000000000 ) ) ;
#1239 = FACE_OUTER_BOUND ( 'NONE', #4066, .T. ) ;
#1240 = CARTESIAN_POINT ( 'NONE',  ( -6.125000000000000000, -2.000000000000000444, 1.874999999999999556 ) ) ;
#1241 = DIRECTION ( 'NONE',  ( 0.000000000000000000, 0.7913775161201497266, -0.6113277574096418476 ) ) ;
#1242 = EDGE_CURVE ( 'NONE', #3958, #5298, #846, .T. ) ;
#1243 = DIRECTION ( 'NONE',  ( 0.000000000000000000, -2.185478394931410969E-15, -1.000000000000000000 ) ) ;
#1244 = CARTESIAN_POINT ( 'NONE',  ( -6.125000000000000000, -6.064173226220472834, 0.7391732262204741000 ) ) ;
#1245 = VERTEX_POINT ( 'NONE', #2253 ) ;
#1246 = DIRECTION ( 'NONE',  ( -1.000000000000000000, 0.000000000000000000, 0.000000000000000000 ) ) ;
#1247 = DIRECTION ( 'NONE',  ( -1.000000000000000000, 0.000000000000000000, 0.000000000000000000 ) ) ;
#1248 = LINE ( 'NONE', #325, #4126 ) ;
#1249 = EDGE_CURVE ( 'NONE', #1689, #3994, #3783, .T. ) ;
#1250 = DIRECTION ( 'NONE',  ( -0.000000000000000000, -0.000000000000000000, 1.000000000000000000 ) ) ;
#1251 = VERTEX_POINT ( 'NONE', #3032 ) ;
#1252 = DIRECTION ( 'NONE',  ( -1.000000000000000000, -0.000000000000000000, -0.000000000000000000 ) ) ;
#1253 = CARTESIAN_POINT ( 'NONE',  ( -6.624999999999999112, -5.946062989999999715, 0.6210629900000017578 ) ) ;
#1254 = ORIENTED_EDGE ( 'NONE', *, *, #3456, .F. ) ;
#1255 = EDGE_CURVE ( 'NONE', #1443, #33, #4849, .T. ) ;
#1256 = VERTEX_POINT ( 'NONE', #3504 ) ;
#1257 = CARTESIAN_POINT ( 'NONE',  ( -6.624999999999999112, -4.835468858908924972, 1.199999999999999956 ) ) ;
#1258 = DIRECTION ( 'NONE',  ( 1.000000000000000000, -0.000000000000000000, -0.000000000000000000 ) ) ;
#1259 = CARTESIAN_POINT ( 'NONE',  ( -6.421618265674777781, -1.589239421856511791, 1.374217366182135303 ) ) ;
#1260 = VERTEX_POINT ( 'NONE', #5308 ) ;
#1261 = EDGE_CURVE ( 'NONE', #361, #3533, #1469, .T. ) ;
#1262 = CARTESIAN_POINT ( 'NONE',  ( -6.402566813789403177, -4.434521093221690968, 0.5456915855998629716 ) ) ;
#1263 = ORIENTED_EDGE ( 'NONE', *, *, #2467, .T. ) ;
#1264 = CYLINDRICAL_SURFACE ( 'NONE', #559, 0.1181102362204725503 ) ;
#1265 = LINE ( 'NONE', #4643, #4007 ) ;
#1266 = ORIENTED_EDGE ( 'NONE', *, *, #502, .T. ) ;
#1267 = FACE_OUTER_BOUND ( 'NONE', #978, .T. ) ;
#1268 = DIRECTION ( 'NONE',  ( -0.000000000000000000, 0.000000000000000000, 1.000000000000000000 ) ) ;
#1269 = CARTESIAN_POINT ( 'NONE',  ( -6.624999999999999112, -2.577447444184754133, 0.1745180392802265223 ) ) ;
#1270 = CARTESIAN_POINT ( 'NONE',  ( -6.351126945805718904, -0.4023254974659383199, 1.477132412626030122 ) ) ;
#1271 = VERTEX_POINT ( 'NONE', #3135 ) ;
#1272 = VECTOR ( 'NONE', #2050, 39.37007874015748143 ) ;
#1273 = FACE_OUTER_BOUND ( 'NONE', #1678, .T. ) ;
#1274 = DIRECTION ( 'NONE',  ( 1.000000000000000000, 0.000000000000000000, 0.000000000000000000 ) ) ;
#1275 = CARTESIAN_POINT ( 'NONE',  ( -6.475499999999999368, -1.499999999999998446, 1.750000000000000000 ) ) ;
#1276 = AXIS2_PLACEMENT_3D ( 'NONE', #2441, #1614, #4154 ) ;
#1277 = DIRECTION ( 'NONE',  ( 1.000000000000000000, 0.000000000000000000, 0.000000000000000000 ) ) ;
#1278 = CARTESIAN_POINT ( 'NONE',  ( -6.624999999999999112, -4.180230241389087276, 1.006072738951699241 ) ) ;
#1279 = VERTEX_POINT ( 'NONE', #4339 ) ;
#1280 = DIRECTION ( 'NONE',  ( -1.000000000000000000, 0.000000000000000000, 0.000000000000000000 ) ) ;
#1281 = FACE_OUTER_BOUND ( 'NONE', #912, .T. ) ;
#1282 = ORIENTED_EDGE ( 'NONE', *, *, #5080, .T. ) ;
#1283 = CONICAL_SURFACE ( 'NONE', #5007, 0.1004999999999996452, 1.029744258676652979 ) ;
#1284 = DIRECTION ( 'NONE',  ( 0.000000000000000000, 0.000000000000000000, -1.000000000000000000 ) ) ;
#1285 = CARTESIAN_POINT ( 'NONE',  ( -6.624999999999999112, -5.799999999999998934, 1.853499999999998149 ) ) ;
#1286 = DIRECTION ( 'NONE',  ( -0.000000000000000000, -0.000000000000000000, 1.000000000000000000 ) ) ;
#1287 = EDGE_LOOP ( 'NONE', ( #126, #4220, #1835, #2512 ) ) ;
#1288 = DIRECTION ( 'NONE',  ( 0.000000000000000000, 0.000000000000000000, 1.000000000000000000 ) ) ;
#1289 = VECTOR ( 'NONE', #5598, 39.37007874015748143 ) ;
#1290 = CIRCLE ( 'NONE', #3836, 0.2500000000000003331 ) ;
#1291 = ADVANCED_FACE ( 'NONE', ( #2231 ), #2596, .F. ) ;
#1292 = ORIENTED_EDGE ( 'NONE', *, *, #1181, .T. ) ;
#1293 = AXIS2_PLACEMENT_3D ( 'NONE', #4575, #5003, #1581 ) ;
#1294 = VECTOR ( 'NONE', #4156, 39.37007874015748143 ) ;
#1295 = DIRECTION ( 'NONE',  ( 0.000000000000000000, 0.000000000000000000, -1.000000000000000000 ) ) ;
#1296 = DIRECTION ( 'NONE',  ( -1.000000000000000000, 0.000000000000000000, 0.000000000000000000 ) ) ;
#1297 = EDGE_CURVE ( 'NONE', #4430, #807, #5291, .T. ) ;
#1298 = ORIENTED_EDGE ( 'NONE', *, *, #2252, .T. ) ;
#1299 = VECTOR ( 'NONE', #1943, 39.37007874015748143 ) ;
#1300 = CIRCLE ( 'NONE', #3381, 0.2500000000000000555 ) ;
#1301 = ADVANCED_FACE ( 'NONE', ( #541 ), #570, .T. ) ;
#1302 = EDGE_CURVE ( 'NONE', #4099, #4308, #1331, .T. ) ;
#1303 = CARTESIAN_POINT ( 'NONE',  ( -6.374999999999997335, -4.503937010000000463, 1.219999999999999751 ) ) ;
#1304 = CARTESIAN_POINT ( 'NONE',  ( -6.475499999999996703, -4.503937010000000463, -4.892463962593665846E-17 ) ) ;
#1305 = FACE_OUTER_BOUND ( 'NONE', #546, .T. ) ;
#1306 = AXIS2_PLACEMENT_3D ( 'NONE', #1082, #253, #1969 ) ;
#1307 = CARTESIAN_POINT ( 'NONE',  ( -4.433018566799289850, -2.493145339161162433, 1.082685566649765896 ) ) ;
#1308 = VERTEX_POINT ( 'NONE', #2620 ) ;
#1309 = CARTESIAN_POINT ( 'NONE',  ( -6.125000000000000000, -5.799999999999998934, 1.490600000000000147 ) ) ;
#1310 = VECTOR ( 'NONE', #1053, 39.37007874015748143 ) ;
#1311 = AXIS2_PLACEMENT_3D ( 'NONE', #714, #738, #5481 ) ;
#1312 = DIRECTION ( 'NONE',  ( -1.000000000000000000, 0.000000000000000000, -0.000000000000000000 ) ) ;
#1313 = EDGE_CURVE ( 'NONE', #4178, #3568, #5204, .T. ) ;
#1314 = ORIENTED_EDGE ( 'NONE', *, *, #3902, .F. ) ;
#1315 = LINE ( 'NONE', #1750, #2015 ) ;
#1316 = AXIS2_PLACEMENT_3D ( 'NONE', #5197, #2595, #3889 ) ;
#1317 = AXIS2_PLACEMENT_3D ( 'NONE', #5496, #622, #3725 ) ;
#1318 = ORIENTED_EDGE ( 'NONE', *, *, #409, .F. ) ;
#1319 = AXIS2_PLACEMENT_3D ( 'NONE', #2393, #3635, #4522 ) ;
#1320 = CYLINDRICAL_SURFACE ( 'NONE', #118, 0.1181102362204724116 ) ;
#1321 = FACE_OUTER_BOUND ( 'NONE', #4861, .T. ) ;
#1322 = ORIENTED_EDGE ( 'NONE', *, *, #5397, .T. ) ;
#1323 = CARTESIAN_POINT ( 'NONE',  ( -6.475499999999995815, -4.503937010000000463, 1.750000000000000000 ) ) ;
#1324 = EDGE_CURVE ( 'NONE', #648, #4569, #2201, .T. ) ;
#1325 = DIRECTION ( 'NONE',  ( 0.000000000000000000, 0.000000000000000000, 1.000000000000000000 ) ) ;
#1326 = CARTESIAN_POINT ( 'NONE',  ( -6.624999999999994671, -2.196923279533618434, 0.4971642903507426103 ) ) ;
#1327 = ORIENTED_EDGE ( 'NONE', *, *, #4700, .T. ) ;
#1328 = CARTESIAN_POINT ( 'NONE',  ( -6.506889763779526881, -5.299999999999999822, 0.5931102362204722089 ) ) ;
#1329 = LINE ( 'NONE', #927, #1221 ) ;
#1330 = ADVANCED_FACE ( 'NONE', ( #3968 ), #87, .T. ) ;
#1331 = LINE ( 'NONE', #5247, #680 ) ;
#1332 = CARTESIAN_POINT ( 'NONE',  ( -6.624999999999999112, -1.195882546459554163, 0.4687500000000002776 ) ) ;
#1333 = ORIENTED_EDGE ( 'NONE', *, *, #502, .F. ) ;
#1334 = ORIENTED_EDGE ( 'NONE', *, *, #285, .T. ) ;
#1335 = CARTESIAN_POINT ( 'NONE',  ( -6.375000000000000000, -1.749999999999998446, 0.3749999999999999445 ) ) ;
#1336 = CARTESIAN_POINT ( 'NONE',  ( -6.624999999999999112, -1.575307679196802813, 1.256889763779527325 ) ) ;
#1337 = CARTESIAN_POINT ( 'NONE',  ( -6.624999999999999112, 0.000000000000000000, 1.375000000000000000 ) ) ;
#1338 = DIRECTION ( 'NONE',  ( 0.000000000000000000, 0.000000000000000000, 1.000000000000000000 ) ) ;
#1339 = ORIENTED_EDGE ( 'NONE', *, *, #4844, .F. ) ;
#1340 = CARTESIAN_POINT ( 'NONE',  ( -4.433018566799289850, -4.037911439581312933, 0.3094765958350453317 ) ) ;
#1341 = VERTEX_POINT ( 'NONE', #3619 ) ;
#1342 = DIRECTION ( 'NONE',  ( 0.000000000000000000, 0.000000000000000000, 1.000000000000000000 ) ) ;
#1343 = ORIENTED_EDGE ( 'NONE', *, *, #3721, .F. ) ;
#1344 = ADVANCED_FACE ( 'NONE', ( #5018 ), #1046, .F. ) ;
#1345 = EDGE_LOOP ( 'NONE', ( #1853, #3947 ) ) ;
#1346 = CARTESIAN_POINT ( 'NONE',  ( -6.308449241522043671, -1.575307679196802813, 1.375000000000000000 ) ) ;
#1347 = DIRECTION ( 'NONE',  ( 1.000000000000000000, 0.000000000000000000, 0.000000000000000000 ) ) ;
#1348 = ORIENTED_EDGE ( 'NONE', *, *, #2665, .F. ) ;
#1349 = CARTESIAN_POINT ( 'NONE',  ( -6.125000000000000000, -3.750000000000000000, 1.750000000000000000 ) ) ;
#1350 = DIRECTION ( 'NONE',  ( 0.000000000000000000, -0.000000000000000000, -1.000000000000000000 ) ) ;
#1351 = DIRECTION ( 'NONE',  ( 0.000000000000000000, -0.000000000000000000, 1.000000000000000000 ) ) ;
#1352 = CARTESIAN_POINT ( 'NONE',  ( -6.125000000000000000, -0.9017594713191711131, 1.256889763779527325 ) ) ;
#1353 = EDGE_LOOP ( 'NONE', ( #3787, #2431, #2508, #3056, #2139, #289, #5107, #2935 ) ) ;
#1354 = EDGE_LOOP ( 'NONE', ( #4342, #4629, #2632, #3303 ) ) ;
#1355 = CARTESIAN_POINT ( 'NONE',  ( -6.624999999999999112, -6.449999999999999289, -0.1250000000000000278 ) ) ;
#1356 = DIRECTION ( 'NONE',  ( 1.000000000000000000, -0.000000000000000000, -0.000000000000000000 ) ) ;
#1357 = EDGE_LOOP ( 'NONE', ( #1139, #5381, #5238, #1955 ) ) ;
#1358 = EDGE_CURVE ( 'NONE', #5323, #2313, #1094, .T. ) ;
#1359 = CARTESIAN_POINT ( 'NONE',  ( -6.375000000000000000, -1.195882546459554163, 0.6250000000000000000 ) ) ;
#1360 = ORIENTED_EDGE ( 'NONE', *, *, #394, .F. ) ;
#1361 = DIRECTION ( 'NONE',  ( 0.000000000000000000, 1.000000000000000000, 1.349060737611981508E-16 ) ) ;
#1362 = EDGE_CURVE ( 'NONE', #3165, #3887, #3719, .T. ) ;
#1363 = CIRCLE ( 'NONE', #4356, 0.4249999999999999889 ) ;
#1364 = VERTEX_POINT ( 'NONE', #2401 ) ;
#1365 = FACE_OUTER_BOUND ( 'NONE', #3745, .T. ) ;
#1366 = AXIS2_PLACEMENT_3D ( 'NONE', #3186, #1039, #2334 ) ;
#1367 = ORIENTED_EDGE ( 'NONE', *, *, #812, .F. ) ;
#1368 = CARTESIAN_POINT ( 'NONE',  ( -6.125000000000000000, -3.631889763779527769, 2.100000000000000089 ) ) ;
#1369 = ORIENTED_EDGE ( 'NONE', *, *, #2624, .F. ) ;
#1370 = VECTOR ( 'NONE', #2419, 39.37007874015748143 ) ;
#1371 = CYLINDRICAL_SURFACE ( 'NONE', #4805, 0.05905511811023627516 ) ;
#1372 = FACE_BOUND ( 'NONE', #3279, .T. ) ;
#1373 = EDGE_CURVE ( 'NONE', #2234, #4919, #1136, .T. ) ;
#1374 = VECTOR ( 'NONE', #4116, 39.37007874015748143 ) ;
#1375 = CARTESIAN_POINT ( 'NONE',  ( -6.364074962478201591, -0.3999879081043850593, 0.2827390581284409676 ) ) ;
#1376 = AXIS2_PLACEMENT_3D ( 'NONE', #2662, #5316, #3081 ) ;
#1377 = AXIS2_PLACEMENT_3D ( 'NONE', #1101, #4991, #1961 ) ;
#1378 = FACE_BOUND ( 'NONE', #5356, .T. ) ;
#1379 = DIRECTION ( 'NONE',  ( 0.000000000000000000, 1.000000000000000000, -4.268512490100410416E-16 ) ) ;
#1380 = DIRECTION ( 'NONE',  ( -1.000000000000000000, 0.000000000000000000, 0.000000000000000000 ) ) ;
#1381 = ORIENTED_EDGE ( 'NONE', *, *, #1249, .F. ) ;
#1382 = FACE_OUTER_BOUND ( 'NONE', #4631, .T. ) ;
#1383 = ORIENTED_EDGE ( 'NONE', *, *, #404, .T. ) ;
#1384 = VECTOR ( 'NONE', #1052, 39.37007874015748143 ) ;
#1385 = ORIENTED_EDGE ( 'NONE', *, *, #1804, .T. ) ;
#1386 = ORIENTED_EDGE ( 'NONE', *, *, #2048, .T. ) ;
#1387 = ADVANCED_FACE ( 'NONE', ( #1455 ), #4935, .T. ) ;
#1388 = ORIENTED_EDGE ( 'NONE', *, *, #566, .F. ) ;
#1389 = AXIS2_PLACEMENT_3D ( 'NONE', #5412, #5351, #4886 ) ;
#1390 = PLANE ( 'NONE',  #3465 ) ;
#1391 = CARTESIAN_POINT ( 'NONE',  ( -6.125000000000000000, -3.270677038116681423, 0.5461694692302064835 ) ) ;
#1392 = VERTEX_POINT ( 'NONE', #266 ) ;
#1393 = CYLINDRICAL_SURFACE ( 'NONE', #1561, 0.1000000000000000194 ) ;
#1394 = CIRCLE ( 'NONE', #3657, 0.1004999999999996452 ) ;
#1395 = AXIS2_PLACEMENT_3D ( 'NONE', #4175, #3842, #5519 ) ;
#1396 = ORIENTED_EDGE ( 'NONE', *, *, #368, .T. ) ;
#1397 = CARTESIAN_POINT ( 'NONE',  ( 8.514999999999998792, -0.3750000000000000555, -2.561107494060247075E-17 ) ) ;
#1398 = VECTOR ( 'NONE', #1497, 39.37007874015748143 ) ;
#1399 = EDGE_CURVE ( 'NONE', #159, #2286, #3526, .T. ) ;
#1400 = VECTOR ( 'NONE', #1709, 39.37007874015748143 ) ;
#1401 = ORIENTED_EDGE ( 'NONE', *, *, #5433, .F. ) ;
#1402 = CARTESIAN_POINT ( 'NONE',  ( -6.624999999999999112, -5.799999999999998934, 1.596500000000002473 ) ) ;
#1403 = ORIENTED_EDGE ( 'NONE', *, *, #5186, .T. ) ;
#1404 = CIRCLE ( 'NONE', #144, 0.1181102362204724116 ) ;
#1405 = DIRECTION ( 'NONE',  ( 0.000000000000000000, -6.938893903907229955E-15, -1.000000000000000000 ) ) ;
#1406 = DIRECTION ( 'NONE',  ( 0.000000000000000000, 0.000000000000000000, -1.000000000000000000 ) ) ;
#1407 = EDGE_CURVE ( 'NONE', #2694, #1799, #1075, .T. ) ;
#1408 = DIRECTION ( 'NONE',  ( 1.000000000000000000, 0.000000000000000000, 0.000000000000000000 ) ) ;
#1409 = LINE ( 'NONE', #201, #3483 ) ;
#1410 = CARTESIAN_POINT ( 'NONE',  ( -6.474945630288599929, -4.491964212932527900, 0.4591683986592873801 ) ) ;
#1411 = CARTESIAN_POINT ( 'NONE',  ( -6.274499999999999744, -1.499999999999998446, 1.375000000000000000 ) ) ;
#1412 = ORIENTED_EDGE ( 'NONE', *, *, #2665, .T. ) ;
#1413 = VERTEX_POINT ( 'NONE', #2372 ) ;
#1414 = ORIENTED_EDGE ( 'NONE', *, *, #3854, .T. ) ;
#1415 = ORIENTED_EDGE ( 'NONE', *, *, #216, .T. ) ;
#1416 = FACE_OUTER_BOUND ( 'NONE', #4980, .T. ) ;
#1417 = CARTESIAN_POINT ( 'NONE',  ( -6.368904043476108612, -1.600498637937848967, 1.372282326363513549 ) ) ;
#1418 = ORIENTED_EDGE ( 'NONE', *, *, #812, .T. ) ;
#1419 = ORIENTED_EDGE ( 'NONE', *, *, #5119, .T. ) ;
#1420 = CARTESIAN_POINT ( 'NONE',  ( -6.125000000000000000, -5.299999999999999822, 0.3749999999999999445 ) ) ;
#1421 = ORIENTED_EDGE ( 'NONE', *, *, #3220, .F. ) ;
#1422 = LINE ( 'NONE', #1505, #1651 ) ;
#1423 = ORIENTED_EDGE ( 'NONE', *, *, #3229, .T. ) ;
#1424 = ADVANCED_FACE ( 'NONE', ( #4135, #632 ), #1513, .F. ) ;
#1425 = CARTESIAN_POINT ( 'NONE',  ( 8.514999999999998792, -1.733568741478170416, 0.7015655560540113855 ) ) ;
#1426 = DIRECTION ( 'NONE',  ( 0.000000000000000000, 0.000000000000000000, -1.000000000000000000 ) ) ;
#1427 = ORIENTED_EDGE ( 'NONE', *, *, #4792, .F. ) ;
#1428 = EDGE_CURVE ( 'NONE', #167, #117, #1363, .T. ) ;
#1429 = CARTESIAN_POINT ( 'NONE',  ( -6.624999999999999112, -3.987771497362133655, 0.3229550020317796255 ) ) ;
#1430 = DIRECTION ( 'NONE',  ( 0.000000000000000000, -0.000000000000000000, -1.000000000000000000 ) ) ;
#1431 = CARTESIAN_POINT ( 'NONE',  ( -6.125000000000000000, -2.399999999999999911, -0.1249999999999999861 ) ) ;
#1432 = DIRECTION ( 'NONE',  ( -0.000000000000000000, -1.000000000000000000, -0.000000000000000000 ) ) ;
#1433 = ORIENTED_EDGE ( 'NONE', *, *, #4684, .F. ) ;
#1434 = ORIENTED_EDGE ( 'NONE', *, *, #3156, .T. ) ;
#1435 = CYLINDRICAL_SURFACE ( 'NONE', #851, 0.1181102362204724116 ) ;
#1436 = VERTEX_POINT ( 'NONE', #2423 ) ;
#1437 = CARTESIAN_POINT ( 'NONE',  ( -6.147223962990741697, -5.348708067791474896, 1.880229779647487609 ) ) ;
#1438 = CARTESIAN_POINT ( 'NONE',  ( -6.125000000000000000, -2.181024368783034628, 0.9600879539561937293 ) ) ;
#1439 = CARTESIAN_POINT ( 'NONE',  ( -6.375000000000001776, -5.699999999999998401, 0.000000000000000000 ) ) ;
#1440 = CARTESIAN_POINT ( 'NONE',  ( 8.514999999999998792, -2.062983729403350175, 0.9560338998259235721 ) ) ;
#1441 = ORIENTED_EDGE ( 'NONE', *, *, #554, .T. ) ;
#1442 = DIRECTION ( 'NONE',  ( -0.000000000000000000, -0.000000000000000000, -1.000000000000000000 ) ) ;
#1443 = VERTEX_POINT ( 'NONE', #690 ) ;
#1444 = DIRECTION ( 'NONE',  ( 0.000000000000000000, -2.312964634635743450E-15, -1.000000000000000000 ) ) ;
#1445 = VERTEX_POINT ( 'NONE', #2740 ) ;
#1446 = VECTOR ( 'NONE', #2224, 39.37007874015748143 ) ;
#1447 = VERTEX_POINT ( 'NONE', #238 ) ;
#1448 = VECTOR ( 'NONE', #4606, 39.37007874015748143 ) ;
#1449 = CARTESIAN_POINT ( 'NONE',  ( -6.374999999999998224, -0.5000000000000000000, 1.159613507787730091 ) ) ;
#1450 = LINE ( 'NONE', #4961, #4191 ) ;
#1451 = VERTEX_POINT ( 'NONE', #3251 ) ;
#1452 = CIRCLE ( 'NONE', #1547, 0.1004999999999996452 ) ;
#1453 = DIRECTION ( 'NONE',  ( -0.000000000000000000, 1.000000000000000000, -0.000000000000000000 ) ) ;
#1454 = AXIS2_PLACEMENT_3D ( 'NONE', #4227, #2516, #347 ) ;
#1455 = FACE_OUTER_BOUND ( 'NONE', #760, .T. ) ;
#1456 = CARTESIAN_POINT ( 'NONE',  ( -6.375000000000000000, -0.3995000000000003548, 0.2845465500941655179 ) ) ;
#1457 = ORIENTED_EDGE ( 'NONE', *, *, #2302, .T. ) ;
#1458 = ORIENTED_EDGE ( 'NONE', *, *, #1144, .T. ) ;
#1459 = VECTOR ( 'NONE', #5377, 39.37007874015748143 ) ;
#1460 = CIRCLE ( 'NONE', #1016, 0.1181102362204724116 ) ;
#1461 = ORIENTED_EDGE ( 'NONE', *, *, #2624, .T. ) ;
#1462 = LINE ( 'NONE', #4139, #2846 ) ;
#1463 = DIRECTION ( 'NONE',  ( 0.000000000000000000, 5.782411586589358625E-16, 1.000000000000000000 ) ) ;
#1464 = LINE ( 'NONE', #5428, #1384 ) ;
#1465 = VECTOR ( 'NONE', #2574, 39.37007874015748143 ) ;
#1466 = CARTESIAN_POINT ( 'NONE',  ( -6.624999999999999112, -0.6690297976789886247, 0.3749999999999999445 ) ) ;
#1467 = CYLINDRICAL_SURFACE ( 'NONE', #54, 0.1000000000000000194 ) ;
#1468 = FACE_OUTER_BOUND ( 'NONE', #3956, .T. ) ;
#1469 = CIRCLE ( 'NONE', #2285, 0.1181102362204725503 ) ;
#1470 = CIRCLE ( 'NONE', #310, 0.1329999999999999238 ) ;
#1471 = EDGE_CURVE ( 'NONE', #395, #2613, #2776, .T. ) ;
#1472 = VERTEX_POINT ( 'NONE', #150 ) ;
#1473 = CARTESIAN_POINT ( 'NONE',  ( -6.295148036240430400, -4.442913130381113795, 0.5300000000000013589 ) ) ;
#1474 = ORIENTED_EDGE ( 'NONE', *, *, #428, .T. ) ;
#1475 = CARTESIAN_POINT ( 'NONE',  ( -6.624999999999999112, 0.5000000000000002220, 1.156889763779527458 ) ) ;
#1476 = EDGE_LOOP ( 'NONE', ( #1205, #1334 ) ) ;
#1477 = AXIS2_PLACEMENT_3D ( 'NONE', #4882, #3515, #4005 ) ;
#1478 = VECTOR ( 'NONE', #1280, 39.37007874015748143 ) ;
#1479 = CARTESIAN_POINT ( 'NONE',  ( -6.276066229754117209, -4.525114863039008561, 0.4238107346364211048 ) ) ;
#1480 = VECTOR ( 'NONE', #579, 39.37007874015748143 ) ;
#1481 = AXIS2_PLACEMENT_3D ( 'NONE', #1058, #2785, #4515 ) ;
#1482 = CARTESIAN_POINT ( 'NONE',  ( -6.375000000000000000, 0.5000000000000000000, 0.3170000000000015028 ) ) ;
#1483 = DIRECTION ( 'NONE',  ( 1.000000000000000000, -0.000000000000000000, -0.000000000000000000 ) ) ;
#1484 = ORIENTED_EDGE ( 'NONE', *, *, #3124, .F. ) ;
#1485 = CIRCLE ( 'NONE', #1751, 0.1250000000000004441 ) ;
#1486 = CARTESIAN_POINT ( 'NONE',  ( -6.274499999999999744, -1.499999999999998446, 1.750000000000000000 ) ) ;
#1487 = AXIS2_PLACEMENT_3D ( 'NONE', #3871, #5537, #3748 ) ;
#1488 = ORIENTED_EDGE ( 'NONE', *, *, #2228, .T. ) ;
#1489 = DIRECTION ( 'NONE',  ( 1.000000000000000000, 0.000000000000000000, 0.000000000000000000 ) ) ;
#1490 = DIRECTION ( 'NONE',  ( 0.000000000000000000, 0.000000000000000000, 1.000000000000000000 ) ) ;
#1491 = CARTESIAN_POINT ( 'NONE',  ( -6.385865276819654213, -0.3999818225310492470, 0.1922382449856432640 ) ) ;
#1492 = ORIENTED_EDGE ( 'NONE', *, *, #1037, .F. ) ;
#1493 = ORIENTED_EDGE ( 'NONE', *, *, #2138, .T. ) ;
#1494 = ORIENTED_EDGE ( 'NONE', *, *, #4953, .T. ) ;
#1495 = DIRECTION ( 'NONE',  ( -1.000000000000000000, -0.000000000000000000, -0.000000000000000000 ) ) ;
#1496 = FACE_OUTER_BOUND ( 'NONE', #5597, .T. ) ;
#1497 = DIRECTION ( 'NONE',  ( -0.000000000000000000, 1.000000000000000000, -1.561055996379578982E-16 ) ) ;
#1498 = EDGE_CURVE ( 'NONE', #4443, #1854, #4622, .T. ) ;
#1499 = DIRECTION ( 'NONE',  ( 0.000000000000000000, 1.000000000000000000, -2.185478394931408997E-15 ) ) ;
#1500 = FACE_BOUND ( 'NONE', #4155, .T. ) ;
#1501 = ORIENTED_EDGE ( 'NONE', *, *, #1804, .F. ) ;
#1502 = LINE ( 'NONE', #3264, #4552 ) ;
#1503 = EDGE_CURVE ( 'NONE', #3266, #4436, #9, .T. ) ;
#1504 = VERTEX_POINT ( 'NONE', #3277 ) ;
#1505 = CARTESIAN_POINT ( 'NONE',  ( 8.514999999999998792, -1.722735295240119813, 0.3749999999999999445 ) ) ;
#1506 = ORIENTED_EDGE ( 'NONE', *, *, #884, .T. ) ;
#1507 = CARTESIAN_POINT ( 'NONE',  ( -6.468306495750882235, -4.541732122137670302, 0.4090103524187407302 ) ) ;
#1508 = ORIENTED_EDGE ( 'NONE', *, *, #3238, .T. ) ;
#1509 = DIRECTION ( 'NONE',  ( -1.000000000000000000, -0.000000000000000000, -0.000000000000000000 ) ) ;
#1510 = EDGE_LOOP ( 'NONE', ( #1199, #4605 ) ) ;
#1511 = DIRECTION ( 'NONE',  ( -1.000000000000000000, 0.000000000000000000, 0.000000000000000000 ) ) ;
#1512 = ORIENTED_EDGE ( 'NONE', *, *, #269, .F. ) ;
#1513 = CYLINDRICAL_SURFACE ( 'NONE', #1795, 0.1004999999999996452 ) ;
#1514 = DIRECTION ( 'NONE',  ( 1.000000000000000000, 0.000000000000000000, 0.000000000000000000 ) ) ;
#1515 = ORIENTED_EDGE ( 'NONE', *, *, #4979, .F. ) ;
#1516 = EDGE_LOOP ( 'NONE', ( #120, #4420, #4044, #2804, #4539, #1419, #4149, #757 ) ) ;
#1517 = LINE ( 'NONE', #4994, #1131 ) ;
#1518 = CARTESIAN_POINT ( 'NONE',  ( -6.624999999999999112, -2.143131898507867804E-16, 1.750000000000000000 ) ) ;
#1519 = FACE_OUTER_BOUND ( 'NONE', #1066, .T. ) ;
#1520 = ORIENTED_EDGE ( 'NONE', *, *, #4188, .F. ) ;
#1521 = CARTESIAN_POINT ( 'NONE',  ( -6.318609197530474120, -1.666641653128521749, 0.3891082710922918464 ) ) ;
#1522 = ORIENTED_EDGE ( 'NONE', *, *, #1024, .F. ) ;
#1523 = DIRECTION ( 'NONE',  ( 0.000000000000000000, -0.7382621944509717427, -0.6745138488158975987 ) ) ;
#1524 = EDGE_CURVE ( 'NONE', #5509, #2598, #5334, .T. ) ;
#1525 = VERTEX_POINT ( 'NONE', #5361 ) ;
#1526 = DIRECTION ( 'NONE',  ( -1.000000000000000000, 0.000000000000000000, 0.000000000000000000 ) ) ;
#1527 = CARTESIAN_POINT ( 'NONE',  ( -6.425504183865911045, -4.591132025040645992, 0.3720928360801820101 ) ) ;
#1528 = EDGE_CURVE ( 'NONE', #2796, #726, #3532, .T. ) ;
#1529 = EDGE_CURVE ( 'NONE', #3581, #684, #1986, .T. ) ;
#1530 = ORIENTED_EDGE ( 'NONE', *, *, #548, .T. ) ;
#1531 = CARTESIAN_POINT ( 'NONE',  ( -6.374999999999998224, -0.5000000000000000000, 0.3749999999999999445 ) ) ;
#1532 = CIRCLE ( 'NONE', #378, 0.1181102362204724116 ) ;
#1533 = ORIENTED_EDGE ( 'NONE', *, *, #5045, .F. ) ;
#1534 = DIRECTION ( 'NONE',  ( -1.000000000000000000, 0.000000000000000000, 0.000000000000000000 ) ) ;
#1535 = CIRCLE ( 'NONE', #4719, 0.1004999999999996452 ) ;
#1536 = EDGE_CURVE ( 'NONE', #5069, #2164, #1532, .T. ) ;
#1537 = DIRECTION ( 'NONE',  ( 1.000000000000000000, 0.000000000000000000, 0.000000000000000000 ) ) ;
#1538 = DIRECTION ( 'NONE',  ( 1.000000000000000000, 0.000000000000000000, 0.000000000000000000 ) ) ;
#1539 = VERTEX_POINT ( 'NONE', #5163 ) ;
#1540 = CLOSED_SHELL ( 'NONE', ( #5605, #4487, #3772, #4570, #3445, #2754, #2337, #4488, #4509, #3479, #380, #1703, #2978, #4172, #1815, #127, #3688, #4729, #5256, #2495, #5571, #4637, #2786, #4009, #4913, #5013, #4942, #3521, #2987, #3795, #1344, #972, #3611, #2068, #5271, #4500, #3820, #3997, #2869, #996, #4556, #20, #3268, #946, #5089, #326, #2793, #5572, #3707, #3760, #4593, #3596, #2019, #4315, #5414, #1228, #4355, #4974, #898, #844, #5178, #5594, #5075, #979, #2239, #3543, #1721, #4621, #10, #3835, #2059, #2510, #1946, #4757, #4892, #1301, #2925, #4445, #4616, #4550, #4038, #4711, #2788, #793, #478, #2086, #2163, #4518, #2818, #5546, #4727, #5160, #689, #86, #5008, #311, #1628, #265, #4144, #886, #1550, #542, #1291, #601, #4696, #1888, #3104, #2856, #2823, #4348, #5138, #3202, #3255, #2520, #4168, #4976, #4534, #830, #2714, #3130, #2482, #130, #2638, #4177, #1227, #302, #2501, #3207, #725, #745, #1752, #917, #1424, #4794, #2226, #735, #2368, #3537, #3431, #3158, #191, #4063, #631, #2192, #245, #5378, #5447, #4260, #485, #2188, #4322, #1673, #5401, #2367, #74, #1330, #1135, #3571, #4035, #2761, #1387, #1767, #3250, #2918 ) ) ;
#1541 = CIRCLE ( 'NONE', #5191, 0.1181102362204724116 ) ;
#1542 = CARTESIAN_POINT ( 'NONE',  ( -4.433018566799289850, -2.488443560568032176, 0.3063392792159908562 ) ) ;
#1543 = CARTESIAN_POINT ( 'NONE',  ( -6.410962081473637220, -0.4061544953955898984, 1.506994894448837830 ) ) ;
#1544 = CARTESIAN_POINT ( 'NONE',  ( 8.514999999999998792, -1.195882546459554163, 0.6250000000000000000 ) ) ;
#1545 = PLANE ( 'NONE',  #297 ) ;
#1546 = ORIENTED_EDGE ( 'NONE', *, *, #1191, .T. ) ;
#1547 = AXIS2_PLACEMENT_3D ( 'NONE', #3078, #3973, #933 ) ;
#1548 = AXIS2_PLACEMENT_3D ( 'NONE', #5615, #2938, #4310 ) ;
#1549 = DIRECTION ( 'NONE',  ( -1.000000000000000000, -0.000000000000000000, -0.000000000000000000 ) ) ;
#1550 = ADVANCED_FACE ( 'NONE', ( #3735 ), #2988, .F. ) ;
#1551 = CIRCLE ( 'NONE', #4736, 0.1181102362204724116 ) ;
#1552 = ORIENTED_EDGE ( 'NONE', *, *, #3156, .F. ) ;
#1553 = CARTESIAN_POINT ( 'NONE',  ( -6.375000000000000000, -3.810379740625795542, 0.9978822026927609556 ) ) ;
#1554 = ORIENTED_EDGE ( 'NONE', *, *, #1529, .T. ) ;
#1555 = CARTESIAN_POINT ( 'NONE',  ( -6.375000000000000000, -6.799999999999999822, 0.8749999999999995559 ) ) ;
#1556 = VECTOR ( 'NONE', #5143, 39.37007874015748143 ) ;
#1557 = CARTESIAN_POINT ( 'NONE',  ( -6.412360303091320546, -4.597520400560636489, 0.3680381640839384683 ) ) ;
#1558 = EDGE_CURVE ( 'NONE', #3581, #1525, #3987, .T. ) ;
#1559 = VERTEX_POINT ( 'NONE', #3857 ) ;
#1560 = FACE_OUTER_BOUND ( 'NONE', #5321, .T. ) ;
#1561 = AXIS2_PLACEMENT_3D ( 'NONE', #909, #1798, #1338 ) ;
#1562 = VECTOR ( 'NONE', #1176, 39.37007874015748143 ) ;
#1563 = CARTESIAN_POINT ( 'NONE',  ( -6.125000000000000000, -4.835468858908924972, 0.7500000000000001110 ) ) ;
#1564 = EDGE_LOOP ( 'NONE', ( #973, #1886, #1415 ) ) ;
#1565 = CARTESIAN_POINT ( 'NONE',  ( -6.125000000000000000, -2.000000000000000444, 1.874999999999999556 ) ) ;
#1566 = VECTOR ( 'NONE', #2514, 39.37007874015748143 ) ;
#1567 = AXIS2_PLACEMENT_3D ( 'NONE', #3151, #5436, #188 ) ;
#1568 = DIRECTION ( 'NONE',  ( -1.000000000000000000, 0.000000000000000000, 0.000000000000000000 ) ) ;
#1569 = EDGE_CURVE ( 'NONE', #2497, #1447, #2936, .T. ) ;
#1570 = AXIS2_PLACEMENT_3D ( 'NONE', #85, #3967, #5274 ) ;
#1571 = CARTESIAN_POINT ( 'NONE',  ( -6.398902698778328180, -0.4023339562367630462, 0.2728211276762251836 ) ) ;
#1572 = ORIENTED_EDGE ( 'NONE', *, *, #1529, .F. ) ;
#1573 = CARTESIAN_POINT ( 'NONE',  ( -6.624999999999999112, -6.064173226220472834, 0.6210629900000017578 ) ) ;
#1574 = DIRECTION ( 'NONE',  ( 0.000000000000000000, 0.000000000000000000, -1.000000000000000000 ) ) ;
#1575 = DIRECTION ( 'NONE',  ( -1.000000000000000000, -0.000000000000000000, -0.000000000000000000 ) ) ;
#1576 = CARTESIAN_POINT ( 'NONE',  ( -6.125000000000000000, -0.6663429112140901722, 0.7456503352318517575 ) ) ;
#1577 = ORIENTED_EDGE ( 'NONE', *, *, #3411, .F. ) ;
#1578 = CARTESIAN_POINT ( 'NONE',  ( -6.375000000000001776, -5.699999999999998401, 0.5903864922122699088 ) ) ;
#1579 = CARTESIAN_POINT ( 'NONE',  ( -6.125000000000000000, -0.7836045165149219116, 0.5217923160565421936 ) ) ;
#1580 = EDGE_CURVE ( 'NONE', #2003, #375, #1237, .T. ) ;
#1581 = DIRECTION ( 'NONE',  ( 0.000000000000000000, 0.000000000000000000, -1.000000000000000000 ) ) ;
#1582 = VERTEX_POINT ( 'NONE', #5507 ) ;
#1583 = DIRECTION ( 'NONE',  ( 1.000000000000000000, 0.000000000000000000, 0.000000000000000000 ) ) ;
#1584 = ORIENTED_EDGE ( 'NONE', *, *, #3391, .T. ) ;
#1585 = PRODUCT_DEFINITION_FORMATION_WITH_SPECIFIED_SOURCE ( 'ANY', '', #5601, .NOT_KNOWN. ) ;
#1586 = VERTEX_POINT ( 'NONE', #5136 ) ;
#1587 = LINE ( 'NONE', #5499, #3031 ) ;
#1588 = CARTESIAN_POINT ( 'NONE',  ( -6.624999999999999112, -5.768374849879879918, 1.725000000000000089 ) ) ;
#1589 = DIRECTION ( 'NONE',  ( 0.000000000000000000, -0.9994107467479923512, 0.03432432496962165014 ) ) ;
#1590 = ORIENTED_EDGE ( 'NONE', *, *, #981, .F. ) ;
#1591 = DIRECTION ( 'NONE',  ( 0.000000000000000000, 0.000000000000000000, 1.000000000000000000 ) ) ;
#1592 = EDGE_CURVE ( 'NONE', #593, #2611, #3308, .T. ) ;
#1593 = EDGE_CURVE ( 'NONE', #4152, #1170, #2448, .T. ) ;
#1594 = ORIENTED_EDGE ( 'NONE', *, *, #5127, .F. ) ;
#1595 = LINE ( 'NONE', #4158, #3170 ) ;
#1596 = FACE_OUTER_BOUND ( 'NONE', #1353, .T. ) ;
#1597 = EDGE_CURVE ( 'NONE', #7, #4490, #2075, .T. ) ;
#1598 = ORIENTED_EDGE ( 'NONE', *, *, #951, .F. ) ;
#1599 = EDGE_CURVE ( 'NONE', #5002, #2187, #1595, .T. ) ;
#1600 = LINE ( 'NONE', #4224, #50 ) ;
#1601 = DIRECTION ( 'NONE',  ( 1.000000000000000000, -0.000000000000000000, -0.000000000000000000 ) ) ;
#1602 = DIRECTION ( 'NONE',  ( -1.000000000000000000, 0.000000000000000000, 0.000000000000000000 ) ) ;
#1603 = CARTESIAN_POINT ( 'NONE',  ( -6.125000000000000000, 0.5000000000000000000, 0.5931102362204720979 ) ) ;
#1604 = ORIENTED_EDGE ( 'NONE', *, *, #4723, .F. ) ;
#1605 = CARTESIAN_POINT ( 'NONE',  ( -6.396873774997275497, -1.651754011420931478, 0.3987016620207319839 ) ) ;
#1606 = CYLINDRICAL_SURFACE ( 'NONE', #4666, 0.1181102362204724116 ) ;
#1607 = DIRECTION ( 'NONE',  ( 0.000000000000000000, 0.5150380749100522682, 0.8571673007021134438 ) ) ;
#1608 = VERTEX_POINT ( 'NONE', #5047 ) ;
#1609 = EDGE_CURVE ( 'NONE', #4335, #1719, #104, .T. ) ;
#1610 = ORIENTED_EDGE ( 'NONE', *, *, #3726, .F. ) ;
#1611 = CARTESIAN_POINT ( 'NONE',  ( -6.288880749625120004, -4.451114102636522851, 0.5153666425529145334 ) ) ;
#1612 = ORIENTED_EDGE ( 'NONE', *, *, #5161, .T. ) ;
#1613 = EDGE_LOOP ( 'NONE', ( #2723, #5162, #5312, #3126 ) ) ;
#1614 = DIRECTION ( 'NONE',  ( -1.000000000000000000, -0.000000000000000000, -0.000000000000000000 ) ) ;
#1615 = ORIENTED_EDGE ( 'NONE', *, *, #3283, .T. ) ;
#1616 = DIRECTION ( 'NONE',  ( 1.000000000000000000, 0.000000000000000000, 0.000000000000000000 ) ) ;
#1617 = EDGE_CURVE ( 'NONE', #3710, #429, #4084, .T. ) ;
#1618 = ORIENTED_EDGE ( 'NONE', *, *, #4808, .F. ) ;
#1619 = DIRECTION ( 'NONE',  ( -1.000000000000000000, 0.000000000000000000, 0.000000000000000000 ) ) ;
#1620 = CARTESIAN_POINT ( 'NONE',  ( -6.624999999999999112, -6.455905511811023345, -3.414809992080329023E-17 ) ) ;
#1621 = ORIENTED_EDGE ( 'NONE', *, *, #404, .F. ) ;
#1622 = CIRCLE ( 'NONE', #2358, 0.1000000000000000194 ) ;
#1623 = CARTESIAN_POINT ( 'NONE',  ( -6.624999999999999112, -0.4931102362204725642, 1.022034744542706486 ) ) ;
#1624 = DIRECTION ( 'NONE',  ( 1.000000000000000000, 0.000000000000000000, 0.000000000000000000 ) ) ;
#1625 = AXIS2_PLACEMENT_3D ( 'NONE', #2592, #3022, #1405 ) ;
#1626 = DIRECTION ( 'NONE',  ( 0.000000000000000000, -1.000000000000000000, 0.000000000000000000 ) ) ;
#1627 = DIRECTION ( 'NONE',  ( -1.000000000000000000, 0.000000000000000000, 0.000000000000000000 ) ) ;
#1628 = ADVANCED_FACE ( 'NONE', ( #3358 ), #5104, .F. ) ;
#1629 = DIRECTION ( 'NONE',  ( -1.000000000000000000, -0.000000000000000000, -0.000000000000000000 ) ) ;
#1630 = AXIS2_PLACEMENT_3D ( 'NONE', #3716, #1629, #3369 ) ;
#1631 = FACE_OUTER_BOUND ( 'NONE', #11, .T. ) ;
#1632 = CARTESIAN_POINT ( 'NONE',  ( -6.125000000000000000, -0.4931102362204725642, 0.9039245083222339217 ) ) ;
#1633 = CIRCLE ( 'NONE', #2450, 0.1562499999999997224 ) ;
#1634 = DIRECTION ( 'NONE',  ( 0.000000000000000000, 0.000000000000000000, 1.000000000000000000 ) ) ;
#1635 = CIRCLE ( 'NONE', #2183, 0.1004999999999996452 ) ;
#1636 = AXIS2_PLACEMENT_3D ( 'NONE', #1576, #5054, #741 ) ;
#1637 = ORIENTED_EDGE ( 'NONE', *, *, #459, .T. ) ;
#1638 = CARTESIAN_POINT ( 'NONE',  ( -6.375000000000000000, 0.000000000000000000, 1.433000000000001384 ) ) ;
#1639 = VECTOR ( 'NONE', #1523, 39.37007874015748854 ) ;
#1640 = EDGE_CURVE ( 'NONE', #3043, #2825, #4170, .T. ) ;
#1641 = VECTOR ( 'NONE', #1514, 39.37007874015748143 ) ;
#1642 = VERTEX_POINT ( 'NONE', #790 ) ;
#1643 = ORIENTED_EDGE ( 'NONE', *, *, #164, .T. ) ;
#1644 = DIRECTION ( 'NONE',  ( 1.000000000000000000, -0.000000000000000000, -0.000000000000000000 ) ) ;
#1645 =( CONVERSION_BASED_UNIT ( 'INCH', #2099 ) LENGTH_UNIT ( ) NAMED_UNIT ( #3616 ) );
#1646 = CARTESIAN_POINT ( 'NONE',  ( -6.125000000000000000, -5.299999999999999822, 1.875000000000000000 ) ) ;
#1647 = ORIENTED_EDGE ( 'NONE', *, *, #695, .T. ) ;
#1648 = CARTESIAN_POINT ( 'NONE',  ( -6.295148036240430400, -4.442913130381113795, 0.5300000000000013589 ) ) ;
#1649 = EDGE_CURVE ( 'NONE', #1877, #1103, #471, .T. ) ;
#1650 = ORIENTED_EDGE ( 'NONE', *, *, #2006, .F. ) ;
#1651 = VECTOR ( 'NONE', #3582, 39.37007874015748143 ) ;
#1652 = DIRECTION ( 'NONE',  ( 1.000000000000000000, -0.000000000000000000, -0.000000000000000000 ) ) ;
#1653 = PLANE ( 'NONE',  #397 ) ;
#1654 = EDGE_CURVE ( 'NONE', #3881, #4533, #2259, .T. ) ;
#1655 = AXIS2_PLACEMENT_3D ( 'NONE', #2546, #3869, #1691 ) ;
#1656 = CARTESIAN_POINT ( 'NONE',  ( -6.374999999999997335, -4.503937010000000463, 1.159613507787730091 ) ) ;
#1657 = LINE ( 'NONE', #1240, #2934 ) ;
#1658 = DIRECTION ( 'NONE',  ( 0.000000000000000000, -0.6113277574096419587, -0.7913775161201498376 ) ) ;
#1659 = CIRCLE ( 'NONE', #48, 0.2655000000000002358 ) ;
#1660 = LINE ( 'NONE', #2943, #1556 ) ;
#1661 = CARTESIAN_POINT ( 'NONE',  ( -6.345095598168793316, -0.4040018085751644894, 1.538903681015652669 ) ) ;
#1662 = ORIENTED_EDGE ( 'NONE', *, *, #537, .T. ) ;
#1663 = B_SPLINE_CURVE_WITH_KNOTS ( 'NONE', 3,
 ( #1056, #2384, #184, #1884, #4118, #5432, #3628, #1521, #3747, #2914, #2122, #5114, #4253, #2973, #4654, #349, #799, #1605, #5082, #376, #1165, #2493, #3341, #5173, #5599, #4229 ),
 .UNSPECIFIED., .F., .F.,
 ( 4, 2, 2, 2, 2, 2, 2, 2, 2, 2, 2, 2, 4 ),
 ( 0.000000000000000000, 0.0008402855522347300269, 0.001260428328352094932, 0.001680571104469460054, 0.002100713880586824959, 0.002520856656704189864, 0.002940999432821554769, 0.003361142208938920108, 0.003781284985056285013, 0.004201427761173649918, 0.005041713313408374524, 0.005881998865643099129, 0.006722284417877823735 ),
 .UNSPECIFIED. ) ;
#1664 = PLANE ( 'NONE',  #3203 ) ;
#1665 = CIRCLE ( 'NONE', #2664, 0.1000000000000000194 ) ;
#1666 = DIRECTION ( 'NONE',  ( 0.000000000000000000, 0.9994107467479923512, -0.03432432496962175422 ) ) ;
#1667 = CONICAL_SURFACE ( 'NONE', #950, 0.2655000000000002358, 0.7155849933176774424 ) ;
#1668 = EDGE_CURVE ( 'NONE', #2945, #4954, #5449, .T. ) ;
#1669 = CARTESIAN_POINT ( 'NONE',  ( 8.514999999999998792, 0.000000000000000000, 0.3749999999999999445 ) ) ;
#1670 = VERTEX_POINT ( 'NONE', #3771 ) ;
#1671 = FACE_OUTER_BOUND ( 'NONE', #4875, .T. ) ;
#1672 = ORIENTED_EDGE ( 'NONE', *, *, #4897, .T. ) ;
#1673 = ADVANCED_FACE ( 'NONE', ( #3420 ), #1264, .T. ) ;
#1674 = ORIENTED_EDGE ( 'NONE', *, *, #241, .F. ) ;
#1675 = DIRECTION ( 'NONE',  ( 0.000000000000000000, -1.000000000000000000, -9.313118160219072879E-17 ) ) ;
#1676 = DIRECTION ( 'NONE',  ( 0.000000000000000000, 0.000000000000000000, -1.000000000000000000 ) ) ;
#1677 = CARTESIAN_POINT ( 'NONE',  ( -6.375000000000000000, -2.431632466126977921, 1.061374204144307720 ) ) ;
#1678 = EDGE_LOOP ( 'NONE', ( #381, #3079, #1913, #3632 ) ) ;
#1679 = CARTESIAN_POINT ( 'NONE',  ( -6.347486063211094098, -4.434516642066997250, 0.5457003386319527749 ) ) ;
#1680 = EDGE_LOOP ( 'NONE', ( #1924, #2039, #1506, #5129 ) ) ;
#1681 = DIRECTION ( 'NONE',  ( -1.000000000000000000, 0.000000000000000000, 0.000000000000000000 ) ) ;
#1682 = FACE_OUTER_BOUND ( 'NONE', #2044, .T. ) ;
#1683 = EDGE_CURVE ( 'NONE', #612, #684, #5179, .T. ) ;
#1684 = DIRECTION ( 'NONE',  ( 0.000000000000000000, 1.224646799147353207E-16, -1.000000000000000000 ) ) ;
#1685 = CARTESIAN_POINT ( 'NONE',  ( -4.433018566799289850, -2.537323266877324013, 0.2731989520279352601 ) ) ;
#1686 = CARTESIAN_POINT ( 'NONE',  ( -6.624999999999999112, 0.5000000000000000000, 0.5931102362204722089 ) ) ;
#1687 = DIRECTION ( 'NONE',  ( -1.000000000000000000, 0.000000000000000000, 0.000000000000000000 ) ) ;
#1688 = CARTESIAN_POINT ( 'NONE',  ( -6.624999999999999112, -1.195882546459554163, 0.7812499999999997780 ) ) ;
#1689 = VERTEX_POINT ( 'NONE', #4410 ) ;
#1690 = FACE_OUTER_BOUND ( 'NONE', #3322, .T. ) ;
#1691 = DIRECTION ( 'NONE',  ( 1.000000000000000000, 0.000000000000000000, 0.000000000000000000 ) ) ;
#1692 = DIRECTION ( 'NONE',  ( 0.000000000000000000, -2.185478394931410969E-15, -1.000000000000000000 ) ) ;
#1693 = CARTESIAN_POINT ( 'NONE',  ( -6.125000000000000000, -2.710379740625795009, 0.5616031838164468049 ) ) ;
#1694 = ORIENTED_EDGE ( 'NONE', *, *, #370, .F. ) ;
#1695 = LINE ( 'NONE', #5177, #1478 ) ;
#1696 = EDGE_CURVE ( 'NONE', #2457, #332, #5242, .T. ) ;
#1697 = DIRECTION ( 'NONE',  ( -1.000000000000000000, -0.000000000000000000, -0.000000000000000000 ) ) ;
#1698 = EDGE_LOOP ( 'NONE', ( #4060, #2524, #3770, #813, #2778, #242, #891, #2009, #1584 ) ) ;
#1699 = CYLINDRICAL_SURFACE ( 'NONE', #705, 0.2249999999999999223 ) ;
#1700 = CARTESIAN_POINT ( 'NONE',  ( -6.441550758477955441, -1.575307679196802813, 1.375000000000000000 ) ) ;
#1701 = ORIENTED_EDGE ( 'NONE', *, *, #1962, .T. ) ;
#1702 = DIRECTION ( 'NONE',  ( -0.000000000000000000, 0.000000000000000000, 1.000000000000000000 ) ) ;
#1703 = ADVANCED_FACE ( 'NONE', ( #1705 ), #107, .F. ) ;
#1704 = ORIENTED_EDGE ( 'NONE', *, *, #1471, .F. ) ;
#1705 = FACE_OUTER_BOUND ( 'NONE', #2396, .T. ) ;
#1706 = DIRECTION ( 'NONE',  ( 0.000000000000000000, 0.000000000000000000, -1.000000000000000000 ) ) ;
#1707 = VERTEX_POINT ( 'NONE', #1784 ) ;
#1708 = EDGE_CURVE ( 'NONE', #63, #3845, #4868, .T. ) ;
#1709 = DIRECTION ( 'NONE',  ( -1.000000000000000000, 0.000000000000000000, 0.000000000000000000 ) ) ;
#1710 = LINE ( 'NONE', #5168, #5489 ) ;
#1711 = CARTESIAN_POINT ( 'NONE',  ( -6.125000000000000000, -3.270677038116681423, 0.4131694692302065874 ) ) ;
#1712 = LINE ( 'NONE', #1688, #23 ) ;
#1713 = VERTEX_POINT ( 'NONE', #919 ) ;
#1714 = AXIS2_PLACEMENT_3D ( 'NONE', #605, #1850, #175 ) ;
#1715 = LINE ( 'NONE', #5172, #5193 ) ;
#1716 = AXIS2_PLACEMENT_3D ( 'NONE', #261, #4551, #1067 ) ;
#1717 = DIRECTION ( 'NONE',  ( -1.000000000000000000, -0.000000000000000000, -0.000000000000000000 ) ) ;
#1718 = CARTESIAN_POINT ( 'NONE',  ( -6.475500000000001144, -5.699999999999998401, 0.000000000000000000 ) ) ;
#1719 = VERTEX_POINT ( 'NONE', #2642 ) ;
#1720 = CARTESIAN_POINT ( 'NONE',  ( -6.125000000000000000, -6.335826773779526633, 1.010826773779529120 ) ) ;
#1721 = ADVANCED_FACE ( 'NONE', ( #3556 ), #1371, .F. ) ;
#1722 = DIRECTION ( 'NONE',  ( -0.000000000000000000, 1.000000000000000000, -0.000000000000000000 ) ) ;
#1723 = ORIENTED_EDGE ( 'NONE', *, *, #2830, .T. ) ;
#1724 = VECTOR ( 'NONE', #5112, 39.37007874015748143 ) ;
#1725 = DIRECTION ( 'NONE',  ( 0.000000000000000000, 0.7913775161201495045, -0.6113277574096422917 ) ) ;
#1726 = EDGE_LOOP ( 'NONE', ( #2635, #781, #3413, #5584, #4027, #5332, #4598, #624, #389, #4854, #2552, #2185, #2173, #2976, #1343, #2873, #1423, #4157, #2685 ) ) ;
#1727 = FACE_OUTER_BOUND ( 'NONE', #152, .T. ) ;
#1728 = EDGE_CURVE ( 'NONE', #3164, #16, #1622, .T. ) ;
#1729 = CIRCLE ( 'NONE', #2279, 0.1000000000000000194 ) ;
#1730 = EDGE_CURVE ( 'NONE', #4039, #155, #5538, .T. ) ;
#1731 = DIRECTION ( 'NONE',  ( -0.000000000000000000, 0.7337606740181696896, 0.6794080314983045321 ) ) ;
#1732 = DIRECTION ( 'NONE',  ( -0.000000000000000000, 0.000000000000000000, 1.000000000000000000 ) ) ;
#1733 = AXIS2_PLACEMENT_3D ( 'NONE', #2708, #3990, #4417 ) ;
#1734 = AXIS2_PLACEMENT_3D ( 'NONE', #2898, #4635, #5185 ) ;
#1735 = EDGE_CURVE ( 'NONE', #5318, #3427, #2626, .T. ) ;
#1736 = DIRECTION ( 'NONE',  ( 0.7547095802227704597, 8.034405899049474753E-17, 0.6560590289905090522 ) ) ;
#1737 = CARTESIAN_POINT ( 'NONE',  ( -6.506889763779526881, 0.5000000000000006661, 0.5931102362204722089 ) ) ;
#1738 = CARTESIAN_POINT ( 'NONE',  ( -6.475500000000065093, -4.503937009999948060, 0.4457194827810607718 ) ) ;
#1739 = VECTOR ( 'NONE', #1856, 39.37007874015748143 ) ;
#1740 = DIRECTION ( 'NONE',  ( 0.000000000000000000, 0.000000000000000000, -1.000000000000000000 ) ) ;
#1741 = ORIENTED_EDGE ( 'NONE', *, *, #1428, .T. ) ;
#1742 = VECTOR ( 'NONE', #5236, 39.37007874015748143 ) ;
#1743 = ORIENTED_EDGE ( 'NONE', *, *, #4241, .F. ) ;
#1744 = DIRECTION ( 'NONE',  ( -1.000000000000000000, -0.000000000000000000, -0.000000000000000000 ) ) ;
#1745 = DIRECTION ( 'NONE',  ( -0.000000000000000000, -1.170791997284684730E-16, -1.000000000000000000 ) ) ;
#1746 =( GEOMETRIC_REPRESENTATION_CONTEXT ( 3 ) GLOBAL_UNCERTAINTY_ASSIGNED_CONTEXT ( ( #3995 ) ) GLOBAL_UNIT_ASSIGNED_CONTEXT ( ( #562, #3234, #1080 ) ) REPRESENTATION_CONTEXT ( 'NONE', 'WORKASPACE' ) );
#1747 = CARTESIAN_POINT ( 'NONE',  ( -6.375000000000000000, -2.710379740625795009, 0.8271031838164467631 ) ) ;
#1748 = DIRECTION ( 'NONE',  ( 1.000000000000000000, 0.000000000000000000, 0.000000000000000000 ) ) ;
#1749 = ORIENTED_EDGE ( 'NONE', *, *, #4766, .F. ) ;
#1750 = CARTESIAN_POINT ( 'NONE',  ( -6.125000000000000000, -5.799999999999998934, 1.853499999999998149 ) ) ;
#1751 = AXIS2_PLACEMENT_3D ( 'NONE', #2339, #1073, #4894 ) ;
#1752 = ADVANCED_FACE ( 'NONE', ( #457 ), #4267, .F. ) ;
#1753 = CIRCLE ( 'NONE', #5307, 0.1329999999999999238 ) ;
#1754 = VERTEX_POINT ( 'NONE', #1346 ) ;
#1755 = CARTESIAN_POINT ( 'NONE',  ( -6.506889763779526881, -3.750000000000000000, 1.750000000000000000 ) ) ;
#1756 = ORIENTED_EDGE ( 'NONE', *, *, #4331, .T. ) ;
#1757 = CARTESIAN_POINT ( 'NONE',  ( -6.125000000000000000, 2.652276394531333236E-16, 1.274999999999999689 ) ) ;
#1758 = CARTESIAN_POINT ( 'NONE',  ( -6.374999999999997335, -4.503937010000000463, 1.219999999999999751 ) ) ;
#1759 = PLANE ( 'NONE',  #5293 ) ;
#1760 = EDGE_CURVE ( 'NONE', #1948, #3433, #3045, .T. ) ;
#1761 = ORIENTED_EDGE ( 'NONE', *, *, #4414, .F. ) ;
#1762 = CARTESIAN_POINT ( 'NONE',  ( -6.375000000000000000, -3.270677038116681423, 0.5461694692302064835 ) ) ;
#1763 = EDGE_CURVE ( 'NONE', #4421, #4878, #1099, .T. ) ;
#1764 = FACE_BOUND ( 'NONE', #5024, .T. ) ;
#1765 = CARTESIAN_POINT ( 'NONE',  ( -6.243110236220472231, -2.000000000000000444, 1.749999999999999556 ) ) ;
#1766 = DIRECTION ( 'NONE',  ( 0.000000000000000000, 1.561055996379578982E-16, 1.000000000000000000 ) ) ;
#1767 = ADVANCED_FACE ( 'NONE', ( #534 ), #893, .T. ) ;
#1768 = CARTESIAN_POINT ( 'NONE',  ( -6.375000000000000000, -3.810379740625795542, 0.8648822026927610596 ) ) ;
#1769 = ORIENTED_EDGE ( 'NONE', *, *, #4872, .T. ) ;
#1770 = ORIENTED_EDGE ( 'NONE', *, *, #4464, .T. ) ;
#1771 = DIRECTION ( 'NONE',  ( -0.000000000000000000, 0.7382621944509717427, 0.6745138488158977097 ) ) ;
#1772 = EDGE_CURVE ( 'NONE', #3883, #4755, #4995, .T. ) ;
#1773 = ORIENTED_EDGE ( 'NONE', *, *, #254, .T. ) ;
#1774 = CYLINDRICAL_SURFACE ( 'NONE', #924, 0.1181102362204724116 ) ;
#1775 = EDGE_LOOP ( 'NONE', ( #3293, #455, #2563, #3812 ) ) ;
#1776 = CARTESIAN_POINT ( 'NONE',  ( -6.125000000000000000, -5.524999999999999467, 2.100000000000000089 ) ) ;
#1777 = CYLINDRICAL_SURFACE ( 'NONE', #2104, 0.07950000000000007061 ) ;
#1778 = ORIENTED_EDGE ( 'NONE', *, *, #5266, .F. ) ;
#1779 = CYLINDRICAL_SURFACE ( 'NONE', #392, 0.1181102362204724116 ) ;
#1780 = VERTEX_POINT ( 'NONE', #1805 ) ;
#1781 = DIRECTION ( 'NONE',  ( -0.000000000000000000, -0.000000000000000000, 1.000000000000000000 ) ) ;
#1782 = ORIENTED_EDGE ( 'NONE', *, *, #3377, .T. ) ;
#1783 = ORIENTED_EDGE ( 'NONE', *, *, #3274, .T. ) ;
#1784 = CARTESIAN_POINT ( 'NONE',  ( -6.624999999999999112, -0.7815019475124876935, 0.7194124950219528136 ) ) ;
#1785 = DIRECTION ( 'NONE',  ( 0.000000000000000000, 0.000000000000000000, 1.000000000000000000 ) ) ;
#1786 = EDGE_CURVE ( 'NONE', #1582, #2074, #661, .T. ) ;
#1787 = FACE_BOUND ( 'NONE', #4675, .T. ) ;
#1788 = FACE_OUTER_BOUND ( 'NONE', #1345, .T. ) ;
#1789 = CARTESIAN_POINT ( 'NONE',  ( -6.466155129161515802, -4.460273809140520740, 0.5009440446731703300 ) ) ;
#1790 = DIRECTION ( 'NONE',  ( 0.000000000000000000, -1.156482317317871725E-15, -1.000000000000000000 ) ) ;
#1791 = ORIENTED_EDGE ( 'NONE', *, *, #4405, .F. ) ;
#1792 = DIRECTION ( 'NONE',  ( -0.000000000000000000, -0.000000000000000000, 1.000000000000000000 ) ) ;
#1793 = FACE_OUTER_BOUND ( 'NONE', #4017, .T. ) ;
#1794 = VERTEX_POINT ( 'NONE', #5300 ) ;
#1795 = AXIS2_PLACEMENT_3D ( 'NONE', #3591, #4106, #2340 ) ;
#1796 = CARTESIAN_POINT ( 'NONE',  ( -6.374999999999997335, -4.503937010000000463, 1.750000000000000000 ) ) ;
#1797 = DIRECTION ( 'NONE',  ( -1.000000000000000000, -0.000000000000000000, -0.000000000000000000 ) ) ;
#1798 = DIRECTION ( 'NONE',  ( -1.000000000000000000, -0.000000000000000000, -0.000000000000000000 ) ) ;
#1799 = VERTEX_POINT ( 'NONE', #4333 ) ;
#1800 = CARTESIAN_POINT ( 'NONE',  ( -6.375000000000000000, -1.749999999999998446, -4.892463962593665846E-17 ) ) ;
#1801 = VERTEX_POINT ( 'NONE', #2165 ) ;
#1802 = DIRECTION ( 'NONE',  ( 1.000000000000000000, -0.000000000000000000, -0.000000000000000000 ) ) ;
#1803 = ORIENTED_EDGE ( 'NONE', *, *, #3491, .F. ) ;
#1804 = EDGE_CURVE ( 'NONE', #679, #3518, #4309, .T. ) ;
#1805 = CARTESIAN_POINT ( 'NONE',  ( -6.475499999999996703, -4.503937010000000463, 1.219999999999999751 ) ) ;
#1806 = CIRCLE ( 'NONE', #1014, 0.1562499999999998612 ) ;
#1807 = DIRECTION ( 'NONE',  ( -1.000000000000000000, -0.000000000000000000, -0.000000000000000000 ) ) ;
#1808 = AXIS2_PLACEMENT_3D ( 'NONE', #4651, #5144, #769 ) ;
#1809 = DIRECTION ( 'NONE',  ( 0.000000000000000000, 0.000000000000000000, 1.000000000000000000 ) ) ;
#1810 = EDGE_CURVE ( 'NONE', #2640, #1198, #2395, .T. ) ;
#1811 = CIRCLE ( 'NONE', #32, 0.1000000000000000194 ) ;
#1812 = AXIS2_PLACEMENT_3D ( 'NONE', #3530, #4340, #3106 ) ;
#1813 = DIRECTION ( 'NONE',  ( -0.000000000000000000, -0.000000000000000000, 1.000000000000000000 ) ) ;
#1814 = DIRECTION ( 'NONE',  ( 0.000000000000000000, 2.913971193241881161E-15, -1.000000000000000000 ) ) ;
#1815 = ADVANCED_FACE ( 'NONE', ( #2701 ), #205, .F. ) ;
#1816 = CARTESIAN_POINT ( 'NONE',  ( -4.433018566799289850, -4.199342881615018896, 0.4495759088631432476 ) ) ;
#1817 = DIRECTION ( 'NONE',  ( 0.000000000000000000, 0.000000000000000000, -1.000000000000000000 ) ) ;
#1818 = ORIENTED_EDGE ( 'NONE', *, *, #5567, .F. ) ;
#1819 = CIRCLE ( 'NONE', #400, 0.4499999999999999556 ) ;
#1820 = ORIENTED_EDGE ( 'NONE', *, *, #1313, .T. ) ;
#1821 = EDGE_LOOP ( 'NONE', ( #3253, #4127, #3453, #3382 ) ) ;
#1822 = UNCERTAINTY_MEASURE_WITH_UNIT (LENGTH_MEASURE( 1.000000000000000082E-05 ), #1645, 'distance_accuracy_value', 'NONE');
#1823 = AXIS2_PLACEMENT_3D ( 'NONE', #1096, #2421, #3705 ) ;
#1824 = ORIENTED_EDGE ( 'NONE', *, *, #5562, .F. ) ;
#1825 = CIRCLE ( 'NONE', #4384, 0.09999999999999989453 ) ;
#1826 = CIRCLE ( 'NONE', #1734, 0.07950000000000007061 ) ;
#1827 = DIRECTION ( 'NONE',  ( 0.000000000000000000, 0.000000000000000000, 1.000000000000000000 ) ) ;
#1828 = CARTESIAN_POINT ( 'NONE',  ( -6.375000000000000000, -2.710379740625795009, 0.9601031838164467702 ) ) ;
#1829 = CARTESIAN_POINT ( 'NONE',  ( -6.374999999999998224, -0.5000000000000000000, -4.892463962593665846E-17 ) ) ;
#1830 = ORIENTED_EDGE ( 'NONE', *, *, #4103, .T. ) ;
#1831 = EDGE_CURVE ( 'NONE', #1364, #1260, #826, .T. ) ;
#1832 = AXIS2_PLACEMENT_3D ( 'NONE', #2908, #4647, #766 ) ;
#1833 = CIRCLE ( 'NONE', #3108, 0.1000000000000000194 ) ;
#1834 = EDGE_CURVE ( 'NONE', #2945, #2576, #5354, .T. ) ;
#1835 = ORIENTED_EDGE ( 'NONE', *, *, #5340, .T. ) ;
#1836 = DIRECTION ( 'NONE',  ( -1.000000000000000000, 0.000000000000000000, 0.000000000000000000 ) ) ;
#1837 = CIRCLE ( 'NONE', #1316, 0.1181102362204724116 ) ;
#1838 = ORIENTED_EDGE ( 'NONE', *, *, #3965, .T. ) ;
#1839 = CARTESIAN_POINT ( 'NONE',  ( -6.374999999999997335, -4.503937010000000463, 1.750000000000000000 ) ) ;
#1840 = ORIENTED_EDGE ( 'NONE', *, *, #2862, .T. ) ;
#1841 = EDGE_CURVE ( 'NONE', #2725, #2945, #1535, .T. ) ;
#1842 = AXIS2_PLACEMENT_3D ( 'NONE', #5520, #2469, #447 ) ;
#1843 = FACE_BOUND ( 'NONE', #3946, .T. ) ;
#1844 = CARTESIAN_POINT ( 'NONE',  ( -6.125000000000000000, -4.149999999999999467, 2.143131898507867804E-16 ) ) ;
#1845 = EDGE_LOOP ( 'NONE', ( #131, #835, #2394, #2850 ) ) ;
#1846 = LINE ( 'NONE', #1486, #5189 ) ;
#1847 = CARTESIAN_POINT ( 'NONE',  ( -6.375000000000000000, -4.009567221782097235, 1.134766412947940672 ) ) ;
#1848 = DIRECTION ( 'NONE',  ( 0.000000000000000000, -4.370956789862820518E-14, 1.000000000000000000 ) ) ;
#1849 = EDGE_CURVE ( 'NONE', #439, #1198, #5088, .T. ) ;
#1850 = DIRECTION ( 'NONE',  ( -1.000000000000000000, -0.000000000000000000, -0.000000000000000000 ) ) ;
#1851 = ORIENTED_EDGE ( 'NONE', *, *, #363, .F. ) ;
#1852 = CARTESIAN_POINT ( 'NONE',  ( -4.433018566799289850, -3.984339064865171309, 0.3228960767065788828 ) ) ;
#1853 = ORIENTED_EDGE ( 'NONE', *, *, #1558, .T. ) ;
#1854 = VERTEX_POINT ( 'NONE', #4045 ) ;
#1855 = ORIENTED_EDGE ( 'NONE', *, *, #4243, .T. ) ;
#1856 = DIRECTION ( 'NONE',  ( 0.000000000000000000, -0.000000000000000000, -1.000000000000000000 ) ) ;
#1857 = DIRECTION ( 'NONE',  ( -1.000000000000000000, 0.000000000000000000, 0.000000000000000000 ) ) ;
#1858 = DIRECTION ( 'NONE',  ( -0.000000000000000000, -1.170791997284684730E-16, -1.000000000000000000 ) ) ;
#1859 = DIRECTION ( 'NONE',  ( 0.000000000000000000, 0.7913775161201497266, -0.6113277574096418476 ) ) ;
#1860 = EDGE_LOOP ( 'NONE', ( #4720, #1782, #4508, #1388 ) ) ;
#1861 = CARTESIAN_POINT ( 'NONE',  ( 8.514999999999998792, -1.990779663567565638, 1.049503685194445257 ) ) ;
#1862 = CYLINDRICAL_SURFACE ( 'NONE', #1138, 0.1181102362204724116 ) ;
#1863 = ORIENTED_EDGE ( 'NONE', *, *, #2301, .T. ) ;
#1864 = DIRECTION ( 'NONE',  ( 1.000000000000000000, 0.000000000000000000, 0.000000000000000000 ) ) ;
#1865 = VERTEX_POINT ( 'NONE', #683 ) ;
#1866 = CARTESIAN_POINT ( 'NONE',  ( -6.624999999999999112, -4.031889763779526348, -0.1249999999999997918 ) ) ;
#1867 = ORIENTED_EDGE ( 'NONE', *, *, #618, .T. ) ;
#1868 = EDGE_CURVE ( 'NONE', #1582, #4691, #5386, .T. ) ;
#1869 = DIRECTION ( 'NONE',  ( -0.000000000000000000, -0.000000000000000000, 1.000000000000000000 ) ) ;
#1870 = CARTESIAN_POINT ( 'NONE',  ( -6.434398576766966471, -0.4180575060705082335, 0.4013838110678774607 ) ) ;
#1871 = VERTEX_POINT ( 'NONE', #4497 ) ;
#1872 = CARTESIAN_POINT ( 'NONE',  ( -6.345039193103875874, -0.4040178078393035221, 0.2111836750175772326 ) ) ;
#1873 = CARTESIAN_POINT ( 'NONE',  ( -6.243110236220472231, 0.5000000000000002220, 1.274999999999999911 ) ) ;
#1874 = DIRECTION ( 'NONE',  ( 0.000000000000000000, 0.000000000000000000, 1.000000000000000000 ) ) ;
#1875 = DIRECTION ( 'NONE',  ( 0.000000000000000000, 1.000000000000000000, -0.000000000000000000 ) ) ;
#1876 = ORIENTED_EDGE ( 'NONE', *, *, #2506, .T. ) ;
#1877 = VERTEX_POINT ( 'NONE', #3271 ) ;
#1878 = EDGE_LOOP ( 'NONE', ( #229, #718 ) ) ;
#1879 = DIRECTION ( 'NONE',  ( -0.000000000000000000, 9.313118160219072879E-17, -1.000000000000000000 ) ) ;
#1880 = SURFACE_SIDE_STYLE ('',( #180 ) ) ;
#1881 = CARTESIAN_POINT ( 'NONE',  ( -6.125000000000000000, -5.299999999999999822, 1.750000000000000000 ) ) ;
#1882 = CARTESIAN_POINT ( 'NONE',  ( -6.125000000000000000, -5.299999999999999822, 0.6210629900000013137 ) ) ;
#1883 = EDGE_LOOP ( 'NONE', ( #5353, #1414, #3272, #3846 ) ) ;
#1884 = CARTESIAN_POINT ( 'NONE',  ( -6.295324600679447435, -1.688503432664682613, 0.3799742565103074177 ) ) ;
#1885 = CARTESIAN_POINT ( 'NONE',  ( -6.375000000000000000, -2.463535137063221914, 1.090645255348624554 ) ) ;
#1886 = ORIENTED_EDGE ( 'NONE', *, *, #664, .T. ) ;
#1887 = DIRECTION ( 'NONE',  ( 1.000000000000000000, -0.000000000000000000, -0.000000000000000000 ) ) ;
#1888 = ADVANCED_FACE ( 'NONE', ( #4523 ), #4466, .F. ) ;
#1889 = ORIENTED_EDGE ( 'NONE', *, *, #1696, .F. ) ;
#1890 = CYLINDRICAL_SURFACE ( 'NONE', #1928, 0.1004999999999996452 ) ;
#1891 = VERTEX_POINT ( 'NONE', #1931 ) ;
#1892 = CARTESIAN_POINT ( 'NONE',  ( -6.307375722903608484, -4.578617263842893692, 0.3804664386924780373 ) ) ;
#1893 = ORIENTED_EDGE ( 'NONE', *, *, #4464, .F. ) ;
#1894 = VECTOR ( 'NONE', #1154, 39.37007874015748854 ) ;
#1895 = CARTESIAN_POINT ( 'NONE',  ( -6.624999999999999112, -2.518110236220472586, -0.1249999999999999584 ) ) ;
#1896 = VERTEX_POINT ( 'NONE', #1449 ) ;
#1897 = CARTESIAN_POINT ( 'NONE',  ( -6.326301881527466975, -0.4118820845815333587, 0.4072597367009385128 ) ) ;
#1898 = VERTEX_POINT ( 'NONE', #194 ) ;
#1899 = EDGE_CURVE ( 'NONE', #2258, #1187, #1002, .T. ) ;
#1900 = CARTESIAN_POINT ( 'NONE',  ( -6.354908000497655252, -0.4014197460655064553, 0.1981611878183771047 ) ) ;
#1901 = CIRCLE ( 'NONE', #2366, 0.2344000000000001083 ) ;
#1902 = EDGE_CURVE ( 'NONE', #2640, #4308, #4088, .T. ) ;
#1903 = VERTEX_POINT ( 'NONE', #4071 ) ;
#1904 = AXIS2_PLACEMENT_3D ( 'NONE', #4916, #4041, #995 ) ;
#1905 = DIRECTION ( 'NONE',  ( 1.000000000000000000, 0.000000000000000000, 0.000000000000000000 ) ) ;
#1906 = CIRCLE ( 'NONE', #5376, 0.1181102362204724116 ) ;
#1907 = DIRECTION ( 'NONE',  ( 0.000000000000000000, 0.000000000000000000, -1.000000000000000000 ) ) ;
#1908 = LINE ( 'NONE', #4107, #1641 ) ;
#1909 = VERTEX_POINT ( 'NONE', #3678 ) ;
#1910 = EDGE_LOOP ( 'NONE', ( #4432, #4246 ) ) ;
#1911 = CIRCLE ( 'NONE', #5102, 0.1181102362204724116 ) ;
#1912 = AXIS2_PLACEMENT_3D ( 'NONE', #955, #1732, #1347 ) ;
#1913 = ORIENTED_EDGE ( 'NONE', *, *, #5225, .F. ) ;
#1914 = CARTESIAN_POINT ( 'NONE',  ( -6.475499999999995815, -4.503937010000000463, 1.750000000000000000 ) ) ;
#1915 = DIRECTION ( 'NONE',  ( -1.000000000000000000, 0.000000000000000000, 0.000000000000000000 ) ) ;
#1916 = DIRECTION ( 'NONE',  ( -1.000000000000000000, 0.000000000000000000, 0.000000000000000000 ) ) ;
#1917 = VECTOR ( 'NONE', #740, 39.37007874015748143 ) ;
#1918 = DIRECTION ( 'NONE',  ( -0.000000000000000000, 1.000000000000000000, -0.000000000000000000 ) ) ;
#1919 = VERTEX_POINT ( 'NONE', #2730 ) ;
#1920 = DIRECTION ( 'NONE',  ( -1.000000000000000000, -0.000000000000000000, -0.000000000000000000 ) ) ;
#1921 = VECTOR ( 'NONE', #3904, 39.37007874015748143 ) ;
#1922 = CARTESIAN_POINT ( 'NONE',  ( -6.624999999999999112, -6.200984252499999627, 0.4365157475000004395 ) ) ;
#1923 = EDGE_CURVE ( 'NONE', #4878, #1413, #561, .T. ) ;
#1924 = ORIENTED_EDGE ( 'NONE', *, *, #1988, .F. ) ;
#1925 = LINE ( 'NONE', #4520, #2840 ) ;
#1926 = EDGE_LOOP ( 'NONE', ( #2063, #4611, #357, #839 ) ) ;
#1927 = CIRCLE ( 'NONE', #4931, 0.1284999999999978104 ) ;
#1928 = AXIS2_PLACEMENT_3D ( 'NONE', #4461, #166, #1526 ) ;
#1929 = DIRECTION ( 'NONE',  ( -1.000000000000000000, -0.000000000000000000, -0.000000000000000000 ) ) ;
#1930 = VECTOR ( 'NONE', #4702, 39.37007874015748143 ) ;
#1931 = CARTESIAN_POINT ( 'NONE',  ( -6.274500000000002409, -5.699999999999998401, -4.892463962593665846E-17 ) ) ;
#1932 = ORIENTED_EDGE ( 'NONE', *, *, #5357, .F. ) ;
#1933 = CARTESIAN_POINT ( 'NONE',  ( -6.316160413984483135, -0.4183043643883995188, 0.4016094032959821036 ) ) ;
#1934 = EDGE_LOOP ( 'NONE', ( #1604, #4939, #5613, #3241 ) ) ;
#1935 = AXIS2_PLACEMENT_3D ( 'NONE', #4934, #3193, #4504 ) ;
#1936 = AXIS2_PLACEMENT_3D ( 'NONE', #2066, #5153, #5543 ) ;
#1937 = DIRECTION ( 'NONE',  ( 0.000000000000000000, 0.000000000000000000, -1.000000000000000000 ) ) ;
#1938 = LINE ( 'NONE', #267, #3282 ) ;
#1939 = EDGE_CURVE ( 'NONE', #1642, #16, #2265, .T. ) ;
#1940 = ORIENTED_EDGE ( 'NONE', *, *, #2013, .T. ) ;
#1941 = EDGE_CURVE ( 'NONE', #192, #5034, #3821, .T. ) ;
#1942 = DIRECTION ( 'NONE',  ( -1.000000000000000000, -0.000000000000000000, -0.000000000000000000 ) ) ;
#1943 = DIRECTION ( 'NONE',  ( -0.000000000000000000, -0.000000000000000000, -1.000000000000000000 ) ) ;
#1944 = CARTESIAN_POINT ( 'NONE',  ( -6.243110236220472231, -2.518110236220472142, 2.581273694800879043E-16 ) ) ;
#1945 = EDGE_CURVE ( 'NONE', #1236, #1245, #140, .T. ) ;
#1946 = ADVANCED_FACE ( 'NONE', ( #1843, #3585 ), #2820, .F. ) ;
#1947 = FACE_BOUND ( 'NONE', #4759, .T. ) ;
#1948 = VERTEX_POINT ( 'NONE', #1895 ) ;
#1949 = DIRECTION ( 'NONE',  ( -1.000000000000000000, 0.000000000000000000, 0.000000000000000000 ) ) ;
#1950 = DIRECTION ( 'NONE',  ( -0.000000000000000000, -0.000000000000000000, -1.000000000000000000 ) ) ;
#1951 = ORIENTED_EDGE ( 'NONE', *, *, #5406, .F. ) ;
#1952 = CARTESIAN_POINT ( 'NONE',  ( -6.125000000000000000, -5.955081525351289429, 1.474999999999999867 ) ) ;
#1953 = CARTESIAN_POINT ( 'NONE',  ( -6.465903038812571779, -4.547242831205526414, 0.4043492602370607480 ) ) ;
#1954 = EDGE_CURVE ( 'NONE', #3566, #63, #3222, .T. ) ;
#1955 = ORIENTED_EDGE ( 'NONE', *, *, #4125, .T. ) ;
#1956 = DIRECTION ( 'NONE',  ( -1.000000000000000000, 0.000000000000000000, 0.000000000000000000 ) ) ;
#1957 = ORIENTED_EDGE ( 'NONE', *, *, #2674, .F. ) ;
#1958 = DIRECTION ( 'NONE',  ( 1.000000000000000000, 0.000000000000000000, 0.000000000000000000 ) ) ;
#1959 = EDGE_LOOP ( 'NONE', ( #4887, #268, #1554, #2715 ) ) ;
#1960 = DIRECTION ( 'NONE',  ( 0.000000000000000000, -1.000000000000000000, 1.170791997284684730E-16 ) ) ;
#1961 = DIRECTION ( 'NONE',  ( 0.000000000000000000, 0.000000000000000000, 1.000000000000000000 ) ) ;
#1962 = EDGE_CURVE ( 'NONE', #1236, #2598, #5095, .T. ) ;
#1963 = ORIENTED_EDGE ( 'NONE', *, *, #1831, .F. ) ;
#1964 = DIRECTION ( 'NONE',  ( 0.000000000000000000, 0.000000000000000000, -1.000000000000000000 ) ) ;
#1965 = DIRECTION ( 'NONE',  ( 0.000000000000000000, 0.9994107467479924622, -0.03432432496962134483 ) ) ;
#1966 = LINE ( 'NONE', #1995, #1374 ) ;
#1967 = ORIENTED_EDGE ( 'NONE', *, *, #1668, .T. ) ;
#1968 = DIRECTION ( 'NONE',  ( 1.000000000000000000, -0.000000000000000000, -0.000000000000000000 ) ) ;
#1969 = DIRECTION ( 'NONE',  ( 0.000000000000000000, 0.000000000000000000, 1.000000000000000000 ) ) ;
#1970 = EDGE_CURVE ( 'NONE', #375, #5448, #2930, .T. ) ;
#1971 = LINE ( 'NONE', #4950, #3573 ) ;
#1972 = EDGE_CURVE ( 'NONE', #578, #3978, #3724, .T. ) ;
#1973 = ORIENTED_EDGE ( 'NONE', *, *, #3237, .F. ) ;
#1974 = LINE ( 'NONE', #2975, #2912 ) ;
#1975 = ORIENTED_EDGE ( 'NONE', *, *, #4405, .T. ) ;
#1976 = CARTESIAN_POINT ( 'NONE',  ( -6.375000000000000000, -2.546717713877304501, 1.069266085778232345 ) ) ;
#1977 = CARTESIAN_POINT ( 'NONE',  ( -6.390441093862454736, -4.603533713837409280, 0.3643704285743123439 ) ) ;
#1978 = EDGE_CURVE ( 'NONE', #3247, #2611, #5183, .T. ) ;
#1979 = VERTEX_POINT ( 'NONE', #2071 ) ;
#1980 = DIRECTION ( 'NONE',  ( 0.000000000000000000, 0.000000000000000000, -1.000000000000000000 ) ) ;
#1981 = CYLINDRICAL_SURFACE ( 'NONE', #3915, 0.2500000000000000555 ) ;
#1982 = AXIS2_PLACEMENT_3D ( 'NONE', #2316, #4560, #4052 ) ;
#1983 = ORIENTED_EDGE ( 'NONE', *, *, #1358, .F. ) ;
#1984 = CARTESIAN_POINT ( 'NONE',  ( -6.454851963759567823, -4.442913130381114684, 0.5300000000000001377 ) ) ;
#1985 = AXIS2_PLACEMENT_3D ( 'NONE', #1425, #1509, #2273 ) ;
#1986 = LINE ( 'NONE', #5070, #2816 ) ;
#1987 = DIRECTION ( 'NONE',  ( 1.000000000000000000, -0.000000000000000000, -0.000000000000000000 ) ) ;
#1988 = EDGE_CURVE ( 'NONE', #578, #427, #3729, .T. ) ;
#1989 = VERTEX_POINT ( 'NONE', #3816 ) ;
#1990 = AXIS2_PLACEMENT_3D ( 'NONE', #1762, #5558, #3501 ) ;
#1991 = AXIS2_PLACEMENT_3D ( 'NONE', #4972, #3714, #3235 ) ;
#1992 = CYLINDRICAL_SURFACE ( 'NONE', #3296, 0.1250000000000004441 ) ;
#1993 = CYLINDRICAL_SURFACE ( 'NONE', #596, 0.05905511811023630986 ) ;
#1994 = DIRECTION ( 'NONE',  ( 0.000000000000000000, 0.000000000000000000, 1.000000000000000000 ) ) ;
#1995 = CARTESIAN_POINT ( 'NONE',  ( -6.125000000000000000, 0.000000000000000000, 0.000000000000000000 ) ) ;
#1996 = AXIS2_PLACEMENT_3D ( 'NONE', #2157, #1675, #3415 ) ;
#1997 = VECTOR ( 'NONE', #3685, 39.37007874015748143 ) ;
#1998 = PLANE ( 'NONE',  #5478 ) ;
#1999 = CARTESIAN_POINT ( 'NONE',  ( -6.624999999999999112, -2.518110236220472586, -0.1249999999999996253 ) ) ;
#2000 = AXIS2_PLACEMENT_3D ( 'NONE', #5410, #2388, #3752 ) ;
#2001 = DIRECTION ( 'NONE',  ( 0.000000000000000000, 0.000000000000000000, 1.000000000000000000 ) ) ;
#2002 = EDGE_CURVE ( 'NONE', #4533, #2156, #1232, .T. ) ;
#2003 = VERTEX_POINT ( 'NONE', #785 ) ;
#2004 = DIRECTION ( 'NONE',  ( 0.000000000000000000, 0.000000000000000000, -1.000000000000000000 ) ) ;
#2005 = AXIS2_PLACEMENT_3D ( 'NONE', #2649, #4364, #489 ) ;
#2006 = EDGE_CURVE ( 'NONE', #1041, #4607, #4627, .T. ) ;
#2007 = LINE ( 'NONE', #3269, #4478 ) ;
#2008 = AXIS2_PLACEMENT_3D ( 'NONE', #685, #2797, #4100 ) ;
#2009 = ORIENTED_EDGE ( 'NONE', *, *, #441, .F. ) ;
#2010 = EDGE_LOOP ( 'NONE', ( #2175, #1233, #1369, #832 ) ) ;
#2011 = CARTESIAN_POINT ( 'NONE',  ( -6.375000000000000000, -3.987771497362133655, 0.3229550020317796255 ) ) ;
#2012 = FACE_OUTER_BOUND ( 'NONE', #5049, .T. ) ;
#2013 = EDGE_CURVE ( 'NONE', #932, #1586, #1127, .T. ) ;
#2014 = AXIS2_PLACEMENT_3D ( 'NONE', #4287, #5515, #2032 ) ;
#2015 = VECTOR ( 'NONE', #2181, 39.37007874015748143 ) ;
#2016 = DIRECTION ( 'NONE',  ( 0.000000000000000000, -1.000000000000000000, -1.224646799147353207E-16 ) ) ;
#2017 = ORIENTED_EDGE ( 'NONE', *, *, #2958, .T. ) ;
#2018 = CARTESIAN_POINT ( 'NONE',  ( -6.125000000000000000, -1.616638072028670825, 0.6849148370861219970 ) ) ;
#2019 = ADVANCED_FACE ( 'NONE', ( #5549, #3327 ), #5132, .F. ) ;
#2020 = MECHANICAL_DESIGN_GEOMETRIC_PRESENTATION_REPRESENTATION (  '', ( #5302 ), #1746 ) ;
#2021 = VECTOR ( 'NONE', #3728, 39.37007874015748143 ) ;
#2022 = DIRECTION ( 'NONE',  ( 0.000000000000000000, 0.000000000000000000, -1.000000000000000000 ) ) ;
#2023 = AXIS2_PLACEMENT_3D ( 'NONE', #5618, #5593, #3424 ) ;
#2024 = CARTESIAN_POINT ( 'NONE',  ( -6.624999999999999112, 0.000000000000000000, 0.3749999999999999445 ) ) ;
#2025 = CIRCLE ( 'NONE', #2763, 0.1181102362204724116 ) ;
#2026 = ORIENTED_EDGE ( 'NONE', *, *, #4678, .F. ) ;
#2027 = LINE ( 'NONE', #3800, #1930 ) ;
#2028 = CARTESIAN_POINT ( 'NONE',  ( -6.125000000000000000, -2.710379740625795009, 0.8271031838164467631 ) ) ;
#2029 = LINE ( 'NONE', #4194, #5016 ) ;
#2030 = CARTESIAN_POINT ( 'NONE',  ( -6.339034013271302115, -0.4061559921848525989, 1.518000303632597303 ) ) ;
#2031 = ORIENTED_EDGE ( 'NONE', *, *, #3363, .F. ) ;
#2032 = DIRECTION ( 'NONE',  ( 0.000000000000000000, 0.000000000000000000, 1.000000000000000000 ) ) ;
#2033 = LINE ( 'NONE', #4422, #2400 ) ;
#2034 = CYLINDRICAL_SURFACE ( 'NONE', #4823, 0.1004999999999996452 ) ;
#2035 = ORIENTED_EDGE ( 'NONE', *, *, #5292, .F. ) ;
#2036 = DIRECTION ( 'NONE',  ( -0.000000000000000000, 0.000000000000000000, 1.000000000000000000 ) ) ;
#2037 = EDGE_CURVE ( 'NONE', #3930, #2870, #729, .T. ) ;
#2038 = CARTESIAN_POINT ( 'NONE',  ( -6.125000000000000000, -0.3750000000000001110, 0.4931102362204725087 ) ) ;
#2039 = ORIENTED_EDGE ( 'NONE', *, *, #3844, .F. ) ;
#2040 = ORIENTED_EDGE ( 'NONE', *, *, #3301, .T. ) ;
#2041 = DIRECTION ( 'NONE',  ( -1.000000000000000000, -0.000000000000000000, -0.000000000000000000 ) ) ;
#2042 = DIRECTION ( 'NONE',  ( 0.000000000000000000, 0.000000000000000000, -1.000000000000000000 ) ) ;
#2043 = APPLICATION_CONTEXT ( 'automotive_design' ) ;
#2044 = EDGE_LOOP ( 'NONE', ( #1064, #3608, #5423, #2876 ) ) ;
#2045 = CARTESIAN_POINT ( 'NONE',  ( -6.375000000000000000, -1.195882546459554163, 0.6250000000000000000 ) ) ;
#2046 = EDGE_CURVE ( 'NONE', #232, #1413, #1901, .T. ) ;
#2047 = ORIENTED_EDGE ( 'NONE', *, *, #428, .F. ) ;
#2048 = EDGE_CURVE ( 'NONE', #2892, #2880, #4903, .T. ) ;
#2049 = EDGE_CURVE ( 'NONE', #1445, #1903, #1633, .T. ) ;
#2050 = DIRECTION ( 'NONE',  ( 1.000000000000000000, -0.000000000000000000, -0.000000000000000000 ) ) ;
#2051 = DIRECTION ( 'NONE',  ( 1.000000000000000000, -0.000000000000000000, -0.000000000000000000 ) ) ;
#2052 = ORIENTED_EDGE ( 'NONE', *, *, #1171, .T. ) ;
#2053 = DIRECTION ( 'NONE',  ( -0.000000000000000000, -0.000000000000000000, -1.000000000000000000 ) ) ;
#2054 = LINE ( 'NONE', #372, #1566 ) ;
#2055 = DIRECTION ( 'NONE',  ( -1.000000000000000000, 0.000000000000000000, 0.000000000000000000 ) ) ;
#2056 = LINE ( 'NONE', #2944, #1724 ) ;
#2057 = ORIENTED_EDGE ( 'NONE', *, *, #1834, .F. ) ;
#2058 = CARTESIAN_POINT ( 'NONE',  ( -6.125000000000000000, -6.455905511811023345, -0.1250000000000000278 ) ) ;
#2059 = ADVANCED_FACE ( 'NONE', ( #5501, #3850, #5583, #5524 ), #4216, .T. ) ;
#2060 = CARTESIAN_POINT ( 'NONE',  ( -6.125000000000000000, -6.449999999999999289, -0.1250000000000000278 ) ) ;
#2061 = CARTESIAN_POINT ( 'NONE',  ( -6.624999999999999112, -2.062983729403350175, 0.9560338998259235721 ) ) ;
#2062 = CARTESIAN_POINT ( 'NONE',  ( -6.125000000000000000, -4.835468858908924972, 0.3000000000000000999 ) ) ;
#2063 = ORIENTED_EDGE ( 'NONE', *, *, #3027, .F. ) ;
#2064 = CARTESIAN_POINT ( 'NONE',  ( -6.506889763779526881, -2.118110236220473119, 2.100000000000000089 ) ) ;
#2065 = EDGE_CURVE ( 'NONE', #5126, #3357, #4583, .T. ) ;
#2066 = CARTESIAN_POINT ( 'NONE',  ( -6.375000000000000000, -1.499999999999998446, 1.750000000000000000 ) ) ;
#2067 = ORIENTED_EDGE ( 'NONE', *, *, #1098, .F. ) ;
#2068 = ADVANCED_FACE ( 'NONE', ( #282 ), #1981, .F. ) ;
#2069 = EDGE_LOOP ( 'NONE', ( #4665, #5146 ) ) ;
#2070 = DIRECTION ( 'NONE',  ( 1.000000000000000000, 0.000000000000000000, 0.000000000000000000 ) ) ;
#2071 = CARTESIAN_POINT ( 'NONE',  ( -6.125000000000000000, 0.5000000000000002220, 1.156889763779527458 ) ) ;
#2072 = ORIENTED_EDGE ( 'NONE', *, *, #3512, .T. ) ;
#2073 = CYLINDRICAL_SURFACE ( 'NONE', #2288, 0.1329999999999999238 ) ;
#2074 = VERTEX_POINT ( 'NONE', #5042 ) ;
#2075 = LINE ( 'NONE', #4186, #4993 ) ;
#2076 = DIRECTION ( 'NONE',  ( -1.000000000000000000, 0.000000000000000000, 0.000000000000000000 ) ) ;
#2077 = EDGE_CURVE ( 'NONE', #1260, #3266, #2875, .T. ) ;
#2078 = ORIENTED_EDGE ( 'NONE', *, *, #5106, .T. ) ;
#2079 = AXIS2_PLACEMENT_3D ( 'NONE', #1009, #4587, #5393 ) ;
#2080 = DIRECTION ( 'NONE',  ( 0.000000000000000000, 0.000000000000000000, -1.000000000000000000 ) ) ;
#2081 = PLANE ( 'NONE',  #413 ) ;
#2082 = VECTOR ( 'NONE', #1589, 39.37007874015748854 ) ;
#2083 = CYLINDRICAL_SURFACE ( 'NONE', #2559, 0.1181102362204725503 ) ;
#2084 = CARTESIAN_POINT ( 'NONE',  ( -6.354907111408266474, -0.4014198255315516994, 1.551838528608902479 ) ) ;
#2085 = ORIENTED_EDGE ( 'NONE', *, *, #37, .T. ) ;
#2086 = ADVANCED_FACE ( 'NONE', ( #4450 ), #2558, .T. ) ;
#2087 = DIRECTION ( 'NONE',  ( 0.000000000000000000, -9.313118160219072879E-17, 1.000000000000000000 ) ) ;
#2088 = FACE_OUTER_BOUND ( 'NONE', #2276, .T. ) ;
#2089 = FACE_OUTER_BOUND ( 'NONE', #663, .T. ) ;
#2090 = AXIS2_PLACEMENT_3D ( 'NONE', #2999, #2149, #2235 ) ;
#2091 = CIRCLE ( 'NONE', #3091, 0.1004999999999996452 ) ;
#2092 = ORIENTED_EDGE ( 'NONE', *, *, #814, .T. ) ;
#2093 = CARTESIAN_POINT ( 'NONE',  ( -6.624999999999999112, -6.379711545037729969, 1.933600421261356228 ) ) ;
#2094 = AXIS2_PLACEMENT_3D ( 'NONE', #3004, #2521, #3872 ) ;
#2095 = AXIS2_PLACEMENT_3D ( 'NONE', #5137, #4610, #4701 ) ;
#2096 = ORIENTED_EDGE ( 'NONE', *, *, #4207, .T. ) ;
#2097 = ORIENTED_EDGE ( 'NONE', *, *, #2674, .T. ) ;
#2098 = CARTESIAN_POINT ( 'NONE',  ( -6.624999999999999112, -3.631889763779527769, 1.874999999999999778 ) ) ;
#2099 = LENGTH_MEASURE_WITH_UNIT ( LENGTH_MEASURE( 0.02539999999999999897 ), #2927 );
#2100 = DIRECTION ( 'NONE',  ( 0.000000000000000000, -0.9994107467479923512, 0.03432432496962175422 ) ) ;
#2101 = AXIS2_PLACEMENT_3D ( 'NONE', #1100, #1907, #3227 ) ;
#2102 = ORIENTED_EDGE ( 'NONE', *, *, #3024, .F. ) ;
#2103 = CARTESIAN_POINT ( 'NONE',  ( -6.375000000000000000, -2.450767612028188491, 0.3895218560300733879 ) ) ;
#2104 = AXIS2_PLACEMENT_3D ( 'NONE', #969, #1722, #2607 ) ;
#2105 = ORIENTED_EDGE ( 'NONE', *, *, #1580, .F. ) ;
#2106 = VECTOR ( 'NONE', #4493, 39.37007874015748143 ) ;
#2107 = CARTESIAN_POINT ( 'NONE',  ( -6.374999999999998224, -0.5000000000000000000, 0.3749999999999999445 ) ) ;
#2108 = CARTESIAN_POINT ( 'NONE',  ( -6.125000000000000000, -3.270677038116681423, 0.5461694692302064835 ) ) ;
#2109 = CIRCLE ( 'NONE', #4837, 0.1284999999999978104 ) ;
#2110 = EDGE_LOOP ( 'NONE', ( #3127, #4578, #3041, #4943 ) ) ;
#2111 = AXIS2_PLACEMENT_3D ( 'NONE', #5495, #2036, #1583 ) ;
#2112 = DIRECTION ( 'NONE',  ( 1.000000000000000000, -0.000000000000000000, -0.000000000000000000 ) ) ;
#2113 = CARTESIAN_POINT ( 'NONE',  ( -6.125000000000000000, -1.064533728148285174, 1.029193626778346360 ) ) ;
#2114 = AXIS2_PLACEMENT_3D ( 'NONE', #5482, #1624, #1574 ) ;
#2115 = CIRCLE ( 'NONE', #5033, 0.1000000000000000056 ) ;
#2116 = DIRECTION ( 'NONE',  ( 0.000000000000000000, 0.03432432496962133789, 0.9994107467479923512 ) ) ;
#2117 = EDGE_CURVE ( 'NONE', #1754, #2258, #732, .T. ) ;
#2118 = DIRECTION ( 'NONE',  ( 0.000000000000000000, 0.9994107467479923512, -0.03432432496962165014 ) ) ;
#2119 = EDGE_LOOP ( 'NONE', ( #195, #3766, #2544, #5283 ) ) ;
#2120 = ORIENTED_EDGE ( 'NONE', *, *, #3558, .T. ) ;
#2121 = CARTESIAN_POINT ( 'NONE',  ( -6.125000000000000000, -2.597074077568332751, -0.8583796187963284030 ) ) ;
#2122 = CARTESIAN_POINT ( 'NONE',  ( -6.337422561759914252, -1.656631814235891342, 0.3952075509604658365 ) ) ;
#2123 = AXIS2_PLACEMENT_3D ( 'NONE', #5246, #4393, #5227 ) ;
#2124 = CARTESIAN_POINT ( 'NONE',  ( -6.375000000000000000, -1.195882546459554163, 0.6250000000000000000 ) ) ;
#2125 = CIRCLE ( 'NONE', #3215, 0.07950000000000007061 ) ;
#2126 = EDGE_CURVE ( 'NONE', #2457, #2684, #569, .T. ) ;
#2127 = PLANE ( 'NONE',  #2094 ) ;
#2128 = EDGE_CURVE ( 'NONE', #472, #2756, #2371, .T. ) ;
#2129 = EDGE_CURVE ( 'NONE', #600, #4928, #2159, .T. ) ;
#2130 = VERTEX_POINT ( 'NONE', #992 ) ;
#2131 = CARTESIAN_POINT ( 'NONE',  ( -6.624999999999999112, -2.118110236220473119, 1.874999999999999556 ) ) ;
#2132 = EDGE_LOOP ( 'NONE', ( #5289, #2743, #2078, #970 ) ) ;
#2133 = CARTESIAN_POINT ( 'NONE',  ( 8.514999999999998792, -0.9483640558764855344, 1.054325315746391656 ) ) ;
#2134 = DIRECTION ( 'NONE',  ( 0.000000000000000000, 0.000000000000000000, 1.000000000000000000 ) ) ;
#2135 = DIRECTION ( 'NONE',  ( 0.000000000000000000, 0.000000000000000000, -1.000000000000000000 ) ) ;
#2136 = ORIENTED_EDGE ( 'NONE', *, *, #1569, .F. ) ;
#2137 = DIRECTION ( 'NONE',  ( 0.000000000000000000, 0.000000000000000000, -1.000000000000000000 ) ) ;
#2138 = EDGE_CURVE ( 'NONE', #5207, #2892, #5609, .T. ) ;
#2139 = ORIENTED_EDGE ( 'NONE', *, *, #1899, .T. ) ;
#2140 = DIRECTION ( 'NONE',  ( 1.000000000000000000, -0.000000000000000000, -0.000000000000000000 ) ) ;
#2141 = DIRECTION ( 'NONE',  ( 0.000000000000000000, 0.000000000000000000, -1.000000000000000000 ) ) ;
#2142 = LINE ( 'NONE', #5196, #1400 ) ;
#2143 = FACE_OUTER_BOUND ( 'NONE', #4877, .T. ) ;
#2144 = EDGE_CURVE ( 'NONE', #2365, #2748, #2633, .T. ) ;
#2145 = DIRECTION ( 'NONE',  ( -0.000000000000000000, -0.000000000000000000, -1.000000000000000000 ) ) ;
#2146 = CARTESIAN_POINT ( 'NONE',  ( -6.125000000000000000, -4.835468858908924972, 1.199999999999999956 ) ) ;
#2147 = ORIENTED_EDGE ( 'NONE', *, *, #331, .T. ) ;
#2148 = ORIENTED_EDGE ( 'NONE', *, *, #4137, .F. ) ;
#2149 = DIRECTION ( 'NONE',  ( -1.000000000000000000, -0.000000000000000000, -0.000000000000000000 ) ) ;
#2150 = CARTESIAN_POINT ( 'NONE',  ( -6.125000000000000000, -6.200984252499999627, 0.1865157474999995513 ) ) ;
#2151 = DIRECTION ( 'NONE',  ( -1.000000000000000000, -0.000000000000000000, -0.000000000000000000 ) ) ;
#2152 = EDGE_LOOP ( 'NONE', ( #906, #3138, #4234, #1133 ) ) ;
#2153 = LINE ( 'NONE', #829, #4301 ) ;
#2154 = EDGE_CURVE ( 'NONE', #2576, #3340, #2091, .T. ) ;
#2155 = EDGE_CURVE ( 'NONE', #2074, #3522, #2719, .T. ) ;
#2156 = VERTEX_POINT ( 'NONE', #4858 ) ;
#2157 = CARTESIAN_POINT ( 'NONE',  ( -6.125000000000000000, -6.455905511811023345, -3.414809992080329023E-17 ) ) ;
#2158 = DIRECTION ( 'NONE',  ( 0.000000000000000000, 0.000000000000000000, -1.000000000000000000 ) ) ;
#2159 = LINE ( 'NONE', #4881, #3457 ) ;
#2160 = VERTEX_POINT ( 'NONE', #1438 ) ;
#2161 = DIRECTION ( 'NONE',  ( 0.000000000000000000, 0.000000000000000000, 1.000000000000000000 ) ) ;
#2162 = ORIENTED_EDGE ( 'NONE', *, *, #5562, .T. ) ;
#2163 = ADVANCED_FACE ( 'NONE', ( #3977 ), #553, .T. ) ;
#2164 = VERTEX_POINT ( 'NONE', #967 ) ;
#2165 = CARTESIAN_POINT ( 'NONE',  ( -6.506889763779526881, 0.4999999999999999445, 0.4749999999999997002 ) ) ;
#2166 = FACE_BOUND ( 'NONE', #3998, .T. ) ;
#2167 = ORIENTED_EDGE ( 'NONE', *, *, #2673, .T. ) ;
#2168 = DIRECTION ( 'NONE',  ( 0.000000000000000000, -6.938893903907229955E-15, -1.000000000000000000 ) ) ;
#2169 = CARTESIAN_POINT ( 'NONE',  ( -6.243110236220472231, 2.652276394531333236E-16, 1.274999999999999689 ) ) ;
#2170 = EDGE_CURVE ( 'NONE', #2880, #3349, #5317, .T. ) ;
#2171 = CARTESIAN_POINT ( 'NONE',  ( -6.624999999999999112, 0.000000000000000000, 0.000000000000000000 ) ) ;
#2172 = PLANE ( 'NONE',  #2913 ) ;
#2173 = ORIENTED_EDGE ( 'NONE', *, *, #1954, .F. ) ;
#2174 = VECTOR ( 'NONE', #1874, 39.37007874015748143 ) ;
#2175 = ORIENTED_EDGE ( 'NONE', *, *, #4964, .F. ) ;
#2176 = CYLINDRICAL_SURFACE ( 'NONE', #1113, 0.1250000000000004441 ) ;
#2177 = AXIS2_PLACEMENT_3D ( 'NONE', #3068, #2247, #2615 ) ;
#2178 = CARTESIAN_POINT ( 'NONE',  ( -6.125000000000000000, -5.418110236220472054, 1.875000000000000000 ) ) ;
#2179 = CYLINDRICAL_SURFACE ( 'NONE', #840, 0.2500000000000000555 ) ;
#2180 = VERTEX_POINT ( 'NONE', #124 ) ;
#2181 = DIRECTION ( 'NONE',  ( 1.000000000000000000, -0.000000000000000000, -0.000000000000000000 ) ) ;
#2182 = CARTESIAN_POINT ( 'NONE',  ( -6.357000000000000206, -5.799999999999998934, 1.725000000000000311 ) ) ;
#2183 = AXIS2_PLACEMENT_3D ( 'NONE', #2526, #5213, #3847 ) ;
#2184 = EDGE_CURVE ( 'NONE', #3340, #2576, #5099, .T. ) ;
#2185 = ORIENTED_EDGE ( 'NONE', *, *, #4171, .T. ) ;
#2186 = CARTESIAN_POINT ( 'NONE',  ( -6.624999999999999112, -2.574015011687791787, 0.2744591139550258130 ) ) ;
#2187 = VERTEX_POINT ( 'NONE', #4483 ) ;
#2188 = ADVANCED_FACE ( 'NONE', ( #611 ), #2430, .T. ) ;
#2189 = DIRECTION ( 'NONE',  ( -0.000000000000000000, 1.000000000000000000, -0.000000000000000000 ) ) ;
#2190 = VECTOR ( 'NONE', #4978, 39.37007874015748143 ) ;
#2191 = AXIS2_PLACEMENT_3D ( 'NONE', #734, #3773, #1238 ) ;
#2192 = ADVANCED_FACE ( 'NONE', ( #4086, #717 ), #1545, .F. ) ;
#2193 = AXIS2_PLACEMENT_3D ( 'NONE', #29, #1380, #5198 ) ;
#2194 = AXIS2_PLACEMENT_3D ( 'NONE', #3131, #2196, #4783 ) ;
#2195 = DIRECTION ( 'NONE',  ( -1.000000000000000000, -0.000000000000000000, -0.000000000000000000 ) ) ;
#2196 = DIRECTION ( 'NONE',  ( 0.000000000000000000, -0.000000000000000000, -1.000000000000000000 ) ) ;
#2197 = FACE_BOUND ( 'NONE', #3299, .T. ) ;
#2198 = VECTOR ( 'NONE', #3934, 39.37007874015748143 ) ;
#2199 = FACE_BOUND ( 'NONE', #5580, .T. ) ;
#2200 = DIRECTION ( 'NONE',  ( -0.000000000000000000, -1.000000000000000000, -0.000000000000000000 ) ) ;
#2201 = LINE ( 'NONE', #3074, #2742 ) ;
#2202 = AXIS2_PLACEMENT_3D ( 'NONE', #2833, #551, #1463 ) ;
#2203 = CARTESIAN_POINT ( 'NONE',  ( -6.624999999999999112, -5.299999999999999822, 1.750000000000000000 ) ) ;
#2204 = CIRCLE ( 'NONE', #5484, 0.6250000000000000000 ) ;
#2205 = ORIENTED_EDGE ( 'NONE', *, *, #1215, .T. ) ;
#2206 = DIRECTION ( 'NONE',  ( -1.000000000000000000, 0.000000000000000000, 0.000000000000000000 ) ) ;
#2207 = CARTESIAN_POINT ( 'NONE',  ( -6.274499999999999744, -1.749999999999998446, 0.000000000000000000 ) ) ;
#2208 = CIRCLE ( 'NONE', #2933, 0.1181102362204725503 ) ;
#2209 = ORIENTED_EDGE ( 'NONE', *, *, #5050, .F. ) ;
#2210 = AXIS2_PLACEMENT_3D ( 'NONE', #1303, #1813, #1408 ) ;
#2211 = LINE ( 'NONE', #122, #1739 ) ;
#2212 = DIRECTION ( 'NONE',  ( 1.000000000000000000, 0.000000000000000000, 0.000000000000000000 ) ) ;
#2213 = EDGE_LOOP ( 'NONE', ( #2303, #4211 ) ) ;
#2214 = LINE ( 'NONE', #418, #44 ) ;
#2215 = VECTOR ( 'NONE', #1350, 39.37007874015748143 ) ;
#2216 = CIRCLE ( 'NONE', #5400, 0.2344000000000001083 ) ;
#2217 = LINE ( 'NONE', #4404, #4656 ) ;
#2218 = EDGE_LOOP ( 'NONE', ( #2307, #5090, #5263, #3818 ) ) ;
#2219 = LINE ( 'NONE', #1755, #5281 ) ;
#2220 = EDGE_CURVE ( 'NONE', #621, #2333, #667, .T. ) ;
#2221 = EDGE_LOOP ( 'NONE', ( #1830, #5260, #5212, #2813 ) ) ;
#2222 = LINE ( 'NONE', #1368, #2198 ) ;
#2223 = ORIENTED_EDGE ( 'NONE', *, *, #2952, .T. ) ;
#2224 = DIRECTION ( 'NONE',  ( -1.000000000000000000, 0.000000000000000000, 0.000000000000000000 ) ) ;
#2225 = DIRECTION ( 'NONE',  ( 0.000000000000000000, 0.000000000000000000, -1.000000000000000000 ) ) ;
#2226 = ADVANCED_FACE ( 'NONE', ( #3206 ), #1283, .F. ) ;
#2227 = PLANE ( 'NONE',  #1005 ) ;
#2228 = EDGE_CURVE ( 'NONE', #2130, #2900, #1114, .T. ) ;
#2229 = LINE ( 'NONE', #4336, #243 ) ;
#2230 = CYLINDRICAL_SURFACE ( 'NONE', #1570, 0.4499999999999999556 ) ;
#2231 = FACE_OUTER_BOUND ( 'NONE', #3137, .T. ) ;
#2232 = DIRECTION ( 'NONE',  ( -1.000000000000000000, -0.000000000000000000, -0.000000000000000000 ) ) ;
#2233 = ORIENTED_EDGE ( 'NONE', *, *, #4383, .F. ) ;
#2234 = VERTEX_POINT ( 'NONE', #2782 ) ;
#2235 = DIRECTION ( 'NONE',  ( 0.000000000000000000, 0.000000000000000000, 1.000000000000000000 ) ) ;
#2236 = DIRECTION ( 'NONE',  ( 0.000000000000000000, -0.000000000000000000, -1.000000000000000000 ) ) ;
#2237 = EDGE_LOOP ( 'NONE', ( #636, #4985, #4380, #197 ) ) ;
#2238 = CARTESIAN_POINT ( 'NONE',  ( -6.243110236220472231, -5.299999999999999822, 1.875000000000000000 ) ) ;
#2239 = ADVANCED_FACE ( 'NONE', ( #1519 ), #2865, .F. ) ;
#2240 = EDGE_LOOP ( 'NONE', ( #4852, #1530, #5040, #4117 ) ) ;
#2241 = CARTESIAN_POINT ( 'NONE',  ( -6.499999999999999112, -6.200984252499999627, 1.674212009999999973 ) ) ;
#2242 = EDGE_LOOP ( 'NONE', ( #3675, #993 ) ) ;
#2243 = CARTESIAN_POINT ( 'NONE',  ( -6.375000000000000000, 0.000000000000000000, 1.512500000000001510 ) ) ;
#2244 = ORIENTED_EDGE ( 'NONE', *, *, #3782, .F. ) ;
#2245 = EDGE_CURVE ( 'NONE', #31, #3887, #4513, .T. ) ;
#2246 = ORIENTED_EDGE ( 'NONE', *, *, #2903, .T. ) ;
#2247 = DIRECTION ( 'NONE',  ( 0.000000000000000000, -1.000000000000000000, -5.463695987328527423E-16 ) ) ;
#2248 = CARTESIAN_POINT ( 'NONE',  ( -6.624999999999999112, -0.7460099012317158440, 0.8328466574111003107 ) ) ;
#2249 = CARTESIAN_POINT ( 'NONE',  ( -6.354907111408266474, -0.4014198255315511998, 0.2768385286089035668 ) ) ;
#2250 = FACE_OUTER_BOUND ( 'NONE', #4095, .T. ) ;
#2251 = LINE ( 'NONE', #3649, #2484 ) ;
#2252 = EDGE_CURVE ( 'NONE', #4056, #1103, #4142, .T. ) ;
#2253 = CARTESIAN_POINT ( 'NONE',  ( -6.243110236220472231, -5.299999999999999822, 1.750000000000000000 ) ) ;
#2254 = CARTESIAN_POINT ( 'NONE',  ( -6.624999999999999112, -3.987771497362133655, 0.2229550020317796200 ) ) ;
#2255 = ORIENTED_EDGE ( 'NONE', *, *, #3721, .T. ) ;
#2256 = ORIENTED_EDGE ( 'NONE', *, *, #4953, .F. ) ;
#2257 = ORIENTED_EDGE ( 'NONE', *, *, #5324, .T. ) ;
#2258 = VERTEX_POINT ( 'NONE', #2885 ) ;
#2259 = CIRCLE ( 'NONE', #737, 0.1250000000000004441 ) ;
#2260 = DIRECTION ( 'NONE',  ( -0.000000000000000000, -0.000000000000000000, 1.000000000000000000 ) ) ;
#2261 = CARTESIAN_POINT ( 'NONE',  ( -6.398947822020100595, -1.597791915713363320, 1.372845389428969165 ) ) ;
#2262 = EDGE_CURVE ( 'NONE', #2326, #1909, #4597, .T. ) ;
#2263 = ORIENTED_EDGE ( 'NONE', *, *, #908, .F. ) ;
#2264 = ORIENTED_EDGE ( 'NONE', *, *, #3391, .F. ) ;
#2265 = CIRCLE ( 'NONE', #2899, 0.05905511811023630986 ) ;
#2266 = ORIENTED_EDGE ( 'NONE', *, *, #1654, .T. ) ;
#2267 = CYLINDRICAL_SURFACE ( 'NONE', #215, 0.1181102362204724116 ) ;
#2268 = ORIENTED_EDGE ( 'NONE', *, *, #5530, .T. ) ;
#2269 = DIRECTION ( 'NONE',  ( 0.000000000000000000, 0.000000000000000000, 1.000000000000000000 ) ) ;
#2270 = ORIENTED_EDGE ( 'NONE', *, *, #4001, .F. ) ;
#2271 = EDGE_CURVE ( 'NONE', #4476, #584, #3314, .T. ) ;
#2272 = AXIS2_PLACEMENT_3D ( 'NONE', #1829, #158, #3602 ) ;
#2273 = DIRECTION ( 'NONE',  ( 0.000000000000000000, 0.000000000000000000, 1.000000000000000000 ) ) ;
#2274 = VECTOR ( 'NONE', #4777, 39.37007874015748143 ) ;
#2275 = CARTESIAN_POINT ( 'NONE',  ( -6.506889763779526881, 2.652276394531333236E-16, 1.274999999999999689 ) ) ;
#2276 = EDGE_LOOP ( 'NONE', ( #2439, #3095, #5133, #1152 ) ) ;
#2277 = VECTOR ( 'NONE', #3196, 39.37007874015748143 ) ;
#2278 = DIRECTION ( 'NONE',  ( 0.000000000000000000, 0.000000000000000000, 1.000000000000000000 ) ) ;
#2279 = AXIS2_PLACEMENT_3D ( 'NONE', #905, #2294, #4857 ) ;
#2280 = CIRCLE ( 'NONE', #4738, 0.1562499999999997224 ) ;
#2281 = DIRECTION ( 'NONE',  ( 0.000000000000000000, 0.000000000000000000, -1.000000000000000000 ) ) ;
#2282 = DIRECTION ( 'NONE',  ( -1.000000000000000000, -0.000000000000000000, -0.000000000000000000 ) ) ;
#2283 = DIRECTION ( 'NONE',  ( 0.000000000000000000, -1.000000000000000000, 0.000000000000000000 ) ) ;
#2284 = ORIENTED_EDGE ( 'NONE', *, *, #3229, .F. ) ;
#2285 = AXIS2_PLACEMENT_3D ( 'NONE', #463, #1766, #5276 ) ;
#2286 = VERTEX_POINT ( 'NONE', #1466 ) ;
#2287 = ORIENTED_EDGE ( 'NONE', *, *, #3073, .F. ) ;
#2288 = AXIS2_PLACEMENT_3D ( 'NONE', #2984, #4304, #2932 ) ;
#2289 = VERTEX_POINT ( 'NONE', #273 ) ;
#2290 = EDGE_CURVE ( 'NONE', #1168, #1865, #1966, .T. ) ;
#2291 = CIRCLE ( 'NONE', #2476, 0.1181102362204724116 ) ;
#2292 = AXIS2_PLACEMENT_3D ( 'NONE', #974, #1702, #102 ) ;
#2293 = CARTESIAN_POINT ( 'NONE',  ( -6.624999999999999112, -6.799999999999999822, 0.7812499999999988898 ) ) ;
#2294 = DIRECTION ( 'NONE',  ( 1.000000000000000000, -0.000000000000000000, -0.000000000000000000 ) ) ;
#2295 = CARTESIAN_POINT ( 'NONE',  ( -6.277423813956783505, -3.270677038116681423, 0.5461694692302064835 ) ) ;
#2296 = CARTESIAN_POINT ( 'NONE',  ( -6.404879518389666515, -1.596146008162260710, 1.373167383431554756 ) ) ;
#2297 = ORIENTED_EDGE ( 'NONE', *, *, #3498, .T. ) ;
#2298 = VECTOR ( 'NONE', #317, 39.37007874015748143 ) ;
#2299 = EDGE_CURVE ( 'NONE', #4176, #511, #2906, .T. ) ;
#2300 = AXIS2_PLACEMENT_3D ( 'NONE', #224, #678, #4128 ) ;
#2301 = EDGE_CURVE ( 'NONE', #1271, #1898, #1111, .T. ) ;
#2302 = EDGE_CURVE ( 'NONE', #3141, #116, #5404, .T. ) ;
#2303 = ORIENTED_EDGE ( 'NONE', *, *, #4377, .F. ) ;
#2304 = CARTESIAN_POINT ( 'NONE',  ( -6.624999999999999112, -4.042613218174444079, 1.144878001379056265 ) ) ;
#2305 = CIRCLE ( 'NONE', #3395, 0.1004999999999996452 ) ;
#2306 = AXIS2_PLACEMENT_3D ( 'NONE', #2916, #3407, #4230 ) ;
#2307 = ORIENTED_EDGE ( 'NONE', *, *, #1592, .F. ) ;
#2308 = CARTESIAN_POINT ( 'NONE',  ( -6.475499999999996703, -4.503937010000000463, 1.219999999999999751 ) ) ;
#2309 = EDGE_LOOP ( 'NONE', ( #4012, #5425 ) ) ;
#2310 = VECTOR ( 'NONE', #4169, 39.37007874015748143 ) ;
#2311 = DIRECTION ( 'NONE',  ( 0.000000000000000000, 0.000000000000000000, -1.000000000000000000 ) ) ;
#2312 = CARTESIAN_POINT ( 'NONE',  ( -6.459521743966029739, -0.4441707727085490442, 0.3849499660372148746 ) ) ;
#2313 = VERTEX_POINT ( 'NONE', #2383 ) ;
#2314 = LINE ( 'NONE', #1044, #4121 ) ;
#2315 = DIRECTION ( 'NONE',  ( 0.000000000000000000, 0.000000000000000000, -1.000000000000000000 ) ) ;
#2316 = CARTESIAN_POINT ( 'NONE',  ( -6.125000000000000000, -0.4931102362204725642, 0.9039245083222339217 ) ) ;
#2317 = CARTESIAN_POINT ( 'NONE',  ( -6.624999999999999112, -6.799999999999999822, 0.6249999999999992228 ) ) ;
#2318 = EDGE_LOOP ( 'NONE', ( #3950, #4531, #3627, #1225 ) ) ;
#2319 = CARTESIAN_POINT ( 'NONE',  ( 8.514999999999998792, -0.6690297976789886247, 0.4931102362204723977 ) ) ;
#2320 = EDGE_CURVE ( 'NONE', #1504, #3874, #2551, .T. ) ;
#2321 = EDGE_LOOP ( 'NONE', ( #2893, #527 ) ) ;
#2322 = CARTESIAN_POINT ( 'NONE',  ( -6.125000000000000000, -3.631889763779527769, 1.750000000000000000 ) ) ;
#2323 = DIRECTION ( 'NONE',  ( -1.000000000000000000, 0.000000000000000000, 0.000000000000000000 ) ) ;
#2324 = ORIENTED_EDGE ( 'NONE', *, *, #4377, .T. ) ;
#2325 = CARTESIAN_POINT ( 'NONE',  ( -6.125000000000000000, 0.000000000000000000, 0.000000000000000000 ) ) ;
#2326 = VERTEX_POINT ( 'NONE', #2350 ) ;
#2327 = DIRECTION ( 'NONE',  ( 0.000000000000000000, -0.03432432496962133789, -0.9994107467479923512 ) ) ;
#2328 = EDGE_CURVE ( 'NONE', #4308, #2640, #4453, .T. ) ;
#2329 = ORIENTED_EDGE ( 'NONE', *, *, #3283, .F. ) ;
#2330 = DIRECTION ( 'NONE',  ( -1.000000000000000000, -0.000000000000000000, -0.000000000000000000 ) ) ;
#2331 = EDGE_LOOP ( 'NONE', ( #3474, #3230, #1650, #4456 ) ) ;
#2332 = CARTESIAN_POINT ( 'NONE',  ( -6.293826497865165237, -4.563570020226661583, 0.3913754340827338973 ) ) ;
#2333 = VERTEX_POINT ( 'NONE', #4195 ) ;
#2334 = DIRECTION ( 'NONE',  ( 0.000000000000000000, 0.000000000000000000, 1.000000000000000000 ) ) ;
#2335 = CARTESIAN_POINT ( 'NONE',  ( -6.361984838707851253, -0.4001338131290822497, 0.4202446450177878545 ) ) ;
#2336 = ORIENTED_EDGE ( 'NONE', *, *, #4241, .T. ) ;
#2337 = ADVANCED_FACE ( 'NONE', ( #3626 ), #3662, .F. ) ;
#2338 = DIRECTION ( 'NONE',  ( 0.000000000000000000, 0.000000000000000000, -1.000000000000000000 ) ) ;
#2339 = CARTESIAN_POINT ( 'NONE',  ( -6.499999999999999112, -6.200984252499999627, 0.3115157474999999954 ) ) ;
#2340 = DIRECTION ( 'NONE',  ( 1.000000000000000000, 0.000000000000000000, 0.000000000000000000 ) ) ;
#2341 = CARTESIAN_POINT ( 'NONE',  ( 8.514999999999998792, -6.453937009999998864, 1.128937010000001573 ) ) ;
#2342 = EDGE_LOOP ( 'NONE', ( #1401, #1095, #2556 ) ) ;
#2343 = ORIENTED_EDGE ( 'NONE', *, *, #1649, .T. ) ;
#2344 = ORIENTED_EDGE ( 'NONE', *, *, #1609, .F. ) ;
#2345 = EDGE_CURVE ( 'NONE', #5126, #1909, #1541, .T. ) ;
#2346 = ORIENTED_EDGE ( 'NONE', *, *, #4723, .T. ) ;
#2347 = CYLINDRICAL_SURFACE ( 'NONE', #943, 0.1000000000000000194 ) ;
#2348 = CARTESIAN_POINT ( 'NONE',  ( -6.624999999999999112, -1.195882546459554163, 0.6250000000000000000 ) ) ;
#2349 = DIRECTION ( 'NONE',  ( 0.000000000000000000, 0.000000000000000000, -1.000000000000000000 ) ) ;
#2350 = CARTESIAN_POINT ( 'NONE',  ( -6.125000000000000000, -6.335826773779526633, 0.6210629900000016468 ) ) ;
#2351 = CARTESIAN_POINT ( 'NONE',  ( -4.433018566799289850, -2.350826537353388979, 0.3860894235331113200 ) ) ;
#2352 = DIRECTION ( 'NONE',  ( -1.000000000000000000, 0.000000000000000000, 0.000000000000000000 ) ) ;
#2353 = ORIENTED_EDGE ( 'NONE', *, *, #2154, .T. ) ;
#2354 = LINE ( 'NONE', #4623, #1459 ) ;
#2355 = VERTEX_POINT ( 'NONE', #1603 ) ;
#2356 = LINE ( 'NONE', #3181, #1035 ) ;
#2357 = ORIENTED_EDGE ( 'NONE', *, *, #1640, .F. ) ;
#2358 = AXIS2_PLACEMENT_3D ( 'NONE', #2675, #3444, #3937 ) ;
#2359 = CARTESIAN_POINT ( 'NONE',  ( -6.499999999999999112, -6.200984252499999627, 0.3115157474999999954 ) ) ;
#2360 = EDGE_CURVE ( 'NONE', #1392, #1341, #2597, .T. ) ;
#2361 = ORIENTED_EDGE ( 'NONE', *, *, #4125, .F. ) ;
#2362 = AXIS2_PLACEMENT_3D ( 'NONE', #1093, #3246, #5439 ) ;
#2363 = DIRECTION ( 'NONE',  ( 0.000000000000000000, 0.000000000000000000, 1.000000000000000000 ) ) ;
#2364 = CARTESIAN_POINT ( 'NONE',  ( -6.125000000000000000, -3.810379740625795542, 0.8648822026927610596 ) ) ;
#2365 = VERTEX_POINT ( 'NONE', #3452 ) ;
#2366 = AXIS2_PLACEMENT_3D ( 'NONE', #3352, #5065, #809 ) ;
#2367 = ADVANCED_FACE ( 'NONE', ( #374 ), #3033, .T. ) ;
#2368 = ADVANCED_FACE ( 'NONE', ( #3339 ), #1008, .F. ) ;
#2369 = CIRCLE ( 'NONE', #4455, 0.1181102362204725503 ) ;
#2370 = LINE ( 'NONE', #4966, #5220 ) ;
#2371 = CIRCLE ( 'NONE', #5371, 0.2655000000000002358 ) ;
#2372 = CARTESIAN_POINT ( 'NONE',  ( -6.125000000000000000, -5.799999999999998934, 1.959400000000000475 ) ) ;
#2373 = CARTESIAN_POINT ( 'NONE',  ( -6.624999999999999112, -6.453937009999998864, 0.7391732262204743220 ) ) ;
#2374 = EDGE_LOOP ( 'NONE', ( #75, #4134, #3020, #986 ) ) ;
#2375 = ORIENTED_EDGE ( 'NONE', *, *, #1090, .T. ) ;
#2376 = AXIS2_PLACEMENT_3D ( 'NONE', #643, #276, #4090 ) ;
#2377 = AXIS2_PLACEMENT_3D ( 'NONE', #1768, #114, #3565 ) ;
#2378 = DIRECTION ( 'NONE',  ( 0.000000000000000000, 0.000000000000000000, -1.000000000000000000 ) ) ;
#2379 = CARTESIAN_POINT ( 'NONE',  ( -6.125000000000000000, -2.710379740625795009, 0.6941031838164468670 ) ) ;
#2380 = CARTESIAN_POINT ( 'NONE',  ( -6.385865276819654213, -0.3999818225310498021, 1.467238244985644036 ) ) ;
#2381 = DIRECTION ( 'NONE',  ( 0.000000000000000000, 0.000000000000000000, 1.000000000000000000 ) ) ;
#2382 = AXIS2_PLACEMENT_3D ( 'NONE', #346, #5534, #1626 ) ;
#2383 = CARTESIAN_POINT ( 'NONE',  ( -6.125000000000000000, -7.174999999999999822, -0.1250000000000001110 ) ) ;
#2384 = CARTESIAN_POINT ( 'NONE',  ( -6.281312897009204477, -1.711936023683280572, 0.3750000000000001110 ) ) ;
#2385 = DIRECTION ( 'NONE',  ( 1.000000000000000000, -0.000000000000000000, -0.000000000000000000 ) ) ;
#2386 = AXIS2_PLACEMENT_3D ( 'NONE', #2243, #3549, #2161 ) ;
#2387 = ORIENTED_EDGE ( 'NONE', *, *, #5152, .T. ) ;
#2388 = DIRECTION ( 'NONE',  ( -1.000000000000000000, -0.000000000000000000, -0.000000000000000000 ) ) ;
#2389 = ORIENTED_EDGE ( 'NONE', *, *, #5059, .F. ) ;
#2390 = LINE ( 'NONE', #4043, #3475 ) ;
#2391 = VECTOR ( 'NONE', #4540, 39.37007874015748143 ) ;
#2392 = AXIS2_PLACEMENT_3D ( 'NONE', #5325, #2330, #1444 ) ;
#2393 = CARTESIAN_POINT ( 'NONE',  ( -6.125000000000000000, -7.174999999999999822, 0.2499999999999999167 ) ) ;
#2394 = ORIENTED_EDGE ( 'NONE', *, *, #5480, .T. ) ;
#2395 = LINE ( 'NONE', #1482, #3448 ) ;
#2396 = EDGE_LOOP ( 'NONE', ( #1963, #1048, #4774, #4820 ) ) ;
#2397 = CARTESIAN_POINT ( 'NONE',  ( -6.125000000000000000, -2.399999999999999911, -0.1249999999999999861 ) ) ;
#2398 = ORIENTED_EDGE ( 'NONE', *, *, #1261, .F. ) ;
#2399 = AXIS2_PLACEMENT_3D ( 'NONE', #2648, #3450, #434 ) ;
#2400 = VECTOR ( 'NONE', #883, 39.37007874015748143 ) ;
#2401 = CARTESIAN_POINT ( 'NONE',  ( -6.475499999999998479, -0.5000000000000000000, 1.219999999999999751 ) ) ;
#2402 = DIRECTION ( 'NONE',  ( -1.000000000000000000, -0.000000000000000000, -0.000000000000000000 ) ) ;
#2403 = EDGE_CURVE ( 'NONE', #2931, #3164, #2969, .T. ) ;
#2404 = ORIENTED_EDGE ( 'NONE', *, *, #3860, .T. ) ;
#2405 = EDGE_CURVE ( 'NONE', #4178, #1445, #1712, .T. ) ;
#2406 = CARTESIAN_POINT ( 'NONE',  ( -4.433018566799289850, -2.463535137063221914, 1.031590137238388438 ) ) ;
#2407 = DIRECTION ( 'NONE',  ( 0.000000000000000000, 0.000000000000000000, -1.000000000000000000 ) ) ;
#2408 = ORIENTED_EDGE ( 'NONE', *, *, #4203, .T. ) ;
#2409 = EDGE_CURVE ( 'NONE', #162, #425, #4409, .T. ) ;
#2410 = DIRECTION ( 'NONE',  ( -0.000000000000000000, 0.000000000000000000, 1.000000000000000000 ) ) ;
#2411 = DIRECTION ( 'NONE',  ( 0.000000000000000000, 2.731847993664262824E-15, -1.000000000000000000 ) ) ;
#2412 = ORIENTED_EDGE ( 'NONE', *, *, #3692, .F. ) ;
#2413 = DIRECTION ( 'NONE',  ( -0.8571673007021114454, 0.000000000000000000, -0.5150380749100553768 ) ) ;
#2414 = ORIENTED_EDGE ( 'NONE', *, *, #5079, .T. ) ;
#2415 = CARTESIAN_POINT ( 'NONE',  ( -4.433018566799289850, -3.993733511865153130, 1.118963210456876078 ) ) ;
#2416 = DIRECTION ( 'NONE',  ( 1.000000000000000000, -0.000000000000000000, -0.000000000000000000 ) ) ;
#2417 = ORIENTED_EDGE ( 'NONE', *, *, #1373, .F. ) ;
#2418 = CARTESIAN_POINT ( 'NONE',  ( -6.278269002515445507, -1.722735295240119813, 0.3749999999999999445 ) ) ;
#2419 = DIRECTION ( 'NONE',  ( 0.000000000000000000, -0.000000000000000000, 1.000000000000000000 ) ) ;
#2420 = ORIENTED_EDGE ( 'NONE', *, *, #3808, .F. ) ;
#2421 = DIRECTION ( 'NONE',  ( 1.000000000000000000, -0.000000000000000000, -0.000000000000000000 ) ) ;
#2422 = ORIENTED_EDGE ( 'NONE', *, *, #3333, .F. ) ;
#2423 = CARTESIAN_POINT ( 'NONE',  ( -6.125000000000000000, -6.200984252499999627, 0.4365157475000004395 ) ) ;
#2424 = LINE ( 'NONE', #2827, #2277 ) ;
#2425 = ORIENTED_EDGE ( 'NONE', *, *, #4792, .T. ) ;
#2426 = CARTESIAN_POINT ( 'NONE',  ( -6.125000000000000000, -0.7460099012317151779, 0.8328466574111000886 ) ) ;
#2427 = DIRECTION ( 'NONE',  ( 0.000000000000000000, 1.224646799147353207E-16, -1.000000000000000000 ) ) ;
#2428 = B_SPLINE_CURVE_WITH_KNOTS ( 'NONE', 3,
 ( #1121, #4431, #5061, #2523, #1611, #5038 ),
 .UNSPECIFIED., .F., .F.,
 ( 4, 2, 4 ),
 ( 0.01186444647648004537, 0.01320508380131650561, 0.01454572112615296585 ),
 .UNSPECIFIED. ) ;
#2429 = DIRECTION ( 'NONE',  ( -0.000000000000000000, 1.000000000000000000, -0.000000000000000000 ) ) ;
#2430 = CYLINDRICAL_SURFACE ( 'NONE', #3827, 0.1181102362204725503 ) ;
#2431 = ORIENTED_EDGE ( 'NONE', *, *, #4780, .F. ) ;
#2432 = CARTESIAN_POINT ( 'NONE',  ( -6.506889763779526881, 2.652276394531333236E-16, 0.4749999999999997002 ) ) ;
#2433 = CARTESIAN_POINT ( 'NONE',  ( -6.375000000000000000, -0.3799999999999998934, 0.1580000000000013616 ) ) ;
#2434 = CARTESIAN_POINT ( 'NONE',  ( -6.624999999999999112, -4.031889763779526348, 0.000000000000000000 ) ) ;
#2435 = EDGE_CURVE ( 'NONE', #770, #2003, #3403, .T. ) ;
#2436 = VERTEX_POINT ( 'NONE', #852 ) ;
#2437 = LINE ( 'NONE', #3345, #2653 ) ;
#2438 = CARTESIAN_POINT ( 'NONE',  ( -6.284124304794652005, -4.547304964130645999, 0.4042968090646151813 ) ) ;
#2439 = ORIENTED_EDGE ( 'NONE', *, *, #2262, .T. ) ;
#2440 = CARTESIAN_POINT ( 'NONE',  ( -6.375000000000000000, -0.3995000000000002993, 0.1904534499058371522 ) ) ;
#2441 = CARTESIAN_POINT ( 'NONE',  ( -6.499999999999999112, -6.200984252499999627, 0.3115157474999999954 ) ) ;
#2442 = AXIS2_PLACEMENT_3D ( 'NONE', #4529, #4505, #4472 ) ;
#2443 = ORIENTED_EDGE ( 'NONE', *, *, #2706, .F. ) ;
#2444 = CARTESIAN_POINT ( 'NONE',  ( -6.125000000000000000, -5.768374849879879918, 2.100000000000000089 ) ) ;
#2445 = EDGE_CURVE ( 'NONE', #2684, #2457, #4004, .T. ) ;
#2446 = VECTOR ( 'NONE', #2852, 39.37007874015748143 ) ;
#2447 = ORIENTED_EDGE ( 'NONE', *, *, #1313, .F. ) ;
#2448 = LINE ( 'NONE', #5589, #910 ) ;
#2449 = CARTESIAN_POINT ( 'NONE',  ( -6.277423813956783505, -2.710379740625795009, 0.6941031838164468670 ) ) ;
#2450 = AXIS2_PLACEMENT_3D ( 'NONE', #1174, #2478, #755 ) ;
#2451 = ORIENTED_EDGE ( 'NONE', *, *, #2405, .T. ) ;
#2452 = AXIS2_PLACEMENT_3D ( 'NONE', #4250, #2283, #900 ) ;
#2453 = CARTESIAN_POINT ( 'NONE',  ( -6.624999999999999112, -0.2362569331793608063, -0.3058399077736656535 ) ) ;
#2454 = CARTESIAN_POINT ( 'NONE',  ( -6.125000000000000000, -6.455905511811023345, -3.414809992080329023E-17 ) ) ;
#2455 = DIRECTION ( 'NONE',  ( 0.000000000000000000, 0.000000000000000000, -1.000000000000000000 ) ) ;
#2456 = DIRECTION ( 'NONE',  ( 0.000000000000000000, 0.000000000000000000, 1.000000000000000000 ) ) ;
#2457 = VERTEX_POINT ( 'NONE', #2146 ) ;
#2458 = CIRCLE ( 'NONE', #5465, 0.1004999999999996452 ) ;
#2459 = CIRCLE ( 'NONE', #1912, 0.1181102362204725503 ) ;
#2460 = DIRECTION ( 'NONE',  ( -0.000000000000000000, -0.000000000000000000, -1.000000000000000000 ) ) ;
#2461 = DIRECTION ( 'NONE',  ( -0.000000000000000000, 1.000000000000000000, 5.463695987328527423E-16 ) ) ;
#2462 = VECTOR ( 'NONE', #1607, 39.37007874015748143 ) ;
#2463 = CIRCLE ( 'NONE', #35, 0.1004999999999996452 ) ;
#2464 = DIRECTION ( 'NONE',  ( 0.000000000000000000, 0.000000000000000000, -1.000000000000000000 ) ) ;
#2465 = ORIENTED_EDGE ( 'NONE', *, *, #3854, .F. ) ;
#2466 = CARTESIAN_POINT ( 'NONE',  ( -6.475499999999996703, -4.503937010000000463, 0.000000000000000000 ) ) ;
#2467 = EDGE_CURVE ( 'NONE', #4951, #4755, #1, .T. ) ;
#2468 = CIRCLE ( 'NONE', #3015, 0.1000000000000000056 ) ;
#2469 = DIRECTION ( 'NONE',  ( 1.000000000000000000, 0.000000000000000000, 0.000000000000000000 ) ) ;
#2470 = CIRCLE ( 'NONE', #3200, 0.4249999999999999889 ) ;
#2471 = EDGE_CURVE ( 'NONE', #1707, #159, #4184, .T. ) ;
#2472 = EDGE_CURVE ( 'NONE', #3466, #361, #2056, .T. ) ;
#2473 = ORIENTED_EDGE ( 'NONE', *, *, #5612, .T. ) ;
#2474 = ORIENTED_EDGE ( 'NONE', *, *, #3140, .F. ) ;
#2475 = DIRECTION ( 'NONE',  ( -1.000000000000000000, -0.000000000000000000, -0.000000000000000000 ) ) ;
#2476 = AXIS2_PLACEMENT_3D ( 'NONE', #4349, #5320, #3146 ) ;
#2477 = CONICAL_SURFACE ( 'NONE', #940, 0.07950000000000007061, 1.029744258676656754 ) ;
#2478 = DIRECTION ( 'NONE',  ( 1.000000000000000000, -0.000000000000000000, -0.000000000000000000 ) ) ;
#2479 = DIRECTION ( 'NONE',  ( 0.000000000000000000, 0.000000000000000000, 1.000000000000000000 ) ) ;
#2480 = AXIS2_PLACEMENT_3D ( 'NONE', #1685, #794, #3423 ) ;
#2481 = EDGE_LOOP ( 'NONE', ( #555, #901, #2955, #407 ) ) ;
#2482 = ADVANCED_FACE ( 'NONE', ( #4680 ), #797, .T. ) ;
#2483 = DIRECTION ( 'NONE',  ( -1.000000000000000000, -0.000000000000000000, -0.000000000000000000 ) ) ;
#2484 = VECTOR ( 'NONE', #1430, 39.37007874015748143 ) ;
#2485 = DIRECTION ( 'NONE',  ( -1.000000000000000000, -0.000000000000000000, -0.000000000000000000 ) ) ;
#2486 = AXIS2_PLACEMENT_3D ( 'NONE', #2124, #4683, #5600 ) ;
#2487 = EDGE_LOOP ( 'NONE', ( #564, #2346 ) ) ;
#2488 = DIRECTION ( 'NONE',  ( -0.000000000000000000, -1.000000000000000000, -0.000000000000000000 ) ) ;
#2489 = CARTESIAN_POINT ( 'NONE',  ( -6.506889763779526881, -2.399999999999999467, 0.000000000000000000 ) ) ;
#2490 = CARTESIAN_POINT ( 'NONE',  ( -6.624999999999999112, -2.463535137063221914, 1.090645255348624554 ) ) ;
#2491 = CARTESIAN_POINT ( 'NONE',  ( -6.624999999999999112, -5.946062989999999715, 1.128937010000001573 ) ) ;
#2492 = ORIENTED_EDGE ( 'NONE', *, *, #5045, .T. ) ;
#2493 = CARTESIAN_POINT ( 'NONE',  ( -6.444060221993676230, -1.676220744649314476, 0.3843096255371543646 ) ) ;
#2494 = DIRECTION ( 'NONE',  ( 0.000000000000000000, 0.000000000000000000, -1.000000000000000000 ) ) ;
#2495 = ADVANCED_FACE ( 'NONE', ( #1382 ), #3163, .F. ) ;
#2496 = CARTESIAN_POINT ( 'NONE',  ( -6.125000000000000000, -0.4931102362204727863, 0.3749999999999999445 ) ) ;
#2497 = VERTEX_POINT ( 'NONE', #2621 ) ;
#2498 = PLANE ( 'NONE',  #595 ) ;
#2499 = DIRECTION ( 'NONE',  ( 1.000000000000000000, -0.000000000000000000, -0.000000000000000000 ) ) ;
#2500 = ORIENTED_EDGE ( 'NONE', *, *, #105, .T. ) ;
#2501 = ADVANCED_FACE ( 'NONE', ( #3075 ), #30, .F. ) ;
#2502 = ORIENTED_EDGE ( 'NONE', *, *, #3306, .F. ) ;
#2503 = LINE ( 'NONE', #4750, #2274 ) ;
#2504 = CARTESIAN_POINT ( 'NONE',  ( -6.506889763779526881, 0.000000000000000000, 0.5931102362204722089 ) ) ;
#2505 = ORIENTED_EDGE ( 'NONE', *, *, #78, .T. ) ;
#2506 = EDGE_CURVE ( 'NONE', #4919, #3357, #1906, .T. ) ;
#2507 = CARTESIAN_POINT ( 'NONE',  ( -6.320608810032357638, -4.437750033874872990, 0.5394451254819032648 ) ) ;
#2508 = ORIENTED_EDGE ( 'NONE', *, *, #4203, .F. ) ;
#2509 = DIRECTION ( 'NONE',  ( -1.000000000000000000, -0.000000000000000000, -0.000000000000000000 ) ) ;
#2510 = ADVANCED_FACE ( 'NONE', ( #544 ), #1010, .F. ) ;
#2511 = DIRECTION ( 'NONE',  ( 0.000000000000000000, 0.000000000000000000, -1.000000000000000000 ) ) ;
#2512 = ORIENTED_EDGE ( 'NONE', *, *, #554, .F. ) ;
#2513 = DIRECTION ( 'NONE',  ( 1.000000000000000000, -0.000000000000000000, -0.000000000000000000 ) ) ;
#2514 = DIRECTION ( 'NONE',  ( -1.000000000000000000, 0.000000000000000000, 0.000000000000000000 ) ) ;
#2515 = CARTESIAN_POINT ( 'NONE',  ( -6.624999999999999112, 0.000000000000000000, 0.000000000000000000 ) ) ;
#2516 = DIRECTION ( 'NONE',  ( -1.000000000000000000, 0.000000000000000000, 0.000000000000000000 ) ) ;
#2517 = ORIENTED_EDGE ( 'NONE', *, *, #4243, .F. ) ;
#2518 = FACE_OUTER_BOUND ( 'NONE', #4914, .T. ) ;
#2519 = DIRECTION ( 'NONE',  ( 0.000000000000000000, 0.000000000000000000, 1.000000000000000000 ) ) ;
#2520 = ADVANCED_FACE ( 'NONE', ( #4788 ), #2172, .T. ) ;
#2521 = DIRECTION ( 'NONE',  ( 0.000000000000000000, -0.9994107467479924622, 0.03432432496962140034 ) ) ;
#2522 = ORIENTED_EDGE ( 'NONE', *, *, #1640, .T. ) ;
#2523 = CARTESIAN_POINT ( 'NONE',  ( -6.283791397614191254, -4.460376516363333543, 0.5007855196193730096 ) ) ;
#2524 = ORIENTED_EDGE ( 'NONE', *, *, #5166, .T. ) ;
#2525 = ORIENTED_EDGE ( 'NONE', *, *, #3167, .T. ) ;
#2526 = CARTESIAN_POINT ( 'NONE',  ( -6.375000000000000000, -1.749999999999998446, 0.3749999999999999445 ) ) ;
#2527 = CARTESIAN_POINT ( 'NONE',  ( -6.375000000000000000, -1.195882546459554163, 0.6250000000000000000 ) ) ;
#2528 = DIRECTION ( 'NONE',  ( 0.000000000000000000, 1.224646799147353700E-16, -1.000000000000000000 ) ) ;
#2529 = ORIENTED_EDGE ( 'NONE', *, *, #3682, .F. ) ;
#2530 = CARTESIAN_POINT ( 'NONE',  ( -6.624999999999999112, -0.3750000000000001110, 0.9039245083222339217 ) ) ;
#2531 = EDGE_CURVE ( 'NONE', #4055, #5448, #4185, .T. ) ;
#2532 = ORIENTED_EDGE ( 'NONE', *, *, #2445, .F. ) ;
#2533 = AXIS2_PLACEMENT_3D ( 'NONE', #3708, #5444, #1537 ) ;
#2534 = CARTESIAN_POINT ( 'NONE',  ( -6.125000000000000000, -6.200984252499999627, 1.439812010000000031 ) ) ;
#2535 = CARTESIAN_POINT ( 'NONE',  ( -6.125000000000000000, -7.549999999999999822, 0.7407709353152899245 ) ) ;
#2536 = ORIENTED_EDGE ( 'NONE', *, *, #1471, .T. ) ;
#2537 = EDGE_CURVE ( 'NONE', #3568, #1903, #3991, .T. ) ;
#2538 = EDGE_CURVE ( 'NONE', #593, #5062, #4285, .T. ) ;
#2539 = CYLINDRICAL_SURFACE ( 'NONE', #3300, 0.1284999999999978104 ) ;
#2540 = DIRECTION ( 'NONE',  ( -1.000000000000000000, 0.000000000000000000, 0.000000000000000000 ) ) ;
#2541 = LINE ( 'NONE', #405, #3198 ) ;
#2542 = CARTESIAN_POINT ( 'NONE',  ( -4.433018566799289850, -2.450767612028188491, 0.3895218560300733879 ) ) ;
#2543 = ORIENTED_EDGE ( 'NONE', *, *, #4215, .T. ) ;
#2544 = ORIENTED_EDGE ( 'NONE', *, *, #615, .F. ) ;
#2545 = LINE ( 'NONE', #4816, #4369 ) ;
#2546 = CARTESIAN_POINT ( 'NONE',  ( -6.375000000000000000, -1.749999999999998446, -4.892463962593665846E-17 ) ) ;
#2547 = PLANE ( 'NONE',  #248 ) ;
#2548 = VECTOR ( 'NONE', #5486, 39.37007874015748143 ) ;
#2549 = CARTESIAN_POINT ( 'NONE',  ( -6.624999999999999112, -7.469852007874576039, 0.9242111038198321804 ) ) ;
#2550 = VECTOR ( 'NONE', #4491, 39.37007874015748143 ) ;
#2551 = CIRCLE ( 'NONE', #1636, 0.1181102362204724116 ) ;
#2552 = ORIENTED_EDGE ( 'NONE', *, *, #1730, .F. ) ;
#2553 = DIRECTION ( 'NONE',  ( 0.000000000000000000, -0.03432432496962136564, -0.9994107467479923512 ) ) ;
#2554 = VECTOR ( 'NONE', #5539, 39.37007874015748143 ) ;
#2555 = VECTOR ( 'NONE', #4561, 39.37007874015748854 ) ;
#2556 = ORIENTED_EDGE ( 'NONE', *, *, #1831, .T. ) ;
#2557 = DIRECTION ( 'NONE',  ( 0.000000000000000000, -1.000000000000000000, 0.000000000000000000 ) ) ;
#2558 = PLANE ( 'NONE',  #1107 ) ;
#2559 = AXIS2_PLACEMENT_3D ( 'NONE', #3313, #5561, #2055 ) ;
#2560 = ORIENTED_EDGE ( 'NONE', *, *, #1954, .T. ) ;
#2561 = DIRECTION ( 'NONE',  ( 0.000000000000000000, 0.000000000000000000, -1.000000000000000000 ) ) ;
#2562 = ORIENTED_EDGE ( 'NONE', *, *, #1735, .T. ) ;
#2563 = ORIENTED_EDGE ( 'NONE', *, *, #911, .F. ) ;
#2564 = AXIS2_PLACEMENT_3D ( 'NONE', #3959, #4330, #1342 ) ;
#2565 = DIRECTION ( 'NONE',  ( -0.000000000000000000, -0.000000000000000000, 1.000000000000000000 ) ) ;
#2566 = CYLINDRICAL_SURFACE ( 'NONE', #5287, 0.4249999999999999889 ) ;
#2567 = CIRCLE ( 'NONE', #1832, 0.1329999999999999238 ) ;
#2568 = CIRCLE ( 'NONE', #856, 0.05905511811023627516 ) ;
#2569 = CARTESIAN_POINT ( 'NONE',  ( -6.624999999999999112, -1.990779663567565638, 1.049503685194445257 ) ) ;
#2570 = CARTESIAN_POINT ( 'NONE',  ( -6.125000000000000000, -7.549999999999999822, 0.2500000000000000555 ) ) ;
#2571 = CIRCLE ( 'NONE', #2855, 0.1329999999999999238 ) ;
#2572 = EDGE_CURVE ( 'NONE', #5072, #4634, #751, .T. ) ;
#2573 = CIRCLE ( 'NONE', #4843, 0.1000000000000000194 ) ;
#2574 = DIRECTION ( 'NONE',  ( -0.000000000000000000, 1.000000000000000000, -0.000000000000000000 ) ) ;
#2575 = CARTESIAN_POINT ( 'NONE',  ( -6.243110236220472231, -5.418110236220472054, 2.100000000000000089 ) ) ;
#2576 = VERTEX_POINT ( 'NONE', #2651 ) ;
#2577 = CARTESIAN_POINT ( 'NONE',  ( -6.499999999999999112, -5.966584252499999685, 0.3115157474999999954 ) ) ;
#2578 = DIRECTION ( 'NONE',  ( -0.000000000000000000, 2.185478394931410969E-15, 1.000000000000000000 ) ) ;
#2579 = AXIS2_PLACEMENT_3D ( 'NONE', #4655, #4288, #2947 ) ;
#2580 = DIRECTION ( 'NONE',  ( 0.000000000000000000, 0.000000000000000000, 1.000000000000000000 ) ) ;
#2581 = EDGE_CURVE ( 'NONE', #1539, #994, #2683, .T. ) ;
#2582 = ORIENTED_EDGE ( 'NONE', *, *, #4559, .T. ) ;
#2583 = CARTESIAN_POINT ( 'NONE',  ( -6.624999999999999112, -7.549999999999999822, 2.099999999999999645 ) ) ;
#2584 = VERTEX_POINT ( 'NONE', #3505 ) ;
#2585 = FACE_OUTER_BOUND ( 'NONE', #674, .T. ) ;
#2586 = CARTESIAN_POINT ( 'NONE',  ( -6.125000000000000000, -4.571493498795701882, 3.043068032512251442 ) ) ;
#2587 = ORIENTED_EDGE ( 'NONE', *, *, #2360, .F. ) ;
#2588 = DIRECTION ( 'NONE',  ( -1.000000000000000000, -0.000000000000000000, -0.000000000000000000 ) ) ;
#2589 = ORIENTED_EDGE ( 'NONE', *, *, #1215, .F. ) ;
#2590 = EDGE_CURVE ( 'NONE', #3579, #500, #4731, .T. ) ;
#2591 = ORIENTED_EDGE ( 'NONE', *, *, #4110, .F. ) ;
#2592 = CARTESIAN_POINT ( 'NONE',  ( -6.125000000000000000, -2.062983729403350175, 0.9560338998259235721 ) ) ;
#2593 = CYLINDRICAL_SURFACE ( 'NONE', #3739, 0.1000000000000000194 ) ;
#2594 = LINE ( 'NONE', #3913, #5576 ) ;
#2595 = DIRECTION ( 'NONE',  ( -1.000000000000000000, -0.000000000000000000, -0.000000000000000000 ) ) ;
#2596 = CYLINDRICAL_SURFACE ( 'NONE', #3743, 0.1181102362204724116 ) ;
#2597 = LINE ( 'NONE', #1307, #4638 ) ;
#2598 = VERTEX_POINT ( 'NONE', #5229 ) ;
#2599 = ORIENTED_EDGE ( 'NONE', *, *, #370, .T. ) ;
#2600 = LINE ( 'NONE', #2121, #3089 ) ;
#2601 = EDGE_CURVE ( 'NONE', #3466, #5509, #4396, .T. ) ;
#2602 = EDGE_CURVE ( 'NONE', #2187, #2436, #1460, .T. ) ;
#2603 = DIRECTION ( 'NONE',  ( 0.000000000000000000, -4.268512490100409923E-16, -1.000000000000000000 ) ) ;
#2604 = CARTESIAN_POINT ( 'NONE',  ( -6.163008646619029030, -5.330955215774185518, 1.877064337686766837 ) ) ;
#2605 = EDGE_LOOP ( 'NONE', ( #1778, #2713, #4707, #985 ) ) ;
#2606 = CARTESIAN_POINT ( 'NONE',  ( -6.624999999999999112, -0.8220924813015453303, 1.169693441600278883 ) ) ;
#2607 = DIRECTION ( 'NONE',  ( 0.000000000000000000, 0.000000000000000000, 1.000000000000000000 ) ) ;
#2608 = EDGE_CURVE ( 'NONE', #4569, #3971, #486, .T. ) ;
#2609 = ORIENTED_EDGE ( 'NONE', *, *, #5106, .F. ) ;
#2610 = DIRECTION ( 'NONE',  ( -1.000000000000000000, -0.000000000000000000, -0.000000000000000000 ) ) ;
#2611 = VERTEX_POINT ( 'NONE', #151 ) ;
#2612 = CYLINDRICAL_SURFACE ( 'NONE', #4835, 0.1562499999999997224 ) ;
#2613 = VERTEX_POINT ( 'NONE', #5309 ) ;
#2614 = ORIENTED_EDGE ( 'NONE', *, *, #4451, .F. ) ;
#2615 = DIRECTION ( 'NONE',  ( 0.000000000000000000, 0.000000000000000000, -1.000000000000000000 ) ) ;
#2616 = FACE_BOUND ( 'NONE', #3117, .T. ) ;
#2617 = DIRECTION ( 'NONE',  ( 0.000000000000000000, -1.000000000000000000, -1.224646799147353207E-16 ) ) ;
#2618 = CARTESIAN_POINT ( 'NONE',  ( -6.499999999999999112, -6.200984252499999627, 0.5459157475000000481 ) ) ;
#2619 = FACE_OUTER_BOUND ( 'NONE', #1060, .T. ) ;
#2620 = CARTESIAN_POINT ( 'NONE',  ( -6.375000000000000000, 0.000000000000000000, 1.592000000000001414 ) ) ;
#2621 = CARTESIAN_POINT ( 'NONE',  ( -6.375000000000000000, -3.270677038116681423, 0.6791694692302063796 ) ) ;
#2622 = VERTEX_POINT ( 'NONE', #1411 ) ;
#2623 = CARTESIAN_POINT ( 'NONE',  ( -6.274499999999998856, -4.503937010000000463, 1.750000000000000000 ) ) ;
#2624 = EDGE_CURVE ( 'NONE', #5448, #770, #3136, .T. ) ;
#2625 = ORIENTED_EDGE ( 'NONE', *, *, #4672, .T. ) ;
#2626 = CIRCLE ( 'NONE', #5542, 0.4249999999999999334 ) ;
#2627 = LINE ( 'NONE', #3538, #4200 ) ;
#2628 = CARTESIAN_POINT ( 'NONE',  ( -6.128132666098820458, -5.390149147630392434, 1.893700131749094906 ) ) ;
#2629 = DIRECTION ( 'NONE',  ( -1.000000000000000000, -0.000000000000000000, -0.000000000000000000 ) ) ;
#2630 = FACE_OUTER_BOUND ( 'NONE', #138, .T. ) ;
#2631 = VECTOR ( 'NONE', #913, 39.37007874015748143 ) ;
#2632 = ORIENTED_EDGE ( 'NONE', *, *, #2049, .F. ) ;
#2633 = CIRCLE ( 'NONE', #3546, 0.2655000000000002358 ) ;
#2634 = CARTESIAN_POINT ( 'NONE',  ( -6.624999999999999112, -6.200984252499999627, 0.07711574749999990097 ) ) ;
#2635 = ORIENTED_EDGE ( 'NONE', *, *, #1939, .F. ) ;
#2636 = CARTESIAN_POINT ( 'NONE',  ( -6.375000000000000000, -1.499999999999998446, 1.750000000000000000 ) ) ;
#2637 = VECTOR ( 'NONE', #5149, 39.37007874015748143 ) ;
#2638 = ADVANCED_FACE ( 'NONE', ( #5336 ), #4896, .F. ) ;
#2639 = AXIS2_PLACEMENT_3D ( 'NONE', #984, #490, #4023 ) ;
#2640 = VERTEX_POINT ( 'NONE', #659 ) ;
#2641 = AXIS2_PLACEMENT_3D ( 'NONE', #373, #320, #3831 ) ;
#2642 = CARTESIAN_POINT ( 'NONE',  ( -6.624999999999999112, -1.195882546459554163, 0.8750000000000001110 ) ) ;
#2643 = DIRECTION ( 'NONE',  ( -0.000000000000000000, 1.000000000000000000, -0.000000000000000000 ) ) ;
#2644 = DIRECTION ( 'NONE',  ( -1.000000000000000000, 0.000000000000000000, 0.000000000000000000 ) ) ;
#2645 = CIRCLE ( 'NONE', #2564, 0.05905511811023627516 ) ;
#2646 = EDGE_CURVE ( 'NONE', #2584, #5072, #2424, .T. ) ;
#2647 = CARTESIAN_POINT ( 'NONE',  ( -6.125000000000000000, -1.733568741478170416, 0.7015655560540113855 ) ) ;
#2648 = CARTESIAN_POINT ( 'NONE',  ( -6.624999999999999112, -1.028031045894111317, 1.141521637925640542 ) ) ;
#2649 = CARTESIAN_POINT ( 'NONE',  ( -6.125000000000000000, -1.195882546459554163, 0.6250000000000000000 ) ) ;
#2650 = CONICAL_SURFACE ( 'NONE', #1209, 0.1004999999999996452, 1.029744258676653423 ) ;
#2651 = CARTESIAN_POINT ( 'NONE',  ( -6.274499999999998856, -0.5000000000000000000, -4.892463962593665846E-17 ) ) ;
#2652 = ORIENTED_EDGE ( 'NONE', *, *, #1528, .F. ) ;
#2653 = VECTOR ( 'NONE', #2004, 39.37007874015748143 ) ;
#2654 = VERTEX_POINT ( 'NONE', #203 ) ;
#2655 = CARTESIAN_POINT ( 'NONE',  ( -6.624999999999999112, -7.549999999999999822, 0.7407709353152899245 ) ) ;
#2656 = DIRECTION ( 'NONE',  ( 0.000000000000000000, 1.000000000000000000, -1.445602896647337931E-16 ) ) ;
#2657 = AXIS2_PLACEMENT_3D ( 'NONE', #2835, #4512, #212 ) ;
#2658 = EDGE_CURVE ( 'NONE', #5224, #4099, #3057, .T. ) ;
#2659 = ORIENTED_EDGE ( 'NONE', *, *, #4092, .F. ) ;
#2660 = VECTOR ( 'NONE', #1736, 39.37007874015748143 ) ;
#2661 = DIRECTION ( 'NONE',  ( 1.000000000000000000, -0.000000000000000000, -0.000000000000000000 ) ) ;
#2662 = CARTESIAN_POINT ( 'NONE',  ( -6.125000000000000000, -6.799999999999999822, 0.6249999999999992228 ) ) ;
#2663 = ORIENTED_EDGE ( 'NONE', *, *, #3055, .F. ) ;
#2664 = AXIS2_PLACEMENT_3D ( 'NONE', #5500, #2800, #1173 ) ;
#2665 = EDGE_CURVE ( 'NONE', #5310, #3971, #606, .T. ) ;
#2666 = CIRCLE ( 'NONE', #1223, 0.1181102362204725503 ) ;
#2667 = DIRECTION ( 'NONE',  ( 0.000000000000000000, 0.000000000000000000, -1.000000000000000000 ) ) ;
#2668 = ORIENTED_EDGE ( 'NONE', *, *, #2531, .T. ) ;
#2669 = PLANE ( 'NONE',  #5006 ) ;
#2670 = ORIENTED_EDGE ( 'NONE', *, *, #2435, .T. ) ;
#2671 = CARTESIAN_POINT ( 'NONE',  ( -6.277423813956783505, -3.810379740625795542, 0.7318822026927611635 ) ) ;
#2672 = ORIENTED_EDGE ( 'NONE', *, *, #3373, .F. ) ;
#2673 = EDGE_CURVE ( 'NONE', #4954, #5002, #4457, .T. ) ;
#2674 = EDGE_CURVE ( 'NONE', #4549, #103, #3309, .T. ) ;
#2675 = CARTESIAN_POINT ( 'NONE',  ( -6.375000000000000000, -2.350826537353388979, 0.3860894235331113200 ) ) ;
#2676 = ORIENTED_EDGE ( 'NONE', *, *, #4979, .T. ) ;
#2677 = CARTESIAN_POINT ( 'NONE',  ( -6.624999999999999112, -1.416781346178935340E-16, 1.156889763779527236 ) ) ;
#2678 = FACE_OUTER_BOUND ( 'NONE', #806, .T. ) ;
#2679 = EDGE_CURVE ( 'NONE', #684, #612, #1290, .T. ) ;
#2680 = CARTESIAN_POINT ( 'NONE',  ( -6.624999999999999112, -1.722735295240119813, 0.4931102362204723977 ) ) ;
#2681 = DIRECTION ( 'NONE',  ( 1.000000000000000000, 0.000000000000000000, 0.000000000000000000 ) ) ;
#2682 = CARTESIAN_POINT ( 'NONE',  ( -6.125000000000000000, -0.4931102362204725087, 0.4931102362204723977 ) ) ;
#2683 = LINE ( 'NONE', #2710, #3096 ) ;
#2684 = VERTEX_POINT ( 'NONE', #4968 ) ;
#2685 = ORIENTED_EDGE ( 'NONE', *, *, #1728, .T. ) ;
#2686 = ORIENTED_EDGE ( 'NONE', *, *, #1970, .F. ) ;
#2687 = VERTEX_POINT ( 'NONE', #3228 ) ;
#2688 = DIRECTION ( 'NONE',  ( 1.000000000000000000, 0.000000000000000000, 0.000000000000000000 ) ) ;
#2689 = FACE_OUTER_BOUND ( 'NONE', #3113, .T. ) ;
#2690 = CARTESIAN_POINT ( 'NONE',  ( -6.624999999999999112, 0.5000000000000006661, 1.156889763779527458 ) ) ;
#2691 = ORIENTED_EDGE ( 'NONE', *, *, #5433, .T. ) ;
#2692 = EDGE_CURVE ( 'NONE', #3788, #600, #125, .T. ) ;
#2693 = FACE_OUTER_BOUND ( 'NONE', #4885, .T. ) ;
#2694 = VERTEX_POINT ( 'NONE', #2373 ) ;
#2695 = CARTESIAN_POINT ( 'NONE',  ( -6.125000000000000000, 0.000000000000000000, 0.000000000000000000 ) ) ;
#2696 = SHAPE_DEFINITION_REPRESENTATION ( #391, #5020 ) ;
#2697 = ORIENTED_EDGE ( 'NONE', *, *, #3088, .F. ) ;
#2698 = DIRECTION ( 'NONE',  ( -1.000000000000000000, 0.000000000000000000, 0.000000000000000000 ) ) ;
#2699 = EDGE_LOOP ( 'NONE', ( #1089, #3981, #3168, #5230 ) ) ;
#2700 = ORIENTED_EDGE ( 'NONE', *, *, #2572, .F. ) ;
#2701 = FACE_OUTER_BOUND ( 'NONE', #1147, .T. ) ;
#2702 =( LENGTH_UNIT ( ) NAMED_UNIT ( * ) SI_UNIT ( $, .METRE. ) );
#2703 = CARTESIAN_POINT ( 'NONE',  ( -6.624999999999999112, 0.000000000000000000, 0.000000000000000000 ) ) ;
#2704 = ORIENTED_EDGE ( 'NONE', *, *, #2245, .T. ) ;
#2705 = CARTESIAN_POINT ( 'NONE',  ( -6.342821704739993294, -0.4047772146678876859, 0.2588858022961023631 ) ) ;
#2706 = EDGE_CURVE ( 'NONE', #1364, #4436, #692, .T. ) ;
#2707 = CARTESIAN_POINT ( 'NONE',  ( -6.375000000000000000, -3.987771497362133655, 0.2229550020317796200 ) ) ;
#2708 = CARTESIAN_POINT ( 'NONE',  ( -6.243110236220472231, -3.631889763779527769, 1.750000000000000000 ) ) ;
#2709 = EDGE_CURVE ( 'NONE', #429, #4801, #1938, .T. ) ;
#2710 = CARTESIAN_POINT ( 'NONE',  ( -6.243110236220472231, -3.750000000000000000, 1.750000000000000000 ) ) ;
#2711 = ORIENTED_EDGE ( 'NONE', *, *, #2692, .F. ) ;
#2712 = ORIENTED_EDGE ( 'NONE', *, *, #154, .F. ) ;
#2713 = ORIENTED_EDGE ( 'NONE', *, *, #549, .T. ) ;
#2714 = ADVANCED_FACE ( 'NONE', ( #176 ), #2741, .T. ) ;
#2715 = ORIENTED_EDGE ( 'NONE', *, *, #2679, .T. ) ;
#2716 = CARTESIAN_POINT ( 'NONE',  ( -6.375000000000000000, -1.195882546459554163, 0.3749999999999998890 ) ) ;
#2717 = AXIS2_PLACEMENT_3D ( 'NONE', #5421, #3195, #1937 ) ;
#2718 = DIRECTION ( 'NONE',  ( 0.000000000000000000, 1.000000000000000000, -2.185478394931410969E-15 ) ) ;
#2719 = LINE ( 'NONE', #2586, #922 ) ;
#2720 = LINE ( 'NONE', #4375, #5299 ) ;
#2721 = AXIS2_PLACEMENT_3D ( 'NONE', #3765, #4694, #2042 ) ;
#2722 = EDGE_CURVE ( 'NONE', #1707, #1504, #3278, .T. ) ;
#2723 = ORIENTED_EDGE ( 'NONE', *, *, #1962, .F. ) ;
#2724 = DIRECTION ( 'NONE',  ( -0.000000000000000000, 0.000000000000000000, 1.000000000000000000 ) ) ;
#2725 = VERTEX_POINT ( 'NONE', #1076 ) ;
#2726 = FACE_BOUND ( 'NONE', #2309, .T. ) ;
#2727 = ORIENTED_EDGE ( 'NONE', *, *, #1185, .T. ) ;
#2728 = CIRCLE ( 'NONE', #3455, 0.2654999999999999583 ) ;
#2729 = VECTOR ( 'NONE', #3832, 39.37007874015748143 ) ;
#2730 = CARTESIAN_POINT ( 'NONE',  ( -6.506889763779526881, -4.149999999999999467, 2.143131898507867804E-16 ) ) ;
#2731 = CIRCLE ( 'NONE', #301, 0.1004999999999996452 ) ;
#2732 = CARTESIAN_POINT ( 'NONE',  ( -6.375000000000001776, -5.699999999999998401, -4.892463962593665846E-17 ) ) ;
#2733 = ORIENTED_EDGE ( 'NONE', *, *, #3179, .F. ) ;
#2734 = CIRCLE ( 'NONE', #2191, 0.1004999999999996452 ) ;
#2735 = CARTESIAN_POINT ( 'NONE',  ( -6.243110236220472231, -3.631889763779527769, 1.750000000000000000 ) ) ;
#2736 = EDGE_CURVE ( 'NONE', #3414, #204, #1908, .T. ) ;
#2737 = CONICAL_SURFACE ( 'NONE', #1197, 0.07950000000000007061, 1.029744258676656754 ) ;
#2738 = DIRECTION ( 'NONE',  ( 0.000000000000000000, 0.000000000000000000, 1.000000000000000000 ) ) ;
#2739 = CARTESIAN_POINT ( 'NONE',  ( 8.514999999999998792, -6.064173226220472834, 0.7391732262204741000 ) ) ;
#2740 = CARTESIAN_POINT ( 'NONE',  ( -6.375000000000000000, -1.195882546459554163, 0.7812499999999997780 ) ) ;
#2741 = PLANE ( 'NONE',  #26 ) ;
#2742 = VECTOR ( 'NONE', #4395, 39.37007874015748143 ) ;
#2743 = ORIENTED_EDGE ( 'NONE', *, *, #4069, .T. ) ;
#2744 = ORIENTED_EDGE ( 'NONE', *, *, #3638, .T. ) ;
#2745 = AXIS2_PLACEMENT_3D ( 'NONE', #1003, #1069, #1511 ) ;
#2746 = DIRECTION ( 'NONE',  ( -1.000000000000000000, 0.000000000000000000, 0.000000000000000000 ) ) ;
#2747 = EDGE_CURVE ( 'NONE', #3197, #427, #3645, .T. ) ;
#2748 = VERTEX_POINT ( 'NONE', #5445 ) ;
#2749 = CIRCLE ( 'NONE', #5568, 0.05905511811023630986 ) ;
#2750 = VECTOR ( 'NONE', #2553, 39.37007874015748143 ) ;
#2751 = FACE_OUTER_BOUND ( 'NONE', #2010, .T. ) ;
#2752 = CARTESIAN_POINT ( 'NONE',  ( -6.380460484087359774, -0.3995000000000010765, 1.559546550094164763 ) ) ;
#2753 = PLANE ( 'NONE',  #507 ) ;
#2754 = ADVANCED_FACE ( 'NONE', ( #1682 ), #5508, .F. ) ;
#2755 = DIRECTION ( 'NONE',  ( 1.000000000000000000, 0.000000000000000000, 0.000000000000000000 ) ) ;
#2756 = VERTEX_POINT ( 'NONE', #2902 ) ;
#2757 = FACE_OUTER_BOUND ( 'NONE', #3152, .T. ) ;
#2758 = CARTESIAN_POINT ( 'NONE',  ( -6.624999999999999112, -6.200984252499999627, 0.1865157474999995513 ) ) ;
#2759 = AXIS2_PLACEMENT_3D ( 'NONE', #4911, #4146, #2411 ) ;
#2760 = CARTESIAN_POINT ( 'NONE',  ( -6.624999999999999112, -2.430394809875166651, 0.9827104309290969342 ) ) ;
#2761 = ADVANCED_FACE ( 'NONE', ( #3446 ), #3332, .T. ) ;
#2762 = AXIS2_PLACEMENT_3D ( 'NONE', #1588, #4439, #1814 ) ;
#2763 = AXIS2_PLACEMENT_3D ( 'NONE', #2061, #3430, #350 ) ;
#2764 = ORIENTED_EDGE ( 'NONE', *, *, #3323, .F. ) ;
#2765 = DIRECTION ( 'NONE',  ( 0.000000000000000000, 0.000000000000000000, 1.000000000000000000 ) ) ;
#2766 = VERTEX_POINT ( 'NONE', #4271 ) ;
#2767 = CARTESIAN_POINT ( 'NONE',  ( -6.442772995796159918, -4.578481153763472200, 0.3805609926060879999 ) ) ;
#2768 = EDGE_LOOP ( 'NONE', ( #1360, #1210, #4850, #417 ) ) ;
#2769 = DIRECTION ( 'NONE',  ( -0.000000000000000000, 1.000000000000000000, -0.000000000000000000 ) ) ;
#2770 = CARTESIAN_POINT ( 'NONE',  ( -6.368527323945073704, -0.3994831470913524085, 0.4211102579214345831 ) ) ;
#2771 = EDGE_LOOP ( 'NONE', ( #4034, #2209 ) ) ;
#2772 = DIRECTION ( 'NONE',  ( -1.000000000000000000, 0.000000000000000000, 0.000000000000000000 ) ) ;
#2773 = EDGE_CURVE ( 'NONE', #1260, #1364, #2734, .T. ) ;
#2774 = CYLINDRICAL_SURFACE ( 'NONE', #1216, 0.1250000000000004441 ) ;
#2775 = DIRECTION ( 'NONE',  ( -1.000000000000000000, 0.000000000000000000, 0.000000000000000000 ) ) ;
#2776 = LINE ( 'NONE', #1431, #290 ) ;
#2777 = DIRECTION ( 'NONE',  ( -1.000000000000000000, 0.000000000000000000, 0.000000000000000000 ) ) ;
#2778 = ORIENTED_EDGE ( 'NONE', *, *, #3928, .T. ) ;
#2779 = ORIENTED_EDGE ( 'NONE', *, *, #4297, .F. ) ;
#2780 = LINE ( 'NONE', #4511, #1299 ) ;
#2781 = DIRECTION ( 'NONE',  ( 0.000000000000000000, 0.000000000000000000, -1.000000000000000000 ) ) ;
#2782 = CARTESIAN_POINT ( 'NONE',  ( -6.624999999999999112, -6.064173226220472834, 1.128937010000001573 ) ) ;
#2783 = EDGE_CURVE ( 'NONE', #2333, #4607, #3859, .T. ) ;
#2784 = DIRECTION ( 'NONE',  ( -1.000000000000000000, 0.000000000000000000, 0.000000000000000000 ) ) ;
#2785 = DIRECTION ( 'NONE',  ( 0.000000000000000000, 1.000000000000000000, -4.268512490100409923E-16 ) ) ;
#2786 = ADVANCED_FACE ( 'NONE', ( #3824 ), #925, .F. ) ;
#2787 = CARTESIAN_POINT ( 'NONE',  ( -6.624999999999999112, -0.7541423743140727165, 0.8254164168266536761 ) ) ;
#2788 = ADVANCED_FACE ( 'NONE', ( #5557 ), #2566, .T. ) ;
#2789 = VERTEX_POINT ( 'NONE', #2535 ) ;
#2790 = DIRECTION ( 'NONE',  ( -1.000000000000000000, 0.000000000000000000, 0.000000000000000000 ) ) ;
#2791 = EDGE_LOOP ( 'NONE', ( #1662, #41 ) ) ;
#2792 = CARTESIAN_POINT ( 'NONE',  ( -6.274499999999998856, -4.514311384007565486, 0.4344159809090422653 ) ) ;
#2793 = ADVANCED_FACE ( 'NONE', ( #342 ), #1653, .F. ) ;
#2794 = ORIENTED_EDGE ( 'NONE', *, *, #4272, .F. ) ;
#2795 = DIRECTION ( 'NONE',  ( -1.000000000000000000, 0.000000000000000000, 0.000000000000000000 ) ) ;
#2796 = VERTEX_POINT ( 'NONE', #2449 ) ;
#2797 = DIRECTION ( 'NONE',  ( -1.000000000000000000, -0.000000000000000000, -0.000000000000000000 ) ) ;
#2798 = ORIENTED_EDGE ( 'NONE', *, *, #3886, .T. ) ;
#2799 = DIRECTION ( 'NONE',  ( -0.000000000000000000, 0.000000000000000000, 1.000000000000000000 ) ) ;
#2800 = DIRECTION ( 'NONE',  ( 1.000000000000000000, -0.000000000000000000, -0.000000000000000000 ) ) ;
#2801 = EDGE_CURVE ( 'NONE', #1112, #2843, #4915, .T. ) ;
#2802 = DIRECTION ( 'NONE',  ( -0.000000000000000000, 1.000000000000000000, 5.463695987328527423E-16 ) ) ;
#2803 = CARTESIAN_POINT ( 'NONE',  ( -6.124999999999995559, -2.078882640153934425, 0.3749999999999999445 ) ) ;
#2804 = ORIENTED_EDGE ( 'NONE', *, *, #4440, .T. ) ;
#2805 = EDGE_LOOP ( 'NONE', ( #2940, #97, #889, #660 ) ) ;
#2806 = CARTESIAN_POINT ( 'NONE',  ( -6.357000000000000206, -5.799999999999998934, 1.959400000000000475 ) ) ;
#2807 = CARTESIAN_POINT ( 'NONE',  ( -6.410979434364863394, -0.4061611463397136745, 1.523322378777775654 ) ) ;
#2808 = DIRECTION ( 'NONE',  ( 1.000000000000000000, 0.000000000000000000, 0.000000000000000000 ) ) ;
#2809 = ORIENTED_EDGE ( 'NONE', *, *, #4073, .T. ) ;
#2810 = DIRECTION ( 'NONE',  ( 0.000000000000000000, 0.000000000000000000, 1.000000000000000000 ) ) ;
#2811 = ORIENTED_EDGE ( 'NONE', *, *, #513, .T. ) ;
#2812 = CARTESIAN_POINT ( 'NONE',  ( -6.499999999999999112, -6.200984252499999627, 1.314812009999999587 ) ) ;
#2813 = ORIENTED_EDGE ( 'NONE', *, *, #168, .T. ) ;
#2814 = DIRECTION ( 'NONE',  ( -1.000000000000000000, -0.000000000000000000, -0.000000000000000000 ) ) ;
#2815 = EDGE_LOOP ( 'NONE', ( #2711, #3687, #4789, #1552 ) ) ;
#2816 = VECTOR ( 'NONE', #4244, 39.37007874015748143 ) ;
#2817 = CARTESIAN_POINT ( 'NONE',  ( -6.243110236220472231, -2.399999999999999467, 0.000000000000000000 ) ) ;
#2818 = ADVANCED_FACE ( 'NONE', ( #1596 ), #3396, .F. ) ;
#2819 = ORIENTED_EDGE ( 'NONE', *, *, #2345, .F. ) ;
#2820 = PLANE ( 'NONE',  #1366 ) ;
#2821 = PRODUCT_DEFINITION ( 'UNKNOWN', '', #1585, #5124 ) ;
#2822 = ORIENTED_EDGE ( 'NONE', *, *, #3066, .T. ) ;
#2823 = ADVANCED_FACE ( 'NONE', ( #4674 ), #3421, .F. ) ;
#2824 = CARTESIAN_POINT ( 'NONE',  ( -6.125000000000000000, -1.195882546459554163, 0.6250000000000000000 ) ) ;
#2825 = VERTEX_POINT ( 'NONE', #5164 ) ;
#2826 = CARTESIAN_POINT ( 'NONE',  ( -6.624999999999999112, -1.195882546459554163, 0.6250000000000000000 ) ) ;
#2827 = CARTESIAN_POINT ( 'NONE',  ( 8.514999999999998792, -1.477966348419492926, 1.032448596258577878 ) ) ;
#2828 = VERTEX_POINT ( 'NONE', #3798 ) ;
#2829 = VECTOR ( 'NONE', #1887, 39.37007874015748143 ) ;
#2830 = EDGE_CURVE ( 'NONE', #5365, #932, #1265, .T. ) ;
#2831 = AXIS2_PLACEMENT_3D ( 'NONE', #4726, #5071, #367 ) ;
#2832 = CARTESIAN_POINT ( 'NONE',  ( -6.125000000000000000, -3.270677038116681423, 0.5461694692302064835 ) ) ;
#2833 = CARTESIAN_POINT ( 'NONE',  ( -6.243110236220472231, 0.5000000000000002220, 1.156889763779527458 ) ) ;
#2834 = CARTESIAN_POINT ( 'NONE',  ( -6.624999999999999112, -0.5727772262380981250, 0.9911208305014825859 ) ) ;
#2835 = CARTESIAN_POINT ( 'NONE',  ( -6.243110236220472231, -3.631889763779527769, 1.874999999999999778 ) ) ;
#2836 = CARTESIAN_POINT ( 'NONE',  ( -6.125000000000000000, -6.453937009999998864, 2.100000000000000089 ) ) ;
#2837 = ORIENTED_EDGE ( 'NONE', *, *, #4690, .F. ) ;
#2838 = DIRECTION ( 'NONE',  ( 0.000000000000000000, 1.000000000000000000, -1.170791997284684730E-16 ) ) ;
#2839 = VECTOR ( 'NONE', #5347, 39.37007874015748143 ) ;
#2840 = VECTOR ( 'NONE', #557, 39.37007874015748143 ) ;
#2841 = CARTESIAN_POINT ( 'NONE',  ( -6.375000000000000000, -4.042613218174444079, 1.085822883268820149 ) ) ;
#2842 = EDGE_CURVE ( 'NONE', #2180, #3518, #763, .T. ) ;
#2843 = VERTEX_POINT ( 'NONE', #3885 ) ;
#2844 = DIRECTION ( 'NONE',  ( 0.000000000000000000, 1.224646799147353454E-16, -1.000000000000000000 ) ) ;
#2845 = VERTEX_POINT ( 'NONE', #1620 ) ;
#2846 = VECTOR ( 'NONE', #1879, 39.37007874015748143 ) ;
#2847 = VECTOR ( 'NONE', #4687, 39.37007874015748143 ) ;
#2848 = LINE ( 'NONE', #4983, #4762 ) ;
#2849 = AXIS2_PLACEMENT_3D ( 'NONE', #5343, #3172, #1021 ) ;
#2850 = ORIENTED_EDGE ( 'NONE', *, *, #1373, .T. ) ;
#2851 = VECTOR ( 'NONE', #4277, 39.37007874015748854 ) ;
#2852 = DIRECTION ( 'NONE',  ( -1.000000000000000000, -0.000000000000000000, -0.000000000000000000 ) ) ;
#2853 = EDGE_LOOP ( 'NONE', ( #999, #694, #4251, #1179 ) ) ;
#2854 = LINE ( 'NONE', #2397, #682 ) ;
#2855 = AXIS2_PLACEMENT_3D ( 'NONE', #4765, #60, #877 ) ;
#2856 = ADVANCED_FACE ( 'NONE', ( #5105 ), #5466, .F. ) ;
#2857 = CIRCLE ( 'NONE', #1317, 0.1000000000000000194 ) ;
#2858 = EDGE_CURVE ( 'NONE', #859, #4549, #1158, .T. ) ;
#2859 = CARTESIAN_POINT ( 'NONE',  ( -6.243110236220472231, 3.297594818231553244E-16, 1.156889763779527236 ) ) ;
#2860 = CARTESIAN_POINT ( 'NONE',  ( -6.385944752888817355, -0.3999907522841983365, 0.2827275118631371598 ) ) ;
#2861 = VERTEX_POINT ( 'NONE', #458 ) ;
#2862 = EDGE_CURVE ( 'NONE', #5154, #3553, #2459, .T. ) ;
#2863 = FACE_BOUND ( 'NONE', #4671, .T. ) ;
#2864 = CARTESIAN_POINT ( 'NONE',  ( -6.243110236220472231, -3.750000000000000000, 1.874999999999999778 ) ) ;
#2865 = CYLINDRICAL_SURFACE ( 'NONE', #1991, 0.05905511811023627516 ) ;
#2866 = CARTESIAN_POINT ( 'NONE',  ( -6.274499999999999744, -1.749999999999998446, -4.892463962593665846E-17 ) ) ;
#2867 = LINE ( 'NONE', #1146, #4475 ) ;
#2868 = DIRECTION ( 'NONE',  ( -0.000000000000000000, -1.170791997284684730E-16, -1.000000000000000000 ) ) ;
#2869 = ADVANCED_FACE ( 'NONE', ( #2616, #3023, #4840, #4358, #481, #5243, #2166, #3069, #875, #977, #563, #3524, #4807, #1372 ), #1759, .T. ) ;
#2870 = VERTEX_POINT ( 'NONE', #3099 ) ;
#2871 = CYLINDRICAL_SURFACE ( 'NONE', #4385, 0.1004999999999996452 ) ;
#2872 = CARTESIAN_POINT ( 'NONE',  ( -6.337945085584949290, -4.597645448072619878, 0.3679602749246393967 ) ) ;
#2873 = ORIENTED_EDGE ( 'NONE', *, *, #1012, .F. ) ;
#2874 = ORIENTED_EDGE ( 'NONE', *, *, #3059, .F. ) ;
#2875 = LINE ( 'NONE', #1023, #5275 ) ;
#2876 = ORIENTED_EDGE ( 'NONE', *, *, #884, .F. ) ;
#2877 = DIRECTION ( 'NONE',  ( 0.000000000000000000, 0.000000000000000000, 1.000000000000000000 ) ) ;
#2878 = CARTESIAN_POINT ( 'NONE',  ( 8.514999999999998792, -1.722735295240119813, 0.4931102362204723977 ) ) ;
#2879 = CARTESIAN_POINT ( 'NONE',  ( -6.125000000000000000, -3.810379740625795542, 0.8648822026927610596 ) ) ;
#2880 = VERTEX_POINT ( 'NONE', #2677 ) ;
#2881 = DIRECTION ( 'NONE',  ( 0.000000000000000000, -0.000000000000000000, 1.000000000000000000 ) ) ;
#2882 = CARTESIAN_POINT ( 'NONE',  ( -6.125000000000000000, -5.299999999999999822, 1.375000000000000000 ) ) ;
#2883 = EDGE_CURVE ( 'NONE', #3972, #2355, #921, .T. ) ;
#2884 = DIRECTION ( 'NONE',  ( 1.000000000000000000, -0.000000000000000000, -0.000000000000000000 ) ) ;
#2885 = CARTESIAN_POINT ( 'NONE',  ( -6.441550758477955441, -1.575307679196802813, 1.375000000000000000 ) ) ;
#2886 = ORIENTED_EDGE ( 'NONE', *, *, #416, .T. ) ;
#2887 = CARTESIAN_POINT ( 'NONE',  ( -6.624999999999999112, -4.067521641679253896, 0.3605720252464228448 ) ) ;
#2888 = LINE ( 'NONE', #1999, #3756 ) ;
#2889 = LINE ( 'NONE', #3720, #5285 ) ;
#2890 = ORIENTED_EDGE ( 'NONE', *, *, #2271, .T. ) ;
#2891 = CARTESIAN_POINT ( 'NONE',  ( -6.375000000000000000, -4.100661968867309604, 0.4094517315557140713 ) ) ;
#2892 = VERTEX_POINT ( 'NONE', #2275 ) ;
#2893 = ORIENTED_EDGE ( 'NONE', *, *, #831, .T. ) ;
#2894 = CARTESIAN_POINT ( 'NONE',  ( -6.125000000000000000, -2.118110236220472675, 1.750000000000000000 ) ) ;
#2895 = DIRECTION ( 'NONE',  ( 0.000000000000000000, -1.000000000000000000, -1.224646799147353207E-16 ) ) ;
#2896 = AXIS2_PLACEMENT_3D ( 'NONE', #4699, #5475, #1177 ) ;
#2897 = ORIENTED_EDGE ( 'NONE', *, *, #3906, .T. ) ;
#2898 = CARTESIAN_POINT ( 'NONE',  ( -6.375000000000000000, -0.3799999999999998934, 1.512500000000001510 ) ) ;
#2899 = AXIS2_PLACEMENT_3D ( 'NONE', #598, #4926, #2363 ) ;
#2900 = VERTEX_POINT ( 'NONE', #4388 ) ;
#2901 = DIRECTION ( 'NONE',  ( 0.8571673007021117785, 0.000000000000000000, 0.5150380749100550437 ) ) ;
#2902 = CARTESIAN_POINT ( 'NONE',  ( -6.125000000000000000, -3.270677038116681423, 0.8116694692302066638 ) ) ;
#2903 = EDGE_CURVE ( 'NONE', #2843, #1112, #2280, .T. ) ;
#2904 = ORIENTED_EDGE ( 'NONE', *, *, #3870, .F. ) ;
#2905 = AXIS2_PLACEMENT_3D ( 'NONE', #2577, #3948, #4770 ) ;
#2906 = CIRCLE ( 'NONE', #4548, 0.05905511811023627516 ) ;
#2907 = PLANE ( 'NONE',  #2480 ) ;
#2908 = CARTESIAN_POINT ( 'NONE',  ( -6.277423813956783505, -2.710379740625795009, 0.8271031838164467631 ) ) ;
#2909 = DIRECTION ( 'NONE',  ( 0.000000000000000000, 5.782411586589358625E-16, 1.000000000000000000 ) ) ;
#2910 = DIRECTION ( 'NONE',  ( -1.000000000000000000, -0.000000000000000000, -0.000000000000000000 ) ) ;
#2911 = ORIENTED_EDGE ( 'NONE', *, *, #2129, .T. ) ;
#2912 = VECTOR ( 'NONE', #1250, 39.37007874015748143 ) ;
#2913 = AXIS2_PLACEMENT_3D ( 'NONE', #960, #929, #3051 ) ;
#2914 = CARTESIAN_POINT ( 'NONE',  ( -6.332448747338539796, -1.658797499748526638, 0.3937596142339946925 ) ) ;
#2915 = EDGE_CURVE ( 'NONE', #1245, #4130, #227, .T. ) ;
#2916 = CARTESIAN_POINT ( 'NONE',  ( 8.514999999999998792, -5.946062989999999715, 0.6210629900000017578 ) ) ;
#2917 = AXIS2_PLACEMENT_3D ( 'NONE', #4085, #3285, #1915 ) ;
#2918 = ADVANCED_FACE ( 'NONE', ( #82 ), #3477, .F. ) ;
#2919 = FACE_OUTER_BOUND ( 'NONE', #2768, .T. ) ;
#2920 = ORIENTED_EDGE ( 'NONE', *, *, #615, .T. ) ;
#2921 = CARTESIAN_POINT ( 'NONE',  ( -6.375000000000000000, 0.5000000000000000000, 1.433000000000001384 ) ) ;
#2922 = LINE ( 'NONE', #3435, #3118 ) ;
#2923 = AXIS2_PLACEMENT_3D ( 'NONE', #3304, #4608, #5044 ) ;
#2924 = EDGE_LOOP ( 'NONE', ( #948, #298, #1647, #5145 ) ) ;
#2925 = ADVANCED_FACE ( 'NONE', ( #5223 ), #2593, .T. ) ;
#2926 = ORIENTED_EDGE ( 'NONE', *, *, #4429, .T. ) ;
#2927 =( LENGTH_UNIT ( ) NAMED_UNIT ( * ) SI_UNIT ( $, .METRE. ) );
#2928 = AXIS2_PLACEMENT_3D ( 'NONE', #5056, #2460, #4940 ) ;
#2929 = VECTOR ( 'NONE', #4745, 39.37007874015748143 ) ;
#2930 = LINE ( 'NONE', #3388, #2082 ) ;
#2931 = VERTEX_POINT ( 'NONE', #3985 ) ;
#2932 = DIRECTION ( 'NONE',  ( 0.000000000000000000, 0.000000000000000000, -1.000000000000000000 ) ) ;
#2933 = AXIS2_PLACEMENT_3D ( 'NONE', #3258, #1858, #3205 ) ;
#2934 = VECTOR ( 'NONE', #3400, 39.37007874015748143 ) ;
#2935 = ORIENTED_EDGE ( 'NONE', *, *, #5127, .T. ) ;
#2936 = LINE ( 'NONE', #4609, #1000 ) ;
#2937 = CIRCLE ( 'NONE', #512, 0.1329999999999998406 ) ;
#2938 = DIRECTION ( 'NONE',  ( 1.000000000000000000, -0.000000000000000000, -0.000000000000000000 ) ) ;
#2939 = EDGE_CURVE ( 'NONE', #550, #3788, #3500, .T. ) ;
#2940 = ORIENTED_EDGE ( 'NONE', *, *, #3584, .F. ) ;
#2941 = DIRECTION ( 'NONE',  ( -1.000000000000000000, -0.000000000000000000, -0.000000000000000000 ) ) ;
#2942 = DIRECTION ( 'NONE',  ( 0.000000000000000000, -6.829619984160658046E-17, 1.000000000000000000 ) ) ;
#2943 = CARTESIAN_POINT ( 'NONE',  ( -6.624999999999999112, 0.000000000000000000, 0.5931102362204722089 ) ) ;
#2944 = CARTESIAN_POINT ( 'NONE',  ( -6.624999999999999112, -3.631889763779527769, 1.874999999999999778 ) ) ;
#2945 = VERTEX_POINT ( 'NONE', #3909 ) ;
#2946 = CARTESIAN_POINT ( 'NONE',  ( -4.433018566799289850, -4.100661968867309604, 0.4094517315557140713 ) ) ;
#2947 = DIRECTION ( 'NONE',  ( -1.000000000000000000, 0.000000000000000000, 0.000000000000000000 ) ) ;
#2948 = DIRECTION ( 'NONE',  ( -0.000000000000000000, -0.000000000000000000, -1.000000000000000000 ) ) ;
#2949 = EDGE_CURVE ( 'NONE', #591, #3677, #4761, .T. ) ;
#2950 = VERTEX_POINT ( 'NONE', #5269 ) ;
#2951 = DIRECTION ( 'NONE',  ( 0.000000000000000000, -0.9994107467479923512, 0.03432432496962175422 ) ) ;
#2952 = EDGE_CURVE ( 'NONE', #3874, #2687, #894, .T. ) ;
#2953 = DIRECTION ( 'NONE',  ( -0.000000000000000000, 1.000000000000000000, -0.000000000000000000 ) ) ;
#2954 = VERTEX_POINT ( 'NONE', #5301 ) ;
#2955 = ORIENTED_EDGE ( 'NONE', *, *, #2903, .F. ) ;
#2956 = DIRECTION ( 'NONE',  ( -1.000000000000000000, 0.000000000000000000, -0.000000000000000000 ) ) ;
#2957 = CARTESIAN_POINT ( 'NONE',  ( -6.125000000000000000, -3.270677038116681423, 0.5461694692302064835 ) ) ;
#2958 = EDGE_CURVE ( 'NONE', #1865, #1041, #4869, .T. ) ;
#2959 = DIRECTION ( 'NONE',  ( -1.000000000000000000, -0.000000000000000000, -0.000000000000000000 ) ) ;
#2960 = ORIENTED_EDGE ( 'NONE', *, *, #4001, .T. ) ;
#2961 = CYLINDRICAL_SURFACE ( 'NONE', #3472, 0.2344000000000001083 ) ;
#2962 = ORIENTED_EDGE ( 'NONE', *, *, #4700, .F. ) ;
#2963 = CARTESIAN_POINT ( 'NONE',  ( -6.243110236220472231, -2.118110236220472675, 1.874999999999999556 ) ) ;
#2964 = DIRECTION ( 'NONE',  ( 0.000000000000000000, 0.000000000000000000, 1.000000000000000000 ) ) ;
#2965 = EDGE_CURVE ( 'NONE', #1877, #1919, #141, .T. ) ;
#2966 = DIRECTION ( 'NONE',  ( -1.000000000000000000, -0.000000000000000000, -0.000000000000000000 ) ) ;
#2967 = LINE ( 'NONE', #4703, #4752 ) ;
#2968 = CARTESIAN_POINT ( 'NONE',  ( -6.375000000000000000, -4.099401806940218940, 0.4461434763661811242 ) ) ;
#2969 = LINE ( 'NONE', #2542, #112 ) ;
#2970 = ORIENTED_EDGE ( 'NONE', *, *, #5100, .T. ) ;
#2971 = ORIENTED_EDGE ( 'NONE', *, *, #1242, .F. ) ;
#2972 = DIRECTION ( 'NONE',  ( 1.000000000000000000, 0.000000000000000000, 0.000000000000000000 ) ) ;
#2973 = CARTESIAN_POINT ( 'NONE',  ( -6.363806350053390126, -1.649974094394338620, 0.4000664433709064105 ) ) ;
#2974 = DIRECTION ( 'NONE',  ( -0.000000000000000000, 1.000000000000000000, -0.000000000000000000 ) ) ;
#2975 = CARTESIAN_POINT ( 'NONE',  ( -6.274499999999998856, -4.503937010000000463, 1.750000000000000000 ) ) ;
#2976 = ORIENTED_EDGE ( 'NONE', *, *, #4831, .T. ) ;
#2977 = DIRECTION ( 'NONE',  ( 0.000000000000000000, 2.731847993664262824E-15, -1.000000000000000000 ) ) ;
#2978 = ADVANCED_FACE ( 'NONE', ( #1129 ), #4988, .F. ) ;
#2979 = ORIENTED_EDGE ( 'NONE', *, *, #2345, .T. ) ;
#2980 = CARTESIAN_POINT ( 'NONE',  ( -6.375000000000000000, -1.749999999999998446, 0.3749999999999999445 ) ) ;
#2981 = FACE_OUTER_BOUND ( 'NONE', #1230, .T. ) ;
#2982 = DIRECTION ( 'NONE',  ( 0.000000000000000000, 0.6745138488158977097, -0.7382621944509717427 ) ) ;
#2983 = EDGE_LOOP ( 'NONE', ( #4298, #3324 ) ) ;
#2984 = CARTESIAN_POINT ( 'NONE',  ( -6.125000000000000000, -3.810379740625795542, 0.8648822026927610596 ) ) ;
#2985 = ORIENTED_EDGE ( 'NONE', *, *, #2673, .F. ) ;
#2986 = AXIS2_PLACEMENT_3D ( 'NONE', #2107, #2022, #1681 ) ;
#2987 = ADVANCED_FACE ( 'NONE', ( #709 ), #5387, .F. ) ;
#2988 = CYLINDRICAL_SURFACE ( 'NONE', #5359, 0.1181102362204724116 ) ;
#2989 = DIRECTION ( 'NONE',  ( 0.000000000000000000, -1.000000000000000000, 0.000000000000000000 ) ) ;
#2990 = LINE ( 'NONE', #845, #3359 ) ;
#2991 = VECTOR ( 'NONE', #3612, 39.37007874015748143 ) ;
#2992 = EDGE_CURVE ( 'NONE', #4189, #1504, #5472, .T. ) ;
#2993 = CARTESIAN_POINT ( 'NONE',  ( -6.624999999999999112, -5.299999999999999822, 1.750000000000000000 ) ) ;
#2994 = CARTESIAN_POINT ( 'NONE',  ( -6.125000000000000000, -0.9483640558764852013, 1.054325315746391656 ) ) ;
#2995 = CARTESIAN_POINT ( 'NONE',  ( -6.506889763779526881, -2.000000000000000444, 1.874999999999999556 ) ) ;
#2996 = DIRECTION ( 'NONE',  ( 0.000000000000000000, 0.000000000000000000, -1.000000000000000000 ) ) ;
#2997 = EDGE_LOOP ( 'NONE', ( #803, #3992, #257, #69 ) ) ;
#2998 = ORIENTED_EDGE ( 'NONE', *, *, #1255, .T. ) ;
#2999 = CARTESIAN_POINT ( 'NONE',  ( 8.514999999999998792, -1.028031045894111317, 1.141521637925640542 ) ) ;
#3000 = DIRECTION ( 'NONE',  ( 0.000000000000000000, -0.9994107467479924622, 0.03432432496962137258 ) ) ;
#3001 = DIRECTION ( 'NONE',  ( -1.000000000000000000, 0.000000000000000000, 0.000000000000000000 ) ) ;
#3002 = VECTOR ( 'NONE', #1054, 39.37007874015748143 ) ;
#3003 = DIRECTION ( 'NONE',  ( 0.000000000000000000, 0.000000000000000000, -1.000000000000000000 ) ) ;
#3004 = CARTESIAN_POINT ( 'NONE',  ( 8.514999999999998792, -2.211389727133741712, 0.07594921294933874856 ) ) ;
#3005 = AXIS2_PLACEMENT_3D ( 'NONE', #3931, #1231, #4692 ) ;
#3006 = AXIS2_PLACEMENT_3D ( 'NONE', #4187, #1208, #2511 ) ;
#3007 = EDGE_LOOP ( 'NONE', ( #3486, #1068 ) ) ;
#3008 = CARTESIAN_POINT ( 'NONE',  ( -6.125000000000000000, -3.750000000000000000, 1.874999999999999778 ) ) ;
#3009 = FACE_OUTER_BOUND ( 'NONE', #3548, .T. ) ;
#3010 = AXIS2_PLACEMENT_3D ( 'NONE', #2348, #4567, #4141 ) ;
#3011 = CIRCLE ( 'NONE', #583, 0.2655000000000002358 ) ;
#3012 = VERTEX_POINT ( 'NONE', #3643 ) ;
#3013 = CARTESIAN_POINT ( 'NONE',  ( -6.506889763779526881, -4.149999999999999467, -0.1249999999999997780 ) ) ;
#3014 = DIRECTION ( 'NONE',  ( -0.000000000000000000, -0.000000000000000000, -1.000000000000000000 ) ) ;
#3015 = AXIS2_PLACEMENT_3D ( 'NONE', #1269, #3402, #436 ) ;
#3016 = ORIENTED_EDGE ( 'NONE', *, *, #3066, .F. ) ;
#3017 = CARTESIAN_POINT ( 'NONE',  ( -6.125000000000000000, -2.710379740625795009, 0.8271031838164467631 ) ) ;
#3018 = VECTOR ( 'NONE', #4240, 39.37007874015748143 ) ;
#3019 = VECTOR ( 'NONE', #4036, 39.37007874015748143 ) ;
#3020 = ORIENTED_EDGE ( 'NONE', *, *, #3040, .T. ) ;
#3021 = CIRCLE ( 'NONE', #1567, 0.2654999999999999583 ) ;
#3022 = DIRECTION ( 'NONE',  ( -1.000000000000000000, -0.000000000000000000, -0.000000000000000000 ) ) ;
#3023 = FACE_BOUND ( 'NONE', #1698, .T. ) ;
#3024 = EDGE_CURVE ( 'NONE', #2748, #2365, #3011, .T. ) ;
#3025 = AXIS2_PLACEMENT_3D ( 'NONE', #3528, #897, #4313 ) ;
#3026 = LINE ( 'NONE', #3447, #1105 ) ;
#3027 = EDGE_CURVE ( 'NONE', #4879, #4335, #3223, .T. ) ;
#3028 = DIRECTION ( 'NONE',  ( 1.000000000000000000, -0.000000000000000000, -0.000000000000000000 ) ) ;
#3029 = DIRECTION ( 'NONE',  ( 0.000000000000000000, 0.000000000000000000, -1.000000000000000000 ) ) ;
#3030 = CIRCLE ( 'NONE', #2023, 0.1181102362204724116 ) ;
#3031 = VECTOR ( 'NONE', #3325, 39.37007874015748143 ) ;
#3032 = CARTESIAN_POINT ( 'NONE',  ( -6.624999999999999112, -5.955081525351289429, 2.100000000000000089 ) ) ;
#3033 = CYLINDRICAL_SURFACE ( 'NONE', #4818, 0.1181102362204725503 ) ;
#3034 = PLANE ( 'NONE',  #2905 ) ;
#3035 = EDGE_CURVE ( 'NONE', #4634, #4890, #1450, .T. ) ;
#3036 = CIRCLE ( 'NONE', #1842, 0.1181102362204724116 ) ;
#3037 = DIRECTION ( 'NONE',  ( 0.000000000000000000, 1.092739197465705130E-14, -1.000000000000000000 ) ) ;
#3038 = ORIENTED_EDGE ( 'NONE', *, *, #3373, .T. ) ;
#3039 = LINE ( 'NONE', #3008, #2929 ) ;
#3040 = EDGE_CURVE ( 'NONE', #1891, #3507, #2463, .T. ) ;
#3041 = ORIENTED_EDGE ( 'NONE', *, *, #1536, .F. ) ;
#3042 = DIRECTION ( 'NONE',  ( -0.000000000000000000, -0.000000000000000000, 1.000000000000000000 ) ) ;
#3043 = VERTEX_POINT ( 'NONE', #170 ) ;
#3044 = PLANE ( 'NONE',  #935 ) ;
#3045 = LINE ( 'NONE', #3128, #3536 ) ;
#3046 = DIRECTION ( 'NONE',  ( -1.000000000000000000, -0.000000000000000000, -0.000000000000000000 ) ) ;
#3047 = FACE_OUTER_BOUND ( 'NONE', #260, .T. ) ;
#3048 = DIRECTION ( 'NONE',  ( -0.000000000000000000, 1.000000000000000000, 0.000000000000000000 ) ) ;
#3049 = LINE ( 'NONE', #3941, #4028 ) ;
#3050 = CYLINDRICAL_SURFACE ( 'NONE', #2193, 0.2500000000000000555 ) ;
#3051 = DIRECTION ( 'NONE',  ( -1.000000000000000000, 0.000000000000000000, -0.000000000000000000 ) ) ;
#3052 = ORIENTED_EDGE ( 'NONE', *, *, #58, .T. ) ;
#3053 = ORIENTED_EDGE ( 'NONE', *, *, #515, .T. ) ;
#3054 = CARTESIAN_POINT ( 'NONE',  ( -6.125000000000000000, -2.118110236220473119, 2.100000000000000089 ) ) ;
#3055 = EDGE_CURVE ( 'NONE', #792, #3012, #3192, .T. ) ;
#3056 = ORIENTED_EDGE ( 'NONE', *, *, #954, .F. ) ;
#3057 = B_SPLINE_CURVE_WITH_KNOTS ( 'NONE', 3,
 ( #1456, #3620, #2860, #1137, #1571, #5362, #4159, #240, #4053, #4589, #4937, #711, #3252, #1491, #288, #5422 ),
 .UNSPECIFIED., .F., .F.,
 ( 4, 2, 2, 2, 2, 2, 2, 4 ),
 ( 0.004595480774133214874, 0.005009263683785692041, 0.005423046593438169208, 0.006250612412743123542, 0.006664395322395598106, 0.007078178232048074406, 0.007491961141700549838, 0.007905744051353025270 ),
 .UNSPECIFIED. ) ;
#3058 = PLANE ( 'NONE',  #4640 ) ;
#3059 = EDGE_CURVE ( 'NONE', #1608, #941, #1470, .T. ) ;
#3060 = LINE ( 'NONE', #1337, #3387 ) ;
#3061 = ORIENTED_EDGE ( 'NONE', *, *, #2128, .T. ) ;
#3062 = CARTESIAN_POINT ( 'NONE',  ( -6.125000000000000000, -3.270677038116681423, 0.2806694692302063032 ) ) ;
#3063 = ORIENTED_EDGE ( 'NONE', *, *, #1810, .T. ) ;
#3064 = FACE_OUTER_BOUND ( 'NONE', #2237, .T. ) ;
#3065 = EDGE_LOOP ( 'NONE', ( #2085, #5531, #5352, #4010 ) ) ;
#3066 = EDGE_CURVE ( 'NONE', #2598, #550, #5564, .T. ) ;
#3067 = ORIENTED_EDGE ( 'NONE', *, *, #5059, .T. ) ;
#3068 = CARTESIAN_POINT ( 'NONE',  ( -6.506889763779526881, -5.299999999999999822, 1.156889763779524349 ) ) ;
#3069 = FACE_BOUND ( 'NONE', #5364, .T. ) ;
#3070 = CARTESIAN_POINT ( 'NONE',  ( -6.624999999999999112, -6.453937009999998864, 0.7391732262204743220 ) ) ;
#3071 = LINE ( 'NONE', #4415, #2660 ) ;
#3072 = DIRECTION ( 'NONE',  ( -1.000000000000000000, -0.000000000000000000, -0.000000000000000000 ) ) ;
#3073 = EDGE_CURVE ( 'NONE', #283, #5338, #2854, .T. ) ;
#3074 = CARTESIAN_POINT ( 'NONE',  ( -6.125000000000000000, -0.9017594713191711131, 1.375000000000000000 ) ) ;
#3075 = FACE_OUTER_BOUND ( 'NONE', #1120, .T. ) ;
#3076 = AXIS2_PLACEMENT_3D ( 'NONE', #3523, #19, #4386 ) ;
#3077 = ORIENTED_EDGE ( 'NONE', *, *, #4489, .F. ) ;
#3078 = CARTESIAN_POINT ( 'NONE',  ( -6.374999999999997335, -4.503937010000000463, 0.5300000000000001377 ) ) ;
#3079 = ORIENTED_EDGE ( 'NONE', *, *, #337, .F. ) ;
#3080 = AXIS2_PLACEMENT_3D ( 'NONE', #4888, #2769, #4131 ) ;
#3081 = DIRECTION ( 'NONE',  ( 0.000000000000000000, 0.000000000000000000, 1.000000000000000000 ) ) ;
#3082 = VECTOR ( 'NONE', #4, 39.37007874015748143 ) ;
#3083 = ORIENTED_EDGE ( 'NONE', *, *, #1242, .T. ) ;
#3084 = CARTESIAN_POINT ( 'NONE',  ( -6.499999999999999112, -6.200984252499999627, 1.205412009999999867 ) ) ;
#3085 = EDGE_CURVE ( 'NONE', #987, #4130, #3248, .T. ) ;
#3086 = AXIS2_PLACEMENT_3D ( 'NONE', #1677, #335, #5010 ) ;
#3087 = CYLINDRICAL_SURFACE ( 'NONE', #5210, 0.2344000000000001083 ) ;
#3088 = EDGE_CURVE ( 'NONE', #5002, #2725, #4542, .T. ) ;
#3089 = VECTOR ( 'NONE', #1771, 39.37007874015748143 ) ;
#3090 = ORIENTED_EDGE ( 'NONE', *, *, #4297, .T. ) ;
#3091 = AXIS2_PLACEMENT_3D ( 'NONE', #5182, #3014, #2323 ) ;
#3092 = DIRECTION ( 'NONE',  ( 1.000000000000000000, 0.000000000000000000, 0.000000000000000000 ) ) ;
#3093 = ORIENTED_EDGE ( 'NONE', *, *, #2952, .F. ) ;
#3094 = CARTESIAN_POINT ( 'NONE',  ( -6.624999999999999112, -6.200984252499999627, 0.5459157475000000481 ) ) ;
#3095 = ORIENTED_EDGE ( 'NONE', *, *, #3733, .T. ) ;
#3096 = VECTOR ( 'NONE', #3970, 39.37007874015748143 ) ;
#3097 = CIRCLE ( 'NONE', #2917, 0.1004999999999996452 ) ;
#3098 = CARTESIAN_POINT ( 'NONE',  ( -6.624999999999999112, -6.799999999999999822, 0.6249999999999992228 ) ) ;
#3099 = CARTESIAN_POINT ( 'NONE',  ( -6.624999999999999112, -0.9483640558764855344, 1.054325315746391656 ) ) ;
#3100 = DIRECTION ( 'NONE',  ( -0.000000000000000000, 0.000000000000000000, 1.000000000000000000 ) ) ;
#3101 = AXIS2_PLACEMENT_3D ( 'NONE', #892, #4865, #4381 ) ;
#3102 = FACE_BOUND ( 'NONE', #975, .T. ) ;
#3103 = LINE ( 'NONE', #1765, #2215 ) ;
#3104 = ADVANCED_FACE ( 'NONE', ( #5159 ), #2073, .F. ) ;
#3105 = CARTESIAN_POINT ( 'NONE',  ( -6.243110236220472231, -5.299999999999999822, 1.875000000000000000 ) ) ;
#3106 = DIRECTION ( 'NONE',  ( 0.000000000000000000, 0.000000000000000000, -1.000000000000000000 ) ) ;
#3107 = ORIENTED_EDGE ( 'NONE', *, *, #577, .F. ) ;
#3108 = AXIS2_PLACEMENT_3D ( 'NONE', #3775, #2513, #316 ) ;
#3109 = ORIENTED_EDGE ( 'NONE', *, *, #2320, .T. ) ;
#3110 = ORIENTED_EDGE ( 'NONE', *, *, #3194, .F. ) ;
#3111 = FACE_OUTER_BOUND ( 'NONE', #5155, .T. ) ;
#3112 = COLOUR_RGB ( '',0.7921568627450980005, 0.8196078431372548767, 0.9333333333333333481 ) ;
#3113 = EDGE_LOOP ( 'NONE', ( #1421, #2035, #3679, #493 ) ) ;
#3114 = VECTOR ( 'NONE', #2053, 39.37007874015748143 ) ;
#3115 = CARTESIAN_POINT ( 'NONE',  ( 8.514999999999998792, -2.078882640153934425, 0.4931102362204723977 ) ) ;
#3116 = DIRECTION ( 'NONE',  ( 0.000000000000000000, 0.000000000000000000, -1.000000000000000000 ) ) ;
#3117 = EDGE_LOOP ( 'NONE', ( #524, #2266 ) ) ;
#3118 = VECTOR ( 'NONE', #2499, 39.37007874015748143 ) ;
#3119 = DIRECTION ( 'NONE',  ( 0.000000000000000000, 0.000000000000000000, -1.000000000000000000 ) ) ;
#3120 = ORIENTED_EDGE ( 'NONE', *, *, #911, .T. ) ;
#3121 = LINE ( 'NONE', #1420, #3921 ) ;
#3122 = APPLICATION_PROTOCOL_DEFINITION ( 'draft international standard', 'automotive_design', 1998, #3399 ) ;
#3123 = EDGE_LOOP ( 'NONE', ( #4341, #1508, #3907, #2343, #4663, #3067 ) ) ;
#3124 = EDGE_CURVE ( 'NONE', #608, #1689, #5087, .T. ) ;
#3125 = CARTESIAN_POINT ( 'NONE',  ( -6.274499999999999744, -0.5000000000000000000, 1.750000000000000000 ) ) ;
#3126 = ORIENTED_EDGE ( 'NONE', *, *, #1524, .T. ) ;
#3127 = ORIENTED_EDGE ( 'NONE', *, *, #3928, .F. ) ;
#3128 = CARTESIAN_POINT ( 'NONE',  ( -6.624999999999999112, -2.399999999999999911, -0.1249999999999999861 ) ) ;
#3129 = EDGE_CURVE ( 'NONE', #4047, #4879, #1300, .T. ) ;
#3130 = ADVANCED_FACE ( 'NONE', ( #5097 ), #3793, .T. ) ;
#3131 = CARTESIAN_POINT ( 'NONE',  ( -6.375000000000000000, -1.749999999999998446, 0.000000000000000000 ) ) ;
#3132 = VERTEX_POINT ( 'NONE', #2530 ) ;
#3133 = DIRECTION ( 'NONE',  ( -1.000000000000000000, -0.000000000000000000, -0.000000000000000000 ) ) ;
#3134 = DIRECTION ( 'NONE',  ( 0.8571673007021117785, 0.000000000000000000, 0.5150380749100550437 ) ) ;
#3135 = CARTESIAN_POINT ( 'NONE',  ( -6.624999999999999112, -1.647511745032587349, 1.163419978411005973 ) ) ;
#3136 = LINE ( 'NONE', #1852, #3734 ) ;
#3137 = EDGE_LOOP ( 'NONE', ( #4318, #445, #1893, #5442 ) ) ;
#3138 = ORIENTED_EDGE ( 'NONE', *, *, #3911, .T. ) ;
#3139 = ORIENTED_EDGE ( 'NONE', *, *, #4110, .T. ) ;
#3140 = EDGE_CURVE ( 'NONE', #3930, #648, #3843, .T. ) ;
#3141 = VERTEX_POINT ( 'NONE', #5471 ) ;
#3142 = DIRECTION ( 'NONE',  ( -1.000000000000000000, 0.000000000000000000, 0.000000000000000000 ) ) ;
#3143 = FILL_AREA_STYLE ('',( #3232 ) ) ;
#3144 = CARTESIAN_POINT ( 'NONE',  ( -6.138931664692430346, -5.361917144021248305, 1.883579823264967201 ) ) ;
#3145 = DIRECTION ( 'NONE',  ( 0.000000000000000000, 0.7382621944509717427, 0.6745138488158977097 ) ) ;
#3146 = DIRECTION ( 'NONE',  ( 0.000000000000000000, 2.312964634635743450E-15, -1.000000000000000000 ) ) ;
#3147 = ORIENTED_EDGE ( 'NONE', *, *, #1407, .T. ) ;
#3148 = LINE ( 'NONE', #163, #5098 ) ;
#3149 = EDGE_CURVE ( 'NONE', #656, #2156, #408, .T. ) ;
#3150 = EDGE_LOOP ( 'NONE', ( #5335, #3393, #1493, #1386, #3378, #3176 ) ) ;
#3151 = CARTESIAN_POINT ( 'NONE',  ( -6.125000000000000000, -2.710379740625795009, 0.8271031838164467631 ) ) ;
#3152 = EDGE_LOOP ( 'NONE', ( #1412, #752, #963, #4527 ) ) ;
#3153 = DIRECTION ( 'NONE',  ( -0.000000000000000000, 1.000000000000000000, -0.000000000000000000 ) ) ;
#3154 = DIRECTION ( 'NONE',  ( 1.000000000000000000, 0.000000000000000000, 0.000000000000000000 ) ) ;
#3155 = ORIENTED_EDGE ( 'NONE', *, *, #4769, .T. ) ;
#3156 = EDGE_CURVE ( 'NONE', #600, #5101, #3355, .T. ) ;
#3157 = DIRECTION ( 'NONE',  ( 1.000000000000000000, -0.000000000000000000, -0.000000000000000000 ) ) ;
#3158 = ADVANCED_FACE ( 'NONE', ( #5551 ), #2961, .F. ) ;
#3159 = EDGE_CURVE ( 'NONE', #1979, #2355, #390, .T. ) ;
#3160 = DIRECTION ( 'NONE',  ( 0.000000000000000000, 0.000000000000000000, 1.000000000000000000 ) ) ;
#3161 = CARTESIAN_POINT ( 'NONE',  ( -6.125000000000000000, -2.145595362918257809, 1.991663352429232869 ) ) ;
#3162 = CARTESIAN_POINT ( 'NONE',  ( -6.624999999999999112, -5.299999999999999822, 1.750000000000000000 ) ) ;
#3163 = CYLINDRICAL_SURFACE ( 'NONE', #1193, 0.1329999999999999238 ) ;
#3164 = VERTEX_POINT ( 'NONE', #2103 ) ;
#3165 = VERTEX_POINT ( 'NONE', #2018 ) ;
#3166 = DIRECTION ( 'NONE',  ( -1.000000000000000000, -0.000000000000000000, -0.000000000000000000 ) ) ;
#3167 = EDGE_CURVE ( 'NONE', #4332, #1436, #1028, .T. ) ;
#3168 = ORIENTED_EDGE ( 'NONE', *, *, #1849, .T. ) ;
#3169 = CARTESIAN_POINT ( 'NONE',  ( 8.514999999999998792, -2.062983729403350175, 0.9560338998259235721 ) ) ;
#3170 = VECTOR ( 'NONE', #1619, 39.37007874015748143 ) ;
#3171 = DIRECTION ( 'NONE',  ( 0.000000000000000000, 0.000000000000000000, -1.000000000000000000 ) ) ;
#3172 = DIRECTION ( 'NONE',  ( -1.000000000000000000, -0.000000000000000000, -0.000000000000000000 ) ) ;
#3173 = CARTESIAN_POINT ( 'NONE',  ( -6.345100503221444477, -1.596142049381357175, 1.373168390534714733 ) ) ;
#3174 = CARTESIAN_POINT ( 'NONE',  ( -6.624999999999999112, -0.05285860595646864335, -0.06842665293762123513 ) ) ;
#3175 = AXIS2_PLACEMENT_3D ( 'NONE', #4806, #516, #1295 ) ;
#3176 = ORIENTED_EDGE ( 'NONE', *, *, #4321, .F. ) ;
#3177 = FACE_OUTER_BOUND ( 'NONE', #5279, .T. ) ;
#3178 = VECTOR ( 'NONE', #2644, 39.37007874015748143 ) ;
#3179 = EDGE_CURVE ( 'NONE', #3881, #656, #5503, .T. ) ;
#3180 = ORIENTED_EDGE ( 'NONE', *, *, #164, .F. ) ;
#3181 = CARTESIAN_POINT ( 'NONE',  ( -6.506889763779526881, -2.399999999999999467, 1.505742988633818950E-17 ) ) ;
#3182 = ORIENTED_EDGE ( 'NONE', *, *, #5237, .F. ) ;
#3183 = DIMENSIONAL_EXPONENTS ( 1.000000000000000000, 0.000000000000000000, 0.000000000000000000, 0.000000000000000000, 0.000000000000000000, 0.000000000000000000, 0.000000000000000000 ) ;
#3184 = VECTOR ( 'NONE', #3920, 39.37007874015748143 ) ;
#3185 = ORIENTED_EDGE ( 'NONE', *, *, #1302, .T. ) ;
#3186 = CARTESIAN_POINT ( 'NONE',  ( -6.357000000000000206, -5.671500000000000874, 1.725000000000000311 ) ) ;
#3187 = VECTOR ( 'NONE', #4428, 39.37007874015748143 ) ;
#3188 = LENGTH_MEASURE_WITH_UNIT ( LENGTH_MEASURE( 0.02539999999999999897 ), #2702 );
#3189 = CARTESIAN_POINT ( 'NONE',  ( -6.401270416183209910, -0.4027766388464301128, 0.4169917147375853395 ) ) ;
#3190 = ORIENTED_EDGE ( 'NONE', *, *, #5079, .F. ) ;
#3191 = CARTESIAN_POINT ( 'NONE',  ( -6.375000000000000000, -0.3995000000000003548, 0.2845465500941655179 ) ) ;
#3192 = CIRCLE ( 'NONE', #2745, 0.1181102362204725503 ) ;
#3193 = DIRECTION ( 'NONE',  ( 0.000000000000000000, -1.000000000000000000, -1.224646799147353207E-16 ) ) ;
#3194 = EDGE_CURVE ( 'NONE', #165, #1989, #1826, .T. ) ;
#3195 = DIRECTION ( 'NONE',  ( 1.000000000000000000, 0.000000000000000000, 0.000000000000000000 ) ) ;
#3196 = DIRECTION ( 'NONE',  ( -1.000000000000000000, 0.000000000000000000, 0.000000000000000000 ) ) ;
#3197 = VERTEX_POINT ( 'NONE', #3094 ) ;
#3198 = VECTOR ( 'NONE', #1687, 39.37007874015748143 ) ;
#3199 = EDGE_LOOP ( 'NONE', ( #2263, #438, #821, #2105 ) ) ;
#3200 = AXIS2_PLACEMENT_3D ( 'NONE', #3633, #2790, #2765 ) ;
#3201 = ORIENTED_EDGE ( 'NONE', *, *, #4773, .T. ) ;
#3202 = ADVANCED_FACE ( 'NONE', ( #3982 ), #586, .F. ) ;
#3203 = AXIS2_PLACEMENT_3D ( 'NONE', #2946, #3000, #323 ) ;
#3204 = CARTESIAN_POINT ( 'NONE',  ( -6.375000000000000000, -0.3995000000000009099, 1.559546550094164763 ) ) ;
#3205 = DIRECTION ( 'NONE',  ( 0.000000000000000000, 1.000000000000000000, -1.445602896647337931E-16 ) ) ;
#3206 = FACE_OUTER_BOUND ( 'NONE', #1564, .T. ) ;
#3207 = ADVANCED_FACE ( 'NONE', ( #4833 ), #4197, .F. ) ;
#3208 = CARTESIAN_POINT ( 'NONE',  ( -6.125000000000000000, -1.575307679196802813, 1.375000000000000000 ) ) ;
#3209 = CIRCLE ( 'NONE', #5483, 0.1181102362204724116 ) ;
#3210 = PLANE ( 'NONE',  #1481 ) ;
#3211 = CIRCLE ( 'NONE', #2759, 0.1000000000000000194 ) ;
#3212 = ORIENTED_EDGE ( 'NONE', *, *, #3348, .F. ) ;
#3213 = CARTESIAN_POINT ( 'NONE',  ( -6.624999999999999112, -6.799999999999999822, 0.3749999999999988898 ) ) ;
#3214 = CIRCLE ( 'NONE', #3858, 0.1329999999999999238 ) ;
#3215 = AXIS2_PLACEMENT_3D ( 'NONE', #3372, #2974, #4740 ) ;
#3216 = ORIENTED_EDGE ( 'NONE', *, *, #3059, .T. ) ;
#3217 = CARTESIAN_POINT ( 'NONE',  ( -6.125000000000000000, -1.195882546459554163, 1.050000000000000044 ) ) ;
#3218 = ORIENTED_EDGE ( 'NONE', *, *, #3440, .T. ) ;
#3219 = CARTESIAN_POINT ( 'NONE',  ( -6.302470375201529862, -4.573827545010974660, 0.3838246586430694163 ) ) ;
#3220 = EDGE_CURVE ( 'NONE', #1780, #5034, #916, .T. ) ;
#3221 = ORIENTED_EDGE ( 'NONE', *, *, #2046, .T. ) ;
#3222 = LINE ( 'NONE', #4959, #4898 ) ;
#3223 = LINE ( 'NONE', #4498, #1294 ) ;
#3224 = VERTEX_POINT ( 'NONE', #1402 ) ;
#3225 = DIRECTION ( 'NONE',  ( -0.000000000000000000, 1.000000000000000000, -0.000000000000000000 ) ) ;
#3226 = CYLINDRICAL_SURFACE ( 'NONE', #3570, 0.1181102362204725503 ) ;
#3227 = DIRECTION ( 'NONE',  ( -1.000000000000000000, 0.000000000000000000, 0.000000000000000000 ) ) ;
#3228 = CARTESIAN_POINT ( 'NONE',  ( -6.624999999999999112, -0.7460099012317158440, 0.8328466574111003107 ) ) ;
#3229 = EDGE_CURVE ( 'NONE', #204, #2289, #4748, .T. ) ;
#3230 = ORIENTED_EDGE ( 'NONE', *, *, #548, .F. ) ;
#3231 = LINE ( 'NONE', #4111, #5215 ) ;
#3232 = FILL_AREA_STYLE_COLOUR ( '', #3112 ) ;
#3233 = DIRECTION ( 'NONE',  ( -1.000000000000000000, 0.000000000000000000, 0.000000000000000000 ) ) ;
#3234 =( NAMED_UNIT ( * ) PLANE_ANGLE_UNIT ( ) SI_UNIT ( $, .RADIAN. ) );
#3235 = DIRECTION ( 'NONE',  ( 0.000000000000000000, 0.000000000000000000, 1.000000000000000000 ) ) ;
#3236 = PLANE ( 'NONE',  #4944 ) ;
#3237 = EDGE_CURVE ( 'NONE', #5078, #987, #2222, .T. ) ;
#3238 = EDGE_CURVE ( 'NONE', #619, #1919, #5385, .T. ) ;
#3239 = ORIENTED_EDGE ( 'NONE', *, *, #2290, .T. ) ;
#3240 = DIRECTION ( 'NONE',  ( -1.000000000000000000, -0.000000000000000000, -0.000000000000000000 ) ) ;
#3241 = ORIENTED_EDGE ( 'NONE', *, *, #652, .F. ) ;
#3242 = CARTESIAN_POINT ( 'NONE',  ( -6.375000000000000000, -4.093708647585820870, 1.056212681170878964 ) ) ;
#3243 = ORIENTED_EDGE ( 'NONE', *, *, #1399, .F. ) ;
#3244 = DIRECTION ( 'NONE',  ( -1.000000000000000000, -0.000000000000000000, -0.000000000000000000 ) ) ;
#3245 = EDGE_LOOP ( 'NONE', ( #449, #4591, #4958, #5461, #4639, #4366 ) ) ;
#3246 = DIRECTION ( 'NONE',  ( -0.000000000000000000, -0.000000000000000000, 1.000000000000000000 ) ) ;
#3247 = VERTEX_POINT ( 'NONE', #2671 ) ;
#3248 = LINE ( 'NONE', #3586, #5205 ) ;
#3249 = ORIENTED_EDGE ( 'NONE', *, *, #3886, .F. ) ;
#3250 = ADVANCED_FACE ( 'NONE', ( #1727 ), #3470, .F. ) ;
#3251 = CARTESIAN_POINT ( 'NONE',  ( -6.475499999999999368, -1.499999999999998446, 1.375000000000000000 ) ) ;
#3252 = CARTESIAN_POINT ( 'NONE',  ( -6.395016009705739357, -0.4014046176535741584, 0.1980964593183958677 ) ) ;
#3253 = ORIENTED_EDGE ( 'NONE', *, *, #5397, .F. ) ;
#3254 = ORIENTED_EDGE ( 'NONE', *, *, #4051, .F. ) ;
#3255 = ADVANCED_FACE ( 'NONE', ( #52 ), #3044, .T. ) ;
#3256 = CARTESIAN_POINT ( 'NONE',  ( -6.274499999999999744, -1.499999999999998446, 1.750000000000000000 ) ) ;
#3257 = LINE ( 'NONE', #638, #4376 ) ;
#3258 = CARTESIAN_POINT ( 'NONE',  ( -6.506889763779526881, -2.518110236220472586, -0.1249999999999999029 ) ) ;
#3259 = CARTESIAN_POINT ( 'NONE',  ( -6.125000000000000000, 0.000000000000000000, 0.000000000000000000 ) ) ;
#3260 = ORIENTED_EDGE ( 'NONE', *, *, #672, .F. ) ;
#3261 = PLANE ( 'NONE',  #4562 ) ;
#3262 = DIRECTION ( 'NONE',  ( -1.000000000000000000, -0.000000000000000000, -0.000000000000000000 ) ) ;
#3263 = AXIS2_PLACEMENT_3D ( 'NONE', #4642, #842, #3797 ) ;
#3264 = CARTESIAN_POINT ( 'NONE',  ( -4.433018566799289850, -2.437348131156654940, 0.3359494813139316527 ) ) ;
#3265 = EDGE_CURVE ( 'NONE', #730, #2160, #5218, .T. ) ;
#3266 = VERTEX_POINT ( 'NONE', #3125 ) ;
#3267 = DIRECTION ( 'NONE',  ( 1.000000000000000000, 0.000000000000000000, 0.000000000000000000 ) ) ;
#3268 = ADVANCED_FACE ( 'NONE', ( #3064 ), #2612, .F. ) ;
#3269 = CARTESIAN_POINT ( 'NONE',  ( -6.125000000000000000, -2.710379740625795009, 1.092603183816446721 ) ) ;
#3270 = ORIENTED_EDGE ( 'NONE', *, *, #3238, .F. ) ;
#3271 = CARTESIAN_POINT ( 'NONE',  ( -6.243110236220472231, -4.149999999999999467, 2.143131898507867804E-16 ) ) ;
#3272 = ORIENTED_EDGE ( 'NONE', *, *, #2965, .T. ) ;
#3273 = DIRECTION ( 'NONE',  ( 0.000000000000000000, 0.000000000000000000, 1.000000000000000000 ) ) ;
#3274 = EDGE_CURVE ( 'NONE', #584, #2950, #2645, .T. ) ;
#3275 = VECTOR ( 'NONE', #1644, 39.37007874015748143 ) ;
#3276 = VECTOR ( 'NONE', #2989, 39.37007874015748143 ) ;
#3277 = CARTESIAN_POINT ( 'NONE',  ( -6.125000000000000000, -0.7815019475124876935, 0.7194124950219528136 ) ) ;
#3278 = LINE ( 'NONE', #5395, #5194 ) ;
#3279 = EDGE_LOOP ( 'NONE', ( #1643, #2525 ) ) ;
#3280 = ORIENTED_EDGE ( 'NONE', *, *, #4897, .F. ) ;
#3281 = VECTOR ( 'NONE', #4424, 39.37007874015748143 ) ;
#3282 = VECTOR ( 'NONE', #2402, 39.37007874015748143 ) ;
#3283 = EDGE_CURVE ( 'NONE', #2187, #2286, #454, .T. ) ;
#3284 = CARTESIAN_POINT ( 'NONE',  ( -6.624999999999999112, -1.616638072028670825, 0.6849148370861219970 ) ) ;
#3285 = DIRECTION ( 'NONE',  ( -0.000000000000000000, -0.000000000000000000, -1.000000000000000000 ) ) ;
#3286 = DIRECTION ( 'NONE',  ( -1.000000000000000000, -0.000000000000000000, -0.000000000000000000 ) ) ;
#3287 = VECTOR ( 'NONE', #1217, 39.37007874015748143 ) ;
#3288 = DIRECTION ( 'NONE',  ( 1.000000000000000000, 0.000000000000000000, 0.000000000000000000 ) ) ;
#3289 = DIRECTION ( 'NONE',  ( 0.000000000000000000, 0.6745138488158975987, -0.7382621944509718537 ) ) ;
#3290 = CIRCLE ( 'NONE', #594, 0.1329999999999999238 ) ;
#3291 = VECTOR ( 'NONE', #1781, 39.37007874015748143 ) ;
#3292 = LINE ( 'NONE', #1922, #3551 ) ;
#3293 = ORIENTED_EDGE ( 'NONE', *, *, #2915, .F. ) ;
#3294 = FACE_OUTER_BOUND ( 'NONE', #3753, .T. ) ;
#3295 = AXIS2_PLACEMENT_3D ( 'NONE', #2295, #4032, #2349 ) ;
#3296 = AXIS2_PLACEMENT_3D ( 'NONE', #5073, #402, #3364 ) ;
#3297 = CARTESIAN_POINT ( 'NONE',  ( -6.382906636873471484, -4.604419094331944073, 0.3638445821797332558 ) ) ;
#3298 = AXIS2_PLACEMENT_3D ( 'NONE', #1737, #1379, #3482 ) ;
#3299 = EDGE_LOOP ( 'NONE', ( #2779, #997 ) ) ;
#3300 = AXIS2_PLACEMENT_3D ( 'NONE', #1212, #2112, #5140 ) ;
#3301 = EDGE_CURVE ( 'NONE', #941, #726, #4779, .T. ) ;
#3302 = DIRECTION ( 'NONE',  ( 0.000000000000000000, 0.000000000000000000, 1.000000000000000000 ) ) ;
#3303 = ORIENTED_EDGE ( 'NONE', *, *, #2405, .F. ) ;
#3304 = CARTESIAN_POINT ( 'NONE',  ( -6.499999999999999112, -6.200984252499999627, 1.439812010000000031 ) ) ;
#3305 = CIRCLE ( 'NONE', #3397, 0.05905511811023627516 ) ;
#3306 = EDGE_CURVE ( 'NONE', #3513, #1308, #4742, .T. ) ;
#3307 = EDGE_CURVE ( 'NONE', #3349, #1559, #4465, .T. ) ;
#3308 = LINE ( 'NONE', #4725, #1272 ) ;
#3309 = LINE ( 'NONE', #2803, #3461 ) ;
#3310 = ORIENTED_EDGE ( 'NONE', *, *, #4019, .T. ) ;
#3311 = CARTESIAN_POINT ( 'NONE',  ( -6.125000000000000000, -1.608160576404186637, 0.5217923160565421936 ) ) ;
#3312 = CARTESIAN_POINT ( 'NONE',  ( -6.125000000000000000, -3.631889763779527769, 1.874999999999999778 ) ) ;
#3313 = CARTESIAN_POINT ( 'NONE',  ( -6.243110236220472231, -2.118110236220472675, 1.749999999999999556 ) ) ;
#3314 = LINE ( 'NONE', #4538, #217 ) ;
#3315 = ORIENTED_EDGE ( 'NONE', *, *, #3939, .F. ) ;
#3316 = EDGE_CURVE ( 'NONE', #1308, #3513, #4020, .T. ) ;
#3317 = DIRECTION ( 'NONE',  ( 0.000000000000000000, 0.000000000000000000, -1.000000000000000000 ) ) ;
#3318 = DIRECTION ( 'NONE',  ( 0.000000000000000000, 0.6794080314983046431, -0.7337606740181698006 ) ) ;
#3319 = CARTESIAN_POINT ( 'NONE',  ( -6.506889763779526881, 0.4999999999999996114, 0.4749999999999997002 ) ) ;
#3320 = ORIENTED_EDGE ( 'NONE', *, *, #3542, .T. ) ;
#3321 = FACE_OUTER_BOUND ( 'NONE', #654, .T. ) ;
#3322 = EDGE_LOOP ( 'NONE', ( #5231, #4026, #2389, #4669 ) ) ;
#3323 = EDGE_CURVE ( 'NONE', #336, #2789, #137, .T. ) ;
#3324 = ORIENTED_EDGE ( 'NONE', *, *, #3149, .F. ) ;
#3325 = DIRECTION ( 'NONE',  ( 0.000000000000000000, 6.829619984160658046E-17, -1.000000000000000000 ) ) ;
#3326 = DIRECTION ( 'NONE',  ( 1.000000000000000000, 0.000000000000000000, 0.000000000000000000 ) ) ;
#3327 = FACE_BOUND ( 'NONE', #14, .T. ) ;
#3328 = EDGE_LOOP ( 'NONE', ( #1367, #5573, #543, #782 ) ) ;
#3329 = CARTESIAN_POINT ( 'NONE',  ( -6.624999999999999112, -6.200984252499999627, 1.314812009999999587 ) ) ;
#3330 = ORIENTED_EDGE ( 'NONE', *, *, #4558, .T. ) ;
#3331 = DIRECTION ( 'NONE',  ( 0.000000000000000000, 0.000000000000000000, 1.000000000000000000 ) ) ;
#3332 = CYLINDRICAL_SURFACE ( 'NONE', #2831, 0.1181102362204724116 ) ;
#3333 = EDGE_CURVE ( 'NONE', #5527, #3433, #4382, .T. ) ;
#3334 = ORIENTED_EDGE ( 'NONE', *, *, #4143, .F. ) ;
#3335 = EDGE_CURVE ( 'NONE', #7, #1780, #3674, .T. ) ;
#3336 = CARTESIAN_POINT ( 'NONE',  ( -6.624999999999999112, -2.463535137063221914, 1.031590137238388438 ) ) ;
#3337 = DIRECTION ( 'NONE',  ( 0.000000000000000000, 0.000000000000000000, -1.000000000000000000 ) ) ;
#3338 = FACE_OUTER_BOUND ( 'NONE', #5092, .T. ) ;
#3339 = FACE_OUTER_BOUND ( 'NONE', #1476, .T. ) ;
#3340 = VERTEX_POINT ( 'NONE', #134 ) ;
#3341 = CARTESIAN_POINT ( 'NONE',  ( -6.451591477660941543, -1.684047446819480820, 0.3811414791921720613 ) ) ;
#3342 = CARTESIAN_POINT ( 'NONE',  ( 8.514999999999998792, -6.064173226220472834, 1.010826773779529120 ) ) ;
#3343 = DIRECTION ( 'NONE',  ( -1.000000000000000000, -0.000000000000000000, -0.000000000000000000 ) ) ;
#3344 = ORIENTED_EDGE ( 'NONE', *, *, #4286, .F. ) ;
#3345 = CARTESIAN_POINT ( 'NONE',  ( -6.125000000000000000, -7.549999999999999822, 2.099999999999999645 ) ) ;
#3346 = FACE_OUTER_BOUND ( 'NONE', #574, .T. ) ;
#3347 = ORIENTED_EDGE ( 'NONE', *, *, #351, .F. ) ;
#3348 = EDGE_CURVE ( 'NONE', #31, #5069, #2470, .T. ) ;
#3349 = VERTEX_POINT ( 'NONE', #1475 ) ;
#3350 = FACE_OUTER_BOUND ( 'NONE', #3245, .T. ) ;
#3351 = FACE_OUTER_BOUND ( 'NONE', #89, .T. ) ;
#3352 = CARTESIAN_POINT ( 'NONE',  ( -6.125000000000000000, -5.799999999999998934, 1.725000000000000311 ) ) ;
#3353 = VECTOR ( 'NONE', #658, 39.37007874015748143 ) ;
#3354 = ORIENTED_EDGE ( 'NONE', *, *, #1834, .T. ) ;
#3355 = LINE ( 'NONE', #2444, #3018 ) ;
#3356 = VECTOR ( 'NONE', #2795, 39.37007874015748143 ) ;
#3357 = VERTEX_POINT ( 'NONE', #258 ) ;
#3358 = FACE_OUTER_BOUND ( 'NONE', #4778, .T. ) ;
#3359 = VECTOR ( 'NONE', #4763, 39.37007874015748143 ) ;
#3360 = CARTESIAN_POINT ( 'NONE',  ( -6.125000000000000000, 2.652276394531333236E-16, 0.4749999999999997002 ) ) ;
#3361 = ORIENTED_EDGE ( 'NONE', *, *, #3870, .T. ) ;
#3362 = CIRCLE ( 'NONE', #920, 0.1004999999999996452 ) ;
#3363 = EDGE_CURVE ( 'NONE', #4883, #4064, #1422, .T. ) ;
#3364 = DIRECTION ( 'NONE',  ( 0.000000000000000000, 0.000000000000000000, 1.000000000000000000 ) ) ;
#3365 = CARTESIAN_POINT ( 'NONE',  ( -6.125000000000000000, -0.3750000000000002220, 2.100000000000000089 ) ) ;
#3366 = CARTESIAN_POINT ( 'NONE',  ( -6.125000000000000000, 0.000000000000000000, 0.000000000000000000 ) ) ;
#3367 = EDGE_CURVE ( 'NONE', #5101, #1251, #998, .T. ) ;
#3368 = CARTESIAN_POINT ( 'NONE',  ( -6.375000000000000000, -0.3995000000000009099, 1.559546550094164763 ) ) ;
#3369 = DIRECTION ( 'NONE',  ( 0.000000000000000000, 0.000000000000000000, 1.000000000000000000 ) ) ;
#3370 = AXIS2_PLACEMENT_3D ( 'NONE', #464, #3485, #3593 ) ;
#3371 = CARTESIAN_POINT ( 'NONE',  ( -6.125000000000000000, -4.388095171572808262, 3.280481287348297581 ) ) ;
#3372 = CARTESIAN_POINT ( 'NONE',  ( -6.375000000000000000, 0.000000000000000000, 0.2375000000000014322 ) ) ;
#3373 = EDGE_CURVE ( 'NONE', #2313, #1279, #4981, .T. ) ;
#3374 = CIRCLE ( 'NONE', #2382, 0.1181102362204725503 ) ;
#3375 = VECTOR ( 'NONE', #4435, 39.37007874015748143 ) ;
#3376 = DIRECTION ( 'NONE',  ( -0.000000000000000000, 1.000000000000000000, -0.000000000000000000 ) ) ;
#3377 = EDGE_CURVE ( 'NONE', #2611, #2365, #1925, .T. ) ;
#3378 = ORIENTED_EDGE ( 'NONE', *, *, #1086, .T. ) ;
#3379 = CARTESIAN_POINT ( 'NONE',  ( -6.624999999999999112, -2.431654971802257315, 0.9460186861186288265 ) ) ;
#3380 = DIRECTION ( 'NONE',  ( 0.000000000000000000, 0.000000000000000000, 1.000000000000000000 ) ) ;
#3381 = AXIS2_PLACEMENT_3D ( 'NONE', #2045, #787, #2479 ) ;
#3382 = ORIENTED_EDGE ( 'NONE', *, *, #1428, .F. ) ;
#3383 = EDGE_LOOP ( 'NONE', ( #5518, #3622, #1867 ) ) ;
#3384 = DIRECTION ( 'NONE',  ( -1.000000000000000000, -0.000000000000000000, -0.000000000000000000 ) ) ;
#3385 = CARTESIAN_POINT ( 'NONE',  ( -6.125000000000000000, -0.6690297976789886247, 0.4931102362204723977 ) ) ;
#3386 = AXIS2_PLACEMENT_3D ( 'NONE', #1220, #4682, #3317 ) ;
#3387 = VECTOR ( 'NONE', #3954, 39.37007874015748143 ) ;
#3388 = CARTESIAN_POINT ( 'NONE',  ( -6.624999999999999112, -2.537323266877324013, 0.2731989520279352601 ) ) ;
#3389 = ORIENTED_EDGE ( 'NONE', *, *, #777, .F. ) ;
#3390 = CARTESIAN_POINT ( 'NONE',  ( -6.276334534757478600, -0.4797986259397680198, 0.3755785194864378895 ) ) ;
#3391 = EDGE_CURVE ( 'NONE', #103, #591, #1132, .T. ) ;
#3392 = CIRCLE ( 'NONE', #4119, 0.1250000000000004441 ) ;
#3393 = ORIENTED_EDGE ( 'NONE', *, *, #5504, .T. ) ;
#3394 = DIRECTION ( 'NONE',  ( -1.000000000000000000, -0.000000000000000000, -0.000000000000000000 ) ) ;
#3395 = AXIS2_PLACEMENT_3D ( 'NONE', #4846, #958, #2681 ) ;
#3396 = PLANE ( 'NONE',  #4102 ) ;
#3397 = AXIS2_PLACEMENT_3D ( 'NONE', #744, #3001, #5566 ) ;
#3398 = DIRECTION ( 'NONE',  ( 0.000000000000000000, 0.000000000000000000, 1.000000000000000000 ) ) ;
#3399 = APPLICATION_CONTEXT ( 'automotive_design' ) ;
#3400 = DIRECTION ( 'NONE',  ( -0.000000000000000000, 1.000000000000000000, -1.561055996379578982E-16 ) ) ;
#3401 = CARTESIAN_POINT ( 'NONE',  ( -6.375000000000000000, -3.810379740625795542, 0.7318822026927611635 ) ) ;
#3402 = DIRECTION ( 'NONE',  ( -1.000000000000000000, -0.000000000000000000, -0.000000000000000000 ) ) ;
#3403 = LINE ( 'NONE', #1186, #483 ) ;
#3404 = EDGE_LOOP ( 'NONE', ( #5405, #5249, #5603, #1488 ) ) ;
#3405 = LINE ( 'NONE', #2058, #5091 ) ;
#3406 = CARTESIAN_POINT ( 'NONE',  ( -6.125000000000000000, -3.270677038116681423, 0.5461694692302064835 ) ) ;
#3407 = DIRECTION ( 'NONE',  ( 0.000000000000000000, -2.689493738687667823E-16, -1.000000000000000000 ) ) ;
#3408 = LINE ( 'NONE', #5120, #2637 ) ;
#3409 = ORIENTED_EDGE ( 'NONE', *, *, #1018, .F. ) ;
#3410 = CYLINDRICAL_SURFACE ( 'NONE', #1395, 0.1000000000000000194 ) ;
#3411 = EDGE_CURVE ( 'NONE', #1896, #1364, #2390, .T. ) ;
#3412 = EDGE_CURVE ( 'NONE', #713, #4444, #3021, .T. ) ;
#3413 = ORIENTED_EDGE ( 'NONE', *, *, #2435, .F. ) ;
#3414 = VERTEX_POINT ( 'NONE', #645 ) ;
#3415 = DIRECTION ( 'NONE',  ( 0.000000000000000000, 9.313118160219072879E-17, -1.000000000000000000 ) ) ;
#3416 = DIRECTION ( 'NONE',  ( 0.000000000000000000, -1.000000000000000000, -1.349060737611981508E-16 ) ) ;
#3417 = ORIENTED_EDGE ( 'NONE', *, *, #4558, .F. ) ;
#3418 = CARTESIAN_POINT ( 'NONE',  ( -6.368128384088028504, -4.433363323149814406, 0.5479823321777519407 ) ) ;
#3419 = ORIENTED_EDGE ( 'NONE', *, *, #448, .F. ) ;
#3420 = FACE_OUTER_BOUND ( 'NONE', #5446, .T. ) ;
#3421 = CYLINDRICAL_SURFACE ( 'NONE', #221, 0.1329999999999999238 ) ;
#3422 = ORIENTED_EDGE ( 'NONE', *, *, #1597, .F. ) ;
#3423 = DIRECTION ( 'NONE',  ( 0.000000000000000000, 0.9994107467479923512, -0.03432432496962165014 ) ) ;
#3424 = DIRECTION ( 'NONE',  ( 0.000000000000000000, 5.782411586589358822E-15, -1.000000000000000000 ) ) ;
#3425 = CARTESIAN_POINT ( 'NONE',  ( -6.375000000000000000, 0.000000000000000000, 0.3170000000000015028 ) ) ;
#3426 = CARTESIAN_POINT ( 'NONE',  ( -6.342821265086887372, -0.4047772167050071035, 1.491105011212160658 ) ) ;
#3427 = VERTEX_POINT ( 'NONE', #3217 ) ;
#3428 = FACE_BOUND ( 'NONE', #2213, .T. ) ;
#3429 = CARTESIAN_POINT ( 'NONE',  ( -6.624999999999999112, -5.799999999999998934, 1.725000000000000311 ) ) ;
#3430 = DIRECTION ( 'NONE',  ( 1.000000000000000000, 0.000000000000000000, 0.000000000000000000 ) ) ;
#3431 = ADVANCED_FACE ( 'NONE', ( #4918, #2726 ), #1890, .F. ) ;
#3432 = CARTESIAN_POINT ( 'NONE',  ( -6.125000000000000000, -1.195882546459554163, 0.6250000000000000000 ) ) ;
#3433 = VERTEX_POINT ( 'NONE', #1866 ) ;
#3434 = CARTESIAN_POINT ( 'NONE',  ( -6.375000000000000000, -2.463535137063221914, 1.031590137238388438 ) ) ;
#3435 = CARTESIAN_POINT ( 'NONE',  ( 8.514999999999998792, -0.5727772262380982360, 0.9911208305014825859 ) ) ;
#3436 = ORIENTED_EDGE ( 'NONE', *, *, #5330, .F. ) ;
#3437 = DIRECTION ( 'NONE',  ( 0.000000000000000000, 0.000000000000000000, 1.000000000000000000 ) ) ;
#3438 = DIRECTION ( 'NONE',  ( -1.000000000000000000, 0.000000000000000000, 0.000000000000000000 ) ) ;
#3439 = VERTEX_POINT ( 'NONE', #3242 ) ;
#3440 = EDGE_CURVE ( 'NONE', #5034, #192, #4025, .T. ) ;
#3441 = CARTESIAN_POINT ( 'NONE',  ( 8.514999999999998792, -2.181024368783034184, 0.9600879539561937293 ) ) ;
#3442 = ORIENTED_EDGE ( 'NONE', *, *, #272, .T. ) ;
#3443 = VECTOR ( 'NONE', #1568, 39.37007874015748143 ) ;
#3444 = DIRECTION ( 'NONE',  ( 1.000000000000000000, -0.000000000000000000, -0.000000000000000000 ) ) ;
#3445 = ADVANCED_FACE ( 'NONE', ( #620 ), #5380, .F. ) ;
#3446 = FACE_OUTER_BOUND ( 'NONE', #4553, .T. ) ;
#3447 = CARTESIAN_POINT ( 'NONE',  ( -6.125000000000000000, -2.518110236220467701, 2.099999999999993872 ) ) ;
#3448 = VECTOR ( 'NONE', #3153, 39.37007874015748143 ) ;
#3449 = PLANE ( 'NONE',  #5304 ) ;
#3450 = DIRECTION ( 'NONE',  ( 1.000000000000000000, 0.000000000000000000, 0.000000000000000000 ) ) ;
#3451 = PLANE ( 'NONE',  #759 ) ;
#3452 = CARTESIAN_POINT ( 'NONE',  ( -6.125000000000000000, -3.810379740625795542, 1.130382202692761240 ) ) ;
#3453 = ORIENTED_EDGE ( 'NONE', *, *, #4363, .T. ) ;
#3454 = CARTESIAN_POINT ( 'NONE',  ( -6.624999999999999112, -6.200984252499999627, 1.439812010000000031 ) ) ;
#3455 = AXIS2_PLACEMENT_3D ( 'NONE', #4929, #3157, #2338 ) ;
#3456 = EDGE_CURVE ( 'NONE', #5338, #5154, #2356, .T. ) ;
#3457 = VECTOR ( 'NONE', #3416, 39.37007874015748143 ) ;
#3458 = CARTESIAN_POINT ( 'NONE',  ( -6.125000000000000000, -0.5727772262380975699, 0.9911208305014824749 ) ) ;
#3459 = DIRECTION ( 'NONE',  ( -1.000000000000000000, -0.000000000000000000, -0.000000000000000000 ) ) ;
#3460 = AXIS2_PLACEMENT_3D ( 'NONE', #882, #494, #5280 ) ;
#3461 = VECTOR ( 'NONE', #1987, 39.37007874015748143 ) ;
#3462 = EDGE_LOOP ( 'NONE', ( #4166, #2096, #2505, #2582 ) ) ;
#3463 = DIRECTION ( 'NONE',  ( 1.000000000000000000, 0.000000000000000000, 0.000000000000000000 ) ) ;
#3464 = CARTESIAN_POINT ( 'NONE',  ( -6.125000000000000000, -5.799999999999998934, 1.725000000000000311 ) ) ;
#3465 = AXIS2_PLACEMENT_3D ( 'NONE', #5255, #2718, #3539 ) ;
#3466 = VERTEX_POINT ( 'NONE', #1032 ) ;
#3467 = DIRECTION ( 'NONE',  ( -1.000000000000000000, -0.000000000000000000, -0.000000000000000000 ) ) ;
#3468 = CARTESIAN_POINT ( 'NONE',  ( -6.624999999999999112, -6.200984252499999627, 1.439812010000000031 ) ) ;
#3469 = ORIENTED_EDGE ( 'NONE', *, *, #172, .T. ) ;
#3470 = CYLINDRICAL_SURFACE ( 'NONE', #39, 0.1004999999999996452 ) ;
#3471 = ORIENTED_EDGE ( 'NONE', *, *, #2065, .T. ) ;
#3472 = AXIS2_PLACEMENT_3D ( 'NONE', #1156, #4697, #2877 ) ;
#3473 = AXIS2_PLACEMENT_3D ( 'NONE', #4771, #2688, #3003 ) ;
#3474 = ORIENTED_EDGE ( 'NONE', *, *, #5253, .F. ) ;
#3475 = VECTOR ( 'NONE', #1063, 39.37007874015748143 ) ;
#3476 = DIRECTION ( 'NONE',  ( 0.000000000000000000, 0.000000000000000000, 1.000000000000000000 ) ) ;
#3477 = CYLINDRICAL_SURFACE ( 'NONE', #2194, 0.1004999999999996452 ) ;
#3478 = AXIS2_PLACEMENT_3D ( 'NONE', #1544, #3286, #2381 ) ;
#3479 = ADVANCED_FACE ( 'NONE', ( #4094 ), #3751, .F. ) ;
#3480 = CIRCLE ( 'NONE', #862, 0.1004999999999996452 ) ;
#3481 = FACE_OUTER_BOUND ( 'NONE', #2331, .T. ) ;
#3482 = DIRECTION ( 'NONE',  ( 0.000000000000000000, 5.782411586589358625E-16, 1.000000000000000000 ) ) ;
#3483 = VECTOR ( 'NONE', #5391, 39.37007874015748143 ) ;
#3484 = DIRECTION ( 'NONE',  ( 0.000000000000000000, 8.673617379884037050E-15, -1.000000000000000000 ) ) ;
#3485 = DIRECTION ( 'NONE',  ( 1.000000000000000000, 0.000000000000000000, 0.000000000000000000 ) ) ;
#3486 = ORIENTED_EDGE ( 'NONE', *, *, #2184, .F. ) ;
#3487 = ORIENTED_EDGE ( 'NONE', *, *, #5001, .F. ) ;
#3488 = CYLINDRICAL_SURFACE ( 'NONE', #2090, 0.1181102362204725503 ) ;
#3489 = DIRECTION ( 'NONE',  ( -1.000000000000000000, 0.000000000000000000, 0.000000000000000000 ) ) ;
#3490 = LINE ( 'NONE', #40, #3281 ) ;
#3491 = EDGE_CURVE ( 'NONE', #4928, #2180, #2204, .T. ) ;
#3492 = DIRECTION ( 'NONE',  ( 0.000000000000000000, 0.000000000000000000, -1.000000000000000000 ) ) ;
#3493 = ORIENTED_EDGE ( 'NONE', *, *, #2170, .T. ) ;
#3494 = CARTESIAN_POINT ( 'NONE',  ( -6.624999999999999112, -6.455905511811023345, -3.414809992080329023E-17 ) ) ;
#3495 = CIRCLE ( 'NONE', #5235, 0.2249999999999999223 ) ;
#3496 = ORIENTED_EDGE ( 'NONE', *, *, #3024, .T. ) ;
#3497 = DIRECTION ( 'NONE',  ( 0.000000000000000000, 0.000000000000000000, 1.000000000000000000 ) ) ;
#3498 = EDGE_CURVE ( 'NONE', #1713, #608, #2428, .T. ) ;
#3499 = DIRECTION ( 'NONE',  ( 1.000000000000000000, 0.000000000000000000, 0.000000000000000000 ) ) ;
#3500 = LINE ( 'NONE', #4334, #3648 ) ;
#3501 = DIRECTION ( 'NONE',  ( 0.000000000000000000, 0.000000000000000000, 1.000000000000000000 ) ) ;
#3502 = FACE_BOUND ( 'NONE', #3668, .T. ) ;
#3503 = DIRECTION ( 'NONE',  ( 0.000000000000000000, 0.000000000000000000, -1.000000000000000000 ) ) ;
#3504 = CARTESIAN_POINT ( 'NONE',  ( -6.624999999999999112, -6.335826773779526633, 1.128937010000001573 ) ) ;
#3505 = CARTESIAN_POINT ( 'NONE',  ( -6.125000000000000000, -1.477966348419492704, 1.032448596258577656 ) ) ;
#3506 = EDGE_LOOP ( 'NONE', ( #3550, #1474 ) ) ;
#3507 = VERTEX_POINT ( 'NONE', #4602 ) ;
#3508 = DIRECTION ( 'NONE',  ( 1.000000000000000000, 0.000000000000000000, 0.000000000000000000 ) ) ;
#3509 = EDGE_LOOP ( 'NONE', ( #4408, #5012, #5009, #496 ) ) ;
#3510 = CARTESIAN_POINT ( 'NONE',  ( -6.374999999999998224, -0.5000000000000000000, 1.219999999999999751 ) ) ;
#3511 = CARTESIAN_POINT ( 'NONE',  ( -6.375000000000000000, -1.195882546459554163, 0.6250000000000000000 ) ) ;
#3512 = EDGE_CURVE ( 'NONE', #2333, #3972, #1211, .T. ) ;
#3513 = VERTEX_POINT ( 'NONE', #1638 ) ;
#3514 = CARTESIAN_POINT ( 'NONE',  ( -6.624999999999999112, -2.196923279533618434, 0.4971642903507426103 ) ) ;
#3515 = DIRECTION ( 'NONE',  ( -1.000000000000000000, -0.000000000000000000, -0.000000000000000000 ) ) ;
#3516 = ORIENTED_EDGE ( 'NONE', *, *, #3456, .T. ) ;
#3517 = CARTESIAN_POINT ( 'NONE',  ( 8.514999999999998792, -0.4931102362204725087, 0.4931102362204723977 ) ) ;
#3518 = VERTEX_POINT ( 'NONE', #2093 ) ;
#3519 = DIRECTION ( 'NONE',  ( 0.000000000000000000, 1.000000000000000000, -4.268512490100410416E-16 ) ) ;
#3520 = ORIENTED_EDGE ( 'NONE', *, *, #5209, .F. ) ;
#3521 = ADVANCED_FACE ( 'NONE', ( #1671 ), #3410, .T. ) ;
#3522 = VERTEX_POINT ( 'NONE', #5151 ) ;
#3523 = CARTESIAN_POINT ( 'NONE',  ( -6.375000000000000000, -4.042613218174444079, 1.085822883268820149 ) ) ;
#3524 = FACE_BOUND ( 'NONE', #4781, .T. ) ;
#3525 = PLANE ( 'NONE',  #4452 ) ;
#3526 = CIRCLE ( 'NONE', #2079, 0.1181102362204724116 ) ;
#3527 = CARTESIAN_POINT ( 'NONE',  ( -6.274499999999997968, -4.503937010000000463, -4.892463962593665846E-17 ) ) ;
#3528 = CARTESIAN_POINT ( 'NONE',  ( -6.375000000000000000, -6.799999999999999822, 0.6249999999999992228 ) ) ;
#3529 = FACE_OUTER_BOUND ( 'NONE', #353, .T. ) ;
#3530 = CARTESIAN_POINT ( 'NONE',  ( -6.125000000000000000, -5.799999999999998934, 1.725000000000000311 ) ) ;
#3531 = VERTEX_POINT ( 'NONE', #3379 ) ;
#3532 = CIRCLE ( 'NONE', #5267, 0.1329999999999999238 ) ;
#3533 = VERTEX_POINT ( 'NONE', #5462 ) ;
#3534 = CARTESIAN_POINT ( 'NONE',  ( -6.375000000000000000, -2.414591607384101390, 0.9985441408460412616 ) ) ;
#3535 = ORIENTED_EDGE ( 'NONE', *, *, #1593, .F. ) ;
#3536 = VECTOR ( 'NONE', #5188, 39.37007874015748143 ) ;
#3537 = ADVANCED_FACE ( 'NONE', ( #5122 ), #2871, .F. ) ;
#3538 = CARTESIAN_POINT ( 'NONE',  ( -4.433018566799289850, -2.546717713877304945, 1.069266085778232345 ) ) ;
#3539 = DIRECTION ( 'NONE',  ( 0.000000000000000000, 2.185478394931410969E-15, 1.000000000000000000 ) ) ;
#3540 = DIRECTION ( 'NONE',  ( 0.000000000000000000, 0.000000000000000000, 1.000000000000000000 ) ) ;
#3541 = AXIS2_PLACEMENT_3D ( 'NONE', #2735, #2799, #109 ) ;
#3542 = EDGE_CURVE ( 'NONE', #2828, #332, #5118, .T. ) ;
#3543 = ADVANCED_FACE ( 'NONE', ( #703 ), #2498, .F. ) ;
#3544 = VECTOR ( 'NONE', #4065, 39.37007874015748143 ) ;
#3545 = ORIENTED_EDGE ( 'NONE', *, *, #1071, .F. ) ;
#3546 = AXIS2_PLACEMENT_3D ( 'NONE', #4302, #452, #2135 ) ;
#3547 = LINE ( 'NONE', #3494, #5370 ) ;
#3548 = EDGE_LOOP ( 'NONE', ( #2926, #2798, #3083, #18 ) ) ;
#3549 = DIRECTION ( 'NONE',  ( -0.000000000000000000, 1.000000000000000000, -0.000000000000000000 ) ) ;
#3550 = ORIENTED_EDGE ( 'NONE', *, *, #4662, .T. ) ;
#3551 = VECTOR ( 'NONE', #3696, 39.37007874015748143 ) ;
#3552 = VECTOR ( 'NONE', #2076, 39.37007874015748143 ) ;
#3553 = VERTEX_POINT ( 'NONE', #4233 ) ;
#3554 = VECTOR ( 'NONE', #3777, 39.37007874015748143 ) ;
#3555 = VECTOR ( 'NONE', #1296, 39.37007874015748143 ) ;
#3556 = FACE_OUTER_BOUND ( 'NONE', #2605, .T. ) ;
#3557 = DIRECTION ( 'NONE',  ( 1.000000000000000000, 0.000000000000000000, 0.000000000000000000 ) ) ;
#3558 = EDGE_CURVE ( 'NONE', #1989, #3513, #354, .T. ) ;
#3559 = CIRCLE ( 'NONE', #3473, 0.1181102362204724116 ) ;
#3560 = AXIS2_PLACEMENT_3D ( 'NONE', #309, #1616, #2561 ) ;
#3561 = CARTESIAN_POINT ( 'NONE',  ( -6.624999999999999112, -0.8220924813015453303, 1.169693441600278883 ) ) ;
#3562 = CARTESIAN_POINT ( 'NONE',  ( -6.274499999999998856, -0.5000000000000000000, 1.219999999999999751 ) ) ;
#3563 = CARTESIAN_POINT ( 'NONE',  ( -6.461138718110117196, -4.451139576875511317, 0.5153211877418039100 ) ) ;
#3564 = VECTOR ( 'NONE', #1916, 39.37007874015748143 ) ;
#3565 = DIRECTION ( 'NONE',  ( 0.000000000000000000, 0.000000000000000000, 1.000000000000000000 ) ) ;
#3566 = VERTEX_POINT ( 'NONE', #1976 ) ;
#3567 = AXIS2_PLACEMENT_3D ( 'NONE', #4257, #5574, #2844 ) ;
#3568 = VERTEX_POINT ( 'NONE', #3723 ) ;
#3569 = ORIENTED_EDGE ( 'NONE', *, *, #2939, .T. ) ;
#3570 = AXIS2_PLACEMENT_3D ( 'NONE', #3764, #5333, #2775 ) ;
#3571 = ADVANCED_FACE ( 'NONE', ( #3294 ), #1150, .T. ) ;
#3572 = ORIENTED_EDGE ( 'NONE', *, *, #2320, .F. ) ;
#3573 = VECTOR ( 'NONE', #5408, 39.37007874015748143 ) ;
#3574 = FACE_OUTER_BOUND ( 'NONE', #2152, .T. ) ;
#3575 = FACE_OUTER_BOUND ( 'NONE', #3587, .T. ) ;
#3576 = CARTESIAN_POINT ( 'NONE',  ( -6.308449241522043671, -1.575307679196802813, 1.375000000000000000 ) ) ;
#3577 = ORIENTED_EDGE ( 'NONE', *, *, #3027, .T. ) ;
#3578 = CARTESIAN_POINT ( 'NONE',  ( -6.624999999999999112, -5.946062989999999715, 0.7391732262204743220 ) ) ;
#3579 = VERTEX_POINT ( 'NONE', #4660 ) ;
#3580 = DIRECTION ( 'NONE',  ( 0.000000000000000000, 0.000000000000000000, -1.000000000000000000 ) ) ;
#3581 = VERTEX_POINT ( 'NONE', #1555 ) ;
#3582 = DIRECTION ( 'NONE',  ( -1.000000000000000000, 0.000000000000000000, 0.000000000000000000 ) ) ;
#3583 = ORIENTED_EDGE ( 'NONE', *, *, #5019, .F. ) ;
#3584 = EDGE_CURVE ( 'NONE', #2789, #5323, #2437, .T. ) ;
#3585 = FACE_OUTER_BOUND ( 'NONE', #2487, .T. ) ;
#3586 = CARTESIAN_POINT ( 'NONE',  ( -6.125000000000000000, -1.097903186144404186, 1.750000000000000000 ) ) ;
#3587 = EDGE_LOOP ( 'NONE', ( #5477, #1855 ) ) ;
#3588 = EDGE_CURVE ( 'NONE', #3994, #5298, #5086, .T. ) ;
#3589 = CARTESIAN_POINT ( 'NONE',  ( -6.125000000000000000, -6.455905511811023345, -3.414809992080329023E-17 ) ) ;
#3590 = FACE_OUTER_BOUND ( 'NONE', #4618, .T. ) ;
#3591 = CARTESIAN_POINT ( 'NONE',  ( -6.374999999999998224, -0.5000000000000000000, 1.750000000000000000 ) ) ;
#3592 = ORIENTED_EDGE ( 'NONE', *, *, #4798, .T. ) ;
#3593 = DIRECTION ( 'NONE',  ( 0.000000000000000000, 0.000000000000000000, -1.000000000000000000 ) ) ;
#3594 = ORIENTED_EDGE ( 'NONE', *, *, #2228, .F. ) ;
#3595 = ORIENTED_EDGE ( 'NONE', *, *, #121, .T. ) ;
#3596 = ADVANCED_FACE ( 'NONE', ( #1195, #3754, #4205 ), #3810, .F. ) ;
#3597 = ORIENTED_EDGE ( 'NONE', *, *, #1399, .T. ) ;
#3598 = CYLINDRICAL_SURFACE ( 'NONE', #239, 0.1181102362204724116 ) ;
#3599 = CARTESIAN_POINT ( 'NONE',  ( -6.125000000000000000, -1.360119715829633646, 1.016983612154008121 ) ) ;
#3600 = CARTESIAN_POINT ( 'NONE',  ( -6.124999999999999112, -5.411265357775092433, 1.904271377379969321 ) ) ;
#3601 = CYLINDRICAL_SURFACE ( 'NONE', #2849, 0.3749999999999999445 ) ;
#3602 = DIRECTION ( 'NONE',  ( -1.000000000000000000, 0.000000000000000000, 0.000000000000000000 ) ) ;
#3603 = ORIENTED_EDGE ( 'NONE', *, *, #1536, .T. ) ;
#3604 = DIRECTION ( 'NONE',  ( 0.000000000000000000, 0.000000000000000000, 1.000000000000000000 ) ) ;
#3605 = EDGE_LOOP ( 'NONE', ( #5467, #1092, #4962, #5505 ) ) ;
#3606 = CARTESIAN_POINT ( 'NONE',  ( -6.624999999999999112, -1.195882546459554163, 0.6250000000000000000 ) ) ;
#3607 =( NAMED_UNIT ( * ) SI_UNIT ( $, .STERADIAN. ) SOLID_ANGLE_UNIT ( ) );
#3608 = ORIENTED_EDGE ( 'NONE', *, *, #1988, .T. ) ;
#3609 = DIRECTION ( 'NONE',  ( 1.000000000000000000, 0.000000000000000000, 0.000000000000000000 ) ) ;
#3610 = ORIENTED_EDGE ( 'NONE', *, *, #3652, .F. ) ;
#3611 = ADVANCED_FACE ( 'NONE', ( #3321 ), #3786, .F. ) ;
#3612 = DIRECTION ( 'NONE',  ( -0.000000000000000000, -0.000000000000000000, -1.000000000000000000 ) ) ;
#3613 = CARTESIAN_POINT ( 'NONE',  ( -6.424203284909426159, -0.4115257229148043261, 0.4074411921461599251 ) ) ;
#3614 = ORIENTED_EDGE ( 'NONE', *, *, #566, .T. ) ;
#3615 = EDGE_CURVE ( 'NONE', #1586, #1070, #779, .T. ) ;
#3616 = DIMENSIONAL_EXPONENTS ( 1.000000000000000000, 0.000000000000000000, 0.000000000000000000, 0.000000000000000000, 0.000000000000000000, 0.000000000000000000, 0.000000000000000000 ) ;
#3617 = EDGE_CURVE ( 'NONE', #5521, #2900, #1315, .T. ) ;
#3618 = LINE ( 'NONE', #5360, #3671 ) ;
#3619 = CARTESIAN_POINT ( 'NONE',  ( -6.624999999999999112, -2.493145339161162433, 1.082685566649765896 ) ) ;
#3620 = CARTESIAN_POINT ( 'NONE',  ( -6.380460484087358886, -0.3995000000000005214, 0.2845465500941654069 ) ) ;
#3621 = ORIENTED_EDGE ( 'NONE', *, *, #3085, .T. ) ;
#3622 = ORIENTED_EDGE ( 'NONE', *, *, #4140, .T. ) ;
#3623 = CARTESIAN_POINT ( 'NONE',  ( -6.125000000000000000, -6.200984252499999627, 1.439812010000000031 ) ) ;
#3624 = AXIS2_PLACEMENT_3D ( 'NONE', #3098, #3884, #3476 ) ;
#3625 = DIRECTION ( 'NONE',  ( 0.000000000000000000, 0.000000000000000000, -1.000000000000000000 ) ) ;
#3626 = FACE_OUTER_BOUND ( 'NONE', #1077, .T. ) ;
#3627 = ORIENTED_EDGE ( 'NONE', *, *, #241, .T. ) ;
#3628 = CARTESIAN_POINT ( 'NONE',  ( -6.310126071755425059, -1.673059048417500527, 0.3858946779395702742 ) ) ;
#3629 = VECTOR ( 'NONE', #4264, 39.37007874015748143 ) ;
#3630 = EDGE_LOOP ( 'NONE', ( #2284, #456, #1049, #573 ) ) ;
#3631 = CARTESIAN_POINT ( 'NONE',  ( -6.375000000000000000, -4.116465171358374420, 0.3936180216387696884 ) ) ;
#3632 = ORIENTED_EDGE ( 'NONE', *, *, #4363, .F. ) ;
#3633 = CARTESIAN_POINT ( 'NONE',  ( -6.624999999999999112, -1.195882546459554163, 0.6250000000000000000 ) ) ;
#3634 = ORIENTED_EDGE ( 'NONE', *, *, #3718, .T. ) ;
#3635 = DIRECTION ( 'NONE',  ( -1.000000000000000000, 0.000000000000000000, 0.000000000000000000 ) ) ;
#3636 = CIRCLE ( 'NONE', #575, 0.2500000000000000555 ) ;
#3637 = VECTOR ( 'NONE', #3438, 39.37007874015748143 ) ;
#3638 = EDGE_CURVE ( 'NONE', #3132, #3903, #5211, .T. ) ;
#3639 = VERTEX_POINT ( 'NONE', #2131 ) ;
#3640 = DIRECTION ( 'NONE',  ( -0.000000000000000000, -0.000000000000000000, -1.000000000000000000 ) ) ;
#3641 = AXIS2_PLACEMENT_3D ( 'NONE', #5175, #4255, #4712 ) ;
#3642 = ORIENTED_EDGE ( 'NONE', *, *, #4252, .T. ) ;
#3643 = CARTESIAN_POINT ( 'NONE',  ( -6.506889763779526881, -2.000000000000000444, 1.749999999999999556 ) ) ;
#3644 = EDGE_LOOP ( 'NONE', ( #2246, #5379 ) ) ;
#3645 = CIRCLE ( 'NONE', #1377, 0.2344000000000001083 ) ;
#3646 = CARTESIAN_POINT ( 'NONE',  ( -6.624999999999999112, -1.064533728148285174, 1.029193626778346360 ) ) ;
#3647 = CIRCLE ( 'NONE', #2641, 0.1284999999999983655 ) ;
#3648 = VECTOR ( 'NONE', #3557, 39.37007874015748143 ) ;
#3649 = CARTESIAN_POINT ( 'NONE',  ( -6.475499999999999368, -1.749999999999998446, 0.000000000000000000 ) ) ;
#3650 = DIRECTION ( 'NONE',  ( 0.000000000000000000, 0.000000000000000000, -1.000000000000000000 ) ) ;
#3651 = CARTESIAN_POINT ( 'NONE',  ( -6.125000000000000000, -2.799428232213102774, -0.6369009604610365027 ) ) ;
#3652 = EDGE_CURVE ( 'NONE', #1525, #3581, #236, .T. ) ;
#3653 = ORIENTED_EDGE ( 'NONE', *, *, #3512, .F. ) ;
#3654 = ORIENTED_EDGE ( 'NONE', *, *, #2602, .T. ) ;
#3655 = VECTOR ( 'NONE', #5611, 39.37007874015748143 ) ;
#3656 = EDGE_CURVE ( 'NONE', #3971, #3930, #4293, .T. ) ;
#3657 = AXIS2_PLACEMENT_3D ( 'NONE', #255, #4458, #1949 ) ;
#3658 = AXIS2_PLACEMENT_3D ( 'NONE', #5541, #804, #1169 ) ;
#3659 = DIRECTION ( 'NONE',  ( -1.000000000000000000, 0.000000000000000000, 0.000000000000000000 ) ) ;
#3660 = CARTESIAN_POINT ( 'NONE',  ( -6.404913184144491289, -0.4040027810663232022, 1.486093370325876517 ) ) ;
#3661 = LINE ( 'NONE', #5403, #1398 ) ;
#3662 = CYLINDRICAL_SURFACE ( 'NONE', #119, 0.1004999999999996452 ) ;
#3663 = EDGE_LOOP ( 'NONE', ( #2136, #4659, #2998, #509 ) ) ;
#3664 = DIRECTION ( 'NONE',  ( 0.000000000000000000, 0.7382621944509717427, 0.6745138488158974877 ) ) ;
#3665 = CIRCLE ( 'NONE', #2657, 0.1181102362204725503 ) ;
#3666 = CIRCLE ( 'NONE', #420, 0.1181102362204724116 ) ;
#3667 = EDGE_CURVE ( 'NONE', #177, #4516, #3927, .T. ) ;
#3668 = EDGE_LOOP ( 'NONE', ( #2625, #5217 ) ) ;
#3669 = DIRECTION ( 'NONE',  ( 1.049727191138620051E-16, 0.5150380749100522682, -0.8571673007021134438 ) ) ;
#3670 = FACE_OUTER_BOUND ( 'NONE', #4803, .T. ) ;
#3671 = VECTOR ( 'NONE', #1453, 39.37007874015748143 ) ;
#3672 = CIRCLE ( 'NONE', #2486, 0.2500000000000000555 ) ;
#3673 = ORIENTED_EDGE ( 'NONE', *, *, #1144, .F. ) ;
#3674 = LINE ( 'NONE', #2308, #4109 ) ;
#3675 = ORIENTED_EDGE ( 'NONE', *, *, #3412, .F. ) ;
#3676 = DIRECTION ( 'NONE',  ( 0.000000000000000000, 0.000000000000000000, -1.000000000000000000 ) ) ;
#3677 = VERTEX_POINT ( 'NONE', #3514 ) ;
#3678 = CARTESIAN_POINT ( 'NONE',  ( -6.125000000000000000, -6.064173226220472834, 0.6210629900000016468 ) ) ;
#3679 = ORIENTED_EDGE ( 'NONE', *, *, #672, .T. ) ;
#3680 = CARTESIAN_POINT ( 'NONE',  ( -6.311443394312498789, -0.4219189547813475549, 0.3987383716518384524 ) ) ;
#3681 = VERTEX_POINT ( 'NONE', #8 ) ;
#3682 = EDGE_CURVE ( 'NONE', #1187, #648, #3060, .T. ) ;
#3683 = CARTESIAN_POINT ( 'NONE',  ( -6.624999999999999112, -6.453937009999998864, 1.128937010000001573 ) ) ;
#3684 = EDGE_LOOP ( 'NONE', ( #3419, #2344 ) ) ;
#3685 = DIRECTION ( 'NONE',  ( -0.000000000000000000, -0.000000000000000000, 1.000000000000000000 ) ) ;
#3686 = ORIENTED_EDGE ( 'NONE', *, *, #1024, .T. ) ;
#3687 = ORIENTED_EDGE ( 'NONE', *, *, #2939, .F. ) ;
#3688 = ADVANCED_FACE ( 'NONE', ( #4797 ), #2477, .F. ) ;
#3689 = FACE_OUTER_BOUND ( 'NONE', #5176, .T. ) ;
#3690 = DIRECTION ( 'NONE',  ( -1.000000000000000000, 0.000000000000000000, -0.000000000000000000 ) ) ;
#3691 = FACE_OUTER_BOUND ( 'NONE', #135, .T. ) ;
#3692 = EDGE_CURVE ( 'NONE', #3141, #5544, #4932, .T. ) ;
#3693 = DIRECTION ( 'NONE',  ( 0.000000000000000000, -2.185478394931410969E-15, -1.000000000000000000 ) ) ;
#3694 = CARTESIAN_POINT ( 'NONE',  ( -6.506889763779526881, -6.453184237002196375E-17, 1.274999999999999689 ) ) ;
#3695 = ORIENTED_EDGE ( 'NONE', *, *, #1098, .T. ) ;
#3696 = DIRECTION ( 'NONE',  ( -1.000000000000000000, -0.000000000000000000, -0.000000000000000000 ) ) ;
#3697 = EDGE_CURVE ( 'NONE', #2164, #3522, #2214, .T. ) ;
#3698 = ORIENTED_EDGE ( 'NONE', *, *, #4451, .T. ) ;
#3699 = DIRECTION ( 'NONE',  ( 0.000000000000000000, -1.000000000000000000, -1.349060737611981508E-16 ) ) ;
#3700 = EDGE_LOOP ( 'NONE', ( #2264, #1957, #3182, #4147 ) ) ;
#3701 = CARTESIAN_POINT ( 'NONE',  ( -6.459885023426552131, -4.558096860567728115, 0.3955801198005972630 ) ) ;
#3702 = ORIENTED_EDGE ( 'NONE', *, *, #1037, .T. ) ;
#3703 = CARTESIAN_POINT ( 'NONE',  ( 8.514999999999998792, -2.062983729403350175, 1.074144136046395914 ) ) ;
#3704 = ORIENTED_EDGE ( 'NONE', *, *, #5186, .F. ) ;
#3705 = DIRECTION ( 'NONE',  ( 0.000000000000000000, 0.000000000000000000, -1.000000000000000000 ) ) ;
#3706 = ORIENTED_EDGE ( 'NONE', *, *, #4872, .F. ) ;
#3707 = ADVANCED_FACE ( 'NONE', ( #70 ), #4775, .F. ) ;
#3708 = CARTESIAN_POINT ( 'NONE',  ( -6.374999999999998224, -0.5000000000000000000, 1.750000000000000000 ) ) ;
#3709 = DIRECTION ( 'NONE',  ( 1.000000000000000000, 0.000000000000000000, 0.000000000000000000 ) ) ;
#3710 = VERTEX_POINT ( 'NONE', #3084 ) ;
#3711 = EDGE_LOOP ( 'NONE', ( #3993, #4521, #3417, #2587 ) ) ;
#3712 = PLANE ( 'NONE',  #3853 ) ;
#3713 = DIRECTION ( 'NONE',  ( 1.000000000000000000, 0.000000000000000000, 0.000000000000000000 ) ) ;
#3714 = DIRECTION ( 'NONE',  ( -1.000000000000000000, -0.000000000000000000, -0.000000000000000000 ) ) ;
#3715 = ORIENTED_EDGE ( 'NONE', *, *, #780, .T. ) ;
#3716 = CARTESIAN_POINT ( 'NONE',  ( -6.125000000000000000, -6.200984252499999627, 0.3115157474999999954 ) ) ;
#3717 = FACE_OUTER_BOUND ( 'NONE', #57, .T. ) ;
#3718 = EDGE_CURVE ( 'NONE', #3531, #3414, #4838, .T. ) ;
#3719 = CIRCLE ( 'NONE', #2717, 0.4249999999999999334 ) ;
#3720 = CARTESIAN_POINT ( 'NONE',  ( -6.125000000000000000, -3.810379740625795542, 0.5993822026927608793 ) ) ;
#3721 = EDGE_CURVE ( 'NONE', #4152, #1392, #4566, .T. ) ;
#3722 = ORIENTED_EDGE ( 'NONE', *, *, #3159, .F. ) ;
#3723 = CARTESIAN_POINT ( 'NONE',  ( -6.125000000000000000, -1.195882546459554163, 0.4687500000000001665 ) ) ;
#3724 = CIRCLE ( 'NONE', #1276, 0.2344000000000001083 ) ;
#3725 = DIRECTION ( 'NONE',  ( 0.000000000000000000, 0.000000000000000000, -1.000000000000000000 ) ) ;
#3726 = EDGE_CURVE ( 'NONE', #2180, #336, #2153, .T. ) ;
#3727 = EDGE_LOOP ( 'NONE', ( #1011, #1434, #5180, #2492 ) ) ;
#3728 = DIRECTION ( 'NONE',  ( -1.000000000000000000, -0.000000000000000000, -0.000000000000000000 ) ) ;
#3729 = LINE ( 'NONE', #4668, #2446 ) ;
#3730 = CARTESIAN_POINT ( 'NONE',  ( -6.274736441539996434, -0.4931102362204725087, 0.3749999999999999445 ) ) ;
#3731 = VECTOR ( 'NONE', #4425, 39.37007874015748143 ) ;
#3732 = CIRCLE ( 'NONE', #3460, 0.1004999999999996452 ) ;
#3733 = EDGE_CURVE ( 'NONE', #1909, #3883, #1695, .T. ) ;
#3734 = VECTOR ( 'NONE', #4876, 39.37007874015748143 ) ;
#3735 = FACE_OUTER_BOUND ( 'NONE', #4367, .T. ) ;
#3736 = DIRECTION ( 'NONE',  ( 0.000000000000000000, 0.000000000000000000, 1.000000000000000000 ) ) ;
#3737 = ORIENTED_EDGE ( 'NONE', *, *, #1970, .T. ) ;
#3738 = AXIS2_PLACEMENT_3D ( 'NONE', #2841, #676, #2001 ) ;
#3739 = AXIS2_PLACEMENT_3D ( 'NONE', #108, #1807, #1785 ) ;
#3740 = FACE_OUTER_BOUND ( 'NONE', #3509, .T. ) ;
#3741 = CARTESIAN_POINT ( 'NONE',  ( -6.125000000000000000, 0.4999999999999999445, 0.4749999999999997002 ) ) ;
#3742 = CARTESIAN_POINT ( 'NONE',  ( -6.385944752888818243, -0.3999907522841987806, 1.557727511863136183 ) ) ;
#3743 = AXIS2_PLACEMENT_3D ( 'NONE', #113, #4874, #959 ) ;
#3744 = DIRECTION ( 'NONE',  ( 0.000000000000000000, 0.000000000000000000, 1.000000000000000000 ) ) ;
#3745 = EDGE_LOOP ( 'NONE', ( #3867, #556, #1512, #5440, #2148, #142 ) ) ;
#3746 = AXIS2_PLACEMENT_3D ( 'NONE', #426, #3519, #533 ) ;
#3747 = CARTESIAN_POINT ( 'NONE',  ( -6.323065463298808808, -1.663794959237801852, 0.3907157804459595596 ) ) ;
#3748 = DIRECTION ( 'NONE',  ( 0.000000000000000000, 0.000000000000000000, 1.000000000000000000 ) ) ;
#3749 = EDGE_CURVE ( 'NONE', #994, #3533, #3039, .T. ) ;
#3750 = AXIS2_PLACEMENT_3D ( 'NONE', #3406, #5147, #4198 ) ;
#3751 = CONICAL_SURFACE ( 'NONE', #2300, 0.1004999999999996452, 1.029744258676652979 ) ;
#3752 = DIRECTION ( 'NONE',  ( 0.000000000000000000, 0.000000000000000000, 1.000000000000000000 ) ) ;
#3753 = EDGE_LOOP ( 'NONE', ( #865, #64, #2663, #962 ) ) ;
#3754 = FACE_OUTER_BOUND ( 'NONE', #930, .T. ) ;
#3755 = CIRCLE ( 'NONE', #855, 0.2344000000000001083 ) ;
#3756 = VECTOR ( 'NONE', #1692, 39.37007874015748143 ) ;
#3757 = DIRECTION ( 'NONE',  ( 0.000000000000000000, 0.000000000000000000, -1.000000000000000000 ) ) ;
#3758 = ORIENTED_EDGE ( 'NONE', *, *, #4272, .T. ) ;
#3759 = AXIS2_PLACEMENT_3D ( 'NONE', #148, #1489, #2315 ) ;
#3760 = ADVANCED_FACE ( 'NONE', ( #3898 ), #4676, .F. ) ;
#3761 = ORIENTED_EDGE ( 'NONE', *, *, #1592, .T. ) ;
#3762 = CIRCLE ( 'NONE', #2210, 0.1004999999999996452 ) ;
#3763 = LINE ( 'NONE', #4153, #2021 ) ;
#3764 = CARTESIAN_POINT ( 'NONE',  ( -6.506889763779526881, -4.031889763779526348, 2.100000000000000089 ) ) ;
#3765 = CARTESIAN_POINT ( 'NONE',  ( -6.277423813956783505, -3.810379740625795542, 0.8648822026927610596 ) ) ;
#3766 = ORIENTED_EDGE ( 'NONE', *, *, #17, .F. ) ;
#3767 = EDGE_CURVE ( 'NONE', #4054, #2950, #1833, .T. ) ;
#3768 = CARTESIAN_POINT ( 'NONE',  ( -6.125000000000000000, -6.200984252499999627, 0.3115157474999999954 ) ) ;
#3769 = AXIS2_PLACEMENT_3D ( 'NONE', #4295, #1697, #3380 ) ;
#3770 = ORIENTED_EDGE ( 'NONE', *, *, #1786, .T. ) ;
#3771 = CARTESIAN_POINT ( 'NONE',  ( -6.624999999999999112, -6.200984252499999627, 1.205412009999999867 ) ) ;
#3772 = ADVANCED_FACE ( 'NONE', ( #3740 ), #1992, .F. ) ;
#3773 = DIRECTION ( 'NONE',  ( -0.000000000000000000, -0.000000000000000000, 1.000000000000000000 ) ) ;
#3774 = EDGE_LOOP ( 'NONE', ( #1951, #303, #1125, #1492 ) ) ;
#3775 = CARTESIAN_POINT ( 'NONE',  ( -6.375000000000000000, -3.987771497362133655, 0.2229550020317796200 ) ) ;
#3776 = CARTESIAN_POINT ( 'NONE',  ( -6.624999999999999112, -1.195882546459554163, 0.6250000000000000000 ) ) ;
#3777 = DIRECTION ( 'NONE',  ( 0.000000000000000000, 0.000000000000000000, 1.000000000000000000 ) ) ;
#3778 = CARTESIAN_POINT ( 'NONE',  ( -6.342821704739993294, -0.4047772146678880190, 1.533885802296102385 ) ) ;
#3779 = ORIENTED_EDGE ( 'NONE', *, *, #5292, .T. ) ;
#3780 = FACE_OUTER_BOUND ( 'NONE', #3605, .T. ) ;
#3781 = CARTESIAN_POINT ( 'NONE',  ( -6.243110236220472231, 2.652276394531333236E-16, 1.274999999999999689 ) ) ;
#3782 = EDGE_CURVE ( 'NONE', #1170, #3414, #2568, .T. ) ;
#3783 = B_SPLINE_CURVE_WITH_KNOTS ( 'NONE', 3,
 ( #4812, #3563, #1789, #899, #61, #1410, #521, #1738 ),
 .UNSPECIFIED., .F., .F.,
 ( 4, 2, 2, 4 ),
 ( 0.000000000000000000, 0.001348086355647211843, 0.002022129533470794997, 0.002696172711294378584 ),
 .UNSPECIFIED. ) ;
#3784 = FACE_OUTER_BOUND ( 'NONE', #3065, .T. ) ;
#3785 = ORIENTED_EDGE ( 'NONE', *, *, #2117, .T. ) ;
#3786 = CYLINDRICAL_SURFACE ( 'NONE', #3658, 0.2500000000000003331 ) ;
#3787 = ORIENTED_EDGE ( 'NONE', *, *, #847, .T. ) ;
#3788 = VERTEX_POINT ( 'NONE', #5109 ) ;
#3789 = LINE ( 'NONE', #1153, #5216 ) ;
#3790 = FACE_OUTER_BOUND ( 'NONE', #1959, .T. ) ;
#3791 = CARTESIAN_POINT ( 'NONE',  ( -6.375000000000000000, -1.195882546459554163, 0.6250000000000000000 ) ) ;
#3792 = ORIENTED_EDGE ( 'NONE', *, *, #5504, .F. ) ;
#3793 = PLANE ( 'NONE',  #5474 ) ;
#3794 = EDGE_CURVE ( 'NONE', #5060, #4055, #2115, .T. ) ;
#3795 = ADVANCED_FACE ( 'NONE', ( #3828 ), #2539, .F. ) ;
#3796 = ORIENTED_EDGE ( 'NONE', *, *, #2049, .T. ) ;
#3797 = DIRECTION ( 'NONE',  ( 0.000000000000000000, 0.000000000000000000, 1.000000000000000000 ) ) ;
#3798 = CARTESIAN_POINT ( 'NONE',  ( -6.624999999999999112, -4.835468858908924972, 0.3000000000000000999 ) ) ;
#3799 = ORIENTED_EDGE ( 'NONE', *, *, #2077, .T. ) ;
#3800 = CARTESIAN_POINT ( 'NONE',  ( -6.243110236220472231, -4.149999999999999467, 2.143131898507867804E-16 ) ) ;
#3801 = LINE ( 'NONE', #3741, #2298 ) ;
#3802 = CARTESIAN_POINT ( 'NONE',  ( -6.375000000000000000, -2.430394809875166651, 0.9827104309290969342 ) ) ;
#3803 = DIRECTION ( 'NONE',  ( -0.000000000000000000, -0.000000000000000000, -1.000000000000000000 ) ) ;
#3804 = ORIENTED_EDGE ( 'NONE', *, *, #3726, .T. ) ;
#3805 = FACE_OUTER_BOUND ( 'NONE', #3711, .T. ) ;
#3806 = DIRECTION ( 'NONE',  ( -1.000000000000000000, -0.000000000000000000, -0.000000000000000000 ) ) ;
#3807 = CARTESIAN_POINT ( 'NONE',  ( -6.375000000000001776, -5.699999999999998401, 0.000000000000000000 ) ) ;
#3808 = EDGE_CURVE ( 'NONE', #2164, #3961, #5559, .T. ) ;
#3809 = ORIENTED_EDGE ( 'NONE', *, *, #228, .F. ) ;
#3810 = PLANE ( 'NONE',  #2111 ) ;
#3811 = LINE ( 'NONE', #1253, #4848 ) ;
#3812 = ORIENTED_EDGE ( 'NONE', *, *, #4836, .F. ) ;
#3813 = EDGE_LOOP ( 'NONE', ( #4235, #3201, #4744, #4499 ) ) ;
#3814 = DIRECTION ( 'NONE',  ( 1.000000000000000000, 0.000000000000000000, 0.000000000000000000 ) ) ;
#3815 = CARTESIAN_POINT ( 'NONE',  ( -6.499999999999999112, -6.200984252499999627, 0.1865157474999995513 ) ) ;
#3816 = CARTESIAN_POINT ( 'NONE',  ( -6.375000000000000000, -0.3799999999999998934, 1.433000000000001384 ) ) ;
#3817 = AXIS2_PLACEMENT_3D ( 'NONE', #2963, #1207, #287 ) ;
#3818 = ORIENTED_EDGE ( 'NONE', *, *, #1978, .T. ) ;
#3819 = CARTESIAN_POINT ( 'NONE',  ( -6.429407336926681538, -4.437753251441733049, 0.5394390792018048941 ) ) ;
#3820 = ADVANCED_FACE ( 'NONE', ( #5510 ), #1182, .F. ) ;
#3821 = CIRCLE ( 'NONE', #5452, 0.1004999999999985627 ) ;
#3822 = ORIENTED_EDGE ( 'NONE', *, *, #300, .T. ) ;
#3823 = CARTESIAN_POINT ( 'NONE',  ( 8.514999999999998792, -1.405762282583708389, 1.125918381627099674 ) ) ;
#3824 = FACE_OUTER_BOUND ( 'NONE', #1860, .T. ) ;
#3825 = CYLINDRICAL_SURFACE ( 'NONE', #3541, 0.1181102362204725503 ) ;
#3826 = CIRCLE ( 'NONE', #4275, 0.1004999999999996452 ) ;
#3827 = AXIS2_PLACEMENT_3D ( 'NONE', #1944, #3693, #1499 ) ;
#3828 = FACE_OUTER_BOUND ( 'NONE', #5426, .T. ) ;
#3829 = CARTESIAN_POINT ( 'NONE',  ( 8.514999999999998792, -0.2362569331793608063, -0.3058399077736656535 ) ) ;
#3830 = EDGE_CURVE ( 'NONE', #5078, #3043, #1657, .T. ) ;
#3831 = DIRECTION ( 'NONE',  ( 0.000000000000000000, 0.000000000000000000, -1.000000000000000000 ) ) ;
#3832 = DIRECTION ( 'NONE',  ( 0.000000000000000000, 0.000000000000000000, -1.000000000000000000 ) ) ;
#3833 = ORIENTED_EDGE ( 'NONE', *, *, #2403, .T. ) ;
#3834 = CIRCLE ( 'NONE', #1293, 0.2500000000000000000 ) ;
#3835 = ADVANCED_FACE ( 'NONE', ( #1267 ), #2907, .F. ) ;
#3836 = AXIS2_PLACEMENT_3D ( 'NONE', #2317, #2777, #3736 ) ;
#3837 = DIRECTION ( 'NONE',  ( 0.000000000000000000, -1.000000000000000000, -9.313118160219072879E-17 ) ) ;
#3838 = DIRECTION ( 'NONE',  ( 1.000000000000000000, 0.000000000000000000, 0.000000000000000000 ) ) ;
#3839 = AXIS2_PLACEMENT_3D ( 'NONE', #5368, #211, #1109 ) ;
#3840 = DIRECTION ( 'NONE',  ( 1.000000000000000000, 0.000000000000000000, 0.000000000000000000 ) ) ;
#3841 = ORIENTED_EDGE ( 'NONE', *, *, #2722, .F. ) ;
#3842 = DIRECTION ( 'NONE',  ( -1.000000000000000000, -0.000000000000000000, -0.000000000000000000 ) ) ;
#3843 = CIRCLE ( 'NONE', #3560, 0.1181102362204724116 ) ;
#3844 = EDGE_CURVE ( 'NONE', #3978, #578, #4661, .T. ) ;
#3845 = VERTEX_POINT ( 'NONE', #291 ) ;
#3846 = ORIENTED_EDGE ( 'NONE', *, *, #3902, .T. ) ;
#3847 = DIRECTION ( 'NONE',  ( 1.000000000000000000, 0.000000000000000000, 0.000000000000000000 ) ) ;
#3848 =( NAMED_UNIT ( * ) PLANE_ANGLE_UNIT ( ) SI_UNIT ( $, .RADIAN. ) );
#3849 = CIRCLE ( 'NONE', #3935, 0.2344000000000001083 ) ;
#3850 = FACE_BOUND ( 'NONE', #2069, .T. ) ;
#3851 = EDGE_LOOP ( 'NONE', ( #5004, #1770, #3809, #2223 ) ) ;
#3852 = CARTESIAN_POINT ( 'NONE',  ( -6.307752558508440188, -4.440113213300342032, 0.5349960158611838379 ) ) ;
#3853 = AXIS2_PLACEMENT_3D ( 'NONE', #795, #715, #2427 ) ;
#3854 = EDGE_CURVE ( 'NONE', #5221, #1877, #2027, .T. ) ;
#3855 = AXIS2_PLACEMENT_3D ( 'NONE', #219, #2385, #2519 ) ;
#3856 = ORIENTED_EDGE ( 'NONE', *, *, #4440, .F. ) ;
#3857 = CARTESIAN_POINT ( 'NONE',  ( -6.506889763779526881, 0.5000000000000002220, 1.274999999999999911 ) ) ;
#3858 = AXIS2_PLACEMENT_3D ( 'NONE', #5064, #4050, #1045 ) ;
#3859 = LINE ( 'NONE', #3360, #3552 ) ;
#3860 = EDGE_CURVE ( 'NONE', #1033, #792, #765, .T. ) ;
#3861 = CIRCLE ( 'NONE', #5493, 0.1250000000000004441 ) ;
#3862 = EDGE_LOOP ( 'NONE', ( #5337, #4698, #4749, #3053 ) ) ;
#3863 = CARTESIAN_POINT ( 'NONE',  ( -6.624999999999999112, -6.799999999999999822, 0.6249999999999992228 ) ) ;
#3864 = CARTESIAN_POINT ( 'NONE',  ( -6.624999999999999112, -2.521489556960379463, 0.2573957495368704995 ) ) ;
#3865 = CARTESIAN_POINT ( 'NONE',  ( -6.125000000000000000, -4.031889763779526348, 0.000000000000000000 ) ) ;
#3866 = CARTESIAN_POINT ( 'NONE',  ( -6.364074962478201591, -0.3999879081043856699, 1.557739058128439602 ) ) ;
#3867 = ORIENTED_EDGE ( 'NONE', *, *, #1599, .F. ) ;
#3868 = LINE ( 'NONE', #823, #3082 ) ;
#3869 = DIRECTION ( 'NONE',  ( -0.000000000000000000, 0.000000000000000000, 1.000000000000000000 ) ) ;
#3870 = EDGE_CURVE ( 'NONE', #5550, #5413, #508, .T. ) ;
#3871 = CARTESIAN_POINT ( 'NONE',  ( -6.499999999999999112, -6.200984252499999627, 1.439812010000000031 ) ) ;
#3872 = DIRECTION ( 'NONE',  ( 0.000000000000000000, -0.03432432496962139340, -0.9994107467479923512 ) ) ;
#3873 = AXIS2_PLACEMENT_3D ( 'NONE', #5094, #4693, #4717 ) ;
#3874 = VERTEX_POINT ( 'NONE', #2426 ) ;
#3875 = DIRECTION ( 'NONE',  ( 0.000000000000000000, 1.349060737611981508E-16, -1.000000000000000000 ) ) ;
#3876 = CARTESIAN_POINT ( 'NONE',  ( -6.125000000000000000, -0.4931102362204725642, 1.022034744542706486 ) ) ;
#3877 = ORIENTED_EDGE ( 'NONE', *, *, #277, .F. ) ;
#3878 = DIRECTION ( 'NONE',  ( 0.000000000000000000, 0.000000000000000000, -1.000000000000000000 ) ) ;
#3879 = CARTESIAN_POINT ( 'NONE',  ( -6.125000000000000000, -3.810379740625795542, 0.7318822026927611635 ) ) ;
#3880 = CARTESIAN_POINT ( 'NONE',  ( -6.362782555658359485, -1.599936939438214356, 1.372408871696523924 ) ) ;
#3881 = VERTEX_POINT ( 'NONE', #817 ) ;
#3882 = CARTESIAN_POINT ( 'NONE',  ( -6.624999999999999112, -6.799999999999999822, 0.6249999999999992228 ) ) ;
#3883 = VERTEX_POINT ( 'NONE', #1573 ) ;
#3884 = DIRECTION ( 'NONE',  ( -1.000000000000000000, 0.000000000000000000, 0.000000000000000000 ) ) ;
#3885 = CARTESIAN_POINT ( 'NONE',  ( -6.375000000000000000, -6.799999999999999822, 0.7812499999999988898 ) ) ;
#3886 = EDGE_CURVE ( 'NONE', #1713, #3958, #1600, .T. ) ;
#3887 = VERTEX_POINT ( 'NONE', #3311 ) ;
#3888 = CARTESIAN_POINT ( 'NONE',  ( -6.475500000000001144, -5.699999999999998401, 0.5300000000000001377 ) ) ;
#3889 = DIRECTION ( 'NONE',  ( 0.000000000000000000, 0.000000000000000000, -1.000000000000000000 ) ) ;
#3890 = LINE ( 'NONE', #796, #5108 ) ;
#3891 = DIRECTION ( 'NONE',  ( 1.000000000000000000, -0.000000000000000000, -0.000000000000000000 ) ) ;
#3892 = ORIENTED_EDGE ( 'NONE', *, *, #1902, .F. ) ;
#3893 = CARTESIAN_POINT ( 'NONE',  ( -6.243110236220472231, -2.399999999999999911, -0.1249999999999999861 ) ) ;
#3894 = CARTESIAN_POINT ( 'NONE',  ( -6.125000000000000000, -3.270677038116681423, 0.5461694692302064835 ) ) ;
#3895 = DIRECTION ( 'NONE',  ( -0.000000000000000000, -0.000000000000000000, 1.000000000000000000 ) ) ;
#3896 = DIRECTION ( 'NONE',  ( 0.000000000000000000, 0.000000000000000000, -1.000000000000000000 ) ) ;
#3897 = ORIENTED_EDGE ( 'NONE', *, *, #964, .F. ) ;
#3898 = FACE_OUTER_BOUND ( 'NONE', #2805, .T. ) ;
#3899 = CARTESIAN_POINT ( 'NONE',  ( -6.375000000000000000, 0.5000000000000000000, 1.592000000000001414 ) ) ;
#3900 = EDGE_LOOP ( 'NONE', ( #3147, #4862, #1457, #3052 ) ) ;
#3901 = CARTESIAN_POINT ( 'NONE',  ( -6.125000000000000000, -5.299999999999999822, 2.100000000000000089 ) ) ;
#3902 = EDGE_CURVE ( 'NONE', #1919, #5527, #4192, .T. ) ;
#3903 = VERTEX_POINT ( 'NONE', #1623 ) ;
#3904 = DIRECTION ( 'NONE',  ( 1.000000000000000000, -0.000000000000000000, -0.000000000000000000 ) ) ;
#3905 = VERTEX_POINT ( 'NONE', #957 ) ;
#3906 = EDGE_CURVE ( 'NONE', #2286, #2861, #3940, .T. ) ;
#3907 = ORIENTED_EDGE ( 'NONE', *, *, #2965, .F. ) ;
#3908 = CARTESIAN_POINT ( 'NONE',  ( -6.624999999999999112, -7.549999999999999822, 0.8499999999999955369 ) ) ;
#3909 = CARTESIAN_POINT ( 'NONE',  ( -6.274499999999998856, -0.5000000000000000000, 0.3749999999999999445 ) ) ;
#3910 = VECTOR ( 'NONE', #4015, 39.37007874015748143 ) ;
#3911 = EDGE_CURVE ( 'NONE', #4443, #3903, #2142, .T. ) ;
#3912 = AXIS2_PLACEMENT_3D ( 'NONE', #5081, #1968, #1188 ) ;
#3913 = CARTESIAN_POINT ( 'NONE',  ( -6.375000000000000000, -6.799999999999999822, 0.3749999999999988898 ) ) ;
#3914 = CARTESIAN_POINT ( 'NONE',  ( -6.125000000000000000, -2.062983729403350175, 0.9560338998259235721 ) ) ;
#3915 = AXIS2_PLACEMENT_3D ( 'NONE', #3791, #5469, #3302 ) ;
#3916 = CARTESIAN_POINT ( 'NONE',  ( -6.374999999999997335, -4.503937010000000463, -4.892463962593665846E-17 ) ) ;
#3917 = CARTESIAN_POINT ( 'NONE',  ( -6.375000000000000000, 0.5000000000000000000, 1.512500000000001510 ) ) ;
#3918 = ORIENTED_EDGE ( 'NONE', *, *, #1204, .F. ) ;
#3919 = ORIENTED_EDGE ( 'NONE', *, *, #4855, .T. ) ;
#3920 = DIRECTION ( 'NONE',  ( -0.000000000000000000, -0.000000000000000000, 1.000000000000000000 ) ) ;
#3921 = VECTOR ( 'NONE', #132, 39.37007874015748143 ) ;
#3922 = AXIS2_PLACEMENT_3D ( 'NONE', #5535, #3803, #1627 ) ;
#3923 = DIRECTION ( 'NONE',  ( -0.000000000000000000, 0.000000000000000000, 1.000000000000000000 ) ) ;
#3924 = FACE_OUTER_BOUND ( 'NONE', #1926, .T. ) ;
#3925 = AXIS2_PLACEMENT_3D ( 'NONE', #1669, #2464, #1312 ) ;
#3926 = ORIENTED_EDGE ( 'NONE', *, *, #4947, .F. ) ;
#3927 = LINE ( 'NONE', #2583, #1742 ) ;
#3928 = EDGE_CURVE ( 'NONE', #3522, #3165, #5123, .T. ) ;
#3929 = AXIS2_PLACEMENT_3D ( 'NONE', #1190, #3343, #2580 ) ;
#3930 = VERTEX_POINT ( 'NONE', #3561 ) ;
#3931 = CARTESIAN_POINT ( 'NONE',  ( -6.374999999999998224, -0.5000000000000000000, 1.219999999999999751 ) ) ;
#3932 = AXIS2_PLACEMENT_3D ( 'NONE', #1881, #3625, #3690 ) ;
#3933 = EDGE_LOOP ( 'NONE', ( #5165, #4828, #1672, #4870 ) ) ;
#3934 = DIRECTION ( 'NONE',  ( 0.000000000000000000, -0.000000000000000000, -1.000000000000000000 ) ) ;
#3935 = AXIS2_PLACEMENT_3D ( 'NONE', #2182, #4826, #3119 ) ;
#3936 = AXIS2_PLACEMENT_3D ( 'NONE', #1720, #2629, #501 ) ;
#3937 = DIRECTION ( 'NONE',  ( 0.000000000000000000, 2.731847993664262824E-15, 1.000000000000000000 ) ) ;
#3938 = DIRECTION ( 'NONE',  ( -1.000000000000000000, 0.000000000000000000, 0.000000000000000000 ) ) ;
#3939 = EDGE_CURVE ( 'NONE', #3439, #4176, #5305, .T. ) ;
#3940 = LINE ( 'NONE', #4361, #693 ) ;
#3941 = CARTESIAN_POINT ( 'NONE',  ( -4.433018566799289850, -4.042613218174444079, 1.144878001379056265 ) ) ;
#3942 = VECTOR ( 'NONE', #2200, 39.37007874015748143 ) ;
#3943 = AXIS2_PLACEMENT_3D ( 'NONE', #4999, #1920, #4975 ) ;
#3944 = DIRECTION ( 'NONE',  ( -0.000000000000000000, 1.000000000000000000, -0.000000000000000000 ) ) ;
#3945 = DIRECTION ( 'NONE',  ( -1.000000000000000000, -0.000000000000000000, -0.000000000000000000 ) ) ;
#3946 = EDGE_LOOP ( 'NONE', ( #3594, #4204 ) ) ;
#3947 = ORIENTED_EDGE ( 'NONE', *, *, #3652, .T. ) ;
#3948 = DIRECTION ( 'NONE',  ( 1.000000000000000000, 0.000000000000000000, 0.000000000000000000 ) ) ;
#3949 = CARTESIAN_POINT ( 'NONE',  ( -6.243110236220472231, -4.031889763779526348, -0.1249999999999997918 ) ) ;
#3950 = ORIENTED_EDGE ( 'NONE', *, *, #1302, .F. ) ;
#3951 = LINE ( 'NONE', #936, #1034 ) ;
#3952 = CARTESIAN_POINT ( 'NONE',  ( -6.624999999999999112, -6.200984252499999627, 0.5459157475000000481 ) ) ;
#3953 = ORIENTED_EDGE ( 'NONE', *, *, #1760, .F. ) ;
#3954 = DIRECTION ( 'NONE',  ( 0.000000000000000000, 1.000000000000000000, 0.000000000000000000 ) ) ;
#3955 = EDGE_CURVE ( 'NONE', #1447, #2756, #3071, .T. ) ;
#3956 = EDGE_LOOP ( 'NONE', ( #547, #1029, #4563, #491, #538, #1769, #736, #1458 ) ) ;
#3957 = DIRECTION ( 'NONE',  ( -0.000000000000000000, -0.000000000000000000, -1.000000000000000000 ) ) ;
#3958 = VERTEX_POINT ( 'NONE', #3527 ) ;
#3959 = CARTESIAN_POINT ( 'NONE',  ( -6.375000000000000000, -4.067521641679253896, 0.3605720252464228448 ) ) ;
#3960 = CARTESIAN_POINT ( 'NONE',  ( -6.243110236220472231, -4.031889763779526348, 2.143131898507867804E-16 ) ) ;
#3961 = VERTEX_POINT ( 'NONE', #2569 ) ;
#3962 = CARTESIAN_POINT ( 'NONE',  ( -6.125000000000000000, -5.299999999999999822, 2.100000000000000089 ) ) ;
#3963 = EDGE_CURVE ( 'NONE', #1539, #4239, #896, .T. ) ;
#3964 = CARTESIAN_POINT ( 'NONE',  ( 8.514999999999998792, -5.946062989999999715, 1.128937010000001573 ) ) ;
#3965 = EDGE_CURVE ( 'NONE', #1103, #2613, #2229, .T. ) ;
#3966 = FACE_BOUND ( 'NONE', #3684, .T. ) ;
#3967 = DIRECTION ( 'NONE',  ( -1.000000000000000000, -0.000000000000000000, -0.000000000000000000 ) ) ;
#3968 = FACE_OUTER_BOUND ( 'NONE', #1087, .T. ) ;
#3969 = EDGE_CURVE ( 'NONE', #859, #31, #3666, .T. ) ;
#3970 = DIRECTION ( 'NONE',  ( -0.000000000000000000, 0.000000000000000000, 1.000000000000000000 ) ) ;
#3971 = VERTEX_POINT ( 'NONE', #433 ) ;
#3972 = VERTEX_POINT ( 'NONE', #4392 ) ;
#3973 = DIRECTION ( 'NONE',  ( -0.000000000000000000, -0.000000000000000000, -1.000000000000000000 ) ) ;
#3974 = VERTEX_POINT ( 'NONE', #3888 ) ;
#3975 = CARTESIAN_POINT ( 'NONE',  ( -6.624999999999999112, -5.955081525351289429, 1.474999999999999867 ) ) ;
#3976 = CARTESIAN_POINT ( 'NONE',  ( -6.624999999999999112, -1.722735295240119813, 0.3749999999999999445 ) ) ;
#3977 = FACE_OUTER_BOUND ( 'NONE', #1821, .T. ) ;
#3978 = VERTEX_POINT ( 'NONE', #2618 ) ;
#3979 = ORIENTED_EDGE ( 'NONE', *, *, #3733, .F. ) ;
#3980 = CARTESIAN_POINT ( 'NONE',  ( -6.375000000000000000, 0.000000000000000000, 0.1580000000000013616 ) ) ;
#3981 = ORIENTED_EDGE ( 'NONE', *, *, #1057, .T. ) ;
#3982 = FACE_OUTER_BOUND ( 'NONE', #94, .T. ) ;
#3983 = ORIENTED_EDGE ( 'NONE', *, *, #3265, .F. ) ;
#3984 = DIRECTION ( 'NONE',  ( 0.000000000000000000, 0.000000000000000000, -1.000000000000000000 ) ) ;
#3985 = CARTESIAN_POINT ( 'NONE',  ( -6.624999999999999112, -2.450767612028188491, 0.3895218560300732769 ) ) ;
#3986 = DIRECTION ( 'NONE',  ( 1.000000000000000000, 0.000000000000000000, 0.000000000000000000 ) ) ;
#3987 = CIRCLE ( 'NONE', #2896, 0.2500000000000003331 ) ;
#3988 = FACE_BOUND ( 'NONE', #4161, .T. ) ;
#3989 = DIRECTION ( 'NONE',  ( -1.000000000000000000, -0.000000000000000000, -0.000000000000000000 ) ) ;
#3990 = DIRECTION ( 'NONE',  ( 0.000000000000000000, 0.000000000000000000, -1.000000000000000000 ) ) ;
#3991 = LINE ( 'NONE', #1332, #5103 ) ;
#3992 = ORIENTED_EDGE ( 'NONE', *, *, #1593, .T. ) ;
#3993 = ORIENTED_EDGE ( 'NONE', *, *, #4831, .F. ) ;
#3994 = VERTEX_POINT ( 'NONE', #5273 ) ;
#3995 = UNCERTAINTY_MEASURE_WITH_UNIT (LENGTH_MEASURE( 1.000000000000000082E-05 ), #562, 'distance_accuracy_value', 'NONE');
#3996 = CYLINDRICAL_SURFACE ( 'NONE', #866, 0.1181102362204725503 ) ;
#3997 = ADVANCED_FACE ( 'NONE', ( #487, #2199, #1787, #2250, #926, #3966, #1764, #3502, #5617, #3102, #1378, #3988 ), #3449, .F. ) ;
#3998 = EDGE_LOOP ( 'NONE', ( #1820, #2147 ) ) ;
#3999 = DIRECTION ( 'NONE',  ( -1.000000000000000000, -0.000000000000000000, -0.000000000000000000 ) ) ;
#4000 = DIRECTION ( 'NONE',  ( 1.000000000000000000, 0.000000000000000000, 0.000000000000000000 ) ) ;
#4001 = EDGE_CURVE ( 'NONE', #1780, #4490, #3762, .T. ) ;
#4002 = DIRECTION ( 'NONE',  ( 1.000000000000000000, -0.000000000000000000, -0.000000000000000000 ) ) ;
#4003 = ORIENTED_EDGE ( 'NONE', *, *, #2126, .F. ) ;
#4004 = CIRCLE ( 'NONE', #1808, 0.4499999999999999556 ) ;
#4005 = DIRECTION ( 'NONE',  ( 0.000000000000000000, 0.000000000000000000, 1.000000000000000000 ) ) ;
#4006 = ORIENTED_EDGE ( 'NONE', *, *, #1978, .F. ) ;
#4007 = VECTOR ( 'NONE', #5529, 39.37007874015748143 ) ;
#4008 = CARTESIAN_POINT ( 'NONE',  ( -6.125000000000000000, -2.518110236220472586, -0.1249999999999999584 ) ) ;
#4009 = ADVANCED_FACE ( 'NONE', ( #4732 ), #5245, .F. ) ;
#4010 = ORIENTED_EDGE ( 'NONE', *, *, #2949, .T. ) ;
#4011 = CARTESIAN_POINT ( 'NONE',  ( -6.624999999999999112, -5.524999999999999467, 2.100000000000000089 ) ) ;
#4012 = ORIENTED_EDGE ( 'NONE', *, *, #2658, .F. ) ;
#4013 = CIRCLE ( 'NONE', #581, 0.1004999999999996452 ) ;
#4014 = VECTOR ( 'NONE', #4704, 39.37007874015748143 ) ;
#4015 = DIRECTION ( 'NONE',  ( 1.000000000000000000, -0.000000000000000000, -0.000000000000000000 ) ) ;
#4016 = DIRECTION ( 'NONE',  ( 0.000000000000000000, -1.224646799147352961E-16, 1.000000000000000000 ) ) ;
#4017 = EDGE_LOOP ( 'NONE', ( #1983, #5554, #5346, #2659 ) ) ;
#4018 = CARTESIAN_POINT ( 'NONE',  ( -6.339783375183273506, -0.4058584110205714635, 0.2266124248110330253 ) ) ;
#4019 = EDGE_CURVE ( 'NONE', #1525, #612, #2594, .T. ) ;
#4020 = CIRCLE ( 'NONE', #2386, 0.07950000000000007061 ) ;
#4021 = FACE_OUTER_BOUND ( 'NONE', #5366, .T. ) ;
#4022 = DIRECTION ( 'NONE',  ( -1.000000000000000000, -0.000000000000000000, -0.000000000000000000 ) ) ;
#4023 = DIRECTION ( 'NONE',  ( 0.000000000000000000, 0.000000000000000000, 1.000000000000000000 ) ) ;
#4024 = ORIENTED_EDGE ( 'NONE', *, *, #3860, .F. ) ;
#4025 = CIRCLE ( 'NONE', #688, 0.1004999999999985627 ) ;
#4026 = ORIENTED_EDGE ( 'NONE', *, *, #442, .F. ) ;
#4027 = ORIENTED_EDGE ( 'NONE', *, *, #3767, .T. ) ;
#4028 = VECTOR ( 'NONE', #520, 39.37007874015748143 ) ;
#4029 = ORIENTED_EDGE ( 'NONE', *, *, #4429, .F. ) ;
#4030 = CIRCLE ( 'NONE', #3855, 0.1000000000000000194 ) ;
#4031 = CARTESIAN_POINT ( 'NONE',  ( -6.125000000000000000, -5.418110236220472054, 1.908492892821325837 ) ) ;
#4032 = DIRECTION ( 'NONE',  ( 1.000000000000000000, -0.000000000000000000, -0.000000000000000000 ) ) ;
#4033 = CARTESIAN_POINT ( 'NONE',  ( -6.431998558060719517, -1.582994587093421668, 1.374791295517116430 ) ) ;
#4034 = ORIENTED_EDGE ( 'NONE', *, *, #2128, .F. ) ;
#4035 = ADVANCED_FACE ( 'NONE', ( #3481 ), #5226, .T. ) ;
#4036 = DIRECTION ( 'NONE',  ( -0.000000000000000000, -1.000000000000000000, -5.463695987328527423E-16 ) ) ;
#4037 = LINE ( 'NONE', #2758, #146 ) ;
#4038 = ADVANCED_FACE ( 'NONE', ( #4933 ), #5468, .T. ) ;
#4039 = VERTEX_POINT ( 'NONE', #1847 ) ;
#4040 = CARTESIAN_POINT ( 'NONE',  ( -6.125000000000000000, -2.710379740625795009, 0.5616031838164468049 ) ) ;
#4041 = DIRECTION ( 'NONE',  ( 0.000000000000000000, 0.000000000000000000, -1.000000000000000000 ) ) ;
#4042 = EDGE_LOOP ( 'NONE', ( #5288, #4352, #1967, #2167, #4776, #1615, #2897, #3642 ) ) ;
#4043 = CARTESIAN_POINT ( 'NONE',  ( -6.475499999999998479, -0.5000000000000000000, 1.219999999999999751 ) ) ;
#4044 = ORIENTED_EDGE ( 'NONE', *, *, #5480, .F. ) ;
#4045 = CARTESIAN_POINT ( 'NONE',  ( -6.125000000000000000, -0.3750000000000001665, 0.9039245083222339217 ) ) ;
#4046 = CARTESIAN_POINT ( 'NONE',  ( -6.451941905311157299, -0.4342527077332076768, 0.3902392455836133922 ) ) ;
#4047 = VERTEX_POINT ( 'NONE', #4213 ) ;
#4048 = CARTESIAN_POINT ( 'NONE',  ( -6.375000000000000000, -0.3995000000000002993, 0.1904534499058371522 ) ) ;
#4049 = B_SPLINE_CURVE_WITH_KNOTS ( 'NONE', 3,
 ( #3204, #2752, #3742, #4481, #4536, #4164, #2807, #1543, #181, #665, #3660, #5402, #270, #2380, #293, #4114 ),
 .UNSPECIFIED., .F., .F.,
 ( 4, 2, 2, 2, 2, 2, 2, 4 ),
 ( 0.004595480774133219211, 0.005009263683785690306, 0.005423046593438162269, 0.006250612412743103592, 0.006664395322395585096, 0.007078178232048065732, 0.007491961141700547236, 0.007905744051353028740 ),
 .UNSPECIFIED. ) ;
#4050 = DIRECTION ( 'NONE',  ( -1.000000000000000000, 0.000000000000000000, 0.000000000000000000 ) ) ;
#4051 = EDGE_CURVE ( 'NONE', #33, #472, #2314, .T. ) ;
#4052 = DIRECTION ( 'NONE',  ( 0.000000000000000000, 0.000000000000000000, -1.000000000000000000 ) ) ;
#4053 = CARTESIAN_POINT ( 'NONE',  ( -6.410188108489157877, -0.4058475883144305740, 0.2264675100413290898 ) ) ;
#4054 = VERTEX_POINT ( 'NONE', #2011 ) ;
#4055 = VERTEX_POINT ( 'NONE', #1429 ) ;
#4056 = VERTEX_POINT ( 'NONE', #3589 ) ;
#4057 = FACE_BOUND ( 'NONE', #2791, .T. ) ;
#4058 = FACE_OUTER_BOUND ( 'NONE', #1883, .T. ) ;
#4059 = CARTESIAN_POINT ( 'NONE',  ( -6.328238155229048090, -1.589162241837107858, 1.374226270043845899 ) ) ;
#4060 = ORIENTED_EDGE ( 'NONE', *, *, #5392, .F. ) ;
#4061 = EDGE_LOOP ( 'NONE', ( #2733, #5498, #4625, #234 ) ) ;
#4062 = DIRECTION ( 'NONE',  ( 1.000000000000000000, 0.000000000000000000, 0.000000000000000000 ) ) ;
#4063 = ADVANCED_FACE ( 'NONE', ( #1560 ), #2774, .F. ) ;
#4064 = VERTEX_POINT ( 'NONE', #2418 ) ;
#4065 = DIRECTION ( 'NONE',  ( -0.000000000000000000, 1.000000000000000000, -0.000000000000000000 ) ) ;
#4066 = EDGE_LOOP ( 'NONE', ( #1062, #2072, #208, #3239, #2017, #225 ) ) ;
#4067 = DIRECTION ( 'NONE',  ( -0.8571673007021117785, 1.049727191138617956E-16, 0.5150380749100550437 ) ) ;
#4068 = ORIENTED_EDGE ( 'NONE', *, *, #3491, .T. ) ;
#4069 = EDGE_CURVE ( 'NONE', #3710, #1670, #3763, .T. ) ;
#4070 = ORIENTED_EDGE ( 'NONE', *, *, #4648, .F. ) ;
#4071 = CARTESIAN_POINT ( 'NONE',  ( -6.375000000000000000, -1.195882546459554163, 0.4687500000000002776 ) ) ;
#4072 = PRODUCT_RELATED_PRODUCT_CATEGORY ( 'part', '', ( #5601 ) ) ;
#4073 = EDGE_CURVE ( 'NONE', #5365, #4476, #2573, .T. ) ;
#4074 = CARTESIAN_POINT ( 'NONE',  ( -6.343161285569357766, -0.4044784064728770279, 0.4149708553749028028 ) ) ;
#4075 = EDGE_LOOP ( 'NONE', ( #1704, #702, #4866, #2886, #915, #3722, #5158, #2811, #369, #1773, #343, #4089, #3621, #4601, #2473, #53, #2911, #4068, #3804, #187, #4543, #968, #3038, #3583, #1298, #1838 ) ) ;
#4076 = FACE_OUTER_BOUND ( 'NONE', #2699, .T. ) ;
#4077 = DIRECTION ( 'NONE',  ( 0.000000000000000000, -0.03432432496962139340, -0.9994107467479923512 ) ) ;
#4078 = CARTESIAN_POINT ( 'NONE',  ( -6.277423813956783505, -2.710379740625795009, 0.8271031838164467631 ) ) ;
#4079 = DIRECTION ( 'NONE',  ( 0.000000000000000000, 0.000000000000000000, 1.000000000000000000 ) ) ;
#4080 = ORIENTED_EDGE ( 'NONE', *, *, #2830, .F. ) ;
#4081 = ORIENTED_EDGE ( 'NONE', *, *, #5357, .T. ) ;
#4082 = ORIENTED_EDGE ( 'NONE', *, *, #954, .T. ) ;
#4083 = CYLINDRICAL_SURFACE ( 'NONE', #1214, 0.1181102362204724116 ) ;
#4084 = CIRCLE ( 'NONE', #822, 0.2344000000000001083 ) ;
#4085 = CARTESIAN_POINT ( 'NONE',  ( -6.375000000000000000, -1.499999999999998446, 1.375000000000000000 ) ) ;
#4086 = FACE_BOUND ( 'NONE', #2983, .T. ) ;
#4087 = LINE ( 'NONE', #3694, #3019 ) ;
#4088 = CIRCLE ( 'NONE', #5363, 0.07950000000000007061 ) ;
#4089 = ORIENTED_EDGE ( 'NONE', *, *, #3237, .T. ) ;
#4090 = DIRECTION ( 'NONE',  ( 0.000000000000000000, 0.000000000000000000, 1.000000000000000000 ) ) ;
#4091 = CIRCLE ( 'NONE', #1630, 0.1250000000000004441 ) ;
#4092 = EDGE_CURVE ( 'NONE', #2313, #4426, #3789, .T. ) ;
#4093 = ORIENTED_EDGE ( 'NONE', *, *, #5443, .T. ) ;
#4094 = FACE_OUTER_BOUND ( 'NONE', #3383, .T. ) ;
#4095 = EDGE_LOOP ( 'NONE', ( #870, #4232, #304, #1612, #3918, #4908, #4793, #1396, #853, #465, #1385, #3919, #1229, #626, #3016, #4303, #607, #4644, #872, #677, #4024, #613, #3493, #24, #5435, #5184 ) ) ;
#4096 = CARTESIAN_POINT ( 'NONE',  ( -6.125000000000000000, -5.799999999999998934, 1.725000000000000311 ) ) ;
#4097 = CIRCLE ( 'NONE', #3738, 0.05905511811023627516 ) ;
#4098 = DIRECTION ( 'NONE',  ( 1.000000000000000000, 0.000000000000000000, 0.000000000000000000 ) ) ;
#4099 = VERTEX_POINT ( 'NONE', #2440 ) ;
#4100 = DIRECTION ( 'NONE',  ( 0.000000000000000000, 0.000000000000000000, -1.000000000000000000 ) ) ;
#4101 = ORIENTED_EDGE ( 'NONE', *, *, #642, .T. ) ;
#4102 = AXIS2_PLACEMENT_3D ( 'NONE', #1178, #2964, #313 ) ;
#4103 = EDGE_CURVE ( 'NONE', #3132, #2436, #1587, .T. ) ;
#4104 = AXIS2_PLACEMENT_3D ( 'NONE', #2682, #4022, #3484 ) ;
#4105 = CARTESIAN_POINT ( 'NONE',  ( -6.506889763779526881, -2.399999999999999911, -0.1249999999999999861 ) ) ;
#4106 = DIRECTION ( 'NONE',  ( -0.000000000000000000, -0.000000000000000000, 1.000000000000000000 ) ) ;
#4107 = CARTESIAN_POINT ( 'NONE',  ( -4.433018566799289850, -2.414591607384101390, 0.9985441408460412616 ) ) ;
#4108 = ORIENTED_EDGE ( 'NONE', *, *, #5195, .F. ) ;
#4109 = VECTOR ( 'NONE', #4067, 39.37007874015748143 ) ;
#4110 = EDGE_CURVE ( 'NONE', #1871, #2931, #3211, .T. ) ;
#4111 = CARTESIAN_POINT ( 'NONE',  ( -6.125000000000000000, -5.955081525351289429, 2.100000000000000089 ) ) ;
#4112 = AXIS2_PLACEMENT_3D ( 'NONE', #3975, #4795, #904 ) ;
#4113 = AXIS2_PLACEMENT_3D ( 'NONE', #4579, #748, #1226 ) ;
#4114 = CARTESIAN_POINT ( 'NONE',  ( -6.375000000000000000, -0.3995000000000007989, 1.465453449905837813 ) ) ;
#4115 = LINE ( 'NONE', #4946, #1310 ) ;
#4116 = DIRECTION ( 'NONE',  ( -1.000000000000000000, -0.000000000000000000, -0.000000000000000000 ) ) ;
#4117 = ORIENTED_EDGE ( 'NONE', *, *, #2220, .T. ) ;
#4118 = CARTESIAN_POINT ( 'NONE',  ( -6.298721310326151901, -1.684347090460582841, 0.3813362791772005878 ) ) ;
#4119 = AXIS2_PLACEMENT_3D ( 'NONE', #3623, #1495, #209 ) ;
#4120 = DIRECTION ( 'NONE',  ( -1.000000000000000000, 0.000000000000000000, 0.000000000000000000 ) ) ;
#4121 = VECTOR ( 'NONE', #5041, 39.37007874015748143 ) ;
#4122 = EDGE_LOOP ( 'NONE', ( #5388, #2205, #4378, #1383, #178, #3347, #5096 ) ) ;
#4123 = CARTESIAN_POINT ( 'NONE',  ( -6.499999999999999112, -6.200984252499999627, 0.07711574749999990097 ) ) ;
#4124 = CIRCLE ( 'NONE', #4847, 0.1181102362204724116 ) ;
#4125 = EDGE_CURVE ( 'NONE', #4189, #159, #4573, .T. ) ;
#4126 = VECTOR ( 'NONE', #3806, 39.37007874015748143 ) ;
#4127 = ORIENTED_EDGE ( 'NONE', *, *, #1735, .F. ) ;
#4128 = DIRECTION ( 'NONE',  ( -1.000000000000000000, 0.000000000000000000, 0.000000000000000000 ) ) ;
#4129 = CARTESIAN_POINT ( 'NONE',  ( -6.475500000000065093, -4.503937009999948060, 0.4457194827810607718 ) ) ;
#4130 = VERTEX_POINT ( 'NONE', #5000 ) ;
#4131 = DIRECTION ( 'NONE',  ( 0.000000000000000000, 0.000000000000000000, 1.000000000000000000 ) ) ;
#4132 = ORIENTED_EDGE ( 'NONE', *, *, #5329, .F. ) ;
#4133 = DIRECTION ( 'NONE',  ( 1.000000000000000000, 0.000000000000000000, 0.000000000000000000 ) ) ;
#4134 = ORIENTED_EDGE ( 'NONE', *, *, #394, .T. ) ;
#4135 = FACE_OUTER_BOUND ( 'NONE', #523, .T. ) ;
#4136 = CARTESIAN_POINT ( 'NONE',  ( -6.374999999999998224, -0.5000000000000000000, 0.3749999999999999445 ) ) ;
#4137 = EDGE_CURVE ( 'NONE', #2436, #4430, #1971, .T. ) ;
#4138 = EDGE_LOOP ( 'NONE', ( #5547, #3833, #2052, #3469 ) ) ;
#4139 = CARTESIAN_POINT ( 'NONE',  ( -6.125000000000000000, -6.455905511811023345, -3.414809992080329023E-17 ) ) ;
#4140 = EDGE_CURVE ( 'NONE', #4604, #5514, #2867, .T. ) ;
#4141 = DIRECTION ( 'NONE',  ( 0.000000000000000000, 0.000000000000000000, 1.000000000000000000 ) ) ;
#4142 = LINE ( 'NONE', #3259, #669 ) ;
#4143 = EDGE_CURVE ( 'NONE', #4332, #5607, #4037, .T. ) ;
#4144 = ADVANCED_FACE ( 'NONE', ( #4541 ), #1862, .F. ) ;
#4145 = CARTESIAN_POINT ( 'NONE',  ( -6.125000000000000000, -0.9017594713191711131, 1.375000000000000000 ) ) ;
#4146 = DIRECTION ( 'NONE',  ( -1.000000000000000000, -0.000000000000000000, -0.000000000000000000 ) ) ;
#4147 = ORIENTED_EDGE ( 'NONE', *, *, #2949, .F. ) ;
#4148 = CYLINDRICAL_SURFACE ( 'NONE', #2000, 0.1181102362204724116 ) ;
#4149 = ORIENTED_EDGE ( 'NONE', *, *, #4433, .F. ) ;
#4150 = DIRECTION ( 'NONE',  ( -0.000000000000000000, 1.000000000000000000, -0.000000000000000000 ) ) ;
#4151 = CARTESIAN_POINT ( 'NONE',  ( -6.405233305685365863, -4.600082098393952990, 0.3664675361177732738 ) ) ;
#4152 = VERTEX_POINT ( 'NONE', #1885 ) ;
#4153 = CARTESIAN_POINT ( 'NONE',  ( -6.624999999999999112, -6.200984252499999627, 1.205412009999999867 ) ) ;
#4154 = DIRECTION ( 'NONE',  ( 0.000000000000000000, 0.000000000000000000, 1.000000000000000000 ) ) ;
#4155 = EDGE_LOOP ( 'NONE', ( #1433, #2971 ) ) ;
#4156 = DIRECTION ( 'NONE',  ( -1.000000000000000000, -0.000000000000000000, -0.000000000000000000 ) ) ;
#4157 = ORIENTED_EDGE ( 'NONE', *, *, #1171, .F. ) ;
#4158 = CARTESIAN_POINT ( 'NONE',  ( -6.624999999999999112, -0.4931102362204725087, 0.3749999999999999445 ) ) ;
#4159 = CARTESIAN_POINT ( 'NONE',  ( -6.410979434364863394, -0.4061611463397134525, 0.2483223787777761593 ) ) ;
#4160 = EDGE_CURVE ( 'NONE', #4917, #4223, #3480, .T. ) ;
#4161 = EDGE_LOOP ( 'NONE', ( #4722, #2609 ) ) ;
#4162 = CARTESIAN_POINT ( 'NONE',  ( -6.125000000000000000, -7.549999999999999822, 2.099999999999999645 ) ) ;
#4163 = LINE ( 'NONE', #5451, #5575 ) ;
#4164 = CARTESIAN_POINT ( 'NONE',  ( -6.407925871490615322, -0.4048416191836796130, 1.534412631609371358 ) ) ;
#4165 = DIRECTION ( 'NONE',  ( -0.000000000000000000, 1.000000000000000000, -0.000000000000000000 ) ) ;
#4166 = ORIENTED_EDGE ( 'NONE', *, *, #2138, .F. ) ;
#4167 = DIRECTION ( 'NONE',  ( 0.000000000000000000, 0.000000000000000000, 1.000000000000000000 ) ) ;
#4168 = ADVANCED_FACE ( 'NONE', ( #1468 ), #3210, .T. ) ;
#4169 = DIRECTION ( 'NONE',  ( -0.000000000000000000, 1.000000000000000000, 0.000000000000000000 ) ) ;
#4170 = CIRCLE ( 'NONE', #3817, 0.1181102362204725503 ) ;
#4171 = EDGE_CURVE ( 'NONE', #4039, #63, #4030, .T. ) ;
#4172 = ADVANCED_FACE ( 'NONE', ( #5116 ), #602, .F. ) ;
#4173 = CARTESIAN_POINT ( 'NONE',  ( -6.125000000000000000, -5.799999999999998934, 1.490600000000000147 ) ) ;
#4174 = ORIENTED_EDGE ( 'NONE', *, *, #363, .T. ) ;
#4175 = CARTESIAN_POINT ( 'NONE',  ( -4.433018566799289850, -3.987771497362133655, 0.2229550020317796200 ) ) ;
#4176 = VERTEX_POINT ( 'NONE', #5148 ) ;
#4177 = ADVANCED_FACE ( 'NONE', ( #2088 ), #5083, .F. ) ;
#4178 = VERTEX_POINT ( 'NONE', #1222 ) ;
#4179 = AXIS2_PLACEMENT_3D ( 'NONE', #4633, #2016, #2528 ) ;
#4180 = DIRECTION ( 'NONE',  ( 0.000000000000000000, 0.000000000000000000, 1.000000000000000000 ) ) ;
#4181 = EDGE_LOOP ( 'NONE', ( #2517, #3577, #4268, #1618 ) ) ;
#4182 = CARTESIAN_POINT ( 'NONE',  ( -6.291069510159485567, -0.4443779281096260081, 0.3853809011966557452 ) ) ;
#4183 = CIRCLE ( 'NONE', #3912, 0.1000000000000000194 ) ;
#4184 = CIRCLE ( 'NONE', #1454, 0.4249999999999999889 ) ;
#4185 = CIRCLE ( 'NONE', #841, 0.1000000000000000056 ) ;
#4186 = CARTESIAN_POINT ( 'NONE',  ( -6.274499999999997968, -4.503937010000000463, 1.219999999999999751 ) ) ;
#4187 = CARTESIAN_POINT ( 'NONE',  ( -6.125000000000000000, -3.810379740625795542, 0.8648822026927610596 ) ) ;
#4188 = EDGE_CURVE ( 'NONE', #3553, #1948, #2888, .T. ) ;
#4189 = VERTEX_POINT ( 'NONE', #1579 ) ;
#4190 = AXIS2_PLACEMENT_3D ( 'NONE', #256, #2868, #4952 ) ;
#4191 = VECTOR ( 'NONE', #4133, 39.37007874015748143 ) ;
#4192 = LINE ( 'NONE', #5532, #3114 ) ;
#4193 = DIRECTION ( 'NONE',  ( 0.000000000000000000, -1.000000000000000000, 0.000000000000000000 ) ) ;
#4194 = CARTESIAN_POINT ( 'NONE',  ( -6.243110236220472231, -2.399999999999999467, 0.000000000000000000 ) ) ;
#4195 = CARTESIAN_POINT ( 'NONE',  ( -6.243110236220472231, 2.652276394531333236E-16, 0.4749999999999997002 ) ) ;
#4196 = ORIENTED_EDGE ( 'NONE', *, *, #1668, .F. ) ;
#4197 = CONICAL_SURFACE ( 'NONE', #4925, 0.07950000000000007061, 1.029744258676656754 ) ;
#4198 = DIRECTION ( 'NONE',  ( 0.000000000000000000, 0.000000000000000000, -1.000000000000000000 ) ) ;
#4199 = DIRECTION ( 'NONE',  ( -1.000000000000000000, 0.000000000000000000, 0.000000000000000000 ) ) ;
#4200 = VECTOR ( 'NONE', #498, 39.37007874015748143 ) ;
#4201 = AXIS2_PLACEMENT_3D ( 'NONE', #470, #888, #5258 ) ;
#4202 = CARTESIAN_POINT ( 'NONE',  ( -6.375000000000000000, -0.3799999999999998934, 0.2375000000000014322 ) ) ;
#4203 = EDGE_CURVE ( 'NONE', #1451, #2622, #319, .T. ) ;
#4204 = ORIENTED_EDGE ( 'NONE', *, *, #1090, .F. ) ;
#4205 = FACE_BOUND ( 'NONE', #3506, .T. ) ;
#4206 = AXIS2_PLACEMENT_3D ( 'NONE', #249, #5367, #2378 ) ;
#4207 = EDGE_CURVE ( 'NONE', #5207, #5479, #4254, .T. ) ;
#4208 = CYLINDRICAL_SURFACE ( 'NONE', #3769, 0.1000000000000000194 ) ;
#4209 = ORIENTED_EDGE ( 'NONE', *, *, #1078, .F. ) ;
#4210 = VECTOR ( 'NONE', #3134, 39.37007874015748143 ) ;
#4211 = ORIENTED_EDGE ( 'NONE', *, *, #5340, .F. ) ;
#4212 = CIRCLE ( 'NONE', #1487, 0.2344000000000001083 ) ;
#4213 = CARTESIAN_POINT ( 'NONE',  ( -6.375000000000000000, -1.195882546459554163, 0.8750000000000001110 ) ) ;
#4214 = LINE ( 'NONE', #359, #4576 ) ;
#4215 = EDGE_CURVE ( 'NONE', #429, #3710, #4212, .T. ) ;
#4216 = PLANE ( 'NONE',  #3086 ) ;
#4217 = ORIENTED_EDGE ( 'NONE', *, *, #1730, .T. ) ;
#4218 = CARTESIAN_POINT ( 'NONE',  ( -6.275197072107718377, -0.4864068917614850496, 0.3749999999999998335 ) ) ;
#4219 = EDGE_CURVE ( 'NONE', #4815, #4443, #5130, .T. ) ;
#4220 = ORIENTED_EDGE ( 'NONE', *, *, #4143, .T. ) ;
#4221 = DIRECTION ( 'NONE',  ( 0.000000000000000000, 0.000000000000000000, 1.000000000000000000 ) ) ;
#4222 = CARTESIAN_POINT ( 'NONE',  ( 8.514999999999998792, -1.195882546459554163, 0.6250000000000000000 ) ) ;
#4223 = VERTEX_POINT ( 'NONE', #1275 ) ;
#4224 = CARTESIAN_POINT ( 'NONE',  ( -6.274499999999997968, -4.503937010000000463, 0.000000000000000000 ) ) ;
#4225 = DIRECTION ( 'NONE',  ( 1.000000000000000000, -0.000000000000000000, -0.000000000000000000 ) ) ;
#4226 = LINE ( 'NONE', #3802, #1027 ) ;
#4227 = CARTESIAN_POINT ( 'NONE',  ( -6.624999999999999112, -1.195882546459554163, 0.6250000000000000000 ) ) ;
#4228 = ORIENTED_EDGE ( 'NONE', *, *, #3794, .T. ) ;
#4229 = CARTESIAN_POINT ( 'NONE',  ( -6.471730997484551828, -1.722735295240119813, 0.3749999999999999445 ) ) ;
#4230 = DIRECTION ( 'NONE',  ( 0.000000000000000000, 1.000000000000000000, -2.689493738687667823E-16 ) ) ;
#4231 = DIRECTION ( 'NONE',  ( -1.000000000000000000, 0.000000000000000000, 0.000000000000000000 ) ) ;
#4232 = ORIENTED_EDGE ( 'NONE', *, *, #4188, .T. ) ;
#4233 = CARTESIAN_POINT ( 'NONE',  ( -6.624999999999999112, -2.518110236220472586, 0.000000000000000000 ) ) ;
#4234 = ORIENTED_EDGE ( 'NONE', *, *, #3638, .F. ) ;
#4235 = ORIENTED_EDGE ( 'NONE', *, *, #964, .T. ) ;
#4236 = CARTESIAN_POINT ( 'NONE',  ( 8.514999999999998792, -1.575307679196802813, 1.256889763779527325 ) ) ;
#4237 = DIRECTION ( 'NONE',  ( 1.000000000000000000, -0.000000000000000000, -0.000000000000000000 ) ) ;
#4238 = DIRECTION ( 'NONE',  ( 0.000000000000000000, 1.224646799147353700E-16, -1.000000000000000000 ) ) ;
#4239 = VERTEX_POINT ( 'NONE', #774 ) ;
#4240 = DIRECTION ( 'NONE',  ( -1.000000000000000000, 0.000000000000000000, 0.000000000000000000 ) ) ;
#4241 = EDGE_CURVE ( 'NONE', #3845, #2766, #412, .T. ) ;
#4242 = ORIENTED_EDGE ( 'NONE', *, *, #1134, .F. ) ;
#4243 = EDGE_CURVE ( 'NONE', #4879, #4047, #3672, .T. ) ;
#4244 = DIRECTION ( 'NONE',  ( -1.000000000000000000, -0.000000000000000000, -0.000000000000000000 ) ) ;
#4245 = CARTESIAN_POINT ( 'NONE',  ( -6.624999999999999112, -6.379711545037729969, 1.933600421261356006 ) ) ;
#4246 = ORIENTED_EDGE ( 'NONE', *, *, #1972, .T. ) ;
#4247 = DIRECTION ( 'NONE',  ( -0.000000000000000000, 1.000000000000000000, 0.000000000000000000 ) ) ;
#4248 = FACE_OUTER_BOUND ( 'NONE', #4973, .T. ) ;
#4249 = LINE ( 'NONE', #2995, #1917 ) ;
#4250 = CARTESIAN_POINT ( 'NONE',  ( -6.125000000000000000, -3.750000000000000000, 1.750000000000000000 ) ) ;
#4251 = ORIENTED_EDGE ( 'NONE', *, *, #3307, .F. ) ;
#4252 = EDGE_CURVE ( 'NONE', #2861, #807, #4620, .T. ) ;
#4253 = CARTESIAN_POINT ( 'NONE',  ( -6.352961397391209353, -1.651792161278176074, 0.3986728946652869920 ) ) ;
#4254 = LINE ( 'NONE', #3781, #4577 ) ;
#4255 = DIRECTION ( 'NONE',  ( -0.000000000000000000, 1.000000000000000000, -0.000000000000000000 ) ) ;
#4256 = ORIENTED_EDGE ( 'NONE', *, *, #2360, .T. ) ;
#4257 = CARTESIAN_POINT ( 'NONE',  ( -6.243110236220472231, -7.263505523289314782E-17, 0.5931102362204720979 ) ) ;
#4258 = DIRECTION ( 'NONE',  ( -1.000000000000000000, 0.000000000000000000, 0.000000000000000000 ) ) ;
#4259 = ORIENTED_EDGE ( 'NONE', *, *, #5450, .T. ) ;
#4260 = ADVANCED_FACE ( 'NONE', ( #4710 ), #1606, .F. ) ;
#4261 = EDGE_LOOP ( 'NONE', ( #275, #4101, #786, #2092 ) ) ;
#4262 = FACE_OUTER_BOUND ( 'NONE', #4122, .T. ) ;
#4263 = DIRECTION ( 'NONE',  ( 0.000000000000000000, 0.000000000000000000, 1.000000000000000000 ) ) ;
#4264 = DIRECTION ( 'NONE',  ( 1.000000000000000000, -0.000000000000000000, -0.000000000000000000 ) ) ;
#4265 = ORIENTED_EDGE ( 'NONE', *, *, #3767, .F. ) ;
#4266 = DIRECTION ( 'NONE',  ( 0.000000000000000000, -4.268512490100409923E-16, -1.000000000000000000 ) ) ;
#4267 = CONICAL_SURFACE ( 'NONE', #5272, 0.1004999999999996452, 1.029744258676653423 ) ;
#4268 = ORIENTED_EDGE ( 'NONE', *, *, #1609, .T. ) ;
#4269 = DIRECTION ( 'NONE',  ( 0.000000000000000000, 0.000000000000000000, 1.000000000000000000 ) ) ;
#4270 = VECTOR ( 'NONE', #2772, 39.37007874015748143 ) ;
#4271 = CARTESIAN_POINT ( 'NONE',  ( -6.624999999999999112, -2.546717713877304945, 1.069266085778232345 ) ) ;
#4272 = EDGE_CURVE ( 'NONE', #3961, #4691, #2025, .T. ) ;
#4273 = CARTESIAN_POINT ( 'NONE',  ( -6.125000000000000000, 0.000000000000000000, 0.000000000000000000 ) ) ;
#4274 = EDGE_CURVE ( 'NONE', #3579, #1112, #1248, .T. ) ;
#4275 = AXIS2_PLACEMENT_3D ( 'NONE', #1800, #2724, #942 ) ;
#4276 = AXIS2_PLACEMENT_3D ( 'NONE', #1164, #1918, #2456 ) ;
#4277 = DIRECTION ( 'NONE',  ( 0.000000000000000000, -0.7913775161201497266, 0.6113277574096418476 ) ) ;
#4278 = DIRECTION ( 'NONE',  ( -1.000000000000000000, -0.000000000000000000, -0.000000000000000000 ) ) ;
#4279 = CARTESIAN_POINT ( 'NONE',  ( -6.125000000000000000, -2.399999999999999467, 0.000000000000000000 ) ) ;
#4280 = DIRECTION ( 'NONE',  ( -1.000000000000000000, 0.000000000000000000, 0.000000000000000000 ) ) ;
#4281 = ORIENTED_EDGE ( 'NONE', *, *, #2773, .T. ) ;
#4282 = AXIS2_PLACEMENT_3D ( 'NONE', #4658, #444, #827 ) ;
#4283 = EDGE_LOOP ( 'NONE', ( #918, #4108, #5219, #3061 ) ) ;
#4284 = DIRECTION ( 'NONE',  ( 0.000000000000000000, 0.5150380749100522682, 0.8571673007021134438 ) ) ;
#4285 = CIRCLE ( 'NONE', #2377, 0.1329999999999999238 ) ;
#4286 = EDGE_CURVE ( 'NONE', #1341, #1170, #3305, .T. ) ;
#4287 = CARTESIAN_POINT ( 'NONE',  ( -4.433018566799289850, -2.543285281380342600, 1.169207160453031635 ) ) ;
#4288 = DIRECTION ( 'NONE',  ( -0.000000000000000000, -0.000000000000000000, -1.000000000000000000 ) ) ;
#4289 = AXIS2_PLACEMENT_3D ( 'NONE', #2406, #1575, #5027 ) ;
#4290 = AXIS2_PLACEMENT_3D ( 'NONE', #2824, #3154, #1426 ) ;
#4291 = CARTESIAN_POINT ( 'NONE',  ( -6.375000000000000000, -0.3799999999999998934, 1.592000000000001414 ) ) ;
#4292 = ORIENTED_EDGE ( 'NONE', *, *, #3440, .F. ) ;
#4293 = LINE ( 'NONE', #2606, #414 ) ;
#4294 = AXIS2_PLACEMENT_3D ( 'NONE', #2887, #1247, #824 ) ;
#4295 = CARTESIAN_POINT ( 'NONE',  ( -4.433018566799289850, -3.953609334557723454, 1.217644123204584927 ) ) ;
#4296 = VECTOR ( 'NONE', #5264, 39.37007874015748143 ) ;
#4297 = EDGE_CURVE ( 'NONE', #1198, #439, #2125, .T. ) ;
#4298 = ORIENTED_EDGE ( 'NONE', *, *, #743, .F. ) ;
#4299 = DIRECTION ( 'NONE',  ( 1.000000000000000000, -0.000000000000000000, -0.000000000000000000 ) ) ;
#4300 = VECTOR ( 'NONE', #4193, 39.37007874015748143 ) ;
#4301 = VECTOR ( 'NONE', #5208, 39.37007874015748854 ) ;
#4302 = CARTESIAN_POINT ( 'NONE',  ( -6.125000000000000000, -3.810379740625795542, 0.8648822026927610596 ) ) ;
#4303 = ORIENTED_EDGE ( 'NONE', *, *, #1524, .F. ) ;
#4304 = DIRECTION ( 'NONE',  ( 1.000000000000000000, -0.000000000000000000, -0.000000000000000000 ) ) ;
#4305 = ORIENTED_EDGE ( 'NONE', *, *, #3749, .F. ) ;
#4306 = CIRCLE ( 'NONE', #2399, 0.1181102362204724116 ) ;
#4307 = AXIS2_PLACEMENT_3D ( 'NONE', #147, #3133, #4438 ) ;
#4308 = VERTEX_POINT ( 'NONE', #2433 ) ;
#4309 = LINE ( 'NONE', #3908, #1102 ) ;
#4310 = DIRECTION ( 'NONE',  ( 0.000000000000000000, 0.000000000000000000, 1.000000000000000000 ) ) ;
#4311 = AXIS2_PLACEMENT_3D ( 'NONE', #1439, #5372, #2784 ) ;
#4312 = DIRECTION ( 'NONE',  ( -0.000000000000000000, -0.000000000000000000, -1.000000000000000000 ) ) ;
#4313 = DIRECTION ( 'NONE',  ( 0.000000000000000000, 0.000000000000000000, 1.000000000000000000 ) ) ;
#4314 = CARTESIAN_POINT ( 'NONE',  ( -6.375000000000000000, 0.5000000000000000000, 0.1580000000000013616 ) ) ;
#4315 = ADVANCED_FACE ( 'NONE', ( #825 ), #2547, .F. ) ;
#4316 = CARTESIAN_POINT ( 'NONE',  ( -6.354908000497657028, -0.4014197460655068439, 1.473161187818377238 ) ) ;
#4317 = ORIENTED_EDGE ( 'NONE', *, *, #5225, .T. ) ;
#4318 = ORIENTED_EDGE ( 'NONE', *, *, #3911, .F. ) ;
#4319 = DIRECTION ( 'NONE',  ( -1.000000000000000000, 0.000000000000000000, 0.000000000000000000 ) ) ;
#4320 = CARTESIAN_POINT ( 'NONE',  ( -6.277423813956783505, -2.710379740625795009, 0.9601031838164467702 ) ) ;
#4321 = EDGE_CURVE ( 'NONE', #4350, #1033, #2033, .T. ) ;
#4322 = ADVANCED_FACE ( 'NONE', ( #3111 ), #3996, .T. ) ;
#4323 = VECTOR ( 'NONE', #1258, 39.37007874015748143 ) ;
#4324 = EDGE_LOOP ( 'NONE', ( #1610, #634, #1501, #706 ) ) ;
#4325 = CARTESIAN_POINT ( 'NONE',  ( -6.624999999999999112, -2.331713897127457802, 0.9425862536216667031 ) ) ;
#4326 = ORIENTED_EDGE ( 'NONE', *, *, #2144, .F. ) ;
#4327 = DIRECTION ( 'NONE',  ( -1.000000000000000000, -0.000000000000000000, -0.000000000000000000 ) ) ;
#4328 = CARTESIAN_POINT ( 'NONE',  ( -6.317917372549466393, -1.582934607608313948, 1.374794956927566369 ) ) ;
#4329 = ORIENTED_EDGE ( 'NONE', *, *, #3808, .T. ) ;
#4330 = DIRECTION ( 'NONE',  ( 1.000000000000000000, -0.000000000000000000, -0.000000000000000000 ) ) ;
#4331 = EDGE_CURVE ( 'NONE', #2613, #5221, #2666, .T. ) ;
#4332 = VERTEX_POINT ( 'NONE', #2150 ) ;
#4333 = CARTESIAN_POINT ( 'NONE',  ( -6.624999999999999112, -6.453937009999998864, 1.010826773779529120 ) ) ;
#4334 = CARTESIAN_POINT ( 'NONE',  ( -6.125000000000000000, -5.475640568704954525, 1.959374999999999867 ) ) ;
#4335 = VERTEX_POINT ( 'NONE', #526 ) ;
#4336 = CARTESIAN_POINT ( 'NONE',  ( -6.125000000000000000, -4.031889763779526348, 2.100000000000000089 ) ) ;
#4337 = PLANE ( 'NONE',  #3025 ) ;
#4338 = EDGE_CURVE ( 'NONE', #223, #4525, #5203, .T. ) ;
#4339 = CARTESIAN_POINT ( 'NONE',  ( -6.125000000000000000, -6.455905511811023345, -0.1250000000000000278 ) ) ;
#4340 = DIRECTION ( 'NONE',  ( 1.000000000000000000, -0.000000000000000000, -0.000000000000000000 ) ) ;
#4341 = ORIENTED_EDGE ( 'NONE', *, *, #1204, .T. ) ;
#4342 = ORIENTED_EDGE ( 'NONE', *, *, #331, .F. ) ;
#4343 = CARTESIAN_POINT ( 'NONE',  ( -6.375000000000000000, -0.3799999999999998934, 0.3170000000000015028 ) ) ;
#4344 = CARTESIAN_POINT ( 'NONE',  ( -6.375000000000000000, -2.543285281380342600, 1.169207160453031635 ) ) ;
#4345 = FACE_OUTER_BOUND ( 'NONE', #4346, .T. ) ;
#4346 = EDGE_LOOP ( 'NONE', ( #4411, #722, #727, #3516 ) ) ;
#4347 = DIRECTION ( 'NONE',  ( -1.000000000000000000, 0.000000000000000000, 0.000000000000000000 ) ) ;
#4348 = ADVANCED_FACE ( 'NONE', ( #5252 ), #1667, .F. ) ;
#4349 = CARTESIAN_POINT ( 'NONE',  ( -6.125000000000000000, -1.722735295240119813, 0.4931102362204723977 ) ) ;
#4350 = VERTEX_POINT ( 'NONE', #93 ) ;
#4351 = DIRECTION ( 'NONE',  ( 1.000000000000000000, 0.000000000000000000, 0.000000000000000000 ) ) ;
#4352 = ORIENTED_EDGE ( 'NONE', *, *, #1841, .T. ) ;
#4353 = DIRECTION ( 'NONE',  ( 1.000000000000000000, 0.000000000000000000, 0.000000000000000000 ) ) ;
#4354 = ORIENTED_EDGE ( 'NONE', *, *, #4252, .F. ) ;
#4355 = ADVANCED_FACE ( 'NONE', ( #1793 ), #1065, .T. ) ;
#4356 = AXIS2_PLACEMENT_3D ( 'NONE', #2826, #710, #1490 ) ;
#4357 = DIRECTION ( 'NONE',  ( 1.000000000000000000, 0.000000000000000000, 0.000000000000000000 ) ) ;
#4358 = FACE_BOUND ( 'NONE', #4477, .T. ) ;
#4359 = ORIENTED_EDGE ( 'NONE', *, *, #2858, .F. ) ;
#4360 = AXIS2_PLACEMENT_3D ( 'NONE', #5268, #2140, #430 ) ;
#4361 = CARTESIAN_POINT ( 'NONE',  ( 8.514999999999998792, -0.6690297976789886247, 0.3749999999999999445 ) ) ;
#4362 = LINE ( 'NONE', #488, #3942 ) ;
#4363 = EDGE_CURVE ( 'NONE', #5318, #117, #2848, .T. ) ;
#4364 = DIRECTION ( 'NONE',  ( -1.000000000000000000, -0.000000000000000000, -0.000000000000000000 ) ) ;
#4365 = CARTESIAN_POINT ( 'NONE',  ( -6.125000000000000000, -6.064173226220472834, 1.010826773779529120 ) ) ;
#4366 = ORIENTED_EDGE ( 'NONE', *, *, #864, .F. ) ;
#4367 = EDGE_LOOP ( 'NONE', ( #3877, #4716, #2031, #1749, #340, #5254 ) ) ;
#4368 = FACE_OUTER_BOUND ( 'NONE', #1910, .T. ) ;
#4369 = VECTOR ( 'NONE', #4319, 39.37007874015748143 ) ;
#4370 = ORIENTED_EDGE ( 'NONE', *, *, #459, .F. ) ;
#4371 = CARTESIAN_POINT ( 'NONE',  ( -6.130122378481918766, -5.382884279270600203, 1.890688381009011154 ) ) ;
#4372 = VECTOR ( 'NONE', #2485, 39.37007874015748143 ) ;
#4373 = ORIENTED_EDGE ( 'NONE', *, *, #2046, .F. ) ;
#4374 = DIRECTION ( 'NONE',  ( 0.000000000000000000, 0.000000000000000000, 1.000000000000000000 ) ) ;
#4375 = CARTESIAN_POINT ( 'NONE',  ( -6.624999999999999112, 0.000000000000000000, 0.000000000000000000 ) ) ;
#4376 = VECTOR ( 'NONE', #3233, 39.37007874015748143 ) ;
#4377 = EDGE_CURVE ( 'NONE', #961, #5607, #3861, .T. ) ;
#4378 = ORIENTED_EDGE ( 'NONE', *, *, #3963, .T. ) ;
#4379 = CARTESIAN_POINT ( 'NONE',  ( -6.125000000000000000, -6.799999999999999822, 0.7812499999999988898 ) ) ;
#4380 = ORIENTED_EDGE ( 'NONE', *, *, #4900, .T. ) ;
#4381 = DIRECTION ( 'NONE',  ( 0.000000000000000000, 0.000000000000000000, 1.000000000000000000 ) ) ;
#4382 = CIRCLE ( 'NONE', #1389, 0.1181102362204725503 ) ;
#4383 = EDGE_CURVE ( 'NONE', #726, #4444, #2007, .T. ) ;
#4384 = AXIS2_PLACEMENT_3D ( 'NONE', #4344, #2661, #467 ) ;
#4385 = AXIS2_PLACEMENT_3D ( 'NONE', #382, #329, #299 ) ;
#4386 = DIRECTION ( 'NONE',  ( 0.000000000000000000, 0.000000000000000000, 1.000000000000000000 ) ) ;
#4387 = EDGE_CURVE ( 'NONE', #2611, #3247, #1753, .T. ) ;
#4388 = CARTESIAN_POINT ( 'NONE',  ( -6.356999999999999318, -5.799999999999998934, 1.853499999999998593 ) ) ;
#4389 = VECTOR ( 'NONE', #1942, 39.37007874015748143 ) ;
#4390 = FACE_OUTER_BOUND ( 'NONE', #1104, .T. ) ;
#4391 = AXIS2_PLACEMENT_3D ( 'NONE', #4646, #2966, #4613 ) ;
#4392 = CARTESIAN_POINT ( 'NONE',  ( -6.125000000000000000, -7.263505523289314782E-17, 0.5931102362204720979 ) ) ;
#4393 = DIRECTION ( 'NONE',  ( 1.000000000000000000, -0.000000000000000000, -0.000000000000000000 ) ) ;
#4394 = CIRCLE ( 'NONE', #1935, 0.1181102362204724116 ) ;
#4395 = DIRECTION ( 'NONE',  ( 1.000000000000000000, -0.000000000000000000, -0.000000000000000000 ) ) ;
#4396 = LINE ( 'NONE', #2203, #576 ) ;
#4397 = VERTEX_POINT ( 'NONE', #2817 ) ;
#4398 = VERTEX_POINT ( 'NONE', #647 ) ;
#4399 = CARTESIAN_POINT ( 'NONE',  ( -6.624999999999999112, -0.4931102362204725087, 0.3749999999999999445 ) ) ;
#4400 = DIRECTION ( 'NONE',  ( 0.000000000000000000, 0.000000000000000000, -1.000000000000000000 ) ) ;
#4401 = ORIENTED_EDGE ( 'NONE', *, *, #2646, .F. ) ;
#4402 = LINE ( 'NONE', #2178, #4746 ) ;
#4403 = CARTESIAN_POINT ( 'NONE',  ( -6.203815843626301785, -5.306443514499773251, 1.875070262308147662 ) ) ;
#4404 = CARTESIAN_POINT ( 'NONE',  ( -6.375000000000000000, -0.3799999999999998934, 1.433000000000001384 ) ) ;
#4405 = EDGE_CURVE ( 'NONE', #3845, #2654, #2857, .T. ) ;
#4406 = ORIENTED_EDGE ( 'NONE', *, *, #2646, .T. ) ;
#4407 = DIRECTION ( 'NONE',  ( 0.000000000000000000, -5.463695987328527423E-16, 1.000000000000000000 ) ) ;
#4408 = ORIENTED_EDGE ( 'NONE', *, *, #1654, .F. ) ;
#4409 = B_SPLINE_CURVE_WITH_KNOTS ( 'NONE', 3,
 ( #4705, #1218, #4768, #4316, #1270, #879, #3426, #5077, #437, #2030, #5170, #3778, #1661, #5513, #2084, #3866, #4735, #3368 ),
 .UNSPECIFIED., .F., .F.,
 ( 4, 2, 2, 2, 2, 2, 2, 2, 4 ),
 ( 0.001283900393193667441, 0.001697847940811111466, 0.002111795488428555492, 0.002525743036045999083, 0.002939690583663443109, 0.003353638131280887134, 0.003767585678898331160, 0.004181533226515775185, 0.004595480774133219211 ),
 .UNSPECIFIED. ) ;
#4410 = CARTESIAN_POINT ( 'NONE',  ( -6.454851963759567823, -4.442913130381114684, 0.5300000000000001377 ) ) ;
#4411 = ORIENTED_EDGE ( 'NONE', *, *, #1185, .F. ) ;
#4412 = CARTESIAN_POINT ( 'NONE',  ( -6.375000000000000000, -6.799999999999999822, 0.6249999999999992228 ) ) ;
#4413 = CARTESIAN_POINT ( 'NONE',  ( -6.125000000000000000, 0.5000000000000002220, 1.274999999999999911 ) ) ;
#4414 = EDGE_CURVE ( 'NONE', #1413, #232, #2216, .T. ) ;
#4415 = CARTESIAN_POINT ( 'NONE',  ( -6.125000000000000000, -3.270677038116681423, 0.8116694692302066638 ) ) ;
#4416 = CARTESIAN_POINT ( 'NONE',  ( -6.624999999999999112, -2.078882640153934425, 0.4931102362204723977 ) ) ;
#4417 = DIRECTION ( 'NONE',  ( -1.000000000000000000, 0.000000000000000000, 0.000000000000000000 ) ) ;
#4418 = DIRECTION ( 'NONE',  ( 1.000000000000000000, -0.000000000000000000, -0.000000000000000000 ) ) ;
#4419 = ORIENTED_EDGE ( 'NONE', *, *, #3140, .T. ) ;
#4420 = ORIENTED_EDGE ( 'NONE', *, *, #788, .T. ) ;
#4421 = VERTEX_POINT ( 'NONE', #4922 ) ;
#4422 = CARTESIAN_POINT ( 'NONE',  ( -6.125000000000000000, -2.143131898507867804E-16, 1.750000000000000000 ) ) ;
#4423 = ORIENTED_EDGE ( 'NONE', *, *, #4684, .T. ) ;
#4424 = DIRECTION ( 'NONE',  ( -1.000000000000000000, 0.000000000000000000, 0.000000000000000000 ) ) ;
#4425 = DIRECTION ( 'NONE',  ( -0.000000000000000000, 1.000000000000000000, 5.463695987328527423E-16 ) ) ;
#4426 = VERTEX_POINT ( 'NONE', #280 ) ;
#4427 = ORIENTED_EDGE ( 'NONE', *, *, #3588, .T. ) ;
#4428 = DIRECTION ( 'NONE',  ( 0.000000000000000000, -1.224646799147352961E-16, 1.000000000000000000 ) ) ;
#4429 = EDGE_CURVE ( 'NONE', #3994, #1713, #1074, .T. ) ;
#4430 = VERTEX_POINT ( 'NONE', #2038 ) ;
#4431 = CARTESIAN_POINT ( 'NONE',  ( -6.274499999999998856, -4.491801008503911063, 0.4589423833174829381 ) ) ;
#4432 = ORIENTED_EDGE ( 'NONE', *, *, #3844, .T. ) ;
#4433 = EDGE_CURVE ( 'NONE', #3883, #3905, #3811, .T. ) ;
#4434 = DIRECTION ( 'NONE',  ( -0.000000000000000000, 1.000000000000000000, -0.000000000000000000 ) ) ;
#4435 = DIRECTION ( 'NONE',  ( -1.000000000000000000, 0.000000000000000000, 0.000000000000000000 ) ) ;
#4436 = VERTEX_POINT ( 'NONE', #749 ) ;
#4437 = CARTESIAN_POINT ( 'NONE',  ( -6.339034013271302115, -0.4061559921848520438, 0.2430003036325970867 ) ) ;
#4438 = DIRECTION ( 'NONE',  ( 0.000000000000000000, 0.000000000000000000, 1.000000000000000000 ) ) ;
#4439 = DIRECTION ( 'NONE',  ( -1.000000000000000000, -0.000000000000000000, -0.000000000000000000 ) ) ;
#4440 = EDGE_CURVE ( 'NONE', #1256, #1799, #3036, .T. ) ;
#4441 = DIRECTION ( 'NONE',  ( -1.000000000000000000, 0.000000000000000000, 0.000000000000000000 ) ) ;
#4442 = DIRECTION ( 'NONE',  ( -1.000000000000000000, -0.000000000000000000, -0.000000000000000000 ) ) ;
#4443 = VERTEX_POINT ( 'NONE', #3876 ) ;
#4444 = VERTEX_POINT ( 'NONE', #5577 ) ;
#4445 = ADVANCED_FACE ( 'NONE', ( #3346 ), #4208, .T. ) ;
#4446 = ORIENTED_EDGE ( 'NONE', *, *, #37, .F. ) ;
#4447 = ORIENTED_EDGE ( 'NONE', *, *, #4581, .T. ) ;
#4448 = LINE ( 'NONE', #2379, #1480 ) ;
#4449 = FACE_BOUND ( 'NONE', #4982, .T. ) ;
#4450 = FACE_OUTER_BOUND ( 'NONE', #3851, .T. ) ;
#4451 = EDGE_CURVE ( 'NONE', #165, #1308, #1196, .T. ) ;
#4452 = AXIS2_PLACEMENT_3D ( 'NONE', #83, #1072, #5303 ) ;
#4453 = CIRCLE ( 'NONE', #4276, 0.07950000000000007061 ) ;
#4454 = DIRECTION ( 'NONE',  ( 1.000000000000000000, -0.000000000000000000, -0.000000000000000000 ) ) ;
#4455 = AXIS2_PLACEMENT_3D ( 'NONE', #34, #4791, #3508 ) ;
#4456 = ORIENTED_EDGE ( 'NONE', *, *, #1159, .F. ) ;
#4457 = CIRCLE ( 'NONE', #5015, 0.1004999999999996452 ) ;
#4458 = DIRECTION ( 'NONE',  ( -0.000000000000000000, -0.000000000000000000, -1.000000000000000000 ) ) ;
#4459 = CARTESIAN_POINT ( 'NONE',  ( -6.274500000000002409, -5.699999999999998401, 0.000000000000000000 ) ) ;
#4460 = ORIENTED_EDGE ( 'NONE', *, *, #1923, .F. ) ;
#4461 = CARTESIAN_POINT ( 'NONE',  ( -6.374999999999998224, -0.5000000000000000000, 0.000000000000000000 ) ) ;
#4462 = ORIENTED_EDGE ( 'NONE', *, *, #3363, .T. ) ;
#4463 = CIRCLE ( 'NONE', #4190, 0.1181102362204725503 ) ;
#4464 = EDGE_CURVE ( 'NONE', #1051, #4815, #2922, .T. ) ;
#4465 = CIRCLE ( 'NONE', #3746, 0.1181102362204724116 ) ;
#4466 = CYLINDRICAL_SURFACE ( 'NONE', #1985, 0.1181102362204724116 ) ;
#4467 = DIRECTION ( 'NONE',  ( -0.000000000000000000, -1.000000000000000000, -0.000000000000000000 ) ) ;
#4468 = ORIENTED_EDGE ( 'NONE', *, *, #1503, .F. ) ;
#4469 = CIRCLE ( 'NONE', #2928, 0.1004999999999996452 ) ;
#4470 = VECTOR ( 'NONE', #4150, 39.37007874015748143 ) ;
#4471 = DIRECTION ( 'NONE',  ( -1.000000000000000000, 0.000000000000000000, 0.000000000000000000 ) ) ;
#4472 = DIRECTION ( 'NONE',  ( 0.000000000000000000, 0.000000000000000000, -1.000000000000000000 ) ) ;
#4473 = CIRCLE ( 'NONE', #3295, 0.1329999999999999238 ) ;
#4474 = DIRECTION ( 'NONE',  ( 0.000000000000000000, -0.000000000000000000, -1.000000000000000000 ) ) ;
#4475 = VECTOR ( 'NONE', #1083, 39.37007874015748854 ) ;
#4476 = VERTEX_POINT ( 'NONE', #5125 ) ;
#4477 = EDGE_LOOP ( 'NONE', ( #4354, #2162, #2, #3109, #531, #644, #5522, #742, #686 ) ) ;
#4478 = VECTOR ( 'NONE', #1091, 39.37007874015748143 ) ;
#4479 = DIRECTION ( 'NONE',  ( 0.000000000000000000, 0.000000000000000000, 1.000000000000000000 ) ) ;
#4480 = CARTESIAN_POINT ( 'NONE',  ( 8.514999999999998792, -0.4931102362204725642, 0.9039245083222339217 ) ) ;
#4481 = CARTESIAN_POINT ( 'NONE',  ( -6.395083155274675413, -0.4014185406950627755, 1.551843649068446629 ) ) ;
#4482 = CARTESIAN_POINT ( 'NONE',  ( -6.125000000000000000, -4.149999999999999467, 2.143131898507867804E-16 ) ) ;
#4483 = CARTESIAN_POINT ( 'NONE',  ( -6.624999999999999112, -0.4931102362204725087, 0.3749999999999999445 ) ) ;
#4484 = ORIENTED_EDGE ( 'NONE', *, *, #5209, .T. ) ;
#4485 = ORIENTED_EDGE ( 'NONE', *, *, #2883, .F. ) ;
#4486 = CARTESIAN_POINT ( 'NONE',  ( 8.514999999999998792, -0.9564965289588419628, 1.046895075161945465 ) ) ;
#4487 = ADVANCED_FACE ( 'NONE', ( #1281 ), #355, .F. ) ;
#4488 = ADVANCED_FACE ( 'NONE', ( #3009 ), #4747, .F. ) ;
#4489 = EDGE_CURVE ( 'NONE', #5072, #1271, #218, .T. ) ;
#4490 = VERTEX_POINT ( 'NONE', #1026 ) ;
#4491 = DIRECTION ( 'NONE',  ( -1.000000000000000000, -0.000000000000000000, -0.000000000000000000 ) ) ;
#4492 = EDGE_LOOP ( 'NONE', ( #5311, #938, #2474, #708 ) ) ;
#4493 = DIRECTION ( 'NONE',  ( -0.000000000000000000, 1.000000000000000000, 9.313118160219072879E-17 ) ) ;
#4494 = ORIENTED_EDGE ( 'NONE', *, *, #4069, .F. ) ;
#4495 = CARTESIAN_POINT ( 'NONE',  ( -6.345151790903430289, -4.600199680058953966, 0.3663956097865033179 ) ) ;
#4496 = EDGE_LOOP ( 'NONE', ( #5420, #5457, #3983, #2026 ) ) ;
#4497 = CARTESIAN_POINT ( 'NONE',  ( -6.624999999999999112, -2.437348131156654940, 0.3359494813139316527 ) ) ;
#4498 = CARTESIAN_POINT ( 'NONE',  ( -6.375000000000000000, -1.195882546459554163, 0.3749999999999999445 ) ) ;
#4499 = ORIENTED_EDGE ( 'NONE', *, *, #695, .F. ) ;
#4500 = ADVANCED_FACE ( 'NONE', ( #641 ), #670, .F. ) ;
#4501 = CARTESIAN_POINT ( 'NONE',  ( -6.342821265086887372, -0.4047772167050066039, 0.2161050112121600530 ) ) ;
#4502 = ORIENTED_EDGE ( 'NONE', *, *, #1261, .T. ) ;
#4503 = CARTESIAN_POINT ( 'NONE',  ( -6.624999999999999112, -6.200984252499999627, 0.3115157474999999954 ) ) ;
#4504 = DIRECTION ( 'NONE',  ( 0.000000000000000000, 1.224646799147353454E-16, -1.000000000000000000 ) ) ;
#4505 = DIRECTION ( 'NONE',  ( 1.000000000000000000, 0.000000000000000000, 0.000000000000000000 ) ) ;
#4506 = CARTESIAN_POINT ( 'NONE',  ( -6.475499999999998479, -0.5000000000000000000, 1.750000000000000000 ) ) ;
#4507 = ORIENTED_EDGE ( 'NONE', *, *, #4678, .T. ) ;
#4508 = ORIENTED_EDGE ( 'NONE', *, *, #2144, .T. ) ;
#4509 = ADVANCED_FACE ( 'NONE', ( #5456 ), #5345, .F. ) ;
#4510 = ORIENTED_EDGE ( 'NONE', *, *, #2409, .F. ) ;
#4511 = CARTESIAN_POINT ( 'NONE',  ( -6.475499999999998479, -0.5000000000000000000, 0.000000000000000000 ) ) ;
#4512 = DIRECTION ( 'NONE',  ( 0.000000000000000000, 1.561055996379578982E-16, 1.000000000000000000 ) ) ;
#4513 = LINE ( 'NONE', #1081, #5553 ) ;
#4514 = FACE_OUTER_BOUND ( 'NONE', #3123, .T. ) ;
#4515 = DIRECTION ( 'NONE',  ( 0.000000000000000000, 4.268512490100409923E-16, 1.000000000000000000 ) ) ;
#4516 = VERTEX_POINT ( 'NONE', #4571 ) ;
#4517 = CYLINDRICAL_SURFACE ( 'NONE', #2376, 0.2344000000000001083 ) ;
#4518 = ADVANCED_FACE ( 'NONE', ( #2757 ), #160, .F. ) ;
#4519 = ORIENTED_EDGE ( 'NONE', *, *, #1683, .T. ) ;
#4520 = CARTESIAN_POINT ( 'NONE',  ( -6.125000000000000000, -3.810379740625795542, 1.130382202692761240 ) ) ;
#4521 = ORIENTED_EDGE ( 'NONE', *, *, #4860, .F. ) ;
#4522 = DIRECTION ( 'NONE',  ( 0.000000000000000000, 0.000000000000000000, 1.000000000000000000 ) ) ;
#4523 = FACE_OUTER_BOUND ( 'NONE', #2110, .T. ) ;
#4524 = CARTESIAN_POINT ( 'NONE',  ( -6.467931565906810398, -0.4612170331993162842, 0.3792297141377619085 ) ) ;
#4525 = VERTEX_POINT ( 'NONE', #2866 ) ;
#4526 = CARTESIAN_POINT ( 'NONE',  ( -6.125000000000000000, -6.453937009999998864, 0.7391732262204741000 ) ) ;
#4527 = ORIENTED_EDGE ( 'NONE', *, *, #337, .T. ) ;
#4528 = CARTESIAN_POINT ( 'NONE',  ( -6.125000000000000000, -5.955081525351289429, 1.474999999999999867 ) ) ;
#4529 = CARTESIAN_POINT ( 'NONE',  ( -6.125000000000000000, -7.174999999999999822, 0.2499999999999999167 ) ) ;
#4530 = DIRECTION ( 'NONE',  ( -1.000000000000000000, 0.000000000000000000, 0.000000000000000000 ) ) ;
#4531 = ORIENTED_EDGE ( 'NONE', *, *, #91, .T. ) ;
#4532 = ORIENTED_EDGE ( 'NONE', *, *, #3697, .T. ) ;
#4533 = VERTEX_POINT ( 'NONE', #614 ) ;
#4534 = ADVANCED_FACE ( 'NONE', ( #3717 ), #3261, .T. ) ;
#4535 = VECTOR ( 'NONE', #4967, 39.37007874015748143 ) ;
#4536 = CARTESIAN_POINT ( 'NONE',  ( -6.398902698778324627, -0.4023339562367633793, 1.547821127676223929 ) ) ;
#4537 = CARTESIAN_POINT ( 'NONE',  ( -6.475499999999998479, -0.5000000000000000000, 0.3749999999999999445 ) ) ;
#4538 = CARTESIAN_POINT ( 'NONE',  ( -4.433018566799289850, -4.116465171358374420, 0.3936180216387696329 ) ) ;
#4539 = ORIENTED_EDGE ( 'NONE', *, *, #1407, .F. ) ;
#4540 = DIRECTION ( 'NONE',  ( -1.000000000000000000, 0.000000000000000000, 0.000000000000000000 ) ) ;
#4541 = FACE_OUTER_BOUND ( 'NONE', #4496, .T. ) ;
#4542 = B_SPLINE_CURVE_WITH_KNOTS ( 'NONE', 3,
 ( #5014, #599, #627, #5331, #4524, #2312, #4046, #1870, #3613, #5355, #3189, #4927, #1040, #2770, #2335, #233, #4074, #196, #1897, #1933, #3680, #5419, #5585, #4182, #1203, #362, #338, #3390, #4218, #3730 ),
 .UNSPECIFIED., .F., .F.,
 ( 4, 2, 2, 2, 2, 2, 2, 2, 2, 2, 2, 2, 2, 2, 4 ),
 ( 0.000000000000000000, 0.0005021029697257208772, 0.001004205939451441754, 0.002008411878902847079, 0.003012617818354252405, 0.003514720788079953116, 0.004016823757805654260, 0.004518926727531354104, 0.005021029697257055682, 0.005523132666982757261, 0.006025235636708457972, 0.006527338606434159550, 0.007029441576159861128, 0.007531544545885561839, 0.008033647515611263418 ),
 .UNSPECIFIED. ) ;
#4543 = ORIENTED_EDGE ( 'NONE', *, *, #3584, .T. ) ;
#4544 = EDGE_LOOP ( 'NONE', ( #2102, #4326 ) ) ;
#4545 = CARTESIAN_POINT ( 'NONE',  ( -6.125000000000000000, -6.449999999999999289, -0.1250000000000000278 ) ) ;
#4546 = ORIENTED_EDGE ( 'NONE', *, *, #3377, .F. ) ;
#4547 = CIRCLE ( 'NONE', #480, 0.3750000000000000555 ) ;
#4548 = AXIS2_PLACEMENT_3D ( 'NONE', #5455, #252, #3744 ) ;
#4549 = VERTEX_POINT ( 'NONE', #4949 ) ;
#4550 = ADVANCED_FACE ( 'NONE', ( #4599 ), #1467, .T. ) ;
#4551 = DIRECTION ( 'NONE',  ( -0.000000000000000000, 1.000000000000000000, -0.000000000000000000 ) ) ;
#4552 = VECTOR ( 'NONE', #3240, 39.37007874015748143 ) ;
#4553 = EDGE_LOOP ( 'NONE', ( #3673, #4485, #3653, #558 ) ) ;
#4554 = DIRECTION ( 'NONE',  ( 0.000000000000000000, 0.000000000000000000, -1.000000000000000000 ) ) ;
#4555 = ORIENTED_EDGE ( 'NONE', *, *, #2471, .T. ) ;
#4556 = ADVANCED_FACE ( 'NONE', ( #1500, #1947, #4514 ), #3236, .F. ) ;
#4557 = AXIS2_PLACEMENT_3D ( 'NONE', #1816, #2282, #5228 ) ;
#4558 = EDGE_CURVE ( 'NONE', #1341, #2766, #775, .T. ) ;
#4559 = EDGE_CURVE ( 'NONE', #1559, #2892, #4087, .T. ) ;
#4560 = DIRECTION ( 'NONE',  ( -1.000000000000000000, -0.000000000000000000, -0.000000000000000000 ) ) ;
#4561 = DIRECTION ( 'NONE',  ( -0.000000000000000000, 0.7382621944509717427, 0.6745138488158974877 ) ) ;
#4562 = AXIS2_PLACEMENT_3D ( 'NONE', #5029, #700, #2838 ) ;
#4563 = ORIENTED_EDGE ( 'NONE', *, *, #4819, .F. ) ;
#4564 = VECTOR ( 'NONE', #3699, 39.37007874015748143 ) ;
#4565 = CIRCLE ( 'NONE', #1655, 0.1004999999999996452 ) ;
#4566 = CIRCLE ( 'NONE', #4657, 0.05905511811023627516 ) ;
#4567 = DIRECTION ( 'NONE',  ( -1.000000000000000000, -0.000000000000000000, -0.000000000000000000 ) ) ;
#4568 = DIRECTION ( 'NONE',  ( 0.000000000000000000, -1.000000000000000000, 0.000000000000000000 ) ) ;
#4569 = VERTEX_POINT ( 'NONE', #4145 ) ;
#4570 = ADVANCED_FACE ( 'NONE', ( #274 ), #1145, .F. ) ;
#4571 = CARTESIAN_POINT ( 'NONE',  ( -6.624999999999999112, -7.549999999999999822, 0.2500000000000000555 ) ) ;
#4572 = CIRCLE ( 'NONE', #2114, 0.1181102362204724116 ) ;
#4573 = LINE ( 'NONE', #5031, #5491 ) ;
#4574 = VECTOR ( 'NONE', #876, 39.37007874015748143 ) ;
#4575 = CARTESIAN_POINT ( 'NONE',  ( -6.624999999999999112, -7.299999999999999822, 0.7407709353152899245 ) ) ;
#4576 = VECTOR ( 'NONE', #2557, 39.37007874015748143 ) ;
#4577 = VECTOR ( 'NONE', #2461, 39.37007874015748143 ) ;
#4578 = ORIENTED_EDGE ( 'NONE', *, *, #3697, .F. ) ;
#4579 = CARTESIAN_POINT ( 'NONE',  ( -6.624999999999999112, -4.835468858908924972, 0.7500000000000001110 ) ) ;
#4580 = DIRECTION ( 'NONE',  ( 1.000000000000000000, -0.000000000000000000, -0.000000000000000000 ) ) ;
#4581 = EDGE_CURVE ( 'NONE', #2074, #3961, #5407, .T. ) ;
#4582 = ORIENTED_EDGE ( 'NONE', *, *, #780, .F. ) ;
#4583 = LINE ( 'NONE', #707, #1370 ) ;
#4584 = ORIENTED_EDGE ( 'NONE', *, *, #5587, .T. ) ;
#4585 = CARTESIAN_POINT ( 'NONE',  ( -6.374999999999997335, -4.503937010000000463, 1.750000000000000000 ) ) ;
#4586 = VERTEX_POINT ( 'NONE', #3208 ) ;
#4587 = DIRECTION ( 'NONE',  ( 1.000000000000000000, 0.000000000000000000, 0.000000000000000000 ) ) ;
#4588 = CONICAL_SURFACE ( 'NONE', #435, 0.2655000000000002358, 0.7155849933176774424 ) ;
#4589 = CARTESIAN_POINT ( 'NONE',  ( -6.407132211589815718, -0.4047613493186670852, 0.2159915350895764419 ) ) ;
#4590 = EDGE_CURVE ( 'NONE', #4064, #2954, #1663, .T. ) ;
#4591 = ORIENTED_EDGE ( 'NONE', *, *, #2117, .F. ) ;
#4592 = ORIENTED_EDGE ( 'NONE', *, *, #652, .T. ) ;
#4593 = ADVANCED_FACE ( 'NONE', ( #2518 ), #1998, .F. ) ;
#4594 = LINE ( 'NONE', #3365, #318 ) ;
#4595 = FACE_BOUND ( 'NONE', #5171, .T. ) ;
#4596 = LINE ( 'NONE', #271, #5026 ) ;
#4597 = LINE ( 'NONE', #1882, #3002 ) ;
#4598 = ORIENTED_EDGE ( 'NONE', *, *, #5406, .T. ) ;
#4599 = FACE_OUTER_BOUND ( 'NONE', #79, .T. ) ;
#4600 = CARTESIAN_POINT ( 'NONE',  ( -6.375000000000001776, -5.699999999999998401, 0.5300000000000001377 ) ) ;
#4601 = ORIENTED_EDGE ( 'NONE', *, *, #4836, .T. ) ;
#4602 = CARTESIAN_POINT ( 'NONE',  ( -6.475500000000001144, -5.699999999999998401, -4.892463962593665846E-17 ) ) ;
#4603 = CARTESIAN_POINT ( 'NONE',  ( -6.324697972162478976, -4.591252782021725487, 0.3720147700408165670 ) ) ;
#4604 = VERTEX_POINT ( 'NONE', #1578 ) ;
#4605 = ORIENTED_EDGE ( 'NONE', *, *, #1683, .F. ) ;
#4606 = DIRECTION ( 'NONE',  ( -1.000000000000000000, -0.000000000000000000, -0.000000000000000000 ) ) ;
#4607 = VERTEX_POINT ( 'NONE', #2432 ) ;
#4608 = DIRECTION ( 'NONE',  ( -1.000000000000000000, -0.000000000000000000, -0.000000000000000000 ) ) ;
#4609 = CARTESIAN_POINT ( 'NONE',  ( -6.125000000000000000, -3.270677038116681423, 0.6791694692302063796 ) ) ;
#4610 = DIRECTION ( 'NONE',  ( -1.000000000000000000, -0.000000000000000000, -0.000000000000000000 ) ) ;
#4611 = ORIENTED_EDGE ( 'NONE', *, *, #3129, .F. ) ;
#4612 = EDGE_CURVE ( 'NONE', #1871, #5319, #2749, .T. ) ;
#4613 = DIRECTION ( 'NONE',  ( 0.000000000000000000, 0.000000000000000000, 1.000000000000000000 ) ) ;
#4614 = LINE ( 'NONE', #2454, #4936 ) ;
#4615 = CARTESIAN_POINT ( 'NONE',  ( -6.624999999999999112, -4.835468858908924972, 0.7500000000000001110 ) ) ;
#4616 = ADVANCED_FACE ( 'NONE', ( #3805 ), #4619, .T. ) ;
#4617 = DIRECTION ( 'NONE',  ( 1.000000000000000000, -0.000000000000000000, -0.000000000000000000 ) ) ;
#4618 = EDGE_LOOP ( 'NONE', ( #2412, #4132, #3856, #5085 ) ) ;
#4619 = CYLINDRICAL_SURFACE ( 'NONE', #2014, 0.09999999999999989453 ) ;
#4620 = LINE ( 'NONE', #5174, #2310 ) ;
#4621 = ADVANCED_FACE ( 'NONE', ( #1631 ), #1664, .F. ) ;
#4622 = CIRCLE ( 'NONE', #1982, 0.1181102362204724116 ) ;
#4623 = CARTESIAN_POINT ( 'NONE',  ( -6.624999999999999112, -7.549999999999999822, 0.7407709353152899245 ) ) ;
#4624 = EDGE_CURVE ( 'NONE', #1898, #2584, #4709, .T. ) ;
#4625 = ORIENTED_EDGE ( 'NONE', *, *, #2002, .T. ) ;
#4626 = DIRECTION ( 'NONE',  ( 1.000000000000000000, 0.000000000000000000, 0.000000000000000000 ) ) ;
#4627 = CIRCLE ( 'NONE', #474, 0.1181102362204724116 ) ;
#4628 = CARTESIAN_POINT ( 'NONE',  ( -6.274499999999997968, -4.503937010000000463, 0.4457194827810530002 ) ) ;
#4629 = ORIENTED_EDGE ( 'NONE', *, *, #2537, .T. ) ;
#4630 = AXIS2_PLACEMENT_3D ( 'NONE', #4273, #2617, #1684 ) ;
#4631 = EDGE_LOOP ( 'NONE', ( #3216, #2040, #2387, #3280 ) ) ;
#4632 = CYLINDRICAL_SURFACE ( 'NONE', #3873, 0.2500000000000003331 ) ;
#4633 = CARTESIAN_POINT ( 'NONE',  ( -6.506889763779526881, 0.000000000000000000, 1.156889763779527236 ) ) ;
#4634 = VERTEX_POINT ( 'NONE', #4739 ) ;
#4635 = DIRECTION ( 'NONE',  ( -0.000000000000000000, 1.000000000000000000, -0.000000000000000000 ) ) ;
#4636 = VECTOR ( 'NONE', #4737, 39.37007874015748143 ) ;
#4637 = ADVANCED_FACE ( 'NONE', ( #3780 ), #295, .F. ) ;
#4638 = VECTOR ( 'NONE', #321, 39.37007874015748143 ) ;
#4639 = ORIENTED_EDGE ( 'NONE', *, *, #2301, .F. ) ;
#4640 = AXIS2_PLACEMENT_3D ( 'NONE', #3511, #1857, #5234 ) ;
#4641 = AXIS2_PLACEMENT_3D ( 'NONE', #1352, #4442, #1790 ) ;
#4642 = CARTESIAN_POINT ( 'NONE',  ( -6.624999999999999112, -1.195882546459554163, 0.6250000000000000000 ) ) ;
#4643 = CARTESIAN_POINT ( 'NONE',  ( -6.624999999999999112, -4.100661968867309604, 0.4094517315557140713 ) ) ;
#4644 = ORIENTED_EDGE ( 'NONE', *, *, #2472, .T. ) ;
#4645 = VECTOR ( 'NONE', #3944, 39.37007874015748143 ) ;
#4646 = CARTESIAN_POINT ( 'NONE',  ( -6.499999999999999112, -6.200984252499999627, 0.3115157474999999954 ) ) ;
#4647 = DIRECTION ( 'NONE',  ( 1.000000000000000000, -0.000000000000000000, -0.000000000000000000 ) ) ;
#4648 = EDGE_CURVE ( 'NONE', #5060, #4476, #5023, .T. ) ;
#4649 = CARTESIAN_POINT ( 'NONE',  ( -6.375000000000001776, -5.699999999999998401, -4.892463962593665846E-17 ) ) ;
#4650 = CIRCLE ( 'NONE', #492, 0.1004999999999985627 ) ;
#4651 = CARTESIAN_POINT ( 'NONE',  ( -6.125000000000000000, -4.835468858908924972, 0.7500000000000001110 ) ) ;
#4652 = AXIS2_PLACEMENT_3D ( 'NONE', #3768, #5067, #1591 ) ;
#4653 = CARTESIAN_POINT ( 'NONE',  ( -6.375000000000000000, -4.042613218174444079, 1.144878001379056265 ) ) ;
#4654 = CARTESIAN_POINT ( 'NONE',  ( -6.369432323652511663, -1.649502096380030203, 0.4004445657061690422 ) ) ;
#4655 = CARTESIAN_POINT ( 'NONE',  ( -6.375000000000000000, -1.499999999999998446, 1.375000000000000000 ) ) ;
#4656 = VECTOR ( 'NONE', #3669, 39.37007874015748143 ) ;
#4657 = AXIS2_PLACEMENT_3D ( 'NONE', #3434, #4714, #446 ) ;
#4658 = CARTESIAN_POINT ( 'NONE',  ( -6.499999999999999112, -6.200984252499999627, 1.439812010000000031 ) ) ;
#4659 = ORIENTED_EDGE ( 'NONE', *, *, #5463, .T. ) ;
#4660 = CARTESIAN_POINT ( 'NONE',  ( -6.125000000000000000, -6.799999999999999822, 0.4687499999999995004 ) ) ;
#4661 = CIRCLE ( 'NONE', #4391, 0.2344000000000001083 ) ;
#4662 = EDGE_CURVE ( 'NONE', #4525, #5066, #4565, .T. ) ;
#4663 = ORIENTED_EDGE ( 'NONE', *, *, #2252, .F. ) ;
#4664 = CIRCLE ( 'NONE', #5399, 0.1000000000000000194 ) ;
#4665 = ORIENTED_EDGE ( 'NONE', *, *, #49, .F. ) ;
#4666 = AXIS2_PLACEMENT_3D ( 'NONE', #3342, #3838, #2494 ) ;
#4667 = PLANE ( 'NONE',  #4730 ) ;
#4668 = CARTESIAN_POINT ( 'NONE',  ( -6.624999999999999112, -6.200984252499999627, 0.07711574749999990097 ) ) ;
#4669 = ORIENTED_EDGE ( 'NONE', *, *, #5019, .T. ) ;
#4670 = CARTESIAN_POINT ( 'NONE',  ( -6.361245955343080460, -4.433598398691074749, 0.5475125558711152474 ) ) ;
#4671 = EDGE_LOOP ( 'NONE', ( #628, #2502 ) ) ;
#4672 = EDGE_CURVE ( 'NONE', #3224, #5521, #2109, .T. ) ;
#4673 = CARTESIAN_POINT ( 'NONE',  ( -4.433018566799289850, -2.574015011687791787, 0.2744591139550258130 ) ) ;
#4674 = FACE_OUTER_BOUND ( 'NONE', #3663, .T. ) ;
#4675 = EDGE_LOOP ( 'NONE', ( #5265, #3320 ) ) ;
#4676 = PLANE ( 'NONE',  #5390 ) ;
#4677 = FACE_OUTER_BOUND ( 'NONE', #3150, .T. ) ;
#4678 = EDGE_CURVE ( 'NONE', #4691, #730, #235, .T. ) ;
#4679 = CARTESIAN_POINT ( 'NONE',  ( -6.624999999999999112, -1.575307679196802813, 1.375000000000000000 ) ) ;
#4680 = FACE_OUTER_BOUND ( 'NONE', #3862, .T. ) ;
#4681 = ORIENTED_EDGE ( 'NONE', *, *, #5046, .F. ) ;
#4682 = DIRECTION ( 'NONE',  ( 1.000000000000000000, 0.000000000000000000, 0.000000000000000000 ) ) ;
#4683 = DIRECTION ( 'NONE',  ( -1.000000000000000000, 0.000000000000000000, 0.000000000000000000 ) ) ;
#4684 = EDGE_CURVE ( 'NONE', #5298, #3958, #4469, .T. ) ;
#4685 = LINE ( 'NONE', #4291, #2462 ) ;
#4686 = EDGE_LOOP ( 'NONE', ( #1824, #5375, #3243, #2361 ) ) ;
#4687 = DIRECTION ( 'NONE',  ( -0.000000000000000000, -0.000000000000000000, -1.000000000000000000 ) ) ;
#4688 = DIRECTION ( 'NONE',  ( -0.000000000000000000, -0.000000000000000000, -1.000000000000000000 ) ) ;
#4689 = ORIENTED_EDGE ( 'NONE', *, *, #864, .T. ) ;
#4690 = EDGE_CURVE ( 'NONE', #5521, #3224, #1927, .T. ) ;
#4691 = VERTEX_POINT ( 'NONE', #988 ) ;
#4692 = DIRECTION ( 'NONE',  ( 1.000000000000000000, 0.000000000000000000, 0.000000000000000000 ) ) ;
#4693 = DIRECTION ( 'NONE',  ( -1.000000000000000000, -0.000000000000000000, -0.000000000000000000 ) ) ;
#4694 = DIRECTION ( 'NONE',  ( 1.000000000000000000, -0.000000000000000000, -0.000000000000000000 ) ) ;
#4695 = ORIENTED_EDGE ( 'NONE', *, *, #1708, .T. ) ;
#4696 = ADVANCED_FACE ( 'NONE', ( #5339 ), #1435, .F. ) ;
#4697 = DIRECTION ( 'NONE',  ( -1.000000000000000000, -0.000000000000000000, -0.000000000000000000 ) ) ;
#4698 = ORIENTED_EDGE ( 'NONE', *, *, #2581, .T. ) ;
#4699 = CARTESIAN_POINT ( 'NONE',  ( -6.375000000000000000, -6.799999999999999822, 0.6249999999999992228 ) ) ;
#4700 = EDGE_CURVE ( 'NONE', #511, #2654, #687, .T. ) ;
#4701 = DIRECTION ( 'NONE',  ( 0.000000000000000000, 0.000000000000000000, 1.000000000000000000 ) ) ;
#4702 = DIRECTION ( 'NONE',  ( 0.000000000000000000, 0.000000000000000000, 1.000000000000000000 ) ) ;
#4703 = CARTESIAN_POINT ( 'NONE',  ( -6.624999999999999112, -4.031889763779526348, 0.000000000000000000 ) ) ;
#4704 = DIRECTION ( 'NONE',  ( 0.000000000000000000, -1.224646799147352961E-16, 1.000000000000000000 ) ) ;
#4705 = CARTESIAN_POINT ( 'NONE',  ( -6.375000000000000000, -0.3995000000000007989, 1.465453449905837813 ) ) ;
#4706 = EDGE_LOOP ( 'NONE', ( #2270, #5150, #3218, #3260 ) ) ;
#4707 = ORIENTED_EDGE ( 'NONE', *, *, #3939, .T. ) ;
#4708 = CARTESIAN_POINT ( 'NONE',  ( -6.274499999999999744, -1.749999999999998446, 0.3749999999999999445 ) ) ;
#4709 = LINE ( 'NONE', #3371, #5117 ) ;
#4710 = FACE_OUTER_BOUND ( 'NONE', #1128, .T. ) ;
#4711 = ADVANCED_FACE ( 'NONE', ( #530 ), #1393, .T. ) ;
#4712 = DIRECTION ( 'NONE',  ( 0.000000000000000000, 0.000000000000000000, 1.000000000000000000 ) ) ;
#4713 = EDGE_LOOP ( 'NONE', ( #3897, #4510 ) ) ;
#4714 = DIRECTION ( 'NONE',  ( 1.000000000000000000, -0.000000000000000000, -0.000000000000000000 ) ) ;
#4715 = AXIS2_PLACEMENT_3D ( 'NONE', #3823, #3394, #3331 ) ;
#4716 = ORIENTED_EDGE ( 'NONE', *, *, #4590, .F. ) ;
#4717 = DIRECTION ( 'NONE',  ( 0.000000000000000000, 0.000000000000000000, 1.000000000000000000 ) ) ;
#4718 = CARTESIAN_POINT ( 'NONE',  ( -6.333719719540114035, -1.591832521537914769, 1.373858646849601239 ) ) ;
#4719 = AXIS2_PLACEMENT_3D ( 'NONE', #1531, #2311, #1956 ) ;
#4720 = ORIENTED_EDGE ( 'NONE', *, *, #4387, .F. ) ;
#4721 = CARTESIAN_POINT ( 'NONE',  ( -6.409407105128315685, -4.435204587256689202, 0.5443500199700934683 ) ) ;
#4722 = ORIENTED_EDGE ( 'NONE', *, *, #5530, .F. ) ;
#4723 = EDGE_CURVE ( 'NONE', #4878, #4421, #3849, .T. ) ;
#4724 = ORIENTED_EDGE ( 'NONE', *, *, #1503, .T. ) ;
#4725 = CARTESIAN_POINT ( 'NONE',  ( -6.125000000000000000, -3.810379740625795542, 0.9978822026927609556 ) ) ;
#4726 = CARTESIAN_POINT ( 'NONE',  ( -6.243110236220472231, 2.652276394531333236E-16, 0.5931102362204720979 ) ) ;
#4727 = ADVANCED_FACE ( 'NONE', ( #2630 ), #5259, .T. ) ;
#4728 = CARTESIAN_POINT ( 'NONE',  ( -6.624999999999999112, -1.608160576404186637, 0.5217923160565421936 ) ) ;
#4729 = ADVANCED_FACE ( 'NONE', ( #71 ), #1777, .F. ) ;
#4730 = AXIS2_PLACEMENT_3D ( 'NONE', #5093, #473, #2956 ) ;
#4731 = CIRCLE ( 'NONE', #2639, 0.1562499999999997224 ) ;
#4732 = FACE_OUTER_BOUND ( 'NONE', #5411, .T. ) ;
#4733 = FACE_BOUND ( 'NONE', #3644, .T. ) ;
#4734 = LINE ( 'NONE', #2515, #4014 ) ;
#4735 = CARTESIAN_POINT ( 'NONE',  ( -6.369537343268564022, -0.3995000000000007989, 1.559546550094165207 ) ) ;
#4736 = AXIS2_PLACEMENT_3D ( 'NONE', #1336, #2212, #156 ) ;
#4737 = DIRECTION ( 'NONE',  ( -1.000000000000000000, 0.000000000000000000, 0.000000000000000000 ) ) ;
#4738 = AXIS2_PLACEMENT_3D ( 'NONE', #4412, #517, #535 ) ;
#4739 = CARTESIAN_POINT ( 'NONE',  ( -6.624999999999999112, -1.360119715829633646, 1.016983612154008121 ) ) ;
#4740 = DIRECTION ( 'NONE',  ( 0.000000000000000000, 0.000000000000000000, 1.000000000000000000 ) ) ;
#4741 = AXIS2_PLACEMENT_3D ( 'NONE', #3916, #4787, #4441 ) ;
#4742 = CIRCLE ( 'NONE', #3101, 0.07950000000000007061 ) ;
#4743 = DIRECTION ( 'NONE',  ( 0.000000000000000000, 6.938893903907229955E-15, -1.000000000000000000 ) ) ;
#4744 = ORIENTED_EDGE ( 'NONE', *, *, #951, .T. ) ;
#4745 = DIRECTION ( 'NONE',  ( -1.000000000000000000, 0.000000000000000000, 0.000000000000000000 ) ) ;
#4746 = VECTOR ( 'NONE', #3923, 39.37007874015748143 ) ;
#4747 = CYLINDRICAL_SURFACE ( 'NONE', #1140, 0.1004999999999996452 ) ;
#4748 = CIRCLE ( 'NONE', #497, 0.1000000000000000194 ) ;
#4749 = ORIENTED_EDGE ( 'NONE', *, *, #3749, .T. ) ;
#4750 = CARTESIAN_POINT ( 'NONE',  ( -6.125000000000000000, -5.299999999999999822, 1.750000000000000000 ) ) ;
#4751 = LINE ( 'NONE', #3879, #5579 ) ;
#4752 = VECTOR ( 'NONE', #1268, 39.37007874015748143 ) ;
#4753 = AXIS2_PLACEMENT_3D ( 'NONE', #2064, #723, #4626 ) ;
#4754 = CARTESIAN_POINT ( 'NONE',  ( -6.436963768023765020, -1.579361285643227975, 1.375000000000000222 ) ) ;
#4755 = VERTEX_POINT ( 'NONE', #3578 ) ;
#4756 = CARTESIAN_POINT ( 'NONE',  ( -6.375000000000000000, -2.331713897127457802, 0.9425862536216667031 ) ) ;
#4757 = ADVANCED_FACE ( 'NONE', ( #2693 ), #3087, .F. ) ;
#4758 = AXIS2_PLACEMENT_3D ( 'NONE', #2647, #519, #2168 ) ;
#4759 = EDGE_LOOP ( 'NONE', ( #4242, #1017 ) ) ;
#4760 = DIRECTION ( 'NONE',  ( 0.000000000000000000, 0.000000000000000000, 1.000000000000000000 ) ) ;
#4761 = LINE ( 'NONE', #1326, #3375 ) ;
#4762 = VECTOR ( 'NONE', #3244, 39.37007874015748143 ) ;
#4763 = DIRECTION ( 'NONE',  ( 0.000000000000000000, 0.03432432496962139340, 0.9994107467479923512 ) ) ;
#4764 = DIRECTION ( 'NONE',  ( 0.000000000000000000, 0.000000000000000000, -1.000000000000000000 ) ) ;
#4765 = CARTESIAN_POINT ( 'NONE',  ( -6.277423813956783505, -3.270677038116681423, 0.5461694692302064835 ) ) ;
#4766 = EDGE_CURVE ( 'NONE', #3887, #4883, #2291, .T. ) ;
#4767 = DIRECTION ( 'NONE',  ( 1.000000000000000000, -0.000000000000000000, -0.000000000000000000 ) ) ;
#4768 = CARTESIAN_POINT ( 'NONE',  ( -6.364071560426732610, -0.3999883800836887549, 1.467262842893288122 ) ) ;
#4769 = EDGE_CURVE ( 'NONE', #3553, #1865, #2720, .T. ) ;
#4770 = DIRECTION ( 'NONE',  ( 0.000000000000000000, 0.000000000000000000, -1.000000000000000000 ) ) ;
#4771 = CARTESIAN_POINT ( 'NONE',  ( -6.624999999999999112, -0.6663429112140901722, 0.7456503352318517575 ) ) ;
#4772 = CARTESIAN_POINT ( 'NONE',  ( -6.624999999999999112, -6.064173226220472834, 1.010826773779529120 ) ) ;
#4773 = EDGE_CURVE ( 'NONE', #162, #1989, #2217, .T. ) ;
#4774 = ORIENTED_EDGE ( 'NONE', *, *, #981, .T. ) ;
#4775 = PLANE ( 'NONE',  #139 ) ;
#4776 = ORIENTED_EDGE ( 'NONE', *, *, #1599, .T. ) ;
#4777 = DIRECTION ( 'NONE',  ( -1.000000000000000000, -0.000000000000000000, -0.000000000000000000 ) ) ;
#4778 = EDGE_LOOP ( 'NONE', ( #778, #798, #2700, #4401 ) ) ;
#4779 = LINE ( 'NONE', #5241, #1921 ) ;
#4780 = EDGE_CURVE ( 'NONE', #2622, #1754, #1394, .T. ) ;
#4781 = EDGE_LOOP ( 'NONE', ( #133, #1876, #475, #2979, #5135, #2599, #348, #4790 ) ) ;
#4782 = CARTESIAN_POINT ( 'NONE',  ( -4.433018566799289850, -4.042613218174444079, 1.085822883268820149 ) ) ;
#4783 = DIRECTION ( 'NONE',  ( 1.000000000000000000, 0.000000000000000000, 0.000000000000000000 ) ) ;
#4784 = DIRECTION ( 'NONE',  ( -1.000000000000000000, -0.000000000000000000, -0.000000000000000000 ) ) ;
#4785 = CARTESIAN_POINT ( 'NONE',  ( -4.433018566799289850, -4.093708647585820870, 1.056212681170878964 ) ) ;
#4786 = DIRECTION ( 'NONE',  ( 1.000000000000000000, -0.000000000000000000, -0.000000000000000000 ) ) ;
#4787 = DIRECTION ( 'NONE',  ( -0.000000000000000000, -0.000000000000000000, -1.000000000000000000 ) ) ;
#4788 = FACE_OUTER_BOUND ( 'NONE', #2240, .T. ) ;
#4789 = ORIENTED_EDGE ( 'NONE', *, *, #5424, .F. ) ;
#4790 = ORIENTED_EDGE ( 'NONE', *, *, #3692, .T. ) ;
#4791 = DIRECTION ( 'NONE',  ( -0.000000000000000000, 0.000000000000000000, 1.000000000000000000 ) ) ;
#4792 = EDGE_CURVE ( 'NONE', #2796, #713, #1117, .T. ) ;
#4793 = ORIENTED_EDGE ( 'NONE', *, *, #272, .F. ) ;
#4794 = ADVANCED_FACE ( 'NONE', ( #443 ), #2650, .F. ) ;
#4795 = DIRECTION ( 'NONE',  ( -1.000000000000000000, -0.000000000000000000, -0.000000000000000000 ) ) ;
#4796 = LINE ( 'NONE', #3952, #220 ) ;
#4797 = FACE_OUTER_BOUND ( 'NONE', #3813, .T. ) ;
#4798 = EDGE_CURVE ( 'NONE', #2687, #1707, #3559, .T. ) ;
#4799 = ORIENTED_EDGE ( 'NONE', *, *, #5080, .F. ) ;
#4800 = CARTESIAN_POINT ( 'NONE',  ( -6.125000000000000000, 0.000000000000000000, 0.000000000000000000 ) ) ;
#4801 = VERTEX_POINT ( 'NONE', #4821 ) ;
#4802 = DIRECTION ( 'NONE',  ( 0.000000000000000000, 0.000000000000000000, 1.000000000000000000 ) ) ;
#4803 = EDGE_LOOP ( 'NONE', ( #3572, #3841, #4856, #3093 ) ) ;
#4804 = ORIENTED_EDGE ( 'NONE', *, *, #4860, .T. ) ;
#4805 = AXIS2_PLACEMENT_3D ( 'NONE', #4782, #2195, #1325 ) ;
#4806 = CARTESIAN_POINT ( 'NONE',  ( -6.624999999999999112, -6.064173226220472834, 0.7391732262204741000 ) ) ;
#4807 = FACE_OUTER_BOUND ( 'NONE', #4075, .T. ) ;
#4808 = EDGE_CURVE ( 'NONE', #4047, #1719, #5, .T. ) ;
#4809 = CARTESIAN_POINT ( 'NONE',  ( -6.375000000000000000, -3.957041767054685799, 1.117703048529785637 ) ) ;
#4810 = DIRECTION ( 'NONE',  ( 1.000000000000000000, 0.000000000000000000, 0.000000000000000000 ) ) ;
#4811 = DIRECTION ( 'NONE',  ( 1.000000000000000000, 0.000000000000000000, 0.000000000000000000 ) ) ;
#4812 = CARTESIAN_POINT ( 'NONE',  ( -6.454851963759567823, -4.442913130381114684, 0.5300000000000001377 ) ) ;
#4813 = DIRECTION ( 'NONE',  ( 0.000000000000000000, 0.000000000000000000, 1.000000000000000000 ) ) ;
#4814 = ORIENTED_EDGE ( 'NONE', *, *, #1941, .F. ) ;
#4815 = VERTEX_POINT ( 'NONE', #3458 ) ;
#4816 = CARTESIAN_POINT ( 'NONE',  ( -4.433018566799289850, -2.431654971802257315, 0.9460186861186288265 ) ) ;
#4817 = CIRCLE ( 'NONE', #1192, 0.1181102362204724116 ) ;
#4818 = AXIS2_PLACEMENT_3D ( 'NONE', #2575, #2996, #5596 ) ;
#4819 = EDGE_CURVE ( 'NONE', #3349, #5327, #3951, .T. ) ;
#4820 = ORIENTED_EDGE ( 'NONE', *, *, #2077, .F. ) ;
#4821 = CARTESIAN_POINT ( 'NONE',  ( -6.624999999999999112, -6.200984252499999627, 1.674212009999999973 ) ) ;
#4822 = CARTESIAN_POINT ( 'NONE',  ( -6.182225319027870647, -5.316586249979538437, 1.875565200161104729 ) ) ;
#4823 = AXIS2_PLACEMENT_3D ( 'NONE', #3807, #2948, #4231 ) ;
#4824 = AXIS2_PLACEMENT_3D ( 'NONE', #3917, #62, #4813 ) ;
#4825 = ORIENTED_EDGE ( 'NONE', *, *, #105, .F. ) ;
#4826 = DIRECTION ( 'NONE',  ( 1.000000000000000000, -0.000000000000000000, -0.000000000000000000 ) ) ;
#4827 = CIRCLE ( 'NONE', #3839, 0.05905511811023627516 ) ;
#4828 = ORIENTED_EDGE ( 'NONE', *, *, #4844, .T. ) ;
#4829 = CARTESIAN_POINT ( 'NONE',  ( 8.514999999999998792, -6.335826773779526633, 0.7391732262204743220 ) ) ;
#4830 = DIRECTION ( 'NONE',  ( 0.000000000000000000, 0.000000000000000000, 1.000000000000000000 ) ) ;
#4831 = EDGE_CURVE ( 'NONE', #3566, #1392, #1825, .T. ) ;
#4832 = ORIENTED_EDGE ( 'NONE', *, *, #2747, .F. ) ;
#4833 = FACE_OUTER_BOUND ( 'NONE', #2924, .T. ) ;
#4834 = ORIENTED_EDGE ( 'NONE', *, *, #3617, .T. ) ;
#4835 = AXIS2_PLACEMENT_3D ( 'NONE', #3882, #2588, #5297 ) ;
#4836 = EDGE_CURVE ( 'NONE', #4130, #81, #4402, .T. ) ;
#4837 = AXIS2_PLACEMENT_3D ( 'NONE', #3429, #1274, #5488 ) ;
#4838 = CIRCLE ( 'NONE', #5569, 0.1000000000000000194 ) ;
#4839 = DIRECTION ( 'NONE',  ( -1.000000000000000000, -0.000000000000000000, -0.000000000000000000 ) ) ;
#4840 = FACE_BOUND ( 'NONE', #5502, .T. ) ;
#4841 = CIRCLE ( 'NONE', #691, 0.4249999999999999889 ) ;
#4842 = CARTESIAN_POINT ( 'NONE',  ( -6.369537343268564022, -0.3995000000000001883, 0.2845465500941655734 ) ) ;
#4843 = AXIS2_PLACEMENT_3D ( 'NONE', #281, #333, #1980 ) ;
#4844 = EDGE_CURVE ( 'NONE', #941, #1608, #3290, .T. ) ;
#4845 = CARTESIAN_POINT ( 'NONE',  ( -6.624999999999999112, -5.299999999999999822, 2.100000000000000089 ) ) ;
#4846 = CARTESIAN_POINT ( 'NONE',  ( -6.374999999999997335, -4.503937010000000463, 1.219999999999999751 ) ) ;
#4847 = AXIS2_PLACEMENT_3D ( 'NONE', #3385, #4327, #1676 ) ;
#4848 = VECTOR ( 'NONE', #383, 39.37007874015748143 ) ;
#4849 = LINE ( 'NONE', #1711, #931 ) ;
#4850 = ORIENTED_EDGE ( 'NONE', *, *, #805, .T. ) ;
#4851 = DIRECTION ( 'NONE',  ( 0.000000000000000000, 0.000000000000000000, -1.000000000000000000 ) ) ;
#4852 = ORIENTED_EDGE ( 'NONE', *, *, #2783, .T. ) ;
#4853 = ORIENTED_EDGE ( 'NONE', *, *, #1617, .T. ) ;
#4854 = ORIENTED_EDGE ( 'NONE', *, *, #549, .F. ) ;
#4855 = EDGE_CURVE ( 'NONE', #3518, #1251, #5389, .T. ) ;
#4856 = ORIENTED_EDGE ( 'NONE', *, *, #4798, .F. ) ;
#4857 = DIRECTION ( 'NONE',  ( 0.000000000000000000, -1.092739197465705130E-14, 1.000000000000000000 ) ) ;
#4858 = CARTESIAN_POINT ( 'NONE',  ( -6.499999999999999112, -6.200984252499999627, 1.564812010000000475 ) ) ;
#4859 = ORIENTED_EDGE ( 'NONE', *, *, #590, .F. ) ;
#4860 = EDGE_CURVE ( 'NONE', #2766, #3566, #2627, .T. ) ;
#4861 = EDGE_LOOP ( 'NONE', ( #3926, #1097, #179, #3254 ) ) ;
#4862 = ORIENTED_EDGE ( 'NONE', *, *, #5329, .T. ) ;
#4863 = LINE ( 'NONE', #2695, #3187 ) ;
#4864 = ORIENTED_EDGE ( 'NONE', *, *, #2155, .F. ) ;
#4865 = DIRECTION ( 'NONE',  ( -0.000000000000000000, 1.000000000000000000, -0.000000000000000000 ) ) ;
#4866 = ORIENTED_EDGE ( 'NONE', *, *, #1018, .T. ) ;
#4867 = EDGE_CURVE ( 'NONE', #3639, #792, #2211, .T. ) ;
#4868 = LINE ( 'NONE', #5222, #1446 ) ;
#4869 = LINE ( 'NONE', #2703, #129 ) ;
#4870 = ORIENTED_EDGE ( 'NONE', *, *, #1528, .T. ) ;
#4871 = CARTESIAN_POINT ( 'NONE',  ( -6.125000000000000000, -5.418110236220472054, 1.908492892821325837 ) ) ;
#4872 = EDGE_CURVE ( 'NONE', #5479, #1979, #43, .T. ) ;
#4873 = FACE_OUTER_BOUND ( 'NONE', #5487, .T. ) ;
#4874 = DIRECTION ( 'NONE',  ( -1.000000000000000000, 0.000000000000000000, 0.000000000000000000 ) ) ;
#4875 = EDGE_LOOP ( 'NONE', ( #4265, #5187, #460, #1333 ) ) ;
#4876 = DIRECTION ( 'NONE',  ( 1.000000000000000000, -0.000000000000000000, -0.000000000000000000 ) ) ;
#4877 = EDGE_LOOP ( 'NONE', ( #616, #206, #3595, #1427 ) ) ;
#4878 = VERTEX_POINT ( 'NONE', #2806 ) ;
#4879 = VERTEX_POINT ( 'NONE', #2716 ) ;
#4880 = CARTESIAN_POINT ( 'NONE',  ( -6.189174758999000048, -5.312732485598793630, 1.875338499987847074 ) ) ;
#4881 = CARTESIAN_POINT ( 'NONE',  ( -6.125000000000000000, -5.524999999999999467, 2.100000000000000089 ) ) ;
#4882 = CARTESIAN_POINT ( 'NONE',  ( 8.514999999999998792, -1.195882546459554163, 0.6250000000000000000 ) ) ;
#4883 = VERTEX_POINT ( 'NONE', #637 ) ;
#4884 = DIRECTION ( 'NONE',  ( -1.000000000000000000, 0.000000000000000000, 0.000000000000000000 ) ) ;
#4885 = EDGE_LOOP ( 'NONE', ( #4460, #1084, #4592, #3221 ) ) ;
#4886 = DIRECTION ( 'NONE',  ( 0.000000000000000000, 1.000000000000000000, -1.445602896647337931E-16 ) ) ;
#4887 = ORIENTED_EDGE ( 'NONE', *, *, #4019, .F. ) ;
#4888 = CARTESIAN_POINT ( 'NONE',  ( -6.375000000000000000, -0.3799999999999998934, 0.2375000000000014322 ) ) ;
#4889 = DIRECTION ( 'NONE',  ( -1.000000000000000000, 0.000000000000000000, 0.000000000000000000 ) ) ;
#4890 = VERTEX_POINT ( 'NONE', #3599 ) ;
#4891 = LINE ( 'NONE', #4413, #4270 ) ;
#4892 = ADVANCED_FACE ( 'NONE', ( #2751 ), #2347, .T. ) ;
#4893 = AXIS2_PLACEMENT_3D ( 'NONE', #2859, #2802, #4990 ) ;
#4894 = DIRECTION ( 'NONE',  ( 0.000000000000000000, 0.000000000000000000, 1.000000000000000000 ) ) ;
#4895 = CARTESIAN_POINT ( 'NONE',  ( -6.125000000000000000, -6.064173226220472834, 1.128937010000001573 ) ) ;
#4896 = PLANE ( 'NONE',  #5555 ) ;
#4897 = EDGE_CURVE ( 'NONE', #1608, #2796, #4448, .T. ) ;
#4898 = VECTOR ( 'NONE', #2100, 39.37007874015748143 ) ;
#4899 = ORIENTED_EDGE ( 'NONE', *, *, #3335, .F. ) ;
#4900 = EDGE_CURVE ( 'NONE', #500, #2843, #4904, .T. ) ;
#4901 = DIRECTION ( 'NONE',  ( 0.000000000000000000, 0.000000000000000000, 1.000000000000000000 ) ) ;
#4902 = EDGE_LOOP ( 'NONE', ( #1598, #2120, #171, #2614 ) ) ;
#4903 = CIRCLE ( 'NONE', #4179, 0.1181102362204724116 ) ;
#4904 = LINE ( 'NONE', #2293, #4389 ) ;
#4905 = DIRECTION ( 'NONE',  ( 0.000000000000000000, 0.03432432496962133789, 0.9994107467479923512 ) ) ;
#4906 = CARTESIAN_POINT ( 'NONE',  ( -6.125000000000000000, -5.955081525351289429, 2.100000000000000089 ) ) ;
#4907 = CARTESIAN_POINT ( 'NONE',  ( -6.416195922175887745, -1.591868038516201400, 1.373853327701060723 ) ) ;
#4908 = ORIENTED_EDGE ( 'NONE', *, *, #442, .T. ) ;
#4909 = AXIS2_PLACEMENT_3D ( 'NONE', #96, #1797, #3540 ) ;
#4910 = CARTESIAN_POINT ( 'NONE',  ( -6.624999999999999112, -1.195882546459554163, 0.6250000000000000000 ) ) ;
#4911 = CARTESIAN_POINT ( 'NONE',  ( -6.624999999999999112, -2.350826537353388979, 0.3860894235331113200 ) ) ;
#4912 = VECTOR ( 'NONE', #2206, 39.37007874015748143 ) ;
#4913 = ADVANCED_FACE ( 'NONE', ( #3574 ), #4083, .F. ) ;
#4914 = EDGE_LOOP ( 'NONE', ( #3442, #2712, #2672, #810 ) ) ;
#4915 = CIRCLE ( 'NONE', #1548, 0.1562499999999997224 ) ;
#4916 = CARTESIAN_POINT ( 'NONE',  ( -6.506889763779526881, -3.631889763779527769, 1.750000000000000000 ) ) ;
#4917 = VERTEX_POINT ( 'NONE', #3256 ) ;
#4918 = FACE_OUTER_BOUND ( 'NONE', #330, .T. ) ;
#4919 = VERTEX_POINT ( 'NONE', #1019 ) ;
#4920 = MANIFOLD_SOLID_BREP ( 'Mirror27[26]', #1540 ) ;
#4921 = AXIS2_PLACEMENT_3D ( 'NONE', #1796, #2260, #4000 ) ;
#4922 = CARTESIAN_POINT ( 'NONE',  ( -6.357000000000000206, -5.799999999999998934, 1.490600000000000147 ) ) ;
#4923 = VECTOR ( 'NONE', #2643, 39.37007874015748143 ) ;
#4924 = AXIS2_PLACEMENT_3D ( 'NONE', #4970, #1965, #4905 ) ;
#4925 = AXIS2_PLACEMENT_3D ( 'NONE', #947, #2189, #4802 ) ;
#4926 = DIRECTION ( 'NONE',  ( 1.000000000000000000, -0.000000000000000000, -0.000000000000000000 ) ) ;
#4927 = CARTESIAN_POINT ( 'NONE',  ( -6.388525238074297619, -0.4002022813112938726, 0.4201561407777193446 ) ) ;
#4928 = VERTEX_POINT ( 'NONE', #4906 ) ;
#4929 = CARTESIAN_POINT ( 'NONE',  ( -6.125000000000000000, -2.710379740625795009, 0.8271031838164467631 ) ) ;
#4930 = EDGE_CURVE ( 'NONE', #4516, #5323, #4596, .T. ) ;
#4931 = AXIS2_PLACEMENT_3D ( 'NONE', #1050, #246, #1964 ) ;
#4932 = CIRCLE ( 'NONE', #3936, 0.1181102362204724116 ) ;
#4933 = FACE_OUTER_BOUND ( 'NONE', #3199, .T. ) ;
#4934 = CARTESIAN_POINT ( 'NONE',  ( -6.243110236220472231, -1.416781346178935587E-16, 1.156889763779527236 ) ) ;
#4935 = CYLINDRICAL_SURFACE ( 'NONE', #4893, 0.1181102362204724116 ) ;
#4936 = VECTOR ( 'NONE', #2540, 39.37007874015748143 ) ;
#4937 = CARTESIAN_POINT ( 'NONE',  ( -6.404913184144493066, -0.4040027810663228691, 0.2110933703258758842 ) ) ;
#4938 = AXIS2_PLACEMENT_3D ( 'NONE', #3863, #2941, #5592 ) ;
#4939 = ORIENTED_EDGE ( 'NONE', *, *, #1923, .T. ) ;
#4940 = DIRECTION ( 'NONE',  ( -1.000000000000000000, 0.000000000000000000, 0.000000000000000000 ) ) ;
#4941 = VECTOR ( 'NONE', #4077, 39.37007874015748143 ) ;
#4942 = ADVANCED_FACE ( 'NONE', ( #3691 ), #5429, .T. ) ;
#4943 = ORIENTED_EDGE ( 'NONE', *, *, #199, .F. ) ;
#4944 = AXIS2_PLACEMENT_3D ( 'NONE', #2325, #2410, #4062 ) ;
#4945 = PLANE ( 'NONE',  #3932 ) ;
#4946 = CARTESIAN_POINT ( 'NONE',  ( -4.433018566799289850, -3.987771497362133655, 0.3229550020317796255 ) ) ;
#4947 = EDGE_CURVE ( 'NONE', #1447, #33, #4473, .T. ) ;
#4948 = DIRECTION ( 'NONE',  ( 1.000000000000000000, -0.000000000000000000, -0.000000000000000000 ) ) ;
#4949 = CARTESIAN_POINT ( 'NONE',  ( -6.624999999999999112, -2.078882640153934425, 0.3749999999999999445 ) ) ;
#4950 = CARTESIAN_POINT ( 'NONE',  ( -6.125000000000000000, -0.3750000000000000555, 0.4931102362204723977 ) ) ;
#4951 = VERTEX_POINT ( 'NONE', #157 ) ;
#4952 = DIRECTION ( 'NONE',  ( 0.000000000000000000, 1.000000000000000000, -1.445602896647337931E-16 ) ) ;
#4953 = EDGE_CURVE ( 'NONE', #1948, #5338, #2208, .T. ) ;
#4954 = VERTEX_POINT ( 'NONE', #4537 ) ;
#4955 = DIRECTION ( 'NONE',  ( -0.000000000000000000, 2.185478394931410969E-15, 1.000000000000000000 ) ) ;
#4956 = ORIENTED_EDGE ( 'NONE', *, *, #2126, .T. ) ;
#4957 = CARTESIAN_POINT ( 'NONE',  ( -6.277423813956783505, -3.810379740625795542, 0.8648822026927610596 ) ) ;
#4958 = ORIENTED_EDGE ( 'NONE', *, *, #847, .F. ) ;
#4959 = CARTESIAN_POINT ( 'NONE',  ( -6.375000000000000000, -3.993733511865153130, 1.118963210456876078 ) ) ;
#4960 = ORIENTED_EDGE ( 'NONE', *, *, #2037, .F. ) ;
#4961 = CARTESIAN_POINT ( 'NONE',  ( 8.514999999999998792, -1.360119715829633646, 1.016983612154008121 ) ) ;
#4962 = ORIENTED_EDGE ( 'NONE', *, *, #4947, .T. ) ;
#4963 = FACE_OUTER_BOUND ( 'NONE', #1845, .T. ) ;
#4964 = EDGE_CURVE ( 'NONE', #4054, #4055, #4115, .T. ) ;
#4965 = ORIENTED_EDGE ( 'NONE', *, *, #5161, .F. ) ;
#4966 = CARTESIAN_POINT ( 'NONE',  ( 8.514999999999998792, -1.195882546459554163, 1.050000000000000044 ) ) ;
#4967 = DIRECTION ( 'NONE',  ( 1.000000000000000000, -0.000000000000000000, -0.000000000000000000 ) ) ;
#4968 = CARTESIAN_POINT ( 'NONE',  ( -6.125000000000000000, -4.835468858908924972, 0.3000000000000000999 ) ) ;
#4969 = ORIENTED_EDGE ( 'NONE', *, *, #642, .F. ) ;
#4970 = CARTESIAN_POINT ( 'NONE',  ( -4.433018566799289850, -2.430394809875166651, 0.9827104309290969342 ) ) ;
#4971 = CARTESIAN_POINT ( 'NONE',  ( -6.475263558460000901, -0.4931102362204725087, 0.3749999999999999445 ) ) ;
#4972 = CARTESIAN_POINT ( 'NONE',  ( -4.433018566799289850, -2.463535137063221914, 1.031590137238388438 ) ) ;
#4973 = EDGE_LOOP ( 'NONE', ( #4864, #4447, #2420, #4532 ) ) ;
#4974 = ADVANCED_FACE ( 'NONE', ( #666 ), #3601, .T. ) ;
#4975 = DIRECTION ( 'NONE',  ( 0.000000000000000000, 0.000000000000000000, -1.000000000000000000 ) ) ;
#4976 = ADVANCED_FACE ( 'NONE', ( #4058 ), #2753, .T. ) ;
#4977 = ORIENTED_EDGE ( 'NONE', *, *, #3335, .T. ) ;
#4978 = DIRECTION ( 'NONE',  ( 1.000000000000000000, -0.000000000000000000, -0.000000000000000000 ) ) ;
#4979 = EDGE_CURVE ( 'NONE', #994, #5078, #3665, .T. ) ;
#4980 = EDGE_LOOP ( 'NONE', ( #747, #2447, #2451, #5431 ) ) ;
#4981 = LINE ( 'NONE', #4545, #2106 ) ;
#4982 = EDGE_LOOP ( 'NONE', ( #3796, #4584 ) ) ;
#4983 = CARTESIAN_POINT ( 'NONE',  ( 8.514999999999998792, -1.064533728148285174, 1.029193626778346360 ) ) ;
#4984 = EDGE_CURVE ( 'NONE', #5544, #1256, #639, .T. ) ;
#4985 = ORIENTED_EDGE ( 'NONE', *, *, #831, .F. ) ;
#4986 = CARTESIAN_POINT ( 'NONE',  ( -6.274499999999998856, -0.5000000000000000000, 0.000000000000000000 ) ) ;
#4987 = ORIENTED_EDGE ( 'NONE', *, *, #4612, .F. ) ;
#4988 = CYLINDRICAL_SURFACE ( 'NONE', #1124, 0.1004999999999985627 ) ;
#4989 = ORIENTED_EDGE ( 'NONE', *, *, #1841, .F. ) ;
#4990 = DIRECTION ( 'NONE',  ( 0.000000000000000000, -5.463695987328528409E-16, 1.000000000000000000 ) ) ;
#4991 = DIRECTION ( 'NONE',  ( -1.000000000000000000, -0.000000000000000000, -0.000000000000000000 ) ) ;
#4992 = EDGE_LOOP ( 'NONE', ( #3249, #2297, #365, #934, #4427, #4423 ) ) ;
#4993 = VECTOR ( 'NONE', #2901, 39.37007874015748143 ) ;
#4994 = CARTESIAN_POINT ( 'NONE',  ( -6.125000000000000000, -5.299999999999999822, 1.156889763779524349 ) ) ;
#4995 = CIRCLE ( 'NONE', #3175, 0.1181102362204724116 ) ;
#4996 = CARTESIAN_POINT ( 'NONE',  ( -6.624999999999999112, -7.263505523289318480E-17, 0.5931102362204722089 ) ) ;
#4997 = CARTESIAN_POINT ( 'NONE',  ( -6.624999999999999112, -6.335826773779526633, 1.128937010000001573 ) ) ;
#4998 = DIRECTION ( 'NONE',  ( 1.000000000000000000, 0.000000000000000000, 0.000000000000000000 ) ) ;
#4999 = CARTESIAN_POINT ( 'NONE',  ( -6.624999999999999112, -2.543285281380342600, 1.169207160453031635 ) ) ;
#5000 = CARTESIAN_POINT ( 'NONE',  ( -6.125000000000000000, -5.418110236220472054, 1.750000000000000000 ) ) ;
#5001 = EDGE_CURVE ( 'NONE', #361, #3639, #3661, .T. ) ;
#5002 = VERTEX_POINT ( 'NONE', #4971 ) ;
#5003 = DIRECTION ( 'NONE',  ( -1.000000000000000000, -0.000000000000000000, -0.000000000000000000 ) ) ;
#5004 = ORIENTED_EDGE ( 'NONE', *, *, #623, .F. ) ;
#5005 = DIRECTION ( 'NONE',  ( 0.000000000000000000, 0.000000000000000000, -1.000000000000000000 ) ) ;
#5006 = AXIS2_PLACEMENT_3D ( 'NONE', #1397, #588, #971 ) ;
#5007 = AXIS2_PLACEMENT_3D ( 'NONE', #5028, #5369, #698 ) ;
#5008 = ADVANCED_FACE ( 'NONE', ( #1110 ), #251, .F. ) ;
#5009 = ORIENTED_EDGE ( 'NONE', *, *, #3149, .T. ) ;
#5010 = DIRECTION ( 'NONE',  ( 0.000000000000000000, 0.000000000000000000, 1.000000000000000000 ) ) ;
#5011 = VECTOR ( 'NONE', #5206, 39.37007874015748143 ) ;
#5012 = ORIENTED_EDGE ( 'NONE', *, *, #3179, .T. ) ;
#5013 = ADVANCED_FACE ( 'NONE', ( #3689 ), #3598, .F. ) ;
#5014 = CARTESIAN_POINT ( 'NONE',  ( -6.475263558460000901, -0.4931102362204725087, 0.3749999999999999445 ) ) ;
#5015 = AXIS2_PLACEMENT_3D ( 'NONE', #4136, #1047, #4530 ) ;
#5016 = VECTOR ( 'NONE', #1243, 39.37007874015748143 ) ;
#5017 = ORIENTED_EDGE ( 'NONE', *, *, #2572, .T. ) ;
#5018 = FACE_OUTER_BOUND ( 'NONE', #5022, .T. ) ;
#5019 = EDGE_CURVE ( 'NONE', #4056, #1279, #1462, .T. ) ;
#5020 = ADVANCED_BREP_SHAPE_REPRESENTATION ( 'Side Plate L', ( #4920, #1055 ), #5142 ) ;
#5021 = DIRECTION ( 'NONE',  ( 0.000000000000000000, -1.000000000000000000, 0.000000000000000000 ) ) ;
#5022 = EDGE_LOOP ( 'NONE', ( #4217, #887, #1327, #4484 ) ) ;
#5023 = CIRCLE ( 'NONE', #4294, 0.05905511811023627516 ) ;
#5024 = EDGE_LOOP ( 'NONE', ( #4070, #4228, #2668, #2686, #5586, #4987, #3139, #1318, #3634, #2244, #3344, #3330, #1743, #1975, #2962, #903, #3715, #4080, #2809 ) ) ;
#5025 = CARTESIAN_POINT ( 'NONE',  ( -6.624999999999999112, -1.477966348419493148, 1.032448596258577878 ) ) ;
#5026 = VECTOR ( 'NONE', #5454, 39.37007874015748143 ) ;
#5027 = DIRECTION ( 'NONE',  ( 0.000000000000000000, 0.000000000000000000, 1.000000000000000000 ) ) ;
#5028 = CARTESIAN_POINT ( 'NONE',  ( -6.375000000000001776, -5.699999999999998401, 0.5300000000000001377 ) ) ;
#5029 = CARTESIAN_POINT ( 'NONE',  ( -6.125000000000000000, -2.399999999999999911, -0.1249999999999999861 ) ) ;
#5030 = CIRCLE ( 'NONE', #3298, 0.1181102362204724116 ) ;
#5031 = CARTESIAN_POINT ( 'NONE',  ( 8.514999999999998792, -0.7836045165149219116, 0.5217923160565421936 ) ) ;
#5032 = EDGE_CURVE ( 'NONE', #4533, #3881, #3392, .T. ) ;
#5033 = AXIS2_PLACEMENT_3D ( 'NONE', #1161, #5167, #2080 ) ;
#5034 = VERTEX_POINT ( 'NONE', #1914 ) ;
#5035 = CARTESIAN_POINT ( 'NONE',  ( -6.125000000000000000, -5.768374849879879918, 2.100000000000000089 ) ) ;
#5036 = AXIS2_PLACEMENT_3D ( 'NONE', #4910, #720, #3604 ) ;
#5037 = ORIENTED_EDGE ( 'NONE', *, *, #4338, .T. ) ;
#5038 = CARTESIAN_POINT ( 'NONE',  ( -6.295148036240430400, -4.442913130381113795, 0.5300000000000013589 ) ) ;
#5039 = CARTESIAN_POINT ( 'NONE',  ( -6.367555563058306056, -4.604454394252486260, 0.3638234632418453351 ) ) ;
#5040 = ORIENTED_EDGE ( 'NONE', *, *, #5115, .F. ) ;
#5041 = DIRECTION ( 'NONE',  ( 0.7547095802227704597, 0.000000000000000000, -0.6560590289905090522 ) ) ;
#5042 = CARTESIAN_POINT ( 'NONE',  ( -6.125000000000000000, -1.990779663567565860, 1.049503685194445701 ) ) ;
#5043 = ORIENTED_EDGE ( 'NONE', *, *, #4160, .F. ) ;
#5044 = DIRECTION ( 'NONE',  ( 0.000000000000000000, 0.000000000000000000, 1.000000000000000000 ) ) ;
#5045 = EDGE_CURVE ( 'NONE', #1251, #4928, #3231, .T. ) ;
#5046 = EDGE_CURVE ( 'NONE', #1979, #4398, #1517, .T. ) ;
#5047 = CARTESIAN_POINT ( 'NONE',  ( -6.375000000000000000, -2.710379740625795009, 0.6941031838164468670 ) ) ;
#5048 = DIRECTION ( 'NONE',  ( 0.000000000000000000, 0.000000000000000000, -1.000000000000000000 ) ) ;
#5049 = EDGE_LOOP ( 'NONE', ( #2422, #1314, #3270, #4965 ) ) ;
#5050 = EDGE_CURVE ( 'NONE', #2756, #472, #1659, .T. ) ;
#5051 = DIRECTION ( 'NONE',  ( 0.000000000000000000, 0.000000000000000000, -1.000000000000000000 ) ) ;
#5052 = FACE_OUTER_BOUND ( 'NONE', #4261, .T. ) ;
#5053 = LINE ( 'NONE', #4314, #1465 ) ;
#5054 = DIRECTION ( 'NONE',  ( -1.000000000000000000, -0.000000000000000000, -0.000000000000000000 ) ) ;
#5055 = ORIENTED_EDGE ( 'NONE', *, *, #4103, .F. ) ;
#5056 = CARTESIAN_POINT ( 'NONE',  ( -6.374999999999997335, -4.503937010000000463, -4.892463962593665846E-17 ) ) ;
#5057 = CARTESIAN_POINT ( 'NONE',  ( -6.624999999999999112, -3.993733511865153130, 1.118963210456876078 ) ) ;
#5058 = DIRECTION ( 'NONE',  ( 0.7547095802227704597, 0.000000000000000000, -0.6560590289905090522 ) ) ;
#5059 = EDGE_CURVE ( 'NONE', #4056, #2845, #4614, .T. ) ;
#5060 = VERTEX_POINT ( 'NONE', #345 ) ;
#5061 = CARTESIAN_POINT ( 'NONE',  ( -6.276626275212772832, -4.480717707113630155, 0.4725946233981109801 ) ) ;
#5062 = VERTEX_POINT ( 'NONE', #3401 ) ;
#5063 = ORIENTED_EDGE ( 'NONE', *, *, #143, .F. ) ;
#5064 = CARTESIAN_POINT ( 'NONE',  ( -6.375000000000000000, -3.810379740625795542, 0.8648822026927610596 ) ) ;
#5065 = DIRECTION ( 'NONE',  ( 1.000000000000000000, -0.000000000000000000, -0.000000000000000000 ) ) ;
#5066 = VERTEX_POINT ( 'NONE', #5074 ) ;
#5067 = DIRECTION ( 'NONE',  ( -1.000000000000000000, -0.000000000000000000, -0.000000000000000000 ) ) ;
#5068 = EDGE_CURVE ( 'NONE', #4430, #1854, #4594, .T. ) ;
#5069 = VERTEX_POINT ( 'NONE', #3284 ) ;
#5070 = CARTESIAN_POINT ( 'NONE',  ( -6.375000000000000000, -6.799999999999999822, 0.8749999999999995559 ) ) ;
#5071 = DIRECTION ( 'NONE',  ( 0.000000000000000000, -1.000000000000000000, 0.000000000000000000 ) ) ;
#5072 = VERTEX_POINT ( 'NONE', #5025 ) ;
#5073 = CARTESIAN_POINT ( 'NONE',  ( -6.624999999999999112, -6.200984252499999627, 1.439812010000000031 ) ) ;
#5074 = CARTESIAN_POINT ( 'NONE',  ( -6.475499999999999368, -1.749999999999998446, -4.892463962593665846E-17 ) ) ;
#5075 = ADVANCED_FACE ( 'NONE', ( #5052 ), #1993, .F. ) ;
#5076 = DIRECTION ( 'NONE',  ( 0.000000000000000000, 1.000000000000000000, -4.268512490100410416E-16 ) ) ;
#5077 = CARTESIAN_POINT ( 'NONE',  ( -6.339783375183274394, -0.4058584110205715745, 1.501612424811033630 ) ) ;
#5078 = VERTEX_POINT ( 'NONE', #3312 ) ;
#5079 = EDGE_CURVE ( 'NONE', #4755, #5126, #4163, .T. ) ;
#5080 = EDGE_CURVE ( 'NONE', #4634, #167, #4841, .T. ) ;
#5081 = CARTESIAN_POINT ( 'NONE',  ( -6.375000000000000000, -4.180230241389087276, 1.006072738951699241 ) ) ;
#5082 = CARTESIAN_POINT ( 'NONE',  ( -6.402233568704670752, -1.653109209480410735, 0.3976808819343160550 ) ) ;
#5083 = PLANE ( 'NONE',  #2306 ) ;
#5084 = DIRECTION ( 'NONE',  ( 1.000000000000000000, 0.000000000000000000, 0.000000000000000000 ) ) ;
#5085 = ORIENTED_EDGE ( 'NONE', *, *, #4984, .F. ) ;
#5086 = LINE ( 'NONE', #2466, #2847 ) ;
#5087 = B_SPLINE_CURVE_WITH_KNOTS ( 'NONE', 3,
 ( #1648, #3852, #2507, #758, #1679, #4670, #3418, #811, #5134, #1262, #4721, #3819, #836, #1984 ),
 .UNSPECIFIED., .F., .F.,
 ( 4, 2, 2, 2, 2, 2, 4 ),
 ( 0.0004075110032798659031, 0.001459392930614567289, 0.001985333894281961133, 0.002511274857949354761, 0.003037215821616747954, 0.003563156785284142015, 0.004615038712618935342 ),
 .UNSPECIFIED. ) ;
#5088 = CIRCLE ( 'NONE', #1716, 0.07950000000000007061 ) ;
#5089 = ADVANCED_FACE ( 'NONE', ( #4677, #2863 ), #3712, .F. ) ;
#5090 = ORIENTED_EDGE ( 'NONE', *, *, #2538, .T. ) ;
#5091 = VECTOR ( 'NONE', #1246, 39.37007874015748143 ) ;
#5092 = EDGE_LOOP ( 'NONE', ( #2357, #5296, #2904, #3704 ) ) ;
#5093 = CARTESIAN_POINT ( 'NONE',  ( -6.125000000000000000, -5.299999999999999822, 1.750000000000000000 ) ) ;
#5094 = CARTESIAN_POINT ( 'NONE',  ( -6.375000000000000000, -6.799999999999999822, 0.6249999999999992228 ) ) ;
#5095 = LINE ( 'NONE', #1646, #560 ) ;
#5096 = ORIENTED_EDGE ( 'NONE', *, *, #2915, .T. ) ;
#5097 = FACE_OUTER_BOUND ( 'NONE', #5384, .T. ) ;
#5098 = VECTOR ( 'NONE', #4884, 39.37007874015748143 ) ;
#5099 = CIRCLE ( 'NONE', #2272, 0.1004999999999996452 ) ;
#5100 = EDGE_CURVE ( 'NONE', #3357, #4951, #2054, .T. ) ;
#5101 = VERTEX_POINT ( 'NONE', #292 ) ;
#5102 = AXIS2_PLACEMENT_3D ( 'NONE', #4772, #5084, #3896 ) ;
#5103 = VECTOR ( 'NONE', #2232, 39.37007874015748143 ) ;
#5104 = CYLINDRICAL_SURFACE ( 'NONE', #4715, 0.1181102362204725503 ) ;
#5105 = FACE_OUTER_BOUND ( 'NONE', #5278, .T. ) ;
#5106 = EDGE_CURVE ( 'NONE', #1670, #4801, #3755, .T. ) ;
#5107 = ORIENTED_EDGE ( 'NONE', *, *, #1324, .T. ) ;
#5108 = VECTOR ( 'NONE', #2884, 39.37007874015748143 ) ;
#5109 = CARTESIAN_POINT ( 'NONE',  ( -6.125000000000000000, -5.475640568704954525, 1.959374999999999867 ) ) ;
#5110 = DIRECTION ( 'NONE',  ( 1.000000000000000000, -0.000000000000000000, -0.000000000000000000 ) ) ;
#5111 = LINE ( 'NONE', #4279, #3287 ) ;
#5112 = DIRECTION ( 'NONE',  ( -0.000000000000000000, 0.000000000000000000, 1.000000000000000000 ) ) ;
#5113 = ORIENTED_EDGE ( 'NONE', *, *, #2842, .F. ) ;
#5114 = CARTESIAN_POINT ( 'NONE',  ( -6.347691916741845297, -1.653129206845743715, 0.3976660198402702795 ) ) ;
#5115 = EDGE_CURVE ( 'NONE', #621, #1801, #3801, .T. ) ;
#5116 = FACE_OUTER_BOUND ( 'NONE', #5409, .T. ) ;
#5117 = VECTOR ( 'NONE', #411, 39.37007874015748143 ) ;
#5118 = CIRCLE ( 'NONE', #4113, 0.4499999999999999556 ) ;
#5119 = EDGE_CURVE ( 'NONE', #2694, #3905, #4572, .T. ) ;
#5120 = CARTESIAN_POINT ( 'NONE',  ( -4.433018566799289850, -2.521489556960379463, 0.2573957495368704995 ) ) ;
#5121 = ORIENTED_EDGE ( 'NONE', *, *, #1728, .F. ) ;
#5122 = FACE_OUTER_BOUND ( 'NONE', #4992, .T. ) ;
#5123 = CIRCLE ( 'NONE', #4758, 0.1181102362204724116 ) ;
#5124 = PRODUCT_DEFINITION_CONTEXT ( 'detailed design', #2043, 'design' ) ;
#5125 = CARTESIAN_POINT ( 'NONE',  ( -6.624999999999999112, -4.116465171358374420, 0.3936180216387696884 ) ) ;
#5126 = VERTEX_POINT ( 'NONE', #5141 ) ;
#5127 = EDGE_CURVE ( 'NONE', #4569, #4586, #1162, .T. ) ;
#5128 = CIRCLE ( 'NONE', #247, 0.2344000000000001083 ) ;
#5129 = ORIENTED_EDGE ( 'NONE', *, *, #2747, .T. ) ;
#5130 = CIRCLE ( 'NONE', #514, 0.1181102362204724116 ) ;
#5131 = FACE_OUTER_BOUND ( 'NONE', #2342, .T. ) ;
#5132 = CYLINDRICAL_SURFACE ( 'NONE', #914, 0.4499999999999999556 ) ;
#5133 = ORIENTED_EDGE ( 'NONE', *, *, #4433, .T. ) ;
#5134 = CARTESIAN_POINT ( 'NONE',  ( -6.388786319774786726, -4.433599635703397546, 0.5475100831041995741 ) ) ;
#5135 = ORIENTED_EDGE ( 'NONE', *, *, #2262, .F. ) ;
#5136 = CARTESIAN_POINT ( 'NONE',  ( -6.375000000000000000, -4.080289166714287319, 1.002640306454737118 ) ) ;
#5137 = CARTESIAN_POINT ( 'NONE',  ( -6.624999999999999112, -6.200984252499999627, 0.3115157474999999954 ) ) ;
#5138 = ADVANCED_FACE ( 'NONE', ( #5560 ), #818, .F. ) ;
#5139 = CARTESIAN_POINT ( 'NONE',  ( -6.375000000000000000, -2.437348131156654940, 0.3359494813139316527 ) ) ;
#5140 = DIRECTION ( 'NONE',  ( 0.000000000000000000, 0.000000000000000000, -1.000000000000000000 ) ) ;
#5141 = CARTESIAN_POINT ( 'NONE',  ( -6.125000000000000000, -5.946062989999999715, 0.7391732262204741000 ) ) ;
#5142 =( GEOMETRIC_REPRESENTATION_CONTEXT ( 3 ) GLOBAL_UNCERTAINTY_ASSIGNED_CONTEXT ( ( #1822 ) ) GLOBAL_UNIT_ASSIGNED_CONTEXT ( ( #1645, #3848, #3607 ) ) REPRESENTATION_CONTEXT ( 'NONE', 'WORKASPACE' ) );
#5143 = DIRECTION ( 'NONE',  ( 0.000000000000000000, -1.000000000000000000, 0.000000000000000000 ) ) ;
#5144 = DIRECTION ( 'NONE',  ( 1.000000000000000000, 0.000000000000000000, 0.000000000000000000 ) ) ;
#5145 = ORIENTED_EDGE ( 'NONE', *, *, #3194, .T. ) ;
#5146 = ORIENTED_EDGE ( 'NONE', *, *, #5463, .F. ) ;
#5147 = DIRECTION ( 'NONE',  ( 1.000000000000000000, -0.000000000000000000, -0.000000000000000000 ) ) ;
#5148 = CARTESIAN_POINT ( 'NONE',  ( -6.624999999999999112, -4.093708647585820870, 1.056212681170878964 ) ) ;
#5149 = DIRECTION ( 'NONE',  ( 1.000000000000000000, 0.000000000000000000, 0.000000000000000000 ) ) ;
#5150 = ORIENTED_EDGE ( 'NONE', *, *, #3220, .T. ) ;
#5151 = CARTESIAN_POINT ( 'NONE',  ( -6.125000000000000000, -1.661364675642385436, 0.7950353414225330706 ) ) ;
#5152 = EDGE_CURVE ( 'NONE', #726, #2796, #2567, .T. ) ;
#5153 = DIRECTION ( 'NONE',  ( 0.000000000000000000, 0.000000000000000000, 1.000000000000000000 ) ) ;
#5154 = VERTEX_POINT ( 'NONE', #2489 ) ;
#5155 = EDGE_LOOP ( 'NONE', ( #532, #1254, #2256, #1520 ) ) ;
#5156 = CARTESIAN_POINT ( 'NONE',  ( -6.243110236220472231, -2.000000000000000444, 1.749999999999999556 ) ) ;
#5157 = CARTESIAN_POINT ( 'NONE',  ( -6.313037926417119472, -1.579362783051293739, 1.375000000000000222 ) ) ;
#5158 = ORIENTED_EDGE ( 'NONE', *, *, #5046, .T. ) ;
#5159 = FACE_OUTER_BOUND ( 'NONE', #2218, .T. ) ;
#5160 = ADVANCED_FACE ( 'NONE', ( #4248 ), #2081, .T. ) ;
#5161 = EDGE_CURVE ( 'NONE', #3433, #619, #2967, .T. ) ;
#5162 = ORIENTED_EDGE ( 'NONE', *, *, #1945, .T. ) ;
#5163 = CARTESIAN_POINT ( 'NONE',  ( -6.243110236220472231, -3.750000000000000000, 1.750000000000000000 ) ) ;
#5164 = CARTESIAN_POINT ( 'NONE',  ( -6.243110236220472231, -2.000000000000000444, 1.874999999999999556 ) ) ;
#5165 = ORIENTED_EDGE ( 'NONE', *, *, #3301, .F. ) ;
#5166 = EDGE_CURVE ( 'NONE', #2160, #1582, #3209, .T. ) ;
#5167 = DIRECTION ( 'NONE',  ( -1.000000000000000000, -0.000000000000000000, -0.000000000000000000 ) ) ;
#5168 = CARTESIAN_POINT ( 'NONE',  ( -6.125000000000000000, -6.453937009999998864, 1.010826773779529120 ) ) ;
#5169 = LINE ( 'NONE', #2171, #4645 ) ;
#5170 = CARTESIAN_POINT ( 'NONE',  ( -6.339800068500831998, -0.4058523162541991525, 1.523455960379920038 ) ) ;
#5171 = EDGE_LOOP ( 'NONE', ( #4468, #1590 ) ) ;
#5172 = CARTESIAN_POINT ( 'NONE',  ( 8.514999999999998792, -1.616638072028670825, 0.6849148370861219970 ) ) ;
#5173 = CARTESIAN_POINT ( 'NONE',  ( -6.463816299935762899, -1.701754185808132647, 0.3765188762795061428 ) ) ;
#5174 = CARTESIAN_POINT ( 'NONE',  ( -6.125000000000000000, -5.299999999999999822, 0.3749999999999999445 ) ) ;
#5175 = CARTESIAN_POINT ( 'NONE',  ( -6.375000000000000000, 0.5000000000000000000, 0.2375000000000014322 ) ) ;
#5176 = EDGE_LOOP ( 'NONE', ( #77, #681, #2794, #5240 ) ) ;
#5177 = CARTESIAN_POINT ( 'NONE',  ( -6.624999999999999112, -6.064173226220472834, 0.6210629900000017578 ) ) ;
#5178 = ADVANCED_FACE ( 'NONE', ( #1788, #4733 ), #4337, .T. ) ;
#5179 = CIRCLE ( 'NONE', #3624, 0.2500000000000003331 ) ;
#5180 = ORIENTED_EDGE ( 'NONE', *, *, #3367, .T. ) ;
#5181 = CARTESIAN_POINT ( 'NONE',  ( -6.274500000000002409, -5.699999999999998401, 0.5300000000000001377 ) ) ;
#5182 = CARTESIAN_POINT ( 'NONE',  ( -6.374999999999998224, -0.5000000000000000000, -4.892463962593665846E-17 ) ) ;
#5183 = CIRCLE ( 'NONE', #2721, 0.1329999999999999238 ) ;
#5184 = ORIENTED_EDGE ( 'NONE', *, *, #2958, .F. ) ;
#5185 = DIRECTION ( 'NONE',  ( 0.000000000000000000, 0.000000000000000000, 1.000000000000000000 ) ) ;
#5186 = EDGE_CURVE ( 'NONE', #2825, #5550, #3103, .T. ) ;
#5187 = ORIENTED_EDGE ( 'NONE', *, *, #4964, .T. ) ;
#5188 = DIRECTION ( 'NONE',  ( 0.000000000000000000, -1.000000000000000000, 1.170791997284684730E-16 ) ) ;
#5189 = VECTOR ( 'NONE', #2278, 39.37007874015748143 ) ;
#5190 = CARTESIAN_POINT ( 'NONE',  ( -6.243110236220472231, -5.418110236220472054, 1.750000000000000000 ) ) ;
#5191 = AXIS2_PLACEMENT_3D ( 'NONE', #1244, #2910, #820 ) ;
#5192 = CARTESIAN_POINT ( 'NONE',  ( -6.277423813956783505, -3.270677038116681423, 0.4131694692302065874 ) ) ;
#5193 = VECTOR ( 'NONE', #65, 39.37007874015748143 ) ;
#5194 = VECTOR ( 'NONE', #1538, 39.37007874015748143 ) ;
#5195 = EDGE_CURVE ( 'NONE', #33, #1447, #2571, .T. ) ;
#5196 = CARTESIAN_POINT ( 'NONE',  ( 8.514999999999998792, -0.4931102362204725642, 1.022034744542706486 ) ) ;
#5197 = CARTESIAN_POINT ( 'NONE',  ( -6.125000000000000000, -1.575307679196802813, 1.256889763779527325 ) ) ;
#5198 = DIRECTION ( 'NONE',  ( 0.000000000000000000, 0.000000000000000000, 1.000000000000000000 ) ) ;
#5199 = CARTESIAN_POINT ( 'NONE',  ( -6.374999999999998224, -0.5000000000000000000, 0.000000000000000000 ) ) ;
#5200 = ORIENTED_EDGE ( 'NONE', *, *, #3035, .T. ) ;
#5201 = CIRCLE ( 'NONE', #4282, 0.1250000000000004441 ) ;
#5202 = CARTESIAN_POINT ( 'NONE',  ( -6.624999999999999112, -1.195882546459554163, 1.050000000000000044 ) ) ;
#5203 = LINE ( 'NONE', #2207, #1043 ) ;
#5204 = CIRCLE ( 'NONE', #2005, 0.1562499999999998612 ) ;
#5205 = VECTOR ( 'NONE', #4467, 39.37007874015748143 ) ;
#5206 = DIRECTION ( 'NONE',  ( -0.000000000000000000, -0.000000000000000000, -1.000000000000000000 ) ) ;
#5207 = VERTEX_POINT ( 'NONE', #2169 ) ;
#5208 = DIRECTION ( 'NONE',  ( 0.000000000000000000, -0.7337606740181696896, -0.6794080314983045321 ) ) ;
#5209 = EDGE_CURVE ( 'NONE', #2654, #4039, #1329, .T. ) ;
#5210 = AXIS2_PLACEMENT_3D ( 'NONE', #3464, #4454, #2667 ) ;
#5211 = CIRCLE ( 'NONE', #315, 0.1181102362204724116 ) ;
#5212 = ORIENTED_EDGE ( 'NONE', *, *, #5068, .T. ) ;
#5213 = DIRECTION ( 'NONE',  ( -0.000000000000000000, -0.000000000000000000, 1.000000000000000000 ) ) ;
#5214 = PLANE ( 'NONE',  #949 ) ;
#5215 = VECTOR ( 'NONE', #5427, 39.37007874015748143 ) ;
#5216 = VECTOR ( 'NONE', #728, 39.37007874015748143 ) ;
#5217 = ORIENTED_EDGE ( 'NONE', *, *, #4690, .T. ) ;
#5218 = LINE ( 'NONE', #3441, #4296 ) ;
#5219 = ORIENTED_EDGE ( 'NONE', *, *, #4051, .T. ) ;
#5220 = VECTOR ( 'NONE', #3989, 39.37007874015748143 ) ;
#5221 = VERTEX_POINT ( 'NONE', #849 ) ;
#5222 = CARTESIAN_POINT ( 'NONE',  ( -4.433018566799289850, -3.957041767054685799, 1.117703048529785637 ) ) ;
#5223 = FACE_OUTER_BOUND ( 'NONE', #1194, .T. ) ;
#5224 = VERTEX_POINT ( 'NONE', #28 ) ;
#5225 = EDGE_CURVE ( 'NONE', #117, #2870, #4306, .T. ) ;
#5226 = CYLINDRICAL_SURFACE ( 'NONE', #944, 0.1181102362204724116 ) ;
#5227 = DIRECTION ( 'NONE',  ( 0.000000000000000000, 0.000000000000000000, -1.000000000000000000 ) ) ;
#5228 = DIRECTION ( 'NONE',  ( 0.000000000000000000, 0.000000000000000000, 1.000000000000000000 ) ) ;
#5229 = CARTESIAN_POINT ( 'NONE',  ( -6.624999999999999112, -5.299999999999999822, 1.875000000000000000 ) ) ;
#5230 = ORIENTED_EDGE ( 'NONE', *, *, #1810, .F. ) ;
#5231 = ORIENTED_EDGE ( 'NONE', *, *, #154, .T. ) ;
#5232 = LINE ( 'NONE', #1355, #1289 ) ;
#5233 = EDGE_CURVE ( 'NONE', #1898, #4586, #1837, .T. ) ;
#5234 = DIRECTION ( 'NONE',  ( 0.000000000000000000, 0.000000000000000000, 1.000000000000000000 ) ) ;
#5235 = AXIS2_PLACEMENT_3D ( 'NONE', #5548, #5523, #387 ) ;
#5236 = DIRECTION ( 'NONE',  ( 0.000000000000000000, 0.000000000000000000, -1.000000000000000000 ) ) ;
#5237 = EDGE_CURVE ( 'NONE', #3677, #4549, #1404, .T. ) ;
#5238 = ORIENTED_EDGE ( 'NONE', *, *, #2992, .F. ) ;
#5239 = LINE ( 'NONE', #1340, #2550 ) ;
#5240 = ORIENTED_EDGE ( 'NONE', *, *, #4581, .F. ) ;
#5241 = CARTESIAN_POINT ( 'NONE',  ( -6.125000000000000000, -2.710379740625795009, 0.9601031838164467702 ) ) ;
#5242 = LINE ( 'NONE', #479, #200 ) ;
#5243 = FACE_BOUND ( 'NONE', #2321, .T. ) ;
#5244 = LINE ( 'NONE', #3070, #3178 ) ;
#5245 = CYLINDRICAL_SURFACE ( 'NONE', #5396, 0.1329999999999999238 ) ;
#5246 = CARTESIAN_POINT ( 'NONE',  ( -6.125000000000000000, -2.710379740625795009, 0.8271031838164467631 ) ) ;
#5247 = CARTESIAN_POINT ( 'NONE',  ( -6.375000000000000000, -0.3799999999999998934, 0.1580000000000013616 ) ) ;
#5248 = CARTESIAN_POINT ( 'NONE',  ( -6.624999999999999112, -0.4931102362204725087, 0.4931102362204723977 ) ) ;
#5249 = ORIENTED_EDGE ( 'NONE', *, *, #4672, .F. ) ;
#5250 = ORIENTED_EDGE ( 'NONE', *, *, #4489, .T. ) ;
#5251 = LINE ( 'NONE', #4399, #4912 ) ;
#5252 = FACE_OUTER_BOUND ( 'NONE', #4283, .T. ) ;
#5253 = EDGE_CURVE ( 'NONE', #1801, #5327, #5030, .T. ) ;
#5254 = ORIENTED_EDGE ( 'NONE', *, *, #3969, .F. ) ;
#5255 = CARTESIAN_POINT ( 'NONE',  ( -6.125000000000000000, -2.399999999999999467, 0.000000000000000000 ) ) ;
#5256 = ADVANCED_FACE ( 'NONE', ( #2143 ), #861, .F. ) ;
#5257 = ORIENTED_EDGE ( 'NONE', *, *, #5606, .F. ) ;
#5258 = DIRECTION ( 'NONE',  ( 0.000000000000000000, 0.000000000000000000, 1.000000000000000000 ) ) ;
#5259 = CYLINDRICAL_SURFACE ( 'NONE', #1477, 0.4249999999999999889 ) ;
#5260 = ORIENTED_EDGE ( 'NONE', *, *, #4137, .T. ) ;
#5261 = LINE ( 'NONE', #4800, #2631 ) ;
#5262 = APPLICATION_PROTOCOL_DEFINITION ( 'draft international standard', 'automotive_design', 1998, #2043 ) ;
#5263 = ORIENTED_EDGE ( 'NONE', *, *, #5567, .T. ) ;
#5264 = DIRECTION ( 'NONE',  ( 1.000000000000000000, -0.000000000000000000, -0.000000000000000000 ) ) ;
#5265 = ORIENTED_EDGE ( 'NONE', *, *, #1078, .T. ) ;
#5266 = EDGE_CURVE ( 'NONE', #155, #511, #3049, .T. ) ;
#5267 = AXIS2_PLACEMENT_3D ( 'NONE', #4078, #202, #3650 ) ;
#5268 = CARTESIAN_POINT ( 'NONE',  ( -6.357000000000000206, -5.799999999999998934, 1.725000000000000311 ) ) ;
#5269 = CARTESIAN_POINT ( 'NONE',  ( -6.375000000000000000, -4.037911439581312933, 0.3094765958350453317 ) ) ;
#5270 = CARTESIAN_POINT ( 'NONE',  ( -6.369501545344421700, -0.3995000000000000773, 0.1904534499058369579 ) ) ;
#5271 = ADVANCED_FACE ( 'NONE', ( #2619 ), #2230, .F. ) ;
#5272 = AXIS2_PLACEMENT_3D ( 'NONE', #1758, #2565, #3499 ) ;
#5273 = CARTESIAN_POINT ( 'NONE',  ( -6.475500000000065093, -4.503937009999948060, 0.4457194827810607718 ) ) ;
#5274 = DIRECTION ( 'NONE',  ( 0.000000000000000000, 0.000000000000000000, 1.000000000000000000 ) ) ;
#5275 = VECTOR ( 'NONE', #1286, 39.37007874015748143 ) ;
#5276 = DIRECTION ( 'NONE',  ( 0.000000000000000000, -1.000000000000000000, 0.000000000000000000 ) ) ;
#5277 = CARTESIAN_POINT ( 'NONE',  ( -6.125000000000000000, -2.710379740625795009, 0.8271031838164467631 ) ) ;
#5278 = EDGE_LOOP ( 'NONE', ( #4546, #4006, #3614, #3496 ) ) ;
#5279 = EDGE_LOOP ( 'NONE', ( #1694, #3107, #106, #5497 ) ) ;
#5280 = DIRECTION ( 'NONE',  ( -1.000000000000000000, 0.000000000000000000, 0.000000000000000000 ) ) ;
#5281 = VECTOR ( 'NONE', #3957, 39.37007874015748143 ) ;
#5282 = VECTOR ( 'NONE', #4568, 39.37007874015748143 ) ;
#5283 = ORIENTED_EDGE ( 'NONE', *, *, #1126, .F. ) ;
#5284 = DIRECTION ( 'NONE',  ( 0.000000000000000000, 0.000000000000000000, 1.000000000000000000 ) ) ;
#5285 = VECTOR ( 'NONE', #5058, 39.37007874015748143 ) ;
#5286 = CARTESIAN_POINT ( 'NONE',  ( -6.387059100873422324, -1.599956665833353497, 1.372404591699051268 ) ) ;
#5287 = AXIS2_PLACEMENT_3D ( 'NONE', #4222, #816, #399 ) ;
#5288 = ORIENTED_EDGE ( 'NONE', *, *, #269, .T. ) ;
#5289 = ORIENTED_EDGE ( 'NONE', *, *, #1617, .F. ) ;
#5290 = DIRECTION ( 'NONE',  ( 0.000000000000000000, 0.000000000000000000, 1.000000000000000000 ) ) ;
#5291 = CIRCLE ( 'NONE', #4104, 0.1181102362204724116 ) ;
#5292 = EDGE_CURVE ( 'NONE', #4490, #1780, #2305, .T. ) ;
#5293 = AXIS2_PLACEMENT_3D ( 'NONE', #3962, #56, #1406 ) ;
#5294 = ORIENTED_EDGE ( 'NONE', *, *, #4171, .F. ) ;
#5295 = FACE_OUTER_BOUND ( 'NONE', #2221, .T. ) ;
#5296 = ORIENTED_EDGE ( 'NONE', *, *, #254, .F. ) ;
#5297 = DIRECTION ( 'NONE',  ( 0.000000000000000000, 0.000000000000000000, 1.000000000000000000 ) ) ;
#5298 = VERTEX_POINT ( 'NONE', #1304 ) ;
#5299 = VECTOR ( 'NONE', #503, 39.37007874015748143 ) ;
#5300 = CARTESIAN_POINT ( 'NONE',  ( -6.624999999999999112, -6.455905511811023345, -0.1250000000000000278 ) ) ;
#5301 = CARTESIAN_POINT ( 'NONE',  ( -6.471730997484551828, -1.722735295240119813, 0.3749999999999999445 ) ) ;
#5302 = STYLED_ITEM ( 'NONE', ( #990 ), #4920 ) ;
#5303 = DIRECTION ( 'NONE',  ( -1.000000000000000000, 0.000000000000000000, -0.000000000000000000 ) ) ;
#5304 = AXIS2_PLACEMENT_3D ( 'NONE', #4845, #110, #84 ) ;
#5305 = LINE ( 'NONE', #4785, #767 ) ;
#5306 = LINE ( 'NONE', #3562, #4210 ) ;
#5307 = AXIS2_PLACEMENT_3D ( 'NONE', #4957, #2416, #3757 ) ;
#5308 = CARTESIAN_POINT ( 'NONE',  ( -6.274499999999998856, -0.5000000000000000000, 1.219999999999999751 ) ) ;
#5309 = CARTESIAN_POINT ( 'NONE',  ( -6.125000000000000000, -4.031889763779526348, -0.1249999999999997918 ) ) ;
#5310 = VERTEX_POINT ( 'NONE', #2994 ) ;
#5311 = ORIENTED_EDGE ( 'NONE', *, *, #2608, .F. ) ;
#5312 = ORIENTED_EDGE ( 'NONE', *, *, #351, .T. ) ;
#5313 = CARTESIAN_POINT ( 'NONE',  ( -6.506889763779526881, -2.518110236220467701, 2.099999999999993872 ) ) ;
#5314 = ORIENTED_EDGE ( 'NONE', *, *, #2472, .F. ) ;
#5315 = CARTESIAN_POINT ( 'NONE',  ( -4.433018566799289850, -3.987771497362133655, 0.2229550020317796200 ) ) ;
#5316 = DIRECTION ( 'NONE',  ( -1.000000000000000000, -0.000000000000000000, -0.000000000000000000 ) ) ;
#5317 = LINE ( 'NONE', #2690, #3731 ) ;
#5318 = VERTEX_POINT ( 'NONE', #2113 ) ;
#5319 = VERTEX_POINT ( 'NONE', #3864 ) ;
#5320 = DIRECTION ( 'NONE',  ( -1.000000000000000000, -0.000000000000000000, -0.000000000000000000 ) ) ;
#5321 = EDGE_LOOP ( 'NONE', ( #3334, #3180, #1441, #2324 ) ) ;
#5322 = DIRECTION ( 'NONE',  ( -0.000000000000000000, 9.313118160219072879E-17, -1.000000000000000000 ) ) ;
#5323 = VERTEX_POINT ( 'NONE', #2570 ) ;
#5324 = EDGE_CURVE ( 'NONE', #5310, #5318, #3030, .T. ) ;
#5325 = CARTESIAN_POINT ( 'NONE',  ( -6.125000000000000000, -2.078882640153934425, 0.4931102362204723977 ) ) ;
#5326 = ORIENTED_EDGE ( 'NONE', *, *, #2506, .F. ) ;
#5327 = VERTEX_POINT ( 'NONE', #1686 ) ;
#5328 = DIRECTION ( 'NONE',  ( -1.000000000000000000, 0.000000000000000000, 0.000000000000000000 ) ) ;
#5329 = EDGE_CURVE ( 'NONE', #1799, #3141, #1710, .T. ) ;
#5330 = EDGE_CURVE ( 'NONE', #4350, #5413, #4362, .T. ) ;
#5331 = CARTESIAN_POINT ( 'NONE',  ( -6.470274845340528103, -0.4673584378032080155, 0.3776651293893548145 ) ) ;
#5332 = ORIENTED_EDGE ( 'NONE', *, *, #3274, .F. ) ;
#5333 = DIRECTION ( 'NONE',  ( 0.000000000000000000, 0.000000000000000000, -1.000000000000000000 ) ) ;
#5334 = LINE ( 'NONE', #3162, #2174 ) ;
#5335 = ORIENTED_EDGE ( 'NONE', *, *, #513, .F. ) ;
#5336 = FACE_OUTER_BOUND ( 'NONE', #3900, .T. ) ;
#5337 = ORIENTED_EDGE ( 'NONE', *, *, #3963, .F. ) ;
#5338 = VERTEX_POINT ( 'NONE', #4105 ) ;
#5339 = FACE_OUTER_BOUND ( 'NONE', #4686, .T. ) ;
#5340 = EDGE_CURVE ( 'NONE', #5607, #961, #1485, .T. ) ;
#5341 = ORIENTED_EDGE ( 'NONE', *, *, #2328, .T. ) ;
#5342 = DIRECTION ( 'NONE',  ( -1.000000000000000000, -0.000000000000000000, -0.000000000000000000 ) ) ;
#5343 = CARTESIAN_POINT ( 'NONE',  ( -6.125000000000000000, -5.768374849879879918, 1.725000000000000089 ) ) ;
#5344 = CARTESIAN_POINT ( 'NONE',  ( -6.125000000000000000, 2.652276394531333236E-16, 1.274999999999999689 ) ) ;
#5345 = CYLINDRICAL_SURFACE ( 'NONE', #4311, 0.1004999999999996452 ) ;
#5346 = ORIENTED_EDGE ( 'NONE', *, *, #368, .F. ) ;
#5347 = DIRECTION ( 'NONE',  ( 0.7547095802227711259, 0.000000000000000000, -0.6560590289905082750 ) ) ;
#5348 = CARTESIAN_POINT ( 'NONE',  ( -6.375000000000000000, -1.499999999999998446, 1.750000000000000000 ) ) ;
#5349 = CARTESIAN_POINT ( 'NONE',  ( 0.000000000000000000, 0.000000000000000000, 0.000000000000000000 ) ) ;
#5350 = ORIENTED_EDGE ( 'NONE', *, *, #623, .T. ) ;
#5351 = DIRECTION ( 'NONE',  ( -0.000000000000000000, -1.170791997284684730E-16, -1.000000000000000000 ) ) ;
#5352 = ORIENTED_EDGE ( 'NONE', *, *, #5392, .T. ) ;
#5353 = ORIENTED_EDGE ( 'NONE', *, *, #1191, .F. ) ;
#5354 = LINE ( 'NONE', #4986, #1001 ) ;
#5355 = CARTESIAN_POINT ( 'NONE',  ( -6.407280466222469606, -0.4046305906573471889, 0.4147988211710184059 ) ) ;
#5356 = EDGE_LOOP ( 'NONE', ( #4832, #5416 ) ) ;
#5357 = EDGE_CURVE ( 'NONE', #5550, #3012, #1409, .T. ) ;
#5358 = CARTESIAN_POINT ( 'NONE',  ( -6.345095598168793316, -0.4040018085751640453, 0.2639036810156531465 ) ) ;
#5359 = AXIS2_PLACEMENT_3D ( 'NONE', #2878, #2483, #366 ) ;
#5360 = CARTESIAN_POINT ( 'NONE',  ( -6.624999999999999112, -5.946062989999999715, 1.128937010000001573 ) ) ;
#5361 = CARTESIAN_POINT ( 'NONE',  ( -6.375000000000000000, -6.799999999999999822, 0.3749999999999988898 ) ) ;
#5362 = CARTESIAN_POINT ( 'NONE',  ( -6.407925871490611769, -0.4048416191836789468, 0.2594126316093719464 ) ) ;
#5363 = AXIS2_PLACEMENT_3D ( 'NONE', #976, #4434, #5417 ) ;
#5364 = EDGE_LOOP ( 'NONE', ( #4373, #1761 ) ) ;
#5365 = VERTEX_POINT ( 'NONE', #111 ) ;
#5366 = EDGE_LOOP ( 'NONE', ( #385, #5113, #1803, #1533 ) ) ;
#5367 = DIRECTION ( 'NONE',  ( 1.000000000000000000, -0.000000000000000000, 0.000000000000000000 ) ) ;
#5368 = CARTESIAN_POINT ( 'NONE',  ( -6.375000000000000000, -2.463535137063221914, 1.031590137238388438 ) ) ;
#5369 = DIRECTION ( 'NONE',  ( -0.000000000000000000, -0.000000000000000000, -1.000000000000000000 ) ) ;
#5370 = VECTOR ( 'NONE', #5322, 39.37007874015748143 ) ;
#5371 = AXIS2_PLACEMENT_3D ( 'NONE', #1391, #4002, #3116 ) ;
#5372 = DIRECTION ( 'NONE',  ( -0.000000000000000000, -0.000000000000000000, -1.000000000000000000 ) ) ;
#5373 = DIRECTION ( 'NONE',  ( -0.000000000000000000, -0.000000000000000000, -1.000000000000000000 ) ) ;
#5374 = VECTOR ( 'NONE', #2413, 39.37007874015748854 ) ;
#5375 = ORIENTED_EDGE ( 'NONE', *, *, #3906, .F. ) ;
#5376 = AXIS2_PLACEMENT_3D ( 'NONE', #4365, #571, #4851 ) ;
#5377 = DIRECTION ( 'NONE',  ( -1.000000000000000000, -0.000000000000000000, -0.000000000000000000 ) ) ;
#5378 = ADVANCED_FACE ( 'NONE', ( #3590 ), #603, .F. ) ;
#5379 = ORIENTED_EDGE ( 'NONE', *, *, #2801, .T. ) ;
#5380 = CYLINDRICAL_SURFACE ( 'NONE', #504, 0.1250000000000004441 ) ;
#5381 = ORIENTED_EDGE ( 'NONE', *, *, #2722, .T. ) ;
#5382 = AXIS2_PLACEMENT_3D ( 'NONE', #4649, #2145, #1602 ) ;
#5383 = CARTESIAN_POINT ( 'NONE',  ( -6.281678992165884878, -4.541692474312162275, 0.4090451705123254178 ) ) ;
#5384 = EDGE_LOOP ( 'NONE', ( #4305, #2676, #5398, #2522, #1637, #1292, #3487, #4502 ) ) ;
#5385 = CIRCLE ( 'NONE', #2292, 0.1181102362204725503 ) ;
#5386 = LINE ( 'NONE', #3703, #13 ) ;
#5387 = CYLINDRICAL_SURFACE ( 'NONE', #1823, 0.2344000000000001083 ) ;
#5388 = ORIENTED_EDGE ( 'NONE', *, *, #3085, .F. ) ;
#5389 = CIRCLE ( 'NONE', #4112, 0.6250000000000000000 ) ;
#5390 = AXIS2_PLACEMENT_3D ( 'NONE', #4162, #4247, #2881 ) ;
#5391 = DIRECTION ( 'NONE',  ( -1.000000000000000000, 0.000000000000000000, 0.000000000000000000 ) ) ;
#5392 = EDGE_CURVE ( 'NONE', #2160, #591, #305, .T. ) ;
#5393 = DIRECTION ( 'NONE',  ( 0.000000000000000000, 0.000000000000000000, -1.000000000000000000 ) ) ;
#5394 = PRESENTATION_LAYER_ASSIGNMENT (  '', '', ( #5302 ) ) ;
#5395 = CARTESIAN_POINT ( 'NONE',  ( 8.514999999999998792, -0.7815019475124876935, 0.7194124950219528136 ) ) ;
#5396 = AXIS2_PLACEMENT_3D ( 'NONE', #848, #3028, #4764 ) ;
#5397 = EDGE_CURVE ( 'NONE', #3427, #167, #2370, .T. ) ;
#5398 = ORIENTED_EDGE ( 'NONE', *, *, #3830, .T. ) ;
#5399 = AXIS2_PLACEMENT_3D ( 'NONE', #2707, #568, #1848 ) ;
#5400 = AXIS2_PLACEMENT_3D ( 'NONE', #4096, #4580, #3676 ) ;
#5401 = ADVANCED_FACE ( 'NONE', ( #2012 ), #3226, .T. ) ;
#5402 = CARTESIAN_POINT ( 'NONE',  ( -6.398814303738786791, -0.4023109854379752215, 1.477064905292146069 ) ) ;
#5403 = CARTESIAN_POINT ( 'NONE',  ( -6.624999999999999112, -2.000000000000000444, 1.874999999999999556 ) ) ;
#5404 = LINE ( 'NONE', #2836, #2548 ) ;
#5405 = ORIENTED_EDGE ( 'NONE', *, *, #3617, .F. ) ;
#5406 = EDGE_CURVE ( 'NONE', #584, #1070, #1665, .T. ) ;
#5407 = LINE ( 'NONE', #1861, #2391 ) ;
#5408 = DIRECTION ( 'NONE',  ( 1.000000000000000000, -0.000000000000000000, -0.000000000000000000 ) ) ;
#5409 = EDGE_LOOP ( 'NONE', ( #3422, #4977, #2960 ) ) ;
#5410 = CARTESIAN_POINT ( 'NONE',  ( 8.514999999999998792, -0.6663429112140901722, 0.7456503352318517575 ) ) ;
#5411 = EDGE_LOOP ( 'NONE', ( #4259, #3761, #5540, #1818 ) ) ;
#5412 = CARTESIAN_POINT ( 'NONE',  ( -6.506889763779526881, -4.031889763779526348, -0.1249999999999996253 ) ) ;
#5413 = VERTEX_POINT ( 'NONE', #2894 ) ;
#5414 = ADVANCED_FACE ( 'NONE', ( #4021 ), #540, .T. ) ;
#5415 = AXIS2_PLACEMENT_3D ( 'NONE', #2527, #4299, #2134 ) ;
#5416 = ORIENTED_EDGE ( 'NONE', *, *, #719, .F. ) ;
#5417 = DIRECTION ( 'NONE',  ( 0.000000000000000000, 0.000000000000000000, 1.000000000000000000 ) ) ;
#5418 = ORIENTED_EDGE ( 'NONE', *, *, #712, .T. ) ;
#5419 = CARTESIAN_POINT ( 'NONE',  ( -6.302623171965996640, -0.4300165268603331481, 0.3931430855444450478 ) ) ;
#5420 = ORIENTED_EDGE ( 'NONE', *, *, #1868, .F. ) ;
#5421 = CARTESIAN_POINT ( 'NONE',  ( -6.125000000000000000, -1.195882546459554163, 0.6250000000000000000 ) ) ;
#5422 = CARTESIAN_POINT ( 'NONE',  ( -6.375000000000000000, -0.3995000000000002993, 0.1904534499058371522 ) ) ;
#5423 = ORIENTED_EDGE ( 'NONE', *, *, #719, .T. ) ;
#5424 = EDGE_CURVE ( 'NONE', #5101, #550, #1042, .T. ) ;
#5425 = ORIENTED_EDGE ( 'NONE', *, *, #91, .F. ) ;
#5426 = EDGE_LOOP ( 'NONE', ( #2837, #4834, #2375, #3545 ) ) ;
#5427 = DIRECTION ( 'NONE',  ( 1.000000000000000000, -0.000000000000000000, -0.000000000000000000 ) ) ;
#5428 = CARTESIAN_POINT ( 'NONE',  ( -6.125000000000000000, 0.000000000000000000, 0.000000000000000000 ) ) ;
#5429 = CYLINDRICAL_SURFACE ( 'NONE', #3478, 0.4249999999999999889 ) ;
#5430 = CARTESIAN_POINT ( 'NONE',  ( -6.499999999999999112, -5.966584252499999685, 1.439812010000000031 ) ) ;
#5431 = ORIENTED_EDGE ( 'NONE', *, *, #5587, .F. ) ;
#5432 = CARTESIAN_POINT ( 'NONE',  ( -6.306104933518398958, -1.676636433811831361, 0.3842894352938010516 ) ) ;
#5433 = EDGE_CURVE ( 'NONE', #1896, #1260, #5306, .T. ) ;
#5434 = CARTESIAN_POINT ( 'NONE',  ( -6.243110236220472231, 0.4999999999999999445, 0.4749999999999997002 ) ) ;
#5435 = ORIENTED_EDGE ( 'NONE', *, *, #1159, .T. ) ;
#5436 = DIRECTION ( 'NONE',  ( 1.000000000000000000, -0.000000000000000000, -0.000000000000000000 ) ) ;
#5437 = CARTESIAN_POINT ( 'NONE',  ( -6.431695504336843783, -4.587217428566474631, 0.3746347270816708375 ) ) ;
#5438 = ORIENTED_EDGE ( 'NONE', *, *, #1649, .F. ) ;
#5439 = DIRECTION ( 'NONE',  ( 1.000000000000000000, 0.000000000000000000, 0.000000000000000000 ) ) ;
#5440 = ORIENTED_EDGE ( 'NONE', *, *, #1297, .F. ) ;
#5441 = CARTESIAN_POINT ( 'NONE',  ( -6.375000000000000000, -2.710379740625795009, 0.8271031838164467631 ) ) ;
#5442 = ORIENTED_EDGE ( 'NONE', *, *, #1130, .F. ) ;
#5443 = EDGE_CURVE ( 'NONE', #3681, #5066, #2251, .T. ) ;
#5444 = DIRECTION ( 'NONE',  ( -0.000000000000000000, -0.000000000000000000, 1.000000000000000000 ) ) ;
#5445 = CARTESIAN_POINT ( 'NONE',  ( -6.125000000000000000, -3.810379740625795542, 0.5993822026927608793 ) ) ;
#5446 = EDGE_LOOP ( 'NONE', ( #1004, #753, #5438, #2465 ) ) ;
#5447 = ADVANCED_FACE ( 'NONE', ( #4873 ), #657, .F. ) ;
#5448 = VERTEX_POINT ( 'NONE', #982 ) ;
#5449 = CIRCLE ( 'NONE', #2986, 0.1004999999999996452 ) ;
#5450 = EDGE_CURVE ( 'NONE', #5062, #593, #3214, .T. ) ;
#5451 = CARTESIAN_POINT ( 'NONE',  ( -6.125000000000000000, -5.946062989999999715, 0.7391732262204741000 ) ) ;
#5452 = AXIS2_PLACEMENT_3D ( 'NONE', #169, #1869, #4098 ) ;
#5453 = PLANE ( 'NONE',  #4924 ) ;
#5454 = DIRECTION ( 'NONE',  ( 1.000000000000000000, -0.000000000000000000, -0.000000000000000000 ) ) ;
#5455 = CARTESIAN_POINT ( 'NONE',  ( -6.624999999999999112, -4.042613218174444079, 1.085822883268820149 ) ) ;
#5456 = FACE_OUTER_BOUND ( 'NONE', #2374, .T. ) ;
#5457 = ORIENTED_EDGE ( 'NONE', *, *, #5166, .F. ) ;
#5458 = CARTESIAN_POINT ( 'NONE',  ( -6.125000000000000000, -2.196923279533618878, 0.4971642903507423883 ) ) ;
#5459 = EDGE_CURVE ( 'NONE', #770, #4054, #4664, .T. ) ;
#5460 = VECTOR ( 'NONE', #4617, 39.37007874015748143 ) ;
#5461 = ORIENTED_EDGE ( 'NONE', *, *, #5233, .F. ) ;
#5462 = CARTESIAN_POINT ( 'NONE',  ( -6.506889763779526881, -3.750000000000000000, 1.874999999999999778 ) ) ;
#5463 = EDGE_CURVE ( 'NONE', #2497, #1443, #2937, .T. ) ;
#5464 = CARTESIAN_POINT ( 'NONE',  ( -6.447647550177915576, -4.573700975302479321, 0.3839156707805378432 ) ) ;
#5465 = AXIS2_PLACEMENT_3D ( 'NONE', #2980, #3042, #4351 ) ;
#5466 = CONICAL_SURFACE ( 'NONE', #3006, 0.2655000000000002358, 0.7155849933176774424 ) ;
#5467 = ORIENTED_EDGE ( 'NONE', *, *, #49, .T. ) ;
#5468 = CYLINDRICAL_SURFACE ( 'NONE', #4307, 0.1000000000000000194 ) ;
#5469 = DIRECTION ( 'NONE',  ( -1.000000000000000000, -0.000000000000000000, -0.000000000000000000 ) ) ;
#5470 = ORIENTED_EDGE ( 'NONE', *, *, #277, .T. ) ;
#5471 = CARTESIAN_POINT ( 'NONE',  ( -6.125000000000000000, -6.453937009999998864, 1.010826773779529120 ) ) ;
#5472 = CIRCLE ( 'NONE', #4290, 0.4249999999999999334 ) ;
#5473 = AXIS2_PLACEMENT_3D ( 'NONE', #1079, #2429, #1994 ) ;
#5474 = AXIS2_PLACEMENT_3D ( 'NONE', #1565, #1234, #5526 ) ;
#5475 = DIRECTION ( 'NONE',  ( -1.000000000000000000, 0.000000000000000000, 0.000000000000000000 ) ) ;
#5476 = CARTESIAN_POINT ( 'NONE',  ( -6.125000000000000000, -5.768374849879879918, 1.725000000000000089 ) ) ;
#5477 = ORIENTED_EDGE ( 'NONE', *, *, #3129, .T. ) ;
#5478 = AXIS2_PLACEMENT_3D ( 'NONE', #2060, #2087, #3837 ) ;
#5479 = VERTEX_POINT ( 'NONE', #1873 ) ;
#5480 = EDGE_CURVE ( 'NONE', #1256, #2234, #3618, .T. ) ;
#5481 = DIRECTION ( 'NONE',  ( -1.000000000000000000, 0.000000000000000000, 0.000000000000000000 ) ) ;
#5482 = CARTESIAN_POINT ( 'NONE',  ( -6.624999999999999112, -6.335826773779526633, 0.7391732262204743220 ) ) ;
#5483 = AXIS2_PLACEMENT_3D ( 'NONE', #3914, #3072, #3029 ) ;
#5484 = AXIS2_PLACEMENT_3D ( 'NONE', #1952, #3267, #5005 ) ;
#5485 = FACE_OUTER_BOUND ( 'NONE', #2997, .T. ) ;
#5486 = DIRECTION ( 'NONE',  ( 0.000000000000000000, 0.000000000000000000, -1.000000000000000000 ) ) ;
#5487 = EDGE_LOOP ( 'NONE', ( #2819, #3190, #1175, #3979 ) ) ;
#5488 = DIRECTION ( 'NONE',  ( 0.000000000000000000, 0.000000000000000000, -1.000000000000000000 ) ) ;
#5489 = VECTOR ( 'NONE', #4786, 39.37007874015748143 ) ;
#5490 = CARTESIAN_POINT ( 'NONE',  ( -6.125000000000000000, -7.549999999999999822, 0.8499999999999955369 ) ) ;
#5491 = VECTOR ( 'NONE', #3262, 39.37007874015748143 ) ;
#5492 = FACE_OUTER_BOUND ( 'NONE', #989, .T. ) ;
#5493 = AXIS2_PLACEMENT_3D ( 'NONE', #2359, #1929, #1123 ) ;
#5494 = ORIENTED_EDGE ( 'NONE', *, *, #1362, .F. ) ;
#5495 = CARTESIAN_POINT ( 'NONE',  ( -6.125000000000000000, 0.000000000000000000, 0.000000000000000000 ) ) ;
#5496 = CARTESIAN_POINT ( 'NONE',  ( -6.624999999999999112, -3.953609334557723454, 1.217644123204584927 ) ) ;
#5497 = ORIENTED_EDGE ( 'NONE', *, *, #58, .F. ) ;
#5498 = ORIENTED_EDGE ( 'NONE', *, *, #5032, .F. ) ;
#5499 = CARTESIAN_POINT ( 'NONE',  ( -6.624999999999999112, -0.3750000000000000555, -2.561107494060247075E-17 ) ) ;
#5500 = CARTESIAN_POINT ( 'NONE',  ( -6.375000000000000000, -4.199342881615018896, 0.4495759088631432476 ) ) ;
#5501 = FACE_BOUND ( 'NONE', #153, .T. ) ;
#5502 = EDGE_LOOP ( 'NONE', ( #1348, #2257, #2562, #99, #5418, #572, #432, #1594, #356 ) ) ;
#5503 = LINE ( 'NONE', #3329, #1562 ) ;
#5504 = EDGE_CURVE ( 'NONE', #4398, #5207, #4394, .T. ) ;
#5505 = ORIENTED_EDGE ( 'NONE', *, *, #1255, .F. ) ;
#5506 = EDGE_CURVE ( 'NONE', #4919, #5544, #4214, .T. ) ;
#5507 = CARTESIAN_POINT ( 'NONE',  ( -6.125000000000000000, -2.062983729403350175, 1.074144136046395914 ) ) ;
#5508 = CYLINDRICAL_SURFACE ( 'NONE', #2095, 0.2344000000000001083 ) ;
#5509 = VERTEX_POINT ( 'NONE', #334 ) ;
#5510 = FACE_OUTER_BOUND ( 'NONE', #2481, .T. ) ;
#5511 = DIRECTION ( 'NONE',  ( -1.000000000000000000, -0.000000000000000000, -0.000000000000000000 ) ) ;
#5512 = CARTESIAN_POINT ( 'NONE',  ( -6.375000000000000000, -6.799999999999999822, 0.4687499999999995004 ) ) ;
#5513 = CARTESIAN_POINT ( 'NONE',  ( -6.351089732528529375, -0.4023361627051014744, 1.547808754460112457 ) ) ;
#5514 = VERTEX_POINT ( 'NONE', #5181 ) ;
#5515 = DIRECTION ( 'NONE',  ( -1.000000000000000000, -0.000000000000000000, -0.000000000000000000 ) ) ;
#5516 = DIRECTION ( 'NONE',  ( -1.000000000000000000, -0.000000000000000000, -0.000000000000000000 ) ) ;
#5517 = FACE_OUTER_BOUND ( 'NONE', #2318, .T. ) ;
#5518 = ORIENTED_EDGE ( 'NONE', *, *, #664, .F. ) ;
#5519 = DIRECTION ( 'NONE',  ( 0.000000000000000000, 0.000000000000000000, 1.000000000000000000 ) ) ;
#5520 = CARTESIAN_POINT ( 'NONE',  ( -6.624999999999999112, -6.335826773779526633, 1.010826773779529120 ) ) ;
#5521 = VERTEX_POINT ( 'NONE', #1285 ) ;
#5522 = ORIENTED_EDGE ( 'NONE', *, *, #1498, .T. ) ;
#5523 = DIRECTION ( 'NONE',  ( -1.000000000000000000, -0.000000000000000000, -0.000000000000000000 ) ) ;
#5524 = FACE_OUTER_BOUND ( 'NONE', #1726, .T. ) ;
#5525 = ORIENTED_EDGE ( 'NONE', *, *, #2013, .F. ) ;
#5526 = DIRECTION ( 'NONE',  ( 0.000000000000000000, -1.000000000000000000, 1.561055996379578982E-16 ) ) ;
#5527 = VERTEX_POINT ( 'NONE', #3013 ) ;
#5528 = DIRECTION ( 'NONE',  ( -1.000000000000000000, -0.000000000000000000, -0.000000000000000000 ) ) ;
#5529 = DIRECTION ( 'NONE',  ( 0.000000000000000000, 0.03432432496962136564, 0.9994107467479923512 ) ) ;
#5530 = EDGE_CURVE ( 'NONE', #4801, #1670, #5128, .T. ) ;
#5531 = ORIENTED_EDGE ( 'NONE', *, *, #3265, .T. ) ;
#5532 = CARTESIAN_POINT ( 'NONE',  ( -6.506889763779526881, -4.149999999999999467, -0.1249999999999999029 ) ) ;
#5533 = CARTESIAN_POINT ( 'NONE',  ( -6.624999999999999112, -6.200984252499999627, 1.439812010000000031 ) ) ;
#5534 = DIRECTION ( 'NONE',  ( 0.000000000000000000, 1.561055996379578982E-16, 1.000000000000000000 ) ) ;
#5535 = CARTESIAN_POINT ( 'NONE',  ( -6.374999999999997335, -4.503937010000000463, 0.5300000000000001377 ) ) ;
#5536 = CARTESIAN_POINT ( 'NONE',  ( -6.375000000000000000, -0.3995000000000007989, 1.465453449905837813 ) ) ;
#5537 = DIRECTION ( 'NONE',  ( -1.000000000000000000, -0.000000000000000000, -0.000000000000000000 ) ) ;
#5538 = CIRCLE ( 'NONE', #3076, 0.05905511811023627516 ) ;
#5539 = DIRECTION ( 'NONE',  ( -1.000000000000000000, -0.000000000000000000, -0.000000000000000000 ) ) ;
#5540 = ORIENTED_EDGE ( 'NONE', *, *, #4387, .T. ) ;
#5541 = CARTESIAN_POINT ( 'NONE',  ( -6.375000000000000000, -6.799999999999999822, 0.6249999999999992228 ) ) ;
#5542 = AXIS2_PLACEMENT_3D ( 'NONE', #874, #55, #3984 ) ;
#5543 = DIRECTION ( 'NONE',  ( -1.000000000000000000, 0.000000000000000000, 0.000000000000000000 ) ) ;
#5544 = VERTEX_POINT ( 'NONE', #423 ) ;
#5545 = AXIS2_PLACEMENT_3D ( 'NONE', #198, #3225, #1809 ) ;
#5546 = ADVANCED_FACE ( 'NONE', ( #2585 ), #5214, .F. ) ;
#5547 = ORIENTED_EDGE ( 'NONE', *, *, #409, .T. ) ;
#5548 = CARTESIAN_POINT ( 'NONE',  ( -6.125000000000000000, -5.299999999999999822, 2.100000000000000089 ) ) ;
#5549 = FACE_OUTER_BOUND ( 'NONE', #3328, .T. ) ;
#5550 = VERTEX_POINT ( 'NONE', #5156 ) ;
#5551 = FACE_OUTER_BOUND ( 'NONE', #1680, .T. ) ;
#5552 = CIRCLE ( 'NONE', #1904, 0.1181102362204725503 ) ;
#5553 = VECTOR ( 'NONE', #4998, 39.37007874015748143 ) ;
#5554 = ORIENTED_EDGE ( 'NONE', *, *, #4930, .F. ) ;
#5555 = AXIS2_PLACEMENT_3D ( 'NONE', #2341, #5021, #4474 ) ;
#5556 = CARTESIAN_POINT ( 'NONE',  ( -6.624999999999999112, -1.733568741478170416, 0.7015655560540113855 ) ) ;
#5557 = FACE_OUTER_BOUND ( 'NONE', #1357, .T. ) ;
#5558 = DIRECTION ( 'NONE',  ( -1.000000000000000000, 0.000000000000000000, 0.000000000000000000 ) ) ;
#5559 = LINE ( 'NONE', #2453, #2851 ) ;
#5560 = FACE_OUTER_BOUND ( 'NONE', #3933, .T. ) ;
#5561 = DIRECTION ( 'NONE',  ( 0.000000000000000000, -0.000000000000000000, -1.000000000000000000 ) ) ;
#5562 = EDGE_CURVE ( 'NONE', #2861, #4189, #4124, .T. ) ;
#5563 = DIRECTION ( 'NONE',  ( -0.000000000000000000, -0.000000000000000000, -1.000000000000000000 ) ) ;
#5564 = CIRCLE ( 'NONE', #2008, 0.2249999999999999223 ) ;
#5565 = CARTESIAN_POINT ( 'NONE',  ( -6.624999999999999112, -2.488443560568032176, 0.3063392792159908562 ) ) ;
#5566 = DIRECTION ( 'NONE',  ( 0.000000000000000000, 0.000000000000000000, -1.000000000000000000 ) ) ;
#5567 = EDGE_CURVE ( 'NONE', #5062, #3247, #4751, .T. ) ;
#5568 = AXIS2_PLACEMENT_3D ( 'NONE', #5565, #772, #4167 ) ;
#5569 = AXIS2_PLACEMENT_3D ( 'NONE', #4325, #1252, #2977 ) ;
#5570 = DIRECTION ( 'NONE',  ( 0.000000000000000000, 0.000000000000000000, -1.000000000000000000 ) ) ;
#5571 = ADVANCED_FACE ( 'NONE', ( #1321 ), #4588, .F. ) ;
#5572 = ADVANCED_FACE ( 'NONE', ( #3351 ), #1699, .F. ) ;
#5573 = ORIENTED_EDGE ( 'NONE', *, *, #2445, .T. ) ;
#5574 = DIRECTION ( 'NONE',  ( 0.000000000000000000, -1.000000000000000000, -1.224646799147353207E-16 ) ) ;
#5575 = VECTOR ( 'NONE', #5110, 39.37007874015748143 ) ;
#5576 = VECTOR ( 'NONE', #27, 39.37007874015748143 ) ;
#5577 = CARTESIAN_POINT ( 'NONE',  ( -6.125000000000000000, -2.710379740625795009, 1.092603183816446721 ) ) ;
#5578 = ORIENTED_EDGE ( 'NONE', *, *, #1597, .T. ) ;
#5579 = VECTOR ( 'NONE', #5608, 39.37007874015748143 ) ;
#5580 = EDGE_LOOP ( 'NONE', ( #3077, #5017, #1282, #1741, #4317, #4960, #4419, #2529, #4689 ) ) ;
#5581 = VECTOR ( 'NONE', #2953, 39.37007874015748143 ) ;
#5582 = CARTESIAN_POINT ( 'NONE',  ( -6.125000000000000000, -6.335826773779526633, 0.7391732262204743220 ) ) ;
#5583 = FACE_BOUND ( 'NONE', #1878, .T. ) ;
#5584 = ORIENTED_EDGE ( 'NONE', *, *, #5459, .T. ) ;
#5585 = CARTESIAN_POINT ( 'NONE',  ( -6.298485165004451325, -0.4345506147328322410, 0.3903911133187044635 ) ) ;
#5586 = ORIENTED_EDGE ( 'NONE', *, *, #1106, .T. ) ;
#5587 = EDGE_CURVE ( 'NONE', #1903, #1445, #339, .T. ) ;
#5588 = ORIENTED_EDGE ( 'NONE', *, *, #4780, .T. ) ;
#5589 = CARTESIAN_POINT ( 'NONE',  ( -4.433018566799289850, -2.463535137063221914, 1.090645255348624554 ) ) ;
#5590 = DIRECTION ( 'NONE',  ( 0.000000000000000000, -1.000000000000000000, 0.000000000000000000 ) ) ;
#5591 = CYLINDRICAL_SURFACE ( 'NONE', #207, 0.05905511811023627516 ) ;
#5592 = DIRECTION ( 'NONE',  ( 0.000000000000000000, 0.000000000000000000, 1.000000000000000000 ) ) ;
#5593 = DIRECTION ( 'NONE',  ( -1.000000000000000000, -0.000000000000000000, -0.000000000000000000 ) ) ;
#5594 = ADVANCED_FACE ( 'NONE', ( #3790 ), #4632, .F. ) ;
#5595 = DIRECTION ( 'NONE',  ( 1.000000000000000000, 0.000000000000000000, 0.000000000000000000 ) ) ;
#5596 = DIRECTION ( 'NONE',  ( -1.000000000000000000, 0.000000000000000000, 0.000000000000000000 ) ) ;
#5597 = EDGE_LOOP ( 'NONE', ( #2404, #764, #1932, #3361, #3436, #802 ) ) ;
#5598 = DIRECTION ( 'NONE',  ( -0.000000000000000000, 1.000000000000000000, 9.313118160219072879E-17 ) ) ;
#5599 = CARTESIAN_POINT ( 'NONE',  ( -6.468685153612257821, -1.711929107586741550, 0.3749999999999997780 ) ) ;
#5600 = DIRECTION ( 'NONE',  ( 0.000000000000000000, 0.000000000000000000, 1.000000000000000000 ) ) ;
#5601 = PRODUCT ( 'Side Plate L', 'Side Plate L', '', ( #47 ) ) ;
#5602 = CARTESIAN_POINT ( 'NONE',  ( -6.125000000000000000, -1.405762282583708389, 1.125918381627099674 ) ) ;
#5603 = ORIENTED_EDGE ( 'NONE', *, *, #1071, .T. ) ;
#5604 = DIRECTION ( 'NONE',  ( -0.000000000000000000, 1.000000000000000000, -0.000000000000000000 ) ) ;
#5605 = ADVANCED_FACE ( 'NONE', ( #2981 ), #868, .F. ) ;
#5606 = EDGE_CURVE ( 'NONE', #679, #336, #754, .T. ) ;
#5607 = VERTEX_POINT ( 'NONE', #3815 ) ;
#5608 = DIRECTION ( 'NONE',  ( 1.000000000000000000, -0.000000000000000000, -0.000000000000000000 ) ) ;
#5609 = LINE ( 'NONE', #5344, #3637 ) ;
#5610 = ORIENTED_EDGE ( 'NONE', *, *, #1708, .F. ) ;
#5611 = DIRECTION ( 'NONE',  ( 0.000000000000000000, -1.000000000000000000, 0.000000000000000000 ) ) ;
#5612 = EDGE_CURVE ( 'NONE', #81, #3788, #3495, .T. ) ;
#5613 = ORIENTED_EDGE ( 'NONE', *, *, #4414, .T. ) ;
#5614 = DIRECTION ( 'NONE',  ( -0.000000000000000000, -0.000000000000000000, 1.000000000000000000 ) ) ;
#5615 = CARTESIAN_POINT ( 'NONE',  ( -6.375000000000000000, -6.799999999999999822, 0.6249999999999992228 ) ) ;
#5616 = ORIENTED_EDGE ( 'NONE', *, *, #1580, .T. ) ;
#5617 = FACE_BOUND ( 'NONE', #101, .T. ) ;
#5618 = CARTESIAN_POINT ( 'NONE',  ( -6.125000000000000000, -1.028031045894111317, 1.141521637925640542 ) ) ;
#5619 = CARTESIAN_POINT ( 'NONE',  ( -6.475499999999999368, -1.499999999999998446, 1.750000000000000000 ) ) ;
ENDSEC;
END-ISO-10303-21;
